timestamp,torso_pitch,torso_pitch_rate,wheel_pos,wheel_vel,wheel_torque,wheel_cmd_torque,mot_drv_mode,encoder_steps,encoder_ang,encoder_speed
1776813796339876585,0,0,0,0,0,0,0,-2,-0.00153398,0
1776813796344769095,0,0,0.314159,0,0,0,0,-2,-0.00153398,0
1776813796349717604,0,0,0.314159,0,0,0,0,-2,-0.00153398,0
1776813796354709002,0,0,0.314159,0,0,0,0,-2,-0.00153398,0
1776813796359705400,0,0,0.314159,0,0,0,0,-2,-0.00153398,0
1776813796364726205,0,0,0.314159,0,0,0,0,-2,-0.00153398,0
1776813796369719399,0,0,0.314159,0,0,0,0,-2,-0.00153398,0
1776813796374760260,0,0,0.314159,0,0,0,0,-2,-0.00153398,0
1776813796379729621,0,0,0.314159,0,0,0,0,-2,-0.00153398,0
1776813796384704760,0,0,0.314159,0,0,0,0,-2,-0.00153398,0
1776813796389696231,0,0,0.314159,0,0,0,0,-2,-0.00153398,0
1776813796394723870,0,0,0.314159,0,0,0,0,-2,-0.00153398,0
1776813796399711138,0,0,0.314159,0,0,0,0,-2,-0.00153398,0
1776813796404699351,0,0,0.314159,0,0,0,0,-2,-0.00153398,0
1776813796409812210,0,0,0.314159,0,0,0,0,-2,-0.00153398,0
1776813796414743998,0,0,0.314159,0,0,0,0,-2,-0.00153398,0
1776813796419721766,0,0,0.314159,0,0,0,0,-2,-0.00153398,0
1776813796424703553,0,0,0.314159,0,0,0,0,-2,-0.00153398,0
1776813796429705729,0,0,0.314159,0,0,0,0,-2,-0.00153398,0
1776813796434706775,0,0,0.314159,0,0,0,0,-2,-0.00153398,0
1776813796439677876,0,0,0.314159,0,0,0,0,-2,-0.00153398,0
1776813796444716533,0,0,0.314159,0,0,0,0,-2,-0.00153398,0
1776813796449709283,0,0,0.314159,0,0,0,0,-2,-0.00153398,0
1776813796454699958,0,0,0.314159,0,0,0,0,-2,-0.00153398,0
1776813796459696171,0,0,0.314159,0,0,0,0,-2,-0.00153398,0
1776813796464711180,0,0,0.314159,0,0,0,0,-2,-0.00153398,0
1776813796469698041,0,0,0.314159,0,0,0,0,-2,-0.00153398,0
1776813796474696253,0,0,0.314159,0,0,0,0,-2,-0.00153398,0
1776813796479711169,0,0,0.314159,0,0,0,0,-2,-0.00153398,0
1776813796484710419,0,0,0.314159,0,0,0,0,-2,-0.00153398,0
1776813796489651243,0,0,0.314159,0,0,0,0,-2,-0.00153398,0
1776813796494701030,0,0,0.314159,0,0,0,0,-2,-0.00153398,0
1776813796499699279,0,0,0.314159,0,0,0,0,-2,-0.00153398,0
1776813796504708992,0,0,0.314159,0,0,0,0,-2,-0.00153398,0
1776813796509699667,0,0,0.314159,0,0,0,0,-2,-0.00153398,0
1776813796514698584,0,0,0.314159,0,0,0,0,-2,-0.00153398,0
1776813796519695000,0,0,0.314159,0,0,0,0,-2,-0.00153398,0
1776813796524693342,nan,0.00390625,inf,0.00390625,0,0,2,-2,-0.00153398,0
1776813796529730332,nan,0.00390625,inf,0.00390625,0,0,11,-2,-0.00153398,0
1776813796534706138,nan,0,inf,0,0,0,0,-2,-0.00153398,0
1776813796539680351,nan,0,inf,0,0,0,3,-2,-0.00153398,0
1776813796544695082,nan,0,inf,0,0,0,3,-2,-0.00153398,0
1776813796549708572,nan,0,inf,0,0,0,10,-2,-0.00153398,0
1776813796554720933,3.12901,0,0.314159,0,0,0,10,-2,-0.00153398,0
1776813796559704905,3.12901,-0.00195312,0.314159,-0.00195312,0,0,10,-2,-0.00153398,0
1776813796564696247,3.12901,-0.00195312,0.314159,-0.00195312,0,0,10,-2,-0.00153398,0
1776813796569709978,3.12901,-0.00195312,0.314159,-0.00195312,0,0,10,-2,-0.00153398,0
1776813796574700505,3.12901,-0.00390625,0.314159,-0.00390625,0,0,10,-2,-0.00153398,0
1776813796579697755,3.12901,-0.00390625,0.314159,-0.00390625,0,0,10,-2,-0.00153398,0
1776813796584697838,3.12901,0.00585938,0.314159,0.00585938,0,0,10,-2,-0.00153398,0
1776813796589652440,3.12901,0.00585938,0.314159,0.00585938,0,0,10,-2,-0.00153398,0
1776813796594692134,3.12901,0,0.314159,0,0,0,10,-2,-0.00153398,0
1776813796599759827,3.12901,0,0.314159,0,0,0,10,-2,-0.00153398,0
1776813796604719633,3.12901,0,0.314159,0,0,0,10,-2,-0.00153398,0
1776813796609708568,3.12901,0,0.314159,0,0,0,10,-2,-0.00153398,0
1776813796614721539,3.12914,0,0.314159,0,0,0,10,-2,-0.00153398,0
1776813796619697919,3.12914,-0.00195312,0.314159,-0.00195312,0,0,10,-2,-0.00153398,0
1776813796624700854,3.12914,-0.00195312,0.314159,-0.00195312,0,0,10,-2,-0.00153398,0
1776813796629708807,3.12914,-0.00390625,0.314159,-0.00390625,0,0,10,-2,-0.00153398,0
1776813796634753575,3.12901,-0.00390625,0.314159,-0.00390625,0,0,10,-2,-0.00153398,0
1776813796639661603,3.12901,0.00195312,0.314159,0.00195312,0,0,10,-2,-0.00153398,0
1776813796644703000,3.12901,-0.00585938,0.314159,-0.00585938,0,0,10,-2,-0.00153398,0
1776813796649695639,3.12901,-0.00585938,0.314159,-0.00585938,0,0,10,-2,-0.00153398,0
1776813796654698815,3.12901,-0.00195312,0.314159,-0.00195312,0,0,10,-2,-0.00153398,0
1776813796659697879,3.12901,-0.00195312,0.314159,-0.00195312,0,0,10,-2,-0.00153398,0
1776813796664714832,3.12901,-0.00195312,0.314159,-0.00195312,0,0,10,-2,-0.00153398,0
1776813796669719248,3.12901,-0.00195312,0.314159,-0.00195312,0,0,10,-2,-0.00153398,0
1776813796674701091,3.12901,-0.00195312,0.314159,-0.00195312,0,0,10,-2,-0.00153398,0
1776813796679704433,3.12901,-0.00195312,0.314159,-0.00195312,0,0,10,-2,-0.00153398,0
1776813796684693350,3.12901,0,0.314159,0,0,0,10,-2,-0.00153398,0
1776813796689652544,3.12901,0,0.314159,0,0,0,10,-2,-0.00153398,0
1776813796694692330,3.12901,0,0.314159,0,0,0,10,-2,-0.00153398,0
1776813796699699969,3.12901,0,0.314159,0,0,0,10,-2,-0.00153398,0
1776813796704693848,3.12901,0.00195312,0.314159,0.00195312,0,0,10,-2,-0.00153398,0
1776813796709719912,3.12901,0.00195312,0.314159,0.00195312,0,0,10,-2,-0.00153398,0
1776813796714704347,3.12901,0.00195312,0.314159,0.00195312,0,0,10,-2,-0.00153398,0
1776813796719702301,3.12901,0.00195312,0.314159,0.00195312,0,0,10,-2,-0.00153398,0
1776813796724710606,3.12901,-0.00195312,0.314159,-0.00195312,0,0,10,-2,-0.00153398,0
1776813796729708633,3.12901,-0.00195312,0.314159,-0.00195312,0,0,10,-2,-0.00153398,0
1776813796734700272,3.12901,0,0.314159,0,0,0,10,-2,-0.00153398,0
1776813796739653615,3.12901,0,0.314159,0,0,0,10,-2,-0.00153398,0
1776813796744690716,3.12901,0,0.314159,0,0,0,10,-2,-0.00153398,0
1776813796749695669,3.12901,-0.00390625,0.314159,-0.00390625,0,0,10,-2,-0.00153398,0
1776813796754698900,3.12889,-0.00390625,0.314159,-0.00390625,0,0,10,-2,-0.00153398,0
1776813796759727001,3.12889,0.00390625,0.314159,0.00390625,0,0,10,-2,-0.00153398,0
1776813796764709992,3.12889,0.00390625,0.314159,0.00390625,0,0,10,-2,-0.00153398,0
1776813796769707871,3.12889,0,0.314159,0,0,0,10,-2,-0.00153398,0
1776813796774707362,3.12889,-0.00195312,0.314159,-0.00195312,0,0,10,-2,-0.00153398,0
1776813796779713185,3.12889,-0.00195312,0.314159,-0.00195312,0,0,10,-2,-0.00153398,0
1776813796784703472,3.12889,0,0.314159,0,0,0,10,-2,-0.00153398,0
1776813796789656055,3.12889,0,0.314159,0,0,0,10,-2,-0.00153398,0
1776813796794722860,3.12889,0,0.314159,0,0,0,10,-2,-0.00153398,0
1776813796799712702,3.12889,0,0.314159,0,0,0,10,-2,-0.00153398,0
1776813796804703582,3.12889,0,0.314159,0,0,0,10,-2,-0.00153398,0
1776813796809697628,3.12889,0,0.314159,0,0,0,10,-2,-0.00153398,0
1776813796814707636,3.12889,-0.00195312,0.314159,-0.00195312,0,0,10,-2,-0.00153398,0
1776813796819698460,3.12889,-0.00195312,0.314159,-0.00195312,0,0,10,-2,-0.00153398,0
1776813796824696025,3.12889,-0.00390625,0.314159,-0.00390625,0,0,10,-2,-0.00153398,0
1776813796829699904,3.12889,-0.00390625,0.314159,-0.00390625,0,0,10,-2,-0.00153398,0
1776813796834718561,3.12889,0,0.314159,0,0,0,10,-2,-0.00153398,0
1776813796839656219,3.12889,0,0.314159,0,0,0,10,-2,-0.00153398,0
1776813796844691005,3.12889,0.00195312,0.314159,0.00195312,0,0,10,-2,-0.00153398,0
1776813796849701532,3.12889,0.00195312,0.314159,0.00195312,0,0,10,-2,-0.00153398,0
1776813796854753522,3.12889,-0.00195312,0.314159,-0.00195312,0,0,10,-2,-0.00153398,0
1776813796859712161,3.12889,-0.00195312,0.314159,-0.00195312,0,0,10,-2,-0.00153398,0
1776813796864704059,3.12889,-0.00195312,0.314159,-0.00195312,0,0,10,-2,-0.00153398,0
1776813796869704457,3.12889,-0.00195312,0.314159,-0.00195312,0,0,10,-2,-0.00153398,0
1776813796874698577,3.12889,-0.00390625,0.314159,-0.00390625,0,0,10,-2,-0.00153398,0
1776813796879706234,3.12889,-0.00390625,0.314159,-0.00390625,0,0,10,-2,-0.00153398,0
1776813796884704687,3.12889,-0.00390625,0.314159,-0.00390625,0,0,10,-2,-0.00153398,0
1776813796889679326,3.12889,0,0.314159,0,0,0,10,-2,-0.00153398,0
1776813796894697520,3.12877,0,0.314159,0,0,0,10,-2,-0.00153398,0
1776813796899765917,3.12877,0,0.314159,0,0,0,10,-2,-0.00153398,0
1776813796904722352,3.12877,0,0.314159,0,0,0,10,-2,-0.00153398,0
1776813796909704583,3.12877,-0.00390625,0.314159,-0.00390625,0,0,10,-2,-0.00153398,0
1776813796914712148,3.12877,-0.00390625,0.314159,-0.00390625,0,0,10,-2,-0.00153398,0
1776813796919708990,3.12877,0,0.314159,0,0,0,10,-2,-0.00153398,0
1776813796924729906,3.12877,0,0.314159,0,0,0,10,-2,-0.00153398,0
1776813796929701638,3.12877,0.00390625,0.314159,0.00390625,0,0,10,-2,-0.00153398,0
1776813796934698832,3.12877,0.00390625,0.314159,0.00390625,0,0,10,-2,-0.00153398,0
1776813796939658952,3.12877,0.00585938,0.314159,0.00585938,0,0,10,-2,-0.00153398,0
1776813796944704331,3.12877,0.00585938,0.314159,0.00585938,0,0,10,-2,-0.00153398,0
1776813796949698303,3.12877,0.00195312,0.314159,0.00195312,0,0,10,-2,-0.00153398,0
1776813796954703497,3.12877,0.00195312,0.314159,0.00195312,0,0,10,-2,-0.00153398,0
1776813796959693173,3.12877,0.00195312,0.314159,0.00195312,0,0,10,-2,-0.00153398,0
1776813796964697922,3.12877,0,0.314159,0,0,0,10,-2,-0.00153398,0
1776813796969700857,3.12877,0,0.314159,0,0,0,10,-2,-0.00153398,0
1776813796974704125,3.12877,-0.00390625,0.314159,-0.00390625,0,0,10,-2,-0.00153398,0
1776813796979696967,3.12877,-0.00390625,0.314159,-0.00390625,0,0,10,-2,-0.00153398,0
1776813796984697699,3.12877,-0.00195312,0.314159,-0.00195312,0,0,10,-2,-0.00153398,0
1776813796989653208,3.12877,-0.00195312,0.314159,-0.00195312,0,0,10,-2,-0.00153398,0
1776813796994696790,3.12877,-0.00390625,0.314159,-0.00390625,0,0,10,-2,-0.00153398,0
1776813796999761465,3.12877,-0.00390625,0.314159,-0.00390625,0,0,10,-2,-0.00153398,0
1776813797004716419,3.12877,0,0.314159,0,0,0,10,-2,-0.00153398,0
1776813797009704465,3.12877,0,0.314159,0,0,0,10,-2,-0.00153398,0
1776813797014766141,3.12877,-0.00195312,0.314159,-0.00195312,0,0,10,-2,-0.00153398,0
1776813797019716743,3.12877,-0.00195312,0.314159,-0.00195312,0,0,10,-2,-0.00153398,0
1776813797024711937,3.12877,0.00585938,0.314159,0.00585938,0,0,10,-2,-0.00153398,0
1776813797029700779,3.12877,0.00585938,0.314159,0.00585938,0,0,10,-2,-0.00153398,0
1776813797034697899,3.12877,0.00390625,0.314159,0.00390625,0,0,10,-2,-0.00153398,0
1776813797039663390,3.12877,0.00390625,0.314159,0.00390625,0,0,10,-2,-0.00153398,0
1776813797044704603,3.12877,0,0.314159,0,0,0,10,-2,-0.00153398,0
1776813797049728371,3.12877,0,0.314159,0,0,0,10,-2,-0.00153398,0
1776813797054711232,3.12877,-0.00195312,0.314159,-0.00195312,0,0,10,-2,-0.00153398,0
1776813797059708185,3.12877,-0.00195312,0.314159,-0.00195312,0,0,10,-2,-0.00153398,0
1776813797064712287,3.12877,0,0.314159,0,0,0,10,-2,-0.00153398,0
1776813797069708851,3.12877,0,0.314159,0,0,0,10,-2,-0.00153398,0
1776813797074701101,3.12877,0.00195312,0.314159,0.00195312,0,0,10,-2,-0.00153398,0
1776813797079709295,3.12877,0.00195312,0.314159,0.00195312,0,0,10,-2,-0.00153398,0
1776813797084700193,3.12877,-0.00390625,0.314159,-0.00390625,0,0,10,-2,-0.00153398,0
1776813797089659814,3.12877,-0.00390625,0.314159,-0.00390625,0,0,10,-2,-0.00153398,0
1776813797094699322,3.12877,-0.00195312,0.314159,-0.00195312,0,0,10,-2,-0.00153398,0
1776813797099707479,3.12877,-0.00195312,0.314159,-0.00195312,0,0,10,-2,-0.00153398,0
1776813797104704137,3.12877,0,0.314159,0,0,0,10,-2,-0.00153398,0
1776813797109769201,3.12877,0,0.314159,0,0,0,10,-2,-0.00153398,0
1776813797114730099,3.12877,-0.00195312,0.314159,-0.00195312,0,0,10,-2,-0.00153398,0
1776813797119706164,3.12877,-0.00195312,0.314159,-0.00195312,0,0,10,-2,-0.00153398,0
1776813797124716080,3.12877,-0.00390625,0.314159,-0.00390625,0,0,10,-2,-0.00153398,0
1776813797129707571,3.12877,-0.00390625,0.314159,-0.00390625,0,0,10,-2,-0.00153398,0
1776813797134703987,3.12877,0.00390625,0.314159,0.00390625,0,0,10,-2,-0.00153398,0
1776813797139658459,3.12877,0.00390625,0.314159,0.00390625,0,0,10,-2,-0.00153398,0
1776813797145992789,3.12877,0,0.314159,0,0,0,10,-2,-0.00153398,0
1776813797150031474,3.12877,0,0.314159,0,0,0,10,-2,-0.00153398,0
1776813797154708616,3.12877,-0.00195312,0.314159,-0.00195312,0,0,10,-2,-0.00153398,0
1776813797159704162,3.12877,-0.00195312,0.314159,-0.00195312,0,0,10,-2,-0.00153398,0
1776813797164702726,3.12877,0,0.314159,0,0,0,10,-2,-0.00153398,0
1776813797169726124,3.12877,0,0.314159,0,0,0,10,-2,-0.00153398,0
1776813797174664671,3.12877,0.00195312,0.314159,0.00195312,0,0,10,-2,-0.00153398,0
1776813797179652309,3.12865,0.00195312,0.314159,0.00195312,0,0,10,-2,-0.00153398,0
1776813797184651837,3.12865,0.00390625,0.314159,0.00390625,0,0,10,-2,-0.00153398,0
1776813797189614531,3.12877,0.00390625,0.314159,0.00390625,0,0,10,-2,-0.00153398,0
1776813797194646299,3.12877,0.00585938,0.314159,0.00585938,0,0,10,-2,-0.00153398,0
1776813797199667956,3.12877,0.00585938,0.314159,0.00585938,0,0,10,-2,-0.00153398,0
1776813797204657465,3.12877,0,0.314159,0,0,0,10,-2,-0.00153398,0
1776813797209672659,3.12877,0,0.314159,0,0,0,10,-2,-0.00153398,0
1776813797214705131,3.12877,0.00195312,0.314159,0.00195312,0,0,10,-2,-0.00153398,0
1776813797219700640,3.12877,0.00195312,0.314159,0.00195312,0,0,10,-2,-0.00153398,0
1776813797224698483,3.12877,0,0.314159,0,0,0,10,-2,-0.00153398,0
1776813797229700510,3.12877,0,0.314159,0,0,0,10,-2,-0.00153398,0
1776813797234697371,3.12877,0,0.314159,0,0,0,10,-2,-0.00153398,0
1776813797239691121,3.12877,0,0.314159,0,0,0,10,-2,-0.00153398,0
1776813797244725278,3.12877,0,0.314159,0,0,0,10,-2,-0.00153398,0
1776813797249700509,3.12877,0,0.314159,0,0,0,10,-2,-0.00153398,0
1776813797254710814,3.12877,0,0.314159,0,0,0,10,-2,-0.00153398,0
1776813797259706138,3.12877,0,0.314159,0,0,0,10,-2,-0.00153398,0
1776813797264704314,3.12877,0,0.314159,0,0,0,10,-2,-0.00153398,0
1776813797269705212,3.12877,0,0.314159,0,0,0,10,-2,-0.00153398,0
1776813797274734498,3.12877,0,0.314159,0,0,0,10,-2,-0.00153398,0
1776813797279774599,3.12877,0.00195312,0.314159,0.00195312,0,0,10,-2,-0.00153398,0
1776813797284712850,3.12877,0.00195312,0.314159,0.00195312,0,0,10,-2,-0.00153398,0
1776813797289665230,3.12877,0,0.314159,0,0,0,10,-2,-0.00153398,0
1776813797294759608,3.12877,0,0.314159,0,0,0,10,-2,-0.00153398,0
1776813797299715895,3.12877,-0.00195312,0.314159,-0.00195312,0,0,10,-2,-0.00153398,0
1776813797304718034,3.12877,-0.00195312,0.314159,-0.00195312,0,0,10,-2,-0.00153398,0
1776813797309702654,3.12877,-0.00195312,0.314159,-0.00195312,0,0,10,-2,-0.00153398,0
1776813797314703237,3.12877,-0.00585938,0.314159,-0.00585938,0,0,10,-2,-0.00153398,0
1776813797319727487,3.12877,-0.00585938,0.314159,-0.00585938,0,0,10,-2,-0.00153398,0
1776813797324705329,3.12877,-0.00195312,0.314159,-0.00195312,0,0,10,-2,-0.00153398,0
1776813797329701320,3.12877,-0.00195312,0.314159,-0.00195312,0,0,10,-2,-0.00153398,0
1776813797334707440,3.12877,0,0.314159,0,0,0,10,-2,-0.00153398,0
1776813797339653523,3.12864,0,0.314159,0,0,0,10,-2,-0.00153398,0
1776813797344691680,3.12864,-0.00195312,0.314159,-0.00195312,0,0,10,-2,-0.00153398,0
1776813797349693171,3.12864,-0.00195312,0.314159,-0.00195312,0,0,10,-2,-0.00153398,0
1776813797354710180,3.12864,0,0.314159,0,0,0,10,-2,-0.00153398,0
1776813797359697707,3.12864,0,0.314159,0,0,0,10,-2,-0.00153398,0
1776813797364754753,3.12864,-0.00195312,0.314159,-0.00195312,0,0,10,-2,-0.00153398,0
1776813797369723318,3.12864,-0.00195312,0.314159,-0.00195312,0,0,10,-2,-0.00153398,0
1776813797374709586,3.12864,0.00585938,0.314159,0.00585938,0,0,10,-2,-0.00153398,0
1776813797379712336,3.12864,0.00585938,0.314159,0.00585938,0,0,10,-2,-0.00153398,0
1776813797384713400,3.12864,0.00585938,0.314159,0.00585938,0,0,10,-2,-0.00153398,0
1776813797389672632,3.12877,-0.00195312,0.314159,-0.00195312,0,0,10,-2,-0.00153398,0
1776813797394690326,3.12877,-0.00195312,0.314159,-0.00195312,0,0,10,-2,-0.00153398,0
1776813797399699464,3.12864,-0.00195312,0.314159,-0.00195312,0,0,10,-2,-0.00153398,0
1776813797404698473,3.12864,-0.00390625,0.314159,-0.00390625,0,0,10,-2,-0.00153398,0
1776813797409704223,3.12864,-0.00390625,0.314159,-0.00390625,0,0,10,-2,-0.00153398,0
1776813797414835324,3.12864,-0.00195312,0.314159,-0.00195312,0,0,10,-2,-0.00153398,0
1776813797419746148,3.12864,-0.00195312,0.314159,-0.00195312,0,0,10,-2,-0.00153398,0
1776813797424706269,3.12864,-0.00195312,0.314159,-0.00195312,0,0,10,-2,-0.00153398,0
1776813797429704648,3.12864,-0.00195312,0.314159,-0.00195312,0,0,10,-2,-0.00153398,0
1776813797434703324,3.12864,-0.00195312,0.314159,-0.00195312,0,0,10,-2,-0.00153398,0
1776813797439682370,3.12864,-0.00195312,0.314159,-0.00195312,0,0,10,-2,-0.00153398,0
1776813797444720342,3.12864,0.00195312,0.314159,0.00195312,0,0,10,-2,-0.00153398,0
1776813797449714666,3.12864,0.00195312,0.314159,0.00195312,0,0,10,-2,-0.00153398,0
1776813797454701286,3.12864,0.00195312,0.314159,0.00195312,0,0,10,-2,-0.00153398,0
1776813797459732146,3.12864,0.00195312,0.314159,0.00195312,0,0,10,-2,-0.00153398,0
1776813797464701674,3.12864,0.00195312,0.314159,0.00195312,0,0,10,-2,-0.00153398,0
1776813797469702887,3.12864,-0.00195312,0.314159,-0.00195312,0,0,10,-2,-0.00153398,0
1776813797474696785,3.12864,-0.00195312,0.314159,-0.00195312,0,0,10,-2,-0.00153398,0
1776813797479704794,3.12864,0,0.314159,0,0,0,10,-2,-0.00153398,0
1776813797484699710,3.12864,0,0.314159,0,0,0,10,-2,-0.00153398,0
1776813797489667479,3.12864,-0.00390625,0.314159,-0.00390625,0,0,10,-2,-0.00153398,0
1776813797494706969,3.12864,-0.00390625,0.314159,-0.00390625,0,0,10,-2,-0.00153398,0
1776813797499722774,3.12864,-0.00195312,0.314159,-0.00195312,0,0,10,-2,-0.00153398,0
1776813797504706580,3.12864,-0.00195312,0.314159,-0.00195312,0,0,10,-2,-0.00153398,0
1776813797509703996,3.12864,-0.00195312,0.314159,-0.00195312,0,0,10,-2,-0.00153398,0
1776813797514706153,3.12864,0,0.314159,0,0,0,10,-2,-0.00153398,0
1776813797519698718,3.12864,0,0.314159,0,0,0,10,-2,-0.00153398,0
1776813797524714764,3.12864,0,0.314159,0,0,0,10,-2,-0.00153398,0
1776813797529698551,3.12864,0,0.314159,0,0,0,10,-2,-0.00153398,0
1776813797534698837,3.12864,-0.00195312,0.314159,-0.00195312,0,0,10,-2,-0.00153398,0
1776813797539654976,3.12864,-0.00195312,0.314159,-0.00195312,0,0,10,-2,-0.00153398,0
1776813797544699707,3.12864,-0.00195312,0.314159,-0.00195312,0,0,10,-2,-0.00153398,0
1776813797549712790,3.12864,-0.00195312,0.314159,-0.00195312,0,0,10,-2,-0.00153398,0
1776813797554695929,3.12864,0,0.314159,0,0,0,10,-2,-0.00153398,0
1776813797559690345,3.12864,0,0.314159,0,0,0,10,-2,-0.00153398,0
1776813797564703169,3.12864,0,0.314159,0,0,0,10,-2,-0.00153398,0
1776813797569706956,3.12864,0,0.314159,0,0,0,10,-2,-0.00153398,0
1776813797574789594,3.12864,0,0.314159,0,0,0,10,-2,-0.00153398,0
1776813797579751048,3.12864,0,0.314159,0,0,0,10,-2,-0.00153398,0
1776813797584708613,3.12864,0,0.314159,0,0,0,10,-2,-0.00153398,0
1776813797589719325,3.12864,0,0.314159,0,0,0,10,-2,-0.00153398,0
1776813797594715186,3.12864,0,0.314159,0,0,0,10,-2,-0.00153398,0
1776813797599707528,3.12864,0,0.314159,0,0,0,10,-2,-0.00153398,0
1776813797604712889,3.12864,0,0.314159,0,0,0,10,-2,-0.00153398,0
1776813797609707676,3.12864,0,0.314159,0,0,0,10,-2,-0.00153398,0
1776813797614698926,3.12864,0,0.314159,0,0,0,10,-2,-0.00153398,0
1776813797619740157,3.12864,0,0.314159,0,0,0,10,-2,-0.00153398,0
1776813797624706055,3.12864,0,0.314159,0,0,0,10,-2,-0.00153398,0
1776813797629705508,3.12864,0,0.314159,0,0,0,10,-2,-0.00153398,0
1776813797634701999,3.12864,0,0.314159,0,0,0,10,-2,-0.00153398,0
1776813797639668842,3.12864,0,0.314159,0,0,0,10,-2,-0.00153398,0
1776813797644695017,3.12864,0,0.314159,0,0,0,10,-2,-0.00153398,0
1776813797649701896,3.12864,0,0.314159,0,0,0,10,-2,-0.00153398,0
1776813797654709202,3.12864,0,0.314159,0,0,0,10,-2,-0.00153398,0
1776813797659722581,3.12864,0,0.314159,0,0,0,10,-2,-0.00153398,0
1776813797664701109,3.12864,0,0.314159,0,0,0,10,-2,-0.00153398,0
1776813797669696988,3.12864,0,0.314159,0,0,0,10,-2,-0.00153398,0
1776813797674740163,3.12864,0,0.314159,0,0,0,10,-2,-0.00153398,0
1776813797679722117,3.12864,0,0.314159,0,0,0,10,-2,-0.00153398,0
1776813797684694719,3.12864,0,0.314159,0,0,0,10,-2,-0.00153398,0
1776813797689659932,3.12864,0,0.314159,0,0,0,10,-2,-0.00153398,0
1776813797694693255,3.12864,0,0.314159,0,0,0,10,-2,-0.00153398,0
1776813797699695227,3.12864,0,0.314159,0,0,0,10,-2,-0.00153398,0
1776813797704693273,3.12864,0,0.314159,0,0,0,10,-2,-0.00153398,0
1776813797709707078,3.12864,0,0.314159,0,0,0,10,-2,-0.00153398,0
1776813797714715069,3.12864,0,0.314159,0,0,0,10,-2,-0.00153398,0
1776813797719703930,3.12864,0,0.314159,0,0,0,10,-2,-0.00153398,0
1776813797724697772,3.12864,0,0.314159,0,0,0,10,-2,-0.00153398,0
1776813797729692744,3.12864,0,0.314159,0,0,0,10,-2,-0.00153398,0
1776813797734695161,3.12864,0,0.314159,0,0,0,10,-2,-0.00153398,0
1776813797739652466,3.12864,0,0.314159,0,0,0,10,-2,-0.00153398,0
1776813797744691808,3.12864,0,0.314159,0,0,0,10,-2,-0.00153398,0
1776813797749692169,3.12864,0,0.314159,0,0,0,10,-2,-0.00153398,0
1776813797754695900,3.12864,0,0.314159,0,0,0,10,-2,-0.00153398,0
1776813797759695798,3.12864,0,0.314159,0,0,0,10,-2,-0.00153398,0
1776813797764709696,3.12864,0,0.314159,0,0,0,10,-2,-0.00153398,0
1776813797769723316,3.12864,0,0.314159,0,0,0,10,-2,-0.00153398,0
1776813797774711640,3.12864,0,0.314159,0,0,0,10,-2,-0.00153398,0
1776813797779692297,3.12864,0,0.314159,0,0,0,10,-2,-0.00153398,0
1776813797784706158,3.12864,0,0.314159,0,0,0,10,-2,-0.00153398,0
1776813797789653501,3.12864,0,0.314159,0,0,0,10,-2,-0.00153398,0
1776813797794759527,3.12864,0,0.314159,0,0,0,10,-2,-0.00153398,0
1776813797799740111,3.12864,0,0.314159,0,0,0,10,-2,-0.00153398,0
1776813797804710601,3.12864,0,0.314159,0,0,0,10,-2,-0.00153398,0
1776813797809700129,3.12852,0,0.314159,0,0,0,10,-2,-0.00153398,0
1776813797814740841,3.12852,0,0.314159,0,0,0,10,-2,-0.00153398,0
1776813797819721110,3.12852,0,0.314159,0,0,0,10,-2,-0.00153398,0
1776813797824735063,3.12852,0,0.314159,0,0,0,10,-2,-0.00153398,0
1776813797829711202,3.12852,0,0.314159,0,0,0,10,-2,-0.00153398,0
1776813797834691971,3.12852,0,0.314159,0,0,0,10,-2,-0.00153398,0
1776813797839686443,3.12852,0,0.314159,0,0,0,10,-2,-0.00153398,0
1776813797844699711,3.12852,0,0.314159,0,0,0,10,-2,-0.00153398,0
1776813797849715720,3.12852,0,0.314159,0,0,0,10,-2,-0.00153398,0
1776813797854690673,3.12852,0,0.314159,0,0,0,10,-2,-0.00153398,0
1776813797859706164,3.12852,0,0.314159,0,0,0,10,-2,-0.00153398,0
1776813797864709728,3.12852,0,0.314159,0,0,0,10,-2,-0.00153398,0
1776813797869706145,3.12852,0,0.314159,0,0,0,10,-2,-0.00153398,0
1776813797874767079,3.12852,0,0.314159,0,0,0,10,-2,-0.00153398,0
1776813797879717496,3.12852,0,0.314159,0,0,0,10,-2,-0.00153398,0
1776813797884702986,3.12852,0,0.314159,0,0,0,10,-2,-0.00153398,0
1776813797889659107,3.12852,0,0.314159,0,0,0,10,-2,-0.00153398,0
1776813797894693634,3.12852,0,0.314159,0,0,0,10,-2,-0.00153398,0
1776813797899693254,3.12852,0,0.314159,0,0,0,10,-2,-0.00153398,0
1776813797904696337,3.12852,0,0.314159,0,0,0,10,-2,-0.00153398,0
1776813797909720457,3.12852,0,0.314159,0,0,0,10,-2,-0.00153398,0
1776813797914698966,3.12852,0,0.314159,0,0,0,10,-2,-0.00153398,0
1776813797919698642,3.12852,0,0.314159,0,0,0,10,-2,-0.00153398,0
1776813797924699262,3.12852,0,0.314159,0,0,0,10,-2,-0.00153398,0
1776813797929807696,3.12852,0,0.314159,0,0,0,10,-2,-0.00153398,0
1776813797934726817,3.12852,0,0.314159,0,0,0,10,-2,-0.00153398,0
1776813797939675456,3.12852,0,0.314159,0,0,0,10,-2,-0.00153398,0
1776813797944700780,3.12852,0,0.314159,0,0,0,10,-2,-0.00153398,0
1776813797949702492,3.12852,0,0.314159,0,0,0,10,-2,-0.00153398,0
1776813797954701150,3.12852,0,0.314159,0,0,0,10,-2,-0.00153398,0
1776813797959698455,3.12852,0,0.314159,0,0,0,10,-2,-0.00153398,0
1776813797964708927,3.12852,0,0.314159,0,0,0,10,-2,-0.00153398,0
1776813797969712769,3.12852,0,0.314159,0,0,0,10,-2,-0.00153398,0
1776813797974705723,3.12852,0,0.314159,0,0,0,10,-2,-0.00153398,0
1776813797979706269,3.12852,0,0.314159,0,0,0,10,-2,-0.00153398,0
1776813797984701148,3.12852,0,0.314159,0,0,0,10,-2,-0.00153398,0
1776813797989676694,3.12852,0,0.314159,0,0,0,10,-2,-0.00153398,0
1776813797994728629,3.12852,0,0.314159,0,0,0,10,-2,-0.00153398,0
1776813797999729897,3.12852,0,0.314159,0,0,0,10,-2,-0.00153398,0
1776813798004730425,3.12852,0,0.314159,0,0,0,10,-2,-0.00153398,0
1776813798009719860,3.12852,0,0.314159,0,0,0,10,-2,-0.00153398,0
1776813798014706573,3.12852,0,0.314159,0,0,0,10,-2,-0.00153398,0
1776813798019699582,3.12852,0,0.314159,0,0,0,10,-2,-0.00153398,0
1776813798024698461,3.12852,0,0.314159,0,0,0,10,-2,-0.00153398,0
1776813798029706007,3.12852,0,0.314159,0,0,0,10,-2,-0.00153398,0
1776813798034701924,3.12852,0,0.314159,0,0,0,10,-2,-0.00153398,0
1776813798039662841,3.12852,0,0.314159,0,0,0,10,-2,-0.00153398,0
1776813798044707313,3.12852,0,0.314159,0,0,0,10,-2,-0.00153398,0
1776813798049711340,3.12852,0,0.314159,0,0,0,10,-2,-0.00153398,0
1776813798054697775,3.12852,0,0.314159,0,0,0,10,-2,-0.00153398,0
1776813798059734506,3.12852,0,0.314159,0,0,0,10,-2,-0.00153398,0
1776813798064707831,3.12852,0,0.314159,0,0,0,10,-2,-0.00153398,0
1776813798069714710,3.12852,0,0.314159,0,0,0,10,-2,-0.00153398,0
1776813798074696830,3.12852,0,0.314159,0,0,0,10,-2,-0.00153398,0
1776813798079696451,3.12852,0,0.314159,0,0,0,10,-2,-0.00153398,0
1776813798084696108,3.12852,0,0.314159,0,0,0,10,-2,-0.00153398,0
1776813798089654432,3.12852,0,0.314159,0,0,0,10,-2,-0.00153398,0
1776813798094714293,3.12852,0,0.314159,0,0,0,10,-2,-0.00153398,0
1776813798099703191,3.12852,0,0.314159,0,0,0,10,-2,-0.00153398,0
1776813798104703015,3.12852,0,0.314159,0,0,0,10,-2,-0.00153398,0
1776813798109693709,3.12852,0,0.314159,0,0,0,10,-2,-0.00153398,0
1776813798114700274,3.12852,0,0.314159,0,0,0,10,-2,-0.00153398,0
1776813798119694468,3.12852,0,0.314159,0,0,0,10,-2,-0.00153398,0
1776813798124701570,3.12852,0,0.314159,0,0,0,10,-2,-0.00153398,0
1776813798129754356,3.12852,0,0.314159,0,0,0,10,-2,-0.00153398,0
1776813798134784883,3.12852,0,0.314159,0,0,0,10,-2,-0.00153398,0
1776813798139678116,3.12852,0,0.314159,0,0,0,10,-2,-0.00153398,0
1776813798144700273,3.12852,0,0.314159,0,0,0,10,-2,-0.00153398,0
1776813798149772818,3.12852,0,0.314159,0,0,0,10,-2,-0.00153398,0
1776813798154750161,3.12852,0,0.314159,0,0,0,10,-2,-0.00153398,0
1776813798159728281,3.12852,0,0.314159,0,0,0,10,-2,-0.00153398,0
1776813798164741975,3.12852,0,0.314159,0,0,0,10,-2,-0.00153398,0
1776813798169734633,3.12852,0,0.314159,0,0,0,10,-2,-0.00153398,0
1776813798174705216,3.12852,0,0.314159,0,0,0,10,-2,-0.00153398,0
1776813798179707744,3.12852,0,0.314159,0,0,0,10,-2,-0.00153398,0
1776813798184702086,3.12852,0,0.314159,0,0,0,10,-2,-0.00153398,0
1776813798189666503,3.12852,0,0.314159,0,0,0,10,-2,-0.00153398,0
1776813798194697530,3.12852,0,0.314159,0,0,0,10,-2,-0.00153398,0
1776813798199701003,3.12852,0,0.314159,0,0,0,10,-2,-0.00153398,0
1776813798204720123,3.12852,0,0.314159,0,0,0,10,-2,-0.00153398,0
1776813798209721687,3.12852,0,0.314159,0,0,0,10,-2,-0.00153398,0
1776813798214694678,3.12852,0,0.314159,0,0,0,10,-2,-0.00153398,0
1776813798219692909,3.12852,0,0.314159,0,0,0,10,-2,-0.00153398,0
1776813798224693622,3.12852,0,0.314159,0,0,0,10,-2,-0.00153398,0
1776813798229700816,3.12852,0,0.314159,0,0,0,10,-2,-0.00153398,0
1776813798234695196,3.12852,0,0.314159,0,0,0,10,-2,-0.00153398,0
1776813798239651150,3.12852,0,0.314159,0,0,0,10,-2,-0.00153398,0
1776813798244690918,3.12852,0,0.314159,0,0,0,10,-2,-0.00153398,0
1776813798249693057,3.12852,0,0.314159,0,0,0,10,-2,-0.00153398,0
1776813798254718454,3.12852,0,0.314159,0,0,0,10,-2,-0.00153398,0
1776813798259719815,3.12852,0,0.314159,0,0,0,10,-2,-0.00153398,0
1776813798264723510,3.12852,0,0.314159,0,0,0,10,-2,-0.00153398,0
1776813798269701963,3.12852,0,0.314159,0,0,0,10,-2,-0.00153398,0
1776813798274702639,3.12852,0,0.314159,0,0,0,10,-2,-0.00153398,0
1776813798279698556,3.12852,0,0.314159,0,0,0,10,-2,-0.00153398,0
1776813798284699250,3.12852,0,0.314159,0,0,0,10,-2,-0.00153398,0
1776813798289656871,3.12852,0,0.314159,0,0,0,10,-2,-0.00153398,0
1776813798294703509,3.12852,0,0.314159,0,0,0,10,-2,-0.00153398,0
1776813798299704407,3.12852,0,0.314159,0,0,0,10,-2,-0.00153398,0
1776813798304725249,3.12852,0,0.314159,0,0,0,10,-2,-0.00153398,0
1776813798309704166,3.12852,0,0.314159,0,0,0,10,-2,-0.00153398,0
1776813798314718082,3.12852,0,0.314159,0,0,0,10,-2,-0.00153398,0
1776813798319711554,3.12852,0,0.314159,0,0,0,10,-2,-0.00153398,0
1776813798324699545,3.12852,0,0.314159,0,0,0,10,-2,-0.00153398,0
1776813798329694665,3.12852,0,0.314159,0,0,0,10,-2,-0.00153398,0
1776813798334702082,3.12852,0,0.314159,0,0,0,10,-2,-0.00153398,0
1776813798339651332,3.12852,0,0.314159,0,-0.0183559,9,10,-2,-0.00153398,0
1776813798344690748,3.12852,0,0.314159,0,2.25336,9,10,-2,-0.00153398,0
1776813798349703128,3.12852,0,0.314159,0,2.13286,9,10,-1,-0.00076699,0
1776813798354692767,3.12852,0,-0.313392,0,2.53883,9,10,1,0.00076699,0.306919
1776813798359698572,3.12852,0,-0.311858,0.306919,2.67965,9,10,5,0.00383495,0.306919
1776813798364700118,3.12852,0,-0.30879,0.306919,2.57722,9,10,11,0.00843689,0.920757
1776813798369722423,3.12852,0,-0.304188,0.920757,3.23826,9,10,18,0.0138058,0.920757
1776813798374714155,3.12852,0,-0.298819,0.920757,3.1217,9,10,30,0.0230097,1.22694
1776813798379740812,3.12852,0,-0.289616,1.22694,3.55622,9,10,49,0.0375825,2.30143
1776813798384711599,3.12852,0,-0.275043,2.30143,3.46944,9,10,63,0.0483204,2.30143
1776813798389658479,3.12852,0,-0.264305,2.30143,3.07913,9,10,89,0.0682621,3.22136
1776813798394715543,3.12852,0,-0.244363,3.22136,2.95923,9,10,108,0.082835,3.22136
1776813798399716237,3.12852,-3.36719,-0.22979,-0.145828,2.83744,9,10,139,0.106612,3.98995
1776813798404716543,3.1064,-3.36719,-0.228132,0.62276,2.55511,9,10,162,0.124252,3.98995
1776813798409730015,3.1064,-4.14648,-0.210491,-0.156537,2.60617,8.95044,10,199,0.152631,4.75629
1776813798414700950,3.06806,-4.14648,-0.220458,0.609809,2.62235,8.81227,10,223,0.171039,4.75629
1776813798419704459,3.06806,-4.46484,-0.20205,0.29145,2.72242,8.6308,10,260,0.199418,4.60194
1776813798424701542,3.02532,-4.46484,-0.216413,0.1371,2.57403,8.47652,10,286,0.219359,4.60194
1776813798429716125,3.02532,-4.57812,-0.196471,0.023819,2.86954,8.41195,10,326,0.250039,5.21032
1776813798434699505,2.97975,-4.57812,-0.211356,0.632199,2.69903,8.24699,10,353,0.270748,5.21032
1776813798439657163,2.97975,-4.85352,-0.190647,0.356809,2.74756,8.09002,10,396,0.303728,5.37001
1776813798444777282,2.97975,-4.85352,-0.157666,0.516495,3.30947,8.09002,10,426,0.326738,5.37001
1776813798449727328,2.93219,-5.36328,-0.159205,0.616851,3.50374,7.62652,10,475,0.36432,6.13715
1776813798454713004,2.88076,-5.36328,-0.196066,0.773869,2.68905,7.43837,10,513,0.393466,5.83029
1776813798459710995,2.88076,-6.20312,-0.16692,-0.372833,2.91224,6.95966,10,556,0.426447,6.59348
1776813798464704726,2.79377,-6.20312,-0.220933,0.390356,3.18512,6.63804,10,591,0.453291,6.59348
1776813798469699143,2.79377,-6.42188,-0.194088,0.171606,2.96568,6.51335,10,646,0.495476,6.90291
1776813798474701411,2.76246,-6.42188,-0.183212,0.481034,2.65718,6.39634,10,685,0.525388,6.90291
1776813798479696068,2.76246,-6.82422,-0.1533,0.0786905,2.70082,6.16701,10,745,0.571408,7.36016
1776813798484697874,2.69696,-6.82422,-0.172779,0.535942,3.0966,5.91968,10,784,0.60132,7.36016
1776813798489654272,2.69696,-7.11133,-0.142867,0.248833,3.09312,5.75603,10,844,0.64734,7.8233
1776813798494712281,2.62669,-7.11133,-0.167117,0.711972,3.31387,5.48637,10,895,0.686456,7.66991
1776813798499696142,2.62669,-7.64062,-0.128,0.0292888,3.25586,5.18467,10,946,0.725573,7.82487
1776813798504695281,2.51576,-7.64062,-0.199813,0.18424,2.95193,4.74835,10,987,0.75702,7.82487
1776813798509830288,2.51576,-7.84961,-0.168366,-0.024744,2.70802,4.62923,10,1041,0.798437,7.9751
1776813798514717910,2.47753,-7.84961,-0.133728,0.128685,3.14195,4.47549,10,1111,0.852126,8.58857
1776813798519696326,2.47753,-8.40039,-0.111486,0.188184,3.0256,4.16154,10,1163,0.89201,8.58171
1776813798524707354,2.35375,-8.40039,-0.195386,0.18132,2.59388,3.65026,10,1212,0.929592,8.58171
1776813798529789066,2.35375,-8.55664,-0.157804,0.0250702,2.53195,3.56119,10,1272,0.975612,9.3704
1776813798534697558,2.31326,-8.74609,-0.116993,0.302573,3.26731,3.28115,10,1348,1.0339,9.34422
1776813798539649123,2.22458,-8.74609,-0.182665,0.598122,2.68034,2.89533,10,1390,1.06612,9.34422
1776813798544709798,2.22458,-8.88477,-0.150451,0.45945,2.53819,2.81629,10,1444,1.10753,8.7542
1776813798549695622,2.18091,-8.99219,-0.11512,0.202481,2.97032,2.56032,10,1521,1.16659,8.89709
1776813798554696890,2.13839,-8.99219,-0.13616,-0.0950975,2.70447,2.36756,10,1567,1.20187,8.89709
1776813798559698214,2.13839,-9.28516,-0.100879,-0.388066,2.67911,2.20057,10,1640,1.25786,9.35729
1776813798564702149,2.0028,-9.28516,-0.180479,0.0721292,2.38316,1.56406,10,1689,1.29545,9.35729
1776813798569704529,2.0028,-9.31445,-0.142896,0.0428324,1.89728,1.54736,10,1752,1.34377,9.50688
1776813798574701334,1.95508,-9.31445,-0.107018,0.353497,1.50837,1.31511,10,1818,1.39439,9.3442
1776813798579698140,1.95508,-9.18555,-0.0916778,0.158657,1.83596,1.38859,10,1875,1.43811,9.3442
1776813798584704889,1.81578,-9.18555,-0.187259,0.158657,1.65729,0.685036,10,1920,1.47262,9.2131
1776813798589707621,1.81578,-9.09375,-0.152744,0.11935,1.35334,0.737361,10,1977,1.51634,8.59373
1776813798594700130,1.77061,-8.81055,-0.114308,-0.0686035,0.650363,0.662261,10,2046,1.56926,8.4251
1776813798599698657,1.67875,-8.81055,-0.193132,-0.385448,1.08173,0.1682,10,2088,1.60148,8.4251
1776813798604746925,1.67875,-8.63086,-0.160919,-0.20576,0.397858,0.270622,10,2143,1.64366,8.75069
1776813798609701231,1.63563,-8.19727,-0.121205,0.0912037,0.0435296,0.279793,10,2225,1.70655,8.59029
1776813798614697666,1.55087,-8.19727,-0.183718,0.393027,0.458883,-0.199321,10,2263,1.7357,8.59029
1776813798619712972,1.55087,-7.98828,-0.154572,0.602012,0.0310384,-0.0802003,10,2322,1.78095,7.52102
1776813798624708833,1.51088,-7.98828,-0.149313,-0.467265,0.148642,-0.311512,10,2362,1.81163,7.52102
1776813798629756434,1.51088,-7.51758,-0.118634,0.003438,-0.0248728,-0.0432113,10,2415,1.85228,6.75221
1776813798634711703,1.51088,-7.51758,-0.077983,-0.765367,0.0455884,-0.0432113,10,2458,1.88526,6.59348
1776813798639671157,1.43562,-7.51758,-0.12026,-0.924103,-0.00367012,-0.487566,10,2500,1.91748,6.59348
1776813798644692314,1.43562,-6.73828,-0.0880462,-0.144806,-0.0788429,-0.0433665,10,2538,1.94662,5.98613
1776813798649696489,1.32883,-6.73828,-0.165694,-0.752148,0,-0.694108,10,2569,1.9704,5.98613
1776813798654703387,1.32883,-5.94922,-0.141917,0.0369148,-0.243487,-0.244343,10,2615,2.00568,5.82912
1776813798659706711,1.23461,-5.94922,-0.200854,-0.120099,-0.101249,-0.837766,10,2644,2.02792,5.82912
1776813798664799571,1.23461,-5.66211,-0.178611,0.16701,-0.54166,-0.674114,10,2677,2.05323,5.52124
1776813798669723840,1.20478,-5.14258,-0.163957,0.071928,-0.396532,-0.569567,10,2719,2.08545,5.06413
1776813798674734664,1.1494,-5.14258,-0.2063,-0.0784492,-0.547833,-0.929849,10,2748,2.10769,4.75535
1776813798679830969,1.1494,-4.875,-0.184057,-0.119646,-0.575703,-0.77733,10,2776,2.12917,4.44856
1776813798684736812,1.12462,-4.875,-0.187363,-0.426443,-0.70633,-0.940463,10,2797,2.14527,4.44856
1776813798689653285,1.12462,-4.34766,-0.171257,0.100901,-0.42781,-0.639877,10,2825,2.16675,3.67642
1776813798694688386,1.07997,-4.34766,-0.194423,-0.671239,-0.411176,-0.936666,10,2847,2.18362,3.37747
1776813798699696117,1.07997,-3.79492,-0.177549,-0.417453,-0.882498,-0.621608,10,2866,2.19819,2.91224
1776813798704716682,1.07997,-3.79492,-0.162977,-0.88268,-0.525042,-0.621608,10,2880,2.20893,2.91224
1776813798709707117,1.03897,-3.79492,-0.193243,-0.88268,-0.465963,-0.897467,10,2892,2.21814,2.61195
1776813798714713830,0.988275,-2.88281,-0.225531,-0.581835,-0.684383,-0.722819,10,2908,2.23041,1.84073
1776813798719708672,0.988275,-2.58203,-0.222463,-0.741297,-0.28295,-0.551374,10,2918,2.23808,1.84073
1776813798724700904,0.974799,-2.58203,-0.228269,-0.741297,-0.464475,-0.643909,10,2924,2.24268,1.5297
1776813798729763153,0.974799,-1.96484,-0.223667,-0.435142,-0.411458,-0.292112,10,2930,2.24728,1.23063
1776813798734715422,0.952235,-1.33398,-0.238561,-0.413961,-0.391694,-0.0881771,10,2936,2.25188,0.460104
1776813798739661246,0.936375,-1.33398,-0.252887,-0.873881,-0.141512,-0.198105,10,2937,2.25265,0.460104
1776813798744693311,0.936375,-1.04492,-0.25212,-0.584818,-0.0630664,-0.0333396,10,2937,2.25265,0
1776813798749692190,0.92951,-1.04492,-0.258985,-1.04492,0.0124511,-0.0810566,10,2937,2.25265,0
1776813798754700699,0.92951,-0.240234,-0.258985,-0.240234,0.0868178,0.377615,10,2933,2.24958,-0.460196
1776813798759696542,0.920743,-0.240234,-0.27082,-0.70043,0.236139,0.316565,10,2929,2.24651,-0.460196
1776813798764694477,0.920743,0.0214844,-0.273888,-0.438711,0.280248,0.465745,10,2923,2.24191,-0.919472
1776813798769711689,0.920175,0.0214844,-0.28366,-0.899828,0.529062,0.461782,10,2912,2.23348,-1.22694
1776813798774708476,0.920175,0.503906,-0.287495,-0.723036,0.597505,0.736763,10,2903,2.22657,-1.53394
1776813798779693689,0.922937,0.503906,-0.291635,-1.03003,0.819012,0.756018,10,2894,2.21967,-1.53394
1776813798784695809,0.922937,1.05078,-0.298538,-0.483156,1.1673,1.06774,10,2881,2.2097,-1.5346
1776813798789660208,0.930371,1.05078,-0.301076,-0.483818,1.34028,1.11948,10,2873,2.20356,-1.5346
1776813798794751772,0.930371,1.36133,-0.307212,-0.173271,1.39905,1.29649,10,2860,2.19359,-1.53429
1776813798799745262,0.9495,1.36133,-0.298053,-0.172964,1.33525,1.42922,10,2853,2.18822,-1.53429
1776813798804712475,0.9495,1.22852,-0.303422,-0.305776,1.32333,1.35352,10,2842,2.17979,-1.38059
1776813798809695059,0.956693,1.22852,-0.304667,-0.152071,1.22572,1.40327,10,2834,2.17365,-1.22743
1776813798814693475,0.956693,0.966797,-0.310803,-0.260637,1.30207,1.25409,10,2826,2.16751,-1.2267
1776813798819703077,0.972811,0.966797,-0.30082,-0.259901,1.25925,1.36524,10,2820,2.16291,-1.2267
1776813798824706290,0.972811,0.943359,-0.305422,-0.283338,1.20893,1.35188,10,2812,2.15678,-1.074
1776813798829719447,0.977623,0.943359,-0.306746,-0.130645,1.21115,1.38498,10,2805,2.15141,-1.07336
1776813798834694419,0.977623,0.878906,-0.312115,-0.194454,1.33042,1.34824,10,2799,2.14681,-0.920759
1776813798839668910,0.977623,0.878906,0.311602,-0.0418531,1.23219,1.34824,10,2794,2.14297,-0.920759
1776813798844698104,0.98654,0.919922,0.312849,-0.153605,1.27581,1.43284,10,2786,2.13684,-0.920391
1776813798849711298,0.999737,0.919922,-0.304573,-0.000469208,1.26084,1.5232,10,2782,2.13377,-0.920391
1776813798854725085,0.999737,0.935547,-0.307641,0.0151558,1.5131,1.53211,10,2777,2.12993,-0.766993
1776813798859708890,1.00903,0.935547,-0.302184,0.168554,1.48004,1.59555,10,2773,2.12686,-0.766993
1776813798864704011,1.00903,0.890625,-0.305252,0.123632,1.47902,1.56994,10,2770,2.12456,-0.613717
1776813798869717538,1.01407,0.720703,-0.304047,0.2606,1.59399,1.50743,10,2767,2.12226,-0.460288
1776813798874699307,1.02185,0.720703,-0.297029,0.260416,1.49412,1.56039,10,2765,2.12073,-0.460288
1776813798879699001,1.02185,0.613281,-0.298563,0.152994,1.5545,1.49915,10,2764,2.11996,-0.153337
1776813798884739232,1.02573,0.613281,-0.295452,0.459944,1.48072,1.5255,10,2764,2.11996,-0.153337
1776813798889671890,1.02573,0.335938,-0.295452,0.1826,1.42441,1.36741,10,2764,2.11996,0
1776813798894702973,1.03202,0.335938,-0.289168,0.335938,1.25754,1.41003,10,2764,2.11996,0
1776813798899705963,1.03202,0.289062,-0.289168,0.289062,1.4156,1.38331,10,2764,2.11996,0
1776813798904719528,1.03202,0.289062,-0.289168,0.289062,1.25443,1.38331,10,2766,2.1215,0
1776813798909704556,1.03375,0.212891,-0.285898,0.519626,1.31251,1.35166,10,2767,2.12226,0.153399
1776813798914709120,1.03719,0.212891,-0.281695,0.366289,1.39872,1.37493,10,2767,2.12226,0
1776813798919701741,1.03719,0.242188,-0.281695,0.242188,1.45434,1.39163,10,2766,2.1215,-0.153368
1776813798924700120,1.03864,0.242188,-0.281006,0.0888197,1.51584,1.40148,10,2763,2.11919,-0.153368
1776813798929697759,1.03864,0.824219,-0.283306,0.670851,1.62412,1.73324,10,2759,2.11613,-0.613594
1776813798934706842,1.04572,0.824219,-0.279297,0.210625,1.76934,1.78108,10,2755,2.11306,-0.613471
1776813798939672518,1.04572,0.953125,-0.282365,0.339654,1.83882,1.85455,10,2751,2.10999,-0.613594
1776813798944707323,1.05544,0.953125,-0.275716,0.339531,1.94557,1.92008,10,2748,2.10769,-0.613594
1776813798949702073,1.05544,0.880859,-0.278017,0.267265,1.90457,1.87889,10,2744,2.10462,-0.460196
1776813798954707323,1.06402,0.880859,-0.272502,0.420664,1.80751,1.93664,10,2740,2.10155,-0.460288
1776813798959765128,1.06402,0.757812,-0.27557,0.297525,1.92586,1.8665,10,2738,2.10002,-0.460104
1776813798964732193,1.07277,0.757812,-0.268359,0.297709,1.82917,1.92518,10,2735,2.09772,-0.460104
1776813798969721035,1.07277,0.710938,-0.27066,0.250834,1.87247,1.89847,10,2731,2.09465,-0.613471
1776813798974715655,1.07277,0.710938,-0.273728,0.0974662,1.82853,1.89847,10,2728,2.09235,-0.613471
1776813798979703146,1.07952,0.691406,-0.270814,0.231119,1.92099,1.93253,10,2724,2.08928,-0.460288
1776813798984701878,1.08653,0.691406,-0.265331,0.231119,1.88761,1.97943,10,2723,2.08851,-0.460288
1776813798989664702,1.08653,0.638672,-0.266098,0.178384,1.90726,1.94938,10,2719,2.08545,-0.306797
1776813798994702266,1.09327,0.638672,-0.26243,0.331875,1.93579,1.99431,10,2717,2.08391,-0.306797
1776813798999703442,1.09327,0.591797,-0.263964,0.285,1.87375,1.96759,10,2715,2.08238,-0.460196
1776813799004728914,1.09681,0.472656,-0.262724,0.165798,1.98919,1.92327,10,2713,2.08084,-0.306736
1776813799009716219,1.10168,0.472656,-0.25862,0.165921,1.89736,1.95569,10,2712,2.08008,-0.306736
1776813799014715803,1.10168,0.417969,-0.259387,0.111233,1.94605,1.92451,10,2711,2.07931,-0.153429
1776813799019704849,1.10389,0.417969,-0.257943,0.26454,1.9161,1.93921,10,2711,2.07931,-0.153429
1776813799024701192,1.10389,0.195312,-0.257943,0.0418833,1.862,1.8123,10,2711,2.07931,0
1776813799029709275,1.10874,0.195312,-0.253095,0.195312,1.7996,1.84449,10,2711,2.07931,0
1776813799034701951,1.10874,0.105469,-0.253095,0.105469,1.74583,1.79328,10,2711,2.07931,0
1776813799039672905,1.10874,0.105469,-0.253095,0.105469,1.79506,1.79328,10,2712,2.08008,0
1776813799044693266,0.881049,-0.150391,0.149066,0.00303857,0.569968,0.089764,10,2714,2.08161,0.153429
1776813799049700571,0.88064,-0.150391,0.149424,0.00303857,0.4837,0.0868857,10,2714,2.08161,0.153429
1776813799054714265,0.88064,-0.179688,0.149424,-0.0262583,0.37997,0.0701865,10,2714,2.08161,0
1776813799059712608,0.878844,-0.179688,0.147628,-0.179688,0.182525,0.0575453,10,2714,2.08161,0
1776813799064705488,0.878844,-0.125,0.147628,-0.125,0.103419,0.0887171,10,2711,2.07931,-0.30692
1776813799069720237,0.878013,-0.125,0.144497,-0.43192,0.25675,0.0828682,10,2708,2.07701,-0.30692
1776813799074703599,0.878013,0.341797,0.142196,0.0348771,0.0812125,0.348942,10,2702,2.07241,-0.920391
1776813799079725737,0.879256,0.341797,0.138837,-0.578594,0.210345,0.357697,10,2696,2.06781,-0.920391
1776813799084699358,0.879256,0.730469,0.134235,-0.189922,0.279065,0.57924,10,2686,2.06014,-1.22694
1776813799089649534,0.884196,0.730469,0.131505,-0.496474,0.420474,0.613994,10,2678,2.054,-1.22694
1776813799094693432,0.884196,1.14648,0.125369,-0.0804583,0.603507,0.851123,10,2665,2.04403,-1.53368
1776813799099693886,0.893706,1.14648,0.124908,-0.387194,0.793911,0.917911,10,2656,2.03713,-1.53368
1776813799104696172,0.893706,1.51758,0.118005,-0.0161003,1.06755,1.12943,10,2642,2.02639,-1.84078
1776813799109692034,0.893706,1.51758,0.107267,-0.323204,1.45174,1.12943,10,2631,2.01795,-1.84078
1776813799114691895,0.895653,1.51758,0.100777,-0.323204,1.44991,1.14309,10,2618,2.00798,-1.99378
1776813799119698385,0.895653,1.70703,0.0908066,-0.286751,1.25551,1.25108,10,2602,1.99571,-1.99418
1776813799124703709,0.920131,1.70703,0.103013,-0.287149,1.3897,1.42224,10,2591,1.98727,-1.99418
1776813799129770125,0.920131,1.68945,0.0945761,-0.304727,1.68164,1.41222,10,2577,1.97653,-2.14756
1776813799134757672,0.928526,1.68945,0.0922334,-0.458102,1.3417,1.47069,10,2563,1.9658,-2.14758
1776813799139659960,0.928526,1.6875,0.0814955,-0.460079,1.21625,1.46958,10,2547,1.95352,-2.14756
1776813799144702672,0.954028,1.6875,0.0947252,-0.460055,1.39095,1.64647,10,2536,1.94509,-2.14756
1776813799149705922,0.954028,1.73242,0.0862883,-0.415133,1.6349,1.67207,10,2519,1.93205,-2.14715
1776813799154784079,0.962048,1.73242,0.0812691,-0.414728,1.82123,1.72747,10,2504,1.92054,-2.30052
1776813799159723459,0.962048,1.91992,0.0697642,-0.380595,1.62854,1.83435,10,2489,1.90904,-2.30187
1776813799164700116,0.989059,1.91992,0.0852706,-0.381953,1.62854,1.83435,10,2480,1.90214,-2.30187
1776813799169715625,0.989059,2.04102,0.0783677,-0.260859,1.93568,2.08914,10,2459,1.88603,-2.30098
1776813799174709709,0.998895,2.04102,0.0720973,-0.259962,1.93568,2.08914,10,2449,1.87836,-2.30098
1776813799179713199,0.998895,1.94922,0.0644274,-0.351759,1.95726,2.10415,10,2433,1.86609,-1.99416
1776813799184694987,0.998895,1.94922,0.0521556,-0.0449382,1.95726,2.10415,10,2427,1.86149,-1.99416
1776813799189694477,1.0207,1.94922,0.0693549,-0.0449382,1.95726,2.10415,10,2415,1.85228,-1.84041
1776813799194711209,1.0207,1.67773,0.060151,-0.16268,2.01465,2.09802,10,2401,1.84154,-1.53399
1776813799199704829,1.04809,1.67773,0.0768057,0.143749,2.01465,2.09802,10,2395,1.83694,-1.53399
1776813799204692523,1.04809,1.61523,0.0722037,0.0812492,1.94058,2.24793,10,2383,1.82774,-1.22766
1776813799209703903,1.0559,1.61523,0.0708139,0.387579,1.94058,2.24793,10,2378,1.8239,-1.22766
1776813799214696264,1.0559,1.31836,0.0669789,0.0907041,2.00275,2.13139,10,2368,1.81623,-1.22719
1776813799219696199,1.0785,1.31836,0.0819082,0.0911713,2.00275,2.13139,10,2364,1.81317,-1.22719
1776813799224696449,1.0785,1.23438,0.0788402,0.00718689,1.91752,2.23524,10,2357,1.8078,-0.920391
1776813799229703532,1.08477,1.23438,0.0797427,0.313984,1.91752,2.23524,10,2354,1.8055,-0.920391
1776813799234709023,1.08477,0.935547,0.0774417,0.0151558,2.23296,2.10684,10,2349,1.80166,-0.46038
1776813799239648959,1.10141,0.935547,0.0902424,0.475167,2.23296,2.10684,10,2348,1.80089,-0.46038
1776813799244699097,1.10141,0.837891,0.0894754,0.377511,2.08468,2.16206,10,2344,1.79783,-0.460196
1776813799249692329,1.10552,0.837891,0.0905211,0.377695,2.08468,2.16206,10,2342,1.79629,-0.460196
1776813799254701597,1.10552,0.679688,0.0889871,0.219492,2.2582,2.09922,10,2339,1.79399,-0.460196
1776813799259693366,1.10552,0.679688,0.0866861,0.219492,2.2582,2.09922,10,2338,1.79322,-0.460196
1776813799264700690,1.11323,0.679688,0.0936251,0.219492,2.01883,2.15035,10,2335,1.79092,-0.306797
1776813799269693699,1.11323,0.609375,0.0913241,0.302578,2.2026,2.11028,10,2332,1.78862,-0.460288
1776813799274699467,1.12297,0.609375,0.0987677,0.149087,2.2026,2.11028,10,2331,1.78785,-0.460288
1776813799279697828,1.12297,0.568359,0.0980007,0.108072,2.13537,2.15139,10,2329,1.78632,-0.306773
1776813799284719819,1.12874,0.568359,0.102233,0.261586,2.13537,2.15139,10,2328,1.78555,-0.306773
1776813799289664995,1.12874,0.574219,0.101466,0.267446,2.1085,2.19281,10,2325,1.78325,-0.306797
1776813799294691930,1.13156,0.574219,0.10199,0.267422,2.1085,2.19281,10,2325,1.78325,-0.306797
1776813799299691939,1.13156,0.496094,0.10199,0.189297,2.14136,2.16691,10,2323,1.78172,-0.153429
1776813799304693411,1.13693,0.496094,0.105826,0.342665,2.14136,2.16691,10,2323,1.78172,-0.153429
1776813799309694939,1.13693,0.277344,0.105826,0.123915,2.10827,2.0776,10,2322,1.78095,-0.153429
1776813799314699356,1.14261,0.277344,0.110738,0.123915,2.10827,2.0776,10,2322,1.78095,-0.153429
1776813799319694847,1.14261,0.230469,0.110738,0.0770396,2.06591,2.08823,10,2322,1.78095,0
1776813799324696708,1.14396,0.230469,0.112088,0.230469,2.06591,2.08823,10,2321,1.78018,0
1776813799329695976,1.14396,0.130859,0.111321,0.130859,2.04603,2.04033,10,2321,1.78018,0
1776813799334704374,1.14396,0.130859,0.111321,0.130859,2.04603,2.04033,10,2321,1.78018,0
1776813799339657587,1.145,0.130859,0.11236,0.130859,1.85562,2.04715,10,2321,1.78018,0
1776813799344708818,1.145,0.130859,0.11236,0.130859,1.85562,2.04715,10,2321,1.78018,0
1776813799349694365,1.145,-0.00195312,0.11236,-0.00195312,1.85562,2.04715,10,2321,1.78018,0
1776813799354694800,1.14587,-0.00195312,0.113232,-0.00195312,2.01198,1.97717,10,2321,1.78018,0
1776813799359692865,1.14587,-0.0683594,0.113232,-0.0683594,1.9929,1.93932,10,2322,1.78095,0.153399
1776813799364689578,1.14544,-0.0683594,0.11356,0.0850391,1.9929,1.93932,10,2322,1.78095,0.153399
1776813799369726642,1.14544,-0.136719,0.11356,0.0166798,1.92783,1.89748,10,2323,1.78172,0.153368
1776813799374711151,1.14383,-0.136719,0.112719,0.0166491,1.92783,1.89748,10,2323,1.78172,0.153368
1776813799379719624,1.14383,-0.146484,0.112719,0.00688346,1.98093,1.88135,10,2323,1.78172,0
1776813799384734392,1.14307,-0.146484,0.11196,-0.146484,1.98093,1.88135,10,2323,1.78172,0
1776813799389669383,1.14307,-0.132812,0.11196,-0.132812,1.90642,1.88415,10,2323,1.78172,0
1776813799394699485,1.14098,-0.132812,0.109875,-0.132812,1.90642,1.88415,10,2323,1.78172,0
1776813799399710716,1.14098,-0.119141,0.109875,-0.119141,1.88288,1.87824,10,2323,1.78172,0
1776813799404696929,1.14039,-0.119141,0.109281,-0.119141,1.88288,1.87824,10,2323,1.78172,0
1776813799409746623,1.14039,-0.111328,0.109281,-0.111328,1.84178,1.87879,10,2323,1.78172,0
1776813799414700633,1.14039,-0.111328,0.109281,-0.111328,1.84178,1.87879,10,2323,1.78172,0
1776813799419699179,1.13846,-0.111328,0.10735,-0.111328,1.90837,1.86609,10,2322,1.78095,-0.153399
1776813799424697984,1.13846,-0.152344,0.106583,-0.305742,1.90837,1.86609,10,2322,1.78095,0
1776813799429705308,1.13671,-0.152344,0.10483,-0.152344,1.83639,1.83117,10,2321,1.78018,-0.153337
1776813799434718929,1.13671,-0.191406,0.104063,-0.344743,1.83639,1.83117,10,2320,1.77942,-0.153337
1776813799439667605,1.13492,-0.191406,0.101507,-0.344743,1.83639,1.83117,10,2320,1.77942,-0.153429
1776813799444693688,1.13492,-0.0664062,0.101507,-0.219835,1.8162,1.86837,10,2318,1.77788,-0.15346
1776813799449702179,1.13357,-0.0664062,0.0986241,-0.219866,1.8162,1.86837,10,2318,1.77788,-0.15346
1776813799454713669,1.13357,-0.126953,0.0986241,-0.280413,1.77199,1.82498,10,2318,1.77788,0
1776813799459701419,1.13266,-0.126953,0.0977142,-0.126953,1.77199,1.82498,10,2318,1.77788,0
1776813799464701891,1.13266,-0.208984,0.0977142,-0.208984,1.6969,1.77222,10,2318,1.77788,0
1776813799469702827,1.13088,-0.208984,0.0959323,-0.208984,1.6969,1.77222,10,2318,1.77788,0
1776813799474771928,1.13088,-0.207031,0.0959323,-0.207031,1.80996,1.76159,10,2319,1.77865,0.153337
1776813799479715641,1.12878,-0.207031,0.094607,-0.0536941,1.80996,1.76159,10,2319,1.77865,0.153337
1776813799484723299,1.12878,-0.171875,0.094607,-0.0185378,1.79712,1.76783,10,2321,1.78018,0.153399
1776813799489674345,1.12878,-0.171875,0.096141,-0.0184765,1.79712,1.76783,10,2322,1.78095,0.153399
1776813799494700558,1.12684,-0.171875,0.0949637,-0.0184765,1.77937,1.75499,10,2324,1.78249,0.153399
1776813799499703715,1.12684,-0.179688,0.0964976,-0.026289,1.70479,1.75054,10,2326,1.78402,0.306797
1776813799504715113,1.12431,-0.179688,0.0954996,0.12711,1.70479,1.75054,10,2327,1.78479,0.306797
1776813799509716289,1.12431,-0.146484,0.0962666,0.160313,1.76435,1.75274,10,2328,1.78555,0.153399
1776813799514710965,1.12267,-0.146484,0.0954,0.00691414,1.76435,1.75274,10,2329,1.78632,0.153399
1776813799519702771,1.12267,-0.103516,0.096167,0.0498829,1.89525,1.76644,10,2329,1.78632,0
1776813799524699169,1.12189,-0.103516,0.0953849,-0.103516,1.89525,1.76644,10,2330,1.78709,0
1776813799529700141,1.12189,0.0175781,0.0961518,0.0175781,1.78643,1.83029,10,2330,1.78709,0
1776813799534724428,1.12147,0.0175781,0.0957301,0.0175781,1.78643,1.83029,10,2330,1.78709,0
1776813799539658271,1.12147,0.216797,0.0957301,0.216797,1.82975,1.94106,10,2329,1.78632,0
1776813799544697539,1.12324,0.216797,0.096738,0.216797,1.82975,1.94106,10,2329,1.78632,0
1776813799549691289,1.12324,0.279297,0.096738,0.279297,1.97561,1.98842,10,2326,1.78402,-0.153429
1776813799554697317,1.1246,0.279297,0.0957888,0.125868,1.97561,1.98842,10,2325,1.78325,-0.153429
1776813799559813288,1.1246,0.361328,0.0950218,0.207899,2.06972,2.04411,10,2323,1.78172,-0.306797
1776813799564732131,1.1246,0.361328,0.0934878,0.0545311,2.06972,2.04411,10,2322,1.78095,-0.306797
1776813799569722159,1.12952,0.361328,0.0976453,0.0545311,2.06972,2.04411,10,2321,1.78018,-0.153368
1776813799574743520,1.12952,0.294922,0.0968783,0.141554,2.13469,2.03876,10,2319,1.77865,-0.153368
1776813799579760084,1.13459,0.294922,0.100412,0.141554,2.13469,2.03876,10,2318,1.77788,-0.153368
1776813799584765779,1.13459,0.199219,0.0996454,0.0458509,1.99908,2.01762,10,2317,1.77712,-0.153368
1776813799589680326,1.13713,0.199219,0.101416,0.0458509,1.99908,2.01762,10,2317,1.77712,-0.153368
1776813799594711501,1.13713,0.0976562,0.101416,-0.0557116,1.97508,1.97644,10,2316,1.77635,-0.153429
1776813799599713770,1.13848,0.0976562,0.102,-0.0557729,1.97508,1.97644,10,2316,1.77635,-0.153429
1776813799604703909,1.13848,0.03125,0.102,-0.122179,1.89225,1.94748,10,2315,1.77558,-0.153399
1776813799609705992,1.13907,0.03125,0.101821,-0.122149,1.89225,1.94748,10,2315,1.77558,-0.153399
1776813799614726057,1.13907,-0.0214844,0.101821,-0.174883,1.97114,1.92129,10,2315,1.77558,0
1776813799619708418,1.13921,-0.0214844,0.101964,-0.0214844,1.97114,1.92129,10,2315,1.77558,0
1776813799624732260,1.13921,-0.0742188,0.101964,-0.0742188,1.97289,1.89217,10,2315,1.77558,0
1776813799629716621,1.13878,-0.0742188,0.101536,-0.0742188,1.97289,1.89217,10,2315,1.77558,0
1776813799634699779,1.13878,-0.123047,0.101536,-0.123047,1.84137,1.86153,10,2315,1.77558,0
1776813799639696473,1.13878,-0.123047,0.101536,-0.123047,1.84137,1.86153,10,2315,1.77558,0
1776813799644698038,1.13788,-0.123047,0.100635,-0.123047,1.85926,1.8556,10,2315,1.77558,0
1776813799649702084,1.13788,-0.142578,0.100635,-0.142578,1.87445,1.84447,10,2315,1.77558,0
1776813799654693316,1.13652,-0.142578,0.099279,-0.142578,1.87445,1.84447,10,2316,1.77635,0
1776813799659698955,1.13652,-0.146484,0.100046,-0.146484,1.86776,1.83331,10,2317,1.77712,0
1776813799664698279,1.13429,-0.146484,0.0985777,-0.146484,1.86776,1.83331,10,2317,1.77712,0
1776813799669702510,1.13429,-0.142578,0.0985777,-0.142578,1.86776,1.83331,10,2317,1.77712,0.153399
1776813799674705501,1.1337,-0.142578,0.0979863,0.0108204,1.81613,1.81692,10,2318,1.77788,0.153368
1776813799679714973,1.1337,-0.0917969,0.0987533,0.061571,1.81531,1.84587,10,2319,1.77865,0.153368
1776813799684697834,1.1319,-0.0917969,0.0977278,0.061571,1.81531,1.84587,10,2319,1.77865,0.153368
1776813799689652362,1.1319,-0.0859375,0.0977278,0.0674303,1.88034,1.83739,10,2320,1.77942,0.153429
1776813799694693352,1.13146,-0.0859375,0.0980509,0.0674917,1.88034,1.83739,10,2320,1.77942,0.153429
1776813799699693473,1.13146,-0.0859375,0.0980509,0.0674917,1.88034,1.83739,10,2320,1.77942,0.153429
1776813799704701815,1.13027,-0.0625,0.0983896,-0.0625,1.89228,1.84783,10,2322,1.78095,0
1776813799709703658,1.13027,-0.0625,0.0983896,-0.0625,1.89228,1.84783,10,2322,1.78095,0
1776813799714702019,1.13027,-0.046875,0.0983896,-0.046875,1.87105,1.84885,10,2322,1.78095,0
1776813799719695676,1.12998,-0.046875,0.0981065,-0.046875,1.86376,1.84698,10,2323,1.78172,0.153368
1776813799724712130,1.12998,-0.0175781,0.0988735,0.13579,1.86376,1.84698,10,2323,1.78172,0.153368
1776813799729706806,1.12967,-0.0175781,0.0985567,0.13579,1.86376,1.84698,10,2323,1.78172,0
1776813799734696593,1.12967,0.046875,0.0985567,0.046875,1.88666,1.89833,10,2323,1.78172,0
1776813799739649825,1.12997,0.046875,0.0988638,0.046875,1.88666,1.89833,10,2323,1.78172,0
1776813799744688852,1.12997,0.0644531,0.0988638,0.0644531,1.86437,1.91038,10,2323,1.78172,0
1776813799749692343,1.13012,0.0644531,0.0990106,0.0644531,1.86437,1.91038,10,2323,1.78172,0
1776813799754694037,1.13012,0.0839844,0.0990106,0.0839844,1.95129,1.92248,10,2323,1.78172,0
1776813799759723528,1.13131,0.0839844,0.100197,0.0839844,1.95129,1.92248,10,2323,1.78172,0
1776813799764700463,1.13131,0.0820312,0.100197,0.0820312,1.94507,1.92919,10,2322,1.78095,-0.153399
1776813799769710398,1.13162,0.0820312,0.0997414,-0.0713673,1.97993,1.93124,10,2322,1.78095,0
1776813799774748685,1.13162,0.0429688,0.0997414,0.0429688,1.97993,1.93124,10,2322,1.78095,0
1776813799779730750,1.13282,0.0429688,0.100942,0.0429688,1.89691,1.91689,10,2322,1.78095,0
1776813799784713685,1.13282,0.0273438,0.100942,0.0273438,1.89691,1.91689,10,2322,1.78095,0
1776813799789663713,1.13282,0.0273438,0.100942,0.0273438,1.89691,1.91689,10,2322,1.78095,0
1776813799794731148,1.13369,0.0273438,0.101816,0.0273438,1.86266,1.91374,10,2322,1.78095,0
1776813799799720824,1.13369,-0.0332031,0.101816,-0.0332031,1.88718,1.87923,10,2322,1.78095,0
1776813799804699259,1.13371,-0.0332031,0.10183,-0.0332031,1.88718,1.87923,10,2322,1.78095,0
1776813799809709212,1.13371,-0.078125,0.10183,-0.078125,1.87676,1.85372,10,2322,1.78095,0
1776813799814709851,1.13281,-0.078125,0.100937,-0.078125,1.87676,1.85372,10,2322,1.78095,0
1776813799819726268,1.13281,-0.0859375,0.100937,-0.0859375,1.78899,1.84338,10,2322,1.78095,0
1776813799824706648,1.13234,-0.0859375,0.100464,-0.0859375,1.78899,1.84338,10,2322,1.78095,0
1776813799829721694,1.13234,-0.0683594,0.100464,-0.0683594,1.86259,1.85028,10,2322,1.78095,0
1776813799834705796,1.13116,-0.0683594,0.0992821,-0.0683594,1.86259,1.85028,10,2322,1.78095,0
1776813799839671305,1.13116,-0.0605469,0.0992821,-0.0605469,1.76178,1.84694,10,2322,1.78095,0
1776813799844691314,1.13101,-0.0605469,0.099136,-0.0605469,1.76178,1.84694,10,2322,1.78095,0
1776813799849716453,1.13101,-0.00390625,0.099136,-0.00390625,1.8231,1.87826,10,2322,1.78095,0
1776813799854705721,1.13042,-0.00390625,0.0985448,-0.00390625,1.8231,1.87826,10,2322,1.78095,0
1776813799859698823,1.13042,0.0117188,0.0985448,0.0117188,1.88136,1.88327,10,2322,1.78095,0
1776813799864703184,1.13042,0.0117188,0.0985448,0.0117188,1.88136,1.88327,10,2322,1.78095,0
1776813799869715323,1.13116,0.0117188,0.0992814,0.0117188,1.88136,1.88327,10,2322,1.78095,0
1776813799874701425,1.13116,0.0117188,0.0992814,0.0117188,1.88136,1.88327,10,2322,1.78095,0
1776813799879697305,1.13223,0.046875,0.10035,0.046875,1.94627,1.91522,10,2322,1.78095,0
1776813799884705203,1.13223,0.046875,0.10035,0.046875,1.94627,1.91522,10,2322,1.78095,0
1776813799889715564,1.13251,0.046875,0.100634,0.046875,1.94627,1.91522,10,2322,1.78095,0
1776813799894710239,1.13251,0.0292969,0.100634,0.0292969,1.98387,1.90706,10,2322,1.78095,0
1776813799899697082,1.13279,0.0292969,0.100916,0.0292969,1.98387,1.90706,10,2322,1.78095,0
1776813799904697573,1.13279,0.0136719,0.100916,0.0136719,1.92673,1.90002,10,2322,1.78095,0
1776813799909702249,1.1331,0.0136719,0.101224,0.0136719,1.92673,1.90002,10,2322,1.78095,0
1776813799914704202,1.1331,0.00390625,0.101224,0.00390625,1.913,1.89648,10,2322,1.78095,0
1776813799919731859,1.1331,0.00390625,0.101225,0.00390625,1.913,1.89648,10,2322,1.78095,0
1776813799924713721,1.1331,-0.00585938,0.101225,-0.00585938,1.92587,1.89092,10,2322,1.78095,0
1776813799929705730,1.1331,-0.00585938,0.101225,-0.00585938,1.92587,1.89092,10,2322,1.78095,0
1776813799934749313,1.1331,-0.00976562,0.101225,-0.00976562,1.83732,1.88869,10,2322,1.78095,0
1776813799939686989,1.1331,-0.00976562,0.101225,-0.00976562,1.83732,1.88869,10,2322,1.78095,0
1776813799944705146,1.13386,-0.00976562,0.101986,-0.00976562,1.98834,1.89371,10,2322,1.78095,0
1776813799949708619,1.13386,-0.00195312,0.101986,-0.00195312,1.81397,1.89816,10,2322,1.78095,0
1776813799954699572,1.1337,-0.00195312,0.101825,-0.00195312,1.81397,1.89816,10,2322,1.78095,0
1776813799959707896,1.1337,0,0.101825,0,1.9447,1.89822,10,2322,1.78095,0
1776813799964709628,1.1337,0,0.10182,0,1.9447,1.89822,10,2322,1.78095,0
1776813799969739507,1.1337,-0.00195312,0.10182,-0.00195312,1.92304,1.89707,10,2322,1.78095,0
1776813799974703091,1.1337,-0.00195312,0.10182,-0.00195312,1.92304,1.89707,10,2322,1.78095,0
1776813799979704526,1.1337,-0.00390625,0.10182,-0.00390625,1.88237,1.89595,10,2322,1.78095,0
1776813799984698461,1.1337,-0.00390625,0.10182,-0.00390625,1.88237,1.89595,10,2322,1.78095,0
1776813799989675378,1.1337,-0.0136719,0.10182,-0.0136719,1.9257,1.89039,10,2322,1.78095,0
1776813799994770664,1.13355,-0.0136719,0.101678,-0.0136719,1.9257,1.89039,10,2322,1.78095,0
1776813799999816710,1.13355,-0.0175781,0.101678,-0.0175781,1.88391,1.88723,10,2322,1.78095,0
1776813800004736535,1.13355,-0.0175781,0.101678,-0.0175781,1.88391,1.88723,10,2322,1.78095,0
1776813800009751544,1.13355,-0.0195312,0.101678,-0.0195312,1.86422,1.88611,10,2322,1.78095,0
1776813800014746886,1.13355,-0.0195312,0.101678,-0.0195312,1.86422,1.88611,10,2322,1.78095,0
1776813800019758692,1.13581,-0.0195312,0.103934,-0.0195312,1.86422,1.88611,10,2322,1.78095,0
1776813800024740776,1.13581,-0.00585938,0.103934,-0.00585938,1.90638,1.90877,10,2322,1.78095,0
1776813800029719470,1.1355,-0.00585938,0.103622,-0.00585938,1.90638,1.90877,10,2322,1.78095,0
1776813800034696332,1.1355,0.00976562,0.103622,0.00976562,1.78909,1.91562,10,2322,1.78095,0
1776813800039649915,1.13549,0.00976562,0.103617,0.00976562,1.78909,1.91562,10,2322,1.78095,0
1776813800044699758,1.13549,0.0214844,0.103617,0.0214844,1.90976,1.92226,10,2322,1.78095,0
1776813800049699267,1.13563,0.0214844,0.103759,0.0214844,1.90976,1.92226,10,2322,1.78095,0
1776813800054706702,1.13563,0.0195312,0.103759,0.0195312,1.90055,1.92209,10,2322,1.78095,0
1776813800059704952,1.13595,0.0195312,0.104071,0.0195312,1.90055,1.92209,10,2322,1.78095,0
1776813800064702721,1.13595,0.0175781,0.104071,0.0175781,1.90025,1.92303,10,2322,1.78095,0
1776813800069701712,1.13609,0.0175781,0.104213,0.0175781,1.90025,1.92303,10,2322,1.78095,0
1776813800074701758,1.13609,0.00585938,0.104213,0.00585938,1.9205,1.91729,10,2322,1.78095,0
1776813800079694323,1.13625,0.00585938,0.104375,0.00585938,1.9205,1.91729,10,2322,1.78095,0
1776813800084694110,1.13625,-0.00390625,0.104375,-0.00390625,1.93168,1.91278,10,2322,1.78095,0
1776813800089647009,1.13625,-0.00390625,0.104375,-0.00390625,1.93168,1.91278,10,2322,1.78095,0
1776813800094696906,1.13803,-0.00390625,0.106156,-0.00390625,1.92307,1.92451,10,2322,1.78095,0
1776813800099696860,1.13803,-0.00585938,0.106156,-0.00585938,1.98265,1.92339,10,2322,1.78095,0
1776813800104695018,1.13788,-0.00585938,0.106008,-0.00585938,1.98265,1.92339,10,2322,1.78095,0
1776813800109697434,1.13788,-0.00976562,0.106008,-0.00976562,1.90953,1.9202,10,2322,1.78095,0
1776813800114728184,1.13788,-0.00976562,0.106008,-0.00976562,1.90953,1.9202,10,2322,1.78095,0
1776813800119698027,1.13788,-0.00195312,0.106008,-0.00195312,1.97233,1.92465,10,2322,1.78095,0
1776813800124698981,1.13772,-0.00195312,0.105842,-0.00195312,1.97233,1.92465,10,2322,1.78095,0
1776813800129691435,1.13772,-0.00585938,0.105842,-0.00585938,1.91839,1.92133,10,2322,1.78095,0
1776813800134703370,1.13774,-0.00585938,0.105866,-0.00585938,1.91839,1.92133,10,2322,1.78095,0
1776813800139650713,1.13774,-0.00390625,0.105866,-0.00390625,1.88603,1.9226,10,2322,1.78095,0
1776813800144752906,1.13774,-0.00390625,0.105866,-0.00390625,1.88603,1.9226,10,2322,1.78095,0
1776813800149742120,1.13774,-0.00390625,0.105866,-0.00390625,1.99683,1.9226,10,2322,1.78095,0
1776813800154724425,1.13758,-0.00390625,0.1057,-0.00390625,1.99683,1.9226,10,2322,1.78095,0
1776813800159727712,1.13758,-0.00195312,0.1057,-0.00195312,1.97212,1.92262,10,2322,1.78095,0
1776813800164710129,1.13758,-0.00195312,0.1057,-0.00195312,1.97212,1.92262,10,2322,1.78095,0
1776813800169718953,1.13907,-0.00195312,0.107193,-0.00195312,1.97212,1.92262,10,2322,1.78095,0
1776813800174698426,1.13907,0.00585938,0.107193,0.00585938,1.8281,1.9369,10,2322,1.78095,0
1776813800179701343,1.13923,0.00585938,0.107359,0.00585938,1.8281,1.9369,10,2322,1.78095,0
1776813800184693519,1.13923,0.00390625,0.107359,0.00390625,1.9045,1.93688,10,2322,1.78095,0
1776813800189691398,1.13923,0.00390625,0.107359,0.00390625,1.9045,1.93688,10,2322,1.78095,0
1776813800194703741,1.13923,0.00390625,0.107359,0.00390625,1.89291,1.93688,10,2322,1.78095,0
1776813800199701917,1.13922,0.00390625,0.10734,0.00390625,1.89291,1.93688,10,2322,1.78095,0
1776813800204693185,1.13922,-0.00195312,0.10734,-0.00195312,1.96484,1.93341,10,2322,1.78095,0
1776813800209702454,1.13924,-0.00195312,0.107363,-0.00195312,1.96484,1.93341,10,2322,1.78095,0
1776813800214693167,1.13924,0.00390625,0.107363,0.00390625,1.94177,1.93691,10,2322,1.78095,0
1776813800219701862,1.13924,0.00390625,0.107363,0.00390625,1.94177,1.93691,10,2322,1.78095,0
1776813800224691667,1.13924,0.00390625,0.107363,0.00390625,1.95779,1.93691,10,2322,1.78095,0
1776813800229703862,1.13922,0.00390625,0.10734,0.00390625,1.95779,1.93691,10,2322,1.78095,0
1776813800234694130,1.13922,0.0078125,0.10734,0.0078125,1.84419,1.93898,10,2322,1.78095,0
1776813800239649214,1.13922,0.0078125,0.10734,0.0078125,1.84419,1.93898,10,2322,1.78095,0
1776813800244697241,1.14074,0.0078125,0.108862,0.0078125,1.94074,1.94899,10,2322,1.78095,0
1776813800249691103,1.14074,0.0078125,0.108862,0.0078125,1.9198,1.94899,10,2322,1.78095,0
1776813800254700353,1.14088,0.0078125,0.109005,0.0078125,1.9198,1.94899,10,2322,1.78095,0
1776813800259697177,1.14088,0.00390625,0.109005,0.00390625,1.95792,1.9477,10,2322,1.78095,0
1776813800264705297,1.14088,0.00390625,0.109005,0.00390625,1.95792,1.9477,10,2322,1.78095,0
1776813800269693677,1.14088,-0.00585938,0.109005,-0.00585938,1.94873,1.94213,10,2322,1.78095,0
1776813800274697557,1.14088,-0.00585938,0.109009,-0.00585938,1.94873,1.94213,10,2322,1.78095,0
1776813800279692696,1.14088,-0.00585938,0.109009,-0.00585938,1.98234,1.94216,10,2322,1.78095,0
1776813800284699242,1.14088,-0.00585938,0.109009,-0.00585938,1.98234,1.94216,10,2322,1.78095,0
1776813800289651918,1.14088,-0.0078125,0.109009,-0.0078125,1.86746,1.94105,10,2322,1.78095,0
1776813800294691853,1.14072,-0.0078125,0.108843,-0.0078125,1.86746,1.94105,10,2322,1.78095,0
1776813800299692825,1.14072,-0.0078125,0.108843,-0.0078125,1.98765,1.93996,10,2322,1.78095,0
1776813800304691742,1.14074,-0.0078125,0.108862,-0.0078125,1.98765,1.93996,10,2322,1.78095,0
1776813800309705955,1.14074,-0.00390625,0.108862,-0.00390625,1.86437,1.94231,10,2322,1.78095,0
1776813800314722927,1.14074,-0.00390625,0.108862,-0.00390625,1.86437,1.94231,10,2322,1.78095,0
1776813800319720992,1.1449,-0.00390625,0.113029,-0.00390625,1.86437,1.94231,10,2322,1.78095,0
1776813800324691983,1.1449,0,0.113029,0,2.00286,1.97192,10,2322,1.78095,0
1776813800329705474,1.14507,0,0.113194,0,2.00286,1.97192,10,2322,1.78095,0
1776813800334696428,1.14507,0.0117188,0.113194,0.0117188,1.88051,1.97968,10,2322,1.78095,0
1776813800339648160,1.14507,0.0117188,0.113194,0.0117188,1.88051,1.97968,10,2322,1.78095,0
1776813800344688632,1.14507,-0.00195312,0.113194,-0.00195312,1.95375,1.97189,10,2322,1.78095,0
1776813800349691437,1.14507,-0.00195312,0.11319,-0.00195312,1.95375,1.97189,10,2322,1.78095,0
1776813800354699872,1.14507,-0.00195312,0.11319,-0.00195312,1.95127,1.97186,10,2322,1.78095,0
1776813800359695160,1.14507,-0.00195312,0.113194,-0.00195312,1.95127,1.97186,10,2322,1.78095,0
1776813800364731409,1.14507,-0.00390625,0.113194,-0.00390625,1.89822,1.97078,10,2322,1.78095,0
1776813800369735919,1.14507,-0.00390625,0.113194,-0.00390625,1.89822,1.97078,10,2322,1.78095,0
1776813800374719372,1.14507,-0.0117188,0.113194,-0.0117188,2.00635,1.96632,10,2322,1.78095,0
1776813800379695104,1.14507,-0.0117188,0.113194,-0.0117188,2.00635,1.96632,10,2322,1.78095,0
1776813800384700762,1.14507,-0.00390625,0.113194,-0.00390625,2.13235,1.97078,10,2322,1.78095,0
1776813800389665308,1.14507,-0.00390625,0.113194,-0.00390625,2.13235,1.97078,10,2322,1.78095,0
1776813800394742539,1.14807,-0.00390625,0.116196,-0.00390625,1.97425,1.99048,10,2322,1.78095,0
1776813800399709586,1.14807,0.0078125,0.116196,0.0078125,1.98998,1.99716,10,2322,1.78095,0
1776813800404708391,1.14807,0.0078125,0.116196,0.0078125,1.98998,1.99716,10,2322,1.78095,0
1776813800409705141,1.14807,0.00195312,0.116196,0.00195312,1.99734,1.99382,10,2322,1.78095,0
1776813800414702799,1.14807,0.00195312,0.116196,0.00195312,1.99734,1.99382,10,2322,1.78095,0
1776813800419698753,1.14807,0.00390625,0.116196,0.00390625,1.95846,1.99494,10,2322,1.78095,0
1776813800424723243,1.14807,-0.00390625,0.116196,-0.00390625,1.95846,1.99494,10,2322,1.78095,0
1776813800429697234,1.14807,-0.00390625,0.116196,-0.00390625,1.98995,1.99048,10,2322,1.78095,0
1776813800434704392,1.14807,-0.00390625,0.116196,-0.00390625,1.98995,1.99048,10,2322,1.78095,0
1776813800439737642,1.14807,-0.00390625,0.116196,-0.00390625,1.98995,1.99048,10,2322,1.78095,0
1776813800444711633,1.14807,-0.00585938,0.116196,-0.00585938,2.05279,1.98937,10,2322,1.78095,0
1776813800449698623,1.14807,-0.00585938,0.116196,-0.00585938,2.05279,1.98937,10,2322,1.78095,0
1776813800454781780,1.14807,-0.00976562,0.116196,-0.00976562,1.98949,1.98714,10,2322,1.78095,0
1776813800459716327,1.14807,-0.00976562,0.116196,-0.00976562,1.98949,1.98714,10,2322,1.78095,0
1776813800464703577,1.15031,-0.00976562,0.118436,-0.00976562,1.98993,2.00183,10,2322,1.78095,0
1776813800469696290,1.15031,0.00195312,0.118436,0.00195312,1.99784,2.00851,10,2322,1.78095,0
1776813800474692355,1.15031,0.00195312,0.118436,0.00195312,1.99784,2.00851,10,2322,1.78095,0
1776813800479702642,1.15031,0.00390625,0.118436,0.00390625,2.07689,2.00963,10,2322,1.78095,0
1776813800484697318,1.15031,0.00390625,0.118436,0.00390625,2.07689,2.00963,10,2322,1.78095,0
1776813800489653032,1.15031,0.0078125,0.118436,0.0078125,2.02105,2.01185,10,2322,1.78095,0
1776813800494699393,1.15031,0.0078125,0.118436,0.0078125,2.02105,2.01185,10,2322,1.78095,0
1776813800499711587,1.15031,0.00390625,0.118436,0.00390625,1.90303,2.00963,10,2322,1.78095,0
1776813800504702670,1.15048,0.00390625,0.118602,0.00390625,1.90303,2.00963,10,2322,1.78095,0
1776813800509757531,1.15048,0,0.118602,0,1.93465,2.00849,10,2322,1.78095,0
1776813800514778503,1.15048,0,0.118602,0,1.93465,2.00849,10,2322,1.78095,0
1776813800519719957,1.15048,-0.00585938,0.118602,-0.00585938,2.02952,2.00515,10,2322,1.78095,0
1776813800524709319,1.15031,-0.00585938,0.118439,-0.00585938,2.02952,2.00515,10,2322,1.78095,0
1776813800529700995,1.15031,-0.00390625,0.118439,-0.00390625,2.07684,2.0052,10,2322,1.78095,0
1776813800534703245,1.15031,-0.00390625,0.118439,-0.00390625,2.07684,2.0052,10,2322,1.78095,0
1776813800539658032,1.15241,-0.00390625,0.120538,-0.00390625,2.07684,2.0052,10,2322,1.78095,0
1776813800544705097,1.15241,-0.00390625,0.120538,-0.00390625,1.95884,2.01896,10,2322,1.78095,0
1776813800549706143,1.15225,-0.00390625,0.120376,-0.00390625,1.95884,2.01896,10,2322,1.78095,0
1776813800554713930,1.15225,0.00585938,0.120376,0.00585938,1.96623,2.02346,10,2322,1.78095,0
1776813800559701106,1.15226,0.00585938,0.120381,0.00585938,1.96623,2.02346,10,2322,1.78095,0
1776813800564715523,1.15226,0,0.120381,0,2.0689,2.02015,10,2322,1.78095,0
1776813800569724236,1.15242,0,0.120548,0,2.0689,2.02015,10,2322,1.78095,0
1776813800574730819,1.15242,-0.00195312,0.120548,-0.00195312,2.02869,2.02013,10,2322,1.78095,0
1776813800579709162,1.15242,-0.00195312,0.120548,-0.00195312,2.02869,2.02013,10,2322,1.78095,0
1776813800584735541,1.15242,-0.00195312,0.120548,-0.00195312,1.98986,2.02013,10,2322,1.78095,0
1776813800589700570,1.15242,-0.00195312,0.120548,-0.00195312,1.98986,2.02013,10,2322,1.78095,0
1776813800594697671,1.15242,-0.00390625,0.120548,-0.00390625,2.00595,2.01902,10,2322,1.78095,0
1776813800599707903,1.15242,-0.00390625,0.120548,-0.00390625,2.00595,2.01902,10,2322,1.78095,0
1776813800604704690,1.15242,-0.00390625,0.120548,-0.00390625,1.93443,2.01902,10,2322,1.78095,0
1776813800609714236,1.15242,-0.00390625,0.120548,-0.00390625,1.93443,2.01902,10,2322,1.78095,0
1776813800614701394,1.15933,-0.00390625,0.127459,-0.00390625,2.06879,2.06426,10,2322,1.78095,0
1776813800619703700,1.15933,-0.00390625,0.127459,-0.00390625,1.96613,2.06426,10,2322,1.78095,0
1776813800624698839,1.15933,-0.00390625,0.127459,-0.00390625,1.96613,2.06426,10,2322,1.78095,0
1776813800629719792,1.15933,0,0.127459,0,1.99786,2.06649,10,2322,1.78095,0
1776813800634706246,1.15933,0,0.127459,0,1.99786,2.06649,10,2322,1.78095,0
1776813800639651756,1.15933,-0.00585938,0.127459,-0.00585938,2.06953,2.06315,10,2322,1.78095,0
1776813800644702709,1.15933,-0.00585938,0.127459,-0.00585938,2.06953,2.06315,10,2322,1.78095,0
1776813800649765384,1.15933,-0.0136719,0.127459,-0.0136719,2.08857,2.0587,10,2322,1.78095,0
1776813800654721913,1.15919,-0.0136719,0.127315,-0.0136719,2.08857,2.0587,10,2322,1.78095,0
1776813800659704904,1.15919,-0.0136719,0.127315,-0.0136719,2.03383,2.05776,10,2322,1.78095,0
1776813800664728802,1.15902,-0.0136719,0.127149,-0.0136719,2.03383,2.05776,10,2322,1.78095,0
1776813800669706904,1.15902,-0.0078125,0.127149,-0.0078125,2.09089,2.06001,10,2322,1.78095,0
1776813800674702413,1.15888,-0.0078125,0.127004,-0.0078125,2.09089,2.06001,10,2322,1.78095,0
1776813800679705034,1.15888,-0.00585938,0.127004,-0.00585938,2.05467,2.06017,10,2322,1.78095,0
1776813800684707413,1.16325,-0.00585938,0.13137,-0.00585938,2.05467,2.06017,10,2322,1.78095,0
1776813800689653405,1.16325,0,0.13137,0,2.04456,2.09205,10,2322,1.78095,0
1776813800694712598,1.16325,0,0.13137,0,2.04456,2.09205,10,2322,1.78095,0
1776813800699695701,1.16325,0.00390625,0.13137,0.00390625,2.12066,2.09428,10,2322,1.78095,0
1776813800704703284,1.16325,0.00390625,0.13137,0.00390625,2.12066,2.09428,10,2322,1.78095,0
1776813800709694682,1.16325,-0.00195312,0.13137,-0.00195312,2.1636,2.09094,10,2322,1.78095,0
1776813800714715784,1.16324,-0.00195312,0.131369,-0.00195312,2.1636,2.09094,10,2322,1.78095,0
1776813800719710460,1.16324,-0.00585938,0.131369,-0.00585938,2.05542,2.08871,10,2322,1.78095,0
1776813800724708821,1.16324,-0.00585938,0.131369,-0.00585938,2.05542,2.08871,10,2322,1.78095,0
1776813800729696942,1.16324,-0.00195312,0.131369,-0.00195312,2.12014,2.09093,10,2322,1.78095,0
1776813800734697729,1.16327,-0.00195312,0.131392,-0.00195312,2.12014,2.09093,10,2322,1.78095,0
1776813800739651794,1.16327,-0.00585938,0.131392,-0.00585938,2.15254,2.08885,10,2323,1.78172,0
1776813800744719580,1.1631,-0.00585938,0.131992,-0.00585938,2.15254,2.08885,10,2323,1.78172,0.15346
1776813800749708127,1.1631,-0.00585938,0.131992,0.147601,2.06572,2.08776,10,2323,1.78172,0
1776813800754707303,1.16642,-0.00585938,0.135309,-0.00585938,2.06572,2.08776,10,2323,1.78172,0
1776813800759706738,1.16642,-0.0078125,0.135309,-0.0078125,2.0876,2.10831,10,2323,1.78172,0
1776813800764700951,1.16642,-0.0078125,0.135309,-0.0078125,2.0876,2.10831,10,2323,1.78172,0
1776813800769708646,1.16642,0.00390625,0.135309,0.00390625,2.1429,2.11499,10,2323,1.78172,0
1776813800774737858,1.16642,0.00390625,0.135309,0.00390625,2.1429,2.11499,10,2323,1.78172,0
1776813800779746645,1.16642,0,0.135309,0,2.04593,2.11277,10,2323,1.78172,0
1776813800784691433,1.16642,0,0.135309,0,2.04593,2.11277,10,2323,1.78172,0
1776813800789649313,1.16642,0,0.135309,0,2.07844,2.11277,10,2323,1.78172,0
1776813800794729877,1.16642,0,0.135309,0,2.07844,2.11277,10,2323,1.78172,0
1776813800799719164,1.16642,0,0.135309,0,2.19647,2.11277,10,2323,1.78172,0
1776813800804700526,1.16642,-0.00390625,0.135309,-0.00390625,2.19647,2.11277,10,2323,1.78172,0
1776813800809714165,1.16642,-0.00390625,0.135314,-0.00390625,2.05798,2.11057,10,2323,1.78172,0
1776813800814701007,1.16642,-0.00976562,0.135314,-0.00976562,2.05798,2.11057,10,2323,1.78172,0
1776813800819706535,1.16642,-0.00976562,0.135314,-0.00976562,2.06647,2.10723,10,2323,1.78172,0
1776813800824704693,1.16897,-0.00976562,0.137863,-0.00976562,2.06647,2.10723,10,2323,1.78172,0
1776813800829717035,1.16897,-0.00195312,0.137863,-0.00195312,2.11097,2.12831,10,2323,1.78172,0
1776813800834707396,1.16899,-0.00195312,0.137886,-0.00195312,2.11097,2.12831,10,2323,1.78172,0
1776813800839693498,1.16899,0,0.137886,0,2.12302,2.12957,10,2323,1.78172,0
1776813800844709693,1.16899,0,0.137886,0,2.12302,2.12957,10,2323,1.78172,0
1776813800849701110,1.16899,-0.00195312,0.137886,-0.00195312,2.12885,2.12846,10,2323,1.78172,0
1776813800854692471,1.16899,-0.00195312,0.137886,-0.00195312,2.12885,2.12846,10,2323,1.78172,0
1776813800859702239,1.16899,-0.00390625,0.137886,-0.00390625,2.14863,2.12735,10,2323,1.78172,0
1776813800864690138,1.16899,-0.00390625,0.137886,-0.00390625,2.14863,2.12735,10,2323,1.78172,0
1776813800869698147,1.16899,-0.00390625,0.137886,-0.00390625,2.0905,2.12735,10,2323,1.78172,0
1776813800874695249,1.16883,-0.00390625,0.137719,-0.00390625,2.0905,2.12735,10,2323,1.78172,0
1776813800879697795,1.16883,0,0.137719,0,2.18153,2.12848,10,2323,1.78172,0
1776813800884796693,1.16883,0,0.137719,0,2.18153,2.12848,10,2323,1.78172,0
1776813800889687795,1.16883,-0.00585938,0.137719,-0.00585938,2.24077,2.12514,10,2323,1.78172,0
1776813800894758045,1.17109,-0.00585938,0.139981,-0.00585938,2.24077,2.12514,10,2323,1.78172,0
1776813800899743221,1.17109,0.00390625,0.139981,0.00390625,2.14215,2.14546,10,2323,1.78172,0
1776813800904803230,1.17111,0.00390625,0.140003,0.00390625,2.14215,2.14546,10,2323,1.78172,0
1776813800909719277,1.17111,-0.00390625,0.140003,-0.00390625,2.14852,2.14115,10,2323,1.78172,0
1776813800914718657,1.17109,-0.00390625,0.13998,-0.00390625,2.14852,2.14115,10,2323,1.78172,0
1776813800919701629,1.17109,0,0.13998,0,2.14899,2.14323,10,2323,1.78172,0
1776813800924704323,1.17112,0,0.140007,0,2.14899,2.14323,10,2323,1.78172,0
1776813800929700722,1.17112,0.00390625,0.140007,0.00390625,2.10323,2.14563,10,2323,1.78172,0
1776813800934710286,1.17109,0.00390625,0.13998,0.00390625,2.10323,2.14563,10,2323,1.78172,0
1776813800939690055,1.17109,-0.00195312,0.13998,-0.00195312,2.09606,2.14212,10,2323,1.78172,0
1776813800944716250,1.17109,-0.00195312,0.13998,-0.00195312,2.09606,2.14212,10,2323,1.78172,0
1776813800949700185,1.17109,-0.00195312,0.13998,-0.00195312,2.2012,2.14212,10,2323,1.78172,0
1776813800954712361,1.17109,-0.00195312,0.13998,-0.00195312,2.2012,2.14212,10,2323,1.78172,0
1776813800959695630,1.17109,-0.00390625,0.13998,-0.00390625,2.17547,2.141,10,2323,1.78172,0
1776813800964703009,1.17896,-0.00390625,0.14785,-0.00390625,2.17547,2.141,10,2323,1.78172,0
1776813800969690370,1.17896,-0.00195312,0.14785,-0.00195312,2.16224,2.19334,10,2323,1.78172,0
1776813800974709787,1.17896,-0.00195312,0.14785,-0.00195312,2.16224,2.19334,10,2323,1.78172,0
1776813800979698407,1.17896,-0.00390625,0.14785,-0.00390625,2.13583,2.19223,10,2323,1.78172,0
1776813800984724991,1.17898,-0.00390625,0.147876,-0.00390625,2.13583,2.19223,10,2323,1.78172,0
1776813800989682019,1.17898,-0.00195312,0.147876,-0.00195312,2.22804,2.19351,10,2323,1.78172,0
1776813800994704954,1.17898,-0.00195312,0.147876,-0.00195312,2.22804,2.19351,10,2323,1.78172,0
1776813800999709537,1.17898,-0.0117188,0.147876,-0.0117188,2.08584,2.18795,10,2323,1.78172,0
1776813801004699065,1.17881,-0.0117188,0.147704,-0.0117188,2.08584,2.18795,10,2323,1.78172,0
1776813801009703038,1.17881,-0.0195312,0.147704,-0.0195312,2.15491,2.18238,10,2324,1.78249,0
1776813801014697103,1.17884,-0.0195312,0.148497,-0.0195312,2.15491,2.18238,10,2324,1.78249,0.153429
1776813801019703797,1.17884,-0.015625,0.148497,0.137804,2.27119,2.18477,10,2324,1.78249,0
1776813801024750362,1.17853,-0.015625,0.148184,-0.015625,2.27119,2.18477,10,2324,1.78249,0
1776813801029767334,1.17853,-0.015625,0.148184,-0.015625,2.21916,2.18274,10,2324,1.78249,0
1776813801034724085,1.17853,-0.015625,0.148184,-0.015625,2.21916,2.18274,10,2324,1.78249,0
1776813801039675761,1.18337,-0.015625,0.153028,-0.015625,2.21916,2.18274,10,2324,1.78249,0
1776813801044719844,1.18337,-0.0078125,0.153028,-0.0078125,2.16979,2.21867,10,2324,1.78249,0
1776813801049720428,1.18322,-0.0078125,0.152882,-0.0078125,2.16979,2.21867,10,2324,1.78249,0
1776813801054698308,1.18322,-0.00585938,0.152882,-0.00585938,2.18637,2.21883,10,2324,1.78249,0
1776813801059700798,1.18306,-0.00585938,0.152715,-0.00585938,2.18637,2.21883,10,2324,1.78249,0
1776813801064693549,1.18306,-0.00585938,0.152715,-0.00585938,2.21928,2.21775,10,2324,1.78249,0
1776813801069692114,1.18308,-0.00585938,0.152736,-0.00585938,2.21928,2.21775,10,2324,1.78249,0
1776813801074691660,1.18308,-0.00976562,0.152736,-0.00976562,2.25349,2.21566,10,2324,1.78249,0
1776813801079704725,1.18291,-0.00976562,0.152569,-0.00976562,2.25349,2.21566,10,2324,1.78249,0
1776813801084699920,1.18291,-0.0078125,0.152569,-0.0078125,2.27127,2.21568,10,2324,1.78249,0
1776813801089655355,1.18291,-0.0078125,0.152569,-0.0078125,2.27127,2.21568,10,2325,1.78325,0
1776813801094693494,1.18291,-0.0136719,0.153336,-0.0136719,2.19404,2.21234,10,2325,1.78325,0.153368
1776813801099701392,1.18277,-0.0136719,0.153195,0.139696,2.19404,2.21234,10,2325,1.78325,0
1776813801104704105,1.18277,-0.0136719,0.153195,-0.0136719,2.20887,2.21143,10,2325,1.78325,0
1776813801109693115,1.18277,-0.0136719,0.153195,-0.0136719,2.20887,2.21143,10,2325,1.78325,0
1776813801114695717,1.18643,-0.0136719,0.156852,-0.0136719,2.16256,2.23517,10,2325,1.78325,0
1776813801119698282,1.18643,-0.00390625,0.156852,-0.00390625,2.19002,2.24073,10,2325,1.78325,0
1776813801124701643,1.18626,-0.00390625,0.156685,-0.00390625,2.19002,2.24073,10,2325,1.78325,0
1776813801129693282,1.18626,-0.00195312,0.156685,-0.00195312,2.24709,2.24076,10,2325,1.78325,0
1776813801134692829,1.18609,-0.00195312,0.156517,-0.00195312,2.24709,2.24076,10,2325,1.78325,0
1776813801139652024,1.18609,0,0.156517,0,2.26042,2.24079,10,2325,1.78325,0
1776813801144698959,1.18626,0,0.156685,0,2.26042,2.24079,10,2325,1.78325,0
1776813801149695209,1.18626,-0.00195312,0.156685,-0.00195312,2.33184,2.24076,10,2325,1.78325,0
1776813801154796310,1.18626,-0.00195312,0.156685,-0.00195312,2.33184,2.24076,10,2325,1.78325,0
1776813801159726357,1.18626,-0.00585938,0.156685,-0.00585938,2.26652,2.23853,10,2325,1.78325,0
1776813801164720163,1.1861,-0.00585938,0.156522,-0.00585938,2.26652,2.23853,10,2325,1.78325,0
1776813801169758746,1.1861,-0.00585938,0.156522,-0.00585938,2.16852,2.23748,10,2325,1.78325,0
1776813801174743904,1.18612,-0.00585938,0.156543,-0.00585938,2.16852,2.23748,10,2325,1.78325,0
1776813801179708802,1.18612,-0.0078125,0.156543,-0.0078125,2.24784,2.2365,10,2325,1.78325,0
1776813801184701904,1.18612,-0.0078125,0.156543,-0.0078125,2.24784,2.2365,10,2325,1.78325,0
1776813801189702451,1.18898,-0.0078125,0.15941,-0.0078125,2.24784,2.2365,10,2325,1.78325,0
1776813801194702071,1.18898,-0.0117188,0.15941,-0.0117188,2.16032,2.25287,10,2325,1.78325,0
1776813801199693692,1.18901,-0.0117188,0.159431,-0.0117188,2.16032,2.25287,10,2325,1.78325,0
1776813801204716572,1.18901,-0.00976562,0.159431,-0.00976562,2.16402,2.25412,10,2326,1.78402,0
1776813801209744081,1.18884,-0.00976562,0.160031,-0.00976562,2.17378,2.25303,10,2326,1.78402,0.153368
1776813801214693128,1.18884,-0.00976562,0.160031,0.143602,2.17378,2.25303,10,2326,1.78402,0
1776813801219695878,1.18886,-0.00976562,0.160052,-0.00976562,2.18697,2.25317,10,2326,1.78402,0
1776813801224693721,1.18886,-0.0253906,0.160052,-0.0253906,2.18697,2.25317,10,2326,1.78402,0
1776813801229692489,1.18855,-0.0253906,0.159738,-0.0253906,2.16449,2.24223,10,2326,1.78402,0
1776813801234692758,1.18855,-0.0351562,0.159738,-0.0351562,2.16449,2.24223,10,2327,1.78479,0.153399
1776813801239650379,1.18824,-0.0351562,0.160195,0.118242,2.21888,2.23465,10,2327,1.78479,0
1776813801244691110,1.18824,-0.0449219,0.160195,-0.0449219,2.21888,2.23465,10,2328,1.78555,0
1776813801249695712,1.18809,-0.0449219,0.160816,-0.0449219,2.22198,2.22814,10,2328,1.78555,0.153399
1776813801254704684,1.18809,-0.078125,0.160816,0.0752735,2.22198,2.22814,10,2329,1.78632,0
1776813801259715749,1.18809,-0.078125,0.161583,-0.078125,2.24725,2.20921,10,2330,1.78709,0.153399
1776813801264712462,1.19754,-0.078125,0.171796,0.0752735,2.24725,2.20921,10,2331,1.78785,0.153344
1776813801269692528,1.19754,-0.130859,0.172563,0.0224846,2.21999,2.24032,10,2332,1.78862,0.153399
1776813801274706796,1.196,-0.130859,0.171796,0.0225391,2.21999,2.24032,10,2332,1.78862,0.153429
1776813801279700250,1.196,-0.148438,0.171796,0.0049917,2.16221,2.22038,10,2333,1.78939,0
1776813801284698797,1.1954,-0.148438,0.171958,-0.148438,2.16221,2.22038,10,2333,1.78939,0.153368
1776813801289650529,1.1954,-0.148438,0.171958,0.00493033,2.18638,2.21647,10,2335,1.79092,0.153399
1776813801294690001,1.19296,-0.148438,0.171057,0.00496101,2.18638,2.21647,10,2335,1.79092,0.153429
1776813801299692973,1.19296,-0.136719,0.171057,0.0167104,2.22898,2.20739,10,2336,1.79169,0
1776813801304716816,1.19235,-0.136719,0.171216,-0.136719,2.22898,2.20739,10,2337,1.79246,0.153368
1776813801309696714,1.19235,-0.109375,0.171983,0.0439928,2.24484,2.21903,10,2338,1.79322,0.153399
1776813801314704520,1.19053,-0.109375,0.170925,0.0440235,2.24484,2.21903,10,2339,1.79399,0.153399
1776813801319696011,1.19053,-0.107422,0.171692,0.0459766,2.21644,2.20833,10,2340,1.79476,0.153368
1776813801324699890,1.18992,-0.107422,0.171851,0.045946,2.21644,2.20833,10,2341,1.79552,0.153429
1776813801329693067,1.18992,-0.158203,0.172618,-0.00477393,2.18933,2.17544,10,2342,1.79629,0.153429
1776813801334768279,1.18992,-0.158203,0.173385,-0.00477393,2.18933,2.17544,10,2343,1.79706,0.153399
1776813801339678808,1.19404,-0.158203,0.178268,-0.00480461,2.18933,2.17544,10,2344,1.79783,0.153399
1776813801344694039,1.19404,-0.162109,0.179035,-0.00871086,2.22032,2.19987,10,2345,1.79859,0.153368
1776813801349766881,1.1916,-0.162109,0.177368,-0.00874154,2.22032,2.19987,10,2346,1.79936,0.153399
1776813801354723521,1.1916,-0.150391,0.178135,0.00300789,2.09264,2.19079,10,2347,1.80013,0.153368
1776813801359715641,1.19083,-0.150391,0.178127,0.00297721,2.09264,2.19079,10,2348,1.80089,0.30692
1776813801364696707,1.19083,-0.150391,0.178894,0.156529,2.16382,2.18577,10,2350,1.80243,0.153368
1776813801369706438,1.18871,-0.150391,0.178311,0.00297721,2.16382,2.18577,10,2351,1.80319,0.153429
1776813801374729484,1.18871,-0.173828,0.179078,-0.0203989,2.18477,2.15869,10,2353,1.80473,0.306736
1776813801379713309,1.18779,-0.173828,0.179691,0.132908,2.18477,2.15869,10,2354,1.8055,0.153399
1776813801384700689,1.18779,-0.269531,0.180458,-0.116133,2.13926,2.09817,10,2357,1.8078,0.306797
1776813801389658606,1.18447,-0.269531,0.179438,0.0372658,2.13926,2.09817,10,2359,1.80933,0.306736
1776813801394696985,1.18447,-0.304688,0.180972,0.00204816,2.07163,2.05658,10,2362,1.81163,0.46038
1776813801399709532,1.18309,-0.304688,0.181898,0.155692,2.07163,2.05658,10,2364,1.81317,0.306613
1776813801404764837,1.18309,-0.404297,0.183432,-0.0976838,2.05629,1.99088,10,2368,1.81623,0.460288
1776813801409721569,1.18309,-0.404297,0.1865,0.0559907,2.05629,1.99088,10,2370,1.81777,0.460288
1776813801414699393,1.1822,-0.404297,0.187142,0.0559907,2.01692,1.98508,10,2373,1.82007,0.460104
1776813801419702403,1.1822,-0.476562,0.189443,-0.016459,2.02901,1.94389,10,2377,1.82314,0.460288
1776813801424697931,1.1757,-0.476562,0.186007,-0.0162749,2.02901,1.94389,10,2379,1.82467,0.459736
1776813801429698940,1.1757,-0.503906,0.187541,-0.0441704,2.04257,1.88602,10,2383,1.82774,0.460656
1776813801434692950,1.17069,-0.503906,0.185603,-0.0432501,2.04257,1.88602,10,2385,1.82927,0.460288
1776813801439649200,1.17069,-0.5,0.187137,-0.0397124,1.91341,1.85564,10,2389,1.83234,0.46008
1776813801444692191,1.16829,-0.5,0.187804,-0.0399203,1.91341,1.85564,10,2390,1.83311,0.460288
1776813801449753625,1.16829,-0.419922,0.188571,0.0403657,1.96131,1.88563,10,2393,1.83541,0.306736
1776813801454735691,1.16122,-0.419922,0.183801,-0.113186,1.96131,1.88563,10,2394,1.83617,0.306797
1776813801459715571,1.16122,-0.375,0.184568,-0.068203,1.8747,1.86507,10,2397,1.83848,0.306858
1776813801464701469,1.15926,-0.375,0.184905,-0.0681416,1.8747,1.86507,10,2398,1.83924,0.306797
1776813801469694775,1.15926,-0.257812,0.185672,0.0489845,1.91612,1.91903,10,2399,1.84001,0.153337
1776813801474701284,1.15461,-0.257812,0.181793,-0.104475,1.91612,1.91903,10,2400,1.84078,0.153399
1776813801479695368,1.15461,-0.203125,0.18256,-0.0497265,1.85356,1.91979,10,2401,1.84154,0.15346
1776813801484707414,1.15461,-0.203125,0.183327,-0.0496651,1.85356,1.91979,10,2402,1.84231,0.153368
1776813801489654628,1.15595,-0.203125,0.185437,-0.0497572,1.85356,1.91979,10,2403,1.84308,0.153399
1776813801494690433,1.15595,-0.160156,0.186204,-0.00675774,1.92327,1.95308,10,2403,1.84308,0.153429
1776813801499691220,1.15417,-0.160156,0.184417,-0.00672705,1.92327,1.95308,10,2403,1.84308,0
1776813801504719637,1.15417,-0.0664062,0.184417,-0.0664062,1.97566,1.99482,10,2404,1.84384,0
1776813801509702498,1.15235,-0.0664062,0.18337,-0.0664062,1.97566,1.99482,10,2404,1.84384,0.153399
1776813801514705452,1.15235,-0.0332031,0.18337,0.120195,1.88361,2.00185,10,2404,1.84384,0
1776813801519697647,1.15207,-0.0332031,0.183083,-0.0332031,1.88361,2.00185,10,2404,1.84384,0
1776813801524703378,1.15207,0.0234375,0.183083,0.0234375,1.96567,2.03226,10,2404,1.84384,0
1776813801529693573,1.15206,0.0234375,0.183077,0.0234375,1.96567,2.03226,10,2404,1.84384,0
1776813801534697027,1.15206,0.03125,0.183077,0.03125,2.00694,2.03668,10,2404,1.84384,0
1776813801539653018,1.1522,0.03125,0.183221,0.03125,2.00694,2.03668,10,2404,1.84384,0
1776813801544794878,1.1522,0.00976562,0.183221,0.00976562,1.97826,2.02537,10,2404,1.84384,0
1776813801549744184,1.15252,0.00976562,0.183541,0.00976562,1.97826,2.02537,10,2404,1.84384,0
1776813801554703342,1.15252,0,0.183541,0,2.00714,2.0219,10,2404,1.84384,0
1776813801559739277,1.15252,0,0.183541,0,2.00714,2.0219,10,2404,1.84384,0
1776813801564718694,1.165,0,0.196017,0,2.08314,2.1035,10,2404,1.84384,0
1776813801569724093,1.165,-0.0175781,0.196017,-0.0175781,1.99578,2.09349,10,2404,1.84384,0
1776813801574719546,1.16485,-0.0175781,0.195872,-0.0175781,1.99578,2.09349,10,2404,1.84384,0
1776813801579720389,1.16485,-0.0273438,0.195872,-0.0273438,1.98427,2.08697,10,2405,1.84461,0.153399
1776813801584695510,1.16454,-0.0273438,0.196323,0.126055,1.98427,2.08697,10,2405,1.84461,0
1776813801589660575,1.16454,-0.0722656,0.196323,-0.0722656,1.9901,2.0593,10,2406,1.84538,0.153399
1776813801594695066,1.16408,-0.0722656,0.196634,0.0811329,1.9901,2.0593,10,2407,1.84615,0.153429
1776813801599704501,1.16408,-0.136719,0.197401,0.0167104,2.06639,2.01959,10,2409,1.84768,0.153429
1776813801604700436,1.16303,-0.136719,0.197885,0.0167104,2.06639,2.01959,10,2409,1.84768,0.153368
1776813801609716964,1.16303,-0.185547,0.197885,-0.032179,2.00848,1.9849,10,2411,1.84921,0.153429
1776813801614696252,1.16138,-0.185547,0.197769,-0.0321177,2.00848,1.9849,10,2412,1.84998,0.153368
1776813801619697020,1.16138,-0.216797,0.198536,-0.063429,1.96582,1.95631,10,2414,1.85151,0.153399
1776813801624699270,1.15944,-0.216797,0.198129,-0.0633984,1.96582,1.95631,10,2415,1.85228,0.306797
1776813801629701835,1.15944,-0.244141,0.198896,0.0626564,1.90697,1.92803,10,2417,1.85382,0.153399
1776813801634691956,1.15944,-0.244141,0.20043,-0.0907421,1.90697,1.92803,10,2419,1.85535,0.306858
1776813801639661503,1.16349,-0.244141,0.206015,0.0627178,1.90697,1.92803,10,2421,1.85688,0.306797
1776813801644688716,1.16349,-0.291016,0.207549,0.0157814,1.97302,1.92779,10,2424,1.85918,0.459277
1776813801649688818,1.16093,-0.291016,0.207285,0.168261,1.97302,1.92779,10,2426,1.86072,0.30735
1776813801654698753,1.16093,-0.398438,0.208819,-0.0910872,1.84997,1.8498,10,2429,1.86302,0.459644
1776813801659752706,1.15584,-0.398438,0.206032,0.0612065,1.84997,1.8498,10,2431,1.86455,0.307166
1776813801664719401,1.15584,-0.429688,0.207566,-0.122522,2.06476,1.7987,10,2434,1.86685,0.460288
1776813801669703466,1.15374,-0.429688,0.207765,0.0306001,2.06476,1.7987,10,2436,1.86839,0.460104
1776813801674701679,1.15374,-0.455078,0.209299,0.00502539,1.84809,1.77046,10,2440,1.87146,0.306797
1776813801679704022,1.14683,-0.455078,0.20546,-0.148281,1.84809,1.77046,10,2441,1.87222,0.46008
1776813801684693328,1.14683,-0.431641,0.206227,0.0284391,1.84183,1.73853,10,2444,1.87452,0.306858
1776813801689672801,1.14476,-0.431641,0.206457,-0.124782,1.80634,1.72494,10,2446,1.87606,0.306736
1776813801694698513,1.14476,-0.332031,0.207991,-0.0252956,1.80634,1.72494,10,2448,1.87759,0.30692
1776813801699692282,1.13891,-0.332031,0.20368,-0.0251114,1.76061,1.74329,10,2449,1.87836,0.30692
1776813801704701273,1.13891,-0.294922,0.204447,0.0119979,1.76061,1.74329,10,2450,1.87913,0.153399
1776813801709701597,1.13891,-0.294922,0.205214,-0.141523,1.78786,1.76444,10,2451,1.87989,0.153368
1776813801714717162,1.14221,-0.294922,0.209279,-0.141554,1.78786,1.76444,10,2452,1.88066,0.153399
1776813801719700190,1.14221,-0.181641,0.210046,-0.0282421,1.80995,1.8507,10,2452,1.88066,0.153429
1776813801724694959,1.13847,-0.181641,0.206307,-0.0282114,1.80995,1.8507,10,2452,1.88066,0
1776813801729700098,1.13847,-0.0722656,0.206307,-0.0722656,1.79865,1.88846,10,2453,1.88143,0
1776813801734703144,1.13656,-0.0722656,0.205161,-0.0722656,1.79865,1.88846,10,2453,1.88143,0.153337
1776813801739660839,1.13656,-0.0351562,0.205161,0.118181,1.78162,1.89701,10,2453,1.88143,0
1776813801744697108,1.13625,-0.0351562,0.204847,-0.0351562,1.78162,1.89701,10,2453,1.88143,0
1776813801749697191,1.13625,0.03125,0.204847,0.03125,1.91259,1.9328,10,2453,1.88143,0
1776813801754700312,1.13624,0.03125,0.204841,0.03125,1.91259,1.9328,10,2453,1.88143,0
1776813801759693784,1.13624,0.0351562,0.204841,0.0351562,1.9796,1.93499,10,2453,1.88143,0
1776813801764765645,1.13638,0.0351562,0.204983,0.0351562,1.9796,1.93499,10,2453,1.88143,0
1776813801769718692,1.13638,0.0234375,0.204983,0.0234375,1.97572,1.92924,10,2453,1.88143,0
1776813801774723331,1.13682,0.0234375,0.20542,0.0234375,1.97572,1.92924,10,2453,1.88143,0
1776813801779840209,1.13682,0.0078125,0.20542,0.0078125,1.97572,1.92924,10,2453,1.88143,0
1776813801784741534,1.14057,0.0078125,0.209171,0.0078125,1.9446,1.92321,10,2453,1.88143,0
1776813801789661748,1.14057,0.0078125,0.209171,0.0078125,1.9446,1.92321,10,2453,1.88143,0
1776813801794739331,1.14042,-0.0078125,0.209024,-0.0078125,1.92774,1.93899,10,2453,1.88143,0
1776813801799755377,1.14042,-0.015625,0.209024,-0.015625,1.93259,1.93357,10,2453,1.88143,0
1776813801804706739,1.14042,-0.015625,0.209018,-0.015625,1.93259,1.93357,10,2453,1.88143,0
1776813801809702489,1.14042,-0.0214844,0.209018,-0.0214844,1.92303,1.93019,10,2453,1.88143,0
1776813801814697888,1.14011,-0.0214844,0.20871,-0.0214844,1.92303,1.93019,10,2453,1.88143,0
1776813801819711582,1.14011,-0.03125,0.20871,-0.03125,1.91088,1.92259,10,2454,1.88219,0.153337
1776813801824730703,1.14011,-0.03125,0.209477,0.122087,1.91088,1.92259,10,2454,1.88219,0
1776813801829708694,1.14011,-0.0605469,0.209477,-0.0605469,1.90692,1.90589,10,2455,1.88296,0
1776813801834696814,1.14011,-0.0605469,0.210244,-0.0605469,1.90692,1.90589,10,2456,1.88373,0.153368
1776813801839662787,1.14223,-0.0605469,0.213135,0.092821,1.90692,1.90589,10,2456,1.88373,0.153429
1776813801844697370,1.14223,-0.111328,0.213135,0.0421011,1.91327,1.89091,10,2457,1.8845,0.153399
1776813801849692213,1.14088,-0.111328,0.212553,0.0420704,1.91327,1.89091,10,2458,1.88526,0
1776813801854690945,1.14088,-0.125,0.21332,-0.125,1.83043,1.87425,10,2459,1.88603,0.153337
1776813801859712250,1.14029,-0.125,0.213488,0.0283372,1.83043,1.87425,10,2459,1.88603,0.153429
1776813801864696945,1.14029,-0.136719,0.213488,0.0167104,1.92192,1.86364,10,2460,1.8868,0.153368
1776813801869700843,1.13834,-0.136719,0.212306,0.0166491,1.92192,1.86364,10,2461,1.88756,0
1776813801874697519,1.13834,-0.136719,0.213073,-0.136719,1.94754,1.85081,10,2462,1.88833,0.153399
1776813801879704862,1.13758,-0.136719,0.213081,0.0166798,1.94754,1.85081,10,2463,1.8891,0.153368
1776813801884696186,1.13758,-0.138672,0.213848,0.014696,1.79717,1.84471,10,2464,1.88986,0.153368
1776813801889651789,1.1355,-0.138672,0.212541,0.014696,1.79717,1.84471,10,2465,1.89063,0.153399
1776813801894698872,1.1355,-0.140625,0.213308,0.0127735,1.79154,1.82994,10,2466,1.8914,0.15346
1776813801899692566,1.13475,-0.140625,0.213318,0.0128349,1.79154,1.82994,10,2467,1.89217,0.153368
1776813801904694965,1.13475,-0.189453,0.214085,-0.0360853,1.85124,1.79712,10,2469,1.8937,0.306858
1776813801909691882,1.13475,-0.189453,0.215619,0.117405,1.85124,1.79712,10,2470,1.89447,0.153368
1776813801914754002,1.14253,-0.189453,0.224168,-0.0360853,1.8473,1.84832,10,2472,1.896,0.306797
1776813801919715530,1.14253,-0.240234,0.225702,0.0665627,1.74583,1.81938,10,2474,1.89753,0.306736
1776813801924710354,1.13922,-0.240234,0.22393,0.0665013,1.74583,1.81938,10,2476,1.89907,0.306858
1776813801929696678,1.13922,-0.289062,0.225464,0.0177959,1.73146,1.76981,10,2479,1.90137,0.306797
1776813801934703077,1.13655,-0.289062,0.225087,0.0177345,1.73146,1.76981,10,2481,1.9029,0.306858
1776813801939656105,1.13655,-0.318359,0.226621,-0.011501,1.82574,1.73549,10,2484,1.9052,0.460104
1776813801944696855,1.13506,-0.318359,0.227435,0.141744,1.82574,1.73549,10,2486,1.90674,0.306736
1776813801949700161,1.13506,-0.416016,0.228969,-0.10928,1.8242,1.67003,10,2490,1.90981,0.460288
1776813801954695114,1.12956,-0.416016,0.226541,0.0442719,1.8242,1.67003,10,2492,1.91134,0.460196
1776813801959693513,1.12956,-0.476562,0.228075,-0.016367,1.80565,1.59929,10,2496,1.91441,0.460288
1776813801964694967,1.12511,-0.476562,0.226692,-0.0162749,1.80565,1.59929,10,2498,1.91594,0.459988
1776813801969693272,1.12511,-0.474609,0.228226,-0.0146216,1.74487,1.57102,10,2501,1.91824,0.460288
1776813801974714559,1.12036,-0.474609,0.225773,-0.0143218,1.74487,1.57102,10,2503,1.91978,0.306858
1776813801979697162,1.12036,-0.416016,0.227307,-0.109157,1.65932,1.573,10,2505,1.92131,0.306736
1776813801984701745,1.12036,-0.416016,0.228841,-0.10928,1.65932,1.573,10,2506,1.92208,0.306858
1776813801989650810,1.12139,-0.416016,0.230637,-0.109157,1.65932,1.573,10,2508,1.92361,0.306674
1776813801994689745,1.12139,-0.316406,0.232171,-0.00973189,1.53736,1.63659,10,2509,1.92438,0.153429
1776813801999700681,1.11767,-0.316406,0.22922,-0.162977,1.53736,1.63659,10,2510,1.92515,0.153429
1776813802004704357,1.11767,-0.169922,0.229987,-0.0164927,1.55828,1.69548,10,2511,1.92591,0.153337
1776813802009691903,1.11397,-0.169922,0.227053,-0.0165847,1.55828,1.69548,10,2511,1.92591,0.153429
1776813802014702265,1.11397,-0.140625,0.227053,0.0128042,1.66255,1.68767,10,2512,1.92668,0
1776813802019691404,1.11325,-0.140625,0.227099,-0.140625,1.66255,1.68767,10,2512,1.92668,0.15346
1776813802024690802,1.11325,-0.0742188,0.227099,0.0792412,1.71175,1.72075,10,2513,1.92745,0
1776813802029698645,1.11177,-0.0742188,0.22639,-0.0742188,1.71175,1.72075,10,2513,1.92745,0.153429
1776813802034692673,1.11177,-0.0664062,0.22639,0.0870229,1.71116,1.71541,10,2513,1.92745,0
1776813802039657405,1.11146,-0.0664062,0.22608,-0.0664062,1.71116,1.71541,10,2514,1.92821,0
1776813802044689618,1.11146,-0.0722656,0.226847,-0.0722656,1.71914,1.71002,10,2515,1.92898,0.153429
1776813802049694535,1.11043,-0.0722656,0.226584,0.0811636,1.71914,1.71002,10,2515,1.92898,0.153368
1776813802054697730,1.11043,-0.0800781,0.226584,0.0732897,1.76068,1.69873,10,2516,1.92975,0
1776813802059811812,1.11043,-0.0800781,0.227351,-0.0800781,1.76068,1.69873,10,2516,1.92975,0.153399
1776813802064758896,1.11413,-0.0800781,0.231051,0.0733204,1.67844,1.72326,10,2517,1.93051,0
1776813802069724943,1.11413,-0.0957031,0.231818,-0.0957031,1.69874,1.71436,10,2518,1.93128,0.153399
1776813802074701638,1.11206,-0.0957031,0.23051,0.0576954,1.69874,1.71436,10,2518,1.93128,0.153399
1776813802079718203,1.11206,-0.0722656,0.23051,0.0811329,1.72621,1.71396,10,2518,1.93128,0
1776813802084699454,1.11133,-0.0722656,0.229786,-0.0722656,1.72621,1.71396,10,2519,1.93205,0
1776813802089660964,1.11133,-0.0546875,0.230553,-0.0546875,1.71799,1.71918,10,2519,1.93205,0.15346
1776813802094692621,1.11058,-0.0546875,0.229802,0.0987724,1.71799,1.71918,10,2519,1.93205,0
1776813802099698390,1.11058,-0.0410156,0.229802,-0.0410156,1.75416,1.722,10,2520,1.93282,0
1776813802104702418,1.11013,-0.0410156,0.23012,-0.0410156,1.75416,1.722,10,2520,1.93282,0.153429
1776813802109704242,1.11013,-0.0390625,0.23012,0.114367,1.71289,1.72013,10,2520,1.93282,0
1776813802114711677,1.10969,-0.0390625,0.22968,-0.0390625,1.71289,1.72013,10,2521,1.93358,0
1776813802119726965,1.10969,-0.0585938,0.230447,-0.0585938,1.65221,1.70608,10,2522,1.93435,0.153368
1776813802124728307,1.10925,-0.0585938,0.230776,0.0947741,1.65221,1.70608,10,2522,1.93435,0.153399
1776813802129744539,1.10925,-0.0957031,0.230776,0.0576954,1.7077,1.68202,10,2523,1.93512,0
1776813802134709901,1.10925,-0.0957031,0.231543,-0.0957031,1.7077,1.68202,10,2524,1.93588,0.153429
1776813802139661892,1.11162,-0.0957031,0.234678,0.0577261,1.7077,1.68202,10,2525,1.93665,0.153368
1776813802144697383,1.11162,-0.148438,0.235445,0.00493033,1.62643,1.66767,10,2527,1.93818,0.306858
1776813802149707170,1.11046,-0.148438,0.235814,0.158421,1.62643,1.66767,10,2528,1.93895,0.153307
1776813802154698717,1.11046,-0.226562,0.236581,-0.073256,1.60099,1.61541,10,2530,1.94049,0.15346
1776813802159700541,1.1075,-0.226562,0.235159,-0.0731026,1.60099,1.61541,10,2531,1.94125,0.306797
1776813802164762328,1.10689,-0.238281,0.23685,-0.0849134,1.62951,1.58912,10,2534,1.94355,0.306797
1776813802169722375,1.10689,-0.265625,0.237617,0.041172,1.60303,1.56948,10,2536,1.94509,0.306858
1776813802174713866,1.10381,-0.265625,0.236071,0.0412334,1.60303,1.56948,10,2537,1.94585,0.306858
1776813802179706523,1.10381,-0.296875,0.236838,0.00998339,1.6126,1.53121,10,2539,1.94739,0.306797
1776813802184701126,1.10102,-0.296875,0.235586,0.00992203,1.6126,1.53121,10,2541,1.94892,0.306797
1776813802189662043,1.10102,-0.339844,0.23712,-0.0330467,1.50932,1.48819,10,2544,1.95122,0.306797
1776813802194779255,1.09777,-0.339844,0.236165,-0.0330467,1.50932,1.48819,10,2545,1.95199,0.460104
1776813802199730932,1.09777,-0.353516,0.236932,0.106588,1.54657,1.45874,10,2548,1.95429,0.306858
1776813802204702645,1.09777,-0.353516,0.239233,-0.0466572,1.54657,1.45874,10,2549,1.95506,0.306858
1776813802209722006,1.10721,-0.353516,0.249444,-0.0466572,1.54657,1.45874,10,2551,1.95659,0.306712
1776813802214704460,1.10721,-0.337891,0.250978,-0.0311788,1.53446,1.53042,10,2554,1.95889,0.306797
1776813802219701711,1.09909,-0.337891,0.245158,-0.0310936,1.53446,1.53042,10,2555,1.95966,0.306858
1776813802224840700,1.09909,-0.302734,0.245925,0.00412402,1.37313,1.49649,10,2557,1.96119,0.153368
1776813802229748378,1.09821,-0.302734,0.246573,-0.149367,1.37313,1.49649,10,2557,1.96119,0.306736
1776813802234693776,1.09821,-0.216797,0.246573,0.0899388,1.59009,1.53958,10,2559,1.96273,0.153399
1776813802239650064,1.09365,-0.216797,0.243547,-0.0633984,1.59009,1.53958,10,2559,1.96273,0.15346
1776813802244692296,1.09365,-0.193359,0.243547,-0.0398995,1.54965,1.52256,10,2560,1.9635,0.153399
1776813802249692898,1.09307,-0.193359,0.243734,-0.0399609,1.54965,1.52256,10,2561,1.96426,0.15297
1776813802254694537,1.09307,-0.138672,0.244501,0.0142983,1.50756,1.54987,10,2562,1.96503,0
1776813802259690250,1.09013,-0.138672,0.242331,-0.138672,1.50756,1.54987,10,2562,1.96503,0.15346
1776813802264705796,1.09013,-0.113281,0.242331,0.0401787,1.47856,1.54476,10,2563,1.9658,0.153368
1776813802269693602,1.08925,-0.113281,0.242217,0.0400866,1.47856,1.54476,10,2564,1.96656,0
1776813802274703427,1.08925,-0.0878906,0.242984,0.0655386,1.57087,1.55335,10,2564,1.96656,0
1776813802279699714,1.09337,-0.0878906,0.247105,-0.0878906,1.52128,1.58083,10,2565,1.96733,0
1776813802284708001,1.09337,-0.078125,0.247872,-0.078125,1.52128,1.58083,10,2565,1.96733,0.153337
1776813802289647233,1.09245,-0.078125,0.246958,0.0752122,1.52128,1.58083,10,2566,1.9681,0
1776813802294691761,1.09245,-0.0683594,0.247725,-0.0683594,1.52025,1.58588,10,2566,1.9681,0.153368
1776813802299689048,1.0916,-0.0683594,0.246869,0.0850085,1.52025,1.58588,10,2566,1.9681,0
1776813802304699243,1.0916,-0.0644531,0.246869,-0.0644531,1.61836,1.58239,10,2567,1.96886,0.15346
1776813802309692160,1.091,-0.0644531,0.247036,0.0890068,1.61836,1.58239,10,2567,1.96886,0
1776813802314695355,1.091,-0.0449219,0.247036,-0.0449219,1.57366,1.58953,10,2568,1.96963,0
1776813802319693290,1.09056,-0.0449219,0.247368,-0.0449219,1.57366,1.58953,10,2568,1.96963,0.153399
1776813802324693559,1.09056,-0.0429688,0.247368,0.11043,1.56709,1.58774,10,2568,1.96963,0
1776813802329692235,1.09012,-0.0429688,0.246927,-0.0429688,1.56709,1.58774,10,2569,1.9704,0
1776813802334695411,1.09012,-0.0488281,0.247694,-0.0488281,1.55003,1.58146,10,2569,1.9704,0.153429
1776813802339658403,1.08968,-0.0488281,0.247248,0.104601,1.55003,1.58146,10,2570,1.97117,0
1776813802344691449,1.08968,-0.0761719,0.248015,-0.0761719,1.61942,1.5629,10,2571,1.97193,0.153429
1776813802349690662,1.08968,-0.0761719,0.248782,0.0772573,1.61942,1.5629,10,2571,1.97193,0.153429
1776813802354692783,1.09246,-0.0761719,0.251565,0.0772573,1.62895,1.58146,10,2572,1.9727,0.153337
1776813802359692644,1.09246,-0.136719,0.252332,0.0166184,1.60486,1.54694,10,2573,1.97347,0
1776813802364700894,1.09043,-0.136719,0.25107,-0.136719,1.60486,1.54694,10,2574,1.97423,0.15346
1776813802369693608,1.09043,-0.144531,0.251837,0.00892866,1.51743,1.52896,10,2575,1.975,0.153399
1776813802374712802,1.08969,-0.144531,0.251861,0.00886726,1.51743,1.52896,10,2576,1.97577,0.153399
1776813802379696219,1.08969,-0.146484,0.252628,0.00691414,1.51196,1.52289,10,2577,1.97653,0.153337
1776813802384692729,1.08823,-0.146484,0.251936,0.00685281,1.51196,1.52289,10,2578,1.9773,0.153429
1776813802389662331,1.08823,-0.146484,0.252703,0.00694482,1.50606,1.51316,10,2579,1.97807,0.153368
1776813802394696618,1.08677,-0.146484,0.252007,0.00688346,1.50606,1.51316,10,2580,1.97884,0.153429
1776813802399697961,1.08677,-0.146484,0.252774,0.00694482,1.54588,1.50339,10,2581,1.9796,0.153368
1776813802404691230,1.08528,-0.146484,0.252057,0.00688346,1.54588,1.50339,10,2582,1.98037,0.153429
1776813802409697202,1.08528,-0.167969,0.252824,-0.0145396,1.46182,1.48123,10,2584,1.9819,0.306858
1776813802414751934,1.08366,-0.167969,0.252738,0.13889,1.46182,1.48123,10,2585,1.98267,0.153337
1776813802419705203,1.08366,-0.207031,0.253505,-0.0536941,1.48307,1.44815,10,2587,1.9842,0.306858
1776813802424697990,1.08366,-0.207031,0.255039,0.0998271,1.48307,1.44815,10,2589,1.98574,0.153276
1776813802429701833,1.08455,-0.207031,0.257458,-0.0537554,1.48307,1.44815,10,2591,1.98727,0.460564
1776813802434692046,1.08455,-0.289062,0.258992,0.171501,1.42444,1.4073,10,2594,1.98957,0.306736
1776813802439690315,1.07972,-0.289062,0.256465,0.0176732,1.42444,1.4073,10,2596,1.99111,0.306797
1776813802444741380,1.07972,-0.306641,0.257999,0.000156403,1.52644,1.365,10,2598,1.99264,0.30692
1776813802449714130,1.0781,-0.306641,0.257917,0.000279188,1.52644,1.365,10,2600,1.99418,0.306797
1776813802454695381,1.0781,-0.333984,0.259451,-0.0271873,1.39719,1.3386,10,2603,1.99648,0.460104
1776813802459694483,1.07507,-0.333984,0.258714,0.126119,1.37958,1.31826,10,2606,1.99878,0.306797
1776813802464695140,1.07507,-0.351562,0.261015,-0.0447655,1.37958,1.31826,10,2608,2.00031,0.460172
1776813802469699817,1.0717,-0.351562,0.259189,0.108609,1.37958,1.31826,10,2609,2.00108,0.306858
1776813802474693159,1.0717,-0.351562,0.259955,-0.0447041,1.39587,1.28572,10,2612,2.00338,0.306736
1776813802479695558,1.06806,-0.351562,0.258607,-0.0448268,1.39587,1.28572,10,2613,2.00415,0.306858
1776813802484694104,1.06806,-0.310547,0.259374,-0.00368848,1.28121,1.28462,10,2615,2.00568,0.306736
1776813802489648985,1.06471,-0.310547,0.257559,-0.00381121,1.28121,1.28462,10,2616,2.00645,0.153429
1776813802494714068,1.06471,-0.261719,0.258326,-0.10829,1.34584,1.28996,10,2618,2.00798,0.306736
1776813802499695337,1.06471,-0.261719,0.25986,0.0450169,1.34584,1.28996,10,2619,2.00875,0.153429
1776813802504710846,1.06427,-0.261719,0.260187,-0.10829,1.30127,1.287,10,2620,2.00951,0.153399
1776813802509692578,1.06427,-0.134766,0.260954,0.0186329,1.37163,1.35937,10,2620,2.00951,0.153368
1776813802514693643,1.06032,-0.134766,0.257007,0.0186022,1.37163,1.35937,10,2621,2.01028,0
1776813802519692782,1.06032,-0.0976562,0.257774,-0.0976562,1.23179,1.35398,10,2621,2.01028,0.153399
1776813802524711532,1.05958,-0.0976562,0.257036,0.0557423,1.23179,1.35398,10,2621,2.01028,0
1776813802529694616,1.05958,-0.0390625,0.257036,-0.0390625,1.33399,1.38242,10,2621,2.01028,0
1776813802534694663,1.059,-0.0390625,0.256459,-0.0390625,1.33399,1.38242,10,2621,2.01028,0
1776813802539648450,1.059,0.0214844,0.256459,0.0214844,1.3586,1.41305,10,2621,2.01028,0
1776813802544724163,1.05885,0.0214844,0.256301,0.0214844,1.3586,1.41305,10,2621,2.01028,0
1776813802549697802,1.05885,0.0566406,0.256301,0.0566406,1.4325,1.43202,10,2621,2.01028,0
1776813802554700608,1.05931,0.0566406,0.256762,0.0566406,1.4325,1.43202,10,2621,2.01028,0
1776813802559693488,1.05931,0.0527344,0.256762,0.0527344,1.38158,1.4329,10,2621,2.01028,0
1776813802564700868,1.05988,0.0527344,0.257332,0.0527344,1.38158,1.4329,10,2621,2.01028,0
1776813802569692415,1.05988,0.0253906,0.257332,0.0253906,1.38149,1.42115,10,2621,2.01028,0
1776813802574700831,1.05988,0.0253906,0.257332,0.0253906,1.38149,1.42115,10,2621,2.01028,0
1776813802579772599,1.06788,0.0253906,0.26533,0.0253906,1.38149,1.42115,10,2621,2.01028,0
1776813802584772850,1.06788,0.00195312,0.26533,0.00195312,1.39981,1.46154,10,2621,2.01028,0
1776813802589676305,1.06804,0.00195312,0.265494,0.00195312,1.39981,1.46154,10,2621,2.01028,0
1776813802594695629,1.06804,-0.0195312,0.265494,-0.0195312,1.46529,1.45039,10,2621,2.01028,0
1776813802599700046,1.06788,-0.0195312,0.26533,-0.0195312,1.46529,1.45039,10,2621,2.01028,0
1776813802604709037,1.06788,-0.0292969,0.26533,-0.0292969,1.5084,1.44372,10,2621,2.01028,0
1776813802609720805,1.06758,-0.0292969,0.265035,-0.0292969,1.5084,1.44372,10,2621,2.01028,0
1776813802614698889,1.06758,-0.0429688,0.265035,-0.0429688,1.50903,1.43395,10,2621,2.01028,0
1776813802619772676,1.06731,-0.0429688,0.264761,-0.0429688,1.50903,1.43395,10,2621,2.01028,0
1776813802624719556,1.06731,-0.0390625,0.264761,-0.0390625,1.45194,1.43434,10,2622,2.01105,0
1776813802629700992,1.06687,-0.0390625,0.265091,-0.0390625,1.45194,1.43434,10,2622,2.01105,0.153429
1776813802634776871,1.06687,-0.0390625,0.265091,0.114367,1.4851,1.4314,10,2622,2.01105,0
1776813802639681233,1.06643,-0.0390625,0.264655,-0.0390625,1.4851,1.4314,10,2622,2.01105,0
1776813802644711946,1.06643,-0.0429688,0.264655,-0.0429688,1.43678,1.42625,10,2623,2.01182,0
1776813802649708474,1.06643,-0.0429688,0.265422,-0.0429688,1.43678,1.42625,10,2623,2.01182,0.153399
1776813802654702521,1.06979,-0.0429688,0.268775,0.11043,1.39777,1.44875,10,2623,2.01182,0
1776813802659709993,1.06979,-0.0546875,0.268775,-0.0546875,1.4296,1.44207,10,2624,2.01258,0.153399
1776813802664767243,1.06905,-0.0546875,0.268806,0.098711,1.4296,1.44207,10,2625,2.01335,0
1776813802669724345,1.06905,-0.0898438,0.269573,-0.0898438,1.42337,1.41709,10,2626,2.01412,0.153368
1776813802674746058,1.06804,-0.0898438,0.269331,0.0635241,1.42337,1.41709,10,2626,2.01412,0.15346
1776813802679753568,1.0676,-0.105469,0.269661,-0.105469,1.41884,1.39848,10,2628,2.01565,0.153337
1776813802684740411,1.0676,-0.146484,0.270428,0.00685281,1.41884,1.39848,10,2629,2.01642,0.306858
1776813802689666514,1.06613,-0.146484,0.269725,0.160374,1.36728,1.36524,10,2630,2.01718,0.306858
1776813802694695838,1.06613,-0.160156,0.270492,0.146702,1.36728,1.36524,10,2631,2.01795,0.153399
1776813802699695681,1.0654,-0.160156,0.270524,-0.00675774,1.36728,1.36524,10,2632,2.01872,0.153429
1776813802704705764,1.0654,-0.1875,0.271291,-0.0340708,1.32698,1.33692,10,2633,2.01949,0.153368
1776813802709711051,1.06279,-0.1875,0.269451,-0.0341322,1.32698,1.33692,10,2634,2.02025,0.153429
1776813802714729320,1.06279,-0.181641,0.270218,-0.0282114,1.40116,1.32275,10,2636,2.02179,0.306736
1776813802719703959,1.06279,-0.181641,0.271752,0.125095,1.40116,1.32275,10,2637,2.02255,0.153399
1776813802724738894,1.0644,-0.181641,0.274124,-0.0282421,1.30567,1.33353,10,2638,2.02332,0.153399
1776813802729722534,1.0644,-0.1875,0.274891,-0.0341015,1.3849,1.33019,10,2640,2.02485,0.153399
1776813802734705210,1.06092,-0.1875,0.272945,-0.0341015,1.3849,1.33019,10,2640,2.02485,0.306736
1776813802739654165,1.06092,-0.191406,0.272945,0.115329,1.3849,1.33019,10,2642,2.02639,0.153429
1776813802744687952,1.06005,-0.191406,0.27361,-0.0379771,1.39751,1.29873,10,2643,2.02716,0.153368
1776813802749690535,1.06005,-0.189453,0.274377,-0.0360853,1.23936,1.29984,10,2644,2.02792,0.153429
1776813802754711507,1.05801,-0.189453,0.27311,-0.0360239,1.23936,1.29984,10,2645,2.02869,0.153399
1776813802759719813,1.05801,-0.173828,0.273877,-0.0204296,1.25651,1.29506,10,2646,2.02946,0.153399
1776813802764718415,1.05626,-0.173828,0.272886,-0.0204296,1.25651,1.29506,10,2648,2.03099,0.153429
1776813802769705018,1.05626,-0.169922,0.27442,-0.0164927,1.26024,1.28545,10,2649,2.03176,0.306736
1776813802774712138,1.05452,-0.169922,0.273452,0.136814,1.26024,1.28545,10,2650,2.03252,0.153429
1776813802779710425,1.05452,-0.197266,0.274219,-0.0438364,1.35864,1.25818,10,2652,2.03406,0.306674
1776813802784708324,1.05279,-0.197266,0.27402,0.109409,1.35864,1.25818,10,2654,2.03559,0.153429
1776813802789655612,1.05279,-0.242188,0.275554,-0.0887583,1.2525,1.2209,10,2656,2.03713,0.306797
1776813802794762602,1.05262,-0.242188,0.278456,0.0646709,1.2525,1.2209,10,2659,2.03943,0.306736
1776813802799755611,1.05262,-0.242188,0.278456,0.0646709,1.2525,1.2209,10,2659,2.03943,0.306736
1776813802804725714,1.04814,-0.326172,0.277044,0.133932,1.29694,1.17191,10,2663,2.0425,0.306858
1776813802809701909,1.04814,-0.337891,0.277811,-0.0310322,1.22519,1.13502,10,2666,2.0448,0.306736
1776813802814697863,1.04685,-0.337891,0.278821,-0.031155,1.22519,1.13502,10,2667,2.04556,0.306736
1776813802819703409,1.04685,-0.363281,0.279588,-0.0565456,1.13946,1.11183,10,2670,2.04786,0.46038
1776813802824699159,1.04149,-0.363281,0.276524,0.0970984,1.13946,1.11183,10,2671,2.04863,0.306736
1776813802829712224,1.04149,-0.355469,0.277291,-0.0487331,1.22183,1.08004,10,2674,2.05093,0.306858
1776813802834699697,1.03976,-0.355469,0.27787,-0.0486104,1.22183,1.08004,10,2675,2.0517,0.306736
1776813802839655948,1.03976,-0.320312,0.278637,-0.0135768,1.11124,1.08843,10,2677,2.05323,0.306858
1776813802844695235,1.03645,-0.320312,0.276858,-0.0134541,1.11124,1.08843,10,2678,2.054,0.153368
1776813802849698763,1.03645,-0.263672,0.277625,-0.110304,1.17822,1.0983,10,2679,2.05477,0.153429
1776813802854697698,1.03342,-0.263672,0.275356,-0.110243,1.17822,1.0983,10,2680,2.05553,0.153368
1776813802859722133,1.03342,-0.179688,0.276123,-0.0263197,1.17976,1.12561,10,2681,2.0563,0.153368
1776813802864701050,1.03342,-0.179688,0.27689,-0.0263197,1.17976,1.12561,10,2681,2.0563,0.15346
1776813802869698967,1.03602,-0.179688,0.279489,-0.0262276,1.0995,1.14322,10,2682,2.05707,0
1776813802874698014,1.03602,-0.179688,0.279489,-0.0262276,1.0995,1.14322,10,2682,2.05707,0
1776813802879717431,1.03602,-0.0566406,0.280256,-0.0566406,1.16989,1.21335,10,2682,2.05707,0
1776813802884701292,1.0337,-0.0566406,0.277941,-0.0566406,1.16989,1.21335,10,2682,2.05707,0
1776813802889650635,1.0337,-0.0175781,0.277941,-0.0175781,1.13451,1.21994,10,2682,2.05707,0
1776813802894692330,1.03324,-0.0175781,0.277479,-0.0175781,1.13451,1.21994,10,2682,2.05707,0
1776813802899692617,1.03324,0.0214844,0.277479,0.0214844,1.25052,1.23907,10,2682,2.05707,0
1776813802904696053,1.03339,0.0214844,0.277634,0.0214844,1.25052,1.23907,10,2682,2.05707,0
1776813802909693673,1.03339,0.0195312,0.277634,0.0195312,1.23223,1.23902,10,2682,2.05707,0
1776813802914703127,1.03339,0.0195312,0.277634,0.0195312,1.23223,1.23902,10,2682,2.05707,0
1776813802919746044,1.03339,0.0078125,0.277634,0.0078125,1.23282,1.23234,10,2682,2.05707,0
1776813802924727590,1.03369,0.0078125,0.277935,0.0078125,1.23282,1.23234,10,2682,2.05707,0
1776813802929699230,1.03369,0.00585938,0.277935,0.00585938,1.23994,1.23326,10,2682,2.05707,0
1776813802934699776,1.03367,0.00585938,0.277907,0.00585938,1.23994,1.23326,10,2682,2.05707,0
1776813802939666527,1.03367,-0.00976562,0.277907,-0.00976562,1.2358,1.22416,10,2682,2.05707,0
1776813802944696147,1.03383,-0.00976562,0.27807,-0.00976562,1.2358,1.22416,10,2682,2.05707,0
1776813802949705694,1.03383,-0.00976562,0.27807,-0.00976562,1.24971,1.22527,10,2682,2.05707,0
1776813802954697463,1.03383,-0.00976562,0.27807,-0.00976562,1.24971,1.22527,10,2682,2.05707,0
1776813802959693380,1.03383,-0.0253906,0.27807,-0.0253906,1.20819,1.21636,10,2683,2.05784,0
1776813802964695611,1.03354,-0.0253906,0.278546,-0.0253906,1.20819,1.21636,10,2683,2.05784,0.15346
1776813802969693269,1.03354,-0.0253906,0.278546,0.128069,1.27855,1.21439,10,2683,2.05784,0
1776813802974736111,1.03354,-0.0253906,0.278546,-0.0253906,1.27855,1.21439,10,2683,2.05784,0
1776813802979708417,1.03354,-0.0371094,0.278546,-0.0371094,1.19496,1.20771,10,2683,2.05784,0
1776813802984703260,1.03298,-0.0371094,0.277989,-0.0371094,1.19496,1.20771,10,2684,2.0586,0
1776813802989653307,1.03298,-0.0371094,0.278756,-0.0371094,1.25917,1.20394,10,2684,2.0586,0.153368
1776813802994699020,1.03281,-0.0371094,0.27859,0.116258,1.25917,1.20394,10,2684,2.0586,0
1776813802999698178,1.03281,-0.0253906,0.27859,-0.0253906,1.15321,1.20949,10,2684,2.0586,0
1776813803004704576,1.03238,-0.0253906,0.27816,-0.0253906,1.15321,1.20949,10,2684,2.0586,0
1776813803009693660,1.03238,-0.0253906,0.27816,-0.0253906,1.18534,1.20658,10,2684,2.0586,0
1776813803014693596,1.03238,-0.0253906,0.27816,-0.0253906,1.18534,1.20658,10,2684,2.0586,0
1776813803019704161,1.03238,-0.0175781,0.27816,-0.0175781,1.24013,1.21103,10,2684,2.0586,0
1776813803024694226,1.03225,-0.0175781,0.278025,-0.0175781,1.24013,1.21103,10,2685,2.05937,0
1776813803029699532,1.03225,-0.0195312,0.278792,-0.0195312,1.1926,1.209,10,2685,2.05937,0.153429
1776813803034692134,1.03212,-0.0195312,0.278658,0.133898,1.1926,1.209,10,2685,2.05937,0
1776813803039656792,1.03212,-0.0234375,0.278658,-0.0234375,1.22393,1.20587,10,2685,2.05937,0
1776813803044691339,1.03182,-0.0234375,0.278363,-0.0234375,1.22393,1.20587,10,2685,2.05937,0
1776813803049812236,1.03182,-0.0273438,0.278363,-0.0273438,1.2003,1.20164,10,2686,2.06014,0
1776813803054718154,1.03153,-0.0273438,0.278835,-0.0273438,1.2003,1.20164,10,2686,2.06014,0.153382
1776813803059703738,1.03153,-0.0410156,0.278835,0.112366,1.21151,1.19185,10,2686,2.06014,0
1776813803064809098,1.03109,-0.0410156,0.278402,-0.0410156,1.21151,1.19185,10,2687,2.0609,0
1776813803069720275,1.03109,-0.0488281,0.279169,-0.0488281,1.23708,1.18446,10,2687,2.0609,0.153399
1776813803074694174,1.0308,-0.0488281,0.278874,0.10457,1.23708,1.18446,10,2688,2.06167,0
1776813803079693999,1.0308,-0.0625,0.279641,-0.0625,1.25445,1.17467,10,2688,2.06167,0.153429
1776813803084691138,1.03441,-0.0625,0.284021,-0.0625,1.25445,1.17467,10,2689,2.06244,0.153429
1776813803089653277,1.03441,-0.09375,0.284021,0.0596792,1.10758,1.18134,10,2690,2.0632,0.153399
1776813803094741490,1.0331,-0.09375,0.283477,0.0596485,1.10758,1.18134,10,2691,2.06397,0.153399
1776813803099754722,1.0331,-0.105469,0.284244,0.0479298,1.09837,1.16578,10,2692,2.06474,0.153399
1776813803104719158,1.03267,-0.105469,0.284582,0.0479298,1.09837,1.16578,10,2692,2.06474,0.153368
1776813803109695593,1.03267,-0.130859,0.284582,0.0225085,1.16283,1.1484,10,2694,2.06627,0.153429
1776813803114709103,1.03152,-0.130859,0.284963,0.0225698,1.16283,1.1484,10,2694,2.06627,0.153399
1776813803119689687,1.03152,-0.142578,0.284963,0.0108204,1.07127,1.1339,10,2696,2.06781,0.153368
1776813803124697067,1.03023,-0.142578,0.285206,0.0107897,1.07127,1.1339,10,2697,2.06857,0.153399
1776813803129694206,1.03023,-0.173828,0.285973,-0.0204296,1.20801,1.10734,10,2698,2.06934,0.153399
1776813803134700567,1.02792,-0.173828,0.284431,-0.0204296,1.20801,1.10734,10,2700,2.07087,0.306736
1776813803139653189,1.02792,-0.193359,0.285965,0.113376,1.03755,1.08055,10,2702,2.07241,0.153399
1776813803144721586,1.0269,-0.193359,0.286481,-0.0399609,1.03755,1.08055,10,2703,2.07317,0.30692
1776813803149696837,1.0269,-0.240234,0.287248,0.0666854,1.14852,1.04692,10,2705,2.07471,0.153368
1776813803154708291,1.02389,-0.240234,0.286534,0.0665013,1.14852,1.04692,10,2707,2.07624,0.153429
1776813803159699690,1.02389,-0.236328,0.287301,-0.0828989,1.10155,1.02868,10,2708,2.07701,0.153429
1776813803164725495,1.02261,-0.236328,0.286788,-0.0828989,1.10155,1.02868,10,2709,2.07778,0.306858
1776813803169696413,1.02261,-0.210938,0.287555,0.0959209,1.12354,1.03445,10,2710,2.07854,0.153399
1776813803174755199,1.01928,-0.210938,0.284995,-0.057539,1.12354,1.03445,10,2711,2.07931,0.153399
1776813803179715450,1.01928,-0.179688,0.285762,-0.026289,1.01095,1.02965,10,2712,2.08008,0.153399
1776813803184698701,1.01828,-0.179688,0.285529,-0.026289,1.01095,1.02965,10,2712,2.08008,0.153368
1776813803189651285,1.01828,-0.109375,0.285529,0.0439928,1.08572,1.06293,10,2714,2.08161,0.153399
1776813803194701979,1.01624,-0.109375,0.285029,0.0440235,1.08572,1.06293,10,2714,2.08161,0.153429
1776813803199692248,1.01624,-0.128906,0.285029,0.0245229,1.12137,1.03796,10,2716,2.08315,0.153368
1776813803204696776,1.01553,-0.128906,0.285849,0.0244616,1.12137,1.03796,10,2717,2.08391,0.153368
1776813803209695156,1.01553,-0.201172,0.286616,-0.047804,1.05281,0.991906,10,2720,2.08621,0.30692
1776813803214706740,1.01325,-0.201172,0.286638,0.105748,1.05281,0.991906,10,2721,2.08698,0.306736
1776813803219698435,1.01325,-0.228516,0.287405,0.07822,1.01995,0.960802,10,2724,2.08928,0.306797
1776813803224694074,1.01325,-0.228516,0.289706,0.0782814,1.01995,0.960802,10,2726,2.09082,0.306736
1776813803229700121,1.01212,-0.228516,0.290106,0.07822,1.01995,0.960802,10,2729,2.09312,0.46038
1776813803234690038,1.01212,-0.363281,0.292407,0.0970984,1.05202,0.876266,10,2732,2.09542,0.306736
1776813803239661733,1.00627,-0.363281,0.288857,-0.0565456,1.05202,0.876266,10,2734,2.09695,0.460104
1776813803244703946,1.00627,-0.384766,0.290391,0.0753379,0.886737,0.824119,10,2738,2.10002,0.46038
1776813803249695122,1.00411,-0.384766,0.291307,0.075614,0.886737,0.824119,10,2740,2.10155,0.460012
1776813803254697687,1.00411,-0.398438,0.292841,0.061574,0.916391,0.801638,10,2743,2.10385,0.460288
1776813803259703567,1.00024,-0.398438,0.291266,0.0618501,0.916391,0.801638,10,2745,2.10539,0.306858
1776813803264694966,1.00024,-0.384766,0.2928,-0.0779072,0.871056,0.78296,10,2748,2.10769,0.460104
1776813803269696698,0.994536,-0.384766,0.289398,0.0753379,0.871056,0.78296,10,2749,2.10846,0.306797
1776813803274697078,0.994536,-0.363281,0.290165,-0.0564842,0.89241,0.7562,10,2751,2.10999,0.306736
1776813803279705328,0.99242,-0.363281,0.289584,-0.0565456,0.89241,0.7562,10,2752,2.11076,0.153429
1776813803284697856,0.99242,-0.236328,0.290351,-0.0828989,0.822641,0.814083,10,2754,2.11229,0.306858
1776813803289651459,0.98799,-0.236328,0.287454,0.0705303,0.822641,0.814083,10,2754,2.11229,0.153337
1776813803294692801,0.98799,-0.191406,0.287454,-0.0380691,0.817846,0.809332,10,2755,2.11306,0
1776813803299693570,0.98799,-0.191406,0.288221,-0.191406,0.817846,0.809332,10,2755,2.11306,0.153429
1776813803304766098,0.986996,-0.191406,0.287227,-0.0379771,0.903934,0.802517,10,2755,2.11306,0
1776813803309710145,0.986996,-0.00585938,0.287227,-0.00585938,0.87165,0.908278,10,2755,2.11306,0
1776813803314713173,0.985144,-0.00585938,0.285375,-0.00585938,0.87165,0.908278,10,2755,2.11306,0
1776813803319709794,0.985144,0.0292969,0.285375,0.0292969,0.806207,0.915612,10,2755,2.11306,0
1776813803324717192,0.985144,0.0292969,0.285375,0.0292969,0.806207,0.915612,10,2755,2.11306,0
1776813803329705498,0.985144,0.0742188,0.285375,0.0742188,0.873803,0.941218,10,2755,2.11306,0
1776813803334705897,0.985728,0.0742188,0.285959,0.0742188,0.873803,0.941218,10,2755,2.11306,0
1776813803339654685,0.985728,0.0703125,0.285959,0.0703125,0.862022,0.942999,10,2754,2.11229,-0.153368
1776813803344697416,0.986438,0.0703125,0.285902,-0.0830553,0.862022,0.942999,10,2754,2.11229,0
1776813803349708259,0.986438,0.03125,0.285902,0.03125,0.959976,0.925601,10,2754,2.11229,0
1776813803354717768,0.987117,0.03125,0.286581,0.03125,0.959976,0.925601,10,2754,2.11229,0
1776813803359699871,0.987117,0.00585938,0.286581,0.00585938,0.915019,0.915785,10,2754,2.11229,0
1776813803364699955,0.987277,0.00585938,0.286741,0.00585938,0.915019,0.915785,10,2754,2.11229,0
1776813803369696853,0.987277,-0.0449219,0.286741,-0.0449219,0.882753,0.887936,10,2754,2.11229,0
1776813803374716751,0.987277,-0.0449219,0.286741,-0.0449219,0.882753,0.887936,10,2754,2.11229,0
1776813803379707724,0.992956,-0.0449219,0.292421,-0.0449219,0.882753,0.887936,10,2755,2.11306,0
1776813803384719715,0.992956,-0.0527344,0.293188,-0.0527344,0.936225,0.922401,10,2755,2.11306,0.153368
1776813803389665633,0.992256,-0.0527344,0.292487,0.100633,0.936225,0.922401,10,2755,2.11306,0
1776813803394703031,0.992256,-0.0488281,0.292487,-0.0488281,0.829534,0.919829,10,2755,2.11306,0
1776813803399723929,0.991966,-0.0488281,0.292198,-0.0488281,0.829534,0.919829,10,2756,2.11383,0
1776813803404722198,0.991966,-0.0214844,0.292965,-0.0214844,0.900637,0.933433,10,2756,2.11383,0.153429
1776813803409706300,0.991415,-0.0214844,0.292413,0.131945,0.900637,0.933433,10,2756,2.11383,0
1776813803414759310,0.991415,-0.0175781,0.292413,-0.0175781,0.83875,0.931883,10,2756,2.11383,0
1776813803419719245,0.991255,-0.0175781,0.292253,-0.0175781,0.83875,0.931883,10,2756,2.11383,0
1776813803424755625,0.991255,-0.0234375,0.292253,-0.0234375,0.965697,0.927447,10,2756,2.11383,0
1776813803429708654,0.990964,-0.0234375,0.291963,-0.0234375,0.965697,0.927447,10,2756,2.11383,0
1776813803434714089,0.990964,-0.0273438,0.291963,-0.0273438,0.913339,0.923231,10,2757,2.11459,0
1776813803439675710,0.990834,-0.0273438,0.292599,-0.0273438,0.913339,0.923231,10,2757,2.11459,0.153399
1776813803444691164,0.990834,-0.0429688,0.292599,0.11043,0.910923,0.913432,10,2757,2.11459,0
1776813803449695989,0.990834,-0.0429688,0.292599,-0.0429688,0.910923,0.913432,10,2757,2.11459,0
1776813803454693387,0.990549,-0.0429688,0.292314,-0.0429688,0.940764,0.911476,10,2757,2.11459,0
1776813803459707656,0.990549,-0.0351562,0.292314,-0.0351562,0.884464,0.915929,10,2758,2.11536,0
1776813803464696869,0.989992,-0.0351562,0.292524,-0.0351562,0.884464,0.915929,10,2758,2.11536,0.153368
1776813803469696712,0.989992,-0.03125,0.292524,0.122118,0.968013,0.91434,10,2758,2.11536,0
1776813803474844628,0.989701,-0.03125,0.292234,-0.03125,0.968013,0.91434,10,2758,2.11536,0
1776813803479726120,0.989701,-0.03125,0.292234,-0.03125,0.852095,0.91235,10,2759,2.11613,0
1776813803484705852,0.989281,-0.03125,0.29258,-0.03125,0.852095,0.91235,10,2759,2.11613,0.153368
1776813803489737843,0.989281,-0.0390625,0.29258,0.114305,0.945205,0.905015,10,2759,2.11613,0
1776813803494716279,0.989121,-0.0390625,0.29242,-0.0390625,0.945205,0.905015,10,2760,2.11689,0
1776813803499696918,0.989121,-0.0585938,0.293187,-0.0585938,0.916383,0.892787,10,2761,2.11766,0.153337
1776813803504694465,0.98841,-0.0585938,0.293244,0.0947434,0.916383,0.892787,10,2761,2.11766,0.153399
1776813803509696474,0.98841,-0.0742188,0.293244,0.0791798,1.05015,0.87901,10,2762,2.11843,0
1776813803514693725,0.98799,-0.0742188,0.29359,-0.0742188,1.05015,0.87901,10,2763,2.11919,0.153429
1776813803519704383,0.98799,-0.105469,0.294357,0.0479604,0.900429,0.858316,10,2764,2.11996,0.153368
1776813803524698133,0.98799,-0.105469,0.295124,0.0478991,0.900429,0.858316,10,2764,2.11996,0.153429
1776813803529704735,0.98686,-0.105469,0.293994,0.0479604,0.900429,0.858316,10,2765,2.12073,0.153399
1776813803534695374,0.98686,-0.130859,0.294761,0.0225391,0.947118,0.836095,10,2766,2.1215,0
1776813803539655477,0.98499,-0.130859,0.293658,-0.130859,0.947118,0.836095,10,2767,2.12226,0.153399
1776813803544703320,0.98499,-0.119141,0.294425,0.0342579,0.825697,0.829949,10,2768,2.12303,0.153368
1776813803549714144,0.983863,-0.119141,0.294065,0.0342272,0.825697,0.829949,10,2768,2.12303,0.153429
1776813803554694765,0.983863,-0.117188,0.294065,0.0362417,0.863763,0.823325,10,2769,2.1238,0.153368
1776813803559693830,0.98261,-0.117188,0.293579,0.0361803,0.863763,0.823325,10,2770,2.12456,0
1776813803564700414,0.98261,-0.115234,0.294346,-0.115234,0.71196,0.815837,10,2771,2.12533,0.153337
1776813803569692553,0.981452,-0.115234,0.293956,0.0381028,0.71196,0.815837,10,2771,2.12533,0.153429
1776813803574721822,0.981452,-0.121094,0.293956,0.0323354,0.759276,0.804552,10,2772,2.1261,0.153399
1776813803579699535,0.980319,-0.121094,0.29359,0.0323048,0.759276,0.804552,10,2773,2.12686,0
1776813803584704008,0.980319,-0.134766,0.294357,-0.134766,1.01868,0.788977,10,2774,2.12763,0.153429
1776813803589653240,0.979064,-0.134766,0.293868,0.0186636,1.01868,0.788977,10,2775,2.1284,0.153337
1776813803594694046,0.979064,-0.142578,0.294635,0.0107591,1.05662,0.775896,10,2776,2.12917,0.153429
1776813803599699870,0.979064,-0.142578,0.295402,0.0108511,1.05662,0.775896,10,2777,2.12993,0.153368
1776813803604714676,0.977907,-0.142578,0.295012,0.0107897,0.779972,0.767947,10,2778,2.1307,0.15346
1776813803609748352,0.977907,-0.134766,0.295779,0.0186943,0.745792,0.7724,10,2779,2.13147,0.153337
1776813803614748509,0.975788,-0.134766,0.294427,0.0185716,0.745792,0.7724,10,2779,2.13147,0.153399
1776813803619707908,0.975788,-0.146484,0.294427,0.00691414,0.743933,0.751151,10,2781,2.133,0.153429
1776813803624698733,0.974381,-0.146484,0.294555,0.00694482,0.743933,0.751151,10,2781,2.133,0.153399
1776813803629696224,0.974381,-0.150391,0.294555,0.00300789,0.814116,0.739251,10,2782,2.13377,0.153399
1776813803634710530,0.973676,-0.150391,0.294616,0.00300789,0.814116,0.739251,10,2783,2.13453,0
1776813803639656410,0.973676,-0.136719,0.295383,-0.136719,0.775181,0.742188,10,2784,2.1353,0.15346
1776813803644695401,0.972264,-0.136719,0.294739,0.0167412,0.775181,0.742188,10,2785,2.13607,0.153399
1776813803649707281,0.972264,-0.123047,0.295506,0.0303516,0.726212,0.740269,10,2786,2.13684,0.153368
1776813803654701439,0.970278,-0.123047,0.294286,0.030321,0.726212,0.740269,10,2786,2.13684,0.153429
1776813803659712282,0.970278,-0.113281,0.294286,0.0401479,0.768675,0.732162,10,2787,2.1376,0
1776813803664700014,0.969703,-0.113281,0.294478,-0.113281,0.768675,0.732162,10,2788,2.13837,0.153337
1776813803669707134,0.969703,-0.115234,0.295245,0.0381028,0.766071,0.727083,10,2789,2.13914,0.15346
1776813803674696496,0.969703,-0.115234,0.296012,0.0382255,0.766071,0.727083,10,2789,2.13914,0.153337
1776813803679728950,0.96814,-0.115234,0.294449,0.0381028,0.766071,0.727083,10,2790,2.1399,0
1776813803684705256,0.96814,-0.126953,0.295216,-0.126953,0.655382,0.709637,10,2791,2.14067,0.153337
1776813803689661395,0.966316,-0.126953,0.294159,0.0263841,0.655382,0.709637,10,2792,2.14144,0.153429
1776813803694689886,0.966316,-0.121094,0.294926,0.0323354,0.777169,0.700408,10,2792,2.14144,0.153429
1776813803699693451,0.965038,-0.121094,0.293648,0.0323354,0.777169,0.700408,10,2793,2.1422,0
1776813803704723387,0.965038,-0.105469,0.294415,-0.105469,0.678496,0.700502,10,2794,2.14297,0.153368
1776813803709720544,0.963919,-0.105469,0.294063,0.0478991,0.678496,0.700502,10,2794,2.14297,0.153399
1776813803714717647,0.963919,-0.0839844,0.294063,0.0694141,0.659483,0.705033,10,2795,2.14374,0
1776813803719707953,0.963088,-0.0839844,0.293999,-0.0839844,0.659483,0.705033,10,2795,2.14374,0.153337
1776813803724694555,0.963088,-0.0839844,0.293999,0.0693528,0.684258,0.699301,10,2796,2.14451,0
1776813803729703231,0.962232,-0.0839844,0.29391,-0.0839844,0.684258,0.699301,10,2797,2.14527,0.15329
1776813803734693630,0.962232,-0.0996094,0.294677,0.0536802,0.645318,0.684487,10,2797,2.14527,0.15346
1776813803739649751,0.961248,-0.0996094,0.293693,0.0538505,0.645318,0.684487,10,2798,2.14604,0
1776813803744689038,0.961248,-0.113281,0.29446,-0.113281,0.702141,0.669903,10,2799,2.14681,0.15346
1776813803749690455,0.961248,-0.113281,0.295227,0.0401787,0.702141,0.669903,10,2799,2.14681,0.153399
1776813803754700594,0.960388,-0.113281,0.294366,0.0401173,0.602348,0.663963,10,2800,2.14757,0
1776813803759694308,0.960388,-0.115234,0.295133,-0.115234,0.641703,0.66285,10,2801,2.14834,0.153399
1776813803764700632,0.959266,-0.115234,0.294779,0.0381641,0.641703,0.66285,10,2801,2.14834,0.153368
1776813803769725771,0.959266,-0.101562,0.294779,0.0518053,0.560624,0.662902,10,2802,2.14911,0
1776813803774727021,0.957578,-0.101562,0.293857,-0.101562,0.560624,0.662902,10,2802,2.14911,0.153399
1776813803779716568,0.957578,-0.0898438,0.293857,0.0635548,0.560624,0.662902,10,2803,2.14987,0
1776813803784701837,0.957163,-0.0898438,0.29421,-0.0898438,0.750261,0.655054,10,2803,2.14987,0.153429
1776813803789650125,0.957163,-0.0664062,0.29421,0.0870229,0.728527,0.668414,10,2803,2.14987,0
1776813803794716282,0.956018,-0.0664062,0.293065,-0.0664062,0.728527,0.668414,10,2804,2.15064,0
1776813803799734106,0.956018,-0.0507812,0.293832,-0.0507812,0.793715,0.669406,10,2804,2.15064,0.153429
1776813803804722153,0.955762,-0.0507812,0.293576,0.102648,0.793715,0.669406,10,2804,2.15064,0
1776813803809700756,0.955762,0.00976562,0.293576,0.00976562,0.62332,0.702151,10,2804,2.15064,0
1776813803814704950,0.955318,0.00976562,0.293132,0.00976562,0.62332,0.702151,10,2804,2.15064,0
1776813803819712812,0.955318,0.0527344,0.293132,0.0527344,0.735612,0.72357,10,2804,2.15064,0
1776813803824713970,0.955318,0.0527344,0.293132,0.0527344,0.735612,0.72357,10,2804,2.15064,0
1776813803829698035,0.955884,0.0527344,0.293698,0.0527344,0.741654,0.727484,10,2803,2.14987,0
1776813803834703452,0.955884,0.078125,0.292931,0.078125,0.741654,0.727484,10,2803,2.14987,-0.153368
1776813803839654962,0.956585,0.078125,0.293631,-0.0752428,0.741654,0.727484,10,2802,2.14911,0
1776813803844689471,0.956585,0.09375,0.292864,0.09375,0.634275,0.755704,10,2802,2.14911,-0.153399
1776813803849702073,0.957858,0.09375,0.294138,-0.0596485,0.634275,0.755704,10,2801,2.14834,0
1776813803854698602,0.957858,0.0878906,0.293371,0.0878906,0.619374,0.761162,10,2801,2.14834,-0.15346
1776813803859696000,0.958271,0.0878906,0.293784,-0.0655693,0.619374,0.761162,10,2800,2.14757,0
1776813803864693436,0.958271,0.078125,0.293017,0.078125,0.735008,0.75845,10,2800,2.14757,-0.153399
1776813803869701445,0.959546,0.078125,0.294292,-0.0752735,0.735008,0.75845,10,2800,2.14757,0
1776813803874697510,0.959546,0.0683594,0.294292,0.0683594,0.718532,0.761686,10,2799,2.14681,-0.153429
1776813803879705520,0.959995,0.0683594,0.293974,-0.0850698,0.718532,0.761686,10,2799,2.14681,0
1776813803884698456,0.959995,0.0644531,0.293974,0.0644531,0.737641,0.762559,10,2798,2.14604,0
1776813803889650688,0.960958,0.0644531,0.294169,0.0644531,0.737641,0.762559,10,2798,2.14604,-0.153399
1776813803894767956,0.960958,0.0683594,0.294169,-0.0850391,0.738023,0.771433,10,2798,2.14604,0
1776813803899708077,0.960958,0.0683594,0.294169,0.0683594,0.738023,0.771433,10,2797,2.14527,-0.153337
1776813803904709716,0.961531,0.0683594,0.293976,-0.0849778,0.69008,0.775393,10,2797,2.14527,0
1776813803909761744,0.961531,0.0761719,0.293976,0.0761719,0.805871,0.779846,10,2796,2.14451,-0.153429
1776813803914766087,0.962535,0.0761719,0.294213,-0.0772573,0.805871,0.779846,10,2795,2.14374,0
1776813803919716430,0.962535,0.0898438,0.293446,0.0898438,0.838812,0.794568,10,2795,2.14374,-0.153351
1776813803924698792,0.963795,0.0898438,0.294706,-0.0635071,0.838812,0.794568,10,2794,2.14297,0
1776813803929767838,0.963795,0.0917969,0.293939,0.0917969,0.814919,0.804373,10,2793,2.1422,-0.153399
1776813803934728459,0.964241,0.0917969,0.293618,-0.0616016,0.814919,0.804373,10,2793,2.1422,-0.153368
1776813803939678802,0.964241,0.0859375,0.293618,-0.0674303,0.806198,0.804109,10,2792,2.14144,0
1776813803944697275,0.965659,0.0859375,0.294269,0.0859375,0.806198,0.804109,10,2792,2.14144,-0.15346
1776813803949693933,0.965659,0.0820312,0.294269,-0.0714287,0.88454,0.811657,10,2791,2.14067,0
1776813803954698516,0.966075,0.0820312,0.293918,0.0820312,0.88454,0.811657,10,2791,2.14067,-0.153399
1776813803959692248,0.966075,0.0878906,0.293918,-0.0655079,0.833092,0.817864,10,2790,2.1399,0
1776813803964722183,0.967354,0.0878906,0.294431,0.0878906,0.833092,0.817864,10,2790,2.1399,-0.153337
1776813803969707582,0.967354,0.0898438,0.294431,-0.0634934,0.803044,0.8278,10,2789,2.13914,-0.153429
1776813803974718184,0.967354,0.0898438,0.293664,-0.0635854,0.803044,0.8278,10,2788,2.13837,0
1776813803979706750,0.9679,0.0898438,0.293442,0.0898438,0.803044,0.8278,10,2788,2.13837,-0.153368
1776813803984702500,0.9679,0.109375,0.293442,-0.0439928,0.854644,0.842689,10,2787,2.1376,-0.153368
1776813803989664640,0.970053,0.109375,0.294828,-0.0439928,0.854644,0.842689,10,2786,2.13684,0
1776813803994724223,0.970053,0.111328,0.294061,0.111328,0.799618,0.858634,10,2785,2.13607,-0.153399
1776813803999728769,0.970311,0.111328,0.293552,-0.0420704,0.799618,0.858634,10,2785,2.13607,-0.153368
1776813804004715224,0.970311,0.132812,0.293552,-0.0205553,0.900638,0.872663,10,2783,2.13453,-0.153368
1776813804009697326,0.972303,0.132812,0.29401,-0.0205553,0.900638,0.872663,10,2783,2.13453,-0.153429
1776813804014695817,0.972303,0.138672,0.29401,-0.0147573,0.842314,0.889713,10,2781,2.133,-0.153399
1776813804019696308,0.973038,0.138672,0.293212,-0.0147266,0.842314,0.889713,10,2780,2.13223,-0.153429
1776813804024695615,0.973038,0.183594,0.292445,0.0301646,0.882637,0.920381,10,2779,2.13147,-0.153399
1776813804029701643,0.975444,0.183594,0.294084,0.0301952,0.882637,0.920381,10,2778,2.1307,-0.153368
1776813804034695819,0.975444,0.207031,0.293317,0.0536634,0.894908,0.950294,10,2776,2.12917,-0.306797
1776813804039666274,0.977276,0.207031,0.293614,-0.0997658,0.894908,0.950294,10,2775,2.1284,-0.153368
1776813804044695913,0.977276,0.212891,0.292847,0.0595228,0.881705,0.966225,10,2773,2.12686,-0.15346
1776813804049697311,0.977276,0.212891,0.291313,0.0594307,0.881705,0.966225,10,2772,2.1261,-0.306736
1776813804054696710,0.987473,0.212891,0.300743,-0.093845,0.934958,1.03624,10,2771,2.12533,-0.153399
1776813804059706164,0.987473,0.214844,0.299976,0.0614452,0.886304,1.03735,10,2769,2.1238,-0.305879
1776813804064700563,0.990746,0.214844,0.301715,-0.0910356,0.886304,1.03735,10,2768,2.12303,-0.153891
1776813804069710406,0.990746,0.208984,0.300948,0.0550934,1.03161,1.05644,10,2766,2.1215,-0.153368
1776813804074696582,0.991748,0.208984,0.300416,0.0556165,1.03161,1.05644,10,2765,2.12073,-0.306797
1776813804079706703,0.991748,0.212891,0.299649,-0.0939064,1.11541,1.06553,10,2764,2.11996,-0.153429
1776813804084694102,0.99501,0.212891,0.302145,0.0594614,1.11541,1.06553,10,2763,2.11919,-0.153368
1776813804089650982,0.99501,0.207031,0.301378,0.0536634,1.10702,1.08453,10,2761,2.11766,-0.306858
1776813804094696658,0.996014,0.207031,0.300847,-0.0998271,1.10702,1.08453,10,2760,2.11689,-0.153368
1776813804099689594,0.996014,0.193359,0.30008,0.0399915,1.10318,1.0836,10,2758,2.11536,-0.306858
1776813804104700696,0.998998,0.193359,0.30153,-0.113499,1.10318,1.0836,10,2757,2.11459,-0.153399
1776813804109691521,0.998998,0.205078,0.300763,0.0516796,1.12466,1.11069,10,2754,2.11229,-0.306797
1776813804114695104,1,0.205078,0.299467,-0.101719,1.12466,1.11069,10,2753,2.11152,-0.306797
1776813804119699040,1,0.273438,0.2987,-0.0333595,1.07708,1.15652,10,2750,2.10922,-0.306736
1776813804124776308,1,0.273438,0.296399,-0.0332982,1.07708,1.15652,10,2749,2.10846,-0.306797
1776813804129719911,1.00373,0.273438,0.299361,-0.0333595,1.07708,1.15652,10,2746,2.10616,-0.306858
1776813804134710532,1.00373,0.324219,0.29706,0.0173604,1.20041,1.21094,10,2743,2.10385,-0.306797
1776813804139696172,1.00829,0.324219,0.299316,0.0174217,1.20041,1.21094,10,2742,2.10309,-0.460104
1776813804144711440,1.00829,0.326172,0.298549,-0.133932,1.21713,1.24315,10,2739,2.10079,-0.306858
1776813804149706395,1.01143,0.326172,0.299385,0.0193135,1.21713,1.24315,10,2737,2.09925,-0.306736
1776813804154698238,1.01143,0.330078,0.297851,0.0233425,1.09075,1.26676,10,2734,2.09695,-0.460288
1776813804159698377,1.01472,0.330078,0.298848,-0.130209,1.09075,1.26676,10,2732,2.09542,-0.306797
1776813804164699368,1.01472,0.347656,0.297314,0.0408592,1.19171,1.29924,10,2729,2.09312,-0.306736
1776813804169729230,1.01819,0.347656,0.298477,0.0409206,1.19171,1.29924,10,2728,2.09235,-0.460196
1776813804174717499,1.01819,0.34375,0.29771,-0.116446,1.18777,1.32059,10,2725,2.09005,-0.306858
1776813804179768064,1.02162,0.34375,0.298842,0.0368916,1.18777,1.32059,10,2724,2.08928,-0.306736
1776813804184718111,1.02162,0.302734,0.298075,-0.00400129,1.1776,1.32056,10,2722,2.08775,-0.306797
1776813804189682713,1.02494,0.302734,0.299859,-0.00406265,1.1776,1.32056,10,2721,2.08698,-0.153399
1776813804194713538,1.02494,0.228516,0.299092,0.0751171,1.24014,1.30079,10,2720,2.08621,-0.153399
1776813804199701881,1.02494,0.228516,0.298325,0.0751171,1.24014,1.30079,10,2720,2.08621,-0.153399
1776813804204711279,1.02767,0.228516,0.301058,0.0751171,1.30387,1.31934,10,2720,2.08621,0
1776813804209715141,1.02767,0.0625,0.301058,0.0625,1.302,1.22471,10,2720,2.08621,0
1776813804214696114,1.02982,0.0625,0.30321,0.0625,1.302,1.22471,10,2720,2.08621,0
1776813804219697716,1.02982,0.00976562,0.30321,0.00976562,1.302,1.22471,10,2720,2.08621,0
1776813804224696670,1.02999,0.00976562,0.303378,0.00976562,1.27164,1.21039,10,2720,2.08621,0
1776813804229707865,1.02999,-0.0800781,0.303378,-0.0800781,1.22259,1.15918,10,2720,2.08621,0
1776813804234696319,1.02939,-0.0800781,0.302778,-0.0800781,1.22259,1.15918,10,2721,2.08698,0
1776813804239681977,1.02939,-0.09375,0.303545,-0.09375,1.27532,1.14732,10,2721,2.08698,0.153399
1776813804244698098,1.0291,-0.09375,0.30325,0.0596485,1.27532,1.14732,10,2722,2.08775,0
1776813804249697811,1.0291,-0.078125,0.304017,-0.078125,1.15159,1.15422,10,2722,2.08775,0
1776813804254713432,1.02751,-0.078125,0.302433,-0.078125,1.15159,1.15422,10,2722,2.08775,0
1776813804259708201,1.02751,-0.0117188,0.302433,-0.0117188,1.16961,1.18133,10,2722,2.08775,0
1776813804264714563,1.02696,-0.0117188,0.301877,-0.0117188,1.16961,1.18133,10,2722,2.08775,0
1776813804269699091,1.02696,0.00585938,0.301877,0.00585938,1.25241,1.18757,10,2722,2.08775,0
1776813804274699064,1.02696,0.00585938,0.301877,0.00585938,1.25241,1.18757,10,2722,2.08775,0
1776813804279699499,1.02696,0.00585938,0.301877,0.00585938,1.25241,1.18757,10,2722,2.08775,0
1776813804284708176,1.02696,0.0546875,0.301877,0.0546875,1.15125,1.21541,10,2722,2.08775,0
1776813804289664538,1.02752,0.0546875,0.302436,0.0546875,1.15125,1.21541,10,2721,2.08698,0
1776813804294711288,1.02752,0.0585938,0.301669,0.0585938,1.14427,1.22143,10,2721,2.08698,-0.153429
1776813804299697946,1.02764,0.0585938,0.301797,-0.0948354,1.14427,1.22143,10,2721,2.08698,0
1776813804304693067,1.02764,0.0429688,0.301797,0.0429688,1.16015,1.21339,10,2721,2.08698,0
1776813804309693910,1.02869,0.0429688,0.302842,0.0429688,1.16015,1.21339,10,2721,2.08698,0
1776813804314843029,1.02869,0.0273438,0.302842,0.0273438,1.18462,1.21157,10,2721,2.08698,0
1776813804319729373,1.02866,0.0273438,0.302813,0.0273438,1.18462,1.21157,10,2721,2.08698,0
1776813804324696717,1.02866,-0.0078125,0.302813,-0.0078125,1.18486,1.19134,10,2721,2.08698,0
1776813804329693893,1.02897,-0.0078125,0.30312,-0.0078125,1.18486,1.19134,10,2721,2.08698,0
1776813804334699569,1.02897,-0.0078125,0.30312,-0.0078125,1.15306,1.19342,10,2721,2.08698,0
1776813804339660320,1.0288,-0.0078125,0.302958,-0.0078125,1.15306,1.19342,10,2721,2.08698,0
1776813804344690811,1.0288,-0.00390625,0.302958,-0.00390625,1.20013,1.19455,10,2721,2.08698,0
1776813804349696043,1.0288,-0.00390625,0.302958,-0.00390625,1.20013,1.19455,10,2721,2.08698,0
1776813804354691738,1.0288,-0.00390625,0.302954,-0.00390625,1.20814,1.19452,10,2720,2.08621,0
1776813804359700396,1.0288,0.0214844,0.302187,0.0214844,1.21616,1.20899,10,2720,2.08621,-0.15346
1776813804364694183,1.02896,0.0214844,0.302348,-0.131976,1.21616,1.20899,10,2720,2.08621,0
1776813804369697397,1.02896,0.0332031,0.302348,0.0332031,1.16882,1.21677,10,2719,2.08545,0
1776813804374706406,1.02923,0.0332031,0.301853,0.0332031,1.16882,1.21677,10,2719,2.08545,-0.153368
1776813804379705305,1.02923,0.0390625,0.301853,-0.114305,1.24875,1.22195,10,2719,2.08545,0
1776813804384698000,1.02956,0.0390625,0.302177,0.0390625,1.24875,1.22195,10,2718,2.08468,0
1776813804389713065,1.02956,0.0527344,0.30141,0.0527344,1.23686,1.23194,10,2718,2.08468,-0.153399
1776813804394744167,1.02999,0.0527344,0.301843,-0.100664,1.23686,1.23194,10,2717,2.08391,0
1776813804399719140,1.02999,0.0742188,0.301076,0.0742188,1.16879,1.24712,10,2716,2.08315,-0.153429
1776813804404702169,1.03084,0.0742188,0.30116,-0.0792104,1.16879,1.24712,10,2716,2.08315,-0.153368
1776813804409727734,1.03084,0.0800781,0.30116,-0.0732897,1.26739,1.25623,10,2715,2.08238,-0.153399
1776813804414711021,1.03114,0.0800781,0.300688,-0.0733204,1.26739,1.25623,10,2714,2.08161,0
1776813804419699142,1.03114,0.128906,0.299921,0.128906,1.22773,1.28607,10,2712,2.08008,-0.306797
1776813804424694948,1.03114,0.128906,0.298387,-0.177891,1.22773,1.28607,10,2711,2.07931,-0.153399
1776813804429714884,1.03271,0.128906,0.299197,-0.0244923,1.22773,1.28607,10,2710,2.07854,-0.153368
1776813804434737745,1.03271,0.216797,0.29843,0.063429,1.27835,1.34685,10,2707,2.07624,-0.30692
1776813804439662626,1.03572,0.216797,0.299134,-0.0901229,1.27835,1.34685,10,2706,2.07548,-0.306736
1776813804444702487,1.03572,0.261719,0.298367,-0.0450169,1.22673,1.39281,10,2704,2.07394,-0.153399
1776813804449696108,1.0376,0.261719,0.298714,0.10832,1.22673,1.39281,10,2703,2.07317,-0.306858
1776813804454701247,1.0376,0.259766,0.297947,-0.0470928,1.34291,1.40443,10,2700,2.07087,-0.306736
1776813804459716516,1.04021,0.259766,0.29826,-0.04697,1.34291,1.40443,10,2699,2.07011,-0.306797
1776813804464722044,1.04021,0.263672,0.297493,-0.0431252,1.38801,1.42434,10,2696,2.06781,-0.306797
1776813804469696702,1.0428,0.263672,0.297777,-0.0431252,1.38801,1.42434,10,2695,2.06704,-0.306858
1776813804474727193,1.0428,0.28125,0.29701,-0.0256084,1.42291,1.45183,10,2692,2.06474,-0.306797
1776813804479734073,1.04541,0.28125,0.297319,-0.025547,1.42291,1.45183,10,2690,2.0632,-0.306736
1776813804484740046,1.04541,0.330078,0.295785,0.0233425,1.44629,1.4973,10,2687,2.0609,-0.306858
1776813804489659742,1.04859,0.330078,0.29667,0.0232197,1.44629,1.4973,10,2685,2.05937,-0.460196
1776813804494697066,1.04859,0.398438,0.295137,-0.061758,1.45591,1.55777,10,2681,2.0563,-0.460056
1776813804499693261,1.04859,0.398438,0.292069,-0.0616183,1.45591,1.55777,10,2679,2.05477,-0.460196
1776813804504697048,1.05238,0.398438,0.29432,-0.061758,1.49279,1.5833,10,2675,2.0517,-0.460104
1776813804509702910,1.05238,0.455078,0.291252,-0.00502539,1.55983,1.61558,10,2671,2.04863,-0.46038
1776813804514736993,1.05657,0.455078,0.292377,-0.00530154,1.55983,1.61558,10,2669,2.0471,-0.613471
1776813804519717911,1.05657,0.498047,0.290843,-0.115424,1.56175,1.66832,10,2665,2.04403,-0.460196
1776813804524702235,1.06369,0.498047,0.294894,0.0378513,1.56175,1.66832,10,2662,2.04173,-0.460288
1776813804529700301,1.06369,0.517578,0.292593,0.0572906,1.46803,1.72734,10,2658,2.03866,-0.613594
1776813804534696551,1.06878,0.517578,0.294612,-0.0960159,1.46803,1.72734,10,2656,2.03713,-0.460104
1776813804539661432,1.06878,0.519531,0.293078,0.0594277,1.60538,1.76261,10,2652,2.03406,-0.460196
1776813804544694015,1.0739,0.519531,0.295135,0.0593357,1.60538,1.76261,10,2650,2.03252,-0.460196
1776813804549697728,1.0739,0.466797,0.293601,0.00660133,1.67625,1.76692,10,2648,2.03099,-0.306858
1776813804554697701,1.07902,0.466797,0.297181,0.159938,1.67625,1.76692,10,2646,2.02946,-0.460196
1776813804559704859,1.07902,0.365234,0.295647,-0.0949612,1.78046,1.74328,10,2644,2.02792,-0.153368
1776813804564701239,1.08311,0.365234,0.298204,0.211867,1.78046,1.74328,10,2643,2.02716,-0.306736
1776813804569711878,1.08311,0.246094,0.297437,-0.0606419,1.7282,1.70273,10,2642,2.02639,-0.153399
1776813804574713962,1.08635,0.246094,0.299916,0.0926646,1.7282,1.70273,10,2642,2.02639,0
1776813804579714509,1.08635,0.109375,0.299916,0.109375,1.74475,1.64649,10,2641,2.02562,-0.153368
1776813804584705019,1.08883,0.109375,0.301621,-0.0439928,1.74475,1.64649,10,2641,2.02562,-0.153368
1776813804589657047,1.08883,0.0839844,0.301621,-0.0693835,1.67203,1.64851,10,2640,2.02485,0
1776813804594697853,1.08971,0.0839844,0.301735,0.0839844,1.67203,1.64851,10,2640,2.02485,-0.153429
1776813804599698048,1.08971,0.0761719,0.301735,-0.0772573,1.64265,1.64994,10,2639,2.02409,0
1776813804604707409,1.09015,0.0761719,0.301408,0.0761719,1.64265,1.64994,10,2639,2.02409,-0.15346
1776813804609698938,1.09015,0.0566406,0.301408,-0.0968193,1.66429,1.64174,10,2639,2.02409,0
1776813804614705003,1.09073,0.0566406,0.301987,0.0566406,1.66429,1.64174,10,2639,2.02409,0
1776813804619701661,1.09073,0.0292969,0.301987,0.0292969,1.66242,1.63002,10,2639,2.02409,0
1776813804624727337,1.09117,0.0292969,0.302434,0.0292969,1.66242,1.63002,10,2638,2.02332,0
1776813804629725328,1.09117,-0.00195312,0.301667,-0.00195312,1.65856,1.61519,10,2638,2.02332,-0.153368
1776813804634711949,1.09134,-0.00195312,0.301831,-0.155321,1.65856,1.61519,10,2638,2.02332,0
1776813804639745829,1.09134,-0.0273438,0.301831,-0.0273438,1.64731,1.60181,10,2638,2.02332,0
1776813804644773968,1.09134,-0.0273438,0.301831,-0.0273438,1.64731,1.60181,10,2638,2.02332,0
1776813804649713793,1.09134,-0.0273438,0.301831,-0.0273438,1.64731,1.60181,10,2638,2.02332,0
1776813804654703248,1.09134,-0.0371094,0.301831,-0.0371094,1.58248,1.59624,10,2638,2.02332,0
1776813804659698257,1.09088,-0.0371094,0.301378,-0.0371094,1.58248,1.59624,10,2638,2.02332,0
1776813804664699286,1.09088,-0.0332031,0.301378,-0.0332031,1.59439,1.59545,10,2638,2.02332,0
1776813804669716369,1.09029,-0.0332031,0.300779,-0.0332031,1.59439,1.59545,10,2638,2.02332,0
1776813804674719749,1.09015,-0.0273438,0.300641,-0.0273438,1.59439,1.59479,10,2638,2.02332,0
1776813804679723629,1.09015,-0.015625,0.300641,-0.015625,1.62692,1.60055,10,2638,2.02332,0
1776813804684746287,1.08985,-0.015625,0.300344,-0.015625,1.62692,1.60055,10,2638,2.02332,0
1776813804689673983,1.08985,-0.0136719,0.300344,-0.0136719,1.61975,1.59968,10,2638,2.02332,0
1776813804694699844,1.08985,-0.0136719,0.300344,-0.0136719,1.61975,1.59968,10,2638,2.02332,0
1776813804699702020,1.08985,0.00195312,0.300344,0.00195312,1.61985,1.60859,10,2638,2.02332,0
1776813804704700049,1.08985,0.00195312,0.300339,0.00195312,1.61985,1.60859,10,2638,2.02332,0
1776813804709703688,1.08985,0.0234375,0.300339,0.0234375,1.59989,1.6208,10,2638,2.02332,0
1776813804714722568,1.08985,0.0234375,0.300339,0.0234375,1.59989,1.6208,10,2638,2.02332,0
1776813804719716855,1.09015,0.0234375,0.300641,0.0234375,1.59989,1.6208,10,2638,2.02332,0
1776813804724702736,1.09015,0.0390625,0.300641,0.0390625,1.60644,1.63172,10,2638,2.02332,0
1776813804729728264,1.0909,0.0390625,0.30139,0.0390625,1.60339,1.63671,10,2638,2.02332,0
1776813804734719459,1.0909,0.0410156,0.30139,0.0410156,1.60339,1.63671,10,2638,2.02332,0
1776813804739653673,1.09104,0.0410156,0.301529,0.0410156,1.60339,1.63671,10,2638,2.02332,0
1776813804744690626,1.09104,0.0175781,0.301529,0.0175781,1.60146,1.6254,10,2638,2.02332,0
1776813804749760506,1.09148,0.0175781,0.301969,0.0175781,1.60146,1.6254,10,2638,2.02332,0
1776813804754719127,1.09148,0.00976562,0.301969,0.00976562,1.60348,1.62388,10,2638,2.02332,0
1776813804759703711,1.09148,0.00976562,0.301969,0.00976562,1.60348,1.62388,10,2638,2.02332,0
1776813804764763813,1.09148,0,0.301969,0,1.63647,1.61832,10,2638,2.02332,0
1776813804769781489,1.09161,0,0.302101,0,1.63647,1.61832,10,2638,2.02332,0
1776813804774713999,1.09161,-0.00390625,0.302101,-0.00390625,1.58246,1.61697,10,2638,2.02332,0
1776813804779729750,1.09161,-0.00390625,0.302101,-0.00390625,1.58246,1.61697,10,2638,2.02332,0
1776813804784712389,1.09161,-0.0078125,0.302101,-0.0078125,1.60323,1.61474,10,2638,2.02332,0
1776813804789673881,1.09161,-0.0078125,0.302101,-0.0078125,1.60323,1.61474,10,2638,2.02332,0
1776813804794696298,1.09161,-0.0078125,0.302101,-0.0078125,1.64671,1.61474,10,2638,2.02332,0
1776813804799739937,1.09161,-0.0078125,0.302101,-0.0078125,1.64671,1.61474,10,2638,2.02332,0
1776813804804709299,1.09161,-0.0175781,0.302101,-0.0175781,1.58237,1.60918,10,2638,2.02332,0
1776813804809701512,1.09148,-0.0175781,0.301968,-0.0175781,1.58237,1.60918,10,2638,2.02332,0
1776813804814707151,1.09148,-0.0195312,0.301968,-0.0195312,1.59269,1.60718,10,2638,2.02332,0
1776813804819701809,1.09117,-0.0195312,0.301666,-0.0195312,1.59269,1.60718,10,2638,2.02332,0
1776813804824704449,1.09117,-0.015625,0.301666,-0.015625,1.58179,1.60739,10,2638,2.02332,0
1776813804829696681,1.09103,-0.015625,0.301522,-0.015625,1.58179,1.60739,10,2638,2.02332,0
1776813804834697876,1.09103,-0.00585938,0.301522,-0.00585938,1.59266,1.61199,10,2638,2.02332,0
1776813804839662071,1.09103,-0.00585938,0.301522,-0.00585938,1.59266,1.61199,10,2638,2.02332,0
1776813804844715802,1.09103,0,0.301522,0,1.57112,1.61533,10,2638,2.02332,0
1776813804849713182,1.09086,0,0.301357,0,1.57112,1.61533,10,2638,2.02332,0
1776813804854706674,1.09086,0.00585938,0.301357,0.00585938,1.58232,1.61757,10,2638,2.02332,0
1776813804859708017,1.09087,0.00585938,0.301364,0.00585938,1.58232,1.61757,10,2638,2.02332,0
1776813804864699767,1.09087,0.0117188,0.301364,0.0117188,1.65721,1.62096,10,2638,2.02332,0
1776813804869693962,1.09087,0.0117188,0.301364,0.0117188,1.65721,1.62096,10,2638,2.02332,0
1776813804874705268,1.09117,0.0117188,0.301666,0.0117188,1.58171,1.62297,10,2638,2.02332,0
1776813804879693519,1.09117,0.00976562,0.301666,0.00976562,1.62494,1.62186,10,2638,2.02332,0
1776813804884693121,1.09147,0.00976562,0.301962,0.00976562,1.62494,1.62186,10,2638,2.02332,0
1776813804889683057,1.09147,0.00976562,0.301962,0.00976562,1.55017,1.62383,10,2638,2.02332,0
1776813804894697214,1.09147,0.00976562,0.301962,0.00976562,1.55017,1.62383,10,2638,2.02332,0
1776813804899708946,1.09147,0.0078125,0.301962,0.0078125,1.59268,1.62272,10,2638,2.02332,0
1776813804904729752,1.09161,0.0078125,0.302101,0.0078125,1.59268,1.62272,10,2638,2.02332,0
1776813804909701003,1.09161,0.00390625,0.302101,0.00390625,1.65717,1.62142,10,2638,2.02332,0
1776813804914692142,1.09161,0.00390625,0.302101,0.00390625,1.65717,1.62142,10,2638,2.02332,0
1776813804919700596,1.09161,-0.00195312,0.302101,-0.00195312,1.64674,1.61808,10,2638,2.02332,0
1776813804924690532,1.09161,-0.00195312,0.302107,-0.00195312,1.64674,1.61808,10,2638,2.02332,0
1776813804929692246,1.09161,-0.00390625,0.302107,-0.00390625,1.63667,1.61701,10,2638,2.02332,0
1776813804934692052,1.09161,-0.00390625,0.302107,-0.00390625,1.63667,1.61701,10,2638,2.02332,0
1776813804939731468,1.09161,-0.0078125,0.302107,-0.0078125,1.64671,1.61478,10,2638,2.02332,0
1776813804944708441,1.09161,-0.0078125,0.302101,-0.0078125,1.64671,1.61478,10,2638,2.02332,0
1776813804949712895,1.09161,-0.0078125,0.302101,-0.0078125,1.64653,1.61474,10,2638,2.02332,0
1776813804954712794,1.09161,-0.0078125,0.302101,-0.0078125,1.64653,1.61474,10,2638,2.02332,0
1776813804959701378,1.09161,-0.00585938,0.302101,-0.00585938,1.66802,1.61585,10,2638,2.02332,0
1776813804964703721,1.09147,-0.00585938,0.301967,-0.00585938,1.66802,1.61585,10,2638,2.02332,0
1776813804969700157,1.09148,-0.00585938,0.301968,-0.00585938,1.62492,1.61497,10,2638,2.02332,0
1776813804974694129,1.09148,-0.00585938,0.301968,-0.00585938,1.62492,1.61497,10,2638,2.02332,0
1776813804979716009,1.09148,-0.00585938,0.301968,-0.00585938,1.66848,1.61497,10,2638,2.02332,0
1776813804984698575,1.09148,-0.00390625,0.301968,-0.00390625,1.66848,1.61497,10,2638,2.02332,0
1776813804989656640,1.09148,-0.00390625,0.301968,-0.00390625,1.64657,1.61608,10,2638,2.02332,0
1776813804994711983,1.09148,-0.00195312,0.301968,-0.00195312,1.64657,1.61608,10,2638,2.02332,0
1776813804999705659,1.09147,-0.00195312,0.301962,-0.00195312,1.63615,1.61715,10,2638,2.02332,0
1776813805004709817,1.09147,-0.00585938,0.301962,-0.00585938,1.63615,1.61715,10,2638,2.02332,0
1776813805009710198,1.09147,-0.00585938,0.301962,-0.00585938,1.67878,1.61493,10,2638,2.02332,0
1776813805014707393,1.09163,-0.00585938,0.302126,-0.00585938,1.67878,1.61493,10,2638,2.02332,0
1776813805019696440,1.09163,0.00390625,0.302126,0.00390625,1.59269,1.62159,10,2638,2.02332,0
1776813805024694949,1.09161,0.00390625,0.302101,0.00390625,1.59269,1.62159,10,2638,2.02332,0
1776813805029698163,1.09161,0.00976562,0.302101,0.00976562,1.61436,1.62476,10,2638,2.02332,0
1776813805034719487,1.09161,0.00976562,0.302101,0.00976562,1.61436,1.62476,10,2638,2.02332,0
1776813805039652220,1.09161,0.0117188,0.302101,0.0117188,1.71105,1.62587,10,2638,2.02332,0
1776813805044694341,1.09178,0.0117188,0.30227,0.0117188,1.71105,1.62587,10,2638,2.02332,0
1776813805049693702,1.09178,0.00390625,0.30227,0.00390625,1.58155,1.62255,10,2638,2.02332,0
1776813805054699508,1.09191,0.00390625,0.302403,0.00390625,1.58155,1.62255,10,2638,2.02332,0
1776813805059700426,1.09191,-0.00585938,0.302403,-0.00585938,1.73308,1.61787,10,2638,2.02332,0
1776813805064708065,1.09191,-0.00585938,0.302402,-0.00585938,1.73308,1.61787,10,2638,2.02332,0
1776813805069714167,1.09191,-0.00195312,0.302402,-0.00195312,1.6042,1.62009,10,2638,2.02332,0
1776813805074701085,1.09174,-0.00195312,0.302238,-0.00195312,1.6042,1.62009,10,2638,2.02332,0
1776813805079693409,1.09174,-0.00195312,0.302238,-0.00195312,1.59269,1.61899,10,2638,2.02332,0
1776813805084701549,1.09191,-0.00195312,0.302402,-0.00195312,1.59269,1.61899,10,2638,2.02332,0
1776813805089651152,1.09191,0,0.302402,0,1.66864,1.6212,10,2638,2.02332,0
1776813805094691513,1.09191,0,0.302402,0,1.66864,1.6212,10,2638,2.02332,0
1776813805099700597,1.09191,-0.00390625,0.302402,-0.00390625,1.60294,1.61897,10,2638,2.02332,0
1776813805104693273,1.09191,-0.00390625,0.302402,-0.00390625,1.60294,1.61897,10,2638,2.02332,0
1776813805109698579,1.09191,-0.00585938,0.302402,-0.00585938,1.56047,1.61786,10,2638,2.02332,0
1776813805114697089,1.0919,-0.00585938,0.302397,-0.00585938,1.56047,1.61786,10,2638,2.02332,0
1776813805119735562,1.0919,-0.00585938,0.302397,-0.00585938,1.6572,1.61783,10,2638,2.02332,0
1776813805124704405,1.0919,-0.00585938,0.302397,-0.00585938,1.6572,1.61783,10,2638,2.02332,0
1776813805129699563,1.0919,-0.0078125,0.302397,-0.0078125,1.62494,1.61671,10,2638,2.02332,0
1776813805134694703,1.09177,-0.0078125,0.302259,-0.0078125,1.62494,1.61671,10,2638,2.02332,0
1776813805139648639,1.09177,0,0.302259,0,1.6572,1.62024,10,2638,2.02332,0
1776813805144700037,1.09177,0,0.302264,0,1.6572,1.62024,10,2638,2.02332,0
1776813805149690399,1.09177,0.00390625,0.302264,0.00390625,1.57085,1.62251,10,2638,2.02332,0
1776813805154764278,1.09191,0.00390625,0.302402,0.00390625,1.57085,1.62251,10,2638,2.02332,0
1776813805159776214,1.09191,0.00390625,0.302402,0.00390625,1.62596,1.62343,10,2638,2.02332,0
1776813805164721113,1.09207,0.00390625,0.302565,0.00390625,1.62596,1.62343,10,2638,2.02332,0
1776813805169707494,1.09207,-0.00195312,0.302565,-0.00195312,1.61434,1.62118,10,2638,2.02332,0
1776813805174712522,1.09207,-0.00195312,0.302566,-0.00195312,1.61434,1.62118,10,2638,2.02332,0
1776813805179712921,1.09207,0.00585938,0.302566,0.00585938,1.59396,1.62564,10,2638,2.02332,0
1776813805184725208,1.09205,0.00585938,0.302541,0.00585938,1.59396,1.62564,10,2638,2.02332,0
1776813805189709496,1.09205,0.00390625,0.302541,0.00390625,1.6039,1.62435,10,2638,2.02332,0
1776813805194779153,1.09205,0.00390625,0.302541,0.00390625,1.6039,1.62435,10,2638,2.02332,0
1776813805199715404,1.09205,0.00390625,0.302541,0.00390625,1.65837,1.62435,10,2638,2.02332,0
1776813805204787321,1.09205,0.00390625,0.302541,0.00390625,1.65837,1.62435,10,2638,2.02332,0
1776813805209755850,1.09205,0,0.302541,0,1.63649,1.62212,10,2638,2.02332,0
1776813805214703193,1.09205,0,0.302541,0,1.63649,1.62212,10,2638,2.02332,0
1776813805219702647,1.09205,-0.00585938,0.302541,-0.00585938,1.59269,1.61878,10,2638,2.02332,0
1776813805224716065,1.09219,-0.00585938,0.302679,-0.00585938,1.59269,1.61878,10,2638,2.02332,0
1776813805229711649,1.09219,-0.00390625,0.302679,-0.00390625,1.59267,1.62082,10,2638,2.02332,0
1776813805234699307,1.09221,-0.00390625,0.302705,-0.00390625,1.59267,1.62082,10,2638,2.02332,0
1776813805239658465,1.09221,-0.00390625,0.302705,-0.00390625,1.61376,1.62099,10,2638,2.02332,0
1776813805244693160,1.09205,-0.00390625,0.302546,-0.00390625,1.61376,1.62099,10,2638,2.02332,0
1776813805249697799,1.09205,0.00390625,0.302546,0.00390625,1.53871,1.62438,10,2638,2.02332,0
1776813805254708364,1.09205,0.00390625,0.302546,0.00390625,1.53871,1.62438,10,2638,2.02332,0
1776813805259704004,1.09205,0,0.302546,0,1.59265,1.62216,10,2638,2.02332,0
1776813805264696403,1.09205,0,0.302541,0,1.59265,1.62216,10,2638,2.02332,0
1776813805269705820,1.09205,0,0.302541,0,1.59266,1.62212,10,2638,2.02332,0
1776813805274699774,1.09205,0,0.302541,0,1.59266,1.62212,10,2638,2.02332,0
1776813805279703210,1.09205,0.00195312,0.302541,0.00195312,1.61435,1.62324,10,2638,2.02332,0
1776813805284706553,1.09205,0.00195312,0.302541,0.00195312,1.61435,1.62324,10,2638,2.02332,0
1776813805289655823,1.09205,-0.00195312,0.302541,-0.00195312,1.60327,1.62101,10,2638,2.02332,0
1776813805294691184,1.09219,-0.00195312,0.302679,-0.00195312,1.60327,1.62101,10,2638,2.02332,0
1776813805299692027,1.09219,0,0.302679,0,1.56047,1.62305,10,2638,2.02332,0
1776813805304700333,1.09219,0,0.302679,0,1.56047,1.62305,10,2638,2.02332,0
1776813805309693287,1.09219,0.00195312,0.302679,0.00195312,1.64632,1.62416,10,2638,2.02332,0
1776813805314695186,1.09219,0.00195312,0.302679,0.00195312,1.64632,1.62416,10,2638,2.02332,0
1776813805319694159,1.09219,-0.00195312,0.302679,-0.00195312,1.67854,1.62193,10,2638,2.02332,0
1776813805324701280,1.09219,-0.00195312,0.302679,-0.00195312,1.67854,1.62193,10,2638,2.02332,0
1776813805329694975,1.09219,0,0.302679,0,1.65721,1.62305,10,2638,2.02332,0
1776813805334705262,1.09219,0,0.302679,0,1.65721,1.62305,10,2638,2.02332,0
1776813805339662550,1.09219,0.00390625,0.302679,0.00390625,1.56047,1.62527,10,2638,2.02332,0
1776813805344700301,1.09219,0.00390625,0.302679,0.00390625,1.56047,1.62527,10,2638,2.02332,0
1776813805349692866,1.09219,0.00390625,0.302679,0.00390625,1.59251,1.62527,10,2638,2.02332,0
1776813805354693006,1.09235,0.00390625,0.302843,0.00390625,1.59251,1.62527,10,2638,2.02332,0
1776813805359693682,1.09235,0,0.302843,0,1.66839,1.62414,10,2638,2.02332,0
1776813805364699747,1.09235,0,0.302843,0,1.66839,1.62414,10,2638,2.02332,0
1776813805369693609,1.09249,0,0.302982,0,1.66839,1.62414,10,2638,2.02332,0
1776813805374694712,1.09249,0,0.302982,0,1.63516,1.62507,10,2638,2.02332,0
1776813805379722314,1.09248,0,0.302977,0,1.63516,1.62507,10,2638,2.02332,0
1776813805384711805,1.09248,0,0.302977,0,1.7111,1.62504,10,2638,2.02332,0
1776813805389657130,1.09248,0,0.302977,0,1.7111,1.62504,10,2638,2.02332,0
1776813805394706047,1.09248,-0.00195312,0.302977,-0.00195312,1.56046,1.62392,10,2638,2.02332,0
1776813805399697594,1.09248,-0.00195312,0.302977,-0.00195312,1.56046,1.62392,10,2638,2.02332,0
1776813805404718955,1.09248,-0.00390625,0.302977,-0.00390625,1.64674,1.62281,10,2638,2.02332,0
1776813805409695595,1.09251,-0.00390625,0.303008,-0.00390625,1.64674,1.62281,10,2638,2.02332,0
1776813805414704938,1.09251,-0.00195312,0.303008,-0.00195312,1.59258,1.62413,10,2638,2.02332,0
1776813805419700670,1.09235,-0.00195312,0.302844,-0.00195312,1.64673,1.62303,10,2638,2.02332,0
1776813805424700865,1.09235,-0.00390625,0.302844,-0.00390625,1.64673,1.62303,10,2638,2.02332,0
1776813805429695190,1.09235,-0.00390625,0.302844,-0.00390625,1.64649,1.62192,10,2638,2.02332,0
1776813805434696107,1.09235,-0.00195312,0.302844,-0.00195312,1.64649,1.62192,10,2638,2.02332,0
1776813805439651599,1.09235,-0.00195312,0.302844,-0.00195312,1.581,1.62303,10,2638,2.02332,0
1776813805444788885,1.09249,-0.00195312,0.302981,-0.00195312,1.581,1.62303,10,2638,2.02332,0
1776813805449716748,1.09249,-0.00195312,0.302981,-0.00195312,1.64674,1.62395,10,2638,2.02332,0
1776813805454707739,1.09248,-0.00195312,0.302977,-0.00195312,1.64674,1.62395,10,2638,2.02332,0
1776813805459700693,1.09248,-0.00195312,0.302977,-0.00195312,1.59267,1.62392,10,2638,2.02332,0
1776813805464691426,1.09248,-0.00195312,0.302977,-0.00195312,1.59267,1.62392,10,2638,2.02332,0
1776813805469702009,1.09248,-0.00195312,0.302977,-0.00195312,1.61458,1.62392,10,2638,2.02332,0
1776813805474695482,1.09248,-0.00195312,0.302977,-0.00195312,1.61458,1.62392,10,2638,2.02332,0
1776813805479695233,1.09248,0.00195312,0.302977,0.00195312,1.6457,1.62615,10,2638,2.02332,0
1776813805484693854,1.09248,0.00195312,0.302977,0.00195312,1.6457,1.62615,10,2638,2.02332,0
1776813805489651919,1.09248,0,0.302977,0,1.62487,1.62504,10,2638,2.02332,0
1776813805494702929,1.09248,0,0.302977,0,1.62487,1.62504,10,2638,2.02332,0
1776813805499702828,1.09248,0.00195312,0.302977,0.00195312,1.63594,1.62615,10,2638,2.02332,0
1776813805504695097,1.09265,0.00195312,0.303141,0.00195312,1.63594,1.62615,10,2638,2.02332,0
1776813805509706921,1.09265,0,0.303141,0,1.63594,1.62615,10,2638,2.02332,0
1776813805514696376,1.09265,0,0.303141,0,1.63657,1.62613,10,2638,2.02332,0
1776813805519692682,1.09279,0,0.30328,0,1.63657,1.62613,10,2638,2.02332,0
1776813805524694118,1.09279,0,0.30328,0,1.73306,1.62705,10,2638,2.02332,0
1776813805529714331,1.09279,0,0.30328,0,1.73306,1.62705,10,2638,2.02332,0
1776813805534698433,1.09279,0,0.30328,0,1.65702,1.62705,10,2638,2.02332,0
1776813805539645036,1.09279,0,0.30328,0,1.65702,1.62705,10,2638,2.02332,0
1776813805544697805,1.09279,0.00195312,0.30328,0.00195312,1.59257,1.62817,10,2638,2.02332,0
1776813805549690093,1.09279,0.00195312,0.30328,0.00195312,1.59257,1.62817,10,2638,2.02332,0
1776813805554696084,1.09279,0,0.30328,0,1.62469,1.62705,10,2638,2.02332,0
1776813805559697427,1.09279,0,0.303285,0,1.62469,1.62705,10,2638,2.02332,0
1776813805564713585,1.09279,-0.00390625,0.303285,-0.00390625,1.62489,1.62486,10,2638,2.02332,0
1776813805569695373,1.09279,-0.00390625,0.303285,-0.00390625,1.62489,1.62486,10,2638,2.02332,0
1776813805574694364,1.09279,-0.00195312,0.303285,-0.00195312,1.67034,1.62597,10,2638,2.02332,0
1776813805579732818,1.09279,-0.00195312,0.303285,-0.00195312,1.67034,1.62597,10,2638,2.02332,0
1776813805584714309,1.09279,0,0.303285,0,1.62672,1.62709,10,2638,2.02332,0
1776813805589652820,1.09279,0,0.303285,0,1.62672,1.62709,10,2638,2.02332,0
1776813805594694663,1.09292,0,0.303418,0,1.62649,1.62798,10,2638,2.02332,0
1776813805599692932,1.09292,-0.00195312,0.303418,-0.00195312,1.65707,1.62686,10,2638,2.02332,0
1776813805604707478,1.09295,-0.00195312,0.303444,-0.00195312,1.65707,1.62686,10,2638,2.02332,0
1776813805609701785,1.09295,-0.00195312,0.303444,-0.00195312,1.70085,1.62703,10,2638,2.02332,0
1776813805614711628,1.09279,-0.00195312,0.303285,-0.00195312,1.70085,1.62703,10,2638,2.02332,0
1776813805619710174,1.09279,0.00390625,0.303285,0.00390625,1.65709,1.62931,10,2638,2.02332,0
1776813805624698073,1.09279,0.00390625,0.303285,0.00390625,1.65709,1.62931,10,2638,2.02332,0
1776813805629693491,1.09279,0,0.303285,0,1.55025,1.62709,10,2638,2.02332,0
1776813805634713111,1.09279,0,0.303285,0,1.55025,1.62709,10,2638,2.02332,0
1776813805639658344,1.09279,-0.00195312,0.303285,-0.00195312,1.6366,1.62597,10,2638,2.02332,0
1776813805644693039,1.09296,-0.00195312,0.303449,-0.00195312,1.6366,1.62597,10,2638,2.02332,0
1776813805649691882,1.09296,-0.00195312,0.303449,-0.00195312,1.73276,1.62707,10,2638,2.02332,0
1776813805654766428,1.09279,-0.00195312,0.303285,-0.00195312,1.73276,1.62707,10,2638,2.02332,0
1776813805659719864,1.09279,-0.00390625,0.303285,-0.00390625,1.65691,1.62486,10,2638,2.02332,0
1776813805664739800,1.09279,-0.00390625,0.303285,-0.00390625,1.65691,1.62486,10,2638,2.02332,0
1776813805669818475,1.09293,-0.00390625,0.303423,-0.00390625,1.65691,1.62486,10,2638,2.02332,0
1776813805674788152,1.09293,-0.00195312,0.303423,-0.00195312,1.67891,1.6269,10,2638,2.02332,0
1776813805679756274,1.09293,-0.00195312,0.303423,-0.00195312,1.67891,1.6269,10,2638,2.02332,0
1776813805684706950,1.09293,0.00585938,0.303423,0.00585938,1.61459,1.63135,10,2638,2.02332,0
1776813805689649924,1.09293,0.00585938,0.303423,0.00585938,1.61459,1.63135,10,2638,2.02332,0
1776813805694692118,1.09293,0,0.303423,0,1.59269,1.62801,10,2638,2.02332,0
1776813805699747831,1.09309,0,0.303588,0,1.59269,1.62801,10,2638,2.02332,0
1776813805704709397,1.09309,0.00195312,0.303588,0.00195312,1.57081,1.63022,10,2638,2.02332,0
1776813805709700833,1.09309,0.00195312,0.303588,0.00195312,1.57081,1.63022,10,2638,2.02332,0
1776813805714707843,1.09309,-0.00195312,0.303588,-0.00195312,1.6454,1.62799,10,2638,2.02332,0
1776813805719712501,1.09309,-0.00195312,0.303588,-0.00195312,1.6454,1.62799,10,2638,2.02332,0
1776813805724712862,1.09309,-0.00585938,0.303588,-0.00585938,1.62493,1.62577,10,2638,2.02332,0
1776813805729719557,1.09293,-0.00585938,0.303423,-0.00585938,1.62493,1.62577,10,2638,2.02332,0
1776813805734701178,1.09293,-0.00195312,0.303423,-0.00195312,1.64667,1.6269,10,2638,2.02332,0
1776813805739660763,1.09293,-0.00195312,0.303423,-0.00195312,1.64667,1.6269,10,2638,2.02332,0
1776813805744724531,1.09307,-0.00195312,0.303562,-0.00195312,1.58217,1.62782,10,2638,2.02332,0
1776813805749711152,1.09307,0.00585938,0.303562,0.00585938,1.63625,1.63227,10,2638,2.02332,0
1776813805754699681,1.09307,0.00585938,0.303563,0.00585938,1.63625,1.63227,10,2638,2.02332,0
1776813805759712802,1.09307,-0.00195312,0.303563,-0.00195312,1.62604,1.62783,10,2638,2.02332,0
1776813805764703589,1.09307,-0.00195312,0.303562,-0.00195312,1.62604,1.62783,10,2638,2.02332,0
1776813805769702803,1.09307,0.00195312,0.303562,0.00195312,1.68948,1.63005,10,2638,2.02332,0
1776813805774697331,1.09307,0.00195312,0.303562,0.00195312,1.68948,1.63005,10,2638,2.02332,0
1776813805779736174,1.09307,0,0.303562,0,1.57075,1.62893,10,2638,2.02332,0
1776813805784706814,1.09307,0,0.303562,0,1.57075,1.62893,10,2638,2.02332,0
1776813805789652083,1.09307,0,0.303562,0,1.64669,1.62893,10,2638,2.02332,0
1776813805794689334,1.09323,0,0.303726,0,1.64669,1.62893,10,2638,2.02332,0
1776813805799717732,1.09323,0,0.303726,0,1.64673,1.63003,10,2638,2.02332,0
1776813805804701353,1.09307,0,0.303562,0,1.64673,1.63003,10,2638,2.02332,0
1776813805809696178,1.09307,-0.00195312,0.303562,-0.00195312,1.68934,1.62782,10,2638,2.02332,0
1776813805814705428,1.09307,-0.00195312,0.303562,-0.00195312,1.68934,1.62782,10,2638,2.02332,0
1776813805819692716,1.09323,-0.00195312,0.303726,-0.00195312,1.68934,1.62782,10,2638,2.02332,0
1776813805824694578,1.09323,-0.00195312,0.303726,-0.00195312,1.59268,1.62891,10,2638,2.02332,0
1776813805829697347,1.09323,-0.00195312,0.303725,-0.00195312,1.59268,1.62891,10,2638,2.02332,0
1776813805834709042,1.09323,0.00195312,0.303725,0.00195312,1.60448,1.63113,10,2638,2.02332,0
1776813805839664256,1.09323,0.00195312,0.303725,0.00195312,1.62493,1.63113,10,2638,2.02332,0
1776813805844693080,1.09323,-0.00195312,0.303725,-0.00195312,1.62493,1.63113,10,2638,2.02332,0
1776813805849693997,1.09323,-0.00195312,0.303726,-0.00195312,1.59267,1.62891,10,2638,2.02332,0
1776813805854694322,1.09323,0,0.303726,0,1.59267,1.62891,10,2638,2.02332,0
1776813805859693276,1.09323,0,0.303726,0,1.70072,1.63003,10,2638,2.02332,0
1776813805864693582,1.09323,0,0.303726,0,1.70072,1.63003,10,2638,2.02332,0
1776813805869693277,1.09324,0,0.303731,0,1.70072,1.63003,10,2638,2.02332,0
1776813805874700972,1.09324,0.00390625,0.303731,0.00390625,1.59381,1.63229,10,2638,2.02332,0
1776813805879694038,1.09338,0.00390625,0.30387,0.00390625,1.59381,1.63229,10,2638,2.02332,0
1776813805884700510,1.09338,-0.00195312,0.30387,-0.00195312,1.63565,1.62987,10,2638,2.02332,0
1776813805889653909,1.09338,-0.00195312,0.30387,-0.00195312,1.63565,1.62987,10,2638,2.02332,0
1776813805894706326,1.09354,-0.00195312,0.304035,-0.00195312,1.7008,1.63097,10,2638,2.02332,0
1776813805899694781,1.09354,0.00195312,0.304035,0.00195312,1.63582,1.6332,10,2638,2.02332,0
1776813805904691179,1.09354,0.00195312,0.304034,0.00195312,1.63582,1.6332,10,2638,2.02332,0
1776813805909696411,1.09354,0.00585938,0.304034,0.00585938,1.64659,1.63542,10,2638,2.02332,0
1776813805914690958,1.09354,0.00585938,0.304034,0.00585938,1.64659,1.63542,10,2638,2.02332,0
1776813805919702653,1.09354,0,0.304034,0,1.61454,1.63208,10,2638,2.02332,0
1776813805924693182,1.09354,0,0.304034,0,1.61454,1.63208,10,2638,2.02332,0
1776813805929694710,1.09354,0.00390625,0.304034,0.00390625,1.66856,1.63431,10,2638,2.02332,0
1776813805934740645,1.09354,0.00390625,0.304034,0.00390625,1.66856,1.63431,10,2638,2.02332,0
1776813805939666897,1.09354,0,0.304034,0,1.67752,1.63208,10,2638,2.02332,0
1776813805944694795,1.09354,0,0.304029,0,1.67752,1.63208,10,2638,2.02332,0
1776813805949747193,1.09354,0,0.304029,0,1.56046,1.63205,10,2638,2.02332,0
1776813805954707944,1.09354,0,0.304029,0,1.56046,1.63205,10,2638,2.02332,0
1776813805959746083,1.09354,0.00390625,0.304029,0.00390625,1.6146,1.63427,10,2638,2.02332,0
1776813805964725334,1.09354,0.00390625,0.304029,0.00390625,1.6146,1.63427,10,2638,2.02332,0
1776813805969708270,1.09367,0.00390625,0.304167,0.00390625,1.6146,1.63427,10,2638,2.02332,0
1776813805974696298,1.09367,0.00585938,0.304167,0.00585938,1.63558,1.63631,10,2638,2.02332,0
1776813805979733734,1.09367,0.00585938,0.304167,0.00585938,1.63558,1.63631,10,2638,2.02332,0
1776813805984722725,1.09367,-0.00195312,0.304167,-0.00195312,1.63576,1.63186,10,2638,2.02332,0
1776813805989656384,1.09367,-0.00195312,0.304167,-0.00195312,1.63576,1.63186,10,2638,2.02332,0
1776813805994711430,1.09367,-0.00390625,0.304167,-0.00390625,1.58225,1.63074,10,2638,2.02332,0
1776813805999714107,1.09367,-0.00390625,0.304167,-0.00390625,1.58225,1.63074,10,2638,2.02332,0
1776813806004722154,1.09367,0,0.304167,0,1.64673,1.63297,10,2638,2.02332,0
1776813806009691534,1.09368,0,0.304173,0,1.64673,1.63297,10,2638,2.02332,0
1776813806014702581,1.09368,-0.00195312,0.304173,-0.00195312,1.65709,1.63189,10,2638,2.02332,0
1776813806019695665,1.09368,-0.00195312,0.304173,-0.00195312,1.65709,1.63189,10,2638,2.02332,0
1776813806024702453,1.09368,-0.00390625,0.304173,-0.00390625,1.62494,1.63078,10,2638,2.02332,0
1776813806029699666,1.09351,-0.00390625,0.304008,-0.00390625,1.62494,1.63078,10,2638,2.02332,0
1776813806034705324,1.09351,-0.00195312,0.304008,-0.00195312,1.61441,1.63079,10,2638,2.02332,0
1776813806039663724,1.09351,-0.00195312,0.304008,-0.00195312,1.61441,1.63079,10,2638,2.02332,0
1776813806044713548,1.09367,-0.00195312,0.304166,-0.00195312,1.66861,1.63185,10,2638,2.02332,0
1776813806049709113,1.09367,0,0.304166,0,1.57217,1.63296,10,2638,2.02332,0
1776813806054704438,1.09381,0,0.304299,0,1.57217,1.63296,10,2638,2.02332,0
1776813806059694911,1.09381,0,0.304299,0,1.62335,1.63384,10,2638,2.02332,0
1776813806064727884,1.09381,0,0.304299,0,1.62335,1.63384,10,2638,2.02332,0
1776813806069700246,1.09381,0,0.304299,0,1.61459,1.63384,10,2638,2.02332,0
1776813806074704145,1.09381,0,0.304299,0,1.61459,1.63384,10,2638,2.02332,0
1776813806079694840,1.09381,-0.00195312,0.304299,-0.00195312,1.61447,1.63273,10,2638,2.02332,0
1776813806084701016,1.09383,-0.00195312,0.304324,-0.00195312,1.61447,1.63273,10,2638,2.02332,0
1776813806089668008,1.09383,-0.00390625,0.304324,-0.00390625,1.60335,1.63179,10,2638,2.02332,0
1776813806094706277,1.09367,-0.00390625,0.304161,-0.00390625,1.60335,1.63179,10,2638,2.02332,0
1776813806099697250,1.09367,0.00390625,0.304161,0.00390625,1.6572,1.63515,10,2638,2.02332,0
1776813806104699389,1.09367,0.00390625,0.304161,0.00390625,1.6572,1.63515,10,2638,2.02332,0
1776813806109708640,1.09367,0.00976562,0.304161,0.00976562,1.57147,1.63849,10,2638,2.02332,0
1776813806114698891,1.09367,0.00976562,0.304161,0.00976562,1.57147,1.63849,10,2638,2.02332,0
1776813806119763233,1.09397,0.00976562,0.304464,0.00976562,1.57147,1.63849,10,2638,2.02332,0
1776813806124722410,1.09397,0.015625,0.304464,0.015625,1.63566,1.64385,10,2638,2.02332,0
1776813806129703124,1.09394,0.015625,0.304438,0.015625,1.63566,1.64385,10,2638,2.02332,0
1776813806134768652,1.09394,0.0253906,0.304438,0.0253906,1.60323,1.64925,10,2638,2.02332,0
1776813806139691515,1.09424,0.0253906,0.304735,0.0253906,1.60323,1.64925,10,2638,2.02332,0
1776813806144695913,1.09424,0.0273438,0.304735,0.0273438,1.5171,1.65234,10,2638,2.02332,0
1776813806149709201,1.09438,0.0273438,0.304874,0.0273438,1.5171,1.65234,10,2638,2.02332,0
1776813806154700822,1.09438,0.0253906,0.304874,0.0253906,1.65705,1.65215,10,2638,2.02332,0
1776813806159700832,1.09485,0.0253906,0.305341,0.0253906,1.65705,1.65215,10,2638,2.02332,0
1776813806164711175,1.09485,0.0253906,0.305341,0.0253906,1.64633,1.65526,10,2638,2.02332,0
1776813806169717963,1.09499,0.0253906,0.305479,0.0253906,1.64633,1.65526,10,2638,2.02332,0
1776813806174739880,1.09499,0.0214844,0.305479,0.0214844,1.61435,1.65396,10,2638,2.02332,0
1776813806179729520,1.09526,0.0214844,0.305757,0.0214844,1.61435,1.65396,10,2638,2.02332,0
1776813806184742566,1.09526,0.0234375,0.305757,0.0234375,1.67875,1.65692,10,2638,2.02332,0
1776813806189692021,1.09526,0.0234375,0.305757,0.0234375,1.67875,1.65692,10,2638,2.02332,0
1776813806194704790,1.09556,0.0234375,0.306055,0.0234375,1.62492,1.65891,10,2638,2.02332,0
1776813806199704615,1.09556,0.0410156,0.306055,0.0410156,1.66823,1.66893,10,2638,2.02332,0
1776813806204773458,1.09616,0.0410156,0.306655,0.0410156,1.66823,1.66893,10,2638,2.02332,0
1776813806209714302,1.09616,0.0566406,0.306655,0.0566406,1.75414,1.68183,10,2638,2.02332,0
1776813806214712904,1.09658,0.0566406,0.307072,0.0566406,1.75414,1.68183,10,2638,2.02332,0
1776813806219709655,1.09658,0.0683594,0.307072,0.0683594,1.66816,1.69128,10,2638,2.02332,0
1776813806224738701,1.09734,0.0683594,0.30783,0.0683594,1.66816,1.69128,10,2638,2.02332,0
1776813806229767026,1.09734,0.0742188,0.30783,0.0742188,1.67814,1.69967,10,2638,2.02332,0
1776813806234733036,1.09805,0.0742188,0.308544,0.0742188,1.67814,1.69967,10,2638,2.02332,0
1776813806239672750,1.09805,0.0800781,0.308544,0.0800781,1.69132,1.70776,10,2638,2.02332,0
1776813806244716871,1.09878,0.0800781,0.309278,0.0800781,1.69132,1.70776,10,2638,2.02332,0
1776813806249697696,1.09878,0.0859375,0.309278,0.0859375,1.67962,1.71599,10,2638,2.02332,0
1776813806254711780,1.09949,0.0859375,0.309986,0.0859375,1.67962,1.71599,10,2638,2.02332,0
1776813806259700845,1.09949,0.0976562,0.309986,0.0976562,1.68534,1.72738,10,2638,2.02332,0
1776813806264702559,1.09949,0.0976562,0.309986,0.0976562,1.68534,1.72738,10,2639,2.02409,0
1776813806269697476,1.10066,0.0976562,0.311925,0.0976562,1.68534,1.72738,10,2639,2.02409,0.153368
1776813806274705820,1.10066,0.119141,0.311925,0.272508,1.70483,1.74742,10,2639,2.02409,0
1776813806279701107,1.10167,0.119141,0.312933,0.119141,1.70483,1.74742,10,2640,2.02485,0
1776813806284736747,1.10167,0.146484,0.3137,0.146484,1.69449,1.76971,10,2640,2.02485,0.153368
1776813806289670553,1.10357,0.146484,-0.312719,0.299852,1.69449,1.76971,10,2641,2.02562,0
1776813806294692674,1.10417,0.148438,-0.311349,0.301836,1.8221,1.78345,10,2641,2.02562,0
1776813806299708554,1.10417,0.160156,-0.311349,0.160156,1.71053,1.79414,10,2642,2.02639,0.153429
1776813806304699990,1.10595,0.160156,-0.308808,0.313585,1.71053,1.79414,10,2643,2.02716,0.153429
1776813806309696778,1.10595,0.169922,-0.308041,0.323351,1.80183,1.81149,10,2644,2.02792,0.153429
1776813806314694436,1.10773,0.169922,-0.305493,0.323351,1.80183,1.81149,10,2645,2.02869,0.153337
1776813806319704890,1.10773,0.173828,-0.304726,0.327165,1.70999,1.82554,10,2646,2.02946,0.15346
1776813806324698826,1.10951,0.173828,-0.302182,0.327288,1.70999,1.82554,10,2648,2.03099,0.153399
1776813806329706040,1.10951,0.171875,-0.300648,0.325274,1.88301,1.83622,10,2650,2.03252,0.306797
1776813806334694013,1.10951,0.171875,-0.299114,0.478672,1.88301,1.83622,10,2652,2.03406,0.306674
1776813806339649505,1.11009,0.171875,-0.296995,0.478549,1.88301,1.83622,10,2654,2.03559,0.30692
1776813806344689829,1.11009,0.132812,-0.295461,0.439732,1.79925,1.81784,10,2658,2.03866,0.460012
1776813806349693376,1.11335,0.132812,-0.289134,0.592824,1.79925,1.81784,10,2660,2.04019,0.46038
1776813806354702034,1.1138,0.121094,-0.284854,0.581197,1.75734,1.83277,10,2665,2.04403,0.460196
1776813806359694414,1.1138,0.109375,-0.28332,0.569571,1.87938,1.82904,10,2668,2.04633,0.460196
1776813806364695332,1.11512,0.109375,-0.2797,0.569571,1.87938,1.82904,10,2671,2.04863,0.460196
1776813806369693416,1.11512,0.107422,-0.277399,0.567617,1.76442,1.83666,10,2674,2.05093,0.613717
1776813806374697629,1.11542,0.107422,-0.274793,0.721139,1.76442,1.83666,10,2677,2.05323,0.613594
1776813806379703195,1.11542,0.164062,-0.272492,0.777657,1.84972,1.87097,10,2682,2.05707,0.460196
1776813806384707945,1.11762,0.164062,-0.266458,0.624258,1.84972,1.87097,10,2685,2.05937,0.613349
1776813806389653104,1.11762,0.193359,-0.264157,0.806708,1.78345,1.90223,10,2690,2.0632,0.613792
1776813806394689799,1.11823,0.193359,-0.259716,0.807151,1.78345,1.90223,10,2693,2.06551,0.613471
1776813806399692290,1.11823,0.277344,-0.257415,0.890815,1.80672,1.95412,10,2699,2.07011,0.766993
1776813806404715874,1.11823,0.277344,-0.252813,1.04434,1.80672,1.95412,10,2702,2.07241,0.613594
1776813806409699440,1.12238,0.277344,-0.246361,0.890938,1.80672,1.95412,10,2707,2.07624,0.766839
1776813806414700172,1.12238,0.314453,-0.242526,1.08129,1.82632,2.00272,10,2714,2.08161,0.767299
1776813806419699182,1.12684,0.314453,-0.232696,1.08175,1.82632,2.00272,10,2718,2.08468,0.766686
1776813806424702988,1.12684,0.292969,-0.229628,1.05965,1.95982,2.01994,10,2726,2.09082,0.920759
1776813806429693054,1.12982,0.292969,-0.220514,1.21373,1.95982,2.01994,10,2730,2.09388,0.920023
1776813806434694897,1.12982,0.257812,-0.217446,1.17784,2.16342,2.01956,10,2737,2.09925,0.920575
1776813806439655981,1.13114,0.257812,-0.210755,1.17839,2.16342,2.01956,10,2743,2.10385,0.920207
1776813806444710546,1.13114,0.191406,-0.206153,1.11161,2.10959,1.99043,10,2750,2.10922,0.920575
1776813806449705167,1.13356,0.191406,-0.198366,1.11198,2.10959,1.99043,10,2754,2.11229,0.920207
1776813806454745510,1.13356,0.195312,-0.195298,1.11552,1.95816,2.00859,10,2762,2.11843,0.920575
1776813806459713983,1.13625,0.195312,-0.186471,1.11589,1.95816,2.00859,10,2766,2.1215,0.920391
1776813806464711808,1.13625,0.228516,-0.183403,1.14891,1.92909,2.04525,10,2773,2.12686,0.767146
1776813806469710207,1.13684,0.228516,-0.177441,0.995662,1.92909,2.04525,10,2777,2.12993,0.920207
1776813806474699106,1.13684,0.251953,-0.174373,1.17216,1.89252,2.06251,10,2784,2.1353,0.766839
1776813806479706319,1.13684,0.251953,-0.169004,1.01879,1.89252,2.06251,10,2788,2.13837,0.920759
1776813806484696829,1.14119,0.251953,-0.16159,1.17271,2.17514,2.0911,10,2794,2.14297,0.920391
1776813806489663969,1.14119,0.185547,-0.156988,1.10594,2.16528,2.05325,10,2801,2.14834,0.918873
1776813806494713682,1.14329,0.185547,-0.149512,1.10442,2.16528,2.05325,10,2805,2.15141,0.768068
1776813806499694970,1.14329,0.140625,-0.146444,0.908693,2.09203,2.04149,10,2811,2.15601,0.766839
1776813806504693406,1.14556,0.140625,-0.139571,0.907464,2.09203,2.04149,10,2815,2.15908,0.766993
1776813806509697823,1.14556,0.166016,-0.136503,0.933008,1.94883,2.07088,10,2822,2.16445,0.920575
1776813806514696907,1.14602,0.166016,-0.130682,1.08659,1.94883,2.07088,10,2826,2.16751,0.767146
1776813806519692695,1.14602,0.246094,-0.127614,1.01324,1.73594,2.1195,10,2833,2.17288,0.766839
1776813806524692446,1.14959,0.246094,-0.118671,1.01293,1.73594,2.1195,10,2837,2.17595,0.920391
1776813806529717937,1.14959,0.242188,-0.115603,1.16258,2.08012,2.14072,10,2844,2.18132,0.920207
1776813806534700318,1.15019,0.242188,-0.109638,1.16239,2.08012,2.14072,10,2849,2.18516,0.767146
1776813806539650902,1.15019,0.138672,-0.105803,0.905818,2.33554,2.08563,10,2856,2.19052,0.920207
1776813806544692282,1.15363,0.138672,-0.0969875,1.05888,2.33554,2.08563,10,2861,2.19436,1.07422
1776813806549696421,1.15363,0.103516,-0.0931525,1.17773,2.33554,2.08563,10,2867,2.19896,0.920023
1776813806554699339,1.15409,0.103516,-0.0834959,1.02391,2.17599,2.08818,10,2876,2.20586,0.767299
1776813806559692627,1.15409,0.103516,-0.0834959,1.02391,2.17599,2.08818,10,2876,2.20586,0.767299
1776813806564692859,1.15583,0.121094,-0.073311,1.0413,1.94798,2.10117,10,2887,2.2143,0.920575
1776813806569759424,1.15583,0.136719,-0.07101,1.05729,1.98177,2.12152,10,2892,2.21814,0.920575
1776813806574727730,1.1569,0.136719,-0.0661118,1.05729,1.98177,2.12152,10,2896,2.2212,0.920023
1776813806579714555,1.1569,0.121094,-0.0630438,1.04112,2.1091,2.11957,10,2904,2.22734,0.920759
1776813806584769601,1.15777,0.121094,-0.0560349,1.04185,2.1091,2.11957,10,2908,2.23041,0.920391
1776813806589677223,1.15777,0.0371094,-0.0529672,0.9575,2.13896,2.07741,10,2916,2.23654,0.920343
1776813806594700474,1.15866,0.0371094,-0.04594,0.957453,2.13896,2.07741,10,2921,2.24038,0.920207
1776813806599700391,1.15866,-0.0078125,-0.0421051,0.912395,2.16808,2.05764,10,2929,2.24651,1.07379
1776813806604704938,1.15881,-0.0078125,-0.03582,1.06598,2.16808,2.05764,10,2934,2.25035,0.920575
1776813806609696355,1.15881,0.00390625,-0.031985,0.924481,1.99594,2.06529,10,2942,2.25649,0.920391
1776813806614704476,1.1588,0.00390625,-0.025865,0.924297,1.99594,2.06529,10,2947,2.26032,1.07336
1776813806619696635,1.1588,0.00390625,-0.02203,1.07727,1.98709,2.06519,10,2956,2.26722,1.07422
1776813806624701089,1.1588,0.00390625,-0.0151271,1.07813,1.98709,2.06519,10,2961,2.27106,1.07357
1776813806629699969,1.15893,0.00390625,-0.0111592,1.07748,1.98709,2.06519,10,2969,2.27719,1.22719
1776813806634702924,1.15893,-0.0625,-0.00502324,1.16469,2.12081,2.02821,10,2978,2.2841,1.07357
1776813806639655286,1.15831,-0.0625,0.00126421,1.01107,2.12081,2.02821,10,2984,2.2887,1.22768
1776813806644692925,1.15831,-0.078125,0.00586617,1.14955,2.05413,2.01527,10,2993,2.2956,1.07357
1776813806649704713,1.15788,-0.078125,0.012332,0.99545,2.05413,2.01527,10,2999,2.3002,1.07379
1776813806654696408,1.15788,-0.0429688,0.0169339,1.03082,1.89057,2.03245,10,3008,2.30711,1.22694
1776813806659703751,1.1571,-0.0429688,0.0230627,1.18397,1.89057,2.03245,10,3014,2.31171,1.22743
1776813806664695224,1.1571,-0.0507812,0.0276647,1.17665,2.09371,2.02293,10,3024,2.31938,1.07396
1776813806669713289,1.15682,-0.0507812,0.0350574,1.02318,2.09371,2.02293,10,3030,2.32398,1.22719
1776813806674699781,1.15682,-0.103516,0.0396594,1.12367,2.05203,1.99106,10,3039,2.33088,1.22694
1776813806679721087,1.15591,-0.103516,0.0456524,1.12343,2.05203,1.99106,10,3045,2.33549,1.22743
1776813806684697875,1.15591,-0.109375,0.0502543,1.11806,1.91885,1.98177,10,3055,2.34316,1.07336
1776813806689648663,1.1549,-0.109375,0.0569081,0.963985,1.91885,1.98177,10,3061,2.34776,1.22719
1776813806694690247,1.1549,-0.0722656,0.0615101,1.15492,1.89693,1.99627,10,3072,2.35619,1.38086
1776813806699689886,1.1549,-0.0722656,0.069947,1.3086,1.89693,1.99627,10,3078,2.3608,1.22743
1776813806704703433,1.154,-0.0722656,0.0736479,1.15517,2.01118,1.99037,10,3088,2.36847,1.38003
1776813806709744868,1.154,-0.0996094,0.0813178,1.28043,1.95289,1.97478,10,3099,2.3769,1.38086
1776813806714722119,1.15279,-0.0996094,0.0885464,1.28125,1.95289,1.97478,10,3106,2.38227,1.38059
1776813806719721148,1.15161,-0.138672,0.102712,1.39531,1.99533,1.9446,10,3121,2.39378,1.53276
1776813806724710621,1.15161,-0.136719,0.104246,1.39604,1.99533,1.9446,10,3130,2.40068,1.53486
1776813806729696353,1.15086,-0.136719,0.110397,1.39814,2.04348,1.93309,10,3139,2.40758,1.53486
1776813806734700215,1.15086,-0.148438,0.1173,1.38642,2.04348,1.93309,10,3148,2.41449,1.53429
1776813806739659410,1.14895,-0.148438,0.122287,1.38585,2.04348,1.93309,10,3156,2.42062,1.53399
1776813806744784641,1.14895,-0.160156,0.128423,1.37383,1.96266,1.90717,10,3168,2.42983,1.53429
1776813806749725115,1.14819,-0.160156,0.136871,1.37414,1.96266,1.90717,10,3176,2.43596,1.53368
1776813806754704643,1.14819,-0.162109,0.143007,1.37157,1.8778,1.90109,10,3190,2.4467,1.53368
1776813806759706561,1.14638,-0.162109,0.151938,1.37157,1.8778,1.90109,10,3197,2.45207,1.68806
1776813806764701441,1.14638,-0.148438,0.157307,1.53962,1.98288,1.89702,10,3212,2.46357,1.68671
1776813806769705192,1.14638,-0.148438,0.168811,1.53827,1.98288,1.89702,10,3220,2.46971,1.68772
1776813806774699757,1.14489,-0.148438,0.17345,1.53928,1.78116,1.88719,10,3233,2.47968,1.84078
1776813806779712563,1.14489,-0.167969,0.183421,1.67281,1.94023,1.87606,10,3248,2.49118,1.84073
1776813806784700333,1.14192,-0.167969,0.191955,1.67277,1.94023,1.87606,10,3257,2.49809,1.84115
1776813806789651158,1.14192,-0.169922,0.198858,1.67123,1.93045,1.85543,10,3273,2.51036,1.99418
1776813806794698334,1.14101,-0.169922,0.210222,1.82426,1.93045,1.85543,10,3282,2.51726,1.99378
1776813806799738066,1.14101,-0.21875,0.217125,1.77503,1.72594,1.82163,10,3299,2.5303,1.84078
1776813806804733020,1.13906,-0.21875,0.228213,1.62203,1.72594,1.82163,10,3308,2.5372,1.99458
1776813806809703086,1.13906,-0.259766,0.235116,1.73481,1.8638,1.78542,10,3324,2.54948,1.99418
1776813806814698170,1.13652,-0.259766,0.244849,1.73441,1.8638,1.78542,10,3335,2.55791,1.99378
1776813806819699069,1.13652,-0.28125,0.253286,1.71253,1.80232,1.75647,10,3352,2.57095,2.14801
1776813806824705060,1.13383,-0.28125,0.263638,1.86676,1.80232,1.75647,10,3363,2.57939,2.14753
1776813806829693681,1.13383,-0.294922,0.272074,1.85261,1.68179,1.73097,10,3381,2.59319,2.14715
1776813806834708487,1.13085,-0.294922,0.282895,1.85223,1.68179,1.73097,10,3392,2.60163,2.30052
1776813806839651609,1.13085,-0.302734,0.291332,1.99778,1.76516,1.70684,10,3410,2.61544,2.14801
1776813806844688989,1.13085,-0.302734,0.305138,1.84527,1.76516,1.70684,10,3420,2.62311,2.14758
1776813806849702128,1.12786,-0.302734,0.309821,1.84484,1.76516,1.70684,10,3431,2.63154,2.14758
1776813806854694342,1.12786,-0.0332031,-0.310061,2.11438,1.58598,1.84077,10,3436,2.63538,1.53399
1776813806859697408,1.1225,-0.0332031,-0.311586,1.50078,1.58598,1.84077,10,3435,2.63461,0.306797
1776813806864694066,1.1225,1.06055,-0.312353,1.36734,1.94975,2.4288,10,3426,2.62771,-0.460196
1776813806869711575,1.12547,1.06055,0.312034,0.600351,1.94975,2.4288,10,3423,2.62541,-1.074
1776813806874697123,1.12547,2.45898,0.309733,1.38498,2.58793,3.24554,10,3420,2.62311,-0.613349
1776813806879699669,1.15858,2.45898,-0.287782,1.84564,2.58793,3.24554,10,3420,2.62311,-0.306858
1776813806884693198,1.15858,1.83594,-0.287782,1.52908,2.58841,3.10801,10,3424,2.62618,0
1776813806889662079,1.17081,1.83594,-0.272481,1.83594,2.58841,3.10801,10,3428,2.62924,0.613717
1776813806894691996,1.17081,0.646484,-0.269413,1.2602,2.68344,2.50989,10,3435,2.63461,0.920391
1776813806899695172,1.1875,0.646484,-0.24735,1.56688,2.68344,2.50989,10,3440,2.63845,0.920207
1776813806904694386,1.1875,0.539062,-0.243515,1.45927,2.52259,2.5572,10,3449,2.64535,1.074
1776813806909705729,1.19082,0.539062,-0.233296,1.61307,2.52259,2.5572,10,3453,2.64842,0.920391
1776813806914694795,1.19082,0.667969,-0.230228,1.58836,2.16116,2.65218,10,3461,2.65455,0.920159
1776813806919712638,1.19082,0.667969,-0.224092,1.58813,2.16116,2.65218,10,3466,2.65839,0.920391
1776813806924698444,1.19906,0.667969,-0.212018,1.58836,2.84648,2.70549,10,3473,2.66376,1.07379
1776813806929702047,1.19906,0.498047,-0.206649,1.57184,2.83705,2.60864,10,3483,2.67143,1.074
1776813806934695649,1.20851,0.498047,-0.189527,1.57205,2.83705,2.60864,10,3489,2.67603,1.22694
1776813806939649400,1.20851,0.298828,-0.184925,1.52577,2.85848,2.55608,10,3502,2.686,1.38059
1776813806944691354,1.21079,0.298828,-0.172678,1.67941,2.85848,2.55608,10,3508,2.6906,1.53399
1776813806949697901,1.21079,0.0136719,-0.168076,1.54766,2.4344,2.4082,10,3521,2.70057,1.53368
1776813806954704170,1.21219,0.0136719,-0.156701,1.54735,2.4344,2.4082,10,3528,2.70594,1.53429
1776813806959735272,1.21219,-0.0410156,-0.151332,1.49328,2.46566,2.38607,10,3541,2.71591,1.38086
1776813806964718653,1.21189,-0.0410156,-0.141662,1.33985,2.46566,2.38607,10,3548,2.72128,1.53368
1776813806969702533,1.21189,-0.0898438,-0.136293,1.44383,2.29809,2.35631,10,3562,2.73202,1.53399
1776813806974715358,1.21112,-0.0898438,-0.126327,1.44414,2.29809,2.35631,10,3570,2.73816,1.68772
1776813806979705350,1.21112,-0.154297,-0.120191,1.53342,2.37028,2.3146,10,3585,2.74966,1.68734
1776813806984705008,1.21034,-0.154297,-0.109463,1.53304,2.37028,2.3146,10,3594,2.75656,1.83894
1776813806989662462,1.21034,-0.326172,-0.0925895,1.67001,2.41206,2.21162,10,3614,2.7719,1.99378
1776813806994777342,1.20806,-0.326172,-0.0894961,1.66761,2.41206,2.21162,10,3623,2.77881,1.99378
1776813806999720426,1.20806,-0.457031,-0.0825932,1.53675,2.12976,2.12237,10,3637,2.78954,1.99458
1776813807004722862,1.20376,-0.457031,-0.0761586,1.53755,2.12976,2.12237,10,3647,2.79721,2.14672
1776813807009770705,1.20376,-0.474609,-0.0684887,1.67211,2.33095,2.0846,10,3664,2.81025,1.99458
1776813807014715827,1.19702,-0.474609,-0.0621922,1.51997,2.33095,2.0846,10,3673,2.81716,1.99378
1776813807019699633,1.19702,-0.470703,-0.0552895,1.52308,2.00471,2.04327,10,3689,2.82943,1.99453
1776813807024699736,1.19475,-0.470703,-0.0452821,1.52383,2.00471,2.04327,10,3699,2.8371,1.99418
1776813807029700209,1.19475,-0.466797,-0.0376122,1.52738,2.15566,2.03085,10,3716,2.85014,1.99458
1776813807034700682,1.18777,-0.466797,-0.0315565,1.52778,2.15566,2.03085,10,3727,2.85857,2.14715
1776813807039659285,1.18777,-0.470703,-0.0231196,1.67645,2.07836,1.98338,10,3745,2.87238,2.14801
1776813807044705535,1.18533,-0.470703,-0.0117569,1.67731,2.07836,1.98338,10,3756,2.88082,2.30006
1776813807049695156,1.18533,-0.513672,-0.00331996,1.78639,2.11354,1.94304,10,3775,2.89539,2.3019
1776813807054706463,1.18049,-0.513672,0.00641324,1.78823,2.11354,1.94304,10,3788,2.90536,2.14672
1776813807059706935,1.18049,-0.550781,0.0163839,1.59594,2.0169,1.89046,10,3803,2.91686,2.30093
1776813807064701372,1.17517,-0.550781,0.0302415,1.59723,2.0169,1.89046,10,3820,2.9299,2.14543
1776813807069696493,1.17517,-0.576172,0.0356105,1.56926,1.95612,1.8414,10,3831,2.93834,2.14543
1776813807074696651,1.16941,-0.576172,0.0382878,1.56926,1.95612,1.8414,10,3844,2.94831,1.99658
1776813807079699642,1.16941,-0.548828,0.0482587,1.44775,1.90618,1.81946,10,3859,2.95982,2.29776
1776813807084697226,1.16385,-0.548828,0.0541988,1.74893,1.90618,1.81946,10,3869,2.96749,2.14715
1776813807089665478,1.16385,-0.453125,0.0618687,1.69402,1.76794,1.8377,10,3887,2.98129,1.99738
1776813807094696839,1.15635,-0.453125,0.0681752,1.54425,1.76794,1.8377,10,3897,2.98896,2.30098
1776813807099704108,1.15635,-0.425781,0.0758449,1.8752,1.84843,1.80425,10,3914,3.002,2.1471
1776813807104696470,1.15408,-0.425781,0.0866199,1.72132,1.84843,1.80425,10,3924,3.00967,1.99458
1776813807109704221,1.15408,-0.419922,0.0942898,1.57466,1.7312,1.79277,10,3941,3.02271,1.99418
1776813807114695990,1.14796,-0.419922,0.101205,1.57426,1.7312,1.79277,10,3950,3.02961,1.99418
1776813807119714389,1.14796,-0.425781,0.108108,1.5684,1.88162,1.74928,10,3967,3.04265,1.99418
1776813807124695473,1.14586,-0.425781,0.119047,1.5684,1.88162,1.74928,10,3978,3.05109,2.14672
1776813807129714094,1.14586,-0.435547,0.127484,1.71117,1.64676,1.72993,10,3995,3.06413,2.14844
1776813807134699919,1.1391,-0.435547,0.1422,1.7116,1.64676,1.72993,10,4013,3.07793,2.14753
1776813807139652985,1.1391,-0.404297,0.147569,1.74323,1.71238,1.70332,10,4027,3.08867,2.14715
1776813807144690532,1.1345,-0.404297,0.153703,1.74285,1.71238,1.70332,10,4037,3.09634,2.14715
1776813807149697450,1.1345,-0.376953,0.161373,1.7702,1.56338,1.6886,10,4051,3.10708,2.14801
1776813807154710108,1.13271,-0.376953,0.170324,1.77106,1.56338,1.6886,10,4063,3.11628,1.99458
1776813807159695488,1.13271,-0.310547,0.179528,1.68403,1.76864,1.71468,10,4078,3.12779,2.14715
1776813807164698572,1.12781,-0.310547,0.186132,1.8366,1.76864,1.71468,10,4088,3.13546,1.99418
1776813807169694767,1.12781,-0.304688,0.193802,1.68949,1.61519,1.6857,10,4107,3.15003,2.14758
1776813807174700166,1.12633,-0.304688,0.206895,1.84289,1.61519,1.6857,10,4118,3.15847,2.30052
1776813807179696102,1.12633,-0.3125,0.215332,1.98802,1.77516,1.67147,10,4137,3.17304,2.30093
1776813807184698298,1.12322,-0.3125,0.226796,1.98843,1.77516,1.67147,10,4149,3.18224,2.45438
1776813807189652086,1.12322,-0.339844,0.236,2.11453,1.58542,1.63535,10,4169,3.19758,2.45536
1776813807194717280,1.11993,-0.339844,0.24805,2.11551,1.58542,1.63535,10,4180,3.20602,2.30006
1776813807199696957,1.11993,-0.355469,0.256487,1.94459,1.73423,1.6047,10,4200,3.22136,2.45487
1776813807204692708,1.11638,-0.355469,0.27671,1.94597,1.73423,1.6047,10,4219,3.23593,2.45389
1776813807209699218,1.11638,-0.328125,0.282846,2.12576,1.5114,1.59676,10,4233,3.24667,2.45389
1776813807214739228,1.11281,-0.328125,0.29002,2.12576,1.5114,1.59676,10,4245,3.25587,2.60721
1776813807219705405,1.11281,-0.298828,0.299224,2.30838,1.61459,1.58985,10,4267,3.27275,2.76228
1776813807224709285,1.10971,-0.298828,0.31299,2.46345,1.61459,1.58985,10,4277,3.28042,2.60777
1776813807229701480,1.10971,-0.279297,-0.307658,2.32848,1.59965,1.58037,10,4282,3.28425,1.84041
1776813807234712916,1.10692,-0.279297,-0.306612,1.56112,1.59965,1.58037,10,4278,3.28118,0.306797
1776813807239656945,1.10692,2.76172,-0.30968,3.06852,2.17752,3.29525,10,4265,3.27121,-1.22743
1776813807244691066,1.11887,2.76172,-0.307702,1.53429,2.17752,3.29525,10,4260,3.26738,-1.53368
1776813807249706224,1.11887,3.42578,-0.311537,1.8921,2.51424,3.75296,10,4256,3.26431,-0.766993
1776813807254772493,1.13476,3.42578,-0.29871,2.65879,2.51424,3.75296,10,4256,3.26431,-0.460196
1776813807259729133,1.13476,1.76953,-0.29871,1.30934,2.93822,2.91384,10,4259,3.26661,0
1776813807264707958,1.17287,1.76953,-0.258296,1.76953,2.93822,2.91384,10,4263,3.26968,0.460196
1776813807269706783,1.17287,1.33789,-0.255228,1.79809,2.40066,2.91746,10,4271,3.27582,0.766993
1776813807274694645,1.18077,1.33789,-0.237365,2.41168,2.40066,2.91746,10,4280,3.28272,1.07357
1776813807279696266,1.18077,0.847656,-0.234297,1.92123,2.30732,2.68938,10,4288,3.28885,1.22768
1776813807284694757,1.19644,0.847656,-0.212489,2.07534,2.30732,2.68938,10,4294,3.29346,1.22768
1776813807289653064,1.19644,0.800781,-0.207887,2.02846,2.82596,2.76426,10,4303,3.30036,1.38031
1776813807294693555,1.20024,0.800781,-0.197185,2.18109,2.82596,2.76426,10,4309,3.30496,1.38059
1776813807299701232,1.20024,0.576172,-0.192584,1.95676,2.77271,2.66079,10,4320,3.3134,1.22719
1776813807304714946,1.21044,0.576172,-0.173945,1.80336,2.77271,2.66079,10,4327,3.31877,1.38059
1776813807309700641,1.21044,0.466797,-0.168576,1.84738,3.19007,2.66425,10,4339,3.32797,1.38054
1776813807314701132,1.2132,0.466797,-0.156615,1.84734,3.19007,2.66425,10,4347,3.33334,1.38031
1776813807319697809,1.2132,0.164062,-0.150479,1.54437,2.63703,2.50945,10,4360,3.34408,1.68738
1776813807324693282,1.2181,0.164062,-0.13561,1.85145,2.63703,2.50945,10,4368,3.35021,1.68772
1776813807329702218,1.2181,0.111328,-0.129474,1.79905,2.26914,2.51088,10,4383,3.36172,1.68738
1776813807334696839,1.21887,0.111328,-0.117197,1.79871,2.26914,2.51088,10,4392,3.36862,1.84078
1776813807339648905,1.21887,0.046875,-0.110295,1.88766,2.31201,2.4791,10,4408,3.38089,1.84078
1776813807344692119,1.21993,0.046875,-0.0900572,2.03906,2.31201,2.4791,10,4423,3.3924,1.84299
1776813807349693462,1.21993,0.046875,-0.0900572,2.03906,2.31201,2.4791,10,4423,3.3924,1.84299
1776813807354710398,1.21979,-0.09375,-0.0687222,2.05383,2.40067,2.40577,10,4451,3.41387,1.99413
1776813807359698426,1.21979,-0.195312,-0.0641203,1.79882,2.62346,2.34698,10,4465,3.42461,2.14758
1776813807364700844,1.21919,-0.195312,-0.053985,1.95227,2.62346,2.34698,10,4476,3.43305,2.14758
1776813807369698002,1.21919,-0.511719,-0.0455481,1.63586,2.36294,2.16276,10,4491,3.44455,2.14715
1776813807374704975,1.21348,-0.511719,-0.039745,1.63543,2.36294,2.16276,10,4502,3.45299,2.45438
1776813807379712226,1.21348,-0.566406,-0.031308,1.88797,2.30092,2.09493,10,4522,3.46833,2.30098
1776813807384707254,1.20842,-0.566406,-0.0210365,1.73457,2.30092,2.09493,10,4534,3.47753,2.45389
1776813807389653431,1.20842,-0.570312,-0.0118326,1.88357,2.00445,2.06006,10,4553,3.49211,2.3019
1776813807394689571,1.20521,-0.570312,-0.000470144,1.73159,2.00445,2.06006,10,4567,3.50285,2.30093
1776813807399694951,1.20521,-0.558594,0.0102678,1.74234,2.04761,2.04604,10,4583,3.51512,2.30098
1776813807404715461,1.19972,-0.558594,0.0170581,1.74238,2.04761,2.04604,10,4594,3.52355,2.45046
1776813807409699360,1.19972,-0.564453,0.025495,1.886,2.07615,2.00732,10,4615,3.53966,2.3042
1776813807414713407,1.19394,-0.564453,0.045023,1.88992,2.07615,2.00732,10,4635,3.555,2.60725
1776813807419701825,1.19394,-0.564453,0.045023,1.88992,2.07615,2.00732,10,4635,3.555,2.60725
1776813807424695853,1.19394,-0.625,0.0511589,1.98225,2.19901,1.93541,10,4668,3.58031,2.76228
1776813807429775622,1.1882,-0.625,0.0707291,2.13728,2.19901,1.93541,10,4681,3.59028,2.76057
1776813807434719447,1.1882,-0.822266,0.0807,1.93831,2.01157,1.78578,10,4703,3.60716,2.76117
1776813807439718124,1.17393,-0.822266,0.0832999,1.93891,2.01157,1.78578,10,4717,3.61789,2.76173
1776813807444738152,1.17393,-0.826172,0.0940378,1.93555,1.82546,1.6908,10,4740,3.63553,2.76007
1776813807449711496,1.16939,-0.826172,0.107145,1.9339,1.82546,1.6908,10,4755,3.64704,2.91574
1776813807454744617,1.16939,-0.787109,0.11865,2.12863,1.88324,1.68352,10,4780,3.66621,3.06797
1776813807459717553,1.15752,-0.787109,0.125951,2.28086,1.88324,1.68352,10,4794,3.67695,3.06486
1776813807464741229,1.15752,-0.761719,0.136689,2.30314,1.6208,1.62044,10,4818,3.69536,2.91632
1776813807469727221,1.15316,-0.761719,0.150739,2.1546,1.6208,1.62044,10,4831,3.70533,2.91224
1776813807474748323,1.15316,-0.720703,0.16071,2.19154,1.64524,1.61529,10,4855,3.72374,2.76394
1776813807479724648,1.1427,-0.720703,0.168657,2.04323,1.64524,1.61529,10,4869,3.73448,2.76173
1776813807484706770,1.1427,-0.736328,0.179395,2.0254,1.79102,1.53774,10,4893,3.75288,3.06552
1776813807489661780,1.1427,-0.736328,0.197802,2.32919,1.79102,1.53774,10,4907,3.76362,2.91627
1776813807494696308,1.13852,-0.736328,0.204359,2.17995,1.49061,1.51024,10,4928,3.77973,2.91399
1776813807499724800,1.13852,-0.783203,0.220466,2.13079,1.56183,1.48352,10,4950,3.7966,2.91457
1776813807504697921,1.12747,-0.783203,0.226292,2.13137,1.56183,1.48352,10,4964,3.80734,2.91574
1776813807509699450,1.12747,-0.738281,0.23703,2.17746,1.33878,1.43632,10,4987,3.82498,2.76007
1776813807514701423,1.11602,-0.738281,0.243214,2.02179,1.33878,1.43632,10,5001,3.83572,2.91511
1776813807519701747,1.11602,-0.703125,0.253951,2.21198,1.54091,1.38061,10,5025,3.85413,2.76173
1776813807524688721,1.11173,-0.703125,0.268074,2.0586,1.54091,1.38061,10,5039,3.86486,2.91457
1776813807529692823,1.11173,-0.636719,0.278812,2.27785,1.65489,1.39007,10,5062,3.88251,2.91399
1776813807534692222,1.10244,-0.636719,0.287164,2.27727,1.65489,1.39007,10,5076,3.89324,2.91399
1776813807539649936,1.10244,-0.619141,0.297902,2.29485,1.40906,1.33842,10,5099,3.91088,2.76173
1776813807544689668,1.09877,-0.619141,0.311867,2.14259,1.40906,1.33842,10,5112,3.92085,2.91394
1776813807549692604,1.09877,-0.585938,-0.30648,2.328,1.33685,1.3329,10,5127,3.93236,2.6083
1776813807554700132,1.09023,-0.585938,-0.303511,2.02236,1.33685,1.3329,10,5128,3.93313,1.53368
1776813807559700180,1.09023,-0.226562,-0.302744,1.30712,1.80272,1.48087,10,5121,3.92776,0.153399
1776813807564698504,1.09023,-0.226562,-0.308113,-0.073164,1.80272,1.48087,10,5116,3.92392,-1.07422
1776813807569706033,1.08772,-0.226562,0.313863,-1.30078,1.80272,1.48087,10,5111,3.92009,-1.07379
1776813807574691654,1.08772,2.78125,0.310028,1.70746,2.32909,3.17859,10,5109,3.91855,-0.460104
1776813807579696572,1.13103,2.78125,-0.276518,2.32115,2.32909,3.17859,10,5109,3.91855,-0.306797
1776813807584699785,1.13103,2.2207,-0.276518,1.91391,1.66211,3.14641,10,5114,3.92239,0
1776813807589651055,1.14565,2.2207,-0.258062,2.2207,1.66211,3.14641,10,5116,3.92392,0.767146
1776813807594693231,1.14565,1.38281,-0.256528,2.14996,2.29102,2.76502,10,5124,3.93006,0.613471
1776813807599691001,1.16864,1.38281,-0.227407,1.99628,2.29102,2.76502,10,5128,3.93313,0.920391
1776813807604704474,1.16864,1.18359,-0.224339,2.10398,2.2949,2.80188,10,5136,3.93926,0.920391
1776813807609696002,1.17621,1.18359,-0.210632,2.10398,2.2949,2.80188,10,5142,3.94386,1.07379
1776813807614696660,1.17621,1,-0.20603,2.07379,2.60901,2.74656,10,5153,3.9523,1.22694
1776813807619697522,1.19194,1,-0.181861,2.22694,2.60901,2.74656,10,5160,3.95767,1.38114
1776813807624707495,1.19194,0.892578,-0.176492,2.27372,2.82683,2.78746,10,5173,3.96764,1.38003
1776813807629693727,1.19756,0.892578,-0.160897,2.27261,2.82683,2.78746,10,5180,3.97301,1.5346
1776813807634691349,1.19756,0.541016,-0.155529,2.07561,3.25336,2.62346,10,5195,3.98452,1.53337
1776813807639650044,1.19756,0.541016,-0.144023,2.07439,3.25336,2.62346,10,5203,3.99065,1.84152
1776813807644699387,1.20441,0.541016,-0.131044,2.38253,2.87526,2.66767,10,5216,4.00062,1.68705
1776813807649691194,1.20441,0.0683594,-0.121073,1.75541,2.35146,2.39826,10,5231,4.01213,1.99458
1776813807654696963,1.20962,0.0683594,-0.104357,2.06294,2.35146,2.39826,10,5242,4.0198,1.99373
1776813807659694269,1.20962,0.0234375,-0.0959201,2.01717,2.38896,2.40624,10,5260,4.03437,2.14801
1776813807664702946,1.20992,0.0234375,-0.0818136,2.17145,2.38896,2.40624,10,5271,4.04281,2.14672
1776813807669699882,1.20992,-0.107422,-0.0733769,2.0393,2.13484,2.33359,10,5292,4.05891,2.45487
1776813807674739373,1.20927,-0.107422,-0.0579179,2.34745,2.13484,2.33359,10,5304,4.06812,2.45389
1776813807679733476,1.20927,-0.181641,-0.048714,2.27224,2.23913,2.28711,10,5326,4.08499,2.60825
1776813807684692467,1.20851,-0.181641,-0.0326043,2.42661,2.23913,2.28711,10,5339,4.09496,2.76173
1776813807689649978,1.20851,-0.529297,-0.0226336,2.23243,2.27403,2.08402,10,5362,4.1126,2.6073
1776813807694688858,1.20315,-0.529297,-0.0103503,2.078,2.27403,2.08402,10,5375,4.12257,2.76117
1776813807699698127,1.20315,-0.617188,-0.000379604,2.14399,2.45567,1.99937,10,5399,4.14098,2.91452
1776813807704691785,1.20037,-0.617188,0.0152458,2.29734,2.45567,1.99937,10,5413,4.15172,2.91511
1776813807709697184,1.20037,-0.701172,0.0259837,2.21394,1.99047,1.93353,10,5435,4.16859,2.76062
1776813807714696361,1.20037,-0.701172,0.0428576,2.05945,1.99047,1.93353,10,5448,4.17856,2.76173
1776813807719772759,1.18986,-0.701172,0.0423245,2.06055,1.99047,1.93353,10,5464,4.19084,2.60678
1776813807724721066,1.18986,-0.623047,0.0545964,1.98373,2.05609,1.9101,10,5486,4.20771,2.45487
1776813807729709428,1.18001,-0.623047,0.0616135,1.83182,2.05609,1.9101,10,5498,4.21691,2.60773
1776813807734729882,1.18001,-0.617188,0.0708174,1.99054,1.98999,1.84947,10,5522,4.23455,2.75897
1776813807739664374,1.17394,-0.617188,0.0831594,2.14178,1.98999,1.84947,10,5535,4.24529,2.76394
1776813807744701329,1.17394,-0.710938,0.09313,2.053,1.82947,1.75657,10,5559,4.2637,2.91452
1776813807749696561,1.16733,-0.710938,0.10493,2.20359,1.82947,1.75657,10,5573,4.27444,2.91404
1776813807754698904,1.16733,-0.818359,0.115668,2.09568,1.74045,1.65226,10,5597,4.29285,2.91452
1776813807759701507,1.1595,-0.818359,0.126242,2.09616,1.74045,1.65226,10,5610,4.30282,2.91103
1776813807764697961,1.1595,-0.857422,0.136212,2.05361,1.83111,1.57883,10,5635,4.32199,2.76449
1776813807769823692,1.15125,-0.857422,0.147139,1.90707,1.83111,1.57883,10,5649,4.33273,3.06552
1776813807774727055,1.15125,-0.8125,0.157877,2.25302,1.46779,1.55043,10,5675,4.35267,2.91695
1776813807779731324,1.14289,-0.8125,0.169463,2.10445,1.46779,1.55043,10,5690,4.36418,3.22197
1776813807784741945,1.14289,-0.738281,0.180968,2.48368,1.53797,1.53789,10,5715,4.38335,3.06736
1776813807789675345,1.14289,-0.738281,0.200142,2.32908,1.53797,1.53789,10,5729,4.39409,3.06368
1776813807794698744,1.13482,-0.738281,0.202804,2.3254,1.64741,1.48475,10,5751,4.41096,3.07289
1776813807799746994,1.13482,-0.738281,0.202804,2.3254,1.64741,1.48475,10,5751,4.41096,3.07289
1776813807804733597,1.12426,-0.701172,0.24287,2.67292,1.40867,1.50591,10,5805,4.45238,3.52882
1776813807809707496,1.12426,-0.712891,0.25054,2.81593,1.51892,1.42959,10,5827,4.46925,3.37409
1776813807814702858,1.11715,-0.712891,0.2603,2.6612,1.51892,1.42959,10,5844,4.48229,3.37409
1776813807819700405,1.11715,-0.732422,0.273339,2.64167,1.47349,1.37142,10,5867,4.49993,3.37544
1776813807824713822,1.10991,-0.732422,0.283744,2.64302,1.47349,1.37142,10,5883,4.5122,3.37409
1776813807829699851,1.10991,-0.742188,0.296016,2.63191,1.31946,1.3179,10,5912,4.53445,3.52882
1776813807834721639,1.10636,-0.742188,-0.313615,2.78664,1.31946,1.3179,10,5928,4.54672,3.52398
1776813807839665057,1.10636,-0.732422,-0.301343,2.79156,1.41318,1.29987,10,5956,4.56819,3.37873
1776813807844712733,1.09502,-0.732422,-0.291202,2.6463,1.41318,1.29987,10,5966,4.57586,3.22077
1776813807849696817,1.09502,-0.703125,-0.283532,2.51765,1.58179,1.24118,10,5971,4.5797,1.99373
1776813807854695012,1.09163,-0.703125,-0.28309,1.29061,1.58179,1.24118,10,5961,4.57203,0.306858
1776813807859769855,1.09163,3.17578,-0.29076,3.48264,2.05009,3.42954,10,5948,4.56206,-2.14758
1776813807864723995,1.09163,3.17578,-0.300731,1.0282,2.05009,3.42954,10,5946,4.56052,-1.38026
1776813807869702116,1.10047,3.17578,-0.293429,1.79552,2.05009,3.42954,10,5944,4.55899,-0.306797
1776813807874779218,1.10047,3.17578,-0.293429,1.79552,2.05009,3.42954,10,5944,4.55899,-0.306797
1776813807879729321,1.10047,2.3418,-0.294963,2.035,2.41035,3.01302,10,5955,4.56743,0.766792
1776813807884706683,1.15037,1.62695,-0.23279,2.54753,2.56324,3.34259,10,5963,4.57356,0.920575
1776813807889656768,1.15922,1.62695,-0.221633,2.54753,2.56324,3.34259,10,5972,4.58047,1.38036
1776813807894699852,1.15922,0.720703,-0.21473,2.10106,2.27865,2.47657,10,5981,4.58737,1.53429
1776813807899710973,1.17702,0.720703,-0.190028,2.255,2.27865,2.47657,10,5989,4.59351,1.07353
1776813807904742094,1.17702,0.744141,-0.183892,1.81767,2.41387,2.60603,10,6002,4.60348,1.84041
1776813807909722233,1.18049,0.744141,-0.170449,2.58455,2.41387,2.60603,10,6009,4.60885,1.53245
1776813807914699614,1.18049,0.615234,-0.16508,2.14769,2.50707,2.55513,10,6023,4.61958,1.38202
1776813807919716198,1.19155,0.615234,-0.143283,1.99725,2.50707,2.55513,10,6031,4.62572,1.68801
1776813807924702542,1.19155,0.648438,-0.137147,2.33645,2.67902,2.64581,10,6047,4.63799,1.84078
1776813807929698311,1.19457,0.648438,-0.121857,2.48922,2.67902,2.64581,10,6056,4.64489,1.84041
1776813807934689969,1.19457,0.21875,-0.114954,2.05916,2.85541,2.42043,10,6072,4.65717,1.99413
1776813807939669979,1.19457,0.21875,-0.102683,2.21288,2.85541,2.42043,10,6081,4.66407,1.84078
1776813807944692563,1.20099,0.21875,-0.0893606,2.05953,2.55261,2.46192,10,6095,4.67481,1.84115
1776813807949704795,1.20099,0.0546875,-0.0786227,1.89584,2.19054,2.36841,10,6111,4.68708,2.14758
1776813807954708398,1.20242,0.0546875,-0.064917,2.20227,2.19054,2.36841,10,6121,4.69475,1.99343
1776813807959698741,1.20242,-0.0996094,-0.0572471,1.89382,2.34935,2.28972,10,6139,4.70855,2.14801
1776813807964697326,1.20161,-0.0996094,-0.0442571,2.0484,2.34935,2.28972,10,6151,4.71776,2.30093
1776813807969705984,1.20161,-0.148438,-0.0350532,2.15249,2.34935,2.28972,10,6167,4.73003,2.45389
1776813807974753456,1.20098,-0.148438,-0.0234088,2.30545,2.08506,2.25257,10,6186,4.7446,2.60616
1776813807979730244,1.20098,-0.367188,-0.00883572,2.23898,2.1354,2.12788,10,6208,4.76148,2.75786
1776813807984705384,1.19734,-0.367188,0.00439651,2.39068,2.1354,2.12788,10,6221,4.77145,2.75786
1776813807989650043,1.19734,-0.457031,0.0143672,2.30083,2.35092,2.05314,10,6244,4.78909,2.76449
1776813807994700682,1.1952,-0.457031,0.0298692,2.30746,2.35092,2.05314,10,6258,4.79983,2.91511
1776813807999691896,1.1952,-0.609375,0.0406066,2.30573,2.07345,1.95246,10,6283,4.819,2.91452
1776813808004705721,1.18987,-0.609375,0.0544534,2.30515,2.07345,1.95246,10,6298,4.83051,3.06736
1776813808009708786,1.18987,-0.632812,0.0659581,2.43454,2.16401,1.9046,10,6325,4.85121,3.22077
1776813808014706204,1.18987,-0.632812,0.0866671,2.58796,2.16401,1.9046,10,6339,4.86195,3.06797
1776813808019694103,1.18033,-0.632812,0.0878654,2.43516,2.16401,1.9046,10,6360,4.87806,3.21875
1776813808024697854,1.18033,-0.632812,0.103972,2.58593,1.82353,1.84269,10,6386,4.898,3.07166
1776813808029692179,1.17397,-0.632812,0.11755,2.43884,1.82353,1.84269,10,6401,4.90951,3.06797
1776813808034702374,1.17397,-0.742188,0.129055,2.32578,1.76707,1.73895,10,6429,4.93098,3.22068
1776813808039650811,1.16384,-0.742188,0.140402,2.47849,1.76707,1.73895,10,6445,4.94249,3.37477
1776813808044691987,1.16384,-0.791016,0.152674,2.58375,1.61646,1.64506,10,6471,4.96319,3.37409
1776813808049691571,1.16007,-0.791016,0.168849,2.58308,1.61646,1.64506,10,6486,4.9747,3.22197
1776813808054705044,1.16007,-0.869141,0.180353,2.35282,1.78749,1.57591,10,6512,4.99464,3.22142
1776813808059700258,1.1473,-0.869141,0.187522,2.35228,1.78749,1.57591,10,6527,5.00615,3.06797
1776813808064705527,1.1473,-0.849609,0.199027,2.21836,1.65746,1.50337,10,6555,5.02762,3.22197
1776813808069697186,1.14311,-0.849609,0.216308,2.37236,1.65746,1.50337,10,6570,5.03913,3.22142
1776813808074695363,1.14311,-0.792969,0.227812,2.42845,1.3662,1.50811,10,6597,5.05984,3.22068
1776813808079699687,1.1307,-0.792969,0.236118,2.42771,1.3662,1.50811,10,6611,5.07057,3.22132
1776813808084700846,1.1307,-0.775391,0.246856,2.44593,1.50345,1.43648,10,6636,5.08975,3.06858
1776813808089649560,1.1307,-0.775391,0.266031,2.29319,1.50345,1.43648,10,6651,5.10125,3.06797
1776813808094732921,1.1267,-0.775391,0.273532,2.29258,1.71098,1.41007,10,6674,5.11889,3.06797
1776813808099715691,1.1267,-0.720703,0.291174,2.34727,1.29737,1.44124,10,6701,5.1396,3.37409
1776813808104700868,1.11556,-0.720703,0.300742,2.65339,1.29737,1.44124,10,6718,5.15264,3.52741
1776813808109707359,1.11556,-0.732422,0.313781,2.79499,1.41029,1.36089,10,6744,5.17258,3.37544
1776813808114706573,1.10475,-0.732422,-0.30541,2.64302,1.41029,1.36089,10,6756,5.18179,3.21948
1776813808119720787,1.10475,-0.738281,-0.296206,2.4812,1.54835,1.28582,10,6764,5.18792,2.60721
1776813808124703205,1.10106,-0.738281,-0.293758,1.86892,1.54835,1.28582,10,6754,5.18025,0.307043
1776813808129709567,1.10106,3.10938,-0.301428,3.41642,2.02741,3.45447,10,6741,5.17028,-2.14758
1776813808134693966,1.10708,3.10938,-0.305373,0.961796,2.02741,3.45447,10,6739,5.16875,-1.38082
1776813808139650328,1.10708,4.34766,-0.306907,2.96684,2.55713,4.20033,10,6738,5.16798,-0.306736
1776813808144691171,1.12484,4.34766,-0.28992,4.04092,2.55713,4.20033,10,6741,5.17028,-0.153446
1776813808149691700,1.12484,1.77344,-0.287619,1.61999,3.07283,2.8506,10,6749,5.17642,0.613594
1776813808154703210,1.16902,1.77344,-0.237299,2.38703,3.07283,2.8506,10,6753,5.17949,1.07405
1776813808159689646,1.16902,1.11914,-0.234231,2.19319,2.37294,2.76766,10,6768,5.19099,1.07353
1776813808164694267,1.16902,1.11914,-0.222727,2.19267,2.37294,2.76766,10,6774,5.19559,1.84115
1776813808169708185,1.17571,1.11914,-0.211436,2.96029,2.37294,2.76766,10,6784,5.20326,1.22694
1776813808174714824,1.17571,0.994141,-0.203766,2.22108,2.19855,2.73998,10,6801,5.2163,1.68734
1776813808179713872,1.19558,0.994141,-0.170862,2.68148,2.69631,2.86889,10,6810,5.2232,1.68777
1776813808184696900,1.19558,0.802734,-0.163959,2.4905,2.69631,2.86889,10,6821,5.23164,1.68777
1776813808189651022,1.20395,0.802734,-0.147152,2.4905,2.69631,2.86889,10,6832,5.24008,1.84041
1776813808194695717,1.20395,0.716797,-0.138714,2.55721,2.78632,2.76489,10,6849,5.25312,2.14415
1776813808199691838,1.21158,0.716797,-0.118041,2.86095,2.78632,2.76489,10,6860,5.26155,1.99773
1776813808204692552,1.21158,0.246094,-0.109604,2.24382,3.26196,2.5458,10,6879,5.27613,2.30011
1776813808209690377,1.21636,0.246094,-0.090254,2.5462,3.26196,2.5458,10,6890,5.28456,2.30093
1776813808214696980,1.21636,-0.0722656,-0.0818168,2.22866,2.81002,2.39507,10,6910,5.2999,2.45536
1776813808219736897,1.21716,-0.0722656,-0.0656783,2.38309,2.81002,2.39507,10,6922,5.30911,2.45389
1776813808224763536,1.21716,-0.238281,-0.0564744,2.2156,2.33685,2.30558,10,6944,5.32598,2.45389
1776813808229717936,1.21528,-0.238281,-0.0414778,2.2156,2.33685,2.30558,10,6957,5.33595,2.60877
1776813808234709298,1.21528,-0.253906,-0.0315067,2.35486,2.13796,2.2846,10,6978,5.35206,2.76117
1776813808239678901,1.21528,-0.253906,-0.0154001,2.50727,2.13796,2.2846,10,6991,5.36203,2.6073
1776813808244693503,1.21281,-0.253906,-0.00789897,2.35339,2.12515,2.26871,10,7010,5.3766,2.76173
1776813808249707143,1.21281,-0.332031,0.00667366,2.42969,2.04957,2.22418,10,7037,5.39731,2.92095
1776813808254722375,1.21004,-0.332031,0.0246118,2.58892,2.04957,2.22418,10,7053,5.40958,2.92095
1776813808259697293,1.21004,-0.634766,0.0368837,2.28618,2.44939,2.03378,10,7078,5.42876,3.21939
1776813808264691340,1.20269,-0.634766,0.0487126,2.58462,2.44939,2.03378,10,7094,5.44103,3.21939
1776813808269698684,1.20269,-0.748047,0.0609845,2.47134,2.35796,1.92184,10,7115,5.45714,3.06858
1776813808274695175,1.20024,-0.748047,0.0746416,2.32054,2.35796,1.92184,10,7129,5.46787,3.0692
1776813808279709963,1.20024,-0.859375,0.0853795,2.20982,1.99463,1.84257,10,7153,5.48628,3.06613
1776813808284749621,1.18683,-0.859375,0.0903786,2.20676,1.99463,1.84257,10,7167,5.49702,2.91627
1776813808289704372,1.18683,-0.835938,0.101117,2.08034,1.90448,1.76912,10,7194,5.51773,2.91462
1776813808294772660,1.18381,-0.835938,0.118797,2.07868,1.90448,1.76912,10,7210,5.53,3.22068
1776813808299736411,1.18381,-0.857422,0.131069,2.36326,1.74712,1.73723,10,7238,5.55148,3.37477
1776813808304705755,1.17004,-0.857422,0.138779,2.51735,1.74712,1.73723,10,7254,5.56375,3.52882
1776813808309697987,1.17004,-0.896484,0.151051,2.63234,1.74712,1.73723,10,7277,5.58139,3.37342
1776813808314761422,1.1667,-0.896484,0.185288,2.63314,1.53805,1.6254,10,7315,5.61053,3.83492
1776813808319715822,1.1667,-0.896484,0.185288,2.63314,1.53805,1.6254,10,7315,5.61053,3.83492
1776813808324704462,1.1667,-1.05469,0.194492,2.78023,1.58029,1.5134,10,7360,5.64505,3.98756
1776813808329714435,1.14714,-1.05469,0.209452,2.93288,1.58029,1.5134,10,7378,5.65885,3.83492
1776813808334705926,1.14714,-1.0332,0.223258,2.80171,1.42718,1.39768,10,7409,5.68263,3.83501
1776813808339662881,1.13502,-1.0332,0.234915,2.80181,1.42718,1.39768,10,7427,5.69644,3.68156
1776813808344695743,1.13502,-1.02734,0.24872,2.65422,1.47279,1.32133,10,7459,5.72098,3.98916
1776813808349700753,1.12462,-1.02734,0.262859,2.96182,1.47279,1.32133,10,7478,5.73555,3.83415
1776813808354713319,1.12462,-0.990234,0.277432,2.84391,1.54936,1.27385,10,7508,5.75856,3.83568
1776813808359702736,1.1147,-0.990234,0.290529,2.84545,1.54936,1.27385,10,7525,5.7716,3.52821
1776813808364703858,1.1147,-0.974609,0.303568,2.5536,1.566,1.21718,10,7554,5.79385,3.67936
1776813808369702331,1.11131,-0.974609,-0.305897,2.70475,1.566,1.21718,10,7572,5.80765,3.52953
1776813808374720174,1.11131,-0.960938,-0.292092,2.56859,1.15391,1.20251,10,7595,5.82529,3.68156
1776813808379718981,1.09507,-0.960938,-0.29069,2.72063,1.15391,1.20251,10,7597,5.82683,2.45438
1776813808384709694,1.09507,-0.892578,-0.289156,1.5618,1.47823,1.13353,10,7586,5.81839,0.306858
1776813808389655816,1.09507,-0.892578,-0.297593,-0.58572,1.47823,1.13353,10,7579,5.81302,-1.68743
1776813808394701326,1.09184,-0.892578,-0.306197,-2.58001,2.43365,1.11197,10,7575,5.80995,-1.38026
1776813808399691781,1.09184,3.38086,-0.309265,2.0006,2.15538,3.54783,10,7575,5.80995,-0.306797
1776813808404706791,1.1335,3.38086,-0.267602,3.07406,2.15538,3.54783,10,7576,5.81072,0
1776813808409716171,1.1335,2.51172,-0.266836,2.51172,1.39526,3.32859,10,7587,5.81916,0.613717
1776813808414743273,1.14337,2.51172,-0.248526,3.12544,1.39526,3.32859,10,7591,5.82222,1.22694
1776813808419719506,1.14337,1.55078,-0.245458,2.77772,2.12123,2.84581,10,7603,5.83143,1.07353
1776813808424745016,1.17368,1.55078,-0.205946,2.62431,2.12123,2.84581,10,7607,5.8345,1.38091
1776813808429702915,1.17368,1.33398,-0.202878,2.71489,2.33279,2.9205,10,7617,5.84217,0.920391
1776813808434696074,1.18078,1.33398,-0.188106,2.25438,2.33279,2.9205,10,7623,5.84677,1.22719
1776813808439660825,1.18078,1.25977,-0.183504,2.48695,2.25976,2.9244,10,7632,5.85367,1.22743
1776813808444699649,1.20029,1.25977,-0.157101,2.4872,2.25976,2.9244,10,7638,5.85827,1.22719
1776813808449718622,1.20029,1.16602,-0.152499,2.3932,2.70688,2.99731,10,7651,5.86824,1.2267
1776813808454691670,1.20608,1.16602,-0.136736,2.39271,2.70688,2.99731,10,7659,5.87438,1.53429
1776813808459693606,1.20608,0.792969,-0.1306,2.32726,3.50999,2.82206,10,7675,5.88665,1.68767
1776813808464691801,1.20608,0.792969,-0.118329,2.48064,3.50999,2.82206,10,7685,5.89432,1.99373
1776813808469697367,1.22229,0.792969,-0.0944456,2.7867,3.50999,2.82206,10,7700,5.90583,2.14758
1776813808474736358,1.22229,-0.0625,-0.0829405,2.08508,3.47862,2.43874,10,7721,5.92193,2.30149
1776813808479722517,1.22741,-0.0625,-0.0617174,2.23899,3.47862,2.43874,10,7733,5.93114,2.60721
1776813808484701101,1.22741,-0.220703,-0.0525135,2.3865,2.57421,2.38137,10,7755,5.94801,2.76117
1776813808489656334,1.2271,-0.220703,-0.0359487,2.54047,2.57421,2.38137,10,7767,5.95721,2.60782
1776813808494694695,1.2271,-0.298828,-0.0267448,2.30899,1.95912,2.33486,10,7790,5.97485,2.45487
1776813808499704076,1.22224,-0.298828,-0.0139584,2.15604,1.95912,2.33486,10,7803,5.98483,2.76108
1776813808504705808,1.22224,-0.308594,-0.00398771,2.45248,2.16547,2.29817,10,7829,6.00477,2.91404
1776813808509700966,1.22086,-0.308594,0.0145737,2.60544,2.16547,2.29817,10,7844,6.01627,3.06797
1776813808514691995,1.22086,-0.441406,0.0260783,2.62656,2.21906,2.2136,10,7873,6.03852,3.37477
1776813808519699672,1.21563,-0.441406,0.0430933,2.93336,2.21906,2.2136,10,7889,6.05079,3.37544
1776813808524696182,1.21563,-0.53125,0.0553652,2.84419,2.21428,2.1288,10,7918,6.07303,3.52812
1776813808529692748,1.2141,-0.53125,0.0760728,2.99687,2.21428,2.1288,10,7935,6.08607,3.37477
1776813808534696962,1.2141,-0.853516,0.0891114,2.52125,2.31736,1.93524,10,7965,6.10908,3.68156
1776813808539649305,1.2141,-0.853516,0.112121,2.82805,2.31736,1.93524,10,7983,6.12288,3.68083
1776813808544695278,1.20226,-0.853516,0.114091,2.82731,2.20545,1.85895,10,8008,6.14206,3.68156
1776813808549691862,1.20226,-1.0293,0.133265,2.65227,1.94811,1.75876,10,8035,6.16277,3.52812
1776813808554703391,1.18795,-1.0293,0.139658,2.49882,1.94811,1.75876,10,8051,6.17504,3.52882
1776813808559704679,1.18795,-1.04102,0.151929,2.48781,1.73282,1.65944,10,8081,6.19805,3.37342
1776813808564692671,1.18489,-1.04102,0.171885,2.3324,1.73282,1.65944,10,8099,6.21186,3.6823
1776813808569690144,1.18489,-1.03516,0.185691,2.64714,1.74899,1.64296,10,8129,6.23486,3.68156
1776813808574691395,1.16739,-1.03516,0.191193,2.64641,1.74899,1.64296,10,8146,6.2479,3.68083
1776813808579697997,1.16739,-1.06055,0.204232,2.62028,1.6706,1.51457,10,8176,6.27091,3.52953
1776813808584702563,1.16453,-1.06055,0.224388,2.46898,1.6706,1.51457,10,8194,6.28472,3.68083
1776813808589650925,1.16453,-1.16992,0.238194,2.51091,1.40084,1.4336,10,8226,6.30926,3.68156
1776813808594699916,1.14515,-1.16992,0.243358,2.51164,1.40084,1.4336,10,8245,6.32384,3.98756
1776813808599697093,1.14515,-1.20508,0.257931,2.78249,1.34505,1.28665,10,8278,6.34915,3.98996
1776813808604713233,1.14201,-1.20508,0.280101,2.78488,1.34505,1.28665,10,8297,6.36372,3.98836
1776813808609698225,1.14201,-1.23242,0.294674,2.75594,1.31431,1.25043,10,8331,6.3898,3.83338
1776813808614704698,1.14201,-1.23242,-0.307567,2.60096,1.31431,1.25043,10,8351,6.40514,4.29344
1776813808619693634,1.12084,-1.23242,-0.313397,3.06102,1.31431,1.25043,10,8379,6.42661,4.2986
1776813808624690477,1.12084,-1.14258,-0.291921,3.15602,1.05344,1.16207,10,8404,6.44579,4.14006
1776813808629697691,1.10314,-1.14258,-0.290446,2.99748,1.05344,1.16207,10,8405,6.44655,2.60887
1776813808634694275,1.10314,0.244141,-0.28968,2.85301,1.77178,1.83514,10,8385,6.43121,-0.460243
1776813808639654193,1.09741,0.244141,-0.310747,-0.216103,1.77178,1.83514,10,8381,6.42815,-2.45389
1776813808644687999,1.09741,4.51562,-0.313815,2.06174,2.51897,4.23179,10,8381,6.42815,-0.613594
1776813808649699102,1.12519,4.51562,-0.286037,3.90203,2.51897,4.23179,10,8381,6.42815,0
1776813808654720575,1.12519,2.46875,-0.286037,2.46875,2.40752,3.24928,10,8392,6.43658,0.153446
1776813808659707789,1.15614,2.46875,-0.246656,2.6222,2.40752,3.24928,10,8400,6.44272,1.68767
1776813808664703910,1.15614,0.992188,-0.24052,2.67986,2.4196,2.61111,10,8415,6.45422,1.53368
1776813808669714124,1.17078,0.992188,-0.214367,2.52587,2.4196,2.61111,10,8425,6.46189,1.84041
1776813808674698727,1.17078,0.728516,-0.206698,2.56893,2.23956,2.55649,10,8439,6.47263,1.99503
1776813808679721366,1.18165,0.728516,-0.185093,2.72354,2.23956,2.55649,10,8449,6.4803,1.83968
1776813808684702803,1.18165,1.02539,-0.177423,2.86507,2.06995,2.79643,10,8466,6.49334,2.14877
1776813808689650795,1.18165,1.02539,-0.164384,3.17416,2.06995,2.79643,10,8474,6.49948,1.84041
1776813808694697286,1.18786,1.02539,-0.152036,2.8658,2.52794,2.83675,10,8488,6.51021,1.68743
1776813808699690926,1.18786,0.751953,-0.141297,2.43938,2.99456,2.68089,10,8506,6.52402,2.30093
1776813808704707806,1.20054,0.751953,-0.114811,3.05288,2.99456,2.68089,10,8516,6.53169,2.14801
1776813808709699835,1.20054,0.380859,-0.107141,2.52887,3.4147,2.55144,10,8536,6.54703,2.30103
1776813808714699974,1.20469,0.380859,-0.0876552,2.68188,3.4147,2.55144,10,8547,6.55547,2.45389
1776813808719704207,1.20469,-0.0957031,-0.079218,2.35818,2.99507,2.30657,10,8569,6.57234,2.30047
1776813808724769753,1.20577,-0.0957031,-0.0612613,2.20477,2.99507,2.30657,10,8582,6.58231,2.60773
1776813808729794782,1.20577,-0.427734,-0.0512897,2.17999,2.31888,2.1243,10,8605,6.59995,2.76117
1776813808734721959,1.2032,-0.427734,-0.0362187,2.33344,2.31888,2.1243,10,8618,6.60992,2.76228
1776813808739740951,1.2032,-0.382812,-0.0262476,2.37947,2.0158,2.13333,10,8641,6.62756,2.91345
1776813808744707202,1.19903,-0.382812,-0.012777,2.53064,2.0158,2.13333,10,8654,6.63754,2.76173
1776813808749693657,1.19903,-0.398438,-0.00280581,2.36329,1.90887,2.09749,10,8678,6.65594,2.76163
1776813808754705833,1.19487,-0.398438,0.0114378,2.36319,1.90887,2.09749,10,8691,6.66591,2.76117
1776813808759710862,1.19487,-0.447266,0.0214089,2.31391,1.65046,2.04273,10,8716,6.68509,2.91462
1776813808764705631,1.19487,-0.447266,0.0405835,2.46735,1.65046,2.04273,10,8731,6.69659,3.06736
1776813808769697364,1.19077,-0.447266,0.047984,2.62009,1.65046,2.04273,10,8753,6.71347,3.22197
1776813808774700244,1.19077,-0.822266,0.0648578,2.3997,2.01767,1.8024,10,8782,6.73571,3.37477
1776813808779723662,1.17878,-0.822266,0.0751098,2.5525,2.01767,1.8024,10,8798,6.74798,3.52459
1776813808784697802,1.17878,-0.910156,0.0873817,2.61444,1.89342,1.67448,10,8827,6.77022,3.22464
1776813808789656738,1.17422,-0.910156,0.105065,2.31449,1.89342,1.67448,10,8844,6.78326,3.52812
1776813808794691674,1.17422,-0.955078,0.118104,2.57304,1.85274,1.61921,10,8875,6.80704,3.68156
1776813808799819942,1.16488,-0.955078,0.132541,2.72649,1.85274,1.61921,10,8892,6.82008,3.68009
1776813808804730916,1.16488,-0.888672,0.14558,2.79142,1.73881,1.59616,10,8923,6.84386,3.83492
1776813808809743352,1.15568,-0.888672,0.160163,2.94624,1.73881,1.59616,10,8940,6.85689,3.52963
1776813808814703844,1.15568,-0.808594,0.173202,2.72103,1.45259,1.5817,10,8970,6.8799,3.52812
1776813808819700039,1.1471,-0.808594,0.187626,2.71952,1.45259,1.5817,10,8988,6.89371,3.83041
1776813808824700475,1.1471,-0.814453,0.201432,3.01596,1.38513,1.52208,10,9019,6.91749,3.68515
1776813808829703059,1.13917,-0.814453,0.217284,2.8707,1.38513,1.52208,10,9037,6.93129,3.68156
1776813808834697458,1.13917,-0.882812,0.23109,2.79875,1.53282,1.43105,10,9067,6.9543,3.83424
1776813808839664858,1.13917,-0.882812,0.2541,2.95143,1.53282,1.43105,10,9084,6.96734,3.6823
1776813808844694053,1.13036,-0.882812,0.258325,2.79949,1.52065,1.37299,10,9111,6.98805,3.6823
1776813808849696452,1.13036,-0.962891,0.279034,2.71941,1.56488,1.32735,10,9140,7.01029,3.68073
1776813808854702277,1.12101,-0.962891,0.291926,2.71784,1.56488,1.32735,10,9158,7.0241,3.83578
1776813808859702398,1.12101,-0.941406,0.305732,2.89437,1.13663,1.27784,10,9187,7.04634,3.68156
1776813808864707464,1.10712,-0.941406,0.314083,2.74016,1.13663,1.27784,10,9200,7.05631,3.52741
1776813808869699085,1.10712,-0.201172,-0.304265,3.32624,1.37201,1.60773,10,9205,7.06015,2.45438
1776813808874700669,1.09537,-0.201172,-0.312176,2.2532,1.37201,1.60773,10,9198,7.05478,0.153416
1776813808879699457,1.09537,2.03125,0.310774,2.18467,2.36601,2.80209,10,9186,7.04557,-1.68777
1776813808884710893,1.10008,2.03125,0.306281,0.343481,2.36601,2.80209,10,9184,7.04404,-1.22694
1776813808889661681,1.10008,2.63867,0.304747,1.41173,2.86329,3.17969,10,9184,7.04404,-0.306797
1776813808894690876,1.15241,2.63867,-0.271247,2.33187,2.86329,3.17969,10,9186,7.04557,0
1776813808899697257,1.15241,2.09766,-0.269713,2.09766,2.6362,3.2168,10,9199,7.05554,0.920391
1776813808904696489,1.16508,2.09766,-0.247072,3.01805,2.6362,3.2168,10,9206,7.06091,1.38036
1776813808909700888,1.16508,1.12305,-0.241703,2.50341,2.25935,2.74415,10,9221,7.07242,1.5342
1776813808914698158,1.16508,1.12305,-0.230199,2.65724,2.25935,2.74415,10,9229,7.07855,1.84115
1776813808919694853,1.18362,1.12305,-0.20552,2.9642,2.25935,2.74415,10,9240,7.08699,1.68709
1776813808924706326,1.18362,1.02539,-0.197083,2.71248,2.20668,2.80921,10,9256,7.09926,1.84078
1776813808929699781,1.19243,1.02539,-0.176003,2.86617,2.20668,2.80921,10,9264,7.1054,1.84115
1776813808934707828,1.19243,0.632812,-0.169867,2.47396,2.30065,2.64256,10,9280,7.11767,1.84005
1776813808939674838,1.20083,0.632812,-0.149193,2.47286,2.30065,2.64256,10,9291,7.12611,1.99453
1776813808944705052,1.20083,0.603516,-0.140756,2.59805,3.04649,2.68021,10,9309,7.13991,2.14758
1776813808949700043,1.20756,0.603516,-0.12022,2.75109,3.04649,2.68021,10,9320,7.14835,2.14715
1776813808954701572,1.20756,0.128906,-0.111783,2.27606,3.23776,2.45311,10,9340,7.16369,2.30185
1776813808959701082,1.21109,0.128906,-0.0929144,2.43076,3.23776,2.45311,10,9353,7.17366,2.6073
1776813808964697352,1.21109,-0.134766,-0.0829438,2.47254,2.70468,2.32555,10,9377,7.19207,2.76062
1776813808969702565,1.21099,-0.134766,-0.0646342,2.62586,2.70468,2.32555,10,9391,7.20281,2.76173
1776813808974752686,1.21099,-0.328125,-0.0538958,2.4336,2.17667,2.2147,10,9416,7.22198,3.06552
1776813808979733048,1.20851,-0.328125,-0.0371989,2.73739,2.17667,2.2147,10,9430,7.23272,2.91744
1776813808984708466,1.20851,-0.382812,-0.026461,2.53463,2.02284,2.16757,10,9454,7.25113,2.91452
1776813808989671810,1.20851,-0.382812,-0.00805317,2.53171,2.02284,2.16757,10,9469,7.26263,3.06797
1776813808994700968,1.20374,-0.382812,-0.00131879,2.68516,2.17193,2.13681,10,9492,7.28027,3.22142
1776813808999699997,1.20374,-0.498047,0.0163223,2.72337,2.02786,2.07112,10,9523,7.30405,3.37409
1776813809004708229,1.19932,-0.498047,0.0356728,2.87605,2.02786,2.07112,10,9540,7.31709,3.37409
1776813809009713165,1.19932,-0.716797,0.0487114,2.6573,2.18386,1.91785,10,9563,7.33473,3.37477
1776813809014699453,1.19337,-0.716797,0.0604087,2.65797,2.18386,1.91785,10,9579,7.347,3.37544
1776813809019700519,1.19337,-0.875,0.0726806,2.50044,2.29779,1.78923,10,9607,7.36848,3.37342
1776813809024698937,1.18501,-0.875,0.0857913,2.49842,2.29779,1.78923,10,9623,7.38075,3.37477
1776813809029704854,1.18501,-0.910156,0.0980631,2.46461,1.79497,1.71497,10,9652,7.40299,3.37477
1776813809034714920,1.17592,-0.910156,0.111214,2.46461,1.79497,1.71497,10,9668,7.41526,3.52882
1776813809039663542,1.17592,-0.902344,0.123486,2.62648,1.586,1.66033,10,9696,7.43674,3.52741
1776813809044694718,1.16686,-0.902344,0.135902,2.62507,1.586,1.66033,10,9711,7.44824,3.22271
1776813809049702932,1.16686,-0.888672,0.147406,2.33403,1.76557,1.60909,10,9740,7.47049,3.37477
1776813809054708072,1.15796,-0.888672,0.160756,2.4861,1.76557,1.60909,10,9758,7.48429,3.52812
1776813809059698286,1.15796,-0.921875,0.174561,2.60624,1.74823,1.53205,10,9789,7.50807,3.68083
1776813809064701667,1.15796,-0.921875,0.198338,2.75895,1.74823,1.53205,10,9807,7.52187,3.83338
1776813809069698547,1.14864,-0.921875,0.202824,2.91151,1.74823,1.53205,10,9832,7.54105,3.68304
1776813809074695650,1.14864,-0.921875,0.202824,2.91151,1.74823,1.53205,10,9832,7.54105,3.68304
1776813809079701586,1.14864,-1.04492,0.221999,2.63812,1.66817,1.40086,10,9885,7.5817,3.98677
1776813809084733596,1.1343,-1.10742,0.268247,3.03595,1.34401,1.30655,10,9924,7.61161,4.14088
1776813809089671051,1.1239,-1.10742,0.267822,3.03346,1.22524,1.20234,10,9945,7.62772,4.14088
1776813809094715561,1.1239,-1.09961,0.283929,3.04127,1.22524,1.20234,10,9969,7.64613,4.14264
1776813809099700405,1.11232,-1.09961,0.290751,3.04303,1.22524,1.20234,10,9990,7.66223,3.83415
1776813809104700304,1.11232,-1.03516,0.306858,2.79899,1.21639,1.16686,10,10022,7.68678,4.14006
1776813809109697500,1.0971,-1.03516,-0.312133,3.1049,1.21639,1.16686,10,10035,7.69675,3.68304
1776813809114704158,1.0971,-0.902344,-0.302162,2.78069,1.3083,1.14147,10,10033,7.69521,2.30057
1776813809119691946,1.09227,-0.902344,-0.308531,1.39822,1.3083,1.14147,10,10022,7.68678,-0.61384
1776813809124691401,1.09227,2.57617,0.31135,1.96233,2.13512,3.09201,10,10013,7.67987,-2.14758
1776813809129704133,1.09653,2.57617,0.308708,0.428593,2.13512,3.09201,10,10012,7.67911,-0.920207
1776813809134704384,1.09653,3.58789,0.307941,2.66768,2.64149,3.69707,10,10012,7.67911,-0.306858
1776813809139678431,1.13512,3.58789,-0.277946,3.74124,2.50179,3.95269,10,10022,7.68678,1.22719
1776813809144696497,1.13512,2.0332,-0.274111,3.26039,2.50179,3.95269,10,10030,7.69291,1.38063
1776813809149699304,1.16156,2.0332,-0.24154,3.41384,2.38458,3.23996,10,10039,7.69982,1.38063
1776813809154694499,1.16156,1.46875,-0.234637,2.84938,2.38458,3.23996,10,10050,7.70825,1.53368
1776813809159815101,1.17664,1.46875,-0.211119,3.00243,2.38458,3.23996,10,10059,7.71516,1.84115
1776813809164715742,1.17664,0.767578,-0.204216,2.60873,2.18169,2.6169,10,10076,7.7282,1.84041
1776813809169696567,1.18829,0.767578,-0.179532,2.60799,2.18169,2.6169,10,10086,7.73587,1.99373
1776813809174691170,1.18829,0.701172,-0.171862,2.69491,2.59287,2.65468,10,10102,7.74814,1.99453
1776813809179714661,1.19684,0.701172,-0.151035,2.6957,2.59287,2.65468,10,10112,7.75581,1.99463
1776813809184701394,1.19684,0.488281,-0.143365,2.48291,2.70511,2.58874,10,10131,7.77038,2.30093
1776813809189651923,1.20189,0.488281,-0.123745,2.78921,3.15472,2.62135,10,10146,7.78188,2.30057
1776813809194691433,1.20189,0.164062,-0.11224,2.46463,3.15472,2.62135,10,10160,7.79262,2.29909
1776813809199697980,1.20564,0.164062,-0.0977508,2.46315,3.15472,2.62135,10,10172,7.80183,2.30195
1776813809204695213,1.20564,0.158203,-0.0885469,2.46015,2.82135,2.45742,10,10193,7.81793,2.30139
1776813809209694538,1.20641,0.158203,-0.0624643,2.61307,2.4981,2.4624,10,10215,7.83481,2.76062
1776813809214708696,1.20641,-0.314453,-0.0547944,2.44617,2.4981,2.4624,10,10231,7.84708,2.75731
1776813809219693651,1.2052,-0.314453,-0.0437313,2.44286,2.17683,2.18519,10,10247,7.85935,2.75731
1776813809224697031,1.2052,-0.353516,-0.0314594,2.4038,2.17683,2.18519,10,10266,7.87392,2.91919
1776813809229756078,1.20351,-0.353516,-0.0185753,2.56568,2.20226,2.15203,10,10289,7.89156,3.06736
1776813809234714070,1.20351,-0.533203,-0.000934226,2.53415,2.20226,2.15203,10,10308,7.90614,3.22206
1776813809239652544,1.19695,-0.533203,0.00707571,2.68886,2.20226,2.15203,10,10326,7.91994,3.37535
1776813809244689220,1.19695,-0.607422,0.0208816,2.76793,1.80272,1.9649,10,10353,7.94065,3.22077
1776813809249694082,1.19407,-0.607422,0.0387081,2.61335,1.80272,1.9649,10,10370,7.95369,3.37477
1776813809254701704,1.19407,-0.789062,0.0517472,2.58571,2.26625,1.84272,10,10401,7.97747,3.52882
1776813809259705177,1.18708,-0.789062,0.0685305,2.73976,2.26625,1.84272,10,10419,7.99127,3.83424
1776813809264699354,1.18708,-0.935547,0.0823359,2.8987,1.83758,1.71391,10,10450,8.01505,3.83185
1776813809269712531,1.1783,-0.935547,0.0973362,2.8963,1.83758,1.71391,10,10468,8.02886,3.68377
1776813809274761911,1.1783,-0.996094,0.111142,2.68768,1.83154,1.6224,10,10498,8.05187,3.6823
1776813809279894272,1.16371,-0.996094,0.133367,2.68621,1.66826,1.52731,10,10529,8.07564,3.68009
1776813809284724635,1.16371,-1.02344,0.143338,2.65665,1.66826,1.52731,10,10547,8.08945,3.68009
1776813809289683813,1.15875,-1.02344,0.152182,2.65665,1.46499,1.47929,10,10572,8.10862,3.83645
1776813809294691767,1.15875,-1.04492,0.171357,2.79153,1.46499,1.47929,10,10594,8.1255,3.68083
1776813809299697018,1.14311,-1.04492,0.172592,2.63591,1.41668,1.36452,10,10618,8.1439,3.68083
1776813809304700658,1.14311,-1.03516,0.191,2.64567,1.41668,1.36452,10,10641,8.16154,3.52963
1776813809309694057,1.13806,-1.03516,0.20359,2.49447,1.47259,1.33687,10,10668,8.18225,3.6799
1776813809314789492,1.13806,-1.07227,0.224299,2.60764,1.47259,1.33687,10,10691,8.19989,3.83664
1776813809319746040,1.12246,-1.07227,0.226339,2.76437,1.48352,1.21283,10,10718,8.2206,3.9811
1776813809324719402,1.12246,-1.08008,0.247048,2.90102,1.48352,1.21283,10,10741,8.23824,3.68673
1776813809329712672,1.11711,-1.08008,0.259344,2.60665,1.50477,1.17302,10,10768,8.25895,3.83568
1776813809334705923,1.11711,-1.05859,0.280052,2.77709,1.50477,1.17302,10,10793,8.27813,3.83415
1776813809339660785,1.10074,-1.05859,0.282852,2.77555,1.32128,1.07659,10,10822,8.30037,4.14347
1776813809344700406,1.10074,-1.03906,0.305094,3.1044,1.32128,1.07659,10,10844,8.31724,4.14098
1776813809349699213,1.10074,-1.03906,-0.306351,3.10192,1.02184,1.08773,10,10857,8.32721,3.68156
1776813809354698779,1.0956,-1.03906,-0.301521,2.6425,1.02184,1.08773,10,10853,8.32415,1.68724
1776813809359708511,1.0956,-0.107422,-0.304589,1.57982,1.65623,1.58455,10,10834,8.30957,-1.53389
1776813809364700096,1.08294,-0.107422,0.296497,-1.64131,1.65623,1.58455,10,10830,8.30651,-1.99413
1776813809369708291,1.08294,3.45312,0.293429,1.45899,2.50124,3.52958,10,10829,8.30574,-0.613717
1776813809374696783,1.13336,3.45312,-0.28523,2.83941,2.50124,3.52958,10,10829,8.30574,-0.15332
1776813809379726570,1.13336,2.66016,-0.28523,2.50684,2.28237,3.41228,10,10841,8.31494,0.306702
1776813809384733377,1.1491,2.66016,-0.260291,2.96686,2.28237,3.41228,10,10847,8.31954,1.53408
1776813809389666369,1.1491,1.61133,-0.25569,3.14541,2.31181,2.9179,10,10861,8.33028,1.38054
1776813809394691768,1.17406,1.61133,-0.219987,2.99187,2.31181,2.9179,10,10871,8.33795,1.84041
1776813809399697926,1.17406,1.15039,-0.212316,2.9908,2.28616,2.81832,10,10886,8.34946,1.84115
1776813809404696677,1.18117,1.15039,-0.193706,2.99154,2.28616,2.81832,10,10895,8.35636,1.84078
1776813809409701391,1.18117,0.919922,-0.186803,2.7607,2.1033,2.73317,10,10911,8.36863,2.14791
1776813809414693642,1.19556,0.919922,-0.160138,3.06784,2.1033,2.73317,10,10919,8.37477,1.68709
1776813809419741208,1.19556,0.765625,-0.154003,2.45272,2.53154,2.73854,10,10935,8.38704,1.68709
1776813809424719552,1.19981,0.765625,-0.129814,2.91397,2.53154,2.73854,10,10951,8.39931,1.99413
1776813809429704914,1.19981,0.693359,-0.125212,2.68749,3.15007,2.72481,10,10966,8.41082,2.30103
1776813809434703350,1.21258,0.693359,-0.100937,2.99438,3.15007,2.72481,10,10979,8.42079,2.30103
1776813809439654509,1.21258,0.447266,-0.0909656,2.74829,3.5388,2.66689,10,10995,8.43306,2.45389
1776813809444695945,1.21549,0.447266,-0.0757778,2.90115,3.5388,2.66689,10,11008,8.44303,2.45438
1776813809449695307,1.21549,-0.376953,-0.0658071,2.07742,2.89823,2.21585,10,11034,8.46297,2.76163
1776813809454703558,1.21553,-0.376953,-0.0458281,2.38468,2.89823,2.21585,10,11048,8.47371,3.06797
1776813809459695975,1.21553,-0.535156,-0.0350898,2.53281,2.18217,2.12591,10,11073,8.49288,3.06674
1776813809464696393,1.21308,-0.535156,-0.0183623,2.53159,2.18217,2.12591,10,11087,8.50362,3.06858
1776813809469720718,1.21308,-0.53125,-0.00762491,2.53733,1.948,2.1124,10,11110,8.52126,2.9152
1776813809474710358,1.20541,-0.53125,0.00233906,2.38395,1.948,2.1124,10,11124,8.532,2.76053
1776813809479732164,1.20541,-0.458984,0.0130774,2.30154,1.64076,2.10413,10,11150,8.55194,3.06613
1776813809484707952,1.2028,-0.458984,0.0304071,2.60715,1.64076,2.10413,10,11164,8.56268,3.06613
1776813809489660759,1.2028,-0.542969,0.0411455,2.52316,1.76499,2.0394,10,11191,8.58339,3.07043
1776813809494693732,1.19558,-0.542969,0.0669123,2.8317,1.76499,2.0394,10,11217,8.60333,3.37419
1776813809499699298,1.19558,-0.767578,0.0745827,2.60661,2.18322,1.86476,10,11240,8.62097,3.37467
1776813809504724549,1.18907,-0.767578,0.0857121,2.60709,2.18322,1.86476,10,11257,8.63401,3.37467
1776813809509699615,1.18907,-0.96875,0.0987517,2.40592,2.26892,1.70793,10,11281,8.65242,3.37486
1776813809514701754,1.17996,-0.96875,0.108045,2.40611,2.26892,1.70793,10,11299,8.66622,3.6823
1776813809519726098,1.17996,-1.02734,0.121851,2.65496,2.00055,1.61537,10,11331,8.69077,3.83262
1776813809524712978,1.17528,-1.02734,0.141719,2.80527,2.00055,1.61537,10,11348,8.70381,3.83185
1776813809529697322,1.17528,-1.01172,0.154757,2.82013,1.51863,1.59386,10,11380,8.72835,3.68599
1776813809534698647,1.16022,-1.01172,0.164241,2.67427,1.51863,1.59386,10,11398,8.74216,3.68083
1776813809539694417,1.16022,-1.01562,0.178047,2.6652,1.33416,1.49339,10,11431,8.76747,3.83645
1776813809544707631,1.15465,-1.01562,0.197784,2.82082,1.33416,1.49339,10,11450,8.78204,4.14181
1776813809549722456,1.15465,-1.02344,0.212356,3.11837,1.47852,1.45246,10,11483,8.80735,3.98827
1776813809554692799,1.14015,-1.02344,0.223166,2.96483,1.47852,1.45246,10,11502,8.82192,3.98766
1776813809559700921,1.14015,-1.0332,0.237738,2.95446,1.50114,1.35172,10,11535,8.84723,3.98906
1776813809564694542,1.13447,-1.0332,0.271941,2.95366,1.50114,1.35172,10,11567,8.87178,3.98827
1776813809569696237,1.13447,-1.0625,0.281912,2.92577,1.51231,1.29763,10,11593,8.89172,4.14347
1776813809574697914,1.11932,-1.0625,0.286711,3.08097,1.51231,1.29763,10,11613,8.90706,4.14347
1776813809579722017,1.11932,-1.04883,0.302051,3.09464,1.44068,1.20546,10,11638,8.92623,3.83415
1776813809584700083,1.10811,-1.04883,0.310008,2.78532,1.44068,1.20546,10,11654,8.93851,3.68156
1776813809589654482,1.10811,-0.925781,-0.306038,2.75578,1.46392,1.20126,10,11665,8.94694,3.22197
1776813809594799806,1.09868,-0.925781,-0.307025,2.29618,1.46392,1.20126,10,11657,8.94081,0.920302
1776813809599731224,1.09868,0.291016,-0.313161,1.21132,2.07788,1.8322,10,11644,8.93084,-1.84041
1776813809604719846,1.09693,0.291016,0.303433,-1.5494,2.07788,1.8322,10,11643,8.93007,-1.38128
1776813809609828133,1.09693,3.07617,0.302666,1.69489,2.66867,3.40807,10,11642,8.9293,-0.30664
1776813809614721903,1.14642,3.07617,-0.276932,2.76953,2.66867,3.40807,10,11645,8.9316,0
1776813809619699951,1.14642,2.40625,-0.274631,2.40625,2.13748,3.3534,10,11658,8.94157,0.920296
1776813809624703294,1.16203,2.40625,-0.249042,3.32655,2.13748,3.3534,10,11664,8.94618,1.53377
1776813809629730471,1.16203,1.02344,-0.24444,2.55721,2.23033,2.6675,10,11679,8.95768,1.38026
1776813809634721370,1.16203,1.02344,-0.232935,2.4037,2.23033,2.6675,10,11687,8.96382,1.84078
1776813809639660511,1.17775,1.02344,-0.211082,2.86422,2.23033,2.6675,10,11697,8.97149,1.68743
1776813809644712743,1.17775,1.23633,-0.203411,2.92376,2.20431,2.89132,10,11710,8.98146,1.5342
1776813809649702012,1.19979,1.23633,-0.171398,2.77052,2.20431,2.89132,10,11717,8.98683,1.68743
1776813809654707559,1.19979,1.04102,-0.166029,2.72845,2.35562,2.92289,10,11730,8.9968,1.38082
1776813809659697274,1.20606,1.04102,-0.149796,2.42183,2.35562,2.92289,10,11738,9.00293,1.53377
1776813809664705469,1.20606,0.886719,-0.14366,2.42049,3.19922,2.87536,10,11753,9.01444,1.84078
1776813809669700609,1.2203,0.886719,-0.117916,2.7275,3.19922,2.87536,10,11763,9.02211,1.84005
1776813809674693915,1.2203,0.65625,-0.110246,2.4963,3.43449,2.83563,10,11782,9.03668,1.99533
1776813809679696500,1.22462,0.65625,-0.0913487,2.65158,3.43449,2.83563,10,11795,9.04665,2.45389
1776813809684722565,1.22462,-0.169922,-0.081378,2.28396,3.26241,2.39246,10,11819,9.06506,2.60721
1776813809689656280,1.22806,-0.169922,-0.0595284,2.43728,3.26241,2.39246,10,11833,9.0758,2.91462
1776813809694697678,1.22806,-0.3125,-0.048791,2.60212,2.6503,2.33325,10,11857,9.0942,2.9152
1776813809699693263,1.22666,-0.3125,-0.031786,2.6027,2.6503,2.33325,10,11871,9.10494,2.91385
1776813809704703940,1.22666,-0.453125,-0.0210476,2.46072,2.05849,2.2441,10,11896,9.12412,3.06736
1776813809709699339,1.22666,-0.453125,-0.00187306,2.61423,2.05849,2.2441,10,11910,9.13486,2.91579
1776813809714695849,1.22063,-0.453125,0.00283046,2.46266,1.9328,2.2054,10,11934,9.15326,3.22132
1776813809719697767,1.22063,-0.466797,0.0212383,2.75452,2.08989,2.1976,10,11966,9.17781,3.5245
1776813809724703481,1.21404,-0.466797,0.039195,3.0577,2.08989,2.1976,10,11983,9.19085,3.5245
1776813809729697935,1.21404,-0.546875,0.0522337,2.97762,2.14604,2.10963,10,12006,9.20849,3.37689
1776813809734769537,1.21111,-0.546875,0.0669484,2.83001,2.14604,2.10963,10,12022,9.22076,3.37535
1776813809739694697,1.21111,-0.873047,0.0792203,2.5023,2.09248,1.90487,10,12053,9.24454,3.52751
1776813809744704892,1.20131,-0.873047,0.0932002,2.65446,2.09248,1.90487,10,12071,9.25834,3.83645
1776813809749705717,1.20131,-0.964844,0.107006,2.87161,2.16477,1.78937,10,12103,9.28288,3.83338
1776813809754698727,1.19585,-0.964844,0.126089,2.86854,2.16477,1.78937,10,12120,9.29592,3.83568
1776813809759713071,1.19585,-1.0957,0.139128,2.73998,2.01783,1.67949,10,12149,9.31817,3.52821
1776813809764705266,1.18111,-1.0957,0.146626,2.43251,2.01783,1.67949,10,12167,9.33197,3.52751
1776813809769702388,1.18111,-1.0918,0.160432,2.43571,1.87124,1.58612,10,12198,9.35575,3.6823
1776813809774698101,1.17445,-1.0918,0.177553,2.5905,1.87124,1.58612,10,12217,9.37032,3.83415
1776813809779735667,1.17445,-1.08008,0.192125,2.75407,1.39749,1.54951,10,12248,9.3941,3.83645
1776813809784721807,1.17445,-1.08008,0.215902,2.75637,1.39749,1.54951,10,12265,9.40714,3.68083
1776813809789668003,1.15964,-1.08008,0.214132,2.60075,1.39749,1.54951,10,12291,9.42708,3.83568
1776813809794696624,1.15964,-1.08008,0.214132,2.60075,1.39749,1.54951,10,12291,9.42708,3.83568
1776813809799732856,1.15964,-1.17383,0.234074,2.66185,1.30872,1.39944,10,12347,9.47003,4.29258
1776813809804706700,1.14286,-1.19336,0.279418,2.94991,1.52493,1.28942,10,12379,9.49457,4.14327
1776813809809716191,1.13701,-1.19336,0.278936,2.94991,1.52493,1.28942,10,12399,9.50991,3.98846
1776813809814708591,1.13701,-1.2168,0.294275,2.77166,1.1812,1.22645,10,12436,9.53829,4.29602
1776813809819714953,1.11884,-1.2168,0.304486,3.07922,1.1812,1.22645,10,12457,9.5544,4.44851
1776813809824702574,1.11884,-1.23242,-0.307726,3.21609,1.3864,1.09763,10,12479,9.57127,4.29516
1776813809829719418,1.11146,-1.23242,-0.298232,3.06274,1.3864,1.09763,10,12482,9.57357,2.14705
1776813809834776872,1.11146,1.06641,-0.295931,3.21346,1.73408,2.35908,10,12468,9.56284,0
1776813809839689049,1.10204,1.06641,0.312225,1.06641,1.73408,2.35908,10,12462,9.55823,-1.68724
1776813809844699337,1.10204,4.27148,0.307623,2.58424,2.51854,4.1234,10,12460,9.5567,-1.07384
1776813809849707996,1.11513,4.27148,-0.309138,3.19765,2.51854,4.1234,10,12462,9.55823,-0.15329
1776813809854713913,1.11513,2.32227,-0.307604,2.16898,2.94856,3.09922,10,12474,9.56744,0.613717
1776813809859711461,1.11513,2.32227,-0.2984,2.93598,2.94856,3.09922,10,12482,9.57357,1.68724
1776813809864725137,1.16804,2.32227,-0.23936,4.00951,2.53452,3.44701,10,12495,9.58354,1.68709
1776813809869699926,1.16804,2.32227,-0.23936,4.00951,2.53452,3.44701,10,12495,9.58354,1.68709
1776813809874707214,1.18774,1.28906,-0.188204,3.43698,2.15862,2.85808,10,12529,9.60962,1.99432
1776813809879707076,1.18774,0.791016,-0.183601,2.78534,2.36156,2.70239,10,12540,9.61806,1.99432
1776813809884705993,1.19548,0.791016,-0.167427,2.78534,2.36156,2.70239,10,12551,9.6265,2.30083
1776813809889650726,1.19548,0.417969,-0.15899,2.7188,2.26824,2.53987,10,12570,9.64107,2.45487
1776813809894710458,1.20311,0.417969,-0.136792,2.87284,2.26824,2.53987,10,12581,9.64951,2.14767
1776813809899714616,1.20311,0.349609,-0.128355,2.49728,2.69791,2.55018,10,12603,9.66638,2.60668
1776813809904699479,1.20738,0.349609,-0.107213,2.95629,2.69791,2.55018,10,12615,9.67558,2.60564
1776813809909696841,1.20738,-0.0566406,-0.0980089,2.549,3.04807,2.34616,10,12637,9.69246,2.45683
1776813809914707518,1.20841,-0.0566406,-0.0801013,2.40019,3.04807,2.34616,10,12649,9.70166,2.60773
1776813809919698528,1.20841,-0.179688,-0.0708974,2.42804,2.87452,2.28268,10,12672,9.7193,2.60844
1776813809924701927,1.20779,-0.179688,-0.0538738,2.42875,2.87452,2.28268,10,12686,9.73004,2.76108
1776813809929704789,1.20779,-0.5,-0.0431354,2.26108,2.3247,2.09613,10,12710,9.74845,2.91404
1776813809934699040,1.20779,-0.5,-0.0247276,2.41404,2.3247,2.09613,10,12725,9.75995,3.06797
1776813809939668958,1.20277,-0.5,-0.018246,2.56797,2.3247,2.09613,10,12745,9.77529,3.06858
1776813809944702190,1.20277,-0.476562,-0.00290613,2.59202,1.82336,2.07709,10,12769,9.7937,3.06736
1776813809949720404,1.1979,-0.476562,0.0106303,2.59079,1.82336,2.07709,10,12784,9.80521,2.91501
1776813809954703155,1.1979,-0.572266,0.0221355,2.34275,1.70367,1.99107,10,12811,9.82591,3.06674
1776813809959698721,1.18997,-0.572266,0.0349142,2.49448,1.70367,1.99107,10,12827,9.83819,3.37621
1776813809964699287,1.18997,-0.675781,0.0471852,2.70043,1.74191,1.88073,10,12852,9.85736,3.52661
1776813809969703575,1.18693,-0.675781,0.0633232,2.85083,1.74191,1.88073,10,12874,9.87423,3.52892
1776813809974703178,1.18693,-0.941406,0.0801966,2.58751,2.08935,1.70963,10,12904,9.89724,3.52892
1776813809979707799,1.17496,-0.941406,0.0912354,2.58751,2.08935,1.70963,10,12922,9.91105,3.67715
1776813809984803567,1.17496,-0.990234,0.105041,2.68692,2.04042,1.60401,10,12955,9.93636,3.68599
1776813809989684523,1.17026,-0.990234,0.125654,2.69575,1.88218,1.57341,10,12982,9.95707,4.13913
1776813809994693107,1.17026,-1.04297,0.146363,3.09616,1.88218,1.57341,10,13005,9.97394,3.99085
1776813809999702895,1.15465,-1.04297,0.148388,2.94788,1.88218,1.57341,10,13024,9.98928,3.83415
1776813810004699183,1.15465,-1.02734,0.16296,2.8068,1.4506,1.45022,10,13050,10.0092,3.83492
1776813810009705934,1.15465,-1.02734,0.182903,2.80757,1.4506,1.45022,10,13074,10.0276,3.83415
1776813810014696852,1.14955,-1.02734,0.196214,2.8068,1.31545,1.41682,10,13101,10.0483,3.83664
1776813810019702326,1.14955,-0.980469,0.216922,2.85617,1.37103,1.44354,10,13131,10.0714,3.83338
1776813810024791317,1.13462,-0.980469,0.224999,2.85291,1.37103,1.44354,10,13149,10.0852,3.83492
1776813810029728735,1.13462,-1.08203,0.238804,2.75288,1.50217,1.28749,10,13181,10.1097,3.68304
1776813810034708301,1.11914,-1.08203,0.247874,2.60101,1.50217,1.28749,10,13199,10.1235,3.83492
1776813810039774811,1.11914,-1.10742,0.261682,2.72749,1.35229,1.17087,10,13233,10.1496,3.98766
1776813810044722784,1.1138,-1.10742,0.282418,2.88024,1.35229,1.17087,10,13251,10.1634,3.98906
1776813810049719517,1.1138,-1.11133,0.296225,2.87774,1.16345,1.13328,10,13283,10.1879,3.98766
1776813810054696491,1.09696,-1.11133,0.303924,2.87633,1.16345,1.13328,10,13300,10.201,3.83492
1776813810059704001,1.09696,-1.09961,-0.311355,2.73531,1.09442,1.02808,10,13324,10.2194,3.5245
1776813810064696048,1.09137,-1.09961,-0.298536,2.42489,1.09442,1.02808,10,13325,10.2201,2.61105
1776813810069697485,1.09137,1.06641,-0.297769,3.67746,1.64501,2.22547,10,13307,10.2063,-1.22694
1776813810074695291,1.08231,1.06641,0.307681,-0.160536,1.64501,2.22547,10,13302,10.2025,-1.38101
1776813810079697783,1.08231,4.18359,0.303848,2.80259,2.28366,3.94176,10,13298,10.1994,-0.920112
1776813810084696016,1.08231,4.18359,0.300779,3.26348,2.28366,3.94176,10,13299,10.2002,-0.460335
1776813810089653267,1.09491,4.18359,0.314142,3.72326,2.28366,3.94176,10,13307,10.2063,0.306892
1776813810094697036,1.09491,2.52344,-0.30804,2.83033,2.8143,3.07954,10,13319,10.2148,1.53358
1776813810099689528,1.14965,2.52344,-0.244093,4.05702,2.8143,3.07954,10,13327,10.2217,1.38026
1776813810104704983,1.14965,1.34766,-0.237957,2.72792,2.36072,2.77122,10,13344,10.2347,1.84152
1776813810109695993,1.17165,1.34766,-0.202914,3.18917,2.36072,2.77122,10,13353,10.2416,2.14725
1776813810114698133,1.17165,0.525391,-0.196011,2.67264,2.2041,2.44638,10,13370,10.2547,1.84115
1776813810119695125,1.17618,0.525391,-0.178443,2.36654,2.2041,2.44638,10,13380,10.2623,1.99373
1776813810124692320,1.17618,0.626953,-0.170774,2.62069,2.32059,2.53376,10,13396,10.2746,1.99373
1776813810129693627,1.18798,0.626953,-0.146703,2.62069,2.32059,2.53376,10,13406,10.2823,1.99453
1776813810134702508,1.18798,0.738281,-0.139033,2.73281,2.64257,2.67387,10,13424,10.2961,2.1481
1776813810139653278,1.19131,0.738281,-0.121902,2.88639,2.64257,2.67387,10,13435,10.3045,2.30011
1776813810144707362,1.19131,0.265625,-0.113465,2.56573,2.7655,2.426,10,13457,10.3214,2.30176
1776813810149700131,1.19858,0.265625,-0.0893121,2.56738,2.7655,2.426,10,13470,10.3314,2.76127
1776813810154693901,1.19858,0.103516,-0.0793414,2.86478,2.9564,2.38069,10,13494,10.3498,2.75997
1776813810159693856,1.19858,0.103516,-0.0609336,2.86349,2.9564,2.38069,10,13508,10.3605,2.91579
1776813810164706422,1.19966,0.103516,-0.0491185,3.0193,2.23403,2.38766,10,13528,10.3758,2.76053
1776813810169695784,1.19966,0.103516,-0.0491185,3.0193,2.23403,2.38766,10,13528,10.3758,2.76053
1776813810174699331,1.19663,-0.283203,-0.00689934,2.63083,2.29241,2.16723,10,13577,10.4134,3.0692
1776813810179698416,1.19663,-0.337891,0.000770081,2.73131,1.91538,2.11645,10,13596,10.428,3.22003
1776813810184697519,1.19372,-0.337891,0.0124354,2.88214,1.91538,2.11645,10,13612,10.4403,3.22003
1776813810189652789,1.19372,-0.462891,0.0247073,2.75714,2.18623,2.02638,10,13634,10.4571,3.06858
1776813810194691280,1.18975,-0.462891,0.0376086,2.60569,2.18623,2.02638,10,13649,10.4687,3.37082
1776813810199693624,1.18975,-0.658203,0.0491137,2.71261,1.96718,1.88933,10,13676,10.4894,3.07104
1776813810204700819,1.18429,-0.658203,0.0643601,2.41284,1.96718,1.88933,10,13692,10.5016,3.22261
1776813810209730218,1.18429,-0.820312,0.076632,2.4023,1.91029,1.76149,10,13720,10.5231,3.374
1776813810214705525,1.17669,-0.820312,0.0905118,2.55368,1.91029,1.76149,10,13737,10.5361,3.52821
1776813810219718443,1.17669,-0.892578,0.10355,2.63564,1.94042,1.67094,10,13765,10.5576,3.52821
1776813810224695657,1.16811,-0.892578,0.116441,2.63564,1.94042,1.67094,10,13781,10.5699,3.37535
1776813810229703982,1.16811,-0.869141,0.128713,2.50621,1.77967,1.62836,10,13808,10.5906,3.22132
1776813810234764862,1.16811,-0.869141,0.149422,2.35218,1.77967,1.62836,10,13824,10.6029,3.37284
1776813810239668318,1.15922,-0.869141,0.152809,2.5037,1.77967,1.62836,10,13848,10.6213,3.3767
1776813810244692402,1.15922,-0.869141,0.152809,2.5037,1.77967,1.62836,10,13848,10.6213,3.3767
1776813810249707505,1.15922,-0.826172,0.171216,2.55053,1.73117,1.59483,10,13898,10.6596,3.83492
1776813810254706774,1.14664,-0.892578,0.214625,2.78972,1.50937,1.51238,10,13932,10.6857,3.68083
1776813810259709507,1.13826,-0.892578,0.214684,2.78825,1.3076,1.41948,10,13954,10.7026,3.68083
1776813810264696351,1.13826,-1.00977,0.231558,2.67106,1.3076,1.41948,10,13980,10.7225,4.14181
1776813810269694861,1.12872,-1.00977,0.241962,3.13204,1.3076,1.41948,10,14002,10.7394,4.2943
1776813810274690797,1.12872,-1.06445,0.258836,3.22985,1.45436,1.25866,10,14037,10.7662,4.14181
1776813810279720141,1.11817,-1.06445,0.275125,3.07735,1.45436,1.25866,10,14057,10.7816,4.14245
1776813810284695670,1.11817,-1.05859,0.290464,3.08385,1.28126,1.19224,10,14091,10.8077,4.2883
1776813810289661125,1.11284,-1.05859,0.31122,3.2297,1.28126,1.19224,10,14111,10.823,4.14845
1776813810294692172,1.11284,-0.984375,-0.301759,3.16407,1.05507,1.19929,10,14135,10.8414,3.98827
1776813810299691738,1.09738,-0.984375,-0.298814,3.00389,1.05507,1.19929,10,14141,10.846,2.6074
1776813810304698933,1.09738,-0.841797,-0.294213,1.7656,1.48555,1.17784,10,14128,10.836,0.767252
1776813810309693295,1.09738,-0.841797,-0.304183,-0.0745451,1.48555,1.17784,10,14115,10.8261,-2.45389
1776813810314702565,1.09311,-0.841797,0.309888,-3.29568,2.48223,1.14936,10,14115,10.8261,-1.38054
1776813810319692761,1.09311,-0.841797,0.309888,-3.29568,2.48223,1.14936,10,14115,10.8261,-1.38054
1776813810324700826,1.14332,3.375,-0.268212,2.91476,2.41566,3.55294,10,14121,10.8307,0.92048
1776813810329701726,1.14332,1.93555,-0.26361,2.85603,1.27504,3.0648,10,14124,10.833,0.766982
1776813810334700292,1.16947,1.93555,-0.235168,2.70253,1.27504,3.0648,10,14130,10.8376,0.766982
1776813810339654895,1.16947,1.83203,-0.230566,2.59901,2.05193,3.1769,10,14141,10.846,1.07386
1776813810344691942,1.18525,1.83203,-0.206343,2.90589,2.05193,3.1769,10,14147,10.8506,1.68676
1776813810349783896,1.18525,1.18945,-0.201741,2.87621,2.18703,2.91333,10,14156,10.8575,1.07427
1776813810354733518,1.20001,1.18945,-0.180083,2.26372,2.18703,2.91333,10,14161,10.8614,1.22694
1776813810359702380,1.20001,1.40625,-0.176249,2.63319,2.26753,3.13244,10,14173,10.8706,1.22743
1776813810364701779,1.21438,1.40625,-0.15267,2.63368,2.26753,3.13244,10,14178,10.8744,1.37999
1776813810369708142,1.21438,1.50586,-0.148835,2.88585,2.77029,3.28189,10,14190,10.8836,1.07405
1776813810374696782,1.22805,1.50586,-0.125963,2.57991,2.77029,3.28189,10,14198,10.8897,1.68724
1776813810379737384,1.22805,1.01367,-0.119827,2.70091,3.80638,3.08908,10,14216,10.9035,1.68743
1776813810384702173,1.22805,1.01367,-0.106021,2.7011,3.80638,3.08908,10,14228,10.9127,2.30103
1776813810389652313,1.24055,1.01367,-0.0843136,3.3147,3.80638,3.08908,10,14243,10.9242,2.30149
1776813810394698323,1.24055,0.0507812,-0.0728094,2.35227,3.85142,2.62017,10,14264,10.9404,2.45339
1776813810399695519,1.24869,0.0507812,-0.0485689,2.50418,3.85142,2.62017,10,14276,10.9496,2.45468
1776813810404697103,1.24869,-0.212891,-0.039366,2.24179,2.92479,2.52171,10,14298,10.9664,2.60792
1776813810409696058,1.2484,-0.212891,-0.0227768,2.39503,2.16308,2.51989,10,14316,10.9802,2.76163
1776813810414700272,1.2484,-0.458984,-0.00897144,2.30265,2.16308,2.51989,10,14334,10.994,2.60721
1776813810419700819,1.24244,-0.458984,-0.00112746,2.14822,2.16308,2.51989,10,14350,11.0063,3.06797
1776813810424700237,1.24244,-0.478516,0.0111444,2.58945,1.94231,2.3305,10,14378,11.0278,3.22151
1776813810429695099,1.24072,-0.478516,0.0309074,2.743,1.94231,2.3305,10,14393,11.0393,3.22068
1776813810434704369,1.24072,-0.578125,0.0424116,2.64255,2.10389,2.26279,10,14422,11.0615,3.37602
1776813810439651565,1.23218,-0.578125,0.0561149,2.7979,2.10389,2.26279,10,14438,11.0738,3.37486
1776813810444690278,1.23218,-0.660156,0.0683868,2.71471,2.08275,2.16147,10,14469,11.0976,3.52661
1776813810449700326,1.22909,-0.660156,0.089071,2.86646,2.08275,2.16147,10,14490,11.1137,3.83492
1776813810454788613,1.22909,-1.01367,0.105178,2.82124,2.19066,1.94018,10,14525,11.1405,4.29087
1776813810459716457,1.22909,-1.01367,0.132023,3.2772,2.19066,1.94018,10,14545,11.1551,4.14761
1776813810464699857,1.21659,-1.01367,0.134858,3.13394,2.28326,1.85995,10,14573,11.1774,4.2943
1776813810469795459,1.21659,-1.28711,0.156334,3.00719,2.05098,1.70409,10,14606,11.2027,4.13932
1776813810474718359,1.199,-1.28711,0.164058,2.85221,2.05098,1.70409,10,14627,11.2188,4.1441
1776813810479697369,1.199,-1.33008,0.180165,2.81402,1.72872,1.56625,10,14660,11.2441,4.29001
1776813810484694620,1.19444,-1.33008,0.200918,2.95993,1.72872,1.56625,10,14679,11.2587,3.99245
1776813810489729964,1.19444,-1.29492,0.21549,2.69753,1.48256,1.55681,10,14712,11.284,3.98269
1776813810494712511,1.17242,-1.29492,0.21878,2.68777,1.48256,1.55681,10,14732,11.2993,3.99005
1776813810499708096,1.17242,-1.30859,0.23412,2.68146,1.4438,1.40603,10,14767,11.3261,4.14742
1776813810504720532,1.16623,-1.30859,0.254772,2.83883,1.4438,1.40603,10,14787,11.3415,4.29172
1776813810509708412,1.16623,-1.33008,0.270111,2.96165,1.53306,1.3534,10,14820,11.3668,4.14429
1776813810514704664,1.14607,-1.33008,0.275257,2.81422,1.53306,1.3534,10,14839,11.3814,3.98827
1776813810519706933,1.14607,-1.33008,0.28983,2.65819,1.48582,1.2214,10,14874,11.4082,3.98925
1776813810524695536,1.13979,-1.33008,0.310397,2.65918,1.48582,1.2214,10,14894,11.4236,4.29516
1776813810529703028,1.13979,-1.31055,-0.302582,2.98461,1.40266,1.19127,10,14920,11.4435,3.98667
1776813810534694649,1.13979,-1.31055,-0.28264,2.67612,1.40266,1.19127,10,14922,11.445,2.91579
1776813810539649327,1.11967,-1.31055,-0.301223,1.60524,1.40266,1.19127,10,14909,11.4351,-0.459692
1776813810544691170,1.11967,3.51758,-0.311193,3.05789,1.96996,3.81061,10,14900,11.4282,-1.68927
1776813810549691773,1.12154,3.51758,0.312087,1.82831,1.96996,3.81061,10,14899,11.4274,-0.920302
1776813810554697339,1.12154,4.5332,0.31132,3.6129,2.58445,4.40185,10,14905,11.432,-0.15332
1776813810559696849,1.14073,4.5332,-0.293202,4.37988,2.58445,4.40185,10,14911,11.4366,0.920296
1776813810564709434,1.14073,1.23438,-0.2886,2.15467,2.86943,2.64808,10,14924,11.4466,1.38109
1776813810569703259,1.18137,1.23438,-0.237988,2.61547,2.86943,2.64808,10,14933,11.4535,1.53408
1776813810574695936,1.18137,0.816406,-0.231085,2.35049,2.225,2.6755,10,14950,11.4665,1.99373
1776813810579697039,1.18637,0.816406,-0.213047,2.81014,2.225,2.6755,10,14958,11.4726,1.99413
1776813810584708845,1.18637,0.644531,-0.206911,2.63866,2.02233,2.60998,10,14978,11.488,1.84115
1776813810589653208,1.19868,0.644531,-0.179262,2.48568,2.02233,2.60998,10,14988,11.4957,2.6074
1776813810594714773,1.19868,0.783203,-0.171592,3.3906,2.17567,2.76874,10,15005,11.5087,1.99453
1776813810599701950,1.20236,0.783203,-0.154877,2.77773,2.17567,2.76874,10,15015,11.5164,1.99334
1776813810604693961,1.20236,0.722656,-0.147206,2.71599,2.36097,2.75798,10,15035,11.5317,2.14791
1776813810609698064,1.20236,0.722656,-0.131867,2.87057,2.36097,2.75798,10,15046,11.5401,2.45438
1776813810614697907,1.21216,0.722656,-0.113631,3.17703,3.01478,2.82115,10,15064,11.5539,2.45487
1776813810619696233,1.21216,0.234375,-0.0998249,2.68924,3.32695,2.54283,10,15086,11.5708,2.60792
1776813810624706798,1.21942,0.234375,-0.0756855,2.84229,3.32695,2.54283,10,15098,11.58,2.75887
1776813810629695124,1.21942,-0.255859,-0.0664816,2.50301,3.05452,2.31011,10,15124,11.6,2.76293
1776813810634702078,1.219,-0.255859,-0.0469637,2.50707,3.05452,2.31011,10,15139,11.6115,3.22132
1776813810639647015,1.219,-0.542969,-0.0354595,2.67835,2.33039,2.14373,10,15164,11.6306,3.06858
1776813810644711562,1.21469,-0.542969,-0.0205917,2.52562,2.33039,2.14373,10,15178,11.6414,3.06674
1776813810649704146,1.21469,-0.560547,-0.00985335,2.5062,1.9051,2.10603,10,15202,11.6598,2.91501
1776813810654691286,1.2093,-0.560547,0.00316622,2.35446,1.9051,2.10603,10,15217,11.6713,2.91462
1776813810659697612,1.2093,-0.572266,0.0146713,2.34235,1.90526,2.06467,10,15244,11.692,3.06736
1776813810664695400,1.20347,-0.572266,0.0295487,2.49509,1.90526,2.06467,10,15260,11.7043,3.22197
1776813810669704021,1.20347,-0.644531,0.0418205,2.57743,1.83535,1.98588,10,15288,11.7257,3.52892
1776813810674709124,1.19736,-0.644531,0.0571795,2.88439,1.83535,1.98588,10,15305,11.7388,3.37467
1776813810679708264,1.19736,-0.830078,0.0702181,2.54459,1.93498,1.8406,10,15332,11.7595,3.37351
1776813810684701478,1.19736,-0.830078,0.0909271,2.54344,1.93498,1.8406,10,15348,11.7718,3.37535
1776813810689657322,1.19005,-0.830078,0.095892,2.54527,1.93498,1.8406,10,15371,11.7894,3.37014
1776813810694690165,1.19005,-1.04492,0.113533,2.32522,2.05407,1.67084,10,15401,11.8124,3.53368
1776813810699697546,1.17578,-1.04492,0.122273,2.48875,2.05407,1.67084,10,15419,11.8262,3.52751
1776813810704696964,1.17578,-1.0332,0.136079,2.4943,1.73616,1.58484,10,15449,11.8492,3.83492
1776813810709702715,1.16521,-1.0332,0.14852,2.80171,1.73616,1.58484,10,15467,11.8623,3.52751
1776813810714692299,1.16521,-1.01953,0.162326,2.50798,1.51157,1.52375,10,15499,11.8876,3.83568
1776813810719711810,1.16039,-1.01953,0.182049,2.81615,1.51157,1.52375,10,15519,11.9029,3.98925
1776813810724703487,1.16039,-1.06836,0.197389,2.9209,1.52945,1.46442,10,15555,11.9305,4.14079
1776813810729714219,1.1446,-1.06836,0.209215,3.07243,1.52945,1.46442,10,15574,11.9451,4.29516
1776813810734705007,1.1446,-1.08398,0.223787,3.21117,1.61581,1.35207,10,15608,11.9712,4.14098
1776813810739707203,1.1416,-1.08398,0.246865,3.057,1.61581,1.35207,10,15628,11.9865,3.98986
1776813810744738509,1.1416,-1.13281,0.262205,2.85705,1.48144,1.30453,10,15662,12.0126,4.29516
1776813810749708335,1.12237,-1.13281,0.269054,3.16235,1.48144,1.30453,10,15682,12.0279,4.14015
1776813810754698697,1.12237,-1.14258,0.284393,2.99757,1.38922,1.1722,10,15714,12.0525,3.98906
1776813810759726225,1.12237,-1.14258,0.308937,2.84649,1.38922,1.1722,10,15733,12.0671,3.98925
1776813810764700458,1.11941,-1.14258,-0.307777,2.84668,1.24931,1.15257,10,15758,12.0862,3.83415
1776813810769691283,1.11941,-0.474609,-0.288602,3.35954,1.16309,1.53331,10,15767,12.0931,0.766792
1776813810774703164,1.09257,-0.474609,-0.308534,0.292182,1.16309,1.53331,10,15758,12.0862,0.766792
1776813810779713915,1.09257,1.77734,0.312881,2.54414,2.30563,2.6387,10,15746,12.077,-1.53408
1776813810784721092,1.09713,1.77734,0.308237,0.243263,2.30563,2.6387,10,15745,12.0763,-1.68758
1776813810789661714,1.09713,4.13672,0.30747,2.44914,2.84975,4.01392,10,15745,12.0763,-0.153572
1776813810794696872,1.13543,4.13672,-0.28255,3.98315,2.84975,4.01392,10,15748,12.0786,0
1776813810799729234,1.13543,2.03906,-0.280248,2.03906,2.76256,3.07188,10,15762,12.0893,0.920486
1776813810804708856,1.16352,2.03906,-0.241422,2.95955,2.76256,3.07188,10,15769,12.0947,1.68743
1776813810809709922,1.16352,0.986328,-0.236054,2.67376,2.30946,2.65604,10,15786,12.1077,1.68724
1776813810814695339,1.17481,0.986328,-0.211723,2.67357,2.30946,2.65604,10,15795,12.1146,1.99413
1776813810819694813,1.17481,0.517578,-0.204819,2.51171,2.24226,2.46249,10,15810,12.1261,1.84078
1776813810824697971,1.18359,0.517578,-0.184536,2.35836,2.24226,2.46249,10,15819,12.133,1.84041
1776813810829696167,1.18359,0.78125,-0.177632,2.62166,2.07316,2.66986,10,15833,12.1438,1.99432
1776813810834703566,1.18359,0.78125,-0.166895,2.77557,2.07316,2.66986,10,15841,12.1499,1.5345
1776813810839657225,1.18939,0.78125,-0.15496,2.31575,2.07316,2.66986,10,15855,12.1606,1.84041
1776813810844706142,1.18939,0.722656,-0.144222,2.56307,2.65529,2.67407,10,15872,12.1737,1.99413
1776813810849695152,1.19716,0.722656,-0.123415,2.71679,2.65529,2.67407,10,15883,12.1821,2.14767
1776813810854689533,1.19716,0.269531,-0.114979,2.41721,3.07323,2.46609,10,15904,12.1982,2.45143
1776813810859701895,1.20418,0.269531,-0.0918434,2.72097,3.07323,2.46609,10,15917,12.2082,2.45733
1776813810864713072,1.20418,-0.105469,-0.0818727,2.35186,2.66522,2.29773,10,15940,12.2258,2.76108
1776813810869778100,1.20496,-0.105469,-0.0634591,2.65561,2.66522,2.29773,10,15953,12.2358,2.76127
1776813810874713630,1.20496,-0.410156,-0.0534885,2.35111,2.36259,2.12905,10,15977,12.2542,2.91385
1776813810879707548,1.20247,-0.410156,-0.0375631,2.50369,2.36259,2.12905,10,15992,12.2657,2.91579
1776813810884753280,1.20247,-0.435547,-0.0260579,2.48024,1.93248,2.09855,10,16017,12.2849,2.91345
1776813810889693939,1.19831,-0.435547,-0.0110433,2.47791,1.93248,2.09855,10,16033,12.2972,3.22197
1776813810894706560,1.19831,-0.453125,0.00122861,2.76884,1.88957,2.06166,10,16061,12.3186,3.22068
1776813810899827847,1.19376,-0.453125,0.0181468,2.76755,1.88957,2.06166,10,16077,12.3309,3.52963
1776813810904720136,1.19376,-0.527344,0.0304187,3.00228,2.15501,1.98988,10,16106,12.3531,3.37332
1776813810909711721,1.19376,-0.527344,0.0526612,2.84598,2.15501,1.98988,10,16123,12.3662,3.52258
1776813810914697157,1.1892,-0.527344,0.0611432,2.99523,2.20559,1.96036,10,16149,12.3861,3.53387
1776813810919706723,1.1892,-0.894531,0.0810845,2.63934,1.90194,1.75106,10,16178,12.4084,3.83568
1776813810924699956,1.17494,-0.894531,0.0890649,2.94115,1.90194,1.75106,10,16196,12.4222,3.66909
1776813810929704892,1.17494,-0.949219,0.10287,2.71987,2.10511,1.62724,10,16224,12.4437,3.53954
1776813810934709365,1.17007,-0.949219,0.119478,2.59032,2.10511,1.62724,10,16240,12.4559,3.37467
1776813810939677042,1.17007,-0.951172,0.131749,2.4235,1.59542,1.59441,10,16270,12.4789,3.52963
1776813810944697812,1.16074,-0.951172,0.145435,2.57845,1.59542,1.59441,10,16287,12.4912,3.52802
1776813810949703692,1.16074,-0.917969,0.158474,2.61005,1.36595,1.55247,10,16317,12.515,3.68083
1776813810954716647,1.15128,-0.917969,0.172015,2.76286,1.36595,1.55247,10,16333,12.5273,3.52821
1776813810959702084,1.15128,-0.966797,0.184286,2.56142,1.4977,1.46265,10,16362,12.5495,3.52821
1776813810964706149,1.14169,-0.966797,0.196948,2.56142,1.4977,1.46265,10,16379,12.5625,3.52802
1776813810969700438,1.14169,-1.0293,0.209987,2.49873,1.58636,1.36413,10,16411,12.5871,3.52892
1776813810974705077,1.13184,-1.0293,0.224676,2.49962,1.58636,1.36413,10,16430,12.6017,3.83415
1776813810979713477,1.13184,-1.07617,0.23925,2.75798,1.65073,1.27254,10,16462,12.6262,3.83338
1776813810984719802,1.13184,-1.07617,0.263793,2.75721,1.65073,1.27254,10,16485,12.6438,3.83338
1776813810989657683,1.1213,-1.07617,0.270899,2.75721,1.65073,1.27254,10,16506,12.6599,3.98747
1776813810994733322,1.1213,-1.07227,0.287005,2.9152,1.58158,1.2052,10,16540,12.686,3.99085
1776813810999705888,1.10252,-1.07227,0.294301,2.91859,1.58158,1.2052,10,16561,12.7021,4.14264
1776813811004709510,1.10252,-1.0293,0.310408,3.11334,1.34882,1.10517,10,16593,12.7267,4.29497
1776813811009711891,1.0947,-1.0293,-0.301185,3.26567,1.34882,1.10517,10,16602,12.7336,3.83511
1776813811014703457,1.0947,-0.738281,-0.294282,3.09682,1.42873,1.21902,10,16591,12.7251,1.38026
1776813811019698893,1.08533,-0.738281,-0.312096,0.641982,1.42873,1.21902,10,16580,12.7167,-1.84078
1776813811024704570,1.08533,4.18555,0.307785,2.34476,2.24647,3.96304,10,16575,12.7129,-2.30149
1776813811029698914,1.09269,4.18555,0.311312,1.88406,2.24647,3.96304,10,16575,12.7129,-0.15329
1776813811034694832,1.09269,2.94922,0.311312,2.79593,2.29299,3.30746,10,16578,12.7152,-0.153412
1776813811039650639,1.13408,2.94922,-0.273314,2.79581,2.29299,3.30746,10,16587,12.7221,0.766638
1776813811044692075,1.13408,1.19336,-0.266411,1.96,2.76201,2.58093,10,16600,12.732,1.68811
1776813811049690530,1.15689,1.19336,-0.233635,2.88147,2.76201,2.58093,10,16610,12.7397,1.53389
1776813811054731133,1.15689,1.35938,-0.225965,2.89326,2.23354,2.82531,10,16628,12.7535,2.14725
1776813811059714125,1.15689,1.35938,-0.21216,3.50662,2.23354,2.82531,10,16635,12.7589,2.14748
1776813811064731820,1.16897,1.35938,-0.194707,3.50686,1.76724,2.90425,10,16651,12.7712,1.84078
1776813811069709849,1.16897,0.919922,-0.182435,2.7607,2.55277,2.65376,10,16666,12.7827,1.53358
1776813811074693767,1.18148,0.919922,-0.158416,2.45351,2.55277,2.65376,10,16674,12.7888,1.53358
1776813811079729814,1.18148,0.904297,-0.15228,2.43788,2.50456,2.72632,10,16688,12.7995,1.68709
1776813811084718547,1.1941,0.904297,-0.128927,2.59139,2.50456,2.72632,10,16699,12.808,2.14834
1776813811089693373,1.1941,0.707031,-0.12049,2.85537,2.96539,2.69568,10,16718,12.8225,2.14725
1776813811094690142,1.19836,0.707031,-0.101656,2.85428,2.96539,2.69568,10,16729,12.831,2.30083
1776813811099701116,1.19836,-0.130859,-0.0932192,2.16998,3.32376,2.24565,10,16750,12.8471,2.45438
1776813811104694515,1.20297,-0.130859,-0.0724997,2.32352,3.32376,2.24565,10,16763,12.8571,2.60479
1776813811109694470,1.20297,-0.357422,-0.0625281,2.24737,2.73292,2.14631,10,16787,12.8755,2.76108
1776813811114698962,1.20177,-0.357422,-0.0453247,2.40366,2.73292,2.14631,10,16801,12.8862,2.76495
1776813811119706157,1.20177,-0.513672,-0.0345864,2.25128,1.92204,2.04947,10,16824,12.9038,2.91345
1776813811124699223,1.19703,-0.513672,-0.0216803,2.39978,1.92204,2.04947,10,16837,12.9138,2.9152
1776813811129701400,1.19703,-0.421875,-0.0117096,2.49333,1.92401,2.0712,10,16860,12.9315,2.60721
1776813811134693596,1.19703,-0.421875,0.00593144,2.18533,1.92401,2.0712,10,16873,12.9414,2.76127
1776813811139650107,1.1926,-0.421875,0.0114704,2.33939,1.92401,2.0712,10,16891,12.9552,2.76163
1776813811144689024,1.1926,-0.365234,0.0252758,2.3964,1.80125,2.07481,10,16916,12.9744,2.91113
1776813811149692035,1.18727,-0.365234,0.0391212,2.54589,1.80125,2.07481,10,16932,12.9867,3.07166
1776813811154700360,1.18727,-0.642578,0.0513931,2.42908,2.26033,1.88218,10,16960,13.0082,3.37467
1776813811159692759,1.18011,-0.642578,0.0657058,2.73209,2.26033,1.88218,10,16977,13.0212,3.37554
1776813811164696751,1.18011,-0.753906,0.0787454,2.62163,2.36462,1.77222,10,17005,13.0427,3.37467
1776813811169791002,1.17618,-0.753906,0.0962883,2.62077,2.36462,1.77222,10,17022,13.0557,3.52751
1776813811174728068,1.17618,-0.910156,0.109328,2.61735,1.93949,1.65759,10,17053,13.0795,3.52873
1776813811179777597,1.16759,-0.910156,0.124519,2.61857,1.93949,1.65759,10,17071,13.0933,3.83127
1776813811184756496,1.16759,-0.892578,0.138325,2.9387,1.69577,1.61167,10,17101,13.1163,3.68451
1776813811189699989,1.15855,-0.892578,0.152292,2.79193,1.69577,1.61167,10,17118,13.1293,3.68137
1776813811194702351,1.15855,-0.765625,0.16533,2.91575,1.75115,1.62495,10,17148,13.1524,3.52821
1776813811199704639,1.14698,-0.765625,0.176769,2.76259,1.75115,1.62495,10,17166,13.1662,3.68156
1776813811204719705,1.14698,-0.738281,0.190574,2.94328,1.44661,1.56472,10,17198,13.1907,3.68083
1776813811209708512,1.14698,-0.738281,0.215118,2.94255,1.44661,1.56472,10,17216,13.2045,3.98686
1776813811214722559,1.14279,-0.738281,0.224738,3.24858,1.39407,1.53722,10,17243,13.2252,3.68358
1776813811219710218,1.14279,-0.90625,0.245446,2.77733,1.37421,1.44148,10,17277,13.2513,3.6823
1776813811224701691,1.13056,-0.90625,0.259288,2.77605,1.37421,1.44148,10,17296,13.2659,3.6823
1776813811229704331,1.13056,-0.982422,0.273861,2.69988,1.6882,1.31751,10,17322,13.2858,3.83492
1776813811234700675,1.11659,-0.982422,0.27984,2.85249,1.6882,1.31751,10,17340,13.2996,3.83492
1776813811239678538,1.11659,-0.974609,0.293645,2.86031,1.51803,1.2297,10,17370,13.3226,3.83492
1776813811244704585,1.11097,-0.974609,0.311035,2.86031,1.51803,1.2297,10,17386,13.3349,3.68156
1776813811249737114,1.11097,-0.779297,-0.305012,2.90227,1.14002,1.30378,10,17399,13.3449,3.06736
1776813811254713180,1.09786,-0.779297,-0.308152,2.28806,1.14002,1.30378,10,17394,13.341,1.22719
1776813811259708116,1.09786,0.599609,-0.311986,1.8268,1.78819,2.00264,10,17379,13.3295,-1.38054
1776813811264702979,1.0973,0.599609,0.304265,-0.78093,1.78819,2.00264,10,17376,13.3272,-1.68709
1776813811269735007,1.0973,3.11133,0.301964,1.42423,2.66225,3.43058,10,17375,13.3265,-0.61384
1776813811274709518,1.14728,3.11133,-0.277141,2.49749,2.66225,3.43058,10,17375,13.3265,0
1776813811279727973,1.14728,2.51953,-0.277141,2.51953,2.58199,3.42365,10,17388,13.3364,0.460243
1776813811284706742,1.14728,2.51953,-0.26717,2.97977,2.58199,3.42365,10,17394,13.341,1.53358
1776813811289659068,1.16397,2.51953,-0.245878,4.05311,2.58199,3.42365,10,17405,13.3495,1.38128
1776813811294688467,1.16397,2.51953,-0.245878,4.05311,2.58199,3.42365,10,17405,13.3495,1.38128
1776813811299707033,1.16397,1.51758,-0.237441,2.89886,2.25359,2.96181,10,17428,13.3671,1.68657
1776813811304692081,1.18595,1.16406,-0.188621,2.85217,2.12365,3.10487,10,17445,13.3801,1.84078
1776813811309695647,1.20023,1.16406,-0.170508,3.00484,2.81569,2.99581,10,17456,13.3886,1.84078
1776813811314796934,1.20023,0.849609,-0.16207,2.69039,2.81569,2.99581,10,17465,13.3955,1.84078
1776813811319736056,1.20617,0.849609,-0.14922,2.69039,2.81569,2.99581,10,17476,13.4039,1.68743
1776813811324704752,1.20617,0.871094,-0.140783,2.55853,3.37477,2.86721,10,17497,13.42,2.1481
1776813811329779169,1.21366,0.871094,-0.117191,3.0192,3.37477,2.86721,10,17506,13.4269,2.1481
1776813811334784235,1.21366,0.326172,-0.110288,2.47428,3.27348,2.60481,10,17531,13.4461,2.76163
1776813811339695839,1.21934,0.326172,-0.0854274,3.0878,3.27348,2.60481,10,17541,13.4538,2.76163
1776813811344713127,1.21934,-0.253906,-0.077758,2.50772,2.44761,2.31072,10,17571,13.4768,3.22132
1776813811349696378,1.21967,-0.253906,-0.0544254,2.96741,2.44761,2.31072,10,17583,13.486,3.22132
1776813811354710963,1.21967,-0.554688,-0.0452215,2.66663,2.05279,2.14135,10,17614,13.5098,3.37486
1776813811359701621,1.21967,-0.554688,-0.0214454,2.82018,2.05279,2.14135,10,17626,13.519,3.37486
1776813811364705687,1.2157,-0.554688,-0.0162117,2.82018,2.05279,2.11584,10,17647,13.5351,3.22132
1776813811369699846,1.2157,-0.619141,-0.000104112,2.60218,1.85008,2.0791,10,17674,13.5558,3.22003
1776813811374705078,1.20617,-0.619141,0.011073,2.60089,1.85008,2.0791,10,17691,13.5688,3.37535
1776813811379701811,1.20617,-0.613281,0.0241116,2.76207,1.86357,2.02106,10,17719,13.5903,3.37554
1776813811384789450,1.20065,-0.613281,0.0400685,2.76226,1.86357,2.02106,10,17736,13.6033,3.52751
1776813811389687628,1.20065,-0.779297,0.0531081,2.74821,1.82243,1.89081,10,17765,13.6256,3.52873
1776813811394711750,1.19043,-0.779297,0.0651348,2.74943,1.82243,1.89081,10,17781,13.6379,3.37486
1776813811399699297,1.19043,-0.875,0.0774067,2.49986,1.92344,1.77017,10,17811,13.6609,3.52802
1776813811404718456,1.18633,-0.875,0.0963152,2.65302,1.92344,1.77017,10,17829,13.6747,3.68009
1776813811409710429,1.18633,-1.07422,0.110122,2.60587,1.83944,1.63003,10,17859,13.6977,3.68304
1776813811414713940,1.17164,-1.07422,0.118439,2.60882,1.83944,1.63003,10,17876,13.7107,3.68156
1776813811419705154,1.17164,-1.08203,0.131477,2.59953,1.82956,1.53004,10,17905,13.733,3.52751
1776813811424702238,1.16637,-1.08203,0.148452,2.44548,1.82956,1.53004,10,17922,13.746,3.37535
1776813811429704693,1.16637,-1.01758,0.161491,2.35777,1.75825,1.53243,10,17953,13.7698,3.68083
1776813811434707000,1.15074,-1.01758,0.182673,2.66399,1.75825,1.53243,10,17982,13.792,3.83492
1776813811439655881,1.15074,-1.01953,0.191876,2.81538,1.51313,1.42905,10,18007,13.8112,3.83587
1776813811444721984,1.14054,-1.01953,0.200859,2.81634,1.51313,1.42905,10,18026,13.8258,3.83587
1776813811449718939,1.14054,-1.08008,0.215431,2.75579,1.25256,1.32761,10,18054,13.8472,3.83415
1776813811454710560,1.13009,-1.08008,0.226458,2.75407,1.25256,1.32761,10,18074,13.8626,3.98827
1776813811459694682,1.12474,-1.09766,0.257922,3.19836,1.18641,1.21345,10,18116,13.8948,4.29516
1776813811464702489,1.12474,-1.11328,0.26866,3.18188,1.18641,1.21345,10,18141,13.914,4.14181
1776813811469708129,1.11347,-1.11328,0.276559,3.02853,1.07792,1.12994,10,18163,13.9308,4.14181
1776813811474696602,1.11347,-1.08789,0.293433,3.05392,1.07792,1.12994,10,18188,13.95,3.98827
1776813811479694520,1.10799,-1.08789,0.307132,2.90038,1.11958,1.10808,10,18216,13.9715,3.98667
1776813811484701049,1.10799,-0.984375,-0.299712,3.0023,1.11958,1.10808,10,18235,13.9861,3.98667
1776813811489650504,1.09239,-0.984375,-0.300737,3.0023,1.24749,1.06332,10,18239,13.9891,3.0692
1776813811494726921,1.09239,-0.644531,-0.297669,2.42467,1.24749,1.06332,10,18224,13.9776,0.460243
1776813811499799727,1.09239,-0.644531,-0.309174,-0.184288,2.25569,1.25704,10,18213,13.9692,-2.60512
1776813811504734516,1.08843,-0.644531,0.306745,-3.24965,2.25569,1.25704,10,18210,13.9669,-1.38137
1776813811509705360,1.08843,4.66016,0.304444,3.27879,2.40313,4.25428,10,18208,13.9654,-0.460427
1776813811514703982,1.12736,4.66016,-0.286473,4.19973,2.40313,4.25428,10,18211,13.9669,-0.30677
1776813811519703826,1.12736,2.60156,-0.284172,2.29479,1.45331,3.33932,10,18220,13.9746,0.767443
1776813811524716743,1.15983,2.60156,-0.244805,3.36901,1.45331,3.33932,10,18228,13.9807,1.22694
1776813811529706328,1.15983,1.44922,-0.238669,2.67616,2.27978,2.89578,10,18239,13.9891,1.22719
1776813811534693561,1.17738,1.44922,-0.212682,2.67641,2.27978,2.89578,10,18245,13.9937,1.53358
1776813811539652497,1.17738,1.25781,-0.208079,2.7914,2.33406,2.90114,10,18256,14.0022,1.22768
1776813811544690359,1.19316,1.25781,-0.183863,2.48549,2.33406,2.90114,10,18263,14.0075,1.38054
1776813811549704555,1.19316,1.56836,-0.178493,2.9489,2.01624,3.18056,10,18276,14.0175,1.53377
1776813811554700565,1.20704,1.56836,-0.154637,3.10213,2.01624,3.18056,10,18283,14.0229,1.53358
1776813811559707057,1.20704,1.17969,-0.149268,2.71327,2.48911,3.04873,10,18298,14.0344,1.53439
1776813811564699808,1.21977,1.17969,-0.125039,2.71407,2.48911,3.04873,10,18307,14.0413,1.84115
1776813811569702430,1.21977,0.833984,-0.118136,2.67513,3.50506,2.93355,10,18325,14.0551,1.99373
1776813811574692533,1.23008,0.833984,-0.0855798,2.98104,3.50506,2.93355,10,18343,14.0689,2.30149
1776813811579695303,1.23008,0.224609,-0.0802106,2.5261,3.87092,2.65234,10,18359,14.0812,2.45438
1776813811584719646,1.23877,0.224609,-0.0592517,2.67899,3.87092,2.65234,10,18373,14.0919,2.45438
1776813811589662768,1.23877,-0.0234375,-0.0485143,2.43094,2.9596,2.56649,10,18391,14.1057,2.60825
1776813811594692464,1.23925,-0.0234375,-0.0342235,2.58481,2.9596,2.56649,10,18405,14.1165,2.91462
1776813811599702881,1.23925,-0.490234,-0.0234861,2.42439,2.27571,2.30351,10,18430,14.1356,2.91404
1776813811604708651,1.23444,-0.490234,-0.00912468,2.4238,2.27571,2.30351,10,18445,14.1471,3.06674
1776813811609700439,1.23444,-0.546875,0.00238046,2.51987,2.13863,2.24047,10,18472,14.1678,3.06981
1776813811614726561,1.23165,-0.546875,0.0202952,2.52294,2.13863,2.24047,10,18488,14.1801,3.22068
1776813811619699460,1.23165,-0.601562,0.0325671,2.61911,1.76445,2.19143,10,18516,14.2016,3.37535
1776813811624698008,1.22361,-0.601562,0.0460053,2.77378,1.76445,2.19143,10,18532,14.2139,3.37486
1776813811629697852,1.22361,-0.654297,0.0582772,2.72057,1.94592,2.10988,10,18563,14.2376,3.52802
1776813811634703380,1.22023,-0.654297,0.0786716,2.87373,1.94592,2.10988,10,18581,14.2514,3.68156
1776813811639650428,1.22023,-0.978516,0.0924779,2.70305,2.15667,1.90337,10,18616,14.2783,3.98766
1776813811644689105,1.20859,-0.978516,0.12226,3.16246,2.15667,1.90337,10,18647,14.3021,4.14327
1776813811649693097,1.20859,-1.22852,0.131464,2.91476,1.98995,1.68603,10,18674,14.3228,3.98846
1776813811654714644,1.19733,-1.22852,0.140912,2.75994,1.98995,1.68603,10,18695,14.3389,3.98846
1776813811659698562,1.19733,-1.33594,0.157019,2.65252,1.83981,1.55211,10,18722,14.3596,4.14162
1776813811664719610,1.18413,-1.33594,0.164523,2.80568,1.83981,1.55211,10,18742,14.3749,4.14098
1776813811669712342,1.18413,-1.33594,0.179863,2.80504,1.65498,1.46655,10,18776,14.401,4.14098
1776813811674705575,1.17775,-1.33594,0.199561,2.80504,1.65498,1.46655,10,18794,14.4148,3.98986
1776813811679696993,1.17775,-1.27734,0.213368,2.71252,1.66697,1.4585,10,18827,14.4401,3.98766
1776813811684705577,1.1587,-1.27734,0.219627,2.71032,1.66697,1.4585,10,18847,14.4555,3.98906
1776813811689663070,1.1587,-1.26953,0.234965,2.71953,1.45658,1.33868,10,18882,14.4823,4.14098
1776813811694691858,1.15181,-1.26953,0.254921,2.87145,1.45658,1.33868,10,18901,14.4969,4.14162
1776813811699701757,1.15181,-1.3125,0.269494,2.82912,1.53435,1.26908,10,18936,14.5237,4.14264
1776813811704697416,1.13309,-1.3125,0.277622,2.83014,1.53435,1.26908,10,18957,14.5398,4.14098
1776813811709708444,1.13309,-1.32617,0.293729,2.81481,1.36834,1.13828,10,18994,14.5682,4.44851
1776813811714699159,1.13309,-1.32617,-0.306211,3.12234,1.36834,1.13828,10,19020,14.5882,4.60186
1776813811719712539,1.1258,-1.32617,-0.293561,3.27569,1.5489,1.09017,10,19031,14.5966,4.14181
1776813811724727716,1.1258,-1.32617,-0.293561,3.27569,1.5489,1.09017,10,19031,14.5966,4.14181
1776813811729708171,1.1022,-0.310547,0.304255,-2.1517,2.28098,1.5127,10,19009,14.5797,-1.53358
1776813811734700626,1.1022,5.29883,0.302721,3.76524,2.28098,1.5127,10,19009,14.5797,-1.53358
1776813811739751896,1.13043,5.29883,-0.297371,3.76524,2.64421,4.89696,10,19009,14.5797,0
1776813811744714406,1.13043,2.44141,-0.297371,2.44141,2.64421,4.89696,10,19015,14.5843,0
1776813811749738916,1.1668,2.44141,-0.25639,2.44141,1.71415,3.50689,10,19027,14.5935,0.920296
1776813811754800352,1.1668,0.753906,-0.247186,1.6742,1.71415,3.50689,10,19037,14.6012,1.84005
1776813811759758215,1.18227,0.753906,-0.224052,2.59395,2.23916,2.6457,10,19052,14.6127,1.68777
1776813811764708448,1.18227,0.931641,-0.212547,2.61941,2.23916,2.6457,10,19064,14.6219,2.1481
1776813811769691385,1.19414,0.931641,-0.191469,3.07974,2.23916,2.6457,10,19074,14.6296,1.99334
1776813811774699043,1.19414,1.09961,-0.183799,3.09295,2.16387,2.91974,10,19092,14.6434,1.99413
1776813811779708516,1.2019,1.09961,-0.162234,3.09374,2.16387,2.91974,10,19102,14.6511,2.14834
1776813811784770008,1.2019,0.796875,-0.154564,2.94522,2.07349,2.79734,10,19118,14.6633,1.99393
1776813811789667927,1.2019,0.796875,-0.142292,2.7908,2.07349,2.79734,10,19129,14.6718,1.99413
1776813811794707603,1.20726,0.796875,-0.128501,2.79101,2.81738,2.83189,10,19144,14.6833,2.30057
1776813811799731521,1.20726,0.796875,-0.128501,2.79101,2.81738,2.83189,10,19144,14.6833,2.30057
1776813811804727457,1.21935,0.685547,-0.0795933,3.13992,3.42781,2.76843,10,19185,14.7147,2.6074
1776813811809705320,1.21935,0.046875,-0.0734583,2.65427,3.51387,2.4822,10,19203,14.7285,2.76163
1776813811814707275,1.225,0.046875,-0.0539976,2.80851,3.51387,2.4822,10,19219,14.7408,2.76163
1776813811819700230,1.225,-0.236328,-0.0417257,2.5253,3.10014,2.35706,10,19240,14.7569,3.22068
1776813811824701055,1.22455,-0.236328,-0.026074,2.98435,3.10014,2.35706,10,19256,14.7692,3.22261
1776813811829706584,1.22455,-0.707031,-0.0138022,2.51558,2.14507,2.08584,10,19283,14.7899,3.22151
1776813811834719057,1.21642,-0.707031,-0.00121747,2.51448,2.14507,2.08584,10,19298,14.8014,3.22068
1776813811839663753,1.21642,-0.712891,0.0102867,2.50779,1.78667,2.03033,10,19323,14.8206,3.06797
1776813811844689560,1.21228,-0.712891,0.0253204,2.35508,1.78667,2.03033,10,19338,14.8321,3.06736
1776813811849696440,1.21228,-0.601562,0.0368246,2.46579,1.56356,2.06715,10,19365,14.8528,3.22132
1776813811854709710,1.20292,-0.601562,0.0481743,2.61976,1.56356,2.06715,10,19381,14.865,3.37467
1776813811859699035,1.20292,-0.583984,0.0604461,2.79069,1.56356,2.06715,10,19403,14.8819,3.37554
1776813811864702083,1.19954,-0.583984,0.0923446,2.79136,1.81103,2.01684,10,19437,14.908,3.37486
1776813811869677038,1.19954,-0.583984,0.0923446,2.79136,1.81103,2.01684,10,19437,14.908,3.37486
1776813811874709770,1.19954,-0.855469,0.100015,2.51939,2.02892,1.84025,10,19481,14.9417,3.68083
1776813811879701003,1.18948,-0.855469,0.1237,2.82536,2.02892,1.84025,10,19501,14.9571,3.98906
1776813811884725124,1.18948,-1.17578,0.139039,2.81328,2.03021,1.59254,10,19535,14.9832,4.14098
1776813811889670246,1.17406,-1.17578,0.149696,2.9652,2.03021,1.59254,10,19553,14.997,4.14245
1776813811894697738,1.17406,-1.22656,0.163502,2.91588,1.72913,1.46342,10,19587,15.023,3.83511
1776813811899758322,1.16218,-1.22656,0.177707,2.60854,1.72913,1.46342,10,19607,15.0384,3.98667
1776813811904720999,1.16218,-1.19141,0.193047,2.79527,1.56272,1.40601,10,19643,15.066,4.44407
1776813811909713325,1.15481,-1.19141,0.213288,3.25266,1.56272,1.40601,10,19664,15.0821,4.30118
1776813811914700021,1.15481,-1.21484,0.229394,3.08634,1.47306,1.34444,10,19698,15.1082,4.14015
1776813811919714994,1.13833,-1.21484,0.238993,2.92531,1.47306,1.34444,10,19718,15.1235,4.14264
1776813811924702504,1.13833,-1.23828,0.254333,2.90435,1.51132,1.2229,10,19754,15.1511,4.44318
1776813811929708885,1.13087,-1.23828,0.274479,3.2049,1.51132,1.2229,10,19775,15.1672,4.30032
1776813811934711988,1.13087,-1.25391,0.290587,3.04641,1.4402,1.16482,10,19809,15.1933,4.29516
1776813811939671295,1.13087,-1.25391,-0.311654,3.04125,1.4402,1.16482,10,19828,15.2079,3.98747
1776813811944699454,1.1135,-1.25391,0.313872,2.73356,1.44988,1.05002,10,19855,15.2286,4.13932
1776813811949698131,1.1135,-1.10938,-0.293739,3.02995,1.43711,1.13241,10,19867,15.2378,3.53155
1776813811954696160,1.09554,-1.10938,-0.302493,2.42218,1.43711,1.13241,10,19862,15.234,1.2267
1776813811959702670,1.09554,-0.347656,-0.306328,0.879041,1.81754,1.44727,10,19848,15.2232,-1.38082
1776813811964707717,1.09115,-0.347656,0.306861,-1.72847,1.81754,1.44727,10,19846,15.2217,-1.53389
1776813811969700932,1.09115,4.93945,0.305327,3.40556,2.70349,4.43165,10,19846,15.2217,-0.306831
1776813811974698683,1.11414,4.93945,-0.300007,4.63262,2.70349,4.43165,10,19850,15.2248,0
1776813811979708138,1.11414,2.39453,-0.29694,2.39453,2.08292,3.13383,10,19864,15.2355,1.83968
1776813811984718981,1.15213,2.39453,-0.248208,4.23421,2.08292,3.13383,10,19871,15.2409,1.83968
1776813811989659826,1.15213,1.33594,-0.24284,3.17562,2.19101,2.78081,10,19887,15.2531,1.53481
1776813811994699780,1.17472,1.33594,-0.207974,2.87075,2.19101,2.78081,10,19896,15.26,1.99453
1776813811999720401,1.17472,1.125,-0.20107,3.11953,2.25664,2.80816,10,19910,15.2708,1.99353
1776813812004741486,1.18062,1.125,-0.184441,3.11853,2.25664,2.80816,10,19918,15.2769,1.68792
1776813812009722608,1.18062,1.06641,-0.178305,2.75432,1.99014,2.81308,10,19931,15.2869,1.53377
1776813812014702507,1.18062,1.06641,-0.168335,2.60018,1.99014,2.81308,10,19938,15.2923,1.53389
1776813812019703407,1.19473,1.06641,-0.148855,2.6003,1.99014,2.81308,10,19949,15.3007,1.53439
1776813812024692547,1.19473,0.935547,-0.140417,2.46993,2.42306,2.83,10,19966,15.3137,1.84041
1776813812029736002,1.20939,0.935547,-0.112712,2.77596,2.42306,2.83,10,19977,15.3222,1.99453
1776813812034728790,1.20939,0.677734,-0.104275,2.67227,3.32426,2.77775,10,19999,15.339,2.45339
1776813812039665227,1.21323,0.677734,-0.0835632,3.13113,3.32426,2.77775,10,20012,15.349,2.60877
1776813812044711385,1.21323,-0.308594,-0.0735925,2.30018,3.37949,2.24025,10,20037,15.3682,2.91462
1776813812049730729,1.21648,-0.308594,-0.051165,2.60603,3.37949,2.24025,10,20051,15.3789,2.91462
1776813812054719147,1.21648,-0.417969,-0.0404275,2.49665,2.73331,2.19883,10,20076,15.3981,3.06797
1776813812059699787,1.21481,-0.417969,-0.0229295,2.65,2.73331,2.19883,10,20091,15.4096,3.06778
1776813812064705409,1.21481,-0.492188,-0.0114244,2.57559,1.91419,2.14574,10,20118,15.4303,3.06736
1776813812069696920,1.20711,-0.492188,0.00158466,2.57517,1.91419,2.14574,10,20134,15.4426,3.37554
1776813812074706060,1.20711,-0.509766,0.0138565,2.86577,1.85049,2.08614,10,20162,15.4641,3.22068
1776813812079702644,1.20466,-0.509766,0.0328881,2.71091,1.85049,2.08614,10,20178,15.4763,3.52892
1776813812084709081,1.20466,-0.580078,0.045159,2.94884,1.92074,2.0303,10,20206,15.4978,3.37467
1776813812089652777,1.20466,-0.580078,0.0666348,2.79459,1.92074,2.0303,10,20223,15.5108,3.22068
1776813812094696620,1.19703,-0.580078,0.0720383,2.6406,2.21363,1.98097,10,20248,15.53,3.6823
1776813812099720131,1.19703,-0.861328,0.0912129,2.82097,2.34567,1.82066,10,20279,15.5538,3.68009
1776813812104707475,1.18667,-0.861328,0.104636,2.81876,2.34567,1.82066,10,20297,15.5676,3.83511
1776813812109701670,1.18667,-0.964844,0.118441,2.87026,2.02455,1.6946,10,20326,15.5898,3.83645
1776813812114695496,1.18212,-0.964844,0.136136,2.87161,2.02455,1.6946,10,20344,15.6037,3.52732
1776813812119693321,1.18212,-1.08008,0.149942,2.44724,1.8791,1.59939,10,20375,15.6274,3.52892
1776813812124701776,1.16613,-1.08008,0.157722,2.44884,1.8791,1.59939,10,20393,15.6412,3.83492
1776813812129742564,1.16613,-1.08203,0.171528,2.75288,1.85747,1.49412,10,20424,15.665,3.83492
1776813812134711686,1.16101,-1.08203,0.190188,2.75288,1.85747,1.49412,10,20442,15.6788,3.83127
1776813812139652660,1.16101,-1.01562,0.203994,2.81565,1.36594,1.49855,10,20473,15.7026,3.68525
1776813812144689318,1.14524,-1.01562,0.212,2.66962,1.36594,1.49855,10,20491,15.7164,3.68156
1776813812149694996,1.14524,-1.0293,0.225805,2.65227,1.17113,1.38743,10,20526,15.7432,3.98827
1776813812154694006,1.14046,-1.0293,0.247872,2.95897,1.17113,1.38743,10,20546,15.7586,4.14181
1776813812159707683,1.14046,-1.08594,0.263212,3.05587,1.23197,1.32374,10,20579,15.7839,4.14162
1776813812164702342,1.14046,-1.08594,0.288522,3.05568,1.23197,1.32374,10,20599,15.7992,4.14098
1776813812169697815,1.12435,-1.08594,0.287747,3.05504,1.23197,1.32374,10,20628,15.8215,4.14181
1776813812174787103,1.12435,-1.15234,0.30999,2.98946,1.26252,1.17967,10,20665,15.8491,4.5991
1776813812179724262,1.10745,-1.15234,-0.306847,3.44676,1.26252,1.17967,10,20680,15.8614,4.29774
1776813812184719106,1.10745,-0.917969,-0.295342,3.37977,1.54002,1.20136,10,20683,15.8637,2.76127
1776813812189741783,1.09643,-0.917969,-0.304066,1.8433,1.54002,1.20136,10,20672,15.8552,0
1776813812194784312,1.09643,0.746094,-0.312504,0.746094,2.13711,2.07657,10,20662,15.8476,-2.30103
1776813812199714823,1.09601,0.746094,0.307728,-1.55493,2.13711,2.07657,10,20662,15.8476,-0.920671
1776813812204695056,1.09601,2.92383,0.307728,2.00316,2.53554,3.31511,10,20662,15.8476,0
1776813812209706622,1.14956,2.92383,-0.267035,2.92383,2.53554,3.31511,10,20668,15.8522,0
1776813812214708781,1.14956,1.35156,-0.262432,1.35156,2.14051,2.77289,10,20681,15.8621,1.38073
1776813812219709606,1.17213,1.35156,-0.229896,2.73229,2.14051,2.77289,10,20689,15.8683,1.53389
1776813812224697802,1.17213,1.52148,-0.22376,3.05537,2.08267,3.01726,10,20705,15.8805,1.68709
1776813812229696868,1.18517,1.52148,-0.19845,3.20858,2.08267,3.01726,10,20715,15.8882,1.99413
1776813812234737971,1.18517,0.921875,-0.19078,2.91601,2.16261,2.76026,10,20728,15.8982,1.84115
1776813812239663000,1.18517,0.921875,-0.180809,2.76303,2.16261,2.76026,10,20737,15.9051,1.68777
1776813812244703659,1.19595,0.921875,-0.163127,2.60964,2.11706,2.8301,10,20750,15.9151,1.99334
1776813812249691058,1.19595,0.929688,-0.153156,2.92302,2.45627,2.83456,10,20766,15.9273,1.84115
1776813812254695865,1.20679,0.929688,-0.130046,2.77084,2.45627,2.83456,10,20777,15.9358,1.99373
1776813812259759116,1.20679,0.607422,-0.121609,2.60116,3.27594,2.72087,10,20797,15.9511,2.30149
1776813812264723478,1.21934,0.607422,-0.0937186,2.90891,3.27594,2.72087,10,20809,15.9603,2.45438
1776813812269707952,1.21934,0.435547,-0.0845147,2.88992,3.56375,2.70366,10,20830,15.9764,2.60564
1776813812274703870,1.22194,0.435547,-0.0658055,3.04119,3.56375,2.70366,10,20841,15.9848,2.45585
1776813812279695955,1.22194,-0.242188,-0.0573684,2.21366,3.07646,2.33406,10,20864,16.0025,2.45536
1776813812284699113,1.2232,-0.242188,-0.0384713,2.21317,3.07646,2.33406,10,20879,16.014,2.90977
1776813812289651569,1.2232,-0.421875,-0.0269662,2.4879,2.23146,2.2397,10,20904,16.0332,2.9189
1776813812294700783,1.2215,-0.421875,-0.00949107,2.49702,2.23146,2.2397,10,20919,16.0447,3.22177
1776813812299692256,1.2215,-0.564453,0.00201407,2.65732,1.94799,2.14753,10,20945,16.0646,3.22022
1776813812304693581,1.21382,-0.564453,0.0142755,2.65577,1.94799,2.14753,10,20960,16.0761,3.06839
1776813812309693111,1.21382,-0.570312,0.0257806,2.49808,1.73764,2.09484,10,20987,16.0968,3.06816
1776813812314701417,1.21382,-0.570312,0.0464887,2.49785,1.73764,2.09484,10,21004,16.1099,3.37486
1776813812319694261,1.21121,-0.570312,0.0569238,2.80455,1.73764,2.09484,10,21028,16.1283,3.52783
1776813812324702142,1.21121,-0.830078,0.0753316,2.69775,1.77953,1.93,10,21059,16.1521,3.68156
1776813812329703356,1.19757,-0.830078,0.0854625,2.85149,1.77953,1.93,10,21076,16.1651,3.68156
1776813812334693089,1.19757,-1.02148,0.0985011,2.66008,2.3926,1.73286,10,21108,16.1896,3.68083
1776813812339648582,1.18827,-1.02148,0.113745,2.65934,2.3926,1.73286,10,21127,16.2042,3.83568
1776813812344688462,1.18827,-1.18359,0.128319,2.65209,2.17558,1.58024,10,21162,16.2311,4.142
1776813812349703121,1.17737,-1.18359,0.144268,2.9584,2.17558,1.58024,10,21182,16.2464,4.29411
1776813812354705261,1.17737,-1.20898,0.159609,3.08512,1.71087,1.49502,10,21215,16.2717,4.14283
1776813812359701253,1.16531,-1.20898,0.172853,2.93384,1.71087,1.49502,10,21235,16.287,3.98906
1776813812364693615,1.16531,-1.12891,0.188192,2.86016,1.29332,1.46203,10,21268,16.3124,3.98747
1776813812369697015,1.15359,-1.12891,0.201787,2.85856,1.29332,1.46203,10,21287,16.3269,4.14245
1776813812374694099,1.15359,-1.14453,0.216361,2.99791,1.34881,1.3765,10,21321,16.353,3.98865
1776813812379704647,1.14235,-1.14453,0.2312,2.84412,1.34881,1.3765,10,21340,16.3676,4.14079
1776813812384724861,1.14235,-1.21094,0.245772,2.92985,1.39002,1.26491,10,21373,16.3929,3.83492
1776813812389664742,1.14235,-1.21094,0.271083,2.62398,1.39002,1.26491,10,21393,16.4082,3.98906
1776813812394690623,1.13072,-1.21094,0.274791,2.77813,1.24638,1.18833,10,21422,16.4305,4.29363
1776813812399695226,1.13072,-1.25195,0.297032,3.04168,1.30404,1.16495,10,21454,16.455,4.14327
1776813812404696514,1.11852,-1.25195,0.309381,2.89132,1.30404,1.16495,10,21473,16.4696,4.13996
1776813812409701469,1.11852,-1.22656,-0.304363,2.9134,1.06404,1.09886,10,21500,16.4903,3.83606
1776813812414781368,1.09992,-1.22656,-0.302263,2.6095,1.06404,1.09886,10,21504,16.4934,3.06778
1776813812419732546,1.09992,-1.10547,-0.299196,1.96231,1.06404,1.09886,10,21492,16.4849,0.45996
1776813812424699594,1.09401,-1.10547,0.314014,-0.645508,1.46969,1.00509,10,21482,16.4765,-2.14815
1776813812429704678,1.09401,4.90039,0.306345,2.75224,2.57838,4.42843,10,21479,16.4742,-1.07341
1776813812434709485,1.12087,4.90039,-0.297413,3.82698,2.57838,4.42843,10,21479,16.4742,-0.460434
1776813812439661070,1.12087,3.24023,-0.297413,2.7798,1.95634,3.66048,10,21488,16.4811,0
1776813812444690191,1.14024,3.24023,-0.271139,3.24023,1.95634,3.66048,10,21495,16.4865,1.37999
1776813812449694646,1.14024,1.16602,-0.26577,2.546,2.58973,2.60592,10,21506,16.4949,1.22743
1776813812454697879,1.17377,1.16602,-0.223802,2.39345,2.58973,2.60592,10,21516,16.5026,1.22743
1776813812459692464,1.17377,1.1543,-0.216133,2.38173,2.05738,2.81867,10,21529,16.5125,1.53604
1776813812464701122,1.17377,1.1543,-0.206161,2.69034,2.05738,2.81867,10,21539,16.5194,1.53604
1776813812469692225,1.18832,1.1543,-0.183945,2.69034,1.76532,2.91319,10,21552,16.5302,1.8406
1776813812474699588,1.18832,1.29492,-0.173976,3.13553,1.76532,2.91319,10,21562,16.5378,1.99394
1776813812479721561,1.19882,1.29492,-0.155809,3.28886,1.76532,2.91319,10,21572,16.5455,1.68796
1776813812484703498,1.19882,0.884766,-0.14814,2.57273,2.42963,2.8275,10,21590,16.5593,1.99394
1776813812489657805,1.21351,0.884766,-0.119638,2.87871,2.42963,2.8275,10,21601,16.5678,2.1481
1776813812494703611,1.21351,0.607422,-0.111202,2.75553,3.24351,2.76419,10,21620,16.5823,2.30057
1776813812499694326,1.21718,0.607422,-0.0929612,2.90799,3.24351,2.76419,10,21634,16.5931,2.45487
1776813812504703873,1.21718,0.0742188,-0.0822228,2.52909,3.39681,2.48384,10,21658,16.6115,2.76053
1776813812509752161,1.22271,0.0742188,-0.0582865,2.83474,3.39681,2.48384,10,21672,16.6222,2.91539
1776813812514732690,1.22271,-0.166016,-0.0475501,2.74938,2.87563,2.38241,10,21699,16.6429,3.06778
1776813812519701701,1.22257,-0.166016,-0.0269793,2.90176,2.87563,2.38241,10,21714,16.6544,3.22087
1776813812524710138,1.22257,-0.464844,-0.0154761,2.75602,2.26637,2.21118,10,21740,16.6744,3.06717
1776813812529717963,1.21734,-0.464844,-0.000756127,2.60232,2.26637,2.21118,10,21756,16.6866,3.37554
1776813812534715918,1.21734,-0.498047,0.0115158,2.87749,1.91043,2.15872,10,21784,16.7081,3.22113
1776813812539673669,1.21734,-0.498047,0.0329906,2.72308,1.91043,2.15872,10,21800,16.7204,3.37419
1776813812544732235,1.21505,-0.498047,0.0429689,2.87614,1.90345,2.14397,10,21824,16.7388,3.52892
1776813812549732005,1.21505,-0.751953,0.0613767,2.77697,2.08364,1.99925,10,21851,16.7595,3.37486
1776813812554699108,1.20295,-0.751953,0.0699865,2.62291,2.08364,1.99925,10,21868,16.7725,3.52751
1776813812559707045,1.20295,-0.835938,0.083027,2.69157,1.95012,1.87343,10,21898,16.7956,3.37516
1776813812564709018,1.20004,-0.835938,0.103125,2.53922,1.95012,1.87343,10,21916,16.8094,3.83492
1776813812569719362,1.20004,-0.984375,0.116932,2.85054,1.93184,1.77002,10,21948,16.8339,3.83492
1776813812574695447,1.18983,-0.984375,0.131262,2.85054,1.93184,1.77002,10,21966,16.8477,3.83453
1776813812579705031,1.18983,-1.16602,0.145069,2.66851,1.85061,1.6004,10,21995,16.87,3.67789
1776813812584715968,1.17349,-1.16602,0.150974,2.51187,1.85061,1.6004,10,22013,16.8838,3.53207
1776813812589661034,1.17349,-1.18555,0.164782,2.34652,1.70826,1.48314,10,22047,16.9098,3.8353
1776813812594697452,1.16792,-1.18555,0.185283,2.64975,1.70826,1.48314,10,22066,16.9244,3.98827
1776813812599723703,1.16792,-1.18555,0.199855,2.80272,1.49942,1.44679,10,22100,16.9505,4.14162
1776813812604792120,1.14988,-1.18555,0.207899,2.95607,1.49942,1.44679,10,22120,16.9658,4.14162
1776813812609731724,1.14988,-1.19727,0.22324,2.94435,1.54146,1.32216,10,22156,16.9934,4.142
1776813812614706605,1.14988,-1.19727,0.250851,2.94473,1.54146,1.32216,10,22178,17.0103,4.44921
1776813812619760041,1.14419,-1.19727,0.262033,3.25194,1.54146,1.32216,10,22208,17.0333,4.60113
1776813812624753885,1.14419,-1.19727,0.262033,3.25194,1.54146,1.32216,10,22208,17.0333,4.60113
1776813812629724229,1.14419,-1.30664,0.285043,3.29449,1.53502,1.22245,10,22268,17.0793,4.60167
1776813812634704073,1.11868,-1.27734,-0.300525,3.17136,1.52504,1.05425,10,22310,17.1116,4.44781
1776813812639655973,1.10581,-1.27734,-0.303422,3.17047,1.46041,0.985654,10,22335,17.1307,4.29497
1776813812644700724,1.10581,-1.22266,-0.284247,3.07231,1.46041,0.985654,10,22344,17.1376,4.29497
1776813812649701568,1.09343,-1.22266,-0.289723,3.07231,1.46041,0.985654,10,22343,17.1369,1.99393
1776813812654714393,1.09343,-0.839844,-0.290492,1.15408,2.43855,1.15266,10,22318,17.1177,-2.45487
1776813812659715255,1.08994,-0.839844,-0.313163,-3.29471,2.43855,1.15266,10,22318,17.1177,-2.45487
1776813812664703599,1.08994,4.58398,-0.313163,2.12912,1.91676,4.22092,10,22317,17.1169,-0.153351
1776813812669696888,1.12756,4.58398,-0.276306,4.43063,1.91676,4.22092,10,22317,17.1169,-0.153351
1776813812674746805,1.12756,2.81641,-0.276306,2.66306,2.41881,3.46308,10,22332,17.1284,1.68796
1776813812679708983,1.14593,2.81641,-0.246433,4.50437,2.41881,3.46308,10,22334,17.13,1.68796
1776813812684699141,1.14593,1.33594,-0.244899,3.0239,2.22291,2.74013,10,22350,17.1422,1.84059
1776813812689651134,1.14593,1.33594,-0.232627,3.17653,2.22291,2.74013,10,22355,17.1461,1.84059
1776813812694699088,1.17544,1.33594,-0.199279,3.17653,2.09909,2.93306,10,22367,17.1553,1.68792
1776813812699695118,1.17544,1.33594,-0.199279,3.17653,2.09909,2.93306,10,22367,17.1553,1.68792
1776813812704707369,1.19425,1.09375,-0.152857,2.93509,2.68529,2.79502,10,22395,17.1768,1.84022
1776813812709711194,1.19425,1.09375,-0.152857,2.93509,2.68529,2.79502,10,22395,17.1768,1.84022
1776813812714695316,1.20508,0.871094,-0.12516,2.55905,2.61169,2.79019,10,22417,17.1936,1.68796
1776813812719693734,1.20508,0.832031,-0.122091,2.51999,3.31169,2.83786,10,22434,17.2067,2.14729
1776813812724716781,1.21426,0.832031,-0.0998722,2.97932,3.31169,2.83786,10,22443,17.2136,2.14729
1776813812729697384,1.21426,0.527344,-0.0929695,2.67464,3.45232,2.72333,10,22465,17.2304,2.45487
1776813812734742672,1.21639,0.527344,-0.0739646,2.98221,3.45232,2.72333,10,22477,17.2396,2.45487
1776813812739685887,1.21639,0.527344,-0.0739646,2.98221,3.45232,2.72333,10,22477,17.2396,2.45487
1776813812744693805,1.2207,-0.00976562,-0.0374332,2.4451,2.50956,2.43088,10,22512,17.2665,2.45487
1776813812749698649,1.2207,-0.00976562,-0.0374332,2.4451,2.50956,2.43088,10,22512,17.2665,2.45487
1776813812754696419,1.21854,-0.361328,-0.0112157,2.39958,1.94259,2.25823,10,22550,17.2956,2.76091
1776813812759716596,1.21854,-0.361328,-0.0112157,2.39958,1.94259,2.25823,10,22550,17.2956,2.76091
1776813812764759235,1.21854,-0.539062,0.0217661,2.8358,1.86978,2.14305,10,22593,17.3286,3.37486
1776813812769711561,1.21283,-0.539062,0.0206513,2.8358,2.06696,2.1063,10,22618,17.3478,3.37621
1776813812774704590,1.21283,-0.539062,0.0206513,2.8358,2.06696,2.1063,10,22618,17.3478,3.37621
1776813812779705638,1.21283,-0.605469,0.0398259,2.77074,2.06696,2.1063,10,22653,17.3746,3.37486
1776813812784702852,1.20621,-0.605469,0.0600571,2.76939,2.09259,2.02584,10,22684,17.3984,3.52751
1776813812789671270,1.20621,-0.734375,0.0838341,2.79313,2.03445,1.95236,10,22714,17.4214,3.98827
1776813812794698707,1.19597,-0.734375,0.0965962,3.25389,2.03445,1.95236,10,22729,17.4329,3.98827
1776813812799777383,1.19597,-0.839844,0.108101,3.14842,1.98914,1.82606,10,22765,17.4605,3.83492
1776813812804759486,1.18788,-0.839844,0.127631,2.99507,1.98914,1.82606,10,22780,17.472,3.83492
1776813812809741701,1.18788,-0.939453,0.139136,2.89546,1.7794,1.71693,10,22817,17.5004,3.83415
1776813812814700490,1.18364,-0.939453,0.163269,2.8947,1.7794,1.71693,10,22832,17.5119,3.83415
1776813812819710333,1.18364,-1.04883,0.174774,2.78532,1.64519,1.62704,10,22867,17.5388,3.6823
1776813812824704733,1.1735,-1.04883,0.191475,2.63347,1.64519,1.62704,10,22880,17.5487,3.6823
1776813812829697095,1.1735,-1.04102,0.201447,2.64128,1.68576,1.56555,10,22916,17.5764,3.82955
1776813812834700069,1.15753,-1.04102,0.213087,2.78854,1.68576,1.56555,10,22930,17.5871,3.82955
1776813812839662598,1.15753,-1.03125,0.223826,2.7983,1.68576,1.56555,10,22955,17.6063,3.84106
1776813812844698312,1.15466,-1.03125,0.264675,2.95702,1.566,1.46686,10,22994,17.6362,3.98747
1776813812849698804,1.15466,-1.03125,0.264675,2.95702,1.566,1.46686,10,22994,17.6362,3.98747
1776813812854701203,1.13654,-1.11328,0.280309,2.72278,1.48541,1.40131,10,23038,17.6699,3.83606
1776813812859710269,1.13654,-1.11328,0.280309,2.72278,1.48541,1.40131,10,23038,17.6699,3.83606
1776813812864711243,1.12136,-1.19531,0.307309,2.94713,1.52965,1.23561,10,23093,17.7121,4.14245
1776813812869699457,1.12136,-1.19531,0.312678,2.94713,1.26633,1.13543,10,23124,17.7359,3.98785
1776813812874702171,1.11277,-1.19531,-0.300451,2.79254,1.26633,1.13543,10,23134,17.7436,3.98785
1776813812879706645,1.11277,-1.18555,-0.292781,2.8023,2.10739,1.08415,10,23136,17.7451,0
1776813812884703859,1.10952,-1.18555,-0.294496,-1.18555,2.10739,1.08415,10,23128,17.739,0
1776813812889661555,1.10952,3.21289,-0.300632,3.21289,2.6968,3.56971,10,23117,17.7305,-1.07384
1776813812894722436,1.1072,3.21289,-0.311388,2.13905,2.6968,3.56971,10,23117,17.7305,-1.07384
1776813812899720298,1.1072,4.83398,-0.311388,3.76015,2.72675,4.47834,10,23121,17.7336,0.307022
1776813812904696864,1.11831,4.83398,-0.29722,5.14101,2.72675,4.47834,10,23125,17.7367,0.307022
1776813812909729764,1.11831,1.58398,-0.294153,1.89101,2.25233,2.69942,10,23139,17.7474,1.38026
1776813812914707274,1.11831,1.58398,-0.283414,2.96425,2.25233,2.69942,10,23146,17.7528,1.38026
1776813812919727285,1.17217,1.58398,-0.224181,2.96425,2.25233,2.69942,10,23161,17.7643,1.99434
1776813812924697295,1.17217,0.818359,-0.212676,2.8127,1.90431,2.61673,10,23177,17.7765,1.84208
1776813812929826397,1.18929,0.818359,-0.183287,2.66044,1.90431,2.61673,10,23188,17.7842,1.84208
1776813812934742890,1.18929,0.712891,-0.174851,2.55497,2.46633,2.66785,10,23209,17.8011,2.3011
1776813812939674457,1.19142,0.712891,-0.156608,3.01399,2.46633,2.66785,10,23217,17.8072,2.3011
1776813812944698597,1.19142,0.634766,-0.150472,2.93587,3.01011,2.63715,10,23237,17.8226,2.30103
1776813812949706070,1.20484,0.634766,-0.121713,2.93579,3.01011,2.63715,10,23246,17.8295,2.30103
1776813812954697007,1.20484,0.779297,-0.11481,3.08032,3.29479,2.80629,10,23267,17.8456,2.30103
1776813812959723017,1.20685,0.779297,-0.0966943,3.08032,3.29479,2.80629,10,23277,17.8532,2.30103
1776813812964718454,1.20685,0.287109,-0.0890248,2.58813,3.10153,2.5387,10,23302,17.8724,2.60825
1776813812969732834,1.21638,0.287109,-0.0603211,2.89536,3.10153,2.5387,10,23312,17.8801,2.60825
1776813812974703493,1.21638,0.0859375,-0.0526517,2.69419,2.33384,2.48538,10,23341,17.9023,3.06939
1776813812979714948,1.21685,0.0859375,-0.0299399,3.15533,2.16969,2.48839,10,23357,17.9146,3.06939
1776813812984730533,1.21685,-0.458984,-0.017669,2.6104,2.16969,2.48839,10,23375,17.9284,2.91385
1776813812989681155,1.21685,-0.458984,-0.00386362,2.45486,2.16969,2.48839,10,23389,17.9391,2.91501
1776813812994698813,1.21366,-0.458984,0.00368758,2.45603,1.91396,2.15728,10,23413,17.9575,2.91423
1776813812999700268,1.21366,-0.494141,0.0220954,2.42009,2.02532,2.13724,10,23439,17.9775,3.37486
1776813813004706779,1.20887,-0.494141,0.0372474,2.88072,2.02532,2.13724,10,23452,17.9875,3.37486
1776813813009698419,1.20887,-0.617188,0.047219,2.75768,2.10428,2.03627,10,23485,18.0128,3.37921
1776813813014700615,1.20074,-0.617188,0.0644023,2.76202,2.10428,2.03627,10,23498,18.0227,3.37921
1776813813019749218,1.20074,-0.716797,0.0743701,2.66242,2.30763,1.92705,10,23531,18.0481,3.37486
1776813813024718766,1.19908,-0.716797,0.0980212,2.65807,2.30763,1.92705,10,23544,18.058,3.37486
1776813813029704480,1.19908,-1.09766,0.107991,2.27721,1.98565,1.69922,10,23580,18.0856,3.83415
1776813813034827138,1.1834,-1.09766,0.119921,2.73649,1.98565,1.69922,10,23594,18.0964,3.83415
1776813813039699057,1.1834,-1.17578,0.130658,2.65837,1.51654,1.5531,10,23630,18.124,3.83568
1776813813044770400,1.18068,-1.17578,0.155558,2.6599,1.51654,1.5531,10,23644,18.1347,3.83568
1776813813049714634,1.18068,-1.12891,0.166297,2.70678,1.34764,1.5622,10,23681,18.1631,3.98785
1776813813054704737,1.16315,-1.12891,0.17714,2.85894,1.34764,1.5622,10,23697,18.1754,3.98785
1776813813059699544,1.16315,-1.10938,0.189412,2.87848,1.46149,1.45909,10,23738,18.2068,4.29793
1776813813064707499,1.16315,-1.10938,0.220858,3.18855,1.46149,1.45909,10,23753,18.2183,4.29793
1776813813069696954,1.15233,-1.10938,0.221539,3.18855,1.46149,1.45909,10,23780,18.239,4.29583
1776813813074709576,1.15233,-1.10938,0.221539,3.18855,1.46149,1.45909,10,23780,18.239,4.29583
1776813813079706420,1.14078,-1.16211,0.274422,3.13238,1.45497,1.28244,10,23851,18.2935,4.43501
1776813813084704875,1.14078,-1.22461,0.285161,3.2104,1.45497,1.28244,10,23870,18.3081,4.43501
1776813813089666571,1.12303,-1.22461,0.281979,3.2104,1.45497,1.28244,10,23891,18.3242,4.30827
1776813813094708859,1.11679,-1.22656,-0.31116,2.7633,1.07435,1.12864,10,23931,18.3548,3.98667
1776813813099709722,1.11679,-1.22656,-0.31116,2.7633,1.07435,1.12864,10,23931,18.3548,3.98667
1776813813104697084,1.10172,-1.20117,-0.289414,3.09418,1.24631,1.10186,10,23978,18.3909,4.29535
1776813813109699780,1.10172,-0.908203,-0.28481,3.38715,2.14056,1.16886,10,23987,18.3978,1.38054
1776813813114703883,1.0876,-0.908203,-0.292026,0.472336,2.14056,1.16886,10,23982,18.394,1.38054
1776813813119695561,1.0876,0.916016,-0.295861,2.29655,2.59233,2.11461,10,23965,18.3809,-1.99432
1776813813124700886,1.08762,0.916016,-0.308885,-1.07831,2.59233,2.11461,10,23964,18.3802,-1.99432
1776813813129704360,1.08762,4.75977,-0.309651,2.76544,2.44276,4.30565,10,23963,18.3794,0
1776813813134702148,1.08762,4.75977,-0.310418,4.75977,2.44276,4.30565,10,23965,18.3809,0
1776813813139665103,1.12256,4.75977,-0.273942,4.75977,2.44276,4.30565,10,23977,18.3894,0.767443
1776813813144690669,1.12256,4.75977,-0.273942,4.75977,2.44276,4.30565,10,23977,18.3894,0.767443
1776813813149705532,1.12256,1.25781,-0.264737,2.02526,2.16605,2.54166,10,24001,18.4085,1.53389
1776813813154701450,1.16354,1.25781,-0.205348,2.7917,2.00858,2.81095,10,24014,18.4185,1.99472
1776813813159699349,1.16354,0.736328,-0.195378,2.73105,2.13662,2.5137,10,24027,18.4285,1.53458
1776813813164699934,1.18125,0.736328,-0.167705,2.27091,2.13662,2.5137,10,24035,18.4346,1.53458
1776813813169711278,1.18125,1.07227,-0.161569,2.60684,2.53282,2.82052,10,24053,18.4484,1.8406
1776813813174698992,1.1902,1.07227,-0.138814,2.91287,2.53282,2.82052,10,24059,18.453,1.8406
1776813813179719540,1.1902,0.693359,-0.134212,2.53396,3.33731,2.66261,10,24080,18.4691,2.1481
1776813813184723513,1.19765,0.693359,-0.110644,2.84146,3.33731,2.66261,10,24088,18.4753,2.1481
1776813813189659802,1.19765,0.513672,-0.104508,2.66178,3.15341,2.60847,10,24111,18.4929,2.45487
1776813813194690202,1.20454,0.513672,-0.0799876,2.96854,3.15341,2.60847,10,24121,18.5006,2.45487
1776813813199697231,1.20454,0.103516,-0.0723162,2.55838,2.79743,2.41913,10,24147,18.5205,2.76108
1776813813204707889,1.20776,0.103516,-0.0491534,2.86459,2.79743,2.41913,10,24157,18.5282,2.76108
1776813813209696474,1.20776,-0.302734,-0.0414839,2.45834,2.07494,2.20834,10,24186,18.5504,3.06839
1776813813214697281,1.20776,-0.302734,-0.0192404,2.76566,2.07494,2.20834,10,24198,18.5596,3.06839
1776813813219697588,1.20683,-0.302734,-0.0109702,2.76566,2.07494,2.20834,10,24220,18.5765,3.22087
1776813813224699469,1.20683,-0.302734,-0.0109702,2.76566,2.07494,2.20834,10,24220,18.5765,3.22087
1776813813229695276,1.20683,-0.550781,0.00590418,2.67009,1.76598,2.06095,10,24275,18.6187,3.37419
1776813813234696898,1.19718,-0.550781,0.0384474,2.82341,2.10566,1.99869,10,24293,18.6325,3.37419
1776813813239650409,1.19718,-0.542969,0.0522527,2.83122,1.70108,2.00314,10,24320,18.6532,3.37824
1776813813244689808,1.19139,-0.542969,0.0671682,2.83527,1.70108,2.00314,10,24333,18.6632,3.37824
1776813813249691022,1.19139,-0.664062,0.0771398,2.71418,1.95238,1.89662,10,24370,18.6916,3.83568
1776813813254719496,1.18546,-0.664062,0.0995855,3.17162,1.95238,1.89662,10,24388,18.7054,3.83568
1776813813259716118,1.18546,-0.849609,0.113393,2.98607,2.03431,1.7524,10,24418,18.7284,3.67715
1776813813264704239,1.17817,-0.849609,0.129111,2.82754,2.03431,1.7524,10,24431,18.7383,3.67715
1776813813269697398,1.17817,-1.05664,0.139083,2.62051,1.83711,1.58704,10,24466,18.7652,3.83492
1776813813274760131,1.16383,-1.05664,0.151591,2.77827,1.83711,1.58704,10,24480,18.7759,3.83492
1776813813279708753,1.16383,-1.08984,0.16233,2.74507,1.65619,1.47468,10,24515,18.8028,3.68746
1776813813284704486,1.1581,-1.08984,0.183444,2.59762,1.65619,1.47468,10,24528,18.8127,3.68746
1776813813289665848,1.1581,-1.05859,0.193416,2.62887,1.33843,1.45504,10,24563,18.8396,3.68083
1776813813294690100,1.1581,-1.05859,0.22026,2.62223,1.33843,1.45504,10,24576,18.8496,3.68083
1776813813299695110,1.14237,-1.05859,0.214494,2.62223,1.33843,1.45504,10,24601,18.8687,3.6823
1776813813304694639,1.14237,-1.06055,0.233668,2.62175,1.45181,1.35073,10,24639,18.8979,3.98906
1776813813309692817,1.12669,-1.06055,0.247142,2.92852,1.45181,1.35073,10,24654,18.9094,3.98906
1776813813314704142,1.12669,-1.07617,0.258647,2.91289,1.42628,1.23858,10,24692,18.9385,3.98747
1776813813319706319,1.12076,-1.07617,0.281856,2.9113,1.42628,1.23858,10,24707,18.95,3.98747
1776813813324698423,1.12076,-1.10547,0.293361,2.882,1.5075,1.18266,10,24749,18.9822,4.44692
1776813813329701915,1.10509,-1.10547,0.309907,3.34145,1.5075,1.18266,10,24765,18.9945,4.44692
1776813813334697648,1.10509,-1.08398,-0.30614,3.36294,1.57567,1.09106,10,24801,19.0221,3.83338
1776813813339686140,1.09889,-1.08398,-0.284726,2.7494,1.57567,1.09106,10,24806,19.026,3.83338
1776813813344693391,1.09889,0.853516,-0.280892,4.6869,2.22142,2.15422,10,24790,19.0137,-1.99432
1776813813349704531,1.0886,0.853516,-0.303452,-1.14081,2.22142,2.15422,10,24782,19.0076,-1.99432
1776813813354698227,1.0886,4.38867,-0.30959,2.39435,3.27694,4.10069,10,24778,19.0045,0
1776813813359698830,1.10346,4.38867,-0.297801,4.38867,3.27694,4.10069,10,24778,19.0045,0
1776813813364702267,1.10346,2.57422,-0.297801,2.57422,2.82675,3.16538,10,24785,19.0099,0.767136
1776813813369714296,1.10346,2.57422,-0.292432,3.34135,2.82675,3.16538,10,24792,19.0152,0.767136
1776813813374701751,1.15825,2.57422,-0.232268,3.34135,2.2025,3.52671,10,24808,19.0275,1.99394
1776813813379697892,1.15825,0.980469,-0.219996,2.97441,2.35282,2.61828,10,24826,19.0413,2.45487
1776813813384721791,1.17428,0.980469,-0.190167,3.43534,2.35282,2.61828,10,24835,19.0482,2.45487
1776813813389714690,1.17428,0.337891,-0.183265,2.79276,1.84294,2.35659,10,24856,19.0643,2.14729
1776813813394723164,1.1846,0.337891,-0.156829,2.48518,1.84294,2.35659,10,24865,19.0712,2.14729
1776813813399702693,1.1846,0.853516,-0.149926,3.00081,2.10431,2.71764,10,24885,19.0866,1.99432
1776813813404710685,1.19068,0.853516,-0.128516,2.84784,2.10431,2.71764,10,24892,19.0919,1.99432
1776813813409734899,1.19068,0.777344,-0.123147,2.77167,3.03077,2.71359,10,24908,19.1042,1.84024
1776813813414714744,1.19736,0.777344,-0.104193,2.61758,3.03077,2.71359,10,24916,19.1103,1.84024
1776813813419753624,1.19736,0.669922,-0.0980575,2.51016,3.42122,2.6956,10,24937,19.1264,2.30103
1776813813424721061,1.20789,0.669922,-0.0714214,2.97095,3.42122,2.6956,10,24946,19.1333,2.30103
1776813813429704646,1.20789,0.402344,-0.0645187,2.70337,2.88784,2.61106,10,24971,19.1525,2.76146
1776813813434693620,1.21111,0.402344,-0.0421245,3.1638,2.88784,2.61106,10,24982,19.161,2.76146
1776813813439649390,1.21111,-0.462891,-0.0336883,2.29857,2.28276,2.13862,10,25010,19.1824,3.06778
1776813813444693604,1.21111,-0.462891,-0.0122115,2.60489,2.28276,2.13862,10,25020,19.1901,3.06778
1776813813449730336,1.20991,-0.462891,-0.00574182,2.60489,2.28276,2.13862,10,25040,19.2054,2.91481
1776813813454788698,1.20991,-0.513672,0.00959706,2.40114,1.78259,2.10195,10,25067,19.2261,2.76163
1776813813459720765,1.20456,-0.513672,0.0249588,2.24796,1.78259,2.10195,10,25077,19.2338,2.76163
1776813813464789053,1.20456,-0.427734,0.0326283,2.3339,1.90964,2.11645,10,25107,19.2568,3.06717
1776813813469716009,1.19783,-0.427734,0.0489113,2.63943,1.83249,2.073,10,25128,19.2729,3.37014
1776813813474706260,1.19783,-0.451172,0.065017,2.91897,1.83249,2.073,10,25145,19.286,3.37014
1776813813479768844,1.19568,-0.451172,0.0759098,2.91897,1.85643,2.04576,10,25173,19.3074,3.37989
1776813813484736244,1.19568,-0.681641,0.0973866,2.69825,1.85643,2.04576,10,25190,19.3205,3.37989
1776813813489668515,1.18762,-0.681641,0.102359,2.69825,1.98003,1.86216,10,25220,19.3435,3.68156
1776813813494721377,1.18762,-0.798828,0.125369,2.88274,1.98003,1.86216,10,25240,19.3588,3.68156
1776813813499697591,1.18396,-0.798828,0.137046,2.88274,1.93994,1.7716,10,25274,19.3849,4.2902
1776813813504695306,1.18396,-0.994141,0.163123,3.29606,1.93994,1.7716,10,25293,19.3995,4.2902
1776813813509699927,1.17489,-0.994141,0.168636,3.29606,1.91761,1.60135,10,25324,19.4233,3.83492
1776813813514693012,1.17489,-1.04102,0.192413,2.7939,1.91761,1.60135,10,25344,19.4386,3.83492
1776813813519700115,1.17489,-1.04102,0.207752,2.7939,1.59241,1.57463,10,25376,19.4631,3.98945
1776813813524759218,1.16494,-1.04102,0.222343,2.94843,1.59241,1.57463,10,25397,19.4793,3.98945
1776813813529708507,1.16494,-1.04102,0.222343,2.94843,1.59241,1.57463,10,25397,19.4793,3.98945
1776813813534698906,1.14511,-0.980469,0.2585,3.007,1.55269,1.54426,10,25456,19.5245,3.83645
1776813813539658603,1.14511,-0.980469,0.2585,3.007,1.55269,1.54426,10,25456,19.5245,3.83645
1776813813544687150,1.1348,-1.06055,0.28271,2.92772,1.55269,1.36875,10,25501,19.559,3.98827
1776813813549703735,1.1348,-1.08594,0.288081,2.90233,1.25907,1.2865,10,25529,19.5805,4.142
1776813813554696801,1.1287,-1.08594,0.303451,3.05606,1.25907,1.2865,10,25549,19.5958,4.14162
1776813813559701941,1.1287,-1.18555,-0.309529,2.95607,1.15421,1.18948,10,25582,19.6211,4.13748
1776813813564705063,1.11221,-1.18555,-0.300709,2.95193,1.15421,1.18948,10,25595,19.6311,3.83837
1776813813569708629,1.11221,-1.16211,-0.29074,2.67626,1.12474,1.09375,10,25595,19.6311,2.45389
1776813813574699843,1.10645,-1.16211,-0.296494,1.29178,1.12474,1.09375,10,25585,19.6234,-0.460526
1776813813579715595,1.10645,4.83984,-0.304163,4.37932,2.20844,4.47668,10,25576,19.6165,-2.14725
1776813813584700846,1.12347,4.83984,-0.294051,2.6926,2.20844,4.47668,10,25574,19.615,-0.767061
1776813813589666746,1.12347,4.07422,-0.295584,3.76752,2.64561,4.153,10,25576,19.6165,0
1776813813594691960,1.15764,4.07422,-0.259875,4.07422,2.64561,4.153,10,25584,19.6227,0
1776813813599695063,1.15764,4.07422,-0.259875,4.07422,2.64561,4.153,10,25584,19.6227,0
1776813813604707315,1.19582,0.917969,-0.201754,2.45186,2.49953,2.57867,10,25608,19.6411,1.6869
1776813813609697510,1.19582,1.20898,-0.197152,2.89589,2.09879,2.99295,10,25621,19.6511,1.99432
1776813813614703891,1.20849,1.20898,-0.174515,3.20331,2.09879,2.99295,10,25630,19.658,1.99432
1776813813619703995,1.20849,1.10547,-0.167611,3.09979,2.08419,3.01574,10,25644,19.6687,1.84171
1776813813624714468,1.21707,1.10547,-0.148293,2.94718,2.08419,3.01574,10,25654,19.6764,2.14686
1776813813629698034,1.21707,0.841797,-0.140624,2.98866,2.2644,2.92067,10,25671,19.6894,2.1481
1776813813634696656,1.22184,0.841797,-0.122818,2.9899,2.2644,2.92067,10,25681,19.6971,1.99393
1776813813639661612,1.22184,0.457031,-0.115149,2.45096,2.80265,2.73195,10,25701,19.7124,2.30018
1776813813644701492,1.23155,0.457031,-0.090096,2.75722,2.80265,2.73195,10,25712,19.7209,2.30195
1776813813649694596,1.23155,0.277344,-0.0816579,2.57929,3.33329,2.69179,10,25735,19.7385,2.45339
1776813813654702051,1.23341,0.277344,-0.062161,2.73074,3.33329,2.69179,10,25749,19.7492,2.91539
1776813813659697876,1.23341,-0.0566406,-0.0514245,2.85875,3.34583,2.51328,10,25775,19.7692,2.91385
1776813813664706016,1.23448,-0.0566406,-0.0181355,3.16101,3.34583,2.51328,10,25801,19.7891,3.37921
1776813813669696620,1.23448,-0.0566406,-0.0181355,3.16101,3.34583,2.51328,10,25801,19.7891,3.37921
1776813813674729037,1.23448,-0.603516,-0.0104642,2.7757,2.72098,2.20844,10,25840,19.819,3.22151
1776813813679716104,1.22909,-0.603516,0.0140548,2.618,2.72098,2.20844,10,25857,19.8321,3.37486
1776813813684697559,1.22909,-0.644531,0.0270934,2.73033,2.20553,2.15056,10,25885,19.8535,3.52892
1776813813689655163,1.22275,-0.644531,0.0422301,2.88439,2.20553,2.15056,10,25903,19.8674,3.37381
1776813813694694636,1.22275,-0.748047,0.0560355,2.62576,1.73603,2.05093,10,25932,19.8896,3.52821
1776813813699703387,1.21277,-0.748047,0.0682979,2.78017,1.73603,2.05093,10,25950,19.9034,3.68156
1776813813704703064,1.21277,-0.824219,0.0821033,2.85735,1.82637,1.94336,10,25980,19.9264,3.68009
1776813813709701112,1.20862,-0.824219,0.100963,2.85587,1.82637,1.94336,10,25999,19.941,3.68377
1776813813714693660,1.20862,-1.17383,0.115535,2.50995,1.8877,1.71736,10,26032,19.9663,3.83415
1776813813719697300,1.19394,-1.17383,0.126171,2.66032,1.8877,1.71736,10,26051,19.9809,3.98906
1776813813724704311,1.19394,-1.25,0.140745,2.73906,1.98325,1.57917,10,26082,20.0046,3.98865
1776813813729707673,1.18757,-1.25,0.158147,2.73865,1.98325,1.57917,10,26100,20.0184,3.83415
1776813813734696091,1.18757,-1.27734,0.171953,2.5568,1.70019,1.52228,10,26133,20.0438,3.83032
1776813813739659380,1.16865,-1.27734,0.192148,2.56295,1.68524,1.39922,10,26166,20.0691,3.98827
1776813813744687946,1.16865,-1.14844,0.203653,2.83983,1.68524,1.39922,10,26190,20.0875,4.13913
1776813813749692679,1.15615,-1.14844,0.209564,2.9907,1.35556,1.39104,10,26212,20.1044,4.13913
1776813813754693115,1.15615,-1.16797,0.226438,2.97116,1.35556,1.39104,10,26237,20.1235,3.98945
1776813813759695552,1.14444,-1.16797,0.233903,2.82148,1.27737,1.30314,10,26268,20.1473,4.14327
1776813813764691248,1.14444,-1.19336,0.25768,2.94991,1.27737,1.30314,10,26295,20.168,4.4487
1776813813769713369,1.1386,-1.19336,0.272548,3.25534,1.21973,1.25027,10,26326,20.1918,4.44832
1776813813774744843,1.1386,-1.2832,0.296325,3.16512,1.21973,1.25027,10,26352,20.2117,4.4487
1776813813779715631,1.11986,-1.2832,0.297527,3.1655,1.29293,1.07542,10,26383,20.2355,4.29497
1776813813784737716,1.11986,-1.2793,-0.307015,3.01567,1.29293,1.07542,10,26409,20.2554,4.44071
1776813813789662486,1.1135,-1.2793,-0.293432,3.16141,1.16653,1.03554,10,26439,20.2785,4.30271
1776813813794695015,1.1135,-1.23828,-0.270422,3.06443,1.16653,1.03554,10,26457,20.2923,4.43982
1776813813799724007,1.10095,-1.23828,-0.269167,3.20154,1.19134,0.975602,10,26460,20.2946,2.76606
1776813813804715999,1.10095,1.30273,-0.266867,4.06879,1.19134,0.975602,10,26444,20.2823,0.153382
1776813813809695973,1.10095,1.30273,-0.279139,1.45612,2.12868,2.42398,10,26436,20.2762,-2.45389
1776813813814699095,1.0911,1.30273,-0.295128,-1.15115,2.12868,2.42398,10,26436,20.2762,-1.07362
1776813813819730531,1.0911,4.57422,-0.295128,3.5006,2.61342,4.22311,10,26435,20.2754,-0.153412
1776813813824715857,1.12833,4.57422,-0.258663,4.42081,2.61342,4.22311,10,26441,20.28,0
1776813813829702941,1.12833,1.11523,-0.254063,1.11523,2.30758,2.49848,10,26453,20.2892,1.22743
1776813813834696748,1.16682,1.11523,-0.206364,2.34267,2.30758,2.49848,10,26460,20.2946,1.53358
1776813813839663870,1.16682,1.22852,-0.200995,2.7621,2.23019,2.81566,10,26476,20.3068,1.68762
1776813813844703992,1.17333,1.22852,-0.182219,2.91614,2.23019,2.81566,10,26484,20.313,1.84059
1776813813849696706,1.17333,0.986328,-0.176083,2.82692,1.68198,2.72002,10,26499,20.3245,1.68695
1776813813854700643,1.18969,0.986328,-0.148215,2.67328,1.68198,2.72002,10,26509,20.3321,1.8417
1776813813859698135,1.18969,1.21875,-0.140545,3.06045,2.16306,2.95882,10,26526,20.3452,2.14767
1776813813864709016,1.1958,1.21875,-0.121397,3.36642,2.16306,2.95882,10,26536,20.3529,1.99432
1776813813869700101,1.1958,0.630859,-0.113728,2.62518,2.83778,2.66327,10,26555,20.3674,2.29972
1776813813874702463,1.20725,0.630859,-0.0877077,2.93058,2.83778,2.66327,10,26566,20.3759,2.30149
1776813813879692844,1.20725,0.417969,-0.0792715,2.71945,3.52696,2.61584,10,26585,20.3904,2.14767
1776813813884691651,1.21017,0.417969,-0.0525744,2.87038,3.52696,2.61584,10,26604,20.405,2.45683
1776813813889686403,1.21017,0.0507812,-0.0472052,2.50761,3.11313,2.42536,10,26622,20.4188,2.60773
1776813813894845912,1.2143,0.0507812,-0.0292609,2.65851,3.11313,2.42536,10,26638,20.4311,2.60773
1776813813899739053,1.2143,-0.439453,-0.016989,2.16827,2.87306,2.17257,10,26659,20.4472,3.0641
1776813813904707508,1.21249,-0.439453,-0.00269721,2.62465,2.87306,2.17257,10,26675,20.4595,3.07185
1776813813909728000,1.21249,-0.677734,0.00957468,2.39411,2.00056,2.02507,10,26703,20.4809,3.37486
1776813813914698733,1.20679,-0.677734,0.0253542,2.69713,2.00056,2.02507,10,26719,20.4932,3.52751
1776813813919770651,1.20679,-0.724609,0.0376261,2.8029,1.75891,1.96166,10,26747,20.5147,3.37486
1776813813924710088,1.20297,-0.724609,0.0552767,2.65025,1.75891,1.96166,10,26763,20.527,3.37486
1776813813929702413,1.20297,-0.703125,0.0675485,2.67174,1.51307,1.94923,10,26793,20.55,3.52821
1776813813934695295,1.19291,-0.703125,0.0805052,2.82509,1.51307,1.94923,10,26811,20.5638,3.67348
1776813813939665194,1.19291,-0.679688,0.0943106,2.9938,1.58036,1.89759,10,26842,20.5876,3.68968
1776813813944694538,1.18912,-0.679688,0.114294,3.00999,1.58036,1.89759,10,26859,20.6006,3.6823
1776813813949702308,1.18912,-0.839844,0.127332,2.84246,1.87353,1.78172,10,26891,20.6251,3.68156
1776813813954702504,1.18912,-0.839844,0.151876,2.84172,1.87353,1.78172,10,26910,20.6397,3.83415
1776813813959710199,1.17835,-0.839844,0.155674,2.9943,1.87353,1.78172,10,26936,20.6597,3.98827
1776813813964758154,1.17835,-1.16406,0.175615,2.8242,1.86188,1.52696,10,26969,20.685,4.14162
1776813813969760868,1.16328,-1.16406,0.185861,2.97755,1.86188,1.52696,10,26987,20.6988,3.83492
1776813813974708694,1.16328,-1.24219,0.199669,2.59273,1.71386,1.38425,10,27020,20.7241,3.83415
1776813813979693872,1.15634,-1.24219,0.218036,2.59196,1.26977,1.33884,10,27041,20.7402,3.99024
1776813813984701160,1.15634,-1.19531,0.234142,2.79493,1.26977,1.33884,10,27071,20.7632,3.98747
1776813813989651782,1.13896,-1.19531,0.239773,2.79216,1.45034,1.25151,10,27099,20.7847,4.14162
1776813813994693459,1.13896,-1.19336,0.261246,2.94826,1.45034,1.25151,10,27123,20.8031,3.98747
1776813813999691859,1.13209,-1.19336,0.272787,2.79411,1.37961,1.2074,10,27152,20.8253,3.98945
1776813814004710980,1.13209,-1.24023,0.29503,2.74921,1.37961,1.2074,10,27179,20.846,4.13996
1776813814009705917,1.11398,-1.24023,0.29763,2.89973,1.06377,1.06099,10,27210,20.8698,4.45048
1776813814014718261,1.11398,-1.22656,-0.306911,3.22392,1.06377,1.06099,10,27236,20.8897,4.44832
1776813814019693365,1.10791,-1.22656,-0.293039,3.22176,1.08034,1.02853,10,27264,20.9112,4.29449
1776813814024700764,1.10791,-1.21094,-0.271563,3.08355,1.08034,1.02853,10,27275,20.9197,3.98508
1776813814029757997,1.10791,-1.21094,-0.263126,2.77414,1.08387,1.03744,10,27261,20.9089,1.68893
1776813814034711323,1.09554,-1.21094,-0.286241,0.477992,1.08387,1.03744,10,27251,20.9013,-2.14772
1776813814039649482,1.09554,5.64258,-0.293913,3.49486,2.20444,4.86164,10,27248,20.899,-1.84097
1776813814044694881,1.10984,5.64258,-0.281906,3.80161,2.20444,4.86164,10,27246,20.8974,-0.15332
1776813814049695466,1.10984,3.48242,-0.28344,3.3291,2.61002,3.72545,10,27251,20.9013,-0.30664
1776813814054698569,1.13728,3.48242,-0.252167,3.17578,2.61002,3.72545,10,27260,20.9082,0.767061
1776813814059697988,1.13728,0.808594,-0.245264,1.57565,2.50113,2.38269,10,27273,20.9181,1.68762
1776813814064702591,1.16789,0.808594,-0.204683,2.49622,2.50113,2.38269,10,27284,20.9266,1.68724
1776813814069706750,1.16789,1.50781,-0.196247,3.19505,2.02953,2.98183,10,27303,20.9411,2.45389
1776813814074701909,1.17487,1.50781,-0.17469,3.9617,2.02953,2.98183,10,27312,20.948,2.14725
1776813814079692956,1.17487,1.05469,-0.167789,3.20193,1.88862,2.76904,10,27331,20.9626,1.99434
1776813814084717782,1.18835,1.05469,-0.139738,3.04903,1.88862,2.76904,10,27341,20.9703,2.45241
1776813814089652682,1.18835,0.746094,-0.132069,3.19851,2.22555,2.68071,10,27357,20.9826,1.84282
1776813814094693970,1.19382,0.746094,-0.114323,2.58891,2.22555,2.68071,10,27367,20.9902,1.99314
1776813814099693425,1.19382,0.701172,-0.106651,2.69432,2.617,2.69057,10,27385,21.004,2.1481
1776813814104700658,1.19382,0.701172,-0.0928458,2.84928,2.617,2.69057,10,27396,21.0125,2.14767
1776813814109694576,1.20465,0.701172,-0.0735835,2.84885,2.617,2.69057,10,27414,21.0263,2.45438
1776813814114723142,1.20465,0.144531,-0.0597781,2.59891,3.09435,2.44324,10,27437,21.0439,2.76053
1776813814119723135,1.21136,0.144531,-0.0354251,2.90506,3.09435,2.44324,10,27451,21.0547,2.76218
1776813814124702960,1.21136,-0.466797,-0.0246867,2.29539,2.89829,2.13804,10,27477,21.0746,3.06816
1776813814129696916,1.21016,-0.466797,-0.00595085,2.60136,2.89829,2.13804,10,27491,21.0853,3.06717
1776813814134696297,1.20739,-0.613281,0.0181275,2.45427,2.16428,2.04679,10,27522,21.1091,3.06901
1776813814139656882,1.20739,-0.603516,0.0257969,2.46549,1.84094,2.03452,10,27537,21.1206,3.06901
1776813814144695281,1.20144,-0.603516,0.0313492,2.46549,1.84094,2.03452,10,27552,21.1321,3.06816
1776813814149703514,1.20144,-0.617188,0.0428544,2.45097,1.62326,1.98831,10,27579,21.1528,3.22113
1776813814154694692,1.19838,-0.617188,0.0605088,2.60394,1.62326,1.98831,10,27594,21.1643,3.22151
1776813814159699239,1.19838,-0.558594,0.0720139,2.66292,1.92732,2.00198,10,27621,21.185,3.22087
1776813814164697009,1.19,-0.558594,0.084343,2.66227,1.92732,2.00198,10,27637,21.1973,3.22177
1776813814169706076,1.19,-0.607422,0.0966149,2.61435,2.0379,1.91993,10,27667,21.2203,3.52539
1776813814174701846,1.19,-0.607422,0.119625,2.91797,2.0379,1.91993,10,27685,21.2341,3.53104
1776813814179701375,1.18711,-0.607422,0.130541,2.92362,2.0379,1.91993,10,27711,21.2541,3.98587
1776813814184699478,1.18711,-0.939453,0.150482,3.04642,2.30436,1.71193,10,27743,21.2786,3.83645
1776813814189658137,1.17545,-0.939453,0.163359,2.897,2.30436,1.71193,10,27762,21.2932,3.98747
1776813814194696555,1.17545,-1.12891,0.177933,2.85856,1.9927,1.52814,10,27796,21.3193,3.83645
1776813814199715158,1.15976,-1.12891,0.188326,2.70754,1.9927,1.52814,10,27817,21.3346,4.14117
1776813814204706910,1.15976,-1.13281,0.204432,3.00836,1.84186,1.42359,10,27852,21.3622,4.44921
1776813814209697699,1.15436,-1.13281,0.225874,3.3164,1.84186,1.42359,10,27871,21.3768,4.14034
1776813814214700098,1.15436,-1.13281,0.240446,3.00753,1.66234,1.38822,10,27905,21.4029,4.14327
1776813814219699831,1.1373,-1.13281,0.249466,3.01046,1.66234,1.38822,10,27925,21.4182,4.13913
1776813814224720656,1.1373,-1.16211,0.264807,2.97702,1.43724,1.25954,10,27961,21.4458,4.14366
1776813814229697353,1.13165,-1.16211,0.286762,2.98155,1.43724,1.25954,10,27981,21.4612,4.44921
1776813814234699511,1.13165,-1.23633,0.302101,3.21288,1.10851,1.17997,10,28014,21.4865,4.14034
1776813814239649319,1.11338,-1.23633,0.309151,2.90401,1.10851,1.17997,10,28034,21.5018,3.98986
1776813814244698070,1.11338,-1.23242,-0.303829,2.75744,1.02202,1.06148,10,28067,21.5271,3.98747
1776813814249719858,1.11338,-1.23242,-0.278518,2.75505,1.02202,1.06148,10,28080,21.5371,4.14162
1776813814254702147,1.10716,-1.23242,-0.27477,2.9092,1.06386,1.0202,10,28082,21.5386,2.1481
1776813814259693899,1.10716,1.31055,-0.273237,3.45865,1.96508,2.46969,10,28062,21.5233,-0.613281
1776813814264698854,1.09127,1.31055,-0.304466,0.697266,1.96508,2.46969,10,28059,21.521,-2.45487
1776813814269702827,1.09127,4.69727,-0.306768,2.2424,2.42098,4.29438,10,28058,21.5202,-0.613662
1776813814274692857,1.10555,4.69727,-0.29326,4.0836,2.42098,4.29438,10,28060,21.5218,0
1776813814279701590,1.10555,2.25195,-0.291725,2.25195,3.06189,2.99557,10,28075,21.5333,0.767136
1776813814284769859,1.16127,2.25195,-0.224493,3.01909,3.06189,2.99557,10,28085,21.5409,1.84022
1776813814289674056,1.16127,0.998047,-0.216821,2.83827,2.64084,2.64805,10,28102,21.554,1.99432
1776813814294694029,1.17349,0.998047,-0.191566,2.99237,2.64084,2.64805,10,28112,21.5616,2.14725
1776813814299703484,1.17349,0.226562,-0.183897,2.37381,2.17949,2.28801,10,28130,21.5754,2.14815
1776813814304693884,1.1823,0.226562,-0.161283,2.37471,2.17949,2.28801,10,28139,21.5823,2.14682
1776813814309699080,1.1823,0.855469,-0.15438,3.00228,1.81681,2.70378,10,28153,21.5931,1.99472
1776813814314691369,1.18789,0.855469,-0.13805,2.85019,1.81681,2.70378,10,28160,21.5984,1.5342
1776813814319693342,1.18789,0.900391,-0.132681,2.43459,2.07423,2.76568,10,28175,21.61,1.53358
1776813814324765260,1.18789,0.900391,-0.121175,2.43397,2.07423,2.76568,10,28185,21.6176,1.84097
1776813814329717604,1.19535,0.900391,-0.106044,2.74136,2.07423,2.76568,10,28199,21.6284,1.99434
1776813814334699504,1.19535,0.707031,-0.0953061,2.70137,2.91521,2.7038,10,28220,21.6445,2.30057
1776813814339662219,1.20833,0.707031,-0.0662209,3.0076,2.91521,2.7038,10,28232,21.6537,2.60825
1776813814344752247,1.20833,0.384766,-0.0570161,2.99301,3.3245,2.60392,10,28256,21.6721,2.76091
1776813814349756165,1.21094,0.384766,-0.0360009,3.14567,3.3245,2.60392,10,28270,21.6828,2.76053
1776813814354720565,1.21094,-0.476562,-0.0252625,2.28396,2.75986,2.12976,10,28297,21.7035,3.06778
1776813814359723002,1.20865,-0.476562,-0.00684707,2.59122,2.75986,2.12976,10,28313,21.7158,3.2228
1776813814364699235,1.20865,-0.611328,0.0054248,2.61147,2.44322,2.03817,10,28341,21.7373,3.37486
1776813814369694394,1.20604,-0.611328,0.0242961,2.76353,2.44322,2.03817,10,28357,21.7495,3.37381
1776813814374695738,1.20604,-0.556641,0.036568,2.81717,1.71174,2.05256,10,28384,21.7703,3.37419
1776813814379690934,1.19765,-0.556641,0.0488876,2.81755,1.71174,2.05256,10,28399,21.7818,3.22216
1776813814384709426,1.19765,-0.566406,0.0603908,2.65575,1.82061,1.99281,10,28428,21.804,3.37516
1776813814389657660,1.1949,-0.566406,0.0798839,2.80875,1.82061,1.99281,10,28446,21.8178,3.5268
1776813814394703855,1.1949,-0.759766,0.0936893,2.76704,2.07143,1.86481,10,28477,21.8416,3.68156
1776813814399696403,1.1949,-0.759766,0.117466,2.9218,2.07143,1.86481,10,28494,21.8546,3.6823
1776813814404701710,1.18502,-0.759766,0.120623,2.92253,2.1804,1.80076,10,28519,21.8738,3.6823
1776813814409692184,1.18502,-0.970703,0.139798,2.7116,1.81917,1.68053,10,28547,21.8953,3.52751
1776813814414696972,1.17197,-0.970703,0.148224,2.5568,1.81917,1.68053,10,28565,21.9091,3.67715
1776813814419705149,1.17197,-1.00977,0.16203,2.66739,1.85691,1.57341,10,28597,21.9336,3.83338
1776813814424695086,1.16205,-1.00977,0.176651,2.82362,1.85691,1.57341,10,28615,21.9467,3.83338
1776813814429693819,1.16205,-1.00781,0.190457,2.82557,1.86967,1.50977,10,28645,21.9704,3.6823
1776813814434713293,1.15198,-1.00781,0.203398,2.67449,1.86967,1.50977,10,28662,21.9835,3.68304
1776813814439652360,1.15198,-1.00195,0.216437,2.68108,1.60548,1.44722,10,28694,22.008,3.68156
1776813814444696870,1.14194,-1.00195,0.230938,2.67961,1.60548,1.44722,10,28714,22.0234,3.98747
1776813814449697881,1.14194,-1.0293,0.246279,2.95817,1.29866,1.36572,10,28748,22.0494,4.14162
1776813814454696151,1.13194,-1.0293,0.262362,3.11232,1.29866,1.36572,10,28767,22.064,4.14034
1776813814459692495,1.13194,-1.07422,0.276934,3.06612,1.08107,1.27432,10,28801,22.0901,3.98986
1776813814464700024,1.12139,-1.07422,0.292462,2.91564,1.08107,1.27432,10,28823,22.107,4.14245
1776813814469691479,1.12139,-1.125,0.309336,3.01745,1.20028,1.17573,10,28861,22.1361,4.59929
1776813814474704434,1.12139,-1.125,-0.289836,3.47429,1.20028,1.17573,10,28879,22.1499,4.45048
1776813814479697334,1.11012,-1.125,-0.2873,3.32548,1.24407,1.1011,10,28892,22.1599,3.68156
1776813814484805529,1.11012,-0.449219,-0.277328,3.23235,1.24407,1.1011,10,28884,22.1545,1.22694
1776813814489679059,1.09509,-0.449219,-0.298496,0.777724,1.89087,1.38636,10,28870,22.143,-1.53427
1776813814494695940,1.09509,2.21484,-0.309234,0.680573,1.89087,1.38636,10,28869,22.1422,-1.99195
1776813814499703766,1.09938,2.21484,-0.305711,0.222894,2.55943,2.93344,10,28868,22.1415,-0.153566
1776813814504753350,1.09938,2.68555,-0.306478,2.53198,2.55943,2.93344,10,28871,22.1438,-0.15332
1776813814509734509,1.15721,2.68555,-0.246351,2.53223,1.84859,3.58335,10,28883,22.153,0.460145
1776813814514700928,1.15721,2.25977,-0.237148,2.71991,1.84859,3.58335,10,28890,22.1584,1.84059
1776813814519700661,1.16943,2.25977,-0.219562,4.10036,1.99303,3.42045,10,28902,22.1676,1.22572
1776813814524697097,1.16943,1.48633,-0.210357,2.71205,1.99303,3.42045,10,28915,22.1775,1.68931
1776813814529696238,1.19203,1.48633,-0.177785,3.17564,2.06832,3.12647,10,28924,22.1844,2.1481
1776813814534699415,1.19203,0.861328,-0.170881,3.00943,2.06832,3.12647,10,28936,22.1936,1.22376
1776813814539706111,1.19794,0.861328,-0.155761,2.08509,2.18096,2.8085,10,28951,22.2051,1.99914
1776813814544700899,1.19794,0.800781,-0.144256,2.79992,2.18096,2.8085,10,28964,22.2151,2.14467
1776813814549704632,1.19794,0.800781,-0.134286,2.94545,2.90622,2.77399,10,28981,22.2281,2.15112
1776813814554701513,1.21492,0.800781,-0.104265,2.9519,2.90622,2.77399,10,28992,22.2366,2.45339
1776813814559700376,1.21492,0.28125,-0.0958285,2.73464,3.35162,2.58736,10,29013,22.2527,2.45487
1776813814564712887,1.22491,0.28125,-0.0697321,2.73612,3.35162,2.58736,10,29025,22.2619,2.45438
1776813814569705805,1.22491,0.0878906,-0.0605292,2.54227,3.66695,2.54129,10,29046,22.278,2.60773
1776813814574701038,1.22584,0.0878906,-0.0434927,2.69562,3.66695,2.54129,10,29060,22.2887,2.60408
1776813814579699178,1.22584,-0.378906,-0.0327563,2.22518,2.89309,2.28118,10,29085,22.3079,2.76495
1776813814584719930,1.22338,-0.378906,-0.0160479,2.38604,2.89309,2.28118,10,29099,22.3187,3.06717
1776813814589671867,1.22338,-0.542969,-0.0053095,2.5242,2.10718,2.17184,10,29125,22.3386,3.06939
1776813814594702451,1.22123,-0.542969,0.0124822,2.52642,2.10718,2.17184,10,29139,22.3493,3.06778
1776813814599700518,1.22123,-0.609375,0.0232206,2.4584,1.92263,2.1202,10,29166,22.37,3.06693
1776813814604698195,1.21248,-0.609375,0.0351759,2.45756,1.92263,2.1202,10,29181,22.3815,3.22177
1776813814609700761,1.21248,-0.587891,0.046681,2.63388,1.66286,2.07619,10,29210,22.4038,3.22151
1776813814614700346,1.20955,-0.587891,0.0660025,2.63362,1.66286,2.07619,10,29228,22.4176,3.52892
1776813814619680653,1.20955,-0.759766,0.0798078,2.76915,1.88095,1.9594,10,29258,22.4406,3.83338
1776813814624680497,1.20955,-0.759766,0.102818,3.07362,1.88095,1.9594,10,29275,22.4536,3.52821
1776813814629735415,1.19929,-0.759766,0.105595,2.76845,1.88095,1.9594,10,29299,22.4721,3.68304
1776813814634727629,1.19929,-1.06445,0.124003,2.61858,1.9313,1.71951,10,29334,22.4989,3.83415
1776813814639664178,1.18544,-1.06445,0.136992,2.7697,1.9313,1.71951,10,29355,22.515,4.14162
1776813814644699781,1.18544,-1.22266,0.1531,2.91896,2.28764,1.53962,10,29389,22.5411,4.4487
1776813814649694718,1.17379,-1.22266,0.167527,3.22604,2.28764,1.53962,10,29409,22.5557,4.14162
1776813814654699950,1.17379,-1.23047,0.182868,2.91115,1.82266,1.45943,10,29437,22.5779,3.98906
1776813814659702091,1.16806,-1.23047,0.198617,2.75859,1.82266,1.45943,10,29462,22.5971,4.14117
1776813814664697416,1.16806,-1.2168,0.217791,2.92437,1.27711,1.4299,10,29496,22.6231,4.135
1776813814669703279,1.15557,-1.2168,0.231379,2.9182,1.27711,1.4299,10,29515,22.6377,3.99466
1776813814674740326,1.15557,-1.22461,0.245953,2.77005,1.16737,1.34383,10,29548,22.663,3.98945
1776813814679733078,1.13729,-1.22461,0.25298,2.76484,1.16737,1.34383,10,29567,22.6776,3.98827
1776813814684701089,1.13729,-1.25195,0.267552,2.73631,1.17296,1.20822,10,29602,22.7044,4.14079
1776813814689652137,1.13118,-1.25195,0.288289,2.88884,1.17296,1.20822,10,29622,22.7198,4.14079
1776813814694690148,1.13118,-1.25977,0.303628,2.88102,1.30362,1.16353,10,29656,22.7459,4.29621
1776813814699698103,1.13118,-1.25977,-0.298614,3.03644,1.30362,1.16353,10,29675,22.7604,3.98906
1776813814704692762,1.11202,-1.25977,-0.303197,2.7293,1.24149,1.03686,10,29700,22.7796,3.98827
1776813814709696513,1.11202,-1.25977,-0.303197,2.7293,1.24149,1.03686,10,29700,22.7796,3.98827
1776813814714695450,1.0933,-1.20117,-0.300445,0.486069,1.48602,1.07025,10,29699,22.7788,-1.83986
1776813814719696775,1.0933,-1.20117,-0.300445,0.486069,1.48602,1.07025,10,29699,22.7788,-1.83986
1776813814724709082,1.10833,4.78125,-0.296147,3.24736,2.43209,4.35578,10,29688,22.7704,-0.61403
1776813814729718963,1.10833,3.80859,-0.296914,3.19456,2.47903,3.90136,10,29689,22.7712,-0.61403
1776813814734698622,1.13579,3.80859,-0.268693,3.19456,2.47903,3.90136,10,29693,22.7742,0.15332
1776813814739692800,1.13579,2.13281,-0.265624,2.28613,3.02243,3.12767,10,29706,22.7842,1.07384
1776813814744695810,1.16217,2.13281,-0.22927,3.20665,3.02243,3.12767,10,29712,22.7888,1.5342
1776813814749691692,1.16217,0.976562,-0.224668,2.51076,2.4775,2.64168,10,29729,22.8019,1.53396
1776813814754784701,1.16986,0.976562,-0.203941,2.51053,2.4775,2.64168,10,29740,22.8103,1.99434
1776813814759749101,1.16986,0.634766,-0.195502,2.62911,2.18208,2.49703,10,29754,22.8203,2.14682
1776813814764713279,1.18728,0.634766,-0.167346,2.78158,2.18208,2.49703,10,29764,22.8287,1.68758
1776813814769774975,1.18728,1.09961,-0.159675,2.78719,2.11608,2.87528,10,29780,22.841,2.30103
1776813814774715838,1.18728,1.09961,-0.147403,3.40063,2.11608,2.87528,10,29790,22.8486,1.84134
1776813814779709645,1.19122,1.09961,-0.135795,2.94095,2.11608,2.87528,10,29804,22.8594,1.99394
1776813814784741988,1.19122,1.09961,-0.135795,2.94095,2.11608,2.87528,10,29804,22.8594,1.99394
1776813814789743444,1.19122,0.460938,-0.125056,2.45488,2.24707,2.53676,10,29839,22.8862,2.45389
1776813814794694696,1.2068,0.0117188,-0.0688297,2.7728,2.9982,2.63744,10,29866,22.9069,2.91481
1776813814799735687,1.21016,0.0117188,-0.0585643,2.92653,2.60937,2.40305,10,29885,22.9215,3.06839
1776813814804717495,1.21016,-0.199219,-0.0439903,2.86917,2.60937,2.40305,10,29903,22.9353,2.91364
1776813814809710635,1.20955,-0.199219,-0.0307953,2.71443,2.32564,2.27889,10,29924,22.9514,3.06839
1776813814814706498,1.20955,-0.46875,-0.0146896,2.59964,2.32564,2.27889,10,29940,22.9637,3.06839
1776813814819703157,1.20955,-0.46875,-0.00241773,2.59964,2.32564,2.27889,10,29956,22.976,3.06839
1776813814824709593,1.20589,-0.46875,0.0061997,2.59964,1.9621,2.10169,10,29982,22.9959,3.22087
1776813814829701067,1.20589,-0.46875,0.0061997,2.59964,1.9621,2.10169,10,29982,22.9959,3.22087
1776813814834708318,1.19809,-0.546875,0.0513238,2.67426,1.73205,2.05716,10,30030,23.0327,3.37554
1776813814839691903,1.19809,-0.546875,0.0513238,2.67426,1.73205,2.05716,10,30030,23.0327,3.37554
1776813814844701821,1.19016,-0.695312,0.0717629,2.5262,1.92492,1.92219,10,30068,23.0619,3.22151
1776813814849713795,1.19016,-0.789062,0.0763653,2.43245,2.18588,1.81738,10,30096,23.0833,3.53387
1776813814854710065,1.18501,-0.789062,0.0926922,2.74481,2.18588,1.81738,10,30109,23.0933,3.53387
1776813814859696594,1.18501,-0.974609,0.102662,2.55926,2.13119,1.67822,10,30144,23.1202,3.83338
1776813814864705587,1.1762,-0.974609,0.120704,2.85877,2.13119,1.67822,10,30157,23.1301,3.83338
1776813814869697431,1.1762,-1.08398,0.130673,2.7494,1.62364,1.55866,10,30189,23.1547,3.52751
1776813814874701275,1.16609,-1.08398,0.145108,2.44352,1.62364,1.55866,10,30202,23.1646,3.52751
1776813814879695989,1.16609,-1.05273,0.15508,2.47477,1.35395,1.51059,10,30237,23.1915,3.83492
1776813814884698370,1.15527,-1.05273,0.1711,2.78218,1.35395,1.51059,10,30251,23.2022,3.83492
1776813814889670029,1.15527,-0.974609,0.181838,2.86031,1.41753,1.48436,10,30287,23.2298,3.68599
1776813814894702651,1.15527,-0.974609,0.209449,2.71138,1.41753,1.48436,10,30300,23.2398,3.68599
1776813814899709180,1.14492,-0.974609,0.209073,2.71138,1.41753,1.48436,10,30325,23.259,3.83492
1776813814904697154,1.14492,-1.00391,0.228246,2.83101,1.20588,1.3998,10,30365,23.2897,4.14117
1776813814909702109,1.13029,-1.00391,0.2443,3.13726,1.20588,1.3998,10,30381,23.3019,4.14117
1776813814914697250,1.13029,-1.05859,0.256572,3.08258,1.08138,1.27236,10,30421,23.3326,4.29411
1776813814919709945,1.12701,-1.05859,0.283969,3.23551,1.08138,1.27236,10,30436,23.3441,4.29411
1776813814924702141,1.12701,-1.11523,0.295474,3.17887,1.07654,1.21842,10,30477,23.3756,4.44299
1776813814929709134,1.10864,-1.11523,0.308545,3.32775,1.07654,1.21842,10,30492,23.3871,4.44299
1776813814934702700,1.10864,-1.0957,-0.308268,3.34728,0.963457,1.10793,10,30532,23.4178,4.14162
1776813814939686174,1.10525,-1.0957,-0.280974,3.04591,0.963457,1.10793,10,30545,23.4277,4.14162
1776813814944698684,1.10525,-1.02148,-0.271005,3.12013,1.99174,1.12775,10,30558,23.4377,1.38082
1776813814949709917,1.08728,-1.02148,-0.279004,0.359331,1.99174,1.12775,10,30552,23.4331,1.38082
1776813814954701002,1.08728,-0.552734,-0.283606,0.828081,2.56552,1.27526,10,30533,23.4185,-1.99394
1776813814959705420,1.08497,-0.552734,-0.30049,-2.54668,2.56552,1.27526,10,30532,23.4178,-1.99394
1776813814964710135,1.08497,4.30078,-0.301257,2.30684,1.72596,4.02633,10,30532,23.4178,0
1776813814969701571,1.08497,4.30078,-0.301257,4.30078,1.72596,4.02633,10,30532,23.4178,0
1776813814974694656,1.12656,4.30078,-0.259663,4.30078,2.16045,4.30257,10,30543,23.4262,0.153382
1776813814979725481,1.12656,1.29297,-0.251227,1.44635,2.10761,2.58812,10,30547,23.4293,0.459869
1776813814984719326,1.16488,1.29297,-0.209842,1.75284,2.10761,2.58812,10,30553,23.4339,0.459869
1776813814989653559,1.16488,1.75977,-0.205241,2.21963,1.83425,3.10579,10,30567,23.4446,1.38082
1776813814994691014,1.18077,1.75977,-0.178615,3.14058,1.83425,3.10579,10,30570,23.4469,1.38082
1776813814999699432,1.18077,1.32227,-0.176314,2.70308,2.51402,2.9599,10,30585,23.4584,1.5342
1776813815004720332,1.19319,1.32227,-0.152383,2.85646,2.51402,2.9599,10,30591,23.463,1.5342
1776813815009698491,1.19319,1.38281,-0.14778,2.91701,3.00468,3.07502,10,30607,23.4753,1.68762
1776813815014781649,1.19716,1.38281,-0.131539,3.07043,3.00468,3.07502,10,30615,23.4814,1.68762
1776813815019726031,1.19716,0.892578,-0.125403,2.5802,3.7651,2.82126,10,30635,23.4967,2.1481
1776813815024707153,1.21691,0.892578,-0.0903119,3.04068,3.7651,2.82126,10,30644,23.5037,2.1481
1776813815029694793,1.21691,0.601562,-0.0834073,2.74967,3.2391,2.78273,10,30666,23.5205,2.30103
1776813815034696378,1.21891,0.601562,-0.0645379,2.90259,3.2391,2.78273,10,30674,23.5267,2.30103
1776813815039654778,1.21891,-0.00976562,-0.0584019,2.29126,2.86389,2.44711,10,30697,23.5443,2.60773
1776813815044763177,1.21891,-0.00976562,-0.0407609,2.59796,2.86389,2.44711,10,30707,23.552,2.60773
1776813815049739651,1.22383,-0.00976562,-0.0281743,2.59796,2.86389,2.44711,10,30725,23.5658,2.60512
1776813815054710292,1.22383,-0.3125,-0.014367,2.29262,1.92427,2.30611,10,30754,23.588,3.06939
1776813815059723432,1.22183,-0.3125,0.00587189,2.75689,1.92427,2.30611,10,30765,23.5965,3.06939
1776813815064706758,1.22183,-0.482422,0.01431,2.58697,2.10396,2.19641,10,30796,23.6202,3.22151
1776813815069696584,1.21552,-0.482422,0.0317813,2.73909,2.10396,2.19641,10,30808,23.6294,3.22151
1776813815074704669,1.21552,-0.519531,0.0409862,2.70198,2.11669,2.13476,10,30835,23.6501,3.37486
1776813815079694328,1.21415,-0.519531,0.0603172,2.85533,2.11669,2.13476,10,30853,23.664,3.37381
1776813815084693505,1.21415,-0.712891,0.0741225,2.66092,2.32198,2.01569,10,30890,23.6923,3.98945
1776813815089659535,1.20359,-0.712891,0.0919505,3.27655,2.32198,2.01569,10,30905,23.7038,3.98945
1776813815094689620,1.20359,-0.779297,0.103456,3.21015,2.22864,1.90984,10,30941,23.7314,3.98667
1776813815099695723,1.20159,-0.779297,0.129064,3.20737,2.22864,1.90984,10,30956,23.743,3.98667
1776813815104693178,1.20159,-1.00781,0.140569,2.97886,1.80966,1.76666,10,30994,23.7721,3.98906
1776813815109726892,1.1862,-1.00781,0.154325,2.98125,1.80966,1.76666,10,31008,23.7828,3.98906
1776813815114713811,1.1862,-1.08398,0.165063,2.90508,1.61129,1.62362,10,31045,23.8112,3.83799
1776813815119696803,1.1862,-1.08398,0.193441,2.754,1.61129,1.62362,10,31058,23.8212,3.83799
1776813815124692110,1.18348,-1.08398,0.200692,2.754,1.61171,1.60597,10,31088,23.8442,3.6823
1776813815129697769,1.18348,-1.08398,0.200692,2.754,1.61171,1.60597,10,31088,23.8442,3.6823
1776813815134696206,1.18348,-1.10938,0.223703,2.57293,1.69241,1.5915,10,31138,23.8825,3.83492
1776813815139651199,1.15553,-1.10938,0.234105,2.72554,1.69241,1.5915,10,31158,23.8979,3.98906
1776813815144726413,1.15553,-1.11719,0.249444,2.87188,1.74564,1.40482,10,31195,23.9263,3.83415
1776813815149701794,1.14745,-1.11719,0.269736,2.71696,1.74564,1.40482,10,31209,23.937,3.83415
1776813815154700212,1.14745,-1.21875,0.280475,2.6154,1.64718,1.29392,10,31247,23.9661,3.98508
1776813815159698705,1.12983,-1.21875,0.292003,2.76633,1.64718,1.29392,10,31263,23.9784,3.98508
1776813815164711549,1.12983,-1.25977,0.304275,2.72531,1.55525,1.15464,10,31303,24.0091,4.142
1776813815169711060,1.12672,-1.25977,-0.296479,2.88223,1.55525,1.15464,10,31318,24.0206,4.142
1776813815174716256,1.12672,-1.27148,-0.284974,2.87051,1.56485,1.12741,10,31353,24.0474,3.53245
1776813815179695619,1.10463,-1.27148,-0.280215,2.26097,1.56485,1.12741,10,31361,24.0536,3.53245
1776813815184882942,1.10463,-1.24219,-0.274079,2.29027,2.26024,0.997831,10,31347,24.0428,-1.84059
1776813815189681585,1.10155,-1.24219,-0.287894,-3.08278,2.26024,0.997831,10,31341,24.0382,-1.84059
1776813815194724577,1.10155,4.38867,-0.292498,2.54808,2.42143,4.18695,10,31337,24.0352,0
1776813815199782587,1.10155,4.38867,-0.295565,4.38867,2.42143,4.18695,10,31337,24.0352,0
1776813815204723302,1.10907,4.38867,-0.288048,4.38867,2.49118,4.23689,10,31341,24.0382,0
1776813815209699739,1.10907,4.38867,-0.288048,4.38867,2.49118,4.23689,10,31341,24.0382,0
1776813815214697620,1.10907,2.34375,-0.284979,2.34375,2.0799,3.07128,10,31359,24.0521,1.5342
1776813815219710020,1.15809,2.34375,-0.222149,3.87795,2.0799,3.07128,10,31369,24.0597,1.38082
1776813815224721864,1.15809,1.29297,-0.21448,2.67378,2.31696,2.79537,10,31388,24.0743,1.99794
1776813815229695097,1.17166,1.29297,-0.186345,3.29091,2.31696,2.79537,10,31394,24.0789,1.99794
1776813815234702923,1.17166,1.06055,-0.181744,3.05849,2.68768,2.75144,10,31418,24.0973,2.60721
1776813815239652990,1.18575,1.06055,-0.149241,3.66775,2.68768,2.75144,10,31427,24.1042,2.60721
1776813815244691185,1.18575,0.574219,-0.142336,3.18142,3.03363,2.56587,10,31450,24.1218,2.45389
1776813815249696437,1.19504,0.574219,-0.11541,3.0281,3.03363,2.56587,10,31459,24.1288,2.45389
1776813815254694503,1.19504,0.431641,-0.108506,2.88553,2.93926,2.54479,10,31483,24.1472,2.45438
1776813815259694570,1.20038,0.431641,-0.0847593,2.88602,2.93926,2.54479,10,31492,24.1541,2.45438
1776813815264702821,1.20038,0.109375,-0.0778547,2.56375,2.84699,2.39562,10,31518,24.174,2.76108
1776813815269702036,1.20265,0.109375,-0.0556398,2.87045,2.84699,2.39562,10,31527,24.1809,2.76108
1776813815274698935,1.20265,-0.0703125,-0.0487352,2.69077,2.24955,2.30789,10,31553,24.2008,2.76163
1776813815279705131,1.20265,-0.0703125,-0.0287958,2.69132,2.24955,2.30789,10,31563,24.2085,2.76163
1776813815284696568,1.20265,-0.0703125,-0.0211245,2.69132,1.87441,2.30789,10,31585,24.2254,2.76053
1776813815289660024,1.20265,-0.0703125,-0.0211245,2.69132,1.87441,2.30789,10,31585,24.2254,2.76053
1776813815294743201,1.19808,-0.396484,0.0203241,2.36515,1.86119,2.12198,10,31628,24.2584,3.06755
1776813815299717675,1.19808,-0.396484,0.0203241,2.36515,1.86119,2.12198,10,31628,24.2584,3.06755
1776813815304700389,1.19274,-0.441406,0.043363,2.77946,2.03396,2.06684,10,31665,24.2868,3.22087
1776813815309696919,1.19274,-0.488281,0.0471987,2.73259,2.21039,2.00558,10,31692,24.3075,3.22151
1776813815314695281,1.19063,-0.488281,0.0657896,2.73323,2.21039,2.00558,10,31702,24.3151,3.22151
1776813815319715681,1.19063,-0.646484,0.073461,2.57503,2.02952,1.90169,10,31734,24.3397,3.3514
1776813815324701988,1.18437,-0.646484,0.0917448,2.70492,2.02952,1.90169,10,31745,24.3481,3.3514
1776813815329698018,1.18437,-0.873047,0.100181,2.47836,1.78414,1.73195,10,31781,24.3757,3.68083
1776813815334707047,1.17696,-0.873047,0.120384,2.80778,1.78414,1.73195,10,31793,24.3849,3.68083
1776813815339651503,1.17696,-1.0332,0.129588,2.64762,1.67621,1.59252,10,31830,24.4133,3.6823
1776813815344699291,1.16744,-1.0332,0.148448,2.6491,1.67621,1.59252,10,31842,24.4217,3.6823
1776813815349695246,1.16744,-1.02539,0.157653,2.65691,1.67451,1.53496,10,31879,24.4509,3.68746
1776813815354696683,1.16744,-1.02539,0.186033,2.66207,1.67451,1.53496,10,31892,24.4609,3.68746
1776813815359693916,1.15689,-1.02539,0.185451,2.66207,1.67451,1.53496,10,31919,24.4816,4.14245
1776813815364701519,1.15689,-0.927734,0.206159,3.21471,1.47841,1.52168,10,31957,24.5099,4.14117
1776813815369693549,1.13817,-0.927734,0.216588,3.21344,1.47841,1.52168,10,31971,24.5215,4.14117
1776813815374697745,1.13817,-0.929688,0.227327,3.21148,1.52074,1.39774,10,32009,24.5506,4.13996
1776813815379699774,1.13325,-0.929688,0.25155,3.21027,1.52074,1.39774,10,32024,24.5621,4.13996
1776813815384704581,1.13325,-1.00781,0.263053,3.13215,1.56928,1.32078,10,32063,24.592,4.14531
1776813815389675148,1.12344,-1.00781,0.283153,3.1375,1.56928,1.32078,10,32078,24.6035,4.14531
1776813815394694251,1.12344,-1.0625,0.294658,3.08281,1.51585,1.22485,10,32114,24.6311,3.83492
1776813815399693040,1.11322,-1.0625,0.312055,2.77242,1.51585,1.22485,10,32129,24.6426,3.83492
1776813815404699643,1.11322,-1.08594,-0.304758,2.74898,1.48599,1.14389,10,32167,24.6718,3.98865
1776813815409704932,1.10258,-1.08594,-0.286251,2.90271,1.48599,1.14389,10,32177,24.6794,3.98865
1776813815414711776,1.10258,-0.972656,-0.278582,3.01599,2.05148,1.13785,10,32174,24.6771,-0.612804
1776813815419755083,1.09199,-0.972656,-0.291474,-1.58546,2.05148,1.13785,10,32167,24.6718,-0.612804
1776813815424716557,1.09199,2.63281,-0.296843,2.02001,2.41656,3.12245,10,32156,24.6633,-0.920486
1776813815429706290,1.09199,2.63281,-0.305279,1.71233,2.41656,3.12245,10,32156,24.6633,-0.920486
1776813815434697616,1.09668,2.63281,-0.300591,1.71233,2.97941,3.15369,10,32156,24.6633,-0.15332
1776813815439664553,1.09668,1.98438,-0.300591,1.83105,2.56494,2.78408,10,32168,24.6725,1.68724
1776813815444704359,1.16396,1.98438,-0.22411,3.67162,2.56494,2.78408,10,32174,24.6771,1.68724
1776813815449707093,1.16396,0.917969,-0.219508,2.60521,1.95381,2.61994,10,32191,24.6902,1.83877
1776813815454695178,1.17197,0.917969,-0.19846,2.75674,1.95381,2.61994,10,32199,24.6963,1.83877
1776813815459693855,1.17197,0.609375,-0.192324,2.44814,1.76788,2.49629,10,32215,24.7086,1.84096
1776813815464694996,1.18713,0.609375,-0.164889,2.45033,1.76788,2.49629,10,32222,24.714,1.84096
1776813815469716432,1.18713,0.951172,-0.15952,2.79213,2.17624,2.78968,10,32240,24.7278,1.99434
1776813815474697850,1.19138,0.951172,-0.141463,2.94551,2.17624,2.78968,10,32247,24.7324,1.99434
1776813815479692380,1.19138,0.880859,-0.136093,2.8752,3.07647,2.77716,10,32264,24.7462,1.8406
1776813815484692854,1.20234,0.880859,-0.112099,2.72146,3.07647,2.77716,10,32271,24.7515,1.8406
1776813815489684976,1.20234,0.853516,-0.10673,2.69412,3.45379,2.83243,10,32292,24.7677,2.3011
1776813815494699579,1.20662,0.853516,-0.0863365,3.15462,3.45379,2.83243,10,32301,24.7746,2.3011
1776813815499713367,1.20662,0.103516,-0.0794338,2.40462,3.0984,2.43259,10,32327,24.7945,2.76201
1776813815504698008,1.20662,0.103516,-0.0594925,2.86553,3.0984,2.43259,10,32337,24.8022,2.76201
1776813815509697223,1.21445,0.103516,-0.0439933,2.86553,3.0984,2.43259,10,32356,24.8167,2.76108
1776813815514692419,1.21445,-0.541016,-0.0294193,2.22006,2.28392,2.11563,10,32386,24.8398,3.06755
1776813815519692522,1.21077,-0.541016,-0.0100959,2.52653,2.28392,2.11563,10,32398,24.849,3.06755
1776813815524692570,1.21077,-0.568359,-0.000891072,2.49919,1.67991,2.07632,10,32430,24.8735,3.52783
1776813815529693414,1.20755,-0.568359,0.0204407,2.95947,1.67991,2.07632,10,32443,24.8835,3.52783
1776813815534778239,1.20755,-0.566406,0.0304104,2.96143,1.84556,2.05674,10,32475,24.908,3.37486
1776813815539717343,1.19929,-0.566406,0.0466839,2.80846,1.84556,2.05674,10,32487,24.9172,3.37486
1776813815544755946,1.19929,-0.570312,0.0558888,2.80455,2.05233,2.00114,10,32521,24.9433,3.52821
1776813815549728513,1.19609,-0.570312,0.0787694,2.9579,2.05233,2.00114,10,32535,24.954,3.52821
1776813815554725524,1.19609,-0.798828,0.0895077,2.72939,2.13213,1.85021,10,32571,24.9816,3.83415
1776813815559701127,1.18651,-0.798828,0.107536,3.03532,2.13213,1.85021,10,32584,24.9916,3.83415
1776813815564720027,1.18651,-0.894531,0.117508,2.93962,2.15645,1.73359,10,32619,25.0185,3.68156
1776813815569697630,1.18166,-0.894531,0.139501,2.78703,2.15645,1.73359,10,32632,25.0284,3.68156
1776813815574697864,1.18166,-1.06836,0.149473,2.6132,1.72552,1.60302,10,32667,25.0553,3.83568
1776813815579693171,1.18166,-1.06836,0.176317,2.76732,1.72552,1.60302,10,32681,25.066,3.83568
1776813815584700385,1.16742,-1.06836,0.172823,2.76732,1.25054,1.51036,10,32711,25.089,3.83492
1776813815589675081,1.16742,-1.09375,0.195833,2.74117,1.61494,1.49589,10,32740,25.1113,3.6823
1776813815594707481,1.15584,-1.09375,0.206495,2.58855,1.61494,1.49589,10,32753,25.1212,3.6823
1776813815599698807,1.15584,-1.07617,0.216467,2.60613,1.36439,1.43023,10,32789,25.1488,3.83415
1776813815604699410,1.14578,-1.07617,0.23401,2.75798,1.36439,1.43023,10,32804,25.1604,3.83415
1776813815609711680,1.14578,-1.09961,0.245515,2.73454,1.16559,1.35087,10,32842,25.1895,4.14162
1776813815614769838,1.13472,-1.09961,0.263601,3.04201,1.16559,1.35087,10,32863,25.2056,4.14162
1776813815619729109,1.13472,-1.16016,0.279707,2.98146,1.17245,1.24362,10,32896,25.2309,4.14327
1776813815624696546,1.12357,-1.16016,0.293873,2.98312,1.17245,1.24362,10,32912,25.2432,4.14327
1776813815629772445,1.12357,-1.17969,0.306144,2.96359,1.39899,1.15896,10,32950,25.2723,4.14117
1776813815634726179,1.11187,-1.17969,-0.304724,2.96148,1.39899,1.15896,10,32957,25.2769,4.14117
1776813815639716615,1.11187,-1.01172,-0.299357,3.12945,2.47598,1.17727,10,32941,25.2654,-1.99432
1776813815644707015,1.10064,-1.01172,0.305452,-3.00604,2.47598,1.17727,10,32932,25.2585,-1.99432
1776813815649723044,1.10064,4.85547,0.298551,2.86114,2.73855,4.44694,10,32928,25.2555,-0.153702
1776813815654703815,1.10064,4.85547,0.29548,4.70177,2.73855,4.44694,10,32927,25.2547,-0.153702
1776813815659720548,1.13191,4.85547,-0.30233,4.70177,2.73855,4.44694,10,32930,25.257,-0.153412
1776813815664711984,1.13191,2.57031,-0.300028,2.4169,2.23567,3.3515,10,32946,25.2693,1.99472
1776813815669736958,1.16591,2.57031,-0.253752,4.56504,2.23567,3.3515,10,32950,25.2723,1.99472
1776813815674713006,1.16591,1.10547,-0.250685,3.10019,2.25073,2.7396,10,32969,25.2869,2.14729
1776813815679694924,1.1824,1.10547,-0.219624,3.25276,2.25073,2.7396,10,32977,25.293,2.14729
1776813815684698472,1.1824,0.810547,-0.213488,2.95784,2.13569,2.67884,10,32993,25.3053,1.68724
1776813815689655835,1.19518,0.810547,-0.188438,2.49779,2.13569,2.67884,10,33002,25.3122,1.68724
1776813815694693772,1.19518,1.16602,-0.181536,2.85326,2.71531,2.9643,10,33021,25.3268,1.99432
1776813815699695375,1.2048,1.16602,-0.157337,3.16034,2.71531,2.9643,10,33028,25.3322,1.99432
1776813815704705534,1.2048,0.802734,-0.151968,2.79706,3.46639,2.81941,10,33048,25.3475,2.1481
1776813815709713600,1.21293,0.802734,-0.128504,2.95084,3.46639,2.81941,10,33056,25.3536,2.1481
1776813815714726648,1.21293,0.537109,-0.122368,2.68521,3.30211,2.72036,10,33078,25.3705,2.45487
1776813815719711585,1.22045,0.537109,-0.0979767,2.99198,3.30211,2.72036,10,33088,25.3782,2.45487
1776813815724715985,1.22045,0.277344,-0.0903073,2.73221,3.00118,2.62063,10,33112,25.3966,2.45487
1776813815729735477,1.22045,0.277344,-0.0718995,2.73221,3.00118,2.62063,10,33122,25.4043,2.45487
1776813815734736451,1.22475,0.277344,-0.0599289,2.73221,2.35142,2.64821,10,33145,25.4219,2.75997
1776813815739653518,1.22475,-0.470703,-0.0422879,2.28927,2.17156,2.22183,10,33168,25.4395,2.91423
1776813815744728158,1.22244,-0.470703,-0.0269509,2.44352,2.17156,2.22183,10,33179,25.448,2.91423
1776813815749703002,1.22244,-0.560547,-0.0185128,2.35368,2.05411,2.15584,10,33207,25.4694,2.91481
1776813815754728105,1.21475,-0.560547,-0.00473217,2.35426,2.05411,2.15584,10,33218,25.4779,2.91481
1776813815759713783,1.21475,-0.501953,0.003704,2.41286,2.02183,2.13981,10,33246,25.4994,2.91968
1776813815764731738,1.21185,-0.501953,0.0222759,2.41773,2.02183,2.13981,10,33257,25.5078,2.91968
1776813815769724175,1.21185,-0.634766,0.0307121,2.28492,1.93847,2.04542,10,33287,25.5308,3.22216
1776813815774709241,1.20373,-0.634766,0.0456046,2.58739,1.93847,2.04542,10,33300,25.5408,3.22216
1776813815779695549,1.20373,-0.708984,0.0555763,2.51317,1.98372,1.95079,10,33334,25.5669,3.68156
1776813815784739004,1.20036,-0.708984,0.0782813,2.97258,1.98372,1.95079,10,33347,25.5768,3.68156
1776813815789685644,1.20036,-0.908203,0.088251,2.77336,1.88022,1.81546,10,33381,25.6029,3.52821
1776813815794695266,1.19182,-0.908203,0.105797,2.62001,1.88022,1.81546,10,33394,25.6129,3.52821
1776813815799777573,1.19182,-1.08203,0.115766,2.44618,1.75421,1.66117,10,33431,25.6413,3.83952
1776813815804714695,1.19182,-1.08203,0.144146,2.75749,1.75421,1.66117,10,33445,25.652,3.83952
1776813815809726613,1.18243,-1.08203,0.145487,2.75749,1.75421,1.66117,10,33471,25.6719,3.98747
1776813815814710661,1.18243,-1.0625,0.16543,2.92497,1.57545,1.61136,10,33508,25.7003,3.83875
1776813815819731505,1.16518,-1.0625,0.176567,2.77625,1.57545,1.61136,10,33522,25.7111,3.83875
1776813815824705498,1.16518,-1,0.187305,2.83875,1.65259,1.53472,10,33560,25.7402,3.98747
1776813815829703657,1.15059,-1,0.201851,2.98747,1.65259,1.53472,10,33574,25.7509,3.98747
1776813815834696149,1.15059,-1.04492,0.212587,2.94255,1.70807,1.41359,10,33613,25.7808,4.142
1776813815839661012,1.14534,-1.04492,0.237261,3.09708,1.70807,1.41359,10,33627,25.7916,4.142
1776813815844687078,1.14534,-1.16992,0.247999,2.97208,1.55314,1.30796,10,33663,25.8192,3.83492
1776813815849695089,1.12892,-1.16992,0.259186,2.66499,1.55314,1.30796,10,33678,25.8307,3.83492
1776813815854694378,1.12892,-1.19727,0.270691,2.63765,1.45475,1.18426,10,33716,25.8598,3.99264
1776813815859702389,1.12284,-1.19727,0.293755,2.79537,1.45475,1.18426,10,33731,25.8714,3.99264
1776813815864692325,1.12284,-1.1543,0.30526,2.83834,1.38105,1.16859,10,33764,25.8967,3.53104
1776813815869694947,1.10537,-1.1543,0.313103,2.37674,1.38105,1.16859,10,33772,25.9028,3.53104
1776813815874695736,1.10537,-1.08203,-0.30908,2.44901,2.11764,1.09404,10,33771,25.902,-0.30664
1776813815879701988,1.10537,-1.08203,-0.309847,-1.38867,2.11764,1.09404,10,33764,25.8967,-0.30664
1776813815884703517,1.09961,1.8457,0.301207,-0.148239,2.11764,1.05574,10,33755,25.8898,-1.99394
1776813815889650769,1.09917,1.8457,0.299997,-0.148239,2.50097,2.72161,10,33753,25.8882,-0.766982
1776813815894690520,1.09917,2.61914,0.298464,1.85216,2.50097,2.72161,10,33753,25.8882,-0.306579
1776813815899694475,1.15163,2.61914,-0.277393,2.31256,2.50097,2.72161,10,33758,25.8921,0
1776813815904704338,1.15163,2.23047,-0.273559,2.23047,2.07686,3.28741,10,33769,25.9005,1.38026
1776813815909695275,1.16367,2.23047,-0.253082,3.61073,2.07686,3.28741,10,33775,25.9051,1.07427
1776813815914701675,1.16367,1.39062,-0.248482,2.46489,1.69126,2.88747,10,33789,25.9158,1.38026
1776813815919720648,1.17771,1.39062,-0.223705,2.77089,1.69126,2.88747,10,33795,25.9204,1.68758
1776813815924706992,1.17771,0.828125,-0.219103,2.5157,2.22428,2.65836,10,33808,25.9304,1.22694
1776813815929701077,1.19014,0.828125,-0.196699,2.05507,2.22428,2.65836,10,33815,25.9358,1.68758
1776813815934699699,1.19014,1.14062,-0.19133,2.8282,2.17958,2.9172,10,33828,25.9458,1.53427
1776813815939670414,1.20097,1.14062,-0.170534,2.6749,2.17958,2.9172,10,33836,25.9519,1.53358
1776813815944700184,1.20097,0.996094,-0.164398,2.52968,2.66892,2.90485,10,33853,25.9649,1.84059
1776813815949699991,1.2106,0.996094,-0.134058,2.99082,3.50985,2.96697,10,33870,25.978,2.14682
1776813815954696206,1.2106,0.419922,-0.128689,2.56674,3.50985,2.96697,10,33884,25.9887,2.14772
1776813815959696105,1.22166,0.419922,-0.10689,2.56764,3.35599,2.70966,10,33896,25.9979,2.14772
1776813815964707987,1.22166,0.1875,-0.0976866,2.33522,3.35599,2.70966,10,33912,26.0102,2.45438
1776813815969708146,1.22351,0.1875,-0.0835646,2.64188,3.13912,2.58906,10,33932,26.0255,2.45438
1776813815974710027,1.22351,-0.40625,-0.0682238,2.04813,3.13912,2.58906,10,33951,26.0401,2.91074
1776813815979694093,1.22136,-0.40625,-0.0558012,2.50449,3.13912,2.58906,10,33967,26.0524,3.07208
1776813815984703623,1.22136,-0.464844,-0.0435293,2.60724,2.43861,2.20342,10,33994,26.0731,3.22151
1776813815989675726,1.21919,-0.464844,-0.0249899,2.75667,2.43861,2.20342,10,34009,26.0846,3.21856
1776813815994700607,1.21919,-0.564453,-0.0134848,2.6541,2.24941,2.13273,10,34036,26.1053,3.22345
1776813815999702711,1.21136,-0.564453,-0.000602526,2.65899,2.24941,2.13273,10,34052,26.1176,3.22151
1776813816004694536,1.21136,-0.605469,0.0116693,2.61604,1.90513,2.059,10,34081,26.1398,3.37448
1776813816009699529,1.20844,-0.605469,0.0309908,2.76901,1.90513,2.059,10,34098,26.1528,3.67348
1776813816014696614,1.20844,-0.929688,0.0440294,2.7438,1.9453,1.85539,10,34128,26.1758,3.53599
1776813816019702977,1.19699,-0.929688,0.0686247,2.59994,2.13981,1.78146,10,34157,26.1981,3.52821
1776813816024695617,1.19699,-1.00781,0.0778295,2.5204,2.13981,1.78146,10,34173,26.2104,3.52821
1776813816029701332,1.19228,-1.00781,0.085396,2.5204,2.06312,1.70647,10,34197,26.2288,3.52821
1776813816034702991,1.19228,-1.06055,0.103804,2.46767,2.06312,1.70647,10,34218,26.2449,3.52398
1776813816039649428,1.17633,-1.06055,0.10396,2.46344,1.55193,1.57287,10,34243,26.2641,3.53136
1776813816044826104,1.17633,-1.04102,0.123135,2.49035,1.55193,1.57287,10,34263,26.2794,3.52398
1776813816049851930,1.1712,-1.04102,0.133337,2.48297,1.62042,1.55055,10,34287,26.2978,3.37486
1776813816054735812,1.1712,-0.978516,0.151745,2.39635,1.62042,1.55055,10,34308,26.3139,3.37486
1776813816059695694,1.15612,-0.978516,0.152777,2.39635,1.75305,1.48772,10,34334,26.3338,3.67715
1776813816064782722,1.15612,-0.986328,0.17272,2.69082,1.75305,1.48772,10,34357,26.3515,3.67715
1776813816069709604,1.15132,-0.986328,0.185559,2.69082,1.54903,1.45182,10,34383,26.3714,3.83875
1776813816074705875,1.15132,-1.04883,0.205502,2.78993,1.54903,1.45182,10,34406,26.3891,3.68009
1776813816079695126,1.13606,-1.04883,0.20788,2.63126,1.34888,1.31592,10,34433,26.4098,3.83722
1776813816084702174,1.13606,-1.07031,0.228588,2.76691,1.34888,1.31592,10,34458,26.429,3.98587
1776813816089661093,1.13606,-1.07031,0.247763,2.91556,1.10987,1.30367,10,34486,26.4504,3.99146
1776813816094695511,1.13085,-1.07031,0.264033,2.92115,1.10987,1.30367,10,34511,26.4696,4.142
1776813816099699022,1.13085,-1.07227,0.283209,3.06973,1.21716,1.26826,10,34538,26.4903,3.98827
1776813816104717014,1.11466,-1.07227,0.287722,2.916,1.21716,1.26826,10,34557,26.5049,3.98587
1776813816109709451,1.11466,-1,0.302294,2.98587,1.36279,1.2024,10,34590,26.5302,3.83799
1776813816114702703,1.10418,-1,-0.311195,2.83799,1.36279,1.2024,10,34614,26.5486,3.98747
1776813816119693714,1.10418,-0.953125,-0.292787,3.03434,1.18454,1.15958,10,34637,26.5662,3.06533
1776813816124687966,1.09447,-0.953125,-0.284856,2.1122,1.18454,1.15958,10,34641,26.5693,3.06533
1776813816129694088,1.09447,-0.794922,-0.281787,2.27041,1.75955,1.18515,10,34627,26.5586,0.767904
1776813816134717302,1.08535,-0.794922,-0.301641,-0.0270184,1.75955,1.18515,10,34619,26.5524,-2.14725
1776813816139652314,1.08535,3.68359,-0.307775,1.53635,2.30921,3.67709,10,34616,26.5501,-1.38082
1776813816144699898,1.09593,3.68359,-0.299497,2.30278,2.30921,3.67709,10,34615,26.5494,-0.306579
1776813816149691872,1.09593,2.9707,-0.300266,2.66412,2.17311,3.34131,10,34621,26.554,-0.153763
1776813816154696698,1.13623,2.9707,-0.255369,2.81694,2.17311,3.34131,10,34628,26.5593,0.920671
1776813816159699524,1.13623,1.50391,-0.25,2.42458,2.44839,2.77208,10,34640,26.5685,1.38026
1776813816164736256,1.16005,1.50391,-0.211607,3.03749,2.44839,2.77208,10,34653,26.5785,1.68695
1776813816169765711,1.16005,0.960938,-0.207004,2.64788,2.03141,2.61889,10,34663,26.5862,1.53512
1776813816174733630,1.17981,0.960938,-0.179567,2.49606,2.03141,2.61889,10,34672,26.5931,1.53512
1776813816179714308,1.17981,1.00195,-0.172664,2.53707,2.15895,2.77113,10,34685,26.6031,1.6869
1776813816184702652,1.18454,1.00195,-0.157972,2.68886,2.15895,2.77113,10,34694,26.61,1.99472
1776813816189704126,1.18454,0.693359,-0.151069,2.68808,2.6137,2.6259,10,34711,26.623,1.99432
1776813816194709915,1.19807,0.693359,-0.124496,2.68768,2.6137,2.6259,10,34722,26.6314,1.99354
1776813816199703204,1.19807,0.613281,-0.116058,2.60682,2.84538,2.66793,10,34740,26.6452,2.14767
1776813816204710696,1.20158,0.613281,-0.0987373,2.76096,2.84538,2.66793,10,34750,26.6529,2.30149
1776813816209726614,1.20158,0.248047,-0.0910678,2.54953,3.0257,2.48246,10,34769,26.6675,2.30011
1776813816214706681,1.20677,0.248047,-0.0713115,2.54815,3.0257,2.48246,10,34780,26.6759,2.14815
1776813816219719692,1.20677,0.154297,-0.0628734,2.30245,2.86243,2.46248,10,34801,26.692,2.60616
1776813816224700721,1.20801,0.154297,-0.0455223,2.76046,2.86243,2.46248,10,34814,26.702,2.60616
1776813816229697121,1.20801,-0.373047,-0.0355506,2.23312,2.30712,2.16992,10,34838,26.7204,2.76367
1776813816234696114,1.20618,-0.373047,-0.00747637,2.69228,2.30712,2.16992,10,34862,26.7388,3.07062
1776813816239665477,1.20618,-0.466797,-0.000573677,2.60382,1.92495,2.10463,10,34882,26.7542,3.06778
1776813816244695802,1.20219,-0.466797,0.0107789,2.60098,1.92495,2.10463,10,34898,26.7664,3.06778
1776813816249697406,1.20219,-0.462891,0.0230508,2.60489,1.81768,2.08114,10,34919,26.7825,3.06755
1776813816254705787,1.19716,-0.462891,0.0341267,2.60466,1.81768,2.08114,10,34934,26.794,3.06839
1776813816259734353,1.19716,-0.529297,0.0456319,2.5391,2.06558,2.01077,10,34963,26.8163,3.22151
1776813816264707549,1.19487,-0.529297,0.0655827,2.69221,2.06558,2.01077,10,34980,26.8293,3.52821
1776813816269705449,1.19487,-0.792969,0.0786214,2.73524,2.32074,1.84565,10,35011,26.8531,3.68118
1776813816274718145,1.18543,-0.792969,0.0929608,2.88821,2.32074,1.84565,10,35028,26.8661,3.68009
1776813816279697323,1.18543,-0.867188,0.106001,2.8129,1.99426,1.7422,10,35059,26.8899,3.68304
1776813816284705556,1.18088,-0.867188,0.125224,2.81585,1.99426,1.7422,10,35076,26.903,3.68083
1776813816289652123,1.18088,-0.990234,0.138264,2.69059,1.61768,1.6425,10,35107,26.9267,3.68156
1776813816294698152,1.16713,-0.990234,0.148295,2.69133,1.61768,1.6425,10,35125,26.9405,3.6823
1776813816299692515,1.16713,-0.998047,0.162102,2.68425,1.74535,1.54854,10,35155,26.9635,3.83108
1776813816304728415,1.16156,-0.998047,0.192578,2.53299,1.74535,1.54854,10,35183,26.985,3.67936
1776813816309710685,1.16156,-0.998047,0.192578,2.53299,1.74535,1.54854,10,35183,26.985,3.67936
1776813816314743399,1.14758,-0.982422,0.216179,2.54791,1.64542,1.52107,10,35233,27.0234,3.83108
1776813816319724688,1.14758,-0.994141,0.225384,2.83694,1.55356,1.42282,10,35256,27.041,3.68525
1776813816324706958,1.13786,-0.994141,0.233307,2.69111,1.55356,1.42282,10,35276,27.0564,3.68525
1776813816329699562,1.13786,-1.06055,0.248646,2.6247,1.60507,1.32111,10,35301,27.0755,3.98906
1776813816334698425,1.1322,-1.06055,0.262162,2.92852,1.60507,1.32111,10,35325,27.0939,3.68156
1776813816339667955,1.1322,-1.13672,0.28057,2.54485,1.21993,1.24042,10,35353,27.1154,3.98865
1776813816344705132,1.11558,-1.13672,0.28542,2.85193,1.21993,1.24042,10,35373,27.1308,3.98827
1776813816349749087,1.11558,-1.09766,0.300759,2.89061,0.983661,1.15283,10,35408,27.1576,4.29497
1776813816354709431,1.10507,-1.09766,-0.311221,3.19731,0.983661,1.15283,10,35425,27.1706,4.13869
1776813816359707794,1.10507,-1.07031,-0.298183,3.06838,1.01316,1.09871,10,35440,27.1821,3.52995
1776813816364697435,1.09887,-1.07031,-0.29288,2.45964,1.01316,1.09871,10,35434,27.1775,1.38064
1776813816369699094,1.09887,2.60547,-0.297483,3.98611,2.02358,3.15267,10,35418,27.1653,-1.53489
1776813816374700401,1.09887,2.60547,-0.309755,1.07058,2.02358,3.15267,10,35416,27.1637,-1.83986
1776813816379709412,1.09535,2.60547,0.313517,0.765613,2.02358,3.15267,10,35415,27.163,-0.306763
1776813816384702997,1.09535,2.60547,0.313517,0.765613,2.02358,3.15267,10,35415,27.163,-0.306763
1776813816389686545,1.09535,2.43555,0.312748,2.12878,2.52407,3.03242,10,35430,27.1745,0.920855
1776813816394696815,1.15166,0.746094,-0.240089,2.43338,2.32134,3.4045,10,35444,27.1852,1.68728
1776813816399710252,1.16893,0.746094,-0.219747,2.43338,2.32134,3.4045,10,35455,27.1936,1.84059
1776813816404708059,1.16893,0.666016,-0.211311,2.50661,2.26437,2.5088,10,35476,27.2098,2.30149
1776813816409717996,1.17877,0.666016,-0.185363,2.9675,2.26437,2.5088,10,35484,27.2159,2.30149
1776813816414704359,1.17877,0.335938,-0.179227,2.63742,2.37334,2.38474,10,35505,27.232,2.30018
1776813816419699185,1.1818,0.335938,-0.160096,2.63612,2.37334,2.38474,10,35511,27.2366,2.30018
1776813816424694288,1.1818,0.525391,-0.155496,2.82557,2.62271,2.51238,10,35531,27.2519,2.00034
1776813816429697207,1.19,0.525391,-0.131948,2.52573,2.62271,2.51238,10,35538,27.2573,2.00034
1776813816434697866,1.19,0.824219,-0.126581,2.82456,2.76118,2.73595,10,35557,27.2719,1.99353
1776813816439658155,1.19397,0.824219,-0.108037,2.81774,2.76118,2.73595,10,35565,27.278,1.99353
1776813816444694888,1.19397,0.464844,-0.101901,2.45837,3.07397,2.55683,10,35588,27.2957,2.45438
1776813816449692936,1.19397,0.464844,-0.0842603,2.91922,3.07397,2.55683,10,35598,27.3033,2.45438
1776813816454697484,1.20252,0.464844,-0.0680421,2.91922,2.33474,2.61209,10,35621,27.321,2.60721
1776813816459701217,1.20252,0.464844,-0.0680421,2.91922,2.33474,2.61209,10,35621,27.321,2.60721
1776813816464700876,1.20374,-0.304688,-0.020036,2.60974,2.20124,2.17345,10,35664,27.3539,2.91481
1776813816469705368,1.20374,-0.421875,-0.0162023,2.49294,1.88911,2.11452,10,35681,27.367,2.76053
1776813816474809712,1.20174,-0.421875,-0.00516824,2.33865,1.88911,2.11452,10,35691,27.3747,2.76053
1776813816479717594,1.20174,-0.4375,0.00250314,2.32303,2.10965,2.09267,10,35720,27.3969,2.91481
1776813816484702123,1.19534,-0.4375,0.0183475,2.47731,2.10965,2.09267,10,35730,27.4046,2.91481
1776813816489736838,1.19534,-0.416016,0.0260188,2.49879,1.86348,2.06357,10,35760,27.4276,3.22216
1776813816494721534,1.1932,-0.416016,0.0468871,2.80614,1.86348,2.06357,10,35772,27.4368,3.22216
1776813816499699008,1.1932,-0.664062,0.056092,2.55809,1.96716,1.90833,10,35803,27.4606,3.37554
1776813816504722297,1.1853,-0.664062,0.0719726,2.71148,1.96716,1.90833,10,35815,27.4698,3.37554
1776813816509723030,1.1853,-0.767578,0.0811756,2.60796,1.98387,1.79814,10,35848,27.4951,3.52751
1776813816514713596,1.18181,-0.767578,0.102994,2.75993,1.98387,1.79814,10,35866,27.5089,3.52751
1776813816519698626,1.18181,-0.916016,0.116799,2.61149,1.95281,1.69086,10,35896,27.5319,3.83606
1776813816524700933,1.18181,-0.916016,0.139809,2.92005,1.95281,1.69086,10,35909,27.5419,3.83606
1776813816529698537,1.1691,-0.916016,0.137076,2.92005,1.95281,1.69086,10,35932,27.5595,3.68156
1776813816534699788,1.1691,-0.921875,0.154717,2.75969,1.56976,1.60483,10,35967,27.5863,3.68156
1776813816539651540,1.15524,-0.921875,0.167699,2.75969,1.56976,1.60483,10,35981,27.5971,3.68156
1776813816544690162,1.15524,-0.996094,0.178437,2.68547,1.77024,1.47194,10,36019,27.6262,3.98827
1776813816549704395,1.1458,-0.996094,0.198136,2.99217,1.77024,1.47194,10,36034,27.6377,3.98827
1776813816554750017,1.1458,-1.02539,0.209641,2.96288,1.55526,1.39331,10,36071,27.6661,3.83492
1776813816559704713,1.13564,-1.02539,0.22786,2.80952,1.55526,1.39331,10,36084,27.6761,3.83492
1776813816564705169,1.13564,-1.03711,0.23783,2.79781,1.26801,1.31981,10,36122,27.7052,3.98865
1776813816569821179,1.12522,-1.03711,0.256558,2.95154,1.26801,1.31981,10,36137,27.7167,3.98865
1776813816574722283,1.12522,-1.04492,0.268063,2.94373,1.13219,1.24665,10,36175,27.7459,3.98827
1776813816579707442,1.11483,-1.04492,0.286818,2.94334,1.13219,1.24665,10,36188,27.7558,3.98827
1776813816584699490,1.11483,-1.02344,0.296788,2.96483,1.11251,1.19016,10,36223,27.7827,3.83032
1776813816589679927,1.10981,-1.02344,-0.309697,2.80688,1.11251,1.19016,10,36236,27.7927,3.83032
1776813816594698920,1.10981,-0.933594,-0.299727,2.89672,1.70049,1.20815,10,36257,27.8088,2.30057
1776813816599717949,1.10981,-0.933594,-0.28362,1.36697,1.70049,1.20815,10,36257,27.8088,2.30057
1776813816604697090,1.09505,-0.933594,-0.298385,1.36697,2.44913,1.10999,10,36240,27.7957,-0.306763
1776813816609705378,1.09505,0.935547,-0.311423,0.628784,2.53407,2.1754,10,36233,27.7904,-0.920118
1776813816614696630,1.09155,0.935547,0.30802,0.0154285,2.53407,2.1754,10,36233,27.7904,-0.920118
1776813816619699159,1.09155,3.04102,0.30802,2.1209,2.12996,3.35216,10,36234,27.7911,0.15332
1776813816624701133,1.1467,3.04102,-0.264377,3.19434,2.12996,3.35216,10,36239,27.795,0.15332
1776813816629711811,1.1467,2.49023,-0.260541,2.64355,2.12996,3.35216,10,36249,27.8026,1.22743
1776813816634694507,1.1599,2.49023,-0.239667,3.71767,2.17144,3.48965,10,36263,27.8134,1.68556
1776813816639649611,1.1599,1.63867,-0.228929,3.32423,2.23543,3.00426,10,36277,27.8241,1.84096
1776813816644694807,1.18347,1.63867,-0.194629,3.47963,2.23543,3.00426,10,36284,27.8287,1.84096
1776813816649694910,1.18347,0.871094,-0.18926,2.71205,2.21922,2.72027,10,36299,27.841,1.84024
1776813816654699032,1.1897,0.871094,-0.171519,2.71133,2.21922,2.72027,10,36307,27.8471,1.84024
1776813816659694525,1.1897,0.941406,-0.165383,2.78164,2.48179,2.8008,10,36318,27.8556,1.38082
1776813816664698406,1.20525,0.941406,-0.141402,2.32222,2.48179,2.8008,10,36324,27.8602,1.38082
1776813816669698047,1.20525,1.01562,-0.1368,2.39644,2.48179,2.8008,10,36336,27.8694,1.53358
1776813816674699687,1.21015,1.01562,-0.110417,3.01035,3.26203,2.94362,10,36356,27.8847,1.99432
1776813816679715494,1.21015,1.01562,-0.110417,3.01035,3.26203,2.94362,10,36356,27.8847,1.99432
1776813816684701542,1.22321,0.572266,-0.0751161,3.02615,3.37626,2.72252,10,36385,27.9069,2.45389
1776813816689649257,1.22321,-0.0195312,-0.0720472,2.43435,2.78384,2.46915,10,36407,27.9238,2.76108
1776813816694697620,1.22598,-0.0195312,-0.0524053,2.74155,2.78384,2.46915,10,36418,27.9323,2.76108
1776813816699694371,1.22598,-0.380859,-0.0439672,2.38022,1.95659,2.28096,10,36445,27.953,2.76422
1776813816704696216,1.22383,-0.380859,-0.0254125,2.38336,1.95659,2.28096,10,36456,27.9614,2.76422
1776813816709697634,1.22383,-0.453125,-0.0169763,2.3111,1.90771,2.22596,10,36484,27.9829,3.06755
1776813816714701460,1.22183,-0.453125,0.00249958,2.61442,1.90771,2.22596,10,36499,27.9944,3.06755
1776813816719693137,1.22183,-0.441406,0.0140047,2.62614,1.94486,2.21979,10,36526,28.0151,3.22216
1776813816724698611,1.21751,-0.441406,0.0303965,2.78075,1.94486,2.21979,10,36538,28.0243,3.22216
1776813816729721029,1.21751,-0.427734,0.0396013,2.79442,2.02138,2.19987,10,36569,28.0481,3.22151
1776813816734741448,1.21155,-0.427734,0.0574141,2.79378,2.02138,2.19987,10,36581,28.0573,3.22151
1776813816739672867,1.21155,-0.46875,0.0666189,2.75276,2.08494,2.13814,10,36614,28.0826,3.52821
1776813816744699285,1.21155,-0.46875,0.0919294,3.05946,2.08494,2.13814,10,36627,28.0926,3.52821
1776813816749708221,1.20939,-0.46875,0.0997438,3.05946,2.08494,2.13814,10,36652,28.1117,3.68118
1776813816754695547,1.20939,-0.988281,0.118918,2.6929,2.02473,1.82811,10,36688,28.1393,3.83415
1776813816759699558,1.19472,-0.988281,0.131854,2.84587,2.02473,1.82811,10,36700,28.1485,3.83415
1776813816764697143,1.19472,-1.08008,0.141059,2.75407,1.55791,1.68104,10,36735,28.1754,3.68045
1776813816769704487,1.1897,-1.08008,0.162889,2.60037,1.55791,1.68104,10,36748,28.1854,3.68045
1776813816774696684,1.1897,-1.0918,0.17286,2.58865,1.57653,1.64188,10,36784,28.213,3.8353
1776813816779716491,1.17332,-1.0918,0.184085,2.7435,1.57653,1.64188,10,36798,28.2237,3.8353
1776813816784702872,1.17332,-1.05469,0.194823,2.78061,1.57081,1.55656,10,36834,28.2513,3.83568
1776813816789659587,1.16804,-1.05469,0.217158,2.781,1.57081,1.55656,10,36848,28.2621,3.83568
1776813816794709783,1.16804,-1.15625,0.227897,2.67943,1.59438,1.46429,10,36885,28.2904,3.98667
1776813816799728034,1.15135,-1.15625,0.239581,2.83042,1.59438,1.46429,10,36902,28.3027,3.98667
1776813816804757693,1.15135,-1.19336,0.25262,2.79331,1.69553,1.33397,10,36941,28.3334,4.29497
1776813816809718093,1.14579,-1.19336,0.27698,3.10161,1.69553,1.33397,10,36956,28.3449,4.29497
1776813816814731641,1.14579,-1.29492,0.288486,3.00005,1.59077,1.23966,10,36997,28.3763,4.29535
1776813816819702393,1.14579,-1.29492,-0.308388,3.00043,1.59077,1.23966,10,37014,28.3894,4.29535
1776813816824695237,1.12701,-1.29492,-0.314131,3.00043,1.39686,1.11598,10,37050,28.417,4.75445
1776813816829709545,1.12701,-1.30664,-0.286521,3.44781,1.73755,1.1093,10,37067,28.43,2.30149
1776813816834700352,1.10729,-1.30664,-0.293204,0.994845,1.73755,1.1093,10,37069,28.4316,2.30149
1776813816839656585,1.10729,-1.04102,-0.291671,1.26047,2.60237,1.13014,10,37049,28.4162,-1.99472
1776813816844710022,1.10183,-1.04102,-0.31247,-3.03574,2.60237,1.13014,10,37048,28.4155,-1.99472
1776813816849692496,1.10183,4.71875,-0.313237,2.72403,1.98266,4.37693,10,37047,28.4147,-0.15332
1776813816854694192,1.13234,4.71875,-0.283488,4.56543,1.98266,4.37693,10,37048,28.4155,-0.15332
1776813816859692684,1.13234,2.4375,-0.282721,2.28418,2.50547,3.27865,10,37062,28.4262,1.53389
1776813816864692232,1.16501,2.4375,-0.239314,3.97139,2.50547,3.27865,10,37067,28.43,1.53389
1776813816869719780,1.16501,1.10156,-0.235478,2.63545,2.26599,2.73149,10,37082,28.4415,1.53427
1776813816874724698,1.17983,1.10156,-0.209153,2.63583,2.26599,2.73149,10,37089,28.4469,1.53427
1776813816879696321,1.17983,1.49805,-0.203784,3.03232,1.93992,3.05403,10,37106,28.4599,1.53458
1776813816884704369,1.18618,1.49805,-0.184396,3.03263,1.93992,3.05403,10,37113,28.4653,1.53458
1776813816889653306,1.18618,1.16016,-0.179024,2.69473,2.70672,2.90268,10,37133,28.4807,2.14853
1776813816894695724,1.18618,1.16016,-0.163686,3.30869,2.70672,2.90268,10,37140,28.486,2.14853
1776813816899709901,1.20219,1.16016,-0.142314,3.30869,2.70672,2.90268,10,37154,28.4968,1.99393
1776813816904768541,1.20219,0.65625,-0.131575,2.65018,3.31236,2.71903,10,37177,28.5144,2.45399
1776813816909715664,1.21428,0.65625,-0.101838,3.11024,3.31236,2.71903,10,37186,28.5213,2.45399
1776813816914704027,1.21428,0.220703,-0.0949352,2.6747,3.30375,2.54872,10,37210,28.5397,2.45733
1776813816919706223,1.2186,0.220703,-0.0722167,2.67803,3.30375,2.54872,10,37219,28.5466,2.45733
1776813816924766770,1.2186,-0.146484,-0.065314,2.31084,2.54875,2.36715,10,37245,28.5666,2.75777
1776813816929723041,1.21859,-0.146484,-0.0453727,2.61128,2.54875,2.36715,10,37256,28.575,2.75777
1776813816934696237,1.21859,-0.527344,-0.0369346,2.23042,2.04787,2.15005,10,37285,28.5972,3.06755
1776813816939682156,1.21522,-0.527344,-0.0180709,2.5402,1.73479,2.12834,10,37306,28.6133,3.22177
1776813816944718018,1.21522,-0.648438,-0.00196336,2.57334,1.73479,2.12834,10,37321,28.6248,3.22177
1776813816949717918,1.20922,-0.648438,0.00354697,2.57334,1.97058,2.02073,10,37347,28.6448,3.07208
1776813816954707781,1.20922,-0.664062,0.0234883,2.40802,1.97058,2.02073,10,37366,28.6594,3.22087
1776813816959692033,1.20249,-0.664062,0.0313237,2.55681,1.90041,1.96837,10,37389,28.677,3.22177
1776813816964694229,1.20249,-0.705078,0.0489648,2.5167,1.90041,1.96837,10,37407,28.6908,3.22177
1776813816969695277,1.20249,-0.705078,0.0627702,2.5167,1.87591,1.94499,10,37436,28.7131,3.52821
1776813816974702510,1.19594,-0.705078,0.0784657,2.82314,1.87591,1.94499,10,37453,28.7261,3.52821
1776813816979700465,1.19594,-0.705078,0.0784657,2.82314,1.87591,1.94499,10,37453,28.7261,3.52821
1776813816984696921,1.18437,-0.863281,0.112918,2.66564,2.14486,1.8125,10,37503,28.7644,3.52892
1776813816989659043,1.18437,-0.943359,0.118289,2.58556,1.76381,1.69191,10,37535,28.789,4.14079
1776813816994697720,1.18074,-0.943359,0.139198,3.19743,1.76381,1.69191,10,37550,28.8005,4.14079
1776813816999697546,1.18074,-1.16406,0.150703,2.97673,1.73537,1.54251,10,37588,28.8296,4.13831
1776813817004704890,1.16367,-1.16406,0.162778,2.97424,1.73537,1.54251,10,37602,28.8404,4.13831
1776813817009706105,1.16367,-1.20312,0.173515,2.93518,1.54821,1.40903,10,37640,28.8695,3.98827
1776813817014704172,1.1578,-1.20312,0.19679,2.78514,1.54821,1.40903,10,37654,28.8803,3.98827
1776813817019697350,1.1578,-1.13477,0.207528,2.8535,1.47704,1.40961,10,37692,28.9094,3.98906
1776813817024694453,1.14026,-1.13477,0.219136,2.8543,1.47704,1.40961,10,37706,28.9201,3.98906
1776813817029689649,1.14026,-1.13477,0.229873,2.8543,1.39971,1.29456,10,37742,28.9478,3.83492
1776813817034693531,1.13457,-1.13477,0.251796,2.70015,1.39971,1.29456,10,37762,28.9631,3.83492
1776813817039649802,1.13457,-1.16797,0.267135,2.66695,1.13239,1.2382,10,37795,28.9884,3.98865
1776813817044696905,1.13457,-1.16797,0.292445,2.82068,1.13239,1.2382,10,37809,28.9991,3.98865
1776813817049692545,1.1175,-1.16797,0.286117,2.82068,1.13239,1.2382,10,37835,29.0191,4.13665
1776813817054697705,1.1175,-1.16992,0.306058,2.96673,1.28376,1.12438,10,37872,29.0475,3.98906
1776813817059807178,1.09961,-1.16992,-0.311772,2.81914,1.28376,1.12438,10,37885,29.0574,3.98906
1776813817064734282,1.09961,-1.15039,-0.301802,2.83867,1.95235,1.01677,10,37904,29.072,2.14725
1776813817069700941,1.09417,-1.15039,-0.292672,0.996855,1.95235,1.01677,10,37899,29.0682,2.14725
1776813817074713415,1.09417,1.02344,-0.296509,3.17068,2.42054,2.21961,10,37882,29.0551,-1.38026
1776813817079696667,1.0842,1.02344,0.308805,-0.356825,2.42054,2.21961,10,37880,29.0536,-1.38026
1776813817084777733,1.0842,4.11133,0.307271,2.73107,2.62881,3.9132,10,37878,29.0521,0
1776813817089683930,1.09637,4.11133,-0.310406,4.11133,2.62881,3.9132,10,37881,29.0544,0
1776813817094704885,1.09637,2.40625,-0.308106,2.40625,2.44981,3.02251,10,37897,29.0666,1.68796
1776813817099699508,1.15029,2.40625,-0.241913,4.09421,2.44981,3.02251,10,37901,29.0697,1.68796
1776813817104697871,1.15029,1.21094,-0.238846,2.8989,2.09023,2.69753,10,37920,29.0843,2.14729
1776813817109698456,1.15885,1.21094,-0.215716,3.35823,2.09023,2.69753,10,37928,29.0904,2.14729
1776813817114701430,1.15885,0.582031,-0.20958,2.72932,2.00981,2.39508,10,37944,29.1027,1.38026
1776813817119706515,1.15885,0.582031,-0.197308,1.96229,2.00981,2.39508,10,37951,29.1081,1.38026
1776813817124694267,1.17588,0.582031,-0.174914,1.96229,2.45275,2.50616,10,37967,29.1203,2.1481
1776813817129731388,1.17588,0.980469,-0.162642,3.12857,2.45992,2.73327,10,37981,29.1311,1.84059
1776813817134702529,1.18407,0.980469,-0.143708,2.82106,2.45992,2.73327,10,37989,29.1372,1.84059
1776813817139661133,1.18407,0.669922,-0.137572,2.51051,3.08552,2.60955,10,38010,29.1533,2.30103
1776813817144690274,1.19501,0.669922,-0.110526,2.97095,3.08552,2.60955,10,38020,29.161,2.30103
1776813817149694618,1.19501,0.445312,-0.102856,2.74634,3.08552,2.60955,10,38037,29.174,2.45487
1776813817154695814,1.19777,0.445312,-0.0870633,2.90018,2.86713,2.57023,10,38061,29.1924,2.76108
1776813817159702566,1.19777,-0.0742188,-0.0686555,2.68686,2.53355,2.2741,10,38084,29.2101,2.91423
1776813817164695503,1.20082,-0.0742188,-0.0479626,2.84001,2.53355,2.2741,10,38095,29.2177,2.91423
1776813817169701588,1.20082,-0.257812,-0.0395264,2.65641,1.83982,2.18917,10,38122,29.2392,2.91443
1776813817174706729,1.20006,-0.257812,-0.0195756,2.65662,1.83982,2.18917,10,38134,29.2484,2.91443
1776813817179704406,1.20006,-0.433594,-0.0103726,2.48083,1.87652,2.08407,10,38164,29.2714,3.22113
1776813817184691177,1.1964,-0.433594,0.00897554,2.78754,1.87652,2.08407,10,38175,29.2799,3.22113
1776813817189671781,1.1964,-0.511719,0.0174117,2.70941,2.00259,2.01587,10,38205,29.3029,3.22151
1776813817194692051,1.1964,-0.511719,0.040422,2.70979,2.00259,2.01587,10,38221,29.3151,3.22151
1776813817199692025,1.19976,-0.511719,0.0560565,2.70979,2.00259,2.01587,10,38237,29.3274,3.21856
1776813817204692721,1.19976,-0.623047,0.0683284,2.59551,2.02985,1.97414,10,38268,29.3512,3.22113
1776813817209722065,1.19442,-0.623047,0.0867629,2.59808,2.02985,1.97414,10,38280,29.3604,3.22113
1776813817214696317,1.19442,-0.830078,0.0959659,2.39105,2.15755,1.8216,10,38314,29.3865,3.52751
1776813817219696939,1.18331,-0.830078,0.110937,2.69743,2.15755,1.8216,10,38327,29.3964,3.52751
1776813817224697321,1.18331,-0.884766,0.120906,2.64274,2.08392,1.71841,10,38359,29.421,3.37419
1776813817229706665,1.17907,-0.884766,0.141214,2.48942,2.08392,1.71841,10,38372,29.431,3.37419
1776813817234692787,1.17907,-1.0332,0.151186,2.34098,1.56428,1.60627,10,38404,29.4555,3.37486
1776813817239645502,1.16427,-1.0332,0.160923,2.34166,1.56428,1.60627,10,38418,29.4662,3.37486
1776813817244690254,1.16427,-1.02734,0.171659,2.34752,1.51303,1.51313,10,38454,29.4938,3.83492
1776813817249692154,1.16112,-1.02734,0.196128,2.80757,1.51303,1.51313,10,38468,29.5046,3.83492
1776813817254700424,1.16112,-1.00977,0.206867,2.82515,1.39226,1.50262,10,38504,29.5322,3.83415
1776813817259707009,1.144,-1.00977,0.217359,2.82438,1.39226,1.50262,10,38519,29.5437,3.83415
1776813817264699131,1.144,-1.0332,0.228864,2.80095,1.39126,1.37708,10,38559,29.5744,4.29583
1776813817269693031,1.144,-1.0332,0.259544,3.26262,1.39126,1.37708,10,38574,29.5859,4.29583
1776813817274704190,1.14087,-1.0332,0.267913,3.26262,1.57823,1.35647,10,38608,29.612,4.29621
1776813817279698164,1.14087,-1.0332,0.267913,3.26262,1.57823,1.35647,10,38608,29.612,4.29621
1776813817284699916,1.12254,-1.13281,0.312479,3.01001,1.18487,1.29969,10,38664,29.6549,4.14283
1776813817289654298,1.12254,-1.13281,0.312479,3.01001,1.18487,1.29969,10,38664,29.6549,4.14283
1776813817294690753,1.10566,-1.10156,-0.290539,3.04005,1.05511,1.19667,10,38718,29.6956,4.14162
1776813817299691208,1.10566,-1.08398,-0.28517,3.05763,1.48524,1.09482,10,38740,29.7132,2.91443
1776813817304699238,1.10227,-1.08398,-0.271679,1.83044,1.48524,1.09482,10,38746,29.7178,2.91443
1776813817309738526,1.10227,-0.582031,-0.267077,2.3324,2.40944,1.35846,10,38734,29.7086,-1.38082
1776813817314707519,1.08608,-0.582031,-0.292475,-1.96285,2.40944,1.35846,10,38726,29.7025,-1.38082
1776813817319705141,1.08608,1.51172,-0.298611,0.130904,2.2308,2.44398,10,38723,29.7002,-0.153382
1776813817324707060,1.08754,1.51172,-0.299456,1.35834,2.2308,2.44398,10,38723,29.7002,-0.153382
1776813817329696200,1.08754,2.70898,-0.299456,2.5556,2.21315,3.13615,10,38726,29.7025,0.306702
1776813817334833970,1.14786,2.70898,-0.236832,3.01569,2.21315,3.13615,10,38732,29.7071,0.306702
1776813817339700797,1.14786,2.54297,-0.232231,2.84967,2.10969,3.44081,10,38741,29.714,0.767061
1776813817344743067,1.14786,2.54297,-0.225329,3.31003,2.10969,3.44081,10,38749,29.7201,0.767061
1776813817349732078,1.15612,2.54297,-0.210934,3.31003,2.32327,3.49494,10,38762,29.7301,1.6869
1776813817354712274,1.15612,2.54297,-0.210934,3.31003,2.32327,3.49494,10,38762,29.7301,1.6869
1776813817359695322,1.15612,1.16992,-0.200962,2.85683,2.60781,2.7123,10,38781,29.7447,1.68724
1776813817364692389,1.1938,1.16992,-0.148712,2.85716,2.60781,2.7123,10,38788,29.75,1.68724
1776813817369703511,1.1938,0.980469,-0.143343,2.66771,2.93351,2.84958,10,38804,29.7623,1.68724
1776813817374695800,1.20861,0.980469,-0.116257,2.66771,2.93351,2.84958,10,38811,29.7677,1.68724
1776813817379698107,1.20861,0.998047,-0.110888,2.68529,3.29524,2.95528,10,38831,29.783,2.14772
1776813817384700655,1.21153,0.998047,-0.0926267,3.14577,3.29524,2.95528,10,38842,29.7914,2.14772
1776813817389669759,1.21153,0.998047,-0.0926267,3.14577,3.29524,2.95528,10,38842,29.7914,2.14772
1776813817394706714,1.22534,0.232422,-0.0504362,2.53299,3.30511,2.53768,10,38872,29.8145,2.30057
1776813817399704892,1.22534,0.0917969,-0.0473673,2.39236,2.50569,2.54627,10,38891,29.829,2.30195
1776813817404697107,1.22658,0.0917969,-0.0315592,2.39374,2.50569,2.54627,10,38900,29.8359,2.30195
1776813817409718692,1.22658,-0.226562,-0.0246565,2.07538,2.07546,2.37273,10,38925,29.8551,2.60773
1776813817414696833,1.22551,-0.226562,-0.00655,2.38116,2.07546,2.37273,10,38936,29.8635,2.60773
1776813817419703251,1.22551,-0.310547,0.00188809,2.29718,2.00865,2.31802,10,38965,29.8858,2.91656
1776813817424693762,1.22551,-0.310547,0.0241297,2.60601,2.00865,2.31802,10,38976,29.8942,2.91656
1776813817429693792,1.22474,-0.310547,0.0317991,2.60601,2.00865,2.31802,10,38996,29.9096,3.22049
1776813817434692747,1.22474,-0.310547,0.0317991,2.60601,2.00865,2.31802,10,38996,29.9096,3.22049
1776813817439649833,1.22474,-0.529297,0.047138,2.69119,2.47615,2.1884,10,39051,29.9517,3.53104
1776813817444692065,1.2152,-0.529297,0.0797785,3.00174,2.19982,2.12711,10,39071,29.9671,3.53104
1776813817449692299,1.2152,-0.599609,0.0951174,2.93143,2.41146,2.08703,10,39102,29.9909,4.14366
1776813817454692699,1.21244,-0.599609,0.116138,3.54405,2.41146,2.08703,10,39116,30.0016,4.14366
1776813817459690747,1.21244,-0.912109,0.126877,3.23155,2.12295,1.89117,10,39153,30.03,3.98269
1776813817464699110,1.19958,-0.912109,0.142393,3.07058,2.12295,1.89117,10,39167,30.0407,3.98269
1776813817469691565,1.19958,-1.00195,0.153131,2.98074,1.79743,1.75701,10,39205,30.0699,3.98747
1776813817474695484,1.19699,-1.00195,0.179689,2.98552,1.79743,1.75701,10,39219,30.0806,3.98747
1776813817479693143,1.19699,-1.10938,0.190428,2.87809,1.66852,1.67905,10,39254,30.1074,3.68045
1776813817484698765,1.17815,-1.10938,0.198425,2.57107,1.66852,1.67905,10,39267,30.1174,3.68045
1776813817489658091,1.17815,-1.10938,0.208397,2.57107,1.69873,1.55683,10,39303,30.145,3.68156
1776813817494695009,1.17525,-1.10938,0.233112,2.57219,1.69873,1.55683,10,39316,30.155,3.68156
1776813817499697002,1.17525,-1.13477,0.243084,2.5468,1.57939,1.52351,10,39354,30.1841,3.98906
1776813817504691976,1.17525,-1.13477,0.272228,2.8543,1.57939,1.52351,10,39369,30.1956,3.98906
1776813817509691931,1.15596,-1.13477,0.264438,2.8543,1.57939,1.52351,10,39394,30.2148,4.14079
1776813817514692701,1.15596,-1.27734,0.283613,2.86344,1.45235,1.3163,10,39431,30.2432,3.98827
1776813817519689713,1.13769,-1.27734,0.293732,2.71092,1.45235,1.3163,10,39446,30.2547,3.98827
1776813817524708983,1.13769,-1.30664,0.305237,2.68163,1.31338,1.17973,10,39487,30.2861,4.14493
1776813817529694568,1.12488,-1.30664,-0.304447,2.83829,1.31338,1.17973,10,39503,30.2984,4.14493
1776813817534692764,1.12488,-1.30273,-0.292175,2.8422,1.48893,1.09749,10,39539,30.326,3.83492
1776813817539648850,1.11168,-1.30273,-0.277769,2.53218,1.48893,1.09749,10,39547,30.3322,3.83492
1776813817544705008,1.11168,-1.27734,-0.271633,2.55757,2.42145,1.02457,10,39535,30.323,-1.6869
1776813817549698186,1.10843,-1.27734,-0.28409,-2.96425,2.42145,1.02457,10,39528,30.3176,-1.6869
1776813817554696364,1.10843,3.88281,-0.289459,2.19591,1.97993,3.94427,10,39524,30.3145,-0.153794
1776813817559691282,1.11123,3.88281,-0.289724,3.72902,1.97993,3.94427,10,39524,30.3145,-0.153794
1776813817564754515,1.11123,4.35547,-0.289724,4.20167,2.61409,4.23229,10,39531,30.3199,0.920671
1776813817569707045,1.12175,4.35547,-0.273838,5.27614,2.61409,4.23229,10,39535,30.323,0.920671
1776813817574699556,1.12175,1.27734,-0.270769,2.19801,2.14998,2.5474,10,39548,30.3329,1.38082
1776813817579696604,1.12175,1.27734,-0.260799,2.65816,2.14998,2.5474,10,39555,30.3383,1.38082
1776813817584693078,1.17042,1.27734,-0.206751,2.65816,1.8226,2.86698,10,39571,30.3506,1.99432
1776813817589672145,1.17042,1.45898,-0.194479,3.45331,2.32544,2.97052,10,39588,30.3636,2.1481
1776813817594696748,1.17981,1.45898,-0.172052,3.60709,2.32544,2.97052,10,39597,30.3705,2.1481
1776813817599699537,1.17981,1.07031,-0.16515,3.21842,2.79347,2.81008,10,39619,30.3874,2.15025
1776813817604701030,1.19608,1.07031,-0.132006,3.22057,2.79347,2.81008,10,39628,30.3943,2.15025
1776813817609806466,1.19608,0.626953,-0.125103,2.77721,3.13139,2.66288,10,39651,30.4119,2.45389
1776813817614721811,1.20326,0.626953,-0.100283,3.08084,3.13139,2.66288,10,39660,30.4188,2.45389
1776813817619711044,1.20326,0.257812,-0.0933799,2.7117,3.1535,2.49886,10,39685,30.438,2.76108
1776813817624700185,1.20738,0.257812,-0.0700855,3.01889,3.1535,2.49886,10,39695,30.4457,2.76108
1776813817629698955,1.20738,-0.0644531,-0.0624141,2.69662,2.52402,2.34173,10,39721,30.4656,2.76108
1776813817634698614,1.20831,-0.0644531,-0.041542,2.69662,2.52402,2.34173,10,39731,30.4733,2.76108
1776813817639689644,1.20831,-0.269531,-0.0338725,2.49155,2.13527,2.23085,10,39757,30.4932,2.76108
1776813817644694007,1.20677,-0.269531,-0.0154704,2.49155,2.13527,2.23085,10,39767,30.5009,2.76108
1776813817649703444,1.20677,-0.478516,-0.00779907,2.28256,1.69437,2.1018,10,39794,30.5216,2.91539
1776813817654694603,1.20677,-0.478516,0.012909,2.43688,1.69437,2.1018,10,39805,30.5301,2.91539
1776813817659702281,1.20295,-0.478516,0.0175229,2.43688,1.69437,2.1018,10,39826,30.5462,2.91385
1776813817664719440,1.20295,-0.541016,0.0336304,2.37283,1.74777,2.04152,10,39857,30.5699,3.22049
1776813817669690210,1.19793,-0.541016,0.0523892,2.67947,1.74777,2.04152,10,39868,30.5784,3.22049
1776813817674716462,1.19793,-0.611328,0.0608254,2.60916,1.97026,1.96902,10,39899,30.6021,3.37082
1776813817679707473,1.18939,-0.611328,0.0760575,2.75949,1.97026,1.96902,10,39911,30.6114,3.37082
1776813817684696447,1.18939,-0.751953,0.0852605,2.61886,1.86753,1.83355,10,39944,30.6367,3.52751
1776813817689675069,1.18255,-0.751953,0.103729,2.77555,2.01479,1.78916,10,39968,30.6551,3.52892
1776813817694698043,1.18255,-0.974609,0.122137,2.55431,2.01479,1.78916,10,39986,30.6689,3.52892
1776813817699691628,1.17423,-0.974609,0.127628,2.55431,2.01479,1.78916,10,40005,30.6835,3.83568
1776813817704700936,1.17423,-1.07812,0.142201,2.75756,1.85068,1.54915,10,40040,30.7103,3.68156
1776813817709695724,1.16364,-1.07812,0.158459,2.60344,1.85068,1.54915,10,40054,30.721,3.68156
1776813817714702495,1.16364,-1.01758,0.169197,2.66399,1.63198,1.51464,10,40091,30.7494,3.98827
1776813817719701172,1.15328,-1.01758,0.18721,2.97069,1.63198,1.51464,10,40105,30.7601,3.98827
1776813817724694684,1.15328,-0.955078,0.197947,3.03319,1.29095,1.48245,10,40143,30.7893,3.98705
1776813817729713935,1.15328,-0.955078,0.227093,3.03197,1.29095,1.48245,10,40157,30.8,3.98705
1776813817734707891,1.14339,-0.955078,0.227943,3.03197,1.26892,1.41758,10,40189,30.8246,3.83722
1776813817739655143,1.14339,-0.955078,0.227943,3.03197,1.26892,1.41758,10,40189,30.8246,3.83722
1776813817744691691,1.12387,-1.05078,0.274387,3.09084,1.47953,1.36303,10,40250,30.8714,4.14034
1776813817749697683,1.12387,-1.05078,0.274387,3.09084,1.47953,1.36303,10,40250,30.8714,4.14034
1776813817754714805,1.11276,-1.08789,0.297792,2.90117,1.58967,1.21328,10,40295,30.9059,3.98906
1776813817759716612,1.11276,-1.08594,0.303162,2.90313,1.31546,1.14087,10,40326,30.9297,3.98827
1776813817764778975,1.10224,-1.08594,-0.311903,2.90233,1.31546,1.14087,10,40341,30.9412,3.98827
1776813817769726894,1.10224,-1.07031,-0.300398,2.91795,1.1425,1.07992,10,40375,30.9672,3.6823
1776813817774704368,1.09665,-1.07031,-0.279911,2.61199,1.1425,1.07992,10,40382,30.9726,3.6823
1776813817779695175,1.09665,-0.931641,-0.274542,2.75066,2.12387,1.12176,10,40374,30.9665,-1.07362
1776813817784784167,1.08637,-0.931641,-0.290962,-2.00526,2.12387,1.12176,10,40367,30.9611,-1.07362
1776813817789776197,1.08637,3.0918,-0.296329,2.01817,2.43418,3.34655,10,40360,30.9557,-0.613649
1776813817794698042,1.08637,3.0918,-0.3017,2.47815,2.43418,3.34655,10,40359,30.955,-0.613649
1776813817799749552,1.09311,3.0918,-0.295721,2.47815,2.43418,3.34655,10,40359,30.955,-0.15332
1776813817804711453,1.09311,3.0918,-0.295721,2.47815,2.43418,3.34655,10,40359,30.955,-0.15332
1776813817809709223,1.09311,2.51562,-0.295721,2.3623,2.20651,3.06313,10,40379,30.9703,1.5342
1776813817814752104,1.14922,2.51562,-0.224277,4.04982,2.10132,3.43414,10,40390,30.9787,1.22694
1776813817819717134,1.14922,1.12109,-0.215839,2.34804,2.39401,2.63925,10,40404,30.9895,1.84059
1776813817824707349,1.17935,1.12109,-0.174968,2.96169,2.39401,2.63925,10,40409,30.9933,1.84059
1776813817829705730,1.17935,0.841797,-0.171135,2.68239,2.19333,2.67683,10,40428,31.0079,2.14682
1776813817834705000,1.18465,0.841797,-0.151258,2.98861,2.19333,2.67683,10,40435,31.0133,2.14682
1776813817839654882,1.18465,0.728516,-0.145889,2.87533,2.78572,2.64671,10,40453,31.0271,1.99434
1776813817844690837,1.19455,0.728516,-0.122192,2.72286,2.78572,2.64671,10,40461,31.0332,1.99434
1776813817849692182,1.19455,0.660156,-0.116056,2.6545,3.15551,2.67185,10,40483,31.0501,2.30149
1776813817854696841,1.20094,0.660156,-0.0927846,2.96164,3.15551,2.67185,10,40491,31.0562,2.30149
1776813817859760722,1.20094,0.0644531,-0.0866486,2.36594,2.91422,2.37366,10,40515,31.0746,2.60825
1776813817864724103,1.2063,0.0644531,-0.0628831,2.6727,2.91422,2.37366,10,40525,31.0823,2.60825
1776813817869703892,1.2063,-0.0273438,-0.0552136,2.5809,2.30671,2.35592,10,40551,31.1022,2.75887
1776813817874698552,1.2063,-0.0273438,-0.0352704,2.73153,2.30671,2.35592,10,40561,31.1099,2.75887
1776813817879701007,1.20645,-0.0273438,-0.0274522,2.73153,2.30671,2.35592,10,40581,31.1252,2.7655
1776813817884710611,1.20645,-0.0273438,-0.0274522,2.73153,2.30671,2.35592,10,40581,31.1252,2.7655
1776813817889654474,1.20645,-0.433594,-0.0121133,2.33191,2.12173,2.12531,10,40628,31.1613,3.37486
1776813817894708559,1.20278,-0.433594,0.020264,2.94127,1.66996,2.10162,10,40650,31.1782,3.22113
1776813817899697033,1.20278,-0.488281,0.0371383,2.73285,2.16016,2.07045,10,40677,31.1989,3.37554
1776813817904702433,1.19377,-0.488281,0.0488418,2.88726,2.16016,2.07045,10,40689,31.2081,3.37554
1776813817909692962,1.19377,-0.523438,0.0580467,2.8521,2.40205,1.99221,10,40723,31.2341,3.53207
1776813817914704269,1.19088,-0.523438,0.0812267,3.00863,2.40205,1.99221,10,40736,31.2441,3.53207
1776813817919704595,1.19088,-0.830078,0.0911983,2.70199,2.13515,1.79866,10,40771,31.271,3.68156
1776813817924705032,1.18115,-0.830078,0.108313,2.85149,2.13515,1.79866,10,40784,31.2809,3.68156
1776813817929702154,1.18115,-0.919922,0.118283,2.76164,1.64458,1.68432,10,40816,31.3055,3.52821
1776813817934721832,1.17691,-0.919922,0.138592,2.60829,1.64458,1.68432,10,40829,31.3155,3.52821
1776813817939682658,1.17691,-1.00977,0.148564,2.51845,1.61393,1.60558,10,40864,31.3423,3.68156
1776813817944698651,1.16211,-1.00977,0.160609,2.6718,1.61393,1.60558,10,40877,31.3523,3.68156
1776813817949700569,1.16211,-1.01758,0.17058,2.66399,1.55603,1.50464,10,40911,31.3783,3.52821
1776813817954694265,1.15716,-1.01758,0.200905,2.51064,1.55603,1.50464,10,40934,31.396,3.52821
1776813817959702591,1.15716,-0.978516,0.209341,2.5497,1.57218,1.49449,10,40957,31.4136,3.52713
1776813817964704898,1.14725,-0.978516,0.217076,2.54861,1.57218,1.49449,10,40970,31.4236,3.52713
1776813817969701169,1.14725,-1.0332,0.227047,2.49392,1.43322,1.39839,10,41007,31.452,3.98785
1776813817974692976,1.13216,-1.0332,0.240332,2.95465,1.43322,1.39839,10,41021,31.4627,3.98785
1776813817979703561,1.13216,-1.0625,0.25107,2.92535,1.367,1.28241,10,41059,31.4919,3.83568
1776813817984699035,1.12606,-1.0625,0.274124,2.77318,1.367,1.28241,10,41073,31.5026,3.83568
1776813817989671639,1.12606,-1.08008,0.284861,2.7556,1.15627,1.2322,10,41112,31.5325,4.14079
1776813817994701557,1.11628,-1.08008,0.304987,3.06071,1.15627,1.2322,10,41128,31.5448,4.14079
1776813817999699365,1.11628,-1.06445,-0.311059,3.07634,1.08922,1.17639,10,41168,31.5755,4.2902
1776813818004700672,1.10562,-1.06445,-0.291036,3.22575,1.08922,1.17639,10,41182,31.5862,4.2902
1776813818009696442,1.10562,-1.02344,-0.280298,3.26676,2.03278,1.1291,10,41197,31.5977,1.53427
1776813818014702009,1.09499,-1.02344,-0.279418,0.510834,2.03278,1.1291,10,41190,31.5923,1.53427
1776813818019695557,1.09499,0.384766,-0.284788,1.91904,2.53622,1.86108,10,41170,31.577,-2.14767
1776813818024705179,1.08912,0.384766,-0.306003,-1.76291,2.53622,1.86108,10,41170,31.577,-0.153382
1776813818029704746,1.08912,0.384766,-0.306003,-1.76291,2.53622,1.86108,10,41170,31.577,-0.153382
1776813818034697146,1.14545,3.22461,-0.249677,3.07126,2.15016,3.44063,10,41172,31.5785,-0.153351
1776813818039652732,1.14545,2.58984,-0.248142,2.43649,2.18719,3.45168,10,41184,31.5877,1.6869
1776813818044702798,1.15924,2.58984,-0.225143,4.27675,2.18719,3.45168,10,41189,31.5916,1.6869
1776813818049694013,1.15924,1.07617,-0.221307,2.76308,2.19353,2.67931,10,41205,31.6038,1.83912
1776813818054690228,1.17556,1.07617,-0.19272,2.91529,2.19353,2.67931,10,41211,31.6084,1.83912
1776813818059690128,1.17556,1.07617,-0.188119,2.91529,2.05372,2.78576,10,41228,31.6215,1.84133
1776813818064697343,1.1889,1.07617,-0.161735,2.9175,2.05372,2.78576,10,41236,31.6276,1.84133
1776813818069769816,1.1889,0.957031,-0.155599,2.79836,2.65189,2.80453,10,41254,31.6414,1.84133
1776813818074715346,1.20538,0.957031,-0.125318,2.79836,2.65189,2.80453,10,41260,31.646,1.84133
1776813818079711524,1.20538,0.871094,-0.120717,2.71242,3.41275,2.86208,10,41278,31.6598,1.99354
1776813818084703128,1.20982,0.871094,-0.102468,2.86464,3.41275,2.86208,10,41285,31.6652,1.99354
1776813818089668417,1.20982,0.601562,-0.0970988,2.59511,3.25315,2.73708,10,41306,31.6813,2.30057
1776813818094693150,1.22241,0.601562,-0.0622687,2.90213,3.25315,2.73708,10,41321,31.6928,2.45487
1776813818099702291,1.22241,0.376953,-0.0568995,2.83182,2.91774,2.68999,10,41338,31.7058,2.45438
1776813818104704321,1.22488,0.376953,-0.0413927,2.83133,2.91774,2.68999,10,41347,31.7128,2.45438
1776813818109703980,1.22488,-0.365234,-0.03449,2.08914,2.36086,2.28277,10,41375,31.7342,2.76163
1776813818114693269,1.22472,-0.365234,-0.0131659,2.3964,2.36086,2.28277,10,41385,31.7419,2.76163
1776813818119734150,1.22472,-0.466797,-0.00549642,2.29483,2.36086,2.28277,10,41404,31.7565,3.06326
1776813818124768457,1.22274,-0.472656,0.0216662,2.44644,1.96969,2.21118,10,41428,31.7749,2.9191
1776813818129768839,1.21751,-0.472656,0.02027,2.44644,1.84434,2.17425,10,41450,31.7918,2.75997
1776813818134707406,1.21751,-0.441406,0.0371443,2.31857,1.84434,2.17425,10,41464,31.8025,2.75997
1776813818139655936,1.21566,-0.441406,0.0460364,2.31857,2.01397,2.18019,10,41490,31.8224,3.06717
1776813818144692039,1.21566,-0.529297,0.0659777,2.53787,2.01397,2.18019,10,41507,31.8355,3.06717
1776813818149702939,1.20859,-0.529297,0.07194,2.53787,2.23806,2.08455,10,41536,31.8577,3.52821
1776813818154697728,1.20859,-0.607422,0.0941835,2.92079,2.23806,2.08455,10,41553,31.8708,3.52821
1776813818159708702,1.20859,-0.607422,0.107222,2.92079,2.33549,2.04002,10,41583,31.8938,3.6823
1776813818164700936,1.20601,-0.607422,0.127652,3.07488,2.33549,2.04002,10,41597,31.9045,3.6823
1776813818169692058,1.20601,-1.10156,0.13839,2.58074,2.18032,1.74173,10,41636,31.9344,3.98747
1776813818174694143,1.18876,-1.10156,0.151049,2.88591,2.18032,1.74173,10,41651,31.9459,3.98747
1776813818179701432,1.18876,-1.16992,0.162554,2.81755,1.55455,1.59121,10,41689,31.9751,3.98906
1776813818184695814,1.18315,-1.16992,0.186095,2.81914,1.55455,1.59121,10,41703,31.9858,3.98906
1776813818189672806,1.18315,-1.13281,0.196831,2.85625,1.45899,1.57598,10,41741,32.0149,3.8353
1776813818194768743,1.16559,-1.13281,0.208415,2.70248,1.45899,1.57598,10,41755,32.0257,3.8353
1776813818199726347,1.16559,-1.12891,0.219153,2.70639,1.42919,1.46386,10,41794,32.0556,4.14366
1776813818204709988,1.16002,-1.12891,0.243498,3.01475,1.42919,1.46386,10,41809,32.0671,4.14366
1776813818209704443,1.16002,-1.16992,0.255004,2.97373,1.45466,1.40412,10,41846,32.0955,3.98629
1776813818214838583,1.14291,-1.16992,0.266276,2.81637,1.45466,1.40412,10,41861,32.107,3.98629
1776813818219773595,1.14291,-1.18945,0.277777,2.79684,1.46361,1.28083,10,41900,32.1369,4.142
1776813818224723310,1.1371,-1.18945,0.301877,2.95255,1.46361,1.28083,10,41915,32.1484,4.142
1776813818229694377,1.1371,-1.24219,0.313382,2.89981,1.44304,1.21253,10,41953,32.1775,4.13538
1776813818234715258,1.11878,-1.24219,-0.293367,2.89319,1.44304,1.21253,10,41978,32.1967,3.84068
1776813818239651937,1.11878,-1.24219,-0.293367,2.89319,1.44304,1.21253,10,41978,32.1967,3.84068
1776813818244697410,1.1065,-1.22656,-0.284169,1.68805,1.44304,1.10058,10,41995,32.2098,2.91461
1776813818249690440,1.1065,0.996094,-0.284169,3.9107,1.85103,2.28609,10,41981,32.199,0.306763
1776813818254704025,1.10179,0.996094,-0.299625,1.30286,1.85103,2.28609,10,41975,32.1944,-2.14639
1776813818259700610,1.10179,3.79688,-0.304225,1.65049,2.45124,3.85119,10,41974,32.1937,-1.07486
1776813818264700973,1.11359,3.79688,-0.293195,2.72201,2.45124,3.85119,10,41974,32.1937,0
1776813818269703207,1.11359,2.20312,-0.293195,2.20312,3.04215,3.02109,10,41985,32.2021,0
1776813818274733866,1.16484,2.20312,-0.233506,2.20312,3.04215,3.02109,10,41994,32.209,1.68695
1776813818279716358,1.16484,1.00391,-0.226602,2.69085,2.55506,2.67468,10,42010,32.2213,1.84171
1776813818284699703,1.17297,1.00391,-0.206195,2.84562,2.55506,2.67468,10,42021,32.2297,1.99432
1776813818289660529,1.17297,0.316406,-0.197761,2.31073,2.12023,2.33586,10,42038,32.2427,2.30103
1776813818294689929,1.18555,0.316406,-0.172147,2.61743,2.12023,2.33586,10,42047,32.2496,1.99276
1776813818299696681,1.18555,0.580078,-0.165242,2.57284,1.8641,2.5679,10,42065,32.2635,1.99472
1776813818304694896,1.18781,0.580078,-0.142274,2.72818,1.8641,2.5679,10,42078,32.2734,1.8406
1776813818309707555,1.18781,0.466797,-0.139207,2.3074,2.07235,2.51799,10,42091,32.2834,1.84024
1776813818314695362,1.19406,0.466797,-0.122983,2.30703,2.07235,2.51799,10,42102,32.2918,1.84024
1776813818319701818,1.19406,0.511719,-0.114549,2.35196,2.83149,2.5841,10,42118,32.3041,2.14777
1776813818324755662,1.20336,0.511719,-0.092971,2.65949,2.83149,2.5841,10,42130,32.3133,2.29873
1776813818329714488,1.20336,0.417969,-0.0837661,2.7167,3.08798,2.59081,10,42153,32.3309,2.61034
1776813818334697777,1.2055,0.417969,-0.0639907,3.02831,3.08798,2.59081,10,42166,32.3409,2.75303
1776813818339656178,1.2055,-0.078125,-0.0540229,2.67491,2.83182,2.32179,10,42191,32.3601,2.92437
1776813818344695170,1.20718,-0.078125,-0.0331584,2.84625,2.83182,2.32179,10,42204,32.3701,2.90803
1776813818349699903,1.20718,-0.375,-0.0231868,2.53303,2.30859,2.16346,10,42229,32.3892,2.92027
1776813818354696137,1.20488,-0.375,-0.00631629,2.54527,2.30859,2.16346,10,42244,32.4007,2.91326
1776813818359698389,1.20488,-0.414062,0.00518883,2.4992,2.07172,2.12635,10,42269,32.4199,3.06962
1776813818364706103,1.19909,-0.414062,0.0185689,2.65556,2.07172,2.12635,10,42284,32.4314,3.06854
1776813818369695855,1.19909,-0.404297,0.030074,2.66425,1.90472,2.09448,10,42311,32.4521,3.22113
1776813818374701533,1.19694,-0.404297,0.0601376,2.81619,1.90472,2.09448,10,42336,32.4713,3.22125
1776813818379701378,1.19694,-0.601562,0.067809,2.61969,1.8014,1.96816,10,42358,32.4882,3.37583
1776813818384703055,1.18995,-0.601562,0.077691,2.77427,1.8014,1.96816,10,42375,32.5012,3.37583
1776813818389676993,1.18995,-0.814453,0.0907296,2.56138,2.0483,1.80155,10,42399,32.5196,3.37448
1776813818394709522,1.18235,-0.814453,0.101544,2.56003,2.0483,1.80155,10,42416,32.5327,3.52648
1776813818399691718,1.18235,-0.96875,0.114583,2.55773,2.16375,1.66433,10,42446,32.5557,3.68339
1776813818404704396,1.17401,-0.96875,0.129252,2.71464,2.16375,1.66433,10,42462,32.5679,3.52789
1776813818409695222,1.17401,-0.960938,0.141524,2.56695,1.95568,1.61454,10,42490,32.5894,3.37448
1776813818414705307,1.16873,-0.960938,0.157719,2.41354,1.95568,1.61454,10,42506,32.6017,3.37111
1776813818419703504,1.16873,-0.845703,0.169991,2.52541,1.48864,1.64583,10,42536,32.6247,3.67604
1776813818424710311,1.15564,-0.845703,0.179904,2.83033,1.48864,1.64583,10,42553,32.6377,3.67604
1776813818429700100,1.15564,-0.833984,0.192943,2.84205,1.37331,1.56692,10,42584,32.6615,3.68711
1776813818434697241,1.15098,-0.833984,0.21206,2.85312,1.37331,1.56692,10,42602,32.6753,3.67971
1776813818439647345,1.15098,-0.974609,0.225865,2.7051,1.60113,1.45625,10,42634,32.6999,3.8376
1776813818444692430,1.15098,-0.974609,0.250409,2.86299,1.60113,1.45625,10,42654,32.7152,3.97913
1776813818449692904,1.13809,-0.974609,0.25286,3.00452,1.60113,1.45625,10,42682,32.7367,4.15196
1776813818454694285,1.13809,-1.11914,0.274333,3.03282,1.54211,1.28918,10,42716,32.7628,4.29277
1776813818459695315,1.12233,-1.11914,0.28465,3.17363,1.54211,1.28918,10,42736,32.7781,4.1272
1776813818464707752,1.12233,-1.12109,0.299992,3.00611,1.25822,1.18413,10,42770,32.8042,4.00306
1776813818469690041,1.11624,-1.12109,-0.308335,2.88196,1.25822,1.18413,10,42790,32.8195,4.28421
1776813818474694534,1.11624,-1.07227,-0.292996,3.21194,0.968264,1.17168,10,42823,32.8448,4.1487
1776813818479698322,1.10012,-1.07227,-0.283801,3.07644,1.31304,1.06473,10,42837,32.8556,3.83683
1776813818484694574,1.10012,-1.04883,-0.273063,2.788,1.31304,1.06473,10,42839,32.8571,2.30287
1776813818489660123,1.0941,-1.04883,-0.277554,1.25404,1.31304,1.06473,10,42823,32.8448,-0.612546
1776813818494700948,1.0941,4.51172,-0.289826,3.89917,1.54361,4.20748,10,42815,32.8387,-2.15069
1776813818499724552,1.10736,4.51172,-0.2827,2.36103,1.54361,4.20748,10,42814,32.8379,-0.766448
1776813818504697508,1.10736,4.44922,-0.283471,3.68277,2.56399,4.26005,10,42814,32.8379,-0.154175
1776813818509693334,1.13257,4.44922,-0.258256,4.29504,2.56399,4.26005,10,42822,32.8441,0
1776813818514691938,1.13257,1.14453,-0.252118,1.14453,2.775,2.54317,10,42834,32.8533,1.68864
1776813818519698263,1.13257,1.14453,-0.242913,2.83317,2.775,2.54317,10,42841,32.8586,1.38037
1776813818524696145,1.17054,1.14453,-0.19958,2.5249,2.16996,2.79203,10,42854,32.8686,1.53412
1776813818529701489,1.17054,0.798828,-0.189608,2.33295,1.84112,2.59498,10,42867,32.8786,1.84134
1776813818534693445,1.18919,0.798828,-0.160985,2.64017,1.84112,2.59498,10,42877,32.8862,1.68728
1776813818539649790,1.18919,1.04297,-0.153317,2.73025,2.35751,2.85539,10,42896,32.9008,2.14767
1776813818544693578,1.19926,1.04297,-0.128678,3.19064,2.35751,2.85539,10,42905,32.9077,2.30103
1776813818549721589,1.19926,0.527344,-0.121777,2.82837,2.24922,2.62661,10,42924,32.9223,1.99396
1776813818554708230,1.20383,0.527344,-0.10263,2.5213,2.24922,2.62661,10,42935,32.9307,2.30103
1776813818559691260,1.20383,0.292969,-0.0941914,2.59399,2.9651,2.52257,10,42954,32.9453,2.30057
1776813818564694901,1.21087,0.292969,-0.0725792,2.59353,2.9651,2.52257,10,42965,32.9537,2.30011
1776813818569694560,1.21087,0.207031,-0.0641411,2.50714,3.08811,2.51896,10,42985,32.9691,2.30195
1776813818574769626,1.21225,0.207031,-0.047427,2.50898,3.08811,2.51896,10,42996,32.9775,2.4529
1776813818579708527,1.21225,-0.126953,-0.0389889,2.32595,2.70758,2.33745,10,43020,32.9959,2.45585
1776813818584720482,1.21362,-0.126953,-0.0192059,2.3289,2.70758,2.33745,10,43034,33.0067,2.91443
1776813818589677920,1.21362,-0.349609,-0.00846754,2.56482,2.4164,2.21939,10,43060,33.0266,3.06839
1776813818594709153,1.21362,-0.349609,0.0114757,2.71878,2.4164,2.21939,10,43075,33.0381,3.21098
1776813818599703923,1.21241,-0.349609,0.0217716,2.86137,2.4164,2.21939,10,43096,33.0542,3.07825
1776813818604698193,1.21241,-0.564453,0.0378772,2.51379,1.86697,2.08915,10,43123,33.0749,3.22049
1776813818609695908,1.20567,-0.564453,0.0518409,2.65603,1.86697,2.08915,10,43140,33.088,3.22189
1776813818614701123,1.20567,-0.660156,0.0648796,2.56174,1.8252,1.99113,10,43170,33.111,3.52713
1776813818619693968,1.19681,-0.660156,0.0790378,2.86697,1.8252,1.99113,10,43188,33.124,3.67753
1776813818624777978,1.19253,-0.71875,0.108495,3.12039,1.92725,1.90056,10,43226,33.1532,3.68195
1776813818629717379,1.19253,-0.90625,0.1177,2.7757,1.95154,1.76594,10,43244,33.1677,3.68195
1776813818634697334,1.18524,-0.90625,0.124213,2.7757,1.95154,1.76594,10,43262,33.1815,3.8307
1776813818639722734,1.18524,-1.01172,0.138019,2.81898,2.16125,1.65855,10,43294,33.2061,3.83914
1776813818644716801,1.17947,-1.01172,0.156797,2.82742,2.16125,1.65855,10,43313,33.2207,3.83223
1776813818649776367,1.17947,-1.19336,0.171369,2.63887,1.59103,1.51757,10,43345,33.2452,3.99184
1776813818654760786,1.16391,-1.19336,0.180349,2.79848,1.59103,1.51757,10,43363,33.259,3.83377
1776813818659718371,1.16391,-1.1875,0.194154,2.64627,1.44379,1.41949,10,43394,33.2828,3.83683
1776813818664701475,1.16391,-1.1875,0.217931,2.64933,1.44379,1.41949,10,43412,33.2966,3.67971
1776813818669698986,1.1582,-1.1875,0.22603,2.49221,1.44379,1.41949,10,43437,33.3158,3.8353
1776813818674697775,1.1582,-1.1875,0.22603,2.49221,1.44379,1.41949,10,43437,33.3158,3.8353
1776813818679708546,1.1582,-1.0625,0.245206,2.7728,1.47869,1.45343,10,43489,33.3556,3.8353
1776813818684696298,1.13589,-1.13086,0.281953,2.70597,1.42475,1.30699,10,43521,33.3802,3.98549
1776813818689655772,1.12502,-1.13086,0.276452,2.85463,1.42475,1.30699,10,43540,33.3948,3.98549
1776813818694690764,1.12502,-1.18164,0.291024,2.80385,1.10924,1.1674,10,43581,33.4262,4.30137
1776813818699696350,1.11345,-1.18164,0.310907,3.11973,1.10924,1.1674,10,43597,33.4385,4.30137
1776813818704715972,1.11345,-1.1875,-0.30514,3.11387,1.12942,1.08755,10,43635,33.4676,3.99504
1776813818709709816,1.10753,-1.1875,-0.281918,2.80754,1.86468,1.04825,10,43649,33.4784,2.60825
1776813818714695957,1.10753,-0.939453,-0.27118,1.6688,1.86468,1.04825,10,43644,33.4745,2.60825
1776813818719708153,1.09058,-0.939453,-0.291968,1.6688,2.56019,1.07682,10,43627,33.4615,-2.1481
1776813818724698072,1.09058,4.66797,-0.305007,2.51986,2.56019,1.07682,10,43625,33.46,-2.1481
1776813818729704916,1.10384,4.66797,-0.293276,2.51986,1.90782,4.36136,10,43623,33.4584,-0.306702
1776813818734706001,1.10384,2.57031,-0.29481,2.26361,1.90782,4.36136,10,43624,33.4592,-0.306702
1776813818739651365,1.10384,2.57031,-0.294043,2.26361,2.18411,3.16569,10,43635,33.4676,1.53259
1776813818744693524,1.14634,2.57031,-0.243109,4.1029,2.18411,3.16569,10,43640,33.4715,1.53259
1776813818749691072,1.14634,2.57031,-0.243109,4.1029,2.18411,3.16569,10,43640,33.4715,1.53259
1776813818754698879,1.17432,1.20898,-0.190583,2.89618,2.22137,2.67046,10,43670,33.4945,1.99432
1776813818759700205,1.17432,0.916016,-0.188283,2.91034,2.04805,2.68642,10,43681,33.5029,1.84097
1776813818764702791,1.18768,0.916016,-0.166483,2.75699,2.04805,2.68642,10,43691,33.5106,1.84097
1776813818769693357,1.18768,1.22852,-0.158812,3.06949,2.24833,2.95137,10,43707,33.5229,1.99472
1776813818774696165,1.19833,1.22852,-0.135895,3.22324,2.24833,2.95137,10,43714,33.5282,1.99472
1776813818779693250,1.19833,0.779297,-0.130528,2.77402,3.11974,2.76423,10,43735,33.5443,2.30103
1776813818784735039,1.20322,0.779297,-0.10953,3.08032,3.11974,2.76423,10,43745,33.552,2.30103
1776813818789679476,1.20322,0.53125,-0.101863,2.83228,3.44187,2.65442,10,43764,33.5666,2.30195
1776813818794707487,1.21564,0.53125,-0.0748659,2.8332,3.44187,2.65442,10,43773,33.5735,2.30195
1776813818799727942,1.21564,0.367188,-0.0679613,2.66913,2.93838,2.64094,10,43798,33.5926,2.60773
1776813818804708731,1.21794,0.367188,-0.0464884,2.97491,2.93838,2.64094,10,43812,33.6034,2.60773
1776813818809696446,1.21794,-0.253906,-0.03575,2.35382,2.39798,2.30171,10,43836,33.6218,3.06793
1776813818814729883,1.21794,-0.253906,-0.0173403,2.81402,2.39798,2.30171,10,43847,33.6302,3.06793
1776813818819729431,1.21964,-0.253906,-0.00720845,2.81402,2.39798,2.30171,10,43866,33.6448,3.06471
1776813818824744628,1.21964,-0.253906,-0.00720845,2.81402,2.39798,2.30171,10,43866,33.6448,3.06471
1776813818829726805,1.21964,-0.570312,0.00736753,2.4944,1.94742,2.13227,10,43910,33.6785,2.91443
1776813818834710687,1.2121,-0.609375,0.0458464,2.45902,1.78226,2.08379,10,43935,33.6977,3.06916
1776813818839715587,1.20597,-0.609375,0.046615,2.45978,1.98343,2.022,10,43956,33.7138,3.37313
1776813818844702209,1.20597,-0.59375,0.0627207,2.77938,1.98343,2.022,10,43972,33.7261,3.37313
1776813818849698461,1.2,-0.59375,0.0690245,2.77938,2.36219,1.99238,10,43999,33.7468,3.22189
1776813818854708361,1.2,-0.642578,0.0897345,2.57932,2.36219,1.99238,10,44016,33.7598,3.22189
1776813818859706910,1.19694,-0.642578,0.0997194,2.57932,2.33334,1.94481,10,44046,33.7829,3.52995
1776813818864700236,1.19694,-0.962891,0.12273,2.56706,2.33334,1.94481,10,44065,33.7974,3.52995
1776813818869717247,1.18524,-0.962891,0.125596,2.56706,1.9185,1.6864,10,44097,33.822,3.98785
1776813818874705147,1.18524,-1.05469,0.15014,2.93316,1.9185,1.6864,10,44116,33.8365,3.98785
1776813818879714195,1.18022,-1.05469,0.159696,2.93316,1.61004,1.6015,10,44147,33.8603,3.83376
1776813818884697243,1.18022,-1.14648,0.183473,2.68728,1.61004,1.6015,10,44166,33.8749,3.83376
1776813818889690828,1.18022,-1.14648,0.198045,2.68728,1.50652,1.54917,10,44200,33.901,4.14117
1776813818894703006,1.17539,-1.14648,0.219289,2.99469,1.50652,1.54917,10,44215,33.9125,4.14117
1776813818899699239,1.17539,-1.12695,0.230794,3.01422,1.43859,1.52886,10,44253,33.9416,3.98868
1776813818904697102,1.15849,-1.12695,0.24304,2.86173,1.43859,1.52886,10,44268,33.9531,3.98868
1776813818909706743,1.15849,-1.17578,0.254545,2.8129,1.53303,1.39074,10,44309,33.9846,4.28849
1776813818914700199,1.14724,-1.17578,0.274743,3.11271,1.53303,1.39074,10,44322,33.9945,4.28849
1776813818919704839,1.14724,-1.20703,0.284715,3.08146,1.56188,1.29924,10,44364,34.0268,4.29535
1776813818924704277,1.13513,-1.20703,0.304815,3.08832,1.56188,1.29924,10,44377,34.036,4.29535
1776813818929722806,1.13513,-1.24414,-0.313532,3.05121,1.53723,1.19846,10,44415,34.0659,3.83991
1776813818934706280,1.12278,-1.24414,-0.296736,2.59577,1.53723,1.19846,10,44429,34.0766,3.83991
1776813818939662236,1.12278,-1.19141,-0.286002,2.6485,1.74838,1.14703,10,44463,34.1027,3.67677
1776813818944685951,1.11092,-1.19141,-0.271776,2.48536,1.74838,1.14703,10,44466,34.105,3.67677
1776813818949696073,1.11092,-0.683594,-0.269476,2.99318,2.23386,1.35798,10,44455,34.0966,-1.38064
1776813818954695880,1.10029,-0.683594,-0.288542,-2.06424,2.23386,1.35798,10,44448,34.0912,-1.38064
1776813818959703651,1.10029,4.88672,-0.293909,3.50607,2.4259,4.46247,10,44445,34.0889,-0.307465
1776813818964717588,1.10029,4.88672,-0.296213,4.57925,2.4259,4.46247,10,44445,34.0889,-0.307465
1776813818969693506,1.12085,4.88672,-0.275652,4.57925,2.4259,4.46247,10,44451,34.0935,0.154114
1776813818974700499,1.12085,2.08789,-0.271048,2.242,2.31238,3.00351,10,44466,34.105,1.84171
1776813818979723325,1.16998,2.08789,-0.210421,3.9296,2.11624,3.32607,10,44476,34.1127,1.84171
1776813818984706947,1.16998,0.826172,-0.202753,2.66788,2.11624,3.32607,10,44486,34.1203,1.68686
1776813818989681421,1.17675,0.826172,-0.188303,2.51303,2.11624,3.32607,10,44499,34.1303,2.14725
1776813818994707469,1.17675,0.515625,-0.178332,2.66287,2.20784,2.47402,10,44517,34.1441,1.99472
1776813818999693721,1.19256,0.515625,-0.148726,2.51035,2.20784,2.47402,10,44524,34.1495,1.99472
1776813819004709973,1.19256,0.888672,-0.143359,2.88339,2.28945,2.78922,10,44541,34.1625,1.84021
1776813819009699540,1.19575,0.888672,-0.127127,2.72888,3.21319,2.80988,10,44554,34.1725,1.84097
1776813819014701996,1.19575,0.771484,-0.117155,2.61246,3.21319,2.80988,10,44564,34.1802,1.84097
1776813819019695822,1.20751,0.771484,-0.0977157,2.61246,3.21319,2.80988,10,44577,34.1901,2.14596
1776813819024697574,1.20751,0.636719,-0.087744,2.78268,3.47185,2.74226,10,44600,34.2078,2.45438
1776813819029692900,1.21044,0.636719,-0.0671828,3.09109,3.13726,2.76109,10,44618,34.2216,2.76108
1776813819034707281,1.21044,0.0488281,-0.0533774,2.80991,3.13726,2.76109,10,44631,34.2308,2.76108
1776813819039659904,1.21044,0.0488281,-0.0434058,2.80991,2.3834,2.42599,10,44654,34.2492,2.9156
1776813819044698971,1.21595,0.0488281,-0.0202506,2.96442,2.3834,2.42599,10,44665,34.2576,2.9156
1776813819049693834,1.21595,-0.527344,-0.0118125,2.38825,2.2593,2.13308,10,44696,34.2814,3.22254
1776813819054783992,1.21137,-0.527344,0.00737923,2.69519,2.2593,2.13308,10,44708,34.2906,3.22254
1776813819059722930,1.21137,-0.589844,0.0165841,2.63269,1.66142,2.06794,10,44741,34.3159,3.37524
1776813819064705756,1.20555,-0.589844,0.036081,2.7854,1.66142,2.06794,10,44752,34.3244,3.37524
1776813819069817063,1.20555,-0.628906,0.0445153,2.74634,1.77529,2.00821,10,44783,34.3481,3.22177
1776813819074765760,1.19927,-0.628906,0.0620057,2.59287,1.77529,2.00821,10,44795,34.3573,3.22177
1776813819079718494,1.19927,-0.708984,0.0712106,2.51279,2.03101,1.92198,10,44828,34.3826,3.67604
1776813819084702005,1.1927,-0.708984,0.089956,2.96705,2.03101,1.92198,10,44842,34.3934,3.67604
1776813819089656535,1.1927,-0.830078,0.100694,2.84596,2.04287,1.8105,10,44876,34.4195,3.52859
1776813819094699583,1.18512,-0.830078,0.119188,2.69852,2.04287,1.8105,10,44889,34.4294,3.52859
1776813819099695668,1.18512,-1.00391,0.12916,2.52469,2.09818,1.66225,10,44923,34.4555,3.6768
1776813819104692402,1.17585,-1.00391,0.145971,2.67289,2.09818,1.66225,10,44936,34.4655,3.6768
1776813819109706228,1.17585,-1.10547,0.155943,2.57133,1.64692,1.54414,10,44971,34.4923,3.8353
1776813819114697665,1.17585,-1.10547,0.182787,2.72983,1.64692,1.54414,10,44985,34.5031,3.8353
1776813819119706713,1.1653,-1.10547,0.18297,2.72983,1.64692,1.54414,10,45008,34.5207,3.68266
1776813819124698336,1.1653,-1.09375,0.200609,2.58891,1.60038,1.48202,10,45042,34.5468,3.53136
1776813819129694847,1.15445,-1.09375,0.215833,2.43761,1.31341,1.41106,10,45067,34.566,3.68195
1776813819134691395,1.15445,-1.04297,0.23501,2.63898,1.31341,1.41106,10,45086,34.5805,3.68195
1776813819139647036,1.13873,-1.04297,0.233869,2.63898,1.31341,1.41106,10,45107,34.5966,3.98629
1776813819144694066,1.13873,-1.03906,0.249975,2.94723,1.23573,1.33909,10,45138,34.6204,3.99024
1776813819149697244,1.13454,-1.03906,0.26956,2.95118,1.23573,1.33909,10,45158,34.6358,3.98785
1776813819154702644,1.13454,-1.125,0.284902,2.86285,1.17469,1.26249,10,45197,34.6657,4.14283
1776813819159692840,1.11716,-1.125,0.297437,3.01783,1.17469,1.26249,10,45214,34.6787,4.14283
1776813819164815054,1.11716,-1.16406,0.310476,2.97876,1.02208,1.12548,10,45254,34.7094,4.29459
1776813819169728696,1.11137,-1.16406,-0.292955,3.13052,1.30711,1.08709,10,45281,34.7301,4.14117
1776813819174707133,1.11137,-1.13867,-0.272249,3.0025,1.30711,1.08709,10,45301,34.7454,3.37448
1776813819179699607,1.09397,-1.13867,-0.274313,2.23581,2.01209,0.985882,10,45306,34.7493,1.07422
1776813819184697656,1.09397,-0.572266,-0.270475,0.501953,2.01209,0.985882,10,45293,34.7393,-1.53396
1776813819189669130,1.09397,-0.572266,-0.280447,-2.10623,2.39172,1.30873,10,45283,34.7316,-1.84134
1776813819194706752,1.08458,-0.572266,-0.29751,-2.41361,2.39172,1.30873,10,45283,34.7316,-1.84134
1776813819199699949,1.08458,4.63281,-0.29751,2.79147,1.56641,4.21296,10,45281,34.7301,-0.153351
1776813819204708330,1.1062,4.63281,-0.277418,4.47946,1.56641,4.21296,10,45281,34.7301,-0.153351
1776813819209699527,1.1062,2.49609,-0.277418,2.34274,2.31495,3.13908,10,45292,34.7385,1.07422
1776813819214700112,1.16,2.49609,-0.215181,3.57031,2.31495,3.13908,10,45297,34.7424,1.07422
1776813819219706345,1.16,1.26953,-0.211348,2.34375,2.24908,2.79448,10,45312,34.7539,1.68762
1776813819224718430,1.16905,1.26953,-0.190786,2.95715,2.24908,2.79448,10,45318,34.7585,1.68762
1776813819229700479,1.16905,1.02344,-0.186182,2.71106,2.00052,2.71332,10,45331,34.7684,1.07346
1776813819234707453,1.19117,1.02344,-0.154097,2.09689,2.00052,2.71332,10,45338,34.7738,1.07346
1776813819239657483,1.19117,1.36328,-0.148726,2.43674,2.30927,3.05079,10,45354,34.7861,1.8406
1776813819244701513,1.19712,1.36328,-0.13051,3.20389,2.30927,3.05079,10,45364,34.7938,1.8406
1776813819249696005,1.19712,1.36328,-0.13051,3.20389,2.30927,3.05079,10,45364,34.7938,1.8406
1776813819254697350,1.21457,0.994141,-0.0877476,3.14224,2.30927,2.87886,10,45391,34.8145,2.1481
1776813819259707546,1.21457,0.515625,-0.0846806,2.66373,3.23545,2.71866,10,45405,34.8252,1.99353
1776813819264709243,1.21457,0.515625,-0.0739422,2.50915,3.23545,2.71866,10,45415,34.8329,2.14767
1776813819269700884,1.2218,0.515625,-0.0590344,2.6633,3.23545,2.71866,10,45430,34.8444,2.30057
1776813819274695988,1.2218,0.164062,-0.0475369,2.46463,3.57848,2.56476,10,45451,34.8605,2.30241
1776813819279734221,1.22505,0.164062,-0.0281773,2.46647,3.57848,2.56476,10,45465,34.8712,2.4529
1776813819284707065,1.22505,-0.34375,-0.0174389,2.10915,2.67697,2.29615,10,45489,34.8896,2.9156
1776813819289675410,1.22442,-0.34375,0.000337556,2.57185,2.67697,2.29615,10,45503,34.9004,2.91268
1776813819294693625,1.22442,-0.458984,0.0110759,2.4537,2.24844,2.22642,10,45528,34.9195,2.9156
1776813819299697099,1.2224,-0.458984,0.0282306,2.45661,2.24844,2.22642,10,45542,34.9303,3.06916
1776813819304701147,1.2224,-0.566406,0.0389652,2.50275,1.86736,2.15223,10,45568,34.9502,2.91443
1776813819309716381,1.21442,-0.566406,0.0509243,2.34802,1.86736,2.15223,10,45583,34.9617,3.21406
1776813819314710985,1.21442,-0.601562,0.0624294,2.6125,2.00347,2.08089,10,45612,34.984,3.22888
1776813819319736088,1.21166,-0.601562,0.0819187,2.62732,2.00347,2.08089,10,45629,34.997,3.52507
1776813819324705063,1.21166,-0.775391,0.0949573,2.74968,2.16252,1.96408,10,45657,35.0185,3.53136
1776813819329744092,1.20126,-0.775391,0.106035,2.75597,2.16252,1.96408,10,45674,35.0315,3.37187
1776813819334707530,1.20126,-0.880859,0.119074,2.49101,2.44139,1.83691,10,45706,35.0561,3.68413
1776813819339687578,1.20126,-0.880859,0.143618,2.80327,2.44139,1.83691,10,45725,35.0706,3.97513
1776813819344724330,1.19729,-0.880859,0.154215,3.09427,2.08929,1.81121,10,45754,35.0929,4.00229
1776813819349709397,1.19729,-1.16406,0.176458,2.83823,1.48326,1.64978,10,45789,35.1197,3.98788
1776813819354699130,1.17616,-1.16406,0.18218,2.82382,1.48326,1.64978,10,45809,35.1351,3.98788
1776813819359724456,1.17616,-1.09961,0.197519,2.88828,1.90253,1.5495,10,45835,35.155,3.83453
1776813819364705004,1.16468,-1.09961,0.205973,2.73492,1.90253,1.5495,10,45853,35.1688,3.8353
1776813819369704979,1.16468,-1.10938,0.219778,2.72592,1.64408,1.46906,10,45886,35.1941,3.9847
1776813819374703379,1.15371,-1.10938,0.234121,2.87532,1.64408,1.46906,10,45905,35.2087,3.8376
1776813819379702297,1.15371,-1.17578,0.248693,2.66182,1.40418,1.35947,10,45936,35.2325,3.98948
1776813819384689142,1.14246,-1.17578,0.261225,2.8137,1.40418,1.35947,10,45955,35.247,3.67827
1776813819389664172,1.14246,-1.23242,0.275797,2.44585,1.13881,1.2534,10,45989,35.2731,3.99108
1776813819394693757,1.13024,-1.23242,0.289648,2.75866,1.13881,1.2534,10,46007,35.2869,4.13456
1776813819399691343,1.13024,-1.24219,0.303453,2.89237,1.12851,1.16734,10,46040,35.3122,3.99504
1776813819404700168,1.11805,-1.24219,-0.311739,2.75285,1.12851,1.16734,10,46058,35.326,3.82917
1776813819409713402,1.11805,-1.20703,-0.297933,2.62214,1.10547,1.10689,10,46090,35.3506,3.84221
1776813819414723154,1.11805,-1.20703,-0.27339,2.63518,1.10547,1.10689,10,46104,35.3613,3.833
1776813819419703517,1.10577,-1.20703,-0.274931,2.62597,1.10547,1.10689,10,46118,35.3721,2.76218
1776813819424708639,1.10577,-1.20703,-0.274931,2.62597,1.10547,1.10689,10,46118,35.3721,2.76218
1776813819429705465,1.10577,-0.433594,-0.264192,2.32859,1.13586,1.46631,10,46097,35.356,-1.99393
1776813819434702440,1.09031,4.52539,-0.29883,3.14496,2.70846,1.36338,10,46092,35.3521,-0.614289
1776813819439651025,1.11434,4.52539,-0.275568,3.9111,1.53506,4.34977,10,46094,35.3537,0.307465
1776813819444689777,1.11434,2.61719,-0.27403,2.92465,1.53506,4.34977,10,46100,35.3583,0.307465
1776813819449693936,1.15024,2.61719,-0.23353,2.92465,1.53506,4.34977,10,46108,35.3644,0.919921
1776813819454696522,1.15024,2.25195,-0.227396,3.17187,2.11307,3.29055,10,46120,35.3736,1.22681
1776813819459701848,1.15791,2.25195,-0.21052,3.47876,2.11307,3.29055,10,46126,35.3782,1.22681
1776813819464700396,1.15791,1.41406,-0.205915,2.64087,2.10351,2.86321,10,46141,35.3897,1.84134
1776813819469693833,1.18345,1.41406,-0.168871,3.2554,2.35031,3.02968,10,46153,35.3989,1.38016
1776813819474693493,1.18345,1.21484,-0.15967,2.595,2.35031,3.02968,10,46163,35.4066,1.84097
1776813819479695726,1.19427,1.21484,-0.14118,3.05582,3.05637,2.98626,10,46175,35.4158,1.68686
1776813819484781588,1.19427,0.90625,-0.131975,2.59311,3.05637,2.98626,10,46187,35.425,1.84097
1776813819489675989,1.19427,0.90625,-0.122774,2.74722,3.58631,2.81036,10,46201,35.4357,2.14725
1776813819494700926,1.20784,0.90625,-0.0984705,3.0535,3.58631,2.81036,10,46214,35.4457,2.14725
1776813819499738826,1.20784,0.421875,-0.0884989,2.56912,3.27873,2.62187,10,46237,35.4633,2.91443
1776813819504762244,1.21551,0.421875,-0.0631845,3.3363,3.27873,2.62187,10,46247,35.471,2.91443
1776813819509725145,1.21551,-0.125,-0.0555132,2.78943,2.74576,2.35958,10,46275,35.4925,2.91519
1776813819514715508,1.21642,-0.125,-0.0331285,2.79019,2.74576,2.35958,10,46286,35.5009,2.91519
1776813819519710038,1.21642,-0.421875,-0.0246942,2.49332,2.13972,2.19619,10,46313,35.5216,2.91385
1776813819524701586,1.21367,-0.421875,-0.00673465,2.49197,2.13972,2.19619,10,46325,35.5308,2.91385
1776813819529702505,1.21367,-0.550781,0.00247023,2.36306,1.76147,2.10502,10,46354,35.5531,3.06839
1776813819534698664,1.20844,-0.550781,0.0194914,2.51761,1.76147,2.10502,10,46365,35.5615,3.06839
1776813819539662213,1.20844,-0.554688,0.0279257,2.51371,1.78825,2.06915,10,46394,35.5838,3.06717
1776813819544697076,1.20311,-0.554688,0.0448286,2.51248,1.78825,2.06915,10,46404,35.5914,3.06717
1776813819549726087,1.20311,-0.548828,0.0525,2.51834,1.92773,2.03807,10,46433,35.6137,2.91385
1776813819554697987,1.19761,-0.548828,0.0692503,2.36502,1.92773,2.03807,10,46443,35.6213,2.91385
1776813819559695924,1.19761,-0.574219,0.0769179,2.33963,2.3252,1.98809,10,46473,35.6443,3.06839
1776813819564698861,1.19761,-0.574219,0.0999281,2.49417,2.3252,1.98809,10,46484,35.6528,3.06839
1776813819569720169,1.19196,-0.574219,0.102713,2.49417,2.3252,1.98809,10,46506,35.6697,3.22177
1776813819574726606,1.19196,-0.712891,0.119585,2.50888,2.16468,1.87248,10,46537,35.6934,3.22125
1776813819579709691,1.18225,-0.712891,0.13365,2.50836,2.16468,1.87248,10,46548,35.7019,3.22125
1776813819584742184,1.18225,-0.712891,0.13365,2.50836,2.16468,1.87248,10,46548,35.7019,3.22125
1776813819589700232,1.18225,-0.712891,0.13365,2.50836,2.16468,1.87248,10,46548,35.7019,3.22125
