timestamp,torso_pitch,torso_pitch_rate,wheel_pos,wheel_vel,wheel_torque,wheel_cmd_torque,mot_drv_mode,encoder_steps,encoder_ang,encoder_speed
1776813369355521856,0,0,0,0,0,0,0,-3,-0.00230097,0
1776813369360381965,0,0,0,0,0,0,0,-3,-0.00230097,0
1776813369365380164,0,0,0.314159,0,0,0,0,-3,-0.00230097,0
1776813369370324754,0,0,0.314159,0,0,0,0,-3,-0.00230097,0
1776813369375360044,0,0,0.314159,0,0,0,0,-3,-0.00230097,0
1776813369380322059,0,0,0.314159,0,0,0,0,-3,-0.00230097,0
1776813369385319406,0,0,0.314159,0,0,0,0,-3,-0.00230097,0
1776813369390319383,0,0,0.314159,0,0,0,0,-3,-0.00230097,0
1776813369395325823,0,0,0.314159,0,0,0,0,-3,-0.00230097,0
1776813369400330707,0,0,0.314159,0,0,0,0,-3,-0.00230097,0
1776813369405316295,0,0,0.314159,0,0,0,0,-3,-0.00230097,0
1776813369410321124,0,0,0.314159,0,0,0,0,-3,-0.00230097,0
1776813369415315638,0,0,0.314159,0,0,0,0,-3,-0.00230097,0
1776813369420317374,0,0,0.314159,0,0,0,0,-3,-0.00230097,0
1776813369425409997,0,0,0.314159,0,0,0,0,-3,-0.00230097,0
1776813369430360919,0,0,0.314159,0,0,0,0,-3,-0.00230097,0
1776813369435327656,0,0,0.314159,0,0,0,0,-3,-0.00230097,0
1776813369440330392,0,0,0.314159,0,0,0,0,-3,-0.00230097,0
1776813369445325647,0,0,0.314159,0,0,0,0,-3,-0.00230097,0
1776813369450331197,0,0,0.314159,0,0,0,0,-3,-0.00230097,0
1776813369455326434,0,0,0.314159,0,0,0,0,-3,-0.00230097,0
1776813369460319633,0,0,0.314159,0,0,0,0,-3,-0.00230097,0
1776813369465343961,0,0,0.314159,0,0,0,0,-3,-0.00230097,0
1776813369470327049,0,0,0.314159,0,0,0,0,-3,-0.00230097,0
1776813369475316174,0,0,0.314159,0,0,0,0,-3,-0.00230097,0
1776813369480315485,0,0,0.314159,0,0,0,0,-3,-0.00230097,0
1776813369485328017,0,0,0.314159,0,0,0,0,-3,-0.00230097,0
1776813369490331938,0,0,0.314159,0,0,0,0,-3,-0.00230097,0
1776813369495326730,0,0,0.314159,0,0,0,0,-3,-0.00230097,0
1776813369500330503,0,0,0.314159,0,0,0,0,-3,-0.00230097,0
1776813369505312202,0,0,0.314159,0,0,0,0,-3,-0.00230097,0
1776813369510379455,0,0,0.314159,0,0,0,0,-3,-0.00230097,0
1776813369515410339,0,0,0.314159,0,0,0,0,-3,-0.00230097,0
1776813369520334836,0,0,0.314159,0,0,0,0,-3,-0.00230097,0
1776813369525372034,0,0,0.314159,0,0,0,0,-3,-0.00230097,0
1776813369530333882,0,0,0.314159,0,0,0,0,-3,-0.00230097,0
1776813369535364154,0,0,0.314159,0,0,0,0,-3,-0.00230097,0
1776813369540319429,0,0,0.314159,0,0,0,0,-3,-0.00230097,0
1776813369545317183,nan,0.00195312,inf,0.00195312,0,0,2,-3,-0.00230097,0
1776813369550315049,nan,0.00195312,inf,0.00195312,0,0,11,-3,-0.00230097,0
1776813369555300471,3.06674,0.00195312,0.314159,0.00195312,0,0,0,-3,-0.00230097,0
1776813369560309595,3.06674,0.00195312,0.314159,0.00195312,0,0,3,-3,-0.00230097,0
1776813369565337572,3.06674,0.00195312,0.314159,0.00195312,0,0,3,-3,-0.00230097,0
1776813369570326826,3.06674,-0.00195312,0.314159,-0.00195312,0,0,10,-3,-0.00230097,0
1776813369575331766,3.06674,-0.00195312,0.314159,-0.00195312,0,0,10,-3,-0.00230097,0
1776813369580315854,3.06674,-0.00585938,0.314159,-0.00585938,0,0,10,-3,-0.00230097,0
1776813369585316313,3.06674,-0.00195312,0.314159,-0.00195312,0,0,10,-3,-0.00230097,0
1776813369590392640,3.06674,-0.00195312,0.314159,-0.00195312,0,0,10,-3,-0.00230097,0
1776813369595363062,3.06674,0.00195312,0.314159,0.00195312,0,0,10,-3,-0.00230097,0
1776813369600326261,3.06674,0.00195312,0.314159,0.00195312,0,0,10,-3,-0.00230097,0
1776813369605356386,3.06674,0,0.314159,0,0,0,10,-3,-0.00230097,0
1776813369610326697,3.06674,0,0.314159,0,0,0,10,-3,-0.00230097,0
1776813369615370709,3.06674,0.00585938,0.314159,0.00585938,0,0,10,-3,-0.00230097,0
1776813369620335039,3.06674,0.00585938,0.314159,0.00585938,0,0,10,-3,-0.00230097,0
1776813369625333479,3.06674,0,0.314159,0,0,0,10,-3,-0.00230097,0
1776813369630327937,3.06674,0,0.314159,0,0,0,10,-3,-0.00230097,0
1776813369635326173,3.06674,-0.00195312,0.314159,-0.00195312,0,0,10,-3,-0.00230097,0
1776813369640339057,3.06673,-0.00195312,0.314159,-0.00195312,0,0,10,-3,-0.00230097,0
1776813369645325460,3.06673,-0.00195312,0.314159,-0.00195312,0,0,10,-3,-0.00230097,0
1776813369650324974,3.06673,-0.00195312,0.314159,-0.00195312,0,0,10,-3,-0.00230097,0
1776813369655304674,3.06673,0,0.314159,0,0,0,10,-3,-0.00230097,0
1776813369660334020,3.06673,0.00195312,0.314159,0.00195312,0,0,10,-3,-0.00230097,0
1776813369665318960,3.06674,0.00195312,0.314159,0.00195312,0,0,10,-3,-0.00230097,0
1776813369670313993,3.06674,-0.00195312,0.314159,-0.00195312,0,0,10,-3,-0.00230097,0
1776813369675318007,3.06674,-0.00195312,0.314159,-0.00195312,0,0,10,-3,-0.00230097,0
1776813369680320706,3.06674,-0.00195312,0.314159,-0.00195312,0,0,10,-3,-0.00230097,0
1776813369685330127,3.06674,-0.00195312,0.314159,-0.00195312,0,0,10,-3,-0.00230097,0
1776813369690319122,3.06661,0,0.314159,0,0,0,10,-3,-0.00230097,0
1776813369695318062,3.06661,0,0.314159,0,0,0,10,-3,-0.00230097,0
1776813369700323076,3.06661,0,0.314159,0,0,0,10,-3,-0.00230097,0
1776813369705298664,3.06661,0,0.314159,0,0,0,10,-3,-0.00230097,0
1776813369710321974,3.06661,0.00390625,0.314159,0.00390625,0,0,10,-3,-0.00230097,0
1776813369715315580,3.06661,0.00390625,0.314159,0.00390625,0,0,10,-3,-0.00230097,0
1776813369720321372,3.06674,-0.00390625,0.314159,-0.00390625,0,0,10,-3,-0.00230097,0
1776813369725318756,3.06674,0,0.314159,0,0,0,10,-3,-0.00230097,0
1776813369730353343,3.06661,0,0.314159,0,0,0,10,-3,-0.00230097,0
1776813369735349061,3.06661,0.00390625,0.314159,0.00390625,0,0,10,-3,-0.00230097,0
1776813369740321557,3.06674,0.00390625,0.314159,0.00390625,0,0,10,-3,-0.00230097,0
1776813369745326293,3.06674,-0.00195312,0.314159,-0.00195312,0,0,10,-3,-0.00230097,0
1776813369750323677,3.06674,-0.00195312,0.314159,-0.00195312,0,0,10,-3,-0.00230097,0
1776813369755299432,3.06674,0,0.314159,0,0,0,10,-3,-0.00230097,0
1776813369760312687,3.06661,0,0.314159,0,0,0,10,-3,-0.00230097,0
1776813369765321071,3.06661,-0.00195312,0.314159,-0.00195312,0,0,10,-3,-0.00230097,0
1776813369770322992,3.06661,-0.00195312,0.314159,-0.00195312,0,0,10,-3,-0.00230097,0
1776813369775334820,3.06661,-0.00195312,0.314159,-0.00195312,0,0,10,-3,-0.00230097,0
1776813369780727529,3.06661,-0.00195312,0.314159,-0.00195312,0,0,10,-3,-0.00230097,0
1776813369785339385,3.06661,0,0.314159,0,0,0,10,-3,-0.00230097,0
1776813369790323714,3.06661,0,0.314159,0,0,0,10,-3,-0.00230097,0
1776813369795330932,3.06661,0,0.314159,0,0,0,10,-3,-0.00230097,0
1776813369800321872,3.06661,0,0.314159,0,0,0,10,-3,-0.00230097,0
1776813369805330200,3.06661,0,0.314159,0,0,0,10,-3,-0.00230097,0
1776813369810320733,3.06661,0,0.314159,0,0,0,10,-3,-0.00230097,0
1776813369815322672,3.06661,0,0.314159,0,0,0,10,-3,-0.00230097,0
1776813369820318575,3.06661,0,0.314159,0,0,0,10,-3,-0.00230097,0
1776813369825334644,3.06673,0,0.314159,0,0,0,10,-3,-0.00230097,0
1776813369830320751,3.06673,-0.00195312,0.314159,-0.00195312,0,0,10,-3,-0.00230097,0
1776813369835316024,3.06673,-0.00195312,0.314159,-0.00195312,0,0,10,-3,-0.00230097,0
1776813369840330908,3.06673,-0.00195312,0.314159,-0.00195312,0,0,10,-3,-0.00230097,0
1776813369845335663,3.06661,-0.00195312,0.314159,-0.00195312,0,0,10,-3,-0.00230097,0
1776813369850357232,3.06661,-0.00195312,0.314159,-0.00195312,0,0,10,-3,-0.00230097,0
1776813369855293969,3.06661,0,0.314159,0,0,0,10,-3,-0.00230097,0
1776813369860327464,3.06661,0,0.314159,0,0,0,10,-3,-0.00230097,0
1776813369865370588,3.06661,0.00195312,0.314159,0.00195312,0,0,10,-3,-0.00230097,0
1776813369870334991,3.06661,0.00195312,0.314159,0.00195312,0,0,10,-3,-0.00230097,0
1776813369875330283,3.06661,0,0.314159,0,0,0,10,-3,-0.00230097,0
1776813369880329797,3.06661,0,0.314159,0,0,0,10,-3,-0.00230097,0
1776813369885322570,3.06661,0.00390625,0.314159,0.00390625,0,0,10,-3,-0.00230097,0
1776813369890360787,3.06661,0.00390625,0.314159,0.00390625,0,0,10,-3,-0.00230097,0
1776813369895329394,3.06661,-0.00195312,0.314159,-0.00195312,0,0,10,-3,-0.00230097,0
1776813369900345852,3.06673,-0.00195312,0.314159,-0.00195312,0,0,10,-3,-0.00230097,0
1776813369905317255,3.06673,-0.00585938,0.314159,-0.00585938,0,0,10,-3,-0.00230097,0
1776813369910315991,3.06661,-0.00585938,0.314159,-0.00585938,0,0,10,-3,-0.00230097,0
1776813369915316061,3.06661,-0.00195312,0.314159,-0.00195312,0,0,10,-3,-0.00230097,0
1776813369920320797,3.06661,-0.00195312,0.314159,-0.00195312,0,0,10,-3,-0.00230097,0
1776813369925315570,3.06661,-0.00195312,0.314159,-0.00195312,0,0,10,-3,-0.00230097,0
1776813369930338195,3.06661,-0.00195312,0.314159,-0.00195312,0,0,10,-3,-0.00230097,0
1776813369935355430,3.06661,-0.00195312,0.314159,-0.00195312,0,0,10,-3,-0.00230097,0
1776813369940319500,3.06661,-0.00195312,0.314159,-0.00195312,0,0,10,-3,-0.00230097,0
1776813369945320792,3.06661,0.00195312,0.314159,0.00195312,0,0,10,-3,-0.00230097,0
1776813369950316473,3.06661,0.00195312,0.314159,0.00195312,0,0,10,-3,-0.00230097,0
1776813369955301117,3.06661,0.00195312,0.314159,0.00195312,0,0,10,-3,-0.00230097,0
1776813369960312538,3.06661,0.00195312,0.314159,0.00195312,0,0,10,-3,-0.00230097,0
1776813369965331014,3.06661,0.00195312,0.314159,0.00195312,0,0,10,-3,-0.00230097,0
1776813369970325991,3.06661,-0.00195312,0.314159,-0.00195312,0,0,10,-3,-0.00230097,0
1776813369975323560,3.06661,-0.00195312,0.314159,-0.00195312,0,0,10,-3,-0.00230097,0
1776813369980321722,3.06661,-0.00390625,0.314159,-0.00390625,0,0,10,-3,-0.00230097,0
1776813369985338458,3.06661,-0.00390625,0.314159,-0.00390625,0,0,10,-3,-0.00230097,0
1776813369990319583,3.06661,-0.00195312,0.314159,-0.00195312,0,0,10,-3,-0.00230097,0
1776813369995316949,3.06661,-0.00195312,0.314159,-0.00195312,0,0,10,-3,-0.00230097,0
1776813370000314852,3.06661,-0.00390625,0.314159,-0.00390625,0,0,10,-3,-0.00230097,0
1776813370005295904,3.06661,-0.00390625,0.314159,-0.00390625,0,0,10,-3,-0.00230097,0
1776813370010463562,3.06661,0,0.314159,0,0,0,10,-3,-0.00230097,0
1776813370015355449,3.06661,0,0.314159,0,0,0,10,-3,-0.00230097,0
1776813370020328575,3.06661,0,0.314159,0,0,0,10,-3,-0.00230097,0
1776813370025354477,3.06661,0,0.314159,0,0,0,10,-3,-0.00230097,0
1776813370030424878,3.06661,0.00195312,0.314159,0.00195312,0,0,10,-3,-0.00230097,0
1776813370035436281,3.06661,0.00195312,0.314159,0.00195312,0,0,10,-3,-0.00230097,0
1776813370040333761,3.06661,0.00195312,0.314159,0.00195312,0,0,10,-3,-0.00230097,0
1776813370045305887,3.06661,0.00585938,0.314159,0.00585938,0,0,10,-3,-0.00230097,0
1776813370050316252,3.06661,0.00585938,0.314159,0.00585938,0,0,10,-3,-0.00230097,0
1776813370055296341,3.06661,0,0.314159,0,0,0,10,-3,-0.00230097,0
1776813370060312725,3.06661,0,0.314159,0,0,0,10,-3,-0.00230097,0
1776813370065326109,3.06661,0.00585938,0.314159,0.00585938,0,0,10,-3,-0.00230097,0
1776813370070330012,3.06661,0.00585938,0.314159,0.00585938,0,0,10,-3,-0.00230097,0
1776813370075328045,3.06661,0,0.314159,0,0,0,10,-3,-0.00230097,0
1776813370080319577,3.06661,0,0.314159,0,0,0,10,-3,-0.00230097,0
1776813370085318703,3.06661,0,0.314159,0,0,0,10,-3,-0.00230097,0
1776813370090315958,3.06661,0,0.314159,0,0,0,10,-3,-0.00230097,0
1776813370095317027,3.06661,0.00585938,0.314159,0.00585938,0,0,10,-3,-0.00230097,0
1776813370100322689,3.06661,0.00585938,0.314159,0.00585938,0,0,10,-3,-0.00230097,0
1776813370105295445,3.06661,0.00195312,0.314159,0.00195312,0,0,10,-3,-0.00230097,0
1776813370110320051,3.06661,0.00195312,0.314159,0.00195312,0,0,10,-3,-0.00230097,0
1776813370115317806,3.06661,0,0.314159,0,0,0,10,-3,-0.00230097,0
1776813370120370208,3.06661,0,0.314159,0,0,0,10,-3,-0.00230097,0
1776813370125348519,3.06661,0,0.314159,0,0,0,10,-3,-0.00230097,0
1776813370130340144,3.06661,0,0.314159,0,0,0,10,-3,-0.00230097,0
1776813370135316047,3.06661,-0.00390625,0.314159,-0.00390625,0,0,10,-3,-0.00230097,0
1776813370140328228,3.06661,-0.00390625,0.314159,-0.00390625,0,0,10,-3,-0.00230097,0
1776813370145320798,3.06661,-0.00390625,0.314159,-0.00390625,0,0,10,-3,-0.00230097,0
1776813370150370422,3.06661,-0.00390625,0.314159,-0.00390625,0,0,10,-3,-0.00230097,0
1776813370155321122,3.06661,0.00390625,0.314159,0.00390625,0,0,10,-3,-0.00230097,0
1776813370161615977,3.06661,0.00390625,0.314159,0.00390625,0,0,10,-3,-0.00230097,0
1776813370165691253,3.06661,0,0.314159,0,0,0,10,-3,-0.00230097,0
1776813370170329387,3.06661,0,0.314159,0,0,0,10,-3,-0.00230097,0
1776813370175319623,3.06661,-0.00195312,0.314159,-0.00195312,0,0,10,-3,-0.00230097,0
1776813370180316415,3.06661,-0.00195312,0.314159,-0.00195312,0,0,10,-3,-0.00230097,0
1776813370185342021,3.06661,-0.00195312,0.314159,-0.00195312,0,0,10,-3,-0.00230097,0
1776813370190311295,3.06661,0,0.314159,0,0,0,10,-3,-0.00230097,0
1776813370195322902,3.06661,0,0.314159,0,0,0,10,-3,-0.00230097,0
1776813370200314472,3.06661,0,0.314159,0,0,0,10,-3,-0.00230097,0
1776813370205294431,3.06661,0,0.314159,0,0,0,10,-3,-0.00230097,0
1776813370210314463,3.06661,0,0.314159,0,0,0,10,-3,-0.00230097,0
1776813370215389605,3.06661,0,0.314159,0,0,0,10,-3,-0.00230097,0
1776813370220320602,3.06661,-0.00195312,0.314159,-0.00195312,0,0,10,-3,-0.00230097,0
1776813370225319672,3.06661,0,0.314159,0,0,0,10,-3,-0.00230097,0
1776813370230316834,3.06661,0,0.314159,0,0,0,10,-3,-0.00230097,0
1776813370235327551,3.06661,-0.00585938,0.314159,-0.00585938,0,0,10,-3,-0.00230097,0
1776813370240322640,3.06661,-0.00585938,0.314159,-0.00585938,0,0,10,-3,-0.00230097,0
1776813370245322358,3.06661,0.00195312,0.314159,0.00195312,0,0,10,-3,-0.00230097,0
1776813370250322872,3.06661,0.00195312,0.314159,0.00195312,0,0,10,-3,-0.00230097,0
1776813370255312238,3.06661,-0.00390625,0.314159,-0.00390625,0,0,10,-3,-0.00230097,0
1776813370260313993,3.06661,-0.00390625,0.314159,-0.00390625,0,0,10,-3,-0.00230097,0
1776813370265316340,3.06661,0,0.314159,0,0,0,10,-3,-0.00230097,0
1776813370270324113,3.06661,0,0.314159,0,0,0,10,-3,-0.00230097,0
1776813370275315035,3.06661,-0.00390625,0.314159,-0.00390625,0,0,10,-3,-0.00230097,0
1776813370280333363,3.06661,-0.00390625,0.314159,-0.00390625,0,0,10,-3,-0.00230097,0
1776813370285317304,3.06661,0,0.314159,0,0,0,10,-3,-0.00230097,0
1776813370290422038,3.06661,0,0.314159,0,0,0,10,-3,-0.00230097,0
1776813370295373016,3.06661,-0.00585938,0.314159,-0.00585938,0,0,10,-3,-0.00230097,0
1776813370300334179,3.06661,-0.00585938,0.314159,-0.00585938,0,0,10,-3,-0.00230097,0
1776813370305308934,3.06661,0.00390625,0.314159,0.00390625,0,0,10,-3,-0.00230097,0
1776813370310316541,3.06661,0.00390625,0.314159,0.00390625,0,0,10,-3,-0.00230097,0
1776813370315388998,3.06661,0.00195312,0.314159,0.00195312,0,0,10,-3,-0.00230097,0
1776813370320384493,3.06661,0.00195312,0.314159,0.00195312,0,0,10,-3,-0.00230097,0
1776813370325337138,3.06649,-0.00390625,0.314159,-0.00390625,0,0,10,-3,-0.00230097,0
1776813370330341634,3.06649,-0.00390625,0.314159,-0.00390625,0,0,10,-3,-0.00230097,0
1776813370335318778,3.06649,-0.00585938,0.314159,-0.00585938,0,0,10,-3,-0.00230097,0
1776813370340332255,3.06648,-0.00585938,0.314159,-0.00585938,0,0,10,-3,-0.00230097,0
1776813370345325010,3.06648,0.00195312,0.314159,0.00195312,0,0,10,-3,-0.00230097,0
1776813370350329394,3.06648,0.00195312,0.314159,0.00195312,0,0,10,-3,-0.00230097,0
1776813370355290372,3.06648,-0.00390625,0.314159,-0.00390625,0,0,10,-3,-0.00230097,0
1776813370360314478,3.06648,-0.00195312,0.314159,-0.00195312,0,0,10,-3,-0.00230097,0
1776813370365324825,3.06648,-0.00195312,0.314159,-0.00195312,0,0,10,-3,-0.00230097,0
1776813370370368339,3.06648,0.00390625,0.314159,0.00390625,0,0,10,-3,-0.00230097,0
1776813370375324372,3.06648,0.00390625,0.314159,0.00390625,0,0,10,-3,-0.00230097,0
1776813370380322757,3.06648,-0.00390625,0.314159,-0.00390625,0,0,10,-3,-0.00230097,0
1776813370385328548,3.06648,-0.00390625,0.314159,-0.00390625,0,0,10,-3,-0.00230097,0
1776813370390318748,3.06648,-0.00390625,0.314159,-0.00390625,0,0,10,-3,-0.00230097,0
1776813370395325447,3.06648,-0.00195312,0.314159,-0.00195312,0,0,10,-3,-0.00230097,0
1776813370400330146,3.06648,-0.00195312,0.314159,-0.00195312,0,0,10,-3,-0.00230097,0
1776813370405306161,3.06648,-0.00195312,0.314159,-0.00195312,0,0,10,-3,-0.00230097,0
1776813370410304101,3.06648,-0.00195312,0.314159,-0.00195312,0,0,10,-3,-0.00230097,0
1776813370415311078,3.06648,0.00390625,0.314159,0.00390625,0,0,10,-3,-0.00230097,0
1776813370420312351,3.06648,0.00390625,0.314159,0.00390625,0,0,10,-3,-0.00230097,0
1776813370425338846,3.06648,-0.00390625,0.314159,-0.00390625,0,0,10,-3,-0.00230097,0
1776813370430318194,3.06648,-0.00390625,0.314159,-0.00390625,0,0,10,-3,-0.00230097,0
1776813370435313245,3.06648,0.00195312,0.314159,0.00195312,0,0,10,-3,-0.00230097,0
1776813370440312389,3.06648,0.00195312,0.314159,0.00195312,0,0,10,-3,-0.00230097,0
1776813370445324458,3.06648,-0.00390625,0.314159,-0.00390625,0,0,10,-3,-0.00230097,0
1776813370450318491,3.06648,-0.00390625,0.314159,-0.00390625,0,0,10,-3,-0.00230097,0
1776813370455339264,3.06648,0.00390625,0.314159,0.00390625,0,0,10,-3,-0.00230097,0
1776813370460324630,3.06648,0.00390625,0.314159,0.00390625,0,0,10,-3,-0.00230097,0
1776813370465363366,3.06648,0.00390625,0.314159,0.00390625,0,0,10,-3,-0.00230097,0
1776813370470312437,3.06648,-0.00195312,0.314159,-0.00195312,0,0,10,-3,-0.00230097,0
1776813370475321728,3.06648,-0.00195312,0.314159,-0.00195312,0,0,10,-3,-0.00230097,0
1776813370480315076,3.06648,0,0.314159,0,0,0,10,-3,-0.00230097,0
1776813370485313849,3.06648,-0.00195312,0.314159,-0.00195312,0,0,10,-3,-0.00230097,0
1776813370490319622,3.06648,-0.00195312,0.314159,-0.00195312,0,0,10,-3,-0.00230097,0
1776813370495316822,3.06648,0,0.314159,0,0,0,10,-3,-0.00230097,0
1776813370500320632,3.06648,0,0.314159,0,0,0,10,-3,-0.00230097,0
1776813370505331146,3.06648,0.00390625,0.314159,0.00390625,0,0,10,-3,-0.00230097,0
1776813370510320216,3.06648,0.00390625,0.314159,0.00390625,0,0,10,-3,-0.00230097,0
1776813370515323471,3.06648,0,0.314159,0,0,0,10,-3,-0.00230097,0
1776813370520320763,3.06648,0,0.314159,0,0,0,10,-3,-0.00230097,0
1776813370525314592,3.06648,-0.00195312,0.314159,-0.00195312,0,0,10,-3,-0.00230097,0
1776813370530325402,3.06648,-0.00195312,0.314159,-0.00195312,0,0,10,-3,-0.00230097,0
1776813370535311972,3.06648,0,0.314159,0,0,0,10,-3,-0.00230097,0
1776813370540309560,3.06648,0,0.314159,0,0,0,10,-3,-0.00230097,0
1776813370545313611,3.06648,0.00390625,0.314159,0.00390625,0,0,10,-3,-0.00230097,0
1776813370550416604,3.06648,0.00390625,0.314159,0.00390625,0,0,10,-3,-0.00230097,0
1776813370555326213,3.06648,0.00195312,0.314159,0.00195312,0,0,10,-3,-0.00230097,0
1776813370560327653,3.06648,0.00195312,0.314159,0.00195312,0,0,10,-3,-0.00230097,0
1776813370565353241,3.06648,0.00195312,0.314159,0.00195312,0,0,10,-3,-0.00230097,0
1776813370570333144,3.06648,0.00195312,0.314159,0.00195312,0,0,10,-3,-0.00230097,0
1776813370575357009,3.06648,-0.00195312,0.314159,-0.00195312,0,0,10,-3,-0.00230097,0
1776813370580395652,3.06648,-0.00195312,0.314159,-0.00195312,0,0,10,-3,-0.00230097,0
1776813370585369556,3.06648,0.00390625,0.314159,0.00390625,0,0,10,-3,-0.00230097,0
1776813370590379533,3.06648,0.00390625,0.314159,0.00390625,0,0,10,-3,-0.00230097,0
1776813370595454527,3.06648,0.00195312,0.314159,0.00195312,0,0,10,-3,-0.00230097,0
1776813370600352395,3.06648,0.00195312,0.314159,0.00195312,0,0,10,-3,-0.00230097,0
1776813370605326298,3.06648,0.00195312,0.314159,0.00195312,0,0,10,-3,-0.00230097,0
1776813370610318794,3.06648,-0.00195312,0.314159,-0.00195312,0,0,10,-3,-0.00230097,0
1776813370615351733,3.06648,-0.00195312,0.314159,-0.00195312,0,0,10,-3,-0.00230097,0
1776813370620388247,3.06648,0,0.314159,0,0,0,10,-3,-0.00230097,0
1776813370625346447,3.06648,0.00390625,0.314159,0.00390625,0,0,10,-3,-0.00230097,0
1776813370630323980,3.06648,0.00390625,0.314159,0.00390625,0,0,10,-3,-0.00230097,0
1776813370635333105,3.06648,0.00390625,0.314159,0.00390625,0,0,10,-3,-0.00230097,0
1776813370640319286,3.0666,0.00390625,0.314159,0.00390625,0,0,10,-3,-0.00230097,0
1776813370645324189,3.0666,0.00390625,0.314159,0.00390625,0,0,10,-3,-0.00230097,0
1776813370650327777,3.0666,-0.00195312,0.314159,-0.00195312,0,0,10,-3,-0.00230097,0
1776813370655305829,3.0666,-0.00195312,0.314159,-0.00195312,0,0,10,-3,-0.00230097,0
1776813370660322472,3.06648,-0.00585938,0.314159,-0.00585938,0,0,10,-3,-0.00230097,0
1776813370665317894,3.06648,0,0.314159,0,0,0,10,-3,-0.00230097,0
1776813370670329741,3.06648,0,0.314159,0,0,0,10,-3,-0.00230097,0
1776813370675337422,3.06648,0,0.314159,0,0,0,10,-3,-0.00230097,0
1776813370680335343,3.06648,-0.00390625,0.314159,-0.00390625,0,0,10,-3,-0.00230097,0
1776813370685318154,3.06648,0.00195312,0.314159,0.00195312,0,0,10,-3,-0.00230097,0
1776813370690321316,3.06648,0.00195312,0.314159,0.00195312,0,0,10,-3,-0.00230097,0
1776813370695314738,3.06648,-0.00195312,0.314159,-0.00195312,0,0,10,-3,-0.00230097,0
1776813370700319085,3.06648,-0.00195312,0.314159,-0.00195312,0,0,10,-3,-0.00230097,0
1776813370705294396,3.06648,0.00390625,0.314159,0.00390625,0,0,10,-3,-0.00230097,0
1776813370710313465,3.06648,0.00390625,0.314159,0.00390625,0,0,10,-3,-0.00230097,0
1776813370715324220,3.06648,0.00195312,0.314159,0.00195312,0,0,10,-3,-0.00230097,0
1776813370720327012,3.06648,0.00195312,0.314159,0.00195312,0,0,10,-3,-0.00230097,0
1776813370725317063,3.06648,0.00195312,0.314159,0.00195312,0,0,10,-3,-0.00230097,0
1776813370730323021,3.06648,0.00195312,0.314159,0.00195312,0,0,10,-3,-0.00230097,0
1776813370735354387,3.06648,-0.00390625,0.314159,-0.00390625,0,0,10,-3,-0.00230097,0
1776813370740351993,3.06648,-0.00390625,0.314159,-0.00390625,0,0,10,-3,-0.00230097,0
1776813370745314434,3.06648,-0.00390625,0.314159,-0.00390625,0,0,10,-3,-0.00230097,0
1776813370750314189,3.06648,-0.00585938,0.314159,-0.00585938,0,0,10,-3,-0.00230097,0
1776813370755313129,3.06648,-0.00585938,0.314159,-0.00585938,0,0,10,-3,-0.00230097,0
1776813370760307810,3.06648,-0.00390625,0.314159,-0.00390625,0,0,10,-3,-0.00230097,0
1776813370765334805,3.06648,0.00195312,0.314159,0.00195312,0,0,10,-3,-0.00230097,0
1776813370770315968,3.06648,0.00195312,0.314159,0.00195312,0,0,10,-3,-0.00230097,0
1776813370775319796,3.06648,-0.00195312,0.314159,-0.00195312,0,0,10,-3,-0.00230097,0
1776813370780316385,3.06648,-0.00195312,0.314159,-0.00195312,0,0,10,-3,-0.00230097,0
1776813370785320417,3.06648,-0.00195312,0.314159,-0.00195312,0,0,10,-3,-0.00230097,0
1776813370790330783,3.06648,-0.00195312,0.314159,-0.00195312,0,0,10,-3,-0.00230097,0
1776813370795322094,3.06648,0.00390625,0.314159,0.00390625,0,0,10,-3,-0.00230097,0
1776813370800316312,3.06648,0.00390625,0.314159,0.00390625,0,0,10,-3,-0.00230097,0
1776813370805319955,3.06648,0.00390625,0.314159,0.00390625,0,0,10,-3,-0.00230097,0
1776813370810308932,3.06648,0.00390625,0.314159,0.00390625,0,0,10,-3,-0.00230097,0
1776813370815312891,3.06648,0,0.314159,0,0,0,10,-3,-0.00230097,0
1776813370820312553,3.06648,0,0.314159,0,0,0,10,-3,-0.00230097,0
1776813370825333548,3.06648,0.00195312,0.314159,0.00195312,0,0,10,-3,-0.00230097,0
1776813370830327766,3.06648,-0.00195312,0.314159,-0.00195312,0,0,10,-3,-0.00230097,0
1776813370835319540,3.06648,-0.00195312,0.314159,-0.00195312,0,0,10,-3,-0.00230097,0
1776813370840317332,3.06648,0.00390625,0.314159,0.00390625,0,0,10,-3,-0.00230097,0
1776813370845326105,3.06648,0.00390625,0.314159,0.00390625,0,0,10,-3,-0.00230097,0
1776813370850315249,3.06648,-0.00195312,0.314159,-0.00195312,0,0,10,-3,-0.00230097,0
1776813370855293745,3.06648,-0.00195312,0.314159,-0.00195312,0,0,10,-3,-0.00230097,0
1776813370860325221,3.06648,0.00195312,0.314159,0.00195312,0,0,10,-3,-0.00230097,0
1776813370865314421,3.06648,0.00195312,0.314159,0.00195312,0,0,10,-3,-0.00230097,0
1776813370870323120,3.06648,0.00195312,0.314159,0.00195312,0,0,10,-3,-0.00230097,0
1776813370875382818,3.06648,0.00195312,0.314159,0.00195312,0,0,10,-3,-0.00230097,0
1776813370880328074,3.06648,0.00195312,0.314159,0.00195312,0,0,10,-3,-0.00230097,0
1776813370885320496,3.06648,0.00195312,0.314159,0.00195312,0,0,10,-3,-0.00230097,0
1776813370890326435,3.06648,0,0.314159,0,0,0,10,-3,-0.00230097,0
1776813370895319302,3.06636,0,0.314159,0,0,0,10,-3,-0.00230097,0
1776813370900325260,3.06636,0.00390625,0.314159,0.00390625,0,0,10,-3,-0.00230097,0
1776813370905293682,3.06636,0.00390625,0.314159,0.00390625,0,0,10,-3,-0.00230097,0
1776813370910313955,3.06636,0.00390625,0.314159,0.00390625,0,0,10,-3,-0.00230097,0
1776813370915317173,3.06648,0.00390625,0.314159,0.00390625,0,0,10,-3,-0.00230097,0
1776813370920315761,3.06648,-0.00195312,0.314159,-0.00195312,0,0,10,-3,-0.00230097,0
1776813370925316053,3.06636,-0.00195312,0.314159,-0.00195312,0,0,10,-3,-0.00230097,0
1776813370930334641,3.06636,-0.00390625,0.314159,-0.00390625,0,0,10,-3,-0.00230097,0
1776813370935321859,3.06648,-0.00390625,0.314159,-0.00390625,0,0,10,-3,-0.00230097,0
1776813370940363279,3.06648,0.00195312,0.314159,0.00195312,0,0,10,-3,-0.00230097,0
1776813370945340331,3.06648,0.00195312,0.314159,0.00195312,0,0,10,-3,-0.00230097,0
1776813370950318494,3.06648,0,0.314159,0,0,0,10,-3,-0.00230097,0
1776813370955318360,3.06648,0,0.314159,0,0,0,10,-3,-0.00230097,0
1776813370960326874,3.06648,0,0.314159,0,0,0,10,-3,-0.00230097,0
1776813370965339239,3.06648,0,0.314159,0,0,0,10,-3,-0.00230097,0
1776813370970322846,3.06648,-0.00195312,0.314159,-0.00195312,0,0,10,-3,-0.00230097,0
1776813370975328379,3.06648,-0.00195312,0.314159,-0.00195312,0,0,10,-3,-0.00230097,0
1776813370980318449,3.06648,-0.00390625,0.314159,-0.00390625,0,0,10,-3,-0.00230097,0
1776813370985323222,3.06636,-0.00390625,0.314159,-0.00390625,0,0,10,-3,-0.00230097,0
1776813370990322180,3.06636,0,0.314159,0,0,0,10,-3,-0.00230097,0
1776813370995325583,3.06636,0,0.314159,0,0,0,10,-3,-0.00230097,0
1776813371000328375,3.06636,0,0.314159,0,0,0,10,-3,-0.00230097,0
1776813371005307409,3.06636,-0.00390625,0.314159,-0.00390625,0,0,10,-3,-0.00230097,0
1776813371010339237,3.06636,-0.00390625,0.314159,-0.00390625,0,0,10,-3,-0.00230097,0
1776813371015329696,3.06636,-0.00390625,0.314159,-0.00390625,0,0,10,-3,-0.00230097,0
1776813371020324321,3.06636,-0.00390625,0.314159,-0.00390625,0,0,10,-3,-0.00230097,0
1776813371025356928,3.06636,-0.00390625,0.314159,-0.00390625,0,0,10,-3,-0.00230097,0
1776813371030320517,3.06636,0.00195312,0.314159,0.00195312,0,0,10,-3,-0.00230097,0
1776813371035329920,3.06636,0.00195312,0.314159,0.00195312,0,0,10,-3,-0.00230097,0
1776813371040315842,3.06636,-0.00195312,0.314159,-0.00195312,0,0,10,-3,-0.00230097,0
1776813371045321171,3.06636,0,0.314159,0,0,0,10,-3,-0.00230097,0
1776813371050316463,3.06636,0,0.314159,0,0,0,10,-3,-0.00230097,0
1776813371055296830,3.06636,0,0.314159,0,0,0,10,-3,-0.00230097,0
1776813371060314510,3.06636,0,0.314159,0,0,0,10,-3,-0.00230097,0
1776813371065328913,3.06636,0,0.314159,0,0,0,10,-3,-0.00230097,0
1776813371070398704,3.06636,0,0.314159,0,0,0,10,-3,-0.00230097,0
1776813371075347516,3.06636,0,0.314159,0,0,0,10,-3,-0.00230097,0
1776813371080330549,3.06636,0,0.314159,0,0,0,10,-3,-0.00230097,0
1776813371085415635,3.06636,0,0.314159,0,0,0,10,-3,-0.00230097,0
1776813371090370484,3.06636,0,0.314159,0,0,0,10,-3,-0.00230097,0
1776813371095341573,3.06636,0,0.314159,0,0,0,10,-3,-0.00230097,0
1776813371100329217,3.06636,0,0.314159,0,0,0,10,-3,-0.00230097,0
1776813371105297640,3.06636,0,0.314159,0,0,0,10,-3,-0.00230097,0
1776813371110312876,3.06636,0,0.314159,0,0,0,10,-3,-0.00230097,0
1776813371115320094,3.06636,0,0.314159,0,0,0,10,-3,-0.00230097,0
1776813371120326793,3.06636,0,0.314159,0,0,0,10,-3,-0.00230097,0
1776813371125320863,3.06636,0,0.314159,0,0,0,10,-3,-0.00230097,0
1776813371130375210,3.06636,0,0.314159,0,0,0,10,-3,-0.00230097,0
1776813371135370576,3.06636,0,0.314159,0,0,0,10,-3,-0.00230097,0
1776813371140446626,3.06636,0,0.314159,0,0,0,10,-3,-0.00230097,0
1776813371145331735,3.06636,0,0.314159,0,0,0,10,-3,-0.00230097,0
1776813371150341490,3.06636,0,0.314159,0,0,0,10,-3,-0.00230097,0
1776813371155316412,3.06636,0,0.314159,0,0,0,10,-3,-0.00230097,0
1776813371160316593,3.06636,0,0.314159,0,0,0,10,-3,-0.00230097,0
1776813371165336885,3.06636,0,0.314159,0,0,0,10,-3,-0.00230097,0
1776813371170325029,3.06636,0,0.314159,0,0,0,10,-3,-0.00230097,0
1776813371175329210,3.06636,0,0.314159,0,0,0,10,-3,-0.00230097,0
1776813371180318225,3.06636,0,0.314159,0,0,0,10,-3,-0.00230097,0
1776813371185333683,3.06636,0,0.314159,0,0,0,10,-3,-0.00230097,0
1776813371190328494,3.06636,0,0.314159,0,0,0,10,-3,-0.00230097,0
1776813371195316638,3.06636,0,0.314159,0,0,0,10,-3,-0.00230097,0
1776813371200328097,3.06636,0,0.314159,0,0,0,10,-3,-0.00230097,0
1776813371205294482,3.06636,0,0.314159,0,0,0,10,-3,-0.00230097,0
1776813371210309478,3.06636,0,0.314159,0,0,0,10,-3,-0.00230097,0
1776813371215313862,3.06636,0,0.314159,0,0,0,10,-3,-0.00230097,0
1776813371220315710,3.06636,0,0.314159,0,0,0,10,-3,-0.00230097,0
1776813371225350427,3.06636,0,0.314159,0,0,0,10,-3,-0.00230097,0
1776813371230346571,3.06636,0,0.314159,0,0,0,10,-3,-0.00230097,0
1776813371235339530,3.06636,0,0.314159,0,0,0,10,-3,-0.00230097,0
1776813371240318230,3.06623,0,0.314159,0,0,0,10,-3,-0.00230097,0
1776813371245322707,3.06623,0,0.314159,0,0,0,10,-3,-0.00230097,0
1776813371250316592,3.06623,0,0.314159,0,0,0,10,-3,-0.00230097,0
1776813371255339995,3.06623,0,0.314159,0,0,0,10,-3,-0.00230097,0
1776813371260318825,3.06623,0,0.314159,0,0,0,10,-3,-0.00230097,0
1776813371265324617,3.06623,0,0.314159,0,0,0,10,-3,-0.00230097,0
1776813371270315946,3.06623,0,0.314159,0,0,0,10,-3,-0.00230097,0
1776813371275339312,3.06623,0,0.314159,0,0,0,10,-3,-0.00230097,0
1776813371280335511,3.06623,0,0.314159,0,0,0,10,-3,-0.00230097,0
1776813371285333377,3.06623,0,0.314159,0,0,0,10,-3,-0.00230097,0
1776813371290319892,3.06623,0,0.314159,0,0,0,10,-3,-0.00230097,0
1776813371295361035,3.06623,0,0.314159,0,0,0,10,-3,-0.00230097,0
1776813371300327310,3.06623,0,0.314159,0,0,0,10,-3,-0.00230097,0
1776813371305352434,3.06623,0,0.314159,0,0,0,10,-3,-0.00230097,0
1776813371310343060,3.06623,0,0.314159,0,0,0,10,-3,-0.00230097,0
1776813371315323797,3.06623,0,0.314159,0,0,0,10,-3,-0.00230097,0
1776813371320325145,3.06623,0,0.314159,0,0,0,10,-3,-0.00230097,0
1776813371325317400,3.06623,0,0.314159,0,0,0,10,-3,-0.00230097,0
1776813371330326266,3.06623,0,0.314159,0,0,0,10,-3,-0.00230097,0
1776813371335323651,3.06623,0,0.314159,0,0,0,10,-3,-0.00230097,0
1776813371340324369,3.06623,0,0.314159,0,0,0,10,-3,-0.00230097,0
1776813371345318939,3.06623,0,0.314159,0,0,0,10,-3,-0.00230097,0
1776813371350329008,3.06623,0,0.314159,0,0,0,10,-3,-0.00230097,0
1776813371355298005,3.06623,0,0.314159,0,0,0,10,-3,-0.00230097,0
1776813371360326333,3.06623,0,0.314159,0,-0.0164312,9,10,-3,-0.00230097,0
1776813371365328348,3.06623,0,0.314159,0,2.30395,9,10,-3,-0.00230097,0
1776813371370325455,3.06623,0,0.314159,0,2.46138,9,10,-3,-0.00230097,0
1776813371375315525,3.06623,0,0.314159,0,2.45758,9,10,-1,-0.00076699,0.153367
1776813371380325409,3.06623,0,-0.312625,0.153367,2.45439,9,10,1,0.00076699,0.306796
1776813371385401737,3.06623,0,-0.311091,0.306796,2.70109,9,10,5,0.00383495,0.613715
1776813371390336364,3.06623,0,-0.302654,1.07379,2.90779,9,10,17,0.0130388,1.07379
1776813371395332230,3.06623,0,-0.298819,1.07379,3.46182,9,10,28,0.0214757,1.53398
1776813371400325522,3.06623,0,-0.290383,1.53398,3.45468,9,10,40,0.0306796,1.99378
1776813371405302241,3.06623,-1.54492,-0.281179,0.448854,3.31278,9,10,61,0.0467864,2.45486
1776813371410358476,3.06244,-1.54492,-0.268861,0.909939,3.22064,9,10,77,0.0590583,2.91456
1776813371415371212,3.06244,-2.76367,-0.256589,0.150892,2.95128,8.58539,10,103,0.079,3.22136
1776813371420332728,3.04106,-2.76367,-0.258035,0.457688,2.73378,8.50822,10,123,0.0943398,3.52816
1776813371425331742,3.04106,-3.74023,-0.242695,-0.212079,2.46453,7.95158,10,156,0.11965,3.98835
1776813371430325830,3.00795,-3.74023,-0.250486,0.248115,2.79365,7.83193,10,178,0.136524,4.14175
1776813371435328993,3.00795,-4.17578,-0.233613,-0.0340319,2.44462,7.58367,10,212,0.162602,4.29343
1776813371440322433,2.96848,-4.17578,-0.247011,0.117648,2.93305,7.44058,10,236,0.18101,4.45032
1776813371445328299,2.96848,-4.35156,-0.228603,0.0987597,2.6003,7.34038,10,273,0.209388,4.75059
1776813371450321906,2.96848,-4.35156,-0.200225,0.399029,3.00682,7.34038,10,301,0.230864,5.06315
1776813371455326495,2.9045,-4.35156,-0.24273,0.711586,2.66471,7.10721,10,327,0.250806,5.21867
1776813371460320880,2.86012,-4.63867,-0.241085,0.731335,3.19477,6.78069,10,373,0.286087,5.37001
1776813371465335579,2.86012,-5.16211,-0.231881,0.207898,2.84403,6.48233,10,409,0.313699,5.67459
1776813371470318205,2.81108,-5.16211,-0.25331,0.512483,3.11534,6.30099,10,440,0.337476,5.8303
1776813371475352551,2.81108,-5.43945,-0.229533,0.390845,3.17216,6.1429,10,485,0.37199,5.82913
1776813371480346955,2.78487,-5.43945,-0.22123,0.389672,2.63089,6.04533,10,517,0.396534,5.98252
1776813371485319488,2.78487,-5.94922,-0.196686,0.0333056,3.09138,5.75476,10,567,0.434884,6.435
1776813371490360317,2.72742,-5.94922,-0.215785,0.485779,3.08451,5.53908,10,600,0.460194,6.28681
1776813371495332443,2.72742,-6.3457,-0.190475,-0.0588965,2.61717,5.31308,10,651,0.499311,6.29814
1776813371500340790,2.66652,-6.3457,-0.212261,-0.047565,2.63959,5.08138,10,689,0.528456,7.05631
1776813371505292083,2.66652,-6.75781,-0.183115,0.298495,3.07918,4.84648,10,743,0.569874,7.05773
1776813371510316412,2.5679,-6.75781,-0.240314,0.299919,3.12968,4.46356,10,784,0.60132,7.36163
1776813371515343815,2.5679,-6.92969,-0.208867,0.431945,2.9609,4.36559,10,846,0.648874,8.11873
1776813371520376680,2.5679,-6.92969,-0.161314,1.18904,3.12171,4.36559,10,886,0.679554,7.68219
1776813371525329269,2.53409,-7.32227,-0.125336,0.654433,2.89184,4.00804,10,963,0.738612,7.9767
1776813371530334043,2.46222,-7.32227,-0.177255,0.654433,2.9138,3.71914,10,999,0.766223,7.96873
1776813371535348835,2.46222,-7.98242,-0.149644,-0.0136924,2.72924,3.34285,10,1062,0.814544,7.82956
1776813371540330590,2.34868,-7.98242,-0.214864,-0.152857,3.04571,2.87227,10,1106,0.848291,8.28184
1776813371545343438,2.34868,-8.29688,-0.181116,-0.0150347,2.65279,2.69303,10,1168,0.895845,7.82331
1776813371550319212,2.26661,-8.29688,-0.215641,-0.473562,2.84655,2.34098,10,1213,0.930359,8.4369
1776813371555304152,2.26661,-8.38281,-0.181126,0.0540829,2.40839,2.29199,10,1280,0.981748,8.44027
1776813371560311222,2.22536,-8.38281,-0.170982,0.0574589,2.54713,2.11104,10,1328,1.01856,9.04867
1776813371565337588,2.22536,-8.57617,-0.134166,0.472495,2.34434,2.00082,10,1397,1.07149,9.0523
1776813371570321936,2.09787,-8.57617,-0.208736,0.476127,2.35874,1.42315,10,1444,1.10753,8.89531
1776813371575338857,2.09787,-8.60156,-0.172688,0.293749,1.85276,1.40868,10,1509,1.15739,8.59201
1776813371580329446,2.05543,-8.60156,-0.165271,-0.00955105,1.866,1.20996,10,1565,1.20034,8.28184
1776813371585336978,2.05543,-8.58789,-0.12232,-0.30605,1.56283,1.21776,10,1618,1.24099,8.43858
1776813371590497341,2.05543,-8.58789,-0.0816694,-0.149309,0.884257,1.21776,10,1658,1.27167,7.9751
1776813371595400857,1.9687,-8.58789,-0.137722,-0.612787,1.52101,0.801149,10,1698,1.30235,7.97829
1776813371600388242,1.84058,-8.24023,-0.19605,-0.266726,0.876544,0.357109,10,1766,1.35451,7.97351
1776813371605352202,1.84058,-8.08203,-0.183011,-0.108522,0.774391,0.447285,10,1816,1.39285,7.82643
1776813371610326939,1.80173,-8.08203,-0.183507,-0.2556,0.32319,0.246073,10,1858,1.42507,8.12685
1776813371615325991,1.80173,-7.72266,-0.151293,0.40419,0.883094,0.450917,10,1916,1.46955,7.51951
1776813371620330894,1.7234,-7.72266,-0.18514,-0.203145,0.854099,0.035767,10,1954,1.4987,7.51352
1776813371625319742,1.7234,-7.26758,-0.155995,0.245944,0.468185,0.295162,10,2008,1.54012,6.90429
1776813371630323978,1.64801,-7.26758,-0.189962,-0.363287,0.0923122,-0.116387,10,2041,1.56543,6.59743
1776813371635334622,1.64801,-6.59375,-0.164652,0.00368166,0.734724,0.267695,10,2092,1.60454,6.44014
1776813371640378265,1.54497,-6.59375,-0.228576,-0.153612,0.314619,-0.314084,10,2124,1.62909,6.13837
1776813371645335280,1.54497,-6.36523,-0.204033,-0.226862,0.187933,-0.18383,10,2166,1.6613,5.66668
1776813371650319906,1.51175,-6.36523,-0.205044,-0.698556,0.0163769,-0.376172,10,2196,1.68431,5.53117
1776813371655294884,1.51175,-5.64648,-0.182034,-0.115312,0.0550089,0.0335151,10,2238,1.71652,5.52122
1776813371660374785,1.51175,-5.64648,-0.149821,-0.125266,-0.0238338,0.0335151,10,2263,1.7357,5.21555
1776813371665336337,1.42248,-5.41211,-0.195364,-0.503381,-0.00738999,-0.361075,10,2311,1.77251,4.90873
1776813371670327259,1.39417,-5.41211,-0.211407,-0.503381,-0.0869453,-0.532087,10,2334,1.79016,4.90875
1776813371675328126,1.39417,-4.61914,-0.193766,0.289612,-0.353516,-0.0800948,10,2369,1.817,4.75628
1776813371680319122,1.31948,-4.61914,-0.241613,0.137141,-0.0380461,-0.539133,10,2390,1.83311,4.2943
1776813371685353265,1.31948,-4.35352,-0.225506,-0.059216,-0.18271,-0.387727,10,2415,1.85228,3.83494
1776813371690329261,1.29576,-3.82422,-0.217014,-0.296053,-0.27312,-0.234203,10,2444,1.87452,3.52817
1776813371695339127,1.25395,-3.82422,-0.249619,-0.296053,-0.0545261,-0.498114,10,2463,1.8891,3.52744
1776813371700318697,1.25395,-3.55273,-0.235046,-0.0252976,-0.22206,-0.343368,10,2482,1.90367,3.06797
1776813371705294472,1.23561,-3.55273,-0.238813,-0.484764,-0.150501,-0.46024,10,2495,1.91364,2.6083
1776813371710306467,1.23561,-3.01562,-0.228842,-0.407329,-0.260134,-0.154087,10,2511,1.92591,2.30141
1776813371715330759,1.20378,-3.01562,-0.2484,-0.714211,0.0202621,-0.358503,10,2522,1.93435,1.99378
1776813371720320181,1.20378,-2.48242,-0.239963,-0.48864,-0.149518,-0.0545775,10,2532,1.94202,1.68738
1776813371725318528,1.20378,-2.48242,-0.232293,-0.795038,0.0255446,-0.0545775,10,2538,1.94662,1.22719
1776813371730317080,1.17625,-2.48242,-0.255217,-1.25523,0.0983267,-0.232958,10,2544,1.95122,1.22719
1776813371735323372,1.14509,-1.63281,-0.277941,-0.86582,0.201103,0.0476106,10,2551,1.95659,0.766993
1776813371740317016,1.14509,-1.36523,-0.276407,-0.598242,0.204917,0.20013,10,2553,1.95813,0.61357
1776813371745325474,1.13792,-1.36523,-0.282044,-0.751664,0.365007,0.15299,10,2554,1.95889,0.306736
1776813371750330229,1.13792,-0.857422,-0.281277,-0.550686,0.398589,0.442443,10,2554,1.95889,0
1776813371755298541,1.12674,-0.857422,-0.292463,-0.857422,0.581467,0.36871,10,2554,1.95889,0
1776813371760307185,1.12674,-0.333984,-0.292463,-0.333984,0.542804,0.667069,10,2549,1.95506,-0.306797
1776813371765355957,1.12095,-0.333984,-0.302079,-0.640781,0.851993,0.628871,10,2545,1.95199,-0.766815
1776813371770339935,1.12095,0.224609,-0.305147,-0.542206,0.733107,0.947269,10,2539,1.94739,-0.767146
1776813371775312635,1.12035,0.224609,-0.310354,-0.542537,0.918142,0.943263,10,2533,1.94279,-0.920391
1776813371780324704,1.12035,0.607422,0.313362,-0.312969,1.1294,1.16147,10,2527,1.93818,-0.920207
1776813371785317256,1.1248,0.607422,0.313209,-0.312785,1.08928,1.19087,10,2522,1.93435,-0.766993
1776813371790321715,1.1248,0.732422,0.309374,-0.0345707,1.41748,1.26212,10,2515,1.92898,-0.920575
1776813371795320025,1.1248,0.732422,0.304005,-0.188153,1.31506,1.26212,10,2510,1.92515,-0.920207
1776813371800331280,1.13163,0.732422,0.307004,-0.187785,1.42385,1.30722,10,2506,1.92208,-0.767146
1776813371805309128,1.13163,0.746094,0.303936,-0.0210522,1.33445,1.31501,10,2500,1.91748,-0.766993
1776813371810317013,1.143,0.746094,0.310701,-0.0208988,1.35412,1.38983,10,2496,1.91441,-0.766993
1776813371815320342,1.143,0.710938,0.307633,-0.0560551,1.28121,1.36979,10,2490,1.90981,-0.766815
1776813371820326671,1.15334,0.710938,0.313375,-0.0558779,1.11922,1.43766,10,2486,1.90674,-0.767146
1776813371825320704,1.15334,0.740234,0.310307,-0.0269116,1.31338,1.45436,10,2480,1.90214,-0.920391
1776813371830318552,1.1574,0.810547,0.307467,0.0435543,1.28066,1.52104,10,2474,1.89753,-0.766993
1776813371835325492,1.16475,0.810547,0.312516,0.0435543,1.40151,1.56909,10,2470,1.89447,-0.613594
1776813371840324376,1.16475,0.832031,0.309448,0.218437,1.56334,1.58133,10,2466,1.8914,-0.613594
1776813371845320465,1.16958,0.832031,0.311202,0.218437,1.47281,1.61279,10,2464,1.88986,-0.613471
1776813371850319535,1.16958,0.716797,0.309668,0.103326,1.50905,1.54711,10,2461,1.88756,-0.459644
1776813371855298346,1.18077,0.716797,-0.309763,0.257153,1.58888,1.61994,10,2459,1.88603,-0.307166
1776813371860349248,1.18077,0.652344,-0.311297,0.345178,1.65671,1.5832,10,2457,1.8845,-0.306797
1776813371865340003,1.18077,0.652344,-0.312831,0.345547,1.55452,1.5832,10,2456,1.88373,-0.153368
1776813371870323000,1.18458,0.578125,-0.311315,0.117745,1.68971,1.56569,10,2453,1.88143,-0.46038
1776813371875324810,1.19312,0.578125,-0.303549,0.117745,1.63242,1.621,10,2451,1.87989,-0.306736
1776813371880316362,1.19312,0.636719,-0.305083,0.329983,1.66696,1.6544,10,2447,1.87683,-0.460288
1776813371885319839,1.19663,0.636719,-0.304632,0.176431,1.62245,1.67717,10,2445,1.87529,-0.460104
1776813371890318409,1.19663,0.734375,-0.306166,0.274271,1.67438,1.73284,10,2441,1.87222,-0.613717
1776813371895361700,1.2067,0.734375,-0.299172,0.120658,1.79546,1.79782,10,2437,1.86916,-0.613447
1776813371900423991,1.2067,0.753906,-0.302239,0.140459,1.6366,1.80895,10,2433,1.86609,-0.613594
1776813371905327952,1.211,0.833984,-0.304077,0.22039,1.84282,1.88229,10,2427,1.86149,-0.613594
1776813371910313707,1.21819,0.833984,-0.298417,0.22039,1.89133,1.92857,10,2424,1.85918,-0.613594
1776813371915330943,1.21819,0.832031,-0.300718,0.218437,1.87919,1.92745,10,2420,1.85612,-0.613717
1776813371920316513,1.22248,0.832031,-0.299494,0.218314,1.84543,1.95501,10,2416,1.85305,-0.613594
1776813371925329750,1.22248,0.777344,-0.302562,0.16375,1.96389,1.92384,10,2412,1.84998,-0.613471
1776813371930343875,1.22248,0.777344,-0.30563,0.163872,1.86184,1.92384,10,2409,1.84768,-0.613594
1776813371935319464,1.23467,0.777344,-0.295743,0.16375,1.89851,2.0019,10,2405,1.84461,-0.613594
1776813371940314441,1.23467,0.742188,-0.298811,0.128593,1.96882,1.98186,10,2401,1.84154,-0.613471
1776813371945323715,1.24225,0.742188,-0.294294,0.128716,2.04638,2.03029,10,2398,1.83924,-0.460288
1776813371950314081,1.24225,0.664062,-0.296595,0.203775,2.09184,1.98576,10,2395,1.83694,-0.460196
1776813371955294503,1.24985,0.664062,-0.291298,0.203867,1.9384,2.03416,10,2393,1.83541,-0.306858
1776813371960310369,1.24985,0.423828,-0.292832,0.11697,1.98669,1.89723,10,2391,1.83387,-0.306797
1776813371965326142,1.25829,0.423828,-0.285925,0.117031,1.88314,1.95086,10,2390,1.83311,-0.153399
1776813371970338916,1.25829,0.253906,-0.286692,0.100508,1.96994,1.85401,10,2388,1.83157,-0.306797
1776813371975320097,1.26143,0.253906,-0.285093,-0.0528908,1.90468,1.87387,10,2387,1.83081,-0.153337
1776813371980356425,1.26143,0.162109,-0.28586,0.00877219,1.87983,1.82155,10,2386,1.83004,-0.153399
1776813371985319829,1.26361,0.162109,-0.284445,0.00871086,1.84652,1.83538,10,2385,1.82927,-0.30692
1776813371990315288,1.26361,0.142578,-0.285212,-0.164342,1.92263,1.82424,10,2383,1.82774,-0.153313
1776813371995318228,1.26502,0.142578,-0.28533,-0.0107352,1.89622,1.83321,10,2382,1.82697,-0.153429
1776813372000324020,1.26502,0.09375,-0.286097,-0.0596792,1.76293,1.80538,10,2381,1.8262,-0.153429
1776813372005294165,1.26502,0.09375,-0.286864,-0.0596792,1.81104,1.80538,10,2380,1.82544,-0.153368
1776813372010306328,1.26628,0.09375,-0.286378,-0.0596178,1.83024,1.81331,10,2379,1.82467,-0.153429
1776813372015315990,1.26628,0.0390625,-0.287145,-0.114367,1.8264,1.78214,10,2378,1.8239,-0.306736
1776813372020344449,1.26709,0.0390625,-0.287095,-0.267673,1.82427,1.78731,10,2376,1.82237,-0.153429
1776813372025349630,1.26709,0.0605469,-0.288629,-0.0928823,1.73694,1.79956,10,2375,1.8216,-0.153337
1776813372030329052,1.26758,0.0605469,-0.288913,-0.0927903,1.82576,1.80261,10,2373,1.82007,-0.306797
1776813372035317363,1.26758,0.0410156,-0.290447,-0.265781,1.85128,1.79148,10,2371,1.81853,-0.15346
1776813372040328915,1.26822,0.0410156,-0.291334,-0.112444,1.87459,1.79557,10,2370,1.81777,-0.306797
1776813372045321411,1.26822,0.00976562,-0.292101,-0.297031,1.8057,1.77776,10,2367,1.81547,-0.460196
1776813372050316833,1.26838,0.00976562,-0.294242,-0.45043,1.73735,1.77877,10,2365,1.81393,-0.306797
1776813372055366143,1.26838,0.0800781,-0.295776,-0.226719,1.89234,1.81885,10,2363,1.8124,-0.306736
1776813372060332269,1.26869,0.0800781,-0.297005,-0.226658,1.82482,1.82078,10,2360,1.8101,-0.460196
1776813372065331210,1.26869,0.134766,-0.299306,-0.32543,1.72098,1.85195,10,2357,1.8078,-0.306797
1776813372070367538,1.26978,0.134766,-0.300513,-0.172031,1.7923,1.85887,10,2355,1.80626,-0.460196
1776813372075349609,1.26978,0.126953,-0.302047,-0.333242,1.79895,1.85442,10,2352,1.80396,-0.306736
1776813372080345494,1.26978,0.126953,-0.304348,-0.179783,1.7927,1.85442,10,2351,1.80319,-0.306858
1776813372085322046,1.17192,0.152344,0.223806,-0.154515,1.33588,1.24063,10,2349,1.80166,-0.306858
1776813372090316542,1.17342,0.152344,0.225307,-0.154515,1.3406,1.25041,10,2347,1.80013,-0.306674
1776813372095323853,1.17342,0.111328,0.223773,-0.195346,1.22905,1.22703,10,2346,1.79936,-0.153399
1776813372100318312,1.17476,0.111328,0.22435,-0.0420704,1.10711,1.23579,10,2345,1.79859,-0.153429
1776813372105346826,1.17476,0.0820312,0.223583,-0.0713979,1.11108,1.21909,10,2344,1.79783,-0.306797
1776813372110327971,1.17568,0.0820312,0.223727,-0.224766,1.08195,1.22502,10,2343,1.79706,-0.153368
1776813372115343781,1.17568,0.148438,0.22296,-0.00493033,1.14302,1.26287,10,2341,1.79552,-0.15346
1776813372120320148,1.1769,0.148438,0.222647,-0.00502241,1.17655,1.27081,10,2340,1.79476,-0.153368
1776813372125327607,1.1769,0.244141,0.22188,0.0907728,1.28627,1.32536,10,2339,1.79399,-0.153429
1776813372130322696,1.17887,0.244141,0.22309,0.0907114,1.33792,1.33822,10,2338,1.79322,-0.153399
1776813372135331266,1.17887,0.255859,0.222323,0.102461,1.34629,1.3449,10,2337,1.79246,-0.153337
1776813372140317781,1.18144,0.255859,0.224122,0.102522,1.38524,1.36158,10,2336,1.79169,-0.30692
1776813372145326684,1.18144,0.287109,0.223355,-0.0198104,1.38969,1.37939,10,2335,1.79092,-0.153399
1776813372150375882,1.18144,0.287109,0.222588,0.133711,1.39943,1.37939,10,2334,1.79016,-0.153368
1776813372155330861,1.15153,0.287109,0.191913,0.133742,1.38169,1.18421,10,2332,1.78862,-0.153429
1776813372160312339,1.15153,0.326172,0.190379,0.172743,1.3244,1.20647,10,2330,1.78709,-0.306736
1776813372165341594,1.15603,0.326172,0.193347,0.0194362,1.33894,1.23596,10,2328,1.78555,-0.306835
1776813372170319016,1.15603,0.351562,0.191813,0.044728,1.31458,1.25044,10,2326,1.78402,-0.306736
1776813372175313383,1.15769,0.351562,0.191932,0.0448268,1.41052,1.26125,10,2322,1.78095,-0.460196
1776813372180319156,1.15769,0.519531,0.188864,0.0593357,1.36714,1.357,10,2318,1.77788,-0.613717
1776813372185321986,1.16416,0.519531,0.192272,-0.0941855,1.14847,1.39933,10,2314,1.77482,-0.613594
1776813372190340092,1.16416,0.591797,0.189204,-0.0217972,1.46055,1.44052,10,2309,1.77098,-0.613349
1776813372195319959,1.16671,0.591797,0.187919,-0.0215518,1.39954,1.45716,10,2304,1.76715,-0.767146
1776813372200332233,1.16671,0.751953,0.184084,-0.0151929,1.40089,1.54845,10,2298,1.76254,-0.767146
1776813372205303378,1.17701,0.751953,0.189778,-0.0151929,1.46229,1.61554,10,2294,1.75948,-0.920391
1776813372210314022,1.17701,0.787109,0.18671,-0.133282,1.56271,1.63558,10,2287,1.75411,-0.766686
1776813372215313370,1.1808,0.787109,0.185138,0.0204235,1.55392,1.66027,10,2281,1.74951,-0.920759
1776813372220318162,1.1808,0.853516,0.180536,-0.0672437,1.7163,1.69812,10,2276,1.74567,-0.920391
1776813372225315954,1.1808,0.853516,0.176701,-0.0668755,1.7163,1.69812,10,2273,1.74337,-0.766662
1776813372230322339,1.17622,0.853516,0.169816,0.0868536,1.77721,1.66831,10,2266,1.738,-0.920575
1776813372235315817,1.17622,0.771484,0.164447,-0.149091,1.77721,1.66831,10,2262,1.73493,-0.766993
1776813372240321387,1.18898,0.771484,0.17414,0.00449181,1.83465,1.70443,10,2255,1.72956,-0.766993
1776813372245328809,1.18898,0.736328,0.168771,-0.0306644,1.83465,1.70443,10,2252,1.72726,-0.613471
1776813372250330934,1.19261,0.736328,0.170097,0.122857,1.80839,1.70789,10,2245,1.72189,-0.920575
1776813372255311449,1.19261,0.683594,0.164728,-0.236981,1.80839,1.70789,10,2241,1.71883,-0.767146
1776813372260312649,1.20315,0.683594,0.172201,-0.0835522,1.47899,1.74598,10,2235,1.71422,-0.766993
1776813372265314867,1.20315,0.699219,0.167599,-0.0677738,1.47899,1.74598,10,2230,1.71039,-0.920391
1776813372270313085,1.20651,0.699219,0.167122,-0.221172,1.51267,1.77655,10,2225,1.70655,-0.766839
1776813372275315933,1.20651,0.761719,0.163287,-0.00512046,1.51267,1.77655,10,2220,1.70272,-0.766993
1776813372280354021,1.2177,0.761719,0.170642,-0.00527382,1.76859,1.88421,10,2214,1.69812,-0.766815
1776813372285330370,1.2177,0.767578,0.16604,0.000762761,1.76859,1.88421,10,2210,1.69505,-0.766993
1776813372290321662,1.2214,0.767578,0.166672,0.000585556,1.96854,1.91131,10,2205,1.69121,-0.613717
1776813372295323121,1.2214,0.646484,0.162837,0.0327676,1.96854,1.91131,10,2202,1.68891,-0.613594
1776813372300339876,1.2214,0.646484,0.160536,0.0328903,2.06474,1.84229,10,2198,1.68584,-0.613471
1776813372305301114,1.22248,0.646484,0.158551,0.033013,2.06474,1.84229,10,2196,1.68431,-0.460288
1776813372310313276,1.22248,0.488281,0.157017,0.0279937,1.82473,1.75906,10,2192,1.68124,-0.460196
1776813372315350364,1.23096,0.488281,0.162426,0.0280857,1.82473,1.75906,10,2189,1.67894,-0.613594
1776813372320329768,1.23096,0.460938,0.160125,-0.152657,1.62341,1.7978,10,2185,1.67587,-0.460288
1776813372325341616,1.23312,0.460938,0.15922,0.000649929,1.62341,1.7978,10,2183,1.67434,-0.460196
1776813372330312946,1.23312,0.5,0.157686,0.0398045,1.65166,1.8339,10,2179,1.67127,-0.460196
1776813372335337923,1.24024,0.5,0.161743,0.0398045,1.65166,1.8339,10,2177,1.66974,-0.460104
1776813372340345548,1.24024,0.529297,0.160209,0.0691934,1.74308,1.89612,10,2173,1.66667,-0.460196
1776813372345348211,1.24272,0.529297,0.159617,0.0691013,1.74308,1.89612,10,2171,1.66514,-0.460196
1776813372350343762,1.24272,0.523438,0.158083,0.063242,1.77947,1.90858,10,2168,1.66284,-0.460196
1776813372355324814,1.25081,0.523438,0.163871,0.063242,1.77947,1.90858,10,2166,1.6613,-0.306797
1776813372360316385,1.25081,0.488281,0.162337,0.181484,1.82034,1.94005,10,2164,1.65977,-0.306797
1776813372365349936,1.2533,0.488281,0.163291,0.181484,1.82034,1.94005,10,2163,1.659,-0.306835
1776813372370322692,1.2533,0.351562,0.162524,0.044728,1.90447,1.87794,10,2161,1.65747,-0.153399
1776813372375320817,1.2533,0.351562,0.16099,0.198164,1.90447,1.87794,10,2160,1.6567,-0.153337
1776813372380318221,1.24442,0.351562,0.151345,0.198225,1.85989,1.82143,10,2159,1.65593,-0.153429
1776813372385325346,1.24442,0.148438,0.150578,-0.0049917,1.85989,1.82143,10,2159,1.65593,-0.153429
1776813372390318991,1.248,0.148438,0.154156,-0.0049917,1.74276,1.72845,10,2159,1.65593,0
1776813372395321672,1.248,0.0820312,0.154156,0.0820312,1.74276,1.72845,10,2158,1.65517,-0.153368
1776813372400418925,1.24908,0.0820312,0.154471,-0.0713366,1.64672,1.69748,10,2158,1.65517,0
1776813372405356163,1.24908,0.0195312,0.154471,0.0195312,1.64672,1.69748,10,2158,1.65517,0
1776813372410339826,1.24972,0.0195312,0.155114,0.0195312,1.69756,1.66595,10,2158,1.65517,0
1776813372415324638,1.24972,-0.0527344,0.155114,-0.0527344,1.69756,1.66595,10,2158,1.65517,0
1776813372420314597,1.24955,-0.0527344,0.154945,-0.0527344,1.60977,1.62368,10,2158,1.65517,0
1776813372425315685,1.24955,-0.0605469,0.154945,-0.0605469,1.60977,1.62368,10,2158,1.65517,0
1776813372430348977,1.24893,-0.0605469,0.154319,-0.0605469,1.62791,1.61524,10,2158,1.65517,0
1776813372435328418,1.24893,-0.0527344,0.154319,-0.0527344,1.62791,1.61524,10,2158,1.65517,0
1776813372440324044,1.2483,-0.0527344,0.153693,-0.0527344,1.55466,1.61572,10,2158,1.65517,0
1776813372445319318,1.2483,-0.0761719,0.153693,-0.0761719,1.55466,1.61572,10,2158,1.65517,0
1776813372450324925,1.2483,-0.0761719,0.153693,-0.0761719,1.57938,1.60236,10,2158,1.65517,0
1776813372455299829,1.23992,-0.0761719,0.145312,-0.0761719,1.57938,1.60236,10,2158,1.65517,0
1776813372460322047,1.23992,-0.0761719,0.145312,-0.0761719,1.57938,1.60236,10,2158,1.65517,0
1776813372465340542,1.23915,-0.0585938,0.144538,-0.0585938,1.57065,1.55895,10,2158,1.65517,0
1776813372470329779,1.23915,-0.0585938,0.144538,-0.0585938,1.57065,1.55895,10,2158,1.65517,0
1776813372475376626,1.2382,-0.0390625,0.143595,-0.0390625,1.45375,1.56514,10,2158,1.65517,0
1776813372480340845,1.2382,-0.0253906,0.143595,-0.0253906,1.54025,1.56692,10,2158,1.65517,0
1776813372485329230,1.23805,-0.0253906,0.143444,-0.0253906,1.54025,1.56692,10,2158,1.65517,0
1776813372490352356,1.23805,0.0078125,0.143444,0.0078125,1.50759,1.58488,10,2158,1.65517,0
1776813372495366407,1.2379,0.0078125,0.143293,0.0078125,1.50759,1.58488,10,2158,1.65517,0
1776813372500345718,1.2379,0.0351562,0.143293,0.0351562,1.61434,1.5995,10,2158,1.65517,0
1776813372505318252,1.2382,0.0351562,0.143595,0.0351562,1.61434,1.5995,10,2158,1.65517,0
1776813372510312248,1.2382,0.046875,0.143595,0.046875,1.62151,1.60811,10,2158,1.65517,0
1776813372515332670,1.23867,0.046875,0.144066,0.046875,1.62151,1.60811,10,2158,1.65517,0
1776813372520337610,1.23867,0.0410156,0.144066,0.0410156,1.54768,1.60778,10,2158,1.65517,0
1776813372525332032,1.23867,0.0410156,0.144066,0.0410156,1.54768,1.60778,10,2158,1.65517,0
1776813372530322306,1.23417,0.0410156,0.139562,0.0410156,1.65249,1.579,10,2158,1.65517,0
1776813372535326376,1.23417,0.0117188,0.139562,0.0117188,1.65249,1.579,10,2158,1.65517,0
1776813372540323724,1.23464,0.0117188,0.140034,0.0117188,1.57834,1.56532,10,2158,1.65517,0
1776813372545336924,1.23464,0.00976562,0.140034,0.00976562,1.57834,1.56532,10,2158,1.65517,0
1776813372550319568,1.23481,0.00976562,0.140203,0.00976562,1.57872,1.56529,10,2158,1.65517,0
1776813372555313990,1.23481,0.0175781,0.140203,0.0175781,1.57872,1.56529,10,2158,1.65517,0
1776813372560309357,1.23496,0.0175781,0.140354,0.0175781,1.5472,1.5707,10,2158,1.65517,0
1776813372565333852,1.23496,0.0195312,0.140354,0.0195312,1.5472,1.5707,10,2158,1.65517,0
1776813372570336626,1.23511,0.0195312,0.140504,0.0195312,1.57189,1.57278,10,2158,1.65517,0
1776813372575339418,1.23511,0.00976562,0.140504,0.00976562,1.57189,1.57278,10,2158,1.65517,0
1776813372580324618,1.23526,0.00976562,0.140655,0.00976562,1.56548,1.56817,10,2158,1.65517,0
1776813372585321300,1.23526,-0.00585938,0.140655,-0.00585938,1.56548,1.56817,10,2158,1.65517,0
1776813372590328981,1.23526,-0.00585938,0.140654,-0.00585938,1.54072,1.55927,10,2158,1.65517,0
1776813372595353587,1.23526,-0.0175781,0.140654,-0.0175781,1.54072,1.55927,10,2158,1.65517,0
1776813372600330251,1.23187,-0.0175781,0.137267,-0.0175781,1.57171,1.55259,10,2158,1.65517,0
1776813372605318432,1.23187,-0.0253906,0.137267,-0.0253906,1.57171,1.55259,10,2158,1.65517,0
1776813372610322373,1.23139,-0.0253906,0.136778,-0.0253906,1.52895,1.52334,10,2158,1.65517,0
1776813372615324332,1.23139,-0.0195312,0.136778,-0.0195312,1.52895,1.52334,10,2158,1.65517,0
1776813372620410659,1.2314,-0.0195312,0.136796,-0.0195312,1.51722,1.5268,10,2158,1.65517,0
1776813372625349101,1.2314,-0.015625,0.136796,-0.015625,1.51722,1.5268,10,2158,1.65517,0
1776813372630348967,1.23108,-0.015625,0.136477,-0.015625,1.55977,1.52698,10,2158,1.65517,0
1776813372635330168,1.23108,-0.00976562,0.136477,-0.00976562,1.55977,1.52698,10,2158,1.65517,0
1776813372640358756,1.23092,-0.00976562,0.136308,-0.00976562,1.54561,1.52924,10,2158,1.65517,0
1776813372645333771,1.23092,-0.00585938,0.136308,-0.00585938,1.54561,1.52924,10,2158,1.65517,0
1776813372650347896,1.23093,-0.00585938,0.136327,-0.00585938,1.49771,1.53159,10,2158,1.65517,0
1776813372655336966,1.23093,-0.0078125,0.136327,-0.0078125,1.49771,1.53159,10,2158,1.65517,0
1776813372660329778,1.23093,-0.0078125,0.136327,-0.0078125,1.55393,1.53048,10,2158,1.65517,0
1776813372665321681,1.23093,-0.00195312,0.136327,-0.00195312,1.55393,1.53048,10,2158,1.65517,0
1776813372670322251,1.23093,-0.00195312,0.136327,-0.00195312,1.50965,1.53382,10,2158,1.65517,0
1776813372675327599,1.22291,-0.00195312,0.128298,-0.00195312,1.50965,1.53382,10,2158,1.65517,0
1776813372680330410,1.22291,0.0273438,0.128298,0.0273438,1.46186,1.49906,10,2158,1.65517,0
1776813372685331110,1.22321,0.0273438,0.128597,0.0273438,1.46186,1.49906,10,2158,1.65517,0
1776813372690360568,1.22321,0.0273438,0.128597,0.0273438,1.47675,1.50098,10,2158,1.65517,0
1776813372695337861,1.22337,0.0273438,0.128766,0.0273438,1.47675,1.50098,10,2158,1.65517,0
1776813372700315098,1.22337,0.0234375,0.128766,0.0234375,1.53525,1.49984,10,2158,1.65517,0
1776813372705311909,1.22367,0.0234375,0.129065,0.0234375,1.53525,1.49984,10,2158,1.65517,0
1776813372710313109,1.22367,0.0234375,0.129065,0.0234375,1.51318,1.50176,10,2158,1.65517,0
1776813372715319716,1.22382,0.0234375,0.129215,0.0234375,1.51318,1.50176,10,2158,1.65517,0
1776813372720338249,1.22382,0.0234375,0.129215,0.0234375,1.51318,1.50176,10,2158,1.65517,0
1776813372725324375,1.22429,0.0214844,0.129683,0.0214844,1.42955,1.50161,10,2158,1.65517,0
1776813372730316982,1.22429,0.0214844,0.129683,0.0214844,1.42955,1.50161,10,2158,1.65517,0
1776813372735321422,1.22444,0.0214844,0.129833,0.0214844,1.42955,1.50461,10,2158,1.65517,0
1776813372740325807,1.22444,0.0214844,0.129833,0.0214844,1.59738,1.50557,10,2158,1.65517,0
1776813372745324322,1.22444,0.0214844,0.129833,0.0214844,1.59738,1.50557,10,2157,1.6544,-0.153399
1776813372750311633,1.22029,0.0214844,0.12491,-0.131914,1.50993,1.4789,10,2157,1.6544,0
1776813372755293889,1.22029,0.0175781,0.12491,0.0175781,1.50993,1.4789,10,2157,1.6544,0
1776813372760306033,1.2206,0.0175781,0.125229,0.0175781,1.5343,1.47872,10,2157,1.6544,0
1776813372765325417,1.2206,0.015625,0.125229,0.015625,1.5343,1.47872,10,2157,1.6544,0
1776813372770317210,1.22058,0.015625,0.125209,0.015625,1.48007,1.47748,10,2157,1.6544,0
1776813372775318946,1.22058,0.0273438,0.125209,0.0273438,1.48007,1.47748,10,2156,1.65363,-0.153399
1776813372780810801,1.2209,0.0273438,0.124761,-0.126055,1.51955,1.48621,10,2156,1.65363,0
1776813372785373993,1.2209,0.0390625,0.124761,0.0390625,1.51955,1.48621,10,2156,1.65363,0
1776813372790351730,1.22105,0.0390625,0.12491,0.0390625,1.50948,1.49385,10,2155,1.65286,-0.153399
1776813372795340523,1.22105,0.0625,0.124143,-0.0908985,1.50948,1.49385,10,2154,1.6521,0
1776813372800324723,1.22182,0.0625,0.124143,0.0625,1.59401,1.51213,10,2154,1.6521,-0.153429
1776813372805297312,1.22182,0.09375,0.124143,-0.0596792,1.59401,1.51213,10,2153,1.65133,-0.153429
1776813372810318641,1.22259,0.09375,0.124144,-0.0596792,1.52978,1.53487,10,2152,1.65056,0
1776813372815314952,1.22259,0.128906,0.123377,0.128906,1.52978,1.53487,10,2151,1.6498,-0.153429
1776813372820325614,1.22105,0.128906,0.120308,-0.0244616,1.51792,1.55491,10,2150,1.64903,-0.153368
1776813372825318537,1.22105,0.160156,0.120308,0.00678842,1.51792,1.55491,10,2149,1.64826,-0.15346
1776813372830330958,1.22244,0.160156,0.120926,0.00669634,1.54235,1.57176,10,2148,1.6475,-0.306736
1776813372835313973,1.22244,0.197266,0.120159,-0.10947,1.54235,1.57176,10,2147,1.64673,-0.153429
1776813372840336932,1.22429,0.197266,0.121246,0.0438364,1.56261,1.6048,10,2145,1.64519,-0.153337
1776813372845330095,1.22429,0.207031,0.119712,0.0536941,1.56261,1.6048,10,2144,1.64443,-0.30692
1776813372850328905,1.22489,0.207031,0.119544,-0.0998886,1.59164,1.61421,10,2142,1.64289,-0.306797
1776813372855292180,1.22489,0.269531,0.11801,-0.0372658,1.59164,1.61421,10,2140,1.64136,-0.153368
1776813372860335286,1.22875,0.269531,0.120341,0.116163,1.65929,1.6746,10,2138,1.63983,-0.306797
1776813372865317838,1.22875,0.292969,0.118807,-0.0138283,1.65929,1.6746,10,2136,1.63829,-0.306858
1776813372870324186,1.22969,0.292969,0.118212,-0.0138896,1.60642,1.69397,10,2134,1.63676,-0.460196
1776813372875314497,1.22969,0.361328,0.116678,-0.0988674,1.60642,1.69397,10,2131,1.63446,-0.306736
1776813372880319289,1.23526,0.361328,0.119945,0.0545925,1.65469,1.76856,10,2129,1.63292,-0.306858
1776813372885316711,1.23526,0.386719,0.118411,0.0798604,1.65469,1.76856,10,2127,1.63139,-0.460196
1776813372890315041,1.23464,0.386719,0.113954,-0.0733848,1.72119,1.78303,10,2123,1.62832,-0.460104
1776813372895319166,1.23464,0.386719,0.113954,-0.0733848,1.72119,1.78303,10,2123,1.62832,-0.460104
1776813372900320162,1.24285,0.443359,0.118328,-0.0168362,1.68328,1.81134,10,2118,1.62449,-0.460196
1776813372905371843,1.24285,0.4375,0.117561,-0.0226955,1.68328,1.81134,10,2115,1.62218,-0.306736
1776813372910321247,1.24597,0.4375,0.118382,0.130764,1.73892,1.88031,10,2113,1.62065,-0.460288
1776813372915323651,1.24597,0.400391,0.116848,-0.0598969,1.73892,1.88031,10,2111,1.61912,-0.306736
1776813372920430718,1.2514,0.400391,0.120739,0.093655,1.82951,1.89368,10,2110,1.61835,-0.306835
1776813372925362642,1.2514,0.367188,0.119972,0.060353,1.82951,1.89368,10,2108,1.61682,-0.306613
1776813372930391304,1.25405,0.367188,0.121097,0.0605744,1.84847,1.89166,10,2107,1.61605,-0.153429
1776813372935372671,1.25405,0.189453,0.12033,0.0360239,1.84847,1.89166,10,2106,1.61528,-0.153429
1776813372940335797,1.2578,0.189453,0.123312,0.0360239,1.92416,1.81416,10,2105,1.61451,-0.153368
1776813372945323108,1.2578,0.138672,0.122545,-0.014696,1.92416,1.81416,10,2105,1.61451,0
1776813372950331808,1.2578,0.138672,0.122545,0.138672,1.8292,1.78521,10,2105,1.61451,0
1776813372955328563,1.25765,0.138672,0.122392,0.138672,1.8292,1.78521,10,2105,1.61451,0
1776813372960326597,1.25765,0.00976562,0.122392,0.00976562,1.78483,1.71076,10,2105,1.61451,0
1776813372965320185,1.25874,0.00976562,0.123479,0.00976562,1.78483,1.71076,10,2105,1.61451,0
1776813372970319181,1.25874,-0.0390625,0.123479,-0.0390625,1.75538,1.68983,10,2105,1.61451,0
1776813372975325900,1.25841,-0.0390625,0.123156,-0.0390625,1.75538,1.68983,10,2105,1.61451,0
1776813372980342210,1.25841,-0.0527344,0.123156,-0.0527344,1.72182,1.67999,10,2105,1.61451,0
1776813372985325021,1.25828,-0.0527344,0.12302,-0.0527344,1.72182,1.67999,10,2105,1.61451,0
1776813372990319536,1.25828,-0.0722656,0.12302,-0.0722656,1.66845,1.66799,10,2105,1.61451,0
1776813372995316736,1.25734,-0.0722656,0.122086,-0.0722656,1.66845,1.66799,10,2105,1.61451,0
1776813373000313695,1.25734,-0.0703125,0.122086,-0.0703125,1.70059,1.66318,10,2105,1.61451,0
1776813373005308451,1.25702,-0.0703125,0.121764,-0.0703125,1.70059,1.66318,10,2105,1.61451,0
1776813373010320632,1.25702,-0.0527344,0.121764,-0.0527344,1.67164,1.67115,10,2105,1.61451,0
1776813373015327517,1.25624,-0.0527344,0.120984,-0.0527344,1.67164,1.67115,10,2105,1.61451,0
1776813373020320791,1.25624,-0.0136719,0.120984,-0.0136719,1.70385,1.68847,10,2105,1.61451,0
1776813373025315028,1.25624,-0.0136719,0.120984,-0.0136719,1.70385,1.68847,10,2105,1.61451,0
1776813373030315580,1.2525,-0.0136719,0.117237,-0.0136719,1.61442,1.66466,10,2105,1.61451,0
1776813373035323483,1.2525,0.00585938,0.117237,0.00585938,1.61442,1.66466,10,2105,1.61451,0
1776813373040317258,1.2525,0.00585938,0.117237,0.00585938,1.66614,1.6758,10,2105,1.61451,0
1776813373045315606,1.2525,0.0214844,0.117237,0.0214844,1.66614,1.6758,10,2105,1.61451,0
1776813373050314010,1.25265,0.0214844,0.117389,0.0214844,1.63949,1.68567,10,2105,1.61451,0
1776813373055292377,1.25265,0.0214844,0.117389,0.0214844,1.63949,1.68567,10,2105,1.61451,0
1776813373060306947,1.2528,0.0214844,0.117542,0.0214844,1.64732,1.68664,10,2105,1.61451,0
1776813373065320869,1.2528,0.0136719,0.117542,0.0136719,1.64732,1.68664,10,2105,1.61451,0
1776813373070330235,1.25312,0.0136719,0.117864,0.0136719,1.71189,1.68423,10,2105,1.61451,0
1776813373075332398,1.25312,0.00585938,0.117864,0.00585938,1.71189,1.68423,10,2105,1.61451,0
1776813373080318191,1.25312,0.00585938,0.117864,0.00585938,1.70469,1.67978,10,2105,1.61451,0
1776813373085330520,1.25312,0.00195312,0.117864,0.00195312,1.70469,1.67978,10,2105,1.61451,0
1776813373090316295,1.25312,0.00195312,0.117864,0.00195312,1.73734,1.67755,10,2105,1.61451,0
1776813373095313791,1.25312,0.00390625,0.117864,0.00390625,1.73734,1.67755,10,2105,1.61451,0
1776813373100312917,1.25141,0.00390625,0.116153,0.00390625,1.67778,1.67866,10,2105,1.61451,0
1776813373105311673,1.25141,0.00390625,0.116153,0.00390625,1.67778,1.67866,10,2105,1.61451,0
1776813373110308076,1.25141,0.00390625,0.116154,0.00390625,1.67734,1.66779,10,2105,1.61451,0
1776813373115315943,1.25141,0.0117188,0.116154,0.0117188,1.67734,1.66779,10,2105,1.61451,0
1776813373120325828,1.25139,0.0117188,0.116136,0.0117188,1.70473,1.67214,10,2105,1.61451,0
1776813373125346046,1.25139,0.015625,0.116136,0.015625,1.70473,1.67214,10,2105,1.61451,0
1776813373130326765,1.25156,0.015625,0.116306,0.015625,1.67207,1.67544,10,2105,1.61451,0
1776813373135359149,1.25156,0.0078125,0.116306,0.0078125,1.67207,1.67544,10,2105,1.61451,0
1776813373140372534,1.25172,0.0078125,0.116458,0.0078125,1.74476,1.67196,10,2105,1.61451,0
1776813373145381067,1.25172,0.0078125,0.116458,0.0078125,1.74476,1.67196,10,2105,1.61451,0
1776813373150338305,1.25172,0.0078125,0.116458,0.0078125,1.7324,1.67196,10,2105,1.61451,0
1776813373155341598,1.25172,-0.0136719,0.116458,-0.0136719,1.7324,1.67196,10,2105,1.61451,0
1776813373160329280,1.25172,-0.0136719,0.116459,-0.0136719,1.60271,1.65971,10,2105,1.61451,0
1776813373165342350,1.25172,-0.0078125,0.116459,-0.0078125,1.60271,1.65971,10,2105,1.61451,0
1776813373170326643,1.25063,-0.0078125,0.115375,-0.0078125,1.66711,1.66305,10,2105,1.61451,0
1776813373175327546,1.25063,-0.015625,0.115375,-0.015625,1.66711,1.66305,10,2105,1.61451,0
1776813373180348079,1.25031,-0.015625,0.115054,-0.015625,1.76307,1.64967,10,2105,1.61451,0
1776813373185322298,1.25031,-0.015625,0.115054,-0.015625,1.76307,1.64967,10,2105,1.61451,0
1776813373190325850,1.25016,-0.015625,0.114902,-0.015625,1.6521,1.6487,10,2105,1.61451,0
1776813373195319606,1.25016,-0.00585938,0.114902,-0.00585938,1.6521,1.6487,10,2105,1.61451,0
1776813373200326917,1.25016,-0.00585938,0.114902,-0.00585938,1.5217,1.65426,10,2105,1.61451,0
1776813373205295006,1.25016,0.00195312,0.114902,0.00195312,1.5217,1.65426,10,2105,1.61451,0
1776813373210314113,1.25016,0.00195312,0.114902,0.00195312,1.63934,1.65872,10,2105,1.61451,0
1776813373215321665,1.25016,0.0175781,0.114902,0.0175781,1.63934,1.65872,10,2105,1.61451,0
1776813373220319735,1.25016,0.0175781,0.114902,0.0175781,1.76199,1.66762,10,2105,1.61451,0
1776813373225320398,1.25016,0.0175781,0.114902,0.0175781,1.76199,1.66762,10,2105,1.61451,0
1776813373230328283,1.25031,0.0175781,0.115054,0.0175781,1.58683,1.66859,10,2105,1.61451,0
1776813373235335724,1.25031,0.0136719,0.115054,0.0136719,1.58683,1.66859,10,2105,1.61451,0
1776813373240343201,1.24986,0.0136719,0.114597,0.0136719,1.71237,1.66636,10,2105,1.61451,0
1776813373245315309,1.24986,0.00195312,0.114597,0.00195312,1.71237,1.66636,10,2105,1.61451,0
1776813373250315917,1.25001,0.00195312,0.11475,0.00195312,1.64731,1.65775,10,2105,1.61451,0
1776813373255309043,1.25001,-0.00585938,0.11475,-0.00585938,1.64731,1.65775,10,2105,1.61451,0
1776813373260319132,1.25001,-0.00585938,0.11475,-0.00585938,1.63928,1.6533,10,2105,1.61451,0
1776813373265314628,1.24984,-0.00585938,0.11458,-0.00585938,1.63928,1.6533,10,2105,1.61451,0
1776813373270315791,1.24984,-0.0078125,0.11458,-0.0078125,1.67972,1.6511,10,2105,1.61451,0
1776813373275314639,1.24984,-0.0078125,0.11458,-0.0078125,1.67972,1.6511,10,2105,1.61451,0
1776813373280338079,1.24984,-0.00195312,0.11458,-0.00195312,1.65944,1.65444,10,2105,1.61451,0
1776813373285338576,1.24986,-0.00195312,0.114598,-0.00195312,1.65944,1.65444,10,2105,1.61451,0
1776813373290342405,1.24986,0.00390625,0.114598,0.00390625,1.67957,1.6579,10,2105,1.61451,0
1776813373295319772,1.24986,0.00390625,0.114598,0.00390625,1.67957,1.6579,10,2105,1.61451,0
1776813373300317620,1.24986,0.00585938,0.114598,0.00585938,1.58206,1.65901,10,2105,1.61451,0
1776813373305314469,1.2483,0.00585938,0.113042,0.00585938,1.58206,1.65901,10,2105,1.61451,0
1776813373310319317,1.2483,0.00195312,0.113042,0.00195312,1.67159,1.64688,10,2105,1.61451,0
1776813373315321072,1.2483,0.00195312,0.113042,0.00195312,1.67159,1.64688,10,2105,1.61451,0
1776813373320315846,1.2483,0.00390625,0.113042,0.00390625,1.68832,1.64799,10,2105,1.61451,0
1776813373325323009,1.24828,0.00390625,0.113024,0.00390625,1.68832,1.64799,10,2105,1.61451,0
1776813373330314691,1.24828,0,0.113024,0,1.59436,1.64565,10,2105,1.61451,0
1776813373335318650,1.24828,0,0.113024,0,1.59436,1.64565,10,2105,1.61451,0
1776813373340323109,1.24828,-0.00195312,0.113024,-0.00195312,1.66806,1.64454,10,2105,1.61451,0
1776813373345329902,1.24828,-0.00195312,0.113024,-0.00195312,1.66806,1.64454,10,2105,1.61451,0
1776813373350326046,1.24828,-0.00585938,0.113024,-0.00585938,1.63514,1.64231,10,2105,1.61451,0
1776813373355300358,1.2483,-0.00585938,0.113042,-0.00585938,1.63514,1.64231,10,2105,1.61451,0
1776813373360402722,1.2483,-0.00195312,0.113042,-0.00195312,1.65943,1.64465,10,2105,1.61451,0
1776813373365377682,1.2483,-0.00195312,0.113042,-0.00195312,1.65943,1.64465,10,2105,1.61451,0
1776813373370326161,1.2475,-0.00195312,0.112246,-0.00195312,1.65949,1.63959,10,2105,1.61451,0
1776813373375362434,1.2475,-0.00195312,0.112246,-0.00195312,1.65949,1.63959,10,2105,1.61451,0
1776813373380330042,1.24752,-0.00195312,0.112264,-0.00195312,1.63463,1.6397,10,2105,1.61451,0
1776813373385341668,1.24752,0.00585938,0.112264,0.00585938,1.63463,1.6397,10,2105,1.61451,0
1776813373390323554,1.24752,0.00585938,0.112264,0.00585938,1.65938,1.64416,10,2105,1.61451,0
1776813373395370808,1.24752,0.00976562,0.112264,0.00976562,1.65938,1.64416,10,2105,1.61451,0
1776813373400352286,1.24767,0.00976562,0.112416,0.00976562,1.60634,1.64735,10,2105,1.61451,0
1776813373405335468,1.24767,0.00585938,0.112416,0.00585938,1.60634,1.64735,10,2105,1.61451,0
1776813373410319687,1.24766,0.00585938,0.112398,0.00585938,1.59432,1.64501,10,2105,1.61451,0
1776813373415331942,1.24766,0.00195312,0.112398,0.00195312,1.59432,1.64501,10,2105,1.61451,0
1776813373420337809,1.24783,0.00195312,0.112568,0.00195312,1.73303,1.64386,10,2105,1.61451,0
1776813373425323991,1.24783,0.00195312,0.112568,0.00195312,1.73303,1.64386,10,2105,1.61451,0
1776813373430328635,1.24783,0.00195312,0.112568,0.00195312,1.6358,1.64386,10,2105,1.61451,0
1776813373435317780,1.24783,-0.00390625,0.112568,-0.00390625,1.6358,1.64386,10,2105,1.61451,0
1776813373440320702,1.24767,-0.00390625,0.112416,-0.00390625,1.66805,1.64052,10,2105,1.61451,0
1776813373445320643,1.24767,-0.00585938,0.112416,-0.00585938,1.66805,1.64052,10,2105,1.61451,0
1776813373450332509,1.24767,-0.00585938,0.112416,-0.00585938,1.62681,1.63844,10,2105,1.61451,0
1776813373455325283,1.24767,-0.00195312,0.112416,-0.00195312,1.62681,1.63844,10,2105,1.61451,0
1776813373460332779,1.24767,-0.00195312,0.112416,-0.00195312,1.63509,1.64067,10,2105,1.61451,0
1776813373465314795,1.24767,0.00195312,0.112416,0.00195312,1.63509,1.64067,10,2105,1.61451,0
1776813373470312754,1.24767,0.00195312,0.112416,0.00195312,1.68305,1.6429,10,2105,1.61451,0
1776813373475310695,1.24767,0.00390625,0.112416,0.00390625,1.68305,1.6429,10,2105,1.61451,0
1776813373480311080,1.2475,0.00390625,0.112246,0.00390625,1.63871,1.64293,10,2105,1.61451,0
1776813373485312687,1.2475,-0.00195312,0.112246,-0.00195312,1.63871,1.64293,10,2105,1.61451,0
1776813373490366849,1.2475,-0.00195312,0.112246,-0.00195312,1.62688,1.63959,10,2105,1.61451,0
1776813373495352253,1.2475,0.00390625,0.112246,0.00390625,1.62688,1.63959,10,2105,1.61451,0
1776813373500318639,1.24767,0.00390625,0.112416,0.00390625,1.61793,1.64401,10,2105,1.61451,0
1776813373505302950,1.24767,0.00195312,0.112416,0.00195312,1.61793,1.64401,10,2105,1.61451,0
1776813373510310706,1.24767,0.00195312,0.112416,0.00195312,1.58586,1.6429,10,2105,1.61451,0
1776813373515325813,1.24767,0,0.112416,0,1.58586,1.6429,10,2105,1.61451,0
1776813373520317180,1.24767,0,0.112416,0,1.66564,1.64178,10,2105,1.61451,0
1776813373525320009,1.24767,-0.00195312,0.112416,-0.00195312,1.66564,1.64178,10,2105,1.61451,0
1776813373530314506,1.24767,-0.00195312,0.112416,-0.00195312,1.60335,1.64067,10,2105,1.61451,0
1776813373535322020,1.24767,-0.00195312,0.112416,-0.00195312,1.60335,1.64067,10,2105,1.61451,0
1776813373540316850,1.24767,-0.00195312,0.112416,-0.00195312,1.60562,1.64067,10,2105,1.61451,0
1776813373545324476,1.24767,-0.00195312,0.112416,-0.00195312,1.60562,1.64067,10,2105,1.61451,0
1776813373550316250,1.24767,-0.00195312,0.112416,-0.00195312,1.6676,1.64067,10,2105,1.61451,0
1776813373555311691,1.24767,-0.00390625,0.112416,-0.00390625,1.6676,1.64067,10,2105,1.61451,0
1776813373560313780,1.2475,-0.00390625,0.112246,-0.00390625,1.65934,1.63848,10,2105,1.61451,0
1776813373565329035,1.2475,0.00195312,0.112246,0.00195312,1.65934,1.63848,10,2105,1.61451,0
1776813373570334438,1.2475,0.00195312,0.112246,0.00195312,1.67988,1.64182,10,2105,1.61451,0
1776813373575325768,1.2475,0,0.112246,0,1.67988,1.64182,10,2105,1.61451,0
1776813373580318172,1.2475,0,0.112246,0,1.59436,1.6407,10,2105,1.61451,0
1776813373585318168,1.24767,0,0.112416,0,1.59436,1.6407,10,2105,1.61451,0
1776813373590369719,1.24767,0.00195312,0.112416,0.00195312,1.64736,1.6429,10,2105,1.61451,0
1776813373595372919,1.24767,0.00195312,0.112416,0.00195312,1.64736,1.6429,10,2105,1.61451,0
1776813373600320509,1.24767,-0.00195312,0.112416,-0.00195312,1.61801,1.64067,10,2105,1.61451,0
1776813373605301747,1.24783,-0.00195312,0.112568,-0.00195312,1.61801,1.64067,10,2105,1.61451,0
1776813373610314446,1.24783,0.00390625,0.112568,0.00390625,1.72391,1.64498,10,2105,1.61451,0
1776813373615341960,1.24767,0.00390625,0.112416,0.00390625,1.72391,1.64498,10,2105,1.61451,0
1776813373620327679,1.24767,0.00390625,0.112416,0.00390625,1.60273,1.64401,10,2105,1.61451,0
1776813373625323565,1.24783,0.00390625,0.112568,0.00390625,1.60273,1.64401,10,2105,1.61451,0
1776813373630313857,1.24783,0,0.112568,0,1.6474,1.64275,10,2105,1.61451,0
1776813373635314557,1.24783,0,0.112568,0,1.6474,1.64275,10,2105,1.61451,0
1776813373640314146,1.24783,0,0.112568,0,1.62407,1.64275,10,2105,1.61451,0
1776813373645318124,1.24783,0,0.112568,0,1.62407,1.64275,10,2105,1.61451,0
1776813373650312157,1.24783,0,0.112568,0,1.59417,1.64275,10,2105,1.61451,0
1776813373655293228,1.24891,0,0.113649,0,1.59417,1.64275,10,2105,1.61451,0
1776813373660412407,1.24891,-0.00195312,0.113649,-0.00195312,1.61862,1.64852,10,2105,1.61451,0
1776813373665371997,1.24892,-0.00195312,0.113666,-0.00195312,1.61862,1.64852,10,2105,1.61451,0
1776813373670352197,1.24892,0.00390625,0.113666,0.00390625,1.57014,1.65197,10,2105,1.61451,0
1776813373675354194,1.24892,0.00390625,0.113666,0.00390625,1.57014,1.65197,10,2105,1.61451,0
1776813373680328801,1.24892,0,0.113666,0,1.63911,1.64974,10,2105,1.61451,0
1776813373685376371,1.24892,0,0.113666,0,1.63911,1.64974,10,2105,1.61451,0
1776813373690331590,1.24892,0.0078125,0.113666,0.0078125,1.67523,1.65419,10,2105,1.61451,0
1776813373695320235,1.24892,0.0078125,0.113666,0.0078125,1.67523,1.65419,10,2105,1.61451,0
1776813373700319546,1.24892,0.00195312,0.113666,0.00195312,1.59433,1.65085,10,2105,1.61451,0
1776813373705294895,1.24892,0.00195312,0.113666,0.00195312,1.59433,1.65085,10,2105,1.61451,0
1776813373710318631,1.24892,-0.00390625,0.113666,-0.00390625,1.66769,1.64751,10,2105,1.61451,0
1776813373715314628,1.24892,-0.00390625,0.113666,-0.00390625,1.66769,1.64751,10,2105,1.61451,0
1776813373720324402,1.24892,0.00195312,0.113666,0.00195312,1.62687,1.65085,10,2105,1.61451,0
1776813373725322731,1.25001,0.00195312,0.114748,0.00195312,1.62687,1.65085,10,2105,1.61451,0
1776813373730331079,1.25001,0.00390625,0.114748,0.00390625,1.62965,1.65885,10,2105,1.61451,0
1776813373735329187,1.25018,0.00390625,0.114918,0.00390625,1.62965,1.65885,10,2105,1.61451,0
1776813373740327961,1.25018,-0.00195312,0.114918,-0.00195312,1.64739,1.65659,10,2105,1.61451,0
1776813373745318661,1.25018,-0.00195312,0.114918,-0.00195312,1.64739,1.65659,10,2105,1.61451,0
1776813373750321731,1.25018,0.00585938,0.114918,0.00585938,1.72797,1.66104,10,2105,1.61451,0
1776813373755299376,1.25018,0.00585938,0.114918,0.00585938,1.72797,1.66104,10,2105,1.61451,0
1776813373760310706,1.25018,0.00390625,0.114918,0.00390625,1.64735,1.65993,10,2105,1.61451,0
1776813373765329609,1.25018,0.00390625,0.114918,0.00390625,1.64735,1.65993,10,2105,1.61451,0
1776813373770325901,1.25018,-0.00585938,0.114918,-0.00585938,1.70424,1.65437,10,2105,1.61451,0
1776813373775325194,1.25018,-0.00585938,0.114918,-0.00585938,1.70424,1.65437,10,2105,1.61451,0
1776813373780330857,1.25018,-0.00390625,0.114918,-0.00390625,1.67988,1.65548,10,2105,1.61451,0
1776813373785340075,1.25018,-0.00390625,0.114918,-0.00390625,1.67988,1.65548,10,2105,1.61451,0
1776813373790319979,1.25018,0.00195312,0.114918,0.00195312,1.60292,1.65882,10,2105,1.61451,0
1776813373795319531,1.25109,0.00195312,0.115831,0.00195312,1.60292,1.65882,10,2105,1.61451,0
1776813373800352508,1.25109,-0.00585938,0.115831,-0.00585938,1.6917,1.66017,10,2105,1.61451,0
1776813373805321987,1.25111,-0.00585938,0.115848,-0.00585938,1.6917,1.66017,10,2105,1.61451,0
1776813373810374852,1.25111,0,0.115848,0,1.64739,1.66362,10,2105,1.61451,0
1776813373815370071,1.25111,0,0.115848,0,1.64739,1.66362,10,2105,1.61451,0
1776813373820324346,1.25111,0.00585938,0.115848,0.00585938,1.67172,1.66696,10,2105,1.61451,0
1776813373825385248,1.25111,0.00585938,0.115848,0.00585938,1.67172,1.66696,10,2105,1.61451,0
1776813373830332894,1.25111,-0.00195312,0.115848,-0.00195312,1.70017,1.66251,10,2105,1.61451,0
1776813373835334316,1.25109,-0.00195312,0.115831,-0.00195312,1.70017,1.66251,10,2105,1.61451,0
1776813373840328220,1.25109,0.00195312,0.115831,0.00195312,1.67191,1.66463,10,2105,1.61451,0
1776813373845323642,1.25109,0.00195312,0.115831,0.00195312,1.67191,1.66463,10,2105,1.61451,0
1776813373850319509,1.25109,-0.00195312,0.115831,-0.00195312,1.70346,1.6624,10,2105,1.61451,0
1776813373855293821,1.25111,-0.00195312,0.115848,-0.00195312,1.70346,1.6624,10,2105,1.61451,0
1776813373860330816,1.25111,0,0.115848,0,1.67988,1.66362,10,2105,1.61451,0
1776813373865323405,1.25219,0,0.116932,0,1.67988,1.66362,10,2105,1.61451,0
1776813373870322642,1.25219,-0.00195312,0.116932,-0.00195312,1.67675,1.6694,10,2105,1.61451,0
1776813373875311380,1.25221,-0.00195312,0.116949,-0.00195312,1.67675,1.6694,10,2105,1.61451,0
1776813373880319709,1.25221,0.00390625,0.116949,0.00390625,1.65101,1.67285,10,2105,1.61451,0
1776813373885316909,1.25221,0.00390625,0.116949,0.00390625,1.65101,1.67285,10,2105,1.61451,0
1776813373890323701,1.25221,-0.00195312,0.116949,-0.00195312,1.68377,1.66951,10,2105,1.61451,0
1776813373895328216,1.25221,-0.00195312,0.116949,-0.00195312,1.68377,1.66951,10,2105,1.61451,0
1776813373900325157,1.25221,0.00390625,0.116949,0.00390625,1.70045,1.67285,10,2105,1.61451,0
1776813373905290099,1.25219,0.00390625,0.116932,0.00390625,1.70045,1.67285,10,2105,1.61451,0
1776813373910309131,1.25219,0.00195312,0.116932,0.00195312,1.66819,1.67163,10,2105,1.61451,0
1776813373915377089,1.25219,0.00195312,0.116932,0.00195312,1.66819,1.67163,10,2105,1.61451,0
1776813373920334198,1.25219,0.00195312,0.116932,0.00195312,1.65537,1.67163,10,2105,1.61451,0
1776813373925316287,1.25219,0.00195312,0.116932,0.00195312,1.65537,1.67163,10,2105,1.61451,0
1776813373930318320,1.25219,-0.00195312,0.116932,-0.00195312,1.61491,1.6694,10,2105,1.61451,0
1776813373935316391,1.25312,-0.00195312,0.117863,-0.00195312,1.61491,1.6694,10,2105,1.61451,0
1776813373940323516,1.25312,-0.00390625,0.117863,-0.00390625,1.64739,1.67421,10,2105,1.61451,0
1776813373945320716,1.25314,-0.00390625,0.11788,-0.00390625,1.64739,1.67421,10,2105,1.61451,0
1776813373950337805,1.25314,0.00195312,0.11788,0.00195312,1.69206,1.67766,10,2105,1.61451,0
1776813373955307820,1.25314,0.00195312,0.11788,0.00195312,1.69206,1.67766,10,2105,1.61451,0
1776813373960308002,1.25314,0.00390625,0.11788,0.00390625,1.68847,1.67877,10,2105,1.61451,0
1776813373965321516,1.25314,0.00390625,0.11788,0.00390625,1.68847,1.67877,10,2105,1.61451,0
1776813373970325087,1.25314,-0.00195312,0.11788,-0.00195312,1.69205,1.67543,10,2105,1.61451,0
1776813373975326564,1.25314,-0.00195312,0.11788,-0.00195312,1.69205,1.67543,10,2105,1.61451,0
1776813373980316894,1.25314,0.00390625,0.11788,0.00390625,1.71237,1.67877,10,2105,1.61451,0
1776813373985318372,1.25314,0.00390625,0.11788,0.00390625,1.71237,1.67877,10,2105,1.61451,0
1776813373990346664,1.25314,0.00195312,0.11788,0.00195312,1.59423,1.67766,10,2105,1.61451,0
1776813373995332253,1.25314,0.00195312,0.11788,0.00195312,1.59423,1.67766,10,2105,1.61451,0
1776813374000316602,1.25314,0,0.11788,0,1.72944,1.67654,10,2105,1.61451,0
1776813374005320635,1.25314,0,0.11788,0,1.72944,1.67654,10,2105,1.61451,0
1776813374010312669,1.25656,0,0.121305,0,1.67984,1.6983,10,2105,1.61451,0
1776813374015315128,1.25656,0.0078125,0.121305,0.0078125,1.67984,1.6983,10,2105,1.61451,0
1776813374020319217,1.25656,0.0078125,0.121305,0.0078125,1.68856,1.70276,10,2105,1.61451,0
1776813374025335510,1.25656,0.00195312,0.121305,0.00195312,1.68856,1.70276,10,2105,1.61451,0
1776813374030319025,1.25673,0.00195312,0.121475,0.00195312,1.71201,1.70049,10,2105,1.61451,0
1776813374035315392,1.25673,-0.00585938,0.121475,-0.00585938,1.71201,1.70049,10,2105,1.61451,0
1776813374040315833,1.25656,-0.00585938,0.121305,-0.00585938,1.72459,1.69496,10,2105,1.61451,0
1776813374045313885,1.25656,-0.00585938,0.121305,-0.00585938,1.72459,1.69496,10,2105,1.61451,0
1776813374050317659,1.25656,-0.00585938,0.121305,-0.00585938,1.65105,1.69496,10,2105,1.61451,0
1776813374055320230,1.25656,-0.00390625,0.121305,-0.00390625,1.65105,1.69496,10,2105,1.61451,0
1776813374060316912,1.25658,-0.00390625,0.121322,-0.00390625,1.61482,1.69618,10,2105,1.61451,0
1776813374065320334,1.25658,-0.00390625,0.121322,-0.00390625,1.61482,1.69618,10,2105,1.61451,0
1776813374070316664,1.25658,-0.00390625,0.121322,-0.00390625,1.71719,1.69618,10,2105,1.61451,0
1776813374075324586,1.25658,0.00390625,0.121322,0.00390625,1.71719,1.69618,10,2105,1.61451,0
1776813374080326138,1.25658,0.00390625,0.121322,0.00390625,1.70434,1.70064,10,2105,1.61451,0
1776813374085313580,1.25923,0.00390625,0.123972,0.00390625,1.70434,1.70064,10,2105,1.61451,0
1776813374090321428,1.25923,0.00195312,0.123972,0.00195312,1.6194,1.71634,10,2105,1.61451,0
1776813374095318887,1.25923,0.00195312,0.123972,0.00195312,1.6194,1.71634,10,2105,1.61451,0
1776813374100328902,1.25923,0.00195312,0.123972,0.00195312,1.6583,1.71634,10,2105,1.61451,0
1776813374105298122,1.25923,0.00195312,0.123972,0.00195312,1.6583,1.71634,10,2105,1.61451,0
1776813374110345136,1.25923,-0.00390625,0.123972,-0.00390625,1.65936,1.713,10,2105,1.61451,0
1776813374115344854,1.25923,-0.00390625,0.123972,-0.00390625,1.65936,1.713,10,2105,1.61451,0
1776813374120330888,1.25923,-0.0078125,0.123972,-0.0078125,1.71227,1.71077,10,2105,1.61451,0
1776813374125317089,1.25906,-0.0078125,0.123802,-0.0078125,1.71227,1.71077,10,2105,1.61451,0
1776813374130316882,1.25906,-0.0078125,0.123802,-0.0078125,1.74462,1.70969,10,2105,1.61451,0
1776813374135324452,1.25908,-0.0078125,0.123819,-0.0078125,1.74462,1.70969,10,2105,1.61451,0
1776813374140317190,1.25908,-0.00195312,0.123819,-0.00195312,1.73744,1.71314,10,2105,1.61451,0
1776813374145325186,1.25908,-0.00195312,0.123819,-0.00195312,1.73744,1.71314,10,2105,1.61451,0
1776813374150317312,1.25908,0.00195312,0.123819,0.00195312,1.71759,1.71537,10,2105,1.61451,0
1776813374155295328,1.25908,0.00195312,0.123819,0.00195312,1.71759,1.71537,10,2105,1.61451,0
1776813374160311991,1.26112,0.00195312,0.125859,0.00195312,1.73229,1.7283,10,2105,1.61451,0
1776813374165330264,1.26112,0.00585938,0.125859,0.00585938,1.73229,1.7283,10,2105,1.61451,0
1776813374170384001,1.2611,0.00585938,0.125842,0.00585938,1.71206,1.73042,10,2105,1.61451,0
1776813374175336554,1.2611,0.00390625,0.125842,0.00390625,1.71206,1.73042,10,2105,1.61451,0
1776813374180376457,1.26127,0.00390625,0.126012,0.00390625,1.692,1.73039,10,2105,1.61451,0
1776813374185372324,1.26127,0.00195312,0.126012,0.00195312,1.692,1.73039,10,2105,1.61451,0
1776813374190322210,1.26127,0.00195312,0.126012,0.00195312,1.69202,1.72928,10,2105,1.61451,0
1776813374195344688,1.26127,-0.00390625,0.126012,-0.00390625,1.69202,1.72928,10,2105,1.61451,0
1776813374200317240,1.26127,-0.00390625,0.126012,-0.00390625,1.71752,1.72594,10,2105,1.61451,0
1776813374205301737,1.26127,-0.00585938,0.126012,-0.00585938,1.71752,1.72594,10,2105,1.61451,0
1776813374210311641,1.26127,-0.00585938,0.126012,-0.00585938,1.67913,1.72482,10,2105,1.61451,0
1776813374215326322,1.26127,-0.00195312,0.126012,-0.00195312,1.67913,1.72482,10,2105,1.61451,0
1776813374220327393,1.2611,-0.00195312,0.125842,-0.00195312,1.73736,1.72597,10,2105,1.61451,0
1776813374225331371,1.2611,-0.00195312,0.125842,-0.00195312,1.73736,1.72597,10,2105,1.61451,0
1776813374230311405,1.2611,-0.00195312,0.125842,-0.00195312,1.73115,1.72597,10,2105,1.61451,0
1776813374235321920,1.26299,-0.00195312,0.127731,-0.00195312,1.73115,1.72597,10,2105,1.61451,0
1776813374240312046,1.26299,0.00195312,0.127731,0.00195312,1.7701,1.74017,10,2105,1.61451,0
1776813374245318561,1.26299,0.00195312,0.127731,0.00195312,1.7701,1.74017,10,2105,1.61451,0
1776813374250316909,1.26299,-0.00195312,0.127731,-0.00195312,1.73067,1.73794,10,2105,1.61451,0
1776813374255301888,1.26299,-0.00195312,0.127731,-0.00195312,1.73067,1.73794,10,2105,1.61451,0
1776813374260385308,1.26299,0.00390625,0.127731,0.00390625,1.73743,1.74128,10,2105,1.61451,0
1776813374265336899,1.26299,0.00390625,0.127731,0.00390625,1.73743,1.74128,10,2105,1.61451,0
1776813374270335821,1.26299,0.00195312,0.127731,0.00195312,1.71148,1.74017,10,2105,1.61451,0
1776813374275395464,1.26299,0.00195312,0.127731,0.00195312,1.71148,1.74017,10,2105,1.61451,0
1776813374280356573,1.26299,-0.00585938,0.127731,-0.00585938,1.75715,1.73572,10,2105,1.61451,0
1776813374285318237,1.26299,-0.00585938,0.127731,-0.00585938,1.75715,1.73572,10,2105,1.61451,0
1776813374290320734,1.26299,-0.0078125,0.127731,-0.0078125,1.74401,1.7346,10,2105,1.61451,0
1776813374295316230,1.26299,-0.0078125,0.127731,-0.0078125,1.74401,1.7346,10,2105,1.61451,0
1776813374300363670,1.26299,-0.0078125,0.127731,-0.0078125,1.8354,1.7346,10,2105,1.61451,0
1776813374305314334,1.26299,-0.0078125,0.127731,-0.0078125,1.8354,1.7346,10,2105,1.61451,0
1776813374310313294,1.26943,-0.0078125,0.134176,-0.0078125,1.79637,1.7754,10,2105,1.61451,0
1776813374315317679,1.26943,0.00195312,0.134176,0.00195312,1.79637,1.7754,10,2105,1.61451,0
1776813374320330231,1.26943,0.00195312,0.134176,0.00195312,1.74427,1.78097,10,2105,1.61451,0
1776813374325322154,1.26943,0,0.134176,0,1.74427,1.78097,10,2105,1.61451,0
1776813374330328520,1.26944,0,0.134177,0,1.778,1.77986,10,2105,1.61451,0
1776813374335330906,1.26944,-0.0078125,0.134177,-0.0078125,1.778,1.77986,10,2105,1.61451,0
1776813374340340384,1.26944,-0.0078125,0.134177,-0.0078125,1.724,1.77541,10,2105,1.61451,0
1776813374345322380,1.26944,-0.00390625,0.134177,-0.00390625,1.724,1.77541,10,2105,1.61451,0
1776813374350333655,1.26927,-0.00390625,0.134007,-0.00390625,1.81094,1.77656,10,2105,1.61451,0
1776813374355312966,1.26927,-0.0078125,0.134007,-0.0078125,1.81094,1.77656,10,2105,1.61451,0
1776813374360320111,1.26927,-0.0078125,0.134007,-0.0078125,1.77,1.77433,10,2105,1.61451,0
1776813374365313145,1.26927,-0.00585938,0.134007,-0.00585938,1.77,1.77433,10,2105,1.61451,0
1776813374370337104,1.26911,-0.00585938,0.133853,-0.00585938,1.72638,1.77447,10,2105,1.61451,0
1776813374375330026,1.26911,0.00195312,0.133853,0.00195312,1.72638,1.77447,10,2105,1.61451,0
1776813374380322671,1.26911,0.00195312,0.133853,0.00195312,1.72743,1.77892,10,2105,1.61451,0
1776813374385331038,1.27335,0.00195312,0.138094,0.00195312,1.72743,1.77892,10,2105,1.61451,0
1776813374390326294,1.27335,-0.00195312,0.138094,-0.00195312,1.72719,1.8035,10,2105,1.61451,0
1776813374395319179,1.27335,-0.00195312,0.138094,-0.00195312,1.72719,1.8035,10,2105,1.61451,0
1776813374400315602,1.27335,0.00390625,0.138094,0.00390625,1.80594,1.80684,10,2105,1.61451,0
1776813374405295654,1.27335,0.00390625,0.138094,0.00390625,1.80594,1.80684,10,2105,1.61451,0
1776813374410308206,1.27335,-0.00195312,0.138094,-0.00195312,1.7646,1.8035,10,2105,1.61451,0
1776813374415322332,1.27335,-0.00195312,0.138093,-0.00195312,1.7646,1.8035,10,2105,1.61451,0
1776813374420316662,1.27335,-0.00390625,0.138093,-0.00390625,1.81166,1.80238,10,2105,1.61451,0
1776813374425373916,1.27335,-0.00390625,0.138093,-0.00390625,1.81166,1.80238,10,2105,1.61451,0
1776813374430322636,1.27335,-0.00976562,0.138093,-0.00976562,1.81533,1.79904,10,2105,1.61451,0
1776813374435325688,1.2732,-0.00976562,0.137939,-0.00976562,1.81533,1.79904,10,2105,1.61451,0
1776813374440323648,1.2732,-0.0117188,0.137939,-0.0117188,1.79376,1.79695,10,2105,1.61451,0
1776813374445329626,1.2732,-0.0117188,0.137939,-0.0117188,1.79376,1.79695,10,2105,1.61451,0
1776813374450314752,1.2732,-0.00585938,0.137939,-0.00585938,1.76092,1.80029,10,2105,1.61451,0
1776813374455294805,1.2732,-0.00585938,0.137939,-0.00585938,1.76092,1.80029,10,2105,1.61451,0
1776813374460310986,1.27635,-0.00585938,0.14109,-0.00585938,1.81083,1.82019,10,2105,1.61451,0
1776813374465314057,1.27635,-0.00976562,0.14109,-0.00976562,1.81083,1.82019,10,2105,1.61451,0
1776813374470321072,1.27619,-0.00976562,0.140936,-0.00976562,1.77662,1.81699,10,2105,1.61451,0
1776813374475326809,1.27619,-0.00390625,0.140936,-0.00390625,1.77662,1.81699,10,2105,1.61451,0
1776813374480313194,1.27619,-0.00390625,0.140936,-0.00390625,1.82444,1.82033,10,2105,1.61451,0
1776813374485314117,1.27619,-0.0078125,0.140936,-0.0078125,1.82444,1.82033,10,2105,1.61451,0
1776813374490325983,1.27602,-0.0078125,0.140766,-0.0078125,1.7918,1.81703,10,2105,1.61451,0
1776813374495316443,1.27602,-0.00585938,0.140766,-0.00585938,1.7918,1.81703,10,2105,1.61451,0
1776813374500317125,1.27604,-0.00585938,0.140782,-0.00585938,1.7771,1.81824,10,2105,1.61451,0
1776813374505294696,1.27604,-0.00976562,0.140782,-0.00976562,1.7771,1.81824,10,2105,1.61451,0
1776813374510316729,1.27587,-0.00976562,0.140611,-0.00976562,1.85691,1.81494,10,2105,1.61451,0
1776813374515313948,1.27587,-0.00390625,0.140611,-0.00390625,1.85691,1.81494,10,2105,1.61451,0
1776813374520315741,1.27589,-0.00390625,0.140627,-0.00390625,1.83929,1.81838,10,2105,1.61451,0
1776813374525376310,1.27589,-0.00585938,0.140627,-0.00585938,1.83929,1.81838,10,2105,1.61451,0
1776813374530329493,1.27856,-0.00585938,0.143303,-0.00585938,1.76021,1.81726,10,2105,1.61451,0
1776813374535315582,1.27856,0.00195312,0.143303,0.00195312,1.76021,1.81726,10,2105,1.61451,0
1776813374540323949,1.27839,0.00195312,0.143132,0.00195312,1.8246,1.83752,10,2105,1.61451,0
1776813374545318631,1.27839,0.00195312,0.143132,0.00195312,1.8246,1.83752,10,2105,1.61451,0
1776813374550319812,1.27839,0.00195312,0.143132,0.00195312,1.82457,1.83752,10,2105,1.61451,0
1776813374555295995,1.27839,-0.00195312,0.143132,-0.00195312,1.82457,1.83752,10,2105,1.61451,0
1776813374560314009,1.27839,-0.00195312,0.143133,-0.00195312,1.77855,1.8353,10,2106,1.61528,0.153429
1776813374565318265,1.27839,0.00195312,0.1439,0.155382,1.77855,1.8353,10,2106,1.61528,0
1776813374570345372,1.27839,0.00195312,0.1439,0.00195312,1.8571,1.83752,10,2106,1.61528,0
1776813374575348072,1.27839,-0.00390625,0.1439,-0.00390625,1.8571,1.83752,10,2106,1.61528,0
1776813374580327736,1.27839,-0.00390625,0.1439,-0.00390625,1.80901,1.83418,10,2106,1.61528,0
1776813374585316658,1.27839,0.00195312,0.1439,0.00195312,1.80901,1.83418,10,2106,1.61528,0
1776813374590319433,1.27839,0.00195312,0.1439,0.00195312,1.8292,1.83752,10,2106,1.61528,0
1776813374595379576,1.27839,-0.00195312,0.1439,-0.00195312,1.8292,1.83752,10,2106,1.61528,0
1776813374600359980,1.27839,-0.00195312,0.1439,-0.00195312,1.8295,1.8353,10,2106,1.61528,0
1776813374605308663,1.28804,-0.00195312,0.153549,-0.00195312,1.8295,1.8353,10,2106,1.61528,0
1776813374610316326,1.28804,-0.00390625,0.153549,-0.00390625,1.84109,1.89493,10,2106,1.61528,0
1776813374615316693,1.28804,-0.00390625,0.153549,-0.00390625,1.84109,1.89493,10,2106,1.61528,0
1776813374620324967,1.28804,-0.00585938,0.153549,-0.00585938,1.82589,1.89381,10,2106,1.61528,0
1776813374625336852,1.28804,-0.00585938,0.153549,-0.00585938,1.82589,1.89381,10,2106,1.61528,0
1776813374630334905,1.28804,-0.015625,0.153549,-0.015625,1.87468,1.88825,10,2106,1.61528,0
1776813374635331994,1.28788,-0.015625,0.153393,-0.015625,1.87468,1.88825,10,2106,1.61528,0
1776813374640336935,1.28788,-0.03125,0.153393,-0.03125,1.85054,1.87836,10,2107,1.61605,0.153368
1776813374645330968,1.28756,-0.03125,0.153834,0.122118,1.85054,1.87836,10,2107,1.61605,0
1776813374650328613,1.28756,-0.0507812,0.153834,-0.0507812,1.87391,1.86518,10,2107,1.61605,0
1776813374655299258,1.28726,-0.0507812,0.153539,-0.0507812,1.87391,1.86518,10,2108,1.61682,0.153429
1776813374660319273,1.28726,-0.0546875,0.154306,0.0987417,1.85584,1.8611,10,2108,1.61682,0
1776813374665318362,1.28694,-0.0546875,0.15398,-0.0546875,1.85584,1.8611,10,2108,1.61682,0
1776813374670351006,1.28694,-0.0605469,0.15398,-0.0605469,1.90221,1.85571,10,2109,1.61758,0.153368
1776813374675368058,1.28694,-0.0605469,0.154747,0.092821,1.90221,1.85571,10,2109,1.61758,0
1776813374680353795,1.29168,-0.0605469,0.159494,-0.0605469,1.88301,1.88554,10,2110,1.61835,0.153429
1776813374685326959,1.29168,-0.0722656,0.160261,0.0811636,1.88301,1.88554,10,2111,1.61912,0
1776813374690325956,1.29106,-0.0722656,0.160405,-0.0722656,1.79296,1.87495,10,2111,1.61912,0.153375
1776813374695316527,1.29106,-0.101562,0.160405,0.0518122,1.79296,1.87495,10,2112,1.61988,0.153429
1776813374700388540,1.28979,-0.101562,0.159897,0.0518667,1.99695,1.85024,10,2113,1.62065,0
1776813374705366426,1.28979,-0.115234,0.160664,-0.115234,1.99695,1.85024,10,2113,1.62065,0.153337
1776813374710375033,1.28868,-0.115234,0.15956,0.0381028,1.87246,1.83551,10,2114,1.62142,0
1776813374715391770,1.28868,-0.0996094,0.160327,-0.0996094,1.87246,1.83551,10,2114,1.62142,0.153368
1776813374720339935,1.28773,-0.0996094,0.159379,0.0537585,1.9327,1.83846,10,2114,1.62142,0
1776813374725336579,1.28773,-0.0625,0.159379,-0.0625,1.9327,1.83846,10,2115,1.62218,0
1776813374730324910,1.28679,-0.0625,0.159199,-0.0625,1.82617,1.85365,10,2115,1.62218,0.153429
1776813374735336832,1.28679,-0.0214844,0.159199,0.131945,1.82617,1.85365,10,2115,1.62218,0
1776813374740329588,1.28631,-0.0214844,0.158718,-0.0214844,1.89227,1.87401,10,2115,1.62218,0
1776813374745335325,1.28631,0.0175781,0.158718,0.0175781,1.89227,1.87401,10,2115,1.62218,0
1776813374750325025,1.28631,0.0175781,0.158718,0.0175781,1.82913,1.89627,10,2115,1.62218,0
1776813374755324281,1.29043,0.0175781,0.162839,0.0175781,1.82913,1.89627,10,2115,1.62218,0
1776813374760354425,1.29043,0.0449219,0.162839,0.0449219,1.89976,1.93776,10,2115,1.62218,0
1776813374765322274,1.29074,0.0449219,0.163151,0.0449219,1.89976,1.93776,10,2115,1.62218,0
1776813374770354770,1.29074,0.046875,0.163151,0.046875,1.91901,1.94083,10,2115,1.62218,0
1776813374775347915,1.29155,0.046875,0.163959,0.046875,1.91901,1.94083,10,2115,1.62218,0
1776813374780320745,1.29155,0.0351562,0.163959,0.0351562,1.95228,1.93923,10,2115,1.62218,0
1776813374785329205,1.2917,0.0351562,0.164115,0.0351562,1.95228,1.93923,10,2115,1.62218,0
1776813374790321794,1.2917,0.00195312,0.164115,0.00195312,1.99894,1.92129,10,2115,1.62218,0
1776813374795317272,1.29202,0.00195312,0.164427,0.00195312,1.99894,1.92129,10,2115,1.62218,0
1776813374800323435,1.29202,-0.0195312,0.164427,-0.0195312,1.94718,1.911,10,2115,1.62218,0
1776813374805317450,1.29184,-0.0195312,0.164256,-0.0195312,1.94718,1.911,10,2115,1.62218,0
1776813374810309465,1.29184,-0.0371094,0.164256,-0.0371094,1.91378,1.89991,10,2115,1.62218,0
1776813374815316017,1.29155,-0.0371094,0.16396,-0.0371094,1.91378,1.89991,10,2115,1.62218,0
1776813374820321977,1.29155,-0.0332031,0.16396,-0.0332031,1.85944,1.90027,10,2115,1.62218,0
1776813374825327677,1.29155,-0.0332031,0.16396,-0.0332031,1.85944,1.90027,10,2115,1.62218,0
1776813374830338414,1.29456,-0.0332031,0.166969,-0.0332031,1.90974,1.91915,10,2115,1.62218,0
1776813374835323059,1.29456,-0.00585938,0.166969,-0.00585938,1.90974,1.91915,10,2115,1.62218,0
1776813374840324815,1.29423,-0.00585938,0.166642,-0.00585938,1.94283,1.93269,10,2115,1.62218,0
1776813374845321571,1.29423,0.0253906,0.166642,0.0253906,1.94283,1.93269,10,2115,1.62218,0
1776813374850328160,1.2944,0.0253906,0.166813,0.0253906,1.90736,1.95157,10,2115,1.62218,0
1776813374855324915,1.2944,0.0234375,0.166813,0.0234375,1.90736,1.95157,10,2115,1.62218,0
1776813374860312486,1.29456,0.0234375,0.166969,0.0234375,1.97976,1.95144,10,2115,1.62218,0
1776813374865317890,1.29456,0.00976562,0.166969,0.00976562,1.97976,1.95144,10,2115,1.62218,0
1776813374870339442,1.29471,0.00976562,0.167126,0.00976562,1.97966,1.94463,10,2115,1.62218,0
1776813374875320902,1.29471,0.00195312,0.167126,0.00195312,1.97966,1.94463,10,2115,1.62218,0
1776813374880316787,1.29487,0.00195312,0.167282,0.00195312,1.91018,1.94115,10,2115,1.62218,0
1776813374885317191,1.29487,-0.0195312,0.167282,-0.0195312,1.91018,1.94115,10,2115,1.62218,0
1776813374890320854,1.29471,-0.0195312,0.167126,-0.0195312,1.88931,1.92793,10,2115,1.62218,0
1776813374895338610,1.29471,-0.0234375,0.167126,-0.0234375,1.88931,1.92793,10,2115,1.62218,0
1776813374900326440,1.30633,-0.0234375,0.178739,-0.0234375,1.92265,1.9257,10,2115,1.62218,0
1776813374905310251,1.30633,-0.0234375,0.178739,-0.0234375,1.92265,1.9257,10,2115,1.62218,0
1776813374910324414,1.30586,-0.0136719,0.178268,-0.0136719,1.87478,2.00398,10,2115,1.62218,0
1776813374915312707,1.30586,-0.00585938,0.178268,-0.00585938,1.87478,2.00398,10,2115,1.62218,0
1776813374920316926,1.30586,-0.00585938,0.178268,-0.00585938,1.90753,2.00548,10,2115,1.62218,0
1776813374925314293,1.30586,0.00976562,0.178268,0.00976562,1.90753,2.00548,10,2115,1.62218,0
1776813374930360640,1.30586,0.00976562,0.178268,0.00976562,2.03817,2.01439,10,2115,1.62218,0
1776813374935338119,1.30586,0.0078125,0.178268,0.0078125,2.03817,2.01439,10,2115,1.62218,0
1776813374940322986,1.30586,0.0078125,0.178268,0.0078125,1.98869,2.01328,10,2115,1.62218,0
1776813374945316557,1.30586,0.00390625,0.178268,0.00390625,1.98869,2.01328,10,2115,1.62218,0
1776813374950319683,1.30601,0.00390625,0.178425,0.00390625,1.9558,2.01203,10,2115,1.62218,0
1776813374955299569,1.30601,0.00585938,0.178425,0.00585938,1.9558,2.01203,10,2115,1.62218,0
1776813374960311972,1.30601,0.00585938,0.178425,0.00585938,2.03813,2.01315,10,2115,1.62218,0
1776813374965334987,1.30601,-0.0117188,0.178425,-0.0117188,2.03813,2.01315,10,2115,1.62218,0
1776813374970340946,1.31241,-0.0117188,0.184821,-0.0117188,2.02123,2.00313,10,2115,1.62218,0
1776813374975331462,1.31241,-0.015625,0.184821,-0.015625,2.02123,2.00313,10,2115,1.62218,0
1776813374980317773,1.31225,-0.015625,0.184663,-0.015625,1.98977,2.03985,10,2115,1.62218,0
1776813374985313770,1.31225,-0.0136719,0.184663,-0.0136719,1.98977,2.03985,10,2115,1.62218,0
1776813374990317007,1.31208,-0.0136719,0.184492,-0.0136719,2.07342,2.0399,10,2115,1.62218,0
1776813374995342466,1.31208,-0.0117188,0.184492,-0.0117188,2.07342,2.0399,10,2115,1.62218,0
1776813375000323167,1.31192,-0.0117188,0.184335,-0.0117188,2.07713,2.04003,10,2115,1.62218,0
1776813375005325460,1.31192,-0.0078125,0.184335,-0.0078125,2.07713,2.04003,10,2115,1.62218,0
1776813375010309457,1.31192,-0.0078125,0.184335,-0.0078125,1.97157,2.04225,10,2115,1.62218,0
1776813375015338008,1.31192,-0.00976562,0.184335,-0.00976562,1.97157,2.04225,10,2115,1.62218,0
1776813375020329265,1.31192,-0.00976562,0.184335,-0.00976562,2.02314,2.04114,10,2115,1.62218,0
1776813375025326798,1.31192,-0.0078125,0.184335,-0.0078125,2.02314,2.04114,10,2115,1.62218,0
1776813375030320036,1.31161,-0.0078125,0.18402,-0.0078125,2.11557,2.04029,10,2115,1.62218,0
1776813375035321940,1.31161,-0.0078125,0.18402,-0.0078125,2.11557,2.04029,10,2115,1.62218,0
1776813375040320604,1.31593,-0.0078125,0.188338,-0.0078125,2.06368,2.04029,10,2115,1.62218,0
1776813375045318971,1.31593,-0.0078125,0.188338,-0.0078125,2.06368,2.04029,10,2115,1.62218,0
1776813375050326671,1.31593,-0.00195312,0.188338,-0.00195312,2.02682,2.07055,10,2115,1.62218,0
1776813375055315002,1.31593,0.00195312,0.188338,0.00195312,2.02682,2.07055,10,2115,1.62218,0
1776813375060311535,1.31593,0.00195312,0.188339,0.00195312,2.01774,2.07278,10,2115,1.62218,0
1776813375065349865,1.31593,-0.00195312,0.188339,-0.00195312,2.01774,2.07278,10,2115,1.62218,0
1776813375070320918,1.31594,-0.00195312,0.188353,-0.00195312,2.03796,2.07064,10,2115,1.62218,0
1776813375075325396,1.31594,-0.00585938,0.188353,-0.00585938,2.03796,2.07064,10,2115,1.62218,0
1776813375080324004,1.31577,-0.00585938,0.188182,-0.00585938,2.05808,2.06735,10,2115,1.62218,0
1776813375085321112,1.31577,-0.0078125,0.188182,-0.0078125,2.05808,2.06735,10,2115,1.62218,0
1776813375090318516,1.31577,-0.0078125,0.18818,-0.0078125,2.1434,2.06622,10,2115,1.62218,0
1776813375095318309,1.31577,-0.015625,0.18818,-0.015625,2.1434,2.06622,10,2116,1.62295,0
1776813375100327602,1.31561,-0.015625,0.188789,-0.015625,2.02502,2.06079,10,2116,1.62295,0.153429
1776813375105321562,1.31561,-0.0136719,0.188789,0.139757,2.02502,2.06079,10,2116,1.62295,0
1776813375110307059,1.31897,-0.0136719,0.192153,-0.0136719,2.01213,2.0619,10,2116,1.62295,0
1776813375115315259,1.31897,-0.0136719,0.192153,-0.0136719,2.01213,2.0619,10,2116,1.62295,0
1776813375120336015,1.31866,-0.0195312,0.191837,-0.0195312,2.04445,2.07951,10,2116,1.62295,0
1776813375125321919,1.31866,-0.0195312,0.191837,-0.0195312,2.04445,2.07951,10,2116,1.62295,0
1776813375130319860,1.31833,-0.0195312,0.191509,-0.0195312,2.03783,2.0755,10,2116,1.62295,0
1776813375135319005,1.31833,-0.0214844,0.191509,-0.0214844,2.03783,2.0755,10,2116,1.62295,0
1776813375140393463,1.31817,-0.0214844,0.191351,-0.0214844,2.10821,2.0734,10,2117,1.62372,0
1776813375145340869,1.31817,-0.0214844,0.192118,-0.0214844,2.10821,2.0734,10,2117,1.62372,0.153368
1776813375150365532,1.31817,-0.0214844,0.192118,0.131883,2.06961,2.0734,10,2117,1.62372,0
1776813375155362547,1.31817,-0.0273438,0.192118,-0.0273438,2.06961,2.0734,10,2117,1.62372,0
1776813375160370062,1.31787,-0.0273438,0.191815,-0.0273438,2.03778,2.06817,10,2117,1.62372,0
1776813375165339319,1.31787,-0.0214844,0.191815,-0.0214844,2.03778,2.06817,10,2117,1.62372,0
1776813375170349630,1.3177,-0.0214844,0.191644,-0.0214844,2.11747,2.07045,10,2117,1.62372,0
1776813375175345516,1.3177,-0.0214844,0.191644,-0.0214844,2.11747,2.07045,10,2117,1.62372,0
1776813375180368401,1.3177,-0.0214844,0.191644,-0.0214844,2.07114,2.07045,10,2118,1.62449,0
1776813375185360694,1.3201,-0.0214844,0.194814,-0.0214844,2.07114,2.07045,10,2118,1.62449,0.153399
1776813375190321562,1.3201,-0.015625,0.194814,0.137774,2.0593,2.08875,10,2118,1.62449,0
1776813375195317985,1.31979,-0.015625,0.194498,-0.015625,2.0593,2.08875,10,2118,1.62449,0
1776813375200317667,1.31979,-0.0195312,0.194498,-0.0195312,2.05397,2.08455,10,2118,1.62449,0
1776813375205297257,1.31979,-0.0195312,0.194498,-0.0195312,2.05397,2.08455,10,2118,1.62449,0
1776813375210310013,1.31979,-0.0214844,0.194498,-0.0214844,2.10689,2.08344,10,2118,1.62449,0
1776813375215321583,1.31947,-0.0214844,0.194181,-0.0214844,2.10689,2.08344,10,2118,1.62449,0
1776813375220380560,1.31947,-0.0195312,0.194181,-0.0195312,2.16369,2.08258,10,2119,1.62525,0.153399
1776813375225343854,1.31914,-0.0195312,0.194619,0.133867,2.16369,2.08258,10,2119,1.62525,0
1776813375230321462,1.31914,-0.0351562,0.194619,-0.0351562,2.04811,2.07163,10,2119,1.62525,0
1776813375235320274,1.31898,-0.0351562,0.194461,-0.0351562,2.04811,2.07163,10,2119,1.62525,0
1776813375240325141,1.31898,-0.0332031,0.194461,-0.0332031,2.11279,2.07176,10,2119,1.62525,0
1776813375245317675,1.31867,-0.0332031,0.194145,-0.0332031,2.11279,2.07176,10,2120,1.62602,0.153399
1776813375250321542,1.31867,-0.0371094,0.194912,0.116289,2.00981,2.06756,10,2120,1.62602,0
1776813375255338279,1.31867,-0.0371094,0.194912,-0.0371094,2.00981,2.06756,10,2120,1.62602,0
1776813375260340405,1.32815,-0.0371094,0.204397,-0.0371094,2.11213,2.12651,10,2120,1.62602,0
1776813375265367013,1.32815,-0.0332031,0.204397,-0.0332031,2.11213,2.12651,10,2120,1.62602,0
1776813375270354232,1.3275,-0.0332031,0.203749,-0.0332031,2.10055,2.12471,10,2120,1.62602,0
1776813375275349358,1.3275,-0.03125,0.203749,-0.03125,2.10055,2.12471,10,2121,1.62679,0.153399
1776813375280329078,1.32751,-0.03125,0.204528,0.122149,2.13977,2.1259,10,2121,1.62679,0
1776813375285321593,1.32751,-0.0273438,0.204528,-0.0273438,2.13977,2.1259,10,2121,1.62679,0
1776813375290332590,1.32703,-0.0273438,0.204039,-0.0273438,2.13083,2.12509,10,2121,1.62679,0
1776813375295329383,1.32703,-0.0273438,0.204039,-0.0273438,2.13083,2.12509,10,2121,1.62679,0
1776813375300321324,1.32687,-0.0273438,0.20388,-0.0273438,2.19526,2.12411,10,2121,1.62679,0
1776813375305318821,1.32687,-0.015625,0.20388,-0.015625,2.19526,2.12411,10,2121,1.62679,0
1776813375310328022,1.32655,-0.015625,0.203563,-0.015625,2.14238,2.12881,10,2121,1.62679,0
1776813375315316241,1.32655,-0.015625,0.203563,-0.015625,2.14238,2.12881,10,2121,1.62679,0
1776813375320326385,1.32638,-0.015625,0.203391,-0.015625,2.13075,2.12775,10,2121,1.62679,0
1776813375325318364,1.32638,0.00195312,0.203391,0.00195312,2.13075,2.12775,10,2121,1.62679,0
1776813375330316935,1.33202,0.00195312,0.209031,0.00195312,2.08762,2.13777,10,2121,1.62679,0
1776813375335317432,1.33202,0.0078125,0.209031,0.0078125,2.08762,2.13777,10,2121,1.62679,0
1776813375340328854,1.33219,0.0078125,0.209202,0.0078125,2.06634,2.17715,10,2121,1.62679,0
1776813375345317592,1.33219,0.00585938,0.209202,0.00585938,2.06634,2.17715,10,2121,1.62679,0
1776813375350319292,1.33219,0.00585938,0.2092,0.00585938,2.16263,2.17603,10,2121,1.62679,0
1776813375355294808,1.33219,0.00390625,0.2092,0.00390625,2.16263,2.17603,10,2121,1.62679,0
1776813375360344507,1.33218,0.00390625,0.20919,0.00390625,2.17581,2.17485,10,2121,1.62679,0
1776813375365339615,1.33218,-0.00195312,0.20919,-0.00195312,2.17581,2.17485,10,2121,1.62679,0
1776813375370321409,1.33235,-0.00195312,0.209362,-0.00195312,2.22042,2.17257,10,2121,1.62679,0
1776813375375330628,1.33235,-0.00585938,0.209362,-0.00585938,2.22042,2.17257,10,2121,1.62679,0
1776813375380324402,1.33218,-0.00585938,0.20919,-0.00585938,2.17601,2.16928,10,2122,1.62755,0.153368
1776813375385328195,1.33218,-0.0136719,0.209957,0.139696,2.17601,2.16928,10,2122,1.62755,0
1776813375390329210,1.33219,-0.0136719,0.209969,-0.0136719,2.18836,2.1649,10,2122,1.62755,0
1776813375395330818,1.33219,-0.0136719,0.209969,-0.0136719,2.18836,2.1649,10,2122,1.62755,0
1776813375400366888,1.33606,-0.0136719,0.213839,-0.0136719,2.12822,2.1649,10,2122,1.62755,0
1776813375405321553,1.33606,-0.0136719,0.213839,-0.0136719,2.12822,2.1649,10,2122,1.62755,0
1776813375410322327,1.3359,-0.00585938,0.21368,-0.00585938,2.15568,2.19332,10,2122,1.62755,0
1776813375415317398,1.3359,0.00195312,0.21368,0.00195312,2.15568,2.19332,10,2122,1.62755,0
1776813375420314432,1.3359,0.00195312,0.21368,0.00195312,2.14861,2.19679,10,2122,1.62755,0
1776813375425322929,1.3359,0.00585938,0.21368,0.00585938,2.14861,2.19679,10,2122,1.62755,0
1776813375430316185,1.3359,0.00585938,0.21368,0.00585938,2.23386,2.19901,10,2122,1.62755,0
1776813375435384180,1.3359,0,0.21368,0,2.23386,2.19901,10,2122,1.62755,0
1776813375440336493,1.3359,0,0.213681,0,2.11632,2.19568,10,2122,1.62755,0
1776813375445320268,1.3359,0,0.213681,0,2.11632,2.19568,10,2122,1.62755,0
1776813375450316709,1.3359,0,0.213681,0,2.16829,2.19568,10,2122,1.62755,0
1776813375455300891,1.3359,-0.00195312,0.213681,-0.00195312,2.16829,2.19568,10,2122,1.62755,0
1776813375460340609,1.3359,-0.00195312,0.213681,-0.00195312,2.16839,2.19457,10,2122,1.62755,0
1776813375465336754,1.3359,-0.0078125,0.213681,-0.0078125,2.16839,2.19457,10,2122,1.62755,0
1776813375470332270,1.33914,-0.0078125,0.216919,-0.0078125,2.18172,2.19123,10,2122,1.62755,0
1776813375475313248,1.33914,-0.00585938,0.216919,-0.00585938,2.18172,2.19123,10,2122,1.62755,0
1776813375480321856,1.33897,-0.00585938,0.216748,-0.00585938,2.14902,2.21131,10,2122,1.62755,0
1776813375485315335,1.33897,-0.00390625,0.216748,-0.00390625,2.14902,2.21131,10,2122,1.62755,0
1776813375490319516,1.33897,-0.00390625,0.216748,-0.00390625,2.21425,2.21242,10,2122,1.62755,0
1776813375495330180,1.33897,-0.00195312,0.216748,-0.00195312,2.21425,2.21242,10,2122,1.62755,0
1776813375500322528,1.33897,-0.00195312,0.216746,-0.00195312,2.22791,2.21353,10,2122,1.62755,0
1776813375505295878,1.33897,-0.00195312,0.216746,-0.00195312,2.22791,2.21353,10,2122,1.62755,0
1776813375510332688,1.33897,-0.00195312,0.216746,-0.00195312,2.22756,2.21353,10,2122,1.62755,0
1776813375515326167,1.33897,-0.00976562,0.216746,-0.00976562,2.22756,2.21353,10,2122,1.62755,0
1776813375520329830,1.33881,-0.00976562,0.216586,-0.00976562,2.20928,2.20808,10,2122,1.62755,0
1776813375525314364,1.33881,-0.00976562,0.216586,-0.00976562,2.20928,2.20808,10,2122,1.62755,0
1776813375530333250,1.33881,-0.00976562,0.216588,-0.00976562,2.23837,2.20809,10,2122,1.62755,0
1776813375535318358,1.33881,-0.0078125,0.216588,-0.0078125,2.23837,2.20809,10,2122,1.62755,0
1776813375540314466,1.35017,-0.0078125,0.227952,-0.0078125,2.18588,2.20921,10,2122,1.62755,0
1776813375545313648,1.35017,-0.0078125,0.227952,-0.0078125,2.18588,2.20921,10,2122,1.62755,0
1776813375550325237,1.35,-0.0078125,0.22778,-0.0078125,2.23842,2.27828,10,2122,1.62755,0
1776813375555297401,1.35,-0.00195312,0.22778,-0.00195312,2.23842,2.27828,10,2122,1.62755,0
1776813375560318471,1.35001,-0.00195312,0.227791,-0.00195312,2.17017,2.28169,10,2122,1.62755,0
1776813375565313505,1.35001,-0.00390625,0.227791,-0.00390625,2.17017,2.28169,10,2122,1.62755,0
1776813375570324613,1.34984,-0.00390625,0.227619,-0.00390625,2.23532,2.27952,10,2123,1.62832,0.153368
1776813375575327591,1.34984,-0.00390625,0.228386,0.149462,2.23532,2.27952,10,2123,1.62832,0
1776813375580322495,1.34984,-0.00390625,0.228386,-0.00390625,2.28643,2.27952,10,2123,1.62832,0
1776813375585398490,1.34984,-0.0195312,0.228386,-0.0195312,2.28643,2.27952,10,2123,1.62832,0
1776813375590354525,1.34968,-0.0195312,0.228225,-0.0195312,2.33964,2.26962,10,2123,1.62832,0
1776813375595361003,1.34968,-0.0292969,0.228225,-0.0292969,2.33964,2.26962,10,2123,1.62832,0
1776813375600338019,1.34952,-0.0292969,0.228064,-0.0292969,2.27452,2.26306,10,2123,1.62832,0
1776813375605297498,1.34952,-0.0253906,0.228064,-0.0253906,2.27452,2.26306,10,2124,1.62909,0.153429
1776813375610313180,1.35473,-0.0253906,0.23404,-0.0253906,2.26075,2.26529,10,2124,1.62909,0
1776813375615336083,1.35473,-0.0292969,0.23404,-0.0292969,2.26075,2.26529,10,2124,1.62909,0
1776813375620521020,1.35456,-0.0292969,0.233879,-0.0292969,2.26633,2.29413,10,2124,1.62909,0
1776813375625430964,1.35456,-0.0175781,0.233879,-0.0175781,2.26633,2.29413,10,2124,1.62909,0
1776813375630315482,1.35423,-0.0175781,0.233546,-0.0175781,2.27015,2.29876,10,2124,1.62909,0
1776813375635316052,1.35423,-0.0273438,0.233546,-0.0273438,2.27015,2.29876,10,2124,1.62909,0
1776813375640312623,1.35424,-0.0273438,0.233556,-0.0273438,2.28145,2.29326,10,2125,1.62985,0.153399
1776813375645332416,1.35424,-0.0214844,0.234323,0.131914,2.28145,2.29326,10,2125,1.62985,0
1776813375650323561,1.35392,-0.0214844,0.234001,-0.0214844,2.35673,2.29462,10,2125,1.62985,0
1776813375655324169,1.35392,-0.0253906,0.234001,-0.0253906,2.35673,2.29462,10,2125,1.62985,0
1776813375660318444,1.35376,-0.0253906,0.233839,-0.0253906,2.2507,2.2914,10,2125,1.62985,0
1776813375665360439,1.35376,-0.0390625,0.233839,-0.0390625,2.2507,2.2914,10,2126,1.63062,0.153368
1776813375670322418,1.35327,-0.0390625,0.234114,0.114305,2.2745,2.28058,10,2126,1.63062,0
1776813375675320471,1.35327,-0.046875,0.234114,-0.046875,2.2745,2.28058,10,2126,1.63062,0
1776813375680324838,1.35684,-0.046875,0.23846,0.106493,2.35725,2.27613,10,2127,1.63139,0.153368
1776813375685381037,1.35684,-0.0585938,0.23846,0.0947741,2.35725,2.27613,10,2127,1.63139,0
1776813375690325980,1.35604,-0.0585938,0.237653,-0.0585938,2.27852,2.28649,10,2128,1.63216,0
1776813375695321550,1.35604,-0.0605469,0.23842,-0.0605469,2.27852,2.28649,10,2128,1.63216,0.153368
1776813375700332528,1.3557,-0.0605469,0.238086,0.092821,2.26872,2.28333,10,2129,1.63292,0
1776813375705316266,1.3557,-0.0878906,0.238853,-0.0878906,2.26872,2.28333,10,2129,1.63292,0.153368
1776813375710311800,1.35457,-0.0878906,0.237721,0.0654772,2.28974,2.26078,10,2130,1.63369,0
1776813375715325982,1.35457,-0.0917969,0.238488,-0.0917969,2.28974,2.26078,10,2130,1.63369,0.153429
1776813375720332478,1.35425,-0.0917969,0.238166,0.0616323,2.29143,2.25657,10,2131,1.63446,0.153368
1776813375725324457,1.35425,-0.0878906,0.238933,0.0654772,2.29143,2.25657,10,2131,1.63446,0
1776813375730399989,1.35279,-0.0878906,0.237473,-0.0878906,2.29918,2.24982,10,2131,1.63446,0
1776813375735418522,1.35279,-0.0839844,0.237473,-0.0839844,2.29918,2.24982,10,2132,1.63522,0.153337
1776813375740355891,1.35229,-0.0839844,0.237744,0.0693528,2.16326,2.24899,10,2132,1.63522,0
1776813375745327055,1.35229,-0.0410156,0.237744,-0.0410156,2.16326,2.24899,10,2132,1.63522,0
1776813375750340459,1.35229,-0.0410156,0.237744,-0.0410156,2.23629,2.27348,10,2132,1.63522,0
1776813375755313808,1.35442,-0.0410156,0.239869,-0.0410156,2.23629,2.27348,10,2132,1.63522,0
1776813375760314601,1.35442,-0.0175781,0.239869,-0.0175781,2.26067,2.29992,10,2132,1.63522,0
1776813375765312894,1.35409,-0.0175781,0.239536,-0.0175781,2.26067,2.29992,10,2132,1.63522,0
1776813375770322446,1.35409,-0.00390625,0.239536,-0.00390625,2.28517,2.30566,10,2132,1.63522,0
1776813375775318258,1.3541,-0.00390625,0.239547,-0.00390625,2.28517,2.30566,10,2132,1.63522,0
1776813375780323977,1.3541,-0.00390625,0.239547,-0.00390625,2.25262,2.30573,10,2132,1.63522,0
1776813375785337047,1.3541,-0.00390625,0.239547,-0.00390625,2.25262,2.30573,10,2132,1.63522,0
1776813375790324600,1.3541,0.00195312,0.239547,0.00195312,2.31244,2.30907,10,2132,1.63522,0
1776813375795317282,1.3541,0.00195312,0.239547,0.00195312,2.31244,2.30907,10,2132,1.63522,0
1776813375800333260,1.3541,-0.00195312,0.239547,-0.00195312,2.3056,2.30684,10,2132,1.63522,0
1776813375805310294,1.35393,-0.00195312,0.239377,-0.00195312,2.3056,2.30684,10,2132,1.63522,0
1776813375810310513,1.35393,-0.00195312,0.239377,-0.00195312,2.28086,2.3058,10,2132,1.63522,0
1776813375815321065,1.35393,-0.00195312,0.239377,-0.00195312,2.28086,2.3058,10,2133,1.63599,0.153399
1776813375820319970,1.35393,-0.00585938,0.240144,0.147539,2.28598,2.30357,10,2133,1.63599,0
1776813375825326151,1.35653,-0.00585938,0.242751,-0.00585938,2.28598,2.30357,10,2133,1.63599,0
1776813375830326000,1.35653,-0.0078125,0.242751,-0.0078125,2.25908,2.31849,10,2133,1.63599,0
1776813375835334200,1.35637,-0.0078125,0.242589,-0.0078125,2.25908,2.31849,10,2133,1.63599,0
1776813375840319512,1.35637,-0.0195312,0.242589,-0.0195312,2.29201,2.31081,10,2133,1.63599,0
1776813375845322120,1.35638,-0.0195312,0.2426,-0.0195312,2.29201,2.31081,10,2133,1.63599,0
1776813375850317413,1.35638,-0.0273438,0.2426,-0.0273438,2.36171,2.30642,10,2134,1.63676,0
1776813375855317354,1.35621,-0.0273438,0.243197,-0.0273438,2.36171,2.30642,10,2134,1.63676,0.15346
1776813375860328999,1.35621,-0.0546875,0.243197,0.0987724,2.35725,2.2898,10,2134,1.63676,0
1776813375865337199,1.35573,-0.0546875,0.242713,-0.0546875,2.35725,2.2898,10,2135,1.63752,0.153399
1776813375870324363,1.35573,-0.0566406,0.24348,0.0967579,2.31926,2.2857,10,2135,1.63752,0
1776813375875344822,1.35541,-0.0566406,0.243157,-0.0566406,2.31926,2.2857,10,2136,1.63829,0.153399
1776813375880322653,1.35541,-0.115234,0.243924,0.0381641,2.27276,2.25032,10,2137,1.63906,0.153337
1776813375885320150,1.35409,-0.115234,0.243379,0.0381028,2.27276,2.25032,10,2138,1.63983,0.153429
1776813375890313610,1.35409,-0.136719,0.244146,0.0167104,2.27505,2.23001,10,2139,1.64059,0.153215
1776813375895341735,1.3621,-0.136719,0.252916,-0.136719,2.27505,2.23001,10,2140,1.64136,0
1776813375900325159,1.3621,-0.164062,0.253683,-0.164062,2.12322,2.26359,10,2141,1.64213,0.15346
1776813375905294471,1.35982,-0.164062,0.252176,-0.0106026,2.12322,2.26359,10,2141,1.64213,0.153368
1776813375910312449,1.35982,-0.158203,0.252176,-0.00483529,2.25349,2.25297,10,2142,1.64289,0.153399
1776813375915315538,1.359,-0.158203,0.252124,-0.00480461,2.25349,2.25297,10,2143,1.64366,0.153368
1776813375920317961,1.359,-0.132812,0.252891,0.0205553,2.1953,2.26241,10,2144,1.64443,0
1776813375925318976,1.35689,-0.132812,0.251547,-0.132812,2.1953,2.26241,10,2145,1.64519,0.306797
1776813375930335620,1.35689,-0.132812,0.252314,0.173985,2.24955,2.24944,10,2146,1.64596,0.153399
1776813375935363617,1.35607,-0.132812,0.252263,0.020586,2.24955,2.24944,10,2147,1.64673,0.153368
1776813375940337558,1.35607,-0.199219,0.25303,-0.0458509,2.26498,2.20657,10,2149,1.64826,0.153429
1776813375945353425,1.35381,-0.199219,0.252295,-0.0457896,2.26498,2.20657,10,2150,1.64903,0.153399
1776813375950331293,1.35381,-0.228516,0.253062,-0.0751171,2.28618,2.17591,10,2152,1.65056,0.306674
1776813375955300179,1.35267,-0.228516,0.253457,0.0781587,2.28618,2.17591,10,2154,1.6521,0.306858
1776813375960316527,1.35267,-0.265625,0.254991,0.0412334,2.10844,2.14775,10,2156,1.65363,0.306858
1776813375965321265,1.35462,-0.265625,0.259248,0.0411107,2.10844,2.14775,10,2158,1.65517,0.306736
1776813375970332298,1.35462,-0.324219,0.260015,-0.0174831,2.13008,2.12639,10,2160,1.6567,0.306736
1776813375975323517,1.35007,-0.324219,0.256996,-0.0174831,2.13008,2.12639,10,2162,1.65823,0.306797
1776813375980327866,1.35007,-0.351562,0.25853,-0.0447655,2.1966,2.08277,10,2165,1.66053,0.460288
1776813375985319233,1.34862,-0.351562,0.259383,0.108725,2.1966,2.08277,10,2167,1.66207,0.460172
1776813375990346952,1.34862,-0.396484,0.260917,0.0636873,2.13461,2.04825,10,2170,1.66437,0.306858
1776813375995319412,1.34472,-0.396484,0.259319,-0.089626,2.13461,2.04825,10,2173,1.66667,0.460104
1776813376000318538,1.34472,-0.458984,0.26162,0.00111914,2.08934,1.98858,10,2176,1.66897,0.460196
1776813376005294462,1.34036,-0.458984,0.259561,0.00121117,2.08934,1.98858,10,2178,1.67051,0.306797
1776813376010319644,1.34036,-0.441406,0.261095,-0.134609,1.99011,1.97168,10,2181,1.67281,0.460196
1776813376015312178,1.33584,-0.441406,0.258874,0.0187893,1.99011,1.97168,10,2182,1.67357,0.306797
1776813376020389673,1.33584,-0.380859,0.259641,-0.0740623,2.01328,1.97822,10,2184,1.67511,0.306858
1776813376025340560,1.33182,-0.380859,0.257153,-0.074001,2.01328,1.97822,10,2185,1.67587,0.153337
1776813376030365612,1.33182,-0.298828,0.25792,-0.145491,2.0075,2.00007,10,2187,1.67741,0.30692
1776813376035385664,1.3315,-0.298828,0.259902,-0.14543,2.0075,2.00007,10,2188,1.67817,0.153399
1776813376040379698,1.3315,-0.214844,0.259902,-0.0614452,1.97017,2.04597,10,2189,1.67894,0.153368
1776813376045336159,1.32909,-0.214844,0.258257,-0.0614759,1.97017,2.04597,10,2189,1.67894,0
1776813376050318379,1.32909,-0.119141,0.258257,-0.119141,1.9807,2.08557,10,2190,1.67971,0.153399
1776813376055297247,1.32669,-0.119141,0.256628,0.0342579,1.9807,2.08557,10,2190,1.67971,0
1776813376060336409,1.32669,-0.0742188,0.256628,-0.0742188,2.02288,2.0963,10,2190,1.67971,0
1776813376065328851,1.32603,-0.0742188,0.255968,-0.0742188,2.02288,2.0963,10,2190,1.67971,0
1776813376070326533,1.32603,0.0429688,0.255968,0.0429688,2.02525,2.159,10,2190,1.67971,0
1776813376075338826,1.32588,0.0429688,0.255812,0.0429688,2.02525,2.159,10,2190,1.67971,0
1776813376080319490,1.32588,0.0742188,0.255812,0.0742188,2.1682,2.17585,10,2190,1.67971,0
1776813376085329543,1.32619,0.0742188,0.25613,0.0742188,2.1682,2.17585,10,2189,1.67894,0
1776813376090317836,1.32619,0.117188,0.255363,0.117188,2.17648,2.20231,10,2189,1.67894,-0.153429
1776813376095318741,1.32781,0.117188,0.256981,-0.0362417,2.17648,2.20231,10,2188,1.67817,0
1776813376100314553,1.32781,0.113281,0.256214,0.113281,2.12011,2.21013,10,2188,1.67817,-0.153429
1776813376105289291,1.32781,0.113281,0.256214,-0.0401479,2.12011,2.21013,10,2188,1.67817,0
1776813376110307528,1.33104,0.113281,0.259439,0.113281,2.2381,2.23013,10,2187,1.67741,0
1776813376115312007,1.33104,0.0566406,0.258672,0.0566406,2.2381,2.23013,10,2187,1.67741,-0.153429
1776813376120324707,1.33264,0.0566406,0.260277,-0.0967886,2.26711,2.20779,10,2187,1.67741,0
1776813376125331204,1.33264,0.0253906,0.260277,0.0253906,2.26711,2.20779,10,2187,1.67741,0
1776813376130320275,1.33313,0.0253906,0.260767,0.0253906,2.27386,2.19301,10,2187,1.67741,0
1776813376135314402,1.33313,0.00585938,0.260767,0.00585938,2.27386,2.19301,10,2187,1.67741,0
1776813376140323547,1.33329,0.00585938,0.260926,0.00585938,2.1683,2.18287,10,2187,1.67741,0
1776813376145314340,1.33329,-0.0195312,0.260926,-0.0195312,2.1683,2.18287,10,2187,1.67741,0
1776813376150367318,1.33313,-0.0195312,0.260764,-0.0195312,2.21999,2.16739,10,2187,1.67741,0
1776813376155322575,1.33313,-0.0253906,0.260764,-0.0253906,2.21999,2.16739,10,2187,1.67741,0
1776813376160333831,1.33297,-0.0253906,0.260605,-0.0253906,2.15176,2.16306,10,2187,1.67741,0
1776813376165320088,1.33297,-0.0371094,0.260605,-0.0371094,2.15176,2.16306,10,2187,1.67741,0
1776813376170319548,1.33249,-0.0371094,0.260124,-0.0371094,2.11066,2.15341,10,2187,1.67741,0
1776813376175322933,1.33249,-0.0214844,0.260124,-0.0214844,2.11066,2.15341,10,2187,1.67741,0
1776813376180336282,1.33249,-0.0214844,0.260124,-0.0214844,2.20233,2.16231,10,2187,1.67741,0
1776813376185331131,1.33895,-0.0214844,0.266585,-0.0214844,2.20233,2.16231,10,2187,1.67741,0
1776813376190365220,1.33895,0.00390625,0.266585,0.00390625,2.13995,2.21677,10,2187,1.67741,0
1776813376195331940,1.33879,0.00390625,0.266428,0.00390625,2.13995,2.21677,10,2187,1.67741,0
1776813376200314548,1.33879,0.0078125,0.266428,0.0078125,2.15379,2.21803,10,2187,1.67741,0
1776813376205307082,1.33879,0.0078125,0.266428,0.0078125,2.15379,2.21803,10,2187,1.67741,0
1776813376210307283,1.33879,0.00585938,0.266428,0.00585938,2.23457,2.21691,10,2187,1.67741,0
1776813376215320521,1.33878,0.00585938,0.266416,0.00585938,2.23457,2.21691,10,2187,1.67741,0
1776813376220312703,1.33878,-0.0175781,0.266416,-0.0175781,2.28927,2.20348,10,2187,1.67741,0
1776813376225320774,1.33879,-0.0175781,0.266428,-0.0175781,2.28927,2.20348,10,2187,1.67741,0
1776813376230320289,1.33879,-0.0234375,0.266428,-0.0234375,2.24733,2.20021,10,2187,1.67741,0
1776813376235338712,1.33864,-0.0234375,0.26627,-0.0234375,2.24733,2.20021,10,2187,1.67741,0
1776813376240316469,1.33864,-0.0214844,0.26627,-0.0214844,2.20337,2.20035,10,2187,1.67741,0
1776813376245322132,1.3383,-0.0214844,0.265939,-0.0214844,2.20337,2.20035,10,2187,1.67741,0
1776813376250408146,1.3383,-0.00976562,0.265939,-0.00976562,2.1863,2.20499,10,2187,1.67741,0
1776813376255322922,1.3383,-0.00976562,0.265939,-0.00976562,2.1863,2.20499,10,2187,1.67741,0
1776813376260321512,1.34252,-0.00976562,0.270156,-0.00976562,2.20307,2.23105,10,2187,1.67741,0
1776813376265333342,1.34252,0.015625,0.270156,0.015625,2.20307,2.23105,10,2187,1.67741,0
1776813376270318154,1.34252,0.015625,0.270156,0.015625,2.25189,2.24552,10,2187,1.67741,0
1776813376275328077,1.34252,0.0175781,0.270156,0.0175781,2.25189,2.24552,10,2187,1.67741,0
1776813376280339740,1.34251,0.0175781,0.270145,0.0175781,2.25184,2.24656,10,2187,1.67741,0
1776813376285340163,1.34251,0.0117188,0.270145,0.0117188,2.25184,2.24656,10,2187,1.67741,0
1776813376290427103,1.34284,0.0117188,0.270476,0.0117188,2.20312,2.24527,10,2187,1.67741,0
1776813376295357101,1.34284,0.015625,0.270476,0.015625,2.20312,2.24527,10,2187,1.67741,0
1776813376300308377,1.34284,0.015625,0.270476,0.015625,2.26813,2.2475,10,2187,1.67741,0
1776813376305331448,1.34284,0.00585938,0.270476,0.00585938,2.26813,2.2475,10,2187,1.67741,0
1776813376310317760,1.343,0.00585938,0.270637,0.00585938,2.28502,2.24292,10,2187,1.67741,0
1776813376315314313,1.343,-0.00585938,0.270637,-0.00585938,2.28502,2.24292,10,2187,1.67741,0
1776813376320324309,1.343,-0.00585938,0.270637,-0.00585938,2.25215,2.23624,10,2187,1.67741,0
1776813376325328621,1.343,-0.0273438,0.270637,-0.0273438,2.25215,2.23624,10,2187,1.67741,0
1776813376330316285,1.34577,-0.0273438,0.273404,-0.0273438,2.21919,2.22399,10,2187,1.67741,0
1776813376335334652,1.34577,-0.0234375,0.273404,-0.0234375,2.21919,2.22399,10,2187,1.67741,0
1776813376340320205,1.34544,-0.0234375,0.273072,-0.0234375,2.2363,2.24125,10,2187,1.67741,0
1776813376345343109,1.34544,-0.0175781,0.273072,-0.0175781,2.2363,2.24125,10,2187,1.67741,0
1776813376350347846,1.34528,-0.0175781,0.272912,-0.0175781,2.20315,2.2436,10,2187,1.67741,0
1776813376355298770,1.34528,-0.00976562,0.272912,-0.00976562,2.20315,2.2436,10,2187,1.67741,0
1776813376360332489,1.34512,-0.00976562,0.272752,-0.00976562,2.22253,2.24707,10,2187,1.67741,0
1776813376365317357,1.34512,-0.00195312,0.272752,-0.00195312,2.22253,2.24707,10,2187,1.67741,0
1776813376370345279,1.34512,-0.00195312,0.272754,-0.00195312,2.25354,2.25154,10,2187,1.67741,0
1776813376375325239,1.34512,0.00390625,0.272754,0.00390625,2.25354,2.25154,10,2187,1.67741,0
1776813376380322070,1.34512,0.00390625,0.272754,0.00390625,2.21903,2.25488,10,2187,1.67741,0
1776813376385342696,1.34512,0.00195312,0.272754,0.00195312,2.21903,2.25488,10,2187,1.67741,0
1776813376390333971,1.34512,0.00195312,0.272751,0.00195312,2.2536,2.25374,10,2187,1.67741,0
1776813376395326468,1.34512,0.00390625,0.272751,0.00390625,2.2536,2.25374,10,2187,1.67741,0
1776813376400322984,1.34512,0.00390625,0.272751,0.00390625,2.26905,2.25486,10,2187,1.67741,0
1776813376405309759,1.34739,0.00390625,0.275029,0.00390625,2.26905,2.25486,10,2187,1.67741,0
1776813376410314922,1.34739,0.00585938,0.275029,0.00585938,2.34991,2.27002,10,2187,1.67741,0
1776813376415321030,1.34739,0.00585938,0.275029,0.00585938,2.34991,2.27002,10,2187,1.67741,0
1776813376420326509,1.34739,0.00585938,0.275029,0.00585938,2.21899,2.27002,10,2187,1.67741,0
1776813376425319172,1.34756,0.00585938,0.27519,0.00585938,2.21899,2.27002,10,2187,1.67741,0
1776813376430324058,1.34756,0.00195312,0.27519,0.00195312,2.31749,2.26878,10,2187,1.67741,0
1776813376435320833,1.34756,0.00195312,0.27519,0.00195312,2.31749,2.26878,10,2187,1.67741,0
1776813376440340719,1.34756,0.00390625,0.27519,0.00390625,2.31915,2.2699,10,2187,1.67741,0
1776813376445372381,1.34756,0.00390625,0.27519,0.00390625,2.31915,2.2699,10,2187,1.67741,0
1776813376450326991,1.34756,0.00195312,0.27519,0.00195312,2.28643,2.26878,10,2187,1.67741,0
1776813376455312840,1.34756,0.00195312,0.27519,0.00195312,2.28643,2.26878,10,2187,1.67741,0
1776813376460406205,1.34756,-0.00585938,0.27519,-0.00585938,2.27111,2.26433,10,2187,1.67741,0
1776813376465356722,1.34756,-0.00585938,0.27519,-0.00585938,2.27111,2.26433,10,2187,1.67741,0
1776813376470405199,1.34756,-0.00390625,0.27519,-0.00390625,2.25361,2.26544,10,2187,1.67741,0
1776813376475348697,1.34756,-0.00390625,0.27519,-0.00390625,2.25361,2.26544,10,2187,1.67741,0
1776813376480323991,1.34772,-0.00390625,0.275351,-0.00390625,2.25559,2.26644,10,2187,1.67741,0
1776813376485337451,1.34772,-0.00195312,0.275351,-0.00195312,2.25559,2.26644,10,2187,1.67741,0
1776813376490323467,1.34772,-0.00195312,0.275351,-0.00195312,2.20836,2.26755,10,2187,1.67741,0
1776813376495324612,1.34772,0.00195312,0.275351,0.00195312,2.20836,2.26755,10,2187,1.67741,0
1776813376500326035,1.34772,0.00195312,0.275351,0.00195312,2.28392,2.26978,10,2187,1.67741,0
1776813376505332569,1.34772,-0.00390625,0.275351,-0.00390625,2.28392,2.26978,10,2187,1.67741,0
1776813376510329732,1.34772,-0.00390625,0.275351,-0.00390625,2.28616,2.26644,10,2187,1.67741,0
1776813376515330285,1.34772,-0.0078125,0.275351,-0.0078125,2.28616,2.26644,10,2187,1.67741,0
1776813376520327912,1.34772,-0.0078125,0.275351,-0.0078125,2.25352,2.26421,10,2187,1.67741,0
1776813376525335890,1.34772,0.00195312,0.275351,0.00195312,2.25352,2.26421,10,2187,1.67741,0
1776813376530323091,1.34756,0.00195312,0.27519,0.00195312,2.32152,2.26878,10,2187,1.67741,0
1776813376535340791,1.34756,0.00195312,0.27519,0.00195312,2.32152,2.26878,10,2187,1.67741,0
1776813376540319789,1.34755,0.00195312,0.275182,0.00195312,2.23429,2.26874,10,2187,1.67741,0
1776813376545323137,1.34755,0.00390625,0.275182,0.00390625,2.23429,2.26874,10,2187,1.67741,0
1776813376550314338,1.35211,0.00390625,0.279741,0.00390625,2.31931,2.26985,10,2187,1.67741,0
1776813376555296132,1.35211,0.0117188,0.279741,0.0117188,2.31931,2.26985,10,2187,1.67741,0
1776813376560314351,1.35211,0.0117188,0.279741,0.0117188,2.33363,2.30238,10,2187,1.67741,0
1776813376565323440,1.35211,0.00390625,0.279741,0.00390625,2.33363,2.30238,10,2187,1.67741,0
1776813376570332215,1.35227,0.00390625,0.279902,0.00390625,2.35216,2.29892,10,2187,1.67741,0
1776813376575324490,1.35227,-0.00585938,0.279902,-0.00585938,2.35216,2.29892,10,2187,1.67741,0
1776813376580314006,1.35227,-0.00585938,0.279902,-0.00585938,2.24015,2.29336,10,2187,1.67741,0
1776813376585314595,1.35227,-0.0078125,0.279902,-0.0078125,2.24015,2.29336,10,2187,1.67741,0
1776813376590328740,1.35228,-0.0078125,0.279912,-0.0078125,2.38736,2.29231,10,2187,1.67741,0
1776813376595370977,1.35228,-0.0078125,0.279912,-0.0078125,2.38736,2.29231,10,2187,1.67741,0
1776813376600364400,1.35211,-0.0078125,0.279741,-0.0078125,2.20809,2.29125,10,2187,1.67741,0
1776813376605291250,1.35211,-0.00390625,0.279741,-0.00390625,2.20809,2.29125,10,2187,1.67741,0
1776813376610309877,1.35211,-0.00390625,0.279741,-0.00390625,2.28642,2.29348,10,2187,1.67741,0
1776813376615322114,1.35211,-0.00195312,0.279741,-0.00195312,2.28642,2.29348,10,2187,1.67741,0
1776813376620323092,1.35211,-0.00195312,0.279741,-0.00195312,2.31645,2.29459,10,2187,1.67741,0
1776813376625320145,1.35227,-0.00195312,0.279902,-0.00195312,2.31645,2.29459,10,2187,1.67741,0
1776813376630317938,1.35227,-0.00195312,0.279902,-0.00195312,2.2745,2.29558,10,2187,1.67741,0
1776813376635317658,1.35227,-0.00195312,0.279902,-0.00195312,2.2745,2.29558,10,2187,1.67741,0
1776813376640323803,1.35227,-0.00585938,0.279902,-0.00585938,2.28918,2.29336,10,2187,1.67741,0
1776813376645316263,1.35228,-0.00585938,0.279912,-0.00585938,2.28918,2.29336,10,2187,1.67741,0
1776813376650315352,1.35228,0.00195312,0.279912,0.00195312,2.2564,2.29787,10,2187,1.67741,0
1776813376655298387,1.35228,0.00195312,0.279915,0.00195312,2.2564,2.29787,10,2187,1.67741,0
1776813376660317087,1.35228,0.00976562,0.279915,0.00976562,2.30408,2.30234,10,2187,1.67741,0
1776813376665314603,1.35227,0.00976562,0.279905,0.00976562,2.30408,2.30234,10,2187,1.67741,0
1776813376670320933,1.35227,0.00390625,0.279905,0.00390625,2.25996,2.29894,10,2187,1.67741,0
1776813376675314652,1.35227,0.00390625,0.279902,0.00390625,2.25996,2.29894,10,2187,1.67741,0
1776813376680363722,1.35227,-0.00195312,0.279902,-0.00195312,2.27126,2.29558,10,2187,1.67741,0
1776813376685322442,1.35227,-0.00195312,0.279902,-0.00195312,2.27126,2.29558,10,2187,1.67741,0
1776813376690322013,1.35227,0,0.279902,0,2.28636,2.29669,10,2187,1.67741,0
1776813376695353954,1.35227,0,0.279902,0,2.28636,2.29669,10,2187,1.67741,0
1776813376700333711,1.35243,0,0.280066,0,2.32208,2.2977,10,2187,1.67741,0
1776813376705310320,1.35243,-0.00390625,0.280066,-0.00390625,2.32208,2.2977,10,2187,1.67741,0
1776813376710309057,1.35243,-0.00390625,0.280066,-0.00390625,2.25645,2.29548,10,2187,1.67741,0
1776813376715316313,1.35243,-0.00390625,0.280066,-0.00390625,2.25645,2.29548,10,2187,1.67741,0
1776813376720318218,1.35243,-0.00390625,0.280066,-0.00390625,2.28612,2.29548,10,2187,1.67741,0
1776813376725329048,1.35243,0.00195312,0.280066,0.00195312,2.28612,2.29548,10,2187,1.67741,0
1776813376730325508,1.35243,0.00195312,0.280066,0.00195312,2.3221,2.29882,10,2187,1.67741,0
1776813376735313468,1.35243,0.00585938,0.280066,0.00585938,2.3221,2.29882,10,2187,1.67741,0
1776813376740312817,1.35243,0.00585938,0.280066,0.00585938,2.3259,2.30104,10,2187,1.67741,0
1776813376745322351,1.35243,0.00390625,0.280066,0.00390625,2.3259,2.30104,10,2187,1.67741,0
1776813376750310904,1.35243,0.00390625,0.280066,0.00390625,2.31861,2.29993,10,2187,1.67741,0
1776813376755316715,1.35243,-0.00585938,0.280066,-0.00585938,2.31861,2.29993,10,2187,1.67741,0
1776813376760309490,1.35243,-0.00585938,0.280066,-0.00585938,2.33686,2.29437,10,2187,1.67741,0
1776813376765311413,1.35243,-0.00585938,0.280066,-0.00585938,2.33686,2.29437,10,2187,1.67741,0
1776813376770325540,1.35243,-0.00585938,0.280066,-0.00585938,2.25301,2.29437,10,2187,1.67741,0
1776813376775334073,1.35259,-0.00585938,0.28023,-0.00585938,2.25301,2.29437,10,2187,1.67741,0
1776813376780321441,1.35259,0,0.28023,0,2.21208,2.29871,10,2187,1.67741,0
1776813376785330197,1.3526,0,0.280237,0,2.21208,2.29871,10,2187,1.67741,0
1776813376790312676,1.3526,-0.00585938,0.280237,-0.00585938,2.32211,2.29542,10,2187,1.67741,0
1776813376795321636,1.3526,-0.00585938,0.280237,-0.00585938,2.32211,2.29542,10,2187,1.67741,0
1776813376800317133,1.3526,0.00195312,0.280237,0.00195312,2.33673,2.29987,10,2187,1.67741,0
1776813376805388165,1.3526,0.00195312,0.280237,0.00195312,2.33673,2.29987,10,2187,1.67741,0
1776813376810318368,1.3526,0.00195312,0.280237,0.00195312,2.27476,2.29987,10,2187,1.67741,0
1776813376815306883,1.3526,0.00195312,0.280237,0.00195312,2.27476,2.29987,10,2187,1.67741,0
1776813376820322824,1.3526,-0.00195312,0.280237,-0.00195312,2.36972,2.29765,10,2187,1.67741,0
1776813376825342358,1.3526,-0.00195312,0.280237,-0.00195312,2.36972,2.29765,10,2187,1.67741,0
1776813376830334485,1.3526,0.00390625,0.280237,0.00390625,2.27905,2.30099,10,2187,1.67741,0
1776813376835320278,1.3526,0.00390625,0.280237,0.00390625,2.27905,2.30099,10,2187,1.67741,0
1776813376840339331,1.3526,0.00195312,0.280237,0.00195312,2.35856,2.29987,10,2187,1.67741,0
1776813376845329957,1.3526,0.00195312,0.280237,0.00195312,2.35856,2.29987,10,2187,1.67741,0
1776813376850323547,1.35797,0.00195312,0.285608,0.00195312,2.30401,2.3329,10,2187,1.67741,0
1776813376855292230,1.35797,0,0.285608,0,2.30401,2.3329,10,2187,1.67741,0
1776813376860328948,1.35814,0,0.285779,0,2.27075,2.33284,10,2187,1.67741,0
1776813376865319335,1.35814,-0.00195312,0.285779,-0.00195312,2.27075,2.33284,10,2187,1.67741,0
1776813376870323794,1.35797,-0.00195312,0.285607,-0.00195312,2.30332,2.33067,10,2187,1.67741,0
1776813376875312810,1.35797,-0.0078125,0.285607,-0.0078125,2.30332,2.33067,10,2187,1.67741,0
1776813376880318029,1.35798,-0.0078125,0.285617,-0.0078125,2.31254,2.32739,10,2187,1.67741,0
1776813376885317971,1.35798,-0.00585938,0.285617,-0.00585938,2.31254,2.32739,10,2187,1.67741,0
1776813376890330097,1.35798,-0.00585938,0.285617,-0.00585938,2.41068,2.3285,10,2187,1.67741,0
1776813376895326020,1.35798,-0.00585938,0.285617,-0.00585938,2.41068,2.3285,10,2187,1.67741,0
1776813376900411886,1.35781,-0.00585938,0.285443,-0.00585938,2.29342,2.32743,10,2187,1.67741,0
1776813376905332495,1.35781,-0.0078125,0.285443,-0.0078125,2.29342,2.32743,10,2187,1.67741,0
1776813376910318937,1.35782,-0.0078125,0.285453,-0.0078125,2.27964,2.32638,10,2187,1.67741,0
1776813376915418876,1.35782,-0.00585938,0.285453,-0.00585938,2.27964,2.32638,10,2187,1.67741,0
1776813376920338931,1.35782,-0.00585938,0.285453,-0.00585938,2.27978,2.32749,10,2187,1.67741,0
1776813376925332169,1.35781,-0.00585938,0.285446,-0.00585938,2.27978,2.32749,10,2187,1.67741,0
1776813376930325147,1.35781,-0.00390625,0.285446,-0.00390625,2.33184,2.32856,10,2187,1.67741,0
1776813376935329700,1.35781,-0.00390625,0.285446,-0.00390625,2.33184,2.32856,10,2187,1.67741,0
1776813376940324160,1.35781,0.00195312,0.285446,0.00195312,2.35843,2.3319,10,2187,1.67741,0
1776813376945378174,1.35782,0.00195312,0.285456,0.00195312,2.35843,2.3319,10,2187,1.67741,0
1776813376950343394,1.35782,0.00195312,0.285456,0.00195312,2.35147,2.33196,10,2187,1.67741,0
1776813376955306633,1.35782,0.00195312,0.285456,0.00195312,2.35147,2.33196,10,2187,1.67741,0
1776813376960317778,1.35782,0.00585938,0.285456,0.00585938,2.33872,2.33419,10,2187,1.67741,0
1776813376965323219,1.35781,0.00585938,0.285446,0.00585938,2.33872,2.33419,10,2187,1.67741,0
1776813376970338882,1.35781,-0.0078125,0.285446,-0.0078125,2.33183,2.32633,10,2187,1.67741,0
1776813376975335935,1.35781,-0.0078125,0.285446,-0.0078125,2.33183,2.32633,10,2187,1.67741,0
1776813376980322451,1.35781,0,0.285446,0,2.33181,2.33079,10,2187,1.67741,0
1776813376985337281,1.35782,0,0.285456,0,2.33181,2.33079,10,2187,1.67741,0
1776813376990317723,1.35782,-0.00390625,0.285456,-0.00390625,2.28621,2.32862,10,2187,1.67741,0
1776813376995325664,1.35782,-0.00390625,0.285456,-0.00390625,2.28621,2.32862,10,2187,1.67741,0
1776813377000317772,1.35798,-0.00390625,0.285617,-0.00390625,2.3588,2.32962,10,2187,1.67741,0
1776813377005305529,1.35798,0.00390625,0.285617,0.00390625,2.3588,2.32962,10,2187,1.67741,0
1776813377010312285,1.35798,0.00390625,0.285617,0.00390625,2.33877,2.33407,10,2187,1.67741,0
1776813377015313449,1.35798,0.00585938,0.285617,0.00585938,2.33877,2.33407,10,2187,1.67741,0
1776813377020325187,1.35797,0.00585938,0.285607,0.00585938,2.41664,2.33512,10,2187,1.67741,0
1776813377025348517,1.35797,-0.00195312,0.285607,-0.00195312,2.41664,2.33512,10,2187,1.67741,0
1776813377030332792,1.35797,-0.00195312,0.285607,-0.00195312,2.3388,2.33067,10,2187,1.67741,0
1776813377035317531,1.35797,-0.00585938,0.285607,-0.00585938,2.3388,2.33067,10,2187,1.67741,0
1776813377040320065,1.35797,-0.00585938,0.285607,-0.00585938,2.31883,2.32844,10,2187,1.67741,0
1776813377045317747,1.35797,-0.00585938,0.285607,-0.00585938,2.31883,2.32844,10,2187,1.67741,0
1776813377050324207,1.35798,-0.00585938,0.285617,-0.00585938,2.33155,2.3285,10,2187,1.67741,0
1776813377055301816,1.35798,-0.00390625,0.285617,-0.00390625,2.33155,2.3285,10,2187,1.67741,0
1776813377060319887,1.35781,-0.00390625,0.285446,-0.00390625,2.294,2.32856,10,2187,1.67741,0
1776813377065319273,1.35781,-0.00390625,0.285446,-0.00390625,2.294,2.32856,10,2187,1.67741,0
1776813377070338048,1.35797,-0.00390625,0.285607,-0.00390625,2.30578,2.32856,10,2187,1.67741,0
1776813377075318990,1.35797,-0.00195312,0.285607,-0.00195312,2.30578,2.32856,10,2187,1.67741,0
1776813377080317913,1.35798,-0.00195312,0.285617,-0.00195312,2.34703,2.33073,10,2187,1.67741,0
1776813377085314170,1.35798,-0.00585938,0.285617,-0.00585938,2.34703,2.33073,10,2187,1.67741,0
1776813377090316519,1.35798,-0.00585938,0.285617,-0.00585938,2.30603,2.3285,10,2187,1.67741,0
1776813377095314701,1.35798,-0.00390625,0.285617,-0.00390625,2.30603,2.3285,10,2187,1.67741,0
1776813377100322050,1.35798,-0.00390625,0.285617,-0.00390625,2.26147,2.32961,10,2188,1.67817,0
1776813377105296789,1.35798,-0.00585938,0.286384,-0.00585938,2.26147,2.32961,10,2188,1.67817,0.153368
1776813377110310934,1.35798,-0.00585938,0.286384,0.147508,2.32648,2.3285,10,2188,1.67817,0
1776813377115330097,1.35798,0.00390625,0.286384,0.00390625,2.32648,2.3285,10,2188,1.67817,0
1776813377120318521,1.35798,0.00390625,0.286384,0.00390625,2.345,2.33407,10,2188,1.67817,0
1776813377125323129,1.35798,0.00195312,0.286384,0.00195312,2.345,2.33407,10,2188,1.67817,0
1776813377130317460,1.35798,0.00195312,0.286384,0.00195312,2.36579,2.33295,10,2188,1.67817,0
1776813377135313864,1.35798,0.00390625,0.286384,0.00390625,2.36579,2.33295,10,2188,1.67817,0
1776813377140315362,1.35798,0.00390625,0.286384,0.00390625,2.42392,2.33407,10,2188,1.67817,0
1776813377145322081,1.35814,0.00390625,0.286546,0.00390625,2.42392,2.33407,10,2188,1.67817,0
1776813377150314726,1.35814,-0.00195312,0.286546,-0.00195312,2.306,2.33172,10,2188,1.67817,0
1776813377155307002,1.35814,-0.00195312,0.286546,-0.00195312,2.306,2.33172,10,2188,1.67817,0
1776813377160308295,1.35814,-0.00195312,0.286546,-0.00195312,2.43277,2.33172,10,2188,1.67817,0
1776813377165315181,1.35814,-0.00195312,0.286546,-0.00195312,2.43277,2.33172,10,2188,1.67817,0
1776813377170329382,1.35814,0.00195312,0.286546,0.00195312,2.38832,2.33395,10,2188,1.67817,0
1776813377175334564,1.35814,0.00195312,0.286546,0.00195312,2.38832,2.33395,10,2188,1.67817,0
1776813377180317228,1.35814,-0.00195312,0.286546,-0.00195312,2.30311,2.33172,10,2188,1.67817,0
1776813377185321929,1.35814,-0.00195312,0.286546,-0.00195312,2.30311,2.33172,10,2188,1.67817,0
1776813377190312723,1.35814,-0.00390625,0.286546,-0.00390625,2.29175,2.33061,10,2188,1.67817,0
1776813377195321405,1.35814,-0.00390625,0.286545,-0.00390625,2.29175,2.33061,10,2188,1.67817,0
1776813377200354235,1.35814,-0.00195312,0.286545,-0.00195312,2.38861,2.33172,10,2188,1.67817,0
1776813377205303955,1.35814,-0.00195312,0.286545,-0.00195312,2.38861,2.33172,10,2188,1.67817,0
1776813377210314064,1.35814,-0.00390625,0.286545,-0.00390625,2.30308,2.33061,10,2188,1.67817,0
1776813377215316802,1.35814,-0.00390625,0.286545,-0.00390625,2.30308,2.33061,10,2188,1.67817,0
1776813377220344946,1.35831,-0.00390625,0.286707,-0.00390625,2.36791,2.3316,10,2188,1.67817,0
1776813377225339129,1.35831,0.00195312,0.286707,0.00195312,2.36791,2.3316,10,2188,1.67817,0
1776813377230324682,1.35831,0.00195312,0.286707,0.00195312,2.32384,2.33494,10,2188,1.67817,0
1776813377235315939,1.35831,-0.00390625,0.286707,-0.00390625,2.32384,2.33494,10,2188,1.67817,0
1776813377240324065,1.35831,-0.00390625,0.286707,-0.00390625,2.36793,2.3316,10,2188,1.67817,0
1776813377245314766,1.35831,0.00390625,0.286707,0.00390625,2.36793,2.3316,10,2188,1.67817,0
1776813377250322189,1.3583,0.00390625,0.286704,0.00390625,2.32644,2.33603,10,2188,1.67817,0
1776813377255295817,1.3583,0.00195312,0.286704,0.00195312,2.32644,2.33603,10,2188,1.67817,0
1776813377260326776,1.3583,0.00195312,0.286704,0.00195312,2.34699,2.33492,10,2188,1.67817,0
1776813377265319533,1.3583,-0.00390625,0.286704,-0.00390625,2.34699,2.33492,10,2188,1.67817,0
1776813377270337493,1.35831,-0.00390625,0.286707,-0.00390625,2.30295,2.3316,10,2188,1.67817,0
1776813377275329101,1.35831,-0.00585938,0.286707,-0.00585938,2.30295,2.3316,10,2188,1.67817,0
1776813377280333821,1.35831,-0.00585938,0.286707,-0.00585938,2.32561,2.33049,10,2188,1.67817,0
1776813377285313522,1.35831,0.00390625,0.286707,0.00390625,2.32561,2.33049,10,2188,1.67817,0
1776813377290317964,1.35847,0.00390625,0.286869,0.00390625,2.30316,2.33605,10,2188,1.67817,0
1776813377295319165,1.35847,0,0.286869,0,2.30316,2.33605,10,2188,1.67817,0
1776813377300323273,1.35847,0,0.286869,0,2.31452,2.33482,10,2188,1.67817,0
1776813377305294271,1.35847,0.00195312,0.286869,0.00195312,2.31452,2.33482,10,2188,1.67817,0
1776813377310317619,1.35847,0.00195312,0.286869,0.00195312,2.36792,2.33593,10,2188,1.67817,0
1776813377315315376,1.35847,0.00195312,0.286869,0.00195312,2.36792,2.33593,10,2188,1.67817,0
1776813377320381186,1.35847,0.00195312,0.286869,0.00195312,2.28218,2.33593,10,2188,1.67817,0
1776813377325342111,1.35847,-0.00195312,0.286869,-0.00195312,2.28218,2.33593,10,2188,1.67817,0
1776813377330329182,1.35847,-0.00195312,0.286869,-0.00195312,2.42266,2.3337,10,2188,1.67817,0
1776813377335326494,1.35847,0.00195312,0.286869,0.00195312,2.42266,2.3337,10,2188,1.67817,0
1776813377340318455,1.35847,0.00195312,0.286869,0.00195312,2.31462,2.33593,10,2188,1.67817,0
1776813377345395191,1.35847,-0.00195312,0.286869,-0.00195312,2.31462,2.33593,10,2188,1.67817,0
1776813377350335004,1.35847,-0.00195312,0.286869,-0.00195312,2.29177,2.3337,10,2188,1.67817,0
1776813377355405444,1.35847,-0.00585938,0.286869,-0.00585938,2.29177,2.3337,10,2188,1.67817,0
1776813377360341887,1.35847,-0.00585938,0.286869,-0.00585938,2.31356,2.33148,10,2188,1.67817,0
1776813377365336385,1.35863,-0.00585938,0.28703,-0.00585938,2.31356,2.33148,10,2188,1.67817,0
1776813377370334123,1.35863,-0.00390625,0.28703,-0.00390625,2.3779,2.33358,10,2188,1.67817,0
1776813377375347249,1.35863,-0.00390625,0.28703,-0.00390625,2.3779,2.33358,10,2188,1.67817,0
1776813377380334025,1.35863,-0.00585938,0.28703,-0.00585938,2.36633,2.33247,10,2188,1.67817,0
1776813377385332429,1.35863,-0.00585938,0.28703,-0.00585938,2.36633,2.33247,10,2188,1.67817,0
1776813377390321168,1.35863,-0.00195312,0.28703,-0.00195312,2.35644,2.3347,10,2188,1.67817,0
1776813377395327794,1.35847,-0.00195312,0.286869,-0.00195312,2.35644,2.3347,10,2188,1.67817,0
1776813377400324495,1.35847,0.00390625,0.286869,0.00390625,2.3566,2.33704,10,2188,1.67817,0
1776813377405321400,1.35847,0.00390625,0.286868,0.00390625,2.3566,2.33704,10,2188,1.67817,0
1776813377410310231,1.35847,0,0.286868,0,2.32443,2.33482,10,2188,1.67817,0
1776813377415364505,1.35863,0,0.28703,0,2.32443,2.33482,10,2188,1.67817,0
1776813377420332855,1.35863,0.00195312,0.28703,0.00195312,2.33556,2.33692,10,2188,1.67817,0
1776813377425329574,1.35863,0.00195312,0.28703,0.00195312,2.33556,2.33692,10,2188,1.67817,0
1776813377430324849,1.35879,0.00195312,0.287192,0.00195312,2.35675,2.33792,10,2188,1.67817,0
1776813377435323828,1.35879,-0.00390625,0.287192,-0.00390625,2.35675,2.33792,10,2188,1.67817,0
1776813377440325010,1.35879,-0.00390625,0.287192,-0.00390625,2.34658,2.33458,10,2188,1.67817,0
1776813377445320767,1.35879,-0.00390625,0.287192,-0.00390625,2.34658,2.33458,10,2188,1.67817,0
1776813377450372430,1.35879,-0.00390625,0.287192,-0.00390625,2.36767,2.33458,10,2188,1.67817,0
1776813377455328280,1.35879,0,0.287192,0,2.36767,2.33458,10,2188,1.67817,0
1776813377460309907,1.3588,0,0.287202,0,2.37815,2.33686,10,2188,1.67817,0
1776813377465316571,1.3588,0,0.287202,0,2.37815,2.33686,10,2188,1.67817,0
1776813377470327364,1.3588,0,0.287202,0,2.36755,2.33686,10,2188,1.67817,0
1776813377475319399,1.3588,-0.00195312,0.287202,-0.00195312,2.36755,2.33686,10,2188,1.67817,0
1776813377480325914,1.35863,-0.00195312,0.28703,-0.00195312,2.25965,2.3347,10,2188,1.67817,0
1776813377485319300,1.35863,0.00585938,0.28703,0.00585938,2.25965,2.3347,10,2188,1.67817,0
1776813377490324890,1.3588,0.00585938,0.287202,0.00585938,2.42079,2.3402,10,2188,1.67817,0
1776813377495326017,1.3588,0.00195312,0.287202,0.00195312,2.42079,2.3402,10,2188,1.67817,0
1776813377500320496,1.36648,0.00195312,0.294883,0.00195312,2.32533,2.33798,10,2188,1.67817,0
1776813377505301901,1.36648,-0.00585938,0.294883,-0.00585938,2.32533,2.33798,10,2188,1.67817,0
1776813377510317120,1.36631,-0.00585938,0.294711,-0.00585938,2.42099,2.37959,10,2188,1.67817,0
1776813377515319488,1.36631,-0.00195312,0.294711,-0.00195312,2.42099,2.37959,10,2188,1.67817,0
1776813377520325299,1.36631,-0.00195312,0.294711,-0.00195312,2.30401,2.38181,10,2188,1.67817,0
1776813377525327686,1.36631,-0.0078125,0.294711,-0.0078125,2.30401,2.38181,10,2188,1.67817,0
1776813377530318461,1.36631,-0.0078125,0.294714,-0.0078125,2.41188,2.37849,10,2188,1.67817,0
1776813377535320273,1.36631,-0.0117188,0.294714,-0.0117188,2.41188,2.37849,10,2188,1.67817,0
1776813377540326029,1.36632,-0.0117188,0.294723,-0.0117188,2.37064,2.37632,10,2188,1.67817,0
1776813377545319545,1.36632,-0.0214844,0.294723,-0.0214844,2.37064,2.37632,10,2189,1.67894,0
1776813377550322301,1.36598,-0.0214844,0.295153,-0.0214844,2.33584,2.36869,10,2189,1.67894,0.153429
1776813377555316595,1.36598,-0.03125,0.295153,0.122179,2.33584,2.36869,10,2189,1.67894,0
1776813377560312611,1.36582,-0.03125,0.294991,-0.03125,2.37939,2.36213,10,2189,1.67894,0
1776813377565323738,1.36582,-0.0625,0.294991,-0.0625,2.37939,2.36213,10,2190,1.67971,0.153429
1776813377570327253,1.36533,-0.0625,0.296038,-0.0625,2.33834,2.34432,10,2191,1.68048,0
1776813377575328491,1.36533,-0.078125,0.296038,-0.078125,2.33834,2.34432,10,2192,1.68124,0.153399
1776813377580360617,1.36501,-0.078125,0.29648,0.0752735,2.29803,2.33044,10,2193,1.68201,0.306736
1776813377585353467,1.36501,-0.144531,0.297247,0.162204,2.29803,2.33044,10,2194,1.68278,0.15346
1776813377590325168,1.36338,-0.144531,0.296383,0.00892866,2.30329,2.28258,10,2195,1.68354,0.153399
1776813377595391460,1.36256,-0.164062,0.297097,-0.010664,2.30329,2.28258,10,2197,1.68508,0.153399
1776813377600337329,1.36256,-0.185547,0.297864,-0.0321484,2.24917,2.25418,10,2198,1.68584,0.153399
1776813377605332678,1.36077,-0.185547,0.29684,-0.0321484,2.24917,2.25418,10,2199,1.68661,0.306797
1776813377610313213,1.36077,-0.185547,0.297607,0.12125,2.19504,2.24319,10,2200,1.68738,0.153368
1776813377615323951,1.35995,-0.185547,0.297555,-0.032179,2.19504,2.24319,10,2201,1.68815,0.153429
1776813377620317263,1.35995,-0.181641,0.298322,-0.0282114,2.17269,2.24039,10,2203,1.68968,0.153368
1776813377625320575,1.358,-0.181641,0.297905,-0.0282728,2.17269,2.24039,10,2204,1.69045,0.306858
1776813377630327553,1.358,-0.191406,0.298672,0.115452,2.2393,2.22284,10,2206,1.69198,0.153337
1776813377635344032,1.358,-0.191406,0.300206,-0.0380691,2.2393,2.22284,10,2207,1.69275,0.153429
1776813377640375121,1.3562,-0.191406,0.299179,-0.0379771,2.3221,2.21181,10,2208,1.69351,0.306797
1776813377645331915,1.3562,-0.253906,0.299946,0.0528908,2.3221,2.21181,10,2210,1.69505,0.306797
1776813377650328968,1.35198,-0.253906,0.297255,0.0528908,2.12956,2.1502,10,2212,1.69658,0.153368
1776813377655299022,1.35198,-0.269531,0.298789,-0.116163,2.12956,2.1502,10,2214,1.69812,0.46038
1776813377660320704,1.35052,-0.269531,0.298864,0.190848,2.12125,2.13231,10,2216,1.69965,0.306674
1776813377665322997,1.35052,-0.330078,0.300398,-0.0234038,2.12125,2.13231,10,2219,1.70195,0.306858
1776813377670328809,1.34631,-0.330078,0.298489,-0.0232197,2.18551,2.07185,10,2221,1.70349,0.306773
1776813377675321251,1.34631,-0.345703,0.300023,-0.0389299,2.18551,2.07185,10,2224,1.70579,0.460288
1776813377680326952,1.34436,-0.345703,0.300376,0.114584,2.11215,2.05093,10,2226,1.70732,0.306797
1776813377685352078,1.34436,-0.394531,0.30191,-0.0877342,2.11215,2.05093,10,2229,1.70962,0.460196
1776813377690354334,1.34065,-0.394531,0.300495,0.0656643,2.13666,2.00015,10,2231,1.71116,0.306736
1776813377695325055,1.34065,-0.414062,0.302029,-0.107327,2.13666,2.00015,10,2233,1.71269,0.460104
1776813377700376699,1.33662,-0.414062,0.299532,0.046041,2.0757,1.96409,10,2235,1.71422,0.306858
1776813377705307698,1.33662,-0.373047,0.301066,-0.0661885,2.0757,1.96409,10,2238,1.71652,0.306858
1776813377710356286,1.33274,-0.373047,0.300258,-0.0662498,2.10477,1.98747,10,2240,1.71806,0.306797
1776813377715318988,1.33274,-0.28125,0.301025,0.025547,2.10477,1.98747,10,2241,1.71883,0.153399
1776813377720330430,1.32775,-0.28125,0.296807,-0.127851,2.06719,1.98489,10,2242,1.71959,0.153368
1776813377725314649,1.32775,-0.226562,0.297574,-0.0731947,2.06719,1.98489,10,2242,1.71959,0.153429
1776813377730341257,1.32663,-0.226562,0.296449,-0.0731333,1.96728,2.00908,10,2243,1.72036,0.153368
1776813377735335754,1.32663,-0.123047,0.297216,0.030321,1.96728,2.00908,10,2243,1.72036,0
1776813377740340529,1.32503,-0.123047,0.29562,-0.123047,2.03918,2.05817,10,2243,1.72036,0
1776813377745334286,1.32503,-0.0605469,0.29562,-0.0605469,2.03918,2.05817,10,2243,1.72036,0
1776813377750324450,1.32407,-0.0605469,0.294655,-0.0605469,2.1008,2.0878,10,2243,1.72036,0
1776813377755304300,1.32407,-0.00195312,0.294655,-0.00195312,2.1008,2.0878,10,2243,1.72036,0
1776813377760306149,1.32374,-0.00195312,0.294326,-0.00195312,2.09682,2.11916,10,2243,1.72036,0
1776813377765316794,1.32374,0.046875,0.294326,0.046875,2.09682,2.11916,10,2243,1.72036,0
1776813377770317476,1.32407,0.046875,0.294656,0.046875,1.98887,2.14904,10,2243,1.72036,0
1776813377775327770,1.32407,0.0566406,0.294656,0.0566406,1.98887,2.14904,10,2243,1.72036,0
1776813377780315915,1.32472,0.0566406,0.295306,0.0566406,2.10841,2.1546,10,2243,1.72036,0
1776813377785409947,1.32472,0.0625,0.295306,0.0625,2.10841,2.1546,10,2243,1.72036,0
1776813377790336854,1.32518,0.0625,0.295769,0.0625,2.1877,2.16486,10,2243,1.72036,0
1776813377795321814,1.32518,0.0351562,0.295769,0.0351562,2.1877,2.16486,10,2243,1.72036,0
1776813377800442587,1.32599,0.0351562,0.296578,0.0351562,2.14977,2.1543,10,2243,1.72036,0
1776813377805356771,1.32599,0.0175781,0.296578,0.0175781,2.14977,2.1543,10,2243,1.72036,0
1776813377810312677,1.32616,0.0175781,0.296749,0.0175781,2.18708,2.14534,10,2243,1.72036,0
1776813377815320340,1.32616,0.00195312,0.296749,0.00195312,2.18708,2.14534,10,2243,1.72036,0
1776813377820313930,1.32632,0.00195312,0.296908,0.00195312,2.20542,2.13742,10,2243,1.72036,0
1776813377825322927,1.32632,-0.00390625,0.296908,-0.00390625,2.20542,2.13742,10,2243,1.72036,0
1776813377830330295,1.32632,-0.00390625,0.296905,-0.00390625,2.11123,2.13406,10,2243,1.72036,0
1776813377835379846,1.32632,-0.00976562,0.296905,-0.00976562,2.11123,2.13406,10,2243,1.72036,0
1776813377840340252,1.32616,-0.00976562,0.296746,-0.00976562,2.11839,2.12973,10,2243,1.72036,0
1776813377845326805,1.32616,-0.00585938,0.296746,-0.00585938,2.11839,2.12973,10,2243,1.72036,0
1776813377850316414,1.32616,-0.00585938,0.296746,-0.00585938,2.11828,2.13196,10,2243,1.72036,0
1776813377855299208,1.32632,-0.00585938,0.296905,-0.00585938,2.11828,2.13196,10,2243,1.72036,0
1776813377860339426,1.32632,-0.00195312,0.296905,-0.00195312,2.13972,2.13517,10,2243,1.72036,0
1776813377865318665,1.32616,-0.00195312,0.296746,-0.00195312,2.13972,2.13517,10,2243,1.72036,0
1776813377870325088,1.32616,-0.00390625,0.296746,-0.00390625,2.10773,2.13307,10,2243,1.72036,0
1776813377875327029,1.32616,-0.00390625,0.296746,-0.00390625,2.10773,2.13307,10,2243,1.72036,0
1776813377880324064,1.32616,-0.00195312,0.296746,-0.00195312,2.19832,2.13419,10,2243,1.72036,0
1776813377885316635,1.32616,-0.00195312,0.296746,-0.00195312,2.19832,2.13419,10,2243,1.72036,0
1776813377890317854,1.32616,-0.00976562,0.296746,-0.00976562,2.11833,2.12973,10,2243,1.72036,0
1776813377895321000,1.32599,-0.00976562,0.296575,-0.00976562,2.11833,2.12973,10,2243,1.72036,0
1776813377900328201,1.32599,-0.015625,0.296575,-0.015625,2.14646,2.12533,10,2243,1.72036,0
1776813377905291254,1.32583,-0.015625,0.296416,-0.015625,2.14646,2.12533,10,2243,1.72036,0
1776813377910311473,1.32583,-0.0136719,0.296416,-0.0136719,2.15652,2.12546,10,2243,1.72036,0
1776813377915322544,1.32584,-0.0136719,0.296429,-0.0136719,2.15652,2.12546,10,2243,1.72036,0
1776813377920317171,1.32584,-0.015625,0.296429,-0.015625,2.16381,2.12442,10,2243,1.72036,0
1776813377925316261,1.32585,-0.015625,0.296432,-0.015625,2.16381,2.12442,10,2243,1.72036,0
1776813377930343480,1.32585,0.00585938,0.296432,0.00585938,2.0847,2.13669,10,2243,1.72036,0
1776813377935317904,1.32567,0.00585938,0.29626,0.00585938,2.0847,2.13669,10,2243,1.72036,0
1776813377940320216,1.32567,0.0195312,0.29626,0.0195312,2.202,2.14342,10,2243,1.72036,0
1776813377945315417,1.32583,0.0195312,0.296419,0.0195312,2.202,2.14342,10,2243,1.72036,0
1776813377950315081,1.32583,0.0175781,0.296419,0.0175781,2.1099,2.14329,10,2243,1.72036,0
1776813377955348151,1.326,0.0175781,0.29659,0.0175781,2.1099,2.14329,10,2243,1.72036,0
1776813377960328556,1.326,0.0214844,0.29659,0.0214844,2.14078,2.14658,10,2243,1.72036,0
1776813377965331590,1.32616,0.0214844,0.296749,0.0214844,2.14078,2.14658,10,2243,1.72036,0
1776813377970356532,1.32616,0.0195312,0.296749,0.0195312,2.09859,2.14645,10,2243,1.72036,0
1776813377975355992,1.32632,0.0195312,0.296908,0.0195312,2.09859,2.14645,10,2243,1.72036,0
1776813377980324193,1.32632,0.00390625,0.296908,0.00390625,2.17819,2.13853,10,2243,1.72036,0
1776813377985313024,1.32648,0.00390625,0.297067,0.00390625,2.17819,2.13853,10,2243,1.72036,0
1776813377990334910,1.32648,-0.0136719,0.297067,-0.0136719,2.16575,2.1295,10,2243,1.72036,0
1776813377995315537,1.32648,-0.0136719,0.297063,-0.0136719,2.16575,2.1295,10,2243,1.72036,0
1776813378000311701,1.32648,-0.00976562,0.297063,-0.00976562,2.18643,2.1317,10,2243,1.72036,0
1776813378005308310,1.32648,-0.00976562,0.297063,-0.00976562,2.18643,2.1317,10,2243,1.72036,0
1776813378010306141,1.32648,-0.00976562,0.297063,-0.00976562,2.21151,2.13171,10,2243,1.72036,0
1776813378015319990,1.32632,-0.00976562,0.296904,-0.00976562,2.21151,2.13171,10,2243,1.72036,0
1776813378020318450,1.32632,-0.00390625,0.296904,-0.00390625,2.0787,2.13406,10,2243,1.72036,0
1776813378025334392,1.32632,-0.00390625,0.296904,-0.00390625,2.0787,2.13406,10,2243,1.72036,0
1776813378030337463,1.32632,-0.00390625,0.296904,-0.00390625,2.17207,2.13406,10,2243,1.72036,0
1776813378035321794,1.32616,-0.00390625,0.296746,-0.00390625,2.17207,2.13406,10,2243,1.72036,0
1776813378040323273,1.32616,-0.00195312,0.296746,-0.00195312,2.12387,2.13419,10,2243,1.72036,0
1776813378045322734,1.32616,-0.00195312,0.296746,-0.00195312,2.12387,2.13419,10,2243,1.72036,0
1776813378050315176,1.32616,0.0078125,0.296746,0.0078125,2.1953,2.13975,10,2243,1.72036,0
1776813378055291174,1.32616,0.0078125,0.296746,0.0078125,2.1953,2.13975,10,2243,1.72036,0
1776813378060304838,1.32616,0.0078125,0.296746,0.0078125,2.1322,2.13975,10,2243,1.72036,0
1776813378065331186,1.32632,0.0078125,0.296908,0.0078125,2.1322,2.13975,10,2243,1.72036,0
1776813378070320999,1.32632,0.00390625,0.296908,0.00390625,2.13941,2.13853,10,2243,1.72036,0
1776813378075318200,1.32648,0.00390625,0.297063,0.00390625,2.13941,2.13853,10,2243,1.72036,0
1776813378080328383,1.32648,-0.00195312,0.297063,-0.00195312,2.12495,2.13616,10,2243,1.72036,0
1776813378085322751,1.32648,-0.00195312,0.297063,-0.00195312,2.12495,2.13616,10,2243,1.72036,0
1776813378090317952,1.32648,-0.00195312,0.297063,-0.00195312,2.18707,2.13616,10,2243,1.72036,0
1776813378095321764,1.32648,-0.00195312,0.297063,-0.00195312,2.18707,2.13616,10,2243,1.72036,0
1776813378100325447,1.32648,-0.00195312,0.297063,-0.00195312,2.17969,2.13616,10,2243,1.72036,0
1776813378105294982,1.32648,-0.00195312,0.297063,-0.00195312,2.17969,2.13616,10,2243,1.72036,0
1776813378110305886,1.32648,0.00585938,0.297063,0.00585938,2.09962,2.14061,10,2243,1.72036,0
1776813378115312013,1.32648,0.00585938,0.297063,0.00585938,2.09962,2.14061,10,2243,1.72036,0
1776813378120320992,1.32648,0.00390625,0.297063,0.00390625,2.09269,2.1395,10,2243,1.72036,0
1776813378125317953,1.32648,0.00390625,0.297063,0.00390625,2.09269,2.1395,10,2243,1.72036,0
1776813378130321376,1.32648,0.00585938,0.297063,0.00585938,2.09201,2.14061,10,2243,1.72036,0
1776813378135324707,1.32681,0.00585938,0.297396,0.00585938,2.09201,2.14061,10,2243,1.72036,0
1776813378140322889,1.32681,-0.00195312,0.297396,-0.00195312,2.13466,2.13822,10,2243,1.72036,0
1776813378145313109,1.3268,-0.00195312,0.297384,-0.00195312,2.13466,2.13822,10,2243,1.72036,0
1776813378150335847,1.3268,-0.00976562,0.297384,-0.00976562,2.1557,2.13369,10,2243,1.72036,0
1776813378155295531,1.32681,-0.00976562,0.297396,-0.00976562,2.1557,2.13369,10,2243,1.72036,0
1776813378160323083,1.32681,-0.00976562,0.297396,-0.00976562,2.12321,2.13377,10,2243,1.72036,0
1776813378165310821,1.32664,-0.00976562,0.297225,-0.00976562,2.12321,2.13377,10,2243,1.72036,0
1776813378170314356,1.32664,-0.0117188,0.297225,-0.0117188,2.02161,2.1316,10,2243,1.72036,0
1776813378175321335,1.32664,-0.0117188,0.297225,-0.0117188,2.02161,2.1316,10,2243,1.72036,0
1776813378180325443,1.32664,-0.0078125,0.297225,-0.0078125,2.1561,2.13382,10,2243,1.72036,0
1776813378185319126,1.32648,-0.0078125,0.297066,-0.0078125,2.1561,2.13382,10,2243,1.72036,0
1776813378190329031,1.32648,-0.0078125,0.297066,-0.0078125,2.11676,2.13284,10,2243,1.72036,0
1776813378195320473,1.32648,-0.0078125,0.297069,-0.0078125,2.11676,2.13284,10,2243,1.72036,0
1776813378200338951,1.32648,0.00585938,0.297069,0.00585938,2.15612,2.14065,10,2243,1.72036,0
1776813378205352911,1.32664,0.00585938,0.297228,0.00585938,2.15612,2.14065,10,2243,1.72036,0
1776813378210323965,1.32664,0.00390625,0.297228,0.00390625,2.17855,2.14052,10,2243,1.72036,0
1776813378215314389,1.32664,0.00390625,0.297225,0.00390625,2.17855,2.14052,10,2243,1.72036,0
1776813378220318405,1.32664,0.0078125,0.297225,0.0078125,2.05305,2.14273,10,2243,1.72036,0
1776813378225676357,1.32681,0.0078125,0.297396,0.0078125,2.05305,2.14273,10,2243,1.72036,0
1776813378230432415,1.32681,0.0078125,0.297396,0.0078125,2.09945,2.14379,10,2243,1.72036,0
1776813378235326286,1.3268,0.0078125,0.297384,0.0078125,2.09945,2.14379,10,2243,1.72036,0
1776813378240330172,1.3268,0.0078125,0.297384,0.0078125,2.21912,2.14371,10,2243,1.72036,0
1776813378245314336,1.3268,0.0078125,0.297387,0.0078125,2.21912,2.14371,10,2243,1.72036,0
1776813378250323574,1.3268,0.00390625,0.297387,0.00390625,2.124,2.14151,10,2243,1.72036,0
1776813378255323146,1.32697,0.00390625,0.297558,0.00390625,2.124,2.14151,10,2243,1.72036,0
1776813378260355328,1.32697,-0.00195312,0.297558,-0.00195312,2.1953,2.13923,10,2243,1.72036,0
1776813378265338141,1.3268,-0.00195312,0.297384,-0.00195312,2.1953,2.13923,10,2243,1.72036,0
1776813378270321787,1.3268,-0.00976562,0.297384,-0.00976562,2.11597,2.1337,10,2243,1.72036,0
1776813378275347950,1.3268,-0.00976562,0.297384,-0.00976562,2.11597,2.1337,10,2243,1.72036,0
1776813378280345725,1.32696,-0.00976562,0.297543,-0.00976562,2.19514,2.13468,10,2243,1.72036,0
1776813378285343556,1.32696,0,0.297543,0,2.19514,2.13468,10,2243,1.72036,0
1776813378290321739,1.32697,0,0.297555,0,2.10944,2.14032,10,2243,1.72036,0
1776813378295325959,1.32697,0.0078125,0.297555,0.0078125,2.10944,2.14032,10,2243,1.72036,0
1776813378300317790,1.32697,0.0078125,0.297555,0.0078125,2.13213,2.14478,10,2243,1.72036,0
1776813378305317917,1.32697,0.00585938,0.297555,0.00585938,2.13213,2.14478,10,2243,1.72036,0
1776813378310307600,1.32696,0.00585938,0.297543,0.00585938,2.09267,2.14359,10,2243,1.72036,0
1776813378315325319,1.32696,-0.00390625,0.297543,-0.00390625,2.09267,2.14359,10,2243,1.72036,0
1776813378320403074,1.32696,-0.00390625,0.297543,-0.00390625,2.14765,2.13802,10,2243,1.72036,0
1776813378325350166,1.32696,-0.00195312,0.297543,-0.00195312,2.14765,2.13802,10,2243,1.72036,0
1776813378330325590,1.32696,-0.00195312,0.297543,-0.00195312,2.18791,2.13913,10,2243,1.72036,0
1776813378335320161,1.32696,-0.00390625,0.297543,-0.00390625,2.18791,2.13913,10,2243,1.72036,0
1776813378340324325,1.32697,-0.00390625,0.297552,-0.00390625,2.19606,2.13808,10,2243,1.72036,0
1776813378345408228,1.32697,-0.0078125,0.297552,-0.0078125,2.19606,2.13808,10,2243,1.72036,0
1776813378350383300,1.32697,-0.0078125,0.297552,-0.0078125,2.18733,2.13585,10,2243,1.72036,0
1776813378355330132,1.32696,-0.0078125,0.297543,-0.0078125,2.18733,2.13585,10,2243,1.72036,0
1776813378360318352,1.32696,0.00195312,0.297543,0.00195312,2.17258,2.14136,10,2243,1.72036,0
1776813378365316479,1.32696,0.00195312,0.297543,0.00195312,2.17258,2.14136,10,2243,1.72036,0
1776813378370346143,1.32696,0.00390625,0.297543,0.00390625,2.14798,2.14247,10,2243,1.72036,0
1776813378375339918,1.32695,0.00390625,0.297539,0.00390625,2.14798,2.14247,10,2243,1.72036,0
1776813378380327361,1.32695,0.00585938,0.297539,0.00585938,2.1399,2.14357,10,2243,1.72036,0
1776813378385329895,1.32712,0.00585938,0.297711,0.00585938,2.1399,2.14357,10,2243,1.72036,0
1776813378390321022,1.32712,0,0.297711,0,2.17154,2.14129,10,2243,1.72036,0
1776813378395318705,1.32712,0,0.297711,0,2.17154,2.14129,10,2243,1.72036,0
1776813378400317536,1.32712,-0.00585938,0.297711,-0.00585938,2.09225,2.13795,10,2243,1.72036,0
1776813378405299608,1.32712,-0.00585938,0.297711,-0.00585938,2.09225,2.13795,10,2243,1.72036,0
1776813378410328308,1.32712,-0.00195312,0.297711,-0.00195312,2.14789,2.14018,10,2243,1.72036,0
1776813378415314843,1.32712,-0.00195312,0.297711,-0.00195312,2.14789,2.14018,10,2243,1.72036,0
1776813378420329229,1.32712,-0.00585938,0.297711,-0.00585938,2.09962,2.13795,10,2243,1.72036,0
1776813378425316875,1.32712,-0.00585938,0.297711,-0.00585938,2.09962,2.13795,10,2243,1.72036,0
1776813378430334557,1.32728,-0.00585938,0.29787,-0.00585938,2.06847,2.13894,10,2243,1.72036,0
1776813378435324351,1.32728,0.00195312,0.29787,0.00195312,2.06847,2.13894,10,2243,1.72036,0
1776813378440315053,1.32711,0.00195312,0.297698,0.00195312,2.10932,2.14233,10,2243,1.72036,0
1776813378445315939,1.32711,-0.0078125,0.297698,-0.0078125,2.10932,2.14233,10,2243,1.72036,0
1776813378450324233,1.32711,-0.0078125,0.297698,-0.0078125,2.13195,2.13676,10,2243,1.72036,0
1776813378455296120,1.32711,-0.00195312,0.297698,-0.00195312,2.13195,2.13676,10,2243,1.72036,0
1776813378460421892,1.32711,-0.00195312,0.297698,-0.00195312,2.2111,2.1401,10,2243,1.72036,0
1776813378465354447,1.32711,0,0.297698,0,2.2111,2.1401,10,2243,1.72036,0
1776813378470329926,1.32711,0,0.297698,0,2.2031,2.14121,10,2243,1.72036,0
1776813378475326461,1.32711,-0.00195312,0.297698,-0.00195312,2.2031,2.14121,10,2243,1.72036,0
1776813378480320532,1.32711,-0.00195312,0.297698,-0.00195312,2.08466,2.1401,10,2243,1.72036,0
1776813378485314734,1.32711,0.00585938,0.297698,0.00585938,2.08466,2.1401,10,2243,1.72036,0
1776813378490311509,1.32711,0.00585938,0.297698,0.00585938,2.14854,2.14455,10,2243,1.72036,0
1776813378495323377,1.32711,0.00195312,0.297698,0.00195312,2.14854,2.14455,10,2243,1.72036,0
1776813378500311485,1.32711,0.00195312,0.297698,0.00195312,2.18622,2.14233,10,2243,1.72036,0
1776813378505303761,1.32727,0.00195312,0.297857,0.00195312,2.18622,2.14233,10,2243,1.72036,0
1776813378510308851,1.32727,-0.00390625,0.297857,-0.00390625,2.23455,2.13997,10,2243,1.72036,0
1776813378515320200,1.32728,-0.00390625,0.29787,-0.00390625,2.23455,2.13997,10,2243,1.72036,0
1776813378520324956,1.32728,-0.00585938,0.29787,-0.00585938,2.12401,2.13894,10,2243,1.72036,0
1776813378525320232,1.32728,-0.00585938,0.29787,-0.00585938,2.12401,2.13894,10,2243,1.72036,0
1776813378530314359,1.32728,0.00195312,0.29787,0.00195312,2.1562,2.14339,10,2243,1.72036,0
1776813378535307042,1.32728,0.00195312,0.29787,0.00195312,2.1562,2.14339,10,2243,1.72036,0
1776813378540311687,1.32728,0.00195312,0.29787,0.00195312,2.10883,2.14339,10,2243,1.72036,0
1776813378545338647,1.32728,0.00195312,0.29787,0.00195312,2.10883,2.14339,10,2243,1.72036,0
1776813378550318293,1.32728,0.00195312,0.29787,0.00195312,2.11632,2.14339,10,2243,1.72036,0
1776813378555292773,1.32728,0.00195312,0.29787,0.00195312,2.11632,2.14339,10,2243,1.72036,0
1776813378560309881,1.32728,0.00195312,0.29787,0.00195312,2.13131,2.14339,10,2243,1.72036,0
1776813378565316193,1.32727,0.00195312,0.297857,0.00195312,2.13131,2.14339,10,2243,1.72036,0
1776813378570325968,1.32727,0,0.297857,0,2.11598,2.1422,10,2243,1.72036,0
1776813378575345873,1.32727,0,0.297857,0,2.11598,2.1422,10,2243,1.72036,0
1776813378580322297,1.3276,0,0.298187,0,2.13974,2.14425,10,2243,1.72036,0
1776813378585310979,1.3276,-0.00195312,0.298187,-0.00195312,2.13974,2.14425,10,2243,1.72036,0
1776813378590322125,1.32744,-0.00195312,0.298028,-0.00195312,2.2264,2.14215,10,2243,1.72036,0
1776813378595374677,1.32744,-0.00195312,0.298028,-0.00195312,2.2264,2.14215,10,2243,1.72036,0
1776813378600332305,1.32744,-0.00195312,0.298028,-0.00195312,2.10075,2.14215,10,2243,1.72036,0
1776813378605297173,1.32744,0,0.298028,0,2.10075,2.14215,10,2243,1.72036,0
1776813378610308522,1.32744,0,0.298028,0,2.14801,2.14326,10,2243,1.72036,0
1776813378615313668,1.32744,0,0.298028,0,2.14801,2.14326,10,2243,1.72036,0
1776813378620320202,1.32744,0,0.298028,0,2.13269,2.14326,10,2243,1.72036,0
1776813378625320663,1.32744,0.00585938,0.298028,0.00585938,2.13269,2.14326,10,2243,1.72036,0
1776813378630326882,1.32744,0.00585938,0.298028,0.00585938,2.09284,2.1466,10,2243,1.72036,0
1776813378635316176,1.32744,0,0.298028,0,2.09284,2.1466,10,2243,1.72036,0
1776813378640324544,1.32744,0,0.298028,0,2.10832,2.14326,10,2243,1.72036,0
1776813378645314097,1.32744,0.0078125,0.298028,0.0078125,2.10832,2.14326,10,2243,1.72036,0
1776813378650313539,1.32744,0.0078125,0.298028,0.0078125,2.15559,2.14771,10,2243,1.72036,0
1776813378655295648,1.32777,0.0078125,0.298358,0.0078125,2.15559,2.14771,10,2243,1.72036,0
1776813378660318034,1.32777,0.00195312,0.298358,0.00195312,2.13219,2.14642,10,2243,1.72036,0
1776813378665311846,1.32776,0.00195312,0.298346,0.00195312,2.13219,2.14642,10,2243,1.72036,0
1776813378670379861,1.32776,-0.00585938,0.298346,-0.00585938,2.17153,2.14189,10,2243,1.72036,0
1776813378675332637,1.32777,-0.00585938,0.298358,-0.00585938,2.17153,2.14189,10,2243,1.72036,0
1776813378680332135,1.32777,-0.00390625,0.298358,-0.00390625,2.1715,2.14308,10,2243,1.72036,0
1776813378685349780,1.3276,-0.00390625,0.298187,-0.00390625,2.1715,2.14308,10,2243,1.72036,0
1776813378690495126,1.3276,-0.00195312,0.298187,-0.00195312,2.10013,2.14313,10,2243,1.72036,0
1776813378695370645,1.3276,-0.00195312,0.298187,-0.00195312,2.10013,2.14313,10,2243,1.72036,0
1776813378700329902,1.3276,0.00585938,0.298187,0.00585938,2.09274,2.14759,10,2243,1.72036,0
1776813378705308678,1.3276,0.00585938,0.298187,0.00585938,2.09274,2.14759,10,2243,1.72036,0
1776813378710309083,1.3276,0.00195312,0.298187,0.00195312,2.1404,2.14536,10,2243,1.72036,0
1776813378715379023,1.3276,0.00195312,0.298187,0.00195312,2.1404,2.14536,10,2243,1.72036,0
1776813378720326559,1.3276,0.00585938,0.298187,0.00585938,2.12407,2.14759,10,2243,1.72036,0
1776813378725325816,1.3276,0.00585938,0.298187,0.00585938,2.12407,2.14759,10,2243,1.72036,0
1776813378730358590,1.32793,0.00585938,0.29852,0.00585938,2.17175,2.14965,10,2243,1.72036,0
1776813378735344514,1.32793,0.00195312,0.29852,0.00195312,2.17175,2.14965,10,2243,1.72036,0
1776813378740322790,1.32792,0.00195312,0.298508,0.00195312,2.14756,2.14735,10,2243,1.72036,0
1776813378745340250,1.32792,-0.00390625,0.298508,-0.00390625,2.14756,2.14735,10,2243,1.72036,0
1776813378750316100,1.32792,-0.00390625,0.298508,-0.00390625,2.23478,2.14401,10,2243,1.72036,0
1776813378755292598,1.32792,-0.00195312,0.298508,-0.00195312,2.23478,2.14401,10,2243,1.72036,0
1776813378760306928,1.32792,-0.00195312,0.298508,-0.00195312,2.06096,2.14512,10,2243,1.72036,0
1776813378765315018,1.32792,-0.00585938,0.298508,-0.00585938,2.06096,2.14512,10,2243,1.72036,0
1776813378770314775,1.32793,-0.00585938,0.29852,-0.00585938,2.13993,2.14297,10,2243,1.72036,0
1776813378775339031,1.32793,0,0.29852,0,2.13993,2.14297,10,2243,1.72036,0
1776813378780324529,1.32793,0,0.29852,0,2.10027,2.14631,10,2243,1.72036,0
1776813378785359692,1.32793,-0.00390625,0.29852,-0.00390625,2.10027,2.14631,10,2243,1.72036,0
1776813378790326487,1.32776,-0.00390625,0.298349,-0.00390625,2.17154,2.14302,10,2243,1.72036,0
1776813378795334780,1.32776,0.00195312,0.298349,0.00195312,2.17154,2.14302,10,2243,1.72036,0
1776813378800313297,1.32776,0.00195312,0.298349,0.00195312,2.12384,2.14636,10,2243,1.72036,0
1776813378805295387,1.32792,0.00195312,0.298508,0.00195312,2.12384,2.14636,10,2243,1.72036,0
1776813378810308107,1.32792,0.00390625,0.298508,0.00390625,2.14798,2.14846,10,2243,1.72036,0
1776813378815314233,1.32809,0.00390625,0.298679,0.00390625,2.14798,2.14846,10,2243,1.72036,0
1776813378820324527,1.32809,-0.00195312,0.298679,-0.00195312,2.16438,2.14619,10,2243,1.72036,0
1776813378825316765,1.32809,-0.00195312,0.298679,-0.00195312,2.16438,2.14619,10,2243,1.72036,0
1776813378830317430,1.32809,-0.00390625,0.298679,-0.00390625,2.14043,2.14507,10,2243,1.72036,0
1776813378835328093,1.32809,-0.00390625,0.298679,-0.00390625,2.14043,2.14507,10,2243,1.72036,0
1776813378840328795,1.32809,-0.00585938,0.298679,-0.00585938,2.12334,2.14396,10,2243,1.72036,0
1776813378845320996,1.32792,-0.00585938,0.298508,-0.00585938,2.12334,2.14396,10,2243,1.72036,0
1776813378850329141,1.32792,-0.00390625,0.298508,-0.00390625,2.23478,2.14401,10,2243,1.72036,0
1776813378855294158,1.32792,-0.00390625,0.298511,-0.00390625,2.23478,2.14401,10,2243,1.72036,0
1776813378860361154,1.32792,0.00195312,0.298511,0.00195312,2.09147,2.14737,10,2243,1.72036,0
1776813378865358615,1.32794,0.00195312,0.298523,0.00195312,2.09147,2.14737,10,2243,1.72036,0
1776813378870331316,1.32794,0,0.298523,0,2.11633,2.14633,10,2243,1.72036,0
1776813378875315073,1.32794,0,0.298523,0,2.11633,2.14633,10,2243,1.72036,0
1776813378880319738,1.3281,0,0.298682,0,2.13841,2.14732,10,2243,1.72036,0
1776813378885317013,1.3281,0.00390625,0.298682,0.00390625,2.13841,2.14732,10,2243,1.72036,0
1776813378890324973,1.3281,0.00390625,0.298682,0.00390625,2.12418,2.14955,10,2243,1.72036,0
1776813378895320471,1.3281,0.00195312,0.298682,0.00195312,2.12418,2.14955,10,2243,1.72036,0
1776813378900331505,1.32808,0.00195312,0.29867,0.00195312,2.14788,2.14836,10,2243,1.72036,0
1776813378905303244,1.32808,0.00390625,0.29867,0.00390625,2.14788,2.14836,10,2243,1.72036,0
1776813378910307723,1.32808,0.00390625,0.29867,0.00390625,2.07655,2.14947,10,2243,1.72036,0
1776813378915313238,1.32808,-0.00390625,0.29867,-0.00390625,2.07655,2.14947,10,2243,1.72036,0
1776813378920351513,1.32808,-0.00390625,0.29867,-0.00390625,2.1797,2.14501,10,2243,1.72036,0
1776813378925344548,1.32808,-0.00390625,0.29867,-0.00390625,2.1797,2.14501,10,2243,1.72036,0
1776813378930326601,1.32809,-0.00390625,0.298673,-0.00390625,2.11634,2.14504,10,2243,1.72036,0
1776813378935319617,1.32809,-0.00390625,0.298673,-0.00390625,2.11634,2.14504,10,2243,1.72036,0
1776813378940317041,1.3281,-0.00390625,0.298682,-0.00390625,2.15476,2.14509,10,2243,1.72036,0
1776813378945312409,1.3281,-0.00585938,0.298682,-0.00585938,2.15476,2.14509,10,2243,1.72036,0
1776813378950314628,1.32825,-0.00585938,0.298841,-0.00585938,2.1721,2.14398,10,2243,1.72036,0
1776813378955304218,1.32825,-0.00585938,0.298841,-0.00585938,2.1721,2.14398,10,2243,1.72036,0
1776813378960314382,1.32825,0.00195312,0.298841,0.00195312,2.15579,2.14942,10,2243,1.72036,0
1776813378965311454,1.32825,0.00390625,0.298841,0.00390625,2.15579,2.14942,10,2243,1.72036,0
1776813378970364839,1.32825,0.00390625,0.298841,0.00390625,2.1244,2.15053,10,2243,1.72036,0
1776813378975347263,1.32825,0.00390625,0.298841,0.00390625,2.1244,2.15053,10,2243,1.72036,0
1776813378980324057,1.32825,0.00390625,0.298841,0.00390625,2.16428,2.15053,10,2243,1.72036,0
1776813378985318444,1.32825,0.00585938,0.298841,0.00585938,2.16428,2.15053,10,2243,1.72036,0
1776813378990339681,1.32825,0.00585938,0.298841,0.00585938,2.15613,2.15164,10,2243,1.72036,0
1776813378995330475,1.32825,0.00390625,0.298841,0.00390625,2.15613,2.15164,10,2243,1.72036,0
1776813379000341658,1.32825,0.00390625,0.298838,0.00390625,2.1874,2.15051,10,2243,1.72036,0
1776813379005311527,1.32825,0,0.298838,0,2.1874,2.15051,10,2243,1.72036,0
1776813379010314932,1.32825,0,0.298838,0,2.08334,2.14828,10,2243,1.72036,0
1776813379015326299,1.32825,-0.00976562,0.298838,-0.00976562,2.08334,2.14828,10,2243,1.72036,0
1776813379020314057,1.32825,-0.00976562,0.298838,-0.00976562,2.14796,2.14272,10,2243,1.72036,0
1776813379025317628,1.32841,-0.00976562,0.298997,-0.00976562,2.14796,2.14272,10,2243,1.72036,0
1776813379030314756,1.32841,-0.00195312,0.298997,-0.00195312,2.16375,2.14816,10,2243,1.72036,0
1776813379035341864,1.32824,-0.00195312,0.298829,-0.00195312,2.16375,2.14816,10,2243,1.72036,0
1776813379040320418,1.32824,0,0.298829,0,2.10049,2.14823,10,2243,1.72036,0
1776813379045322693,1.32825,0,0.298841,0,2.10049,2.14823,10,2243,1.72036,0
1776813379050346024,1.32825,-0.00195312,0.298841,-0.00195312,2.09252,2.14719,10,2243,1.72036,0
1776813379055321318,1.32824,-0.00195312,0.298829,-0.00195312,2.09252,2.14719,10,2243,1.72036,0
1776813379060312057,1.32824,0.00585938,0.298829,0.00585938,2.15554,2.15157,10,2243,1.72036,0
1776813379065322351,1.32824,0.00585938,0.298829,0.00585938,2.15554,2.15157,10,2243,1.72036,0
1776813379070325070,1.32824,0.00195312,0.298829,0.00195312,2.10837,2.14934,10,2243,1.72036,0
1776813379075312531,1.32841,0.00195312,0.299,0.00195312,2.10837,2.14934,10,2243,1.72036,0
1776813379080320010,1.32841,0,0.299,0,2.21284,2.14929,10,2243,1.72036,0
1776813379085315971,1.32841,0,0.299,0,2.21284,2.14929,10,2243,1.72036,0
1776813379090323747,1.32841,-0.00585938,0.299,-0.00585938,2.11634,2.14595,10,2243,1.72036,0
1776813379095316318,1.32841,-0.00585938,0.299,-0.00585938,2.11634,2.14595,10,2243,1.72036,0
1776813379100319742,1.32857,-0.00585938,0.299159,-0.00585938,2.14002,2.14694,10,2243,1.72036,0
1776813379105293666,1.32857,-0.00390625,0.299159,-0.00390625,2.14002,2.14694,10,2243,1.72036,0
1776813379110318349,1.32841,-0.00390625,0.299,-0.00390625,2.13245,2.14706,10,2243,1.72036,0
1776813379115313013,1.32841,0,0.299,0,2.13245,2.14706,10,2243,1.72036,0
1776813379120318844,1.32841,0,0.299,0,2.10834,2.14929,10,2243,1.72036,0
1776813379125384303,1.32841,0.00195312,0.299,0.00195312,2.10834,2.14929,10,2243,1.72036,0
1776813379130342950,1.32841,0.00195312,0.299,0.00195312,2.13996,2.1504,10,2243,1.72036,0
1776813379135314208,1.32841,0.00390625,0.299,0.00390625,2.13996,2.1504,10,2243,1.72036,0
1776813379140403648,1.32841,0.00390625,0.299,0.00390625,2.10108,2.15151,10,2243,1.72036,0
1776813379145411349,1.32841,0,0.299,0,2.10108,2.15151,10,2243,1.72036,0
1776813379150331108,1.32857,0,0.299159,0,2.20316,2.15027,10,2243,1.72036,0
1776813379155294588,1.32857,0.00195312,0.299159,0.00195312,2.20316,2.15027,10,2243,1.72036,0
1776813379160323677,1.32857,0.00195312,0.299159,0.00195312,2.14793,2.15139,10,2243,1.72036,0
1776813379165312286,1.32857,0.00390625,0.299159,0.00390625,2.14793,2.15139,10,2243,1.72036,0
1776813379170320747,1.32873,0.00390625,0.299318,0.00390625,2.13995,2.1525,10,2243,1.72036,0
1776813379175346707,1.32873,0.00195312,0.299318,0.00195312,2.13995,2.1525,10,2243,1.72036,0
1776813379180353668,1.32857,0.00195312,0.299159,0.00195312,2.12431,2.15139,10,2243,1.72036,0
1776813379185348591,1.32857,-0.00195312,0.299159,-0.00195312,2.12431,2.15139,10,2243,1.72036,0
1776813379190322219,1.32857,-0.00195312,0.299159,-0.00195312,2.20964,2.14916,10,2243,1.72036,0
1776813379195330457,1.32857,-0.00390625,0.299159,-0.00390625,2.20964,2.14916,10,2243,1.72036,0
1776813379200318326,1.32857,-0.00390625,0.299159,-0.00390625,2.13098,2.14805,10,2243,1.72036,0
1776813379205305639,1.32857,0,0.299159,0,2.13098,2.14805,10,2243,1.72036,0
1776813379210315747,1.32857,0,0.299159,0,2.21113,2.15028,10,2243,1.72036,0
1776813379215323782,1.32857,0.00390625,0.299159,0.00390625,2.21113,2.15028,10,2243,1.72036,0
1776813379220377797,1.32857,0.00390625,0.299159,0.00390625,2.1327,2.1525,10,2243,1.72036,0
1776813379225328592,1.32857,0.00195312,0.299159,0.00195312,2.1327,2.1525,10,2243,1.72036,0
1776813379230333515,1.32857,0.00195312,0.299159,0.00195312,2.11675,2.15139,10,2243,1.72036,0
1776813379235334791,1.32857,0.00585938,0.299159,0.00585938,2.11675,2.15139,10,2243,1.72036,0
1776813379240330937,1.32873,0.00585938,0.299318,0.00585938,2.15552,2.15362,10,2243,1.72036,0
1776813379245332953,1.32873,0.00585938,0.299318,0.00585938,2.15552,2.15362,10,2243,1.72036,0
1776813379250318303,1.3289,-0.00195312,0.299489,-0.00195312,2.10909,2.15015,10,2243,1.72036,0
1776813379255314634,1.3289,-0.00390625,0.299489,-0.00390625,2.10909,2.15015,10,2243,1.72036,0
1776813379260333205,1.32873,-0.00390625,0.299318,-0.00390625,2.20489,2.14904,10,2243,1.72036,0
1776813379265329981,1.32873,-0.00976562,0.299318,-0.00976562,2.20489,2.14904,10,2243,1.72036,0
1776813379270322664,1.32873,-0.00976562,0.299318,-0.00976562,2.10944,2.1457,10,2243,1.72036,0
1776813379275327162,1.32873,-0.00195312,0.299318,-0.00195312,2.10944,2.1457,10,2243,1.72036,0
1776813379280334067,1.32873,-0.00195312,0.299318,-0.00195312,2.17153,2.15015,10,2243,1.72036,0
1776813379285351156,1.32873,0,0.299318,0,2.17153,2.15015,10,2243,1.72036,0
1776813379290347006,1.32873,0,0.299318,0,2.14802,2.15126,10,2243,1.72036,0
1776813379295320541,1.32873,0.00390625,0.299318,0.00390625,2.14802,2.15126,10,2243,1.72036,0
1776813379300327224,1.32889,0.00390625,0.299477,0.00390625,2.08463,2.15349,10,2243,1.72036,0
1776813379305295482,1.32889,0.00390625,0.299477,0.00390625,2.08463,2.15349,10,2243,1.72036,0
1776813379310335090,1.32889,0.00390625,0.299477,0.00390625,2.17148,2.15447,10,2243,1.72036,0
1776813379315316792,1.32889,0.00390625,0.299477,0.00390625,2.17148,2.15447,10,2243,1.72036,0
1776813379320320086,1.32889,0.00390625,0.299477,0.00390625,2.15581,2.15448,10,2243,1.72036,0
1776813379325332305,1.32889,0.00195312,0.299477,0.00195312,2.15581,2.15448,10,2243,1.72036,0
1776813379330328470,1.32889,0.00195312,0.299477,0.00195312,2.18773,2.15336,10,2243,1.72036,0
1776813379335349226,1.32889,0.00195312,0.299477,0.00195312,2.18773,2.15336,10,2243,1.72036,0
1776813379340332576,1.32889,0.00195312,0.299477,0.00195312,2.17228,2.15336,10,2243,1.72036,0
1776813379345329037,1.32889,-0.00195312,0.299477,-0.00195312,2.17228,2.15336,10,2243,1.72036,0
1776813379350318887,1.32889,-0.00195312,0.299477,-0.00195312,2.08417,2.15113,10,2243,1.72036,0
1776813379355293792,1.32889,-0.00390625,0.299477,-0.00390625,2.08417,2.15113,10,2243,1.72036,0
1776813379360314327,1.32889,-0.00390625,0.299477,-0.00390625,2.21149,2.15002,10,2243,1.72036,0
1776813379365315528,1.32889,-0.00585938,0.299477,-0.00585938,2.21149,2.15002,10,2243,1.72036,0
1776813379370315266,1.32905,-0.00585938,0.299636,-0.00585938,2.10416,2.14891,10,2243,1.72036,0
1776813379375332764,1.32905,-0.00585938,0.299636,-0.00585938,2.10416,2.14891,10,2243,1.72036,0
1776813379380323299,1.32906,0.00195312,0.299648,0.00195312,2.21133,2.15435,10,2243,1.72036,0
1776813379385313908,1.32906,0.00390625,0.299648,0.00390625,2.21133,2.15435,10,2243,1.72036,0
1776813379390319813,1.32905,0.00390625,0.299636,0.00390625,2.09137,2.15546,10,2243,1.72036,0
1776813379395387827,1.32905,0,0.299636,0,2.09137,2.15546,10,2243,1.72036,0
1776813379400372733,1.32905,0,0.299636,0,2.18972,2.15324,10,2243,1.72036,0
1776813379405367323,1.32905,0.00195312,0.299636,0.00195312,2.18972,2.15324,10,2243,1.72036,0
1776813379410325266,1.32905,0.00195312,0.299636,0.00195312,2.13294,2.15435,10,2243,1.72036,0
1776813379415322097,1.32905,0.00390625,0.299636,0.00390625,2.13294,2.15435,10,2243,1.72036,0
1776813379420320873,1.32905,0.00390625,0.299639,0.00390625,2.08467,2.15548,10,2243,1.72036,0
1776813379425345870,1.32905,-0.00195312,0.299639,-0.00195312,2.08467,2.15548,10,2243,1.72036,0
1776813379430323350,1.32905,-0.00195312,0.299639,-0.00195312,2.19584,2.15214,10,2243,1.72036,0
1776813379435320607,1.32905,-0.00195312,0.299639,-0.00195312,2.19584,2.15214,10,2243,1.72036,0
1776813379440313234,1.32921,-0.00195312,0.299798,-0.00195312,2.04459,2.15214,10,2243,1.72036,0
1776813379445316899,1.32921,-0.00585938,0.299798,-0.00585938,2.04459,2.15214,10,2243,1.72036,0
1776813379450321637,1.32922,-0.00585938,0.29981,-0.00585938,2.11618,2.15098,10,2243,1.72036,0
1776813379455312320,1.32922,0.00195312,0.29981,0.00195312,2.11618,2.15098,10,2243,1.72036,0
1776813379460310207,1.32922,0.00195312,0.29981,0.00195312,2.17955,2.15543,10,2243,1.72036,0
1776813379465319593,1.32922,0.00390625,0.29981,0.00390625,2.17955,2.15543,10,2243,1.72036,0
1776813379470322035,1.32922,0.00390625,0.29981,0.00390625,2.12408,2.15654,10,2243,1.72036,0
1776813379475374717,1.32922,0.00390625,0.29981,0.00390625,2.12408,2.15654,10,2243,1.72036,0
1776813379480330586,1.32921,0.00390625,0.299798,0.00390625,2.1794,2.15647,10,2243,1.72036,0
1776813379485327621,1.32921,-0.00195312,0.299798,-0.00195312,2.1794,2.15647,10,2243,1.72036,0
1776813379490317100,1.32921,-0.00195312,0.299798,-0.00195312,2.19489,2.15313,10,2243,1.72036,0
1776813379495346431,1.32921,-0.00585938,0.299798,-0.00585938,2.19489,2.15313,10,2243,1.72036,0
1776813379500322595,1.32922,-0.00585938,0.29981,-0.00585938,2.2588,2.15098,10,2243,1.72036,0
1776813379505369592,1.32922,-0.00390625,0.29981,-0.00390625,2.2588,2.15098,10,2243,1.72036,0
1776813379510329517,1.32938,-0.00390625,0.299969,-0.00390625,2.15482,2.15209,10,2243,1.72036,0
1776813379515320885,1.32938,-0.00390625,0.299969,-0.00390625,2.15482,2.15209,10,2243,1.72036,0
1776813379520319068,1.32922,0,0.299801,0,2.18768,2.1553,10,2243,1.72036,0
1776813379525364342,1.32922,0.00390625,0.299801,0.00390625,2.18768,2.1553,10,2243,1.72036,0
1776813379530328563,1.32921,0.00390625,0.299798,0.00390625,2.18772,2.15647,10,2243,1.72036,0
1776813379535328024,1.32921,0.00195312,0.299798,0.00195312,2.18772,2.15647,10,2243,1.72036,0
1776813379540320188,1.32922,0.00195312,0.299801,0.00195312,2.14797,2.15537,10,2243,1.72036,0
1776813379545320297,1.32922,0.00390625,0.299801,0.00390625,2.14797,2.15537,10,2243,1.72036,0
1776813379550323943,1.32922,-0.00585938,0.299801,-0.00585938,2.18794,2.15092,10,2243,1.72036,0
1776813379555320218,1.32922,-0.00585938,0.299801,-0.00585938,2.18794,2.15092,10,2243,1.72036,0
1776813379560320031,1.32922,-0.00195312,0.299801,-0.00195312,2.25838,2.15315,10,2243,1.72036,0
1776813379565316362,1.32922,-0.00195312,0.299801,-0.00195312,2.25838,2.15315,10,2243,1.72036,0
1776813379570320471,1.32922,0.00195312,0.299801,0.00195312,2.16364,2.15537,10,2243,1.72036,0
1776813379575327191,1.32922,0.00195312,0.299801,0.00195312,2.16364,2.15537,10,2243,1.72036,0
1776813379580405335,1.32937,0.00195312,0.29996,0.00195312,2.27674,2.15636,10,2243,1.72036,0
1776813379585339260,1.32937,-0.00390625,0.29996,-0.00390625,2.27674,2.15636,10,2243,1.72036,0
1776813379590344739,1.32939,-0.00390625,0.299976,-0.00390625,2.10872,2.15312,10,2243,1.72036,0
1776813379595379143,1.32939,-0.00390625,0.299976,-0.00390625,2.10872,2.15312,10,2243,1.72036,0
1776813379600450287,1.32939,-0.00390625,0.299976,-0.00390625,2.19565,2.15312,10,2243,1.72036,0
1776813379605321251,1.32939,0.00195312,0.299976,0.00195312,2.19565,2.15312,10,2243,1.72036,0
1776813379610308101,1.32939,0.00195312,0.299975,0.00195312,2.12471,2.15645,10,2243,1.72036,0
1776813379615319247,1.32939,-0.00195312,0.299975,-0.00195312,2.12471,2.15645,10,2243,1.72036,0
1776813379620319892,1.32939,-0.00195312,0.299975,-0.00195312,2.20385,2.15423,10,2243,1.72036,0
1776813379625319946,1.32939,0,0.299975,0,2.20385,2.15423,10,2243,1.72036,0
1776813379630316425,1.32939,0,0.299975,0,2.2031,2.15534,10,2243,1.72036,0
1776813379635324311,1.32939,0.00390625,0.299975,0.00390625,2.2031,2.15534,10,2243,1.72036,0
1776813379640317531,1.32939,0.00390625,0.299975,0.00390625,2.15637,2.15757,10,2243,1.72036,0
1776813379645325066,1.32939,0.00390625,0.299975,0.00390625,2.15637,2.15757,10,2243,1.72036,0
1776813379650323601,1.32955,0.00390625,0.300135,0.00390625,2.19667,2.15757,10,2243,1.72036,0
1776813379655332765,1.32955,0.00195312,0.300135,0.00195312,2.19667,2.15757,10,2243,1.72036,0
1776813379660313152,1.32955,0.00195312,0.300138,0.00195312,2.1796,2.15746,10,2243,1.72036,0
1776813379665322483,1.32955,-0.00390625,0.300138,-0.00390625,2.1796,2.15746,10,2243,1.72036,0
1776813379670326147,1.32955,-0.00390625,0.300138,-0.00390625,2.19522,2.15412,10,2243,1.72036,0
1776813379675319589,1.32955,0.00390625,0.300138,0.00390625,2.19522,2.15412,10,2243,1.72036,0
1776813379680320254,1.32955,0.00390625,0.300135,0.00390625,2.18746,2.15855,10,2243,1.72036,0
1776813379685328214,1.32955,0,0.300135,0,2.18746,2.15855,10,2243,1.72036,0
1776813379690319823,1.32955,0,0.300138,0,2.13309,2.15635,10,2243,1.72036,0
1776813379695319784,1.32955,-0.00390625,0.300138,-0.00390625,2.13309,2.15635,10,2243,1.72036,0
1776813379700319596,1.32938,-0.00390625,0.299963,-0.00390625,2.17149,2.15304,10,2243,1.72036,0
1776813379705313946,1.32938,0.00195312,0.299963,0.00195312,2.17149,2.15304,10,2243,1.72036,0
1776813379710310296,1.32938,0.00195312,0.299963,0.00195312,2.14116,2.15638,10,2243,1.72036,0
1776813379715317404,1.32938,-0.00390625,0.299963,-0.00390625,2.14116,2.15638,10,2243,1.72036,0
1776813379720322198,1.32954,-0.00390625,0.300125,-0.00390625,2.14626,2.15304,10,2243,1.72036,0
1776813379725380454,1.32954,0.00390625,0.300125,0.00390625,2.14626,2.15304,10,2243,1.72036,0
1776813379730337138,1.32954,0.00390625,0.300125,0.00390625,2.1331,2.1585,10,2243,1.72036,0
1776813379735325673,1.32954,-0.00195312,0.300125,-0.00195312,2.1331,2.1585,10,2243,1.72036,0
1776813379740326300,1.32954,-0.00195312,0.300126,-0.00195312,2.20247,2.15516,10,2243,1.72036,0
1776813379745316817,1.32954,0.00195312,0.300126,0.00195312,2.20247,2.15516,10,2243,1.72036,0
1776813379750322259,1.32954,0.00195312,0.300125,0.00195312,2.20181,2.15738,10,2243,1.72036,0
1776813379755312312,1.32954,-0.00195312,0.300125,-0.00195312,2.20181,2.15738,10,2243,1.72036,0
1776813379760327143,1.32954,-0.00195312,0.300125,-0.00195312,2.1409,2.15516,10,2243,1.72036,0
1776813379765317993,1.32954,-0.00390625,0.300125,-0.00390625,2.1409,2.15516,10,2243,1.72036,0
1776813379770319009,1.32955,-0.00390625,0.300138,-0.00390625,2.22846,2.15412,10,2243,1.72036,0
1776813379775335210,1.32955,-0.00195312,0.300138,-0.00195312,2.22846,2.15412,10,2243,1.72036,0
1776813379780336430,1.32955,-0.00195312,0.300138,-0.00195312,2.12468,2.15523,10,2243,1.72036,0
1776813379785313206,1.32955,0.00195312,0.300138,0.00195312,2.12468,2.15523,10,2243,1.72036,0
1776813379790325703,1.32971,0.00195312,0.300297,0.00195312,2.19692,2.15845,10,2243,1.72036,0
1776813379795316294,1.32971,-0.00195312,0.300297,-0.00195312,2.19692,2.15845,10,2243,1.72036,0
1776813379800321995,1.32971,-0.00195312,0.300297,-0.00195312,2.09981,2.15622,10,2243,1.72036,0
1776813379805293827,1.32971,0.00390625,0.300297,0.00390625,2.09981,2.15622,10,2243,1.72036,0
1776813379810308083,1.32971,0.00390625,0.300297,0.00390625,2.22826,2.15956,10,2243,1.72036,0
1776813379815316636,1.32971,0.00390625,0.300297,0.00390625,2.22826,2.15956,10,2243,1.72036,0
1776813379820312171,1.32971,0.00390625,0.300297,0.00390625,2.1563,2.15956,10,2243,1.72036,0
1776813379825333168,1.32971,-0.00390625,0.300297,-0.00390625,2.1563,2.15956,10,2243,1.72036,0
1776813379830334111,1.32971,-0.00390625,0.300297,-0.00390625,2.11813,2.15511,10,2243,1.72036,0
1776813379835339553,1.32971,-0.00390625,0.300297,-0.00390625,2.11813,2.15511,10,2243,1.72036,0
1776813379840315717,1.32971,-0.00390625,0.300297,-0.00390625,2.21155,2.15511,10,2243,1.72036,0
1776813379845319104,1.32971,-0.00195312,0.300297,-0.00195312,2.21155,2.15511,10,2243,1.72036,0
1776813379850316083,1.32971,-0.00195312,0.300297,-0.00195312,2.16347,2.15622,10,2243,1.72036,0
1776813379855303155,1.32971,0.00195312,0.300297,0.00195312,2.16347,2.15622,10,2243,1.72036,0
1776813379860326301,1.32987,0.00195312,0.300459,0.00195312,2.11633,2.15845,10,2243,1.72036,0
1776813379865327743,1.32987,0,0.300459,0,2.11633,2.15845,10,2243,1.72036,0
1776813379870314704,1.32987,0,0.300459,0,2.15411,2.15834,10,2243,1.72036,0
1776813379875317368,1.32987,0.00195312,0.300459,0.00195312,2.15411,2.15834,10,2243,1.72036,0
1776813379880333514,1.32987,0.00195312,0.300459,0.00195312,2.10157,2.15945,10,2243,1.72036,0
1776813379885325363,1.32987,0.00195312,0.300459,0.00195312,2.10157,2.15945,10,2243,1.72036,0
1776813379890330453,1.32987,0.00195312,0.300456,0.00195312,2.20606,2.15943,10,2243,1.72036,0
1776813379895319285,1.32987,-0.00585938,0.300456,-0.00585938,2.20606,2.15943,10,2243,1.72036,0
1776813379900356782,1.32987,-0.00585938,0.300456,-0.00585938,2.10963,2.15498,10,2243,1.72036,0
1776813379905314651,1.32987,0.00195312,0.300456,0.00195312,2.10963,2.15498,10,2243,1.72036,0
1776813379910395980,1.32987,0.00195312,0.300456,0.00195312,2.13326,2.15943,10,2243,1.72036,0
1776813379915339794,1.32987,-0.00195312,0.300456,-0.00195312,2.13326,2.15943,10,2243,1.72036,0
1776813379920321440,1.32987,-0.00195312,0.300456,-0.00195312,2.18787,2.15721,10,2243,1.72036,0
1776813379925323049,1.32987,0.00390625,0.300456,0.00390625,2.18787,2.15721,10,2243,1.72036,0
1776813379930320787,1.33003,0.00390625,0.300615,0.00390625,2.12393,2.16153,10,2243,1.72036,0
1776813379935319248,1.33003,0.00390625,0.300615,0.00390625,2.12393,2.16153,10,2243,1.72036,0
1776813379940319542,1.33003,0.00390625,0.300615,0.00390625,2.17807,2.16153,10,2243,1.72036,0
1776813379945326206,1.33003,0.00195312,0.300615,0.00195312,2.17807,2.16153,10,2243,1.72036,0
1776813379950345166,1.33003,0.00195312,0.300615,0.00195312,2.17973,2.16042,10,2243,1.72036,0
1776813379955299221,1.33003,-0.00390625,0.300615,-0.00390625,2.17973,2.16042,10,2243,1.72036,0
1776813379960318496,1.33003,-0.00390625,0.300615,-0.00390625,2.14945,2.15708,10,2243,1.72036,0
1776813379965314549,1.33003,0,0.300615,0,2.14945,2.15708,10,2243,1.72036,0
1776813379970318398,1.33003,0,0.300615,0,2.1165,2.15931,10,2243,1.72036,0
1776813379975332211,1.33003,0.00195312,0.300615,0.00195312,2.1165,2.15931,10,2243,1.72036,0
1776813379980380781,1.33003,0.00195312,0.300615,0.00195312,2.1823,2.16042,10,2243,1.72036,0
1776813379985335873,1.33003,-0.00195312,0.300615,-0.00195312,2.1823,2.16042,10,2243,1.72036,0
1776813379990323648,1.33003,-0.00195312,0.300615,-0.00195312,2.11628,2.15819,10,2243,1.72036,0
1776813379995321535,1.33003,-0.00390625,0.300615,-0.00390625,2.11628,2.15819,10,2243,1.72036,0
1776813380000329940,1.33003,-0.00390625,0.300615,-0.00390625,2.12248,2.15708,10,2243,1.72036,0
1776813380005313383,1.33019,-0.00390625,0.300774,-0.00390625,2.12248,2.15708,10,2243,1.72036,0
1776813380010315584,1.33019,-0.00195312,0.300774,-0.00195312,2.09576,2.15918,10,2243,1.72036,0
1776813380015313193,1.33019,-0.00195312,0.300774,-0.00195312,2.09576,2.15918,10,2243,1.72036,0
1776813380020317173,1.33019,-0.00195312,0.300774,-0.00195312,2.10718,2.15918,10,2243,1.72036,0
1776813380025398724,1.3302,-0.00195312,0.300786,-0.00195312,2.10718,2.15918,10,2243,1.72036,0
1776813380030329631,1.3302,0,0.300786,0,2.21345,2.16037,10,2243,1.72036,0
1776813380035321074,1.3302,0,0.300786,0,2.21345,2.16037,10,2243,1.72036,0
1776813380040398329,1.3302,0,0.300786,0,2.16422,2.16037,10,2243,1.72036,0
1776813380045353791,1.3302,0,0.300786,0,2.16422,2.16037,10,2243,1.72036,0
1776813380050323734,1.3302,0.00195312,0.300786,0.00195312,2.11589,2.16148,10,2243,1.72036,0
1776813380055318695,1.3302,0.00195312,0.300786,0.00195312,2.11589,2.16148,10,2243,1.72036,0
1776813380060313897,1.3302,-0.00195312,0.300786,-0.00195312,2.10658,2.15925,10,2243,1.72036,0
1776813380065320562,1.3302,-0.00195312,0.300786,-0.00195312,2.10658,2.15925,10,2243,1.72036,0
1776813380070317541,1.3302,-0.00195312,0.300786,-0.00195312,2.12973,2.15925,10,2243,1.72036,0
1776813380075320243,1.33019,-0.00195312,0.300774,-0.00195312,2.12973,2.15925,10,2243,1.72036,0
1776813380080320592,1.33019,-0.00195312,0.300774,-0.00195312,2.14228,2.15918,10,2243,1.72036,0
1776813380085325442,1.33019,-0.00195312,0.300774,-0.00195312,2.14228,2.15918,10,2243,1.72036,0
1776813380090317996,1.33019,0.00585938,0.300774,0.00585938,2.16483,2.16363,10,2243,1.72036,0
1776813380095319512,1.33019,0.00585938,0.300774,0.00585938,2.16483,2.16363,10,2243,1.72036,0
1776813380100323584,1.33019,0,0.300774,0,2.14802,2.16029,10,2243,1.72036,0
1776813380105299101,1.33019,0,0.300774,0,2.14802,2.16029,10,2243,1.72036,0
1776813380110316228,1.33019,0,0.300774,0,2.12456,2.16029,10,2243,1.72036,0
1776813380115343115,1.33019,0,0.300774,0,2.12456,2.16029,10,2243,1.72036,0
1776813380120360686,1.33019,0,0.300774,0,2.14979,2.16029,10,2243,1.72036,0
1776813380125350184,1.33019,0,0.300774,0,2.14979,2.16029,10,2243,1.72036,0
1776813380130340849,1.33019,0,0.300774,0,2.15649,2.16029,10,2243,1.72036,0
1776813380135334236,1.33019,0,0.300774,0,2.15649,2.16029,10,2243,1.72036,0
1776813380140319179,1.33019,0,0.300774,0,2.1653,2.16029,10,2243,1.72036,0
1776813380145324158,1.33035,0,0.300933,0,2.1653,2.16029,10,2243,1.72036,0
1776813380150315434,1.33035,0,0.300933,0,2.17974,2.16128,10,2243,1.72036,0
1776813380155294729,1.33035,0,0.300933,0,2.17974,2.16128,10,2243,1.72036,0
1776813380160310726,1.33035,0,0.300933,0,2.10173,2.16128,10,2243,1.72036,0
1776813380165318020,1.33035,0,0.300933,0,2.10173,2.16128,10,2243,1.72036,0
1776813380170322852,1.33035,0,0.300933,0,2.06115,2.16128,10,2243,1.72036,0
1776813380175336868,1.33035,0,0.300933,0,2.06115,2.16128,10,2243,1.72036,0
1776813380180328866,1.33035,0,0.300933,0,2.19667,2.16128,10,2243,1.72036,0
1776813380185316346,1.33035,0,0.300933,0,2.19667,2.16128,10,2243,1.72036,0
1776813380190324584,1.33035,0,0.300933,0,2.17362,2.16128,10,2243,1.72036,0
1776813380195317860,1.33035,0,0.300933,0,2.17362,2.16128,10,2243,1.72036,0
1776813380200326043,1.33035,0,0.300933,0,2.12318,2.16128,10,2243,1.72036,0
1776813380205307986,1.33035,0,0.300933,0,2.12318,2.16128,10,2243,1.72036,0
1776813380210308502,1.33035,0,0.300933,0,2.07659,2.16128,10,2243,1.72036,0
1776813380215316259,1.33051,0,0.301092,0,2.07659,2.16128,10,2243,1.72036,0
1776813380220324794,1.33051,0,0.301092,0,2.14769,2.16227,10,2243,1.72036,0
1776813380225318792,1.33051,0,0.301092,0,2.14769,2.16227,10,2243,1.72036,0
1776813380230332808,1.33051,0,0.301092,0,2.21015,2.16227,10,2243,1.72036,0
1776813380235382064,1.33051,0,0.301092,0,2.21015,2.16227,10,2243,1.72036,0
1776813380240362192,1.33051,0,0.301092,0,2.13297,2.16227,10,2243,1.72036,0
1776813380245346450,1.33051,0,0.301092,0,2.13297,2.16227,10,2243,1.72036,0
1776813380250325282,1.33051,0,0.301092,0,2.20286,2.16227,10,2243,1.72036,0
1776813380255317391,1.33051,0,0.301092,0,2.20286,2.16227,10,2243,1.72036,0
1776813380260312518,1.33051,0,0.301092,0,2.16507,2.16227,10,2243,1.72036,0
1776813380265336868,1.33051,0,0.301092,0,2.16507,2.16227,10,2243,1.72036,0
1776813380270326218,1.33051,0,0.301092,0,2.19501,2.16227,10,2243,1.72036,0
1776813380275332216,1.33051,0,0.301092,0,2.19501,2.16227,10,2243,1.72036,0
1776813380280330788,1.33051,0,0.301092,0,2.16449,2.16227,10,2243,1.72036,0
1776813380285330674,1.33068,0,0.301263,0,2.16449,2.16227,10,2243,1.72036,0
1776813380290319024,1.33068,0,0.301263,0,2.17974,2.16333,10,2243,1.72036,0
1776813380295322245,1.33068,0,0.301263,0,2.17974,2.16333,10,2243,1.72036,0
1776813380300321983,1.33068,0,0.301263,0,2.22845,2.16333,10,2243,1.72036,0
1776813380305318592,1.33068,0,0.301263,0,2.22845,2.16333,10,2243,1.72036,0
1776813380310310776,1.33068,0,0.301263,0,2.12475,2.16333,10,2243,1.72036,0
1776813380315325421,1.33068,0,0.301263,0,2.12475,2.16333,10,2243,1.72036,0
1776813380320318253,1.33068,0,0.301263,0,2.17965,2.16333,10,2243,1.72036,0
1776813380325317992,1.33068,0,0.301263,0,2.17965,2.16333,10,2243,1.72036,0
1776813380330322286,1.33068,0,0.301263,0,2.1795,2.16333,10,2243,1.72036,0
1776813380335318747,1.33068,0,0.301263,0,2.1795,2.16333,10,2243,1.72036,0
1776813380340321670,1.33068,0,0.301263,0,2.27493,2.16333,10,2243,1.72036,0
1776813380345316317,1.33068,0,0.301263,0,2.27493,2.16333,10,2243,1.72036,0
1776813380350322166,1.33068,0,0.301263,0,2.14799,2.16333,10,2243,1.72036,0
1776813380355344053,1.33068,0,0.301263,0,2.14799,2.16333,10,2243,1.72036,0
1776813380360320403,1.33084,0,0.301423,0,2.08396,2.16431,10,2243,1.72036,0
1776813380365318457,1.33084,0,0.301423,0,2.08396,2.16431,10,2243,1.72036,0
1776813380370349324,1.33084,0,0.301423,0,2.1594,2.16431,10,2243,1.72036,0
1776813380375349804,1.33084,0,0.301423,0,2.1594,2.16431,10,2243,1.72036,0
1776813380380352894,1.33084,0,0.301423,0,2.13895,2.16431,10,2243,1.72036,0
1776813380385323189,1.33084,0,0.301423,0,2.13895,2.16431,10,2243,1.72036,0
1776813380390324983,1.33084,0,0.301423,0,2.20297,2.16431,10,2243,1.72036,0
1776813380395316944,1.33084,0,0.301423,0,2.20297,2.16431,10,2243,1.72036,0
1776813380400322720,1.33084,0,0.301423,0,2.1565,2.16431,10,2243,1.72036,0
1776813380405326995,1.33084,0,0.301423,0,2.1565,2.16431,10,2243,1.72036,0
1776813380410330901,1.33084,0,0.301423,0,2.10793,2.16431,10,2243,1.72036,0
1776813380415318325,1.33084,0,0.301423,0,2.10793,2.16431,10,2243,1.72036,0
1776813380420317230,1.33084,0,0.301423,0,2.13946,2.16431,10,2243,1.72036,0
1776813380425316673,1.33084,0,0.301423,0,2.13946,2.16431,10,2243,1.72036,0
1776813380430420150,1.33084,0,0.301423,0,2.17971,2.16431,10,2243,1.72036,0
1776813380435388204,1.331,0,0.301582,0,2.17971,2.16431,10,2243,1.72036,0
1776813380440378609,1.331,0,0.301582,0,2.14156,2.1653,10,2243,1.72036,0
1776813380445341701,1.331,0,0.301582,0,2.14156,2.1653,10,2243,1.72036,0
1776813380450320644,1.331,0,0.301582,0,2.15627,2.1653,10,2243,1.72036,0
1776813380455339789,1.331,0,0.301582,0,2.15627,2.1653,10,2243,1.72036,0
1776813380460317158,1.331,0,0.301582,0,2.16512,2.1653,10,2243,1.72036,0
1776813380465327748,1.331,0,0.301582,0,2.16512,2.1653,10,2243,1.72036,0
1776813380470335746,1.331,0,0.301582,0,2.20127,2.1653,10,2243,1.72036,0
1776813380475324522,1.331,0,0.301582,0,2.20127,2.1653,10,2243,1.72036,0
1776813380480313946,1.331,0,0.301582,0,2.06648,2.1653,10,2243,1.72036,0
1776813380485315852,1.331,0,0.301582,0,2.06648,2.1653,10,2243,1.72036,0
1776813380490371959,1.331,0,0.301582,0,2.17549,2.1653,10,2243,1.72036,0
1776813380495322514,1.331,0,0.301582,0,2.17549,2.1653,10,2243,1.72036,0
1776813380500318808,1.331,0,0.301582,0,2.17694,2.1653,10,2243,1.72036,0
1776813380505305232,1.331,0,0.301582,0,2.17694,2.1653,10,2243,1.72036,0
1776813380510310545,1.33115,0,0.301741,0,2.21148,2.16629,10,2243,1.72036,0
1776813380515318950,1.33115,0,0.301741,0,2.21148,2.16629,10,2243,1.72036,0
1776813380520318393,1.33115,0,0.301741,0,2.20256,2.16629,10,2243,1.72036,0
1776813380525332501,1.33115,0,0.301741,0,2.20256,2.16629,10,2243,1.72036,0
1776813380530397331,1.33115,0,0.301741,0,2.24562,2.16629,10,2243,1.72036,0
1776813380535333312,1.33115,0,0.301741,0,2.24562,2.16629,10,2243,1.72036,0
1776813380540322662,1.33115,0,0.301741,0,2.14765,2.16629,10,2243,1.72036,0
1776813380545321808,1.33115,0,0.301741,0,2.14765,2.16629,10,2243,1.72036,0
1776813380550317269,1.33115,0,0.301741,0,2.17973,2.16629,10,2243,1.72036,0
1776813380555351878,1.33115,0,0.301741,0,2.17973,2.16629,10,2243,1.72036,0
1776813380560361486,1.33115,0,0.301741,0,2.13813,2.16629,10,2243,1.72036,0
1776813380565336003,1.33115,0,0.301741,0,2.13813,2.16629,10,2243,1.72036,0
1776813380570336279,1.33115,0,0.301741,0,2.2201,2.16629,10,2243,1.72036,0
1776813380575352406,1.33115,0,0.301741,0,2.2201,2.16629,10,2243,1.72036,0
1776813380580365700,1.33115,0,0.301741,0,2.14758,2.16629,10,2243,1.72036,0
1776813380585323718,1.33133,0,0.301912,0,2.14758,2.16629,10,2243,1.72036,0
1776813380590330715,1.33133,0,0.301912,0,2.21137,2.16735,10,2243,1.72036,0
1776813380595355861,1.33133,0,0.301912,0,2.21137,2.16735,10,2243,1.72036,0
1776813380600334248,1.33133,0,0.301912,0,2.25207,2.16735,10,2243,1.72036,0
1776813380605320135,1.33133,0,0.301912,0,2.25207,2.16735,10,2243,1.72036,0
1776813380610312578,1.33133,0,0.301912,0,2.16531,2.16735,10,2243,1.72036,0
1776813380615322131,1.33133,0,0.301912,0,2.16531,2.16735,10,2243,1.72036,0
1776813380620342425,1.33133,0,0.301912,0,2.16142,2.16735,10,2243,1.72036,0
1776813380625323701,1.33133,0,0.301912,0,2.16142,2.16735,10,2243,1.72036,0
1776813380630330569,1.33133,0,0.301912,0,2.1884,2.16735,10,2243,1.72036,0
1776813380635321438,1.33133,0,0.301912,0,2.1884,2.16735,10,2243,1.72036,0
1776813380640329028,1.33133,0,0.301912,0,2.15995,2.16735,10,2243,1.72036,0
1776813380645316212,1.33133,0,0.301912,0,2.15995,2.16735,10,2243,1.72036,0
1776813380650313506,1.33133,0,0.301912,0,2.18236,2.16735,10,2243,1.72036,0
1776813380655325318,1.33133,0,0.301912,0,2.18236,2.16735,10,2243,1.72036,0
1776813380660317705,1.33149,0,0.302071,0,2.2379,2.16834,10,2243,1.72036,0
1776813380665339518,1.33149,0,0.302071,0,2.2379,2.16834,10,2243,1.72036,0
1776813380670318553,1.33149,0,0.302071,0,2.14782,2.16834,10,2243,1.72036,0
1776813380675315496,1.33149,0,0.302071,0,2.14782,2.16834,10,2243,1.72036,0
1776813380680312734,1.33149,0,0.302071,0,2.17136,2.16834,10,2243,1.72036,0
1776813380685321991,1.33149,0,0.302071,0,2.17136,2.16834,10,2243,1.72036,0
1776813380690320860,1.33149,0,0.302071,0,2.21432,2.16834,10,2243,1.72036,0
1776813380695322746,1.33149,0,0.302071,0,2.21432,2.16834,10,2243,1.72036,0
1776813380700323152,1.33149,0,0.302071,0,2.15647,2.16834,10,2243,1.72036,0
1776813380705299372,1.33149,0,0.302071,0,2.15647,2.16834,10,2243,1.72036,0
1776813380710310185,1.33149,0,0.302071,0,2.1714,2.16834,10,2243,1.72036,0
1776813380715351719,1.33149,0,0.302071,0,2.1714,2.16834,10,2243,1.72036,0
1776813380720328051,1.33149,0,0.302071,0,2.13695,2.16834,10,2243,1.72036,0
1776813380725318327,1.33149,0,0.302071,0,2.13695,2.16834,10,2243,1.72036,0
1776813380730320288,1.33149,0,0.302071,0,2.14505,2.16834,10,2243,1.72036,0
1776813380735354711,1.33147,0,0.30206,0,2.14505,2.16834,10,2243,1.72036,0
1776813380740371227,1.33147,0,0.30206,0,2.10739,2.16826,10,2243,1.72036,0
1776813380745336892,1.33147,0,0.30206,0,2.10739,2.16826,10,2243,1.72036,0
1776813380750327020,1.33147,0,0.30206,0,2.12475,2.16826,10,2243,1.72036,0
1776813380755353777,1.33147,0,0.30206,0,2.12475,2.16826,10,2243,1.72036,0
1776813380760326331,1.33147,0,0.30206,0,2.14802,2.16826,10,2243,1.72036,0
1776813380765317255,1.33147,0,0.30206,0,2.14802,2.16826,10,2243,1.72036,0
1776813380770346456,1.33147,0,0.30206,0,2.18546,2.16826,10,2243,1.72036,0
1776813380775343417,1.33147,0,0.30206,0,2.18546,2.16826,10,2243,1.72036,0
1776813380780331248,1.33147,0,0.30206,0,2.1884,2.16826,10,2243,1.72036,0
1776813380785324635,1.33147,0,0.30206,0,2.1884,2.16826,10,2243,1.72036,0
1776813380790323596,1.33147,0,0.30206,0,2.148,2.16826,10,2243,1.72036,0
1776813380795318965,1.33147,0,0.30206,0,2.148,2.16826,10,2243,1.72036,0
1776813380800324499,1.33147,0,0.30206,0,2.21725,2.16826,10,2243,1.72036,0
1776813380805296998,1.33147,0,0.30206,0,2.21725,2.16826,10,2243,1.72036,0
1776813380810310755,1.33163,0,0.302219,0,2.24678,2.16925,10,2243,1.72036,0
1776813380815315827,1.33163,0,0.302219,0,2.24678,2.16925,10,2243,1.72036,0
1776813380820319343,1.33163,0,0.302219,0,2.05688,2.16925,10,2243,1.72036,0
1776813380825318637,1.33163,0,0.302219,0,2.05688,2.16925,10,2243,1.72036,0
1776813380830315524,1.33163,0,0.302219,0,2.15927,2.16925,10,2243,1.72036,0
1776813380835318744,1.33163,0,0.302219,0,2.15927,2.16925,10,2243,1.72036,0
1776813380840323039,1.33163,0,0.302219,0,2.14775,2.16925,10,2243,1.72036,0
1776813380845326203,1.33163,0,0.302219,0,2.14775,2.16925,10,2243,1.72036,0
1776813380850319646,1.33163,0,0.302219,0,2.18297,2.16925,10,2243,1.72036,0
1776813380855298700,1.33163,0,0.302219,0,2.18297,2.16925,10,2243,1.72036,0
1776813380860319197,1.33163,0,0.302219,0,2.11884,2.16925,10,2243,1.72036,0
1776813380865319602,1.33163,0,0.302219,0,2.11884,2.16925,10,2243,1.72036,0
1776813380870326378,1.33163,0,0.302219,0,2.19683,2.16925,10,2243,1.72036,0
1776813380875327468,1.33163,0,0.302219,0,2.19683,2.16925,10,2243,1.72036,0
1776813380880326522,1.33163,0,0.302219,0,2.14233,2.16925,10,2243,1.72036,0
1776813380885347982,1.3318,0,0.30239,0,2.14233,2.16925,10,2243,1.72036,0
1776813380890321833,1.3318,0,0.30239,0,2.19436,2.17031,10,2243,1.72036,0
1776813380895327053,1.3318,0,0.30239,0,2.19436,2.17031,10,2243,1.72036,0
1776813380900319569,1.3318,0,0.30239,0,2.15134,2.17031,10,2243,1.72036,0
1776813380905336919,1.3318,0,0.30239,0,2.15134,2.17031,10,2243,1.72036,0
1776813380910319806,1.3318,0,0.30239,0,2.1588,2.17031,10,2243,1.72036,0
1776813380915323934,1.3318,0,0.30239,0,2.1588,2.17031,10,2243,1.72036,0
1776813380920319191,1.3318,0,0.30239,0,2.15114,2.17031,10,2243,1.72036,0
1776813380925318467,1.3318,0,0.30239,0,2.15114,2.17031,10,2243,1.72036,0
1776813380930332242,1.3318,0,0.30239,0,2.20842,2.17031,10,2243,1.72036,0
1776813380935331666,1.3318,0,0.30239,0,2.20842,2.17031,10,2243,1.72036,0
1776813380940321664,1.3318,0,0.30239,0,2.15645,2.17031,10,2243,1.72036,0
1776813380945376327,1.3318,0,0.30239,0,2.15645,2.17031,10,2243,1.72036,0
1776813380950378899,1.3318,0,0.30239,0,2.09296,2.17031,10,2243,1.72036,0
1776813380955361990,1.3318,0,0.30239,0,2.09296,2.17031,10,2243,1.72036,0
1776813380960327359,1.33196,0,0.302549,0,2.13957,2.1713,10,2243,1.72036,0
1776813380965335579,1.33196,0,0.302549,0,2.13957,2.1713,10,2243,1.72036,0
1776813380970332429,1.33196,0,0.302549,0,2.26648,2.1713,10,2243,1.72036,0
1776813380975325279,1.33196,0,0.302549,0,2.26648,2.1713,10,2243,1.72036,0
1776813380980329073,1.33196,0,0.302549,0,2.21146,2.1713,10,2243,1.72036,0
1776813380985325553,1.33196,0,0.302549,0,2.21146,2.1713,10,2243,1.72036,0
1776813380990329884,1.33196,0,0.302549,0,2.14792,2.1713,10,2243,1.72036,0
1776813380995364529,1.33196,0,0.302549,0,2.14792,2.1713,10,2243,1.72036,0
1776813381000340250,1.33196,0,0.302549,0,2.16109,2.1713,10,2243,1.72036,0
1776813381005317860,1.33196,0,0.302549,0,2.16109,2.1713,10,2243,1.72036,0
1776813381010342283,1.33196,0,0.302549,0,2.17061,2.1713,10,2243,1.72036,0
1776813381015318171,1.33196,0,0.302549,0,2.17061,2.1713,10,2243,1.72036,0
1776813381020325336,1.33196,0,0.302549,0,2.09841,2.1713,10,2243,1.72036,0
1776813381025311816,1.33196,0,0.302549,0,2.09841,2.1713,10,2243,1.72036,0
1776813381030382275,1.33196,0,0.302549,0,2.19667,2.1713,10,2243,1.72036,0
1776813381035331404,1.33212,0,0.302708,0,2.19667,2.1713,10,2243,1.72036,0
1776813381040403289,1.33212,0,0.302708,0,2.12475,2.17228,10,2243,1.72036,0
1776813381045378214,1.33212,0,0.302708,0,2.12475,2.17228,10,2243,1.72036,0
1776813381050326102,1.33212,0,0.302708,0,2.30062,2.17228,10,2243,1.72036,0
1776813381055314582,1.33212,0,0.302708,0,2.30062,2.17228,10,2243,1.72036,0
1776813381060314895,1.33212,0,0.302708,0,2.14796,2.17228,10,2243,1.72036,0
1776813381065325967,1.33212,0,0.302708,0,2.14796,2.17228,10,2243,1.72036,0
1776813381070322447,1.33212,0,0.302708,0,2.13469,2.17228,10,2243,1.72036,0
1776813381075346722,1.33212,0,0.302708,0,2.13469,2.17228,10,2243,1.72036,0
1776813381080318980,1.33212,0,0.302708,0,2.15439,2.17228,10,2243,1.72036,0
1776813381085327886,1.33212,0,0.302708,0,2.15439,2.17228,10,2243,1.72036,0
1776813381090336754,1.33212,0,0.302708,0,2.1395,2.17228,10,2243,1.72036,0
1776813381095318716,1.33212,0,0.302708,0,2.1395,2.17228,10,2243,1.72036,0
1776813381100325029,1.33212,0,0.302708,0,2.16284,2.17228,10,2243,1.72036,0
1776813381105326675,1.33212,0,0.302708,0,2.16284,2.17228,10,2243,1.72036,0
1776813381110309081,1.33228,0,0.302868,0,2.13353,2.17327,10,2243,1.72036,0
1776813381115319708,1.33228,0,0.302868,0,2.13353,2.17327,10,2243,1.72036,0
1776813381120319651,1.33228,0,0.302868,0,2.19254,2.17327,10,2243,1.72036,0
1776813381125327686,1.33228,0,0.302868,0,2.19254,2.17327,10,2243,1.72036,0
1776813381130324555,1.33228,0,0.302868,0,2.17081,2.17327,10,2243,1.72036,0
1776813381135324497,1.33228,0,0.302868,0,2.17081,2.17327,10,2243,1.72036,0
1776813381140325495,1.33228,0,0.302868,0,2.20714,2.17327,10,2243,1.72036,0
1776813381145315809,1.33228,0,0.302868,0,2.20714,2.17327,10,2243,1.72036,0
1776813381150347491,1.33228,0,0.302868,0,2.10791,2.17327,10,2243,1.72036,0
1776813381155324731,1.33228,0,0.302868,0,2.10791,2.17327,10,2243,1.72036,0
1776813381160310044,1.33228,0,0.302868,0,2.21149,2.17327,10,2243,1.72036,0
1776813381165319098,1.33228,0,0.302868,0,2.21149,2.17327,10,2243,1.72036,0
1776813381170320725,1.33228,0,0.302868,0,2.14772,2.17327,10,2243,1.72036,0
1776813381175377074,1.33228,0,0.302868,0,2.14772,2.17327,10,2243,1.72036,0
1776813381180352202,1.33228,0,0.302868,0,2.22545,2.17327,10,2243,1.72036,0
1776813381185335368,1.33245,0,0.303039,0,2.22545,2.17327,10,2243,1.72036,0
1776813381190325366,1.33245,0,0.303039,0,2.18334,2.17433,10,2243,1.72036,0
1776813381195322420,1.33245,0,0.303039,0,2.18334,2.17433,10,2243,1.72036,0
1776813381200354603,1.33245,0,0.303039,0,2.17927,2.17433,10,2243,1.72036,0
1776813381205324453,1.33245,0,0.303039,0,2.17927,2.17433,10,2243,1.72036,0
1776813381210316748,1.33245,0,0.303039,0,2.1854,2.17433,10,2243,1.72036,0
1776813381215314709,1.33245,0,0.303039,0,2.1854,2.17433,10,2243,1.72036,0
1776813381220330374,1.33245,0,0.303039,0,2.16538,2.17433,10,2243,1.72036,0
1776813381225316668,1.33245,0,0.303039,0,2.16538,2.17433,10,2243,1.72036,0
1776813381230329666,1.33245,0,0.303039,0,2.20636,2.17433,10,2243,1.72036,0
1776813381235319942,1.33245,0,0.303039,0,2.20636,2.17433,10,2243,1.72036,0
1776813381240322774,1.33245,0,0.303039,0,2.21523,2.17433,10,2243,1.72036,0
1776813381245317031,1.33245,0,0.303039,0,2.21523,2.17433,10,2243,1.72036,0
1776813381250415657,1.33245,0,0.303039,0,2.18836,2.17433,10,2243,1.72036,0
1776813381255325731,1.33244,0,0.303027,0,2.18836,2.17433,10,2243,1.72036,0
1776813381260313322,1.33244,0,0.303027,0,2.20637,2.17426,10,2243,1.72036,0
1776813381265339487,1.33244,0,0.303027,0,2.20637,2.17426,10,2243,1.72036,0
1776813381270328485,1.33244,0,0.303027,0,2.15655,2.17426,10,2243,1.72036,0
1776813381275335205,1.33244,0,0.303027,0,2.15655,2.17426,10,2243,1.72036,0
1776813381280334389,1.33244,0,0.303027,0,2.22616,2.17426,10,2243,1.72036,0
1776813381285359794,1.33244,0,0.303027,0,2.22616,2.17426,10,2243,1.72036,0
1776813381290336329,1.33244,0,0.303027,0,2.12475,2.17426,10,2243,1.72036,0
1776813381295339753,1.33244,0,0.303027,0,2.12475,2.17426,10,2243,1.72036,0
1776813381300319678,1.33244,0,0.303027,0,2.15116,2.17426,10,2243,1.72036,0
1776813381305323380,1.33244,0,0.303027,0,2.15116,2.17426,10,2243,1.72036,0
1776813381310308063,1.33244,0,0.303027,0,2.2026,2.17426,10,2243,1.72036,0
1776813381315325024,1.33244,0,0.303027,0,2.2026,2.17426,10,2243,1.72036,0
1776813381320332522,1.33244,0,0.303027,0,2.18822,2.17426,10,2243,1.72036,0
1776813381325327094,1.33244,0,0.303027,0,2.18822,2.17426,10,2243,1.72036,0
1776813381330322908,1.3326,0,0.303187,0,2.2198,2.17525,10,2243,1.72036,0
1776813381335338183,1.3326,0,0.303187,0,2.2198,2.17525,10,2243,1.72036,0
1776813381340324737,1.3326,0,0.303187,0,2.21452,2.17525,10,2243,1.72036,0
1776813381345325384,1.3326,0,0.303187,0,2.21452,2.17525,10,2243,1.72036,0
1776813381350327308,1.3326,0,0.303187,0,2.148,2.17525,10,2243,1.72036,0
1776813381355314695,1.3326,0,0.303187,0,2.148,2.17525,10,2243,1.72036,0
1776813381360310804,1.3326,0,0.303187,0,2.18262,2.17525,10,2243,1.72036,0
1776813381365328691,1.3326,0,0.303187,0,2.18262,2.17525,10,2243,1.72036,0
1776813381370318578,1.3326,0,0.303187,0,2.16532,2.17525,10,2243,1.72036,0
1776813381375344354,1.3326,0,0.303187,0,2.16532,2.17525,10,2243,1.72036,0
1776813381380340593,1.3326,0,0.303187,0,2.148,2.17525,10,2243,1.72036,0
1776813381385324258,1.3326,0,0.303187,0,2.148,2.17525,10,2243,1.72036,0
1776813381390321126,1.3326,0,0.303187,0,2.25192,2.17525,10,2243,1.72036,0
1776813381395326069,1.3326,0,0.303187,0,2.25192,2.17525,10,2243,1.72036,0
1776813381400326956,1.33277,0,0.303358,0,2.18202,2.17525,10,2243,1.72036,0
1776813381405329436,1.33277,0,0.303358,0,2.18202,2.17525,10,2243,1.72036,0
1776813381410315693,1.33277,0,0.303358,0,2.16138,2.17631,10,2243,1.72036,0
1776813381415353505,1.33277,0,0.303358,0,2.16138,2.17631,10,2243,1.72036,0
1776813381420346208,1.33277,0,0.303358,0,2.18445,2.17631,10,2243,1.72036,0
1776813381425319151,1.33277,0,0.303358,0,2.18445,2.17631,10,2243,1.72036,0
1776813381430351759,1.33277,0,0.303358,0,2.13346,2.17631,10,2243,1.72036,0
1776813381435333480,1.33277,0,0.303358,0,2.13346,2.17631,10,2243,1.72036,0
1776813381440340293,1.33277,0,0.303358,0,2.19672,2.17631,10,2243,1.72036,0
1776813381445313662,1.33277,0,0.303358,0,2.19672,2.17631,10,2243,1.72036,0
1776813381450330104,1.33277,0,0.303358,0,2.17116,2.17631,10,2243,1.72036,0
1776813381455311307,1.33277,0,0.303358,0,2.17116,2.17631,10,2243,1.72036,0
1776813381460326786,1.33277,0,0.303358,0,2.18835,2.17631,10,2243,1.72036,0
1776813381465370468,1.33277,0,0.303358,0,2.18835,2.17631,10,2243,1.72036,0
1776813381470335523,1.33277,0,0.303358,0,2.13102,2.17631,10,2243,1.72036,0
1776813381475332651,1.33293,0,0.303517,0,2.13102,2.17631,10,2243,1.72036,0
1776813381480336982,1.33293,0,0.303517,0,2.20279,2.17729,10,2243,1.72036,0
1776813381485323610,1.33293,0,0.303517,0,2.20279,2.17729,10,2243,1.72036,0
1776813381490342404,1.33293,0,0.303517,0,2.09025,2.17729,10,2243,1.72036,0
1776813381495328181,1.33293,0,0.303517,0,2.09025,2.17729,10,2243,1.72036,0
1776813381500381974,1.33293,0,0.303517,0,2.13862,2.17729,10,2243,1.72036,0
1776813381505349843,1.33293,0,0.303517,0,2.13862,2.17729,10,2243,1.72036,0
1776813381510364971,1.33293,0,0.303517,0,2.18838,2.17729,10,2243,1.72036,0
1776813381515334414,1.33293,0,0.303517,0,2.18838,2.17729,10,2243,1.72036,0
1776813381520312783,1.33293,0,0.303517,0,2.23446,2.17729,10,2243,1.72036,0
1776813381525326947,1.33293,0,0.303517,0,2.23446,2.17729,10,2243,1.72036,0
1776813381530317612,1.33293,0,0.303517,0,2.12462,2.17729,10,2243,1.72036,0
1776813381535323314,1.33293,0,0.303517,0,2.12462,2.17729,10,2243,1.72036,0
1776813381540317572,1.33293,0,0.303517,0,2.16534,2.17729,10,2243,1.72036,0
1776813381545323736,1.33292,0,0.303505,0,2.16534,2.17729,10,2243,1.72036,0
1776813381550314809,1.33292,0,0.303505,0,2.11094,2.17722,10,2243,1.72036,0
1776813381555322974,1.33292,0,0.303505,0,2.11094,2.17722,10,2243,1.72036,0
1776813381560314250,1.33292,0,0.303505,0,2.17483,2.17722,10,2243,1.72036,0
1776813381565331155,1.33292,0,0.303505,0,2.17483,2.17722,10,2243,1.72036,0
1776813381570325079,1.33292,0,0.303505,0,2.26139,2.17722,10,2243,1.72036,0
1776813381575339262,1.33292,0,0.303505,0,2.26139,2.17722,10,2243,1.72036,0
1776813381580388352,1.33292,0,0.303505,0,2.18294,2.17722,10,2243,1.72036,0
1776813381585336777,1.33292,0,0.303505,0,2.18294,2.17722,10,2243,1.72036,0
1776813381590318276,1.33292,0,0.303505,0,2.20214,2.17722,10,2243,1.72036,0
1776813381595412272,1.33292,0,0.303505,0,2.20214,2.17722,10,2243,1.72036,0
1776813381600344253,1.33292,0,0.303505,0,2.1565,2.17722,10,2243,1.72036,0
1776813381605296326,1.33292,0,0.303505,0,2.1565,2.17722,10,2243,1.72036,0
1776813381610313935,1.33292,0,0.303505,0,2.08791,2.17722,10,2243,1.72036,0
1776813381615317211,1.33292,0,0.303505,0,2.08791,2.17722,10,2243,1.72036,0
1776813381620330005,1.33309,0,0.303677,0,2.22003,2.17828,10,2243,1.72036,0
1776813381625328022,1.33309,0,0.303677,0,2.22003,2.17828,10,2243,1.72036,0
1776813381630321168,1.33309,0,0.303677,0,2.16555,2.17828,10,2243,1.72036,0
1776813381635323092,1.33309,0,0.303677,0,2.16555,2.17828,10,2243,1.72036,0
1776813381640327202,1.33309,0,0.303677,0,2.17921,2.17828,10,2243,1.72036,0
1776813381645317089,1.33309,0,0.303677,0,2.17921,2.17828,10,2243,1.72036,0
1776813381650320439,1.33309,0,0.303677,0,2.16012,2.17828,10,2243,1.72036,0
1776813381655307437,1.33309,0,0.303677,0,2.16012,2.17828,10,2243,1.72036,0
1776813381660332768,1.33309,0,0.303677,0,2.1696,2.17828,10,2243,1.72036,0
1776813381665323267,1.33309,0,0.303677,0,2.1696,2.17828,10,2243,1.72036,0
1776813381670318654,1.33309,0,0.303677,0,2.15171,2.17828,10,2243,1.72036,0
1776813381675320133,1.33309,0,0.303677,0,2.15171,2.17828,10,2243,1.72036,0
1776813381680323502,1.33309,0,0.303677,0,2.07441,2.17828,10,2243,1.72036,0
1776813381685321500,1.33309,0,0.303677,0,2.07441,2.17828,10,2243,1.72036,0
1776813381690323906,1.33325,0,0.303836,0,2.27051,2.17828,10,2243,1.72036,0
1776813381695318997,1.33325,0,0.303836,0,2.27051,2.17828,10,2243,1.72036,0
1776813381700327328,1.33325,0,0.303836,0,2.21604,2.17927,10,2243,1.72036,0
1776813381705316808,1.33325,0,0.303836,0,2.21604,2.17927,10,2243,1.72036,0
1776813381710322250,1.33325,0,0.303836,0,2.18835,2.17927,10,2243,1.72036,0
1776813381715319545,1.33325,0,0.303836,0,2.18835,2.17927,10,2243,1.72036,0
1776813381720320173,1.33325,0,0.303836,0,2.18405,2.17927,10,2243,1.72036,0
1776813381725324097,1.33325,0,0.303836,0,2.18405,2.17927,10,2243,1.72036,0
1776813381730352613,1.33325,0,0.303836,0,2.11603,2.17927,10,2243,1.72036,0
1776813381735355111,1.33325,0,0.303836,0,2.11603,2.17927,10,2243,1.72036,0
1776813381740319369,1.33325,0,0.303836,0,2.1926,2.17927,10,2243,1.72036,0
1776813381745350366,1.33325,0,0.303836,0,2.1926,2.17927,10,2243,1.72036,0
1776813381750380975,1.33325,0,0.303836,0,2.15263,2.17927,10,2243,1.72036,0
1776813381755334178,1.33325,0,0.303836,0,2.15263,2.17927,10,2243,1.72036,0
1776813381760318917,1.33341,0,0.303995,0,2.22947,2.17927,10,2243,1.72036,0
1776813381765326193,1.33341,0,0.303995,0,2.22947,2.17927,10,2243,1.72036,0
1776813381770318784,1.33341,0,0.303995,0,2.14746,2.18026,10,2243,1.72036,0
1776813381775347744,1.33341,0,0.303995,0,2.14746,2.18026,10,2243,1.72036,0
1776813381780355835,1.33341,0,0.303995,0,2.1972,2.18026,10,2243,1.72036,0
1776813381785360000,1.33341,0,0.303995,0,2.1972,2.18026,10,2243,1.72036,0
1776813381790325369,1.33341,0,0.303995,0,2.15233,2.18026,10,2243,1.72036,0
1776813381795316608,1.33341,0,0.303995,0,2.15233,2.18026,10,2243,1.72036,0
1776813381800320717,1.33341,0,0.303995,0,2.24849,2.18026,10,2243,1.72036,0
1776813381805325975,1.33341,0,0.303995,0,2.24849,2.18026,10,2243,1.72036,0
1776813381810309658,1.33341,0,0.303995,0,2.26546,2.18026,10,2243,1.72036,0
1776813381815321656,1.33341,0,0.303995,0,2.26546,2.18026,10,2243,1.72036,0
1776813381820320506,1.33341,0,0.303995,0,2.15628,2.18026,10,2243,1.72036,0
1776813381825319634,1.33341,0,0.303995,0,2.15628,2.18026,10,2243,1.72036,0
1776813381830316392,1.33341,0,0.303995,0,2.13934,2.18026,10,2243,1.72036,0
1776813381835322908,1.33341,0,0.303995,0,2.13934,2.18026,10,2243,1.72036,0
1776813381840319925,1.33341,0,0.303995,0,2.20216,2.18026,10,2243,1.72036,0
1776813381845332071,1.33341,0,0.303995,0,2.20216,2.18026,10,2243,1.72036,0
1776813381850319866,1.33341,0,0.303995,0,2.07898,2.18026,10,2243,1.72036,0
1776813381855317327,1.33341,0,0.303995,0,2.07898,2.18026,10,2243,1.72036,0
1776813381860312529,1.33341,0,0.303995,0,2.20665,2.18026,10,2243,1.72036,0
1776813381865319027,1.33341,0,0.303995,0,2.20665,2.18026,10,2243,1.72036,0
1776813381870327858,1.33341,0,0.303995,0,2.22943,2.18026,10,2243,1.72036,0
1776813381875320857,1.33341,0,0.303995,0,2.22943,2.18026,10,2243,1.72036,0
1776813381880321040,1.33341,0,0.303995,0,2.14034,2.18026,10,2243,1.72036,0
1776813381885319390,1.33341,0,0.303995,0,2.14034,2.18026,10,2243,1.72036,0
1776813381890328684,1.33341,0,0.303995,0,2.1849,2.18026,10,2243,1.72036,0
1776813381895318664,1.33341,0,0.303995,0,2.1849,2.18026,10,2243,1.72036,0
1776813381900328681,1.33357,0,0.304155,0,2.18487,2.18026,10,2243,1.72036,0
1776813381905318790,1.33357,0,0.304155,0,2.18487,2.18026,10,2243,1.72036,0
1776813381910316622,1.33357,0,0.304155,0,2.2259,2.18124,10,2243,1.72036,0
1776813381915318787,1.33357,0,0.304155,0,2.2259,2.18124,10,2243,1.72036,0
1776813381920319248,1.33357,0,0.304155,0,2.2299,2.18124,10,2243,1.72036,0
1776813381925323542,1.33357,0,0.304155,0,2.2299,2.18124,10,2243,1.72036,0
1776813381930332318,1.33357,0,0.304155,0,2.15022,2.18124,10,2243,1.72036,0
1776813381935320205,1.33357,0,0.304155,0,2.15022,2.18124,10,2243,1.72036,0
1776813381940341018,1.33357,0,0.304155,0,2.13744,2.18124,10,2243,1.72036,0
1776813381945319739,1.33357,0,0.304155,0,2.13744,2.18124,10,2243,1.72036,0
1776813381950325125,1.33357,0,0.304155,0,2.18163,2.18124,10,2243,1.72036,0
1776813381955317124,1.33357,0,0.304155,0,2.18163,2.18124,10,2243,1.72036,0
1776813381960350973,1.33357,0,0.304155,0,2.10823,2.18124,10,2243,1.72036,0
1776813381965326861,1.33357,0,0.304155,0,2.10823,2.18124,10,2243,1.72036,0
1776813381970321896,1.33374,0,0.304326,0,2.21948,2.18124,10,2244,1.72113,0
1776813381975340079,1.33374,0,0.305093,0,2.21948,2.18124,10,2244,1.72113,0.153399
1776813381980394817,1.33374,0,0.305093,0.153399,2.14315,2.1823,10,2244,1.72113,0
1776813381985345316,1.33374,0,0.305093,0,2.14315,2.1823,10,2244,1.72113,0
1776813381990325759,1.33374,0,0.305093,0,2.22193,2.1823,10,2244,1.72113,0
1776813381995329405,1.33374,-0.015625,0.305093,-0.015625,2.22193,2.1823,10,2244,1.72113,0
1776813382000317959,1.33374,-0.015625,0.305093,-0.015625,2.13979,2.1734,10,2244,1.72113,0
1776813382005367623,1.33374,-0.0175781,0.305093,-0.0175781,2.13979,2.1734,10,2244,1.72113,0
1776813382010325734,1.33341,-0.0175781,0.304762,-0.0175781,2.19517,2.17024,10,2244,1.72113,0
1776813382015319306,1.33341,-0.0175781,0.304762,-0.0175781,2.19517,2.17024,10,2244,1.72113,0
1776813382020319786,1.33341,-0.0175781,0.304762,-0.0175781,2.15492,2.17024,10,2244,1.72113,0
1776813382025373969,1.33341,-0.0214844,0.304762,-0.0214844,2.15492,2.17024,10,2245,1.72189,0.153368
1776813382030324801,1.33309,-0.0214844,0.305211,0.131883,2.17248,2.16604,10,2245,1.72189,0
1776813382035336133,1.33309,-0.0214844,0.305211,-0.0214844,2.17248,2.16604,10,2245,1.72189,0
1776813382040355057,1.33309,-0.0214844,0.305211,-0.0214844,2.15407,2.16604,10,2245,1.72189,0
1776813382045327185,1.33309,-0.0253906,0.305211,-0.0253906,2.15407,2.16604,10,2245,1.72189,0
1776813382050318888,1.33277,-0.0253906,0.304892,-0.0253906,2.15348,2.16183,10,2245,1.72189,0
1776813382055350848,1.33277,-0.0253906,0.304892,-0.0253906,2.15348,2.16183,10,2246,1.72266,0.153368
1776813382060324366,1.33261,-0.0253906,0.305499,0.127977,2.14362,2.16085,10,2246,1.72266,0
1776813382065322938,1.33261,-0.0332031,0.305499,-0.0332031,2.14362,2.16085,10,2246,1.72266,0
1776813382070314289,1.33212,-0.0332031,0.305009,-0.0332031,2.18161,2.15336,10,2246,1.72266,0
1776813382075317658,1.33212,-0.0410156,0.305009,-0.0410156,2.18161,2.15336,10,2247,1.72343,0.153368
1776813382080329304,1.33196,-0.0410156,0.305617,0.112352,2.15249,2.14792,10,2247,1.72343,0
1776813382085329080,1.33196,-0.0488281,0.305617,-0.0488281,2.15249,2.14792,10,2247,1.72343,0
1776813382090343837,1.33131,-0.0488281,0.304968,-0.0488281,2.16533,2.13944,10,2248,1.72419,0
1776813382095320114,1.33131,-0.0488281,0.305735,-0.0488281,2.16533,2.13944,10,2248,1.72419,0.153429
1776813382100326779,1.331,-0.0488281,0.305416,0.104601,2.1605,2.13747,10,2248,1.72419,0
1776813382105309407,1.331,-0.0585938,0.305416,-0.0585938,2.1605,2.13747,10,2249,1.72496,0.153368
1776813382110321128,1.331,-0.0585938,0.306183,0.0947741,2.19296,2.1319,10,2250,1.72573,0.153368
1776813382115402124,1.33068,-0.0585938,0.306632,0.0947741,2.19296,2.1319,10,2251,1.7265,0
1776813382120358420,1.33068,-0.136719,0.307399,-0.136719,2.18317,2.0854,10,2252,1.72726,0.153429
1776813382125318697,1.32874,-0.136719,0.306233,0.0167104,2.18317,2.0854,10,2253,1.72803,0.153399
1776813382130387472,1.32874,-0.158203,0.307,-0.00480461,2.13074,2.06116,10,2254,1.7288,0.153399
1776813382135339286,1.32811,-0.158203,0.307131,-0.00480461,2.13074,2.06116,10,2255,1.72956,0.153368
1776813382140323766,1.32811,-0.169922,0.307898,-0.016554,2.07373,2.05053,10,2256,1.73033,0.153429
1776813382145326579,1.32553,-0.169922,0.306087,-0.0164927,2.07373,2.05053,10,2257,1.7311,0.153368
1776813382150332633,1.32553,-0.162109,0.306854,-0.00874154,2.04926,2.03898,10,2258,1.73186,0.153368
1776813382155319095,1.32474,-0.162109,0.306827,-0.00874154,2.04926,2.03898,10,2258,1.73186,0.153399
1776813382160321927,1.32474,-0.125,0.306827,0.0283985,1.97504,2.05521,10,2260,1.7334,0.15346
1776813382165318629,1.32248,-0.125,0.306104,0.0284599,1.97504,2.05521,10,2260,1.7334,0.153368
1776813382170329608,1.32248,-0.130859,0.306104,0.0225085,1.87838,2.03784,10,2262,1.73493,0.153399
1776813382175356069,1.32185,-0.130859,0.307004,0.0225391,1.87838,2.03784,10,2263,1.7357,0.306736
1776813382180336753,1.32185,-0.207031,0.307771,0.0997044,2.08629,1.99049,10,2265,1.73723,0.15346
1776813382185324030,1.31943,-0.207031,0.307659,0.0997658,2.08629,1.99049,10,2267,1.73877,0.306797
1776813382190323676,1.31943,-0.251953,0.308426,0.0548439,2.01238,1.94987,10,2269,1.7403,0.153337
1776813382195327452,1.3172,-0.251953,0.307725,-0.0986159,2.01238,1.94987,10,2270,1.74107,0.306858
1776813382200318599,1.3172,-0.292969,0.308492,0.0138896,1.87752,1.91258,10,2272,1.7426,0.306858
1776813382205318838,1.31449,-0.292969,0.307316,0.0138896,1.87752,1.91258,10,2274,1.74414,0.306797
1776813382210308596,1.31449,-0.308594,0.30885,-0.00179672,1.87728,1.88679,10,2276,1.74567,0.306651
1776813382215323965,1.31305,-0.308594,0.308952,-0.00194323,1.87728,1.88679,10,2278,1.7472,0.460196
1776813382220317963,1.31305,-0.341797,0.310486,0.118399,1.93183,1.85894,10,2281,1.74951,0.306797
1776813382225323517,1.3081,-0.341797,0.307831,-0.0349998,1.93183,1.85894,10,2283,1.75104,0.306858
1776813382230325034,1.3081,-0.357422,0.309365,-0.0505635,1.87088,1.81911,10,2286,1.75334,0.460196
1776813382235316847,1.30635,-0.357422,0.309914,0.102774,1.87088,1.81911,10,2288,1.75487,0.306858
1776813382240318420,1.30635,-0.376953,0.311448,-0.0700947,2.05011,1.79703,10,2291,1.75717,0.460104
1776813382245318363,1.30079,-0.376953,0.308193,0.0831504,2.05011,1.79703,10,2292,1.75794,0.306797
1776813382250318268,1.30079,-0.353516,0.30896,-0.0467186,1.7818,1.77564,10,2295,1.76024,0.306797
1776813382255361321,1.29887,-0.353516,0.310108,-0.04678,1.7818,1.77564,10,2297,1.76178,0.306736
1776813382260311784,1.29887,-0.296875,0.310875,0.00986066,1.82475,1.7959,10,2298,1.76254,0.153429
1776813382265338152,1.2957,-0.296875,0.308475,-0.143446,1.82475,1.7959,10,2299,1.76331,0.306797
1776813382270324466,1.2957,-0.197266,0.309242,0.109531,1.76037,1.83283,10,2300,1.76408,0.153399
1776813382275317390,1.29208,-0.197266,0.30638,-0.0438671,1.76037,1.83283,10,2301,1.76484,0.153429
1776813382280333240,1.29208,-0.166016,0.307147,-0.0125864,1.79316,1.82788,10,2302,1.76561,0.153399
1776813382285329387,1.29112,-0.166016,0.306954,-0.0126171,1.79316,1.82788,10,2303,1.76638,0.153368
1776813382290323441,1.29112,-0.125,0.307721,0.0283678,1.80185,1.84523,10,2304,1.76715,0
1776813382295323217,1.2897,-0.125,0.307073,-0.125,1.80185,1.84523,10,2304,1.76715,0.153399
1776813382300326215,1.2897,-0.0917969,0.307073,0.0616016,1.96368,1.85526,10,2305,1.76791,0
1776813382305320825,1.2886,-0.0917969,0.306737,-0.0917969,1.96368,1.85526,10,2305,1.76791,0.153399
1776813382310332712,1.2886,-0.0527344,0.306737,0.100664,1.87461,1.8706,10,2305,1.76791,0
1776813382315319859,1.28748,-0.0527344,0.305619,-0.0527344,1.87461,1.8706,10,2305,1.76791,0
1776813382320313394,1.28748,-0.0410156,0.305619,-0.0410156,1.7795,1.87025,10,2305,1.76791,0
1776813382325315485,1.28732,-0.0410156,0.306231,0.112352,1.7795,1.87025,10,2306,1.76868,0.153368
1776813382330329687,1.28732,-0.00976562,0.306231,0.143602,1.85275,1.88709,10,2306,1.76868,0
1776813382335323149,1.28702,-0.00976562,0.305924,-0.00976562,1.85275,1.88709,10,2306,1.76868,0
1776813382340323610,1.28702,0.00390625,0.305924,0.00390625,1.88608,1.89295,10,2306,1.76868,0
1776813382345316738,1.28702,0.00390625,0.305924,0.00390625,1.88608,1.89295,10,2306,1.76868,0
1776813382350340829,1.28702,0.0253906,0.305924,0.0253906,1.85209,1.9052,10,2306,1.76868,0
1776813382355317531,1.28717,0.0253906,0.306076,0.0253906,1.85209,1.9052,10,2306,1.76868,0
1776813382360315067,1.28717,0.0253906,0.306076,0.0253906,1.92491,1.90615,10,2306,1.76868,0
1776813382365317213,1.28732,0.0253906,0.306231,0.0253906,1.92491,1.90615,10,2306,1.76868,0
1776813382370320212,1.28732,0.03125,0.306231,0.03125,1.91007,1.91047,10,2306,1.76868,0
1776813382375317173,1.28779,0.03125,0.3067,0.03125,1.91007,1.91047,10,2306,1.76868,0
1776813382380375374,1.28779,0.03125,0.3067,0.03125,1.81043,1.91342,10,2306,1.76868,0
1776813382385343836,1.28796,0.03125,0.306871,0.03125,1.81043,1.91342,10,2306,1.76868,0
1776813382390321187,1.28796,0.00390625,0.306871,0.00390625,1.86802,1.8989,10,2306,1.76868,0
1776813382395328426,1.28843,0.00390625,0.30734,0.00390625,1.86802,1.8989,10,2306,1.76868,0
1776813382400318054,1.28843,-0.015625,0.30734,-0.015625,1.85839,1.89072,10,2306,1.76868,0
1776813382405320830,1.28845,-0.015625,0.307355,-0.015625,1.85839,1.89072,10,2306,1.76868,0
1776813382410311310,1.28845,-0.03125,0.307355,-0.03125,1.81152,1.88191,10,2306,1.76868,0
1776813382415327938,1.28812,-0.03125,0.307026,-0.03125,1.81152,1.88191,10,2306,1.76868,0
1776813382420320825,1.28812,-0.0332031,0.307026,-0.0332031,1.93749,1.87873,10,2306,1.76868,0
1776813382425324046,1.28796,-0.0332031,0.30687,-0.0332031,1.93749,1.87873,10,2306,1.76868,0
1776813382430320748,1.28796,-0.0292969,0.30687,-0.0292969,1.75504,1.87998,10,2306,1.76868,0
1776813382435329524,1.28749,-0.0292969,0.306393,-0.0292969,1.75504,1.87998,10,2306,1.76868,0
1776813382440320486,1.28749,-0.0253906,0.306393,-0.0253906,1.85638,1.8792,10,2306,1.76868,0
1776813382445326521,1.28733,-0.0253906,0.306237,-0.0253906,1.85638,1.8792,10,2306,1.76868,0
1776813382450328038,1.28733,-0.0175781,0.306237,-0.0175781,1.82964,1.88268,10,2306,1.76868,0
1776813382455318981,1.28717,-0.0175781,0.306079,-0.0175781,1.82964,1.88268,10,2306,1.76868,0
1776813382460311757,1.28717,-0.0136719,0.306079,-0.0136719,2.03395,1.88391,10,2306,1.76868,0
1776813382465328274,1.28717,-0.0136719,0.306079,-0.0136719,2.03395,1.88391,10,2306,1.76868,0
1776813382470322050,1.28717,-0.00585938,0.306079,-0.00585938,1.92338,1.88836,10,2306,1.76868,0
1776813382475335844,1.28702,-0.00585938,0.305923,-0.00585938,1.92338,1.88836,10,2306,1.76868,0
1776813382480325658,1.28702,-0.00390625,0.305923,-0.00390625,2.00446,1.8885,10,2306,1.76868,0
1776813382485330601,1.28685,-0.00390625,0.305753,-0.00390625,2.00446,1.8885,10,2306,1.76868,0
1776813382490323229,1.28685,0.0078125,0.305753,0.0078125,1.93995,1.8941,10,2306,1.76868,0
1776813382495335949,1.28702,0.0078125,0.305923,0.0078125,1.93995,1.8941,10,2306,1.76868,0
1776813382500413038,1.28702,0.00390625,0.305923,0.00390625,1.87264,1.89295,10,2306,1.76868,0
1776813382505365464,1.28702,0.00390625,0.305923,0.00390625,1.87264,1.89295,10,2306,1.76868,0
1776813382510331685,1.28702,0.00195312,0.305923,0.00195312,1.90591,1.89183,10,2306,1.76868,0
1776813382515323017,1.28702,0.00195312,0.305923,0.00195312,1.90591,1.89183,10,2306,1.76868,0
1776813382520317405,1.28702,-0.00195312,0.305923,-0.00195312,1.82381,1.88961,10,2306,1.76868,0
1776813382525357624,1.28702,-0.00195312,0.305923,-0.00195312,1.82381,1.88961,10,2306,1.76868,0
1776813382530326031,1.28702,-0.0175781,0.305923,-0.0175781,1.85765,1.8807,10,2306,1.76868,0
1776813382535319918,1.28702,-0.0175781,0.305923,-0.0175781,1.85765,1.8807,10,2306,1.76868,0
1776813382540324102,1.28702,-0.0175781,0.305923,-0.0175781,1.80533,1.8807,10,2307,1.76945,0
1776813382545325304,1.28702,-0.015625,0.30669,-0.015625,1.80533,1.8807,10,2307,1.76945,0.153429
1776813382550315265,1.28669,-0.015625,0.306365,0.137804,1.94043,1.87977,10,2307,1.76945,0
1776813382555296524,1.28669,-0.0175781,0.306365,-0.0175781,1.94043,1.87977,10,2307,1.76945,0
1776813382560316096,1.28671,-0.0175781,0.30638,-0.0175781,1.85944,1.87875,10,2307,1.76945,0
1776813382565323686,1.28671,-0.0273438,0.30638,-0.0273438,1.85944,1.87875,10,2307,1.76945,0
1776813382570319463,1.28638,-0.0273438,0.306058,-0.0273438,1.84399,1.87116,10,2308,1.77021,0
1776813382575331757,1.28638,-0.03125,0.306825,-0.03125,1.84399,1.87116,10,2308,1.77021,0.15346
1776813382580341311,1.28623,-0.03125,0.30667,0.12221,1.91579,1.86795,10,2308,1.77021,0
1776813382585320884,1.28623,-0.0527344,0.30667,-0.0527344,1.91579,1.86795,10,2309,1.77098,0.153399
1776813382590323123,1.28559,-0.0527344,0.306801,0.100664,1.83974,1.85171,10,2309,1.77098,0
1776813382595346973,1.28559,-0.0625,0.306801,-0.0625,1.83974,1.85171,10,2310,1.77175,0.153399
1776813382600406488,1.28528,-0.0625,0.307258,0.0908985,1.83722,1.84419,10,2311,1.77251,0
1776813382605324600,1.28528,-0.0917969,0.308024,-0.0917969,1.83722,1.84419,10,2312,1.77328,0.153337
1776813382610316969,1.28528,-0.0917969,0.308791,0.0615403,1.90821,1.82749,10,2313,1.77405,0.153429
1776813382615387391,1.28434,-0.0917969,0.308613,0.0616323,1.90821,1.82749,10,2313,1.77405,0.153399
1776813382620348631,1.28434,-0.146484,0.308613,0.00691414,1.83771,1.79037,10,2315,1.77558,0.153399
1776813382625318556,1.28259,-0.146484,0.3084,0.00691414,1.83771,1.79037,10,2316,1.77635,0.153429
1776813382630317573,1.28259,-0.160156,0.309167,-0.00672705,1.79786,1.77158,10,2317,1.77712,0.306797
1776813382635319720,1.28182,-0.160156,0.30916,0.146641,1.79786,1.77158,10,2318,1.77788,0.153399
1776813382640341847,1.28182,-0.173828,0.309927,-0.0204296,1.79106,1.75891,10,2319,1.77865,0.153399
1776813382645324698,1.27929,-0.173828,0.308169,-0.0204296,1.79106,1.75891,10,2320,1.77942,0.153337
1776813382650319604,1.27929,-0.167969,0.308936,-0.0146316,1.74452,1.74634,10,2322,1.78095,0.15346
1776813382655336065,1.27835,-0.167969,0.30953,-0.0145088,1.74452,1.74634,10,2322,1.78095,0.153368
1776813382660336952,1.27835,-0.144531,0.30953,0.00883658,1.73681,1.75378,10,2324,1.78249,0.153399
1776813382665321340,1.27614,-0.144531,0.308856,0.00886726,1.73681,1.75378,10,2325,1.78325,0.153429
1776813382670335653,1.27614,-0.167969,0.309623,-0.0145396,1.71672,1.72649,10,2327,1.78479,0.306674
1776813382675328781,1.27474,-0.167969,0.309752,0.138706,1.71672,1.72649,10,2328,1.78555,0.153429
1776813382680317965,1.27474,-0.195312,0.310519,-0.0418833,1.65649,1.70204,10,2329,1.78632,0.306797
1776813382685325537,1.27474,-0.195312,0.311286,0.111485,1.65649,1.70204,10,2331,1.78785,0.153375
1776813382690316443,1.27301,-0.195312,0.311094,-0.0419378,1.6689,1.69114,10,2333,1.78939,0.306797
1776813382695319719,1.27301,-0.248047,0.312628,0.0587502,1.6689,1.69114,10,2335,1.79092,0.306797
1776813382700314718,1.26972,-0.248047,0.310866,0.0587502,1.67241,1.64025,10,2337,1.79246,0.306858
1776813382705297346,1.26972,-0.279297,0.3124,0.0275615,1.67241,1.64025,10,2339,1.79399,0.306736
1776813382710322325,1.26704,-0.279297,0.311257,0.0274388,1.70347,1.60551,10,2342,1.79629,0.306858
1776813382715325602,1.26704,-0.326172,0.313558,-0.0193135,1.70347,1.60551,10,2344,1.79783,0.460012
1776813382720322563,1.26391,-0.326172,0.311963,0.13384,1.68051,1.55898,10,2347,1.80013,0.306797
1776813382725319599,1.26391,-0.363281,-0.314054,-0.0564842,1.68051,1.55898,10,2349,1.80166,0.460288
1776813382730326263,1.26063,-0.363281,0.31252,0.0970063,1.65951,1.51705,10,2352,1.80396,0.460104
1776813382735327503,1.26063,-0.375,-0.313498,0.0851035,1.65951,1.51705,10,2354,1.8055,0.30692
1776813382740313112,1.25673,-0.375,0.312452,-0.0680802,1.58484,1.48561,10,2356,1.80703,0.306736
1776813382745313296,1.25673,-0.328125,0.313986,-0.0213893,1.58484,1.48561,10,2358,1.80856,0.306797
1776813382750314313,1.25314,-0.328125,0.311926,-0.021328,1.38598,1.4895,10,2360,1.8101,0.306797
1776813382755293553,1.25314,-0.28125,0.31346,0.025547,1.38598,1.4895,10,2361,1.81086,0.306797
1776813382760349124,1.25314,-0.28125,-0.314091,0.025547,1.53401,1.51621,10,2363,1.8124,0.153429
1776813382765325752,1.25035,-0.28125,0.31297,-0.127821,1.53401,1.51621,10,2363,1.8124,0.153399
1776813382770316732,1.25035,-0.162109,0.31297,-0.00871086,1.59492,1.56638,10,2364,1.81317,0.153399
1776813382775318842,1.24675,-0.162109,0.31014,-0.00871086,1.59492,1.56638,10,2364,1.81317,0
1776813382780354580,1.24675,-0.0917969,0.31014,-0.0917969,1.45297,1.58356,10,2365,1.81393,0.153399
1776813382785334764,1.24552,-0.0917969,0.309676,0.0616016,1.45297,1.58356,10,2365,1.81393,0
1776813382790320911,1.24552,-0.0253906,0.309676,-0.0253906,1.59619,1.61357,10,2365,1.81393,0
1776813382795334872,1.24506,-0.0253906,0.309221,-0.0253906,1.59619,1.61357,10,2365,1.81393,0
1776813382800329704,1.24506,0.00195312,0.309221,0.00195312,1.63056,1.62626,10,2365,1.81393,0
1776813382805296129,1.24489,0.00195312,0.309052,0.00195312,1.63056,1.62626,10,2365,1.81393,0
1776813382810334330,1.24489,-0.0175781,0.309052,-0.0175781,1.65116,1.61405,10,2366,1.8147,0.153399
1776813382815316107,1.24489,-0.0175781,0.309819,0.13582,1.65116,1.61405,10,2366,1.8147,0
1776813382820324476,1.24489,-0.0605469,0.309819,-0.0605469,1.64724,1.58955,10,2367,1.81547,0.153399
1776813382825323826,1.24459,-0.0605469,0.310283,0.0928516,1.64724,1.58955,10,2367,1.81547,0
1776813382830314269,1.24459,-0.0917969,0.310283,-0.0917969,1.60477,1.56981,10,2368,1.81623,0.153429
1776813382835322008,1.24459,-0.0917969,0.31105,0.0616323,1.60477,1.56981,10,2369,1.817,0.153399
1776813382840327339,1.2438,-0.0917969,0.311027,0.0616016,1.58643,1.56478,10,2370,1.81777,0.153429
1776813382845323486,1.2438,-0.119141,0.311794,0.0342886,1.58643,1.56478,10,2371,1.81853,0
1776813382850328521,1.24272,-0.119141,0.311484,-0.119141,1.56776,1.54232,10,2372,1.8193,0.153399
1776813382855296409,1.24272,-0.111328,0.312251,0.0420704,1.56776,1.54232,10,2372,1.8193,0.153399
1776813382860326703,1.24102,-0.111328,0.310548,0.0420704,1.61325,1.53592,10,2373,1.82007,0.153368
1776813382865317202,1.24102,-0.107422,0.311315,0.045946,1.61325,1.53592,10,2373,1.82007,0
1776813382870315756,1.24055,-0.107422,0.310844,-0.107422,1.5117,1.53513,10,2374,1.82084,0
1776813382875315310,1.24055,-0.0625,0.311611,-0.0625,1.5117,1.53513,10,2374,1.82084,0.153368
1776813382880330808,1.23916,-0.0625,0.310218,0.0908678,1.42768,1.55185,10,2374,1.82084,0
1776813382885320270,1.23916,-0.0449219,0.310218,-0.0449219,1.42768,1.55185,10,2374,1.82084,0
1776813382890319139,1.23883,-0.0449219,0.309894,-0.0449219,1.49382,1.5598,10,2374,1.82084,0
1776813382895325637,1.23883,0.00195312,0.309894,0.00195312,1.49382,1.5598,10,2374,1.82084,0
1776813382900316080,1.23853,0.00195312,0.309592,0.00195312,1.57372,1.5846,10,2374,1.82084,0
1776813382905323837,1.23853,0.0175781,0.309592,0.0175781,1.57372,1.5846,10,2374,1.82084,0
1776813382910307151,1.23853,0.0175781,0.309592,0.0175781,1.57083,1.5935,10,2374,1.82084,0
1776813382915319631,1.23885,0.0175781,0.309916,0.0175781,1.57083,1.5935,10,2374,1.82084,0
1776813382920312740,1.23885,0.0195312,0.309916,0.0195312,1.60424,1.59668,10,2374,1.82084,0
1776813382925315461,1.239,0.0195312,0.310067,0.0195312,1.60424,1.59668,10,2374,1.82084,0
1776813382930318255,1.239,0.0136719,0.310067,0.0136719,1.61466,1.5943,10,2374,1.82084,0
1776813382935321846,1.23916,0.0136719,0.310221,0.0136719,1.61466,1.5943,10,2374,1.82084,0
1776813382940314123,1.23916,0.00390625,0.310221,0.00390625,1.51383,1.58972,10,2374,1.82084,0
1776813382945328417,1.23916,0.00390625,0.310222,0.00390625,1.51383,1.58972,10,2374,1.82084,0
1776813382950324601,1.23916,-0.00585938,0.310222,-0.00585938,1.63585,1.58416,10,2374,1.82084,0
1776813382955331284,1.23916,-0.00585938,0.310222,-0.00585938,1.63585,1.58416,10,2374,1.82084,0
1776813382960317357,1.23916,-0.00390625,0.310222,-0.00390625,1.55008,1.58527,10,2374,1.82084,0
1776813382965326040,1.23916,-0.00390625,0.310222,-0.00390625,1.55008,1.58527,10,2374,1.82084,0
1776813382970321909,1.23916,-0.00195312,0.310222,-0.00195312,1.60521,1.58639,10,2374,1.82084,0
1776813382975343889,1.23916,-0.00195312,0.310218,-0.00195312,1.60521,1.58639,10,2374,1.82084,0
1776813382980346720,1.23916,0.00390625,0.310218,0.00390625,1.60498,1.5897,10,2374,1.82084,0
1776813382985332126,1.23916,0.00390625,0.310218,0.00390625,1.60498,1.5897,10,2374,1.82084,0
1776813382990318866,1.23916,0.00390625,0.310218,0.00390625,1.56082,1.5897,10,2374,1.82084,0
1776813382995322420,1.23916,0.0078125,0.310218,0.0078125,1.56082,1.5897,10,2374,1.82084,0
1776813383000324418,1.23931,0.0078125,0.310369,0.0078125,1.55225,1.59289,10,2374,1.82084,0
1776813383005309195,1.23931,0.00390625,0.310369,0.00390625,1.55225,1.59289,10,2374,1.82084,0
1776813383010321304,1.23948,0.00390625,0.310538,0.00390625,1.56145,1.59174,10,2374,1.82084,0
1776813383015501577,1.23948,0.00195312,0.310538,0.00195312,1.56145,1.59174,10,2374,1.82084,0
1776813383020349412,1.23948,0.00195312,0.310538,0.00195312,1.5823,1.59063,10,2374,1.82084,0
1776813383025345059,1.23948,-0.015625,0.310538,-0.015625,1.5823,1.59063,10,2374,1.82084,0
1776813383030389409,1.23931,-0.015625,0.310369,-0.015625,1.61462,1.57953,10,2374,1.82084,0
1776813383035344704,1.23931,-0.015625,0.310369,-0.015625,1.61462,1.57953,10,2374,1.82084,0
1776813383040416313,1.23932,-0.015625,0.310387,-0.015625,1.6252,1.57965,10,2374,1.82084,0
1776813383045480643,1.23932,-0.0253906,0.310387,-0.0253906,1.6252,1.57965,10,2374,1.82084,0
1776813383050398125,1.239,-0.0253906,0.310067,-0.0253906,1.60249,1.57204,10,2374,1.82084,0
1776813383055294885,1.239,-0.0195312,0.310067,-0.0195312,1.60249,1.57204,10,2374,1.82084,0
1776813383060305124,1.239,-0.0195312,0.310067,-0.0195312,1.53009,1.57538,10,2374,1.82084,0
1776813383065298883,1.239,-0.0195312,0.310067,-0.0195312,1.53009,1.57538,10,2374,1.82084,0
1776813383070363935,1.239,-0.0175781,0.310067,-0.0175781,1.53428,1.57649,10,2374,1.82084,0
1776813383075335416,1.23853,-0.0175781,0.309596,-0.0175781,1.53428,1.57649,10,2374,1.82084,0
1776813383080329267,1.23853,-0.015625,0.309596,-0.015625,1.59557,1.5746,10,2375,1.8216,0.153429
1776813383085320525,1.23855,-0.015625,0.310377,0.137804,1.59557,1.5746,10,2375,1.8216,0
1776813383090329301,1.23855,-0.0195312,0.310377,-0.0195312,1.5636,1.57246,10,2375,1.8216,0
1776813383095318059,1.23823,-0.0195312,0.310057,-0.0195312,1.5636,1.57246,10,2375,1.8216,0
1776813383100324150,1.23823,-0.0253906,0.310057,-0.0253906,1.67211,1.56708,10,2376,1.82237,0
1776813383105299705,1.23806,-0.0253906,0.310655,-0.0253906,1.67211,1.56708,10,2376,1.82237,0.15346
1776813383110315111,1.23806,-0.0566406,0.310655,0.0968193,1.51325,1.54819,10,2377,1.82314,0
1776813383115332016,1.23744,-0.0566406,0.310804,-0.0566406,1.51325,1.54819,10,2377,1.82314,0.153368
1776813383120327756,1.23744,-0.0800781,0.310804,0.0732897,1.62187,1.53088,10,2378,1.8239,0.153399
1776813383125320643,1.23684,-0.0800781,0.310967,0.0733204,1.62187,1.53088,10,2378,1.8239,0
1776813383130327790,1.23684,-0.101562,0.310967,-0.101562,1.55967,1.51478,10,2379,1.82467,0.153368
1776813383135323085,1.23684,-0.101562,0.311734,0.0518053,1.55967,1.51478,10,2380,1.82544,0.15346
1776813383140329195,1.23607,-0.101562,0.311729,0.0518974,1.52341,1.50985,10,2380,1.82544,0
1776813383145321305,1.23607,-0.0976562,0.311729,-0.0976562,1.52341,1.50985,10,2381,1.8262,0.153429
1776813383150321285,1.23452,-0.0976562,0.310953,0.0557729,1.52911,1.50221,10,2382,1.82697,0
1776813383155321987,1.23452,-0.0957031,0.31172,-0.0957031,1.52911,1.50221,10,2382,1.82697,0.153399
1776813383160330893,1.23405,-0.0957031,0.31125,0.0576954,1.51654,1.50032,10,2382,1.82697,0
1776813383165321503,1.23405,-0.0664062,0.31125,-0.0664062,1.51654,1.50032,10,2383,1.82774,0.153429
1776813383170331501,1.23281,-0.0664062,0.31078,0.0870229,1.51239,1.5091,10,2383,1.82774,0
1776813383175345277,1.23281,-0.0546875,0.31078,-0.0546875,1.51239,1.5091,10,2383,1.82774,0
1776813383180340239,1.23251,-0.0546875,0.310479,-0.0546875,1.46543,1.51386,10,2383,1.82774,0
1776813383185328405,1.23251,-0.03125,0.310479,-0.03125,1.46543,1.51386,10,2384,1.82851,0
1776813383190323255,1.23189,-0.03125,0.310626,-0.03125,1.54908,1.52325,10,2384,1.82851,0.153399
1776813383195335531,1.23189,-0.0175781,0.310626,0.13582,1.54908,1.52325,10,2384,1.82851,0
1776813383200327030,1.23157,-0.0175781,0.310306,-0.0175781,1.50889,1.529,10,2384,1.82851,0
1776813383205339306,1.23157,-0.00976562,0.310306,-0.00976562,1.50889,1.529,10,2384,1.82851,0
1776813383210315065,1.23157,-0.00976562,0.310306,-0.00976562,1.54147,1.53345,10,2384,1.82851,0
1776813383215322397,1.23157,-0.00976562,0.310306,-0.00976562,1.54147,1.53345,10,2384,1.82851,0
1776813383220320784,1.23157,-0.00976562,0.310306,-0.00976562,1.54979,1.53345,10,2384,1.82851,0
1776813383225327838,1.23142,-0.00976562,0.310156,-0.00976562,1.54979,1.53345,10,2384,1.82851,0
1776813383230316985,1.23142,-0.0175781,0.310156,-0.0175781,1.59327,1.52804,10,2384,1.82851,0
1776813383235323613,1.23127,-0.0175781,0.310006,-0.0175781,1.59327,1.52804,10,2385,1.82927,0.153375
1776813383240314427,1.23127,-0.0195312,0.310773,0.133843,1.4769,1.52596,10,2385,1.82927,0
1776813383245319259,1.23113,-0.0195312,0.310626,-0.0195312,1.4769,1.52596,10,2385,1.82927,0
1776813383250313461,1.23113,-0.0292969,0.310626,-0.0292969,1.46154,1.51946,10,2385,1.82927,0
1776813383255292905,1.23081,-0.0292969,0.310306,-0.0292969,1.46154,1.51946,10,2386,1.83004,0.153399
1776813383260307385,1.23081,-0.0390625,0.311073,0.114336,1.5142,1.51185,10,2386,1.83004,0
1776813383265324550,1.23051,-0.0390625,0.310773,-0.0390625,1.5142,1.51185,10,2386,1.83004,0
1776813383270364047,1.23051,-0.0527344,0.310773,-0.0527344,1.50922,1.50213,10,2387,1.83081,0.153399
1776813383275331899,1.23004,-0.0527344,0.311071,0.100664,1.50922,1.50213,10,2388,1.83157,0.153399
1776813383280319342,1.23004,-0.078125,0.311838,0.0752735,1.50841,1.48465,10,2388,1.83157,0
1776813383285324081,1.23004,-0.078125,0.311838,-0.078125,1.50841,1.48465,10,2389,1.83234,0.153399
1776813383290318339,1.22959,-0.078125,0.312157,0.0752735,1.49585,1.48179,10,2389,1.83234,0
1776813383295317819,1.22959,-0.101562,0.312157,-0.101562,1.49585,1.48179,10,2390,1.83311,0.153399
1776813383300316077,1.22818,-0.101562,0.311517,0.051836,1.62346,1.45942,10,2391,1.83387,0.153337
1776813383305317409,1.22818,-0.0976562,0.312284,0.0556809,1.62346,1.45942,10,2391,1.83387,0
1776813383310309149,1.22773,-0.0976562,0.311834,-0.0976562,1.38034,1.45876,10,2392,1.83464,0.153399
1776813383315320721,1.22773,-0.0742188,0.312601,0.0791798,1.38034,1.45876,10,2392,1.83464,0
1776813383320319794,1.22633,-0.0742188,0.311195,-0.0742188,1.57425,1.46312,10,2392,1.83464,0
1776813383325320922,1.22633,-0.0644531,0.311195,-0.0644531,1.57425,1.46312,10,2393,1.83541,0.153429
1776813383330329291,1.2262,-0.0644531,0.311831,0.0889761,1.47525,1.46784,10,2393,1.83541,0
1776813383335315846,1.2262,-0.0234375,0.311831,-0.0234375,1.47525,1.46784,10,2393,1.83541,0
1776813383340321511,1.22541,-0.0234375,0.311044,-0.0234375,1.52867,1.48618,10,2393,1.83541,0
1776813383345338176,1.22541,-0.0136719,0.311044,-0.0136719,1.52867,1.48618,10,2393,1.83541,0
1776813383350332156,1.22526,-0.0136719,0.310895,-0.0136719,1.51897,1.49078,10,2393,1.83541,0
1776813383355317340,1.22526,0.0253906,0.310895,0.0253906,1.51897,1.49078,10,2393,1.83541,0
1776813383360318691,1.22526,0.0253906,0.310895,0.0253906,1.45287,1.51305,10,2393,1.83541,0
1776813383365319282,1.22541,0.0253906,0.311044,0.0253906,1.45287,1.51305,10,2393,1.83541,0
1776813383370321762,1.22541,0.0449219,0.311044,0.0449219,1.33174,1.52514,10,2393,1.83541,0
1776813383375321075,1.22603,0.0449219,0.311663,0.0449219,1.33174,1.52514,10,2393,1.83541,0
1776813383380336148,1.22603,0.046875,0.311663,0.046875,1.50885,1.53022,10,2393,1.83541,0
1776813383385349350,1.22618,0.046875,0.311812,0.046875,1.50885,1.53022,10,2393,1.83541,0
1776813383390328108,1.22618,0.03125,0.311812,0.03125,1.46193,1.52227,10,2393,1.83541,0
1776813383395344403,1.22697,0.03125,0.312603,0.03125,1.46193,1.52227,10,2393,1.83541,0
1776813383400364901,1.22697,0.0273438,0.312603,0.0273438,1.51548,1.52511,10,2393,1.83541,0
1776813383405313327,1.22695,0.0273438,0.312584,0.0273438,1.51548,1.52511,10,2393,1.83541,0
1776813383410314418,1.22695,0.0214844,0.312584,0.0214844,1.41813,1.52165,10,2393,1.83541,0
1776813383415333675,1.22742,0.0214844,0.313053,0.0214844,1.41813,1.52165,10,2393,1.83541,0
1776813383420350637,1.22742,0.0175781,0.313053,0.0175781,1.59061,1.52243,10,2393,1.83541,0
1776813383425338210,1.22742,0.0175781,0.313053,0.0175781,1.59061,1.52243,10,2393,1.83541,0
1776813383430369467,1.22742,0.0253906,0.313053,0.0253906,1.55403,1.52688,10,2393,1.83541,0
1776813383435339910,1.22742,0.0253906,0.313053,0.0253906,1.55403,1.52688,10,2393,1.83541,0
1776813383440324132,1.22789,0.0253906,0.313522,0.0253906,1.57799,1.52988,10,2392,1.83464,-0.15346
1776813383445318205,1.22789,0.0273438,0.312755,-0.126116,1.57799,1.52988,10,2392,1.83464,0
1776813383450317333,1.22819,0.0273438,0.313055,0.0273438,1.5281,1.53292,10,2392,1.83464,0
1776813383455317535,1.22819,0.03125,0.313055,0.03125,1.5281,1.53292,10,2392,1.83464,0
1776813383460310071,1.22849,0.03125,0.313355,0.03125,1.4687,1.53707,10,2391,1.83387,-0.153368
1776813383465322236,1.22849,0.0390625,0.312588,-0.114305,1.4687,1.53707,10,2391,1.83387,0
1776813383470381789,1.22866,0.0390625,0.312757,0.0390625,1.67611,1.5426,10,2391,1.83387,0
1776813383475342085,1.22866,0.0429688,0.312757,0.0429688,1.67611,1.5426,10,2390,1.83311,0
1776813383480329732,1.22911,0.0429688,0.31244,0.0429688,1.61526,1.54771,10,2390,1.83311,-0.153429
1776813383485325008,1.22911,0.0488281,0.31244,-0.104601,1.61526,1.54771,10,2389,1.83234,0
1776813383490330359,1.22989,0.0488281,0.312462,0.0488281,1.67778,1.5561,10,2389,1.83234,-0.153368
1776813383495382319,1.22989,0.0546875,0.312462,-0.0986803,1.67778,1.5561,10,2388,1.83157,0
1776813383500374948,1.23004,0.0546875,0.311845,0.0546875,1.51818,1.5604,10,2388,1.83157,-0.153368
1776813383505344706,1.23004,0.0859375,0.311845,-0.0674303,1.51818,1.5604,10,2387,1.83081,-0.153399
1776813383510338779,1.23126,0.0859375,0.312295,0.0859375,1.59673,1.57822,10,2386,1.83004,0
1776813383515318056,1.23126,0.123047,0.311528,0.123047,1.59673,1.57822,10,2385,1.82927,-0.153399
1776813383520319443,1.23267,0.123047,0.31217,-0.0303516,1.56992,1.61617,10,2385,1.82927,-0.153399
1776813383525444402,1.23267,0.132812,0.31217,-0.020586,1.56992,1.61617,10,2384,1.82851,-0.153375
1776813383530380439,1.23359,0.132812,0.312325,-0.0205622,1.64728,1.62763,10,2383,1.82774,-0.153399
1776813383535331532,1.23359,0.138672,0.311558,-0.0147266,1.64728,1.62763,10,2381,1.8262,-0.153368
1776813383540333771,1.23406,0.138672,0.310494,-0.014696,1.68128,1.63398,10,2380,1.82544,-0.306858
1776813383545325696,1.23406,0.181641,0.309727,-0.125218,1.68128,1.63398,10,2378,1.8239,-0.153368
1776813383550325917,1.2367,0.181641,0.310831,0.0282728,1.5794,1.67533,10,2376,1.82237,-0.306736
1776813383555299860,1.2367,0.216797,0.309297,-0.0899388,1.5794,1.67533,10,2375,1.8216,-0.30692
1776813383560339488,1.23715,0.216797,0.308983,-0.0901229,1.6266,1.69826,10,2373,1.82007,-0.306797
1776813383565320246,1.23715,0.287109,0.307449,-0.0196877,1.6266,1.69826,10,2370,1.81777,-0.306736
1776813383570327781,1.24149,0.287109,0.309485,-0.0196263,1.67499,1.76603,10,2368,1.81623,-0.306736
1776813383575323243,1.24149,0.300781,0.307951,-0.00595441,1.67499,1.76603,10,2366,1.8147,-0.306858
1776813383580347630,1.24242,0.300781,0.305809,-0.159506,1.73148,1.77382,10,2363,1.8124,-0.460288
1776813383585322963,1.24242,0.300781,0.305809,-0.159506,1.73148,1.77382,10,2363,1.8124,-0.460288
1776813383590319110,1.24879,0.341797,0.308348,0.0349998,1.75172,1.8031,10,2358,1.80856,-0.306797
1776813383595359126,1.24879,0.349609,0.307581,0.0428123,1.75172,1.8031,10,2356,1.80703,-0.460288
1776813383600356587,1.25222,0.349609,0.309478,-0.110678,1.79453,1.87,10,2353,1.80473,-0.306736
1776813383605313346,1.25222,0.365234,0.307178,0.0584987,1.79453,1.87,10,2351,1.80319,-0.460196
1776813383610318400,1.25471,0.365234,0.308128,-0.0949612,1.76529,1.89469,10,2349,1.80166,-0.306797
1776813383615312936,1.25471,0.375,0.306594,0.068203,1.76529,1.89469,10,2347,1.80013,-0.306858
1776813383620317379,1.25581,0.375,0.306161,0.0681416,1.83137,1.90725,10,2345,1.79859,-0.306736
1776813383625314193,1.25581,0.304688,0.304628,-0.00204816,1.83137,1.90725,10,2343,1.79706,-0.306797
1776813383630327802,1.2619,0.304688,0.309189,-0.00210953,1.88958,1.90585,10,2342,1.79629,-0.153399
1776813383635320449,1.2619,0.275391,0.308422,0.121992,1.88958,1.90585,10,2341,1.79552,-0.306736
1776813383640317892,1.26269,0.275391,0.308437,-0.031345,1.87158,1.89411,10,2340,1.79476,0
1776813383645321391,1.26269,0.169922,0.30767,0.169922,1.87158,1.89411,10,2340,1.79476,-0.153399
1776813383650318278,1.26675,0.169922,0.311737,0.169922,1.86749,1.83399,10,2340,1.79476,0
1776813383655295926,1.26675,0.0566406,0.311737,0.0566406,1.86749,1.83399,10,2340,1.79476,0
1776813383660309535,1.26784,0.0566406,0.312828,0.0566406,1.88609,1.80208,10,2340,1.79476,0
1776813383665319108,1.26784,-0.0273438,0.312828,-0.0273438,1.88609,1.80208,10,2340,1.79476,0
1776813383670314884,1.26784,-0.0273438,0.312825,-0.0273438,1.89583,1.75419,10,2340,1.79476,0
1776813383675317549,1.26784,-0.0703125,0.312825,-0.0703125,1.89583,1.75419,10,2340,1.79476,0
1776813383680315641,1.26769,-0.0703125,0.312671,-0.0703125,1.74971,1.72872,10,2340,1.79476,0
1776813383685337157,1.26769,-0.148438,0.312671,-0.148438,1.74971,1.72872,10,2341,1.79552,0.153368
1776813383690327156,1.26581,-0.148438,0.311564,0.00493033,1.67391,1.67233,10,2342,1.79629,0.153368
1776813383695313859,1.26581,-0.144531,0.312331,0.00883658,1.67391,1.67233,10,2343,1.79706,0
1776813383700317265,1.26533,-0.144531,0.312619,-0.144531,1.66783,1.67152,10,2343,1.79706,0.153399
1776813383705304671,1.26533,-0.144531,0.312619,-0.144531,1.66783,1.67152,10,2343,1.79706,0.153399
1776813383710307892,1.26298,-0.0722656,0.310267,-0.0722656,1.76758,1.71271,10,2343,1.79706,0
1776813383715318798,1.26298,-0.0390625,0.310267,-0.0390625,1.76758,1.71271,10,2343,1.79706,0
1776813383720312259,1.26298,-0.0390625,0.310267,-0.0390625,1.67973,1.71674,10,2343,1.79706,0
1776813383725312740,1.26268,-0.0390625,0.309961,-0.0390625,1.67973,1.71674,10,2343,1.79706,0
1776813383730324331,1.26268,0.0527344,0.309961,0.0527344,1.74388,1.76713,10,2343,1.79706,0
1776813383735327199,1.26282,0.0527344,0.310101,0.0527344,1.74388,1.76713,10,2343,1.79706,0
1776813383740341568,1.26282,0.0507812,0.310101,0.0507812,1.74329,1.7669,10,2343,1.79706,0
1776813383745319215,1.26314,0.0507812,0.310424,0.0507812,1.74329,1.7669,10,2343,1.79706,0
1776813383750313122,1.26314,0.0429688,0.310424,0.0429688,1.81707,1.76449,10,2343,1.79706,0
1776813383755295528,1.2636,0.0429688,0.310887,0.0429688,1.81707,1.76449,10,2343,1.79706,0
1776813383760315452,1.2636,0.0195312,0.310887,0.0195312,1.78388,1.75407,10,2343,1.79706,0
1776813383765313969,1.26392,0.0195312,0.31121,0.0195312,1.78388,1.75407,10,2343,1.79706,0
1776813383770315338,1.26392,0,0.31121,0,1.79206,1.74498,10,2343,1.79706,0
1776813383775373002,1.26408,0,0.311363,0,1.79206,1.74498,10,2343,1.79706,0
1776813383780354983,1.26408,-0.0117188,0.311363,-0.0117188,1.78489,1.73927,10,2343,1.79706,0
1776813383785348130,1.26393,-0.0117188,0.311213,-0.0117188,1.78489,1.73927,10,2343,1.79706,0
1776813383790343258,1.26393,-0.00585938,0.311213,-0.00585938,1.64136,1.74166,10,2343,1.79706,0
1776813383795322350,1.26393,-0.00585938,0.311213,-0.00585938,1.64136,1.74166,10,2343,1.79706,0
1776813383800322663,1.26392,-0.00585938,0.31121,-0.00585938,1.71559,1.74164,10,2343,1.79706,0
1776813383805318940,1.26392,0.0214844,0.31121,0.0214844,1.71559,1.74164,10,2343,1.79706,0
1776813383810318550,1.26408,0.0214844,0.311363,0.0214844,1.66157,1.7582,10,2343,1.79706,0
1776813383815315956,1.26408,0.0214844,0.311363,0.0214844,1.66157,1.7582,10,2343,1.79706,0
1776813383820318584,1.26423,0.0214844,0.311516,0.0214844,1.7232,1.75917,10,2343,1.79706,0
1776813383825326249,1.26423,0.03125,0.311516,0.03125,1.7232,1.75917,10,2343,1.79706,0
1776813383830324266,1.2644,0.03125,0.311686,0.03125,1.83734,1.76581,10,2343,1.79706,0
1776813383835337135,1.2644,0.0117188,0.311686,0.0117188,1.83734,1.76581,10,2343,1.79706,0
1776813383840322745,1.26471,0.0117188,0.311992,0.0117188,1.78297,1.75662,10,2343,1.79706,0
1776813383845319781,1.26471,-0.0214844,0.311992,-0.0214844,1.78297,1.75662,10,2343,1.79706,0
1776813383850354390,1.26471,-0.0214844,0.311992,-0.0214844,1.80507,1.73769,10,2343,1.79706,0
1776813383855329722,1.26471,-0.0292969,0.311992,-0.0292969,1.80507,1.73769,10,2343,1.79706,0
1776813383860329239,1.26454,-0.0292969,0.311826,-0.0292969,1.67656,1.73218,10,2343,1.79706,0
1776813383865325257,1.26454,-0.0449219,0.311826,-0.0449219,1.67656,1.73218,10,2343,1.79706,0
1776813383870317830,1.26408,-0.0449219,0.311363,-0.0449219,1.87097,1.72328,10,2343,1.79706,0
1776813383875350828,1.26408,-0.0429688,0.311363,-0.0429688,1.87097,1.72328,10,2343,1.79706,0
1776813383880329586,1.26392,-0.0429688,0.31121,-0.0429688,1.62794,1.72049,10,2343,1.79706,0
1776813383885342918,1.26392,-0.0195312,0.31121,-0.0195312,1.62794,1.72049,10,2343,1.79706,0
1776813383890318491,1.26362,-0.0195312,0.310907,-0.0195312,1.75329,1.73193,10,2343,1.79706,0
1776813383895340396,1.26362,0,0.310907,0,1.75329,1.73193,10,2343,1.79706,0
1776813383900325784,1.26345,0,0.310737,0,1.72157,1.74199,10,2343,1.79706,0
1776813383905335023,1.26345,0.0292969,0.310737,0.0292969,1.72157,1.74199,10,2343,1.79706,0
1776813383910405872,1.26377,0.0292969,0.31106,0.0292969,1.68371,1.76073,10,2343,1.79706,0
1776813383915351076,1.26377,0.0292969,0.31106,0.0292969,1.68371,1.76073,10,2343,1.79706,0
1776813383920321038,1.26393,0.0292969,0.311213,0.0292969,1.72487,1.7617,10,2343,1.79706,0
1776813383925399831,1.26393,0.0253906,0.311213,0.0253906,1.72487,1.7617,10,2343,1.79706,0
1776813383930345202,1.26423,0.0253906,0.31152,0.0253906,1.71377,1.76142,10,2343,1.79706,0
1776813383935321386,1.26423,0.0136719,0.31152,0.0136719,1.71377,1.76142,10,2343,1.79706,0
1776813383940332792,1.26456,0.0136719,0.311842,0.0136719,1.69601,1.75474,10,2343,1.79706,0
1776813383945318754,1.26456,-0.00195312,0.311842,-0.00195312,1.69601,1.75474,10,2343,1.79706,0
1776813383950321289,1.26456,-0.00195312,0.311842,-0.00195312,1.70399,1.74788,10,2343,1.79706,0
1776813383955298603,1.26456,-0.0136719,0.311842,-0.0136719,1.70399,1.74788,10,2343,1.79706,0
1776813383960338379,1.26439,-0.0136719,0.311673,-0.0136719,1.72552,1.74012,10,2343,1.79706,0
1776813383965327155,1.26439,-0.0117188,0.311673,-0.0117188,1.72552,1.74012,10,2343,1.79706,0
1776813383970327710,1.2644,-0.0117188,0.311685,-0.0117188,1.83946,1.74131,10,2343,1.79706,0
1776813383975324745,1.2644,-0.00390625,0.311685,-0.00390625,1.83946,1.74131,10,2343,1.79706,0
1776813383980356169,1.26423,-0.00390625,0.311516,-0.00390625,1.73542,1.74469,10,2343,1.79706,0
1776813383985324206,1.26423,-0.00195312,0.311516,-0.00195312,1.73542,1.74469,10,2343,1.79706,0
1776813383990346278,1.26425,-0.00195312,0.311532,-0.00195312,1.7084,1.74591,10,2343,1.79706,0
1776813383995380683,1.26425,0,0.311532,0,1.7084,1.74591,10,2343,1.79706,0
1776813384000356330,1.26425,0,0.311532,0,1.73017,1.74702,10,2343,1.79706,0
1776813384005318775,1.26425,0.00390625,0.311532,0.00390625,1.73017,1.74702,10,2343,1.79706,0
1776813384010317255,1.2644,0.00390625,0.311685,0.00390625,1.71675,1.74925,10,2343,1.79706,0
1776813384015317902,1.2644,-0.00976562,0.311685,-0.00976562,1.71675,1.74925,10,2343,1.79706,0
1776813384020335660,1.2644,-0.00976562,0.311686,-0.00976562,1.74229,1.74243,10,2343,1.79706,0
1776813384025371528,1.2644,-0.00976562,0.311686,-0.00976562,1.74229,1.74243,10,2343,1.79706,0
1776813384030327232,1.26423,-0.00976562,0.311516,-0.00976562,1.8483,1.74136,10,2343,1.79706,0
1776813384035328953,1.26423,-0.0136719,0.311516,-0.0136719,1.8483,1.74136,10,2343,1.79706,0
1776813384040445801,1.26425,-0.0136719,0.311532,-0.0136719,1.74191,1.73923,10,2343,1.79706,0
1776813384045357042,1.26425,-0.015625,0.311532,-0.015625,1.74191,1.73923,10,2343,1.79706,0
1776813384050304894,1.26408,-0.015625,0.311362,-0.015625,1.75267,1.73704,10,2343,1.79706,0
1776813384055277449,1.26408,-0.00585938,0.311362,-0.00585938,1.75267,1.73704,10,2343,1.79706,0
1776813384060269763,1.26392,-0.00585938,0.311209,-0.00585938,1.79644,1.74164,10,2343,1.79706,0
1776813384065286243,1.26392,0.00976562,0.311209,0.00976562,1.79644,1.74164,10,2343,1.79706,0
1776813384070279872,1.26392,0.00976562,0.311209,0.00976562,1.63849,1.75054,10,2343,1.79706,0
1776813384075289352,1.26392,0.0195312,0.311209,0.0195312,1.63849,1.75054,10,2343,1.79706,0
1776813384080286481,1.26425,0.0195312,0.311532,0.0195312,1.68286,1.75611,10,2343,1.79706,0
1776813384085294720,1.26425,0.0214844,0.311532,0.0214844,1.68286,1.75611,10,2343,1.79706,0
1776813384090291515,1.2644,0.0214844,0.311685,0.0214844,1.69455,1.76024,10,2343,1.79706,0
1776813384095313217,1.2644,0.0078125,0.311685,0.0078125,1.69455,1.76024,10,2343,1.79706,0
1776813384100312827,1.26455,0.0078125,0.311835,0.0078125,1.74267,1.7534,10,2343,1.79706,0
1776813384105330548,1.26455,-0.00390625,0.311835,-0.00390625,1.74267,1.7534,10,2343,1.79706,0
1776813384110310955,1.26455,-0.00390625,0.311835,-0.00390625,1.82677,1.74672,10,2343,1.79706,0
1776813384115312620,1.26455,-0.0117188,0.311835,-0.0117188,1.82677,1.74672,10,2343,1.79706,0
1776813384120312823,1.26455,-0.0117188,0.311835,-0.0117188,1.77415,1.74226,10,2343,1.79706,0
1776813384125330377,1.26455,-0.0214844,0.311835,-0.0214844,1.77415,1.74226,10,2343,1.79706,0
1776813384130325542,1.2644,-0.0214844,0.311682,-0.0214844,1.76353,1.73573,10,2343,1.79706,0
1776813384135321523,1.2644,-0.0253906,0.311682,-0.0253906,1.76353,1.73573,10,2343,1.79706,0
1776813384140316985,1.26409,-0.0253906,0.311376,-0.0253906,1.77462,1.73156,10,2343,1.79706,0
1776813384145321447,1.26409,-0.0195312,0.311376,-0.0195312,1.77462,1.73156,10,2343,1.79706,0
1776813384150319760,1.26392,-0.0195312,0.311206,-0.0195312,1.7441,1.7349,10,2343,1.79706,0
1776813384155320278,1.26392,-0.0175781,0.311206,-0.0175781,1.7441,1.7349,10,2343,1.79706,0
1776813384160307443,1.26377,-0.0175781,0.311052,-0.0175781,1.66805,1.73396,10,2343,1.79706,0
1776813384165314627,1.26377,-0.0136719,0.311052,-0.0136719,1.66805,1.73396,10,2343,1.79706,0
1776813384170319885,1.26344,-0.0136719,0.310729,-0.0136719,1.71211,1.73415,10,2343,1.79706,0
1776813384175317477,1.26344,-0.015625,0.310729,-0.015625,1.71211,1.73415,10,2343,1.79706,0
1776813384180340272,1.26344,-0.015625,0.310729,-0.015625,1.71238,1.73303,10,2343,1.79706,0
1776813384185324863,1.26344,-0.0234375,0.310729,-0.0234375,1.71238,1.73303,10,2343,1.79706,0
1776813384190318733,1.26331,-0.0234375,0.310593,-0.0234375,1.74484,1.72771,10,2343,1.79706,0
1776813384195319583,1.26331,-0.0351562,0.310593,-0.0351562,1.74484,1.72771,10,2344,1.79783,0.153429
1776813384200326286,1.26283,-0.0351562,0.310884,0.118273,1.6721,1.71802,10,2344,1.79783,0
1776813384205318452,1.26283,-0.0390625,0.310884,-0.0390625,1.6721,1.71802,10,2344,1.79783,0
1776813384210323210,1.26268,-0.0390625,0.310731,-0.0390625,1.77892,1.71482,10,2345,1.79859,0.153399
1776813384215318709,1.26268,-0.0429688,0.311498,0.11043,1.77892,1.71482,10,2345,1.79859,0
1776813384220313022,1.26268,-0.0429688,0.311498,-0.0429688,1.69519,1.71259,10,2346,1.79936,0
1776813384225313521,1.26236,-0.0429688,0.311942,-0.0429688,1.69519,1.71259,10,2346,1.79936,0.153399
1776813384230330131,1.26236,-0.0527344,0.311942,0.100664,1.74241,1.70498,10,2346,1.79936,0
1776813384235330574,1.26127,-0.0527344,0.310857,-0.0527344,1.74241,1.70498,10,2346,1.79936,0
1776813384240321129,1.26127,-0.0527344,0.310857,-0.0527344,1.70983,1.69811,10,2347,1.80013,0.153399
1776813384245317128,1.26095,-0.0527344,0.311302,0.100664,1.70983,1.69811,10,2347,1.80013,0
1776813384250322756,1.26095,-0.0546875,0.311302,-0.0546875,1.71077,1.69495,10,2348,1.80089,0.15346
1776813384255308163,1.26049,-0.0546875,0.31161,0.0987724,1.71077,1.69495,10,2348,1.80089,0
1776813384260315513,1.26049,-0.0625,0.31161,-0.0625,1.64601,1.68759,10,2348,1.80089,0
1776813384265315197,1.25986,-0.0625,0.310985,-0.0625,1.64601,1.68759,10,2349,1.80166,0.153429
1776813384270335399,1.25986,-0.0722656,0.311752,0.0811636,1.82396,1.67806,10,2350,1.80243,0
1776813384275367268,1.25924,-0.0722656,0.311891,-0.0722656,1.82396,1.67806,10,2350,1.80243,0.153399
1776813384280362637,1.25924,-0.0761719,0.311891,0.0772266,1.73363,1.67185,10,2351,1.80319,0
1776813384285368451,1.25845,-0.0761719,0.311874,-0.0761719,1.73363,1.67185,10,2352,1.80396,0.153368
1776813384290328914,1.25845,-0.105469,0.312641,0.0478991,1.65157,1.65017,10,2353,1.80473,0.153429
1776813384295332412,1.25721,-0.105469,0.31217,0.0478991,1.65157,1.65017,10,2354,1.8055,0.153368
1776813384300321523,1.25721,-0.125,0.312937,0.0283678,1.68501,1.63118,10,2355,1.80626,0.153368
1776813384305315392,1.25657,-0.125,0.313059,0.0283678,1.68501,1.63118,10,2355,1.80626,0.15346
1776813384310309632,1.25657,-0.150391,0.313059,0.00306928,1.66744,1.61262,10,2356,1.80703,0.153337
1776813384315323501,1.25438,-0.150391,0.31164,0.00294656,1.66744,1.61262,10,2357,1.8078,0.15346
1776813384320317833,1.25377,-0.152344,0.312565,0.00105476,1.61961,1.59762,10,2358,1.80856,0.153399
1776813384325322721,1.25377,-0.123047,0.312565,0.0303516,1.61961,1.59762,10,2359,1.80933,0
1776813384330318905,1.25237,-0.123047,0.311924,-0.123047,1.61484,1.6015,10,2359,1.80933,0.153429
1776813384335321311,1.25237,-0.0957031,0.311924,0.0577261,1.61484,1.6015,10,2360,1.8101,0
1776813384340320477,1.25176,-0.0957031,0.312082,-0.0957031,1.52897,1.61322,10,2360,1.8101,0.153429
1776813384345327568,1.25176,-0.0390625,0.312082,0.114367,1.52897,1.61322,10,2360,1.8101,0
1776813384350324493,1.25081,-0.0390625,0.311135,-0.0390625,1.61991,1.63948,10,2360,1.8101,0
1776813384355321455,1.25081,-0.0273438,0.311135,-0.0273438,1.61991,1.63948,10,2360,1.8101,0
1776813384360411211,1.25066,-0.0273438,0.310986,-0.0273438,1.66533,1.64521,10,2360,1.8101,0
1776813384365350100,1.25066,-0.00195312,0.310986,-0.00195312,1.66533,1.64521,10,2360,1.8101,0
1776813384370324081,1.25051,-0.00195312,0.310834,-0.00195312,1.61994,1.65872,10,2360,1.8101,0
1776813384375390967,1.25051,0.0117188,0.310834,0.0117188,1.61994,1.65872,10,2360,1.8101,0
1776813384380358004,1.25049,0.0117188,0.310817,0.0117188,1.57377,1.6664,10,2360,1.8101,0
1776813384385330300,1.25049,-0.00390625,0.310817,-0.00390625,1.57377,1.6664,10,2360,1.8101,0
1776813384390322354,1.25049,-0.00390625,0.310817,-0.00390625,1.62641,1.65749,10,2360,1.8101,0
1776813384395323149,1.25049,-0.0136719,0.310817,-0.0136719,1.62641,1.65749,10,2361,1.81086,0
1776813384400325741,1.25051,-0.0136719,0.311601,-0.0136719,1.71226,1.65204,10,2361,1.81086,0.153399
1776813384405335850,1.25051,-0.0507812,0.311601,0.102617,1.71226,1.65204,10,2361,1.81086,0
1776813384410323572,1.25004,-0.0507812,0.311128,-0.0507812,1.62463,1.62787,10,2362,1.81163,0.153337
1776813384415334774,1.25004,-0.0664062,0.311895,0.0869309,1.62463,1.62787,10,2363,1.8124,0.153399
1776813384420324644,1.24973,-0.0664062,0.312358,0.0869923,1.7085,1.61703,10,2364,1.81317,0
1776813384425325494,1.24973,-0.115234,0.313125,-0.115234,1.7085,1.61703,10,2365,1.81393,0.153399
1776813384430319086,1.24973,-0.115234,0.313892,0.0381641,1.68039,1.5892,10,2366,1.8147,0.153429
1776813384435340603,1.24848,-0.115234,0.313408,0.0381948,1.68039,1.5892,10,2367,1.81547,0.306797
1776813384440319491,1.24848,-0.160156,-0.314143,0.146641,1.50719,1.55564,10,2369,1.817,0.153368
1776813384445324027,1.24708,-0.160156,-0.31401,-0.00678842,1.50719,1.55564,10,2370,1.81777,0.153429
1776813384450315285,1.24708,-0.207031,-0.313243,-0.0536021,1.67679,1.52,10,2372,1.8193,0.306736
1776813384455294414,1.24523,-0.207031,-0.313564,0.0997044,1.67679,1.52,10,2373,1.82007,0.153399
1776813384460314302,1.24523,-0.226562,-0.312797,-0.073164,1.59437,1.49705,10,2374,1.82084,0.306858
1776813384465325800,1.24288,-0.226562,0.313946,0.0802959,1.59437,1.49705,10,2375,1.8216,0.153368
1776813384470316096,1.24288,-0.205078,-0.313606,-0.0517103,1.51468,1.49436,10,2376,1.82237,0.153368
1776813384475331353,1.24088,-0.205078,0.313474,-0.0517103,1.51468,1.49436,10,2377,1.82314,0.15346
1776813384480321297,1.24088,-0.167969,-0.314077,-0.0145088,1.45701,1.50273,10,2378,1.8239,0.153399
1776813384485315722,1.23901,-0.167969,0.313137,-0.0145702,1.45701,1.50273,10,2379,1.82467,0.153399
1776813384490352961,1.23901,-0.138672,0.313904,0.0147266,1.49094,1.50748,10,2380,1.82544,0.153337
1776813384495343515,1.23747,-0.138672,0.313129,0.0146653,1.49094,1.50748,10,2381,1.8262,0.153399
1776813384500344310,1.23747,-0.158203,0.313896,-0.00480461,1.5445,1.4865,10,2383,1.82774,0.15346
1776813384505296755,1.23607,-0.158203,0.314036,-0.00480461,1.5445,1.4865,10,2384,1.82851,0.153399
1776813384510316661,1.23607,-0.179688,-0.313515,-0.026289,1.52189,1.46535,10,2385,1.82927,0.153368
1776813384515319437,1.23344,-0.179688,0.31294,-0.0263197,1.52189,1.46535,10,2386,1.83004,0.153405
1776813384520318955,1.23344,-0.169922,0.313707,-0.0165165,1.49561,1.45411,10,2387,1.83081,0.153368
1776813384525353508,1.23175,-0.169922,0.312782,-0.016554,1.49561,1.45411,10,2388,1.83157,0.306797
1776813384530391599,1.23175,-0.173828,0.313549,0.132969,1.40182,1.44106,10,2390,1.83311,0.153429
1776813384535326340,1.23098,-0.173828,-0.314009,-0.0203989,1.40182,1.44106,10,2391,1.83387,0.306736
1776813384540340524,1.23098,-0.191406,-0.313242,0.115329,1.33193,1.42609,10,2393,1.83541,0.153429
1776813384545320727,1.22912,-0.191406,-0.313567,-0.0379771,1.33193,1.42609,10,2395,1.83694,0.306736
1776813384550318226,1.22912,-0.246094,-0.312033,0.0606419,1.47606,1.38302,10,2397,1.83848,0.306858
1776813384555317039,1.22679,-0.246094,-0.312825,0.0607646,1.47606,1.38302,10,2399,1.84001,0.460196
1776813384560310483,1.22679,-0.359375,-0.311291,0.100821,1.39214,1.30355,10,2403,1.84308,0.306736
1776813384565320407,1.22249,-0.359375,-0.312522,-0.0526393,1.39214,1.30355,10,2405,1.84461,0.460288
1776813384570323425,1.22249,-0.384766,-0.310988,0.0755219,1.33343,1.26151,10,2408,1.84691,0.460196
1776813384575316905,1.22049,-0.384766,-0.308386,0.0753379,1.33343,1.26151,10,2412,1.84998,0.460104
1776813384580341903,1.22049,-0.433594,-0.307619,0.0265098,1.2819,1.22084,10,2414,1.85151,0.460196
1776813384585324125,1.2145,-0.433594,-0.312078,0.0266018,1.2819,1.22084,10,2416,1.85305,0.460196
1776813384590328698,1.2145,-0.441406,-0.310544,0.0187893,1.3559,1.17787,10,2420,1.85612,0.460104
1776813384595353437,1.21204,-0.441406,-0.309934,0.0186973,1.3559,1.17787,10,2422,1.85765,0.306797
1776813384600339677,1.21204,-0.396484,-0.3084,-0.0896873,1.19864,1.18765,10,2425,1.85995,0.460196
1776813384605328009,1.20591,-0.396484,-0.312232,0.0637112,1.19864,1.18765,10,2426,1.86072,0.306858
1776813384610310675,1.20591,-0.365234,-0.311465,-0.058376,1.19209,1.16595,10,2429,1.86302,0.306858
1776813384615329951,1.20376,-0.365234,-0.311317,-0.058376,1.19209,1.16595,10,2430,1.86379,0.153368
1776813384620396282,1.20376,-0.236328,-0.31055,-0.0829603,1.26316,1.22554,10,2431,1.86455,0.153399
1776813384625361337,1.19949,-0.236328,-0.314044,-0.0829296,1.26316,1.22554,10,2432,1.86532,0.153399
1776813384630321781,1.19949,-0.1875,-0.313277,-0.0341015,1.1153,1.22585,10,2432,1.86532,0.153399
1776813384635323521,1.19827,-0.1875,0.313817,-0.0341015,1.1153,1.22585,10,2433,1.86609,0.153399
1776813384640324594,1.19827,-0.0761719,-0.313734,0.0772266,1.25416,1.2814,10,2433,1.86609,0
1776813384645316371,1.19827,-0.0761719,-0.313734,-0.0761719,1.25416,1.2814,10,2433,1.86609,0
1776813384650321388,1.19644,-0.0761719,0.312751,-0.0761719,1.21708,1.26954,10,2434,1.86685,0.153368
1776813384655322998,1.19644,-0.0332031,0.313518,0.120165,1.21708,1.26954,10,2434,1.86685,0
1776813384660376588,1.19566,-0.0332031,0.312741,-0.0332031,1.3035,1.28901,10,2434,1.86685,0
1776813384665356699,1.19566,-0.0332031,0.312741,-0.0332031,1.3035,1.28901,10,2434,1.86685,0
1776813384670322717,1.19551,-0.0332031,0.312593,-0.0332031,1.27756,1.28805,10,2434,1.86685,0
1776813384675327160,1.19551,-0.015625,0.312593,-0.015625,1.27756,1.28805,10,2434,1.86685,0
1776813384680321992,1.19522,-0.015625,0.312299,-0.015625,1.31313,1.29617,10,2435,1.86762,0.153399
1776813384685350176,1.19522,-0.0136719,0.313066,0.139727,1.31313,1.29617,10,2435,1.86762,0
1776813384690330786,1.19507,-0.0136719,0.312919,-0.0136719,1.35512,1.29633,10,2435,1.86762,0
1776813384695330859,1.19507,-0.0078125,0.312919,-0.0078125,1.35512,1.29633,10,2435,1.86762,0
1776813384700319840,1.1949,-0.0078125,0.312751,-0.0078125,1.27761,1.29858,10,2435,1.86762,0
1776813384705294654,1.1949,-0.0136719,0.312751,-0.0136719,1.27761,1.29858,10,2435,1.86762,0
1776813384710347078,1.19475,-0.0136719,0.3126,-0.0136719,1.32608,1.29427,10,2435,1.86762,0
1776813384715323947,1.19475,-0.0175781,0.3126,-0.0175781,1.32608,1.29427,10,2436,1.86839,0.153337
1776813384720331205,1.19475,-0.0175781,0.313367,0.135759,1.41072,1.29204,10,2436,1.86839,0
1776813384725318297,1.19475,-0.0175781,0.313367,-0.0175781,1.41072,1.29204,10,2436,1.86839,0
1776813384730321148,1.19475,-0.00585938,0.313367,-0.00585938,1.37846,1.29872,10,2436,1.86839,0
1776813384735321924,1.1946,-0.00585938,0.31322,-0.00585938,1.37846,1.29872,10,2436,1.86839,0
1776813384740338182,1.1946,0.0175781,0.31322,0.0175781,1.35209,1.31113,10,2436,1.86839,0
1776813384745321200,1.19475,0.0175781,0.313367,0.0175781,1.35209,1.31113,10,2436,1.86839,0
1776813384750334865,1.19475,0.0273438,0.313367,0.0273438,1.37168,1.31765,10,2436,1.86839,0
1776813384755291384,1.19475,0.0273438,0.313367,0.0273438,1.37168,1.31765,10,2436,1.86839,0
1776813384760314456,1.19475,0.0449219,0.313367,0.0449219,1.25627,1.32767,10,2436,1.86839,0
1776813384765310196,1.19536,0.0449219,0.313976,0.0449219,1.25627,1.32767,10,2436,1.86839,0
1776813384770313139,1.19536,0.0429688,0.313976,0.0429688,1.3046,1.3305,10,2436,1.86839,0
1776813384775312138,1.19551,0.0429688,0.314123,0.0429688,1.3046,1.3305,10,2436,1.86839,0
1776813384780336266,1.19551,0.0566406,0.314123,0.0566406,1.33411,1.33924,10,2436,1.86839,0
1776813384785480391,1.19627,0.0566406,-0.313435,0.0566406,1.33411,1.33924,10,2436,1.86839,0
1776813384790348615,1.19627,0.0644531,-0.313435,0.0644531,1.33869,1.34861,10,2435,1.86762,-0.153399
1776813384795339318,1.19627,0.0644531,0.314117,-0.0889454,1.33869,1.34861,10,2434,1.86685,0
1776813384800323762,1.19673,0.0644531,0.313815,0.0644531,1.31203,1.35162,10,2434,1.86685,-0.153429
1776813384805297483,1.19673,0.0644531,0.313815,0.0644531,1.31203,1.35162,10,2434,1.86685,-0.153429
1776813384810311797,1.19828,0.0996094,0.313824,-0.0538198,1.3533,1.37166,10,2432,1.86532,-0.153429
1776813384815317055,1.19828,0.117188,0.313824,-0.0362417,1.3533,1.37166,10,2431,1.86455,0
1776813384820313665,1.1995,0.117188,-0.314041,0.117188,1.36616,1.39955,10,2430,1.86379,-0.153337
1776813384825317219,1.1995,0.123047,0.313511,-0.0302903,1.36616,1.39955,10,2429,1.86302,-0.153429
1776813384830320385,1.20011,0.123047,0.313354,-0.0303823,1.39004,1.40683,10,2429,1.86302,-0.153429
1776813384835327050,1.20011,0.136719,0.313354,-0.0167104,1.39004,1.40683,10,2428,1.86225,-0.153399
1776813384840320901,1.20192,0.136719,-0.313918,-0.0166798,1.41447,1.42633,10,2426,1.86072,-0.153337
1776813384845439267,1.20192,0.150391,0.312866,-0.00294656,1.41447,1.42633,10,2425,1.85995,-0.153429
1776813384850411008,1.20346,0.150391,0.313638,-0.00303857,1.36694,1.44406,10,2424,1.85918,-0.153399
1776813384855356545,1.20346,0.160156,0.312871,0.00675774,1.36694,1.44406,10,2423,1.85842,-0.153399
1776813384860332822,1.205,0.160156,0.313644,0.00675774,1.50902,1.45956,10,2422,1.85765,-0.153399
1776813384865320340,1.205,0.150391,0.312877,-0.00300789,1.50902,1.45956,10,2421,1.85688,-0.153368
1776813384870354004,1.205,0.150391,0.31211,-0.00297721,1.48632,1.454,10,2421,1.85688,-0.153429
1776813384875328022,1.20669,0.150391,0.313799,-0.00303857,1.48632,1.454,10,2420,1.85612,-0.153368
1776813384880342632,1.20669,0.126953,0.313032,-0.0264147,1.37025,1.45153,10,2420,1.85612,0
1776813384885319335,1.20806,0.126953,-0.313913,0.126953,1.37025,1.45153,10,2419,1.85535,-0.153429
1776813384890325426,1.20806,0.0625,0.313638,-0.0909292,1.5499,1.42365,10,2419,1.85535,0
1776813384895327851,1.20944,0.0625,-0.313302,0.0625,1.5499,1.42365,10,2419,1.85535,0
1776813384900327480,1.20944,0.0449219,-0.313302,0.0449219,1.48927,1.42251,10,2419,1.85535,0
1776813384905320294,1.20974,0.0449219,-0.313005,0.0449219,1.48927,1.42251,10,2418,1.85458,-0.153429
1776813384910347236,1.20974,0.0273438,-0.313772,-0.126085,1.42496,1.4144,10,2418,1.85458,0
1776813384915326032,1.2102,0.0273438,-0.313307,0.0273438,1.42496,1.4144,10,2418,1.85458,0
1776813384920320679,1.2102,0.0332031,-0.313307,0.0332031,1.3959,1.42074,10,2417,1.85382,-0.153337
1776813384925318696,1.21035,0.0332031,-0.313925,-0.120134,1.3959,1.42074,10,2417,1.85382,0
1776813384930336399,1.21035,0.078125,-0.313925,0.078125,1.47411,1.4473,10,2416,1.85305,-0.153399
1776813384935320879,1.21128,0.078125,-0.313762,-0.0752735,1.47411,1.4473,10,2415,1.85228,-0.153368
1776813384940327711,1.21128,0.09375,0.313023,-0.0596485,1.36648,1.4622,10,2414,1.85151,-0.153399
1776813384945315877,1.21175,0.09375,0.313488,-0.0596485,1.36648,1.4622,10,2413,1.85075,-0.153368
1776813384950348875,1.21175,0.148438,0.312721,-0.00493033,1.40976,1.49637,10,2411,1.84921,-0.15346
1776813384955336763,1.21357,0.148438,0.313011,-0.00502241,1.40976,1.49637,10,2411,1.84921,-0.153368
1776813384960324170,1.21357,0.169922,0.313011,0.016554,1.47289,1.52035,10,2409,1.84768,-0.153399
1776813384965326280,1.21436,0.169922,0.312264,0.0165234,1.47289,1.52035,10,2408,1.84691,-0.153399
1776813384970322168,1.21436,0.1875,0.311497,0.0341015,1.46801,1.53543,10,2407,1.84615,-0.153399
1776813384975328426,1.21711,0.1875,0.313485,0.0341015,1.46801,1.53543,10,2406,1.84538,-0.306797
1776813384980340906,1.21711,0.173828,0.312718,-0.132969,1.6082,1.54536,10,2405,1.84461,0
1776813384985330942,1.21788,0.173828,0.312716,0.173828,1.6082,1.54536,10,2405,1.84461,-0.153368
1776813384990321941,1.21788,0.0976562,0.312716,-0.0557116,1.53952,1.50685,10,2405,1.84461,0
1776813384995334310,1.22002,0.0976562,-0.313456,0.0976562,1.53952,1.50685,10,2404,1.84384,-0.153429
1776813385000367586,1.22002,0.0703125,0.314096,-0.0831167,1.50973,1.50506,10,2404,1.84384,0
1776813385005327382,1.22049,0.0703125,-0.313755,0.0703125,1.50973,1.50506,10,2404,1.84384,0
1776813385010323141,1.22049,0.0195312,-0.313755,0.0195312,1.48882,1.47911,10,2404,1.84384,0
1776813385015343898,1.22049,0.0195312,-0.313755,0.0195312,1.48882,1.47911,10,2404,1.84384,0
1776813385020325953,1.22111,0.0195312,-0.313135,0.0195312,1.42878,1.4831,10,2404,1.84384,0
1776813385025325804,1.22111,0.0214844,-0.313135,0.0214844,1.42878,1.4831,10,2404,1.84384,0
1776813385030325896,1.22141,0.0214844,-0.31284,0.0214844,1.4896,1.48611,10,2403,1.84308,0
1776813385035327562,1.22141,0.0253906,-0.313607,0.0253906,1.4896,1.48611,10,2403,1.84308,-0.153399
1776813385040375115,1.22158,0.0253906,-0.313438,-0.128008,1.38475,1.48941,10,2403,1.84308,0
1776813385045330764,1.22158,0.0332031,-0.313438,0.0332031,1.38475,1.48941,10,2403,1.84308,0
1776813385050320337,1.22187,0.0332031,-0.313139,0.0332031,1.46764,1.49579,10,2403,1.84308,0
1776813385055338762,1.22187,0.0332031,-0.313139,0.0332031,1.46764,1.49579,10,2402,1.84231,-0.153337
1776813385060317391,1.22202,0.0332031,-0.313757,-0.120134,1.38901,1.49675,10,2402,1.84231,0
1776813385065329149,1.22202,0.0390625,-0.313757,0.0390625,1.38901,1.49675,10,2401,1.84154,0
1776813385070331241,1.22264,0.0390625,-0.313907,0.0390625,1.55037,1.50405,10,2401,1.84154,-0.153399
1776813385075356221,1.22264,0.0566406,-0.313907,-0.0967579,1.55037,1.50405,10,2400,1.84078,0
1776813385080326406,1.22311,0.0566406,0.314117,0.0566406,1.48303,1.51709,10,2400,1.84078,-0.153368
1776813385085314461,1.22311,0.0742188,0.314117,-0.0791491,1.48303,1.51709,10,2399,1.84001,0
1776813385090352422,1.22311,0.0742188,0.31335,0.0742188,1.46514,1.52711,10,2399,1.84001,-0.153399
1776813385095346884,1.22371,0.0742188,0.313948,-0.0791798,1.46514,1.52711,10,2398,1.83924,0
1776813385100350883,1.22371,0.0820312,0.313181,0.0820312,1.51657,1.5354,10,2398,1.83924,-0.153399
1776813385105295143,1.22495,0.0820312,-0.313902,-0.0713673,1.51657,1.5354,10,2397,1.83848,-0.153429
1776813385110310641,1.22495,0.0820312,0.31365,-0.0713979,1.50644,1.54333,10,2397,1.83848,0
1776813385115315418,1.22542,0.0820312,0.314118,0.0820312,1.50644,1.54333,10,2396,1.83771,-0.153399
1776813385120329454,1.22542,0.078125,0.313351,-0.0752735,1.47647,1.5441,10,2395,1.83694,0
1776813385125332657,1.22665,0.078125,0.313821,0.078125,1.47647,1.5441,10,2395,1.83694,-0.15346
1776813385130327989,1.22665,0.0800781,0.313821,-0.0733818,1.54517,1.55315,10,2394,1.83617,0
1776813385135317026,1.22695,0.0800781,0.313354,0.0800781,1.54517,1.55315,10,2394,1.83617,-0.153399
1776813385140336710,1.22695,0.0800781,0.313354,-0.0733204,1.59707,1.55507,10,2393,1.83541,0
1776813385145337912,1.22819,0.0800781,0.313828,0.0800781,1.59707,1.55507,10,2393,1.83541,-0.153399
1776813385150325782,1.22819,0.0800781,0.313828,-0.0733204,1.6245,1.56302,10,2392,1.83464,-0.153337
1776813385155328837,1.22866,0.0800781,0.31353,-0.0732591,1.6245,1.56302,10,2392,1.83464,0
1776813385160316725,1.22866,0.0996094,0.31353,0.0996094,1.57574,1.57716,10,2391,1.83387,-0.153368
1776813385165317465,1.22866,0.0996094,0.312763,-0.0537585,1.57574,1.57716,10,2390,1.83311,-0.153429
1776813385170318853,1.23005,0.0996094,0.313381,-0.0538198,1.61856,1.58603,10,2389,1.83234,-0.153368
1776813385175395109,1.23005,0.138672,0.312614,-0.014696,1.61856,1.58603,10,2388,1.83157,-0.153429
1776813385180360424,1.23173,0.138672,0.313534,-0.0147573,1.48044,1.61909,10,2387,1.83081,-0.153368
1776813385185343312,1.23173,0.166016,0.312767,0.0126478,1.48044,1.61909,10,2386,1.83004,-0.153399
1776813385190326016,1.23329,0.166016,0.31356,0.0126171,1.68202,1.64465,10,2384,1.82851,-0.153429
1776813385195328015,1.23329,0.179688,0.312026,0.0262583,1.68202,1.64465,10,2383,1.82774,-0.153344
1776813385200319736,1.23499,0.179688,0.312952,0.0263435,1.6873,1.66327,10,2382,1.82697,-0.306858
1776813385205303847,1.23499,0.185547,0.312185,-0.121312,1.6873,1.66327,10,2380,1.82544,-0.153368
1776813385210308420,1.23685,0.185547,0.312514,0.032179,1.57614,1.67851,10,2379,1.82467,-0.153399
1776813385215324196,1.23685,0.205078,0.311747,0.0516796,1.57614,1.67851,10,2377,1.82314,-0.306736
1776813385220425193,1.23887,0.205078,0.312229,-0.101658,1.6701,1.70252,10,2375,1.8216,-0.30692
1776813385225374193,1.23887,0.257812,0.310695,-0.0491073,1.6701,1.70252,10,2373,1.82007,-0.306736
1776813385230326786,1.24102,0.257812,0.311313,-0.0489232,1.73673,1.74631,10,2371,1.81853,-0.306858
1776813385235374506,1.24102,0.300781,0.309779,-0.00607714,1.73673,1.74631,10,2369,1.817,-0.306797
1776813385240375931,1.24102,0.300781,0.308245,-0.00601578,1.69669,1.7708,10,2366,1.8147,-0.460196
1776813385245367597,1.24398,0.300781,0.308905,-0.159414,1.69669,1.7708,10,2365,1.81393,-0.306797
1776813385250334838,1.24398,0.34375,0.308138,0.036953,1.76019,1.81418,10,2362,1.81163,-0.306736
1776813385255315134,1.24881,0.34375,0.310665,0.0370143,1.76019,1.81418,10,2360,1.8101,-0.460196
1776813385260313207,1.24881,0.353516,0.309131,-0.10668,1.85344,1.8505,10,2357,1.8078,-0.306858
1776813385265318465,1.25237,0.353516,0.310397,0.0466572,1.85344,1.8505,10,2355,1.80626,-0.306797
1776813385270349741,1.25237,0.341797,0.308863,0.0349998,1.77678,1.8665,10,2352,1.80396,-0.460104
1776813385275327185,1.25393,0.341797,0.308119,-0.118307,1.77678,1.8665,10,2350,1.80243,-0.306797
1776813385280346092,1.25393,0.347656,0.306585,0.0408592,1.78685,1.87974,10,2348,1.80089,-0.306797
1776813385285345054,1.25924,0.347656,0.310357,0.0408592,1.78685,1.87974,10,2346,1.79936,-0.306797
1776813385290419718,1.25924,0.328125,0.308823,0.021328,1.85393,1.90229,10,2344,1.79783,-0.306797
1776813385295329071,1.2608,0.328125,0.308848,0.021328,1.85393,1.90229,10,2343,1.79706,-0.153399
1776813385300322126,1.2608,0.267578,0.308081,0.11418,1.81853,1.87767,10,2342,1.79629,-0.306797
1776813385305298107,1.26392,0.267578,0.310441,-0.0392189,1.81853,1.87767,10,2341,1.79552,-0.153429
1776813385310314180,1.26392,0.167969,0.309674,0.0145396,1.79507,1.84072,10,2341,1.79552,0
1776813385315317475,1.26392,0.167969,0.309674,0.167969,1.79507,1.84072,10,2341,1.79552,0
1776813385320329474,1.26738,0.167969,0.313131,0.167969,1.93828,1.8626,10,2340,1.79476,-0.153399
1776813385325319232,1.26738,0.00585938,0.312364,-0.147539,1.93828,1.8626,10,2340,1.79476,0
1776813385330337620,1.26862,0.00585938,0.313608,0.00585938,1.8153,1.77807,10,2340,1.79476,0
1776813385335320897,1.26862,-0.0722656,0.313608,-0.0722656,1.8153,1.77807,10,2340,1.79476,0
1776813385340323655,1.26832,-0.0722656,0.313301,-0.0722656,1.78361,1.73159,10,2341,1.79552,0
1776813385345315895,1.26832,-0.130859,0.314068,-0.130859,1.78361,1.73159,10,2341,1.79552,0.153399
1776813385350327579,1.26721,-0.130859,0.312961,0.0225391,1.78407,1.69119,10,2342,1.79629,0
1776813385355317338,1.26721,-0.142578,0.313728,-0.142578,1.78407,1.69119,10,2342,1.79629,0.153368
1776813385360317041,1.26581,-0.142578,0.312327,0.0107897,1.80786,1.67564,10,2343,1.79706,0.153429
1776813385365317503,1.26581,-0.109375,0.313094,0.0440542,1.80786,1.67564,10,2343,1.79706,0
1776813385370319261,1.26455,-0.109375,0.311831,-0.109375,1.65208,1.68657,10,2343,1.79706,0
1776813385375319705,1.26455,-0.0625,0.311831,-0.0625,1.65208,1.68657,10,2343,1.79706,0
1776813385380375480,1.26377,-0.0625,0.311052,-0.0625,1.73743,1.70836,10,2343,1.79706,0
1776813385385345036,1.26377,-0.00390625,0.311052,-0.00390625,1.73743,1.70836,10,2343,1.79706,0
1776813385390322702,1.26346,-0.00390625,0.310742,-0.00390625,1.72464,1.74175,10,2343,1.79706,0
1776813385395327090,1.26346,0.0507812,0.310742,0.0507812,1.72464,1.74175,10,2343,1.79706,0
1776813385400317330,1.26392,0.0507812,0.311209,0.0507812,1.76542,1.77392,10,2343,1.79706,0
1776813385405314866,1.26392,0.0546875,0.311209,0.0546875,1.76542,1.77392,10,2343,1.79706,0
1776813385410307291,1.26425,0.0546875,0.311532,0.0546875,1.73252,1.77819,10,2343,1.79706,0
1776813385415322457,1.26425,0.0410156,0.311532,0.0410156,1.73252,1.77819,10,2343,1.79706,0
1776813385420318937,1.26471,0.0410156,0.311995,0.0410156,1.83953,1.77333,10,2343,1.79706,0
1776813385425326196,1.26471,0.0175781,0.311995,0.0175781,1.83953,1.77333,10,2343,1.79706,0
1776813385430318380,1.26502,0.0175781,0.312301,0.0175781,1.80767,1.76192,10,2343,1.79706,0
1776813385435320935,1.26502,-0.00976562,0.312301,-0.00976562,1.80767,1.76192,10,2343,1.79706,0
1776813385440321249,1.26502,-0.00976562,0.312301,-0.00976562,1.65975,1.74633,10,2343,1.79706,0
1776813385445329748,1.26502,-0.0175781,0.312301,-0.0175781,1.65975,1.74633,10,2343,1.79706,0
1776813385450322247,1.26486,-0.0175781,0.312148,-0.0175781,1.78652,1.74091,10,2343,1.79706,0
1776813385455300895,1.26486,-0.0175781,0.312148,-0.0175781,1.78652,1.74091,10,2343,1.79706,0
1776813385460306116,1.26486,-0.0175781,0.312148,-0.0175781,1.70042,1.74091,10,2343,1.79706,0
1776813385465327633,1.26486,-0.0175781,0.312148,-0.0175781,1.70042,1.74091,10,2343,1.79706,0
1776813385470317151,1.26486,0.0292969,0.312148,0.0292969,1.78651,1.76763,10,2343,1.79706,0
1776813385475317465,1.26486,0.0292969,0.312148,0.0292969,1.78651,1.76763,10,2343,1.79706,0
1776813385480320927,1.26486,0.03125,0.312148,0.03125,1.68887,1.76874,10,2343,1.79706,0
1776813385485330481,1.26519,0.03125,0.312471,0.03125,1.68887,1.76874,10,2343,1.79706,0
1776813385490319499,1.26519,0.03125,0.312471,0.03125,1.67758,1.77078,10,2343,1.79706,0
1776813385495320609,1.26549,0.03125,0.312778,0.03125,1.67758,1.77078,10,2343,1.79706,0
1776813385500340071,1.26549,0.0195312,0.312778,0.0195312,1.72365,1.76604,10,2343,1.79706,0
1776813385505299663,1.26566,0.0195312,0.312944,0.0195312,1.72365,1.76604,10,2343,1.79706,0
1776813385510316292,1.26566,-0.0273438,0.312944,-0.0273438,1.79918,1.74038,10,2343,1.79706,0
1776813385515314050,1.26566,-0.0273438,0.312944,-0.0273438,1.79918,1.74038,10,2343,1.79706,0
1776813385520322679,1.26566,-0.0390625,0.312944,-0.0390625,1.73245,1.7337,10,2343,1.79706,0
1776813385525315456,1.26566,-0.0390625,0.312944,-0.0390625,1.73245,1.7337,10,2343,1.79706,0
1776813385530347547,1.26534,-0.0390625,0.312621,-0.0390625,1.75614,1.73165,10,2343,1.79706,0
1776813385535323843,1.26534,-0.046875,0.312621,-0.046875,1.75614,1.73165,10,2343,1.79706,0
1776813385540320416,1.26503,-0.046875,0.312314,-0.046875,1.67973,1.72526,10,2343,1.79706,0
1776813385545380136,1.26503,-0.0292969,0.312314,-0.0292969,1.67973,1.72526,10,2343,1.79706,0
1776813385550329136,1.2644,-0.0292969,0.311685,-0.0292969,1.74462,1.73129,10,2343,1.79706,0
1776813385555303802,1.2644,-0.0214844,0.311685,-0.0214844,1.74462,1.73129,10,2343,1.79706,0
1776813385560317061,1.2644,-0.0214844,0.311685,-0.0214844,1.6567,1.73574,10,2343,1.79706,0
1776813385565319597,1.2644,0.0136719,0.311685,0.0136719,1.6567,1.73574,10,2343,1.79706,0
1776813385570342354,1.26423,0.0136719,0.311515,0.0136719,1.70041,1.75471,10,2343,1.79706,0
1776813385575324391,1.26423,0.0253906,0.311515,0.0253906,1.70041,1.75471,10,2343,1.79706,0
1776813385580369759,1.2644,0.0253906,0.311685,0.0253906,1.87248,1.76246,10,2343,1.79706,0
1776813385585335759,1.2644,0.0332031,0.311685,0.0332031,1.87248,1.76246,10,2343,1.79706,0
1776813385590330814,1.26486,0.0332031,0.312144,0.0332031,1.79688,1.76983,10,2343,1.79706,0
1776813385595348572,1.26486,0.0292969,0.312144,0.0292969,1.79688,1.76983,10,2343,1.79706,0
1776813385600330275,1.26486,0.0292969,0.312144,0.0292969,1.85084,1.7676,10,2343,1.79706,0
1776813385605310238,1.26503,0.0292969,0.312314,0.0292969,1.85084,1.7676,10,2343,1.79706,0
1776813385610317089,1.26503,0.00195312,0.312314,0.00195312,1.78607,1.75309,10,2343,1.79706,0
1776813385615323532,1.26533,0.00195312,0.312617,0.00195312,1.78607,1.75309,10,2343,1.79706,0
1776813385620318290,1.26533,-0.015625,0.312617,-0.015625,1.78647,1.74499,10,2343,1.79706,0
1776813385625323697,1.26518,-0.015625,0.312464,-0.015625,1.78647,1.74499,10,2343,1.79706,0
1776813385630319103,1.26518,-0.0078125,0.312464,-0.0078125,1.72178,1.74847,10,2343,1.79706,0
1776813385635355268,1.26518,-0.0078125,0.312464,-0.0078125,1.72178,1.74847,10,2343,1.79706,0
1776813385640338323,1.26518,-0.00390625,0.312464,-0.00390625,1.67732,1.7507,10,2343,1.79706,0
1776813385645347970,1.26503,-0.00390625,0.312311,-0.00390625,1.67732,1.7507,10,2343,1.79706,0
1776813385650315081,1.26503,-0.00195312,0.312311,-0.00195312,1.76514,1.75084,10,2343,1.79706,0
1776813385655403208,1.26503,-0.00195312,0.312311,-0.00195312,1.76514,1.75084,10,2343,1.79706,0
1776813385660336783,1.26503,0.00585938,0.312311,0.00585938,1.74108,1.75529,10,2343,1.79706,0
1776813385665354226,1.26503,0.00585938,0.312311,0.00585938,1.74108,1.75529,10,2343,1.79706,0
1776813385670442390,1.26503,0.00585938,0.312311,0.00585938,1.75424,1.75529,10,2343,1.79706,0
1776813385675443944,1.26503,0.00585938,0.312311,0.00585938,1.75424,1.75529,10,2343,1.79706,0
1776813385680336316,1.26501,0.00585938,0.312294,0.00585938,1.63533,1.75519,10,2343,1.79706,0
1776813385685381963,1.26501,0.00585938,0.312294,0.00585938,1.63533,1.75519,10,2343,1.79706,0
1776813385690377295,1.26503,-0.0078125,0.312314,-0.0078125,1.76534,1.7474,10,2343,1.79706,0
1776813385695341221,1.26503,-0.00976562,0.312314,-0.00976562,1.76534,1.7474,10,2343,1.79706,0
1776813385700321332,1.26486,-0.00976562,0.312144,-0.00976562,1.74412,1.74534,10,2343,1.79706,0
1776813385705292591,1.26486,-0.0078125,0.312144,-0.0078125,1.74412,1.74534,10,2343,1.79706,0
1776813385710311071,1.26488,-0.0078125,0.312164,-0.0078125,1.72265,1.74657,10,2343,1.79706,0
1776813385715334699,1.26488,-0.00195312,0.312164,-0.00195312,1.72265,1.74657,10,2343,1.79706,0
1776813385720335217,1.26471,-0.00195312,0.311991,-0.00195312,1.70065,1.74882,10,2343,1.79706,0
1776813385725328105,1.26471,0.0117188,0.311991,0.0117188,1.70065,1.74882,10,2343,1.79706,0
1776813385730320197,1.26471,0.0117188,0.311991,0.0117188,1.78649,1.75661,10,2343,1.79706,0
1776813385735380398,1.26471,0.0078125,0.311991,0.0078125,1.78649,1.75661,10,2343,1.79706,0
1776813385740354898,1.26471,0.0078125,0.311991,0.0078125,1.68836,1.75438,10,2343,1.79706,0
1776813385745318620,1.26486,0.0078125,0.312144,0.0078125,1.68836,1.75438,10,2343,1.79706,0
1776813385750326545,1.26486,0.015625,0.312144,0.015625,1.81854,1.75981,10,2343,1.79706,0
1776813385755299304,1.26519,0.015625,0.312471,0.015625,1.81854,1.75981,10,2343,1.79706,0
1776813385760338339,1.26519,0.00585938,0.312471,0.00585938,1.7758,1.75631,10,2343,1.79706,0
1776813385765316746,1.26517,0.00585938,0.312455,0.00585938,1.7758,1.75631,10,2343,1.79706,0
1776813385770325097,1.26517,0.00585938,0.312455,0.00585938,1.79709,1.7562,10,2343,1.79706,0
1776813385775317059,1.26534,0.00585938,0.312624,0.00585938,1.79709,1.7562,10,2343,1.79706,0
1776813385780340446,1.26534,-0.00976562,0.312624,-0.00976562,1.67989,1.74837,10,2343,1.79706,0
1776813385785328464,1.26534,-0.00976562,0.312621,-0.00976562,1.67989,1.74837,10,2343,1.79706,0
1776813385790320945,1.26534,-0.0078125,0.312621,-0.0078125,1.78635,1.74946,10,2343,1.79706,0
1776813385795314222,1.26517,-0.0078125,0.312451,-0.0078125,1.78635,1.74946,10,2343,1.79706,0
1776813385800367535,1.26517,-0.00976562,0.312451,-0.00976562,1.81873,1.74727,10,2343,1.79706,0
1776813385805311350,1.26518,-0.00976562,0.312467,-0.00976562,1.81873,1.74727,10,2343,1.79706,0
1776813385810354348,1.26518,-0.0078125,0.312467,-0.0078125,1.75237,1.74849,10,2343,1.79706,0
1776813385815337144,1.26518,-0.0078125,0.312467,-0.0078125,1.75237,1.74849,10,2343,1.79706,0
1776813385820357457,1.26501,-0.0078125,0.312297,-0.0078125,1.78639,1.74742,10,2343,1.79706,0
1776813385825328457,1.26501,0,0.312297,0,1.78639,1.74742,10,2343,1.79706,0
1776813385830319993,1.26503,0,0.312314,0,1.77645,1.75198,10,2343,1.79706,0
1776813385835323900,1.26503,0.00585938,0.312314,0.00585938,1.77645,1.75198,10,2343,1.79706,0
1776813385840319677,1.26501,0.00585938,0.312297,0.00585938,1.77548,1.75521,10,2343,1.79706,0
1776813385845320787,1.26501,-0.00195312,0.312297,-0.00195312,1.77548,1.75521,10,2343,1.79706,0
1776813385850333582,1.26501,-0.00195312,0.312297,-0.00195312,1.78642,1.75076,10,2343,1.79706,0
1776813385855328507,1.26501,0.00390625,0.312297,0.00390625,1.78642,1.75076,10,2343,1.79706,0
1776813385860321970,1.26501,0.00390625,0.312297,0.00390625,1.7438,1.7541,10,2343,1.79706,0
1776813385865323135,1.26501,-0.00390625,0.312297,-0.00390625,1.7438,1.7541,10,2343,1.79706,0
1776813385870317672,1.26501,-0.00390625,0.312297,-0.00390625,1.76514,1.74964,10,2343,1.79706,0
1776813385875320652,1.26501,-0.00195312,0.312297,-0.00195312,1.76514,1.74964,10,2343,1.79706,0
1776813385880318318,1.26501,-0.00195312,0.312297,-0.00195312,1.75416,1.75076,10,2343,1.79706,0
1776813385885336798,1.26501,0.00195312,0.312297,0.00195312,1.75416,1.75076,10,2343,1.79706,0
1776813385890343630,1.26518,0.00195312,0.312467,0.00195312,1.77536,1.75298,10,2343,1.79706,0
1776813385895318889,1.26518,0.00585938,0.312467,0.00585938,1.77536,1.75298,10,2343,1.79706,0
1776813385900318499,1.26518,0.00585938,0.312467,0.00585938,1.65737,1.75629,10,2343,1.79706,0
1776813385905347109,1.26518,0.00976562,0.312467,0.00976562,1.65737,1.75629,10,2343,1.79706,0
1776813385910319424,1.26518,0.00976562,0.312467,0.00976562,1.76524,1.75851,10,2343,1.79706,0
1776813385915320089,1.26518,0.00585938,0.312467,0.00585938,1.76524,1.75851,10,2343,1.79706,0
1776813385920328736,1.26534,0.00585938,0.312621,0.00585938,1.76525,1.75726,10,2343,1.79706,0
1776813385925321754,1.26534,0.00195312,0.312621,0.00195312,1.76525,1.75726,10,2343,1.79706,0
1776813385930323901,1.26534,0.00195312,0.312624,0.00195312,1.76552,1.75505,10,2343,1.79706,0
1776813385935322326,1.26534,0.00390625,0.312624,0.00390625,1.76552,1.75505,10,2343,1.79706,0
1776813385940319733,1.26534,0.00390625,0.312624,0.00390625,1.77556,1.75616,10,2343,1.79706,0
1776813385945315825,1.26534,-0.00976562,0.312624,-0.00976562,1.77556,1.75616,10,2343,1.79706,0
1776813385950316065,1.26534,-0.00976562,0.312624,-0.00976562,1.71015,1.74837,10,2343,1.79706,0
1776813385955304749,1.26534,-0.0078125,0.312624,-0.0078125,1.71015,1.74837,10,2343,1.79706,0
1776813385960304896,1.26534,-0.0078125,0.312624,-0.0078125,1.81879,1.74948,10,2343,1.79706,0
1776813385965312340,1.26534,-0.0078125,0.312624,-0.0078125,1.81879,1.74948,10,2343,1.79706,0
1776813385970343227,1.26519,-0.0078125,0.312471,-0.0078125,1.76477,1.74851,10,2343,1.79706,0
1776813385975320079,1.26519,-0.00195312,0.312471,-0.00195312,1.76477,1.74851,10,2343,1.79706,0
1776813385980335411,1.26502,-0.00195312,0.312301,-0.00195312,1.78683,1.75078,10,2343,1.79706,0
1776813385985325169,1.26502,0.00195312,0.312301,0.00195312,1.78683,1.75078,10,2343,1.79706,0
1776813385990321798,1.26519,0.00195312,0.312471,0.00195312,1.76459,1.75408,10,2343,1.79706,0
1776813385995320723,1.26519,0.0078125,0.312471,0.0078125,1.76459,1.75408,10,2343,1.79706,0
1776813386000324148,1.26519,0.0078125,0.312471,0.0078125,1.79683,1.75742,10,2343,1.79706,0
1776813386005295537,1.26519,0.00976562,0.312471,0.00976562,1.79683,1.75742,10,2343,1.79706,0
1776813386010318276,1.26517,0.00976562,0.312458,0.00976562,1.7116,1.75845,10,2343,1.79706,0
1776813386015315072,1.26517,0.00195312,0.312458,0.00195312,1.7116,1.75845,10,2343,1.79706,0
1776813386020349293,1.26534,0.00195312,0.312628,0.00195312,1.75399,1.75508,10,2343,1.79706,0
1776813386025321311,1.26534,0,0.312628,0,1.75399,1.75508,10,2343,1.79706,0
1776813386030321755,1.26534,0,0.312628,0,1.76474,1.75396,10,2343,1.79706,0
1776813386035315921,1.26534,-0.00976562,0.312628,-0.00976562,1.76474,1.75396,10,2343,1.79706,0
1776813386040319402,1.26534,-0.00976562,0.312628,-0.00976562,1.76357,1.7484,10,2343,1.79706,0
1776813386045316383,1.26534,-0.00390625,0.312628,-0.00390625,1.76357,1.7484,10,2343,1.79706,0
1776813386050389621,1.26517,-0.00390625,0.312458,-0.00390625,1.80795,1.75066,10,2343,1.79706,0
1776813386055316733,1.26519,0.00585938,0.312471,0.00585938,1.80795,1.75066,10,2343,1.79706,0
1776813386060313770,1.26519,-0.00195312,0.312471,-0.00195312,1.84015,1.75186,10,2343,1.79706,0
1776813386065329954,1.26517,-0.00195312,0.312455,-0.00195312,1.84015,1.75186,10,2343,1.79706,0
1776813386070316213,1.26517,0.00195312,0.312455,0.00195312,1.70027,1.75398,10,2343,1.79706,0
1776813386075332842,1.26517,0.00195312,0.312458,0.00195312,1.70027,1.75398,10,2343,1.79706,0
1776813386080313878,1.26517,0.0078125,0.312458,0.0078125,1.77559,1.75734,10,2343,1.79706,0
1776813386085314896,1.26534,0.0078125,0.312624,0.0078125,1.77559,1.75734,10,2343,1.79706,0
1776813386090318414,1.26534,0.00390625,0.312624,0.00390625,1.76499,1.75617,10,2343,1.79706,0
1776813386095419948,1.26534,0.00390625,0.312628,0.00390625,1.76499,1.75617,10,2343,1.79706,0
1776813386100341468,1.26534,0.00195312,0.312628,0.00195312,1.6698,1.75508,10,2343,1.79706,0
1776813386105332338,1.26534,0.00195312,0.312628,0.00195312,1.6698,1.75508,10,2343,1.79706,0
1776813386110361355,1.26534,-0.00390625,0.312628,-0.00390625,1.76501,1.75174,10,2343,1.79706,0
1776813386115407520,1.26534,-0.00390625,0.312627,-0.00390625,1.76501,1.75174,10,2343,1.79706,0
1776813386120334965,1.26534,-0.0078125,0.312627,-0.0078125,1.8183,1.74951,10,2343,1.79706,0
1776813386125318465,1.26534,-0.0078125,0.312627,-0.0078125,1.8183,1.74951,10,2343,1.79706,0
1776813386130330038,1.26534,-0.0078125,0.312627,-0.0078125,1.75331,1.74951,10,2343,1.79706,0
1776813386135324389,1.26534,-0.0078125,0.312624,-0.0078125,1.75331,1.74951,10,2343,1.79706,0
1776813386140320481,1.26534,-0.00195312,0.312624,-0.00195312,1.71147,1.75282,10,2343,1.79706,0
1776813386145317610,1.26534,-0.00195312,0.312624,-0.00195312,1.71147,1.75282,10,2343,1.79706,0
1776813386150363016,1.26534,-0.00195312,0.312624,-0.00195312,1.74364,1.75282,10,2343,1.79706,0
1776813386155336497,1.26534,0.00585938,0.312624,0.00585938,1.74364,1.75282,10,2343,1.79706,0
1776813386160322775,1.26534,0.00585938,0.312624,0.00585938,1.78726,1.75728,10,2343,1.79706,0
1776813386165326311,1.26534,0.00390625,0.312624,0.00390625,1.78726,1.75728,10,2343,1.79706,0
1776813386170325366,1.26534,0.00390625,0.312624,0.00390625,1.7334,1.75616,10,2343,1.79706,0
1776813386175312403,1.26534,0.00390625,0.312624,0.00390625,1.7334,1.75616,10,2343,1.79706,0
1776813386180320309,1.26534,0.00390625,0.312624,0.00390625,1.75375,1.75616,10,2343,1.79706,0
1776813386185333605,1.26534,0.00390625,0.312624,0.00390625,1.75375,1.75616,10,2343,1.79706,0
1776813386190320938,1.26534,0.00390625,0.312624,0.00390625,1.85019,1.75616,10,2343,1.79706,0
1776813386195312919,1.26534,-0.00195312,0.312624,-0.00195312,1.85019,1.75616,10,2343,1.79706,0
1776813386200446193,1.26534,-0.00195312,0.312624,-0.00195312,1.70185,1.75282,10,2343,1.79706,0
1776813386205322843,1.26534,-0.00195312,0.312624,-0.00195312,1.70185,1.75282,10,2343,1.79706,0
1776813386210311176,1.26534,-0.00195312,0.312624,-0.00195312,1.72268,1.75282,10,2343,1.79706,0
1776813386215318842,1.26534,-0.00195312,0.312624,-0.00195312,1.72268,1.75282,10,2343,1.79706,0
1776813386220325082,1.26532,-0.00195312,0.312607,-0.00195312,1.72187,1.75282,10,2343,1.79706,0
1776813386225322488,1.26532,-0.00195312,0.312607,-0.00195312,1.72187,1.75282,10,2343,1.79706,0
1776813386230311507,1.26534,-0.00195312,0.312624,-0.00195312,1.73297,1.75282,10,2343,1.79706,0
1776813386235323969,1.26534,0.00195312,0.312624,0.00195312,1.73297,1.75282,10,2343,1.79706,0
1776813386240357134,1.26534,0.00195312,0.312624,0.00195312,1.78758,1.75505,10,2343,1.79706,0
1776813386245349411,1.26534,0,0.312624,0,1.78758,1.75505,10,2343,1.79706,0
1776813386250314837,1.26534,0,0.312624,0,1.70875,1.75394,10,2343,1.79706,0
1776813386255308596,1.26534,-0.00195312,0.312624,-0.00195312,1.70875,1.75394,10,2343,1.79706,0
1776813386260309873,1.26534,-0.00195312,0.312624,-0.00195312,1.80801,1.75282,10,2343,1.79706,0
1776813386265317594,1.26534,0.00390625,0.312624,0.00390625,1.80801,1.75282,10,2343,1.79706,0
1776813386270331371,1.26532,0.00390625,0.312607,0.00390625,1.64732,1.75606,10,2343,1.79706,0
1776813386275347000,1.26532,0.00390625,0.312607,0.00390625,1.64732,1.75606,10,2343,1.79706,0
1776813386280359536,1.2655,0.00390625,0.312781,0.00390625,1.85165,1.75716,10,2343,1.79706,0
1776813386285337332,1.2655,-0.00390625,0.312781,-0.00390625,1.85165,1.75716,10,2343,1.79706,0
1776813386290318647,1.2655,-0.00390625,0.312781,-0.00390625,1.78627,1.7527,10,2343,1.79706,0
1776813386295312479,1.26549,-0.00390625,0.312778,-0.00390625,1.78627,1.7527,10,2343,1.79706,0
1776813386300320293,1.26549,-0.00195312,0.312778,-0.00195312,1.78687,1.7538,10,2343,1.79706,0
1776813386305347644,1.2655,-0.00195312,0.312781,-0.00195312,1.78687,1.7538,10,2343,1.79706,0
1776813386310327162,1.2655,0.00195312,0.312781,0.00195312,1.77621,1.75605,10,2343,1.79706,0
1776813386315324180,1.26549,0.00195312,0.312778,0.00195312,1.77621,1.75605,10,2343,1.79706,0
1776813386320317791,1.26549,-0.00390625,0.312778,-0.00390625,1.84016,1.75268,10,2343,1.79706,0
1776813386325343604,1.26549,-0.00390625,0.312778,-0.00390625,1.84016,1.75268,10,2343,1.79706,0
1776813386330334937,1.26549,-0.00195312,0.312778,-0.00195312,1.78648,1.7538,10,2343,1.79706,0
1776813386335334696,1.2655,-0.00195312,0.312781,-0.00195312,1.78648,1.7538,10,2343,1.79706,0
1776813386340315788,1.2655,-0.00195312,0.312781,-0.00195312,1.81844,1.75382,10,2343,1.79706,0
1776813386345323713,1.2655,-0.00195312,0.312781,-0.00195312,1.81844,1.75382,10,2343,1.79706,0
1776813386350314379,1.2655,0.00585938,0.312781,0.00585938,1.81821,1.75827,10,2343,1.79706,0
1776813386355294268,1.2655,0.00585938,0.312781,0.00585938,1.81821,1.75827,10,2343,1.79706,0
1776813386360308860,1.2655,0.00195312,0.312781,0.00195312,1.67953,1.75605,10,2343,1.79706,0
1776813386365313489,1.2655,0.00195312,0.312781,0.00195312,1.67953,1.75605,10,2343,1.79706,0
1776813386370324173,1.2655,0,0.312781,0,1.78641,1.75493,10,2343,1.79706,0
1776813386375314839,1.2655,0,0.312781,0,1.78641,1.75493,10,2343,1.79706,0
1776813386380332523,1.2655,0.00195312,0.312781,0.00195312,1.78747,1.75605,10,2343,1.79706,0
1776813386385340559,1.2655,0.00195312,0.312781,0.00195312,1.78747,1.75605,10,2343,1.79706,0
1776813386390333133,1.2655,0,0.312781,0,1.58222,1.75493,10,2343,1.79706,0
1776813386395310207,1.26549,0,0.312778,0,1.58222,1.75493,10,2343,1.79706,0
1776813386400314113,1.26549,0,0.312778,0,1.77636,1.75491,10,2343,1.79706,0
1776813386405295317,1.26549,0,0.312778,0,1.77636,1.75491,10,2343,1.79706,0
1776813386410331871,1.26549,0,0.312778,0,1.70058,1.75491,10,2343,1.79706,0
1776813386415318741,1.26549,0,0.312778,0,1.70058,1.75491,10,2343,1.79706,0
1776813386420324536,1.26549,0.00195312,0.312778,0.00195312,1.73258,1.75602,10,2343,1.79706,0
1776813386425328832,1.26549,0.00195312,0.312778,0.00195312,1.73258,1.75602,10,2343,1.79706,0
1776813386430315906,1.26549,0.00390625,0.312778,0.00390625,1.72181,1.75714,10,2343,1.79706,0
1776813386435313627,1.26549,0.00390625,0.312778,0.00390625,1.72181,1.75714,10,2343,1.79706,0
1776813386440322756,1.26549,0.00195312,0.312778,0.00195312,1.80786,1.75602,10,2343,1.79706,0
1776813386445329311,1.26566,0.00195312,0.312947,0.00195312,1.80786,1.75602,10,2343,1.79706,0
1776813386450320736,1.26566,0.00390625,0.312947,0.00390625,1.71124,1.75821,10,2343,1.79706,0
1776813386455308995,1.26565,0.00390625,0.312931,0.00390625,1.71124,1.75821,10,2343,1.79706,0
1776813386460308087,1.26565,-0.00195312,0.312931,-0.00195312,1.76473,1.75477,10,2343,1.79706,0
1776813386465316808,1.26565,-0.00195312,0.312931,-0.00195312,1.76473,1.75477,10,2343,1.79706,0
1776813386470323919,1.26565,0.00195312,0.312931,0.00195312,1.79748,1.75699,10,2343,1.79706,0
1776813386475351954,1.26565,0.00195312,0.312931,0.00195312,1.79748,1.75699,10,2343,1.79706,0
1776813386480321436,1.26565,-0.00390625,0.312931,-0.00390625,1.82951,1.75365,10,2343,1.79706,0
1776813386485317732,1.26566,-0.00390625,0.312947,-0.00390625,1.82951,1.75365,10,2343,1.79706,0
1776813386490329583,1.26566,-0.00390625,0.312947,-0.00390625,1.80796,1.75376,10,2343,1.79706,0
1776813386495318823,1.26549,-0.00390625,0.312777,-0.00390625,1.80796,1.75376,10,2343,1.79706,0
1776813386500319582,1.26549,0,0.312777,0,1.85107,1.75491,10,2343,1.79706,0
1776813386505304192,1.26549,0,0.312777,0,1.85107,1.75491,10,2343,1.79706,0
1776813386510309729,1.26549,0,0.312777,0,1.75392,1.75491,10,2343,1.79706,0
1776813386515317357,1.26549,0,0.312777,0,1.75392,1.75491,10,2343,1.79706,0
1776813386520319801,1.26549,0,0.312777,0,1.65736,1.75491,10,2343,1.79706,0
1776813386525330874,1.2655,0,0.312781,0,1.65736,1.75491,10,2343,1.79706,0
1776813386530330670,1.2655,-0.00195312,0.312781,-0.00195312,1.77559,1.75382,10,2343,1.79706,0
1776813386535326169,1.2655,-0.00195312,0.312781,-0.00195312,1.77559,1.75382,10,2343,1.79706,0
1776813386540316558,1.2655,-0.00390625,0.312781,-0.00390625,1.68974,1.7527,10,2343,1.79706,0
1776813386545313483,1.2655,-0.00390625,0.312781,-0.00390625,1.68974,1.7527,10,2343,1.79706,0
1776813386550403351,1.2655,-0.00390625,0.312781,-0.00390625,1.77557,1.7527,10,2343,1.79706,0
1776813386555355259,1.2655,-0.00390625,0.312781,-0.00390625,1.77557,1.7527,10,2343,1.79706,0
1776813386560342943,1.2655,0,0.312781,0,1.77552,1.75493,10,2343,1.79706,0
1776813386565335128,1.26549,0,0.312777,0,1.77552,1.75493,10,2343,1.79706,0
1776813386570330665,1.26549,-0.00195312,0.312777,-0.00195312,1.66664,1.7538,10,2343,1.79706,0
1776813386575410884,1.26549,-0.00195312,0.312777,-0.00195312,1.66664,1.7538,10,2343,1.79706,0
1776813386580357681,1.26549,0.00585938,0.312777,0.00585938,1.74373,1.75825,10,2343,1.79706,0
1776813386585345514,1.26566,0.00585938,0.312943,0.00585938,1.74373,1.75825,10,2343,1.79706,0
1776813386590349865,1.26566,0.00976562,0.312943,0.00976562,1.80783,1.76153,10,2343,1.79706,0
1776813386595347272,1.26564,0.00976562,0.312927,0.00976562,1.80783,1.76153,10,2343,1.79706,0
1776813386600383215,1.26564,0.015625,0.312927,0.015625,1.70994,1.76476,10,2343,1.79706,0
1776813386605312234,1.26579,0.015625,0.31308,0.015625,1.70994,1.76476,10,2343,1.79706,0
1776813386610312234,1.26579,0.0136719,0.31308,0.0136719,1.75455,1.76462,10,2343,1.79706,0
1776813386615330399,1.26579,0.0136719,0.31308,0.0136719,1.75455,1.76462,10,2343,1.79706,0
1776813386620330269,1.26579,0,0.31308,0,1.84013,1.75682,10,2343,1.79706,0
1776813386625339842,1.26597,0,0.313253,0,1.84013,1.75682,10,2343,1.79706,0
1776813386630317138,1.26597,-0.00195312,0.313253,-0.00195312,1.71125,1.75681,10,2343,1.79706,0
1776813386635335545,1.26597,-0.00195312,0.313253,-0.00195312,1.71125,1.75681,10,2343,1.79706,0
1776813386640322266,1.26597,-0.0078125,0.313253,-0.0078125,1.74327,1.75347,10,2343,1.79706,0
1776813386645325229,1.26596,-0.0078125,0.313245,-0.0078125,1.74327,1.75347,10,2343,1.79706,0
1776813386650316913,1.26596,0,0.313245,0,1.8078,1.75787,10,2343,1.79706,0
1776813386655319042,1.26598,0,0.313265,0,1.8078,1.75787,10,2343,1.79706,0
1776813386660311060,1.26598,-0.00390625,0.313265,-0.00390625,1.73284,1.75577,10,2343,1.79706,0
1776813386665314023,1.26598,-0.00390625,0.313268,-0.00390625,1.73284,1.75577,10,2343,1.79706,0
1776813386670317392,1.26598,-0.00585938,0.313268,-0.00585938,1.73253,1.75468,10,2343,1.79706,0
1776813386675324984,1.26598,-0.00585938,0.313268,-0.00585938,1.73253,1.75468,10,2343,1.79706,0
1776813386680320761,1.26598,-0.0078125,0.313268,-0.0078125,1.7754,1.75356,10,2343,1.79706,0
1776813386685322575,1.26581,-0.0078125,0.313095,-0.0078125,1.7754,1.75356,10,2343,1.79706,0
1776813386690321464,1.26581,-0.015625,0.313095,-0.015625,1.78601,1.74801,10,2343,1.79706,0
1776813386695316982,1.26583,-0.015625,0.313112,-0.015625,1.78601,1.74801,10,2343,1.79706,0
1776813386700328073,1.26583,-0.015625,0.313112,-0.015625,1.77554,1.74812,10,2343,1.79706,0
1776813386705296036,1.2655,-0.015625,0.312784,-0.015625,1.77554,1.74812,10,2343,1.79706,0
1776813386710310980,1.2655,-0.015625,0.312784,-0.015625,1.77575,1.74605,10,2343,1.79706,0
1776813386715398181,1.2655,-0.015625,0.312784,-0.015625,1.77575,1.74605,10,2343,1.79706,0
1776813386720345774,1.2655,-0.00585938,0.312784,-0.00585938,1.68651,1.75161,10,2343,1.79706,0
1776813386725324977,1.26534,-0.00585938,0.312627,-0.00585938,1.68651,1.75161,10,2343,1.79706,0
1776813386730342606,1.26534,0.00585938,0.312627,0.00585938,1.80787,1.7573,10,2343,1.79706,0
1776813386735324013,1.26534,0.00585938,0.312627,0.00585938,1.80787,1.7573,10,2343,1.79706,0
1776813386740326809,1.26534,0.015625,0.312627,0.015625,1.77559,1.76286,10,2343,1.79706,0
1776813386745325882,1.2655,0.015625,0.31278,0.015625,1.77559,1.76286,10,2343,1.79706,0
1776813386750322289,1.2655,0.0175781,0.31278,0.0175781,1.76502,1.76495,10,2343,1.79706,0
1776813386755318122,1.26565,0.0175781,0.312937,0.0175781,1.76502,1.76495,10,2343,1.79706,0
1776813386760308529,1.26565,0.015625,0.312937,0.015625,1.67875,1.76483,10,2343,1.79706,0
1776813386765331898,1.26581,0.015625,0.313091,0.015625,1.67875,1.76483,10,2343,1.79706,0
1776813386770317749,1.26581,0.00390625,0.313091,0.00390625,1.72233,1.75912,10,2343,1.79706,0
1776813386775317138,1.26596,0.00390625,0.313248,0.00390625,1.72233,1.75912,10,2343,1.79706,0
1776813386780340673,1.26596,0,0.313248,0,1.65933,1.75789,10,2343,1.79706,0
1776813386785344691,1.26596,0,0.313248,0,1.65933,1.75789,10,2343,1.79706,0
1776813386790323154,1.26613,0,0.313418,0,1.72175,1.75896,10,2343,1.79706,0
1776813386795324301,1.26613,-0.0195312,0.313418,-0.0195312,1.72175,1.75896,10,2343,1.79706,0
1776813386800324967,1.26598,-0.0195312,0.313265,-0.0195312,1.79761,1.74686,10,2343,1.79706,0
1776813386805310152,1.26598,-0.0136719,0.313265,-0.0136719,1.79761,1.74686,10,2343,1.79706,0
1776813386810378150,1.26583,-0.0136719,0.313111,-0.0136719,1.75498,1.74923,10,2343,1.79706,0
1776813386815353298,1.26583,-0.0136719,0.313111,-0.0136719,1.75498,1.74923,10,2343,1.79706,0
1776813386820321483,1.26566,-0.0136719,0.312941,-0.0136719,1.74387,1.74815,10,2343,1.79706,0
1776813386825320427,1.26566,-0.00195312,0.312941,-0.00195312,1.74387,1.74815,10,2343,1.79706,0
1776813386830320167,1.26567,-0.00195312,0.312958,-0.00195312,1.72224,1.75494,10,2343,1.79706,0
1776813386835318574,1.26567,0.0078125,0.312958,0.0078125,1.72224,1.75494,10,2343,1.79706,0
1776813386840316925,1.26567,0.0078125,0.312958,0.0078125,1.78534,1.7605,10,2343,1.79706,0
1776813386845328906,1.26567,0.00585938,0.312958,0.00585938,1.78534,1.7605,10,2343,1.79706,0
1776813386850329238,1.26566,0.00585938,0.312941,0.00585938,1.75407,1.75929,10,2343,1.79706,0
1776813386855333978,1.26566,0.00195312,0.312941,0.00195312,1.75407,1.75929,10,2343,1.79706,0
1776813386860331089,1.26566,0.00195312,0.312941,0.00195312,1.62565,1.75706,10,2343,1.79706,0
1776813386865317014,1.26583,0.00195312,0.313111,0.00195312,1.62565,1.75706,10,2343,1.79706,0
1776813386870313680,1.26583,-0.00390625,0.313111,-0.00390625,1.69981,1.7548,10,2343,1.79706,0
1776813386875329976,1.26566,-0.00390625,0.312942,-0.00390625,1.69981,1.7548,10,2343,1.79706,0
1776813386880329271,1.26566,-0.00585938,0.312942,-0.00585938,1.6998,1.75261,10,2343,1.79706,0
1776813386885322789,1.26566,-0.00585938,0.312942,-0.00585938,1.6998,1.75261,10,2343,1.79706,0
1776813386890311715,1.26566,0.00390625,0.312942,0.00390625,1.73246,1.75818,10,2343,1.79706,0
1776813386895323140,1.26566,0.00390625,0.312942,0.00390625,1.73246,1.75818,10,2343,1.79706,0
1776813386900314676,1.26566,0.0078125,0.312942,0.0078125,1.62618,1.7604,10,2343,1.79706,0
1776813386905293084,1.26566,0.0078125,0.312941,0.0078125,1.62618,1.7604,10,2343,1.79706,0
1776813386910307879,1.26566,0.00976562,0.312941,0.00976562,1.77599,1.76151,10,2343,1.79706,0
1776813386915321730,1.26583,0.00976562,0.313111,0.00976562,1.77599,1.76151,10,2343,1.79706,0
1776813386920310785,1.26583,0.0078125,0.313111,0.0078125,1.76472,1.76148,10,2343,1.79706,0
1776813386925316636,1.26581,0.0078125,0.313095,0.0078125,1.76472,1.76148,10,2343,1.79706,0
1776813386930357671,1.26581,0,0.313095,0,1.76491,1.75692,10,2343,1.79706,0
1776813386935318838,1.26581,0,0.313095,0,1.76491,1.75692,10,2343,1.79706,0
1776813386940316282,1.26598,0,0.313261,0,1.72157,1.75797,10,2343,1.79706,0
1776813386945314245,1.26598,-0.00976562,0.313261,-0.00976562,1.72157,1.75797,10,2343,1.79706,0
1776813386950325651,1.26581,-0.00976562,0.313091,-0.00976562,1.76483,1.75133,10,2343,1.79706,0
1776813386955294484,1.26581,-0.00976562,0.313091,-0.00976562,1.76483,1.75133,10,2343,1.79706,0
1776813386960311909,1.26582,-0.00976562,0.313108,-0.00976562,1.77557,1.75143,10,2343,1.79706,0
1776813386965319408,1.26582,-0.0078125,0.313108,-0.0078125,1.77557,1.75143,10,2343,1.79706,0
1776813386970330833,1.26565,-0.0078125,0.312938,-0.0078125,1.69004,1.75147,10,2343,1.79706,0
1776813386975311537,1.26565,-0.00195312,0.312938,-0.00195312,1.69004,1.75147,10,2343,1.79706,0
1776813386980356498,1.26566,-0.00195312,0.312941,-0.00195312,1.78797,1.75483,10,2343,1.79706,0
1776813386985326702,1.26566,0.00195312,0.312941,0.00195312,1.78797,1.75483,10,2343,1.79706,0
1776813386990331886,1.26566,0.00195312,0.312941,0.00195312,1.71083,1.75706,10,2343,1.79706,0
1776813386995320404,1.26566,0.00390625,0.312941,0.00390625,1.71083,1.75706,10,2343,1.79706,0
1776813387000340718,1.26566,0.00390625,0.312942,0.00390625,1.74358,1.75818,10,2343,1.79706,0
1776813387005379791,1.26566,0.00390625,0.312942,0.00390625,1.74358,1.75818,10,2343,1.79706,0
1776813387010382253,1.26566,0.00390625,0.312942,0.00390625,1.79704,1.75818,10,2343,1.79706,0
1776813387015339254,1.26583,0.00390625,0.313112,0.00390625,1.79704,1.75818,10,2343,1.79706,0
1776813387020482528,1.26583,0,0.313112,0,1.72164,1.75702,10,2343,1.79706,0
1776813387025380604,1.26583,0,0.313111,0,1.72164,1.75702,10,2343,1.79706,0
1776813387030317975,1.26583,-0.0078125,0.313111,-0.0078125,1.75416,1.75257,10,2343,1.79706,0
1776813387035317456,1.26583,-0.0078125,0.313111,-0.0078125,1.75416,1.75257,10,2343,1.79706,0
1776813387040316215,1.26583,-0.00585938,0.313111,-0.00585938,1.82986,1.75368,10,2343,1.79706,0
1776813387045323807,1.26566,-0.00585938,0.312941,-0.00585938,1.82986,1.75368,10,2343,1.79706,0
1776813387050321881,1.26566,-0.00585938,0.312941,-0.00585938,1.73264,1.75261,10,2343,1.79706,0
1776813387055306677,1.26566,-0.00585938,0.312941,-0.00585938,1.73264,1.75261,10,2343,1.79706,0
1776813387060314195,1.26566,0.00195312,0.312941,0.00195312,1.76524,1.75706,10,2343,1.79706,0
1776813387065366934,1.26566,0.00195312,0.312941,0.00195312,1.76524,1.75706,10,2343,1.79706,0
1776813387070326027,1.26566,0.00195312,0.312941,0.00195312,1.77595,1.75706,10,2343,1.79706,0
1776813387075328323,1.26566,0.00195312,0.312941,0.00195312,1.77595,1.75706,10,2343,1.79706,0
1776813387080324897,1.26566,0.00976562,0.312941,0.00976562,1.79742,1.76151,10,2343,1.79706,0
1776813387085322785,1.26566,0.00976562,0.312941,0.00976562,1.79742,1.76151,10,2343,1.79706,0
1776813387090314970,1.26581,0.00976562,0.313091,0.00976562,1.82953,1.76246,10,2343,1.79706,0
1776813387095318525,1.26581,0.00195312,0.313091,0.00195312,1.82953,1.76246,10,2343,1.79706,0
1776813387100315488,1.26598,0.00195312,0.313261,0.00195312,1.74373,1.75908,10,2343,1.79706,0
1776813387105303858,1.26598,0.00195312,0.313261,0.00195312,1.74373,1.75908,10,2343,1.79706,0
1776813387110308654,1.26597,0.00195312,0.313257,0.00195312,1.77541,1.75906,10,2343,1.79706,0
1776813387115314783,1.26597,0.00390625,0.313257,0.00390625,1.77541,1.75906,10,2343,1.79706,0
1776813387120318634,1.26597,0.00390625,0.313257,0.00390625,1.81865,1.76017,10,2343,1.79706,0
1776813387125323319,1.26597,0.00585938,0.313257,0.00585938,1.81865,1.76017,10,2343,1.79706,0
1776813387130319504,1.26597,0.00585938,0.313257,0.00585938,1.78662,1.76129,10,2343,1.79706,0
1776813387135328225,1.26597,-0.00195312,0.313257,-0.00195312,1.78662,1.76129,10,2343,1.79706,0
1776813387140316836,1.26597,-0.00195312,0.313257,-0.00195312,1.75416,1.75683,10,2343,1.79706,0
1776813387145314150,1.26597,0.00585938,0.313257,0.00585938,1.75416,1.75683,10,2343,1.79706,0
1776813387150314706,1.26595,0.00585938,0.31324,0.00585938,1.79708,1.76118,10,2343,1.79706,0
1776813387155303983,1.26595,0.00585938,0.31324,0.00585938,1.79708,1.76118,10,2343,1.79706,0
1776813387160306946,1.26595,0.00585938,0.31324,0.00585938,1.75412,1.76118,10,2343,1.79706,0
1776813387165322130,1.26612,0.00585938,0.31341,0.00585938,1.75412,1.76118,10,2343,1.79706,0
1776813387170311797,1.26612,-0.00195312,0.31341,-0.00195312,1.75412,1.7578,10,2343,1.79706,0
1776813387175323666,1.26612,-0.00195312,0.31341,-0.00195312,1.75412,1.7578,10,2343,1.79706,0
1776813387180319166,1.26612,-0.00585938,0.31341,-0.00585938,1.74379,1.75558,10,2343,1.79706,0
1776813387185351294,1.26613,-0.00585938,0.313414,-0.00585938,1.74379,1.75558,10,2343,1.79706,0
1776813387190333479,1.26613,-0.00585938,0.313414,-0.00585938,1.68909,1.7556,10,2343,1.79706,0
1776813387195320961,1.26596,-0.00585938,0.31324,-0.00585938,1.68909,1.7556,10,2343,1.79706,0
1776813387200318479,1.26596,0.00390625,0.31324,0.00390625,1.71148,1.76007,10,2343,1.79706,0
1776813387205291553,1.26595,0.00390625,0.31324,0.00390625,1.71148,1.76007,10,2343,1.79706,0
1776813387210307126,1.26595,0.0078125,0.31324,0.0078125,1.73207,1.76229,10,2343,1.79706,0
1776813387215311978,1.26612,0.0078125,0.31341,0.0078125,1.73207,1.76229,10,2343,1.79706,0
1776813387220316385,1.26612,0.0195312,0.31341,0.0195312,1.79728,1.77005,10,2343,1.79706,0
1776813387225318514,1.26628,0.0195312,0.313563,0.0195312,1.79728,1.77005,10,2343,1.79706,0
1776813387230365753,1.26628,0.0195312,0.313563,0.0195312,1.78637,1.77101,10,2343,1.79706,0
1776813387235365345,1.26628,0.0195312,0.313563,0.0195312,1.78637,1.77101,10,2343,1.79706,0
1776813387240342716,1.26645,0.0195312,0.313733,0.0195312,1.70998,1.77209,10,2343,1.79706,0
1776813387245324660,1.26645,0.00976562,0.313733,0.00976562,1.70998,1.77209,10,2343,1.79706,0
1776813387250326326,1.26658,0.00976562,0.31387,0.00976562,1.80786,1.76739,10,2343,1.79706,0
1776813387255293919,1.26658,0,0.31387,0,1.80786,1.76739,10,2343,1.79706,0
1776813387260311455,1.26675,0,0.31404,0,1.74233,1.7629,10,2343,1.79706,0
1776813387265315770,1.26675,-0.00195312,0.31404,-0.00195312,1.74233,1.7629,10,2343,1.79706,0
1776813387270337880,1.26675,-0.00195312,0.31404,-0.00195312,1.71124,1.76179,10,2343,1.79706,0
1776813387275317824,1.26675,-0.0078125,0.31404,-0.0078125,1.71124,1.76179,10,2343,1.79706,0
1776813387280324287,1.26658,-0.0078125,0.313866,-0.0078125,1.73272,1.75735,10,2343,1.79706,0
1776813387285315749,1.26658,0.00585938,0.313866,0.00585938,1.73272,1.75735,10,2343,1.79706,0
1776813387290327138,1.2666,0.00585938,0.313883,0.00585938,1.79736,1.76524,10,2343,1.79706,0
1776813387295317341,1.2666,0.0175781,0.313883,0.0175781,1.79736,1.76524,10,2343,1.79706,0
1776813387300332340,1.26675,0.0175781,0.314036,0.0175781,1.80782,1.7729,10,2343,1.79706,0
1776813387305306211,1.26675,0.0292969,0.314036,0.0292969,1.80782,1.7729,10,2343,1.79706,0
1776813387310304562,1.26675,0.0292969,0.314036,0.0292969,1.7642,1.77958,10,2343,1.79706,0
1776813387315323098,1.2669,0.0292969,-0.314129,0.0292969,1.7642,1.77958,10,2343,1.79706,0
1776813387320371356,1.2669,0.046875,-0.314129,0.046875,1.86189,1.79057,10,2343,1.79706,0
1776813387325335153,1.26754,0.046875,-0.313495,0.046875,1.86189,1.79057,10,2343,1.79706,0
1776813387330334041,1.26754,0.0429688,-0.313495,0.0429688,1.72168,1.79235,10,2343,1.79706,0
1776813387335316060,1.26802,0.0429688,-0.313015,0.0429688,1.72168,1.79235,10,2343,1.79706,0
1776813387340314782,1.26802,0.0390625,-0.313015,0.0390625,1.74333,1.79316,10,2343,1.79706,0
1776813387345324540,1.26831,0.0390625,-0.312724,0.0390625,1.74333,1.79316,10,2343,1.79706,0
1776813387350313040,1.26831,0.0351562,-0.312724,0.0351562,1.77559,1.79278,10,2343,1.79706,0
1776813387355299633,1.26863,0.0351562,-0.312401,0.0351562,1.77559,1.79278,10,2343,1.79706,0
1776813387360314965,1.26863,0.0351562,-0.312401,0.0351562,1.81887,1.79482,10,2343,1.79706,0
1776813387365335279,1.26911,0.0351562,-0.311924,0.0351562,1.81887,1.79482,10,2343,1.79706,0
1776813387370317131,1.26911,0.0371094,-0.311924,0.0371094,1.79791,1.79895,10,2343,1.79706,0
1776813387375322556,1.26942,0.0371094,-0.311616,0.0371094,1.79791,1.79895,10,2343,1.79706,0
1776813387380338722,1.26942,0.0527344,-0.311616,0.0527344,1.78647,1.8098,10,2343,1.79706,0
1776813387385335999,1.26942,0.0527344,-0.311616,0.0527344,1.78647,1.8098,10,2343,1.79706,0
1776813387390319833,1.26989,0.0527344,-0.311139,0.0527344,1.86275,1.81282,10,2343,1.79706,0
1776813387395317980,1.26989,0.0800781,-0.311139,0.0800781,1.86275,1.81282,10,2343,1.79706,0
1776813387400316054,1.27051,0.0800781,-0.310524,0.0800781,1.8512,1.83229,10,2343,1.79706,0
1776813387405308461,1.27051,0.107422,-0.310524,0.107422,1.8512,1.83229,10,2343,1.79706,0
1776813387410329090,1.27193,0.107422,-0.309104,0.107422,1.74489,1.85685,10,2343,1.79706,0
1776813387415317812,1.27193,0.115234,-0.309104,0.115234,1.74489,1.85685,10,2343,1.79706,0
1776813387420313367,1.27239,0.115234,-0.308642,0.115234,1.88353,1.86423,10,2343,1.79706,0
1776813387425324811,1.27239,0.134766,-0.308642,0.134766,1.88353,1.86423,10,2343,1.79706,0
1776813387430316033,1.27429,0.134766,-0.306742,0.134766,1.80993,1.88736,10,2343,1.79706,0
1776813387435315125,1.27429,0.138672,-0.306742,0.138672,1.80993,1.88736,10,2343,1.79706,0
1776813387440324328,1.27493,0.138672,-0.306106,0.138672,1.90757,1.8936,10,2343,1.79706,0
1776813387445316032,1.27493,0.158203,-0.306106,0.158203,1.90757,1.8936,10,2343,1.79706,0
1776813387450322457,1.27728,0.158203,-0.303749,0.158203,1.9008,1.9196,10,2343,1.79706,0
1776813387455397140,1.27728,0.164062,-0.303749,0.164062,1.9008,1.9196,10,2343,1.79706,0
1776813387460353567,1.27728,0.164062,-0.303749,0.164062,1.95548,1.92294,10,2343,1.79706,0
1776813387465331956,1.27808,0.164062,-0.302957,0.164062,1.95548,1.92294,10,2344,1.79783,0.153337
1776813387470389454,1.27808,0.203125,-0.30219,0.356462,1.90679,1.9502,10,2344,1.79783,0
1776813387475337732,1.28188,0.203125,-0.298383,0.203125,1.90679,1.9502,10,2344,1.79783,0
1776813387480350602,1.28188,0.228516,-0.298383,0.228516,1.89538,1.98867,10,2344,1.79783,0
1776813387485320380,1.28393,0.228516,-0.296334,0.228516,1.89538,1.98867,10,2345,1.79859,0.153368
1776813387490328083,1.28393,0.261719,-0.295567,0.415087,1.92612,2.02049,10,2345,1.79859,0
1776813387495314194,1.28646,0.261719,-0.293036,0.261719,1.92612,2.02049,10,2346,1.79936,0
1776813387500338582,1.28646,0.283203,-0.292269,0.283203,2.00189,2.04867,10,2346,1.79936,0.15346
1776813387505302360,1.28915,0.283203,-0.289584,0.436663,2.00189,2.04867,10,2347,1.80013,0.153337
1776813387510322841,1.28915,0.292969,-0.288817,0.446306,2.01982,2.07111,10,2348,1.80089,0
1776813387515320266,1.29056,0.292969,-0.286635,0.292969,2.01982,2.07111,10,2349,1.80166,0.153337
1776813387520340210,1.29056,0.292969,-0.285868,0.446306,1.96311,2.08,10,2350,1.80243,0.306858
1776813387525315340,1.29499,0.292969,-0.28067,0.599827,1.96311,2.08,10,2351,1.80319,0.153429
1776813387530342616,1.29499,0.289062,-0.279903,0.442492,2.15622,2.10559,10,2353,1.80473,0.153368
1776813387535333690,1.29499,0.289062,-0.278369,0.44243,2.15622,2.10559,10,2354,1.8055,0.306797
1776813387540319375,1.29643,0.289062,-0.276169,0.59586,2.08672,2.11457,10,2355,1.80626,0.153429
1776813387545322690,1.29643,0.322266,-0.275402,0.475695,2.08672,2.11457,10,2357,1.8078,0.153368
1776813387550320041,1.30244,0.322266,-0.267851,0.475633,2.08319,2.17118,10,2358,1.80856,0.153429
1776813387555297967,1.30244,0.386719,-0.267084,0.540148,2.08319,2.17118,10,2359,1.80933,0.306736
1776813387560309374,1.30577,0.386719,-0.26299,0.693454,2.09597,2.22872,10,2361,1.81086,0.153429
1776813387565327465,1.30577,0.4375,-0.261456,0.590929,2.09597,2.22872,10,2363,1.8124,0.306736
1776813387570322039,1.31007,0.4375,-0.255618,0.744236,2.11296,2.28455,10,2365,1.81393,0.306736
1776813387575373556,1.31007,0.435547,-0.254084,0.742283,2.11296,2.28455,10,2367,1.81547,0.306858
1776813387580335760,1.31437,0.435547,-0.248255,0.742405,2.26143,2.31023,10,2369,1.817,0.306858
1776813387585346463,1.31437,0.425781,-0.246721,0.73264,2.26143,2.31023,10,2371,1.81853,0.306736
1776813387590328389,1.31885,0.425781,-0.240711,0.732517,2.29975,2.33254,10,2374,1.82084,0.460196
1776813387595356684,1.31885,0.427734,-0.23841,0.88793,2.29975,2.33254,10,2377,1.82314,0.306797
1776813387600331222,1.323,0.427734,-0.231956,0.734531,2.35007,2.35948,10,2379,1.82467,0.460104
1776813387605310240,1.323,0.414062,-0.230422,0.874166,2.35007,2.35948,10,2383,1.82774,0.613594
1776813387610319591,1.323,0.414062,-0.227355,1.02766,2.21558,2.35168,10,2387,1.83081,0.460172
1776813387615323572,1.32715,0.414062,-0.220134,0.874234,2.21558,2.35168,10,2390,1.83311,0.613717
1776813387620332257,1.32715,0.355469,-0.217833,0.969186,2.36771,2.34408,10,2396,1.83771,0.767146
1776813387625331275,1.3331,0.355469,-0.207288,1.12261,2.36771,2.34408,10,2400,1.84078,0.613594
1776813387630322590,1.3331,0.322266,-0.20422,0.93586,2.44675,2.362,10,2406,1.84538,0.920207
1776813387635318089,1.33406,0.322266,-0.198653,1.24247,2.44675,2.362,10,2412,1.84998,0.767146
1776813387640367625,1.33406,0.193359,-0.194051,0.960505,2.39195,2.2945,10,2419,1.85535,0.920391
1776813387645331829,1.33839,0.193359,-0.184349,1.11375,2.39195,2.2945,10,2423,1.85842,1.07336
1776813387650350476,1.33839,0.150391,-0.181281,1.22375,2.30277,2.29682,10,2431,1.86455,0.920575
1776813387655293070,1.33904,0.150391,-0.174497,1.07097,2.30277,2.29682,10,2436,1.86839,0.920575
1776813387660307161,1.33904,0.134766,-0.170662,1.05534,2.12032,2.29192,10,2444,1.87452,1.07355
1776813387665311309,1.34129,0.134766,-0.162276,1.20832,2.12032,2.29192,10,2449,1.87836,1.07379
1776813387670319049,1.34129,0.144531,-0.158441,1.21832,2.10472,2.3114,10,2458,1.88526,0.920391
1776813387675312882,1.34194,0.144531,-0.150889,1.06492,2.10472,2.3114,10,2463,1.8891,1.07379
1776813387680319419,1.34194,0.113281,-0.147054,1.18707,2.27743,2.29759,10,2473,1.89677,1.22719
1776813387685325677,1.34194,0.113281,-0.139384,1.34047,2.27743,2.29759,10,2478,1.9006,1.074
1776813387690347306,1.34405,0.113281,-0.133443,1.18729,2.40084,2.3106,10,2486,1.90674,1.22719
1776813387695346639,1.34405,-0.0175781,-0.127307,1.20961,2.40084,2.3106,10,2495,1.91364,1.07379
1776813387700343120,1.34469,-0.0175781,-0.119756,1.05621,2.33762,2.24001,10,2502,1.91901,1.22692
1776813387705297417,1.34469,-0.046875,-0.114387,1.18004,2.33762,2.24001,10,2509,1.92438,0.920391
1776813387710310212,1.34454,-0.046875,-0.109175,0.873516,2.26425,2.22234,10,2515,1.92898,1.22743
1776813387715325489,1.34454,-0.0410156,-0.104573,1.18642,2.26425,2.22234,10,2523,1.93512,1.07379
1776813387720317748,1.3439,-0.0410156,-0.0990769,1.03277,2.16021,2.22173,10,2532,1.94202,1.22694
1776813387725317044,1.3439,-0.0566406,-0.0921739,1.1703,2.16021,2.22173,10,2539,1.94739,1.22719
1776813387730316266,1.34357,-0.0566406,-0.0871332,1.17055,2.35061,2.2108,10,2546,1.95276,1.22719
1776813387735325303,1.34357,-0.136719,-0.0817642,1.09047,2.35061,2.2108,10,2555,1.95966,1.22741
1776813387740319506,1.34213,-0.136719,-0.0762969,1.09069,2.16169,2.15629,10,2562,1.96503,1.2267
1776813387745369004,1.34213,-0.140625,-0.070928,1.08607,2.16169,2.15629,10,2571,1.97193,1.22768
1776813387750367245,1.34165,-0.140625,-0.0645133,1.08705,2.14392,2.15105,10,2580,1.97884,1.22719
1776813387755310523,1.34165,-0.0742188,-0.0576104,1.15297,2.14392,2.15105,10,2588,1.98497,1.22719
1776813387760319004,1.33972,-0.0742188,-0.0480348,1.15248,2.33817,2.1889,10,2598,1.99264,1.2267
1776813387765330411,1.33972,-0.0898438,-0.0457338,1.13685,2.33817,2.1889,10,2606,1.99878,1.22768
1776813387770328892,1.33892,-0.0898438,-0.0403905,1.13784,2.1389,2.16317,10,2612,2.00338,1.22667
1776813387775317207,1.33892,-0.125,-0.0357885,1.10167,2.1389,2.16317,10,2619,2.00875,1.22743
1776813387780320188,1.3378,-0.125,-0.0315393,1.10243,2.0689,2.13621,10,2626,2.01412,1.22719
1776813387785342613,1.3378,-0.111328,-0.0261704,1.11586,2.0689,2.13621,10,2633,2.01949,1.07379
1776813387790342020,1.33749,-0.111328,-0.0211177,0.962461,2.0396,2.14205,10,2641,2.02562,1.22719
1776813387795320446,1.33749,-0.0585938,-0.0149817,1.16859,2.0396,2.14205,10,2650,2.03252,1.22719
1776813387800336963,1.33603,-0.0585938,-0.00953913,1.16859,2.27481,2.16307,10,2657,2.03789,1.074
1776813387805299149,1.33603,-0.0742188,-0.00417018,0.999786,2.27481,2.16307,10,2664,2.04326,1.38031
1776813387810358851,1.33587,-0.0742188,0.00103891,1.30609,2.03838,2.15318,10,2673,2.05017,1.22719
1776813387815341832,1.33587,-0.105469,0.00794184,1.12172,2.03838,2.15318,10,2682,2.05707,1.22743
1776813387820332869,1.33425,-0.105469,0.0132234,1.12196,2.0789,2.12533,10,2690,2.0632,1.22714
1776813387825312165,1.33425,-0.0917969,0.0193591,1.13534,2.0789,2.12533,10,2698,2.06934,1.38031
1776813387830368238,1.33392,-0.0917969,0.0320758,1.28851,2.2212,2.13312,10,2711,2.07931,1.38031
1776813387835327238,1.33392,-0.0917969,0.0320758,1.28851,2.2212,2.13312,10,2711,2.07931,1.38031
1776813387840319257,1.33215,-0.111328,0.0441073,1.26926,2.27514,2.11999,10,2730,2.09388,1.38059
1776813387845327145,1.33215,-0.125,0.0479423,1.25559,2.27514,2.11999,10,2738,2.10002,1.38086
1776813387850327348,1.33134,-0.125,0.0532664,1.25586,2.05533,2.09618,10,2745,2.10539,1.38059
1776813387855290682,1.33134,-0.0917969,0.0586354,1.28879,2.05533,2.09618,10,2756,2.11383,1.38031
1776813387860327514,1.32989,-0.0917969,0.0656236,1.28851,2.15373,2.10612,10,2763,2.11919,1.38059
1776813387865321180,1.32989,-0.0878906,0.0709926,1.2927,2.15373,2.10612,10,2772,2.1261,1.38031
1776813387870311217,1.32924,-0.0878906,0.0772434,1.29242,2.07068,2.1043,10,2780,2.13223,1.38059
1776813387875321105,1.32924,-0.109375,0.0833794,1.27121,2.07068,2.1043,10,2791,2.14067,1.5346
1776813387880313698,1.32827,-0.109375,0.0908464,1.42522,1.95134,2.08604,10,2801,2.14834,1.38026
1776813387885317475,1.32827,-0.109375,0.0985161,1.27089,1.95134,2.08604,10,2813,2.15754,1.68738
1776813387890399047,1.32716,-0.109375,0.106607,1.57801,2.01832,2.07914,10,2823,2.16521,1.53429
1776813387895339362,1.32716,-0.113281,0.114277,1.42101,2.01832,2.07914,10,2835,2.17442,1.68705
1776813387900378991,1.32716,-0.113281,0.123481,1.57377,2.07582,2.07691,10,2845,2.18209,1.68738
1776813387905423971,1.32571,-0.113281,0.129704,1.5741,2.07582,2.07691,10,2853,2.18822,1.84115
1776813387910326269,1.32571,-0.134766,0.135839,1.70638,2.05018,2.05568,10,2868,2.19973,1.68705
1776813387915322435,1.32427,-0.134766,0.145907,1.55228,2.05018,2.05568,10,2876,2.20586,1.84078
1776813387920318213,1.32427,-0.140625,0.152043,1.70016,2.16483,2.04341,10,2891,2.21737,1.68705
1776813387925336119,1.32282,-0.140625,0.162096,1.54642,2.16483,2.04341,10,2899,2.22351,1.84115
1776813387930322341,1.32282,-0.164062,0.168232,1.67709,2.01774,2.02103,10,2914,2.23501,1.68767
1776813387935328155,1.3214,-0.164062,0.178318,1.52361,2.01774,2.02103,10,2923,2.24191,1.84005
1776813387940316859,1.3214,-0.183594,0.185221,1.65645,1.96145,2.00108,10,2939,2.25418,1.84078
1776813387945329284,1.31964,-0.183594,0.195731,1.65719,1.96145,2.00108,10,2948,2.26109,1.99418
1776813387950326913,1.31964,-0.1875,0.202634,1.80668,2.0345,1.98789,10,2964,2.27336,1.99498
1776813387955327228,1.3182,-0.1875,0.213464,1.80748,2.0345,1.98789,10,2974,2.28103,1.99378
1776813387960322727,1.3182,-0.189453,0.221134,1.80433,1.88384,1.97781,10,2990,2.2933,1.84041
1776813387965318505,1.31581,-0.189453,0.231022,1.65096,1.88384,1.97781,10,3000,2.30097,2.14844
1776813387970325171,1.31581,-0.207031,0.238692,1.94141,2.01978,1.95294,10,3016,2.31324,1.99418
1776813387975333430,1.31581,-0.207031,0.250963,1.78715,2.01978,1.95294,10,3025,2.32015,1.84037
1776813387980323818,1.31374,-0.207031,0.255797,1.63334,1.8234,1.94004,10,3039,2.33088,1.99458
1776813387985335762,1.31374,-0.234375,0.266535,1.7602,1.8234,1.94004,10,3055,2.34316,2.14715
1776813387990328780,1.31039,-0.234375,0.275454,1.91277,2.01941,1.90354,10,3067,2.35236,2.14458
1776813387995316484,1.31039,-0.244141,0.284658,1.90044,2.01941,1.90354,10,3080,2.36233,2.15059
1776813388000318891,1.30976,-0.244141,0.294,1.90645,1.95133,1.89405,10,3096,2.3746,2.30144
1776813388005299613,1.30976,-0.308594,0.306271,1.99284,1.95133,1.89405,10,3113,2.38764,2.30052
1776813388010332742,1.30499,-0.308594,-0.313782,1.99192,1.95606,1.8275,10,3124,2.39608,2.14543
1776813388015331519,1.30499,-0.324219,-0.305345,1.82121,1.95606,1.8275,10,3130,2.40068,1.22861
1776813388020326186,1.30419,-0.324219,-0.301541,0.904396,1.87458,1.8136,10,3128,2.39915,0.153399
1776813388025314427,1.30419,0.970703,-0.303075,1.1241,1.87458,1.8136,10,3120,2.39301,-0.766993
1776813388030314945,1.30432,0.970703,-0.309078,0.203711,2.46085,2.55254,10,3116,2.38994,-1.07331
1776813388035314000,1.30432,2.63086,-0.312146,1.55755,2.46085,2.55254,10,3113,2.38764,-0.61384
1776813388040328852,1.33573,2.63086,-0.283041,2.01702,2.53734,3.6942,10,3113,2.38764,-0.153368
1776813388045315148,1.33573,2.00977,-0.282274,2.00977,2.53734,3.6942,10,3116,2.38994,0
1776813388050319926,1.34703,2.00977,-0.269439,2.00977,2.47571,3.40999,10,3119,2.39224,0.613594
1776813388055290315,1.34703,0.978516,-0.267138,1.59211,2.47571,3.40999,10,3124,2.39608,0.766993
1776813388060336443,1.36816,0.978516,-0.242177,1.74551,2.46019,2.95199,10,3129,2.39991,0.766945
1776813388065333980,1.36816,0.818359,-0.238342,1.5853,2.46019,2.95199,10,3134,2.40375,0.920759
1776813388070334906,1.375,0.818359,-0.227658,1.73912,2.53297,2.90258,10,3140,2.40835,0.766993
1776813388075328517,1.375,0.787109,-0.223057,1.5541,2.53297,2.90258,10,3146,2.41295,0.920391
1776813388080363294,1.3768,0.787109,-0.21666,1.7075,2.76648,2.89573,10,3153,2.41832,1.07379
1776813388085339627,1.3768,0.746094,-0.211291,1.81988,2.76648,2.89573,10,3161,2.42446,1.07357
1776813388090320850,1.39078,0.746094,-0.191175,1.81967,3.09106,2.95749,10,3168,2.42983,1.22743
1776813388095322183,1.39078,0.634766,-0.185806,1.8622,3.09106,2.95749,10,3179,2.43826,1.38059
1776813388100320072,1.39243,0.634766,-0.175719,2.01535,2.98624,2.90406,10,3187,2.4444,1.38003
1776813388105299831,1.39243,0.0703125,-0.169583,1.45035,2.98624,2.90406,10,3200,2.45437,1.68772
1776813388110311609,1.3989,0.0703125,-0.153137,1.75803,3.0238,2.6216,10,3209,2.46127,1.68772
1776813388115326349,1.3989,-0.0800781,-0.146234,1.60764,3.0238,2.6216,10,3221,2.47048,1.84041
1776813388120329163,1.39874,-0.0800781,-0.127991,1.7607,2.66826,2.53588,10,3239,2.48428,1.84078
1776813388125337163,1.39874,-0.0800781,-0.127991,1.7607,2.66826,2.53588,10,3239,2.48428,1.84078
1776813388130323626,1.39538,-0.228516,-0.112174,1.76566,2.35568,2.45027,10,3264,2.50346,1.99418
1776813388135331626,1.39538,-0.335938,-0.107572,1.65824,2.35568,2.45027,10,3276,2.51266,1.84115
1776813388140314311,1.39273,-0.335938,-0.101019,1.50521,2.57622,2.3526,10,3288,2.52186,2.14715
1776813388145321681,1.39273,-0.400391,-0.0918147,1.74676,2.57622,2.3526,10,3301,2.53184,1.99418
1776813388150309848,1.39108,-0.400391,-0.0834948,1.59379,2.25337,2.30583,10,3314,2.54181,2.30098
1776813388155320699,1.39108,-0.574219,-0.0735239,1.72676,2.25337,2.30583,10,3331,2.55485,2.30052
1776813388160304347,1.38614,-0.574219,-0.0654275,1.7263,2.48273,2.17669,10,3345,2.56558,2.45487
1776813388165315125,1.38614,-0.642578,-0.0546899,1.81229,2.48273,2.17669,10,3363,2.57939,2.45482
1776813388170313643,1.37989,-0.642578,-0.0471324,1.81224,2.23716,2.09966,10,3377,2.59013,2.45389
1776813388175325087,1.37989,-0.642578,-0.0363945,1.81131,2.23716,2.09966,10,3394,2.60317,2.30144
1776813388180326828,1.37349,-0.642578,-0.0297507,1.65886,2.21978,2.06062,10,3407,2.61314,2.45389
1776813388185338642,1.37349,-0.621094,-0.0197798,1.83279,2.21978,2.06062,10,3424,2.62618,2.30098
1776813388190321735,1.36695,-0.621094,-0.00255154,1.68034,1.99087,2.07287,10,3445,2.64228,2.30144
1776813388195328253,1.36695,-0.621094,-0.00255154,1.68034,1.99087,2.07287,10,3445,2.64228,2.30144
1776813388200367455,1.3575,-0.617188,0.0117762,1.83714,2.16945,2.03503,10,3476,2.66606,2.45433
1776813388205314142,1.3575,-0.621094,0.0171452,1.83323,2.16945,2.03503,10,3490,2.6768,2.30144
1776813388210322845,1.35133,-0.621094,0.021721,1.68034,2.01842,1.93693,10,3504,2.68753,2.45438
1776813388215320919,1.35133,-0.644531,0.0324589,1.80984,2.01842,1.93693,10,3518,2.69827,2.30052
1776813388220319752,1.34858,-0.644531,0.0404469,1.65599,2.11053,1.90663,10,3531,2.70824,2.30144
1776813388225323270,1.34858,-0.679688,0.0504178,1.62175,2.11053,1.90663,10,3547,2.72052,2.30144
1776813388230337751,1.34195,-0.679688,0.056055,1.62175,1.76397,1.84566,10,3560,2.73049,2.29822
1776813388235331992,1.34195,-0.658203,0.0660259,1.64002,1.76397,1.84566,10,3577,2.74352,2.30277
1776813388240337936,1.33517,-0.658203,0.0722839,1.64457,2.04689,1.81598,10,3590,2.7535,2.14801
1776813388245338602,1.33517,-0.613281,0.0822548,1.53473,2.04689,1.81598,10,3607,2.76653,2.45143
1776813388250328584,1.32858,-0.613281,0.088701,1.83815,1.8052,1.80073,10,3620,2.77651,2.15059
1776813388255318880,1.32858,-0.550781,0.0986719,1.59981,1.8052,1.80073,10,3636,2.78878,2.30052
1776813388260372508,1.31432,-0.550781,0.105886,1.59723,1.86444,1.83636,10,3654,2.80258,2.14801
1776813388265377656,1.31432,-0.470703,0.110488,1.67731,1.86444,1.83636,10,3667,2.81255,2.14758
1776813388270367564,1.30633,-0.470703,0.112477,1.67688,1.74125,1.74351,10,3679,2.82176,2.14715
1776813388275326342,1.30633,-0.464844,0.121681,1.68231,1.74125,1.74351,10,3692,2.83173,2.14496
1776813388280322546,1.30219,-0.464844,0.127513,1.68011,1.91121,1.72097,10,3705,2.8417,2.15059
1776813388285327805,1.29964,-0.46875,0.145669,1.83131,1.91121,1.72097,10,3726,2.85781,2.30006
1776813388290370211,1.29964,-0.462891,0.151038,1.83717,1.61698,1.7061,10,3738,2.86701,2.3019
1776813388295339897,1.29743,-0.462891,0.158026,1.83901,1.61698,1.7061,10,3749,2.87545,2.45389
1776813388300318638,1.29743,-0.417969,0.166462,2.03592,1.80261,1.71782,10,3768,2.89002,2.30144
1776813388305313341,1.29266,-0.417969,0.176272,1.88347,1.80261,1.71782,10,3779,2.89846,2.30098
1776813388310320285,1.29266,-0.351562,0.184709,1.94942,1.69743,1.7258,10,3798,2.91303,2.30047
1776813388315340303,1.28887,-0.351562,0.19549,1.94891,1.69743,1.7258,10,3809,2.92147,2.14801
1776813388320408913,1.28887,-0.292969,0.203927,1.85504,1.76328,1.73539,10,3828,2.93604,2.30006
1776813388325349266,1.28887,-0.292969,0.2185,2.00709,1.76328,1.73539,10,3839,2.94448,2.45095
1776813388330392431,1.28556,-0.292969,0.223627,2.15798,1.73494,1.71458,10,3857,2.95828,2.4588
1776813388335400857,1.28556,-0.232422,0.237433,2.22638,1.73494,1.71458,10,3876,2.97285,2.60465
1776813388340342284,1.28176,-0.232422,0.2482,2.37223,1.77699,1.72513,10,3891,2.98436,2.45683
1776813388345336876,1.28176,-0.259766,0.259705,2.19707,1.77699,1.72513,10,3910,2.99893,2.60773
1776813388350322080,1.2783,-0.259766,0.27082,2.34796,1.6216,1.68775,10,3924,3.00967,2.60777
1776813388355308173,1.2783,-0.273438,0.281558,2.33434,1.6216,1.68775,10,3944,3.02501,2.60777
1776813388360324265,1.27689,-0.273438,0.295492,2.33434,1.63587,1.67109,10,3959,3.03651,2.75731
1776813388365322320,1.27689,-0.294922,0.306997,2.46239,1.63587,1.67109,10,3975,3.04879,2.45782
1776813388370321394,1.27264,-0.294922,-0.313302,2.1629,1.78868,1.63201,10,3980,3.05262,1.38086
1776813388375329968,1.27264,-0.0371094,-0.309467,1.34375,1.78868,1.63201,10,3973,3.04725,-0.153399
1776813388380319671,1.27171,-0.0371094,0.312552,-0.190508,2.12773,1.77308,10,3964,3.04035,-1.68738
1776813388385366596,1.27171,3.69141,0.305649,2.00402,2.12773,1.77308,10,3957,3.03498,-1.22719
1776813388390334060,1.3003,3.69141,-0.299452,2.46422,2.69138,4.07814,10,3954,3.03268,-0.613594
1776813388395387003,1.3003,2.99609,-0.301753,2.3825,2.69138,4.07814,10,3953,3.03191,-0.306674
1776813388400347522,1.31672,2.99609,-0.285324,2.99609,2.38677,3.68182,10,3956,3.03421,0
1776813388405319744,1.31672,1.76172,-0.28379,1.76172,2.38677,3.68182,10,3960,3.03728,0.613594
1776813388410309078,1.34083,1.76172,-0.256615,2.37531,2.17205,3.23036,10,3965,3.04112,0.766839
1776813388415336503,1.34083,1.10938,-0.25278,1.87621,2.17205,3.23036,10,3970,3.04495,0.767146
1776813388420322929,1.36144,1.10938,-0.228335,1.87652,2.29331,2.98543,10,3975,3.04879,0.920391
1776813388425318762,1.36144,1.14258,-0.2245,2.06297,2.29331,2.98543,10,3982,3.05416,0.920391
1776813388430319188,1.36779,1.14258,-0.212783,2.06297,2.65707,3.04327,10,3989,3.05952,1.07379
1776813388435329502,1.36779,1.07031,-0.207414,2.1441,2.65707,3.04327,10,3998,3.06643,1.38059
1776813388440319336,1.3781,1.07031,-0.1902,2.4509,2.98459,3.06511,10,4007,3.07333,1.37999
1776813388445319391,1.3781,0.730469,-0.183297,2.11046,2.98459,3.06511,10,4018,3.08177,1.53399
1776813388450324835,1.38764,0.730469,-0.165323,2.26445,3.39988,2.9295,10,4028,3.08944,1.68772
1776813388455333057,1.38764,0.378906,-0.157653,2.06663,3.39988,2.9295,10,4041,3.09941,1.68738
1776813388460314057,1.39294,0.378906,-0.142383,2.06629,3.15565,2.76131,10,4050,3.10631,1.68705
1776813388465317149,1.39294,0.0292969,-0.13548,1.71634,3.15565,2.76131,10,4064,3.11705,1.83968
1776813388470330742,1.39294,0.0292969,-0.124742,1.86898,2.68131,2.56203,10,4078,3.12779,1.84226
1776813388475318779,1.39462,0.0292969,-0.112321,1.87155,2.68131,2.56203,10,4087,3.13469,1.99418
1776813388480325686,1.39462,-0.195312,-0.105418,1.79887,2.58411,2.44422,10,4105,3.1485,2.14758
1776813388485320537,1.39275,-0.195312,-0.0934785,1.95227,2.58411,2.44422,10,4116,3.15693,2.30047
1776813388490320278,1.3916,-0.251953,-0.073156,2.04995,2.32716,2.40061,10,4140,3.17534,2.3019
1776813388495318982,1.3916,-0.464844,-0.067787,1.83705,2.32716,2.40061,10,4154,3.18608,2.45389
1776813388500328648,1.38814,-0.464844,-0.0605095,1.98904,2.53507,2.25123,10,4168,3.19682,2.45438
1776813388505321592,1.38814,-0.558594,-0.0497716,1.89578,2.53507,2.25123,10,4182,3.20755,2.30144
1776813388510322388,1.38518,-0.558594,-0.0419937,1.74284,2.36317,2.17978,10,4199,3.22059,2.45389
1776813388515322573,1.38518,-0.697266,-0.0289548,1.75662,2.36317,2.17978,10,4214,3.2321,2.45438
1776813388520319036,1.37597,-0.697266,-0.026658,1.75711,2.26216,2.04459,10,4229,3.2436,2.60825
1776813388525319980,1.37597,-0.708984,-0.0151534,1.89926,2.26216,2.04459,10,4248,3.25818,2.60777
1776813388530336980,1.37253,-0.708984,-0.00402008,1.89879,2.18644,2.0169,10,4267,3.27275,2.60725
1776813388535321313,1.37253,-0.716797,0.0105528,1.89046,2.18644,2.0169,10,4283,3.28502,2.60725
1776813388540322480,1.36158,-0.716797,0.0233777,2.04548,1.99737,2.01245,10,4306,3.30266,2.76228
1776813388545318905,1.36158,-0.720703,0.0295136,2.04158,1.99737,2.01245,10,4321,3.31417,2.60725
1776813388550317183,1.35799,-0.720703,0.0374264,1.88655,2.16101,1.92109,10,4336,3.32567,2.60777
1776813388555296517,1.35799,-0.742188,0.048931,1.86559,2.16101,1.92109,10,4353,3.33871,2.76113
1776813388560322701,1.34711,-0.742188,0.0510865,2.01894,1.76398,1.84185,10,4374,3.35482,2.91457
1776813388565327219,1.34711,-0.777344,0.0671933,2.13723,1.76398,1.84185,10,4392,3.36862,3.06858
1776813388570322164,1.34321,-0.777344,0.0771066,2.29124,1.851,1.7978,10,4414,3.3855,3.06797
1776813388575313441,1.34321,-0.822266,0.0939805,2.2457,1.851,1.7978,10,4431,3.39853,2.91457
1776813388580313367,1.33113,-0.822266,0.0949345,2.09231,1.93056,1.69744,10,4452,3.41464,2.91394
1776813388585388736,1.33113,-0.822266,0.111041,2.09168,1.93056,1.69744,10,4470,3.42845,3.06797
1776813388590327440,1.32712,-0.822266,0.120834,2.2457,1.58765,1.67255,10,4491,3.44455,2.91399
1776813388595365421,1.32712,-0.736328,0.136941,2.17766,1.58765,1.67255,10,4508,3.45759,2.91574
1776813388600335199,1.31526,-0.736328,0.138124,2.17941,1.82617,1.6478,10,4529,3.4737,2.91457
1776813388605315551,1.31526,-0.708984,0.154231,2.20559,1.82617,1.6478,10,4546,3.48674,2.91399
1776813388610316032,1.31526,-0.708984,0.16727,2.205,1.74429,1.66339,10,4564,3.50054,2.76113
1776813388615333939,1.31142,-0.708984,0.177236,2.05214,1.74429,1.66339,10,4581,3.51358,2.6083
1776813388620333143,1.31142,-0.621094,0.190275,1.9872,1.5983,1.68955,10,4600,3.52816,2.76117
1776813388625324458,1.30153,-0.621094,0.194956,2.14008,1.5983,1.68955,10,4613,3.53813,2.76062
1776813388630328050,1.30153,-0.611328,0.204927,2.14929,1.68233,1.6333,10,4637,3.55653,2.91457
1776813388635326716,1.29566,-0.611328,0.217469,2.30324,1.68233,1.6333,10,4655,3.57034,2.91399
1776813388640316587,1.29566,-0.632812,0.231275,2.28118,1.47644,1.58431,10,4676,3.58645,2.91511
1776813388645328105,1.28935,-0.632812,0.241066,2.28229,1.47644,1.58431,10,4688,3.59565,2.76173
1776813388650314920,1.28935,-0.654297,0.250269,2.10743,1.58218,1.53242,10,4712,3.61406,2.76062
1776813388655296179,1.28289,-0.654297,0.262216,2.10632,1.58218,1.53242,10,4725,3.62403,2.91515
1776813388660314993,1.28289,-0.619141,0.272187,2.29601,1.73272,1.51182,10,4750,3.6432,2.91399
1776813388665315067,1.27657,-0.619141,0.285043,2.29485,1.73272,1.51182,10,4764,3.65394,2.91457
1776813388670325882,1.27657,-0.548828,0.295781,2.36574,1.45551,1.51207,10,4789,3.67312,3.06792
1776813388675331659,1.27059,-0.548828,0.308976,2.51909,1.45551,1.51207,10,4803,3.68385,3.06736
1776813388680357047,1.27059,-0.515625,-0.308605,2.55173,1.47758,1.49324,10,4819,3.69613,2.45487
1776813388685338714,1.26525,-0.515625,-0.300137,0.404766,1.47758,1.49324,10,4818,3.69536,0.920391
1776813388690324103,1.26525,1.66406,-0.302438,2.58445,2.05727,2.70189,10,4806,3.68616,-1.07357
1776813388695316733,1.26604,1.66406,-0.310847,0.590488,2.05727,2.70189,10,4801,3.68232,-1.68738
1776813388700316325,1.26604,3.35742,0.313637,1.67004,2.53364,3.67214,10,4797,3.67925,-0.766993
1776813388705294936,1.27799,3.35742,-0.305805,2.59043,2.53364,3.67214,10,4796,3.67849,-0.306858
1776813388710316695,1.27799,2.79492,-0.306572,2.48806,3.27405,3.42698,10,4798,3.68002,0
1776813388715315436,1.31303,2.79492,-0.269996,2.79492,3.27405,3.42698,10,4803,3.68385,0.920759
1776813388720318435,1.31303,1.49805,-0.266161,2.41881,2.45151,2.9075,10,4812,3.69076,0.920207
1776813388725321953,1.33468,1.49805,-0.237608,2.41825,2.45151,2.9075,10,4818,3.69536,1.22743
1776813388730352267,1.33468,0.894531,-0.233006,2.12196,2.19048,2.69802,10,4828,3.70303,1.22694
1776813388735357175,1.35259,0.894531,-0.207429,2.12147,2.19048,2.69802,10,4834,3.70763,1.22743
1776813388740323953,1.35259,0.988281,-0.202827,2.21571,2.53651,2.862,10,4846,3.71684,1.38031
1776813388745328990,1.35762,0.988281,-0.188589,2.36859,2.53651,2.862,10,4852,3.72144,1.38031
1776813388750321952,1.35762,0.808594,-0.183987,2.1889,2.62594,2.79053,10,4866,3.73218,1.68738
1776813388755404950,1.3602,0.808594,-0.164531,2.49665,2.62594,2.79053,10,4879,3.74215,1.68806
1776813388760342229,1.3602,0.548828,-0.160697,2.23689,3.20555,2.65832,10,4891,3.75135,1.687
1776813388765320582,1.36704,0.548828,-0.14466,2.23583,3.20555,2.65832,10,4901,3.75902,1.84041
1776813388770387987,1.36704,0.269531,-0.13699,2.10995,2.8267,2.54102,10,4915,3.76976,1.99418
1776813388775431264,1.371,0.269531,-0.122291,2.26371,2.8267,2.54102,10,4925,3.77743,2.14801
1776813388780356617,1.371,0.128906,-0.114621,2.27692,2.52036,2.48511,10,4943,3.79123,1.99458
1776813388785354173,1.37184,0.128906,-0.0999785,2.12349,2.52036,2.48511,10,4953,3.7989,2.30052
1776813388790320506,1.37184,0.015625,-0.0923086,2.31614,2.33474,2.42566,10,4971,3.81271,2.14758
1776813388795342098,1.37277,0.015625,-0.0775638,2.1632,2.33474,2.42566,10,4982,3.82115,2.14758
1776813388800348135,1.37277,-0.0136719,-0.0691267,2.13391,2.16398,2.4147,10,5002,3.83649,2.45433
1776813388805319543,1.37275,-0.0136719,-0.0538147,2.44066,2.16398,2.4147,10,5014,3.84569,2.45438
1776813388810314561,1.37275,-0.21875,-0.0446108,2.23563,2.43276,2.29764,10,5035,3.8618,2.6083
1776813388815319913,1.37128,-0.21875,-0.0299747,2.38955,2.43276,2.29764,10,5048,3.87177,2.60777
1776813388820320042,1.37128,-0.292969,-0.0200038,2.31481,2.41915,2.24634,10,5069,3.88787,2.60309
1776813388825320875,1.36982,-0.292969,0.00384801,2.16485,2.41915,2.24634,10,5089,3.90321,2.45782
1776813388830321357,1.36982,-0.53125,0.00998395,1.92657,2.2349,2.10159,10,5106,3.91625,2.60777
1776813388835431002,1.36332,-0.53125,0.0165297,2.07652,2.2349,2.10159,10,5120,3.92699,2.76223
1776813388840345559,1.36332,-0.546875,0.0272676,2.21536,2.39027,2.05291,10,5139,3.94156,2.76062
1776813388845315467,1.36072,-0.546875,0.0392393,2.21375,2.39027,2.05291,10,5152,3.95153,2.76062
1776813388850317874,1.36072,-0.601562,0.04921,2.15906,1.9113,2.00578,10,5176,3.96994,2.76228
1776813388855300023,1.3523,-0.601562,0.0591974,2.16072,1.9113,2.00578,10,5189,3.97991,2.91341
1776813388860325874,1.3523,-0.625,0.0691685,2.28841,2.03769,1.94066,10,5212,3.99755,2.76173
1776813388865319355,1.34887,-0.625,0.0833811,2.13673,2.03769,1.94066,10,5229,4.01059,2.76062
1776813388870327336,1.34887,-0.650391,0.09642,2.11023,2.00862,1.90508,10,5250,4.0267,2.91452
1776813388875323484,1.34254,-0.650391,0.10619,2.26413,2.00862,1.90508,10,5265,4.0382,3.0692
1776813388880324188,1.34254,-0.683594,0.117694,2.3856,1.85307,1.84706,10,5291,4.05815,3.06674
1776813388885322058,1.33575,-0.683594,0.130848,2.38315,1.85307,1.84706,10,5306,4.06965,3.22197
1776813388890328687,1.33575,-0.78125,0.142353,2.44072,1.89361,1.74943,10,5333,4.09036,3.22142
1776813388895319743,1.32536,-0.78125,0.16418,2.44007,1.89361,1.74943,10,5358,4.10953,3.22132
1776813388900322446,1.32536,-0.841797,0.17185,2.37952,1.90353,1.65053,10,5376,4.12334,3.37409
1776813388905303150,1.31724,-0.841797,0.177537,2.5323,1.90353,1.65053,10,5393,4.13638,3.52812
1776813388910327001,1.31724,-0.832031,0.190576,2.69609,1.64194,1.60561,10,5422,4.15862,3.52963
1776813388915318890,1.30893,-0.832031,0.204499,2.69759,1.64194,1.60561,10,5439,4.17166,3.52812
1776813388920317649,1.30893,-0.8125,0.217538,2.71562,1.54067,1.56487,10,5467,4.19314,3.37072
1776813388925319668,1.3043,-0.8125,0.234388,2.55822,1.54067,1.56487,10,5482,4.20464,3.22464
1776813388930332408,1.3043,-0.785156,0.245892,2.43949,1.78969,1.55155,10,5511,4.22688,3.374
1776813388935319556,1.29299,-0.785156,0.256824,2.58884,1.78969,1.55155,10,5527,4.23916,3.52963
1776813388940322871,1.29299,-0.771484,0.269096,2.75814,1.6289,1.48849,10,5557,4.26217,3.52812
1776813388945320722,1.28855,-0.771484,0.287665,2.75663,1.6289,1.48849,10,5572,4.27367,3.37409
1776813388950334296,1.28855,-0.773438,0.29917,2.60066,1.43057,1.45948,10,5600,4.29515,3.37477
1776813388955304111,1.28067,-0.773438,0.312765,2.60133,1.43057,1.45948,10,5613,4.30512,3.06736
1776813388960308389,1.28067,-0.623047,-0.305582,2.44431,1.33785,1.49562,10,5624,4.31355,1.99413
1776813388965322184,1.28067,-0.623047,-0.297145,1.37109,1.33785,1.49562,10,5619,4.30972,0
1776813388970316332,1.26987,-0.623047,-0.311779,-0.623047,2.036,1.42746,10,5606,4.29975,-1.99373
1776813388975317129,1.26987,4.41797,0.306568,2.42423,2.036,1.42746,10,5602,4.29668,-0.920575
1776813388980316073,1.29289,4.41797,-0.301795,3.49739,2.81682,4.44587,10,5600,4.29515,-0.460243
1776813388985338054,1.29289,3.59961,-0.303329,3.13937,2.81682,4.44587,10,5601,4.29591,0
1776813388990329813,1.31623,3.59961,-0.279223,3.59961,1.74567,4.12533,10,5609,4.30205,0.766887
1776813388995333553,1.31623,1.12109,-0.273087,1.88798,1.74567,4.12533,10,5615,4.30665,1.07417
1776813389000320553,1.34969,1.12109,-0.235022,2.19527,2.2657,2.91987,10,5625,4.31432,1.22694
1776813389005306054,1.34969,1.41016,-0.227352,2.6371,2.2657,2.91987,10,5632,4.31969,1.38091
1776813389010308091,1.35602,1.41016,-0.215652,2.79107,2.20805,3.1236,10,5640,4.32583,1.22719
1776813389015329701,1.35602,1.32227,-0.209516,2.54945,2.20805,3.1236,10,5647,4.33119,1.07353
1776813389020317776,1.37428,1.32227,-0.18589,2.39579,2.48445,3.18539,10,5656,4.3381,1.22719
1776813389025326053,1.37428,1.1875,-0.178987,2.41469,2.48445,3.18539,10,5665,4.345,1.22694
1776813389030318109,1.38054,1.1875,-0.165831,2.41444,2.70532,3.14675,10,5677,4.3542,1.5346
1776813389035316702,1.38054,0.962891,-0.156627,2.49749,2.70532,3.14675,10,5687,4.36187,1.84041
1776813389040311165,1.38054,0.962891,-0.148957,2.8033,3.44816,3.01872,10,5701,4.37261,1.84078
1776813389045322720,1.39689,0.962891,-0.121859,2.80367,3.44816,3.01872,10,5711,4.38028,1.99453
1776813389050315980,1.39689,0.326172,-0.11419,2.3207,3.66127,2.75526,10,5729,4.39409,2.30057
1776813389055297961,1.40303,0.326172,-0.0942501,2.62674,3.66127,2.75526,10,5741,4.40329,2.30139
1776813389060314683,1.40303,-0.320312,-0.0850462,1.98108,3.03315,2.42392,10,5763,4.42017,2.60782
1776813389065332072,1.40252,-0.320312,-0.0686826,2.28751,3.03315,2.42392,10,5776,4.43014,2.60721
1776813389070332442,1.40051,-0.365234,-0.0461454,2.39594,2.33875,2.39522,10,5804,4.45161,2.76117
1776813389075314832,1.40051,-0.394531,-0.0392422,2.36664,2.33875,2.39522,10,5816,4.46082,2.91462
1776813389080316017,1.39719,-0.394531,-0.0333647,2.52009,2.15465,2.34622,10,5836,4.47616,2.76108
1776813389085380515,1.39719,-0.425781,-0.0180248,2.3353,2.15465,2.34622,10,5854,4.48996,2.91462
1776813389090340553,1.3947,-0.425781,-0.00670902,2.48884,1.9802,2.31331,10,5875,4.50607,3.06797
1776813389095323183,1.3947,-0.607422,0.00939805,2.46055,1.9802,2.31331,10,5895,4.52141,3.22132
1776813389100325313,1.38795,-0.607422,0.0179907,2.6139,2.18333,2.16878,10,5919,4.53982,3.37409
1776813389105300388,1.38795,-0.673828,0.0363985,2.70026,2.18333,2.16878,10,5940,4.55592,3.37544
1776813389110322850,1.38795,-0.673828,0.0525051,2.70161,2.37555,2.13093,10,5964,4.57433,3.52812
1776813389115351590,1.384,-0.673828,0.0669666,2.85429,2.37555,2.13093,10,5985,4.59044,3.37544
1776813389120368608,1.384,-0.962891,0.0830732,2.41255,2.50239,1.94215,10,6013,4.61191,3.37477
1776813389125335628,1.36809,-0.962891,0.0886412,2.41188,2.50239,1.94215,10,6031,4.62572,3.52821
1776813389130317980,1.36809,-1.00195,0.102447,2.52626,2.09842,1.82275,10,6055,4.64413,3.52741
1776813389135323480,1.35798,-1.00195,0.110745,2.52546,2.09842,1.82275,10,6071,4.6564,3.52812
1776813389140321554,1.35798,-1,0.123017,2.52812,1.67972,1.76185,10,6100,4.67864,3.37409
1776813389145327109,1.34806,-1,0.135338,2.37409,1.67972,1.76185,10,6115,4.69015,3.37477
1776813389150318924,1.34806,-0.990234,0.146844,2.38453,1.77742,1.70637,10,6144,4.71239,3.52821
1776813389155304573,1.34304,-0.990234,0.164066,2.53798,1.77742,1.70637,10,6166,4.72926,3.52741
1776813389160321813,1.34304,-1.02539,0.18094,2.50202,1.90016,1.65536,10,6191,4.74844,3.52953
1776813389165326498,1.32806,-1.02539,0.185129,2.50414,1.90016,1.65536,10,6208,4.76148,3.68083
1776813389170325313,1.32806,-1.03906,0.198168,2.64177,1.79178,1.55481,10,6237,4.78372,3.52963
1776813389175314962,1.32293,-1.03906,0.215282,2.49056,1.79178,1.55481,10,6255,4.79676,3.52812
1776813389180314314,1.32293,-1.06445,0.229087,2.46367,1.51902,1.50849,10,6286,4.8213,3.68083
1776813389185336184,1.32293,-1.06445,0.252864,2.61637,1.51902,1.50849,10,6304,4.83511,3.98836
1776813389190396423,1.30683,-1.06445,0.250569,2.92391,1.37983,1.40816,10,6332,4.85658,3.83492
1776813389195340480,1.30683,-1.06445,0.250569,2.92391,1.37983,1.40816,10,6332,4.85658,3.83492
1776813389200327091,1.29127,-1.01562,0.294073,2.81776,1.53682,1.43599,10,6393,4.90337,3.83338
1776813389205426941,1.29127,-1.00977,0.303277,2.82362,1.53682,1.43599,10,6412,4.91794,3.98836
1776813389210327517,1.28132,-1.00977,0.307895,2.9786,1.52921,1.27929,10,6432,4.93328,3.83645
1776813389215315684,1.28132,-0.916016,-0.305083,2.92043,1.52921,1.27929,10,6444,4.94249,2.76007
1776813389220323814,1.27142,-0.916016,-0.305781,1.84405,1.64088,1.27026,10,6431,4.93252,-0.46024
1776813389225330536,1.27142,2.6543,0.312566,2.19406,1.64088,1.27026,10,6422,4.92561,-2.30103
1776813389230330813,1.276,2.6543,0.310247,0.353271,2.4188,3.33428,10,6420,4.92408,-0.613717
1776813389235318888,1.276,3.54883,0.308713,2.93511,2.4188,3.33428,10,6419,4.92331,-0.306797
1776813389240321777,1.31401,3.54883,-0.282368,3.24203,2.34415,4.08252,10,6424,4.92715,0.153385
1776813389245323054,1.31401,1.82422,-0.278533,1.9776,2.34415,4.08252,10,6434,4.93482,1.5346
1776813389250335795,1.33987,1.82422,-0.245,3.35882,2.42827,3.26003,10,6445,4.94325,1.53368
1776813389255312740,1.33987,1.36914,-0.236563,2.90282,2.42827,3.26003,10,6456,4.95169,1.68565
1776813389260310277,1.33987,1.36914,-0.228126,3.05479,2.21801,3.00063,10,6468,4.96089,1.84262
1776813389265313814,1.35247,1.36914,-0.206317,3.21177,2.21801,3.00063,10,6475,4.96626,1.38026
1776813389270329147,1.35247,1.36914,-0.206317,3.21177,2.21801,3.00063,10,6475,4.96626,1.38026
1776813389275350221,1.35247,1.11133,-0.200947,2.49159,2.3034,2.93143,10,6496,4.98237,1.53399
1776813389280340091,1.36858,0.818359,-0.160296,2.50536,2.9724,3.0303,10,6512,4.99464,1.687
1776813389285322629,1.37842,0.818359,-0.146622,2.50536,2.9724,3.0303,10,6523,5.00308,1.84041
1776813389290393183,1.37842,0.746094,-0.138185,2.58651,3.47795,2.88225,10,6540,5.01612,2.14844
1776813389295343554,1.38749,0.746094,-0.116077,2.89453,3.47795,2.88225,10,6552,5.02532,2.30057
1776813389300322388,1.38749,0.4375,-0.106873,2.73807,3.03758,2.76161,10,6573,5.04143,2.45487
1776813389305314148,1.39031,0.4375,-0.0879423,2.89237,3.03758,2.76161,10,6582,5.04833,2.60773
1776813389310313648,1.39031,-0.277344,-0.0810396,2.33038,2.61151,2.37131,10,6608,5.06827,2.60773
1776813389315323110,1.39115,-0.277344,-0.0602662,2.33038,2.61151,2.37131,10,6621,5.07824,2.76062
1776813389320321999,1.39115,-0.421875,-0.0502955,2.33875,1.93637,2.29398,10,6643,5.09512,2.76173
1776813389325330203,1.38947,-0.421875,-0.0350949,2.33985,1.93637,2.29398,10,6654,5.10355,2.76007
1776813389330330481,1.38947,-0.480469,-0.0266577,2.2796,2.10769,2.25042,10,6681,5.12426,2.91579
1776813389335396183,1.38947,-0.480469,-0.00594918,2.43532,2.10769,2.25042,10,6696,5.13577,3.06788
1776813389340337721,1.38218,-0.480469,-0.00174014,2.58741,2.33512,2.20601,10,6722,5.15571,3.06797
1776813389345334055,1.38218,-0.548828,0.0182017,2.51914,2.33512,2.20601,10,6740,5.16952,3.06797
1776813389350318000,1.37465,-0.548828,0.0244778,2.51914,2.39691,2.12111,10,6762,5.18639,3.06674
1776813389355320037,1.37465,-0.714844,0.0413516,2.3519,2.39691,2.12111,10,6778,5.19866,3.22271
1776813389360307537,1.36827,-0.714844,0.0472425,2.50786,1.97413,1.98745,10,6807,5.2209,3.37477
1776813389365324092,1.36827,-0.912109,0.069485,2.46266,1.97413,1.98745,10,6825,5.23471,3.52741
1776813389370315463,1.36027,-0.912109,0.0752972,2.6153,1.85418,1.826,10,6854,5.25695,3.6823
1776813389375321648,1.36027,-1.00586,0.0975402,2.67644,1.85418,1.826,10,6871,5.26999,3.52812
1776813389380322277,1.35051,-1.00586,0.100816,2.52226,1.92438,1.71254,10,6897,5.28993,3.5268
1776813389385331703,1.35051,-1.03516,0.120758,2.49165,1.92438,1.71254,10,6919,5.30681,3.68221
1776813389390333462,1.3403,-1.03516,0.127426,2.64705,1.74936,1.63288,10,6951,5.33135,3.98756
1776813389395328629,1.3403,-0.978516,0.15197,3.00905,1.74936,1.63288,10,6970,5.34592,3.83578
1776813389400318574,1.33015,-0.978516,0.156383,2.85726,1.39607,1.60228,10,6996,5.36586,3.83568
1776813389405347444,1.33015,-0.980469,0.176325,2.85521,1.39607,1.60228,10,7018,5.38274,3.52821
1776813389410327092,1.33015,-0.980469,0.193199,2.54774,1.39616,1.60116,10,7049,5.40652,3.83415
1776813389415328592,1.32006,-0.980469,0.206893,2.85368,1.39616,1.60116,10,7063,5.41725,3.83492
1776813389420363740,1.32006,-1.03516,0.217631,2.79976,1.47992,1.50737,10,7100,5.44563,3.98916
1776813389425332481,1.30522,-1.03516,0.231168,2.954,1.47992,1.50737,10,7113,5.4556,3.83424
1776813389430328722,1.30522,-1.0918,0.241139,2.74245,1.44948,1.38253,10,7148,5.48245,3.68147
1776813389435320778,1.29456,-1.0918,0.257326,2.58967,1.44948,1.38253,10,7168,5.49779,3.6823
1776813389440326481,1.29456,-1.07422,0.272666,2.60808,1.37509,1.32582,10,7200,5.52233,3.98597
1776813389445330629,1.28396,-1.07422,0.286602,2.91175,1.37509,1.32582,10,7214,5.53307,3.83578
1776813389450328592,1.28396,-1.04102,0.29734,2.79476,1.56835,1.27808,10,7248,5.55915,3.98438
1776813389455299186,1.27324,-1.04102,0.312704,2.94336,1.56835,1.27808,10,7257,5.56605,3.22455
1776813389460317445,1.27324,-1.00586,-0.308711,2.21869,2.107,1.23058,10,7260,5.56835,1.07396
1776813389465315889,1.26823,-1.00586,-0.311422,0.0680974,2.107,1.23058,10,7257,5.56605,-0.46024
1776813389470326704,1.26823,3.13086,-0.313723,2.67062,2.72093,3.55683,10,7244,5.55608,-1.53399
1776813389475330963,1.27089,3.13086,0.307283,1.59687,2.72093,3.55683,10,7242,5.55454,-0.766887
1776813389480327981,1.27089,3.4082,0.305749,2.64132,2.91222,3.73173,10,7243,5.55531,-0.153351
1776813389485319111,1.27089,3.4082,0.306516,3.25485,2.91222,3.73173,10,7247,5.55838,0.46024
1776813389490318315,1.31139,3.4082,-0.278237,3.86844,2.54581,3.98604,10,7259,5.56758,1.53368
1776813389495316537,1.31139,1.04102,-0.269033,2.57469,2.54581,3.98604,10,7269,5.57525,1.53215
1776813389500355499,1.34466,1.04102,-0.228089,2.57316,2.30478,2.8432,10,7282,5.58522,1.6898
1776813389505321815,1.34466,0.888672,-0.218118,2.57847,2.30478,2.8432,10,7294,5.59443,1.99373
1776813389510309556,1.35665,0.888672,-0.196921,2.88241,2.43497,2.83022,10,7310,5.6067,1.84078
1776813389515316352,1.35665,1.02734,-0.184649,2.86813,2.43497,2.83022,10,7320,5.61437,1.99463
1776813389520337389,1.36494,1.02734,-0.168698,3.02197,2.98142,2.9601,10,7334,5.62511,1.84078
1776813389525359851,1.36494,0.730469,-0.15796,2.57125,2.98142,2.9601,10,7345,5.63354,1.99413
1776813389530335481,1.37342,0.730469,-0.141042,2.7246,3.11077,2.84278,10,7364,5.64812,2.14758
1776813389535322574,1.37342,0.457031,-0.12647,2.60461,3.11077,2.84278,10,7375,5.65655,2.30093
1776813389540315834,1.37998,0.457031,-0.111464,2.75796,3.17358,2.72702,10,7392,5.66959,2.30103
1776813389545313889,1.37998,0.0292969,-0.0984258,2.33032,3.17358,2.72702,10,7408,5.68186,2.60721
1776813389550353444,1.3823,0.0292969,-0.0838408,2.6365,2.42469,2.49731,10,7432,5.70027,2.9152
1776813389555313797,1.3823,-0.298828,-0.065433,2.61637,2.42469,2.49731,10,7448,5.71254,2.91394
1776813389560317408,1.3823,-0.298828,-0.0531611,2.61511,2.20341,2.31028,10,7473,5.73172,3.22068
1776813389565312130,1.38083,-0.298828,-0.0354494,2.92185,2.20341,2.31028,10,7485,5.74016,3.06858
1776813389570316241,1.38083,-0.474609,-0.0262455,2.59397,1.89923,2.20117,10,7514,5.76317,3.21884
1776813389575315130,1.37689,-0.474609,-0.00794594,2.74423,1.89923,2.20117,10,7525,5.77084,3.07104
1776813389580322482,1.37689,-0.513672,0.00049077,2.55737,1.90321,2.15485,10,7556,5.79538,3.21746
1776813389585348463,1.36967,-0.513672,0.0170456,2.70379,1.90321,2.15485,10,7568,5.80458,3.37815
1776813389590357944,1.36967,-0.548828,0.026249,2.82932,2.2034,2.09067,10,7596,5.82606,3.37544
1776813389595370425,1.36706,-0.548828,0.0451118,2.82661,2.2034,2.09067,10,7614,5.83986,3.52741
1776813389600333797,1.36706,-0.857422,0.0589176,2.66999,2.27865,1.89877,10,7646,5.86441,3.52821
1776813389605315464,1.3563,-0.857422,0.0727059,2.67079,2.27865,1.89877,10,7659,5.87438,3.37477
1776813389610308797,1.3563,-0.957031,0.082677,2.41774,2.07361,1.776,10,7692,5.89969,3.52812
1776813389615324167,1.3519,-0.957031,0.103592,2.57109,2.07361,1.776,10,7710,5.9135,3.6823
1776813389620327741,1.3519,-0.957031,0.103592,2.57109,2.07361,1.776,10,7710,5.9135,3.6823
1776813389625413554,1.33686,-1.04883,0.134569,2.62832,1.73246,1.69663,10,7758,5.95031,3.67715
1776813389630341204,1.33686,-1.04883,0.134569,2.62832,1.73246,1.69663,10,7758,5.95031,3.67715
1776813389635333260,1.33686,-1.02148,0.16985,2.50593,1.38705,1.61939,10,7804,5.98559,3.52741
1776813389640359259,1.3261,-1.02148,0.163685,2.50593,1.61299,1.55266,10,7835,6.00937,3.68156
1776813389645380444,1.3261,-1.02148,0.163685,2.50593,1.61299,1.55266,10,7835,6.00937,3.68156
1776813389650332871,1.3261,-0.998047,0.187462,2.68352,1.76278,1.56602,10,7879,6.04312,3.83424
1776813389655306075,1.31618,-0.998047,0.211294,2.8362,1.76278,1.56602,10,7898,6.05769,3.83645
1776813389660313020,1.31618,-1.07422,0.225867,2.76223,1.73003,1.46094,10,7937,6.0876,3.98756
1776813389665346000,1.29597,-1.07422,0.235565,2.91335,1.73003,1.46094,10,7953,6.09987,4.29516
1776813389670314464,1.29597,-1.10352,0.247837,3.19164,1.37789,1.31791,10,7987,6.12595,4.29602
1776813389675319594,1.292,-1.10352,0.269952,3.1925,1.37789,1.31791,10,8008,6.14206,4.14088
1776813389680312075,1.292,-1.10938,0.286059,3.03151,1.2785,1.28971,10,8046,6.1712,4.14171
1776813389685324871,1.27367,-1.10938,0.296875,3.03234,1.2785,1.28971,10,8061,6.18271,4.13932
1776813389690331538,1.27367,-1.08594,0.30838,3.05339,1.42962,1.18765,10,8092,6.20649,3.83722
1776813389695357686,1.26835,-1.08594,-0.301487,2.75128,1.42962,1.18765,10,8099,6.21186,2.60782
1776813389700342001,1.26835,-1.08594,-0.301487,2.75128,1.42962,1.18765,10,8099,6.21186,2.60782
1776813389705293835,1.25461,-0.316406,0.302351,-2.77078,2.39221,1.59263,10,8075,6.19345,-2.45438
1776813389710313187,1.25461,-0.316406,0.302351,-2.77078,2.39221,1.59263,10,8075,6.19345,-2.45438
1776813389715358556,1.25461,4.49023,0.296981,4.03009,2.87202,4.2453,10,8071,6.19038,-0.460148
1776813389720336001,1.27841,4.49023,-0.307535,4.03009,2.61922,4.39594,10,8076,6.19421,0
1776813389725318724,1.27841,4.49023,-0.307535,4.03009,2.61922,4.39594,10,8076,6.19421,0
1776813389730324594,1.27841,2.42383,-0.303701,2.42383,2.11095,3.21809,10,8095,6.20879,1.38082
1776813389735315853,1.32886,2.42383,-0.238674,3.80464,2.11095,3.21809,10,8101,6.21339,1.68541
1776813389740325668,1.32886,1.45117,-0.234072,3.13658,2.21953,2.97923,10,8118,6.22643,1.99653
1776813389745323631,1.34241,1.45117,-0.207485,3.4477,2.21953,2.97923,10,8124,6.23103,1.53337
1776813389750334371,1.34241,1.12109,-0.202883,2.65447,2.36329,2.87494,10,8140,6.2433,1.68599
1776813389755316150,1.36199,1.12109,-0.171029,2.80708,2.36329,2.87494,10,8148,6.24944,1.53583
1776813389760318187,1.36199,0.996094,-0.164893,2.53192,2.99159,2.92423,10,8163,6.26094,1.68743
1776813389765312946,1.36703,0.996094,-0.14835,2.68353,2.99159,2.92423,10,8171,6.26708,1.99373
1776813389770314502,1.36703,0.679688,-0.142214,2.67342,3.47772,2.77476,10,8192,6.28319,2.29965
1776813389775312668,1.37947,0.679688,-0.113671,2.97933,3.47772,2.77476,10,8200,6.28932,2.14887
1776813389780321224,1.37947,0.40625,-0.107535,2.55512,2.98795,2.69491,10,8225,6.3085,2.60773
1776813389785328187,1.38209,0.40625,-0.0857354,3.01398,2.98795,2.69491,10,8234,6.3154,2.60825
1776813389790317705,1.38209,-0.140625,-0.0788327,2.46762,2.65482,2.3992,10,8259,6.33457,2.60782
1776813389795314539,1.38209,-0.140625,-0.0596577,2.4672,2.65482,2.3992,10,8269,6.34224,2.75786
1776813389800328427,1.38342,-0.140625,-0.0506583,2.61724,2.09512,2.40729,10,8291,6.35912,2.61086
1776813389805392222,1.38342,-0.357422,-0.033785,2.25344,2.09512,2.40729,10,8309,6.37292,2.76007
1776813389810338909,1.37897,-0.357422,-0.0244313,2.40265,2.31178,2.25658,10,8329,6.38826,2.91579
1776813389815317483,1.37897,-0.455078,-0.00909148,2.46071,2.31178,2.25658,10,8349,6.4036,3.22068
1776813389820313113,1.37484,-0.455078,0.00211704,2.7656,2.18745,2.1757,10,8376,6.42431,3.22197
1776813389825350538,1.37484,-0.544922,0.0228261,2.67704,2.18745,2.1757,10,8393,6.43735,3.37409
1776813389830348742,1.37008,-0.544922,0.0311064,2.82917,1.96704,2.0954,10,8416,6.45499,3.37477
1776813389835345927,1.37008,-0.726562,0.0487474,2.64821,1.96704,2.0954,10,8439,6.47263,3.52821
1776813389840382408,1.36337,-0.726562,0.0596846,2.80165,1.88196,1.9508,10,8472,6.49794,3.83568
1776813389845341464,1.36337,-0.871094,0.0849952,2.96459,1.88196,1.9508,10,8490,6.51175,3.98836
1776813389850318854,1.35539,-0.871094,0.0908188,3.11727,2.04639,1.8194,10,8515,6.53092,3.83032
1776813389855325168,1.35539,-0.917969,0.109994,2.91235,2.04639,1.8194,10,8538,6.54856,3.68525
1776813389860338057,1.34632,-0.917969,0.118564,2.76728,1.87862,1.73682,10,8569,6.57234,3.68156
1776813389865325798,1.34632,-0.933594,0.14234,2.74797,1.87862,1.73682,10,8588,6.58615,3.83568
1776813389870315521,1.34632,-0.933594,0.156913,2.90209,1.62874,1.72791,10,8612,6.60532,3.68083
1776813389875322113,1.33696,-0.933594,0.165957,2.74723,1.62874,1.72791,10,8631,6.61989,3.68156
1776813389880317354,1.33696,-0.939453,0.180529,2.74211,1.49736,1.66673,10,8665,6.64597,3.68156
1776813389885314595,1.32763,-0.939453,0.197278,2.74211,1.49736,1.66673,10,8683,6.65978,3.52741
1776813389890315965,1.32763,-0.972656,0.211084,2.55476,1.42033,1.59,10,8714,6.68355,3.83655
1776813389895340872,1.31337,-0.972656,0.2206,2.86389,1.42033,1.59,10,8728,6.69429,3.83492
1776813389900322539,1.31018,-1.02148,0.25269,2.96369,1.51685,1.47347,10,8767,6.72421,3.98517
1776813389905317354,1.31018,-1.08398,0.258059,2.90119,1.51685,1.47347,10,8789,6.74108,3.98916
1776813389910323613,1.29777,-1.08398,0.262528,2.90517,1.3862,1.34036,10,8815,6.76102,3.68377
1776813389915342761,1.29777,-1.12305,0.28247,2.56073,1.3862,1.34036,10,8834,6.77559,3.68083
1776813389920322521,1.28668,-1.12305,0.285956,2.55778,1.45791,1.2485,10,8862,6.79707,4.14171
1776813389925326743,1.28668,-1.09375,0.307432,3.04796,1.45791,1.2485,10,8884,6.81394,3.98836
1776813389930322336,1.27552,-1.09375,0.313139,2.89461,1.96992,1.19485,10,8903,6.82852,3.37544
1776813389935341039,1.27552,-0.738281,-0.300607,2.63716,1.96992,1.19485,10,8895,6.82238,0.920391
1776813389940326354,1.27552,-0.738281,-0.306743,0.18211,2.6538,1.39747,10,8879,6.81011,-2.30057
1776813389945328261,1.2658,-0.738281,0.299589,-3.03885,2.6538,1.39747,10,8877,6.80857,-1.53389
1776813389950316410,1.2658,4.69336,0.298055,3.15947,2.16101,4.43209,10,8875,6.80704,-0.153477
1776813389955316243,1.30015,4.69336,-0.297449,4.53988,2.16101,4.43209,10,8877,6.80857,-0.153106
1776813389960312373,1.30015,3.13672,-0.295915,2.98361,2.42528,3.76107,10,8887,6.81624,0.921401
1776813389965322669,1.31162,3.13672,-0.27678,4.05812,2.42528,3.76107,10,8890,6.81854,0.920575
1776813389970336150,1.31162,1.61523,-0.27448,2.53581,2.15306,2.96548,10,8904,6.82928,1.38091
1776813389975324799,1.34182,1.61523,-0.233535,2.99614,2.15306,2.96548,10,8912,6.83542,1.53337
1776813389980327799,1.34182,1.21875,-0.227399,2.75212,2.32556,2.92699,10,8925,6.84539,1.68734
1776813389985348428,1.36455,1.21875,-0.194697,2.90609,2.32556,2.92699,10,8931,6.84999,1.5346
1776813389990333132,1.36455,1.21875,-0.190095,2.75335,2.62652,3.06686,10,8948,6.86303,1.68709
1776813389995323503,1.36816,1.21875,-0.173455,2.90584,2.62652,3.06686,10,8954,6.86763,1.84078
1776813390000329502,1.36816,0.96875,-0.168853,2.80953,3.12935,2.94642,10,8975,6.88374,1.99453
1776813390005318670,1.38803,0.96875,-0.132872,2.96328,3.12935,2.94642,10,8983,6.88987,2.45192
1776813390010312763,1.38803,0.988281,-0.126736,3.44021,3.62516,3.07883,10,9004,6.90598,2.30323
1776813390015320726,1.38803,0.988281,-0.110629,3.29151,3.62516,3.07883,10,9018,6.91672,2.76062
1776813390020330744,1.39083,0.988281,-0.0970944,3.7489,3.28706,3.09583,10,9040,6.93359,2.76117
1776813390025332485,1.39083,0.0136719,-0.080221,2.77484,3.28706,3.09583,10,9057,6.94663,2.76117
1776813390030332430,1.40145,0.0136719,-0.0565623,2.77484,2.74507,2.60471,10,9077,6.96197,2.91462
1776813390035320356,1.40145,-0.375,-0.0412224,2.53962,2.74507,2.60471,10,9097,6.97731,3.06736
1776813390040318023,1.39929,-0.375,-0.0280412,2.69236,2.09979,2.3701,10,9120,6.99495,3.22132
1776813390045317653,1.39929,-0.53125,-0.0104006,2.69007,2.09979,2.3701,10,9140,7.01029,3.22197
1776813390050340949,1.39443,-0.53125,8.59706e-05,2.69072,1.89388,2.2516,10,9166,7.03023,3.36938
1776813390055306913,1.39443,-0.669922,0.0200278,2.69945,1.89388,2.2516,10,9182,7.04251,3.22723
1776813390060393004,1.38846,-0.669922,0.0263277,2.5573,2.20339,2.13629,10,9206,7.06091,3.37342
1776813390065336672,1.38846,-0.794922,0.0447356,2.5785,2.20339,2.13629,10,9228,7.07779,3.52812
1776813390070330691,1.38087,-0.794922,0.0540196,2.7332,2.1854,2.01883,10,9258,7.1008,3.68156
1776813390075352413,1.38087,-0.925781,0.0770294,2.75578,2.1854,2.01883,10,9281,7.11844,3.68009
1776813390080345451,1.3725,-0.925781,0.086301,2.75431,2.27034,1.89314,10,9305,7.13685,3.53024
1776813390085399487,1.3725,-1.07422,0.104709,2.45602,2.27034,1.89314,10,9323,7.15065,3.52821
1776813390090391339,1.3725,-1.07422,0.118514,2.45399,2.04757,1.80853,10,9349,7.17059,3.83568
1776813390095384284,1.36448,-1.07422,0.130432,2.76146,2.04757,1.80853,10,9368,7.18517,3.83492
1776813390100316508,1.36448,-1.19531,0.145005,2.6396,1.72268,1.69038,10,9405,7.21354,3.98836
1776813390105306045,1.3445,-1.19531,0.153401,2.79305,1.72268,1.69038,10,9419,7.22428,3.83424
1776813390110309212,1.3445,-1.21875,0.164139,2.61549,1.48045,1.55412,10,9458,7.2542,3.98906
1776813390115314120,1.34142,-1.21875,0.190972,2.77031,1.48045,1.55412,10,9474,7.26647,4.29344
1776813390120319879,1.34142,-1.21289,0.203244,3.08055,1.33836,1.53844,10,9516,7.29868,4.4486
1776813390125320324,1.32017,-1.21289,0.214209,3.23571,1.33836,1.53844,10,9532,7.31095,4.4494
1776813390130327805,1.32017,-1.21875,0.226481,3.23065,1.41242,1.40338,10,9573,7.3424,4.29516
1776813390135336028,1.31695,-1.21875,0.25471,3.07641,1.41242,1.40338,10,9595,7.35927,4.44851
1776813390140326824,1.31695,-1.21875,0.25471,3.07641,1.41242,1.40338,10,9595,7.35927,4.44851
1776813390145326602,1.29212,-1.27148,0.286634,3.17702,1.30247,1.3533,10,9654,7.40453,4.44851
1776813390150316066,1.29212,-1.24219,0.292003,3.20632,1.49683,1.21473,10,9687,7.42984,4.29516
1776813390155315603,1.2858,-1.24219,0.310991,3.05297,1.49683,1.21473,10,9701,7.44057,4.14171
1776813390160305585,1.2858,-1.22266,-0.30659,2.91906,2.08245,1.18613,10,9717,7.45285,3.06858
1776813390165332381,1.2858,-1.22266,-0.294318,1.84593,2.08245,1.18613,10,9716,7.45208,0.306736
1776813390170320456,1.27352,-1.22266,-0.307357,-0.915921,2.58036,1.10878,10,9698,7.43827,-1.99413
1776813390175319956,1.27352,3.76172,0.307156,1.76759,2.58036,1.10878,10,9696,7.43674,-1.22719
1776813390180316623,1.27734,3.76172,0.30944,2.53453,2.13367,3.97397,10,9696,7.43674,0
1776813390185328475,1.27734,4.51367,0.30944,4.51367,2.13367,3.97397,10,9696,7.43674,0
1776813390190348567,1.28728,4.51367,-0.308944,4.51367,2.22194,4.46514,10,9707,7.44518,0.920391
1776813390195330642,1.28728,1.40234,-0.300507,2.32273,2.22194,4.46514,10,9714,7.45054,1.38054
1776813390200320476,1.33609,1.40234,-0.246328,2.78288,2.11506,2.99617,10,9725,7.45898,1.38091
1776813390205297439,1.33609,1.17188,-0.237891,2.55279,2.11506,2.99617,10,9736,7.46742,1.84078
1776813390210318087,1.33916,1.17188,-0.226383,3.01266,2.38836,2.8838,10,9750,7.47816,1.687
1776813390215315884,1.33916,1.02344,-0.215645,2.71044,2.38836,2.8838,10,9762,7.48736,1.83931
1776813390220322180,1.35991,1.02344,-0.185688,2.86275,2.8427,2.92704,10,9773,7.4958,1.68869
1776813390225315570,1.35991,0.982422,-0.177251,2.67111,2.8427,2.92704,10,9781,7.50193,1.68743
1776813390230319292,1.36791,0.982422,-0.163111,2.66985,3.31664,2.95274,10,9795,7.51267,1.68734
1776813390235323274,1.36791,0.900391,-0.152373,2.58773,3.31664,2.95274,10,9808,7.52264,1.99383
1776813390240328070,1.37709,0.900391,-0.122486,3.0484,3.46772,2.90598,10,9826,7.53645,2.14801
1776813390245329811,1.37709,0.173828,-0.119418,2.32184,3.46772,2.90598,10,9840,7.54719,2.30139
1776813390250324219,1.38668,0.173828,-0.0990902,2.47522,3.0803,2.6064,10,9858,7.56099,2.45389
1776813390255295257,1.38668,-0.0625,-0.0852848,2.39139,3.0803,2.6064,10,9872,7.57173,2.75952
1776813390260337349,1.38702,-0.0625,-0.074206,2.69702,2.32165,2.47376,10,9892,7.58707,2.91686
1776813390265323683,1.38702,-0.425781,-0.0588661,2.49108,2.32165,2.47376,10,9907,7.59781,2.91404
1776813390270318498,1.38456,-0.425781,-0.0498277,2.48826,1.88674,2.25169,10,9931,7.61698,2.91452
1776813390275338109,1.38456,-0.482422,-0.0314199,2.4321,1.88674,2.25169,10,9950,7.63155,3.06858
1776813390280339368,1.37958,-0.482422,-0.0218235,2.58616,1.93624,2.18907,10,9971,7.64766,3.06797
1776813390285331369,1.37958,-0.517578,-0.0057169,2.55039,1.93624,2.18907,10,9993,7.66454,3.37342
1776813390290332721,1.37464,-0.517578,0.0062174,2.85584,2.01505,2.13888,10,10018,7.68371,3.52953
1776813390295324573,1.37464,-0.583984,0.025392,2.94555,2.01505,2.13888,10,10041,7.70135,3.83501
1776813390300338925,1.36923,-0.583984,0.0376214,3.25103,2.2998,2.06794,10,10067,7.72129,3.68156
1776813390305323722,1.36923,-0.707031,0.0713686,2.97306,2.2998,2.06794,10,10096,7.74354,3.68009
1776813390310313093,1.36286,-0.707031,0.0734314,2.97306,2.33629,1.95875,10,10121,7.76271,3.83645
1776813390315329204,1.36286,-0.884766,0.092606,2.95168,2.33629,1.95875,10,10141,7.77805,3.83492
1776813390320319982,1.35473,-0.884766,0.0998181,2.95015,2.08608,1.80752,10,10166,7.79722,3.83424
1776813390325324278,1.35473,-1.01367,0.118993,2.82057,2.08608,1.80752,10,10189,7.81487,3.83492
1776813390330324242,1.34531,-1.01367,0.127212,2.82124,1.59444,1.67601,10,10213,7.83327,3.52882
1776813390335329779,1.34531,-1.03711,0.14562,2.49171,1.59444,1.67601,10,10236,7.85091,3.52821
1776813390340320612,1.33497,-1.03711,0.152922,2.4911,1.53526,1.59875,10,10263,7.87162,3.83492
1776813390345371130,1.33497,-1.00586,0.173631,2.82906,1.53526,1.59875,10,10286,7.8885,3.83501
1776813390350341372,1.32466,-1.00586,0.180961,2.82915,1.52999,1.55263,10,10311,7.90844,3.68083
1776813390355338391,1.32466,-1.04102,0.200136,2.63981,1.52999,1.55263,10,10334,7.92608,3.68073
1776813390360384334,1.31457,-1.04102,0.207687,2.63972,1.65125,1.46981,10,10359,7.94525,3.6823
1776813390365384631,1.31457,-1.07422,0.226861,2.60808,1.65125,1.46981,10,10384,7.96443,3.83578
1776813390370356039,1.30387,-1.07422,0.235336,2.76156,1.6865,1.38408,10,10411,7.98514,3.98836
1776813390375353132,1.30387,-1.07422,0.256045,2.91414,1.6865,1.38408,10,10436,8.00431,4.14006
1776813390380317966,1.29307,-1.07422,0.285136,2.91494,1.67087,1.38408,10,10470,8.03039,3.98916
1776813390385336429,1.29307,-1.05664,0.290505,2.93252,1.67087,1.38408,10,10496,8.04956,3.98827
1776813390390320022,1.28249,-1.05664,0.299858,2.93163,1.89074,1.25993,10,10522,8.07027,4.44159
1776813390395316412,1.28249,-1.04688,-0.308518,3.39472,1.89074,1.25993,10,10525,8.07257,2.91968
1776813390400319523,1.27211,-1.04688,0.311725,1.87281,2.46332,1.20004,10,10508,8.05954,-1.22719
1776813390405352559,1.27211,1.50195,0.298686,0.274765,2.46332,1.20004,10,10496,8.05033,-2.60668
1776813390410334042,1.26978,1.50195,0.287149,-1.10473,2.65589,2.63813,10,10496,8.05033,-0.613594
1776813390415349782,1.26978,4.64258,0.287149,4.02898,2.65589,2.63813,10,10495,8.04956,-0.153382
1776813390420352505,1.30785,4.64258,-0.303863,4.4892,2.10433,4.66755,10,10500,8.0534,0.15332
1776813390425318487,1.30785,2.31836,-0.300028,2.47168,2.10433,4.66755,10,10511,8.06184,1.38082
1776813390430327358,1.33978,2.31836,-0.259657,3.69917,2.0503,3.54116,10,10517,8.06644,1.38045
1776813390435324839,1.33978,1.3125,-0.255055,2.69295,2.0503,3.54116,10,10529,8.07564,1.53389
1776813390440333710,1.35471,1.3125,-0.230921,2.84639,2.36763,3.05988,10,10544,8.08715,2.14834
1776813390445316507,1.35471,1.06836,-0.219416,3.2167,2.36763,3.05988,10,10554,8.09482,1.68709
1776813390450322062,1.35471,1.06836,-0.211746,2.75545,2.36169,2.92072,10,10568,8.10555,1.99373
1776813390455296286,1.36889,1.06836,-0.186834,3.06209,2.36169,2.92072,10,10577,8.11246,1.84152
1776813390460312785,1.36889,0.96875,-0.179931,2.81027,3.13208,2.95091,10,10594,8.1255,1.68743
1776813390465327859,1.3896,0.96875,-0.146184,2.65618,3.13208,2.95091,10,10601,8.13087,1.99373
1776813390470319249,1.3896,1.0625,-0.140815,3.05623,3.59468,3.13066,10,10623,8.14774,2.30149
1776813390475314027,1.39522,1.0625,-0.118318,3.36399,3.59468,3.13066,10,10632,8.15464,2.30011
1776813390480352860,1.39522,0.480469,-0.111415,2.78057,3.24603,2.83305,10,10658,8.17458,2.76218
1776813390485326860,1.40288,0.480469,-0.0838178,3.24265,3.24603,2.83305,10,10667,8.18149,2.60721
1776813390490322324,1.40288,-0.119141,-0.0769151,2.48807,2.52691,2.53766,10,10695,8.20296,2.76182
1776813390495377749,1.40436,-0.119141,-0.0539525,2.64268,2.52691,2.53766,10,10705,8.21063,2.91462
1776813390500342120,1.40436,-0.458984,-0.0462821,2.45564,1.96424,2.35294,10,10733,8.23211,2.91443
1776813390505298677,1.40118,-0.458984,-0.0279878,2.45544,1.96424,2.35294,10,10744,8.24054,3.06674
1776813390510405916,1.40118,-0.46875,-0.0195516,2.59799,2.03585,2.32813,10,10774,8.26355,3.2181
1776813390515348806,1.39669,-0.46875,-0.00103692,2.74935,2.03585,2.32813,10,10786,8.27276,3.22151
1776813390520331492,1.39669,-0.492188,0.00816697,2.72932,2.25101,2.28753,10,10816,8.29577,3.07227
1776813390525312937,1.39139,-0.492188,0.0350849,2.88248,2.25101,2.28753,10,10838,8.31264,3.37467
1776813390530323270,1.39139,-0.492188,0.0350849,2.88248,2.25101,2.28753,10,10838,8.31264,3.37467
1776813390535316845,1.38249,-0.734375,0.0599372,2.79243,2.42316,2.11734,10,10879,8.34409,3.5268
1776813390540313326,1.38249,-0.859375,0.0653064,2.66743,2.36881,1.99197,10,10908,8.36633,3.68304
1776813390545324252,1.37872,-0.859375,0.0837733,2.82366,2.36881,1.99197,10,10922,8.37707,3.83415
1776813390550324938,1.37872,-1.0332,0.0945117,2.80095,1.93063,1.86987,10,10957,8.40391,3.83492
1776813390555298883,1.36954,-1.0332,0.112172,2.80171,1.93063,1.86987,10,10971,8.41465,3.6823
1776813390560310642,1.36954,-1.10547,0.12291,2.57683,1.54444,1.77256,10,11009,8.4438,3.83338
1776813390565324439,1.35875,-1.10547,0.141271,2.72791,1.54444,1.77256,10,11024,8.4553,4.14264
1776813390570320587,1.35875,-1.11523,0.152776,3.0274,1.58618,1.70088,10,11065,8.48675,4.29602
1776813390575337439,1.34203,-1.11523,0.167498,3.18078,1.58618,1.70088,10,11080,8.49825,4.29344
1776813390580323254,1.34203,-1.11133,0.179003,3.18211,1.52501,1.6001,10,11119,8.52817,4.14264
1776813390585344273,1.33558,-1.11133,0.202468,3.03131,1.52501,1.6001,10,11135,8.54044,4.29602
1776813390590334643,1.33558,-1.20312,0.21474,3.09289,1.70984,1.50791,10,11176,8.57189,4.29516
1776813390595423586,1.33558,-1.20312,0.246187,3.09203,1.70984,1.50791,10,11191,8.58339,4.29497
1776813390600348329,1.31951,-1.20312,0.241626,3.09184,1.61628,1.40821,10,11225,8.60947,4.14098
1776813390605344070,1.31951,-1.26953,0.267705,2.87145,1.61628,1.40821,10,11250,8.62864,4.14264
1776813390610312793,1.30644,-1.26953,0.273802,2.8731,1.63199,1.28882,10,11279,8.65088,4.14181
1776813390615326256,1.30644,-1.26758,0.296044,2.87423,1.63199,1.28882,10,11305,8.67083,4.29497
1776813390620322238,1.28819,-1.26758,0.29774,3.02739,1.5784,1.17558,10,11332,8.69153,3.98766
1776813390625363700,1.28819,-1.26172,-0.30987,2.72594,1.5784,1.17558,10,11337,8.69537,2.45438
1776813390630340053,1.28155,-1.26172,-0.312671,1.19266,2.51285,1.13717,10,11325,8.68617,0
1776813390635331386,1.28155,3.875,0.306444,3.875,2.51285,1.13717,10,11317,8.68003,-2.1481
1776813390640320294,1.28565,3.875,0.304403,1.7269,2.26678,4.09088,10,11315,8.6785,-0.766792
1776813390645319184,1.28565,4.76758,0.30287,4.00079,2.26678,4.09088,10,11315,8.6785,-0.153382
1776813390650327535,1.30768,4.76758,-0.303419,4.6142,2.59077,4.73774,10,11323,8.68463,0.15332
1776813390655313425,1.30768,2.47656,-0.297283,2.62988,2.59077,4.73774,10,11331,8.69077,1.68743
1776813390660313407,1.34092,2.47656,-0.257912,4.16399,2.18798,3.63833,10,11343,8.69997,1.38082
1776813390665319296,1.34092,1.05859,-0.248708,2.43941,2.18798,3.63833,10,11353,8.70764,1.68676
1776813390670328314,1.34092,1.05859,-0.241038,2.74535,2.22079,2.83009,10,11367,8.71838,1.84152
1776813390675320204,1.35702,1.05859,-0.214194,2.90011,2.22079,2.83009,10,11374,8.72298,1.84005
1776813390680324056,1.35702,0.90625,-0.208825,2.7463,2.42141,2.8425,10,11395,8.73986,2.14834
1776813390685334019,1.37367,0.90625,-0.176072,3.05459,2.42141,2.8425,10,11402,8.74522,2.14725
1776813390690326260,1.37367,0.765625,-0.170704,2.91287,3.15969,2.86436,10,11420,8.75903,1.84078
1776813390695321760,1.38661,0.765625,-0.143954,2.60641,3.15969,2.86436,10,11428,8.76517,1.99413
1776813390700329242,1.39074,0.876953,-0.120655,3.02487,3.58733,3.00674,10,11449,8.78127,2.14791
1776813390705315335,1.39074,0.507812,-0.117587,2.65573,3.58733,3.00674,10,11464,8.79278,2.30057
1776813390710310613,1.39752,0.507812,-0.0992976,2.80838,3.41676,2.86259,10,11482,8.80658,2.60773
1776813390715323428,1.39752,0.207031,-0.0854922,2.81476,3.41676,2.86259,10,11495,8.81656,2.60844
1776813390720321132,1.39952,0.207031,-0.0735188,2.81547,2.67454,2.70327,10,11521,8.8365,2.91326
1776813390725333206,1.39952,-0.507812,-0.0535775,2.40545,2.67454,2.70327,10,11537,8.84877,3.22197
1776813390730322410,1.39706,-0.507812,-0.0437694,2.71415,2.36383,2.28088,10,11565,8.87024,3.37486
1776813390735347928,1.39706,-0.625,-0.0222936,2.74986,2.36383,2.28088,10,11582,8.88328,3.52892
1776813390740338484,1.39706,-0.625,-0.00925497,2.90392,2.12078,2.21408,10,11610,8.90476,3.52802
1776813390745334188,1.39441,-0.625,0.00957103,2.90302,2.12078,2.21408,10,11623,8.91473,3.37486
1776813390750318096,1.39441,-0.701172,0.0195417,2.67369,2.00711,2.15459,10,11657,8.94081,3.52661
1776813390755311856,1.38134,-0.701172,0.0325541,2.82544,2.00711,2.15459,10,11671,8.95154,3.83664
1776813390760316801,1.38134,-0.787109,0.0432915,3.04953,1.93711,2.02614,10,11706,8.97839,3.68156
1776813390765340856,1.37773,-0.787109,0.0665197,2.89445,1.93711,2.02614,10,11720,8.98913,3.83338
1776813390770321190,1.37773,-1.02539,0.0772571,2.80799,1.92055,1.86826,10,11755,9.01597,3.6823
1776813390775322005,1.36412,-1.02539,0.0904932,2.65691,1.92055,1.86826,10,11768,9.02594,3.68156
1776813390780318302,1.36412,-1.0957,0.100464,2.58586,1.80854,1.74494,10,11805,9.05432,3.83415
1776813390785347153,1.3589,-1.0957,0.123629,2.73845,1.80854,1.74494,10,11819,9.06506,3.98906
1776813390790325857,1.3589,-1.21875,0.134367,2.77031,1.73351,1.64281,10,11856,9.09344,3.98925
1776813390795338968,1.3414,-1.21875,0.145241,2.7705,1.73351,1.64281,10,11869,9.10341,3.68009
1776813390800332191,1.3414,-1.20508,0.155211,2.47501,1.6425,1.54278,10,11904,9.13025,3.6823
1776813390805309488,1.3351,-1.20508,0.175755,2.47722,1.6425,1.54278,10,11919,9.14176,3.83492
1776813390810308377,1.3351,-1.11719,0.187261,2.71773,1.74021,1.55391,10,11957,9.1709,4.14181
1776813390815313692,1.31807,-1.11719,0.210118,2.87188,1.74021,1.55391,10,11983,9.19085,3.98906
1776813390820318841,1.31807,-1.0957,0.219322,2.89336,1.60534,1.46047,10,12010,9.21155,3.98827
1776813390825315452,1.30705,-1.0957,0.229007,2.89256,1.60534,1.46047,10,12031,9.22766,4.14098
1776813390830316008,1.30705,-1.17969,0.245113,2.96129,1.4458,1.34385,10,12068,9.25604,4.44851
1776813390835313323,1.29544,-1.17969,0.261889,3.26882,1.4458,1.34385,10,12084,9.26831,4.60205
1776813390840322601,1.29544,-1.20312,0.274161,3.39893,1.42912,1.25786,10,12126,9.30053,4.4494
1776813390845420728,1.28959,-1.20312,0.300523,3.24627,1.42912,1.25786,10,12147,9.31663,4.44851
1776813390850368119,1.28959,-1.18164,-0.311689,3.26687,1.64219,1.23338,10,12172,9.33581,3.98766
1776813390855320713,1.27132,-1.18164,-0.310791,2.80602,1.64219,1.23338,10,12173,9.33657,1.84096
1776813390860335787,1.27132,-0.753906,-0.310025,1.08705,2.67904,1.36202,10,12153,9.32123,-1.6869
1776813390865319176,1.26662,-0.753906,0.29826,-2.44081,2.67904,1.36202,10,12150,9.31893,-1.68709
1776813390870328398,1.26662,4.45898,0.295958,2.77189,2.40825,4.30367,10,12148,9.3174,-0.153412
1776813390875316825,1.30562,4.45898,-0.294898,4.30557,2.40825,4.30367,10,12148,9.3174,-0.306892
1776813390880314177,1.30562,2.76562,-0.294898,2.45873,2.33449,3.58373,10,12160,9.3266,0.460151
1776813390885369306,1.30562,2.76562,-0.285694,3.22578,2.33449,3.58373,10,12169,9.33351,1.99413
1776813390890374935,1.32416,2.76562,-0.260247,4.75976,2.13591,3.6993,10,12182,9.34348,1.53377
1776813390895340474,1.32416,1.42188,-0.250275,2.95565,2.13591,3.6993,10,12195,9.35345,1.84152
1776813390900337529,1.35747,1.42188,-0.206999,3.26339,2.2207,3.13915,10,12207,9.36265,1.99373
1776813390905324178,1.35747,1.13477,-0.197795,3.1285,2.2207,3.13915,10,12217,9.37032,1.84078
1776813390910319308,1.36806,1.13477,-0.17953,2.97555,2.48777,3.04048,10,12232,9.38183,1.99373
1776813390915325956,1.36806,1.07617,-0.168025,3.06991,2.48777,3.04048,10,12241,9.38873,1.68811
1776813390920317698,1.37363,1.07617,-0.155559,2.76428,3.14766,3.04111,10,12257,9.401,1.84005
1776813390925402807,1.37363,0.900391,-0.143287,2.74044,3.14766,3.04111,10,12269,9.4102,2.30149
1776813390930351457,1.3825,0.900391,-0.125213,3.20188,3.66778,2.99505,10,12289,9.42554,2.30083
1776813390935332791,1.3825,0.144531,-0.109873,2.44537,3.66778,2.99505,10,12302,9.43552,2.60773
1776813390940424289,1.39159,0.144531,-0.0908087,2.75226,3.30325,2.61953,10,12326,9.45392,2.76127
1776813390945354994,1.39159,-0.111328,-0.0724009,2.64994,3.30325,2.61953,10,12341,9.46466,2.91404
1776813390950349143,1.3916,-0.111328,-0.0608905,2.80271,2.44182,2.47372,10,12365,9.48384,3.0692
1776813390955326755,1.3916,-0.671875,-0.0424827,2.39732,2.44182,2.47372,10,12380,9.49534,3.06797
1776813390960324607,1.3916,-0.671875,-0.0309775,2.3961,2.05611,2.15421,10,12405,9.51452,3.06778
1776813390965321274,1.38516,-0.671875,-0.018236,2.3959,2.05611,2.15421,10,12417,9.52372,3.21829
1776813390970319830,1.38516,-0.644531,-0.00903205,2.57376,1.61133,2.13068,10,12449,9.54826,3.22326
1776813390975328367,1.37856,-0.644531,0.0089061,2.57872,1.61133,2.13068,10,12462,9.55747,3.52892
1776813390980318182,1.37856,-0.75,0.0188768,2.77892,1.9071,2.03031,10,12495,9.58354,3.52732
1776813390985343034,1.36857,-0.75,0.0341994,2.77732,1.9071,2.03031,10,12507,9.59275,3.5261
1776813390990338867,1.36857,-0.849609,0.0434034,2.67649,1.98959,1.91249,10,12544,9.62113,3.68451
1776813390995327812,1.36415,-0.849609,0.0673673,2.8349,1.98959,1.91249,10,12559,9.63263,3.98827
1776813391000351664,1.36415,-1.09766,0.0788724,2.89061,2.02482,1.74406,10,12599,9.66331,4.14264
1776813391005313202,1.34998,-1.09766,0.0953786,3.04498,2.02482,1.74406,10,12614,9.67482,4.2943
1776813391010317443,1.34998,-1.14648,0.106884,3.14782,1.97965,1.62912,10,12652,9.70396,3.98906
1776813391015330221,1.34367,-1.14648,0.129723,2.84258,1.97965,1.62912,10,12667,9.7147,4.14098
1776813391020326963,1.34367,-1.16797,0.141228,2.97301,1.80618,1.57799,10,12705,9.74461,4.14098
1776813391025315297,1.32673,-1.16797,0.15343,2.97301,1.80618,1.57799,10,12720,9.75612,3.98906
1776813391030318353,1.32673,-1.13867,0.164935,2.85039,1.32857,1.48981,10,12757,9.7845,3.98925
1776813391035314872,1.32033,-1.13867,0.196879,2.69624,1.32857,1.48981,10,12781,9.8029,3.83492
1776813391040322187,1.32033,-1.13867,0.196879,2.69624,1.32857,1.48981,10,12781,9.8029,3.83492
1776813391045315984,1.32033,-1.10352,0.205316,2.7314,1.46179,1.47004,10,12833,9.84279,3.98846
1776813391050324040,1.30452,-1.10352,0.229388,2.88494,1.13973,1.37144,10,12861,9.86426,4.14162
1776813391055304892,1.30452,-1.17773,0.250864,2.96388,1.13973,1.37144,10,12880,9.87884,3.98925
1776813391060317393,1.2866,-1.17773,0.247523,2.81152,1.15061,1.21679,10,12912,9.90338,3.98827
1776813391065321374,1.2866,-1.19141,0.272066,2.79686,1.15061,1.21679,10,12933,9.91949,4.13519
1776813391070329745,1.28076,-1.19141,0.282333,2.94379,1.06426,1.17224,10,12968,9.94633,4.14742
1776813391075336857,1.28076,-1.17578,0.309177,2.97164,1.06426,1.17224,10,12988,9.96167,4.2943
1776813391080323728,1.26272,-1.17578,0.306473,3.11852,1.63842,1.06713,10,13011,9.97931,3.83587
1776813391085317839,1.26272,-1.13086,-0.304204,2.70501,1.63842,1.06713,10,13009,9.97778,1.53389
1776813391090316414,1.25692,-1.13086,-0.311532,0.40303,2.73276,1.05599,10,12990,9.96321,-1.68743
1776813391095317526,1.25692,4.49609,0.302214,2.80866,2.73276,1.05599,10,12985,9.95937,-1.99453
1776813391100386136,1.26787,4.49609,0.309324,2.50156,2.10782,4.33272,10,12982,9.95707,-0.460243
1776813391105333211,1.26787,4.8457,0.307023,4.38546,2.10782,4.33272,10,12982,9.95707,-0.30664
1776813391110320860,1.26787,4.8457,0.307023,4.53906,2.27381,4.53199,10,12990,9.96321,0.153382
1776813391115321027,1.29099,4.8457,-0.292034,4.99908,2.27381,4.53199,10,12997,9.96857,1.53377
1776813391120335250,1.29099,4.8457,-0.292034,4.99908,2.27381,4.53199,10,12997,9.96857,1.53377
1776813391125419730,1.29099,1.37109,-0.286664,2.90487,2.30247,2.69723,10,13017,9.98391,1.68811
1776813391130320973,1.33461,1.24023,-0.221573,2.92767,1.94114,2.96921,10,13027,9.99082,1.68743
1776813391135326381,1.35581,1.24023,-0.19884,2.92767,1.94114,2.96921,10,13037,9.99925,1.38054
1776813391140314511,1.35581,1.32617,-0.191169,2.70671,2.84191,3.0744,10,13054,10.0123,2.14748
1776813391145324956,1.36216,1.32617,-0.171784,3.47366,2.84191,3.0744,10,13061,10.0177,1.99353
1776813391150366141,1.36216,1.01172,-0.166415,3.00524,3.5508,2.93415,10,13083,10.0345,2.14834
1776813391155315068,1.37968,1.01172,-0.132021,3.16006,3.5508,2.93415,10,13091,10.0407,2.30057
1776813391160310328,1.37968,0.84375,-0.125885,3.14432,3.68039,2.94557,10,13113,10.0575,2.30149
1776813391165310088,1.38512,0.84375,-0.103569,3.14524,3.68039,2.94557,10,13122,10.0644,2.45438
1776813391170321088,1.38512,0.271484,-0.0966658,2.72586,3.35998,2.65254,10,13146,10.0829,2.60668
1776813391175323626,1.39338,0.271484,-0.0699992,2.87817,3.35998,2.65254,10,13155,10.0898,2.45438
1776813391180333478,1.39338,0.0976562,-0.0630965,2.55203,2.45152,2.60367,10,13182,10.1105,2.76218
1776813391185335626,1.39338,0.0976562,-0.0423884,2.85984,2.45152,2.60367,10,13193,10.1189,2.91404
1776813391190347108,1.39454,0.0976562,-0.0327878,3.01169,2.07945,2.61073,10,13219,10.1388,3.06736
1776813391195327405,1.39454,-0.431641,-0.0128455,2.63572,2.07945,2.61073,10,13239,10.1542,3.22197
1776813391200317184,1.38991,-0.431641,-0.00213288,2.79032,2.04904,2.28093,10,13264,10.1734,3.22068
1776813391205296444,1.38991,-0.451172,0.0170417,2.76951,2.04904,2.28093,10,13279,10.1849,3.0692
1776813391210312037,1.38495,-0.451172,0.0235848,2.61803,1.98849,2.23962,10,13306,10.2056,3.21939
1776813391215339759,1.38495,-0.478516,0.0442939,2.74087,1.98849,2.23962,10,13323,10.2186,3.22345
1776813391220321612,1.38265,-0.478516,0.0550322,2.74493,2.22053,2.21002,10,13353,10.2416,3.68083
1776813391225318908,1.38265,-0.800781,0.0780425,2.88005,2.22053,2.21002,10,13371,10.2554,3.68156
1776813391230337131,1.37379,-0.800781,0.0829854,2.88078,2.37798,1.97225,10,13402,10.2792,3.68211
1776813391235364649,1.37379,-0.923828,0.106762,2.75828,2.37798,1.97225,10,13420,10.293,3.83434
1776813391240329076,1.36855,-0.923828,0.115328,2.91051,2.11076,1.87007,10,13453,10.3183,3.83568
1776813391245317910,1.36855,-1.17578,0.14064,2.6599,2.11076,1.87007,10,13473,10.3337,4.14015
1776813391250319763,1.35376,-1.17578,0.14119,2.96437,1.9684,1.63569,10,13506,10.359,3.98827
1776813391255317652,1.35376,-1.21484,0.166501,2.77342,1.9684,1.63569,10,13526,10.3743,4.14181
1776813391260312097,1.35376,-1.21484,0.18184,2.92696,1.49533,1.61343,10,13559,10.3996,3.98986
1776813391265318820,1.34177,-1.21484,0.195163,2.77502,1.49533,1.61343,10,13575,10.4119,4.2943
1776813391270328320,1.34177,-1.21484,0.207435,3.07946,1.22627,1.53953,10,13617,10.4441,4.44495
1776813391275353561,1.32372,-1.21484,0.221599,3.23011,1.22627,1.53953,10,13633,10.4564,4.45296
1776813391280398949,1.32372,-1.21484,0.233871,3.23812,1.2753,1.42771,10,13674,10.4878,4.29516
1776813391285348117,1.31763,-1.21484,0.259228,3.08031,1.2753,1.42771,10,13689,10.4993,4.2943
1776813391290338507,1.31763,-1.25781,0.270733,3.03649,1.29377,1.36534,10,13731,10.5315,4.4494
1776813391295327045,1.29916,-1.25781,0.284473,3.19159,1.29377,1.36534,10,13747,10.5438,4.44781
1776813391300324045,1.29916,-1.27734,0.296745,3.17047,1.27883,1.23885,10,13785,10.573,4.2943
1776813391305315842,1.2928,-1.27734,-0.308788,3.01696,1.27883,1.23885,10,13797,10.5822,3.52802
1776813391310315139,1.2928,-0.798828,-0.299584,2.72919,2.33006,1.47173,10,13787,10.5745,1.07427
1776813391315319750,1.27501,-0.798828,0.303273,0.275439,2.33006,1.47173,10,13779,10.5684,-2.4529
1776813391320323288,1.27501,1.50391,0.297137,-0.948998,2.8864,2.6723,10,13775,10.5653,-1.07448
1776813391325320363,1.27676,1.50391,0.295817,0.429424,2.8864,2.6723,10,13775,10.5653,0
1776813391330317159,1.27676,2.59375,0.295817,2.59375,2.52533,3.30454,10,13781,10.5699,0
1776813391335343770,1.27676,2.59375,0.300419,2.59375,2.52533,3.30454,10,13788,10.5753,1.53439
1776813391340327586,1.33353,2.59375,-0.265762,4.12814,2.24711,3.65942,10,13803,10.5868,1.84115
1776813391345331198,1.33353,1.17578,-0.254257,3.01693,2.24711,3.65942,10,13816,10.5967,1.84078
1776813391350361716,1.35702,1.17578,-0.220796,3.01656,2.37332,2.9961,10,13834,10.6105,2.30083
1776813391355405345,1.35702,1.19141,-0.20699,3.49224,2.37332,2.9961,10,13845,10.619,2.14767
1776813391360329606,1.36271,1.19141,-0.192855,3.33908,2.46988,3.03999,10,13863,10.6328,2.30103
1776813391365326329,1.36271,0.722656,-0.17905,3.02368,2.46988,3.03999,10,13872,10.6397,2.14705
1776813391370402291,1.37415,0.722656,-0.160713,2.86971,3.02259,2.8428,10,13887,10.6512,1.83821
1776813391375358792,1.37415,0.505859,-0.149208,2.34407,3.02259,2.8428,10,13898,10.6596,1.99693
1776813391380327923,1.37708,0.505859,-0.137835,2.50279,3.42656,2.73715,10,13914,10.6719,2.14725
1776813391385326164,1.37708,0.478516,-0.125563,2.62576,3.42656,2.73715,10,13929,10.6834,2.45241
1776813391390333924,1.38808,0.478516,-0.103059,2.93093,3.25001,2.78859,10,13952,10.701,2.61034
1776813391395385960,1.38808,0.244141,-0.085418,2.85448,3.25001,2.78859,10,13967,10.7126,2.91462
1776813391400358869,1.3899,0.244141,-0.0720961,3.15876,2.73922,2.66604,10,13994,10.7333,3.22068
1776813391405337962,1.3899,-0.59375,-0.0513861,2.62693,2.73922,2.66604,10,14011,10.7463,3.37535
1776813391410327759,1.3899,-0.59375,-0.0383475,2.7816,2.34251,2.18845,10,14038,10.767,3.37486
1776813391415370574,1.38694,-0.59375,-0.0205996,2.78111,2.34251,2.18845,10,14051,10.777,3.374
1776813391420364149,1.38694,-0.748047,-0.010628,2.62595,1.82951,2.0825,10,14084,10.8023,3.52963
1776813391425375427,1.37592,-0.748047,0.00365711,2.78158,1.82951,2.0825,10,14097,10.8123,3.52821
1776813391430325724,1.37592,-0.75,0.0136278,2.77821,1.65076,2.01419,10,14133,10.8399,3.83262
1776813391435356835,1.36822,-0.75,0.0335405,3.08262,1.65076,2.01419,10,14146,10.8498,3.68377
1776813391440335096,1.36822,-0.800781,0.0435112,2.88299,1.75274,1.93816,10,14182,10.8775,3.68083
1776813391445359244,1.36037,-0.800781,0.0632751,2.88005,1.75274,1.93816,10,14195,10.8874,3.83492
1776813391450331263,1.36037,-0.927734,0.0732458,2.90718,1.78942,1.81769,10,14232,10.9158,3.83492
1776813391455323727,1.3519,-0.927734,0.0931594,2.90718,1.78942,1.81769,10,14246,10.9265,3.98766
1776813391460312857,1.3519,-1.0625,0.103897,2.92516,1.7318,1.68883,10,14283,10.9549,3.98349
1776813391465314172,1.34202,-1.0625,0.12239,2.92099,1.7318,1.68883,10,14296,10.9649,3.68746
1776813391470324802,1.34202,-1.11133,0.13236,2.57614,1.64896,1.60004,10,14332,10.9925,3.83415
1776813391475316247,1.33123,-1.11133,0.149186,2.72282,1.64896,1.60004,10,14346,11.0032,3.68156
1776813391480321896,1.33123,-1.11133,0.159924,2.57024,1.59601,1.5333,10,14383,11.0316,3.98827
1776813391485323359,1.33123,-1.11133,0.188303,2.87694,1.59601,1.5333,10,14397,11.0424,3.98766
1776813391490327934,1.32002,-1.11133,0.187826,2.87633,1.49777,1.46367,10,14428,11.0661,3.83108
1776813391495329619,1.32002,-1.07422,0.211603,2.75687,1.49777,1.46367,10,14452,11.0845,3.83568
1776813391500354731,1.30375,-1.07422,0.213742,2.76146,1.4588,1.38334,10,14486,11.1106,3.99165
1776813391505332546,1.30375,-1.11133,0.239819,2.88032,1.4588,1.38334,10,14507,11.1267,4.29087
1776813391510333399,1.29295,-1.11133,0.245128,3.17954,1.44659,1.29454,10,14542,11.1536,4.2986
1776813391515323955,1.29295,-1.11523,0.271972,3.18336,1.44659,1.29454,10,14562,11.1689,4.14245
1776813391520322104,1.28189,-1.11523,0.276248,3.02721,1.40497,1.22274,10,14598,11.1965,4.29258
1776813391525319511,1.28189,-1.13672,0.303859,3.15586,1.40497,1.22274,10,14617,11.2111,4.29946
1776813391530326919,1.27058,-1.13672,0.307125,3.16274,2.07124,1.13915,10,14628,11.2195,3.06674
1776813391535319809,1.27058,-0.341797,-0.312756,2.72495,2.07124,1.13915,10,14612,11.2073,-0.613717
1776813391540323717,1.26136,-0.341797,0.294072,-0.955514,2.78214,1.5339,10,14600,11.1981,-2.76108
1776813391545321291,1.26136,2.60742,0.284868,-0.153656,2.78214,1.5339,10,14600,11.1981,-0.613717
1776813391550319866,1.26702,2.60742,0.290532,1.99371,2.05158,3.25083,10,14599,11.1973,-0.153511
1776813391555315811,1.26702,2.62305,0.289764,2.46954,2.05158,3.25083,10,14603,11.2004,0
1776813391560330496,1.26702,2.62305,0.292832,2.62305,2.36929,3.25973,10,14619,11.2126,1.84115
1776813391565332885,1.32615,2.62305,-0.264091,4.4642,2.36929,3.25973,10,14624,11.2165,1.53439
1776813391570331404,1.32615,1.60352,-0.260255,3.1379,2.23727,3.04922,10,14642,11.2303,1.68709
1776813391575319276,1.35183,1.60352,-0.220761,3.29061,2.23727,3.04922,10,14649,11.2356,2.14791
1776813391580320813,1.35183,0.941406,-0.215392,3.08932,2.12644,2.83064,10,14665,11.2479,1.68709
1776813391585320925,1.365,0.941406,-0.189956,2.6285,2.12644,2.83064,10,14671,11.2525,1.68777
1776813391590329147,1.365,1.13086,-0.185354,2.81863,2.48887,3.01949,10,14684,11.2625,1.53389
1776813391595374221,1.37662,1.13086,-0.163767,2.66475,2.48887,3.01949,10,14688,11.2656,1.22719
1776813391600383610,1.37662,1.44727,-0.160699,2.67445,3.40965,3.2709,10,14706,11.2794,1.68575
1776813391605333760,1.38812,1.44727,-0.135391,3.13301,3.40965,3.2709,10,14713,11.2847,1.99613
1776813391610319797,1.38812,0.888672,-0.130022,2.8848,3.84141,3.02259,10,14736,11.3024,2.14748
1776813391615340186,1.40037,0.888672,-0.100126,3.03616,3.84141,3.02259,10,14746,11.31,2.60792
1776813391620332446,1.40037,0.166016,-0.0924549,2.77393,3.15805,2.68505,10,14772,11.33,2.76108
1776813391625327114,1.40606,0.166016,-0.0668278,2.92709,3.15805,2.68505,10,14782,11.3377,2.76127
1776813391630320151,1.40606,-0.382812,-0.0591564,2.37846,2.35584,2.40663,10,14809,11.3576,2.91385
1776813391635324485,1.40606,-0.382812,-0.0384483,2.53103,2.35584,2.40663,10,14819,11.366,2.76072
1776813391640321041,1.40474,-0.382812,-0.0320959,2.3779,2.01215,2.39866,10,14843,11.3844,2.9156
1776813391645326838,1.40474,-0.505859,-0.0136881,2.40974,2.01215,2.39866,10,14863,11.3998,3.21765
1776813391650318635,1.39991,-0.505859,-0.00317763,2.71179,2.21244,2.2993,10,14890,11.4205,3.22519
1776813391655311376,1.39991,-0.535156,0.0175314,2.69004,2.21244,2.2993,10,14906,11.4328,3.22003
1776813391660307840,1.39264,-0.535156,0.0225306,2.68488,1.93549,2.23849,10,14929,11.4504,3.37467
1776813391665337506,1.39264,-0.623047,0.0401707,2.75162,1.93549,2.23849,10,14945,11.4627,3.37621
1776813391670327266,1.39016,-0.623047,0.0499573,2.75317,1.99521,2.1733,10,14975,11.4857,3.52751
1776813391675333229,1.39016,-0.919922,0.0729676,2.60759,1.99521,2.1733,10,15000,11.5049,3.83568
1776813391680321952,1.37779,-0.919922,0.0797758,2.91576,2.44337,1.92877,10,15032,11.5294,3.98827
1776813391685343897,1.37779,-1.08984,0.10432,2.89842,2.44337,1.92877,10,15051,11.544,3.98846
1776813391690321990,1.36797,-1.08984,0.109072,2.89861,1.92719,1.77188,10,15084,11.5693,3.83338
1776813391695323972,1.36797,-1.21289,0.134383,2.62049,1.92719,1.77188,10,15104,11.5846,4.14264
1776813391700317547,1.35657,-1.21289,0.138323,2.92975,1.62677,1.63181,10,15140,11.6122,4.2943
1776813391705293992,1.35657,-1.2832,0.165934,3.0111,1.62677,1.63181,10,15162,11.6291,4.45029
1776813391710305548,1.35657,-1.2832,0.182808,3.16709,1.61905,1.59173,10,15195,11.6544,4.28744
1776813391715347011,1.34391,-1.2832,0.195459,3.00424,1.61905,1.59173,10,15210,11.6659,4.14825
1776813391720335456,1.34391,-1.2832,0.195459,3.00424,1.61905,1.59173,10,15210,11.6659,4.14825
1776813391725318494,1.33116,-1.25195,0.237936,3.04406,1.61905,1.53157,10,15275,11.7158,4.29602
1776813391730332475,1.33116,-1.29883,0.244072,2.99719,1.51621,1.42601,10,15309,11.7419,4.4494
1776813391735320643,1.31192,-1.29883,0.250911,3.15057,1.51621,1.42601,10,15329,11.7572,4.14098
1776813391740324199,1.31192,-1.29688,0.266251,2.8441,1.47579,1.3075,10,15359,11.7802,4.29087
1776813391745315070,1.30713,-1.29688,0.284465,2.99399,1.47579,1.3075,10,15379,11.7955,4.30032
1776813391750316663,1.30713,-1.29883,0.299805,3.00149,1.43618,1.27644,10,15414,11.8224,4.44762
1776813391755289627,1.28586,-1.29883,0.305384,3.14879,1.43618,1.27644,10,15422,11.8285,3.06858
1776813391760313645,1.28586,-1.29688,0.31152,1.77171,1.64898,1.14425,10,15418,11.8255,0.15332
1776813391765310183,1.27971,-1.29688,0.302301,-1.14355,1.64898,1.14425,10,15412,11.8209,-1.07365
1776813391770314869,1.27971,4.16016,0.297701,3.08651,2.6923,4.21604,10,15406,11.8163,-1.07362
1776813391775316702,1.28778,4.16016,0.301167,3.08653,2.6923,4.21604,10,15405,11.8155,-0.460335
1776813391780328277,1.28778,4.64844,0.3004,4.1881,2.53874,4.54514,10,15411,11.8201,0.306892
1776813391785327092,1.28778,4.64844,0.305002,4.95533,2.53874,4.54514,10,15419,11.8262,1.38026
1776813391790418331,1.3087,4.64844,-0.296261,6.0287,2.72366,4.67621,10,15430,11.8347,1.53389
1776813391795341482,1.3087,4.64844,-0.296261,6.0287,2.72366,4.67621,10,15430,11.8347,1.53389
1776813391800351241,1.34909,1.10938,-0.229796,2.94979,2.2069,2.65895,10,15460,11.8577,1.84041
1776813391805312761,1.34909,1.10938,-0.229796,2.94979,2.2069,2.65895,10,15460,11.8577,1.84041
1776813391810323317,1.36667,0.806641,-0.191503,2.95432,2.21686,2.73691,10,15487,11.8784,2.14767
1776813391815406445,1.36667,0.986328,-0.186135,3.134,2.21686,2.73691,10,15496,11.8853,2.14791
1776813391820343058,1.36994,0.986328,-0.175965,3.13424,2.22356,2.96736,10,15508,11.8945,1.99373
1776813391825315985,1.36994,0.785156,-0.166761,2.77889,2.22356,2.96736,10,15524,11.9068,2.1481
1776813391830309226,1.3832,0.785156,-0.141231,2.93326,2.84853,2.93364,10,15541,11.9198,2.45192
1776813391835318319,1.3832,0.728516,-0.128193,3.18044,2.84853,2.93364,10,15556,11.9313,2.45634
1776813391840368226,1.38699,0.728516,-0.1129,3.18486,3.65572,2.92442,10,15575,11.9459,2.45438
1776813391845342060,1.38699,0.0195312,-0.0983274,2.47391,3.65572,2.92442,10,15595,11.9612,2.60773
1776813391850321172,1.39227,0.0195312,-0.077707,2.62726,3.30979,2.55239,10,15613,11.975,3.06858
1776813391855364005,1.39227,-0.125,-0.0639007,2.94358,3.30979,2.55239,10,15633,11.9904,3.22068
1776813391860334729,1.39227,-0.125,-0.0485608,3.09568,2.89471,2.47001,10,15657,12.0088,3.37419
1776813391865334525,1.39193,-0.125,-0.0304878,3.24919,2.89471,2.47001,10,15673,12.021,3.52873
1776813391870325674,1.39193,-0.617188,-0.0182159,2.91154,2.08606,2.18742,10,15706,12.0464,3.37554
1776813391875326656,1.38221,-0.617188,-0.00262807,2.75835,2.08606,2.18742,10,15723,12.0594,3.37467
1776813391880319138,1.38221,-0.6875,0.0104106,2.68717,2.14297,2.0882,10,15752,12.0816,3.5268
1776813391885332509,1.37549,-0.6875,0.0259316,2.8393,2.14297,2.0882,10,15771,12.0962,3.6823
1776813391890328584,1.37549,-0.880859,0.0405047,2.80144,2.22554,1.93698,10,15797,12.1161,3.83415
1776813391895336732,1.3678,-0.880859,0.0527556,2.95329,2.22554,1.93698,10,15815,12.13,3.83568
1776813391900324714,1.3678,-0.974609,0.066562,2.86107,2.24543,1.83651,10,15845,12.153,3.68083
1776813391905298030,1.36451,-0.974609,0.0862849,2.70622,2.24543,1.83651,10,15863,12.1668,3.68304
1776813391910313493,1.36451,-1.16211,0.100091,2.52093,2.03137,1.7095,10,15895,12.1913,3.83415
1776813391915317568,1.3466,-1.16211,0.106722,2.67204,2.03137,1.7095,10,15914,12.2059,3.98846
1776813391920326901,1.3466,-1.18359,0.121295,2.80486,1.67983,1.58712,10,15945,12.2297,3.68156
1776813391925319772,1.33484,-1.18359,0.133313,2.49797,1.67983,1.58712,10,15962,12.2427,3.6823
1776813391930328624,1.33484,-1.14453,0.146351,2.53777,1.54165,1.53673,10,15993,12.2665,3.68083
1776813391935319681,1.33484,-1.14453,0.170128,2.5363,1.54165,1.53673,10,16012,12.281,3.83492
1776813391940327051,1.32313,-1.14453,0.172992,2.69038,1.47929,1.4641,10,16041,12.3033,4.14245
1776813391945320478,1.32313,-1.09961,0.195236,3.04284,1.47929,1.4641,10,16070,12.3255,4.13602
1776813391950337645,1.30636,-1.09961,0.20071,3.03641,1.50787,1.38521,10,16099,12.3478,3.99405
1776813391955302442,1.30636,-1.16016,0.222952,2.83389,1.50787,1.38521,10,16131,12.3723,4.28915
1776813391960314572,1.29557,-1.16016,0.236704,3.129,1.43074,1.28314,10,16157,12.3923,4.45475
1776813391965371942,1.29557,-1.20117,0.256645,3.25357,1.43074,1.28314,10,16184,12.413,4.44851
1776813391970346387,1.28336,-1.20117,0.265145,3.24734,1.55785,1.18305,10,16208,12.4314,4.29516
1776813391975326314,1.28336,-1.21094,0.283552,3.08422,1.55785,1.18305,10,16239,12.4552,4.29516
1776813391980323981,1.27943,-1.21094,0.303396,3.08422,1.4239,1.1527,10,16264,12.4743,3.98827
1776813391985319963,1.27943,-0.611328,-0.305748,3.37694,1.4239,1.1527,10,16275,12.4828,2.76072
1776813391990342074,1.25733,-0.611328,0.308914,2.14939,1.60734,1.35473,10,16263,12.4736,0
1776813391995351186,1.25733,1.53516,0.299711,1.53516,1.60734,1.35473,10,16251,12.4644,-2.30149
1776813392000326539,1.26045,1.53516,0.29362,-0.76633,2.24586,2.59798,10,16247,12.4613,-1.07384
1776813392005306114,1.26045,4.51172,0.290552,3.43788,2.24586,2.59798,10,16246,12.4605,-0.460243
1776813392010310374,1.30107,4.51172,-0.296375,4.51172,2.81592,4.29462,10,16252,12.4651,0
1776813392015311745,1.30107,4.51172,-0.296375,4.51172,2.81592,4.29462,10,16252,12.4651,0
1776813392020329634,1.33406,2.57227,-0.248809,3.95253,2.47572,3.44509,10,16272,12.4805,1.38026
1776813392025361597,1.33406,2.57227,-0.248809,3.95253,2.47572,3.44509,10,16272,12.4805,1.38026
1776813392030326580,1.35366,1.46094,-0.210809,3.30209,2.08051,3.01705,10,16297,12.4996,1.84115
1776813392035312692,1.35366,0.839844,-0.206208,2.68099,2.08051,3.01705,10,16305,12.5058,1.99334
1776813392040323544,1.36162,0.839844,-0.192108,2.83318,2.36222,2.83289,10,16316,12.5142,1.84078
1776813392045317082,1.36162,1.125,-0.18367,2.96578,2.36222,2.83289,10,16325,12.5211,1.68743
1776813392050318990,1.36471,1.125,-0.173678,2.81243,2.37398,3.01438,10,16337,12.5303,1.5345
1776813392055303103,1.36471,1.01758,-0.164474,2.55208,2.37398,3.01438,10,16351,12.5411,1.84041
1776813392060332751,1.38203,1.01758,-0.136415,2.85799,2.70528,3.05902,10,16363,12.5503,1.99413
1776813392065316604,1.38203,0.845703,-0.127211,2.83984,2.70528,3.05902,10,16380,12.5633,2.30057
1776813392070311790,1.38482,0.845703,-0.111379,3.14627,3.45928,2.97806,10,16398,12.5771,2.45536
1776813392075324235,1.38482,0.146484,-0.0975737,2.60184,3.45928,2.97806,10,16418,12.5924,2.60773
1776813392080318569,1.38482,0.146484,-0.0822338,2.75421,3.45353,2.5795,10,16433,12.604,2.76016
1776813392085317218,1.39341,0.146484,-0.062139,2.90665,3.45353,2.5795,10,16447,12.6147,2.76218
1776813392090330459,1.39341,-0.423828,-0.0514015,2.33835,2.81172,2.30664,10,16470,12.6323,2.76053
1776813392095343367,1.39032,-0.423828,-0.036859,2.3367,2.81172,2.30664,10,16484,12.6431,2.91462
1776813392100316498,1.39032,-0.457031,-0.0261215,2.45759,2.18113,2.2689,10,16510,12.663,3.06858
1776813392105292869,1.38602,-0.457031,-0.0104765,2.61155,2.18113,2.2689,10,16525,12.6745,3.22068
1776813392110408608,1.38602,-0.525391,0.0010286,2.69529,1.97289,2.2038,10,16554,12.6968,3.37554
1776813392115347184,1.3809,-0.525391,0.0181499,2.85015,1.97289,2.2038,10,16571,12.7098,3.52732
1776813392120323426,1.3809,-0.712891,0.0311885,2.81443,2.04643,2.06573,10,16600,12.732,3.52892
1776813392125343241,1.37465,-0.712891,0.0471874,2.81603,2.04643,2.06573,10,16618,12.7458,3.67568
1776813392130326187,1.37465,-0.875,0.0609937,2.80068,2.31857,1.93523,10,16651,12.7712,3.84029
1776813392135320539,1.36663,-0.875,0.078281,2.96529,2.31857,1.93523,10,16670,12.7857,3.98846
1776813392140317837,1.36663,-0.939453,0.0928531,3.049,2.27701,1.8494,10,16703,12.811,4.14079
1776813392145343207,1.36401,-0.939453,0.115549,3.20134,2.27701,1.8494,10,16721,12.8248,3.83664
1776813392150332171,1.36401,-1.03125,0.129354,2.80539,1.96805,1.78105,10,16754,12.8502,3.98747
1776813392155319616,1.36401,-1.03125,0.154665,2.95622,1.96805,1.78105,10,16772,12.864,3.83492
1776813392160311321,1.34728,-1.03125,0.15174,2.80367,1.65081,1.67818,10,16801,12.8862,3.83568
1776813392165334395,1.34728,-1.02148,0.173982,2.8142,1.65081,1.67818,10,16829,12.9077,4.1385
1776813392170334100,1.33696,-1.02148,0.18513,3.11701,1.76119,1.61996,10,16854,12.9269,3.53033
1776813392175326656,1.33696,-1.04102,0.204304,2.48932,1.76119,1.61996,10,16882,12.9483,3.6823
1776813392180318601,1.32169,-1.04102,0.210514,2.64128,1.63166,1.51414,10,16905,12.966,3.98827
1776813392185319861,1.32169,-1.11719,0.228155,2.87108,1.63166,1.51414,10,16930,12.9851,3.98766
1776813392190336899,1.31065,-1.11719,0.236289,2.87047,1.58171,1.40195,10,16953,13.0028,4.14245
1776813392195323715,1.31065,-1.18555,0.25393,2.9569,1.58171,1.40195,10,16981,13.0243,3.98766
1776813392200323271,1.29901,-1.18555,0.263771,2.80211,1.59813,1.29025,10,17009,13.0457,3.83568
1776813392205312476,1.29901,-1.20312,0.285245,2.63256,1.59813,1.29025,10,17034,13.0649,4.14181
1776813392210316365,1.28713,-1.20312,0.292538,2.93868,1.62222,1.20565,10,17058,13.0833,4.14162
1776813392215321143,1.28713,-1.15625,0.310946,2.98537,1.62222,1.20565,10,17079,13.0994,3.68009
1776813392220447215,1.27516,-1.15625,-0.313232,2.52384,1.40673,1.15699,10,17091,13.1086,2.60896
1776813392225342867,1.27516,-1.09375,-0.304028,1.51521,1.40673,1.15699,10,17081,13.101,-1.07362
1776813392230327757,1.27218,-1.09375,0.302129,-2.93453,2.00793,1.19262,10,17064,13.0879,-1.84078
1776813392235412329,1.27218,-1.09375,0.302129,-2.93453,2.00793,1.19262,10,17064,13.0879,-1.84078
1776813392240367739,1.27218,4.16992,0.300595,2.32914,2.61566,4.17404,10,17063,13.0872,-0.306702
1776813392245338555,1.30074,4.16992,-0.299933,3.86322,2.61566,4.17404,10,17068,13.091,0.460052
1776813392250312723,1.30074,2.44531,-0.296098,2.90536,1.62721,3.37062,10,17075,13.0964,1.07384
1776813392255292298,1.33096,2.44531,-0.260502,3.51915,1.62721,3.37062,10,17080,13.1002,0.766792
1776813392260312094,1.33096,1.71484,-0.256667,2.48164,2.04506,3.14255,10,17093,13.1102,1.38045
1776813392265324947,1.34796,1.71484,-0.229695,3.0953,2.04506,3.14255,10,17100,13.1155,1.84115
1776813392270322929,1.34796,1.19336,-0.224326,3.03451,2.21129,2.9504,10,17113,13.1255,1.53389
1776813392275341818,1.36403,1.19336,-0.198284,2.72725,2.21129,2.9504,10,17121,13.1316,1.53358
1776813392280352800,1.36403,1.41016,-0.192148,2.94374,2.19697,3.17277,10,17135,13.1424,1.68777
1776813392285337857,1.37808,1.41016,-0.167362,3.09793,2.19697,3.17277,10,17143,13.1485,1.68743
1776813392290322599,1.37808,1.2207,-0.161226,2.90813,2.62766,3.15071,10,17162,13.1631,2.14748
1776813392295338488,1.39041,1.2207,-0.134326,3.36819,2.62766,3.15071,10,17173,13.1715,2.30103
1776813392300320785,1.39041,0.751953,-0.125889,3.05298,3.42611,2.95859,10,17195,13.1884,2.60773
1776813392305320212,1.39041,0.751953,-0.109015,3.35968,3.42611,2.95859,10,17208,13.1984,2.76127
1776813392310325990,1.40066,0.751953,-0.0887977,3.51322,3.88661,3.02075,10,17226,13.2122,2.60825
1776813392315325454,1.40066,0.751953,-0.0887977,3.51322,3.88661,3.02075,10,17226,13.2122,2.60825
1776813392320318677,1.40735,-0.0976562,-0.0406896,2.66416,3.30398,2.53648,10,17271,13.2467,2.76182
1776813392325319326,1.40735,-0.396484,-0.0337869,2.36534,3.30398,2.53648,10,17289,13.2605,3.06491
1776813392330320549,1.4045,-0.396484,-0.0228283,2.66842,2.67225,2.3894,10,17308,13.2751,3.21875
1776813392335329679,1.4045,-0.460938,-0.00825517,2.75781,2.67225,2.3894,10,17328,13.2904,3.22713
1776813392340318143,1.40249,-0.460938,0.00507052,2.76619,2.24374,2.34048,10,17347,13.305,3.22132
1776813392345316755,1.40249,-0.595703,0.0196436,2.62562,2.24374,2.34048,10,17371,13.3226,3.37486
1776813392350323959,1.39549,-0.595703,0.0310581,2.77916,1.86632,2.2213,10,17389,13.3372,3.22132
1776813392355297331,1.39549,-0.677734,0.0448654,2.54359,1.86632,2.2213,10,17411,13.3541,3.52821
1776813392360380570,1.39417,-0.677734,0.060417,2.85048,1.87689,2.16652,10,17437,13.374,3.68083
1776813392365344831,1.39417,-0.869141,0.0803583,2.81169,1.87689,2.16652,10,17465,13.3955,3.83568
1776813392370325517,1.38063,-0.869141,0.0882881,2.96654,1.95754,1.97502,10,17486,13.4116,3.68083
1776813392375323574,1.38063,-0.951172,0.104396,2.72966,1.95754,1.97502,10,17508,13.4285,3.68156
1776813392380328426,1.37865,-0.951172,0.140005,2.88451,2.13598,1.92826,10,17547,13.4584,3.83568
1776813392385343963,1.37865,-0.951172,0.140005,2.88451,2.13598,1.92826,10,17547,13.4584,3.83568
1776813392390343835,1.35643,-1.24023,0.158428,2.9024,2.01502,1.75146,10,17599,13.4983,4.14264
1776813392395332224,1.35643,-1.24414,0.166865,2.8985,2.01502,1.75146,10,17622,13.5159,3.83492
1776813392400320466,1.34409,-1.24414,0.172171,2.59077,1.98041,1.53715,10,17647,13.5351,4.13602
1776813392405330911,1.34409,-1.24805,0.191347,2.88797,1.98041,1.53715,10,17674,13.5558,4.30118
1776813392410314931,1.33811,-1.24805,0.206073,3.05313,1.78526,1.49796,10,17700,13.5757,4.60186
1776813392415323487,1.33811,-1.26562,0.226015,3.33624,1.78526,1.49796,10,17733,13.601,4.60205
1776813392420327228,1.32571,-1.26562,0.238922,3.33643,1.49248,1.41108,10,17758,13.6202,4.44673
1776813392425321933,1.32571,-1.31641,0.258097,3.13032,1.49248,1.41108,10,17793,13.6471,4.4494
1776813392430319267,1.31274,-1.31641,0.271971,3.13299,1.45691,1.30142,10,17819,13.667,4.7554
1776813392435319545,1.31274,-1.33984,0.291912,3.41556,1.45691,1.30142,10,17853,13.6923,4.60278
1776813392440351045,1.29968,-1.33984,0.304934,3.26294,1.35583,1.20647,10,17878,13.7123,4.44851
1776813392445348009,1.29968,-1.29883,-0.30421,3.14968,1.35583,1.20647,10,17892,13.723,3.22003
1776813392450326862,1.28654,-1.29883,-0.309678,-0.838401,1.44749,1.22985,10,17879,13.713,0.460427
1776813392455311993,1.28654,0.455078,0.311738,0.915506,1.44749,1.22985,10,17871,13.7069,-2.30011
1776813392460320919,1.27897,0.455078,0.298032,-1.84503,2.31084,2.09946,10,17871,13.7069,-0.920296
1776813392465340234,1.27897,3.04102,0.298032,2.12072,2.31084,2.09946,10,17869,13.7054,0
1776813392470321717,1.33039,3.04102,-0.280407,3.04102,2.69955,3.8949,10,17872,13.7077,-0.306954
1776813392475324995,1.33039,2.45312,-0.278106,2.14617,2.69955,3.8949,10,17882,13.7153,1.53408
1776813392480317552,1.34442,2.45312,-0.256404,3.98721,2.20984,3.6466,10,17891,13.7222,1.37971
1776813392485370996,1.34442,1.10938,-0.249501,2.48909,2.20984,3.6466,10,17907,13.7345,1.68811
1776813392490384033,1.36002,1.10938,-0.221631,2.79748,1.90131,2.97667,10,17917,13.7422,2.30149
1776813392495344535,1.36002,0.814453,-0.213961,3.11594,1.90131,2.97667,10,17930,13.7521,1.68724
1776813392500322480,1.37244,0.814453,-0.191568,2.50169,2.28208,2.88467,10,17942,13.7613,1.84005
1776813392505300704,1.37244,1.10156,-0.182364,2.94161,2.28208,2.88467,10,17956,13.7721,2.14767
1776813392510312037,1.38178,1.10156,-0.162286,3.24924,2.15546,3.10534,10,17967,13.7805,1.84078
1776813392515341852,1.38178,0.912109,-0.153849,2.75289,2.15546,3.10534,10,17981,13.7913,1.84115
1776813392520319298,1.39117,0.912109,-0.12528,2.90584,2.51643,2.99735,10,17999,13.8051,1.99373
1776813392525343132,1.39117,0.599609,-0.119911,2.59334,2.51643,2.99735,10,18012,13.815,2.14834
1776813392530314003,1.40362,0.599609,-0.0974912,2.74795,3.30412,2.95186,10,18026,13.8258,2.45192
1776813392535326596,1.40362,0.306641,-0.0867538,2.75856,3.30412,2.95186,10,18043,13.8388,2.61053
1776813392540313375,1.40564,0.306641,-0.0717,2.91717,3.66132,2.79705,10,18060,13.8518,2.76108
1776813392545318320,1.40564,-0.375,-0.0586614,2.38608,3.66132,2.79705,10,18084,13.8703,3.22132
1776813392550317154,1.40499,-0.375,-0.0408973,2.84632,3.04299,2.40462,10,18103,13.8848,3.37419
1776813392555295544,1.40499,-0.744141,-0.0263251,2.63005,3.04299,2.40462,10,18129,13.9048,3.52802
1776813392560309045,1.39919,-0.744141,-0.0121841,2.78388,2.57027,2.1591,10,18148,13.9193,3.37554
1776813392565314379,1.39919,-0.8125,0.00238905,2.56304,2.57027,2.1591,10,18174,13.9393,3.374
1776813392570322861,1.3914,-0.8125,0.0145398,2.5615,1.84897,2.07287,10,18196,13.9562,3.68156
1776813392575339676,1.3914,-0.837891,0.0314141,2.84367,1.84897,2.07287,10,18226,13.9792,3.98925
1776813392580333028,1.38313,-0.837891,0.0461522,3.15136,1.66627,2.00808,10,18247,13.9953,3.98747
1776813392585319678,1.38313,-0.896484,0.0622588,3.09098,1.66627,2.00808,10,18277,14.0183,3.98925
1776813392590331993,1.37474,-0.896484,0.0945169,3.09098,1.73211,1.97468,10,18313,14.0459,3.98747
1776813392595359641,1.37474,-1.01367,0.104488,2.9738,1.73211,1.97468,10,18337,14.0643,4.29516
1776813392600334698,1.36524,-1.01367,0.113402,3.28149,1.93221,1.79861,10,18361,14.0827,4.14264
1776813392605308329,1.36524,-1.34375,0.13181,2.79889,1.93221,1.79861,10,18386,14.1019,4.29344
1776813392610407790,1.34801,-1.34375,0.133753,2.94969,1.89069,1.50454,10,18409,14.1188,3.98906
1776813392615353126,1.34801,-1.36133,0.151393,2.62774,1.89069,1.50454,10,18439,14.1425,4.14264
1776813392620330979,1.34072,-1.36133,0.167111,2.78131,1.79913,1.44952,10,18463,14.1609,4.14079
1776813392625352701,1.34072,-1.24609,0.185519,2.89469,1.79913,1.44952,10,18492,14.1832,4.1385
1776813392630353924,1.32156,-1.24609,0.188607,2.8924,1.59529,1.39648,10,18514,14.2001,3.83722
1776813392635348999,1.32156,-1.25391,0.205481,2.58331,1.59529,1.39648,10,18543,14.2223,3.98925
1776813392640380184,1.31502,-1.25391,0.221175,2.73535,1.61198,1.35127,10,18567,14.2407,3.98827
1776813392645333760,1.31502,-1.28711,0.239583,2.70116,1.61198,1.35127,10,18599,14.2653,4.29516
1776813392650413333,1.29638,-1.28711,0.245487,3.00805,1.39897,1.21584,10,18623,14.2837,4.2943
1776813392655323354,1.29638,-1.2793,0.263895,3.015,1.39897,1.21584,10,18654,14.3074,4.14264
1776813392660322059,1.28955,-1.2793,0.299252,3.01672,1.34804,1.22029,10,18692,14.3366,4.29602
1776813392665324856,1.28955,-1.19922,0.309989,3.0968,1.34804,1.22029,10,18716,14.355,4.44851
1776813392670328671,1.27048,-1.19922,0.309324,3.24929,1.31659,1.10288,10,18727,14.3634,3.83338
1776813392675321357,1.27048,-1.06055,-0.310557,2.77284,1.31659,1.10288,10,18712,14.3519,0
1776813392680321413,1.26546,-1.06055,0.301244,-1.06055,2.24675,1.15022,10,18701,14.3435,-2.91404
1776813392685327766,1.26546,5.19141,0.292808,2.27737,2.24675,1.15022,10,18697,14.3404,-1.07408
1776813392690348785,1.29825,5.19141,-0.305789,4.11733,2.72618,4.92035,10,18696,14.3397,0
1776813392695414247,1.29825,3.33398,-0.306556,3.33398,2.72618,4.92035,10,18698,14.3412,-0.15348
1776813392700343045,1.3217,3.33398,-0.281571,3.1805,1.8021,4.00799,10,18706,14.3473,1.07405
1776813392705294010,1.3217,1.14453,-0.275435,2.21858,1.8021,4.00799,10,18715,14.3542,1.84078
1776813392710310584,1.35205,1.14453,-0.23819,2.98531,2.47257,2.94772,10,18724,14.3611,0.766945
1776813392715337436,1.35205,1.78711,-0.231288,2.55405,2.47257,2.94772,10,18739,14.3726,2.14467
1776813392720320493,1.35921,1.78711,-0.212622,3.93178,2.15708,3.35802,10,18748,14.3795,1.68994
1776813392725330827,1.35921,1.39258,-0.20572,3.08252,2.15708,3.35802,10,18761,14.3895,1.68743
1776813392730318328,1.39172,1.39258,-0.155563,3.07967,1.87749,3.13314,10,18776,14.401,1.68709
1776813392735318940,1.39172,1.13477,-0.151728,2.82186,1.87749,3.13314,10,18784,14.4071,1.68777
1776813392740318533,1.40365,1.13477,-0.133669,2.82253,2.34593,3.25705,10,18795,14.4156,1.53358
1776813392745326367,1.40365,1.1875,-0.125231,2.72108,2.34593,3.25705,10,18807,14.4248,1.84115
1776813392750319516,1.41562,1.1875,-0.10405,3.02865,3.30491,3.35942,10,18823,14.4371,2.30011
1776813392755306609,1.41562,0.886719,-0.0917784,3.18682,3.30491,3.35942,10,18839,14.4493,2.45487
1776813392760309703,1.42098,0.886719,-0.0741469,3.34159,3.89723,3.22023,10,18858,14.4639,2.76163
1776813392765318555,1.42098,-0.162109,-0.0595747,2.59952,3.89723,3.22023,10,18875,14.4769,2.75851
1776813392770317741,1.42653,-0.162109,-0.0409895,2.5964,3.15626,2.65571,10,18896,14.4931,2.76384
1776813392775322482,1.42653,-0.408203,-0.0248829,2.35564,3.15626,2.65571,10,18914,14.5069,3.06797
1776813392780316261,1.42501,-0.408203,-0.0125977,2.65977,2.75352,2.50631,10,18937,14.5245,3.06674
1776813392785320002,1.42501,-0.556641,0.00504338,2.5101,2.75352,2.50631,10,18957,14.5398,3.37621
1776813392790325633,1.41729,-0.556641,0.0126642,2.81957,2.07835,2.37529,10,18980,14.5575,3.22068
1776813392795329892,1.41729,-0.607422,0.0303053,2.61326,2.07835,2.37529,10,19000,14.5728,3.37535
1776813392800326282,1.41729,-0.607422,0.0456451,2.76793,2.25538,2.34634,10,19024,14.5912,3.37486
1776813392805312616,1.41445,-0.607422,0.0612138,2.76744,2.25538,2.34634,10,19045,14.6073,3.52802
1776813392810332302,1.41445,-0.833984,0.0773204,2.69404,2.36482,2.2001,10,19071,14.6273,3.52821
1776813392815327821,1.40412,-0.833984,0.0869354,2.69423,2.36482,2.2001,10,19090,14.6418,3.83492
1776813392820313285,1.40412,-1.02344,0.101508,2.81148,2.51477,2.02977,10,19124,14.6679,4.14181
1776813392825313119,1.39466,-1.02344,0.11812,3.11837,2.51477,2.02977,10,19149,14.6871,3.98827
1776813392830324120,1.39466,-1.19531,0.137295,2.79295,2.64296,1.87445,10,19177,14.7086,4.14098
1776813392835314843,1.38359,-1.19531,0.147706,2.94567,2.64296,1.87445,10,19198,14.7247,4.2943
1776813392840317881,1.38359,-1.3418,0.163813,2.9525,2.23753,1.72369,10,19237,14.7546,4.45029
1776813392845313863,1.37078,-1.3418,0.180913,3.10849,2.23753,1.72369,10,19258,14.7707,4.7554
1776813392850324215,1.37078,-1.40625,0.197021,3.34915,1.67969,1.60875,10,19295,14.7991,4.44762
1776813392855300142,1.35708,-1.40625,0.211694,3.04137,1.67969,1.60875,10,19317,14.816,4.4494
1776813392860325309,1.35708,-1.43945,0.228567,3.00995,1.44321,1.50579,10,19355,14.8451,4.75445
1776813392865385068,1.33586,-1.43945,0.236495,3.315,1.44321,1.50579,10,19377,14.862,4.44851
1776813392870329699,1.33586,-1.46484,0.253369,2.98367,1.22701,1.36046,10,19413,14.8896,4.59562
1776813392875321960,1.32877,-1.46484,0.290003,2.83615,1.22701,1.36046,10,19447,14.9157,4.30099
1776813392880319627,1.32877,-1.49805,0.299974,2.80294,1.16765,1.29764,10,19477,14.9387,4.44514
1776813392885320850,1.30636,-1.49805,0.300575,2.9471,1.16765,1.29764,10,19501,14.9571,4.45207
1776813392890323110,1.30636,-1.49609,-0.309336,2.95598,1.22038,1.15923,10,19528,14.9778,4.60186
1776813392895318555,1.29731,-1.49609,-0.297681,3.10577,1.22038,1.15923,10,19540,14.987,3.37419
1776813392900321463,1.29731,-0.632812,-0.288477,2.74138,1.28215,1.59465,10,19539,14.9862,0.920296
1776813392905295483,1.27897,-0.632812,-0.307583,0.287483,1.28215,1.59465,10,19530,14.9793,-1.5342
1776813392910316020,1.27897,2.35352,0.313833,0.819319,2.1883,3.18157,10,19524,14.9747,-1.38101
1776813392915322317,1.28323,2.35352,0.313487,0.97251,2.1883,3.18157,10,19524,14.9747,0
1776813392920316151,1.28323,2.44727,0.313487,2.44727,2.98734,3.26183,10,19531,14.9801,0.460151
1776813392925317578,1.33877,2.44727,-0.253927,2.90742,2.98734,3.26183,10,19541,14.9878,1.53439
1776813392930325060,1.33877,1.67773,-0.246256,3.21212,2.98724,3.16971,10,19558,15.0008,2.30083
1776813392935323098,1.34929,1.67773,-0.222692,3.97857,2.98724,3.16971,10,19570,15.01,1.99432
1776813392940313432,1.34929,0.548828,-0.213488,2.54315,2.28346,2.5912,10,19592,15.0269,2.76108
1776813392945313562,1.36232,0.548828,-0.174382,3.15603,2.28346,2.5912,10,19613,15.043,2.60721
1776813392950313545,1.36232,0.544922,-0.167478,3.15213,2.09941,2.66907,10,19632,15.0576,2.76182
1776813392955315971,1.36591,0.544922,-0.149314,3.30674,2.09941,2.66907,10,19644,15.0668,2.91443
1776813392960335286,1.36591,0.201172,-0.14011,3.1156,2.04412,2.49516,10,19658,15.0775,2.30149
1776813392965322880,1.36916,0.201172,-0.126124,2.50266,2.04412,2.49516,10,19669,15.0859,1.99373
1776813392970312862,1.36916,0.580078,-0.117688,2.57381,2.54557,2.73102,10,19689,15.1013,2.45438
1776813392975315548,1.37095,0.580078,-0.100556,3.03445,2.54557,2.73102,10,19701,15.1105,2.45438
1776813392980314734,1.37095,0.132812,-0.0913519,2.58719,3.02285,2.48705,10,19728,15.1312,2.91462
1776813392985320623,1.3767,0.132812,-0.0648979,3.04743,3.02285,2.48705,10,19744,15.1435,3.37535
1776813392990332050,1.3767,-0.222656,-0.052626,3.15269,3.35514,2.31954,10,19772,15.1649,3.37351
1776813392995319662,1.37654,-0.222656,-0.0313085,3.15086,3.35514,2.31954,10,19794,15.1818,3.52963
1776813393000315515,1.37654,-0.732422,-0.0144352,2.7972,2.48015,2.028,10,19818,15.2002,3.52732
1776813393005361292,1.37147,-0.732422,-0.00109993,2.7949,2.48015,2.028,10,19835,15.2133,3.52892
1776813393010360978,1.37147,-0.814453,0.0119397,2.71447,2.0073,1.95025,10,19863,15.2347,3.52821
1776813393015336313,1.36345,-0.814453,0.0384365,2.71286,2.0073,1.95025,10,19890,15.2554,3.52732
1776813393020335666,1.36345,-0.685547,0.046106,2.84177,1.65064,1.97462,10,19912,15.2723,3.37486
1776813393025315371,1.35595,-0.685547,0.0554835,2.68932,1.65064,1.97462,10,19929,15.2854,3.22132
1776813393030317390,1.35595,-0.681641,0.0685221,2.53968,1.74153,1.93082,10,19951,15.3022,3.22068
1776813393035314632,1.34605,-0.681641,0.0754982,2.53904,1.74153,1.93082,10,19968,15.3153,3.52892
1776813393040325003,1.34605,-0.697266,0.0885369,2.83165,2.04942,1.86097,10,19994,15.3352,3.6823
1776813393045316338,1.34264,-0.697266,0.105062,2.98503,2.04942,1.86097,10,20016,15.3521,3.68156
1776813393050339097,1.34264,-0.814453,0.121936,2.86711,2.24176,1.77309,10,20046,15.3751,3.68083
1776813393055298840,1.33538,-0.814453,0.137685,2.86637,2.24176,1.77309,10,20064,15.3889,3.68083
1776813393060312211,1.33538,-1.01758,0.151491,2.66325,2.24725,1.61242,10,20095,15.4127,3.6823
1776813393065315860,1.32572,-1.01758,0.165614,2.66472,2.24725,1.61242,10,20114,15.4272,3.83568
1776813393070322990,1.32572,-1.08008,0.180187,2.7556,1.80762,1.51694,10,20147,15.4526,3.98827
1776813393075321103,1.31533,-1.08008,0.195104,2.90819,1.80762,1.51694,10,20165,15.4664,3.98846
1776813393080325529,1.31533,-1.03125,0.20891,2.95721,1.36546,1.48013,10,20197,15.4909,3.83415
1776813393085376899,1.30463,-1.03125,0.237326,2.80443,1.36546,1.48013,10,20229,15.5154,3.83568
1776813393090344938,1.30463,-1.03125,0.237326,2.80443,1.36546,1.48013,10,20229,15.5154,3.83568
1776813393095338143,1.30463,-0.986328,0.247297,2.84935,1.25645,1.43895,10,20274,15.55,4.44407
1776813393100390624,1.2902,-1.0293,0.288093,3.27016,1.46213,1.34853,10,20314,15.5806,4.29946
1776813393105354811,1.27993,-1.0293,0.287792,3.27016,1.46213,1.34853,10,20334,15.596,4.14181
1776813393110333609,1.27993,-1.07227,0.303132,3.06954,1.43986,1.23492,10,20369,15.6228,4.44584
1776813393115382942,1.26925,-1.07227,-0.309023,3.37358,1.43986,1.23492,10,20386,15.6359,4.14429
1776813393120329796,1.26925,-1.08203,-0.295984,3.06226,2.31885,1.16192,10,20392,15.6405,2.30037
1776813393125323279,1.26392,-1.08203,-0.296716,1.21834,2.31885,1.16192,10,20378,15.6297,-0.767098
1776813393130336224,1.26392,3.74023,-0.307453,2.97314,2.71234,3.87686,10,20367,15.6213,-2.45487
1776813393135316725,1.26894,3.74023,-0.310862,1.28537,2.71234,3.87686,10,20367,15.6213,-0.613594
1776813393140321059,1.26894,5.10938,-0.310862,4.49578,3.08824,4.6891,10,20366,15.6205,-0.153351
1776813393145324264,1.29083,5.10938,-0.289741,4.95602,3.08824,4.6891,10,20371,15.6244,0
1776813393150321357,1.29083,1.42969,-0.285906,1.42969,2.34213,2.72962,10,20387,15.6366,1.84078
1776813393155303729,1.33685,1.42969,-0.223015,3.2701,2.34213,2.72962,10,20398,15.6451,1.84041
1776813393160310211,1.33685,1.42969,-0.223015,3.2701,2.34213,2.72962,10,20398,15.6451,1.84041
1776813393165317101,1.33685,1.50195,-0.21918,3.34237,1.9796,3.05766,10,20426,15.6665,1.99453
1776813393170317917,1.34849,1.50195,-0.186068,3.49648,2.41597,3.12952,10,20436,15.6742,2.14725
1776813393175327010,1.34849,1.0293,-0.178398,3.17654,2.41597,3.12952,10,20448,15.6834,1.99373
1776813393180320345,1.36232,1.0293,-0.15536,3.02303,2.9382,2.94517,10,20462,15.6942,1.68743
1776813393185322568,1.36232,0.863281,-0.144622,2.55071,2.9382,2.94517,10,20472,15.7018,1.84152
1776813393190321143,1.3708,0.863281,-0.128468,2.7048,3.60787,2.90252,10,20491,15.7164,2.14748
1776813393195327310,1.3708,0.919922,-0.113895,3.06741,3.60787,2.90252,10,20503,15.7256,2.30103
1776813393200314737,1.37522,0.919922,-0.100274,3.22095,3.30651,2.9618,10,20525,15.7425,2.60773
1776813393205316294,1.37522,-0.00585938,-0.0834008,2.60187,3.30651,2.9618,10,20539,15.7532,2.76127
1776813393210310461,1.3818,-0.00585938,-0.0660888,2.75541,3.00121,2.47421,10,20562,15.7709,2.91385
1776813393215315999,1.3818,-0.263672,-0.0484477,2.65017,3.00121,2.47421,10,20577,15.7824,2.91462
1776813393220318685,1.38113,-0.263672,-0.0376054,2.65095,2.04958,2.32323,10,20602,15.8015,3.06491
1776813393225322001,1.38113,-0.636719,-0.0184299,2.42819,2.04958,2.32323,10,20618,15.8138,3.07043
1776813393230312910,1.38113,-0.636719,-0.00615893,2.43371,2.12047,2.11059,10,20645,15.8345,3.22261
1776813393235326281,1.37324,-0.636719,0.00666228,2.58589,2.12047,2.11059,10,20661,15.8468,3.37419
1776813393240321115,1.37324,-0.636719,0.00666228,2.58589,2.12047,2.11059,10,20661,15.8468,3.37419
1776813393245315764,1.37324,-0.640625,0.0189342,2.73356,1.88499,2.06021,10,20712,15.8859,3.52469
1776813393250323635,1.36375,-0.640625,0.0485591,2.88406,1.79118,2.0021,10,20732,15.9012,3.53155
1776813393255293618,1.36375,-0.787109,0.063899,2.74444,1.79118,2.0021,10,20757,15.9204,3.98288
1776813393260314582,1.35658,-0.787109,0.0759028,3.19577,1.86594,1.87459,10,20791,15.9465,3.99386
1776813393265309898,1.35658,-1.07227,0.10198,2.92159,1.86594,1.87459,10,20811,15.9618,4.14264
1776813393270315954,1.34279,-1.07227,0.103526,3.07037,1.84082,1.62707,10,20844,15.9871,4.14098
1776813393275317974,1.34279,-1.11133,0.128837,3.02965,1.84082,1.62707,10,20864,16.0025,4.135
1776813393280348363,1.3373,-1.11133,0.138689,3.02367,1.52208,1.5709,10,20897,16.0278,3.99485
1776813393285321698,1.3373,-1.14062,0.163999,2.85422,1.52208,1.5709,10,20917,16.0431,4.14162
1776813393290326013,1.3201,-1.14062,0.162135,3.00099,1.59021,1.44746,10,20948,16.0669,3.83568
1776813393295321477,1.3201,-1.13086,0.185912,2.70482,1.59021,1.44746,10,20966,16.0807,3.83338
1776813393300315552,1.3145,-1.13086,0.194123,2.70252,1.43141,1.4182,10,20997,16.1045,3.6823
1776813393305295998,1.3145,-1.02344,0.2179,2.65886,1.43141,1.4182,10,21016,16.1191,3.8353
1776813393310311091,1.3145,-1.02344,0.232472,2.81186,1.50658,1.47943,10,21048,16.1436,3.98906
1776813393315314870,1.29874,-1.02344,0.241249,2.96563,1.50658,1.47943,10,21062,16.1544,3.98667
1776813393320321593,1.29874,-1.07227,0.251987,2.91441,1.53607,1.35308,10,21099,16.1827,3.83568
1776813393325323649,1.28418,-1.07227,0.265806,2.76342,1.53607,1.35308,10,21119,16.1981,3.98827
1776813393330324484,1.28418,-1.07227,0.281147,2.916,1.38138,1.26166,10,21153,16.2241,3.98945
1776813393335313040,1.27771,-1.07227,0.300759,2.91718,1.38138,1.26166,10,21168,16.2357,4.29411
1776813393340317041,1.27771,-1.0625,0.312264,3.23161,1.56557,1.2265,10,21206,16.2648,4.14162
1776813393345320690,1.26688,-1.0625,-0.297739,3.07912,1.56557,1.2265,10,21215,16.2717,3.52821
1776813393350326784,1.26688,-0.441406,-0.290836,3.08681,2.40907,1.51209,10,21207,16.2656,1.07384
1776813393355292008,1.25408,-0.441406,-0.309775,0.632431,2.40907,1.51209,10,21198,16.2587,-2.45438
1776813393360307971,1.25408,1.85156,0.311641,-0.602814,3.00097,2.7379,10,21190,16.2525,-1.68724
1776813393365322064,1.25752,1.85156,0.308944,0.164322,3.00097,2.7379,10,21189,16.2518,-0.153351
1776813393370376323,1.25752,4.7793,0.308175,4.62595,2.61407,4.42855,10,21191,16.2533,-0.153732
1776813393375332585,1.30191,4.7793,-0.274215,4.62556,2.61407,4.42855,10,21196,16.2571,0.613785
1776813393380324586,1.30191,1.08398,-0.270381,1.69777,2.00211,2.60202,10,21212,16.2694,1.84059
1776813393385348753,1.30191,1.08398,-0.258109,2.92458,2.00211,2.60202,10,21221,16.2763,1.53427
1776813393390350106,1.33892,1.08398,-0.214197,2.61826,1.94216,2.83222,10,21238,16.2893,1.99394
1776813393395327533,1.33892,0.869141,-0.201156,2.86308,1.94216,2.83222,10,21250,16.2985,1.99432
1776813393400321164,1.35739,0.869141,-0.173483,2.86346,2.03307,2.82361,10,21264,16.3093,1.99432
1776813393405301461,1.35739,1.05859,-0.162744,3.05292,2.03307,2.82361,10,21274,16.317,2.14686
1776813393410311184,1.36801,1.05859,-0.144459,3.20546,2.58566,2.99672,10,21289,16.3285,1.84134
1776813393415322611,1.36801,1.06836,-0.132953,2.9097,2.58566,2.99672,10,21299,16.3361,1.99434
1776813393420314371,1.37718,1.06836,-0.11611,3.0627,3.35515,3.05838,10,21318,16.3507,2.14725
1776813393425316446,1.37718,0.785156,-0.101538,2.9324,3.35515,3.05838,10,21329,16.3591,2.30103
1776813393430313577,1.38657,0.785156,-0.0837096,3.08618,3.79494,2.95417,10,21351,16.376,2.45389
1776813393435322503,1.38657,0.25,-0.0668353,2.70389,3.79494,2.95417,10,21364,16.386,2.76218
1776813393440342689,1.39186,0.25,-0.0515774,3.01218,2.94339,2.68128,10,21389,16.4052,2.76053
1776813393445329579,1.39186,-0.291016,-0.0324029,2.46951,2.94339,2.68128,10,21403,16.4159,3.06755
1776813393450319543,1.39154,-0.291016,-0.0219859,2.77653,2.18596,2.37095,10,21430,16.4366,3.22177
1776813393455297545,1.39154,-0.5625,-0.00127779,2.65927,2.18596,2.37095,10,21445,16.4481,3.22151
1776813393460315397,1.39154,-0.5625,0.0102274,2.65901,1.99546,2.21621,10,21471,16.4681,3.21894
1776813393465314694,1.38707,-0.5625,0.0257055,2.65644,1.99546,2.21621,10,21487,16.4803,3.07024
1776813393470316066,1.38707,-0.5625,0.0257055,2.65644,1.99546,2.21621,10,21487,16.4803,3.07024
1776813393475314678,1.37835,-0.609375,0.0599319,2.91813,1.95791,2.16235,10,21533,16.5156,3.52751
1776813393480325364,1.37835,-0.730469,0.0645344,2.79704,2.19184,2.04017,10,21561,16.5371,3.52854
1776813393485336346,1.3718,-0.730469,0.0794594,2.79807,2.19184,2.04017,10,21575,16.5478,3.68156
1776813393490321884,1.3718,-0.830078,0.0901958,2.85149,2.30763,1.94337,10,21609,16.5739,3.68156
1776813393495316459,1.36787,-0.830078,0.112343,2.85149,2.30763,1.94337,10,21629,16.5892,3.83415
1776813393500314257,1.36787,-1.0918,0.127684,2.74235,2.33232,1.77015,10,21663,16.6153,3.98865
1776813393505314535,1.35337,-1.0918,0.13926,2.89685,2.33232,1.77015,10,21678,16.6268,4.14079
1776813393510319888,1.35337,-1.15039,0.150766,2.9904,1.9551,1.64774,10,21716,16.656,4.14245
1776813393515427387,1.3477,-1.15039,0.174245,2.99205,1.9551,1.64774,10,21736,16.6713,4.14117
1776813393520337927,1.3477,-1.20508,0.189584,2.93609,1.46532,1.58167,10,21770,16.6974,3.98827
1776813393525323372,1.32979,-1.20508,0.197754,2.78319,1.46532,1.58167,10,21786,16.7097,4.29669
1776813393530373835,1.32979,-1.17578,0.210026,3.1209,1.2903,1.48765,10,21827,16.7411,4.4487
1776813393535365614,1.32979,-1.17578,0.241472,3.27292,1.2903,1.48765,10,21848,16.7572,4.29497
1776813393540392985,1.32401,-1.17578,0.251792,3.11919,1.21762,1.45172,10,21883,16.784,4.142
1776813393545376653,1.32401,-1.17578,0.251792,3.11919,1.21762,1.45172,10,21883,16.784,4.142
1776813393550373357,1.30054,-1.19727,0.294293,3.09808,1.40982,1.43948,10,21942,16.8293,4.29535
1776813393555306526,1.30054,-1.25781,0.300429,3.03754,1.40982,1.43948,10,21961,16.8439,4.44654
1776813393560340730,1.28802,-1.25781,0.30248,3.18873,1.21917,1.18009,10,21995,16.87,4.29621
1776813393565351787,1.28802,-1.30664,-0.299761,2.98957,1.21917,1.18009,10,22012,16.883,3.98827
1776813393570340991,1.27556,-1.30664,-0.299184,2.68163,2.10225,1.07377,10,22018,16.8876,2.30149
1776813393575328696,1.27556,-0.0253906,-0.294582,2.2761,2.10225,1.07377,10,22003,16.8761,-0.920302
1776813393580313364,1.266,-0.0253906,0.312669,-0.945693,2.65935,1.74364,10,21995,16.87,-2.14686
1776813393585316458,1.266,5.36719,0.306533,3.22032,2.65935,1.74364,10,21995,16.87,-0.307145
1776813393590348402,1.29654,5.36719,-0.291241,5.06004,2.3375,5.00983,10,21995,16.87,0
1776813393595354570,1.29654,2.50391,-0.291241,2.50391,2.3375,5.00983,10,22003,16.8761,0.460342
1776813393600330108,1.33299,2.50391,-0.248661,2.96425,2.10553,3.60487,10,22017,16.8868,1.84059
1776813393605292758,1.33299,0.943359,-0.237922,2.78395,2.10553,3.60487,10,22025,16.893,1.5342
1776813393610317425,1.33299,0.943359,-0.231786,2.47756,2.21443,2.71536,10,22042,16.906,1.84024
1776813393615314593,1.34915,0.943359,-0.202581,2.7836,2.21443,2.71536,10,22049,16.9114,1.99474
1776813393620321242,1.34915,0.943359,-0.202581,2.7836,2.21443,2.71536,10,22049,16.9114,1.99474
1776813393625434129,1.34915,1.13281,-0.197212,3.12755,1.98426,2.92323,10,22078,16.9336,2.14424
1776813393630352799,1.36232,0.765625,-0.154895,2.60917,2.52691,3.0042,10,22092,16.9444,1.84354
1776813393635314726,1.37788,0.765625,-0.135509,2.60917,2.52691,3.0042,10,22101,16.9513,1.68695
1776813393640315264,1.37788,0.880859,-0.128606,2.56781,3.34929,2.95575,10,22118,16.9643,1.99394
1776813393645323598,1.38149,0.880859,-0.111954,2.8748,3.34929,2.95575,10,22125,16.9697,1.99472
1776813393650320118,1.38149,0.615234,-0.106587,2.60996,3.84097,2.82637,10,22149,16.9881,2.45389
1776813393655297842,1.39548,0.615234,-0.0741859,3.06912,3.84097,2.82637,10,22160,16.9965,2.76163
1776813393660308528,1.39548,0.291016,-0.0657478,3.05265,3.06514,2.72665,10,22188,17.018,2.91501
1776813393665326084,1.39763,0.291016,-0.0421234,3.20603,3.06514,2.72665,10,22204,17.0303,3.06632
1776813393670314159,1.39763,-0.503906,-0.0298515,2.56241,2.33165,2.28658,10,22230,17.0502,3.2228
1776813393675320863,1.39681,-0.503906,-0.0107313,2.71889,2.33165,2.28658,10,22242,17.0594,3.22049
1776813393680324124,1.39681,-0.642578,-0.0015264,2.57791,1.82146,2.20256,10,22269,17.0801,3.37621
1776813393685329680,1.39681,-0.642578,0.0191817,2.73363,1.82146,2.20256,10,22287,17.0931,3.52398
1776813393690317811,1.39449,-0.642578,0.0306715,2.88141,2.01935,2.18852,10,22315,17.1154,3.37854
1776813393695315145,1.39449,-0.642578,0.0306715,2.88141,2.01935,2.18852,10,22315,17.1154,3.37854
1776813393700312535,1.38146,-0.582031,0.0751633,2.94689,2.1309,2.22303,10,22368,17.156,3.52892
1776813393705292907,1.38146,-0.619141,0.0797638,2.90978,2.1309,2.22303,10,22389,17.1721,3.52821
1776813393710309000,1.37538,-0.619141,0.0897898,2.90907,2.50792,2.0855,10,22416,17.1929,3.83415
1776813393715310760,1.37538,-0.8125,0.110498,3.02165,2.50792,2.0855,10,22436,17.2082,3.98906
1776813393720317502,1.3685,-0.8125,0.118959,3.17656,2.55029,1.93322,10,22469,17.2335,3.98785
1776813393725313873,1.3685,-1.10938,0.144269,2.87848,2.55029,1.93322,10,22488,17.2481,3.98906
1776813393730326318,1.35886,-1.10938,0.149207,2.87969,1.98906,1.70492,10,22515,17.2688,3.98827
1776813393735317078,1.35886,-1.19531,0.169917,2.79295,1.98906,1.70492,10,22534,17.2834,3.83415
1776813393740326431,1.35398,-1.19531,0.179606,2.63884,1.50981,1.62592,10,22568,17.3094,4.14117
1776813393745314025,1.35398,-1.22461,0.205683,2.91656,1.50981,1.62592,10,22593,17.3278,4.13748
1776813393750322026,1.33412,-1.22461,0.204994,2.91287,1.26104,1.48662,10,22625,17.3532,3.84029
1776813393755294175,1.33412,-1.2168,0.229537,2.62349,1.26104,1.48662,10,22645,17.3685,3.98827
1776813393760328046,1.33412,-1.2168,0.244878,2.77147,1.16977,1.49107,10,22681,17.3961,4.29535
1776813393765315695,1.3285,-1.2168,0.266874,3.07855,1.16977,1.49107,10,22703,17.413,4.44832
1776813393770325381,1.3285,-1.2168,0.266874,3.07855,1.16977,1.49107,10,22703,17.413,4.44832
1776813393775315123,1.29831,-1.32617,0.293437,3.12164,1.13658,1.39392,10,22763,17.459,4.44781
1776813393780319365,1.29831,-1.36523,0.299573,3.08258,1.10249,1.18342,10,22800,17.4874,4.60259
1776813393785317569,1.29023,-1.36523,-0.308446,3.23736,1.10249,1.18342,10,22817,17.5004,4.90777
1776813393790330292,1.29023,-1.36719,-0.295408,3.54058,2.01461,1.13161,10,22835,17.5142,3.37486
1776813393795329441,1.27668,-1.36719,-0.295153,2.00768,2.01461,1.13161,10,22825,17.5066,-0.153382
1776813393800322516,1.27668,-0.738281,-0.302822,-0.891663,2.87651,1.40478,10,22809,17.4943,-2.91481
1776813393805294314,1.27134,-0.738281,0.307883,-3.65309,2.87651,1.40478,10,22809,17.4943,-0.45996
1776813393810317074,1.27134,-0.738281,0.307883,-3.65309,2.87651,1.40478,10,22809,17.4943,-0.45996
1776813393815313908,1.31487,3.88477,-0.272298,4.19153,1.78897,4.00619,10,22818,17.5012,0.306763
1776813393820345131,1.31487,3.88477,-0.272298,4.19153,1.78897,4.00619,10,22818,17.5012,0.306763
1776813393825312466,1.31487,1.83789,-0.252357,3.67923,2.09055,3.11268,10,22844,17.5211,1.84134
1776813393830310671,1.34108,1.83789,-0.22385,3.67923,2.25531,3.2753,10,22860,17.5334,1.84059
1776813393835325153,1.34108,1.18945,-0.211578,3.03004,2.25531,3.2753,10,22872,17.5426,2.30057
1776813393840322061,1.35859,1.18945,-0.18486,3.49002,2.10752,3.01357,10,22886,17.5533,1.68758
1776813393845323580,1.35859,1.10547,-0.174121,2.79305,2.10752,3.01357,10,22895,17.5602,1.99393
1776813393850324859,1.36788,1.10547,-0.157932,3.09939,2.45888,3.02266,10,22908,17.5702,1.99432
1776813393855301861,1.36788,0.826172,-0.147962,2.8205,2.45888,3.02266,10,22915,17.5756,1.22743
1776813393860323065,1.3772,0.826172,-0.13327,2.05361,3.23592,2.92045,10,22930,17.5871,1.99394
1776813393865324714,1.3772,1.16602,-0.121764,3.15996,3.23592,2.92045,10,22944,17.5978,2.14725
1776813393870330418,1.38856,1.16602,-0.0996659,3.31326,3.79957,3.18338,10,22966,17.6147,2.45487
1776813393875321401,1.38856,0.523438,-0.0827916,2.9783,3.79957,3.18338,10,22980,17.6254,2.76053
1776813393880382012,1.39635,0.523438,-0.0642655,3.28396,3.35545,2.86441,10,22998,17.6392,2.76163
1776813393885334458,1.39635,-0.349609,-0.0504582,2.41202,3.35545,2.86441,10,23017,17.6538,2.91423
1776813393890323978,1.39671,-0.349609,-0.0355313,2.56462,2.66567,2.36893,10,23044,17.6745,3.06778
1776813393895330830,1.39671,-0.75,-0.0148232,2.31778,2.66567,2.36893,10,23061,17.6876,3.37554
1776813393900327146,1.39671,-0.75,-0.00178461,2.62554,1.88145,2.1407,10,23089,17.709,3.52751
1776813393905306351,1.39092,-0.75,0.013911,2.77751,1.88145,2.1407,10,23101,17.7182,3.37419
1776813393910308389,1.39092,-0.744141,0.023112,2.63005,1.7674,2.10895,10,23132,17.742,3.37583
1776813393915336612,1.38332,-0.744141,0.0392863,2.63169,1.7674,2.10895,10,23145,17.752,3.37419
1776813393920317428,1.38332,-0.818359,0.049258,2.55583,1.91318,2.02039,10,23180,17.7788,3.68156
1776813393925315355,1.37151,-0.818359,0.0642879,2.8632,1.91318,2.02039,10,23195,17.7903,3.83568
1776813393930318041,1.37151,-0.898438,0.075793,2.93725,2.09998,1.90263,10,23232,17.8187,3.98827
1776813393935325023,1.36726,-0.898438,0.0999267,3.08983,2.09998,1.90263,10,23246,17.8295,3.83415
1776813393940316469,1.36726,-1.08789,0.110663,2.74626,2.05275,1.76865,10,23285,17.8594,3.98865
1776813393945401116,1.35241,-1.08789,0.125727,2.90076,2.05275,1.76865,10,23300,17.8709,4.29068
1776813393950347266,1.35241,-1.15625,0.137232,3.13443,1.95518,1.63853,10,23343,17.9039,4.45226
1776813393955303472,1.3469,-1.15625,0.1647,3.29601,1.95518,1.63853,10,23364,17.92,4.4501
1776813393960400378,1.3469,-1.15625,0.1647,3.29601,1.95518,1.63853,10,23364,17.92,4.4501
1776813393965390842,1.32819,-1.28906,0.198916,2.85173,1.77579,1.52886,10,23420,17.9629,4.14079
1776813393970380121,1.32819,-1.28906,0.198916,2.85173,1.77579,1.52886,10,23420,17.9629,4.14079
1776813393975315512,1.32819,-1.25,0.242634,3.04583,1.648,1.43542,10,23477,18.0066,4.29583
1776813393980328661,1.31521,-1.25,0.235785,3.04583,1.22312,1.35468,10,23508,18.0304,4.14079
1776813393985317977,1.31521,-1.25,0.235785,3.04583,1.22312,1.35468,10,23508,18.0304,4.14079
1776813393990357088,1.29721,-1.20508,0.279151,2.93654,1.05031,1.38028,10,23564,18.0734,4.14162
1776813393995342960,1.29721,-1.25586,0.28452,2.88576,1.05031,1.38028,10,23591,18.0941,4.44514
1776813394000328276,1.28488,-1.25586,0.292891,3.18928,1.1388,1.16141,10,23621,18.1171,4.44654
1776813394005306704,1.28488,-1.25391,-0.312417,3.19263,1.1388,1.16141,10,23641,18.1324,4.29449
1776813394010431054,1.27242,-1.25391,-0.309535,3.04058,1.47778,1.08399,10,23660,18.147,3.68673
1776813394015345557,1.27242,-1.15625,-0.294961,2.53048,1.47778,1.08399,10,23661,18.1478,1.07384
1776813394020328966,1.26005,-1.15625,-0.306561,-0.0824127,2.52826,1.06137,10,23652,18.1409,-0.767136
1776813394025317801,1.26005,2.89648,-0.313464,2.12935,2.52826,1.06137,10,23643,18.134,-1.38082
1776813394030316709,1.2668,2.89648,-0.313622,1.51567,2.3962,3.41417,10,23640,18.1317,-0.766063
1776813394035342210,1.2668,3.72461,0.312396,2.95855,2.3962,3.41417,10,23641,18.1324,-0.153535
1776813394040327230,1.30848,3.72461,-0.273475,3.57107,2.58111,4.14824,10,23650,18.1393,0.767136
1776813394045341231,1.30848,1.94922,-0.266572,2.71635,2.58111,4.14824,10,23659,18.1462,1.68758
1776813394050311399,1.30848,1.94922,-0.259669,3.6368,2.15413,3.13627,10,23671,18.1554,1.22694
1776813394055389176,1.33575,1.94922,-0.223195,3.17616,2.15413,3.13627,10,23680,18.1623,1.68724
1776813394060339605,1.33575,1.94922,-0.223195,3.17616,2.15413,3.13627,10,23680,18.1623,1.68724
1776813394065339847,1.33575,1.07422,-0.216292,2.76146,2.37973,2.80705,10,23709,18.1846,1.84022
1776813394070333663,1.36168,1.07422,-0.168117,2.91444,2.19744,2.96686,10,23720,18.193,2.1481
1776813394075343960,1.36168,1.01562,-0.15968,3.16373,2.19744,2.96686,10,23732,18.2022,1.99432
1776813394080318239,1.37608,1.01562,-0.136079,3.00995,2.93483,3.0216,10,23750,18.216,2.14772
1776813394085318481,1.37608,0.919922,-0.122272,3.06764,2.93483,3.0216,10,23761,18.2245,2.14725
1776813394090314686,1.38478,0.919922,-0.105134,3.06717,3.57801,3.02011,10,23777,18.2367,2.29919
1776813394095325761,1.38478,0.425781,-0.0928622,2.72497,3.57801,3.02011,10,23795,18.2505,2.61034
1776813394100314022,1.39137,0.425781,-0.072465,3.03612,3.60333,2.77853,10,23815,18.2659,2.91443
1776813394105292153,1.39137,-0.0390625,-0.0571242,2.87537,3.60333,2.77853,10,23835,18.2812,3.06816
1776813394110310858,1.3927,-0.0390625,-0.0404597,3.0291,2.59918,2.52162,10,23862,18.3019,3.22151
1776813394115313637,1.3927,-0.462891,-0.0197497,2.75862,2.59918,2.52162,10,23879,18.315,3.5222
1776813394120326360,1.39038,-0.462891,-0.00903229,3.05931,1.95705,2.26594,10,23902,18.3326,3.22667
1776813394125329361,1.39038,-0.669922,0.00860689,2.55675,1.95705,2.26594,10,23923,18.3487,3.52328
1776813394130320881,1.39038,-0.669922,0.0247144,2.85336,1.77158,2.14793,10,23952,18.371,3.53316
1776813394135371770,1.38428,-0.669922,0.0408602,2.86324,1.77158,2.14793,10,23965,18.3809,3.52821
1776813394140329364,1.38428,-0.669922,0.0408602,2.86324,1.77158,2.14793,10,23965,18.3809,3.52821
1776813394145319736,1.38428,-0.720703,0.0508299,2.80751,1.82166,2.08189,10,24018,18.4216,3.52783
1776813394150325719,1.37754,-0.720703,0.0847463,2.80713,1.82166,2.04083,10,24036,18.4354,3.68156
1776813394155297350,1.37754,-0.873047,0.0985517,2.80852,1.82166,2.04083,10,24062,18.4553,3.83568
1776813394160318666,1.36575,-0.873047,0.106702,2.96264,2.17535,1.88188,10,24090,18.4768,3.98865
1776813394165314963,1.36575,-1.11133,0.128179,2.87732,2.17535,1.88188,10,24120,18.4998,4.14162
1776813394170319964,1.35074,-1.11133,0.136174,3.03029,2.23915,1.65385,10,24142,18.5167,3.83415
1776813394175326817,1.35074,-1.25977,0.153049,2.57438,2.23915,1.65385,10,24170,18.5382,3.83492
1776813394180339855,1.33862,-1.25977,0.1624,2.57515,2.11097,1.49442,10,24198,18.5596,3.98747
1776813394185323653,1.33862,-1.28125,0.183875,2.70622,2.11097,1.49442,10,24224,18.5796,4.14366
1776813394190323913,1.32624,-1.28125,0.19144,2.86241,1.68856,1.40548,10,24247,18.5972,4.14079
1776813394195320266,1.32624,-1.21875,0.209081,2.92204,1.68856,1.40548,10,24278,18.621,4.14079
1776813394200327452,1.31344,-1.21875,0.220059,2.92204,1.58773,1.36149,10,24309,18.6448,4.29621
1776813394205297306,1.31344,-1.18359,0.243836,3.11261,1.58773,1.36149,10,24336,18.6655,4.4487
1776813394210312381,1.30164,-1.18359,0.272685,3.419,1.46294,1.38153,10,24376,18.6962,4.60259
1776813394215312586,1.30164,-1.23828,0.283423,3.36431,1.46294,1.38153,10,24401,18.7153,4.60113
1776813394220323457,1.28595,-1.23828,0.286912,3.36285,1.0758,1.17822,10,24426,18.7345,4.44959
1776813394225317699,1.28595,-1.23438,0.306087,3.21522,1.0758,1.17822,10,24453,18.7552,4.44832
1776813394230324663,1.27744,-1.23438,-0.310033,3.21394,1.19773,1.12685,10,24475,18.7721,4.29363
1776813394235330738,1.27744,-1.21484,-0.29316,3.07879,1.19773,1.12685,10,24493,18.7859,3.37516
1776813394240343702,1.27351,-1.21484,-0.283292,2.16031,1.13058,1.11312,10,24483,18.7782,0.460434
1776813394245320815,1.27351,1.26172,-0.290963,1.72215,1.13058,1.11312,10,24466,18.7652,-3.22216
1776813394250345075,1.26129,1.26172,0.312098,-1.96044,2.20304,2.44744,10,24463,18.7629,-1.22719
1776813394255299670,1.26129,4.63672,0.309798,3.40953,2.20304,2.44744,10,24462,18.7621,-0.30664
1776813394260307004,1.26988,4.63672,-0.310691,4.33008,2.5719,4.42561,10,24464,18.7637,0.153351
1776813394265315653,1.26988,2.67578,-0.309157,2.82913,2.5719,4.42561,10,24476,18.7729,1.38026
1776813394270313358,1.33687,2.67578,-0.232966,4.05604,2.22236,3.72687,10,24483,18.7782,1.22743
1776813394275321396,1.33687,1.25977,-0.227599,2.4872,2.22236,3.72687,10,24493,18.7859,1.53389
1776813394280340063,1.34269,1.25977,-0.204135,3.2521,2.04314,2.91975,10,24511,18.7997,1.99233
1776813394285335824,1.34269,1.25977,-0.204135,3.2521,2.04314,2.91975,10,24511,18.7997,1.99233
1776813394290329122,1.36708,1.00977,-0.161338,2.85111,2.15998,2.81323,10,24535,18.8181,1.84134
1776813394295322364,1.36708,0.927734,-0.157502,2.76908,2.15998,2.81323,10,24545,18.8258,1.84022
1776813394300336790,1.38281,0.927734,-0.134105,2.76796,2.19249,3.01254,10,24555,18.8334,1.53396
1776813394305303366,1.38281,1.13867,-0.126435,2.67264,2.19249,3.01254,10,24567,18.8427,1.99275
1776813394310311664,1.39023,1.13867,-0.109814,3.13142,2.77404,3.1779,10,24579,18.8519,1.99592
1776813394315316239,1.39023,0.935547,-0.100611,2.93147,2.77404,3.1779,10,24594,18.8634,2.45487
1776813394320319944,1.3932,0.935547,-0.0861347,3.39041,3.48601,3.08017,10,24612,18.8772,2.45389
1776813394325343574,1.3932,0.193359,-0.0723293,2.64724,3.48601,3.08017,10,24632,18.8925,2.76108
1776813394330319835,1.40365,0.193359,-0.0465305,2.95444,3.55088,2.7205,10,24647,18.904,2.75832
1776813394335317169,1.40365,-0.015625,-0.0350253,2.74269,3.55088,2.7205,10,24665,18.9178,2.76439
1776813394340320115,1.40399,-0.015625,-0.0208804,2.74877,3.01453,2.60344,10,24685,18.9332,2.76091
1776813394345330782,1.40399,-0.466797,-0.00554155,2.29411,3.01453,2.60344,10,24708,18.9508,3.06839
1776813394350316988,1.39903,-0.466797,0.0209458,2.75407,2.27338,2.34627,10,24737,18.973,3.22087
1776813394355291119,1.39903,-0.466797,0.0209458,2.75407,2.27338,2.34627,10,24737,18.973,3.22087
1776813394360312027,1.39903,-0.558594,0.029382,2.66227,2.20126,2.26391,10,24773,19.0007,3.68083
1776813394365312343,1.39274,-0.558594,0.0506985,3.12223,2.20126,2.26391,10,24797,19.0191,3.68192
1776813394370316196,1.39274,-0.685547,0.0691063,2.99637,2.1674,2.15337,10,24831,19.0451,3.98945
1776813394375379622,1.38829,-0.685547,0.0907357,3.3039,2.1674,2.15337,10,24852,19.0612,4.29325
1776813394380342939,1.38829,-1.10547,0.106841,3.18778,2.27454,1.88697,10,24888,19.0889,4.45048
1776813394385381939,1.3748,-1.10547,0.120965,3.34501,2.27454,1.88697,10,24908,19.1042,4.29325
1776813394390351533,1.3748,-1.16406,0.136304,3.12919,2.31838,1.77135,10,24943,19.131,4.29192
1776813394395334701,1.37185,-1.16406,0.160196,3.12785,2.31838,1.77135,10,24964,19.1471,4.14659
1776813394400403960,1.37185,-1.27734,0.176303,2.86925,2.07393,1.68874,10,24999,19.174,4.29449
1776813394405327556,1.35343,-1.27734,0.184726,3.01715,2.07393,1.68874,10,25018,19.1886,4.14245
1776813394410322094,1.35343,-1.29102,0.1993,2.85143,2.08156,1.56795,10,25051,19.2139,3.98827
1776813394415318744,1.34047,-1.29102,0.211658,2.69725,2.08156,1.56795,10,25070,19.2284,3.98827
1776813394420318578,1.34047,-1.28516,0.22623,2.70311,1.77006,1.49143,10,25106,19.2561,4.29535
1776813394425318709,1.34047,-1.28516,0.253843,3.01019,1.77006,1.49143,10,25127,19.2722,4.44743
1776813394430326580,1.32775,-1.28516,0.257228,3.16227,1.38016,1.41265,10,25158,19.2959,4.29535
1776813394435317767,1.32775,-1.38867,0.281005,2.90668,1.38016,1.41265,10,25195,19.3243,4.29411
1776813394440326434,1.30457,-1.38867,0.286203,2.90544,1.21773,1.20925,10,25222,19.345,4.4487
1776813394445323547,1.30457,-1.4707,0.306911,2.978,1.21773,1.20925,10,25249,19.3657,4.60389
1776813394450320085,1.29391,-1.4707,-0.311362,3.13319,1.2159,1.09572,10,25274,19.3849,4.60075
1776813394455309068,1.29391,-1.48242,-0.292187,3.11833,1.2159,1.09572,10,25295,19.401,3.52821
1776813394460321624,1.28663,-1.48242,-0.283364,2.04579,1.06255,1.04329,10,25302,19.4064,2.45487
1776813394465313718,1.28663,-0.25,-0.277993,2.20487,1.06255,1.04329,10,25283,19.3918,-2.29781
1776813394470315331,1.26587,-0.25,-0.313319,-2.54781,2.02735,1.61482,10,25276,19.3864,-1.8428
1776813394475311369,1.26587,3.2168,0.309631,1.37399,2.02735,1.61482,10,25276,19.3864,-0.153351
1776813394480319092,1.26931,3.2168,0.313068,3.06345,2.68517,3.61265,10,25278,19.388,-0.153382
1776813394485312797,1.26931,2.69141,-0.313717,2.53802,2.68517,3.61265,10,25289,19.3964,1.53389
1776813394490321872,1.33639,2.69141,-0.238202,4.2253,1.94668,3.73281,10,25297,19.4026,1.68421
1776813394495308633,1.33639,0.904297,-0.232066,2.58851,1.94668,3.73281,10,25308,19.411,0.768519
1776813394500314412,1.35167,0.904297,-0.198374,3.20119,2.0751,2.71416,10,25330,19.4279,2.29689
1776813394505296209,1.35167,0.904297,-0.198374,3.20119,2.0751,2.71416,10,25330,19.4279,2.29689
1776813394510357080,1.35167,0.837891,-0.191472,3.13478,2.2112,2.77064,10,25353,19.4455,1.99432
1776813394515337322,1.36762,0.837891,-0.157885,2.83221,2.2112,2.77064,10,25366,19.4555,2.76053
1776813394520318879,1.36762,0.767578,-0.147913,3.5281,1.84124,2.82847,10,25384,19.4693,2.30057
1776813394525358768,1.37725,0.767578,-0.124474,3.06814,1.84124,2.82847,10,25393,19.4762,1.99432
1776813394530324400,1.37725,1.0625,-0.117571,3.05682,2.19422,3.05548,10,25412,19.4908,2.1481
1776813394535314772,1.38562,1.0625,-0.0946297,3.2106,2.19422,3.05548,10,25426,19.5015,2.14772
1776813394540320995,1.38562,0.705078,-0.0838933,2.8528,3.07613,2.90275,10,25445,19.5161,2.45339
1776813394545324922,1.39502,0.705078,-0.0599236,3.15847,3.07613,2.90275,10,25459,19.5268,3.06939
1776813394550313923,1.39502,0.207031,-0.0491872,3.27642,3.71327,2.67596,10,25485,19.5468,3.06717
1776813394555296054,1.39984,0.207031,-0.0244222,3.2742,3.71327,2.67596,10,25500,19.5583,3.06755
1776813394560311963,1.39984,-0.451172,-0.0129189,2.61638,3.33603,2.33002,10,25526,19.5782,3.22177
1776813394565326760,1.39887,-0.451172,0.00605727,2.7706,3.33603,2.33002,10,25540,19.5889,3.06816
1776813394570386982,1.39887,-0.673828,0.0167937,2.39433,2.45017,2.19724,10,25566,19.6089,3.06778
1776813394575344503,1.39289,-0.673828,0.0430293,2.54768,2.45017,2.19724,10,25592,19.6288,3.22151
1776813394580315949,1.39289,-0.673828,0.0430293,2.54768,2.45017,2.19724,10,25592,19.6288,3.22151
1776813394585316191,1.39289,-0.689453,0.0507007,2.53206,1.76123,2.15207,10,25633,19.6603,3.37921
1776813394590321821,1.38265,-0.689453,0.071899,2.68976,1.87737,2.08975,10,25652,19.6748,3.52751
1776813394595362877,1.38265,-0.746094,0.0864711,2.78141,1.87737,2.08975,10,25678,19.6948,3.52751
1776813394600375934,1.37524,-0.746094,0.09901,2.78141,1.96911,2.01231,10,25698,19.7101,3.52963
1776813394605322510,1.37524,-0.84375,0.114351,2.68588,1.96911,2.01231,10,25726,19.7316,3.68083
1776813394610316252,1.36753,-0.84375,0.128109,2.83708,2.10763,1.90945,10,25749,19.7492,3.98906
1776813394615330327,1.36753,-0.990234,0.14575,2.99883,2.10763,1.90945,10,25779,19.7722,4.14162
1776813394620330902,1.35855,-0.990234,0.159782,3.15138,2.18001,1.77088,10,25802,19.7899,3.98785
1776813394625320311,1.35855,-1.21289,0.177423,2.77496,2.18001,1.77088,10,25833,19.8137,4.14245
1776813394630331053,1.34201,-1.21289,0.184661,2.92955,2.26405,1.5421,10,25858,19.8328,4.29449
1776813394635329258,1.34201,-1.25391,0.203836,3.04058,2.26405,1.5421,10,25892,19.8589,4.60075
1776813394640402646,1.33572,-1.25391,0.223625,3.34684,1.89398,1.47985,10,25918,19.8789,4.60205
1776813394645325945,1.33572,-1.22852,0.243566,3.37354,1.89398,1.47985,10,25949,19.9026,4.29583
1776813394650324020,1.31741,-1.22852,0.268211,3.22107,1.4741,1.49432,10,25989,19.9333,4.44959
1776813394655312985,1.31741,-1.22266,0.279716,3.22693,1.4741,1.49432,10,26009,19.9487,4.60205
1776813394660320541,1.31087,-1.22266,0.288507,3.37939,1.18102,1.3432,10,26034,19.9678,4.60167
1776813394665338838,1.31087,-1.28516,0.307683,3.31651,1.18102,1.3432,10,26067,19.9931,4.44337
1776813394670333840,1.29258,-1.28516,-0.313616,3.15821,1.14903,1.1931,10,26090,20.0108,4.14576
1776813394675330897,1.29258,-1.3125,-0.295977,2.83326,1.14903,1.1931,10,26110,20.0261,3.83338
1776813394680334120,1.28561,-1.3125,-0.2876,2.52088,1.14075,1.13376,10,26109,20.0254,1.07448
1776813394685323658,1.28561,3.25,-0.288367,4.32448,1.14075,1.13376,10,26091,20.0115,-2.45389
1776813394690341678,1.28293,3.25,-0.304857,0.796115,2.16953,3.71748,10,26088,20.0092,-1.38054
1776813394695322790,1.28293,5.20508,-0.30716,3.82454,2.16953,3.71748,10,26089,20.01,0.153382
1776813394700319532,1.30543,5.20508,-0.283894,5.35846,2.73334,4.97303,10,26089,20.01,0
1776813394705309682,1.30543,1.59961,-0.283894,1.59961,2.73334,4.97303,10,26103,20.0208,1.07405
1776813394710319164,1.35223,1.59961,-0.226353,2.67366,3.05009,3.20822,10,26112,20.0277,1.99432
1776813394715315999,1.35223,0.800781,-0.211012,2.33467,3.05009,3.20822,10,26131,20.0422,1.53389
1776813394720321500,1.35876,0.800781,-0.198338,2.33467,2.31722,2.79309,10,26143,20.0514,2.45438
1776813394725325038,1.35876,0.636719,-0.189135,3.09109,2.31722,2.79309,10,26155,20.0606,1.84097
1776813394730360131,1.37314,0.636719,-0.165552,2.47769,2.17547,2.78768,10,26168,20.0706,2.45438
1776813394735344632,1.37314,0.917969,-0.155583,3.37234,2.17547,2.78768,10,26186,20.0844,2.60721
1776813394740324079,1.37738,0.917969,-0.137537,3.52517,2.30622,2.97389,10,26196,20.0921,1.84133
1776813394745327246,1.37738,0.552734,-0.129866,2.39406,2.30622,2.97389,10,26211,20.1036,1.99393
1776813394750328377,1.38361,0.552734,-0.112135,2.54666,2.78563,2.80368,10,26224,20.1136,2.14729
1776813394755326971,1.38361,0.544922,-0.102164,2.69221,2.78563,2.80368,10,26243,20.1281,2.45487
1776813394760311472,1.39054,0.544922,-0.0806582,2.99979,3.54246,2.8414,10,26259,20.1404,2.60811
1776813394765325029,1.39054,0.132812,-0.0683863,2.74092,3.54246,2.8414,10,26281,20.1573,3.06717
1776813394770322845,1.39404,0.132812,-0.0480139,3.19998,3.32989,2.62774,10,26298,20.1703,2.91501
1776813394775332827,1.39404,-0.398438,-0.0349753,2.51657,3.32989,2.62774,10,26322,20.1887,3.22151
1776813394780324847,1.39257,-0.398438,-0.0180399,2.82307,2.87417,2.31598,10,26341,20.2033,3.37419
1776813394785331756,1.39257,-0.728516,-0.00346587,2.64567,2.87417,2.31598,10,26367,20.2232,3.37516
1776813394790326794,1.38663,-0.728516,0.0266435,2.95158,2.26575,2.12784,10,26399,20.2478,3.68009
1776813394795351239,1.38663,-0.728516,0.0266435,2.95158,2.26575,2.12784,10,26399,20.2478,3.68009
1776813394800319370,1.3751,-0.761719,0.052696,2.92241,2.07787,2.07282,10,26449,20.2861,3.68413
1776813394805377222,1.3751,-0.748047,0.0619009,2.93608,2.07787,2.07282,10,26471,20.303,3.83376
1776813394810323873,1.37181,-0.748047,0.0754812,3.08572,2.01103,1.99019,10,26494,20.3206,3.83568
1776813394815323040,1.37181,-0.929688,0.0931223,2.906,2.01103,1.99019,10,26518,20.3391,4.14245
1776813394820319505,1.35955,-0.929688,0.0992735,3.21276,2.23917,1.81155,10,26542,20.3575,4.14162
1776813394825419800,1.35955,-1.04297,0.117679,3.09865,2.23917,1.81155,10,26570,20.3789,3.98705
1776813394830349303,1.35402,-1.04297,0.133621,2.94408,2.20332,1.71297,10,26592,20.3958,3.83645
1776813394835337526,1.35402,-1.20312,0.150495,2.63332,2.20332,1.71297,10,26622,20.4188,3.98747
1776813394840348509,1.34347,-1.20312,0.162962,2.78434,1.8056,1.55671,10,26647,20.438,4.14245
1776813394845319733,1.34347,-1.23438,0.182136,2.90807,1.8056,1.55671,10,26675,20.4595,4.13538
1776813394850323475,1.33041,-1.23438,0.190546,2.90101,1.56189,1.45806,10,26697,20.4763,3.84029
1776813394855302828,1.33041,-1.20508,0.20742,2.63521,1.56189,1.45806,10,26725,20.4978,3.68083
1776813394860316051,1.33041,-1.20508,0.228895,2.47575,1.42849,1.47476,10,26746,20.5139,3.83645
1776813394865327237,1.31902,-1.20508,0.233616,2.63137,1.42849,1.47476,10,26772,20.5339,4.14079
1776813394870324961,1.31902,-1.16406,0.253557,2.97673,1.29591,1.4274,10,26813,20.5653,4.29535
1776813394875324221,1.30034,-1.16406,0.266323,3.13129,1.29591,1.4274,10,26834,20.5814,4.29497
1776813394880321482,1.30034,-1.16406,0.28243,3.13091,1.23502,1.3108,10,26864,20.6044,4.14162
1776813394885317427,1.28419,-1.16406,0.289289,2.97755,1.23502,1.3108,10,26886,20.6205,4.4487
1776813394890332947,1.27835,-1.16211,-0.30345,3.59329,1.38077,1.21054,10,26931,20.6558,4.7554
1776813394895385576,1.27835,-1.15625,-0.293478,3.59915,1.38077,1.21054,10,26952,20.6719,4.60297
1776813394900335875,1.26673,-1.15625,-0.288998,3.44672,1.39493,1.10365,10,26956,20.675,2.76108
1776813394905298081,1.26673,-0.849609,-0.285929,1.91147,1.39493,1.10365,10,26938,20.6612,-1.38026
1776813394910333396,1.26125,-0.849609,-0.30521,-2.22987,2.29583,1.24375,10,26928,20.6535,-2.30057
1776813394915315490,1.26125,4.94531,-0.312881,2.64475,2.29583,1.24375,10,26928,20.6535,-0.61403
1776813394920316769,1.30001,4.94531,-0.274122,4.33128,2.61934,4.79107,10,26927,20.6528,-0.15332
1776813394925329640,1.30001,2.99805,-0.274889,2.84473,2.61934,4.79107,10,26931,20.6558,0.153382
1776813394930322734,1.30001,2.99805,-0.27182,3.15143,1.30585,3.68113,10,26943,20.665,1.22694
1776813394935316624,1.32042,2.99805,-0.242203,4.22499,1.30585,3.68113,10,26945,20.6666,1.38054
1776813394940319570,1.32042,2.99805,-0.242203,4.22499,1.30585,3.68113,10,26945,20.6666,1.38054
1776813394945435291,1.32042,1.4375,-0.240669,2.81804,2.24169,2.91903,10,26968,20.6842,1.68796
1776813394950355145,1.34976,1.42773,-0.186787,2.96101,1.81438,3.10065,10,26983,20.6957,1.53328
1776813394955325832,1.37292,1.42773,-0.159023,2.96101,1.81438,3.10065,10,26992,20.7026,1.84096
1776813394960311926,1.37292,1.06445,-0.152121,2.90541,2.45967,3.03014,10,27006,20.7133,1.84134
1776813394965322150,1.38608,1.06445,-0.128229,2.90579,2.45967,3.03014,10,27011,20.7172,1.68724
1776813394970320521,1.38608,1.24023,-0.124393,2.92747,3.45792,3.21056,10,27029,20.731,1.68728
1776813394975324707,1.39168,1.24023,-0.104986,2.92752,3.45792,3.21056,10,27040,20.7394,1.99434
1776813394980315264,1.39168,1.12305,-0.0965499,3.11739,3.9144,3.17782,10,27059,20.754,2.14767
1776813394985319599,1.40428,1.12305,-0.0693759,3.27072,3.9144,3.17782,10,27069,20.7617,2.60773
1776813394990321711,1.40428,0.560547,-0.0617065,3.16827,3.2814,2.93357,10,27092,20.7793,2.60356
1776813394995333804,1.41278,0.560547,-0.0355663,3.16411,3.2814,2.93357,10,27102,20.787,2.45831
1776813395000321195,1.41278,-0.185547,-0.0278968,2.27276,2.7311,2.55963,10,27132,20.81,3.06755
1776813395005307863,1.41495,-0.185547,0.005724,3.03623,2.7311,2.55963,10,27153,20.8261,3.22177
1776813395010305253,1.41495,-0.185547,0.005724,3.03623,2.7311,2.55963,10,27153,20.8261,3.22177
1776813395015311847,1.41495,-0.574219,0.0133934,2.64756,2.21323,2.35119,10,27196,20.8591,3.37554
1776813395020312645,1.4081,-0.574219,0.0395222,2.80132,1.91369,2.30985,10,27217,20.8752,3.22177
1776813395025326794,1.4081,-0.613281,0.0556298,2.60849,1.91369,2.30985,10,27233,20.8874,3.22151
1776813395030321055,1.39913,-0.613281,0.0589276,2.60823,2.13516,2.2333,10,27261,20.9089,3.22049
1776813395035319742,1.39913,-0.757812,0.0804043,2.46267,2.13516,2.2333,10,27279,20.9227,3.68083
1776813395040316206,1.39234,-0.757812,0.0874215,2.92302,2.33448,2.10974,10,27312,20.948,3.83683
1776813395045318781,1.39234,-0.820312,0.112732,3.01652,2.33448,2.10974,10,27331,20.9626,3.83338
1776813395050315061,1.38854,-0.820312,0.123503,3.01307,2.24509,2.05101,10,27364,20.9872,3.98906
1776813395055299266,1.38854,-1.12305,0.148813,2.86602,2.24509,2.05101,10,27384,21.0033,4.14245
1776813395060319823,1.3739,-1.12305,0.149517,3.0194,2.25313,1.78924,10,27421,21.0316,4.44781
1776813395065313324,1.3739,-1.20703,0.177895,3.24078,2.25313,1.78924,10,27445,21.0501,4.59707
1776813395070321548,1.36799,-1.20703,0.190397,3.39004,2.00194,1.70524,10,27480,21.0769,4.60574
1776813395075316382,1.36799,-1.33984,0.217243,3.26589,2.00194,1.70524,10,27502,21.0938,4.29535
1776813395080317328,1.36799,-1.33984,0.234116,2.95551,1.69829,1.62954,10,27538,21.1206,4.29497
1776813395085316348,1.35545,-1.33984,0.24918,2.95512,1.69829,1.62954,10,27554,21.1337,4.60389
1776813395090414310,1.35545,-1.39648,0.261452,3.20741,1.38255,1.52027,10,27596,21.1659,4.60205
1776813395095347573,1.32828,-1.39648,0.266497,3.20557,1.38255,1.52027,10,27612,21.1781,4.29411
1776813395100319426,1.32828,-1.41797,0.278769,2.87614,1.52138,1.34021,10,27654,21.2104,4.44959
1776813395105297243,1.32106,-1.41797,0.303768,3.03162,1.52138,1.34021,10,27670,21.2226,4.44832
1776813395110351632,1.32106,-1.43555,-0.312278,3.01277,1.45381,1.28537,10,27712,21.2548,4.60113
1776813395115326042,1.29968,-1.43555,-0.301452,3.16558,1.45381,1.28537,10,27726,21.2656,4.29583
1776813395120326673,1.29968,-1.44727,-0.290714,2.84856,2.45211,1.14523,10,27739,21.2755,2.76091
1776813395125315970,1.2924,-1.44727,-0.288023,1.31364,2.45211,1.14523,10,27732,21.2702,-0.307145
1776813395130318509,1.2924,3.71289,-0.293392,3.40575,2.87295,4.04087,10,27718,21.2594,-2.14643
1776813395135315825,1.2929,3.71289,-0.303632,1.56646,2.87295,4.04087,10,27718,21.2594,-0.61403
1776813395140315586,1.2929,4.87109,-0.303632,4.25706,3.3517,4.70418,10,27721,21.2617,0
1776813395145326791,1.31484,4.87109,-0.27939,4.87109,3.3517,4.70418,10,27726,21.2656,0.767289
1776813395150350829,1.31484,1.05078,-0.275556,1.81807,2.19938,2.66381,10,27745,21.2801,1.99354
1776813395155304164,1.3566,1.05078,-0.213848,3.04511,2.19938,2.66381,10,27759,21.2909,1.99432
1776813395160345646,1.3566,1.05078,-0.213848,3.04511,2.19938,2.66381,10,27759,21.2909,1.99432
1776813395165339259,1.36542,1.1875,-0.180486,3.94803,1.89054,3.00024,10,27789,21.3139,2.76053
1776813395170314946,1.36542,0.376953,-0.176651,3.13748,2.13616,2.59234,10,27808,21.3285,2.30103
1776813395175315873,1.36952,0.376953,-0.157983,2.67798,2.13616,2.59234,10,27818,21.3361,2.60825
1776813395180317356,1.36952,0.28125,-0.150312,2.8895,2.34301,2.56288,10,27839,21.3522,2.45389
1776813395185343042,1.37656,0.28125,-0.127161,2.73514,2.34301,2.56288,10,27845,21.3568,1.99472
1776813395190319174,1.37656,0.896484,-0.122558,2.89121,2.90524,2.95662,10,27866,21.373,1.99394
1776813395195324360,1.3823,0.896484,-0.100719,2.89043,2.90524,2.95662,10,27874,21.3791,2.30057
1776813395200366416,1.3823,0.658203,-0.0945832,2.95877,3.67338,2.85578,10,27900,21.399,2.45487
1776813395205314752,1.38641,0.658203,-0.0705239,3.11307,3.67338,2.85578,10,27917,21.4121,3.06778
1776813395210313365,1.38641,0.173828,-0.0574853,3.24161,2.93311,2.60474,10,27944,21.4328,3.37486
1776813395215319107,1.39071,0.173828,-0.032478,3.54869,2.93311,2.60474,10,27957,21.4428,3.52821
1776813395220343015,1.39071,-0.503906,-0.0225064,3.02431,2.50852,2.24458,10,27991,21.4688,3.52751
1776813395225327591,1.39071,-0.503906,0.00357086,3.0236,2.50852,2.24458,10,28008,21.4819,3.52963
1776813395230317981,1.38907,-0.503906,0.0149711,3.02572,1.88555,2.23461,10,28038,21.5049,3.52821
1776813395235402999,1.38907,-0.724609,0.0379813,2.8036,1.88555,2.23461,10,28060,21.5218,3.68009
1776813395240372427,1.37408,-0.724609,0.0398639,2.95548,1.94982,2.01744,10,28085,21.5409,3.68192
1776813395245325022,1.37408,-0.728516,0.0590385,2.9534,1.94982,2.01744,10,28102,21.554,3.52892
1776813395250319709,1.36706,-0.728516,0.0650562,2.8004,1.80747,1.97226,10,28131,21.5762,3.52821
1776813395255299470,1.36706,-0.787109,0.0872977,2.7411,1.80747,1.97226,10,28149,21.59,3.68083
1776813395260316897,1.3633,-0.787109,0.0973495,2.89372,1.9978,1.91585,10,28181,21.6146,3.83568
1776813395265369897,1.3633,-1.01758,0.121891,2.8181,1.9978,1.91585,10,28201,21.6299,3.83492
1776813395270402157,1.34996,-1.01758,0.12389,2.81734,2.07462,1.70248,10,28233,21.6544,3.98785
1776813395275342345,1.34996,-1.08398,0.148434,2.90387,2.07462,1.70248,10,28252,21.669,3.98827
1776813395280342087,1.34444,-1.08398,0.15749,2.90428,1.86614,1.63061,10,28285,21.6943,3.83492
1776813395285320108,1.34444,-1.22852,0.182801,2.6064,1.86614,1.63061,10,28305,21.7097,4.14245
1776813395290324664,1.32673,-1.22852,0.180422,2.91393,1.85945,1.43856,10,28338,21.735,4.142
1776813395295316907,1.32673,-1.24023,0.205733,2.90176,1.85945,1.43856,10,28359,21.7511,4.14079
1776813395300316834,1.32673,-1.24023,0.22184,2.90055,1.50172,1.43188,10,28392,21.7764,4.14245
1776813395305310706,1.32062,-1.24023,0.241049,2.90221,1.50172,1.43188,10,28414,21.7933,4.142
1776813395310313670,1.32062,-1.24023,0.241049,2.90221,1.50172,1.43188,10,28414,21.7933,4.142
1776813395315318227,1.32062,-1.17969,0.257922,2.96231,1.43001,1.42848,10,28475,21.8401,4.75255
1776813395320313636,1.30258,-1.17969,0.286669,3.57286,1.1496,1.31594,10,28504,21.8623,4.45137
1776813395325326285,1.30258,-1.25,0.308911,3.20137,1.1496,1.31594,10,28533,21.8845,4.59891
1776813395330320583,1.27935,-1.25,0.307923,3.34891,1.1975,1.12998,10,28569,21.9121,4.60481
1776813395335321362,1.27935,-1.25,-0.292783,3.35481,1.1975,1.12998,10,28585,21.9244,4.14079
1776813395340317845,1.27226,-1.25,-0.287601,2.89079,2.03788,1.08523,10,28583,21.9229,1.84097
1776813395345322254,1.27226,-0.875,-0.289136,0.965973,2.03788,1.08523,10,28570,21.9129,-1.5345
1776813395350316163,1.26068,-0.875,-0.310687,-2.4095,2.54145,1.22568,10,28564,21.9083,-1.99432
1776813395355312146,1.26068,4.85156,0.313029,2.85724,2.54145,1.22568,10,28563,21.9075,-0.15332
1776813395360322036,1.29608,4.85156,-0.280662,4.69824,1.55519,4.713,10,28563,21.9075,-0.153382
1776813395365314667,1.29608,3.04297,-0.280662,2.88959,1.55519,4.713,10,28571,21.9137,0.30664
1776813395370314205,1.31566,3.04297,-0.254939,3.34961,1.91146,3.80451,10,28583,21.9229,1.68758
1776813395375327021,1.31566,1.23828,-0.245737,2.92586,1.91146,3.80451,10,28592,21.9298,1.53427
1776813395380318541,1.31566,1.23828,-0.238834,2.77255,2.3026,2.77583,10,28606,21.9405,1.84022
1776813395385320191,1.32828,1.23828,-0.215482,3.0785,2.3026,2.77583,10,28612,21.9451,1.68728
1776813395390320285,1.32828,1.23828,-0.215482,3.0785,2.3026,2.77583,10,28612,21.9451,1.68728
1776813395395347897,1.34247,1.1582,-0.179813,2.84578,2.01057,2.80861,10,28637,21.9643,1.68758
1776813395400331028,1.34247,0.943359,-0.177513,2.63094,2.56626,2.77401,10,28648,21.9727,1.68695
1776813395405345529,1.35939,0.943359,-0.15216,2.63031,2.56626,2.77401,10,28654,21.9773,1.38082
1776813395410387252,1.35939,1.1543,-0.147558,2.53511,3.20842,2.99841,10,28671,21.9904,1.68758
1776813395415367365,1.36556,1.1543,-0.128347,2.84188,3.20842,2.99841,10,28678,21.9958,1.99472
1776813395420338274,1.36556,0.763672,-0.122978,2.75839,3.78435,2.81361,10,28700,22.0126,2.14686
1776813395425325109,1.38125,0.763672,-0.0904059,2.91054,3.78435,2.81361,10,28710,22.0203,2.45438
1776813395430319796,1.38125,0.494141,-0.0827364,2.94852,3.04529,2.75592,10,28735,22.0395,2.60773
1776813395435350871,1.38489,0.494141,-0.0599322,3.10187,3.04529,2.75592,10,28744,22.0464,2.76146
1776813395440334669,1.38489,-0.335938,-0.0530295,2.42552,2.35878,2.30489,10,28771,22.0671,2.76053
1776813395445310523,1.38572,-0.335938,-0.0314879,2.42459,2.35878,2.30489,10,28781,22.0748,2.76108
1776813395450319820,1.38572,-0.388672,-0.0238184,2.37241,1.87171,2.27989,10,28810,22.097,3.06939
1776813395455291804,1.38572,-0.388672,-0.00157682,2.68072,1.87171,2.27989,10,28825,22.1085,3.06655
1776813395460314045,1.38372,-0.388672,0.00793513,2.67788,2.01516,2.26775,10,28852,22.1292,3.21829
1776813395465318602,1.38372,-0.388672,0.00793513,2.67788,2.01516,2.26775,10,28852,22.1292,3.21829
1776813395470321196,1.38372,-0.441406,0.0286451,2.77689,1.95419,2.2377,10,28897,22.1637,3.37082
1776813395475317031,1.37584,-0.441406,0.0552774,2.92941,1.95419,2.2377,10,28910,22.1737,3.37959
1776813395480323810,1.37584,-0.783203,0.065249,2.59639,1.99712,1.99481,10,28948,22.2028,3.98747
1776813395485315460,1.36746,-0.783203,0.0860163,3.20427,1.99712,1.99481,10,28963,22.2143,4.14245
1776813395490313535,1.36746,-0.914062,0.0975214,3.22838,2.00272,1.86899,10,29003,22.245,4.142
1776813395495313444,1.3632,-0.914062,0.123938,3.22794,2.00272,1.86899,10,29023,22.2604,4.14162
1776813395500329204,1.3632,-1.12109,0.139279,3.02052,1.79364,1.72486,10,29056,22.2857,4.14034
1776813395505300280,1.34775,-1.12109,0.149134,3.01925,1.79364,1.72486,10,29071,22.2972,4.14245
1776813395510316522,1.34775,-1.13477,0.160639,3.00768,1.64919,1.62203,10,29110,22.3271,4.14245
1776813395515315487,1.34225,-1.13477,0.185061,3.00768,1.64919,1.62203,10,29125,22.3386,4.14117
1776813395520319858,1.34225,-1.08594,0.196564,3.05523,1.59452,1.61598,10,29161,22.3662,3.83568
1776813395525326322,1.32535,-1.08594,0.207266,2.74975,1.59452,1.61598,10,29176,22.3777,3.98667
1776813395530325416,1.32535,-1.08203,0.218772,2.90464,1.68056,1.51349,10,29215,22.4076,4.14245
1776813395535315474,1.32535,-1.08203,0.248684,3.06041,1.68056,1.51349,10,29236,22.4237,4.2902
1776813395540335586,1.32021,-1.08203,0.259657,3.20817,1.65415,1.48158,10,29271,22.4506,4.14742
1776813395545316217,1.32021,-1.22266,0.286501,2.92477,1.65415,1.48158,10,29291,22.4659,4.14079
1776813395550312830,1.29729,-1.22266,0.278918,2.91813,1.5959,1.25828,10,29326,22.4928,4.29621
1776813395555292109,1.29729,-1.30078,0.305762,2.99543,1.5959,1.25828,10,29345,22.5073,4.29411
1776813395560307333,1.28479,-1.30078,0.307839,2.99333,2.46481,1.13527,10,29354,22.5142,2.91539
1776813395565319315,1.28479,-1.26172,-0.313577,1.65367,2.46481,1.13527,10,29342,22.505,-0.460342
1776813395570314761,1.27848,-1.26172,0.299231,-1.72206,2.81108,1.11782,10,29331,22.4966,-2.30057
1776813395575325022,1.27848,5.28125,0.290795,2.98068,2.81108,1.11782,10,29330,22.4958,-0.613403
1776813395580317986,1.30455,5.28125,-0.312225,4.66785,1.47967,5.01097,10,29329,22.4951,-0.306763
1776813395585319284,1.30455,2.52344,-0.312991,2.21667,1.47967,5.01097,10,29334,22.4989,0.153382
1776813395590328100,1.34001,2.52344,-0.273702,2.67682,2.12067,3.65943,10,29347,22.5089,1.6869
1776813395595359619,1.34001,1.01367,-0.26373,2.70058,2.12067,3.65943,10,29355,22.515,1.38082
1776813395600331714,1.3574,1.01367,-0.240195,2.39449,2.12749,2.90608,10,29370,22.5265,1.68728
1776813395605396121,1.3574,1.23242,-0.22869,2.91971,2.12749,2.90608,10,29378,22.5326,1.84096
1776813395610332272,1.3574,1.23242,-0.222556,3.07338,1.80975,3.03077,10,29392,22.5434,1.53358
1776813395615329736,1.37175,1.23242,-0.197471,2.76601,1.80975,3.03077,10,29399,22.5487,1.84097
1776813395620318627,1.37175,1.02344,-0.192102,2.86441,2.40416,2.9996,10,29414,22.5603,1.84059
1776813395625319480,1.38944,1.02344,-0.162908,2.86403,2.40416,2.9996,10,29420,22.5641,1.53458
1776813395630323315,1.38944,1.25977,-0.158305,2.79434,3.08868,3.24216,10,29438,22.5787,1.68724
1776813395635324242,1.40003,1.25977,-0.13391,2.94701,3.08868,3.24216,10,29446,22.5848,2.14725
1776813395640316577,1.40003,0.962891,-0.127774,3.11014,3.88217,3.13719,10,29469,22.6024,2.30103
1776813395645325819,1.41137,0.962891,-0.0987941,3.26392,3.88217,3.13719,10,29479,22.6101,2.60773
1776813395650319950,1.41137,0.339844,-0.0911247,2.94757,3.56159,2.85061,10,29506,22.6308,2.76108
1776813395655368858,1.41809,0.339844,-0.0636913,3.10092,3.56159,2.85061,10,29517,22.6393,3.06839
1776813395660325490,1.41809,-0.414062,-0.0552551,2.65433,2.58828,2.46139,10,29548,22.663,3.06693
1776813395665400934,1.41748,-0.414062,-0.0320903,2.65287,2.58828,2.46139,10,29560,22.6722,3.37149
1776813395670336770,1.41748,-0.695312,-0.0228874,2.67618,1.88444,2.2974,10,29592,22.6968,3.37854
1776813395675380011,1.41163,-0.695312,-0.00419156,2.68322,1.88444,2.2974,10,29604,22.706,3.37554
1776813395680385272,1.41163,-0.681641,0.00501333,2.6939,1.94819,2.26995,10,29636,22.7305,3.37419
1776813395685331682,1.41163,-0.681641,0.0295571,2.69255,1.94819,2.26995,10,29648,22.7397,3.37516
1776813395690331665,1.40493,-0.681641,0.0320519,2.69352,2.06757,2.22943,10,29674,22.7597,3.22022
1776813395695320703,1.40493,-0.714844,0.0519932,2.50538,2.06757,2.22943,10,29696,22.7765,3.37621
1776813395700319668,1.39512,-0.714844,0.0590638,2.66137,2.42673,2.15113,10,29722,22.7965,3.68083
1776813395705297484,1.39512,-0.785156,0.0790051,2.89567,2.42673,2.15113,10,29745,22.8141,3.83185
1776813395710308911,1.38768,-0.785156,0.0891999,3.04669,2.33628,2.06582,10,29777,22.8387,3.83875
1776813395715318876,1.38768,-0.982422,0.113744,2.85633,2.33628,2.06582,10,29796,22.8532,3.83492
1776813395720368043,1.37932,-0.982422,0.119962,2.85249,2.38472,1.90247,10,29830,22.8793,3.98747
1776813395725322619,1.37932,-1.24023,0.146039,2.74723,2.38472,1.90247,10,29851,22.8954,4.14283
1776813395730332972,1.36808,-1.24023,0.150906,2.90259,2.10425,1.68684,10,29886,22.9223,4.44832
1776813395735355325,1.36808,-1.30273,0.177752,3.14558,2.10425,1.68684,10,29906,22.9376,4.2902
1776813395740337956,1.36158,-1.30273,0.186591,2.98747,1.69258,1.61138,10,29943,22.966,4.14576
1776813395745326625,1.36158,-1.34766,0.21497,2.79811,1.69258,1.61138,10,29964,22.9821,4.44959
1776813395750328922,1.34142,-1.34766,0.210917,3.10193,1.25189,1.46165,10,29996,23.0066,4.59983
1776813395755297924,1.34142,-1.33594,0.235461,3.26389,1.25189,1.46165,10,30018,23.0235,4.60389
1776813395760307259,1.3356,-1.33594,0.274123,3.11187,1.10389,1.46833,10,30062,23.0573,4.44781
1776813395765322964,1.3356,-1.39648,0.280259,3.05133,1.10389,1.46833,10,30089,23.078,4.60259
1776813395770316169,1.31456,-1.39648,0.279925,3.20611,1.08807,1.26712,10,30122,23.1033,4.60113
1776813395775320355,1.31456,-1.39453,0.305236,3.2066,1.08807,1.26712,10,30143,23.1194,4.75635
1776813395780315931,1.30832,-1.39453,-0.313212,3.36182,1.51272,1.22933,10,30163,23.1347,3.83492
1776813395785321617,1.30832,-1.09961,-0.297873,2.73531,1.51272,1.22933,10,30160,23.1324,1.38054
1776813395790318211,1.28703,-1.09961,0.306855,0.28093,2.82068,1.26402,10,30141,23.1179,-2.45438
1776813395795323157,1.28703,0.900391,0.292281,-1.55399,2.82068,1.26402,10,30140,23.1171,-1.22694
1776813395800325121,1.28659,0.900391,0.291072,-0.326552,2.48141,2.40123,10,30140,23.1171,0
1776813395805298105,1.28659,2.74414,0.291072,2.74414,2.48141,2.40123,10,30142,23.1186,0
1776813395810308088,1.3436,2.74414,-0.278701,2.74414,1.91776,3.80743,10,30158,23.1309,1.22694
1776813395815319329,1.3436,2.32812,-0.266429,3.55507,1.91776,3.80743,10,30165,23.1363,1.84097
1776813395820313312,1.35611,2.32812,-0.248551,4.1691,2.10914,3.64734,10,30180,23.1478,1.5342
1776813395825317073,1.35611,1.51172,-0.237046,3.04592,2.10914,3.64734,10,30190,23.1554,1.99354
1776813395830315908,1.35611,1.51172,-0.229377,3.50526,1.91467,3.18199,10,30205,23.1669,1.99432
1776813395835320891,1.37652,1.51172,-0.197457,3.50604,1.91467,3.18199,10,30213,23.1731,1.99432
1776813395840313003,1.37652,1.0625,-0.191321,3.05682,2.23688,3.05101,10,30231,23.1869,2.14729
1776813395845321597,1.39313,1.0625,-0.160911,3.20979,2.23688,3.05101,10,30236,23.1907,1.68762
1776813395850316580,1.39313,0.708984,-0.157075,2.39661,2.67464,2.9506,10,30252,23.203,1.53389
1776813395855300971,1.39675,0.708984,-0.141181,2.24287,2.67464,2.9506,10,30258,23.2076,1.68724
1776813395860329101,1.39675,1.10547,-0.136578,2.79271,3.54959,3.19857,10,30278,23.2229,1.99432
1776813395865341658,1.41386,1.10547,-0.104133,3.09979,3.54959,3.19857,10,30287,23.2298,2.30149
1776813395870328159,1.41386,0.896484,-0.0972298,3.19797,3.87432,3.18288,10,30312,23.249,2.60721
1776813395875325272,1.4187,0.896484,-0.0732068,3.50369,3.87432,3.18288,10,30323,23.2575,2.76108
1776813395880363106,1.4187,-0.375,-0.0647687,2.38608,2.76461,2.48733,10,30355,23.282,3.22216
1776813395885333849,1.42326,-0.375,-0.035672,2.84716,2.76461,2.48733,10,30368,23.292,3.52821
1776813395890318406,1.42326,-0.714844,-0.0257023,2.81337,2.02697,2.32101,10,30402,23.318,3.68009
1776813395895317074,1.42058,-0.714844,-0.00230299,2.96525,2.02697,2.32101,10,30415,23.328,3.52924
1776813395900326797,1.42058,-0.802734,0.00766671,2.72651,1.73617,2.2548,10,30447,23.3526,3.37486
1776813395905365946,1.42058,-0.802734,0.0322105,2.57213,1.73617,2.2548,10,30460,23.3625,3.52821
1776813395910339115,1.4084,-0.802734,0.0299999,2.72548,1.94577,2.18138,10,30491,23.3863,3.68156
1776813395915336635,1.4084,-0.771484,0.0537769,2.91008,1.94577,2.18138,10,30516,23.4055,3.98747
1776813395920326655,1.39711,-0.771484,0.0616657,3.21598,2.08038,2.1309,10,30548,23.43,3.83415
1776813395925318842,1.39711,-0.855469,0.0862094,2.97868,2.08038,2.1309,10,30566,23.4438,3.83645
1776813395930319195,1.38917,-0.855469,0.0920726,2.98098,2.20369,2.0348,10,30600,23.4699,3.98705
1776813395935317641,1.38917,-1.03906,0.11815,2.94799,2.20369,2.0348,10,30621,23.486,4.29497
1776813395940330549,1.37978,-1.03906,0.124869,3.25591,2.07223,1.87299,10,30656,23.5129,4.2902
1776813395945320569,1.37978,-1.24414,0.151713,3.04606,2.07223,1.87299,10,30675,23.5274,4.14825
1776813395950340755,1.36816,-1.24414,0.154664,2.90411,2.01844,1.68508,10,30708,23.5527,3.98827
1776813395955329239,1.36816,-1.41602,0.179975,2.57225,2.01844,1.68508,10,30729,23.5688,4.14079
1776813395960356573,1.35501,-1.41602,0.182933,2.72477,1.79634,1.50643,10,30765,23.5965,4.29449
1776813395965331964,1.35501,-1.43164,0.210546,2.86285,1.79634,1.50643,10,30786,23.6126,4.44959
1776813395970333909,1.34773,-1.43164,0.219373,3.01795,1.53247,1.45271,10,30820,23.6386,4.14162
1776813395975339485,1.34773,-1.44727,0.24545,2.69435,1.53247,1.45271,10,30842,23.6555,4.29411
1776813395980325468,1.34773,-1.44727,0.262324,2.84684,1.55321,1.44381,10,30880,23.6847,4.60297
1776813395985319618,1.33645,-1.44727,0.280191,3.15571,1.55321,1.44381,10,30898,23.6985,4.7554
1776813395990325008,1.33645,-1.44727,0.280191,3.15571,1.55321,1.44381,10,30898,23.6985,4.7554
1776813395995342194,1.32182,-1.50781,-0.302167,3.09386,1.41668,1.33962,10,30967,23.7514,4.60167
1776813396000326788,1.32182,-1.50781,-0.302167,3.09386,1.41668,1.33962,10,30967,23.7514,4.60167
1776813396005320049,1.32182,-1.45898,-0.296031,3.14268,1.8922,1.2767,10,31003,23.779,3.22216
1776813396010319329,1.29342,-0.650391,-0.306017,-1.72423,2.28642,1.09934,10,30987,23.7667,-1.07384
1776813396015318756,1.28697,-0.650391,0.312783,-1.72423,2.28642,1.09934,10,30980,23.7614,-2.14725
1776813396020325498,1.28697,5.05078,0.307414,2.90354,2.35871,4.7694,10,30981,23.7621,-0.153351
1776813396025348148,1.31415,5.05078,-0.292958,4.89743,2.35871,4.7694,10,30982,23.7629,0.306702
1776813396030354760,1.31415,3.6875,-0.292191,3.9942,2.59117,4.16249,10,30998,23.7752,0.767136
1776813396035341892,1.33562,3.6875,-0.258458,4.45464,2.59117,4.16249,10,31011,23.7851,2.45438
1776813396040322505,1.33562,3.6875,-0.258458,4.45464,2.59117,4.16249,10,31011,23.7851,2.45438
1776813396045357284,1.3652,0.443359,-0.19896,2.89675,2.11096,2.44663,10,31041,23.8081,2.45339
1776813396050333526,1.3652,0.847656,-0.195891,3.30105,1.54801,2.8593,10,31059,23.822,2.45536
1776813396055321825,1.3652,0.847656,-0.182086,3.30301,1.54801,2.8593,10,31067,23.8281,2.14729
1776813396060317567,1.37549,0.847656,-0.165658,2.99495,2.27205,2.92227,10,31085,23.8419,2.30149
1776813396065327902,1.37549,0.847656,-0.165658,2.99495,2.27205,2.92227,10,31085,23.8419,2.30149
1776813396070318663,1.38172,0.839844,-0.128752,2.22038,2.90825,2.91782,10,31111,23.8618,1.38054
1776813396075339849,1.38172,0.839844,-0.128752,2.22038,2.90825,2.91782,10,31111,23.8618,1.38054
1776813396080330073,1.39649,0.962891,-0.0902048,3.41727,3.53424,3.02594,10,31142,23.8856,2.45438
1776813396085316983,1.39649,0.585938,-0.0871378,3.04031,3.53424,3.02594,10,31155,23.8956,2.45389
1776813396090317743,1.40147,0.585938,-0.0721823,3.03982,3.81157,2.93107,10,31175,23.9109,2.9156
1776813396095330189,1.40147,-0.0839844,-0.0568434,2.83161,3.81157,2.93107,10,31194,23.9255,3.06755
1776813396100407485,1.40418,-0.0839844,-0.0395609,2.98356,2.67924,2.5656,10,31221,23.9462,2.91443
1776813396105368303,1.40418,-0.728516,-0.0188528,2.18591,2.67924,2.5656,10,31236,23.9577,3.37419
1776813396110333676,1.39988,-0.728516,-0.0116449,2.64567,2.2743,2.1722,10,31260,23.9761,3.37516
1776813396115421194,1.39988,-0.857422,0.00676288,2.51773,2.2743,2.1722,10,31282,23.993,3.52751
1776813396120348197,1.39143,-0.857422,0.0151781,2.67009,1.64671,2.04742,10,31311,24.0152,3.52821
1776813396125403734,1.39143,-0.800781,0.0374197,2.72743,1.64671,2.04742,10,31326,24.0267,3.37554
1776813396130346237,1.39143,-0.800781,0.0489248,2.57476,1.78129,2.07971,10,31350,24.0451,3.37554
1776813396135325906,1.38335,-0.800781,0.0592531,2.57476,1.78129,2.07971,10,31369,24.0597,3.68045
1776813396140330630,1.38335,-0.800781,0.0592531,2.57476,1.78129,2.07971,10,31369,24.0597,3.68045
1776813396145358834,1.38335,-0.927734,0.0738253,2.75271,1.98481,1.95819,10,31428,24.105,3.98986
1776813396150370725,1.37056,-1.05664,0.120864,2.93003,2.27978,1.88014,10,31459,24.1288,3.98667
1776813396155351708,1.36056,-1.05664,0.120067,2.93003,2.27978,1.88014,10,31480,24.1449,3.98827
1776813396160333025,1.36056,-1.17969,0.136173,2.80858,1.90637,1.67523,10,31517,24.1732,4.44959
1776813396165336212,1.34952,-1.17969,0.15351,3.2699,1.90637,1.67523,10,31532,24.1847,4.44781
1776813396170333602,1.34952,-1.28516,0.165016,3.16265,1.88335,1.54721,10,31574,24.217,4.29497
1776813396175325345,1.33693,-1.28516,0.184646,3.00981,1.88335,1.54721,10,31587,24.2269,4.29583
1776813396180330050,1.33693,-1.28906,0.194616,3.00676,1.58536,1.4673,10,31629,24.2591,4.29535
1776813396185375236,1.32407,-1.28906,0.21397,3.00629,1.58536,1.4673,10,31644,24.2706,4.29583
1776813396190335016,1.32407,-1.23047,0.225473,3.06536,1.575,1.42096,10,31685,24.3021,4.44781
1776813396195336684,1.31146,-1.23047,0.244308,3.21734,1.575,1.42096,10,31698,24.3121,3.98906
1776813396200336982,1.31146,-1.24023,0.25428,2.74883,1.45901,1.33688,10,31738,24.3427,4.14117
1776813396205294152,1.31146,-1.24023,0.284959,2.90094,1.45901,1.33688,10,31753,24.3542,4.29497
1776813396210313708,1.2994,-1.24023,0.2844,3.05473,1.18676,1.26147,10,31790,24.3826,4.44959
1776813396215327413,1.2994,-1.25586,0.312778,3.19373,1.18676,1.26147,10,31817,24.4026,4.44299
1776813396220318952,1.28671,-1.25586,-0.307513,3.18713,1.57327,1.17297,10,31845,24.4248,3.99226
1776813396225313639,1.28671,-1.2832,-0.28604,2.70906,1.57327,1.17297,10,31849,24.4279,2.45438
1776813396230319030,1.26797,-1.2832,-0.301714,1.17117,2.33334,1.03916,10,31845,24.4248,0.460526
1776813396235351049,1.26797,4.77539,-0.304781,5.23592,2.33334,1.03916,10,31835,24.4171,-1.07341
1776813396240335144,1.2734,4.77539,-0.307017,3.70198,2.65352,4.52691,10,31829,24.4125,-1.38109
1776813396245316257,1.2734,4.92578,-0.311619,3.54469,2.65352,4.52691,10,31831,24.4141,-0.613785
1776813396250329054,1.30627,4.92578,-0.277214,4.312,2.81956,4.81913,10,31837,24.4187,0.613662
1776813396255293872,1.30627,2.80859,-0.272614,3.42226,2.81956,4.81913,10,31845,24.4248,1.38082
1776813396260309725,1.31826,2.80859,-0.254494,4.18941,2.17911,3.68707,10,31859,24.4355,1.53389
1776813396265320448,1.31826,1.30664,-0.243756,2.84053,2.17911,3.68707,10,31871,24.4448,1.84097
1776813396270328394,1.3522,1.30664,-0.200608,3.14761,2.26316,3.04107,10,31884,24.4547,1.99354
1776813396275355488,1.3522,1.57227,-0.190638,3.56581,2.26316,3.04107,10,31896,24.4639,2.30057
1776813396280383711,1.35675,1.57227,-0.163075,3.72037,2.39876,3.19248,10,31918,24.4808,2.1481
1776813396285343917,1.35675,1.57227,-0.163075,3.72037,2.39876,3.19248,10,31918,24.4808,2.1481
1776813396290319086,1.37807,0.669922,-0.119515,2.97095,3.03943,2.70614,10,31947,24.503,2.30103
1776813396295329273,1.37807,0.701172,-0.116446,3.0022,3.03943,2.70614,10,31960,24.513,2.14686
1776813396300321089,1.38577,0.701172,-0.0987743,2.84804,3.6245,2.90144,10,31978,24.5268,2.4529
1776813396305303128,1.38577,0.466797,-0.0849689,2.9197,3.6245,2.90144,10,31991,24.5368,2.45683
1776813396310308685,1.38972,0.466797,-0.0710529,2.92363,3.38772,2.79185,10,32016,24.556,2.91423
1776813396315316224,1.38972,0.207031,-0.0518783,3.12126,3.38772,2.79185,10,32032,24.5682,3.22049
1776813396320319022,1.39136,0.207031,-0.0379642,3.42752,2.90511,2.65376,10,32054,24.5851,3.2228
1776813396325337653,1.39136,-0.425781,-0.0210899,2.79702,2.90511,2.65376,10,32075,24.6012,3.22113
1776813396330318747,1.38905,-0.425781,-0.00728832,2.79535,2.23162,2.27905,10,32098,24.6189,3.37419
1776813396335318175,1.38905,-0.615234,0.0103528,2.75895,2.23162,2.27905,10,32119,24.635,3.37486
1776813396340327658,1.38759,-0.615234,0.0249936,2.75963,2.02014,2.16214,10,32149,24.658,3.52821
1776813396345322919,1.38759,-0.724609,0.0480038,2.8036,2.02014,2.16214,10,32171,24.6748,3.52821
1776813396350323235,1.38759,-0.724609,0.0648781,2.8036,2.01813,2.0998,10,32195,24.6933,3.68156
1776813396355305774,1.37626,-0.724609,0.071962,2.95695,2.01813,2.0998,10,32208,24.7032,3.68156
1776813396360312664,1.37626,-0.839844,0.0819317,2.84172,2.14599,1.96511,10,32243,24.7301,3.52854
1776813396365321925,1.36496,-0.839844,0.0974709,2.68869,2.14599,1.96511,10,32257,24.7408,3.83338
1776813396370314186,1.36496,-0.943359,0.108207,2.89002,2.22915,1.83693,10,32295,24.77,3.98865
1776813396375315614,1.36234,-0.943359,0.134731,3.04529,2.22915,1.83693,10,32310,24.7815,3.98986
1776813396380315115,1.36234,-1.18945,0.146236,2.80041,1.943,1.68058,10,32346,24.8091,3.98827
1776813396385320117,1.3444,-1.18945,0.15591,2.79881,1.943,1.68058,10,32360,24.8198,3.83415
1776813396390312470,1.3444,-1.25781,0.166649,2.57634,1.57522,1.53125,10,32399,24.8497,3.98827
1776813396395333286,1.34068,-1.25781,0.192842,2.73045,1.57522,1.53125,10,32414,24.8612,4.29621
1776813396400319918,1.34068,-1.26562,0.204347,3.03058,1.26228,1.50383,10,32453,24.8911,4.14079
1776813396405365789,1.31905,-1.26562,0.212633,2.87516,1.26228,1.50383,10,32468,24.9019,3.98906
1776813396410376864,1.31905,-1.20117,0.224136,2.78789,1.2807,1.40645,10,32509,24.9341,4.29449
1776813396415336015,1.31538,-1.20117,0.251913,3.09332,1.2807,1.40645,10,32525,24.9464,4.44959
1776813396420327924,1.31538,-1.15625,0.264185,3.29334,1.35466,1.4092,10,32569,24.9801,4.60075
1776813396425322074,1.31538,-1.15625,0.297931,3.4445,1.35466,1.4092,10,32585,24.9924,4.60297
1776813396430321131,1.29532,-1.15625,0.29014,3.44672,1.42493,1.28378,10,32620,25.0192,4.44426
1776813396435316170,1.29532,-1.22852,-0.311335,3.21574,1.42493,1.28378,10,32643,25.0369,4.14576
1776813396440320709,1.27712,-1.22852,-0.311892,2.91725,2.15823,1.12814,10,32656,25.0468,3.22087
1776813396445317821,1.27712,-1.19922,-0.30192,2.02165,2.15823,1.12814,10,32643,25.0369,-0.459882
1776813396450318212,1.27381,-1.19922,0.313114,-1.6591,2.73448,1.12393,10,32631,25.0277,-2.76384
1776813396455320936,1.27381,4.42969,0.303911,1.66585,2.73448,1.12393,10,32630,25.0269,-0.306824
1776813396460336400,1.29051,4.42969,-0.308474,4.12286,1.8067,4.43758,10,32630,25.0269,-0.15329
1776813396465315828,1.29051,4.33594,-0.308474,4.18265,1.8067,4.43758,10,32635,25.0307,0.153351
1776813396470312441,1.30238,4.33594,-0.292767,4.48929,2.16919,4.45857,10,32648,25.0407,1.38109
1776813396475314128,1.30238,1.12891,-0.282795,2.51,2.16919,4.45857,10,32655,25.0461,1.38054
1776813396480322259,1.34902,1.12891,-0.230782,2.50945,2.2223,2.9202,10,32667,25.0553,1.38054
1776813396485320853,1.34902,1.47852,-0.221579,2.85905,2.2223,2.9202,10,32675,25.0614,1.99393
1776813396490341095,1.35293,1.47852,-0.211538,3.47244,2.19229,3.14352,10,32687,25.0706,1.53389
1776813396495321393,1.35293,1.39844,-0.202334,2.93233,2.19229,3.14352,10,32698,25.0791,1.6869
1776813396500315358,1.35293,1.39844,-0.193897,3.08534,2.97382,3.09788,10,32710,25.0883,1.84097
1776813396505295341,1.37723,1.16406,-0.155027,2.85198,2.97382,3.09788,10,32723,25.0982,1.68792
1776813396510310306,1.39239,1.16406,-0.13526,2.85198,3.73108,3.20553,10,32737,25.109,1.8406
1776813396515329344,1.39239,0.867188,-0.124521,2.70779,3.73108,3.20553,10,32748,25.1174,2.14729
1776813396520312235,1.39952,0.867188,-0.108957,3.01448,3.66295,3.07955,10,32767,25.132,2.45487
1776813396525316903,1.39952,0.648438,-0.0943833,3.1033,3.66295,3.07955,10,32780,25.1412,2.75815
1776813396530397588,1.40168,0.648438,-0.0822506,3.40659,3.21832,2.96796,10,32803,25.1596,2.76384
1776813396535346350,1.40168,-0.265625,-0.0646096,2.49822,3.21832,2.96796,10,32820,25.1726,2.76163
1776813396540318741,1.40417,-0.265625,-0.0490857,2.49601,2.49068,2.46198,10,32841,25.1887,2.91443
1776813396545317947,1.40417,-0.419922,-0.0329781,2.49451,2.49068,2.46198,10,32854,25.1987,2.91423
1776813396550315244,1.40333,-0.419922,-0.0238419,2.49431,2.15774,2.36899,10,32879,25.2179,2.91501
1776813396555402818,1.40333,-0.5625,-0.00466732,2.35251,2.15774,2.36899,10,32899,25.2332,3.06655
1776813396560334377,1.3944,-0.5625,0.00173562,2.50405,1.8501,2.23357,10,32923,25.2516,3.52328
1776813396565356285,1.3944,-0.587891,0.0201434,2.93539,1.8501,2.23357,10,32941,25.2654,3.53458
1776813396570328399,1.39309,-0.587891,0.0564155,3.24702,1.84517,2.21909,10,32978,25.2938,3.83492
1776813396575328715,1.39309,-0.587891,0.0564155,3.24702,1.84517,2.21909,10,32978,25.2938,3.83492
1776813396580316625,1.37831,-1.01367,0.0822849,2.97577,2.0414,1.96845,10,33032,25.3352,3.98945
1776813396585314460,1.37831,-1.22461,0.087654,2.76484,2.0414,1.96845,10,33058,25.3552,4.29497
1776813396590316350,1.36683,-1.22461,0.0961227,3.07036,1.96327,1.6881,10,33087,25.3774,4.44959
1776813396595365295,1.36683,-1.27148,0.118364,3.17811,1.96327,1.6881,10,33107,25.3928,4.29325
1776813396600341316,1.36079,-1.27148,0.127663,3.02177,1.55996,1.62433,10,33135,25.4142,3.98906
1776813396605327818,1.36079,-1.27148,0.149137,2.71758,1.55996,1.62433,10,33156,25.4303,4.29621
1776813396610313579,1.35462,-1.27148,0.159075,3.02472,1.55375,1.58642,10,33189,25.4556,3.98827
1776813396615346487,1.35462,-1.28906,0.184385,2.6992,1.55375,1.58642,10,33214,25.4741,3.98827
1776813396620349211,1.33184,-1.28906,0.180784,2.6992,1.49739,1.43579,10,33240,25.4948,3.98827
1776813396625328083,1.33184,-1.26562,0.200725,2.72264,1.49739,1.43579,10,33264,25.5132,3.83453
1776813396630320048,1.32895,-1.26562,0.216236,2.5689,1.58729,1.43119,10,33292,25.5346,4.13748
1776813396635318679,1.32895,-1.20508,0.237713,2.9324,1.58729,1.43119,10,33318,25.5546,3.99306
1776813396640405790,1.3107,-1.20508,0.26165,3.08855,1.63044,1.4657,10,33354,25.5822,4.29363
1776813396645342367,1.3107,-1.26562,0.267019,3.02801,1.63044,1.4657,10,33377,25.5998,3.98827
1776813396650327147,1.29478,-1.26562,0.268736,2.72264,1.51309,1.21804,10,33406,25.6221,3.98906
1776813396655301297,1.29478,-1.29883,0.290979,2.69024,1.51309,1.21804,10,33427,25.6382,4.4487
1776813396660314780,1.28559,-1.29883,0.297895,3.14987,1.61272,1.14139,10,33455,25.6597,4.29497
1776813396665381891,1.28559,-1.27148,-0.308946,3.02348,1.61272,1.14139,10,33470,25.6712,3.52751
1776813396670329579,1.27268,-1.27148,-0.310352,2.25602,2.20463,1.07559,10,33478,25.6773,2.45536
1776813396675323211,1.27268,-0.369141,-0.304216,2.08622,2.20463,1.07559,10,33464,25.6666,-1.6869
1776813396680337027,1.26265,-0.369141,0.303343,-2.05604,2.68735,1.52652,10,33454,25.6589,-1.99432
1776813396685339954,1.26265,4.78125,0.295673,2.78693,2.68735,1.52652,10,33453,25.6581,-0.613908
1776813396690328808,1.28558,4.78125,-0.310491,4.16734,1.79519,4.60697,10,33456,25.6604,0
1776813396695318680,1.28558,2.62109,-0.308189,2.62109,1.79519,4.60697,10,33463,25.6658,0.920486
1776813396700319626,1.32326,2.62109,-0.265137,3.54158,2.30073,3.61131,10,33469,25.6704,1.07405
1776813396705317239,1.32326,1.03711,-0.260536,2.11116,2.30073,3.61131,10,33478,25.6773,1.07362
1776813396710316426,1.34328,1.03711,-0.224411,2.72435,2.17596,2.70844,10,33494,25.6896,1.68724
1776813396715316446,1.34328,1.03711,-0.224411,2.72435,2.17596,2.70844,10,33494,25.6896,1.68724
1776813396720318540,1.36368,1.00586,-0.187132,2.3864,1.8537,2.81462,10,33515,25.7057,1.38054
1776813396725319912,1.36368,1.26562,-0.184831,2.64616,1.8537,2.81462,10,33523,25.7111,1.68724
1776813396730325321,1.37217,1.26562,-0.170206,2.95287,2.36171,3.14021,10,33535,25.721,1.68762
1776813396735323267,1.37217,0.998047,-0.161001,2.68567,2.36171,3.14021,10,33544,25.7279,1.84096
1776813396740331380,1.38003,0.998047,-0.146236,2.83901,3.41975,3.0357,10,33559,25.7394,1.8406
1776813396745318326,1.38003,1.09766,-0.134731,2.93826,3.41975,3.0357,10,33572,25.7494,1.99394
1776813396750321513,1.39137,1.09766,-0.113426,3.0916,4.0256,3.16147,10,33589,25.7624,2.30103
1776813396755314181,1.39137,0.65625,-0.100387,2.95728,4.0256,3.16147,10,33606,25.7755,2.75722
1776813396760307035,1.40047,0.65625,-0.0782488,3.41347,3.30799,2.96507,10,33623,25.7885,2.45831
1776813396765324221,1.40047,0.0898438,-0.0652082,2.54815,3.30799,2.96507,10,33641,25.8023,2.76146
1776813396770317353,1.404,0.0898438,-0.0478685,2.8513,2.48362,2.66361,10,33661,25.8169,2.91443
1776813396775335576,1.404,-0.363281,-0.0325296,2.55115,2.48362,2.66361,10,33679,25.8315,2.91443
1776813396780321504,1.4025,-0.363281,-0.00411586,2.70365,2.39148,2.40533,10,33705,25.8514,3.06693
1776813396785341487,1.4025,-0.363281,-0.00411586,2.70365,2.39148,2.40533,10,33705,25.8514,3.06693
1776813396790323341,1.39831,-0.417969,0.0231382,2.65019,2.01643,2.36508,10,33746,25.8829,3.06816
1776813396795330268,1.39831,-0.609375,0.0269739,2.45879,2.01643,2.36508,10,33765,25.8974,3.22049
1776813396800317862,1.39053,-0.609375,0.033766,2.61111,2.2046,2.18338,10,33788,25.9151,3.22151
1776813396805324234,1.39053,-0.695312,0.051407,2.5262,2.2046,2.18338,10,33806,25.9289,3.37419
1776813396810308810,1.38755,-0.695312,0.0622351,2.67888,1.9776,2.11629,10,33831,25.9481,3.68304
1776813396815326460,1.38755,-0.966797,0.0814096,2.71624,1.9776,2.11629,10,33854,25.9657,3.68156
1776813396820320628,1.37519,-0.966797,0.0866835,2.71477,2.0471,1.88617,10,33878,25.9841,3.68083
1776813396825327130,1.37519,-1.04297,0.105091,2.63786,2.0471,1.88617,10,33900,26.001,3.52783
1776813396830320057,1.36995,-1.04297,0.116728,2.48486,1.81363,1.81073,10,33925,26.0201,3.68083
1776813396835337373,1.36995,-1.12109,0.135903,2.55973,1.81363,1.81073,10,33950,26.0393,3.83683
1776813396840331486,1.35399,-1.12109,0.139122,2.71574,1.82758,1.6683,10,33977,26.06,3.83415
1776813396845339228,1.35399,-1.11719,0.15983,2.71696,1.82758,1.6683,10,34000,26.0777,3.83492
1776813396850329823,1.34817,-1.11719,0.192354,2.71773,1.68945,1.67053,10,34034,26.1038,3.83492
1776813396855314973,1.34817,-1.11719,0.192354,2.71773,1.68945,1.67053,10,34034,26.1038,3.83492
1776813396860354714,1.34817,-1.13672,0.197722,2.6982,1.61527,1.62351,10,34090,26.1467,4.44781
1776813396865316365,1.33089,-1.13672,0.223398,3.31109,1.61527,1.62351,10,34106,26.159,4.44921
1776813396870325663,1.33089,-1.21094,0.23567,3.23827,1.58921,1.47444,10,34147,26.1904,4.29449
1776813396875318553,1.31934,-1.21094,0.255562,3.08355,1.58921,1.47444,10,34162,26.2019,4.29583
1776813396880319407,1.31934,-1.26172,0.267067,3.03411,1.62157,1.37373,10,34203,26.2334,4.44959
1776813396885341927,1.30703,-1.26172,0.286205,3.18787,1.62157,1.37373,10,34219,26.2456,4.29497
1776813396890333317,1.30703,-1.24609,0.298477,3.04887,1.65883,1.30589,10,34259,26.2763,4.44692
1776813396895320708,1.29431,-1.24609,-0.311885,3.20083,1.65883,1.30589,10,34274,26.2878,4.14245
1776813396900329580,1.29431,-1.25391,-0.30038,2.88854,1.7041,1.22177,10,34309,26.3147,3.98865
1776813396905313082,1.28168,-1.25391,-0.286165,2.73474,1.7041,1.22177,10,34314,26.3185,3.22113
1776813396910333342,1.28168,-0.978516,-0.282331,2.24261,2.55934,1.29936,10,34300,26.3078,-0.460052
1776813396915373250,1.27102,-0.978516,-0.303726,-1.43857,2.55934,1.29936,10,34292,26.3016,-2.45241
1776813396920321475,1.27102,3.77734,-0.309862,1.32493,2.49372,3.94296,10,34291,26.3009,-0.614399
1776813396925324792,1.27102,3.77734,-0.310628,3.16294,2.49372,3.94296,10,34291,26.3009,0
1776813396930331719,1.28366,3.77734,-0.297987,3.77734,2.60928,4.0227,10,34295,26.3039,0.307145
1776813396935320925,1.28366,2.27539,-0.294918,2.58254,2.60928,4.0227,10,34307,26.3131,1.53358
1776813396940324667,1.33527,2.27539,-0.234109,3.80897,2.08318,3.48873,10,34317,26.3208,1.38054
1776813396945317224,1.33527,1.0918,-0.226442,2.47234,2.08318,3.48873,10,34329,26.33,1.6869
1776813396950319578,1.34869,1.0918,-0.203815,2.7787,2.33984,2.89697,10,34341,26.3392,1.99512
1776813396955315561,1.34869,0.939453,-0.194612,2.93457,2.33984,2.89697,10,34354,26.3492,1.68657
1776813396960418579,1.36575,0.939453,-0.167577,2.62602,2.47129,2.91498,10,34369,26.3607,2.30103
1776813396965335786,1.36575,1.01758,-0.156072,3.3186,2.47129,2.91498,10,34381,26.3699,1.99432
1776813396970321880,1.3705,1.01758,-0.142122,3.0119,2.98905,2.98859,10,34395,26.3806,1.99434
1776813396975421269,1.3705,0.546875,-0.131383,2.54122,2.98905,2.98859,10,34409,26.3914,2.14725
1776813396980344217,1.38035,0.546875,-0.110796,2.69412,3.4554,2.78045,10,34425,26.4036,2.30103
1776813396985324959,1.38035,0.357422,-0.0985237,2.65845,3.4554,2.78045,10,34441,26.4159,2.45487
1776813396990319387,1.3825,0.357422,-0.0841003,2.81229,3.15325,2.68557,10,34461,26.4313,2.76163
1776813396995333759,1.3825,-0.228516,-0.0687614,2.53311,3.15325,2.68557,10,34479,26.4451,2.76108
1776813397000323964,1.3825,-0.228516,-0.0549541,2.53256,2.38651,2.35159,10,34503,26.4635,3.06693
1776813397005320040,1.38273,-0.228516,-0.0363193,2.83842,2.38651,2.35159,10,34514,26.4719,3.06901
1776813397010319042,1.38273,-0.658203,-0.0278831,2.4108,2.08717,2.10805,10,34544,26.4949,3.06755
1776813397015332358,1.37562,-0.658203,-0.0119815,2.40934,2.08717,2.10805,10,34557,26.5049,3.22113
1776813397020324157,1.37562,-0.644531,-0.00201182,2.5766,1.58976,2.07248,10,34590,26.5302,3.52821
1776813397025356491,1.37232,-0.644531,0.019999,2.88368,1.58976,2.07248,10,34603,26.5402,3.68156
1776813397030335475,1.37232,-0.669922,0.0299706,3.01164,1.82509,2.03784,10,34637,26.5662,3.52892
1776813397035318274,1.36574,-0.669922,0.0494713,2.859,1.82509,2.03784,10,34655,26.5801,3.5268
1776813397040319201,1.36574,-0.703125,0.0632767,2.82368,2.00402,1.97866,10,34686,26.6038,3.68304
1776813397045321592,1.35889,-0.703125,0.0802064,2.97991,2.00402,1.97866,10,34700,26.6146,3.98747
1776813397050322112,1.35889,-0.845703,0.0909447,3.14177,2.11706,1.85539,10,34736,26.6422,3.83415
1776813397055298485,1.35125,-0.845703,0.110917,2.98845,2.11706,1.85539,10,34755,26.6568,3.83568
1776813397060322116,1.35125,-1.0293,0.125491,2.80639,1.9465,1.70376,10,34784,26.679,3.6823
1776813397065318248,1.34187,-1.0293,0.13835,2.653,1.9465,1.70376,10,34798,26.689,3.68083
1776813397070342453,1.34187,-1.07617,0.149088,2.60466,1.74154,1.61918,10,34833,26.7166,3.68156
1776813397075320751,1.34187,-1.07617,0.175932,2.60539,1.74154,1.61918,10,34852,26.7311,3.83492
1776813397080326734,1.32575,-1.07617,0.174384,2.75874,1.35376,1.51934,10,34882,26.7542,3.68156
1776813397085318014,1.32575,-0.992188,0.197392,2.68938,1.35376,1.51934,10,34899,26.7672,3.52892
1776813397090324423,1.31036,-0.992188,0.19504,2.53673,1.35869,1.47139,10,34923,26.7856,3.68156
1776813397095319203,1.31036,-1.00195,0.213448,2.67961,1.35869,1.47139,10,34947,26.804,3.68009
1776813397100333112,1.30525,-1.00195,0.226754,2.67814,1.30392,1.43395,10,34979,26.8286,3.83645
1776813397105309633,1.30525,-1.01562,0.251296,2.82082,1.30392,1.43395,10,34999,26.8439,3.98747
1776813397110315912,1.29049,-1.01562,0.251872,2.97184,1.45133,1.33364,10,35025,26.8638,3.98865
1776813397115316470,1.29049,-1.01172,0.271813,2.97693,1.45133,1.33364,10,35051,26.8838,3.98827
1776813397120320231,1.28543,-1.01172,0.286694,2.97655,1.30815,1.30406,10,35085,26.9099,4.14162
1776813397125322677,1.28543,-0.974609,0.312773,3.16701,1.30815,1.30406,10,35107,26.9267,4.29535
1776813397130325123,1.27049,-0.974609,-0.313615,3.32074,1.77534,1.23098,10,35137,26.9497,4.29411
1776813397135316625,1.27049,-0.955078,-0.290605,3.33903,1.77534,1.23098,10,35141,26.9528,2.9156
1776813397140320183,1.26564,-0.955078,-0.292386,1.96052,2.64001,1.21143,10,35120,26.9367,-0.766601
1776813397145315351,1.26564,4.09375,-0.308494,3.32715,2.64001,1.21143,10,35111,26.9298,-2.91423
1776813397150316686,1.26564,4.09375,0.312922,1.17952,2.3442,4.08926,10,35111,26.9298,-0.767061
1776813397155382576,1.27463,4.09375,-0.306407,3.32669,2.3442,4.08926,10,35109,26.9283,-0.306702
1776813397160361485,1.27463,2.47656,-0.307941,2.16986,2.39991,3.22429,10,35116,26.9336,0
1776813397165386987,1.33282,2.47656,-0.244376,2.47656,2.39991,3.22429,10,35122,26.9382,1.38082
1776813397170330545,1.33282,1.49023,-0.239774,2.87105,2.08428,3.02606,10,35135,26.9482,1.53358
1776813397175340177,1.34267,1.49023,-0.219957,3.02382,2.08428,3.02606,10,35144,26.9551,1.5342
1776813397180322975,1.34267,1.12305,-0.213054,2.65724,2.20735,2.87766,10,35158,26.9658,1.99393
1776813397185321644,1.36347,1.12305,-0.181518,3.11697,2.20735,2.87766,10,35164,26.9704,1.68724
1776813397190321960,1.36347,1.11719,-0.176917,2.80443,2.5538,3.0023,10,35182,26.9843,1.8406
1776813397195335573,1.36903,1.11719,-0.157548,2.95779,2.5538,3.0023,10,35190,26.9904,1.84096
1776813397200322575,1.36903,1.04688,-0.151412,2.88783,3.23368,2.9963,10,35204,27.0011,1.38054
1776813397205324503,1.3856,1.04688,-0.124103,2.42741,3.23368,2.9963,10,35212,27.0073,1.99393
1776813397210323486,1.3856,1.17188,-0.117967,3.1658,3.45284,3.16871,10,35234,27.0241,2.30149
1776813397215340988,1.39138,1.17188,-0.0953153,3.47336,3.45284,3.16871,10,35246,27.0333,2.30149
1776813397220314879,1.39138,0.234375,-0.0861104,2.53586,3.32503,2.66946,10,35267,27.0494,2.76053
1776813397225327103,1.39138,0.234375,-0.0700047,2.9949,3.32503,2.66946,10,35276,27.0564,2.45438
1776813397230325660,1.40221,-0.0527344,-0.0384648,2.55499,3.32503,2.73513,10,35299,27.074,2.60773
1776813397235339828,1.40254,-0.0527344,-0.0343049,2.55499,3.32503,2.73513,10,35317,27.0878,2.91443
1776813397240325905,1.40254,-0.490234,-0.0204995,2.42419,2.65019,2.32408,10,35339,27.1047,2.91423
1776813397245325203,1.3975,-0.490234,-0.00865678,2.42399,2.65019,2.32408,10,35353,27.1154,3.06839
1776813397250322020,1.3975,-0.443359,0.00208162,2.62503,2.09224,2.32033,10,35379,27.1354,3.22151
1776813397255312522,1.395,-0.443359,0.0195148,2.77815,2.09224,2.32033,10,35393,27.1461,2.91501
1776813397260309894,1.395,-0.474609,0.0302532,2.4404,1.98411,2.2873,10,35419,27.166,3.06778
1776813397265333951,1.39054,-0.474609,0.0457408,2.59317,1.98411,2.2873,10,35434,27.1775,3.22151
1776813397270327416,1.39054,-0.607422,0.057246,2.61409,2.1429,2.18455,10,35463,27.1998,3.37419
1776813397275320177,1.38527,-0.607422,0.0742118,2.76677,2.1429,2.18455,10,35481,27.2136,3.68083
1776813397280349030,1.38527,-0.931641,0.0880191,2.74919,2.38488,1.96766,10,35513,27.2381,3.83645
1776813397285347458,1.37375,-0.931641,0.10105,2.90481,2.38488,1.96766,10,35530,27.2512,3.83492
1776813397290331145,1.37375,-1.02148,0.114089,2.81343,2.41165,1.84622,10,35563,27.2765,3.82955
1776813397295328110,1.36852,-1.02148,0.148736,2.81804,2.16802,1.8142,10,35596,27.3018,3.83952
1776813397300314686,1.36852,-1.16211,0.159474,2.67741,2.16802,1.8142,10,35621,27.321,4.28849
1776813397305294781,1.35187,-1.16211,0.162001,3.12638,2.16802,1.8142,10,35643,27.3378,4.30013
1776813397310309560,1.35187,-1.15625,0.178876,3.14388,1.70825,1.63519,10,35671,27.3593,4.13831
1776813397315342895,1.34619,-1.15625,0.194672,2.98206,1.70825,1.63519,10,35690,27.3739,3.99424
1776813397320331934,1.34619,-1.13867,0.209246,2.85557,1.47116,1.61022,10,35726,27.4015,4.14162
1776813397325315344,1.32941,-1.13867,0.220072,3.00295,1.47116,1.61022,10,35746,27.4168,4.29411
1776813397330318512,1.32941,-1.17578,0.235411,3.11833,1.35947,1.48526,10,35781,27.4437,4.29535
1776813397335318088,1.32332,-1.17578,0.256167,3.11957,1.35947,1.48526,10,35800,27.4583,4.14245
1776813397340329867,1.32332,-1.27148,0.270739,2.87096,1.37933,1.39289,10,35835,27.4851,3.98865
1776813397345326721,1.30527,-1.27148,0.279538,2.71716,1.37933,1.39289,10,35855,27.5004,4.29497
1776813397350313946,1.30527,-1.2832,0.294877,3.01176,1.33738,1.27374,10,35890,27.5273,4.29325
1776813397355290244,1.29827,-1.2832,-0.313594,3.01005,1.33738,1.27374,10,35909,27.5419,4.14283
1776813397360313560,1.29827,-1.27539,-0.29902,2.86744,1.37389,1.2344,10,35936,27.5626,3.6823
1776813397365312784,1.27977,-1.27539,-0.293752,0.718552,1.73163,1.1181,10,35937,27.5633,1.99394
1776813397370316064,1.27977,0.902344,-0.296054,2.89629,1.73163,1.1181,10,35926,27.5549,-0.919737
1776813397375313807,1.27347,0.902344,-0.310782,-0.0173934,1.73163,1.1181,10,35917,27.548,-1.99472
1776813397380321123,1.27347,4.6582,0.310633,2.66348,2.41653,4.46055,10,35917,27.548,-0.460052
1776813397385312996,1.30889,4.6582,-0.282269,4.19815,2.41653,4.46055,10,35917,27.548,0
1776813397390415921,1.30889,2.92188,-0.282269,2.92188,2.04723,3.69324,10,35925,27.5541,0.306824
1776813397395364665,1.32842,2.92188,-0.256598,3.2287,2.04723,3.69324,10,35933,27.5603,1.68724
1776813397400350148,1.32842,1.11914,-0.250463,2.80638,2.51476,2.78726,10,35945,27.5695,1.38026
1776813397405380390,1.35584,1.11914,-0.213845,2.4994,2.51476,2.78726,10,35954,27.5764,1.84097
1776813397410334375,1.35584,1.53906,-0.206943,3.38004,2.05465,3.19593,10,35969,27.5879,1.84059
1776813397415319951,1.36317,1.53906,-0.1881,3.37965,2.05465,3.19593,10,35979,27.5955,1.84097
1776813397420389173,1.36317,1.1543,-0.18043,2.99527,2.05175,3.02166,10,35997,27.6094,2.29873
1776813397425331769,1.37888,1.1543,-0.15092,3.45302,2.05175,3.02166,10,36006,27.6163,1.99634
1776813397430371029,1.37888,0.722656,-0.144017,2.71899,2.59175,2.87168,10,36022,27.6285,1.99432
1776813397435330347,1.37888,0.722656,-0.131745,2.71698,2.59175,2.87168,10,36035,27.6385,1.83986
1776813397440317164,1.38394,0.722656,-0.116715,2.56251,3.31555,2.90253,10,36050,27.65,2.14853
1776813397445344461,1.38394,0.564453,-0.10521,2.71299,3.31555,2.90253,10,36068,27.6638,2.14767
1776813397450340889,1.39995,0.564453,-0.0753908,2.71213,3.82779,2.90961,10,36084,27.6761,2.76053
1776813397455348335,1.39995,-0.0175781,-0.0631189,2.74295,3.82779,2.90961,10,36102,27.6899,2.76108
1776813397460313857,1.40231,-0.0175781,-0.046956,2.7435,3.23864,2.59212,10,36125,27.7075,3.22216
1776813397465324803,1.40231,-0.320312,-0.0293169,2.90184,3.23864,2.59212,10,36145,27.7229,3.37419
1776813397470318675,1.40149,-0.320312,-0.0147905,3.05388,2.7103,2.41463,10,36169,27.7413,3.37381
1776813397475323899,1.40149,-0.617188,0.00361729,2.75662,2.7103,2.41463,10,36189,27.7566,3.37621
1776813397480329567,1.39353,-0.617188,0.0109968,2.75903,2.28193,2.19715,10,36213,27.775,3.22087
1776813397485329180,1.39353,-0.644531,0.0294027,2.57634,2.28193,2.19715,10,36234,27.7911,3.52892
1776813397490319664,1.39039,-0.644531,0.0423651,2.88439,2.1085,2.16246,10,36260,27.8111,3.68009
1776813397495323980,1.39039,-0.791016,0.0623064,2.88908,2.1085,2.16246,10,36282,27.8279,3.6823
1776813397500319186,1.38001,-0.791016,0.0688009,2.89128,1.90778,2.01577,10,36308,27.8479,3.67971
1776813397505332632,1.38001,-0.871094,0.0887423,2.80862,1.90778,2.01577,10,36330,27.8648,3.52963
1776813397510320690,1.38001,-0.871094,0.105617,2.65853,1.9912,1.97013,10,36357,27.8855,3.83492
1776813397515324877,1.3759,-0.871094,0.12222,2.96382,1.9912,1.97013,10,36381,27.9039,3.8353
1776813397520317101,1.3759,-1.07617,0.140628,2.75912,2.03072,1.82819,10,36408,27.9246,3.98827
1776813397525321936,1.36118,-1.07617,0.146615,2.91209,2.03072,1.82819,10,36427,27.9392,3.98906
1776813397530321030,1.36118,-1.23047,0.161189,2.75859,1.87325,1.65012,10,36459,27.9637,3.83415
1776813397535325347,1.34983,-1.23047,0.174382,2.60368,1.87325,1.65012,10,36478,27.9783,3.98906
1776813397540320386,1.34983,-1.30469,0.188954,2.68438,1.72671,1.53803,10,36513,28.0051,4.13786
1776813397545320351,1.33177,-1.30469,0.197734,2.83317,1.72671,1.53803,10,36532,28.0197,4.14576
1776813397550318871,1.33177,-1.27344,0.212308,2.87232,1.55671,1.44422,10,36566,28.0458,4.13665
1776813397555325817,1.32407,-1.27344,0.230683,2.86322,1.55671,1.44422,10,36586,28.0611,4.14698
1776813397560314856,1.32407,-1.27148,0.246024,2.87549,1.51913,1.39755,10,36623,28.0895,4.29325
1776813397565325951,1.31141,-1.27148,0.261752,3.02177,1.51913,1.39755,10,36645,28.1064,4.60297
1776813397570316305,1.31141,-1.33008,0.278626,3.27289,1.42647,1.28539,10,36684,28.1363,4.7554
1776813397575323714,1.29311,-1.33008,0.290231,3.42532,1.42647,1.28539,10,36705,28.1524,4.44832
1776813397580318456,1.29311,-1.34375,0.306336,3.10457,1.39575,1.16304,10,36743,28.1815,4.60297
1776813397585318680,1.29311,-1.34375,-0.292836,3.25922,1.39575,1.16304,10,36762,28.1961,4.44781
1776813397590320904,1.28519,-1.34375,-0.286179,3.10406,1.57094,1.1133,10,36776,28.2068,2.76163
1776813397595365961,1.28519,-0.00390625,-0.275441,2.75772,1.57094,1.1133,10,36763,28.1969,-0.30664
1776813397600340519,1.26353,-0.00390625,-0.307076,-0.310547,2.21487,1.74024,10,36753,28.1892,-2.45438
1776813397605319577,1.26353,4.90234,0.313573,2.44797,2.21487,1.74024,10,36752,28.1884,-0.460434
1776813397610313449,1.29266,4.90234,-0.286385,4.44191,2.64382,4.72048,10,36752,28.1884,-0.15332
1776813397615327080,1.29266,2.51758,-0.286385,2.36426,2.64382,4.72048,10,36757,28.1923,0
1776813397620336008,1.32858,2.51758,-0.246627,2.51758,1.99671,3.58532,10,36771,28.203,1.84171
1776813397625318806,1.32858,0.873047,-0.23589,2.71476,1.99671,3.58532,10,36780,28.2099,1.6869
1776813397630327326,1.34282,0.873047,-0.214745,2.55995,2.33888,2.73607,10,36794,28.2206,1.68724
1776813397635317921,1.34282,1.04297,-0.204009,2.73021,2.33888,2.73607,10,36805,28.2291,1.99472
1776813397640404014,1.35626,1.04297,-0.182128,3.03769,2.16543,2.91575,10,36818,28.2391,1.84022
1776813397645340091,1.35626,1.13281,-0.172158,2.97304,2.16543,2.91575,10,36830,28.2483,1.99393
1776813397650323112,1.36522,1.13281,-0.153992,3.12674,2.10812,3.02196,10,36841,28.2567,1.84096
1776813397655297355,1.36522,0.839844,-0.145556,2.6808,2.10812,3.02196,10,36852,28.2651,1.53427
1776813397660340004,1.36522,0.839844,-0.13712,2.37411,2.78367,2.85497,10,36867,28.2766,1.99434
1776813397665319988,1.37387,0.839844,-0.116971,2.83418,2.78367,2.85497,10,36877,28.2843,2.14725
1776813397670460098,1.37387,0.457031,-0.109299,2.60428,3.62556,2.68967,10,36898,28.2996,2.30103
1776813397675413637,1.38549,0.457031,-0.0815742,2.75806,3.62556,2.68967,10,36910,28.3096,2.60721
1776813397680356548,1.38549,0.214844,-0.0723693,2.82205,3.38043,2.62249,10,36933,28.3273,2.76163
1776813397685319236,1.38698,0.214844,-0.0532329,2.97647,3.38043,2.62249,10,36950,28.3403,2.76053
1776813397690318534,1.38698,-0.476562,-0.0401943,2.28396,2.99054,2.23749,10,36969,28.3549,2.76256
1776813397695333776,1.38486,-0.476562,-0.0277412,2.286,2.99054,2.23749,10,36984,28.3664,2.91443
1776813397700320927,1.38486,-0.558594,-0.0162361,2.35583,2.18839,2.17783,10,37010,28.3863,3.06816
1776813397705315373,1.38238,-0.558594,0.00122573,2.50957,2.18839,2.17783,10,37025,28.3978,3.22049
1776813397710326152,1.38238,-0.533203,0.0127309,2.68728,1.89208,2.17721,10,37051,28.4178,3.22087
1776813397715324321,1.37432,-0.533203,0.0246041,2.68766,1.89208,2.17721,10,37067,28.43,3.22113
1776813397720320860,1.37432,-0.515625,0.036876,2.70551,1.65158,2.138,10,37094,28.4507,3.2228
1776813397725338417,1.37169,-0.515625,0.0549615,2.70718,1.65158,2.138,10,37111,28.4638,3.37419
1776813397730327549,1.37169,-0.71875,0.0680001,2.65544,1.88061,2.00618,10,37142,28.4876,3.83568
1776813397735320069,1.37169,-0.71875,0.0917771,3.11693,1.88061,2.00618,10,37161,28.5021,3.83492
1776813397740318960,1.36251,-0.71875,0.0971673,3.11617,2.12846,1.94993,10,37190,28.5244,3.98747
1776813397745343202,1.36251,-0.984375,0.119409,3.00309,2.12846,1.94993,10,37218,28.5458,3.98508
1776813397750323426,1.34965,-0.984375,0.128028,3.0007,2.19808,1.71948,10,37245,28.5666,3.83799
1776813397755301855,1.34965,-1.0332,0.148736,2.80478,2.19808,1.71948,10,37269,28.585,3.98865
1776813397760308060,1.33962,-1.0332,0.157113,2.95544,2.02302,1.62975,10,37291,28.6018,3.83568
1776813397765312599,1.33962,-0.994141,0.173988,2.84154,2.02302,1.62975,10,37319,28.6233,3.83492
1776813397770316027,1.32933,-0.994141,0.185172,2.84077,1.67264,1.58831,10,37344,28.6425,3.83262
1776813397775322473,1.32933,-0.962891,0.204347,2.86972,1.67264,1.58831,10,37367,28.6601,3.53033
1776813397780320289,1.3197,-0.962891,0.212363,2.56744,1.39083,1.54633,10,37389,28.677,3.83415
1776813397785327624,1.3197,-1.00977,0.229238,2.82438,1.39083,1.54633,10,37418,28.6992,3.98906
1776813397790317015,1.30981,-1.00977,0.241586,2.9793,1.43403,1.45795,10,37446,28.7207,3.98747
1776813397795330498,1.30981,-1.07422,0.263061,2.91325,1.43403,1.45795,10,37470,28.7391,3.98307
1776813397800320538,1.29963,-1.07422,0.271289,2.90885,1.34302,1.35756,10,37492,28.756,3.84106
1776813397805300169,1.29963,-1.11523,0.288163,2.72583,1.34302,1.35756,10,37523,28.7798,4.13665
1776813397810308393,1.29963,-1.11523,0.31194,3.02142,1.48633,1.33418,10,37552,28.802,4.14659
1776813397815339950,1.28839,-1.11523,-0.305371,3.03136,1.48633,1.33418,10,37571,28.8166,4.29535
1776813397820407487,1.28839,-1.05859,-0.290799,3.23676,1.46304,1.29599,10,37588,28.8296,3.06778
1776813397825348898,1.27202,-1.05859,-0.294131,2.00919,1.46304,1.29599,10,37582,28.825,0.307022
1776813397830322567,1.27202,-0.361328,-0.298733,-0.0543064,2.21507,1.59026,10,37565,28.812,-2.60759
1776813397835332624,1.26859,-0.361328,0.31311,-2.96892,2.21507,1.59026,10,37562,28.8097,-1.07389
1776813397840326478,1.26859,4.41016,0.310807,3.33627,2.7122,4.28827,10,37561,28.8089,-0.307022
1776813397845320239,1.31429,4.41016,-0.272576,4.10313,2.7122,4.28827,10,37562,28.8097,0
1776813397850423869,1.31429,2.64062,-0.271809,2.64062,2.33284,3.5666,10,37574,28.8189,1.07362
1776813397855320058,1.33179,2.64062,-0.245099,3.71425,2.33284,3.5666,10,37581,28.8243,1.68796
1776813397860323949,1.33179,1.4043,-0.239729,3.09226,2.19435,2.97069,10,37594,28.8342,1.38026
1776813397865331247,1.35786,1.4043,-0.20369,2.78456,2.19435,2.97069,10,37604,28.8419,1.84059
1776813397870351100,1.35786,1.45703,-0.196019,3.29762,2.15466,3.16161,10,37618,28.8526,1.84097
1776813397875321750,1.36485,1.45703,-0.178299,3.298,2.15466,3.16161,10,37628,28.8603,1.84096
1776813397880325919,1.36485,1.01953,-0.170628,2.86049,2.36631,2.95509,10,37645,28.8734,2.30057
1776813397885320791,1.36485,1.01953,-0.157589,3.3201,2.36631,2.95509,10,37654,28.8803,1.84096
1776813397890334052,1.38187,1.01953,-0.133664,2.86049,2.73482,3.05914,10,37670,28.8925,1.99432
1776813397895328906,1.38187,0.847656,-0.121392,2.84198,2.73482,3.05914,10,37687,28.9056,2.45438
1776813397900322667,1.39543,0.847656,-0.0947938,3.30203,3.40574,3.04362,10,37704,28.9186,2.30103
1776813397905314391,1.39543,0.376953,-0.0817551,2.67798,3.40574,3.04362,10,37721,28.9316,2.60773
1776813397910312875,1.40143,0.376953,-0.0627179,2.98468,3.62305,2.81167,10,37740,28.9462,2.60721
1776813397915319710,1.40143,-0.138672,-0.0481458,2.46853,3.62305,2.81167,10,37758,28.96,2.91501
1776813397920325860,1.40279,-0.138672,-0.0329747,2.77634,3.29434,2.52602,10,37781,28.9777,3.22151
1776813397925321417,1.40279,-0.599609,-0.0153336,2.6219,3.29434,2.52602,10,37801,28.993,3.22087
1776813397930390806,1.39917,-0.599609,-0.00362061,2.62126,2.44863,2.24133,10,37825,29.0114,3.52751
1776813397935328661,1.39917,-0.691406,0.0147872,2.8361,2.44863,2.24133,10,37844,29.026,3.22242
1776813397940320737,1.39235,-0.691406,0.0225406,2.53101,2.1575,2.14764,10,37867,29.0436,3.22151
1776813397945342146,1.39235,-0.736328,0.0401817,2.48518,2.1575,2.14764,10,37887,29.059,3.22113
1776813397950329352,1.38887,-0.736328,0.0520492,2.4848,1.74229,2.10093,10,37912,29.0781,3.52751
1776813397955320113,1.38887,-0.767578,0.0712238,2.75993,1.74229,2.10093,10,37933,29.0942,3.52821
1776813397960310412,1.38887,-0.767578,0.0873294,2.76064,1.75753,2.08311,10,37958,29.1134,3.68156
1776813397965329339,1.378,-0.767578,0.0956321,2.91399,1.75753,2.08311,10,37976,29.1272,3.52892
1776813397970318415,1.378,-0.908203,0.109439,2.62072,1.9604,1.93674,10,38007,29.151,3.68009
1776813397975339750,1.36965,-0.908203,0.12486,2.77189,1.9604,1.93674,10,38032,29.1702,3.98906
1776813397980321900,1.36965,-1.13086,0.144035,2.8582,2.08117,1.75876,10,38061,29.1924,4.14245
1776813397985324143,1.35454,-1.13086,0.151172,3.01159,2.08117,1.75876,10,38081,29.2078,4.14034
1776813397990312793,1.35454,-1.19922,0.166513,2.94112,1.98799,1.62713,10,38108,29.2285,4.13831
1776813397995334813,1.34873,-1.19922,0.181406,2.93909,1.98799,1.62713,10,38134,29.2484,3.99226
1776813398000324963,1.34873,-1.2832,0.201347,2.70906,1.90446,1.54346,10,38170,29.276,4.29535
1776813398005300188,1.32967,-1.2832,0.209909,3.01215,1.90446,1.54346,10,38191,29.2921,4.44921
1776813398010314486,1.32967,-1.24023,0.226015,3.20897,1.71272,1.45017,10,38226,29.319,4.29535
1776813398015313247,1.32371,-1.24023,0.2469,3.05511,1.71272,1.45017,10,38252,29.3389,4.29497
1776813398020317138,1.32371,-1.23438,0.266841,3.06059,1.63444,1.41652,10,38288,29.3665,4.29535
1776813398025318122,1.30516,-1.23438,0.275894,3.06097,1.63444,1.41652,10,38311,29.3842,4.29325
1776813398030321605,1.30516,-1.25391,0.293537,3.03934,1.44955,1.28972,10,38340,29.4064,4.59837
1776813398035314885,1.30516,-1.25391,-0.312538,3.34447,1.44955,1.28972,10,38359,29.421,4.14576
1776813398040317591,1.29244,-1.25391,-0.310679,2.89186,1.39128,1.21009,10,38388,29.4432,4.14283
1776813398045314908,1.29244,-1.2832,-0.288435,2.85962,1.39128,1.21009,10,38407,29.4578,3.52713
1776813398050321169,1.2798,-1.2832,-0.286507,2.24392,1.17545,1.11387,10,38402,29.454,0.920671
1776813398055303783,1.2798,0.908203,-0.290343,1.82887,1.17545,1.11387,10,38388,29.4432,-2.14682
1776813398060322173,1.26776,0.908203,-0.313124,-1.23861,2.31088,2.28691,10,38385,29.4409,-1.22719
1776813398065314027,1.26776,4.66406,0.312892,3.43687,2.31088,2.28691,10,38384,29.4402,-0.153351
1776813398070311918,1.27949,4.66406,-0.304457,4.51071,2.65416,4.50186,10,38385,29.4409,-0.153412
1776813398075312606,1.27949,2.28125,-0.30369,2.12784,2.65416,4.50186,10,38399,29.4517,1.37833
1776813398080326181,1.33893,2.28125,-0.233511,3.65958,2.28448,3.51475,10,38410,29.4601,1.68999
1776813398085316110,1.33893,1.12109,-0.225075,2.81108,2.28448,3.51475,10,38422,29.4693,1.68758
1776813398090316612,1.35212,1.12109,-0.202687,2.80867,2.04373,2.93479,10,38437,29.4808,2.14725
1776813398095315577,1.35212,0.669922,-0.191181,2.81717,2.04373,2.93479,10,38448,29.4892,1.99394
1776813398100320708,1.3633,0.669922,-0.171559,2.66386,2.23442,2.74635,10,38460,29.4985,1.99432
1776813398105295304,1.3633,0.941406,-0.162354,2.93573,2.23442,2.74635,10,38471,29.5069,1.99472
1776813398110322805,1.3633,0.941406,-0.153918,2.93613,2.13494,2.9011,10,38481,29.5146,1.38026
1776813398115326714,1.36656,0.941406,-0.142994,2.32167,2.13494,2.9011,10,38492,29.523,1.84059
1776813398120317902,1.36656,1,-0.134556,2.84059,2.29181,2.95445,10,38509,29.536,1.84097
1776813398125330385,1.3804,1,-0.107678,2.84097,2.29181,2.95445,10,38520,29.5445,2.14729
1776813398130341109,1.3804,0.611328,-0.0992414,2.75862,3.27409,2.81748,10,38541,29.5606,2.60811
1776813398135320149,1.39342,0.611328,-0.0701124,3.21944,3.27409,2.81748,10,38555,29.5713,2.76163
1776813398140316707,1.39342,0.300781,-0.0593759,3.06241,3.4984,2.71969,10,38581,29.5913,2.91326
1776813398145314079,1.39557,0.300781,-0.0372793,3.21404,3.4984,2.71969,10,38596,29.6028,3.2228
1776813398150312785,1.39557,-0.591797,-0.0257761,2.631,2.69158,2.22399,10,38623,29.6235,3.22113
1776813398155309417,1.39347,-0.591797,-0.00716607,2.62933,2.69158,2.22399,10,38639,29.6357,3.37419
1776813398160308363,1.39347,-0.695312,0.00510579,2.67888,2.37132,2.15224,10,38668,29.658,3.52821
1776813398165322569,1.39034,-0.695312,0.0242155,2.8329,2.37132,2.15224,10,38685,29.671,3.37419
1776813398170331052,1.39034,-0.636719,0.0372561,2.73747,1.70695,2.16663,10,38715,29.694,3.6823
1776813398175345146,1.38027,-0.636719,0.0501955,3.04558,1.70695,2.16663,10,38731,29.7063,3.52783
1776813398180322797,1.38027,-0.628906,0.0624674,2.89893,1.87736,2.10979,10,38761,29.7293,3.52892
1776813398185473388,1.38027,-0.628906,0.0854776,2.90001,1.87736,2.10979,10,38783,29.7462,3.52821
1776813398190346486,1.37714,-0.628906,0.0992239,2.89931,2.00365,2.0907,10,38811,29.7677,3.83415
1776813398195340377,1.37714,-0.628906,0.0992239,2.89931,2.00365,2.0907,10,38811,29.7677,3.83415
1776813398200331435,1.35868,-1.04297,0.136753,2.94648,2.22365,1.85468,10,38867,29.8106,3.98945
1776813398205308919,1.35868,-1.13281,0.145189,2.85663,2.22365,1.85468,10,38884,29.8237,3.83108
1776813398210310550,1.35187,-1.13281,0.151415,2.69827,2.39448,1.64854,10,38906,29.8405,3.83415
1776813398215320700,1.35187,-1.23633,0.168289,2.59782,2.39448,1.64854,10,38936,29.8635,3.98667
1776813398220327369,1.33979,-1.23633,0.179222,2.75034,2.13257,1.51503,10,38965,29.8858,3.99546
1776813398225332297,1.33979,-1.25391,0.201464,2.74155,2.13257,1.51503,10,38988,29.9034,3.98785
1776813398230316892,1.32741,-1.25391,0.206718,2.73394,1.73916,1.42831,10,39011,29.9211,3.98906
1776813398235314839,1.32741,-1.24609,0.224359,2.74297,1.73916,1.42831,10,39041,29.9441,3.98747
1776813398240315637,1.31492,-1.24609,0.234882,2.74137,1.31621,1.35511,10,39073,29.9686,4.29497
1776813398245324991,1.31492,-1.30078,0.259426,2.99419,1.31621,1.35511,10,39105,29.9932,4.4487
1776813398250404250,1.30232,-1.30078,0.27137,3.14792,1.10984,1.24525,10,39129,30.0116,4.29449
1776813398255328161,1.30232,-1.30273,0.289778,2.99176,1.10984,1.24525,10,39156,30.0323,4.29583
1776813398260319164,1.2893,-1.30273,-0.311672,3.2984,1.04888,1.24414,10,39196,30.063,4.60113
1776813398265389849,1.2893,-1.28125,-0.300167,3.31988,1.04888,1.24414,10,39222,30.0829,4.75635
1776813398270358056,1.27637,-1.28125,-0.293157,3.4751,0.998583,1.09336,10,39239,30.0959,4.29497
1776813398275326633,1.27637,-1.10742,-0.280119,3.18755,0.998583,1.09336,10,39239,30.0959,1.84097
1776813398280338005,1.26449,-1.10742,-0.292005,0.733551,1.49608,1.11731,10,39220,30.0814,-2.45438
1776813398285333600,1.26449,3.65039,-0.306578,1.19601,1.49608,1.11731,10,39214,30.0768,-1.8406
1776813398290325398,1.27191,3.65039,-0.303757,1.80979,2.61595,3.87621,10,39214,30.0768,0
1776813398295319049,1.27191,3.36133,-0.303757,3.36133,2.61595,3.87621,10,39214,30.0768,-0.153351
1776813398300337087,1.31524,3.36133,-0.260427,3.20798,1.92712,3.98333,10,39224,30.0844,0.460052
1776813398305301460,1.31524,1.50195,-0.252758,1.96201,1.92712,3.98333,10,39235,30.0929,2.30057
1776813398310313240,1.33905,1.50195,-0.220509,3.80252,2.56613,3.07127,10,39244,30.0998,1.38082
1776813398315319742,1.33905,1.64062,-0.213606,3.02144,2.56613,3.07127,10,39260,30.112,1.99472
1776813398320317263,1.35187,1.64062,-0.188513,3.63535,2.10663,3.22941,10,39270,30.1197,1.99354
1776813398325314876,1.35187,0.875,-0.180843,2.86854,2.10663,3.22941,10,39284,30.1305,1.84134
1776813398330324970,1.35187,0.875,-0.170105,2.71634,2.05335,2.79301,10,39296,30.1397,1.84059
1776813398335309047,1.36341,0.875,-0.149364,2.71559,2.05335,2.79301,10,39303,30.145,1.53427
1776813398340320160,1.36341,0.982422,-0.143995,2.51669,2.52117,2.92512,10,39318,30.1565,1.68657
1776813398345313514,1.37827,0.982422,-0.117632,2.66899,2.52117,2.92512,10,39328,30.1642,1.99472
1776813398350326182,1.37827,1.2207,-0.109962,3.21543,3.05782,3.15184,10,39347,30.1788,2.30149
1776813398355291037,1.38188,1.2207,-0.0917796,3.52219,3.05782,3.15184,10,39359,30.188,2.29972
1776813398360309428,1.38188,0.3125,-0.0825767,2.61222,3.70794,2.65617,10,39380,30.2041,2.60825
1776813398365319559,1.39526,0.3125,-0.0530852,2.92075,3.70794,2.65617,10,39393,30.2141,2.60811
1776813398370315080,1.39526,-0.0117188,-0.0431155,2.59639,3.18689,2.55274,10,39417,30.2325,2.91501
1776813398375316008,1.39592,-0.0117188,-0.0240478,2.90329,3.18689,2.55274,10,39433,30.2447,3.06717
1776813398380316176,1.39592,-0.552734,-0.0117759,2.51443,2.45372,2.24836,10,39459,30.2647,3.06755
1776813398385342233,1.39063,-0.552734,0.00287254,2.51481,2.45372,2.24836,10,39474,30.2762,3.22242
1776813398390316829,1.39063,-0.511719,0.0143777,2.7107,1.98822,2.23961,10,39500,30.2961,3.22022
1776813398395322220,1.38897,-0.511719,0.0326672,2.70851,1.98822,2.23961,10,39515,30.3076,3.06877
1776813398400319648,1.38897,-0.570312,0.0441724,2.49846,1.99229,2.19617,10,39543,30.3291,3.22177
1776813398405302224,1.38897,-0.570312,0.0656491,2.65146,1.99229,2.19617,10,39559,30.3414,3.52821
1776813398410311189,1.37996,-0.570312,0.068903,2.9579,2.15857,2.14126,10,39586,30.3621,3.82879
1776813398415321506,1.37996,-0.808594,0.0896111,3.0202,2.15857,2.14126,10,39615,30.3843,3.84106
1776813398420316008,1.36965,-0.808594,0.101551,3.03247,2.16978,1.9425,10,39636,30.4004,3.68083
1776813398425314806,1.36965,-1.00781,0.117657,2.67302,2.16978,1.9425,10,39660,30.4188,3.83492
1776813398430316290,1.36036,-1.00781,0.126772,2.8271,2.1737,1.77199,10,39689,30.4411,4.142
1776813398435325569,1.36036,-1.16992,0.149016,2.97208,2.1737,1.77199,10,39721,30.4656,4.29583
1776813398440423884,1.34933,-1.16992,0.162533,3.12591,1.91006,1.61178,10,39751,30.4886,4.29535
1776813398445328962,1.34933,-1.19531,0.185543,3.10004,1.91006,1.61178,10,39774,30.5063,3.98747
1776813398450315224,1.34368,-1.19531,0.197529,2.79216,1.50614,1.56244,10,39797,30.5239,4.14162
1776813398455300449,1.34368,-1.17969,0.215172,2.96193,1.50614,1.56244,10,39829,30.5485,4.2902
1776813398460311062,1.32549,-1.17969,0.22152,3.11051,1.53364,1.4587,10,39854,30.5676,4.30099
1776813398465336600,1.32549,-1.19336,0.240694,3.10763,1.53364,1.4587,10,39884,30.5906,4.29535
1776813398470317010,1.32213,-1.19336,0.260349,3.10199,1.58755,1.43006,10,39913,30.6129,3.98747
1776813398475315512,1.32213,-1.26953,0.282593,2.71794,1.58755,1.43006,10,39938,30.6321,4.14162
1776813398480325607,1.30158,-1.26953,0.30039,3.02582,1.45436,1.38664,10,39977,30.662,4.29535
1776813398485316127,1.30158,-1.32422,0.311129,2.97113,1.45436,1.38664,10,40002,30.6812,4.59891
1776813398490313111,1.28462,-1.32422,0.313343,3.27469,1.47909,1.12083,10,40025,30.6988,4.14531
1776813398495322205,1.28462,-1.32617,-0.297336,2.81914,1.47909,1.12083,10,40043,30.7126,3.83415
1776813398500312226,1.27563,-1.32617,-0.292522,2.50798,1.45201,1.06305,10,40047,30.7157,1.38082
1776813398505297636,1.27563,-1.31641,-0.289455,0.0644088,1.45201,1.06305,10,40040,30.7103,-0.613662
1776813398510311638,1.27156,-1.31641,-0.298891,-1.93007,2.07631,1.04293,10,40032,30.7042,-0.920289
1776813398515313436,1.27156,5.05469,-0.305027,4.1344,2.07631,1.04293,10,40026,30.6996,-0.767136
1776813398520325216,1.28521,5.05469,-0.295974,4.28755,2.57803,4.76055,10,40029,30.7019,-0.15332
1776813398525316977,1.28521,4.03711,-0.293674,3.88379,2.57803,4.76055,10,40035,30.7065,0.766601
1776813398530315109,1.2985,4.03711,-0.275785,4.80371,1.50747,4.26394,10,40044,30.7134,1.22743
1776813398535313241,1.2985,0.966797,-0.268882,2.19423,1.50747,4.26394,10,40056,30.7226,1.53427
1776813398540328261,1.34247,0.966797,-0.215706,2.50107,2.16299,2.78738,10,40066,30.7302,1.53358
1776813398545317726,1.34247,1.58789,-0.208034,3.12147,2.16299,2.78738,10,40077,30.7387,1.99512
1776813398550313747,1.34247,1.58789,-0.199598,3.58301,2.15237,3.14141,10,40089,30.7479,1.68657
1776813398555321064,1.34603,1.58789,-0.186836,3.27446,2.15237,3.14141,10,40101,30.7571,1.84096
1776813398560322269,1.34603,1.39648,-0.177631,3.23744,2.03819,3.05427,10,40117,30.7694,1.99472
1776813398565316309,1.36968,1.39648,-0.14171,3.39121,2.03819,3.05427,10,40126,30.7763,1.84059
1776813398570317459,1.36968,1.14844,-0.134807,2.98903,2.69911,3.05818,10,40142,30.7885,1.99393
1776813398575318535,1.3865,1.14844,-0.105716,3.14236,2.69911,3.05818,10,40152,30.7962,1.99432
1776813398580319815,1.3893,0.857422,-0.0822064,3.3118,3.7577,2.99494,10,40177,30.8154,2.45438
1776813398585316613,1.3893,0.117188,-0.0760705,2.57156,3.7577,2.99494,10,40194,30.8284,2.60773
1776813398590318412,1.39872,0.117188,-0.0536114,2.72491,3.84584,2.64722,10,40211,30.8415,2.91501
1776813398595359024,1.39872,-0.115234,-0.0405709,2.79978,3.84584,2.64722,10,40232,30.8576,3.22022
1776813398600336230,1.39874,-0.115234,-0.0244462,3.10499,3.37024,2.51485,10,40251,30.8721,3.37516
1776813398605334769,1.39874,-0.392578,-0.00987403,2.98258,3.37024,2.51485,10,40275,30.8905,3.37486
1776813398610320716,1.39791,-0.392578,0.00770602,2.98228,2.41758,2.35175,10,40299,30.9089,3.37419
1776813398615337792,1.39791,-0.732422,0.0261138,2.64177,2.41758,2.35175,10,40325,30.9289,3.37554
1776813398620322683,1.39791,-0.732422,0.0460571,2.64312,2.02839,2.15804,10,40345,30.9435,3.52821
1776813398625321630,1.38975,-0.732422,0.0532363,2.79579,2.02839,2.15804,10,40362,30.9573,3.52854
1776813398630346779,1.38975,-0.703125,0.066275,2.82541,1.59451,2.12521,10,40395,30.9826,3.52751
1776813398635330411,1.38266,-0.703125,0.084494,2.82438,1.59451,2.12521,10,40413,30.9964,3.52892
1776813398640315192,1.38266,-0.880859,0.0983013,2.64806,1.78323,1.98075,10,40443,31.0194,3.52821
1776813398645317083,1.37114,-0.880859,0.109785,2.64735,1.78323,1.98075,10,40463,31.034,3.83338
1776813398650316066,1.37114,-0.980469,0.125126,2.85291,1.97709,1.85362,10,40489,31.0547,3.98986
1776813398655293346,1.36654,-0.980469,0.140469,3.00939,1.97709,1.85362,10,40508,31.0692,3.98349
1776813398660306552,1.36654,-1.20703,0.155041,2.77645,1.9929,1.69634,10,40540,31.0938,3.8399
1776813398665326887,1.35546,-1.20703,0.168503,2.63287,1.9929,1.69634,10,40558,31.1076,3.83415
1776813398670316408,1.35546,-1.28906,0.18231,2.54509,1.9252,1.58156,10,40592,31.1337,3.98747
1776813398675327687,1.34318,-1.28906,0.196104,2.69841,1.9252,1.58156,10,40611,31.1482,4.14245
1776813398680384707,1.34318,-1.22461,0.210677,2.91784,1.71106,1.54262,10,40646,31.1751,4.142
1776813398685367413,1.33047,-1.22461,0.224816,2.91739,1.71106,1.54262,10,40665,31.1897,4.14245
1776813398690388155,1.33047,-1.15234,0.23939,2.9901,1.73441,1.5052,10,40702,31.218,4.14162
1776813398695359917,1.33047,-1.15234,0.267767,2.98927,1.73441,1.5052,10,40723,31.2341,4.44781
1776813398700348660,1.31891,-1.15234,0.272316,3.29547,1.53421,1.43341,10,40755,31.2587,4.60297
1776813398705298719,1.31891,-1.15234,0.272316,3.29547,1.53421,1.43341,10,40755,31.2587,4.60297
1776813398710452069,1.29817,-1.20703,-0.309245,3.08918,1.21453,1.40223,10,40825,31.3124,4.29621
1776813398715341222,1.29817,-1.22852,-0.298507,3.06769,1.21453,1.40223,10,40850,31.3316,4.44832
1776813398720348483,1.28282,-1.22852,-0.294689,3.2198,1.41802,1.16404,10,40868,31.3454,4.14034
1776813398725383244,1.28282,-1.22266,-0.280883,2.91769,1.41802,1.16404,10,40877,31.3523,2.76218
1776813398730352395,1.27701,-1.22266,-0.27979,1.53953,1.98869,1.13077,10,40863,31.3415,-1.22694
1776813398735325638,1.27701,1.79883,-0.290529,0.571885,1.98869,1.13077,10,40851,31.3323,-2.1481
1776813398740325844,1.27689,1.79883,-0.299852,-0.349276,2.38302,2.85225,10,40850,31.3316,-0.45996
1776813398745331457,1.27689,4.22266,-0.300619,3.7627,2.38302,2.85225,10,40849,31.3308,-0.30664
1776813398750341644,1.31973,4.22266,-0.258542,3.91602,2.44946,4.50225,10,40857,31.3369,0.613649
1776813398755319924,1.31973,2.22656,-0.252406,2.84021,2.44946,4.50225,10,40870,31.3469,1.84024
1776813398760311167,1.34631,2.22656,-0.215854,4.0668,2.3549,3.52914,10,40879,31.3538,1.5345
1776813398765323614,1.34631,1.44336,-0.208951,2.97786,2.3549,3.52914,10,40894,31.3653,1.84022
1776813398770342986,1.35932,1.44336,-0.176004,3.59103,1.93414,3.08272,10,40910,31.3776,2.14767
1776813398775325618,1.35932,1.44336,-0.176004,3.59103,1.93414,3.08272,10,40910,31.3776,2.14767
1776813398780325120,1.35932,1.10938,-0.172168,3.25705,2.38131,2.97239,10,40933,31.3952,1.99393
1776813398785315178,1.37166,1.10938,-0.142185,3.1033,2.38131,2.97239,10,40941,31.4014,1.83877
1776813398790318735,1.37166,0.773438,-0.136051,2.6122,2.65029,2.85654,10,40957,31.4136,1.68961
1776813398795337718,1.38098,0.773438,-0.114454,2.46304,2.65029,2.85654,10,40968,31.4221,2.30149
1776813398800349868,1.38098,0.710938,-0.106018,3.01242,3.23686,2.87784,10,40988,31.4374,2.30103
1776813398805328000,1.38972,0.710938,-0.0819372,3.01196,3.23686,2.87784,10,41001,31.4474,2.60721
1776813398810349761,1.38972,0.193359,-0.0719675,2.80057,3.5354,2.63602,10,41024,31.465,2.76053
1776813398815331134,1.39488,0.193359,-0.0491709,2.95389,3.5354,2.63602,10,41038,31.4758,2.91501
1776813398820315544,1.39488,-0.365234,-0.0384325,2.54978,3.17856,2.34894,10,41061,31.4934,2.76146
1776813398825326805,1.39392,-0.365234,-0.0217509,2.39622,3.17856,2.34894,10,41076,31.5049,2.91501
1776813398830329677,1.39392,-0.632812,-0.0102457,2.2822,2.38795,2.19059,10,41102,31.5248,3.22022
1776813398835343920,1.38867,-0.632812,0.00444661,2.58741,2.38795,2.19059,10,41118,31.5371,3.22177
1776813398840318404,1.38867,-0.566406,0.0167185,2.65537,2.10344,2.19655,10,41147,31.5594,3.37082
1776813398845324054,1.38867,-0.566406,0.0389601,2.80441,2.10344,2.19655,10,41162,31.5709,3.37959
1776813398850319075,1.38258,-0.566406,0.0443693,2.81319,1.92405,2.15946,10,41188,31.5908,3.52713
1776813398855315521,1.38258,-0.802734,0.0643126,2.72439,1.92405,2.15946,10,41222,31.6169,3.8353
1776813398860324505,1.36961,-0.802734,0.0774218,3.03256,1.7605,1.94556,10,41245,31.6345,4.135
1776813398865324100,1.36961,-0.912109,0.0950628,3.22289,1.7605,1.94556,10,41270,31.6537,3.99546
1776813398870318676,1.36535,-0.912109,0.109984,3.08335,1.85699,1.85717,10,41293,31.6713,4.14162
1776813398875330085,1.36535,-1.0625,0.127625,3.07912,1.85699,1.85717,10,41323,31.6943,3.98865
1776813398880320069,1.35525,-1.0625,0.140534,2.92615,1.86001,1.70945,10,41347,31.7128,4.14162
1776813398885323515,1.35525,-1.14453,0.158942,2.99709,1.86001,1.70945,10,41377,31.7358,4.14162
1776813398890318684,1.34409,-1.14453,0.170788,2.99709,1.8985,1.59392,10,41399,31.7526,4.142
1776813398895323630,1.34409,-1.18164,0.187663,2.96036,1.8985,1.59392,10,41427,31.7741,3.68156
1776813398900320707,1.32671,-1.18164,0.191754,2.49992,1.78519,1.46516,10,41449,31.791,3.83415
1776813398905345930,1.32671,-1.1543,0.208628,2.67985,1.78519,1.46516,10,41478,31.8132,3.83492
1776813398910338322,1.32061,-1.1543,0.22477,2.68062,1.65822,1.44285,10,41501,31.8309,4.14162
1776813398915331935,1.32061,-1.14648,0.242411,2.99513,1.65822,1.44285,10,41533,31.8554,3.98906
1776813398920324196,1.30385,-1.14648,0.266305,3.14886,1.52793,1.4473,10,41566,31.8807,4.29535
1776813398925318550,1.30385,-1.23438,0.275508,3.06097,1.52793,1.4473,10,41591,31.8999,3.98747
1776813398930325812,1.29112,-1.23438,0.281958,2.75309,1.39618,1.21294,10,41615,31.9183,4.29449
1776813398935316999,1.29112,-1.25,0.300366,3.04449,1.39618,1.21294,10,41641,31.9382,4.14245
1776813398940320945,1.28558,-1.25,-0.313554,2.89245,1.44355,1.16918,10,41666,31.9574,4.29411
1776813398945365021,1.28558,-1.22266,-0.294379,3.07145,1.44355,1.16918,10,41692,31.9774,4.14283
1776813398950335727,1.2731,-1.22266,-0.286914,2.92017,1.12157,1.10613,10,41704,31.9866,3.06778
1776813398955325063,1.2731,-0.808594,-0.277711,2.25919,1.12157,1.10613,10,41688,31.9743,-0.45996
1776813398960318158,1.26215,-0.808594,-0.300933,-1.26855,1.96751,1.27286,10,41675,31.9643,-2.91539
1776813398965321382,1.26215,4.62109,-0.310903,1.7057,1.96751,1.27286,10,41674,31.9636,-0.919921
1776813398970343032,1.27861,4.62109,-0.295213,3.70117,2.70644,4.47181,10,41672,31.962,-0.307145
1776813398975321997,1.27861,2.9375,-0.296748,2.63036,2.70644,4.47181,10,41678,31.9666,0.153763
1776813398980323351,1.32081,2.9375,-0.24995,3.09126,1.94804,3.77642,10,41687,31.9735,1.53389
1776813398985336797,1.32081,1.24414,-0.243047,2.77803,1.94804,3.77642,10,41693,31.9781,0.920302
1776813398990322688,1.32738,1.24414,-0.224967,2.62468,2.21105,2.8112,10,41710,31.9912,1.38054
1776813398995348690,1.32738,1.24414,-0.224967,2.62468,2.21105,2.8112,10,41710,31.9912,1.38054
1776813399000351155,1.34206,1.74023,-0.191877,2.96767,2.12587,3.13483,10,41732,32.008,1.22743
1776813399005312547,1.34206,1.31445,-0.187276,2.54189,2.12587,3.13483,10,41744,32.0172,1.84097
1776813399010311123,1.36263,1.31445,-0.157502,3.15543,1.95727,3.10964,10,41755,32.0257,1.99316
1776813399015316181,1.36263,0.990234,-0.149064,2.9834,1.95727,3.10964,10,41765,32.0334,1.84097
1776813399020325091,1.36768,0.990234,-0.13635,2.83121,2.59396,2.95576,10,41776,32.0418,1.84134
1776813399025333130,1.36768,1.25977,-0.127912,3.10111,2.59396,2.95576,10,41792,32.0541,2.14725
1776813399030329799,1.37962,1.25977,-0.103704,3.40701,3.30623,3.18233,10,41805,32.064,2.30103
1776813399035341541,1.37962,0.740234,-0.093732,3.04126,3.30623,3.18233,10,41825,32.0794,2.60825
1776813399040326433,1.38949,0.740234,-0.0685226,3.34848,3.84785,2.9463,10,41841,32.0916,2.76108
1776813399045315213,1.38949,0.140625,-0.0562507,2.9017,3.84785,2.9463,10,41862,32.1078,2.76053
1776813399050314401,1.39332,0.140625,-0.0363113,2.90115,3.33604,2.6278,10,41880,32.1216,3.06839
1776813399055329755,1.39332,-0.353516,-0.0225059,2.71488,3.33604,2.6278,10,41903,32.1392,3.06717
1776813399060317054,1.39714,-0.353516,0.0127591,2.86773,2.67332,2.34614,10,41930,32.1599,3.22125
1776813399065337463,1.39714,-0.353516,0.0127591,2.86773,2.67332,2.34614,10,41930,32.1599,3.22125
1776813399070316558,1.39714,-0.519531,0.0196637,2.70172,2.23911,2.27469,10,41965,32.1868,3.06839
1776813399075329005,1.39014,-0.519531,0.0395116,2.54886,2.23911,2.27469,10,41981,32.199,3.22061
1776813399080330692,1.39014,-0.630859,0.0517834,2.58975,2.12714,2.16876,10,42010,32.2213,3.37583
1776813399085324565,1.38503,-0.630859,0.0689153,2.74497,2.12714,2.16876,10,42027,32.2343,3.52713
1776813399090318901,1.38503,-0.894531,0.0819539,2.6326,2.17053,1.98737,10,42057,32.2573,3.68121
1776813399095324403,1.37367,-0.894531,0.0936059,2.78668,2.17053,1.98737,10,42074,32.2704,3.68266
1776813399100315128,1.37367,-0.982422,0.106645,2.70023,2.17651,1.868,10,42106,32.2949,3.68121
1776813399105294797,1.36891,-0.982422,0.126424,2.69879,2.17651,1.868,10,42125,32.3095,3.8353
1776813399110399890,1.36891,-1.09766,0.140996,2.73764,2.00385,1.77316,10,42158,32.3348,4.14034
1776813399115348263,1.35847,-1.09766,0.155869,3.04269,2.00385,1.77316,10,42177,32.3494,3.99024
1776813399120317785,1.35847,-1.17383,0.170442,2.81642,1.82396,1.66575,10,42210,32.3747,3.98629
1776813399125319176,1.34713,-1.17383,0.184409,2.81246,1.82396,1.66575,10,42231,32.3908,4.14283
1776813399130381529,1.34713,-1.19141,0.200515,2.95142,1.60426,1.58593,10,42269,32.4199,4.44959
1776813399135398179,1.33552,-1.19141,0.234162,3.41064,1.54659,1.51422,10,42306,32.4483,4.60205
1776813399140343423,1.33552,-1.19141,0.234162,3.41064,1.54659,1.51422,10,42306,32.4483,4.60205
1776813399145337611,1.33552,-1.23047,0.246434,3.37158,1.54659,1.51422,10,42354,32.4851,4.44781
1776813399150343187,1.31641,-1.23047,0.264142,3.21734,1.50306,1.37333,10,42386,32.5097,4.44781
1776813399155324338,1.31641,-1.30078,0.288686,3.14703,1.50306,1.37333,10,42413,32.5304,4.60021
1776813399160314174,1.30475,-1.30078,0.297734,3.29943,1.38743,1.26047,10,42442,32.5526,4.2963
1776813399165328435,1.30475,-1.30469,-0.308345,2.99162,1.38743,1.26047,10,42468,32.5725,4.29192
1776813399170330863,1.28493,-1.30469,-0.308223,2.98723,1.46344,1.13392,10,42492,32.591,3.83837
1776813399175328088,1.28493,-1.2793,-0.289813,2.55907,1.46344,1.13392,10,42491,32.5902,2.14853
1776813399180347478,1.27863,-1.2793,-0.296883,0.869237,1.90616,1.10872,10,42472,32.5756,-2.14682
1776813399185329222,1.27863,4.85156,-0.311456,2.70475,1.90616,1.10872,10,42468,32.5725,-1.68762
1776813399190335668,1.29412,4.85156,-0.299037,3.16394,2.64738,4.7007,10,42468,32.5725,-0.153351
1776813399195365559,1.29412,4.14648,-0.299037,3.99313,2.64738,4.7007,10,42469,32.5733,0
1776813399200349173,1.31623,4.14648,-0.27616,4.14648,2.12015,4.43703,10,42479,32.581,0.613403
1776813399205316342,1.31623,0.90625,-0.268489,1.51965,2.12015,4.43703,10,42486,32.5864,1.99472
1776813399210321233,1.31623,0.90625,-0.263121,2.90097,2.38305,2.59009,10,42498,32.5956,0.919921
1776813399215312995,1.35303,0.90625,-0.217109,1.82617,2.38305,2.59009,10,42510,32.6048,2.30057
1776813399220320460,1.35303,0.90625,-0.217109,1.82617,2.38305,2.59009,10,42510,32.6048,2.30057
1776813399225320222,1.35303,0.796875,-0.207904,3.09744,2.01318,2.75563,10,42534,32.6232,1.99432
1776813399230316391,1.37078,0.796875,-0.171748,2.7912,1.81645,2.86453,10,42548,32.6339,1.99353
1776813399235354189,1.37078,1.02734,-0.16101,3.02087,1.81645,2.86453,10,42561,32.6439,1.99436
1776813399240415986,1.38092,1.02734,-0.1409,3.0217,2.34669,3.05781,10,42573,32.6531,1.53427
1776813399245441469,1.38092,0.958984,-0.131696,2.49326,2.34669,3.05781,10,42585,32.6623,1.8406
1776813399250340418,1.39476,0.958984,-0.108661,2.79959,3.23061,3.10299,10,42599,32.673,1.99472
1776813399255296847,1.39476,0.726562,-0.0979222,2.72129,3.23061,3.10299,10,42612,32.683,2.14767
1776813399260311109,1.39891,0.726562,-0.0837926,2.87424,3.90314,2.99572,10,42628,32.6953,2.60721
1776813399265323388,1.39891,-0.103516,-0.0715207,2.50369,3.90314,2.99572,10,42649,32.7114,2.76108
1776813399270318372,1.4048,-0.103516,-0.0495308,2.65756,3.65302,2.55819,10,42670,32.7275,2.91501
1776813399275327615,1.4048,-0.378906,-0.0334214,2.53611,3.65302,2.55819,10,42690,32.7428,3.06778
1776813399280317914,1.40365,-0.378906,-0.0192326,2.68887,2.75315,2.39426,10,42708,32.7566,3.22049
1776813399285315805,1.40365,-0.666016,-0.00542722,2.55447,2.75315,2.39426,10,42732,32.775,3.22189
1776813399290321048,1.40365,-0.666016,0.0129787,2.55588,2.28376,2.2306,10,42756,32.7934,3.37381
1776813399295326828,1.3985,-0.666016,0.0262405,2.70779,2.28376,2.2306,10,42773,32.8065,3.52783
1776813399300314812,1.3985,-0.730469,0.0392791,2.79736,1.94471,2.1627,10,42805,32.831,3.83606
1776813399305309426,1.3849,-0.730469,0.0502197,3.1056,1.94471,2.1627,10,42823,32.8448,3.8353
1776813399310306595,1.3849,-0.796875,0.0640251,3.03842,1.86047,2.04222,10,42855,32.8694,3.83453
1776813399315312041,1.38093,-0.796875,0.0846054,3.03766,1.86047,2.04222,10,42874,32.8839,3.98785
1776813399320313118,1.38093,-1.01562,0.0991775,2.97223,1.95819,1.89339,10,42908,32.91,3.98948
1776813399325337749,1.36764,-1.01562,0.111962,2.97386,1.95819,1.89339,10,42928,32.9254,4.14117
1776813399330320511,1.36764,-1.13086,0.127305,3.01031,1.9659,1.74649,10,42961,32.9507,4.142
1776813399335319772,1.36225,-1.13086,0.147229,3.01114,1.9659,1.74649,10,42979,32.9645,3.83377
1776813399340317997,1.36225,-1.21875,0.161035,2.61502,1.80548,1.66338,10,43014,32.9913,3.98945
1776813399345326981,1.34422,-1.21875,0.169849,2.7707,1.80548,1.66338,10,43032,33.0051,4.14117
1776813399350322483,1.34422,-1.19336,0.183654,2.94781,1.67549,1.56691,10,43065,33.0304,3.8353
1776813399355339781,1.33775,-1.19336,0.202495,2.64194,1.67549,1.56691,10,43083,33.0442,3.98865
1776813399360314099,1.33775,-1.15039,0.2163,2.83826,1.61663,1.55143,10,43114,33.068,3.68118
1776813399365324008,1.32104,-1.15039,0.237931,2.83826,1.67439,1.44774,10,43148,33.0941,3.98865
1776813399370315918,1.32104,-1.20312,0.249437,2.78552,1.67439,1.44774,10,43168,33.1094,4.14041
1776813399375327624,1.30903,-1.20312,0.252769,2.93728,1.67439,1.44774,10,43189,33.1255,4.29621
1776813399380321034,1.30903,-1.22852,0.268878,3.06769,1.22379,1.3284,10,43224,33.1524,4.29535
1776813399385316962,1.30282,-1.22852,0.289512,3.06683,1.22379,1.3284,10,43246,33.1693,4.44959
1776813399390326557,1.30282,-1.24805,0.306384,3.20154,1.74513,1.27844,10,43284,33.1984,4.60205
1776813399395337448,1.29042,-1.24805,-0.305184,3.354,1.74513,1.27844,10,43302,33.2115,4.14041
1776813399400369116,1.29042,-0.611328,-0.291379,3.52908,1.63051,1.56366,10,43298,33.2091,1.68762
1776813399405321749,1.27405,-0.611328,-0.310818,1.07629,1.63051,1.56366,10,43286,33.1999,-2.30103
1776813399410333881,1.27405,2.16211,0.308299,-0.138916,2.45051,3.04143,10,43280,33.1953,-1.68762
1776813399415338087,1.27818,2.16211,0.307828,0.474487,2.45051,3.04143,10,43280,33.1953,0
1776813399420328997,1.27818,2.42969,0.307828,2.42969,2.96894,3.22003,10,43285,33.1992,0.153351
1776813399425322036,1.33355,2.42969,-0.261286,2.58304,2.96894,3.22003,10,43294,33.2061,1.38092
1776813399430316946,1.33355,1.79688,-0.254386,3.1778,2.83193,3.20536,10,43310,33.2184,2.1481
1776813399435319430,1.34503,1.79688,-0.222966,3.63711,2.20667,3.27631,10,43329,33.2329,1.84024
1776813399440338098,1.34503,1.17383,-0.216065,3.01406,2.20667,3.27631,10,43344,33.2444,2.45438
1776813399445367674,1.35574,1.17383,-0.193852,3.6282,2.20667,3.27631,10,43353,33.2513,2.30118
1776813399450333621,1.35574,0.835938,-0.186947,3.13712,2.25005,2.79452,10,43370,33.2644,2.14767
1776813399455305161,1.36828,0.835938,-0.16136,2.98361,2.25005,2.79452,10,43381,33.2728,2.45389
1776813399460330404,1.36828,0.728516,-0.152922,3.1824,2.57301,2.81028,10,43397,33.2851,1.99472
1776813399465404312,1.37204,0.728516,-0.136893,2.72324,2.57301,2.81028,10,43408,33.2935,2.14767
1776813399470326834,1.37204,0.875,-0.128459,3.02267,2.91933,2.91677,10,43429,33.3096,2.45339
1776813399475312430,1.37875,0.875,-0.105639,3.32839,2.91933,2.91677,10,43442,33.3196,2.60825
1776813399480323228,1.37875,0.378906,-0.0956713,2.98715,3.61058,2.67498,10,43466,33.338,2.91268
1776813399485317471,1.38551,0.378906,-0.0705038,3.29159,3.61058,2.67498,10,43479,33.348,2.76329
1776813399490332621,1.38551,-0.541016,-0.0605322,2.22227,3.2828,2.1918,10,43504,33.3671,2.91461
1776813399495323957,1.38454,-0.541016,-0.0423246,2.37359,3.2828,2.1918,10,43520,33.3787,3.06778
1776813399500323811,1.38454,-0.6875,-0.0300528,2.38028,2.62383,2.10243,10,43547,33.4001,3.37448
1776813399505309962,1.3814,-0.6875,-0.000982863,2.53363,1.89422,2.08327,10,43573,33.4201,3.22113
1776813399510313131,1.3814,-0.6875,-0.000982863,2.53363,1.89422,2.08327,10,43573,33.4201,3.22113
1776813399515329651,1.3814,-0.660156,0.00745145,2.56097,1.89422,2.08327,10,43607,33.4462,3.06655
1776813399520329654,1.37085,-0.660156,0.0229868,2.4064,1.84818,2.03446,10,43629,33.463,3.06901
1776813399525344211,1.37085,-0.642578,0.0398592,2.42643,1.84818,2.03446,10,43649,33.4784,3.22049
1776813399530360083,1.36089,-0.642578,0.0452379,2.57791,1.91568,1.98345,10,43674,33.4975,3.52859
1776813399535340364,1.36089,-0.679688,0.0644144,2.84891,1.91568,1.98345,10,43697,33.5152,3.68118
1776813399540401902,1.35764,-0.679688,0.0787977,3.0015,2.11538,1.9423,10,43723,33.5351,3.68268
1776813399545345924,1.35764,-0.882812,0.098741,2.79987,2.11538,1.9423,10,43745,33.552,3.68118
1776813399550349815,1.34578,-0.882812,0.103759,2.79837,2.28108,1.75355,10,43773,33.5735,3.8353
1776813399555381724,1.34578,-0.955078,0.125236,2.88022,2.28108,1.75355,10,43798,33.5926,4.14117
1776813399560368319,1.34125,-0.955078,0.139879,3.18609,1.99297,1.68439,10,43827,33.6149,4.14206
1776813399565347341,1.34125,-1.10547,0.162122,3.0366,1.99297,1.68439,10,43851,33.6333,4.142
1776813399570328065,1.32546,-1.10547,0.164735,3.03653,1.57314,1.50082,10,43879,33.6548,3.98785
1776813399575334216,1.32546,-1.09961,0.186208,2.88824,1.57314,1.50082,10,43904,33.6739,3.98231
1776813399580318700,1.32546,-1.09961,0.205385,2.8827,1.5918,1.50416,10,43932,33.6954,4.14781
1776813399585326091,1.32016,-1.09961,0.221565,3.0482,1.5918,1.50416,10,43952,33.7108,3.98709
1776813399590316908,1.32016,-1.09961,0.221565,3.0482,1.5918,1.50416,10,43952,33.7108,3.98709
1776813399595411557,1.32016,-1.09961,0.236904,2.88748,1.42174,1.47124,10,44004,33.7506,3.68711
1776813399600384597,1.29945,-1.08398,0.276018,2.9055,1.21536,1.34196,10,44036,33.7752,3.98948
1776813399605308915,1.28836,-1.08398,0.269527,2.9055,1.21536,1.34196,10,44061,33.7944,4.14117
1776813399610314751,1.28836,-1.06445,0.288705,3.07672,1.44713,1.29242,10,44093,33.8189,3.98868
1776813399615320457,1.27686,-1.06445,0.301748,2.92423,1.44713,1.29242,10,44107,33.8296,3.98785
1776813399620328866,1.27686,-1.03906,0.312486,2.94879,2.03233,1.23447,10,44127,33.845,3.22177
1776813399625327998,1.27166,-1.03906,-0.305689,2.18271,2.03233,1.23447,10,44126,33.8442,0.920684
1776813399630335723,1.27166,2.01172,-0.306456,2.9324,2.66615,2.94063,10,44105,33.8281,-1.84097
1776813399635325040,1.26603,2.01172,0.300119,0.170746,2.66615,2.94063,10,44103,33.8266,-1.68762
1776813399640327246,1.26603,4.875,0.298585,3.18738,3.46388,4.53707,10,44102,33.8258,-0.30664
1776813399645315822,1.28615,4.875,-0.310381,4.56836,3.46388,4.53707,10,44103,33.8266,0
1776813399650323121,1.28615,2.17969,-0.309614,2.17969,2.53233,3.12767,10,44119,33.8388,1.07422
1776813399655294661,1.28615,2.17969,-0.297343,3.25391,2.53233,3.12767,10,44124,33.8427,1.99276
1776813399660310441,1.33738,2.17969,-0.24227,4.17245,2.19676,3.44727,10,44140,33.855,1.6883
1776813399665312961,1.33738,2.17969,-0.24227,4.17245,2.19676,3.44727,10,44140,33.855,1.6883
1776813399670332963,1.35623,1.11719,-0.188914,3.41867,2.35767,2.84164,10,44173,33.8803,2.30149
1776813399675323484,1.35623,0.445312,-0.185843,2.7468,2.35767,2.84164,10,44185,33.8895,2.30149
1776813399680323542,1.36014,0.445312,-0.172732,2.7468,2.7706,2.5989,10,44202,33.9025,2.45438
1776813399685331637,1.36014,0.474609,-0.159693,2.92899,2.7706,2.5989,10,44212,33.9102,1.84097
1776813399690326380,1.3712,0.474609,-0.140963,2.31558,3.22665,2.68337,10,44229,33.9232,1.99356
1776813399695321364,1.3712,0.880859,-0.127924,2.87442,3.22665,2.68337,10,44240,33.9317,2.30057
1776813399700364217,1.37446,0.880859,-0.116225,3.18142,3.18848,2.93487,10,44262,33.9485,2.30149
1776813399705326702,1.37446,0.160156,-0.0993522,2.46164,3.18848,2.93487,10,44275,33.9585,2.60668
1776813399710324352,1.3827,0.160156,-0.0811408,2.76684,3.07282,2.57434,10,44301,33.9784,2.91519
1776813399715319910,1.3827,-0.148438,-0.0611976,2.76675,3.07282,2.57434,10,44315,33.9892,3.22242
1776813399720355152,1.38271,-0.148438,-0.0504554,3.07398,2.29271,2.3985,10,44344,34.0114,3.37381
1776813399725347451,1.38271,-0.621094,-0.0282119,2.75271,2.29271,2.3985,10,44359,34.0229,3.37457
1776813399730327824,1.38271,-0.621094,-0.0167067,2.75348,2.16069,2.12908,10,44387,34.0444,3.22177
1776813399735329623,1.37648,-0.621094,-0.00145177,2.60068,2.16069,2.12908,10,44397,34.0521,3.22113
1776813399740333236,1.37648,-0.595703,0.00621575,2.62543,2.03644,2.10561,10,44431,34.0782,3.37448
1776813399745369164,1.36845,-0.595703,0.0242631,2.77878,2.03644,2.10561,10,44443,34.0866,3.52789
1776813399750333981,1.36845,-0.714844,0.0334641,2.81305,1.80057,1.98858,10,44478,34.1142,3.52854
1776813399755330725,1.36226,-0.714844,0.0541245,2.81369,1.80057,1.98858,10,44489,34.1226,3.52859
1776813399760312116,1.36226,-0.787109,0.0625588,2.74149,1.87627,1.90945,10,44524,34.1495,3.68118
1776813399765362451,1.35835,-0.787109,0.0854928,2.89407,1.87627,1.90945,10,44536,34.1587,3.52789
1776813399770378212,1.35835,-1.00195,0.0946977,2.52594,1.87237,1.76299,10,44572,34.1863,3.68266
1776813399775342326,1.34455,-1.00195,0.108507,2.6807,1.87237,1.76299,10,44585,34.1963,3.83376
1776813399780328384,1.34455,-1.04297,0.118478,2.79079,1.82542,1.65464,10,44621,34.2239,3.68192
1776813399785343553,1.33971,-1.04297,0.141245,2.63895,1.82542,1.65464,10,44633,34.2331,3.68121
1776813399790331759,1.33971,-1.11523,0.150449,2.56598,1.66918,1.58353,10,44669,34.2607,3.68118
1776813399795345354,1.32299,-1.11523,0.161344,2.56595,1.66918,1.58353,10,44681,34.2699,3.68342
1776813399800341319,1.32299,-1.07031,0.170549,2.61311,1.65126,1.50552,10,44720,34.2998,3.98709
1776813399805357080,1.32299,-1.07031,0.200464,2.91677,1.65126,1.50552,10,44733,34.3098,3.98945
1776813399810330287,1.3121,-1.07031,0.199545,2.91913,1.31866,1.43774,10,44764,34.3336,3.83453
1776813399815318697,1.3121,-1.04883,0.223322,2.78571,1.31866,1.43774,10,44789,34.3527,3.83453
1776813399820351717,1.30159,-1.04883,0.231985,2.7857,1.28668,1.3843,10,44825,34.3803,4.14283
1776813399825336868,1.30159,-1.11523,0.259596,3.02759,1.28668,1.3843,10,44846,34.3965,4.44794
1776813399830329833,1.28575,-1.11523,0.259859,3.3327,1.19504,1.24704,10,44881,34.4233,4.4487
1776813399835320150,1.28575,-1.13281,0.286703,3.31589,1.19504,1.24704,10,44902,34.4394,4.14117
1776813399840324023,1.27439,-1.13281,0.29146,3.00836,1.11523,1.16549,10,44937,34.4662,4.29449
1776813399845346340,1.27439,-1.09375,-0.310015,3.20074,1.11523,1.16549,10,44952,34.4778,3.98868
1776813399850334027,1.26327,-1.09375,-0.309629,2.89493,2.13474,1.11743,10,44953,34.4785,2.14767
1776813399855300864,1.26327,0.472656,-0.308863,2.62033,2.13474,1.11743,10,44939,34.4678,-1.07346
1776813399860317792,1.25703,0.472656,0.302469,-0.6008,2.61926,1.97065,10,44931,34.4616,-2.45389
1776813399865316683,1.25703,5.03516,0.296335,2.58127,2.61926,1.97065,10,44929,34.4601,-0.460237
1776813399870320444,1.28858,5.03516,-0.301966,4.57492,2.21301,4.77059,10,44928,34.4593,-0.307465
1776813399875317910,1.28858,2.66211,-0.302732,2.35464,2.21301,4.77059,10,44933,34.4632,0.15329
1776813399880335800,1.28858,2.66211,-0.298895,2.8154,2.09205,3.41796,10,44946,34.4731,1.53489
1776813399885324284,1.32537,2.66211,-0.252134,4.19699,2.09205,3.41796,10,44951,34.477,1.38037
1776813399890324842,1.32537,1.66211,-0.248297,3.04248,2.22183,3.07782,10,44970,34.4916,1.84058
1776813399895346900,1.35029,1.66211,-0.208811,3.50269,2.22183,3.07782,10,44976,34.4962,1.99432
1776813399900327162,1.35029,1.05078,-0.20421,3.04511,2.24476,2.88345,10,44994,34.51,1.68762
1776813399905322145,1.36247,1.05078,-0.178221,2.7384,2.24476,2.88345,10,45000,34.5146,1.99472
1776813399910350518,1.36247,0.857422,-0.173616,2.85214,2.73445,2.84814,10,45015,34.5261,1.68618
1776813399915332668,1.3729,0.857422,-0.151682,2.54361,2.73445,2.84814,10,45023,34.5322,1.53458
1776813399920320541,1.3729,1.01367,-0.145548,2.54825,3.55349,3.00106,10,45040,34.5452,1.84134
1776813399925327914,1.38224,1.01367,-0.123175,2.85501,3.55349,3.00106,10,45048,34.5514,2.14553
1776813399930342916,1.38224,0.421875,-0.117037,2.5674,3.41945,2.72071,10,45070,34.5683,2.14906
1776813399935332881,1.38966,0.421875,-0.0927411,2.57094,3.41945,2.72071,10,45080,34.5759,2.60773
1776813399940324513,1.38966,-0.0390625,-0.0850697,2.56866,2.77554,2.50314,10,45106,34.5959,2.60797
1776813399945331404,1.39164,-0.0390625,-0.0631466,2.56891,2.77554,2.50314,10,45115,34.6028,2.76108
1776813399950371369,1.39164,-0.386719,-0.056242,2.37436,2.07013,2.31705,10,45141,34.6227,2.76108
1776813399955337242,1.39164,-0.386719,-0.0362988,2.37436,2.07013,2.31705,10,45154,34.6327,2.75887
1776813399960332893,1.38933,-0.386719,-0.0286465,2.37215,2.01095,2.30298,10,45177,34.6503,2.75942
1776813399965334525,1.38933,-0.386719,-0.0286465,2.37215,2.01095,2.30298,10,45177,34.6503,2.75942
1776813399970414136,1.38535,-0.371094,0.0118618,2.6973,1.86991,2.31188,10,45218,34.6818,3.06839
1776813399975351899,1.38535,-0.371094,0.0118618,2.6973,1.86991,2.31188,10,45218,34.6818,3.06839
1776813399980328606,1.37943,-0.400391,0.0389308,2.97477,2.2272,2.27098,10,45260,34.714,3.37516
1776813399985405866,1.37943,-0.566406,0.0427646,2.80875,2.2272,2.27098,10,45280,34.7293,3.22049
1776813399990343425,1.3745,-0.566406,0.0531711,2.65408,2.36598,2.1102,10,45305,34.7485,3.37592
1776813399995359390,1.3745,-0.818359,0.0723476,2.55756,2.36598,2.1102,10,45324,34.7631,3.68192
1776813400000335856,1.36779,-0.818359,0.0802021,2.86356,2.20806,1.92551,10,45357,34.7884,3.98705
1776813400005339802,1.36779,-0.927734,0.105513,3.05932,2.20806,1.92551,10,45376,34.803,4.13958
1776813400010325453,1.36337,-0.927734,0.115663,3.21185,2.15566,1.83607,10,45407,34.8267,3.8376
1776813400015332956,1.36337,-1.03516,0.13944,2.80244,2.15566,1.83607,10,45426,34.8413,3.68118
1776813400020322829,1.34827,-1.03516,0.138914,2.64603,1.60558,1.68201,10,45457,34.8651,3.98466
1776813400025319905,1.34827,-1.0332,0.162691,2.95146,1.60558,1.68201,10,45477,34.8804,3.83914
1776813400030336611,1.34827,-1.0332,0.17803,2.80593,1.40248,1.68313,10,45508,34.9042,3.98788
1776813400035323781,1.34324,-1.0332,0.196783,2.95468,1.40248,1.68313,10,45522,34.9149,3.83453
1776813400040331505,1.34324,-1.0332,0.196783,2.95468,1.40248,1.68313,10,45522,34.9149,3.83453
1776813400045335341,1.34324,-1.01758,0.207521,2.81695,1.39237,1.66103,10,45579,34.9587,3.98865
1776813400050330566,1.32811,-1.12305,0.251451,2.86404,1.82739,1.5674,10,45611,34.9832,3.98709
1776813400055318995,1.31195,-1.12305,0.244497,2.86404,1.82739,1.5674,10,45631,34.9985,4.14283
1776813400060317794,1.31195,-1.16406,0.259836,2.97876,1.60426,1.38338,10,45663,35.0231,3.98785
1776813400065328537,1.307,-1.16406,0.279432,2.82379,1.60426,1.38338,10,45678,35.0338,3.98868
1776813400070329150,1.307,-1.26367,0.290937,2.72501,1.43027,1.2957,10,45717,35.0645,4.13951
1776813400075321560,1.28782,-1.26367,0.301664,2.87584,1.43027,1.2957,10,45733,35.0768,4.29707
1776813400080324952,1.28782,-1.25977,0.313936,3.0373,1.75299,1.17771,10,45766,35.1021,4.14124
1776813400085322380,1.28167,-1.25977,-0.295229,2.88147,1.75299,1.17771,10,45771,35.1059,2.60825
1776813400090346771,1.28167,-0.193359,-0.291391,2.41489,2.53595,1.74683,10,45755,35.0936,-0.306702
1776813400095316108,1.26629,-0.193359,0.309278,-0.500061,2.53595,1.74683,10,45750,35.0898,-2.29781
1776813400100328295,1.26629,2.54297,0.305441,0.24516,2.58071,3.20944,10,45748,35.0883,-0.614263
1776813400105317446,1.26629,2.54297,0.303907,1.92871,2.58071,3.20944,10,45748,35.0883,0
1776813400110317263,1.27211,2.54297,0.309729,2.54297,2.8436,3.24625,10,45755,35.0936,0.306824
1776813400115317210,1.27211,2.54297,0.309729,2.54297,2.8436,3.24625,10,45755,35.0936,0.306824
1776813400120335175,1.33862,1.78711,-0.22907,3.62808,2.15921,2.81541,10,45781,35.1136,1.84097
1776813400125317752,1.33862,1.78711,-0.22907,3.62808,2.15921,2.81541,10,45781,35.1136,1.84097
1776813400130328810,1.34978,1.29688,-0.196432,3.59836,1.9644,2.95171,10,45809,35.1351,2.30149
1776813400135319405,1.34978,0.681641,-0.194132,2.98313,1.9644,2.95171,10,45818,35.142,1.99432
1776813400140326482,1.35984,0.681641,-0.177171,2.67596,2.55737,2.73176,10,45835,35.155,2.30057
1776813400145319373,1.35984,0.957031,-0.164133,3.2576,2.55737,2.73176,10,45847,35.1642,2.30149
1776813400150319043,1.36308,0.957031,-0.151685,3.25852,3.00881,2.90866,10,45865,35.178,1.99472
1776813400155314490,1.36308,0.78125,-0.13788,2.77597,3.00881,2.90866,10,45877,35.1872,2.45438
1776813400160308141,1.37436,0.78125,-0.117395,3.23563,3.6601,2.87751,10,45894,35.2003,2.45339
1776813400165324032,1.37436,0.617188,-0.104357,3.07058,3.6601,2.87751,10,45910,35.2125,2.30149
1776813400170322256,1.37732,0.617188,-0.0891321,2.91867,3.11489,2.80203,10,45932,35.2294,2.76163
1776813400175335185,1.37732,0.183594,-0.0722559,2.94522,3.11489,2.80203,10,45945,35.2394,2.60773
1776813400180317724,1.37732,0.183594,-0.0622881,2.79132,2.57578,2.55488,10,45971,35.2593,2.91443
1776813400185324708,1.38193,0.183594,-0.0377329,3.09802,2.57578,2.55488,10,45982,35.2678,3.22049
1776813400190321081,1.38193,-0.601562,-0.0292948,2.61892,2.06494,2.13547,10,46013,35.2915,3.22189
1776813400195329343,1.37769,-0.601562,-0.00975208,2.62033,2.06494,2.13547,10,46024,35.3,3.22177
1776813400200418936,1.37769,-0.619141,-0.00131778,2.60263,1.97737,2.09961,10,46054,35.3222,3.06778
1776813400205351033,1.37474,-0.619141,0.0187361,2.44864,1.97737,2.09961,10,46069,35.3345,3.22049
1776813400210318388,1.37474,-0.650391,0.0302412,2.5701,2.0116,2.06376,10,46096,35.3552,3.22189
1776813400215318946,1.36505,-0.650391,0.0412695,2.5715,2.0116,2.06376,10,46109,35.3652,3.37448
1776813400220321522,1.36505,-0.677734,0.0512411,2.69675,1.9108,1.98893,10,46142,35.3905,3.5293
1776813400225329154,1.36244,-0.677734,0.0739424,2.85157,1.9108,1.98893,10,46154,35.3997,3.52501
1776813400230325342,1.36244,-0.873047,0.0831434,2.65197,1.9131,1.86159,10,46188,35.4258,3.37583
1776813400235317178,1.35009,-0.873047,0.0968649,2.50278,1.9131,1.86159,10,46201,35.4357,3.68268
1776813400240319958,1.35009,-0.941406,0.106837,2.74128,1.86907,1.74668,10,46238,35.4641,3.83453
1776813400245340923,1.34571,-0.941406,0.130839,2.89313,1.86907,1.74668,10,46252,35.4748,3.8353
1776813400250322186,1.34571,-1.06055,0.141573,2.77475,1.81131,1.65178,10,46288,35.5025,3.98709
1776813400255302281,1.34571,-1.06055,0.169188,2.92654,1.81131,1.65178,10,46302,35.5132,3.83453
1776813400260305747,1.33045,-1.06055,0.16466,2.77398,1.76241,1.55738,10,46333,35.537,3.83683
1776813400265321860,1.33045,-1.03906,0.188437,2.79777,1.76241,1.55738,10,46359,35.5569,3.98709
1776813400270313788,1.3144,-1.03906,0.192335,2.94802,1.55233,1.46991,10,46393,35.583,4.142
1776813400275327809,1.3144,-1.00586,0.218413,3.13614,1.55233,1.46991,10,46412,35.5976,3.98868
1776813400280329404,1.30944,-1.00586,0.228026,2.98282,1.5111,1.45789,10,46445,35.6229,3.98865
1776813400285330185,1.30944,-1,0.253336,2.98865,1.5111,1.45789,10,46465,35.6382,3.98865
1776813400290317873,1.29449,-1,0.253725,2.98865,1.30753,1.36765,10,46498,35.6635,4.14206
1776813400295320023,1.29449,-1.03906,0.279036,3.103,1.30753,1.36765,10,46523,35.6827,4.142
1776813400300315841,1.28422,-1.03906,0.287939,3.10294,1.15156,1.28086,10,46550,35.7034,3.98865
1776813400305393730,1.28422,-1.06055,0.308649,2.9281,1.15156,1.28086,10,46569,35.718,3.98709
1776813400310329290,1.2737,-1.06055,0.3127,2.92654,1.43428,1.20228,10,46590,35.7341,3.52859
1776813400315319700,1.2737,-1.03516,-0.299512,2.49344,1.43428,1.20228,10,46593,35.7364,1.84058
1776813400320329573,1.26963,-1.03516,-0.301282,0.805422,2.68185,1.19105,10,46572,35.7203,-1.37988
1776813400325347501,1.26963,3.38086,0.31093,2.00098,2.68185,1.19105,10,46568,35.7172,-1.99432
1776813400330333559,1.26963,3.38086,0.307863,1.38654,2.01825,3.70818,10,46565,35.7149,-0.460145
1776813400335327951,1.26996,3.38086,0.305895,2.92071,2.01825,3.70818,10,46564,35.7141,-0.45996
1776813400340336397,1.26996,2.63086,0.305128,2.1709,2.59088,3.28278,10,46575,35.7226,0.460145
1776813400345316011,1.33026,2.63086,-0.254457,3.091,2.59088,3.28278,10,46580,35.7264,1.68594
1776813400350339106,1.33026,1.08008,-0.250619,2.76601,2.16413,2.77639,10,46593,35.7364,1.07453
1776813400355314831,1.34838,1.08008,-0.222532,2.15461,2.16413,2.77639,10,46600,35.7418,1.84024
1776813400360324871,1.34838,1.28906,-0.217161,3.1293,1.91831,3.00752,10,46615,35.7533,1.6845
1776813400365316336,1.36301,1.28906,-0.191022,2.97356,1.91831,3.00752,10,46621,35.7579,1.53704
1776813400370317691,1.36301,1.33398,-0.186422,2.87102,2.53697,3.12309,10,46637,35.7701,1.8406
1776813400375323267,1.37477,1.33398,-0.162393,3.17459,2.53697,3.12309,10,46643,35.7747,1.53382
1776813400380325214,1.37477,1.05273,-0.157789,2.58655,3.34628,3.03475,10,46659,35.787,1.53366
1776813400385317569,1.38591,1.05273,-0.134374,2.58639,3.34628,3.03475,10,46665,35.7916,1.84134
1776813400390350367,1.38591,0.960938,-0.129774,2.80228,3.97837,3.05035,10,46684,35.8062,1.84097
1776813400395346499,1.39729,0.960938,-0.103822,2.80191,3.97837,3.05035,10,46696,35.8154,2.14648
1776813400400430074,1.39729,0.394531,-0.0946174,2.54101,3.44857,2.79663,10,46716,35.8307,2.45438
1776813400405328153,1.39729,0.394531,-0.0792785,2.84891,3.44857,2.79663,10,46726,35.8384,2.60877
1776813400410331637,1.4041,0.394531,-0.0648017,3.0033,2.51513,2.83784,10,46751,35.8576,2.91519
1776813400415419859,1.4041,-0.380859,-0.045629,2.53433,2.51513,2.83784,10,46771,35.8729,3.22113
1776813400420345160,1.40464,-0.380859,-0.0297446,2.84027,2.43265,2.39914,10,46798,35.8936,3.22049
1776813400425343218,1.40464,-0.570312,-0.00903843,2.65017,2.43265,2.39914,10,46814,35.9059,3.22254
1776813400430325147,1.40232,-0.570312,0.000910273,2.65223,2.11092,2.27711,10,46841,35.9266,3.36976
1776813400435323409,1.40232,-0.673828,0.0216203,2.69594,2.11092,2.27711,10,46863,35.9435,3.37854
1776813400440338077,1.39302,-0.673828,0.0291963,2.70471,1.88328,2.16175,10,46889,35.9634,3.68195
1776813400445332487,1.39302,-0.662109,0.0491395,3.01984,1.88328,2.16175,10,46908,35.978,3.68192
1776813400450327305,1.39071,-0.662109,0.0613999,3.01981,1.98685,2.15438,10,46934,35.9979,3.8353
1776813400455370881,1.39071,-0.898438,0.0813432,2.93686,1.98685,2.15438,10,46957,36.0156,3.833
1776813400460329217,1.37785,-0.898438,0.086123,2.93456,2.03435,1.94138,10,46991,36.0416,3.98945
1776813400465323053,1.37785,-1.01172,0.1122,2.97773,2.03435,1.94138,10,47011,36.057,4.14283
1776813400470321167,1.37342,-1.01172,0.123114,3.13111,1.86129,1.84979,10,47044,36.0823,4.14124
1776813400475340651,1.37342,-1.27539,0.148425,2.86584,1.86129,1.84979,10,47068,36.1007,3.98466
1776813400480318080,1.37342,-1.27539,0.166834,2.70927,1.81591,1.6995,10,47093,36.1199,3.68339
1776813400485351933,1.35583,-1.27539,0.16841,2.408,1.81591,1.6995,10,47108,36.1314,3.83683
1776813400490343140,1.35583,-1.28906,0.179915,2.54777,1.6799,1.58382,10,47146,36.1605,4.13869
1776813400495321235,1.3361,-1.28906,0.189337,2.84963,1.6799,1.58382,10,47161,36.172,3.99028
1776813400500295775,1.3361,-1.30859,0.200842,2.68169,1.5862,1.45102,10,47199,36.2012,4.14283
1776813400505253371,1.32339,-1.30859,0.217272,2.83423,1.5862,1.45102,10,47214,36.2127,3.98709
1776813400510280929,1.32339,-1.37891,0.228777,2.60818,1.61383,1.3321,10,47256,36.2449,4.29621
1776813400515275968,1.30997,-1.37891,0.247572,2.9173,1.61383,1.3321,10,47272,36.2572,4.59929
1776813400520282082,1.30997,-1.41211,0.259844,3.18718,1.48051,1.22959,10,47314,36.2894,4.45048
1776813400525285936,1.30327,-1.41211,0.285365,3.03837,1.48051,1.22959,10,47329,36.3009,4.29621
1776813400530283791,1.30327,-1.41211,0.29687,2.8841,1.48375,1.18778,10,47373,36.3346,4.44794
1776813400535281071,1.28174,-1.41211,0.309088,3.03583,1.48375,1.18778,10,47390,36.3477,4.7554
1776813400540312740,1.28174,-1.37891,-0.306192,3.3765,2.02242,1.07156,10,47420,36.3707,4.29449
1776813400545316927,1.27749,-1.37891,-0.287431,2.91558,2.02242,1.07156,10,47421,36.3715,1.84134
1776813400550325855,1.27749,0.0371094,-0.286664,1.87845,2.59131,1.85191,10,47397,36.353,-2.14767
1776813400555303618,1.27749,0.0371094,-0.305074,-2.11057,2.59131,1.85191,10,47396,36.3523,-1.68762
1776813400560317824,1.25874,0.0371094,0.303721,-1.65051,2.93825,1.73327,10,47396,36.3523,0
1776813400565314400,1.25874,5.07227,0.303721,5.07227,2.93825,1.73327,10,47399,36.3546,0
1776813400570324051,1.29295,5.07227,-0.288083,5.07227,1.31512,4.81919,10,47410,36.363,1.07422
1776813400575320387,1.29295,1.4375,-0.279645,2.51172,1.31512,4.81919,10,47422,36.3722,2.14725
1776813400580317926,1.33511,1.4375,-0.228284,3.58475,2.0868,3.01015,10,47434,36.3814,1.6872
1776813400585318207,1.33511,0.814453,-0.219079,2.50165,2.0868,3.01015,10,47445,36.3899,1.99472
1776813400590325913,1.33867,0.814453,-0.207086,2.80918,2.2054,2.67704,10,47460,36.4014,1.99393
1776813400595353285,1.33867,0.833984,-0.195581,2.82791,2.2054,2.67704,10,47471,36.4098,1.84097
1776813400600354047,1.357,0.833984,-0.168809,2.67496,2.04136,2.80119,10,47483,36.419,1.84021
1776813400605314865,1.357,1.05469,-0.159604,2.8949,2.04136,2.80119,10,47489,36.4236,1.38064
1776813400610333497,1.35993,1.05469,-0.152078,2.43533,2.72901,2.94495,10,47501,36.4328,1.22705
1776813400615325685,1.35993,1.41211,-0.142873,2.63916,2.72901,2.94495,10,47514,36.4428,1.8406
1776813400620331391,1.37789,1.41211,-0.114942,3.25271,3.4449,3.25862,10,47528,36.4535,2.1451
1776813400625315560,1.37789,1.16211,-0.104207,3.30721,3.4449,3.25862,10,47540,36.4627,2.30379
1776813400630317266,1.37789,1.16211,-0.0950024,3.4659,3.72896,3.11612,10,47561,36.4788,2.45536
1776813400635314936,1.38183,1.16211,-0.0749523,3.61747,3.72896,3.11612,10,47574,36.4888,2.60773
1776813400640329364,1.38183,1.16211,-0.0749523,3.61747,3.72896,3.11612,10,47574,36.4888,2.60773
1776813400645313293,1.38183,-0.236328,-0.0649807,2.3714,2.62868,2.34305,10,47617,36.5218,2.91385
1776813400650324536,1.39411,-0.236328,-0.0197232,2.67752,2.01832,2.41773,10,47638,36.5379,3.06901
1776813400655307613,1.39411,-0.568359,-0.00361751,2.50065,2.01832,2.41773,10,47658,36.5532,3.22125
1776813400660306689,1.38931,-0.568359,0.00692249,2.65289,1.94896,2.19932,10,47684,36.5732,3.22113
1776813400665321469,1.38931,-0.607422,0.0268657,2.61371,1.94896,2.19932,10,47699,36.5847,3.22177
1776813400670317175,1.38074,-0.607422,0.029803,2.61435,2.02347,2.12489,10,47722,36.6023,3.22061
1776813400675318141,1.38074,-0.611328,0.0474422,2.60928,2.02347,2.12489,10,47744,36.6192,3.37516
1776813400680323051,1.37894,-0.611328,0.0625179,2.76383,2.17509,2.11168,10,47774,36.6422,3.68195
1776813400685328442,1.37894,-0.824219,0.0855281,2.85773,2.17509,2.11168,10,47798,36.6606,3.83453
1776813400690318260,1.36682,-0.824219,0.0918148,3.01031,2.30199,1.91626,10,47823,36.6798,3.68121
1776813400695319669,1.36682,-0.904297,0.110991,2.77691,2.30199,1.91626,10,47842,36.6944,3.68192
1776813400700310709,1.36437,-0.904297,0.123118,2.77762,2.20914,1.85561,10,47870,36.7158,3.98785
1776813400705295286,1.36437,-1.11523,0.144595,2.87262,2.20914,1.85561,10,47896,36.7358,4.14289
1776813400710400268,1.34701,-1.11523,0.168647,3.18011,1.76473,1.73538,10,47931,36.7626,4.29535
1776813400715387104,1.34701,-1.11523,0.168647,3.18011,1.76473,1.73538,10,47931,36.7626,4.29535
1776813400720329163,1.34701,-1.17578,0.174014,3.11957,1.61008,1.59411,10,47983,36.8025,3.98629
1776813400725324944,1.33232,-1.17578,0.199214,2.81051,1.61008,1.59411,10,47998,36.814,4.14283
1776813400730315854,1.33232,-1.18164,0.210719,2.96119,1.20775,1.5,10,48038,36.8447,4.142
1776813400735341041,1.31776,-1.18164,0.226832,2.96036,1.20775,1.5,10,48054,36.857,4.44794
1776813400740329062,1.31776,-1.20508,0.239104,3.24286,1.15597,1.39617,10,48092,36.8861,3.98945
1776813400745329676,1.31473,-1.20508,0.265216,2.78437,1.15597,1.39617,10,48106,36.8968,3.98865
1776813400750316864,1.31473,-1.27734,0.275954,2.7113,1.22467,1.3361,10,48147,36.9283,4.2903
1776813400755297126,1.29292,-1.27734,0.285594,3.01295,1.22467,1.3361,10,48162,36.9398,4.29879
1776813400760329721,1.29292,-1.26562,0.297099,3.03316,1.25403,1.20638,10,48202,36.9705,4.29535
1776813400765319983,1.28977,-1.26562,-0.303693,3.02972,1.25403,1.20638,10,48215,36.9804,3.98945
1776813400770315189,1.28977,-1.24023,-0.293721,2.74921,1.96658,1.20108,10,48230,36.9919,2.60773
1776813400775322784,1.26768,-1.24023,-0.304307,1.36749,1.96658,1.20108,10,48223,36.9866,0.766601
1776813400780321694,1.26768,0.623047,-0.309678,1.38965,2.7364,2.12388,10,48212,36.9781,-1.68728
1776813400785325159,1.26768,0.623047,0.310206,-1.06424,2.7364,2.12388,10,48209,36.9758,-1.38043
1776813400790314755,1.26316,0.623047,0.303389,-0.757387,2.75333,2.09528,10,48208,36.9751,-0.614289
1776813400795312998,1.26316,0.623047,0.303389,-0.757387,2.75333,2.09528,10,48208,36.9751,-0.614289
1776813400800347907,1.26316,4.98828,0.302623,4.37399,1.67011,4.58346,10,48224,36.9873,1.22705
1776813400805302003,1.3024,4.98828,-0.274182,6.21533,1.67011,4.58346,10,48233,36.9942,1.68796
1776813400810325005,1.3024,4.98828,-0.274182,6.21533,1.67011,4.58346,10,48233,36.9942,1.68796
1776813400815314378,1.35279,1.5332,-0.197717,3.37304,2.24971,2.86114,10,48262,37.0165,1.83984
1776813400820368139,1.35279,0.779297,-0.19465,2.61914,2.02304,2.74411,10,48278,37.0288,2.30103
1776813400825407715,1.36174,0.779297,-0.173425,3.08032,2.02304,2.74411,10,48285,37.0341,1.99472
1776813400830340145,1.36174,1.14062,-0.168057,3.13535,2.40959,3.00507,10,48302,37.0472,1.99353
1776813400835397942,1.37131,1.14062,-0.145455,3.13415,2.40959,3.00507,10,48309,37.0525,1.6883
1776813400840339909,1.37131,0.978516,-0.140084,2.66681,3.17451,2.97127,10,48325,37.0648,1.68686
1776813400845319449,1.37799,0.978516,-0.121129,2.66537,3.17451,2.97127,10,48332,37.0702,1.84097
1776813400850338618,1.37799,0.904297,-0.115762,2.74527,3.93464,2.9698,10,48352,37.0855,1.99393
1776813400855297140,1.38895,0.904297,-0.0894594,2.89822,3.93464,2.9698,10,48361,37.0924,2.30149
1776813400860346623,1.38895,0.410156,-0.0825548,2.71164,3.40223,2.75492,10,48389,37.1139,2.76053
1776813400865429012,1.38895,0.410156,-0.0610781,3.17068,3.40223,2.75492,10,48400,37.1223,3.06839
1776813400870350257,1.39574,0.410156,-0.0458536,3.47855,2.62113,2.79614,10,48428,37.1438,3.37313
1776813400875317908,1.39574,-0.527344,-0.0243769,2.84579,2.62113,2.79614,10,48448,37.1591,3.37659
1776813400880312781,1.39298,-0.527344,-0.0117998,2.84925,2.41446,2.24502,10,48471,37.1768,3.22113
1776813400885322858,1.39298,-0.664062,0.00584319,2.55707,2.41446,2.24502,10,48491,37.1921,3.37381
1776813400890323842,1.39166,-0.664062,0.019866,2.70974,1.93642,2.15909,10,48514,37.2098,3.22189
1776813400895324104,1.39166,-0.650391,0.0375052,2.5715,1.93642,2.15909,10,48536,37.2266,3.52713
1776813400900316366,1.37995,-0.650391,0.0426665,2.87674,1.76336,2.09559,10,48560,37.2451,3.5293
1776813400905294554,1.37995,-0.667969,0.0610724,2.86133,1.76336,2.09559,10,48582,37.2619,3.52783
1776813400910367851,1.37847,-0.667969,0.0764685,2.85986,1.733,2.07654,10,48606,37.2803,3.52854
1776813400915348798,1.37847,-0.865234,0.0948744,2.6633,1.733,2.07654,10,48629,37.298,3.52859
1776813400920321061,1.36481,-0.865234,0.0988531,2.66336,2.03702,1.88054,10,48655,37.3179,3.83377
1776813400925318767,1.36481,-1.02539,0.118793,2.80838,2.03702,1.88054,10,48680,37.3371,3.8353
1776813400930324844,1.355,-1.02539,0.128165,2.80991,1.99496,1.72905,10,48706,37.357,3.8353
1776813400935381141,1.355,-1.1543,0.148105,2.681,1.99496,1.72905,10,48729,37.3747,3.82993
1776813400940325886,1.34707,-1.1543,0.177756,2.53281,1.81812,1.65557,10,48762,37.4,3.68711
1776813400945322981,1.34707,-1.11914,0.183127,2.56797,1.81812,1.65557,10,48783,37.4161,3.9847
1776813400950313354,1.32956,-1.11914,0.181724,2.86556,1.69891,1.5185,10,48811,37.4376,3.68416
1776813400955299449,1.32956,-1.08398,0.2032,2.60017,1.69891,1.5185,10,48830,37.4521,3.98788
1776813400960309803,1.32443,-1.08398,0.212638,2.9039,1.55981,1.50667,10,48857,37.4729,3.98945
1776813400965375971,1.32443,-1.09766,0.233348,2.89179,1.55981,1.50667,10,48883,37.4928,4.13951
1776813400970324179,1.30828,-1.09766,0.237144,3.04186,1.27902,1.39832,10,48914,37.5166,4.2963
1776813400975323551,1.30828,-1.14258,0.260921,3.15373,1.27902,1.39832,10,48941,37.5373,4.4487
1776813400980319850,1.30287,-1.14258,0.276221,3.30612,1.1586,1.3389,10,48970,37.5595,4.4487
1776813400985323945,1.30287,-1.15625,0.298465,3.29245,1.1586,1.3389,10,48997,37.5802,4.14283
1776813400990315559,1.28542,-1.15625,0.301711,2.98658,1.18402,1.22159,10,49026,37.6025,4.29373
1776813400995314821,1.28542,-1.14258,-0.304364,3.15115,1.18402,1.22159,10,49044,37.6155,3.8353
1776813401000425728,1.27974,-1.14258,-0.296239,2.69272,1.96258,1.19362,10,49049,37.6201,2.14767
1776813401005343548,1.27974,2.15625,-0.292401,4.30392,1.96258,1.19362,10,49032,37.6071,-1.53427
1776813401010319033,1.27974,2.15625,-0.30544,0.621979,2.72054,3.07395,10,49025,37.6017,-1.99472
1776813401015319258,1.27477,2.15625,0.312541,0.161527,2.72054,3.07395,10,49024,37.6009,-0.306702
1776813401020321242,1.27477,4.07422,0.311774,3.76752,3.18919,4.13585,10,49026,37.6025,-0.306702
1776813401025323078,1.31566,4.07422,-0.274117,3.76752,3.18919,4.13585,10,49032,37.6071,0.766601
1776813401030327266,1.31566,2.0625,-0.269513,2.8291,2.38535,3.24563,10,49049,37.6201,1.99432
1776813401035318194,1.34401,2.0625,-0.22812,4.05682,2.38535,3.24563,10,49057,37.6262,1.84097
1776813401040323456,1.34401,1.28906,-0.221986,3.13004,2.25405,2.9806,10,49078,37.6424,2.1481
1776813401045327052,1.35634,1.28906,-0.193551,3.43717,2.25405,2.9806,10,49085,37.6477,2.14682
1776813401050327832,1.35634,0.490234,-0.18818,2.63705,2.4002,2.60121,10,49104,37.6623,1.99396
1776813401055321576,1.36478,0.490234,-0.165169,2.48419,2.4002,2.60121,10,49111,37.6677,2.14467
1776813401060320430,1.36478,0.730469,-0.159802,2.87514,2.33431,2.78995,10,49128,37.6807,1.68965
1776813401065317396,1.37224,0.730469,-0.13931,2.42012,2.33431,2.78995,10,49136,37.6868,1.84097
1776813401070321714,1.37224,0.818359,-0.133172,2.65933,3.06113,2.88567,10,49158,37.7037,2.30195
1776813401075324031,1.37926,0.818359,-0.10928,3.12031,3.06113,2.88567,10,49166,37.7099,2.45046
1776813401080329663,1.37926,0.326172,-0.103142,2.77663,3.27483,2.648,10,49191,37.729,2.45782
1776813401085323444,1.37926,0.326172,-0.0839698,2.78399,3.27483,2.648,10,49201,37.7367,2.76163
1776813401090340761,1.38454,0.326172,-0.0710189,3.0878,2.59622,2.68018,10,49223,37.7536,2.76108
1776813401095320635,1.38454,-0.296875,-0.0541427,2.4642,2.59622,2.68018,10,49241,37.7674,2.60721
1776813401100318156,1.38459,-0.296875,-0.0402877,2.31033,2.42664,2.32536,10,49260,37.7819,2.91501
1776813401105289234,1.38459,-0.517578,-0.0257118,2.39743,2.42664,2.32536,10,49279,37.7965,2.91385
1776813401110314662,1.37774,-0.517578,-0.0179946,2.39627,1.96565,2.15778,10,49301,37.8134,3.21739
1776813401115328923,1.37774,-0.546875,-0.00112222,2.67051,1.96565,2.15778,10,49318,37.8264,3.22629
1776813401120318778,1.37477,-0.648438,0.0265954,2.87869,1.8551,2.12296,10,49347,37.8487,3.52713
1776813401125314392,1.3687,-0.648438,0.0251267,2.87869,1.8551,2.12296,10,49363,37.8609,3.52859
1776813401130321043,1.3687,-0.751953,0.0373986,2.77664,1.87487,1.96895,10,49399,37.8886,3.68192
1776813401135310231,1.3651,-0.751953,0.0614083,2.92997,1.87487,1.96895,10,49413,37.8993,3.83453
1776813401140326530,1.3651,-0.970703,0.0721467,2.86383,1.80923,1.8222,10,49453,37.93,3.98868
1776813401145322051,1.35629,-0.970703,0.0940164,3.01798,1.80923,1.8222,10,49466,37.9399,4.14117
1776813401150377442,1.35629,-1.05859,0.103984,3.08258,1.87319,1.71802,10,49503,37.9683,3.8353
1776813401155354871,1.35629,-1.05859,0.132366,2.7767,1.87319,1.71802,10,49517,37.9791,3.8353
1776813401160319022,1.34588,-1.05859,0.132697,2.77671,1.98805,1.65396,10,49549,38.0036,4.14034
1776813401165337840,1.34588,-1.06055,0.157241,3.0798,1.98805,1.65396,10,49573,38.022,3.833
1776813401170326861,1.33027,-1.06055,0.160034,2.77245,1.54801,1.55627,10,49598,38.0412,3.68489
1776813401175326549,1.33027,-1.05859,0.17921,2.6263,1.54801,1.55627,10,49620,38.0581,3.67971
1776813401180315367,1.32002,-1.05859,0.185836,2.62112,1.25446,1.49376,10,49646,38.078,3.68121
1776813401185325129,1.32002,-1.05078,0.205779,2.63043,1.25446,1.49376,10,49670,38.0964,3.68192
1776813401190342890,1.30897,-1.05078,0.213138,2.63114,1.29637,1.42935,10,49697,38.1171,3.99024
1776813401195314838,1.30897,-1.07422,0.233848,2.91602,1.29637,1.42935,10,49722,38.1363,3.98709
1776813401200338822,1.29895,-1.07422,0.242996,2.91287,1.40842,1.3533,10,49748,38.1562,3.8353
1776813401205303140,1.29895,-1.14453,0.262939,2.69077,1.40842,1.3533,10,49772,38.1746,3.8353
1776813401210312624,1.28801,-1.14453,0.270404,2.69077,1.42055,1.24459,10,49800,38.1961,4.14206
1776813401215379607,1.28801,-1.12695,0.291881,3.01511,1.42055,1.24459,10,49826,38.2161,4.14117
1776813401220335074,1.27645,-1.12695,0.300266,3.01422,1.31394,1.1818,10,49853,38.2368,3.98865
1776813401225344891,1.27645,-1.07617,-0.307347,2.91248,1.31394,1.1818,10,49876,38.2544,3.98788
1776813401230367801,1.26468,-1.07617,-0.287667,1.68435,1.87875,1.21075,10,49895,38.269,2.76053
1776813401235337230,1.26468,0.0976562,-0.2869,2.85818,1.87875,1.21075,10,49882,38.259,1.84134
1776813401240322344,1.25251,0.0976562,-0.30904,1.939,2.68801,1.72822,10,49869,38.249,-2.30057
1776813401245342994,1.25251,5.30469,0.309306,3.00412,2.68801,1.72822,10,49866,38.2467,-1.84097
1776813401250326905,1.27842,5.30469,-0.295399,3.46371,2.68721,4.86029,10,49862,38.2437,-0.306824
1776813401255324130,1.27842,3.70117,-0.298466,3.39435,2.68721,4.86029,10,49864,38.2452,-0.613403
1776813401260308337,1.30152,3.70117,-0.273842,3.08777,2.47795,4.09135,10,49874,38.2529,1.07346
1776813401265397319,1.30152,2.10742,-0.266171,3.18088,2.47795,4.09135,10,49880,38.2575,1.07379
1776813401270384248,1.33178,2.10742,-0.231308,3.18121,2.05732,3.37138,10,49892,38.2667,1.37905
1776813401275352289,1.33178,1.23047,-0.222104,2.60952,2.05732,3.37138,10,49904,38.2759,2.15025
1776813401280344254,1.35271,1.23047,-0.191964,3.38072,2.37889,3.0008,10,49917,38.2859,1.68728
1776813401285406885,1.35271,0.933594,-0.181996,2.62088,2.37889,3.0008,10,49930,38.2958,1.99472
1776813401290384611,1.35806,0.933594,-0.16668,2.92832,2.89292,2.86446,10,49948,38.3096,2.30103
1776813401295327282,1.35806,0.779297,-0.152874,3.08032,2.89292,2.86446,10,49958,38.3173,1.99356
1776813401300332543,1.35806,0.779297,-0.145203,2.77286,3.20286,2.77651,10,49974,38.3296,2.30103
1776813401305308936,1.37264,0.779297,-0.118351,3.08032,3.20286,2.77651,10,49987,38.3396,2.45389
1776813401310313772,1.37264,0.580078,-0.10838,3.03396,3.24658,2.75229,10,50011,38.358,2.45487
1776813401315324015,1.38114,0.580078,-0.0814671,3.03495,3.24658,2.75229,10,50021,38.3656,2.60721
1776813401320322536,1.38114,0.0410156,-0.0737957,2.64822,2.99738,2.49696,10,50047,38.3856,2.76184
1776813401325320946,1.38464,0.0410156,-0.0503658,2.80286,2.99738,2.49696,10,50062,38.3971,2.91443
1776813401330360041,1.38464,-0.132812,-0.0388607,2.78162,2.28608,2.41915,10,50085,38.4147,2.91443
1776813401335370580,1.38451,-0.132812,-0.0213474,2.78162,2.28608,2.41915,10,50095,38.4224,2.91385
1776813401340382675,1.38451,-0.375,-0.0136799,2.53885,1.92088,2.28032,10,50122,38.4431,2.76163
1776813401345345809,1.3817,-0.375,0.00422245,2.38663,1.92088,2.28032,10,50137,38.4546,2.91443
1776813401350330052,1.3817,-0.490234,0.0157276,2.42419,1.85667,2.19751,10,50161,38.473,2.91519
1776813401355317463,1.37537,-0.490234,0.0278087,2.42496,1.85667,2.19751,10,50173,38.4822,3.22177
1776813401360314614,1.37537,-0.519531,0.0370136,2.70224,2.03482,2.14223,10,50205,38.5068,3.22049
1776813401365326098,1.3729,-0.519531,0.0590854,2.70095,2.03482,2.14223,10,50222,38.5198,3.52789
1776813401370321341,1.3729,-0.742188,0.0721241,2.7857,2.21544,2.00022,10,50250,38.5413,3.52854
1776813401375319622,1.3729,-0.742188,0.0936008,2.78635,2.21544,2.00022,10,50262,38.5505,3.37516
1776813401380327439,1.36341,-0.824219,0.11095,2.55035,2.21544,1.94208,10,50291,38.5727,3.37457
1776813401385332053,1.35932,-0.824219,0.111473,2.55035,2.21544,1.94208,10,50314,38.5904,3.68118
1776813401390326704,1.35932,-1.04492,0.129112,2.63626,2.21522,1.74448,10,50341,38.6111,3.83606
1776813401395322151,1.34538,-1.04492,0.135879,2.79114,2.21522,1.74448,10,50359,38.6249,3.67971
1776813401400344728,1.33988,-1.07227,0.164123,2.7638,2.31338,1.64307,10,50397,38.654,3.83606
1776813401405322027,1.33988,-1.06445,0.173328,2.77161,2.31338,1.64307,10,50420,38.6717,3.9847
1776813401410308438,1.32892,-1.06445,0.180011,2.92024,1.5865,1.54571,10,50445,38.6901,4.13951
1776813401415358588,1.32892,-1.08398,0.199184,3.05553,1.5865,1.54571,10,50470,38.71,4.14698
1776813401420331017,1.3185,-1.08398,0.207939,3.06299,1.38221,1.46982,10,50500,38.733,4.29459
1776813401425324279,1.3185,-1.11719,0.230945,3.1774,1.38221,1.46982,10,50525,38.7522,4.29707
1776813401430324560,1.30763,-1.11719,0.23925,3.17988,1.33808,1.3831,10,50549,38.7706,4.142
1776813401435330784,1.30763,-1.15039,0.257656,2.99161,1.33808,1.3831,10,50581,38.7951,4.29535
1776813401440323713,1.30763,-1.15039,0.282199,3.14496,1.39514,1.36417,10,50611,38.8181,4.29287
1776813401445328771,1.28342,-1.15039,0.281002,3.14248,1.39514,1.36417,10,50630,38.8327,4.142
1776813401450333144,1.28342,-1.14062,0.295578,3.00137,1.39161,1.21793,10,50663,38.858,4.13703
1776813401455313481,1.26644,-1.14062,0.303905,2.99641,1.39161,1.21793,10,50682,38.8726,3.99348
1776813401460310465,1.26644,-1.11523,-0.309841,2.87824,1.42667,1.1252,10,50707,38.8918,3.52859
1776813401465391411,1.26067,-1.11523,-0.29644,2.41336,1.42667,1.1252,10,50707,38.8918,1.53382
1776813401470334952,1.26067,1.9707,-0.29644,3.50452,1.81394,2.84763,10,50688,38.8772,-1.68618
1776813401475327640,1.25477,1.9707,0.311412,0.284518,1.81394,2.84763,10,50682,38.8726,-2.14853
1776813401480326383,1.25477,4.8457,0.306812,2.69717,2.54804,4.44897,10,50682,38.8726,-0.15332
1776813401485320775,1.27228,4.8457,-0.304001,4.69238,2.54804,4.44897,10,50682,38.8726,0
1776813401490331315,1.27228,2.1543,-0.304001,2.1543,3.39584,3.02576,10,50695,38.8826,0.920105
1776813401495320558,1.32463,2.1543,-0.241673,3.0744,3.39584,3.02576,10,50704,38.8895,1.99432
1776813401500321191,1.32463,0.882812,-0.234772,2.87714,2.73293,2.62903,10,50720,38.9018,1.53427
1776813401505320564,1.33254,0.882812,-0.214592,2.41708,2.73293,2.62903,10,50731,38.9102,2.45241
1776813401510319641,1.33254,0.490234,-0.206154,2.94265,2.18659,2.45432,10,50747,38.9225,1.99476
1776813401515320588,1.34708,0.490234,-0.171677,2.48496,1.85029,2.54416,10,50763,38.9347,1.99472
1776813401520356516,1.34708,0.755859,-0.167072,2.75058,1.85029,2.54416,10,50774,38.9432,1.99432
1776813401525350796,1.35418,0.755859,-0.151535,2.75018,1.85029,2.54416,10,50783,38.9501,1.99432
1776813401530324818,1.35418,0.888672,-0.144631,2.883,1.97278,2.81501,10,50795,38.9593,1.38016
1776813401535320599,1.36134,0.888672,-0.128266,2.26883,1.97278,2.81501,10,50805,38.9669,1.99393
1776813401540319565,1.36134,0.927734,-0.120598,2.92166,2.85237,2.88129,10,50822,38.98,1.99472
1776813401545323419,1.36592,0.927734,-0.102978,2.92246,2.85237,2.88129,10,50834,38.9892,2.29827
1776813401550320274,1.36592,0.306641,-0.0937731,2.60491,3.40707,2.55536,10,50855,39.0053,2.61138
1776813401555325758,1.37545,0.306641,-0.0681421,2.91802,3.40707,2.55536,10,50868,39.0153,2.60773
1776813401560310094,1.37545,0.015625,-0.0581705,2.62335,3.23221,2.44775,10,50892,39.0337,2.76053
1776813401565319726,1.37628,0.015625,-0.0389291,2.77615,3.23221,2.44775,10,50906,39.0444,3.06717
1776813401570332266,1.37628,-0.462891,-0.0281908,2.60428,2.30014,2.18007,10,50931,39.0636,2.76218
1776813401575332880,1.37205,-0.462891,-0.0132448,2.29929,2.30014,2.18007,10,50946,39.0751,3.21932
1776813401580324457,1.37205,-0.394531,-0.00173966,2.82479,2.16319,2.19321,10,50972,39.095,3.22049
1776813401585330089,1.36958,-0.394531,0.0280035,2.67632,1.80089,2.17807,10,51000,39.1165,3.07085
1776813401590318925,1.36958,-0.339844,0.0372046,2.73101,1.80089,2.17807,10,51015,39.128,3.37457
1776813401595350798,1.36579,-0.339844,0.0449141,3.03473,1.80089,2.17807,10,51037,39.1449,3.52783
1776813401600349801,1.36579,-0.484375,0.0617903,3.04346,2.07897,2.10364,10,51062,39.1641,3.37448
1776813401605352433,1.35974,-0.484375,0.0749205,2.89011,2.07897,2.10364,10,51085,39.1817,3.8353
1776813401610327195,1.35974,-0.625,0.0925635,3.2103,2.09926,1.98641,10,51111,39.2016,3.68192
1776813401615321680,1.35698,-0.625,0.109737,3.05692,2.09926,1.98641,10,51129,39.2155,3.83453
1776813401620345645,1.35698,-0.869141,0.123543,2.96539,2.25405,1.83027,10,51159,39.2385,3.68045
1776813401625322148,1.3495,-0.869141,0.13908,2.81131,2.25405,1.83027,10,51182,39.2561,3.53001
1776813401630336947,1.3495,-0.935547,0.156723,2.59446,2.22901,1.74642,10,51207,39.2753,3.83377
1776813401635336468,1.34027,-0.935547,0.166664,2.89822,2.22901,1.74642,10,51225,39.2891,3.68195
1776813401640333527,1.34027,-0.880859,0.180469,2.80109,1.8739,1.72064,10,51256,39.3129,3.68045
1776813401645315270,1.33109,-0.880859,0.195061,2.79959,1.8739,1.72064,10,51273,39.3251,3.68268
1776813401650322699,1.33109,-0.9375,0.208099,2.74518,1.54313,1.63149,10,51303,39.3489,3.52783
1776813401655317165,1.31826,-0.9375,0.232082,2.74371,1.4744,1.55179,10,51334,39.3727,3.68121
1776813401660323149,1.31826,-1.01172,0.242054,2.66949,1.4744,1.55179,10,51353,39.3873,3.98948
1776813401665319244,1.30848,-1.01172,0.246853,2.97776,1.4744,1.55179,10,51379,39.4072,4.13621
1776813401670314081,1.30848,-1.05273,0.266796,3.08347,1.74352,1.42518,10,51408,39.4294,4.14698
1776813401675314861,1.30243,-1.05273,0.282982,3.09424,1.74352,1.42518,10,51427,39.444,3.98868
1776813401680357326,1.30243,-1.07227,0.297554,2.91642,1.5338,1.37618,10,51464,39.4724,4.29449
1776813401685321052,1.29209,-1.07227,-0.312717,3.22222,1.5338,1.37618,10,51488,39.4908,4.44781
1776813401690332073,1.29209,-1.0625,-0.294308,3.38531,1.50905,1.317,10,51494,39.4954,2.76108
1776813401695409629,1.28135,-1.0625,-0.300449,1.69858,1.50905,1.317,10,51479,39.4839,-1.2273
1776813401700343096,1.28135,0.712891,-0.311954,-0.514407,2.35683,2.26142,10,51466,39.4739,-2.45339
1776813401705297841,1.27604,0.712891,0.301079,-1.7405,2.35683,2.26142,10,51466,39.4739,-0.614412
1776813401710311195,1.27604,5.21094,0.301079,4.59653,2.84892,4.7918,10,51466,39.4739,0
1776813401715324605,1.31309,5.21094,-0.290188,5.21094,2.84892,4.7918,10,51469,39.4762,0
1776813401720377940,1.31309,1.38477,-0.287887,1.38477,2.10678,2.84331,10,51484,39.4877,1.8406
1776813401725330592,1.31309,1.38477,-0.276382,3.22537,2.10678,2.84331,10,51489,39.4916,1.22757
1776813401730319873,1.33928,1.38477,-0.246361,2.61234,2.15535,3.00588,10,51504,39.5031,1.99356
1776813401735330449,1.33928,1.69727,-0.234856,3.69083,2.15535,3.00588,10,51518,39.5138,2.14767
1776813401740322452,1.35289,1.69727,-0.210499,3.84494,2.02936,3.26799,10,51531,39.5238,1.53427
1776813401745325714,1.35289,1.0625,-0.200531,2.59677,2.02936,3.26799,10,51543,39.533,2.14767
1776813401750332735,1.3656,1.0625,-0.178623,3.21017,2.26751,2.98418,10,51555,39.5422,1.83984
1776813401755388163,1.3656,1.00586,-0.169418,2.8457,2.26751,2.98418,10,51566,39.5506,1.68796
1776813401760333093,1.38179,1.00586,-0.144794,2.69382,2.94996,3.05084,10,51581,39.5621,1.99472
1776813401765327318,1.38179,0.982422,-0.133289,2.97714,2.94996,3.05084,10,51595,39.5729,2.14725
1776813401770320265,1.39282,0.982422,-0.111515,3.12967,3.76909,3.10461,10,51614,39.5874,2.45487
1776813401775320360,1.39282,0.326172,-0.0969428,2.78104,3.76909,3.10461,10,51631,39.6005,2.91385
1776813401780320937,1.39949,0.326172,-0.0772399,3.24002,3.62579,2.77096,10,51649,39.6143,2.76108
1776813401785328180,1.39949,-0.333984,-0.0634307,2.42709,3.62579,2.77096,10,51667,39.6281,2.76053
1776813401790323961,1.39932,-0.333984,-0.0497932,2.42654,3.20516,2.39366,10,51689,39.645,3.06901
1776813401795351297,1.39932,-0.650391,-0.0329208,2.41862,3.20516,2.39366,10,51709,39.6603,3.06854
1776813401800356281,1.39932,-0.650391,-0.0175819,2.41815,2.31806,2.21331,10,51732,39.6779,3.22113
1776813401805328136,1.39415,-0.650391,-0.0051078,2.57074,2.31806,2.21331,10,51748,39.6902,3.37448
1776813401810311639,1.39415,-0.646484,0.0071641,2.728,1.98785,2.1842,10,51774,39.7102,3.22125
1776813401815320567,1.38785,-0.646484,0.0208093,2.57476,1.98785,2.1842,10,51790,39.7224,3.22049
1776813401820322292,1.38785,-0.707031,0.0330812,2.51345,1.64069,2.11143,10,51817,39.7431,3.37516
1776813401825332221,1.37846,-0.707031,0.0443955,2.66813,1.64069,2.11143,10,51834,39.7562,3.37592
1776813401830320279,1.37846,-0.748047,0.0574342,2.62787,1.86198,2.03083,10,51866,39.78,3.68118
1776813401835322115,1.37401,-0.748047,0.07753,2.93314,1.86198,2.03083,10,51884,39.7945,3.83453
1776813401840319489,1.37401,-0.962891,0.0913354,2.87164,2.00427,1.88121,10,51917,39.8198,3.8353
1776813401845326269,1.36222,-0.962891,0.104858,2.87241,2.00427,1.88121,10,51935,39.8336,3.98785
1776813401850329420,1.36222,-1.03906,0.118664,2.94879,2.08282,1.7656,10,51970,39.8605,4.142
1776813401855326886,1.3562,-1.03906,0.139481,3.10294,2.08282,1.7656,10,51996,39.8804,4.29459
1776813401860325185,1.3562,-1.17188,0.159424,3.12271,1.97996,1.6529,10,52026,39.9034,4.29621
1776813401865321465,1.34499,-1.17188,0.171227,3.12433,1.97996,1.6529,10,52046,39.9188,4.29535
1776813401870325412,1.34499,-1.2168,0.186565,3.07855,1.81683,1.55828,10,52081,39.9456,4.14041
1776813401875394006,1.34499,-1.2168,0.21341,2.92361,1.81683,1.55828,10,52102,39.9617,4.44959
1776813401880344177,1.33304,-1.2168,0.217571,3.23279,1.63655,1.4844,10,52133,39.9855,4.29363
1776813401885323791,1.33304,-1.21484,0.241348,3.07879,1.63655,1.4844,10,52165,40.0101,4.45048
1776813401890328053,1.30996,-1.21484,0.242813,3.23564,1.22285,1.34201,10,52193,40.0315,4.14124
1776813401895332833,1.30996,-1.23047,0.264286,2.91077,1.22285,1.34201,10,52219,40.0515,3.98865
1776813401900329225,1.29786,-1.23047,0.272129,2.75818,1.22823,1.25742,10,52250,40.0752,4.4487
1776813401905321987,1.29786,-1.23828,0.295906,3.21042,1.22823,1.25742,10,52274,40.0937,4.29535
1776813401910323342,1.28569,-1.23828,0.302139,3.05707,1.45324,1.17655,10,52287,40.1036,3.37313
1776813401915333048,1.28569,-0.648438,0.312111,2.72469,1.45324,1.17655,10,52283,40.1006,0.766754
1776813401920319477,1.27483,-0.648438,0.298184,0.118317,1.67865,1.44433,10,52268,40.0891,-1.99432
1776813401925318554,1.27483,1.99219,0.286678,-0.00213647,1.67865,1.44433,10,52265,40.0868,-1.53351
1776813401930327056,1.27815,1.99219,0.287697,0.458679,2.78656,2.97041,10,52264,40.086,-0.153382
1776813401935329911,1.27815,2.76953,0.28693,2.61615,2.78656,2.97041,10,52265,40.0868,0
1776813401940326469,1.33692,2.76953,-0.281852,2.76953,2.15534,3.78061,10,52279,40.0975,1.07346
1776813401945321528,1.33692,0.894531,-0.271114,1.96799,2.15534,3.78061,10,52287,40.1036,1.68762
1776813401950329382,1.35737,0.894531,-0.237625,2.42804,2.25799,2.71186,10,52303,40.1159,1.53351
1776813401955317848,1.35737,1.4668,-0.232258,3.00031,2.25799,2.71186,10,52310,40.1213,1.99472
1776813401960308870,1.37093,1.4668,-0.213321,3.46152,2.18833,3.24729,10,52322,40.1305,1.53427
1776813401965330242,1.37093,1.25391,-0.20412,2.78818,2.18833,3.24729,10,52335,40.1404,1.99432
1776813401970389225,1.3819,1.25391,-0.183181,3.24823,1.76455,3.19293,10,52348,40.1504,1.99356
1776813401975332026,1.3819,0.789062,-0.17321,2.78262,1.76455,3.19293,10,52358,40.1581,1.83803
1776813401980320917,1.39242,0.789062,-0.155014,2.62709,2.41621,2.99197,10,52368,40.1658,1.68999
1776813401985326476,1.39242,1.20117,-0.147346,2.89116,2.41621,2.99197,10,52382,40.1765,1.84097
1776813401990321460,1.40351,1.20117,-0.125518,3.04214,3.04903,3.2941,10,52394,40.1857,1.99356
1776813401995316741,1.40351,0.775391,-0.116314,2.76895,3.04903,3.2941,10,52413,40.2003,2.30057
1776813402000340780,1.41305,0.775391,-0.0922085,3.07596,3.81638,3.10898,10,52432,40.2148,2.76163
1776813402005337042,1.41305,-0.0507812,-0.0776363,2.71085,3.81638,3.10898,10,52450,40.2286,2.76239
1776813402010320101,1.41661,-0.0507812,-0.0602718,2.71161,3.73478,2.65952,10,52473,40.2463,3.06717
1776813402015326567,1.41661,-0.677734,-0.0426289,2.38943,3.73478,2.65952,10,52494,40.2624,3.52642
1776813402020321736,1.41661,-0.677734,-0.0265232,2.84869,2.89991,2.30215,10,52519,40.2816,3.53001
1776813402025366276,1.41245,-0.677734,-0.0115124,2.85227,2.89991,2.30215,10,52536,40.2946,3.52713
1776813402030365390,1.41245,-0.677734,-0.0115124,2.85227,2.89991,2.30215,10,52536,40.2946,3.52713
1776813402035331745,1.41245,-0.726562,0.00153004,2.80056,2.07079,2.24924,10,52583,40.3307,3.52783
1776813402040325378,1.40178,-0.701172,0.0453228,2.82595,2.03727,2.1848,10,52618,40.3575,3.52713
1776813402045326325,1.39465,-0.701172,0.0466312,2.82595,2.03727,2.1848,10,52636,40.3713,3.98466
1776813402050330439,1.39465,-0.890625,0.0604366,3.09404,2.12854,2.04809,10,52668,40.3959,3.8399
1776813402055334442,1.38673,-0.890625,0.0770534,2.94928,2.12854,2.04809,10,52682,40.4066,3.98709
1776813402060346797,1.38673,-0.984375,0.0877918,3.00271,2.13697,1.94649,10,52720,40.4357,3.83606
1776813402065320671,1.38211,-0.984375,0.112316,2.85169,2.13697,1.94649,10,52740,40.4511,3.98709
1776813402070325581,1.38211,-1.29492,0.127655,2.69217,2.14876,1.74135,10,52774,40.4771,4.142
1776813402075323084,1.36526,-1.29492,0.136887,2.84708,2.14876,1.74135,10,52789,40.4887,4.29621
1776813402080315550,1.36526,-1.34961,0.148392,2.9466,1.87808,1.60723,10,52827,40.5178,3.98709
1776813402085316072,1.35858,-1.34961,0.170864,2.63748,1.87808,1.60723,10,52847,40.5324,3.98945
1776813402090327537,1.35858,-1.38867,0.186203,2.60077,1.63281,1.544,10,52881,40.5592,4.142
1776813402095316281,1.35858,-1.38867,0.212281,2.75333,1.63281,1.544,10,52896,40.5707,4.29459
1776813402100315284,1.33786,-1.38867,0.203061,2.90591,1.28633,1.41625,10,52932,40.5983,4.29449
1776813402105292306,1.33786,-1.38867,0.203061,2.90591,1.28633,1.41625,10,52932,40.5983,4.29449
1776813402110316809,1.31743,-1.31641,0.253964,3.12519,1.25139,1.45744,10,52996,40.6474,4.44159
1776813402115313960,1.31743,-1.33398,0.259331,3.10761,1.25139,1.45744,10,53019,40.6651,4.60866
1776813402120319851,1.31151,-1.33398,0.271054,3.27468,1.40076,1.28378,10,53058,40.695,4.90385
1776813402125315799,1.31151,-1.41211,0.300969,3.49174,1.40076,1.28378,10,53081,40.7126,4.76016
1776813402130437633,1.2902,-1.41211,0.297291,3.34805,1.9244,1.1058,10,53107,40.7326,4.29449
1776813402135365933,1.2902,-1.4082,-0.311084,2.88629,1.9244,1.1058,10,53109,40.7341,2.30149
1776813402140318937,1.28325,-1.4082,0.311825,0.893283,2.53001,1.06437,10,53090,40.7195,-1.38064
1776813402145355625,1.28325,3.36523,0.297253,1.98459,2.53001,1.06437,10,53088,40.718,-1.68652
1776813402150328221,1.28438,3.36523,0.296841,1.67871,2.39222,3.79229,10,53088,40.718,-0.153412
1776813402155295762,1.28438,4.75586,0.296841,4.60245,2.39222,3.79229,10,53089,40.7188,0
1776813402160310912,1.30208,4.75586,-0.313003,4.75586,2.33323,4.69607,10,53098,40.7257,0.460237
1776813402165382969,1.30208,1.35742,-0.306102,1.81766,2.33323,4.69607,10,53110,40.7349,1.99393
1776813402170380806,1.30208,1.35742,-0.296897,3.35135,2.08718,2.75896,10,53124,40.7456,1.5332
1776813402175347495,1.347,1.35742,-0.241241,2.89062,2.08718,2.75896,10,53131,40.751,1.99472
1776813402180318906,1.347,1.35742,-0.241241,2.89062,2.08718,2.75896,10,53131,40.751,1.99472
1776813402185331834,1.347,1.07812,-0.235874,3.07285,2.03615,2.87881,10,53159,40.7724,1.84245
1776813402190320263,1.36508,1.10156,-0.187881,3.24967,2.22556,2.98992,10,53175,40.7847,2.1481
1776813402195339896,1.37541,1.10156,-0.173717,3.24967,2.22556,2.98992,10,53184,40.7916,1.84058
1776813402200337473,1.37541,0.902344,-0.166812,2.74292,3.30079,2.95295,10,53201,40.8047,1.84097
1776813402205306865,1.38443,0.902344,-0.144752,2.74332,3.30079,2.95295,10,53209,40.8108,2.14767
1776813402210316720,1.38443,0.847656,-0.138618,2.99533,3.51615,2.97679,10,53231,40.8277,2.30149
1776813402215322500,1.38869,0.847656,-0.117488,3.14914,3.51615,2.97679,10,53240,40.8346,2.45389
1776813402220313744,1.38869,0.109375,-0.110587,2.56326,3.31364,2.58185,10,53267,40.8553,2.76108
1776813402225383338,1.39645,0.109375,-0.0821184,2.87045,3.31364,2.58185,10,53282,40.8668,2.91501
1776813402230323824,1.39645,-0.109375,-0.0706133,2.80564,2.37138,2.50428,10,53306,40.8852,2.91443
1776813402235321920,1.39646,-0.109375,-0.0521959,2.80505,2.37138,2.50428,10,53316,40.8929,3.06793
1776813402240324738,1.39646,-0.513672,-0.0445245,2.55426,2.06747,2.27389,10,53344,40.9143,2.91443
1776813402245312648,1.39646,-0.513672,-0.0230478,2.40076,2.06747,2.27389,10,53354,40.922,2.91443
1776813402250317521,1.39047,-0.513672,-0.0213655,2.40076,1.77011,2.23757,10,53379,40.9412,3.06778
1776813402255295247,1.39047,-0.466797,-0.00218902,2.60098,1.77011,2.23757,10,53401,40.9581,3.06839
1776813402260319101,1.38568,-0.466797,0.00989593,2.6016,1.9769,2.23516,10,53429,40.9795,3.52577
1776813402265309012,1.38568,-0.582031,0.0313727,2.94374,1.9769,2.23516,10,53446,40.9926,3.52995
1776813402270314756,1.37813,-0.582031,0.036862,2.94792,2.17841,2.12346,10,53476,41.0156,3.52859
1776813402275313314,1.37813,-0.847656,0.0598723,2.68094,2.17841,2.12346,10,53495,41.0302,3.68118
1776813402280343131,1.37107,-0.847656,0.0673834,2.83353,2.16902,1.92892,10,53529,41.0562,4.13869
1776813402285344005,1.37107,-1.11523,0.0934607,3.02345,2.16902,1.92892,10,53550,41.0723,4.14455
1776813402290331193,1.36141,-1.11523,0.0999075,3.02932,2.01223,1.71722,10,53585,41.0992,4.29449
1776813402295322955,1.36141,-1.16797,0.126755,3.12652,2.01223,1.71722,10,53604,41.1138,4.14283
1776813402300313977,1.34971,-1.16797,0.129624,2.97486,1.93094,1.61522,10,53637,41.1391,3.98868
1776813402305295869,1.34971,-1.14648,0.154935,2.8422,1.93094,1.61522,10,53658,41.1552,4.142
1776813402310314539,1.33792,-1.14648,0.159245,2.99551,1.57816,1.55466,10,53691,41.1805,4.142
1776813402315315190,1.33792,-1.0957,0.184556,3.0463,1.57816,1.55466,10,53711,41.1958,4.14117
1776813402320320730,1.33792,-1.0957,0.199895,3.04547,1.26164,1.58361,10,53742,41.2196,3.83453
1776813402325313566,1.32697,-1.0957,0.212727,2.73883,1.26164,1.58361,10,53763,41.2357,3.98865
1776813402330313143,1.32697,-1.0957,0.212727,2.73883,1.26164,1.58361,10,53763,41.2357,3.98865
1776813402335312942,1.31035,-1.15234,0.249798,3.14215,1.36542,1.48351,10,53819,41.2787,4.29449
1776813402340324427,1.31035,-1.2168,0.255166,3.07769,1.34207,1.34332,10,53851,41.3032,4.142
1776813402345315763,1.29812,-1.2168,0.267483,2.9252,1.34207,1.34332,10,53866,41.3147,4.14206
1776813402350318173,1.29812,-1.26367,0.278988,2.87839,1.19053,1.24014,10,53907,41.3461,4.14117
1776813402355291992,1.29194,-1.26367,0.304249,2.8775,1.19053,1.24014,10,53926,41.3607,4.4487
1776813402360355641,1.29194,-1.28125,-0.309493,3.16745,2.06018,1.19134,10,53937,41.3692,3.06717
1776813402365322460,1.27285,-1.28125,0.308167,1.78592,2.06018,1.19134,10,53927,41.3615,-0.153412
1776813402370318630,1.27285,-0.595703,0.3005,-0.749115,2.85684,1.46187,10,53912,41.35,-2.45389
1776813402375326151,1.26909,-0.595703,0.285237,-3.04959,2.85684,1.46187,10,53912,41.35,-0.766754
1776813402380317747,1.26909,-0.595703,0.285237,-3.04959,2.85684,1.46187,10,53912,41.35,-0.766754
1776813402385321379,1.31466,4.11914,-0.296748,4.27243,2.85684,4.12561,10,53916,41.3531,0.15329
1776813402390318568,1.31466,2.07031,-0.294448,2.2236,1.76406,3.24383,10,53928,41.3623,1.53412
1776813402395325385,1.31466,2.07031,-0.285243,3.60443,1.76406,3.24383,10,53934,41.3669,1.53427
1776813402400319610,1.34299,2.07031,-0.252315,3.60458,2.03533,3.41957,10,53947,41.3768,1.53396
1776813402405344539,1.34299,1.4707,-0.242343,3.00467,2.03533,3.41957,10,53961,41.3876,1.99396
1776813402410386911,1.36395,1.4707,-0.210643,3.46466,1.96907,3.20674,10,53970,41.3945,1.68796
1776813402415338971,1.36395,1.29102,-0.203746,2.97898,1.96907,3.20674,10,53986,41.4067,1.99432
1776813402420319382,1.3752,1.29102,-0.180221,3.28534,2.19176,3.17318,10,54000,41.4175,2.14767
1776813402425320866,1.3752,0.792969,-0.169482,2.94064,2.19176,3.17318,10,54012,41.4267,1.84097
1776813402430317536,1.38537,0.792969,-0.150104,2.63394,2.55925,2.95133,10,54025,41.4367,2.14691
1776813402435334131,1.38537,0.849609,-0.140132,2.99652,2.55925,2.95133,10,54043,41.4505,2.45438
1776813402440319523,1.39496,0.849609,-0.116737,3.30399,3.27867,3.04188,10,54062,41.465,2.30057
1776813402445363692,1.39496,0.451172,-0.102164,2.75174,3.27867,3.04188,10,54079,41.4781,3.06916
1776813402450348547,1.40145,0.451172,-0.0826331,3.52033,3.75861,2.85413,10,54095,41.4903,2.76053
1776813402455305125,1.40145,-0.158203,-0.0703612,2.60232,3.75861,2.85413,10,54117,41.5072,2.91385
1776813402460316257,1.40268,-0.158203,-0.0522681,2.75564,3.39504,2.51418,10,54140,41.5249,3.06778
1776813402465311909,1.40268,-0.607422,-0.0346252,2.46036,3.39504,2.51418,10,54161,41.541,3.5293
1776813402470323467,1.39889,-0.607422,-0.0069686,2.91759,2.55092,2.25813,10,54191,41.564,3.52501
1776813402475376135,1.39889,-0.607422,-0.0069686,2.91759,2.55092,2.25813,10,54191,41.564,3.52501
1776813402480329676,1.39124,-0.783203,0.0199021,2.59137,2.04708,2.13499,10,54236,41.5985,3.37457
1776813402485341975,1.39124,-0.792969,0.0275735,2.5816,2.04708,2.13499,10,54256,41.6138,3.37448
1776813402490328275,1.3833,-0.792969,0.0349702,2.58151,1.86315,2.03472,10,54276,41.6292,3.37381
1776813402495332278,1.3833,-0.845703,0.0503091,2.5281,1.86315,2.03472,10,54298,41.646,3.68342
1776813402500316355,1.37542,-0.845703,0.0593041,2.83772,1.98392,1.95659,10,54325,41.6668,3.67971
1776813402505291636,1.37542,-0.927734,0.0800103,2.75198,1.98392,1.95659,10,54352,41.6875,3.83606
1776813402510331398,1.3664,-0.927734,0.0917062,2.90833,2.23844,1.8547,10,54374,41.7043,3.8353
1776813402515339790,1.3664,-1.06641,0.108579,2.76889,2.23844,1.8547,10,54399,41.7235,3.8353
1776813402520327126,1.35648,-1.06641,0.117829,2.76889,2.29485,1.71474,10,54428,41.7458,4.142
1776813402525314648,1.35648,-1.22656,0.140073,2.91544,2.29485,1.71474,10,54459,41.7695,4.29459
1776813402530324965,1.34503,-1.22656,0.152398,3.06802,2.24032,1.55293,10,54483,41.7879,4.14117
1776813402535320783,1.34503,-1.26172,0.170804,2.87945,2.24032,1.55293,10,54508,41.8071,4.142
1776813402540320212,1.34503,-1.26172,0.18998,2.88028,1.7489,1.5329,10,54538,41.8301,4.29621
1776813402545314993,1.33262,-1.26172,0.200585,3.03449,1.7489,1.5329,10,54565,41.8508,4.29459
1776813402550323570,1.33262,-1.26172,0.200585,3.03449,1.7489,1.5329,10,54565,41.8508,4.29459
1776813402555368590,1.33262,-1.16602,0.221291,3.12857,1.32272,1.51076,10,54617,41.8907,4.29449
1776813402560404074,1.31429,-1.17188,0.264321,3.12433,1.39524,1.39685,10,54658,41.9222,4.29621
1776813402565367356,1.3025,-1.17188,0.262502,3.12433,1.39524,1.39685,10,54679,41.9383,4.44794
1776813402570330267,1.3025,-1.19922,0.278607,3.24872,1.16057,1.30429,10,54715,41.9659,4.4487
1776813402575315344,1.29075,-1.19922,0.294465,3.24948,1.16057,1.30429,10,54730,41.9774,4.4487
1776813402580316643,1.29075,-1.23438,0.30597,3.21433,1.6554,1.21057,10,54755,41.9966,3.83223
1776813402585323387,1.28474,-1.23438,-0.309176,2.59786,1.6554,1.21057,10,54751,41.9935,1.22806
1776813402590316335,1.28474,-1.23438,-0.309176,2.59786,1.6554,1.21057,10,54751,41.9935,1.22806
1776813402595353689,1.27046,0.361328,0.287221,-0.865724,1.6554,2.08237,10,54732,41.9789,-1.22705
1776813402600331377,1.27046,5.28516,0.287221,4.0581,2.89882,4.79887,10,54732,41.9789,-0.15332
1776813402605421193,1.30993,5.28516,-0.301627,5.13184,2.89882,4.79887,10,54735,41.9812,0
1776813402610364605,1.30993,2.37891,-0.299327,2.37891,2.36193,3.39025,10,54749,41.992,1.22656
1776813402615322497,1.30993,2.37891,-0.288588,3.60547,2.36193,3.39025,10,54755,41.9966,1.99512
1776813402620320278,1.34158,2.37891,-0.252337,4.37403,2.43192,3.58678,10,54768,42.0065,1.53351
1776813402625335670,1.34158,2.37891,-0.252337,4.37403,2.43192,3.58678,10,54768,42.0065,1.53351
1776813402630314377,1.36073,1.46875,-0.20098,3.616,2.02255,3.06799,10,54803,42.0334,2.14725
1776813402635330287,1.36073,0.949219,-0.196379,3.09646,2.02255,3.06799,10,54817,42.0441,2.14853
1776813402640353493,1.37277,0.949219,-0.17359,3.09775,2.07273,2.96354,10,54829,42.0533,2.4529
1776813402645339533,1.37277,0.566406,-0.164386,3.01931,2.07273,2.96354,10,54840,42.0618,1.84171
1776813402650315963,1.378,0.566406,-0.150725,2.40812,2.38646,2.77728,10,54855,42.0733,1.99472
1776813402655315170,1.378,0.876953,-0.13922,2.87168,2.38646,2.77728,10,54869,42.084,2.14682
1776813402660308950,1.38144,0.876953,-0.125041,3.02377,3.24739,2.97527,10,54882,42.094,2.30072
1776813402665355601,1.38144,0.373047,-0.115069,2.67377,3.24739,2.97527,10,54903,42.1101,2.60849
1776813402670320956,1.39167,0.373047,-0.0887364,2.98154,3.44525,2.75027,10,54921,42.1239,3.06839
1776813402675319737,1.39167,-0.00585938,-0.074931,3.06253,3.44525,2.75027,10,54946,42.1431,3.37448
1776813402680328480,1.39234,-0.00585938,-0.0550793,3.36862,3.46696,2.53838,10,54972,42.163,3.52789
1776813402685323669,1.39234,-0.808594,-0.0351399,2.7193,3.46696,2.53838,10,54993,42.1791,3.52783
1776813402690323116,1.38641,-0.808594,-0.00962339,2.87259,2.27883,2.08082,10,55024,42.2029,3.68118
1776813402695316564,1.38641,-0.882812,-0.00118528,2.79837,2.27883,2.08082,10,55046,42.2198,3.52859
1776813402700350288,1.37754,-0.882812,0.00681035,2.64578,2.23039,1.94837,10,55067,42.2359,3.83453
1776813402705318829,1.37754,-0.855469,0.022916,2.97906,2.23039,1.94837,10,55092,42.255,3.83606
1776813402710317924,1.36867,-0.855469,0.0332309,2.9806,1.8199,1.9098,10,55113,42.2711,3.98705
1776813402715319687,1.36867,-0.857422,0.0493366,3.12963,1.8199,1.9098,10,55136,42.2888,3.68118
1776813402720326597,1.36591,-0.857422,0.0642101,2.82376,1.59075,1.89172,10,55163,42.3095,3.99024
1776813402725346062,1.36591,-0.998047,0.0849163,2.9922,1.59075,1.89172,10,55193,42.3325,3.98709
1776813402730385101,1.35042,-0.998047,0.0924427,2.98904,1.69523,1.71643,10,55216,42.3501,3.98865
1776813402735340624,1.35042,-1.06445,0.110086,2.92419,1.69523,1.71643,10,55241,42.3685,4.14117
1776813402740313979,1.34735,-1.06445,0.126187,3.07672,1.95739,1.65967,10,55268,42.39,3.83607
1776813402745315482,1.34735,-1.21875,0.146897,2.61732,1.95739,1.65967,10,55297,42.4123,3.83453
1776813402750327578,1.32768,-1.21875,0.149476,2.61578,1.67018,1.45007,10,55320,42.4299,4.14124
1776813402755306507,1.32768,-1.25195,0.167115,2.88928,1.67018,1.45007,10,55345,42.4491,4.14283
1776813402760309732,1.32768,-1.25195,0.186292,2.89087,1.63984,1.43115,10,55372,42.4698,3.98865
1776813402765323753,1.32417,-1.25195,0.203485,2.73669,1.63984,1.43115,10,55397,42.489,3.98629
1776813402770316479,1.32417,-1.25,0.222661,2.73629,1.43477,1.41045,10,55432,42.5158,4.14117
1776813402775322907,1.30314,-1.25,0.228471,2.89117,1.43477,1.41045,10,55453,42.5319,4.29793
1776813402780317077,1.30314,-1.24805,0.244577,3.04988,1.36696,1.28043,10,55490,42.5603,4.44705
1776813402785327191,1.28444,-1.24805,0.254255,3.199,1.36696,1.28043,10,55510,42.5756,4.29621
1776813402790322842,1.28444,-1.25977,0.269597,3.03644,1.34061,1.15644,10,55548,42.6048,4.4487
1776813402795323475,1.28096,-1.25977,0.29527,3.18893,1.34061,1.15644,10,55569,42.6209,4.60205
1776813402800316922,1.28096,-1.25,0.311376,3.35205,1.29381,1.14013,10,55595,42.6408,4.13958
1776813402805316962,1.2596,-1.25,0.309949,2.88958,1.29381,1.14013,10,55592,42.6385,1.22782
1776813402810314558,1.2596,-1.0918,0.307649,0.136018,1.93816,1.09523,10,55567,42.6194,-3.06778
1776813402815336986,1.25633,-1.0918,0.285203,-4.15958,1.93816,1.09523,10,55567,42.6194,-1.22757
1776813402820319786,1.25633,5.22656,0.285203,3.99899,2.73159,4.67595,10,55566,42.6186,0
1776813402825334696,1.28932,5.22656,-0.310885,5.22656,2.73159,4.67595,10,55566,42.6186,-0.15332
1776813402830320422,1.28932,3.10742,-0.310885,2.9541,1.95558,3.67646,10,55581,42.6301,1.22782
1776813402835326628,1.28932,3.10742,-0.29938,4.33524,1.95558,3.67646,10,55589,42.6362,1.83984
1776813402840317928,1.3009,3.10742,-0.281668,4.94726,2.29911,3.74905,10,55601,42.6454,1.53489
1776813402845323634,1.3009,1.03906,-0.272467,2.57395,2.29911,3.74905,10,55618,42.6585,1.99393
1776813402850316304,1.34781,1.03906,-0.212519,3.03299,2.07122,2.86149,10,55628,42.6661,1.99233
1776813402855296678,1.34781,1.11133,-0.204848,3.10366,2.07122,2.86149,10,55640,42.6753,1.68855
1776813402860351902,1.35542,1.11133,-0.188029,2.79988,2.27887,2.94956,10,55650,42.683,1.99472
1776813402865357016,1.35542,0.896484,-0.180361,2.89121,2.27887,2.94956,10,55661,42.6915,1.53396
1776813402870327204,1.36664,0.896484,-0.160708,2.43045,2.66704,2.89593,10,55675,42.7022,1.68686
1776813402875314967,1.36664,1.23828,-0.14997,2.92514,2.66704,2.89593,10,55689,42.7129,2.14767
1776813402880315766,1.37745,1.23828,-0.12842,3.38596,3.50214,3.15687,10,55702,42.7229,2.30149
1776813402885318862,1.37745,0.617188,-0.118449,2.91867,3.50214,3.15687,10,55723,42.7382,2.60721
1776813402890324031,1.38587,0.617188,-0.0939241,3.22439,3.64508,2.85415,10,55738,42.7505,2.91443
1776813402895318257,1.38587,0.00195312,-0.082419,2.91638,3.64508,2.85415,10,55758,42.7659,2.60849
1776813402900326426,1.38822,0.00195312,-0.0647302,2.61044,3.28896,2.51776,10,55775,42.7789,2.91385
1776813402905296022,1.38822,-0.462891,-0.0516916,2.45096,3.28896,2.51776,10,55797,42.7958,2.91501
1776813402910310562,1.38822,-0.462891,-0.0348192,2.45212,2.4099,2.25279,10,55819,42.8126,3.06778
1776813402915335231,1.38492,-0.462891,-0.0212388,2.60489,2.4099,2.25279,10,55835,42.8249,3.37516
1776813402920322049,1.38492,-0.462891,-0.0212388,2.60489,2.4099,2.25279,10,55835,42.8249,3.37516
1776813402925330311,1.38492,-0.544922,-0.00896696,2.83023,2.31595,2.186,10,55880,42.8594,3.37448
1776813402930326296,1.377,-0.595703,0.0337386,2.77887,2.23745,2.13773,10,55911,42.8832,3.37457
1776813402935328650,1.37131,-0.595703,0.0357146,2.77887,2.23745,2.13773,10,55929,42.897,3.37448
1776813402940361949,1.37131,-0.789062,0.04952,2.58542,1.95217,1.96377,10,55957,42.9185,3.8353
1776813402945384414,1.36594,-0.789062,0.0656218,3.04624,1.95217,1.96377,10,55975,42.9323,3.98705
1776813402950383306,1.36594,-0.980469,0.079431,3.00658,1.92303,1.8218,10,56008,42.9576,3.98945
1776813402955326773,1.35697,-0.980469,0.0957694,3.00898,1.92303,1.8218,10,56026,42.9714,3.83377
1776813402960330665,1.35697,-1.15039,0.109575,2.68338,1.89822,1.66988,10,56061,42.9982,4.14366
1776813402965326335,1.34644,-1.15039,0.12589,2.99327,1.89822,1.66988,10,56081,43.0136,4.29535
1776813402970317653,1.34644,-1.21875,0.141229,3.0766,1.81503,1.56611,10,56118,43.0412,4.29459
1776813402975317100,1.33467,-1.21875,0.157842,3.07584,1.81503,1.56611,10,56137,43.0565,4.29535
1776813402980312881,1.33467,-1.20508,0.172418,3.09027,1.68625,1.50118,10,56171,43.0826,4.13951
1776813402985370457,1.33467,-1.20508,0.198495,2.93444,1.68625,1.50118,10,56192,43.0987,4.14372
1776813402990405293,1.32262,-1.20508,0.20255,2.93864,1.49025,1.42644,10,56222,43.1217,4.29535
1776813402995349130,1.32262,-1.20508,0.20255,2.93864,1.49025,1.42644,10,56222,43.1217,4.29535
1776813403000323060,1.30205,-1.17188,0.247171,2.97095,1.48372,1.44536,10,56289,43.1731,4.14283
1776813403005327414,1.30205,-1.24414,0.256376,2.89869,1.48372,1.44536,10,56313,43.1915,4.13958
1776813403010408453,1.28999,-1.24414,0.26272,2.89544,1.42103,1.20024,10,56339,43.2115,4.29621
1776813403015350328,1.28999,-1.25,0.282663,3.04621,1.42103,1.20024,10,56365,43.2314,4.4487
1776813403020315869,1.28082,-1.25,0.293439,3.1987,1.60214,1.13922,10,56385,43.2468,4.13875
1776813403025317761,1.28082,-1.21484,0.308778,2.92391,1.60214,1.13922,10,56392,43.2521,1.38147
1776813403030316505,1.26822,-1.21484,0.301546,0.166629,1.83592,1.07972,10,56382,43.2445,-0.767061
1776813403035325341,1.26822,1.79883,0.293878,1.03177,1.83592,1.07972,10,56371,43.236,-1.22732
1776813403040318289,1.26832,1.79883,0.285543,0.571504,2.39179,2.79816,10,56368,43.2337,-0.613526
1776813403045326829,1.26832,4.54883,0.283243,3.9353,2.39179,2.79816,10,56369,43.2345,-0.306702
1776813403050314999,1.31188,4.54883,-0.300749,4.24213,2.37532,4.63929,10,56375,43.2391,0.460052
1776813403055296151,1.31188,2.74219,-0.296149,3.20224,2.37532,4.63929,10,56385,43.2468,1.68762
1776813403060312265,1.32005,2.74219,-0.272642,4.27508,2.24975,3.6095,10,56400,43.2583,1.5329
1776813403065317620,1.32005,2.74219,-0.272642,4.27508,2.24975,3.6095,10,56400,43.2583,1.5329
1776813403070323067,1.32005,1.45312,-0.268809,2.98602,1.98892,2.92561,10,56422,43.2751,1.99432
1776813403075315904,1.35298,1.45312,-0.219,3.44745,1.98892,2.92561,10,56431,43.282,1.84134
1776813403080323740,1.35298,0.996094,-0.212096,2.83743,2.30756,2.86887,10,56448,43.2951,1.99396
1776813403085314281,1.3727,0.996094,-0.179343,2.99005,2.30756,2.86887,10,56458,43.3027,2.14725
1776813403090329191,1.3771,0.679688,-0.156531,2.67441,2.56883,2.80945,10,56479,43.3189,1.99472
1776813403095314213,1.3771,0.828125,-0.15116,2.82285,2.56883,2.80945,10,56492,43.3288,2.30057
1776813403100318290,1.38559,0.828125,-0.132704,3.12869,3.05527,2.97268,10,56506,43.3396,2.30149
1776813403105306479,1.38559,0.498047,-0.12197,2.79953,3.05527,2.97268,10,56521,43.3511,2.45438
1776813403110316482,1.38854,0.498047,-0.107512,2.95242,3.58371,2.8025,10,56537,43.3633,2.60773
1776813403115315837,1.38854,0.0371094,-0.0952399,2.64484,3.58371,2.8025,10,56558,43.3794,2.76053
1776813403120320970,1.39101,0.0371094,-0.0766585,2.79764,3.46151,2.55479,10,56576,43.3932,3.06839
1776813403125312510,1.39101,-0.332031,-0.0628531,2.73636,3.46151,2.55479,10,56600,43.4117,3.22189
1776813403130324328,1.38986,-0.332031,-0.0310309,3.04245,2.55352,2.34438,10,56630,43.4347,3.37448
1776813403135312646,1.38986,-0.332031,-0.0310309,3.04245,2.55352,2.34438,10,56630,43.4347,3.37448
1776813403140338575,1.38258,-0.490234,-0.00456457,2.88501,2.20704,2.24718,10,56673,43.4676,3.37524
1776813403145318023,1.38258,-0.519531,0.00310679,2.85571,2.20704,2.24718,10,56692,43.4822,3.21984
1776813403150325470,1.37899,-0.519531,0.0140969,2.70031,1.85814,2.16434,10,56713,43.4983,3.52924
1776813403155295400,1.37899,-0.708984,0.0302026,2.82026,1.85814,2.16434,10,56735,43.5152,3.68195
1776813403160312792,1.37179,-0.708984,0.0398728,2.97296,1.83523,2.01234,10,56756,43.5313,3.68118
1776813403165312017,1.37179,-0.792969,0.0559785,2.88821,1.83523,2.01234,10,56784,43.5528,3.83453
1776813403170314539,1.368,-0.792969,0.0736634,3.04156,1.96336,1.94127,10,56805,43.5689,3.68192
1776813403175318134,1.368,-0.976562,0.0897691,2.70536,1.96336,1.94127,10,56833,43.5904,3.68195
1776813403180344396,1.35896,-0.976562,0.102209,2.70538,2.1718,1.7812,10,56855,43.6072,3.98788
1776813403185322456,1.35896,-1.08594,0.119081,2.90195,2.1718,1.7812,10,56883,43.6287,3.8353
1776813403190326977,1.34858,-1.08594,0.130178,2.74936,2.04708,1.65499,10,56904,43.6448,3.67971
1776813403195316444,1.34858,-1.04688,0.146284,2.63284,2.04708,1.65499,10,56931,43.6655,3.68342
1776813403200321335,1.34858,-1.04688,0.166994,2.63654,1.94639,1.67725,10,56953,43.6824,3.68045
1776813403205303487,1.33795,-1.04688,0.173242,2.63357,1.94639,1.67725,10,56977,43.7008,3.98945
1776813403210313527,1.33795,-1.00977,0.191652,2.97968,1.6776,1.63282,10,57011,43.7269,4.14117
1776813403215327141,1.3181,-1.00977,0.197878,3.1314,1.6776,1.63282,10,57031,43.7422,3.98788
1776813403220322848,1.3181,-1.01172,0.213216,2.97617,1.46585,1.50853,10,57066,43.7691,4.29449
1776813403225321963,1.31236,-1.01172,0.234316,3.28277,1.46585,1.50853,10,57087,43.7852,4.29621
1776813403230325169,1.31236,-1.15234,0.250421,3.14386,1.4796,1.39258,10,57126,43.8151,4.60205
1776813403235386375,1.30154,-1.15234,0.269518,3.44971,1.4796,1.39258,10,57148,43.832,4.7535
1776813403240381971,1.30154,-1.24414,0.28639,3.50936,1.25146,1.27266,10,57183,43.8588,4.44972
1776813403245346938,1.28933,-1.24414,0.301027,3.20558,1.25146,1.27266,10,57196,43.8688,3.52859
1776813403250323590,1.28933,-1.14258,0.310999,2.38602,1.33698,1.254,10,57193,43.8665,1.68762
1776813403255344444,1.27719,-1.14258,0.29656,0.545044,1.33698,1.254,10,57181,43.8573,-2.45438
1776813403260310467,1.27719,3.09375,0.287355,0.639374,2.31874,3.5923,10,57176,43.8534,-1.53458
1776813403265328469,1.28335,3.09375,0.289678,1.55917,2.31874,3.5923,10,57173,43.8511,-0.459869
1776813403270314677,1.28335,3.55273,0.287378,3.09287,2.76056,3.89271,10,57179,43.8557,0.153412
1776813403275322569,1.28335,3.55273,0.291979,3.70615,2.76056,3.89271,10,57187,43.8619,1.5332
1776813403280322738,1.32583,3.55273,-0.287718,5.08594,2.89832,4.15834,10,57199,43.8711,1.68796
1776813403285325130,1.32583,0.892578,-0.278517,2.58054,2.89832,4.15834,10,57213,43.8818,1.8406
1776813403290336467,1.35743,0.892578,-0.236177,2.73318,2.18293,2.83724,10,57226,43.8918,2.14725
1776813403295341729,1.35743,0.769531,-0.226206,2.91678,2.18293,2.83724,10,57242,43.9041,2.14853
1776813403300320603,1.37308,0.769531,-0.19829,2.91807,2.14439,2.86299,10,57255,43.914,2.30026
1776813403305291422,1.37308,1.04883,-0.188318,3.34909,2.14439,2.86299,10,57270,43.9255,2.14767
1776813403310306499,1.37813,1.04883,-0.171766,3.1965,2.10965,3.05301,10,57281,43.934,1.84097
1776813403315326594,1.37813,0.822266,-0.163332,2.66324,2.10965,3.05301,10,57297,43.9462,1.99393
1776813403320323986,1.38945,0.822266,-0.139738,2.81619,2.53628,2.99282,10,57310,43.9562,2.30057
1776813403325315786,1.38945,0.544922,-0.129766,2.84549,2.53628,2.99282,10,57329,43.9708,2.45487
1776813403330318326,1.39293,0.544922,-0.111712,2.99979,3.24295,2.85591,10,57345,43.9831,2.76163
1776813403335321218,1.39293,-0.181641,-0.0994397,2.57999,3.24295,2.85591,10,57367,43.9999,2.91385
1776813403340328869,1.39561,-0.181641,-0.0798855,2.73221,3.45535,2.45802,10,57384,44.013,2.91501
1776813403345353927,1.39561,-0.4375,-0.0668469,2.47751,3.45535,2.45802,10,57407,44.0306,3.22125
1776813403350324635,1.39416,-0.4375,-0.0376225,2.62967,2.87154,2.31218,10,57433,44.0506,3.06717
1776813403355292343,1.39416,-0.4375,-0.0376225,2.62967,2.87154,2.31218,10,57433,44.0506,3.06717
1776813403360313308,1.38825,-0.722656,-0.0113125,2.4959,2.27508,2.14081,10,57476,44.0835,3.21856
1776813403365315700,1.38825,-0.730469,-0.00364499,2.48809,2.27508,2.14081,10,57497,44.0996,3.37795
1776813403370317185,1.37672,-0.730469,0.000936488,2.64748,1.99014,2.03024,10,57519,44.1165,3.83377
1776813403375313485,1.37672,-0.773438,0.0178089,3.06033,1.99014,2.03024,10,57542,44.1342,3.68268
1776813403380323932,1.37344,-0.773438,0.0321674,2.90924,1.75465,1.98569,10,57563,44.1503,3.83453
1776813403385327287,1.37344,-0.929688,0.0482731,2.90485,1.75465,1.98569,10,57594,44.174,3.98705
1776813403390321753,1.36543,-0.929688,0.0640392,3.05736,1.68162,1.8476,10,57618,44.1925,4.14366
1776813403395317756,1.36543,-1.10547,0.0824451,3.03819,1.68162,1.8476,10,57650,44.217,4.44794
1776813403400324926,1.35515,-1.10547,0.0967159,3.34247,1.82017,1.68433,10,57679,44.2392,4.29363
1776813403405318818,1.35515,-1.20508,0.118956,3.08855,1.82017,1.68433,10,57704,44.2584,3.98865
1776813403410330988,1.33767,-1.20508,0.120653,2.78357,1.78994,1.51975,10,57729,44.2776,4.29544
1776813403415315029,1.33767,-1.20898,0.139826,3.08646,1.78994,1.51975,10,57759,44.3006,4.14117
1776813403420401271,1.33767,-1.20898,0.162836,2.93219,1.73574,1.51753,10,57786,44.3213,4.14366
1776813403425335109,1.33172,-1.20898,0.177591,2.93467,1.73574,1.51753,10,57805,44.3359,3.83453
1776813403430318686,1.33172,-1.20898,0.177591,2.93467,1.73574,1.51753,10,57805,44.3359,3.83453
1776813403435439724,1.33172,-1.16406,0.192163,2.67047,1.56002,1.50625,10,57859,44.3773,4.14117
1776813403440392876,1.30787,-1.15039,0.230444,2.99084,1.22477,1.35791,10,57898,44.4072,4.14124
1776813403445367417,1.29625,-1.15039,0.228029,2.99084,1.22477,1.35791,10,57917,44.4218,4.14283
1776813403450346217,1.29625,-1.20508,0.242601,2.93775,1.55489,1.2618,10,57950,44.4471,4.14117
1776813403455299036,1.28451,-1.20508,0.25617,2.93609,1.55489,1.2618,10,57964,44.4578,3.98868
1776813403460308391,1.28451,-1.20703,0.266909,2.78165,1.46434,1.18694,10,58006,44.49,4.44781
1776813403465320894,1.2785,-1.20703,0.293108,3.24078,1.46434,1.18694,10,58020,44.5008,4.29535
1776813403470316416,1.2785,-1.00391,0.303846,3.29144,2.2507,1.26487,10,58035,44.5123,2.76108
1776813403475385658,1.26092,-1.00391,0.297777,1.75717,2.2507,1.26487,10,58025,44.5046,0
1776813403480334884,1.26092,0.550781,0.290106,0.550781,2.77105,2.03991,10,58007,44.4908,-2.45487
1776813403485384979,1.25985,0.550781,0.275232,-1.90409,2.77105,2.03991,10,58006,44.49,-1.3812
1776813403490332854,1.25985,3.23633,0.274466,1.85513,2.23241,3.56389,10,58005,44.4893,-0.15332
1776813403495332968,1.25985,3.23633,0.273699,3.08301,2.23241,3.56389,10,58009,44.4923,0.153351
1776813403500319138,1.316,3.23633,-0.295412,3.38968,2.56368,3.9168,10,58018,44.4992,1.53427
1776813403505302290,1.316,1.45117,-0.288507,2.98544,2.56368,3.9168,10,58028,44.5069,0.919921
1776813403510347940,1.34098,1.45117,-0.255853,2.37109,2.20341,3.05424,10,58044,44.5192,1.84171
1776813403515351221,1.34098,1.70898,-0.243585,3.55069,2.20341,3.05424,10,58052,44.5253,1.99432
1776813403520321966,1.3548,1.70898,-0.223623,3.70331,2.23997,3.28643,10,58069,44.5384,1.8406
1776813403525336617,1.3548,1.17773,-0.210584,3.01834,2.23997,3.28643,10,58081,44.5476,1.99396
1776813403530340139,1.37183,1.17773,-0.184355,3.17169,2.47758,3.08803,10,58096,44.5591,2.30011
1776813403535324049,1.37183,0.779297,-0.172849,3.0794,2.47758,3.08803,10,58105,44.566,1.84134
1776813403540321201,1.37653,0.779297,-0.161245,2.62064,3.37591,2.88965,10,58125,44.5813,2.1451
1776813403545321223,1.37653,0.626953,-0.145902,2.77205,3.37591,2.88965,10,58137,44.5905,2.45733
1776813403550318652,1.39032,0.626953,-0.122915,3.08428,3.43741,2.88679,10,58161,44.6089,2.60512
1776813403555322359,1.39032,0.476562,-0.104505,3.08168,3.43741,2.88679,10,58175,44.6197,2.91676
1776813403560323028,1.39313,0.476562,-0.0909555,3.39332,3.20183,2.81815,10,58199,44.6381,2.91501
1776813403565324328,1.39313,-0.314453,-0.0725496,2.60056,3.20183,2.81815,10,58214,44.6496,3.06916
1776813403570316776,1.39313,-0.314453,-0.0610444,2.7547,2.55942,2.36727,10,58240,44.6695,3.06778
1776813403575316260,1.39405,-0.314453,-0.040178,2.75333,2.55942,2.36727,10,58252,44.6787,3.37178
1776813403580323171,1.39405,-0.572266,-0.0309732,2.79952,1.9651,2.22592,10,58284,44.7033,3.37795
1776813403585314545,1.38658,-0.572266,-0.0139062,2.80568,1.9651,2.22592,10,58296,44.7125,3.22113
1776813403590316863,1.38658,-0.605469,-0.00470517,2.61566,1.64988,2.16156,10,58326,44.7355,3.22049
1776813403595347328,1.38359,-0.605469,0.0153143,2.61502,1.64988,2.16156,10,58338,44.7439,3.22049
1776813403600341387,1.38359,-0.726562,0.0245192,2.49392,1.98544,2.07432,10,58369,44.7685,3.22254
1776813403605330261,1.37388,-0.726562,0.0385916,2.49598,1.98544,2.07432,10,58381,44.7777,3.37448
1776813403610321097,1.37388,-0.744141,0.0477965,2.63034,2.07799,2.0051,10,58416,44.8045,3.68195
1776813403615325675,1.3701,-0.744141,0.070864,2.93781,2.07799,2.0051,10,58429,44.8145,3.68192
1776813403620337585,1.3701,-0.9375,0.0808318,2.74442,2.23218,1.87178,10,58462,44.8398,3.52713
1776813403625318496,1.3575,-0.9375,0.0935423,2.58963,2.23218,1.87178,10,58476,44.8498,3.52789
1776813403630320129,1.3575,-0.992188,0.104277,2.5357,2.16061,1.76333,10,58510,44.8766,3.68192
1776813403635316632,1.35264,-0.992188,0.125502,2.68973,2.16061,1.76333,10,58525,44.8881,3.8353
1776813403640325042,1.35264,-1.03906,0.137003,2.79623,1.8435,1.70675,10,58561,44.9157,3.8353
1776813403645318083,1.35264,-1.03906,0.164618,2.79624,1.8435,1.70675,10,58574,44.9257,3.68121
1776813403650314882,1.33748,-0.998047,0.178595,2.98662,1.8435,1.61318,10,58606,44.9502,3.98466
1776813403655311608,1.32718,-0.998047,0.173666,2.98662,1.8435,1.61318,10,58626,44.9656,3.99268
1776813403660318407,1.32718,-0.984375,0.189009,3.0083,1.72175,1.58056,10,58662,44.9932,4.29449
1776813403665316096,1.31754,-0.984375,0.20698,3.31012,1.72175,1.58056,10,58682,45.0085,4.142
1776813403670320710,1.31754,-0.992188,0.222319,3.14981,1.35953,1.51618,10,58715,45.0338,4.14206
1776813403675327102,1.31226,-0.992188,0.242346,3.14988,1.35953,1.51618,10,58734,45.0484,3.98785
1776813403680323938,1.31226,-0.949219,0.256918,3.03863,1.51517,1.50775,10,58768,45.0745,4.14283
1776813403685337497,1.31226,-0.949219,0.256918,3.03863,1.51517,1.50775,10,58768,45.0745,4.14283
1776813403690323889,1.31226,-0.949219,0.256918,3.03863,1.51517,1.50775,10,58768,45.0745,4.14283
1776813403695314559,1.31226,-0.949219,0.256918,3.03863,1.51517,1.50775,10,58768,45.0745,4.14283
1776813403700323118,1.31226,-0.949219,0.256918,3.03863,1.51517,1.50775,10,58768,45.0745,4.14283
1776813403705295825,1.31226,-0.949219,0.256918,3.03863,1.51517,1.50775,10,58768,45.0745,4.14283
