timestamp,torso_pitch,torso_pitch_rate,wheel_pos,wheel_vel,wheel_torque,wheel_cmd_torque,mot_drv_mode,encoder_steps,encoder_ang,encoder_speed
1776813032526974458,0,0,0,0,0,0,0,0,0,0
1776813032531814939,0,0,0.314159,0,0,0,0,0,0,0
1776813032536760731,0,0,0.314159,0,0,0,0,0,0,0
1776813032541746428,0,0,0.314159,0,0,0,0,0,0,0
1776813032546739865,0,0,0.314159,0,0,0,0,0,0,0
1776813032551738487,0,0,0.314159,0,0,0,0,0,0,0
1776813032556761868,0,0,0.314159,0,0,0,0,0,0,0
1776813032561742343,0,0,0.314159,0,0,0,0,0,0,0
1776813032566735502,0,0,0.314159,0,0,0,0,0,0,0
1776813032571712200,0,0,0.314159,0,0,0,0,0,0,0
1776813032576742543,0,0,0.314159,0,0,0,0,0,0,0
1776813032581749757,0,0,0.314159,0,0,0,0,0,0,0
1776813032586754990,0,0,0.314159,0,0,0,0,0,0,0
1776813032591830109,0,0,0.314159,0,0,0,0,0,0,0
1776813032596779159,0,0,0.314159,0,0,0,0,0,0,0
1776813032601757912,0,0,0.314159,0,0,0,0,0,0,0
1776813032606770200,0,0,0.314159,0,0,0,0,0,0,0
1776813032611738232,0,0,0.314159,0,0,0,0,0,0,0
1776813032616781926,0,0,0.314159,0,0,0,0,0,0,0
1776813032621766123,0,0,0.314159,0,0,0,0,0,0,0
1776813032626740617,0,0,0.314159,0,0,0,0,0,0,0
1776813032631764941,0,0,0.314159,0,0,0,0,0,0,0
1776813032636745842,0,0,0.314159,0,0,0,0,0,0,0
1776813032641746650,0,0,0.314159,0,0,0,0,0,0,0
1776813032646734032,0,0,0.314159,0,0,0,0,0,0,0
1776813032651734969,0,0,0.314159,0,0,0,0,0,0,0
1776813032656732609,0,0,0.314159,0,0,0,0,0,0,0
1776813032661741194,0,0,0.314159,0,0,0,0,0,0,0
1776813032666735020,0,0,0.314159,0,0,0,0,0,0,0
1776813032671714218,0,0,0.314159,0,0,0,0,0,0,0
1776813032676727506,0,0,0.314159,0,0,0,0,0,0,0
1776813032681739424,0,0,0.314159,0,0,0,0,0,0,0
1776813032686738805,0,0,0.314159,0,0,0,0,0,0,0
1776813032691749779,0,0,0.314159,0,0,0,0,0,0,0
1776813032696744809,0,0,0.314159,0,0,0,0,0,0,0
1776813032701736598,0,0,0.314159,0,0,0,0,0,0,0
1776813032706734517,0,0,0.314159,0,0,0,0,0,0,0
1776813032711869355,nan,-0.00390625,inf,-0.00390625,0,0,0,0,0,0
1776813032716733020,nan,-0.00390625,inf,-0.00390625,0,0,2,0,0,0
1776813032721711680,3.11704,-0.00390625,0.314159,-0.00390625,0,0,11,0,0,0
1776813032726741727,3.11704,-0.00390625,0.314159,-0.00390625,0,0,0,0,0,0
1776813032731737498,3.11704,0.00390625,0.314159,0.00390625,0,0,2,0,0,0
1776813032736755471,3.11704,0.00390625,0.314159,0.00390625,0,0,0,0,0,0
1776813032741763352,3.11704,0.00390625,0.314159,0.00390625,0,0,3,0,0,0
1776813032746757271,3.11704,-0.00195312,0.314159,-0.00195312,0,0,10,0,0,0
1776813032751735746,3.11704,0.00390625,0.314159,0.00390625,0,0,10,0,0,0
1776813032756735776,3.11704,0.00390625,0.314159,0.00390625,0,0,10,0,0,0
1776813032761732916,3.11704,0.00195312,0.314159,0.00195312,0,0,10,0,0,0
1776813032766758611,3.11716,0.00195312,0.314159,0.00195312,0,0,10,0,0,0
1776813032771703958,3.11716,0,0.314159,0,0,0,10,0,0,0
1776813032776742542,3.11716,0,0.314159,0,0,0,10,0,0,0
1776813032781726813,3.11716,0,0.314159,0,0,0,10,0,0,0
1776813032786778470,3.11716,-0.00390625,0.314159,-0.00390625,0,0,10,0,0,0
1776813032791806072,3.11716,-0.00390625,0.314159,-0.00390625,0,0,10,0,0,0
1776813032796795936,3.11716,0.00195312,0.314159,0.00195312,0,0,10,0,0,0
1776813032801753393,3.11716,0.00195312,0.314159,0.00195312,0,0,10,0,0,0
1776813032806782477,3.11704,-0.00195312,0.314159,-0.00195312,0,0,10,0,0,0
1776813032811754397,3.11704,-0.00195312,0.314159,-0.00195312,0,0,10,0,0,0
1776813032816732761,3.11704,0.00195312,0.314159,0.00195312,0,0,10,0,0,0
1776813032821732013,3.11704,0.00195312,0.314159,0.00195312,0,0,10,0,0,0
1776813032826726172,3.11704,0,0.314159,0,0,0,10,0,0,0
1776813032831734238,3.11716,0,0.314159,0,0,0,10,0,0,0
1776813032836729990,3.11716,0,0.314159,0,0,0,10,0,0,0
1776813032841735020,3.11716,0,0.314159,0,0,0,10,0,0,0
1776813032846730642,3.11716,0.00195312,0.314159,0.00195312,0,0,10,0,0,0
1776813032851742634,3.11704,0.00195312,0.314159,0.00195312,0,0,10,0,0,0
1776813032856738312,3.11704,-0.00195312,0.314159,-0.00195312,0,0,10,0,0,0
1776813032861729916,3.11704,-0.00195312,0.314159,-0.00195312,0,0,10,0,0,0
1776813032866723705,3.11704,-0.00195312,0.314159,-0.00195312,0,0,10,0,0,0
1776813032871740345,3.11704,-0.00195312,0.314159,-0.00195312,0,0,10,0,0,0
1776813032876747523,3.11704,-0.00195312,0.314159,-0.00195312,0,0,10,0,0,0
1776813032881735664,3.11704,0.00195312,0.314159,0.00195312,0,0,10,0,0,0
1776813032886729675,3.11704,0.00195312,0.314159,0.00195312,0,0,10,0,0,0
1776813032891742019,3.11704,0.00195312,0.314159,0.00195312,0,0,10,0,0,0
1776813032896727994,3.11704,0.00195312,0.314159,0.00195312,0,0,10,0,0,0
1776813032901733431,3.11704,0.00195312,0.314159,0.00195312,0,0,10,0,0,0
1776813032906738793,3.11704,0,0.314159,0,0,0,10,0,0,0
1776813032911744212,3.11704,0,0.314159,0,0,0,10,0,0,0
1776813032916740815,3.11704,-0.00195312,0.314159,-0.00195312,0,0,10,0,0,0
1776813032921713772,3.11704,-0.00195312,0.314159,-0.00195312,0,0,10,0,0,0
1776813032926738671,3.11704,0.00195312,0.314159,0.00195312,0,0,10,0,0,0
1776813032931734386,3.11704,0.00195312,0.314159,0.00195312,0,0,10,0,0,0
1776813032936745934,3.11704,0.00390625,0.314159,0.00390625,0,0,10,0,0,0
1776813032941750204,3.11692,0.00390625,0.314159,0.00390625,0,0,10,0,0,0
1776813032946756733,3.11692,-0.00195312,0.314159,-0.00195312,0,0,10,0,0,0
1776813032951740875,3.11692,-0.00195312,0.314159,-0.00195312,0,0,10,0,0,0
1776813032956735090,3.11692,-0.00195312,0.314159,-0.00195312,0,0,10,0,0,0
1776813032961728416,3.11692,-0.00195312,0.314159,-0.00195312,0,0,10,0,0,0
1776813032966758074,3.11692,0,0.314159,0,0,0,10,0,0,0
1776813032971737715,3.11692,0,0.314159,0,0,0,10,0,0,0
1776813032976738097,3.11692,-0.00195312,0.314159,-0.00195312,0,0,10,0,0,0
1776813032981736571,3.11692,-0.00195312,0.314159,-0.00195312,0,0,10,0,0,0
1776813032986736545,3.11692,-0.00195312,0.314159,-0.00195312,0,0,10,0,0,0
1776813032991728927,3.11692,-0.00195312,0.314159,-0.00195312,0,0,10,0,0,0
1776813032996736215,3.11692,-0.00195312,0.314159,-0.00195312,0,0,10,0,0,0
1776813033001736227,3.11692,-0.00195312,0.314159,-0.00195312,0,0,10,0,0,0
1776813033006730831,3.11692,0.00195312,0.314159,0.00195312,0,0,10,0,0,0
1776813033011738805,3.11692,0.00195312,0.314159,0.00195312,0,0,10,0,0,0
1776813033016740576,3.1168,-0.00195312,0.314159,-0.00195312,0,0,10,0,0,0
1776813033021725255,3.1168,-0.00195312,0.314159,-0.00195312,0,0,10,0,0,0
1776813033026732414,3.1168,0,0.314159,0,0,0,10,0,0,0
1776813033031742536,3.1168,0,0.314159,0,0,0,10,0,0,0
1776813033036795379,3.1168,0,0.314159,0,0,0,10,0,0,0
1776813033041754077,3.11692,0,0.314159,0,0,0,10,0,0,0
1776813033046745237,3.11692,0,0.314159,0,0,0,10,0,0,0
1776813033051749841,3.11692,0,0.314159,0,0,0,10,0,0,0
1776813033056732391,3.11692,0.00195312,0.314159,0.00195312,0,0,10,0,0,0
1776813033061752790,3.11692,-0.00390625,0.314159,-0.00390625,0,0,10,0,0,0
1776813033066736229,3.11692,-0.00390625,0.314159,-0.00390625,0,0,10,0,0,0
1776813033071744129,3.11692,0.00195312,0.314159,0.00195312,0,0,10,0,0,0
1776813033076761232,3.11692,0.00195312,0.314159,0.00195312,0,0,10,0,0,0
1776813033081741689,3.1168,-0.00195312,0.314159,-0.00195312,0,0,10,0,0,0
1776813033086728275,3.1168,-0.00195312,0.314159,-0.00195312,0,0,10,0,0,0
1776813033091727213,3.1168,0.00195312,0.314159,0.00195312,0,0,10,0,0,0
1776813033096731928,3.1168,0.00195312,0.314159,0.00195312,0,0,10,0,0,0
1776813033101729347,3.1168,0,0.314159,0,0,0,10,0,0,0
1776813033106736025,3.1168,0,0.314159,0,0,0,10,0,0,0
1776813033111729222,3.1168,0.00195312,0.314159,0.00195312,0,0,10,0,0,0
1776813033116730696,3.1168,0.00195312,0.314159,0.00195312,0,0,10,0,0,0
1776813033121716375,3.1168,-0.00195312,0.314159,-0.00195312,0,0,10,0,0,0
1776813033126752737,3.1168,-0.00195312,0.314159,-0.00195312,0,0,10,0,0,0
1776813033131747952,3.1168,0.00195312,0.314159,0.00195312,0,0,10,0,0,0
1776813033136737001,3.1168,0.00195312,0.314159,0.00195312,0,0,10,0,0,0
1776813033141731347,3.1168,-0.00390625,0.314159,-0.00390625,0,0,10,0,0,0
1776813033146741561,3.1168,-0.00390625,0.314159,-0.00390625,0,0,10,0,0,0
1776813033151724981,3.1168,-0.00390625,0.314159,-0.00390625,0,0,10,0,0,0
1776813033156735196,3.1168,-0.00390625,0.314159,-0.00390625,0,0,10,0,0,0
1776813033161726874,3.11667,-0.00390625,0.314159,-0.00390625,0,0,10,0,0,0
1776813033166757477,3.11667,-0.00390625,0.314159,-0.00390625,0,0,10,0,0,0
1776813033171736805,3.11667,-0.00390625,0.314159,-0.00390625,0,0,10,0,0,0
1776813033176727446,3.11667,0,0.314159,0,0,0,10,0,0,0
1776813033181734365,3.11667,0,0.314159,0,0,0,10,0,0,0
1776813033186778134,3.11667,-0.00195312,0.314159,-0.00195312,0,0,10,0,0,0
1776813033191737277,3.11667,-0.00195312,0.314159,-0.00195312,0,0,10,0,0,0
1776813033196734399,3.11667,0.00585938,0.314159,0.00585938,0,0,10,0,0,0
1776813033201737300,3.11667,0.00585938,0.314159,0.00585938,0,0,10,0,0,0
1776813033206729108,3.11667,0.00195312,0.314159,0.00195312,0,0,10,0,0,0
1776813033211732027,3.1168,0.00195312,0.314159,0.00195312,0,0,10,0,0,0
1776813033216729335,3.1168,-0.00195312,0.314159,-0.00195312,0,0,10,0,0,0
1776813033221719088,3.1168,-0.00195312,0.314159,-0.00195312,0,0,10,0,0,0
1776813033226731432,3.11667,-0.00195312,0.314159,-0.00195312,0,0,10,0,0,0
1776813033231732703,3.11667,-0.00390625,0.314159,-0.00390625,0,0,10,0,0,0
1776813033236734344,3.11667,-0.00390625,0.314159,-0.00390625,0,0,10,0,0,0
1776813033241753873,3.11667,0.00195312,0.314159,0.00195312,0,0,10,0,0,0
1776813033246738552,3.11667,0.00390625,0.314159,0.00390625,0,0,10,0,0,0
1776813033251743804,3.11667,0.00390625,0.314159,0.00390625,0,0,10,0,0,0
1776813033256723964,3.11667,0,0.314159,0,0,0,10,0,0,0
1776813033261840471,3.11667,0,0.314159,0,0,0,10,0,0,0
1776813033266759171,3.11667,0.00390625,0.314159,0.00390625,0,0,10,0,0,0
1776813033271712629,3.11667,0.00390625,0.314159,0.00390625,0,0,10,0,0,0
1776813033276777730,3.11667,0,0.314159,0,0,0,10,0,0,0
1776813033281821388,3.11667,0,0.314159,0,0,0,10,0,0,0
1776813033286804512,3.11667,0.00195312,0.314159,0.00195312,0,0,10,0,0,0
1776813033291752951,3.11667,0.00195312,0.314159,0.00195312,0,0,10,0,0,0
1776813033296766036,3.11655,0.00195312,0.314159,0.00195312,0,0,10,0,0,0
1776813033301741253,3.11655,0.00195312,0.314159,0.00195312,0,0,10,0,0,0
1776813033306816446,3.11655,0.00195312,0.314159,0.00195312,0,0,10,0,0,0
1776813033311762571,3.11655,-0.0078125,0.314159,-0.0078125,0,0,10,0,0,0
1776813033316749509,3.11655,-0.0078125,0.314159,-0.0078125,0,0,10,0,0,0
1776813033321710838,3.11655,0.00195312,0.314159,0.00195312,0,0,10,0,0,0
1776813033328021733,3.11655,-0.00390625,0.314159,-0.00390625,0,0,10,0,0,0
1776813033332071455,3.11655,-0.00390625,0.314159,-0.00390625,0,0,10,0,0,0
1776813033336747333,3.11655,0,0.314159,0,0,0,10,0,0,0
1776813033341729772,3.11655,0,0.314159,0,0,0,10,0,0,0
1776813033346726876,3.11655,0,0.314159,0,0,0,10,0,0,0
1776813033351737035,3.11655,0,0.314159,0,0,0,10,0,0,0
1776813033356742361,3.11655,-0.00195312,0.314159,-0.00195312,0,0,10,0,0,0
1776813033361733096,3.11655,-0.00195312,0.314159,-0.00195312,0,0,10,0,0,0
1776813033366745162,3.11643,0.00390625,0.314159,0.00390625,0,0,10,0,0,0
1776813033371723841,3.11643,0.00390625,0.314159,0.00390625,0,0,10,0,0,0
1776813033376769166,3.11643,0.00195312,0.314159,0.00195312,0,0,10,0,0,0
1776813033381774918,3.11643,0.00195312,0.314159,0.00195312,0,0,10,0,0,0
1776813033386746282,3.11643,-0.00195312,0.314159,-0.00195312,0,0,10,0,0,0
1776813033391741609,3.11643,-0.00195312,0.314159,-0.00195312,0,0,10,0,0,0
1776813033396733084,3.11643,-0.00195312,0.314159,-0.00195312,0,0,10,0,0,0
1776813033401734447,3.11643,-0.00195312,0.314159,-0.00195312,0,0,10,0,0,0
1776813033406744236,3.11643,-0.00390625,0.314159,-0.00390625,0,0,10,0,0,0
1776813033411741285,3.11643,-0.00390625,0.314159,-0.00390625,0,0,10,0,0,0
1776813033416728353,3.11643,0,0.314159,0,0,0,10,0,0,0
1776813033421720031,3.11643,0,0.314159,0,0,0,10,0,0,0
1776813033426725783,3.11643,0.00390625,0.314159,0.00390625,0,0,10,0,0,0
1776813033431733961,3.11643,0.00390625,0.314159,0.00390625,0,0,10,0,0,0
1776813033436727769,3.11631,0.00390625,0.314159,0.00390625,0,0,10,0,0,0
1776813033441775241,3.11631,0.00195312,0.314159,0.00195312,0,0,10,0,0,0
1776813033446778197,3.11631,0.00195312,0.314159,0.00195312,0,0,10,0,0,0
1776813033451753006,3.11631,-0.00195312,0.314159,-0.00195312,0,0,10,0,0,0
1776813033456782054,3.11631,-0.00195312,0.314159,-0.00195312,0,0,10,0,0,0
1776813033461801675,3.11631,0.00390625,0.314159,0.00390625,0,0,10,0,0,0
1776813033466755245,3.11631,0.00390625,0.314159,0.00390625,0,0,10,0,0,0
1776813033471724184,3.11631,0.00390625,0.314159,0.00390625,0,0,10,0,0,0
1776813033476825135,3.11631,-0.00390625,0.314159,-0.00390625,0,0,10,0,0,0
1776813033481752057,3.11631,-0.00390625,0.314159,-0.00390625,0,0,10,0,0,0
1776813033486744236,3.11631,-0.00195312,0.314159,-0.00195312,0,0,10,0,0,0
1776813033491736377,3.11631,-0.00195312,0.314159,-0.00195312,0,0,10,0,0,0
1776813033496729963,3.11631,-0.00585938,0.314159,-0.00585938,0,0,10,0,0,0
1776813033501738974,3.11631,-0.00585938,0.314159,-0.00585938,0,0,10,0,0,0
1776813033506738838,3.11619,0,0.314159,0,0,0,10,0,0,0
1776813033511745294,3.11619,0,0.314159,0,0,0,10,0,0,0
1776813033516762341,3.11619,-0.00195312,0.314159,-0.00195312,0,0,10,0,0,0
1776813033521723651,3.11619,-0.00195312,0.314159,-0.00195312,0,0,10,0,0,0
1776813033526750828,3.11619,0,0.314159,0,0,0,10,0,0,0
1776813033531737247,3.11619,0,0.314159,0,0,0,10,0,0,0
1776813033536731389,3.11619,0.00390625,0.314159,0.00390625,0,0,10,0,0,0
1776813033541779750,3.11619,0.00390625,0.314159,0.00390625,0,0,10,0,0,0
1776813033546747448,3.11619,0.00195312,0.314159,0.00195312,0,0,10,0,0,0
1776813033551734294,3.11619,0.00195312,0.314159,0.00195312,0,0,10,0,0,0
1776813033556766582,3.11619,0.00195312,0.314159,0.00195312,0,0,10,0,0,0
1776813033561757020,3.11631,0.00195312,0.314159,0.00195312,0,0,10,0,0,0
1776813033566735106,3.11631,-0.00390625,0.314159,-0.00390625,0,0,10,0,0,0
1776813033571714878,3.11631,-0.00390625,0.314159,-0.00390625,0,0,10,0,0,0
1776813033576734296,3.11619,-0.00390625,0.314159,-0.00390625,0,0,10,0,0,0
1776813033581730215,3.11619,-0.00195312,0.314159,-0.00195312,0,0,10,0,0,0
1776813033586730245,3.11619,-0.00195312,0.314159,-0.00195312,0,0,10,0,0,0
1776813033591731442,3.11619,0.00195312,0.314159,0.00195312,0,0,10,0,0,0
1776813033596726954,3.11606,0.00195312,0.314159,0.00195312,0,0,10,0,0,0
1776813033601759001,3.11606,0.00585938,0.314159,0.00585938,0,0,10,0,0,0
1776813033606734328,3.11606,0.00585938,0.314159,0.00585938,0,0,10,0,0,0
1776813033611753654,3.11606,0.00390625,0.314159,0.00390625,0,0,10,0,0,0
1776813033616736796,3.11619,0.00390625,0.314159,0.00390625,0,0,10,0,0,0
1776813033621731104,3.11619,0.00390625,0.314159,0.00390625,0,0,10,0,0,0
1776813033626739319,3.11619,0.00390625,0.314159,0.00390625,0,0,10,0,0,0
1776813033631728053,3.11619,0,0.314159,0,0,0,10,0,0,0
1776813033636728398,3.11619,0,0.314159,0,0,0,10,0,0,0
1776813033641736094,3.11619,0,0.314159,0,0,0,10,0,0,0
1776813033646726310,3.11619,0,0.314159,0,0,0,10,0,0,0
1776813033651729581,3.11606,0,0.314159,0,0,0,10,0,0,0
1776813033656727148,3.11606,-0.00585938,0.314159,-0.00585938,0,0,10,0,0,0
1776813033661732493,3.11606,-0.00585938,0.314159,-0.00585938,0,0,10,0,0,0
1776813033666725782,3.11606,-0.00195312,0.314159,-0.00195312,0,0,10,0,0,0
1776813033671738719,3.11606,-0.00195312,0.314159,-0.00195312,0,0,10,0,0,0
1776813033676735509,3.11606,0,0.314159,0,0,0,10,0,0,0
1776813033681740816,3.11606,0,0.314159,0,0,0,10,0,0,0
1776813033686731939,3.11606,-0.00195312,0.314159,-0.00195312,0,0,10,0,0,0
1776813033691733284,3.11606,-0.00195312,0.314159,-0.00195312,0,0,10,0,0,0
1776813033696731407,3.11606,-0.00195312,0.314159,-0.00195312,0,0,10,0,0,0
1776813033701724197,3.11606,-0.00195312,0.314159,-0.00195312,0,0,10,0,0,0
1776813033706736356,3.11606,0.00195312,0.314159,0.00195312,0,0,10,0,0,0
1776813033711725812,3.11606,0.00195312,0.314159,0.00195312,0,0,10,0,0,0
1776813033716728175,3.11606,0.00195312,0.314159,0.00195312,0,0,10,0,0,0
1776813033721722613,3.11606,0.00195312,0.314159,0.00195312,0,0,10,0,0,0
1776813033726756494,3.11606,0.00195312,0.314159,0.00195312,0,0,10,0,0,0
1776813033731742228,3.11594,-0.00195312,0.314159,-0.00195312,0,0,10,0,0,0
1776813033736745202,3.11594,-0.00390625,0.314159,-0.00390625,0,0,10,0,0,0
1776813033741735011,3.11594,-0.00390625,0.314159,-0.00390625,0,0,10,0,0,0
1776813033746736281,3.11594,0,0.314159,0,0,0,10,0,0,0
1776813033751730497,3.11594,0,0.314159,0,0,0,10,0,0,0
1776813033756724879,3.11594,0,0.314159,0,0,0,10,0,0,0
1776813033761726872,3.11594,0,0.314159,0,0,0,10,0,0,0
1776813033766742050,3.11594,0,0.314159,0,0,0,10,0,0,0
1776813033771704655,3.11594,0,0.314159,0,0,0,10,0,0,0
1776813033776741036,3.11594,0,0.314159,0,0,0,10,0,0,0
1776813033781728622,3.11594,0,0.314159,0,0,0,10,0,0,0
1776813033786755891,3.11594,0,0.314159,0,0,0,10,0,0,0
1776813033791777143,3.11594,0,0.314159,0,0,0,10,0,0,0
1776813033796778932,3.11594,0,0.314159,0,0,0,10,0,0,0
1776813033801762796,3.11594,0,0.314159,0,0,0,10,0,0,0
1776813033806755475,3.11594,0,0.314159,0,0,0,10,0,0,0
1776813033811738209,3.11594,0,0.314159,0,0,0,10,0,0,0
1776813033816778423,3.11594,0,0.314159,0,0,0,10,0,0,0
1776813033821754176,3.11594,0,0.314159,0,0,0,10,0,0,0
1776813033826748392,3.11594,0,0.314159,0,0,0,10,0,0,0
1776813033831747496,3.11594,0,0.314159,0,0,0,10,0,0,0
1776813033836762599,3.11594,0,0.314159,0,0,0,10,0,0,0
1776813033841750537,3.11594,0,0.314159,0,0,0,10,0,0,0
1776813033846743901,3.11594,0,0.314159,0,0,0,10,0,0,0
1776813033851732839,3.11594,0,0.314159,0,0,0,10,0,0,0
1776813033856731184,3.11594,0,0.314159,0,0,0,10,0,0,0
1776813033861755991,3.11582,0,0.314159,0,0,0,10,0,0,0
1776813033866735503,3.11582,0,0.314159,0,0,0,10,0,0,0
1776813033871739200,3.11582,0,0.314159,0,0,0,10,0,0,0
1776813033876731434,3.11582,0,0.314159,0,0,0,10,0,0,0
1776813033881766018,3.11582,0,0.314159,0,0,0,10,0,0,0
1776813033886726624,3.11582,0,0.314159,0,0,0,10,0,0,0
1776813033891742653,3.11582,0,0.314159,0,0,0,10,0,0,0
1776813033896734610,3.11582,0,0.314159,0,0,0,10,0,0,0
1776813033901760398,3.11582,0,0.314159,0,0,0,10,0,0,0
1776813033906758372,3.11582,0,0.314159,0,0,0,10,0,0,0
1776813033911817937,3.1157,0,0.314159,0,0,0,10,0,0,0
1776813033916754729,3.1157,0,0.314159,0,0,0,10,0,0,0
1776813033921717890,3.1157,0,0.314159,0,0,0,10,0,0,0
1776813033926789176,3.1157,0,0.314159,0,0,0,10,0,0,0
1776813033931836001,3.1157,0,0.314159,0,0,0,10,0,0,0
1776813033936791107,3.1157,0,0.314159,0,0,0,10,0,0,0
1776813033941745583,3.1157,0,0.314159,0,0,0,10,0,0,0
1776813033946739855,3.1157,0,0.314159,0,0,0,10,0,0,0
1776813033951737885,3.1157,0,0.314159,0,0,0,10,0,0,0
1776813033956752581,3.1157,0,0.314159,0,0,0,10,0,0,0
1776813033961733982,3.1157,0,0.314159,0,0,0,10,0,0,0
1776813033966745049,3.1157,0,0.314159,0,0,0,10,0,0,0
1776813033971707988,3.1157,0,0.314159,0,0,0,10,0,0,0
1776813033976732424,3.1157,0,0.314159,0,0,0,10,0,0,0
1776813033981737269,3.1157,0,0.314159,0,0,0,10,0,0,0
1776813033986736447,3.1157,0,0.314159,0,0,0,10,0,0,0
1776813033991726330,3.1157,0,0.314159,0,0,0,10,0,0,0
1776813033996761488,3.1157,0,0.314159,0,0,0,10,0,0,0
1776813034001759222,3.1157,0,0.314159,0,0,0,10,0,0,0
1776813034006743586,3.1157,0,0.314159,0,0,0,10,0,0,0
1776813034011741543,3.1157,0,0.314159,0,0,0,10,0,0,0
1776813034016725592,3.1157,0,0.314159,0,0,0,10,0,0,0
1776813034021705457,3.1157,0,0.314159,0,0,0,10,0,0,0
1776813034026726468,3.1157,0,0.314159,0,0,0,10,0,0,0
1776813034031730999,3.1157,0,0.314159,0,0,0,10,0,0,0
1776813034036726122,3.1157,0,0.314159,0,0,0,10,0,0,0
1776813034041725986,3.1157,0,0.314159,0,0,0,10,0,0,0
1776813034046779347,3.1157,0,0.314159,0,0,0,10,0,0,0
1776813034051767341,3.1157,0,0.314159,0,0,0,10,0,0,0
1776813034056739262,3.1157,0,0.314159,0,0,0,10,0,0,0
1776813034061749237,3.11558,0,0.314159,0,0,0,10,0,0,0
1776813034066746434,3.11558,0,0.314159,0,0,0,10,0,0,0
1776813034071717688,3.11558,0,0.314159,0,0,0,10,0,0,0
1776813034076732681,3.11558,0,0.314159,0,0,0,10,0,0,0
1776813034081749433,3.11558,0,0.314159,0,0,0,10,0,0,0
1776813034086725187,3.11558,0,0.314159,0,0,0,10,0,0,0
1776813034091731050,3.11558,0,0.314159,0,0,0,10,0,0,0
1776813034096721322,3.11558,0,0.314159,0,0,0,10,0,0,0
1776813034101722760,3.11558,0,0.314159,0,0,0,10,0,0,0
1776813034106721716,3.11558,0,0.314159,0,0,0,10,0,0,0
1776813034111724710,3.11558,0,0.314159,0,0,0,10,0,0,0
1776813034116729092,3.11558,0,0.314159,0,0,0,10,0,0,0
1776813034121758806,3.11558,0,0.314159,0,0,0,10,0,0,0
1776813034126756578,3.11558,0,0.314159,0,0,0,10,0,0,0
1776813034131739127,3.11545,0,0.314159,0,0,0,10,0,0,0
1776813034136728103,3.11545,0,0.314159,0,0,0,10,0,0,0
1776813034141726948,3.11545,0,0.314159,0,0,0,10,0,0,0
1776813034146738441,3.11545,0,0.314159,0,0,0,10,0,0,0
1776813034151732454,3.11545,0,0.314159,0,0,0,10,0,0,0
1776813034156735188,3.11545,0,0.314159,0,0,0,10,0,0,0
1776813034161727607,3.11545,0,0.314159,0,0,0,10,0,0,0
1776813034166735397,3.11545,0,0.314159,0,0,0,10,0,0,0
1776813034171711558,3.11545,0,0.314159,0,0,0,10,0,0,0
1776813034176749642,3.11545,0,0.314159,0,0,0,10,0,0,0
1776813034181735007,3.11545,0,0.314159,0,0,0,10,0,0,0
1776813034186734778,3.11545,0,0.314159,0,0,0,10,0,0,0
1776813034191727309,3.11545,0,0.314159,0,0,0,10,0,0,0
1776813034196726895,3.11545,0,0.314159,0,0,0,10,0,0,0
1776813034201730352,3.11545,0,0.314159,0,0,0,10,0,0,0
1776813034206730308,3.11545,0,0.314159,0,0,0,10,0,0,0
1776813034211729079,3.11545,0,0.314159,0,0,0,10,0,0,0
1776813034216735702,3.11545,0,0.314159,0,0,0,10,0,0,0
1776813034221707790,3.11545,0,0.314159,0,0,0,10,0,0,0
1776813034226741578,3.11545,0,0.314159,0,0,0,10,0,0,0
1776813034231753293,3.11545,0,0.314159,0,0,0,10,0,0,0
1776813034236744991,3.11545,0,0.314159,0,0,0,10,0,0,0
1776813034241730911,3.11545,0,0.314159,0,0,0,10,0,0,0
1776813034246730256,3.11545,0,0.314159,0,0,0,10,0,0,0
1776813034251729787,3.11545,0,0.314159,0,0,0,10,0,0,0
1776813034256724058,3.11545,0,0.314159,0,0,0,10,0,0,0
1776813034261727255,3.11545,0,0.314159,0,0,0,10,0,0,0
1776813034266729749,3.11533,0,0.314159,0,0,0,10,0,0,0
1776813034271700984,3.11533,0,0.314159,0,0,0,10,0,0,0
1776813034276800029,3.11533,0,0.314159,0,0,0,10,0,0,0
1776813034281780745,3.11533,0,0.314159,0,0,0,10,0,0,0
1776813034286795719,3.11533,0,0.314159,0,0,0,10,0,0,0
1776813034291739123,3.11533,0,0.314159,0,0,0,10,0,0,0
1776813034296802817,3.11533,0,0.314159,0,0,0,10,0,0,0
1776813034301761924,3.11533,0,0.314159,0,0,0,10,0,0,0
1776813034306747603,3.11533,0,0.314159,0,0,0,10,0,0,0
1776813034311734190,3.11533,0,0.314159,0,0,0,10,0,0,0
1776813034316730091,3.11533,0,0.314159,0,0,0,10,0,0,0
1776813034321711937,3.11533,0,0.314159,0,0,0,10,0,0,0
1776813034326736966,3.11533,0,0.314159,0,0,0,10,0,0,0
1776813034331773643,3.11521,0,0.314159,0,0,0,10,0,0,0
1776813034336877928,3.11521,0,0.314159,0,0,0,10,0,0,0
1776813034341782741,3.11521,0,0.314159,0,0,0,10,0,0,0
1776813034346745347,3.11521,0,0.314159,0,0,0,10,0,0,0
1776813034351755563,3.11521,0,0.314159,0,0,0,10,0,0,0
1776813034356729150,3.11521,0,0.314159,0,0,0,10,0,0,0
1776813034361729236,3.11521,0,0.314159,0,0,0,10,0,0,0
1776813034366721489,3.11521,0,0.314159,0,0,0,10,0,0,0
1776813034371701224,3.11521,0,0.314159,0,0,0,10,0,0,0
1776813034376729883,3.11521,0,0.314159,0,0,0,10,0,0,0
1776813034381730099,3.11521,0,0.314159,0,0,0,10,0,0,0
1776813034386726315,3.11521,0,0.314159,0,0,0,10,0,0,0
1776813034391726975,3.11521,0,0.314159,0,0,0,10,0,0,0
1776813034396744745,3.11521,0,0.314159,0,0,0,10,0,0,0
1776813034401727999,3.11521,0,0.314159,0,0,0,10,0,0,0
1776813034406730733,3.11521,0,0.314159,0,0,0,10,0,0,0
1776813034411721579,3.11521,0,0.314159,0,0,0,10,0,0,0
1776813034416731350,3.11521,0,0.314159,0,0,0,10,0,0,0
1776813034421704085,3.11521,0,0.314159,0,0,0,10,0,0,0
1776813034426727596,3.11521,0,0.314159,0,0,0,10,0,0,0
1776813034431748126,3.11521,0,0.314159,0,0,0,10,0,0,0
1776813034436783673,3.11521,0,0.314159,0,0,0,10,0,0,0
1776813034441790277,3.11521,0,0.314159,0,0,0,10,0,0,0
1776813034446754069,3.11521,0,0.314159,0,0,0,10,0,0,0
1776813034451740470,3.11521,0,0.314159,0,0,0,10,0,0,0
1776813034456731020,3.11521,0,0.314159,0,0,0,10,0,0,0
1776813034461726384,3.11521,0,0.314159,0,0,0,10,0,0,0
1776813034466732673,3.11521,0,0.314159,0,0,0,10,0,0,0
1776813034471703520,3.11521,0,0.314159,0,0,0,10,0,0,0
1776813034476733808,3.11509,0,0.314159,0,0,0,10,0,0,0
1776813034481727784,3.11509,0,0.314159,0,0,0,10,0,0,0
1776813034486763720,3.11509,0,0.314159,0,0,0,10,0,0,0
1776813034491753418,3.11509,0,0.314159,0,0,0,10,0,0,0
1776813034496746078,3.11509,0,0.314159,0,0,0,10,0,0,0
1776813034501733943,3.11509,0,0.314159,0,0,0,10,0,0,0
1776813034506740417,3.11509,0,0.314159,0,0,0,10,0,0,0
1776813034511742022,3.11509,0,0.314159,0,0,0,10,0,0,0
1776813034516731664,3.11509,0,0.314159,0,0,0,10,0,0,0
1776813034521713325,3.11509,0,0.314159,0,0,0,10,0,0,0
1776813034526737151,3.11509,0,0.314159,0,0,0,10,0,0,0
1776813034531750236,3.11509,0,0.314159,0,-0.00568972,6.86844,10,0,0,0
1776813034536731027,3.11509,0,0.314159,0,2.34173,6.86844,10,0,0,0
1776813034541724317,3.11509,0,0.314159,0,2.35905,6.86844,10,1,0.00076699,0
1776813034546771049,3.11509,0,-0.313392,0,2.46645,6.86844,10,3,0.00230097,0.153459
1776813034551789671,3.11509,0,-0.311858,0.153459,2.63639,6.86844,10,8,0.00613592,0.612857
1776813034556763036,3.11509,0,-0.308023,0.612857,2.79012,6.86844,10,12,0.00920388,0.61433
1776813034561749216,3.11509,-0.447266,-0.304955,0.167064,3.13337,6.6135,10,23,0.0176408,1.22718
1776813034566744043,3.11264,-0.447266,-0.298966,0.779919,3.06839,6.60469,10,32,0.0245437,1.53337
1776813034571729667,3.11264,-1.21289,-0.292063,0.320477,3.50793,6.16828,10,50,0.0383495,1.99497
1776813034576730827,3.10458,-1.21289,-0.286319,0.782082,3.34709,6.13925,10,63,0.0483204,2.45437
1776813034581731098,3.10458,-2.27148,-0.276349,0.182885,3.01437,5.53585,10,89,0.0682621,2.91456
1776813034586738091,3.08711,-2.27148,-0.273881,0.643079,2.89543,5.47291,10,107,0.082068,3.37408
1776813034591727159,3.08711,-3.36914,-0.260075,0.00494289,2.76468,4.84724,10,139,0.106612,3.83418
1776813034596723708,3.05829,-3.36914,-0.264349,0.465043,2.47669,4.74335,10,160,0.122718,4.14175
1776813034601724924,3.05829,-4.02539,-0.248242,0.116359,2.79291,4.36929,10,194,0.148796,4.14257
1776813034606778563,3.05829,-4.02539,-0.222165,0.117184,2.55699,4.36929,10,218,0.167204,4.44854
1776813034611729596,3.02116,-4.02539,-0.24088,0.423154,2.42897,4.23524,10,242,0.185612,4.75534
1776813034616775069,2.95726,-4.41602,-0.262598,0.639043,2.5256,3.78096,10,291,0.223194,5.05506
1776813034621815820,2.95726,-4.50391,-0.248792,0.551153,2.99984,3.73086,10,322,0.246971,5.06923
1776813034626754723,2.93514,-4.50391,-0.247136,0.565327,3.04429,3.65034,10,349,0.26768,5.06113
1776813034631745699,2.93514,-5.07812,-0.226428,-0.0169978,2.7418,3.32303,10,394,0.302194,5.52454
1776813034636836966,2.86628,-5.07812,-0.260772,0.446413,3.30067,3.07094,10,422,0.32367,5.67346
1776813034641772499,2.86628,-5.34375,-0.239296,0.329708,3.43584,2.91953,10,467,0.358185,5.52454
1776813034646742698,2.83758,-5.34375,-0.23348,0.180795,2.62303,2.81371,10,499,0.382728,5.98133
1776813034651741599,2.83758,-6.18945,-0.208936,-0.208125,2.68406,2.33165,10,549,0.421078,6.28932
1776813034656735519,2.75408,-6.18945,-0.254087,0.0998683,2.4559,2.02063,10,582,0.446388,6.28932
1776813034661739068,2.75408,-6.41992,-0.228776,-0.1306,1.65927,1.88926,10,638,0.48934,6.90291
1776813034666731580,2.71944,-6.41992,-0.220468,0.482987,1.93716,1.75866,10,675,0.517718,7.0549
1776813034671720352,2.71944,-6.80859,-0.192089,0.246309,1.92569,1.53712,10,729,0.559136,6.90291
1776813034676741066,2.71944,-6.80859,-0.150672,0.0943155,1.1375,1.53712,10,767,0.588282,7.20972
1776813034681737097,2.62321,-6.83594,-0.190143,0.673057,0.815112,1.15311,10,826,0.633534,7.50899
1776813034686735257,2.5856,-6.83594,-0.210117,0.673057,1.40516,1.00656,10,859,0.658845,6.75762
1776813034691737640,2.5856,-6.66016,-0.184807,0.0974636,1.22868,1.10676,10,913,0.700262,6.90292
1776813034696738041,2.48788,-6.66016,-0.24111,0.242765,0.806025,0.718486,10,946,0.725573,6.59611
1776813034701744737,2.48788,-6.58984,-0.215799,0.0062685,0.649558,0.758564,10,986,0.756253,6.28179
1776813034706729102,2.4514,-6.58984,-0.221591,-0.308055,0.696158,0.610614,10,1018,0.780796,6.29687
1776813034711737984,2.38465,-6.41992,-0.233887,-0.283993,0.563917,0.432018,10,1070,0.82068,6.13593
1776813034716728311,2.38465,-6.3418,-0.223917,-0.205868,1.18679,0.476549,10,1106,0.848291,5.82912
1776813034721711713,2.35322,-6.3418,-0.227739,-0.512677,0.474666,0.34464,10,1138,0.872835,6.1347
1776813034726724428,2.35322,-5.94922,-0.203196,0.185483,0.56691,0.56841,10,1185,0.908884,6.13714
1776813034731743050,2.26626,-5.94922,-0.254101,0.187925,0.89125,0.195718,10,1214,0.931126,5.6746
1776813034736735581,2.26626,-5.80859,-0.231858,-0.133996,0.559129,0.275874,10,1260,0.966408,5.678
1776813034741779906,2.26626,-5.80859,-0.196577,-0.130589,0.235122,0.275874,10,1289,0.988651,5.82795
1776813034746741920,2.23192,-5.80859,-0.20868,0.0193605,0.849066,0.125355,10,1322,1.01396,5.36894
1776813034751736006,2.17507,-5.49023,-0.215669,-0.427094,0.763411,0.0533925,10,1370,1.05078,5.06314
1776813034756723334,2.17507,-5.13867,-0.203397,-0.075532,0.17432,0.253783,10,1400,1.07379,4.90777
1776813034761724697,2.12234,-5.13867,-0.233122,-0.230901,0.414876,0.0136849,10,1423,1.09143,4.75533
1776813034766730320,2.12234,-4.5625,-0.215481,0.19283,0.192258,0.342103,10,1455,1.11597,4.14176
1776813034771711759,2.0541,-4.5625,-0.259177,-0.420741,0.394499,0.024009,10,1475,1.13131,3.98754
1776813034776744881,2.0541,-4.3457,-0.243837,-0.358163,0.216413,0.147583,10,1504,1.15355,3.8365
1776813034781727653,2.02795,-4.3457,-0.247745,-0.509206,0.345028,0.0234058,10,1523,1.16813,3.6808
1776813034786722221,2.02795,-3.70508,-0.233172,-0.0242736,0.252017,0.388562,10,1550,1.18884,3.52887
1776813034791729103,1.97136,-3.70508,-0.269054,-0.176207,0.419669,0.115404,10,1566,1.20111,3.22137
1776813034796735892,1.97136,-3.49805,-0.256783,-0.276678,0.33005,0.233412,10,1588,1.21798,2.91397
1776813034801757403,1.95349,-3.49805,-0.257778,-0.584082,0.542137,0.145882,10,1602,1.22872,2.76117
1776813034806808802,1.95349,-2.91797,-0.24704,-0.156796,0.230106,0.476527,10,1622,1.24406,2.6083
1776813034811759057,1.95349,-2.91797,-0.2317,-0.309672,0.521513,0.476527,10,1634,1.25326,2.45435
1776813034816741532,1.90536,-2.91797,-0.270624,-0.463616,0.659636,0.23767,10,1645,1.2617,2.30052
1776813034821714601,1.87494,-2.54492,-0.281871,-0.397343,0.515804,0.296958,10,1665,1.27704,2.14758
1776813034826734316,1.87494,-2.12695,-0.277269,0.0206261,0.495768,0.5352,10,1676,1.28548,1.84041
1776813034831735365,1.85425,-2.12695,-0.289518,-0.286539,0.679037,0.429872,10,1684,1.29161,1.68804
1776813034836727377,1.85425,-1.9375,-0.283382,-0.249465,0.740792,0.53786,10,1693,1.29851,1.38031
1776813034841724686,1.8443,-1.51953,-0.281833,-0.138668,0.770157,0.725102,10,1701,1.30465,1.38086
1776813034846720198,1.82662,-1.51953,-0.297979,-0.138668,0.687147,0.634034,10,1706,1.30849,0.920207
1776813034851794966,1.82662,-1.32422,-0.294144,-0.404012,1.04282,0.745362,10,1712,1.31309,0.920207
1776813034856761609,1.81963,-1.32422,-0.296533,-0.404012,0.772585,0.709179,10,1715,1.31539,0.613717
1776813034861739770,1.81963,-0.951172,-0.294232,-0.337455,0.89339,0.921815,10,1719,1.31846,0.613226
1776813034866733079,1.80827,-0.951172,-0.302526,-0.337946,0.81264,0.862797,10,1721,1.31999,0.30692
1776813034871713110,1.80827,-0.597656,-0.300992,-0.290736,1.04224,1.0643,10,1722,1.32076,0.153429
1776813034876725807,1.80827,-0.597656,-0.300225,-0.444227,1.00611,1.0643,10,1722,1.32076,0.153429
1776813034881730004,1.80055,-0.597656,-0.307941,-0.444227,1.1984,1.02407,10,1722,1.32076,0
1776813034886721924,1.79576,-0.0566406,-0.312731,-0.0566406,1.37119,1.30742,10,1721,1.31999,0
1776813034891725973,1.79576,0.0976562,-0.313498,0.0976562,1.29035,1.39537,10,1719,1.31846,-0.306858
1776813034896726707,1.79596,0.0976562,0.313483,-0.209202,1.43167,1.39639,10,1716,1.31616,-0.460104
1776813034901730885,1.79596,0.371094,0.311182,-0.0890098,1.45952,1.55225,10,1712,1.31309,-0.460196
1776813034906737119,1.79827,0.371094,0.310424,-0.0891018,1.65282,1.56433,10,1708,1.31002,-0.46038
1776813034911735428,1.79827,0.583984,0.307356,0.123605,1.67978,1.68568,10,1705,1.30772,-0.613471
1776813034916733329,1.80306,0.583984,0.309852,-0.029487,1.72501,1.71073,10,1701,1.30465,-0.613717
1776813034921708527,1.80306,0.697266,0.306784,0.0835488,1.83085,1.7753,10,1696,1.30082,-0.613349
1776813034926731445,1.80954,0.697266,0.30943,0.0839169,1.77675,1.80906,10,1691,1.29698,-0.767146
1776813034931747234,1.80954,0.755859,0.305595,-0.0112866,1.6705,1.84246,10,1687,1.29391,-0.613717
1776813034936747524,1.81686,0.755859,0.309847,0.142143,1.72508,1.88049,10,1683,1.29084,-0.766839
1776813034941731018,1.81686,0.802734,0.306779,0.0358952,1.7638,1.90721,10,1677,1.28624,-0.766993
1776813034946731401,1.81686,0.802734,0.302177,0.0357418,1.83027,1.90721,10,1673,1.28317,-0.766993
1776813034951721358,1.8287,0.802734,0.310946,0.0357418,1.88964,1.96849,10,1669,1.28011,-0.613447
1776813034956725888,1.8287,0.779297,0.307879,0.165849,1.98398,1.95513,10,1664,1.27627,-0.61384
1776813034961727178,1.83659,0.779297,0.311929,0.165457,1.93193,1.99579,10,1661,1.27397,-0.613471
1776813034966760929,1.83659,0.6875,0.309628,0.0740287,1.99846,1.94347,10,1657,1.2709,-0.613594
1776813034971716165,1.84407,0.6875,0.314038,0.0739059,2.09754,1.98191,10,1655,1.26937,-0.460104
1776813034976722659,1.84407,0.552734,0.312504,0.0926309,2.10478,1.90509,10,1651,1.2663,-0.46038
1776813034981721522,1.85014,0.552734,-0.312806,0.0923547,1.83527,1.93625,10,1649,1.26477,-0.460196
1776813034986729979,1.85014,0.361328,0.313979,-0.0988674,2.00617,1.82714,10,1646,1.26247,-0.306797
1776813034991721713,1.85707,0.361328,-0.309715,0.0545311,1.7927,1.86256,10,1644,1.26093,-0.460104
1776813034996722614,1.85707,0.333984,-0.311249,-0.126119,1.80975,1.84698,10,1641,1.25863,-0.460196
1776813035001735829,1.85877,0.333984,-0.311844,-0.126211,1.76095,1.85569,10,1639,1.2571,-0.306797
1776813035006733879,1.86203,0.310547,-0.311659,-0.149649,1.8524,1.85892,10,1636,1.2548,-0.460196
1776813035011749391,1.86203,0.316406,-0.312426,-0.143789,1.81305,1.86226,10,1633,1.2525,-0.306797
1776813035016753607,1.86203,0.316406,0.313592,0.00960922,1.83375,1.86226,10,1631,1.25096,-0.460104
1776813035021725935,1.86353,0.316406,0.313566,-0.143697,1.82784,1.86994,10,1629,1.24943,-0.306858
1776813035026734836,1.86855,0.341797,-0.312806,-0.118399,1.85288,1.90994,10,1626,1.24713,-0.460196
1776813035031735497,1.86855,0.34375,-0.313573,-0.116446,1.87778,1.91105,10,1623,1.24483,-0.306797
1776813035036724195,1.87014,0.34375,0.314036,0.036953,1.88287,1.91913,10,1622,1.24406,-0.306858
1776813035041723855,1.87014,0.328125,0.313269,0.0212666,1.90612,1.91023,10,1619,1.24176,-0.460196
1776813035046724312,1.87517,0.328125,-0.312318,-0.132071,1.91233,1.93577,10,1617,1.24022,-0.306674
1776813035051725436,1.87517,0.316406,-0.313852,0.00973189,1.91358,1.9291,10,1615,1.23869,-0.306835
1776813035056721597,1.87689,0.316406,-0.313666,0.0095717,1.85617,1.93781,10,1614,1.23792,-0.153399
1776813035061783680,1.87689,0.255859,0.313886,0.102461,1.9397,1.9033,10,1613,1.23716,-0.306858
1776813035066743361,1.8811,0.255859,-0.310993,-0.050999,1.90803,1.9246,10,1612,1.23639,-0.153337
1776813035071707894,1.8811,0.171875,-0.31176,0.0185378,1.90657,1.87673,10,1612,1.23639,0
1776813035076734683,1.88331,0.171875,-0.309553,0.171875,1.883,1.88789,10,1612,1.23639,0
1776813035081729955,1.88331,0.103516,-0.309553,0.103516,1.90817,1.84892,10,1612,1.23639,0
1776813035086729116,1.88331,0.103516,-0.309553,0.103516,1.85583,1.84892,10,1612,1.23639,0
1776813035091817476,1.88399,0.103516,-0.30887,0.103516,1.8269,1.85238,10,1612,1.23639,0
1776813035096766620,1.88399,-0.0976562,-0.30887,-0.0976562,1.74125,1.73771,10,1612,1.23639,0
1776813035101734079,1.88395,-0.0976562,-0.308911,-0.0976562,1.73962,1.7375,10,1613,1.23716,0.153429
1776813035106823420,1.88395,-0.128906,-0.308144,0.0245229,1.63386,1.71969,10,1615,1.23869,0.153368
1776813035111759269,1.88331,-0.128906,-0.307252,0.0244616,1.64542,1.71644,10,1615,1.23869,0.153399
1776813035116739005,1.88331,-0.150391,-0.307252,0.00300789,1.69981,1.7042,10,1617,1.24022,0.153429
1776813035121715629,1.88114,-0.150391,-0.307886,0.00303857,1.64726,1.69324,10,1617,1.24022,0.153344
1776813035126736456,1.88114,-0.136719,-0.307886,0.0166253,1.71293,1.70103,10,1618,1.24099,0
1776813035131749986,1.88042,-0.136719,-0.30784,-0.136719,1.70934,1.69738,10,1618,1.24099,0.153368
1776813035136745240,1.88042,-0.0800781,-0.30784,0.0732897,1.66005,1.72967,10,1618,1.24099,0
1776813035141727605,1.87869,-0.0800781,-0.309563,-0.0800781,1.74326,1.72094,10,1619,1.24176,0
1776813035146733210,1.87869,-0.0527344,-0.308796,-0.0527344,1.74224,1.73653,10,1619,1.24176,0.153399
1776813035151731000,1.87846,-0.0527344,-0.309036,0.100664,1.72614,1.73532,10,1619,1.24176,0
1776813035156731457,1.87846,0.0371094,-0.309036,0.0371094,1.7118,1.78653,10,1619,1.24176,0
1776813035161734358,1.87846,0.0371094,-0.309036,0.0371094,1.82952,1.78653,10,1619,1.24176,0
1776813035166755147,1.87825,0.0800781,-0.309237,0.0800781,1.78923,1.81,10,1618,1.24099,0
1776813035171718958,1.87889,0.0800781,-0.309365,0.0800781,1.74462,1.81324,10,1618,1.24099,-0.15346
1776813035176734618,1.87889,0.0859375,-0.309365,-0.0675224,1.81841,1.81658,10,1617,1.24022,-0.153368
1776813035181727760,1.87974,0.0859375,-0.309288,-0.0674303,1.77548,1.82085,10,1617,1.24022,0
1776813035186734883,1.87974,0.0800781,-0.309288,0.0800781,1.87172,1.81751,10,1616,1.23946,-0.153375
1776813035191734100,1.88022,0.0800781,-0.309575,-0.0732965,1.79484,1.81994,10,1616,1.23946,0
1776813035196763759,1.88022,0.0527344,-0.309575,0.0527344,1.91573,1.80435,10,1616,1.23946,0
1776813035201750402,1.88086,0.0527344,-0.308932,0.0527344,1.81949,1.8076,10,1616,1.23946,0
1776813035206732507,1.88086,0.00585938,-0.308932,0.00585938,1.80727,1.78089,10,1616,1.23946,0
1776813035211727761,1.8811,0.00585938,-0.308692,0.00585938,1.86036,1.7821,10,1616,1.23946,0
1776813035216726033,1.8811,-0.0390625,-0.308692,-0.0390625,1.82964,1.75649,10,1616,1.23946,0
1776813035221715583,1.88086,-0.0390625,-0.308933,-0.0390625,1.78652,1.75528,10,1616,1.23946,0
1776813035226743094,1.88086,-0.0488281,-0.308933,-0.0488281,1.74456,1.74971,10,1616,1.23946,0
1776813035231751328,1.88086,-0.0488281,-0.308933,-0.0488281,1.76549,1.74971,10,1616,1.23946,0
1776813035236728231,1.80969,-0.0488281,0.24822,-0.0488281,1.74476,1.38456,10,1616,1.23946,0
1776813035241737965,1.80969,-0.0390625,0.24822,-0.0390625,1.34713,1.39013,10,1616,1.23946,0
1776813035246728904,1.80907,-0.0390625,0.247596,-0.0390625,1.4296,1.38688,10,1616,1.23946,0
1776813035251740730,1.80907,0.00976562,0.247596,0.00976562,1.37224,1.41471,10,1616,1.23946,0
1776813035256728984,1.80884,0.00976562,0.247365,0.00976562,1.37606,1.41352,10,1616,1.23946,0
1776813035261745051,1.80884,0.0390625,0.247365,0.0390625,1.32391,1.43021,10,1616,1.23946,0
1776813035266727565,1.80887,0.0390625,0.247397,0.0390625,1.37625,1.43038,10,1616,1.23946,0
1776813035271713670,1.80887,0.105469,0.247397,0.105469,1.47596,1.46823,10,1615,1.23869,0
1776813035276723497,1.81012,0.105469,0.247875,0.105469,1.59464,1.47471,10,1615,1.23869,-0.153337
1776813035281737305,1.81012,0.111328,0.247875,-0.0420091,1.48125,1.47805,10,1614,1.23792,-0.15346
1776813035286739022,1.81074,0.111328,0.247732,-0.0421318,1.48016,1.4813,10,1613,1.23716,0
1776813035291738238,1.81074,0.115234,0.246965,0.115234,1.54689,1.48352,10,1613,1.23716,-0.153429
1776813035296728140,1.81241,0.115234,0.248638,-0.0381948,1.46739,1.49222,10,1612,1.23639,-0.153399
1776813035301731485,1.81241,0.113281,0.247871,-0.0401173,1.53018,1.49111,10,1611,1.23562,-0.153399
1776813035306753200,1.81241,0.113281,0.247104,-0.0401173,1.41765,1.49111,10,1610,1.23485,0
1776813035311784193,1.7829,0.117188,0.216061,-0.0361803,1.3559,1.33907,10,1609,1.23409,-0.153368
1776813035316741911,1.78453,0.117188,0.217683,-0.0361803,1.28719,1.3476,10,1608,1.23332,-0.153368
1776813035321707370,1.78453,0.130859,0.216916,-0.0225085,1.34985,1.35539,10,1607,1.23255,-0.15346
1776813035326741695,1.78514,0.130859,0.216764,-0.0226005,1.2812,1.35862,10,1606,1.23179,-0.306797
1776813035331743874,1.78514,0.185547,0.215997,-0.12125,1.37855,1.38979,10,1604,1.23025,-0.153368
1776813035336738868,1.78744,0.185547,0.216761,0.032179,1.43054,1.40186,10,1603,1.22949,-0.306797
1776813035341730418,1.78744,0.210938,0.215994,-0.0958595,1.47012,1.41633,10,1601,1.22795,-0.153368
1776813035346747078,1.78867,0.210938,0.215694,0.0575697,1.45809,1.4228,10,1599,1.22642,-0.306858
1776813035351742109,1.78867,0.255859,0.21416,-0.050999,1.45809,1.4228,10,1597,1.22488,-0.306797
1776813035356741196,1.79095,0.255859,0.2149,-0.0509377,1.52162,1.46033,10,1594,1.22258,-0.306797
1776813035361726543,1.79095,0.347656,0.212599,0.0408592,1.52162,1.46033,10,1592,1.22105,-0.460196
1776813035366722222,1.7955,0.347656,0.215619,-0.112539,1.54977,1.5365,10,1589,1.21875,-0.306797
1776813035371777676,1.7955,0.371094,0.213318,0.0642967,1.54977,1.5365,10,1587,1.21721,-0.460288
1776813035376743450,1.7955,0.371094,0.211784,-0.0891938,1.48798,1.54986,10,1583,1.21415,-0.460196
1776813035381729296,1.7806,0.371094,0.193818,-0.0891018,1.48798,1.54986,10,1581,1.21261,-0.460196
1776813035386740067,1.7806,0.53125,0.192284,0.0710545,1.53779,1.56298,10,1576,1.20878,-0.460104
1776813035391736191,1.78909,0.53125,0.196932,0.0711465,1.53779,1.56298,10,1574,1.20724,-0.613471
1776813035396758295,1.78909,0.560547,0.195398,-0.0529245,1.50943,1.62425,10,1569,1.20341,-0.613717
1776813035401741123,1.79237,0.560547,0.194846,-0.0531699,1.50943,1.62425,10,1567,1.20187,-0.613594
1776813035406733284,1.79237,0.642578,0.193313,0.0289841,1.62317,1.68822,10,1561,1.19727,-0.613717
1776813035411767462,1.8007,0.642578,0.197046,0.0288613,1.62317,1.68822,10,1559,1.19574,-0.460172
1776813035416785992,1.8007,0.65625,0.195512,0.196078,1.59843,1.7396,10,1553,1.19114,-0.613594
1776813035421744228,1.80466,0.65625,0.194864,0.0426559,1.59843,1.7396,10,1551,1.1896,-0.613594
1776813035426738167,1.80466,0.613281,0.19333,-0.000312805,1.72825,1.73574,10,1546,1.18577,-0.613471
1776813035431726884,1.81367,0.613281,0.198506,-0.000190079,1.72825,1.73574,10,1544,1.18423,-0.460196
1776813035436729285,1.81367,0.578125,0.196972,0.117929,1.9182,1.7626,10,1540,1.18117,-0.460288
1776813035441771110,1.81742,0.578125,0.197651,0.117837,1.9182,1.7626,10,1538,1.17963,-0.460104
1776813035446765956,1.81742,0.443359,0.196117,-0.0167441,1.83538,1.70523,10,1534,1.17656,-0.460288
1776813035451743600,1.81742,0.443359,0.193049,-0.0169282,1.83538,1.70523,10,1533,1.1758,-0.460104
1776813035456732576,1.8137,0.443359,0.188564,-0.0167441,1.6386,1.68593,10,1530,1.1735,-0.306858
1776813035461743606,1.8137,0.388672,0.186263,0.0818135,1.6386,1.68593,10,1527,1.17119,-0.460196
1776813035466735489,1.81994,0.388672,0.190209,-0.0715237,1.62037,1.68717,10,1523,1.16813,-0.460196
1776813035471714855,1.81994,0.408203,0.187141,-0.0519924,1.62037,1.68717,10,1521,1.16659,-0.460196
1776813035476723330,1.82189,0.408203,0.187551,-0.0519924,1.69928,1.70837,10,1517,1.16352,-0.460104
1776813035481721212,1.82189,0.488281,0.184483,0.0281777,1.69928,1.70837,10,1515,1.16199,-0.460196
1776813035486725021,1.82866,0.488281,0.189716,0.0280857,1.66727,1.78901,10,1511,1.15892,-0.612981
1776813035491747144,1.82866,0.492188,0.186648,-0.120794,1.66727,1.78901,10,1508,1.15662,-0.460748
1776813035496727157,1.831,0.492188,0.186696,0.0314391,1.62659,1.80337,10,1505,1.15432,-0.306651
1776813035501725299,1.831,0.470703,0.184396,0.164053,1.62659,1.80337,10,1503,1.15279,-0.46038
1776813035506726738,1.83847,0.470703,0.190322,0.0103235,1.73428,1.82956,10,1500,1.15049,-0.460012
1776813035511737194,1.83847,0.443359,0.188021,-0.0166522,1.73428,1.82956,10,1498,1.14895,-0.30692
1776813035516732725,1.84063,0.443359,0.18865,0.13644,1.78897,1.82509,10,1496,1.14742,-0.306674
1776813035521795587,1.84063,0.302734,0.187116,-0.00393999,1.78897,1.82509,10,1495,1.14665,-0.153429
1776813035526756823,1.84063,0.302734,0.186349,0.149305,1.73309,1.74494,10,1494,1.14588,-0.306858
1776813035531738818,1.82759,0.302734,0.172546,-0.00412402,1.73309,1.74494,10,1493,1.14512,-0.153368
1776813035536819030,1.82759,0.148438,0.171779,-0.00493033,1.73639,1.58981,10,1492,1.14435,-0.153368
1776813035541803655,1.83096,0.148438,0.174384,-0.00493033,1.73639,1.58981,10,1492,1.14435,0
1776813035546749503,1.83096,0.0761719,0.174384,0.0761719,1.59252,1.56603,10,1491,1.14358,0
1776813035551729072,1.83206,0.0761719,0.17471,0.0761719,1.59252,1.56603,10,1491,1.14358,-0.15346
1776813035556729251,1.83206,0.046875,0.17471,-0.106585,1.52899,1.55497,10,1491,1.14358,0
1776813035561728338,1.83229,0.046875,0.174943,0.046875,1.52899,1.55497,10,1491,1.14358,0
1776813035566791384,1.83229,0.00195312,0.174943,0.00195312,1.52897,1.53056,10,1491,1.14358,0
1776813035571726715,1.83269,0.00195312,0.175339,0.00195312,1.52897,1.53056,10,1491,1.14358,0
1776813035576735171,1.83269,0.00195312,0.175339,0.00195312,1.46767,1.5326,10,1491,1.14358,0
1776813035581732573,1.83269,0.00195312,0.175339,0.00195312,1.46767,1.5326,10,1491,1.14358,0
1776813035586733770,1.83269,-0.0078125,0.175339,-0.0078125,1.53949,1.52704,10,1491,1.14358,0
1776813035591726357,1.83252,-0.0078125,0.175175,-0.0078125,1.53949,1.52704,10,1491,1.14358,0
1776813035596727295,1.83252,0.00195312,0.175175,0.00195312,1.50358,1.53176,10,1491,1.14358,0
1776813035601725012,1.83252,0.00195312,0.175175,0.00195312,1.50358,1.53176,10,1491,1.14358,0
1776813035606732320,1.82274,0.00195312,0.165389,0.00195312,1.49324,1.4812,10,1491,1.14358,0
1776813035611725592,1.82274,-0.00195312,0.165389,-0.00195312,1.49324,1.4812,10,1491,1.14358,0
1776813035616726068,1.82274,-0.00195312,0.165388,-0.00195312,1.54902,1.47897,10,1491,1.14358,0
1776813035621705655,1.82274,-0.00585938,0.165388,-0.00585938,1.54902,1.47897,10,1491,1.14358,0
1776813035626741407,1.8227,-0.00585938,0.165355,-0.00585938,1.46633,1.47657,10,1491,1.14358,0
1776813035631729272,1.8227,-0.00195312,0.165355,-0.00195312,1.46633,1.47657,10,1491,1.14358,0
1776813035636728877,1.8227,-0.00195312,0.165354,-0.00195312,1.52864,1.47879,10,1491,1.14358,0
1776813035641724556,1.8227,0.0078125,0.165354,0.0078125,1.52864,1.47879,10,1491,1.14358,0
1776813035646722772,1.82273,0.0078125,0.165387,0.0078125,1.46691,1.48453,10,1491,1.14358,0
1776813035651722655,1.82273,0.00976562,0.165387,0.00976562,1.46691,1.48453,10,1491,1.14358,0
1776813035656731315,1.82273,0.00976562,0.165387,0.00976562,1.44751,1.48564,10,1491,1.14358,0
1776813035661722773,1.82273,0.0136719,0.165387,0.0136719,1.44751,1.48564,10,1491,1.14358,0
1776813035666724970,1.82293,0.0136719,0.165586,0.0136719,1.4184,1.4889,10,1491,1.14358,0
1776813035671701261,1.82293,0.0078125,0.165586,0.0078125,1.4184,1.4889,10,1491,1.14358,0
1776813035676732921,1.82293,0.0078125,0.165586,0.0078125,1.54918,1.48556,10,1491,1.14358,0
1776813035681732822,1.81681,0.0078125,0.159459,0.0078125,1.54918,1.48556,10,1491,1.14358,0
1776813035686764463,1.81681,0.0078125,0.159459,0.0078125,1.54918,1.48556,10,1491,1.14358,0
1776813035691740013,1.81684,0.0078125,0.159491,0.0078125,1.4771,1.45381,10,1490,1.14282,0
1776813035696727508,1.81684,0.0214844,0.158724,0.0214844,1.3993,1.46176,10,1490,1.14282,-0.153429
1776813035701701855,1.81704,0.0214844,0.158921,-0.131945,1.3993,1.46176,10,1490,1.14282,0
1776813035706682831,1.81704,0.0332031,0.158921,0.0332031,1.45535,1.46947,10,1490,1.14282,0
1776813035711684251,1.81723,0.0332031,0.159119,0.0332031,1.45535,1.46947,10,1489,1.14205,-0.153429
1776813035716682615,1.81723,0.0585938,0.158352,-0.0948354,1.46324,1.48497,10,1489,1.14205,0
1776813035721668610,1.81786,0.0585938,0.158976,0.0585938,1.46324,1.48497,10,1488,1.14128,-0.153429
1776813035726698473,1.81786,0.0839844,0.158209,-0.0694448,1.52867,1.50268,10,1487,1.14051,0
1776813035731724373,1.81852,0.0839844,0.1581,0.0839844,1.52867,1.50268,10,1487,1.14051,-0.153399
1776813035736706183,1.81852,0.0996094,0.1581,-0.0537891,1.42034,1.515,10,1486,1.13975,0
1776813035741736212,1.81937,0.0996094,0.15819,0.0996094,1.42034,1.515,10,1486,1.13975,-0.153337
1776813035746730355,1.81937,0.113281,0.15819,-0.0400559,1.52345,1.52723,10,1485,1.13898,-0.153429
1776813035751731756,1.81937,0.113281,0.157423,-0.0401479,1.52345,1.52723,10,1484,1.13821,-0.153399
1776813035756728954,1.81618,0.113281,0.153464,-0.0401173,1.47933,1.51067,10,1483,1.13745,0
1776813035761731336,1.81618,0.113281,0.153464,-0.0401173,1.47933,1.51067,10,1483,1.13745,0
1776813035766732960,1.81743,0.115234,0.15318,-0.0381028,1.56943,1.51179,10,1481,1.13591,-0.153337
1776813035771720843,1.81743,0.115234,0.15318,-0.0381028,1.56943,1.51179,10,1481,1.13591,-0.153337
1776813035776725133,1.81977,0.128906,0.153982,-0.0244616,1.63352,1.52606,10,1479,1.13438,-0.153368
1776813035781741886,1.81977,0.154297,0.153215,0.000929043,1.63352,1.52606,10,1478,1.13361,-0.153399
1776813035786731788,1.82059,0.154297,0.153271,0.000898361,1.56605,1.55691,10,1477,1.13284,-0.306858
1776813035791730393,1.82059,0.210938,0.152504,-0.0959209,1.56605,1.55691,10,1475,1.13131,-0.153399
1776813035796732590,1.8223,0.210938,0.152683,0.057539,1.49974,1.59808,10,1473,1.12978,-0.306797
1776813035801743010,1.8223,0.244141,0.151149,-0.0626564,1.49974,1.59808,10,1472,1.12901,-0.153368
1776813035806732263,1.8223,0.244141,0.150383,0.0907728,1.48358,1.617,10,1469,1.12671,-0.306797
1776813035811734591,1.82019,0.244141,0.145972,-0.0626564,1.48358,1.617,10,1468,1.12594,-0.460288
1776813035816770768,1.82019,0.322266,0.145205,-0.138022,1.62231,1.65061,10,1465,1.12364,-0.306736
1776813035821744374,1.82441,0.322266,0.147124,0.01553,1.62231,1.65061,10,1464,1.12287,-0.306858
1776813035826753386,1.82441,0.378906,0.146357,0.0720479,1.63684,1.70474,10,1460,1.11981,-0.306797
1776813035831735344,1.82973,0.378906,0.148609,0.0721092,1.63684,1.70474,10,1459,1.11904,-0.460012
1776813035836727098,1.82973,0.392578,0.147842,-0.0674334,1.60308,1.74002,10,1455,1.11597,-0.460288
1776813035841726518,1.83162,0.392578,0.14666,-0.0677094,1.60308,1.74002,10,1454,1.1152,-0.306797
1776813035846739233,1.83162,0.419922,0.145893,0.113125,1.75179,1.76534,10,1450,1.11214,-0.306773
1776813035851774522,1.83782,0.419922,0.149027,0.113149,1.75179,1.76534,10,1449,1.11137,-0.460196
1776813035856759257,1.83782,0.400391,0.14826,-0.0598049,1.76892,1.78616,10,1446,1.10907,-0.306736
1776813035861736438,1.83995,0.400391,0.148085,0.093655,1.76892,1.78616,10,1445,1.1083,-0.15346
1776813035866738061,1.83995,0.304688,0.147318,0.151228,1.76091,1.74255,10,1443,1.10677,-0.306797
1776813035871714426,1.84531,0.304688,0.151144,-0.00210953,1.76091,1.74255,10,1443,1.10677,-0.153368
1776813035876754882,1.84531,0.251953,0.151144,0.0985853,1.68945,1.74002,10,1442,1.106,-0.153399
1776813035881740524,1.84531,0.251953,0.150377,0.0985546,1.68945,1.74002,10,1442,1.106,0
1776813035886789516,1.83912,0.251953,0.144186,0.251953,1.71045,1.70822,10,1441,1.10523,-0.153429
1776813035891804472,1.83912,0.0527344,0.143419,-0.100695,1.71045,1.70822,10,1441,1.10523,0
1776813035896785300,1.84211,0.0527344,0.146412,0.0527344,1.59412,1.61005,10,1441,1.10523,0
1776813035901741500,1.84211,-0.00390625,0.146412,-0.00390625,1.59412,1.61005,10,1441,1.10523,0
1776813035906736198,1.84231,-0.00390625,0.146611,-0.00390625,1.61114,1.57878,10,1441,1.10523,0
1776813035911741136,1.84231,-0.0429688,0.146611,-0.0429688,1.61114,1.57878,10,1441,1.10523,0
1776813035916751519,1.84207,-0.0429688,0.146376,-0.0429688,1.51329,1.55531,10,1441,1.10523,0
1776813035921719755,1.84207,-0.0625,0.146376,-0.0625,1.51329,1.55531,10,1441,1.10523,0
1776813035926737600,1.84148,-0.0625,0.14578,-0.0625,1.54602,1.54112,10,1441,1.10523,0
1776813035931742575,1.84148,-0.0644531,0.14578,-0.0644531,1.54602,1.54112,10,1441,1.10523,0
1776813035936730032,1.84124,-0.0644531,0.145546,-0.0644531,1.54368,1.5388,10,1441,1.10523,0
1776813035941783616,1.84124,-0.0429688,0.145546,-0.0429688,1.54368,1.5388,10,1441,1.10523,0
1776813035946767852,1.84038,-0.0429688,0.14468,-0.0429688,1.51555,1.54659,10,1441,1.10523,0
1776813035951834454,1.84038,-0.0273438,0.14468,-0.0273438,1.51555,1.54659,10,1441,1.10523,0
1776813035956767581,1.84038,-0.0273438,0.14468,-0.0273438,1.52896,1.5555,10,1441,1.10523,0
1776813035961749760,1.83546,-0.0273438,0.139764,-0.0273438,1.52896,1.5555,10,1441,1.10523,0
1776813035966835825,1.83546,-0.0273438,0.139764,-0.0273438,1.52896,1.5555,10,1441,1.10523,0
1776813035971740490,1.83566,0.0292969,0.139962,0.0292969,1.65264,1.56249,10,1441,1.10523,0
1776813035976742206,1.83566,0.0253906,0.139962,0.0253906,1.54934,1.56128,10,1441,1.10523,0
1776813035981735681,1.83569,0.0253906,0.139997,0.0253906,1.54934,1.56128,10,1441,1.10523,0
1776813035986734620,1.83569,0.0273438,0.139997,0.0273438,1.60463,1.56258,10,1441,1.10523,0
1776813035991741002,1.83609,0.0273438,0.140394,0.0273438,1.60463,1.56258,10,1441,1.10523,0
1776813035996723497,1.83609,0.0253906,0.140394,0.0253906,1.53429,1.56351,10,1441,1.10523,0
1776813036001734954,1.83612,0.0253906,0.140428,0.0253906,1.53429,1.56351,10,1441,1.10523,0
1776813036006736707,1.83612,0.00390625,0.140428,0.00390625,1.56392,1.55144,10,1441,1.10523,0
1776813036011746849,1.83632,0.00390625,0.140627,0.00390625,1.56392,1.55144,10,1441,1.10523,0
1776813036016749047,1.83632,0,0.140627,0,1.53111,1.55023,10,1441,1.10523,0
1776813036021714766,1.83632,0,0.140627,0,1.53111,1.55023,10,1441,1.10523,0
1776813036026725722,1.83632,-0.0136719,0.140627,-0.0136719,1.58212,1.54244,10,1441,1.10523,0
1776813036031732031,1.83632,-0.0136719,0.140627,-0.0136719,1.58212,1.54244,10,1441,1.10523,0
1776813036036727748,1.83311,-0.0136719,0.137409,-0.0136719,1.50835,1.52586,10,1441,1.10523,0
1776813036041724002,1.83311,-0.0195312,0.137409,-0.0195312,1.50835,1.52586,10,1441,1.10523,0
1776813036046724237,1.83271,-0.0195312,0.137014,-0.0195312,1.46976,1.52048,10,1441,1.10523,0
1776813036051728046,1.83271,-0.0175781,0.137014,-0.0175781,1.46976,1.52048,10,1441,1.10523,0
1776813036056720041,1.83268,-0.0175781,0.136978,-0.0175781,1.48822,1.52142,10,1441,1.10523,0
1776813036061729202,1.83268,0.00195312,0.136978,0.00195312,1.48822,1.52142,10,1441,1.10523,0
1776813036066738881,1.83248,0.00195312,0.13678,0.00195312,1.56378,1.53153,10,1441,1.10523,0
1776813036071794669,1.83248,0.0117188,0.13678,0.0117188,1.56378,1.53153,10,1441,1.10523,0
1776813036076744184,1.83248,0.0117188,0.13678,0.0117188,1.49828,1.53709,10,1441,1.10523,0
1776813036081734438,1.83248,0.0214844,0.13678,0.0214844,1.49828,1.53709,10,1441,1.10523,0
1776813036086729081,1.83287,0.0214844,0.137177,0.0214844,1.57906,1.5447,10,1441,1.10523,0
1776813036091729520,1.83287,0.0214844,0.137177,0.0214844,1.57906,1.5447,10,1441,1.10523,0
1776813036096724163,1.83291,0.0214844,0.137211,0.0214844,1.57972,1.54488,10,1441,1.10523,0
1776813036101724250,1.83291,0.0078125,0.137211,0.0078125,1.57972,1.54488,10,1441,1.10523,0
1776813036106751799,1.83079,0.0078125,0.135092,0.0078125,1.58178,1.53709,10,1441,1.10523,0
1776813036111732831,1.83079,-0.00585938,0.135092,-0.00585938,1.58178,1.53709,10,1441,1.10523,0
1776813036116739843,1.83079,-0.00585938,0.135092,-0.00585938,1.56172,1.51836,10,1441,1.10523,0
1776813036121718543,1.83079,-0.00976562,0.135092,-0.00976562,1.56172,1.51836,10,1441,1.10523,0
1776813036126741925,1.83079,-0.00976562,0.135092,-0.00976562,1.60945,1.51614,10,1441,1.10523,0
1776813036131747919,1.83079,-0.015625,0.135092,-0.015625,1.60945,1.51614,10,1441,1.10523,0
1776813036136739025,1.83079,-0.015625,0.135092,-0.015625,1.59896,1.5128,10,1441,1.10523,0
1776813036141761370,1.83079,-0.00195312,0.135092,-0.00195312,1.59896,1.5128,10,1441,1.10523,0
1776813036146747458,1.83059,-0.00195312,0.134894,-0.00195312,1.49605,1.51957,10,1441,1.10523,0
1776813036151737508,1.83059,-0.00390625,0.134894,-0.00390625,1.49605,1.51957,10,1441,1.10523,0
1776813036156733688,1.83059,-0.00390625,0.134894,-0.00390625,1.57906,1.51845,10,1441,1.10523,0
1776813036161730831,1.83059,0,0.134894,0,1.57906,1.51845,10,1441,1.10523,0
1776813036166806192,1.83059,0,0.134893,0,1.41318,1.52068,10,1441,1.10523,0
1776813036171764522,1.83059,-0.00195312,0.134893,-0.00195312,1.41318,1.52068,10,1441,1.10523,0
1776813036176770182,1.82461,-0.00195312,0.12891,-0.00195312,1.4955,1.51956,10,1441,1.10523,0
1776813036181762992,1.82461,0.00585938,0.12891,0.00585938,1.4955,1.51956,10,1441,1.10523,0
1776813036186737025,1.82461,0.00585938,0.12891,0.00585938,1.4783,1.4931,10,1441,1.10523,0
1776813036191744630,1.82461,0.00390625,0.12891,0.00390625,1.4783,1.4931,10,1441,1.10523,0
1776813036196727977,1.82461,0.00390625,0.12891,0.00390625,1.3975,1.49199,10,1441,1.10523,0
1776813036201740322,1.82461,0.00976562,0.12891,0.00976562,1.3975,1.49199,10,1441,1.10523,0
1776813036206771778,1.82464,0.00976562,0.128943,0.00976562,1.49603,1.4955,10,1441,1.10523,0
1776813036211753681,1.82464,0.0078125,0.128943,0.0078125,1.49603,1.4955,10,1441,1.10523,0
1776813036216733176,1.82484,0.0078125,0.12914,0.0078125,1.54559,1.49541,10,1441,1.10523,0
1776813036221716931,1.82484,0.00976562,0.12914,0.00976562,1.54559,1.49541,10,1441,1.10523,0
1776813036226731351,1.82484,0.00976562,0.12914,0.00976562,1.49555,1.49652,10,1441,1.10523,0
1776813036231731845,1.82484,-0.00390625,0.12914,-0.00390625,1.49555,1.49652,10,1441,1.10523,0
1776813036236733302,1.82487,-0.00390625,0.129174,-0.00390625,1.44741,1.48891,10,1441,1.10523,0
1776813036241723779,1.82487,-0.00585938,0.129174,-0.00585938,1.44741,1.48891,10,1441,1.10523,0
1776813036246722810,1.82124,-0.00585938,0.125545,-0.00585938,1.49597,1.48779,10,1441,1.10523,0
1776813036251720453,1.82124,-0.00585938,0.125545,-0.00585938,1.49597,1.48779,10,1441,1.10523,0
1776813036256722188,1.82124,0.00585938,0.125545,0.00585938,1.44738,1.47569,10,1441,1.10523,0
1776813036261727719,1.82124,-0.00390625,0.125545,-0.00390625,1.44738,1.47569,10,1441,1.10523,0
1776813036266720936,1.82124,-0.00390625,0.125545,-0.00390625,1.51227,1.47012,10,1441,1.10523,0
1776813036271749299,1.82124,0.00195312,0.125545,0.00195312,1.51227,1.47012,10,1441,1.10523,0
1776813036276733628,1.82124,0.00195312,0.125545,0.00195312,1.41363,1.47346,10,1441,1.10523,0
1776813036281731196,1.82124,0.00195312,0.125545,0.00195312,1.41363,1.47346,10,1441,1.10523,0
1776813036286728821,1.82124,0.00195312,0.125545,0.00195312,1.46324,1.47346,10,1441,1.10523,0
1776813036291732778,1.82124,0.00390625,0.125545,0.00390625,1.46324,1.47346,10,1441,1.10523,0
1776813036296723736,1.82144,0.00390625,0.125743,0.00390625,1.43037,1.4756,10,1441,1.10523,0
1776813036301759451,1.82144,0.00195312,0.125743,0.00195312,1.43037,1.4756,10,1441,1.10523,0
1776813036306751834,1.82144,0.00195312,0.125743,0.00195312,1.47883,1.47449,10,1441,1.10523,0
1776813036311733255,1.82144,0.0078125,0.125743,0.0078125,1.47883,1.47449,10,1441,1.10523,0
1776813036316738231,1.82144,0.0078125,0.125743,0.0078125,1.4344,1.47783,10,1441,1.10523,0
1776813036321755188,1.8191,0.0078125,0.123404,0.0078125,1.4344,1.47783,10,1441,1.10523,0
1776813036326796365,1.8191,0.0136719,0.123404,0.0136719,1.43237,1.46904,10,1441,1.10523,0
1776813036331777490,1.81913,0.0136719,0.123437,0.0136719,1.43237,1.46904,10,1441,1.10523,0
1776813036336756523,1.81913,0.00390625,0.123437,0.00390625,1.3314,1.46365,10,1441,1.10523,0
1776813036341760998,1.8193,0.00390625,0.123602,0.00390625,1.3314,1.46365,10,1441,1.10523,0
1776813036346770437,1.8193,0.00195312,0.123602,0.00195312,1.46542,1.46339,10,1441,1.10523,0
1776813036351738859,1.81933,0.00195312,0.123635,0.00195312,1.46542,1.46339,10,1441,1.10523,0
1776813036356761204,1.81933,-0.00195312,0.123635,-0.00195312,1.48818,1.46134,10,1441,1.10523,0
1776813036361732292,1.81933,-0.00195312,0.123635,-0.00195312,1.48818,1.46134,10,1441,1.10523,0
1776813036366768841,1.81933,0.00585938,0.123635,0.00585938,1.40402,1.46579,10,1441,1.10523,0
1776813036371730152,1.81936,0.00585938,0.123668,0.00585938,1.40402,1.46579,10,1441,1.10523,0
1776813036376726979,1.81936,0.00585938,0.123668,0.00585938,1.43714,1.46596,10,1441,1.10523,0
1776813036381731344,1.81936,0.00585938,0.123668,0.00585938,1.43714,1.46596,10,1441,1.10523,0
1776813036386726820,1.81936,0.00585938,0.123668,0.00585938,1.46988,1.46596,10,1441,1.10523,0
1776813036391728814,1.81936,0.00585938,0.123668,0.00585938,1.46988,1.46596,10,1441,1.10523,0
1776813036396854173,1.81788,0.00585938,0.122187,0.00585938,1.47628,1.45828,10,1441,1.10523,0
1776813036401811799,1.81788,0,0.122187,0,1.47628,1.45828,10,1441,1.10523,0
1776813036406762296,1.81805,0,0.122351,0,1.45614,1.4558,10,1441,1.10523,0
1776813036411836528,1.81805,0,0.122351,0,1.45614,1.4558,10,1441,1.10523,0
1776813036416766470,1.81805,0,0.122351,0,1.46309,1.4558,10,1441,1.10523,0
1776813036421724374,1.81805,0.00390625,0.122351,0.00390625,1.46309,1.4558,10,1441,1.10523,0
1776813036426731053,1.81805,0.00390625,0.122352,0.00390625,1.42392,1.45802,10,1441,1.10523,0
1776813036431735177,1.81805,0.00195312,0.122352,0.00195312,1.42392,1.45802,10,1441,1.10523,0
1776813036436746856,1.81805,0.00195312,0.122352,0.00195312,1.42394,1.45691,10,1441,1.10523,0
1776813036441783275,1.81805,0.0078125,0.122352,0.0078125,1.42394,1.45691,10,1441,1.10523,0
1776813036446754270,1.81808,0.0078125,0.122384,0.0078125,1.45201,1.46042,10,1441,1.10523,0
1776813036451746265,1.81808,0.0078125,0.122384,0.0078125,1.45201,1.46042,10,1441,1.10523,0
1776813036456748796,1.81808,0.0078125,0.122384,0.0078125,1.47312,1.46042,10,1441,1.10523,0
1776813036461750791,1.81808,0.00585938,0.122384,0.00585938,1.47312,1.46042,10,1441,1.10523,0
1776813036466726286,1.81703,0.00585938,0.121331,0.00585938,1.41135,1.45931,10,1441,1.10523,0
1776813036471711615,1.81703,0.00390625,0.121331,0.00390625,1.41135,1.45931,10,1441,1.10523,0
1776813036476729460,1.81723,0.00390625,0.12153,0.00390625,1.46435,1.45376,10,1441,1.10523,0
1776813036481725529,1.81723,0.00585938,0.12153,0.00585938,1.46435,1.45376,10,1441,1.10523,0
1776813036486721523,1.81723,0.00585938,0.12153,0.00585938,1.48506,1.45487,10,1441,1.10523,0
1776813036491730703,1.81723,0.00195312,0.12153,0.00195312,1.48506,1.45487,10,1441,1.10523,0
1776813036496725419,1.81723,0.00195312,0.12153,0.00195312,1.48678,1.45265,10,1441,1.10523,0
1776813036501731173,1.81723,0.00195312,0.12153,0.00195312,1.48678,1.45265,10,1441,1.10523,0
1776813036506742982,1.81726,0.00195312,0.121562,0.00195312,1.45287,1.45282,10,1441,1.10523,0
1776813036511768882,1.81726,0.0078125,0.121562,0.0078125,1.45287,1.45282,10,1441,1.10523,0
1776813036516738137,1.81726,0.0078125,0.121562,0.0078125,1.44243,1.45616,10,1441,1.10523,0
1776813036521702115,1.81726,0.00585938,0.121562,0.00585938,1.44243,1.45616,10,1441,1.10523,0
1776813036526730108,1.81742,0.00585938,0.121726,0.00585938,1.50701,1.45589,10,1441,1.10523,0
1776813036531744620,1.81742,0.00390625,0.121726,0.00390625,1.50701,1.45589,10,1441,1.10523,0
1776813036536730430,1.81742,0.00390625,0.121726,0.00390625,1.53856,1.45478,10,1441,1.10523,0
1776813036541724647,1.8147,0.00390625,0.118999,0.00390625,1.53856,1.45478,10,1441,1.10523,0
1776813036546733160,1.8147,0.00390625,0.118999,0.00390625,1.53856,1.45478,10,1441,1.10523,0
1776813036551724821,1.8147,0,0.118999,0,1.43062,1.4384,10,1441,1.10523,0
1776813036556731871,1.8147,0,0.118999,0,1.4205,1.4384,10,1441,1.10523,0
1776813036561725291,1.8147,0,0.118999,0,1.4205,1.4384,10,1441,1.10523,0
1776813036566741692,1.8147,0.0078125,0.118999,0.0078125,1.46229,1.44285,10,1441,1.10523,0
1776813036571713095,1.8147,0.0078125,0.118999,0.0078125,1.46229,1.44285,10,1441,1.10523,0
1776813036576725978,1.8147,0.00390625,0.118999,0.00390625,1.39975,1.44063,10,1440,1.10447,0
1776813036581778637,1.8147,0.00390625,0.118232,0.00390625,1.39975,1.44063,10,1440,1.10447,-0.153399
1776813036586754392,1.8147,0.0117188,0.118232,-0.14168,1.55038,1.44508,10,1440,1.10447,0
1776813036591745053,1.81473,0.0117188,0.118265,0.0117188,1.55038,1.44508,10,1440,1.10447,0
1776813036596740696,1.81473,0.00585938,0.118265,0.00585938,1.4038,1.44191,10,1440,1.10447,0
1776813036601728098,1.81489,0.00585938,0.11843,0.00585938,1.4038,1.44191,10,1440,1.10447,0
1776813036606766684,1.81489,0.0117188,0.11843,0.0117188,1.43674,1.4461,10,1440,1.10447,0
1776813036611760715,1.81489,0.0117188,0.11843,0.0117188,1.43674,1.4461,10,1440,1.10447,0
1776813036616741007,1.81342,0.0117188,0.116952,0.0117188,1.40558,1.43843,10,1440,1.10447,0
1776813036621730020,1.81342,0.0195312,0.116952,0.0195312,1.40558,1.43843,10,1440,1.10447,0
1776813036626729237,1.81365,0.0195312,0.117182,0.0195312,1.46824,1.44408,10,1440,1.10447,0
1776813036631737175,1.81365,0.0195312,0.117182,0.0195312,1.46824,1.44408,10,1440,1.10447,0
1776813036636728930,1.81368,0.0195312,0.117215,0.0195312,1.46056,1.44425,10,1439,1.1037,0
1776813036641727406,1.81368,0.0175781,0.116448,0.0175781,1.46056,1.44425,10,1439,1.1037,-0.15346
1776813036646727289,1.81388,0.0175781,0.116645,-0.135882,1.47864,1.44416,10,1439,1.1037,0
1776813036651734283,1.81388,0.0175781,0.116645,0.0175781,1.47864,1.44416,10,1439,1.1037,0
1776813036656727352,1.81407,0.0175781,0.116842,0.0175781,1.53452,1.44518,10,1439,1.1037,0
1776813036661727772,1.81407,0.015625,0.116842,0.015625,1.53452,1.44518,10,1439,1.1037,0
1776813036666730081,1.81427,0.015625,0.117039,0.015625,1.52403,1.44509,10,1439,1.1037,0
1776813036671717484,1.81427,0.015625,0.117039,0.015625,1.52403,1.44509,10,1439,1.1037,0
1776813036676738329,1.81447,0.015625,0.117236,0.015625,1.45917,1.44611,10,1439,1.1037,0
1776813036681740157,1.81447,0.0078125,0.117236,0.0078125,1.45917,1.44611,10,1439,1.1037,0
1776813036686723392,1.81365,0.0078125,0.116416,0.0078125,1.40676,1.44166,10,1439,1.1037,0
1776813036691724424,1.81365,0.0078125,0.116416,0.0078125,1.40676,1.44166,10,1439,1.1037,0
1776813036696721196,1.81368,0.0078125,0.116448,0.0078125,1.41112,1.43757,10,1439,1.1037,0
1776813036701755708,1.81368,0.00195312,0.116448,0.00195312,1.41112,1.43757,10,1439,1.1037,0
1776813036706747091,1.81384,0.00195312,0.116613,0.00195312,1.46744,1.43509,10,1439,1.1037,0
1776813036711736049,1.81384,-0.00390625,0.116613,-0.00390625,1.46744,1.43509,10,1439,1.1037,0
1776813036716726988,1.81384,-0.00585938,0.116613,-0.00585938,1.40674,1.43063,10,1439,1.1037,0
1776813036721705410,1.81368,-0.00585938,0.116448,-0.00585938,1.40674,1.43063,10,1439,1.1037,0
1776813036726756605,1.81368,-0.00390625,0.116448,-0.00390625,1.43284,1.43089,10,1439,1.1037,0
1776813036731757248,1.81368,-0.00390625,0.116448,-0.00390625,1.43284,1.43089,10,1439,1.1037,0
1776813036736748317,1.81368,-0.00585938,0.116448,-0.00585938,1.43709,1.42978,10,1439,1.1037,0
1776813036741729034,1.81365,-0.00585938,0.116416,-0.00585938,1.43709,1.42978,10,1439,1.1037,0
1776813036746728566,1.81365,-0.00585938,0.116416,-0.00585938,1.35019,1.42961,10,1439,1.1037,0
1776813036751728208,1.81365,-0.00585938,0.116416,-0.00585938,1.35019,1.42961,10,1439,1.1037,0
1776813036756734110,1.81302,-0.00585938,0.115793,-0.00585938,1.41501,1.42637,10,1439,1.1037,0
1776813036761724994,1.81302,0.00195312,0.115793,0.00195312,1.41501,1.42637,10,1439,1.1037,0
1776813036766730081,1.81306,0.00195312,0.115825,0.00195312,1.37271,1.43099,10,1439,1.1037,0
1776813036771703558,1.81306,-0.00195312,0.115825,-0.00195312,1.37271,1.43099,10,1439,1.1037,0
1776813036776781845,1.81306,-0.00195312,0.115825,-0.00195312,1.49351,1.42877,10,1439,1.1037,0
1776813036781745526,1.81306,0.00585938,0.115825,0.00585938,1.49351,1.42877,10,1439,1.1037,0
1776813036786739169,1.81322,0.00585938,0.11599,0.00585938,1.42962,1.43408,10,1439,1.1037,0
1776813036791731923,1.81322,0.00976562,0.11599,0.00976562,1.42962,1.43408,10,1439,1.1037,0
1776813036796746065,1.81322,0.00976562,0.11599,0.00976562,1.40259,1.4363,10,1438,1.10293,-0.153429
1776813036801737152,1.81322,0.0078125,0.115223,-0.145617,1.40259,1.4363,10,1438,1.10293,0
1776813036806742091,1.81342,0.0078125,0.11542,0.0078125,1.42429,1.43621,10,1438,1.10293,0
1776813036811730919,1.81342,0.00390625,0.11542,0.00390625,1.42429,1.43621,10,1438,1.10293,0
1776813036816742950,1.81342,0.00390625,0.11542,0.00390625,1.45658,1.43399,10,1438,1.10293,0
1776813036821705872,1.81342,0.00390625,0.11542,0.00390625,1.45658,1.43399,10,1438,1.10293,0
1776813036826725884,1.81221,0.00390625,0.114208,0.00390625,1.43305,1.43399,10,1438,1.10293,0
1776813036831800449,1.81221,0.00195312,0.114208,0.00195312,1.43305,1.43399,10,1438,1.10293,0
1776813036836756816,1.81221,0.00195312,0.114208,0.00195312,1.42502,1.42657,10,1438,1.10293,0
1776813036841745292,1.81221,0.00585938,0.114208,0.00585938,1.42502,1.42657,10,1438,1.10293,0
1776813036846776767,1.81237,0.00585938,0.114373,0.00585938,1.42895,1.42966,10,1438,1.10293,0
1776813036851836629,1.81237,0.00390625,0.114373,0.00390625,1.42895,1.42966,10,1438,1.10293,0
1776813036856759275,1.81237,0.00390625,0.114372,0.00390625,1.47846,1.42854,10,1438,1.10293,0
1776813036861825914,1.81237,0.00585938,0.114372,0.00585938,1.47846,1.42854,10,1438,1.10293,0
1776813036866759930,1.8124,0.00585938,0.114405,0.00585938,1.5102,1.42982,10,1438,1.10293,0
1776813036871724500,1.8124,0.0078125,0.114405,0.0078125,1.5102,1.42982,10,1438,1.10293,0
1776813036876731013,1.8124,0.0078125,0.114405,0.0078125,1.50946,1.43094,10,1438,1.10293,0
1776813036881735137,1.8124,0.0195312,0.114405,0.0195312,1.50946,1.43094,10,1438,1.10293,0
1776813036886733131,1.8126,0.0195312,0.114602,0.0195312,1.42504,1.43864,10,1437,1.10217,0
1776813036891752458,1.8126,0.0214844,0.113835,-0.131883,1.42504,1.43864,10,1437,1.10217,-0.153368
1776813036896754619,1.8126,0.0214844,0.113835,-0.131883,1.45174,1.43976,10,1437,1.10217,0
1776813036901741522,1.8126,0.0234375,0.113835,0.0234375,1.45174,1.43976,10,1437,1.10217,0
1776813036906734683,1.81299,0.0234375,0.114229,0.0234375,1.42913,1.44292,10,1437,1.10217,0
1776813036911738196,1.81299,0.0273438,0.114229,0.0273438,1.42913,1.44292,10,1437,1.10217,0
1776813036916728302,1.81303,0.0273438,0.114262,0.0273438,1.46215,1.44531,10,1436,1.1014,-0.153368
1776813036921763110,1.81303,0.0410156,0.113495,-0.112352,1.46215,1.44531,10,1436,1.1014,0
1776813036926787862,1.81365,0.0410156,0.114119,0.0410156,1.4608,1.45635,10,1436,1.1014,0
1776813036931775487,1.81365,0.0429688,0.114119,0.0429688,1.4608,1.45635,10,1435,1.10063,0
1776813036936779777,1.81385,0.0429688,0.113549,0.0429688,1.45218,1.45848,10,1435,1.10063,-0.153429
1776813036941752421,1.81385,0.0507812,0.113549,-0.102648,1.45218,1.45848,10,1435,1.10063,0
1776813036946745490,1.81427,0.0507812,0.113976,0.0507812,1.43241,1.46516,10,1434,1.09986,-0.153429
1776813036951750373,1.81427,0.0625,0.113209,-0.0909292,1.43241,1.46516,10,1434,1.09986,0
1776813036956748830,1.8149,0.0625,0.113832,0.0625,1.36137,1.47507,10,1433,1.0991,-0.153337
1776813036961735677,1.8149,0.0800781,0.113065,-0.0732591,1.36137,1.47507,10,1432,1.09833,0
1776813036966751912,1.8149,0.0800781,0.112298,0.0800781,1.50866,1.48509,10,1431,1.09756,-0.153429
1776813036971707889,1.81556,0.0800781,0.112189,-0.0733511,1.50866,1.48509,10,1431,1.09756,-0.153399
1776813036976734994,1.81556,0.128906,0.112189,-0.0244923,1.51577,1.51634,10,1430,1.0968,-0.153337
1776813036981725155,1.81766,0.128906,0.113526,-0.0244309,1.51577,1.51634,10,1429,1.09603,-0.15346
1776813036986724224,1.81766,0.138672,0.112759,-0.014788,1.50804,1.53282,10,1428,1.09526,-0.153368
1776813036991723718,1.81828,0.138672,0.112617,-0.014696,1.50804,1.53282,10,1427,1.0945,-0.153399
1776813036996731101,1.81828,0.150391,0.11185,-0.00300789,1.56853,1.54275,10,1426,1.09373,-0.153429
1776813037001727466,1.81977,0.150391,0.112565,-0.00303857,1.56853,1.54275,10,1425,1.09296,-0.153368
1776813037006738998,1.81977,0.15625,0.111798,0.00288217,1.60079,1.55377,10,1423,1.09143,-0.153399
1776813037011729326,1.82125,0.15625,0.111746,0.00285149,1.60079,1.55377,10,1423,1.09143,-0.153429
1776813037016721803,1.82125,0.197266,0.111746,0.0438364,1.58494,1.58483,10,1420,1.08913,-0.306736
1776813037021700966,1.82399,0.197266,0.112182,-0.10947,1.58494,1.58483,10,1419,1.08836,-0.153429
1776813037026725293,1.82399,0.214844,0.111415,0.0614146,1.57559,1.60901,10,1418,1.08759,-0.306736
1776813037031726547,1.82484,0.214844,0.111505,-0.0918919,1.57559,1.60901,10,1417,1.08683,-0.153399
1776813037036744096,1.82484,0.25,0.110738,0.0966015,1.69453,1.63348,10,1414,1.08452,-0.306858
1776813037041725981,1.82484,0.25,0.108437,-0.0568584,1.69453,1.63348,10,1413,1.08376,-0.306797
1776813037046738827,1.82848,0.25,0.111306,-0.056797,1.62589,1.65228,10,1410,1.08146,-0.306797
1776813037051729748,1.82848,0.271484,0.109005,-0.0353127,1.62589,1.65228,10,1409,1.08069,-0.153368
1776813037056730336,1.83248,0.271484,0.112241,0.118117,1.65752,1.68518,10,1407,1.07916,-0.306736
1776813037061736275,1.83248,0.279297,0.110707,-0.0274388,1.65752,1.68518,10,1405,1.07762,-0.30692
1776813037066759917,1.83377,0.279297,0.110466,-0.0276229,1.6357,1.6963,10,1403,1.07609,-0.306736
1776813037071728080,1.83377,0.292969,0.108932,-0.0137669,1.6357,1.6963,10,1401,1.07455,-0.306797
1776813037076727630,1.83822,0.292969,0.111843,-0.0138283,1.68041,1.72699,10,1399,1.07302,-0.306797
1776813037081739736,1.83822,0.298828,0.110309,-0.0079689,1.68041,1.72699,10,1397,1.07149,-0.306797
1776813037086770914,1.83955,0.298828,0.110107,-0.0079689,1.73776,1.73717,10,1395,1.06995,-0.306712
1776813037091751373,1.83955,0.261719,0.108573,-0.0449931,1.73776,1.73717,10,1394,1.06918,-0.153399
1776813037096738128,1.84401,0.261719,0.112263,0.10832,1.70145,1.73892,10,1392,1.06765,-0.30692
1776813037101741363,1.84401,0.208984,0.110729,-0.0979354,1.70145,1.73892,10,1391,1.06688,-0.153399
1776813037106736080,1.84621,0.208984,0.112166,0.0555859,1.7131,1.72017,10,1390,1.06612,-0.153337
1776813037111743464,1.84621,0.167969,0.111399,0.0146316,1.7131,1.72017,10,1390,1.06612,-0.153429
1776813037116748496,1.84621,0.167969,0.111399,0.0145396,1.63297,1.69679,10,1389,1.06535,-0.153399
1776813037121757953,1.84965,0.167969,0.114073,0.0145702,1.63297,1.69679,10,1389,1.06535,0
1776813037126757133,1.84965,0.0371094,0.114073,0.0371094,1.64158,1.63984,10,1389,1.06535,0
1776813037131757202,1.85136,0.0371094,0.115775,0.0371094,1.64158,1.63984,10,1389,1.06535,0
1776813037136752493,1.85136,-0.00976562,0.115775,-0.00976562,1.67406,1.62183,10,1389,1.06535,0
1776813037141744507,1.85136,-0.0761719,0.115775,-0.0761719,1.67406,1.62183,10,1389,1.06535,0
1776813037146728392,1.85092,-0.0761719,0.11534,-0.0761719,1.53828,1.58176,10,1389,1.06535,0
1776813037151732886,1.85092,-0.123047,0.11534,-0.123047,1.53828,1.58176,10,1390,1.06612,0
1776813037156724530,1.84985,-0.123047,0.115038,-0.123047,1.5815,1.54956,10,1391,1.06688,0.153429
1776813037161759023,1.84985,-0.134766,0.115805,0.0186636,1.5815,1.54956,10,1391,1.06688,0.153429
1776813037166745555,1.84858,-0.134766,0.114538,0.0186636,1.59676,1.53639,10,1392,1.06765,0
1776813037171715570,1.84858,-0.0957031,0.115305,-0.0957031,1.59676,1.53639,10,1392,1.06765,0.153368
1776813037176728527,1.84748,-0.0957031,0.114201,0.0576647,1.53085,1.553,10,1392,1.06765,0
1776813037181728893,1.84748,-0.0390625,0.114201,-0.0390625,1.53085,1.553,10,1392,1.06765,0
1776813037186733036,1.84748,-0.0390625,0.114201,-0.0390625,1.56556,1.58529,10,1392,1.06765,0
1776813037191728994,1.84815,-0.0390625,0.114873,-0.0390625,1.56556,1.58529,10,1392,1.06765,0
1776813037196728525,1.84815,0.0078125,0.114873,0.0078125,1.59447,1.61545,10,1392,1.06765,0
1776813037201721150,1.84812,0.0078125,0.114837,0.0078125,1.59447,1.61545,10,1392,1.06765,0
1776813037206726515,1.84812,0.0722656,0.114837,0.0722656,1.60063,1.652,10,1392,1.06765,0
1776813037211766990,1.84879,0.0722656,0.115507,0.0722656,1.60063,1.652,10,1392,1.06765,0
1776813037216750448,1.84879,0.0800781,0.115507,0.0800781,1.63329,1.65989,10,1392,1.06765,0
1776813037221707130,1.84918,0.0800781,0.115905,0.0800781,1.63329,1.65989,10,1392,1.06765,0
1776813037226736050,1.84918,0.0605469,0.115905,0.0605469,1.60659,1.6508,10,1392,1.06765,0
1776813037231727508,1.85029,0.0605469,0.11701,0.0605469,1.60659,1.6508,10,1392,1.06765,0
1776813037236726096,1.85029,0.0429688,0.11701,0.0429688,1.70042,1.64644,10,1391,1.06688,-0.15346
1776813037241724942,1.85049,0.0429688,0.116443,-0.110491,1.70042,1.64644,10,1391,1.06688,0
1776813037246732733,1.85049,-0.0175781,0.116443,-0.0175781,1.69206,1.61295,10,1391,1.06688,0
1776813037251720099,1.85069,-0.0175781,0.116642,-0.0175781,1.69206,1.61295,10,1391,1.06688,0
1776813037256751444,1.85069,-0.0371094,0.116642,-0.0371094,1.63949,1.60283,10,1391,1.06688,0
1776813037261746291,1.85069,-0.0371094,0.116642,-0.0371094,1.63949,1.60283,10,1391,1.06688,0
1776813037266729694,1.85179,-0.0371094,0.117749,-0.0371094,1.62644,1.6085,10,1391,1.06688,0
1776813037271710246,1.85179,-0.0566406,0.117749,-0.0566406,1.62644,1.6085,10,1391,1.06688,0
1776813037276734758,1.85112,-0.0566406,0.117078,-0.0566406,1.52722,1.59393,10,1391,1.06688,0
1776813037281730234,1.85112,-0.03125,0.117078,-0.03125,1.52722,1.59393,10,1391,1.06688,0
1776813037286814837,1.85029,-0.03125,0.116245,-0.03125,1.56388,1.60414,10,1391,1.06688,0
1776813037291766704,1.85029,-0.015625,0.116245,-0.015625,1.56388,1.60414,10,1391,1.06688,0
1776813037296752274,1.85029,-0.015625,0.116245,-0.015625,1.51653,1.61305,10,1391,1.06688,0
1776813037301827598,1.85029,0.0234375,0.116245,0.0234375,1.51653,1.61305,10,1391,1.06688,0
1776813037306830408,1.85029,0.0234375,0.116245,0.0234375,1.58672,1.63531,10,1391,1.06688,0
1776813037311746370,1.85029,0.0371094,0.116245,0.0371094,1.58672,1.63531,10,1391,1.06688,0
1776813037316721162,1.85049,0.0371094,0.116444,0.0371094,1.64716,1.64413,10,1391,1.06688,0
1776813037321734934,1.85049,0.0351562,0.116444,0.0351562,1.64716,1.64413,10,1391,1.06688,0
1776813037326731910,1.85096,0.0351562,0.116915,0.0351562,1.60681,1.64542,10,1391,1.06688,0
1776813037331763126,1.85096,0.03125,0.116915,0.03125,1.60681,1.64542,10,1391,1.06688,0
1776813037336794712,1.85096,0.03125,0.116915,0.03125,1.71139,1.6432,10,1391,1.06688,0
1776813037341757949,1.85243,0.03125,0.118385,0.03125,1.71139,1.6432,10,1391,1.06688,0
1776813037346744223,1.85243,-0.00195312,0.118385,-0.00195312,1.66608,1.63179,10,1391,1.06688,0
1776813037351733200,1.85263,-0.00195312,0.118584,-0.00195312,1.66608,1.63179,10,1391,1.06688,0
1776813037356734768,1.85263,-0.0273438,0.118584,-0.0273438,1.6144,1.61834,10,1391,1.06688,0
1776813037361740874,1.85243,-0.0273438,0.118385,-0.0273438,1.6144,1.61834,10,1391,1.06688,0
1776813037366726444,1.85243,-0.0292969,0.118385,-0.0292969,1.68517,1.61621,10,1391,1.06688,0
1776813037371714347,1.85223,-0.0292969,0.118185,-0.0292969,1.68517,1.61621,10,1391,1.06688,0
1776813037376725248,1.85223,-0.03125,0.118185,-0.03125,1.64773,1.61407,10,1391,1.06688,0
1776813037381736669,1.852,-0.03125,0.11795,-0.03125,1.64773,1.61407,10,1391,1.06688,0
1776813037386734071,1.852,-0.015625,0.11795,-0.015625,1.6007,1.62177,10,1391,1.06688,0
1776813037391736029,1.85176,-0.015625,0.117714,-0.015625,1.6007,1.62177,10,1391,1.06688,0
1776813037396728672,1.85176,0.00195312,0.117714,0.00195312,1.63346,1.63059,10,1391,1.06688,0
1776813037401727574,1.85176,0.00195312,0.117714,0.00195312,1.63346,1.63059,10,1391,1.06688,0
1776813037406723162,1.85176,0.0195312,0.117714,0.0195312,1.59566,1.64061,10,1391,1.06688,0
1776813037411738138,1.85176,0.0195312,0.117714,0.0195312,1.59566,1.64061,10,1391,1.06688,0
1776813037416725726,1.8529,0.0195312,0.118857,0.0195312,1.57658,1.64645,10,1391,1.06688,0
1776813037421711499,1.8529,0.0195312,0.118857,0.0195312,1.57658,1.64645,10,1391,1.06688,0
1776813037426725901,1.8533,0.0195312,0.119256,0.0195312,1.61405,1.64849,10,1391,1.06688,0
1776813037431726803,1.8533,0.0136719,0.119256,0.0136719,1.61405,1.64849,10,1391,1.06688,0
1776813037436800239,1.8535,0.0136719,0.119455,0.0136719,1.60634,1.64617,10,1391,1.06688,0
1776813037441855194,1.8535,-0.0078125,0.119455,-0.0078125,1.60634,1.64617,10,1391,1.06688,0
1776813037446809025,1.8535,-0.0078125,0.119455,-0.0078125,1.60082,1.63393,10,1391,1.06688,0
1776813037451748300,1.8535,-0.0078125,0.119455,-0.0078125,1.60082,1.63393,10,1391,1.06688,0
1776813037456743888,1.8535,-0.0078125,0.119456,-0.0078125,1.6612,1.63393,10,1391,1.06688,0
1776813037461730013,1.8535,-0.0175781,0.119456,-0.0175781,1.6612,1.63393,10,1391,1.06688,0
1776813037466741785,1.8533,-0.0175781,0.119256,-0.0175781,1.67038,1.62735,10,1391,1.06688,0
1776813037471715540,1.8533,-0.0117188,0.119256,-0.0117188,1.67038,1.62735,10,1391,1.06688,0
1776813037476733756,1.8531,-0.0117188,0.119057,-0.0117188,1.66205,1.62967,10,1391,1.06688,0
1776813037481729029,1.8531,-0.00195312,0.119057,-0.00195312,1.66205,1.62967,10,1391,1.06688,0
1776813037486732080,1.8531,-0.00195312,0.119057,-0.00195312,1.61459,1.63523,10,1391,1.06688,0
1776813037491727538,1.85719,-0.00195312,0.123145,-0.00195312,1.61459,1.63523,10,1391,1.06688,0
1776813037496741032,1.85719,0.0117188,0.123145,0.0117188,1.60608,1.66392,10,1391,1.06688,0
1776813037501746008,1.85723,0.0117188,0.123182,0.0117188,1.60608,1.66392,10,1391,1.06688,0
1776813037506744429,1.85723,0.015625,0.123182,0.015625,1.65804,1.66633,10,1391,1.06688,0
1776813037511733813,1.85739,0.015625,0.123345,0.015625,1.65804,1.66633,10,1391,1.06688,0
1776813037516745826,1.85739,0.0078125,0.123345,0.0078125,1.67184,1.66271,10,1391,1.06688,0
1776813037521706471,1.85743,0.0078125,0.123382,0.0078125,1.67184,1.66271,10,1391,1.06688,0
1776813037526735242,1.85743,0.00585938,0.123382,0.00585938,1.66627,1.66179,10,1391,1.06688,0
1776813037531738755,1.85746,0.00585938,0.123419,0.00585938,1.66627,1.66179,10,1391,1.06688,0
1776813037536757620,1.85746,-0.00585938,0.123419,-0.00585938,1.66619,1.6553,10,1391,1.06688,0
1776813037541743263,1.85763,-0.00585938,0.123582,-0.00585938,1.66619,1.6553,10,1391,1.06688,0
1776813037546735610,1.85763,-0.00976562,0.123582,-0.00976562,1.73181,1.6539,10,1391,1.06688,0
1776813037551731309,1.85743,-0.00976562,0.123382,-0.00976562,1.73181,1.6539,10,1391,1.06688,0
1776813037556769265,1.85743,-0.0136719,0.123382,-0.0136719,1.6008,1.65066,10,1391,1.06688,0
1776813037561742336,1.85743,-0.0136719,0.123382,-0.0136719,1.6008,1.65066,10,1391,1.06688,0
1776813037566729979,1.86025,-0.0136719,0.126202,-0.0136719,1.68499,1.66505,10,1391,1.06688,0
1776813037571708086,1.86025,-0.00195312,0.126202,-0.00195312,1.68499,1.66505,10,1391,1.06688,0
1776813037576730858,1.86025,-0.00195312,0.126204,-0.00195312,1.64773,1.67174,10,1391,1.06688,0
1776813037581736241,1.86025,0.00585938,0.126204,0.00585938,1.64773,1.67174,10,1391,1.06688,0
1776813037586733347,1.86021,0.00585938,0.126166,0.00585938,1.60074,1.676,10,1391,1.06688,0
1776813037591772655,1.86021,0.0078125,0.126166,0.0078125,1.60074,1.676,10,1391,1.06688,0
1776813037596743633,1.86025,0.0078125,0.126204,0.0078125,1.73183,1.6773,10,1391,1.06688,0
1776813037601742109,1.86025,0.0136719,0.126204,0.0136719,1.73183,1.6773,10,1391,1.06688,0
1776813037606768455,1.86029,0.0136719,0.126241,0.0136719,1.6943,1.68083,10,1391,1.06688,0
1776813037611757858,1.86029,0.00585938,0.126241,0.00585938,1.6943,1.68083,10,1391,1.06688,0
1776813037616777778,1.86045,0.00585938,0.126403,0.00585938,1.66626,1.67721,10,1391,1.06688,0
1776813037621750422,1.86045,-0.00390625,0.126403,-0.00390625,1.66626,1.67721,10,1391,1.06688,0
1776813037626734899,1.86045,-0.00390625,0.126403,-0.00390625,1.7179,1.67164,10,1391,1.06688,0
1776813037631744356,1.86045,-0.00585938,0.126403,-0.00585938,1.7179,1.67164,10,1391,1.06688,0
1776813037636728370,1.86045,-0.00585938,0.126403,-0.00585938,1.70391,1.67053,10,1391,1.06688,0
1776813037641744327,1.86287,-0.00585938,0.128828,-0.00585938,1.70391,1.67053,10,1391,1.06688,0
1776813037646730878,1.86287,-0.00976562,0.128828,-0.00976562,1.66627,1.68066,10,1391,1.06688,0
1776813037651739836,1.86284,-0.00976562,0.12879,-0.00976562,1.66627,1.68066,10,1391,1.06688,0
1776813037656756219,1.86284,-0.00585938,0.12879,-0.00585938,1.59667,1.6827,10,1391,1.06688,0
1776813037661740900,1.86264,-0.00585938,0.12859,-0.00585938,1.59667,1.6827,10,1391,1.06688,0
1776813037666730062,1.86264,-0.00195312,0.12859,-0.00195312,1.66612,1.6839,10,1391,1.06688,0
1776813037671705002,1.86264,-0.00195312,0.12859,-0.00195312,1.66612,1.6839,10,1391,1.06688,0
1776813037676726403,1.86264,0.0078125,0.12859,0.0078125,1.69489,1.68947,10,1391,1.06688,0
1776813037681727695,1.86264,0.0078125,0.12859,0.0078125,1.69489,1.68947,10,1391,1.06688,0
1776813037686734226,1.86264,0.00585938,0.12859,0.00585938,1.67681,1.68836,10,1391,1.06688,0
1776813037691727962,1.86264,0.00585938,0.12859,0.00585938,1.67681,1.68836,10,1391,1.06688,0
1776813037696744197,1.86264,0.00976562,0.12859,0.00976562,1.73179,1.69058,10,1391,1.06688,0
1776813037701727433,1.86284,0.00976562,0.12879,0.00976562,1.73179,1.69058,10,1391,1.06688,0
1776813037706726132,1.86284,0.00390625,0.12879,0.00390625,1.66584,1.68826,10,1391,1.06688,0
1776813037711720627,1.86284,0.00390625,0.12879,0.00390625,1.66584,1.68826,10,1391,1.06688,0
1776813037716721900,1.86483,0.00390625,0.130779,0.00390625,1.61066,1.69839,10,1391,1.06688,0
1776813037721702229,1.86483,0,0.130779,0,1.61066,1.69839,10,1391,1.06688,0
1776813037726731333,1.86483,0,0.130779,0,1.69511,1.69616,10,1391,1.06688,0
1776813037731827250,1.86483,-0.00976562,0.130779,-0.00976562,1.69511,1.69616,10,1391,1.06688,0
1776813037736773858,1.86483,-0.00976562,0.130779,-0.00976562,1.65156,1.6906,10,1391,1.06688,0
1776813037741736651,1.86483,-0.00390625,0.130779,-0.00390625,1.65156,1.6906,10,1391,1.06688,0
1776813037746909360,1.86479,-0.00390625,0.130741,-0.00390625,1.69186,1.69375,10,1391,1.06688,0
1776813037751752418,1.86479,-0.00585938,0.130741,-0.00585938,1.69186,1.69375,10,1391,1.06688,0
1776813037756734654,1.86479,-0.00585938,0.130741,-0.00585938,1.68051,1.69263,10,1391,1.06688,0
1776813037761730409,1.86479,0,0.130741,0,1.68051,1.69263,10,1391,1.06688,0
1776813037766740125,1.86479,0,0.130741,0,1.64435,1.69597,10,1391,1.06688,0
1776813037771708529,1.86479,0.00390625,0.130741,0.00390625,1.64435,1.69597,10,1391,1.06688,0
1776813037776765614,1.86479,0.00390625,0.130741,0.00390625,1.73614,1.6982,10,1391,1.06688,0
1776813037781755720,1.86479,0.00976562,0.130741,0.00976562,1.73614,1.6982,10,1391,1.06688,0
1776813037786735679,1.86479,0.00976562,0.130741,0.00976562,1.69503,1.70154,10,1391,1.06688,0
1776813037791742377,1.87225,0.00976562,0.138201,0.00976562,1.69503,1.70154,10,1391,1.06688,0
1776813037796737965,1.87225,0.00390625,0.138201,0.00390625,1.79316,1.73612,10,1391,1.06688,0
1776813037801736256,1.87225,0.00390625,0.138201,0.00390625,1.79316,1.73612,10,1391,1.06688,0
1776813037806743954,1.87225,-0.00195312,0.138201,-0.00195312,1.76744,1.73278,10,1391,1.06688,0
1776813037811749931,1.87229,-0.00195312,0.138239,-0.00195312,1.76744,1.73278,10,1391,1.06688,0
1776813037816736389,1.87229,-0.0078125,0.138239,-0.0078125,1.69517,1.72964,10,1391,1.06688,0
1776813037821716255,1.87225,-0.0078125,0.138201,-0.0078125,1.69517,1.72964,10,1391,1.06688,0
1776813037826730009,1.87225,-0.00976562,0.138201,-0.00976562,1.69524,1.72833,10,1391,1.06688,0
1776813037831740040,1.87225,-0.00976562,0.138201,-0.00976562,1.69524,1.72833,10,1391,1.06688,0
1776813037836728536,1.87225,-0.00976562,0.138201,-0.00976562,1.6799,1.72833,10,1391,1.06688,0
1776813037841794898,1.87205,-0.00976562,0.138,-0.00976562,1.6799,1.72833,10,1391,1.06688,0
1776813037846755006,1.87205,-0.0078125,0.138,-0.0078125,1.72611,1.72843,10,1391,1.06688,0
1776813037851761148,1.87201,-0.0078125,0.137962,-0.0078125,1.72611,1.72843,10,1391,1.06688,0
1776813037856732348,1.87201,-0.00390625,0.137962,-0.00390625,1.71297,1.73046,10,1391,1.06688,0
1776813037861734139,1.87201,-0.00390625,0.137962,-0.00390625,1.71297,1.73046,10,1391,1.06688,0
1776813037866737578,1.87665,-0.00390625,0.142602,-0.00390625,1.7104,1.75399,10,1391,1.06688,0
1776813037871745906,1.87665,0.00390625,0.142602,0.00390625,1.7104,1.75399,10,1391,1.06688,0
1776813037876742772,1.87665,0.00390625,0.142602,0.00390625,1.72784,1.75845,10,1391,1.06688,0
1776813037881733174,1.87665,0.0078125,0.142602,0.0078125,1.72784,1.75845,10,1391,1.06688,0
1776813037886723910,1.87665,0.0078125,0.142602,0.0078125,1.72795,1.76067,10,1391,1.06688,0
1776813037891744627,1.87665,0.00390625,0.142602,0.00390625,1.72795,1.76067,10,1391,1.06688,0
1776813037896759528,1.87665,0.00390625,0.142602,0.00390625,1.80661,1.75845,10,1391,1.06688,0
1776813037901753190,1.87665,0.00195312,0.142602,0.00195312,1.80661,1.75845,10,1391,1.06688,0
1776813037906739963,1.87669,0.00195312,0.142641,0.00195312,1.74555,1.75753,10,1391,1.06688,0
1776813037911732421,1.87669,0.00195312,0.142641,0.00195312,1.74555,1.75753,10,1391,1.06688,0
1776813037916733638,1.87669,0.00195312,0.142641,0.00195312,1.75878,1.75753,10,1391,1.06688,0
1776813037921706505,1.87669,-0.00976562,0.142641,-0.00976562,1.75878,1.75753,10,1391,1.06688,0
1776813037926729239,1.87665,-0.00976562,0.142602,-0.00976562,1.72584,1.75065,10,1391,1.06688,0
1776813037931746493,1.87665,-0.0078125,0.142602,-0.0078125,1.72584,1.75065,10,1391,1.06688,0
1776813037936751765,1.87665,-0.0078125,0.142602,-0.0078125,1.64475,1.75177,10,1391,1.06688,0
1776813037941735261,1.88017,-0.0078125,0.146129,-0.0078125,1.64475,1.75177,10,1391,1.06688,0
1776813037946734922,1.88017,-0.0078125,0.146129,-0.0078125,1.64475,1.75177,10,1391,1.06688,0
1776813037951728418,1.87997,-0.00195312,0.145928,-0.00195312,1.64475,1.77297,10,1391,1.06688,0
1776813037956735060,1.87997,0.00390625,0.145928,0.00390625,1.69203,1.77529,10,1391,1.06688,0
1776813037961804145,1.88014,0.00390625,0.146089,0.00390625,1.69203,1.77529,10,1391,1.06688,0
1776813037966774974,1.88014,0.00390625,0.146089,0.00390625,1.77472,1.77611,10,1391,1.06688,0
1776813037971724471,1.88014,0.00390625,0.146089,0.00390625,1.77472,1.77611,10,1391,1.06688,0
1776813037976752372,1.88014,0.00390625,0.146089,0.00390625,1.7761,1.77611,10,1391,1.06688,0
1776813037981729887,1.88017,0.00390625,0.146129,0.00390625,1.7761,1.77611,10,1391,1.06688,0
1776813037986728474,1.88017,0,0.146129,0,1.79195,1.77408,10,1391,1.06688,0
1776813037991729099,1.88017,0,0.146129,0,1.79195,1.77408,10,1391,1.06688,0
1776813037996746315,1.88017,-0.0078125,0.146129,-0.0078125,1.79022,1.76963,10,1391,1.06688,0
1776813038001730496,1.88017,-0.0078125,0.146129,-0.0078125,1.79022,1.76963,10,1391,1.06688,0
1776813038006730713,1.88017,-0.00390625,0.146129,-0.00390625,1.77592,1.77185,10,1391,1.06688,0
1776813038011721524,1.88017,-0.00390625,0.146129,-0.00390625,1.77592,1.77185,10,1391,1.06688,0
1776813038016728908,1.88302,-0.00390625,0.148978,-0.00390625,1.75906,1.78627,10,1391,1.06688,0
1776813038021703293,1.88302,0,0.148978,0,1.75906,1.78627,10,1391,1.06688,0
1776813038026733380,1.88282,0,0.148777,0,1.79273,1.78748,10,1391,1.06688,0
1776813038031744041,1.88282,-0.00585938,0.148777,-0.00585938,1.79273,1.78748,10,1391,1.06688,0
1776813038036729574,1.88282,-0.00585938,0.148777,-0.00585938,1.80942,1.78414,10,1391,1.06688,0
1776813038041726088,1.88282,-0.00195312,0.148777,-0.00195312,1.80942,1.78414,10,1391,1.06688,0
1776813038046721380,1.88282,-0.00195312,0.148777,-0.00195312,1.74238,1.78636,10,1391,1.06688,0
1776813038051731282,1.88282,-0.00390625,0.148777,-0.00390625,1.74238,1.78636,10,1391,1.06688,0
1776813038056746481,1.88282,-0.00390625,0.148777,-0.00390625,1.79159,1.78525,10,1391,1.06688,0
1776813038061740162,1.88282,0.00195312,0.148777,0.00195312,1.79159,1.78525,10,1391,1.06688,0
1776813038066724917,1.88282,0.00195312,0.148777,0.00195312,1.84138,1.78859,10,1391,1.06688,0
1776813038071708820,1.88282,-0.00195312,0.148777,-0.00195312,1.84138,1.78859,10,1391,1.06688,0
1776813038076729778,1.88282,-0.00195312,0.148777,-0.00195312,1.80816,1.78636,10,1391,1.06688,0
1776813038081730736,1.88282,0.00390625,0.148777,0.00390625,1.80816,1.78636,10,1391,1.06688,0
1776813038086741805,1.88282,0.00390625,0.148777,0.00390625,1.82427,1.7897,10,1391,1.06688,0
1776813038091798649,1.89301,0.00390625,0.15896,0.00390625,1.82427,1.7897,10,1391,1.06688,0
1776813038096756480,1.89301,-0.00390625,0.15896,-0.00390625,1.80857,1.83662,10,1391,1.06688,0
1776813038101745031,1.89301,-0.00390625,0.15896,-0.00390625,1.80857,1.83662,10,1391,1.06688,0
1776813038106766507,1.89301,0.00195312,0.15896,0.00195312,1.8089,1.83996,10,1391,1.06688,0
1776813038111742781,1.89301,0.00195312,0.15896,0.00195312,1.8089,1.83996,10,1391,1.06688,0
1776813038116730259,1.89301,-0.00390625,0.15896,-0.00390625,1.84103,1.83662,10,1391,1.06688,0
1776813038121706848,1.89301,-0.00390625,0.15896,-0.00390625,1.84103,1.83662,10,1391,1.06688,0
1776813038126727175,1.89301,-0.0078125,0.15896,-0.0078125,1.85742,1.8344,10,1391,1.06688,0
1776813038131749299,1.89285,-0.0078125,0.158799,-0.0078125,1.85742,1.8344,10,1392,1.06765,0
1776813038136762942,1.89285,-0.0136719,0.159566,-0.0136719,1.84187,1.83025,10,1392,1.06765,0.153368
1776813038141748512,1.8928,-0.0136719,0.159525,0.139696,1.84187,1.83025,10,1392,1.06765,0
1776813038146741527,1.8928,-0.0136719,0.159525,-0.0136719,1.95795,1.83004,10,1392,1.06765,0
1776813038151724412,1.8926,-0.0136719,0.159324,-0.0136719,1.95795,1.83004,10,1392,1.06765,0
1776813038156727036,1.8926,-0.0078125,0.159324,-0.0078125,1.82384,1.83237,10,1392,1.06765,0
1776813038161722865,1.8926,-0.0078125,0.159324,-0.0078125,1.82384,1.83237,10,1392,1.06765,0
1776813038166726749,1.89842,-0.0078125,0.165139,-0.0078125,1.87737,1.86162,10,1392,1.06765,0
1776813038171703634,1.89842,-0.00195312,0.165139,-0.00195312,1.87737,1.86162,10,1392,1.06765,0
1776813038176738073,1.89838,-0.00195312,0.165098,-0.00195312,1.84114,1.86475,10,1392,1.06765,0
1776813038181810509,1.89838,-0.00195312,0.165098,-0.00195312,1.84114,1.86475,10,1392,1.06765,0
1776813038186764840,1.89838,-0.00195312,0.165099,-0.00195312,1.83005,1.86476,10,1392,1.06765,0
1776813038191748503,1.89838,-0.00585938,0.165099,-0.00585938,1.83005,1.86476,10,1392,1.06765,0
1776813038196810329,1.89838,-0.00585938,0.165098,-0.00585938,1.91443,1.86252,10,1392,1.06765,0
1776813038201793936,1.89838,-0.0078125,0.165098,-0.0078125,1.91443,1.86252,10,1392,1.06765,0
1776813038206747192,1.89838,-0.0078125,0.165098,-0.0078125,1.84891,1.86141,10,1392,1.06765,0
1776813038211745336,1.89838,-0.00976562,0.165098,-0.00976562,1.84891,1.86141,10,1392,1.06765,0
1776813038216735517,1.89818,-0.00976562,0.164896,-0.00976562,1.91432,1.85929,10,1392,1.06765,0
1776813038221750086,1.89818,-0.0136719,0.164896,-0.0136719,1.91432,1.85929,10,1392,1.06765,0
1776813038226742711,1.89813,-0.0136719,0.164855,-0.0136719,1.82193,1.85685,10,1392,1.06765,0
1776813038231782371,1.89813,-0.0078125,0.164855,-0.0078125,1.82193,1.85685,10,1393,1.06842,0.153399
1776813038236734869,1.89813,-0.0078125,0.165622,0.145586,1.82923,1.86019,10,1393,1.06842,0
1776813038241735160,1.90218,-0.0078125,0.16967,-0.0078125,1.82923,1.86019,10,1393,1.06842,0
1776813038246747174,1.90218,-0.00195312,0.16967,-0.00195312,1.80952,1.88385,10,1393,1.06842,0
1776813038251746373,1.90198,-0.00195312,0.169468,-0.00195312,1.80952,1.88385,10,1393,1.06842,0
1776813038256731943,1.90198,0.00195312,0.169468,0.00195312,1.85507,1.88507,10,1393,1.06842,0
1776813038261756715,1.90198,0.00195312,0.169468,0.00195312,1.85507,1.88507,10,1393,1.06842,0
1776813038266753247,1.90198,0.00585938,0.169468,0.00585938,1.87506,1.8873,10,1393,1.06842,0
1776813038271722762,1.90198,0.00585938,0.169468,0.00585938,1.87506,1.8873,10,1393,1.06842,0
1776813038276728961,1.90198,0.00585938,0.169468,0.00585938,1.933,1.8873,10,1393,1.06842,0
1776813038281729531,1.90202,0.00585938,0.16951,0.00585938,1.933,1.8873,10,1393,1.06842,0
1776813038286732174,1.90202,0,0.16951,0,1.85491,1.88417,10,1393,1.06842,0
1776813038291729929,1.90218,0,0.16967,0,1.85491,1.88417,10,1393,1.06842,0
1776813038296737646,1.90218,-0.00585938,0.16967,-0.00585938,1.94021,1.88163,10,1393,1.06842,0
1776813038301733697,1.90218,-0.00585938,0.16967,-0.00585938,1.94021,1.88163,10,1393,1.06842,0
1776813038306739284,1.90218,-0.00585938,0.16967,-0.00585938,1.92568,1.88163,10,1393,1.06842,0
1776813038311739187,1.90218,-0.00585938,0.16967,-0.00585938,1.92568,1.88163,10,1393,1.06842,0
1776813038316738886,1.90535,-0.00585938,0.172834,-0.00585938,1.88764,1.89749,10,1393,1.06842,0
1776813038321713031,1.90535,-0.00585938,0.172834,-0.00585938,1.88764,1.89749,10,1393,1.06842,0
1776813038326733303,1.90514,-0.00585938,0.172632,-0.00585938,1.85092,1.89648,10,1393,1.06842,0
1776813038331739280,1.90514,-0.0078125,0.172632,-0.0078125,1.85092,1.89648,10,1393,1.06842,0
1776813038336740127,1.90514,-0.0078125,0.172632,-0.0078125,1.93716,1.89537,10,1393,1.06842,0
1776813038341790379,1.90514,-0.0117188,0.172632,-0.0117188,1.93716,1.89537,10,1393,1.06842,0
1776813038346758839,1.9051,-0.0117188,0.17259,-0.0117188,1.86172,1.89293,10,1393,1.06842,0
1776813038351736983,1.9051,-0.0136719,0.17259,-0.0136719,1.86172,1.89293,10,1393,1.06842,0
1776813038356738571,1.90494,-0.0136719,0.172431,-0.0136719,1.87243,1.89102,10,1393,1.06842,0
1776813038361743770,1.90494,-0.00976562,0.172431,-0.00976562,1.87243,1.89102,10,1393,1.06842,0
1776813038366764172,1.9049,-0.00976562,0.172388,-0.00976562,1.91583,1.89303,10,1393,1.06842,0
1776813038371713780,1.9049,-0.0078125,0.172388,-0.0078125,1.91583,1.89303,10,1393,1.06842,0
1776813038376739997,1.90486,-0.0078125,0.172346,-0.0078125,1.96031,1.89393,10,1393,1.06842,0
1776813038381726808,1.90486,-0.00585938,0.172346,-0.00585938,1.96031,1.89393,10,1393,1.06842,0
1776813038386722248,1.90738,-0.00585938,0.175631,0.147539,1.93765,1.89505,10,1394,1.06918,0.153399
1776813038391756130,1.90738,-0.00585938,0.175631,0.147539,1.93765,1.89505,10,1394,1.06918,0
1776813038396731553,1.90733,-0.00585938,0.175589,-0.00585938,1.83272,1.90745,10,1394,1.06918,0
1776813038401745288,1.90733,-0.00585938,0.175589,-0.00585938,1.83272,1.90745,10,1394,1.06918,0
1776813038406731858,1.90717,-0.00585938,0.175429,-0.00585938,1.9107,1.90665,10,1394,1.06918,0
1776813038411736112,1.90717,-0.00976562,0.175429,-0.00976562,1.9107,1.90665,10,1394,1.06918,0
1776813038416738608,1.90717,-0.00976562,0.175429,-0.00976562,1.98903,1.90442,10,1394,1.06918,0
1776813038421712049,1.90717,-0.00390625,0.175429,-0.00390625,1.98903,1.90442,10,1394,1.06918,0
1776813038426727358,1.90713,-0.00390625,0.175387,-0.00390625,1.9743,1.90755,10,1394,1.06918,0
1776813038431724150,1.90713,-0.00390625,0.175387,-0.00390625,1.9743,1.90755,10,1394,1.06918,0
1776813038436721312,1.90713,-0.00390625,0.175387,-0.00390625,1.9031,1.90755,10,1394,1.06918,0
1776813038441772898,1.90713,-0.00390625,0.175387,-0.00390625,1.9031,1.90755,10,1394,1.06918,0
1776813038446772356,1.90713,-0.00390625,0.175388,-0.00390625,1.83252,1.90755,10,1394,1.06918,0
1776813038451753204,1.90713,-0.00390625,0.175388,-0.00390625,1.83252,1.90755,10,1394,1.06918,0
1776813038456726219,1.91621,-0.00390625,0.184463,-0.00390625,1.81621,1.90755,10,1394,1.06918,0
1776813038461769842,1.91621,-0.00390625,0.184463,-0.00390625,1.81621,1.90755,10,1394,1.06918,0
1776813038466759264,1.91621,-0.00976562,0.184462,-0.00976562,1.87934,1.94957,10,1394,1.06918,0
1776813038471721835,1.91621,-0.00390625,0.184462,-0.00390625,1.87934,1.94957,10,1394,1.06918,0
1776813038476732144,1.91621,-0.00390625,0.184462,-0.00390625,1.93454,1.95291,10,1394,1.06918,0
1776813038481807396,1.91621,-0.0078125,0.184462,-0.0078125,1.93454,1.95291,10,1394,1.06918,0
1776813038486768633,1.91616,-0.0078125,0.184419,-0.0078125,2.03161,1.95046,10,1394,1.06918,0
1776813038491734760,1.91616,-0.0175781,0.184419,-0.0175781,2.03161,1.95046,10,1395,1.06995,0.153399
1776813038496747588,1.91596,-0.0175781,0.184985,0.13582,1.96997,1.9439,10,1395,1.06995,0
1776813038501738936,1.91596,-0.0371094,0.184985,-0.0371094,1.96997,1.9439,10,1395,1.06995,0
1776813038506738246,1.91572,-0.0371094,0.184739,-0.0371094,1.94008,1.93154,10,1396,1.07072,0.153399
1776813038511730278,1.91572,-0.0507812,0.185506,0.102617,1.94008,1.93154,10,1396,1.07072,0
1776813038516732459,1.91552,-0.0507812,0.185304,-0.0507812,1.96512,1.92274,10,1397,1.07149,0.153429
1776813038521712307,1.91552,-0.0976562,0.186071,0.0557729,1.96512,1.92274,10,1398,1.07225,0.153344
1776813038526740894,1.91552,-0.0976562,0.186838,0.0556878,1.92743,1.89602,10,1398,1.07225,0
1776813038531747333,1.91984,-0.0976562,0.191167,-0.0976562,1.92743,1.89602,10,1399,1.07302,0.153337
1776813038536738607,1.91984,-0.105469,0.191934,0.0478684,1.93767,1.91315,10,1400,1.07379,0.15346
1776813038541729602,1.91866,-0.105469,0.191514,0.0479912,1.93767,1.91315,10,1400,1.07379,0
1776813038546758893,1.91866,-0.107422,0.191514,-0.107422,1.86659,1.90612,10,1401,1.07455,0.153399
1776813038551728704,1.91825,-0.107422,0.191876,0.0459766,1.86659,1.90612,10,1401,1.07455,0
1776813038556766179,1.91825,-0.0820312,0.191876,-0.0820312,1.92462,1.91858,10,1402,1.07532,0.153399
1776813038561746546,1.91666,-0.0820312,0.191053,0.0713673,1.92462,1.91858,10,1402,1.07532,0
1776813038566757559,1.91666,-0.0644531,0.191053,-0.0644531,1.94041,1.92067,10,1402,1.07532,0
1776813038571732333,1.91642,-0.0644531,0.190808,-0.0644531,1.94041,1.92067,10,1402,1.07532,0
1776813038576745458,1.91642,-0.00976562,0.190808,-0.00976562,1.94033,1.95061,10,1402,1.07532,0
1776813038581738676,1.91572,-0.00976562,0.190114,-0.00976562,1.94033,1.95061,10,1402,1.07532,0
1776813038586729264,1.91572,0.00585938,0.190114,0.00585938,1.95796,1.95606,10,1402,1.07532,0
1776813038591728019,1.91572,0.00585938,0.190114,0.00585938,1.95796,1.95606,10,1402,1.07532,0
1776813038596779160,1.91572,0.0410156,0.190114,0.0410156,1.98918,1.9761,10,1402,1.07532,0
1776813038601753749,1.91572,0.0410156,0.190114,0.0410156,1.98918,1.9761,10,1402,1.07532,0
1776813038606728393,1.9203,0.0410156,0.194688,0.0410156,2.08779,1.9989,10,1402,1.07532,0
1776813038611730148,1.9203,0.0371094,0.194688,0.0371094,2.08779,1.9989,10,1402,1.07532,0
1776813038616722477,1.92099,0.0371094,0.195383,0.0371094,1.95626,2.00014,10,1402,1.07532,0
1776813038621797821,1.92099,0.0253906,0.195383,0.0253906,1.95626,2.00014,10,1402,1.07532,0
1776813038626751614,1.9214,0.0253906,0.195788,0.0253906,1.98917,1.99547,10,1402,1.07532,0
1776813038631791923,1.9214,-0.00195312,0.195788,-0.00195312,1.98917,1.99547,10,1402,1.07532,0
1776813038636776752,1.92144,-0.00195312,0.195832,-0.00195312,1.98917,1.98011,10,1402,1.07532,0
1776813038641756674,1.92144,-0.0253906,0.195832,-0.0253906,1.98917,1.98011,10,1402,1.07532,0
1776813038646737485,1.92124,-0.0253906,0.195629,-0.0253906,2.05581,1.96574,10,1402,1.07532,0
1776813038651750499,1.92124,-0.03125,0.195629,-0.03125,2.05581,1.96574,10,1402,1.07532,0
1776813038656729958,1.92099,-0.03125,0.195383,-0.03125,2.00541,1.96117,10,1402,1.07532,0
1776813038661733268,1.92099,-0.0273438,0.195383,-0.0273438,2.00541,1.96117,10,1402,1.07532,0
1776813038666723319,1.92075,-0.0273438,0.195136,-0.0273438,1.95631,1.96217,10,1402,1.07532,0
1776813038671720981,1.92075,-0.0175781,0.195136,-0.0175781,1.95631,1.96217,10,1402,1.07532,0
1776813038676732161,1.92394,-0.0175781,0.198326,-0.0175781,1.93914,1.96774,10,1402,1.07532,0
1776813038681734360,1.92394,0.0136719,0.198326,0.0136719,1.93914,1.96774,10,1402,1.07532,0
1776813038686746299,1.92389,0.0136719,0.198282,0.0136719,1.82556,2.0012,10,1402,1.07532,0
1776813038691746813,1.92389,0.0195312,0.198282,0.0195312,1.82556,2.0012,10,1402,1.07532,0
1776813038696732383,1.92394,0.0195312,0.198326,0.0195312,1.92301,2.00476,10,1402,1.07532,0
1776813038701725471,1.92394,0.0273438,0.198326,0.0273438,1.92301,2.00476,10,1402,1.07532,0
1776813038706728985,1.92414,0.0273438,0.198529,0.0273438,2.02168,2.01023,10,1402,1.07532,0
1776813038711722722,1.92414,0.0195312,0.198529,0.0195312,2.02168,2.01023,10,1402,1.07532,0
1776813038716724661,1.92439,0.0195312,0.198776,0.0195312,1.92315,2.007,10,1402,1.07532,0
1776813038721704435,1.92439,0.0136719,0.198776,0.0136719,1.92315,2.007,10,1402,1.07532,0
1776813038726735966,1.92459,0.0136719,0.19898,0.0136719,1.9884,2.00467,10,1402,1.07532,0
1776813038731729703,1.92459,-0.0078125,0.19898,-0.0078125,1.9884,2.00467,10,1402,1.07532,0
1776813038736744068,1.92463,-0.0078125,0.199023,-0.0078125,2.05484,1.99264,10,1402,1.07532,0
1776813038741733656,1.92463,-0.0195312,0.199023,-0.0195312,2.05484,1.99264,10,1402,1.07532,0
1776813038746739947,1.93584,-0.0195312,0.21023,-0.0195312,1.98918,1.98597,10,1402,1.07532,0
1776813038751730258,1.93584,-0.0234375,0.21023,-0.0234375,1.98918,1.98597,10,1402,1.07532,0
1776813038756732290,1.93539,-0.0234375,0.209778,-0.0234375,2.00538,2.0371,10,1402,1.07532,0
1776813038761725712,1.93539,-0.0234375,0.209778,-0.0234375,2.00538,2.0371,10,1402,1.07532,0
1776813038766727948,1.93523,-0.0234375,0.209619,-0.0234375,2.02338,2.03631,10,1402,1.07532,0
1776813038771701777,1.93523,-0.0078125,0.209619,-0.0078125,2.02338,2.03631,10,1402,1.07532,0
1776813038776732512,1.93518,-0.0078125,0.209573,-0.0078125,1.99067,2.04499,10,1402,1.07532,0
1776813038781724508,1.93518,0.00390625,0.209573,0.00390625,1.99067,2.04499,10,1402,1.07532,0
1776813038786765724,1.93514,0.00390625,0.209528,0.00390625,2.00865,2.05145,10,1402,1.07532,0
1776813038791746609,1.93518,0.0078125,0.209573,0.0078125,2.00865,2.05145,10,1402,1.07532,0
1776813038796760492,1.93518,0.00585938,0.209573,0.00585938,1.99347,2.05279,10,1402,1.07532,0
1776813038801754654,1.93518,0.00585938,0.209573,0.00585938,1.99347,2.05279,10,1402,1.07532,0
1776813038806768408,1.93518,0.00585938,0.209573,0.00585938,2.05946,2.05279,10,1402,1.07532,0
1776813038811744609,1.93518,0.00585938,0.209573,0.00585938,2.05946,2.05279,10,1402,1.07532,0
1776813038816727771,1.9414,0.00585938,0.215795,0.00585938,2.0414,2.08355,10,1402,1.07532,0
1776813038821742229,1.9414,0.00390625,0.215795,0.00390625,2.0414,2.08355,10,1402,1.07532,0
1776813038826734354,1.9414,0.00390625,0.215795,0.00390625,2.00569,2.08244,10,1402,1.07532,0
1776813038831752293,1.9414,-0.00390625,0.215795,-0.00390625,2.00569,2.08244,10,1402,1.07532,0
1776813038836727419,1.9414,-0.00390625,0.215795,-0.00390625,2.07749,2.07799,10,1402,1.07532,0
1776813038841733433,1.9414,-0.00585938,0.215795,-0.00585938,2.07749,2.07799,10,1402,1.07532,0
1776813038846794574,1.9414,-0.00585938,0.215795,-0.00585938,2.08887,2.07687,10,1402,1.07532,0
1776813038851758256,1.9414,-0.0078125,0.215795,-0.0078125,2.08887,2.07687,10,1402,1.07532,0
1776813038856747603,1.9414,-0.0078125,0.215795,-0.0078125,2.02681,2.07576,10,1402,1.07532,0
1776813038861739155,1.9414,-0.00585938,0.215795,-0.00585938,2.02681,2.07576,10,1402,1.07532,0
1776813038866726391,1.9412,-0.00585938,0.215591,-0.00585938,2.04544,2.07587,10,1402,1.07532,0
1776813038871701610,1.9412,-0.0078125,0.215591,-0.0078125,2.04544,2.07587,10,1402,1.07532,0
1776813038876729197,1.9412,-0.0078125,0.215593,-0.0078125,2.14372,2.07476,10,1402,1.07532,0
1776813038881725322,1.9412,-0.00195312,0.215593,-0.00195312,2.14372,2.07476,10,1402,1.07532,0
1776813038886734761,1.94537,-0.00195312,0.219765,-0.00195312,2.09208,2.0781,10,1402,1.07532,0
1776813038891734164,1.94537,0.00195312,0.219765,0.00195312,2.09208,2.0781,10,1402,1.07532,0
1776813038896763269,1.94537,0.00195312,0.219765,0.00195312,2.0454,2.10092,10,1402,1.07532,0
1776813038901750043,1.94537,0.00390625,0.219765,0.00390625,2.0454,2.10092,10,1402,1.07532,0
1776813038906756241,1.94553,0.00390625,0.219922,0.00390625,2.04536,2.10281,10,1402,1.07532,0
1776813038911757607,1.94553,0,0.219922,0,2.04536,2.10281,10,1402,1.07532,0
1776813038916745455,1.94553,0,0.219922,0,2.13577,2.10058,10,1402,1.07532,0
1776813038921713877,1.94553,-0.00195312,0.219922,-0.00195312,2.13577,2.10058,10,1402,1.07532,0
1776813038926748556,1.94553,-0.00195312,0.219922,-0.00195312,2.06418,2.09947,10,1402,1.07532,0
1776813038931726460,1.94553,-0.0078125,0.219922,-0.0078125,2.06418,2.09947,10,1402,1.07532,0
1776813038936756306,1.94537,-0.0078125,0.219765,-0.0078125,2.10319,2.09536,10,1402,1.07532,0
1776813038941761820,1.94537,-0.00390625,0.219765,-0.00390625,2.10319,2.09536,10,1402,1.07532,0
1776813038946777907,1.94533,-0.00390625,0.219718,-0.00390625,2.14889,2.09735,10,1402,1.07532,0
1776813038951756329,1.94533,-0.0117188,0.219718,-0.0117188,2.14889,2.09735,10,1402,1.07532,0
1776813038956734529,1.94533,-0.0117188,0.219718,-0.0117188,2.07812,2.0929,10,1402,1.07532,0
1776813038961745653,1.9486,-0.0117188,0.22299,-0.0117188,2.07812,2.0929,10,1402,1.07532,0
1776813038966739575,1.9486,-0.0078125,0.22299,-0.0078125,2.05416,2.11125,10,1402,1.07532,0
1776813038971711072,1.94855,-0.0078125,0.222944,-0.0078125,2.05416,2.11125,10,1402,1.07532,0
1776813038976737658,1.94855,-0.0078125,0.222944,-0.0078125,2.03407,2.11102,10,1403,1.07609,0.153368
1776813038981742635,1.9484,-0.0078125,0.223554,0.145555,2.03407,2.11102,10,1403,1.07609,0
1776813038986740871,1.9484,-0.0078125,0.223554,-0.0078125,2.08778,2.11025,10,1403,1.07609,0
1776813038991748329,1.94835,-0.0078125,0.223507,-0.0078125,2.08778,2.11025,10,1403,1.07609,0
1776813038996825858,1.94835,-0.0078125,0.223507,-0.0078125,2.14134,2.11002,10,1403,1.07609,0
1776813039001785725,1.94819,-0.0078125,0.22335,-0.0078125,2.14134,2.11002,10,1403,1.07609,0
1776813039006739057,1.94819,-0.0136719,0.22335,-0.0136719,2.10874,2.10591,10,1403,1.07609,0
1776813039011763348,1.94815,-0.0136719,0.223304,-0.0136719,2.10874,2.10591,10,1403,1.07609,0
1776813039016757807,1.94815,-0.0175781,0.223304,-0.0175781,2.11069,2.10345,10,1403,1.07609,0
1776813039021721156,1.94794,-0.0175781,0.2231,-0.0175781,2.11069,2.10345,10,1404,1.07685,0
1776813039026744003,1.94794,-0.0195312,0.223867,-0.0195312,2.11632,2.10134,10,1404,1.07685,0.153368
1776813039031731795,1.9594,-0.0195312,0.235329,-0.0195312,2.11632,2.10134,10,1404,1.07685,0
1776813039036732143,1.9594,-0.0214844,0.235329,-0.0214844,2.125,2.15656,10,1404,1.07685,0
1776813039041727065,1.95915,-0.0214844,0.235077,-0.0214844,2.125,2.15656,10,1404,1.07685,0
1776813039046731357,1.95915,-0.0253906,0.235077,-0.0253906,2.13757,2.1531,10,1405,1.07762,0
1776813039051733778,1.9591,-0.0253906,0.235796,-0.0253906,2.13757,2.1531,10,1405,1.07762,0.153399
1776813039056740126,1.9591,-0.0390625,0.235796,0.114336,2.17546,2.14507,10,1405,1.07762,0
1776813039061898244,1.9587,-0.0390625,0.235388,-0.0390625,2.17546,2.14507,10,1406,1.07839,0.153368
1776813039066933016,1.9587,-0.0605469,0.236155,0.092821,2.18983,2.13083,10,1407,1.07916,0
1776813039071775593,1.95819,-0.0605469,0.23642,-0.0605469,2.18983,2.13083,10,1407,1.07916,0.153429
1776813039076797106,1.95819,-0.103516,0.23642,0.0499136,2.17124,2.10387,10,1408,1.07992,0.153399
1776813039081771566,1.95749,-0.103516,0.23648,0.0498829,2.17124,2.10387,10,1409,1.08069,0.153399
1776813039086728434,1.95749,-0.148438,0.237247,0.00496101,2.14,2.0748,10,1410,1.08146,0.153368
1776813039091753188,1.95612,-0.148438,0.236648,0.00493033,2.14,2.0748,10,1411,1.08222,0.153399
1776813039096797182,1.95612,-0.158203,0.237415,-0.00480461,2.08606,2.06252,10,1412,1.08299,0.153368
1776813039101762938,1.96028,-0.158203,0.243103,-0.00480461,2.08606,2.06252,10,1413,1.08376,0.153399
1776813039106739176,1.96028,-0.126953,0.243103,0.0264454,2.02498,2.10072,10,1414,1.08452,0.15346
1776813039111733765,1.95795,-0.126953,0.241543,0.0265068,2.02498,2.10072,10,1415,1.08529,0
1776813039116732538,1.95795,-0.111328,0.24231,-0.111328,2.09002,2.09821,10,1416,1.08606,0.153368
1776813039121750293,1.95679,-0.111328,0.241915,0.0420397,2.09002,2.09821,10,1416,1.08606,0.153429
1776813039126737178,1.95633,-0.113281,0.242994,0.0401173,2.1231,2.09139,10,1418,1.08759,0.153399
1776813039131747173,1.95633,-0.128906,0.242994,0.0244923,2.1231,2.09139,10,1419,1.08836,0.153368
1776813039136745650,1.95562,-0.128906,0.243054,0.0244616,2.13507,2.07678,10,1420,1.08913,0.153399
1776813039141734776,1.95562,-0.185547,0.243821,-0.0321484,2.13507,2.07678,10,1421,1.08989,0.306736
1776813039146734624,1.9533,-0.185547,0.242266,0.121189,2.10711,2.03308,10,1422,1.09066,0.153429
1776813039151732990,1.9533,-0.197266,0.243033,-0.0438364,2.10711,2.03308,10,1423,1.09143,0.153399
1776813039156732597,1.95235,-0.197266,0.242844,-0.0438671,2.04463,2.0217,10,1425,1.09296,0.153368
1776813039161740000,1.95235,-0.183594,0.244378,-0.0302259,2.04463,2.0217,10,1426,1.09373,0.153429
1776813039166733200,1.95235,-0.183594,0.245145,-0.0301646,1.96458,2.0295,10,1427,1.0945,0.306858
1776813039171718993,1.95331,-0.183594,0.246873,0.123265,1.96458,2.0295,10,1428,1.09526,0.153399
1776813039176733432,1.95331,-0.1875,0.24764,-0.0341015,1.96978,2.032,10,1430,1.0968,0.153368
1776813039181737150,1.95165,-0.1875,0.247514,-0.0341322,1.96978,2.032,10,1431,1.09756,0.306797
1776813039186742979,1.95165,-0.234375,0.248281,0.072422,1.92913,1.99711,10,1433,1.0991,0.153399
1776813039191735956,1.94842,-0.234375,0.24659,-0.0809765,1.92913,1.99711,10,1434,1.09986,0.306797
1776813039196729082,1.94842,-0.257812,0.247357,0.0489845,2.02522,1.96788,10,1437,1.10217,0.306797
1776813039201746262,1.94727,-0.257812,0.248501,0.0489845,2.02522,1.96788,10,1438,1.10293,0.306858
1776813039206733999,1.94727,-0.324219,0.249268,-0.0173604,1.98545,1.92433,10,1441,1.10523,0.306797
1776813039211740458,1.94284,-0.324219,0.247147,-0.0174217,1.98545,1.92433,10,1443,1.10677,0.306736
1776813039216733509,1.94284,-0.345703,0.248681,-0.0389675,1.98424,1.89027,10,1446,1.10907,0.459552
1776813039221713969,1.94119,-0.345703,0.24933,0.113849,1.98424,1.89027,10,1447,1.10984,0.307289
1776813039226724724,1.94119,-0.390625,0.250097,-0.0833363,1.91917,1.85651,10,1450,1.11214,0.306674
1776813039231729978,1.93568,-0.390625,0.246885,-0.0839506,1.91917,1.85651,10,1452,1.11367,0.460196
1776813039236735104,1.93568,-0.402344,0.248419,0.0578518,1.94944,1.82257,10,1455,1.11597,0.306896
1776813039241746210,1.93688,-0.402344,0.253453,-0.0956694,1.94944,1.82257,10,1458,1.11827,0.306674
1776813039246742428,1.93688,-0.363281,0.25422,-0.0566069,1.80201,1.85077,10,1459,1.11904,0.30692
1776813039251729684,1.93104,-0.363281,0.249145,-0.0563614,1.80201,1.85077,10,1461,1.12057,0.306736
1776813039256729957,1.93104,-0.310547,0.250679,-0.00381121,1.81649,1.85188,10,1462,1.12134,0.306858
1776813039261754489,1.92764,-0.310547,0.248047,-0.00368848,1.81649,1.85188,10,1463,1.12211,0.153399
1776813039266751133,1.92624,-0.261719,0.248187,-0.10832,1.81532,1.86285,10,1465,1.12364,0.153399
1776813039271716131,1.92624,-0.164062,0.248954,-0.010664,1.81532,1.86285,10,1466,1.12441,0.153368
1776813039276730737,1.924,-0.164062,0.247475,-0.0106947,1.9372,1.90042,10,1466,1.12441,0.153399
1776813039281729603,1.924,-0.0996094,0.247475,0.0537891,1.9372,1.90042,10,1466,1.12441,0
1776813039286747394,1.92285,-0.0996094,0.24633,-0.0996094,1.95119,1.93146,10,1467,1.12517,0.153399
1776813039291746186,1.92285,-0.0742188,0.247097,0.0791798,1.95119,1.93146,10,1467,1.12517,0
1776813039296750608,1.9224,-0.0742188,0.246648,-0.0742188,1.97222,1.9437,10,1467,1.12517,0
1776813039301736104,1.9224,0.0175781,0.246648,0.0175781,1.97222,1.9437,10,1467,1.12517,0
1776813039306742229,1.9224,0.0175781,0.246648,0.0175781,1.90755,1.99602,10,1467,1.12517,0
1776813039311740762,1.92449,0.0175781,0.248738,0.0175781,1.90755,1.99602,10,1467,1.12517,0
1776813039316729777,1.92449,0.0742188,0.248738,0.0742188,2.00803,2.03871,10,1467,1.12517,0
1776813039321714385,1.92535,0.0742188,0.249592,0.0742188,2.00803,2.03871,10,1467,1.12517,0
1776813039326736713,1.92535,0.0820312,0.249592,0.0820312,2.03424,2.0474,10,1466,1.12441,-0.15346
1776813039331729505,1.9258,0.0820312,0.249276,-0.0714287,2.03424,2.0474,10,1466,1.12441,0
1776813039336744778,1.9258,0.0917969,0.249276,0.0917969,2.05636,2.05522,10,1465,1.12364,0
1776813039341728089,1.92654,0.0917969,0.249251,0.0917969,2.05636,2.05522,10,1465,1.12364,-0.153429
1776813039346760880,1.92654,0.0605469,0.249251,-0.0928823,2.03054,2.04109,10,1465,1.12364,0
1776813039351790930,1.92739,0.0605469,0.250106,0.0605469,2.03054,2.04109,10,1465,1.12364,0
1776813039356756353,1.92739,-0.00195312,0.250106,-0.00195312,2.11105,2.00971,10,1465,1.12364,0
1776813039361748275,1.92769,-0.00195312,0.250397,-0.00195312,2.11105,2.00971,10,1465,1.12364,0
1776813039366737161,1.92769,-0.00976562,0.250397,-0.00976562,2.11739,2.00671,10,1465,1.12364,0
1776813039371741323,1.92764,-0.00976562,0.250353,-0.00976562,2.11739,2.00671,10,1465,1.12364,0
1776813039376726338,1.92764,-0.0449219,0.250353,-0.0449219,1.9432,1.98645,10,1465,1.12364,0
1776813039381725500,1.93615,-0.0449219,0.258859,-0.0449219,1.9432,1.98645,10,1465,1.12364,0
1776813039386730366,1.93615,-0.046875,0.258859,-0.046875,2.02949,2.0275,10,1465,1.12364,0
1776813039391733566,1.93595,-0.046875,0.258657,-0.046875,2.02949,2.0275,10,1465,1.12364,0
1776813039396732450,1.93595,-0.0253906,0.258657,-0.0253906,2.03314,2.03875,10,1465,1.12364,0
1776813039401742946,1.93545,-0.0253906,0.25816,-0.0253906,2.03314,2.03875,10,1465,1.12364,0
1776813039406738182,1.93545,-0.015625,0.25816,-0.015625,2.00565,2.04186,10,1465,1.12364,0
1776813039411739752,1.93525,-0.015625,0.257957,-0.015625,2.00565,2.04186,10,1465,1.12364,0
1776813039416728674,1.93525,0.00195312,0.257957,0.00195312,2.13988,2.05087,10,1465,1.12364,0
1776813039421745503,1.9352,0.00195312,0.257913,0.00195312,2.13988,2.05087,10,1465,1.12364,0
1776813039426729314,1.9352,0.00976562,0.257913,0.00976562,1.97246,2.05511,10,1465,1.12364,0
1776813039431745124,1.9352,0.00976562,0.257911,0.00976562,1.97246,2.05511,10,1465,1.12364,0
1776813039436749656,1.9352,0.0195312,0.257911,0.0195312,2.06529,2.06066,10,1465,1.12364,0
1776813039441787780,1.93545,0.0195312,0.25816,0.0195312,2.06529,2.06066,10,1465,1.12364,0
1776813039446753407,1.93545,0.0175781,0.25816,0.0175781,2.06965,2.06079,10,1465,1.12364,0
1776813039451753718,1.93545,0.0175781,0.25816,0.0175781,2.06965,2.06079,10,1465,1.12364,0
1776813039456734770,1.93966,0.0175781,0.262369,0.0175781,2.12471,2.0816,10,1465,1.12364,0
1776813039461741099,1.93966,0.0078125,0.262369,0.0078125,2.12471,2.0816,10,1465,1.12364,0
1776813039466724132,1.94007,0.0078125,0.262776,0.0078125,2.0835,2.07805,10,1465,1.12364,0
1776813039471709055,1.94007,-0.00976562,0.262776,-0.00976562,2.0835,2.07805,10,1465,1.12364,0
1776813039476725920,1.94006,-0.00976562,0.262774,-0.00976562,2.13291,2.06802,10,1465,1.12364,0
1776813039481730471,1.94006,-0.0214844,0.262774,-0.0214844,2.13291,2.06802,10,1465,1.12364,0
1776813039486729152,1.93986,-0.0214844,0.262571,-0.0214844,2.12067,2.06034,10,1465,1.12364,0
1776813039491726167,1.93986,-0.0195312,0.262571,-0.0195312,2.12067,2.06034,10,1465,1.12364,0
1776813039496830065,1.93961,-0.0195312,0.262324,-0.0195312,2.02718,2.06023,10,1465,1.12364,0
1776813039501753453,1.93961,-0.015625,0.262324,-0.015625,2.02718,2.06023,10,1465,1.12364,0
1776813039506797836,1.93961,-0.015625,0.262324,-0.015625,2.0223,2.06246,10,1465,1.12364,0
1776813039511762537,1.93961,0.00195312,0.262324,0.00195312,2.0223,2.06246,10,1465,1.12364,0
1776813039516827382,1.93941,0.00195312,0.262121,0.00195312,2.07831,2.07147,10,1465,1.12364,0
1776813039521731049,1.93941,0.00195312,0.262121,0.00195312,2.07831,2.07147,10,1465,1.12364,0
1776813039526736026,1.93941,0.00195312,0.262121,0.00195312,2.0152,2.07147,10,1465,1.12364,0
1776813039531735521,1.94242,0.00195312,0.265132,0.00195312,2.0152,2.07147,10,1465,1.12364,0
1776813039536751831,1.94242,0.015625,0.265132,0.015625,2.04355,2.09414,10,1465,1.12364,0
1776813039541736939,1.94283,0.015625,0.265538,0.015625,2.04355,2.09414,10,1465,1.12364,0
1776813039546740786,1.94283,0.0136719,0.265538,0.0136719,2.08215,2.09503,10,1465,1.12364,0
1776813039551728246,1.94283,0.0136719,0.265538,0.0136719,2.08215,2.09503,10,1465,1.12364,0
1776813039556735482,1.94283,0.00195312,0.265538,0.00195312,2.0784,2.08836,10,1465,1.12364,0
1776813039561734496,1.94308,0.00195312,0.265788,0.00195312,2.0784,2.08836,10,1465,1.12364,0
1776813039566744788,1.94308,0,0.265788,0,2.11747,2.08847,10,1465,1.12364,0
1776813039571725266,1.94308,0,0.265788,0,2.11747,2.08847,10,1465,1.12364,0
1776813039576736650,1.94308,-0.0175781,0.265788,-0.0175781,2.12277,2.07845,10,1465,1.12364,0
1776813039581732591,1.94287,-0.0175781,0.265584,-0.0175781,2.12277,2.07845,10,1465,1.12364,0
1776813039586735512,1.94287,-0.015625,0.265584,-0.015625,2.09857,2.07856,10,1465,1.12364,0
1776813039591734082,1.94283,-0.015625,0.265538,-0.015625,2.09857,2.07856,10,1465,1.12364,0
1776813039596736189,1.94283,-0.00976562,0.265538,-0.00976562,2.07684,2.08168,10,1465,1.12364,0
1776813039601731148,1.94283,-0.00976562,0.265538,-0.00976562,2.07684,2.08168,10,1465,1.12364,0
1776813039606780178,1.94498,-0.00976562,0.267695,-0.00976562,2.02329,2.09232,10,1465,1.12364,0
1776813039611749398,1.94498,0.00390625,0.267695,0.00390625,2.02329,2.09232,10,1465,1.12364,0
1776813039616744172,1.94494,0.00390625,0.267648,0.00390625,2.03398,2.09988,10,1465,1.12364,0
1776813039621733242,1.94494,0.0117188,0.267648,0.0117188,2.03398,2.09988,10,1465,1.12364,0
1776813039626737941,1.94498,0.0117188,0.267694,0.0117188,2.13158,2.10456,10,1465,1.12364,0
1776813039631737937,1.94498,0.0117188,0.267694,0.0117188,2.13158,2.10456,10,1465,1.12364,0
1776813039636725637,1.94519,0.0117188,0.267897,0.0117188,2.09855,2.10556,10,1465,1.12364,0
1776813039641729114,1.94519,0.015625,0.267897,0.015625,2.09855,2.10556,10,1465,1.12364,0
1776813039646729869,1.94519,0.015625,0.267897,0.015625,2.07672,2.10778,10,1465,1.12364,0
1776813039651733994,1.94519,-0.00195312,0.267897,-0.00195312,2.07672,2.10778,10,1465,1.12364,0
1776813039656726620,1.94523,-0.00195312,0.267945,-0.00195312,2.2035,2.098,10,1465,1.12364,0
1776813039661726190,1.94523,-0.00585938,0.267945,-0.00585938,2.2035,2.098,10,1465,1.12364,0
1776813039666725649,1.94519,-0.00585938,0.267898,-0.00585938,2.07689,2.09555,10,1465,1.12364,0
1776813039671738237,1.94519,-0.00976562,0.267898,-0.00976562,2.07689,2.09555,10,1465,1.12364,0
1776813039676771620,1.94519,-0.00976562,0.267898,-0.00976562,2.09797,2.09332,10,1465,1.12364,0
1776813039681772986,1.95073,-0.00976562,0.273442,-0.00976562,2.09797,2.09332,10,1465,1.12364,0
1776813039686737076,1.95073,-0.00585938,0.273442,-0.00585938,2.04459,2.12286,10,1465,1.12364,0
1776813039691735572,1.95053,-0.00585938,0.273238,-0.00585938,2.04459,2.12286,10,1465,1.12364,0
1776813039696721642,1.95053,0.00390625,0.273238,0.00390625,2.02148,2.12742,10,1465,1.12364,0
1776813039701721916,1.95053,0.00390625,0.273236,0.00390625,2.02148,2.12742,10,1465,1.12364,0
1776813039706731393,1.95053,0.00195312,0.273236,0.00195312,2.19457,2.1263,10,1465,1.12364,0
1776813039711734870,1.95053,0.00195312,0.273236,0.00195312,2.19457,2.1263,10,1465,1.12364,0
1776813039716747643,1.95053,0.00585938,0.273236,0.00585938,2.1963,2.12853,10,1465,1.12364,0
1776813039721698141,1.95053,0.00585938,0.273238,0.00585938,2.1963,2.12853,10,1465,1.12364,0
1776813039726732265,1.95053,-0.00390625,0.273238,-0.00390625,2.08636,2.12297,10,1465,1.12364,0
1776813039731726464,1.95053,-0.00390625,0.273238,-0.00390625,2.08636,2.12297,10,1465,1.12364,0
1776813039736762977,1.95053,-0.00585938,0.273238,-0.00585938,2.19785,2.12186,10,1465,1.12364,0
1776813039741739289,1.95053,-0.00585938,0.273238,-0.00585938,2.19785,2.12186,10,1465,1.12364,0
1776813039746735099,1.95053,-0.00195312,0.273238,-0.00195312,2.11042,2.12408,10,1465,1.12364,0
1776813039751742465,1.95053,-0.00195312,0.273238,-0.00195312,2.11042,2.12408,10,1465,1.12364,0
1776813039756732647,1.95451,-0.00195312,0.277222,-0.00195312,2.06671,2.14368,10,1465,1.12364,0
1776813039761725087,1.95451,-0.00390625,0.277222,-0.00390625,2.06671,2.14368,10,1465,1.12364,0
1776813039766722657,1.95451,-0.00390625,0.277222,-0.00390625,2.14075,2.14256,10,1465,1.12364,0
1776813039771702358,1.95451,-0.00195312,0.277222,-0.00195312,2.14075,2.14256,10,1465,1.12364,0
1776813039776742629,1.95446,-0.00195312,0.277175,-0.00195312,2.14096,2.14344,10,1465,1.12364,0
1776813039781729644,1.95446,-0.00195312,0.277175,-0.00195312,2.14096,2.14344,10,1465,1.12364,0
1776813039786727899,1.95446,-0.00195312,0.277175,-0.00195312,2.16989,2.14344,10,1465,1.12364,0
1776813039791738839,1.95446,-0.00390625,0.277175,-0.00390625,2.16989,2.14344,10,1465,1.12364,0
1776813039796742261,1.95446,-0.00390625,0.277175,-0.00390625,2.07247,2.14233,10,1465,1.12364,0
1776813039801723239,1.95446,-0.00195312,0.277175,-0.00195312,2.07247,2.14233,10,1465,1.12364,0
1776813039806738604,1.95446,-0.00195312,0.277175,-0.00195312,2.09056,2.14344,10,1465,1.12364,0
1776813039811751599,1.95446,0.00390625,0.277175,0.00390625,2.09056,2.14344,10,1465,1.12364,0
1776813039816731596,1.95446,0.00390625,0.277175,0.00390625,2.17306,2.14678,10,1465,1.12364,0
1776813039821711963,1.95446,0.00390625,0.277175,0.00390625,2.17306,2.14678,10,1465,1.12364,0
1776813039826730625,1.95446,0.00390625,0.277175,0.00390625,2.12884,2.14678,10,1465,1.12364,0
1776813039831729083,1.95472,0.00390625,0.277426,0.00390625,2.12884,2.14678,10,1465,1.12364,0
1776813039836726894,1.95472,-0.00390625,0.277426,-0.00390625,2.10823,2.14356,10,1465,1.12364,0
1776813039841733056,1.95472,-0.00390625,0.277426,-0.00390625,2.10823,2.14356,10,1465,1.12364,0
1776813039846741904,1.95472,-0.00390625,0.277426,-0.00390625,2.15245,2.14356,10,1465,1.12364,0
1776813039851739492,1.95472,-0.00390625,0.277426,-0.00390625,2.15245,2.14356,10,1465,1.12364,0
1776813039856782616,1.95472,-0.0078125,0.277426,-0.0078125,2.03982,2.14134,10,1465,1.12364,0
1776813039861789407,1.95456,-0.0078125,0.27727,-0.0078125,2.03982,2.14134,10,1465,1.12364,0
1776813039866746127,1.95456,-0.00195312,0.27727,-0.00195312,2.02814,2.14391,10,1465,1.12364,0
1776813039871713328,1.95451,-0.00195312,0.277225,-0.00195312,2.02814,2.14391,10,1465,1.12364,0
1776813039876734249,1.95451,0.00195312,0.277225,0.00195312,2.26795,2.14591,10,1465,1.12364,0
1776813039881734171,1.95451,0.00195312,0.277225,0.00195312,2.26795,2.14591,10,1465,1.12364,0
1776813039886737537,1.95451,0.00390625,0.277225,0.00390625,2.1995,2.14703,10,1465,1.12364,0
1776813039891731625,1.95451,0.00390625,0.277225,0.00390625,2.1995,2.14703,10,1465,1.12364,0
1776813039896757268,1.95451,0.00195312,0.277225,0.00195312,2.139,2.14591,10,1465,1.12364,0
1776813039901746838,1.95451,0.00195312,0.277225,0.00195312,2.139,2.14591,10,1465,1.12364,0
1776813039906738946,1.95476,0.00195312,0.277476,0.00195312,2.16634,2.14715,10,1465,1.12364,0
1776813039911730479,1.95476,0.0078125,0.277476,0.0078125,2.16634,2.14715,10,1465,1.12364,0
1776813039916737937,1.95492,0.0078125,0.277632,0.0078125,2.16399,2.15125,10,1465,1.12364,0
1776813039921703564,1.95492,-0.00195312,0.277632,-0.00195312,2.16399,2.15125,10,1465,1.12364,0
1776813039926728800,1.95497,-0.00195312,0.27768,-0.00195312,2.1282,2.14592,10,1465,1.12364,0
1776813039931728092,1.95497,0.00390625,0.27768,0.00390625,2.1282,2.14592,10,1465,1.12364,0
1776813039936844212,1.95497,0.00390625,0.27768,0.00390625,2.29676,2.14926,10,1465,1.12364,0
1776813039941754619,1.95497,-0.00195312,0.27768,-0.00195312,2.29676,2.14926,10,1465,1.12364,0
1776813039946737782,1.95497,-0.00195312,0.27768,-0.00195312,2.28526,2.14592,10,1465,1.12364,0
1776813039951766981,1.95497,-0.00585938,0.27768,-0.00585938,2.28526,2.14592,10,1465,1.12364,0
1776813039956857602,1.95492,-0.00585938,0.277632,-0.00585938,2.1639,2.14346,10,1465,1.12364,0
1776813039961754825,1.95492,-0.00390625,0.277632,-0.00390625,2.1639,2.14346,10,1465,1.12364,0
1776813039966783763,1.95476,-0.00390625,0.277474,-0.00390625,2.22393,2.1438,10,1465,1.12364,0
1776813039971746020,1.95476,0.00390625,0.277474,0.00390625,2.22393,2.1438,10,1465,1.12364,0
1776813039976785033,1.95476,0.00390625,0.277474,0.00390625,2.13157,2.14825,10,1465,1.12364,0
1776813039981744827,1.95987,0.00390625,0.282585,0.00390625,2.13157,2.14825,10,1465,1.12364,0
1776813039986726675,1.95987,0.0078125,0.282585,0.0078125,2.1109,2.17556,10,1465,1.12364,0
1776813039991722412,1.95992,0.0078125,0.282633,0.0078125,2.1109,2.17556,10,1465,1.12364,0
1776813039996739129,1.95992,0.00390625,0.282633,0.00390625,2.06952,2.17358,10,1465,1.12364,0
1776813040001739514,1.96013,0.00390625,0.282837,0.00390625,2.06952,2.17358,10,1465,1.12364,0
1776813040006744102,1.96013,0.00390625,0.282837,0.00390625,2.22695,2.17457,10,1465,1.12364,0
1776813040011733858,1.96013,0.00390625,0.282837,0.00390625,2.22695,2.17457,10,1465,1.12364,0
1776813040016771390,1.96013,-0.0078125,0.282837,-0.0078125,2.14565,2.16789,10,1465,1.12364,0
1776813040021795922,1.96008,-0.0078125,0.282789,-0.0078125,2.14565,2.16789,10,1465,1.12364,0
1776813040026747643,1.96008,-0.00976562,0.282789,-0.00976562,2.21226,2.16654,10,1465,1.12364,0
1776813040031744880,1.95992,-0.00976562,0.282633,-0.00976562,2.21226,2.16654,10,1465,1.12364,0
1776813040036734617,1.95992,-0.00195312,0.282633,-0.00195312,2.09899,2.17023,10,1465,1.12364,0
1776813040041737169,1.95987,-0.00195312,0.282585,-0.00195312,2.09899,2.17023,10,1465,1.12364,0
1776813040046734221,1.95987,0.00390625,0.282585,0.00390625,2.29801,2.17334,10,1465,1.12364,0
1776813040051739828,1.95987,0.00390625,0.282585,0.00390625,2.29801,2.17334,10,1465,1.12364,0
1776813040056729121,1.96013,0.00390625,0.282837,0.00390625,2.21657,2.17457,10,1465,1.12364,0
1776813040061733561,1.96013,-0.00195312,0.282837,-0.00195312,2.21657,2.17457,10,1465,1.12364,0
1776813040066744354,1.96013,-0.00195312,0.282837,-0.00195312,2.1031,2.17123,10,1465,1.12364,0
1776813040071704185,1.96013,-0.00195312,0.282837,-0.00195312,2.1031,2.17123,10,1465,1.12364,0
1776813040076728736,1.96013,-0.00195312,0.282837,-0.00195312,2.14055,2.17123,10,1465,1.12364,0
1776813040081751953,1.96013,0,0.282837,0,2.14055,2.17123,10,1465,1.12364,0
1776813040086731969,1.96013,0,0.282837,0,2.31071,2.17235,10,1465,1.12364,0
1776813040091723688,1.96013,0.00390625,0.282837,0.00390625,2.31071,2.17235,10,1465,1.12364,0
1776813040096721536,1.96013,0.00390625,0.282837,0.00390625,2.30449,2.17457,10,1465,1.12364,0
1776813040101728939,1.96013,0,0.282837,0,2.30449,2.17457,10,1465,1.12364,0
1776813040106723306,1.96013,0,0.282837,0,2.28219,2.17235,10,1465,1.12364,0
1776813040111788762,1.96013,-0.00195312,0.282837,-0.00195312,2.28219,2.17235,10,1465,1.12364,0
1776813040116760463,1.96013,-0.00195312,0.282837,-0.00195312,2.24631,2.17123,10,1465,1.12364,0
1776813040121776200,1.96013,-0.00195312,0.282837,-0.00195312,2.24631,2.17123,10,1465,1.12364,0
1776813040126743401,1.96013,-0.00195312,0.282837,-0.00195312,2.12661,2.17123,10,1465,1.12364,0
1776813040131732027,1.96033,-0.00195312,0.283041,-0.00195312,2.12661,2.17123,10,1465,1.12364,0
1776813040136752560,1.96033,-0.00195312,0.283041,-0.00195312,2.03555,2.17223,10,1465,1.12364,0
1776813040141741519,1.96017,-0.00195312,0.282885,-0.00195312,2.03555,2.17223,10,1465,1.12364,0
1776813040146738923,1.96017,-0.00195312,0.282885,-0.00195312,2.1733,2.17147,10,1465,1.12364,0
1776813040151730846,1.96017,-0.00195312,0.282885,-0.00195312,2.1733,2.17147,10,1465,1.12364,0
1776813040156731657,1.96017,0,0.282885,0,2.12804,2.17258,10,1465,1.12364,0
1776813040161722357,1.96017,0,0.282885,0,2.12804,2.17258,10,1465,1.12364,0
1776813040166731742,1.96017,0.00195312,0.282885,0.00195312,2.18081,2.1737,10,1465,1.12364,0
1776813040171703239,1.96017,0.00195312,0.282885,0.00195312,2.18081,2.1737,10,1465,1.12364,0
1776813040176739567,1.96017,0.00195312,0.282885,0.00195312,2.11341,2.1737,10,1465,1.12364,0
1776813040181729934,1.96017,0.00195312,0.282885,0.00195312,2.11341,2.1737,10,1465,1.12364,0
1776813040186732671,1.96017,0.00585938,0.282885,0.00585938,2.07732,2.17592,10,1465,1.12364,0
1776813040191723223,1.96033,0.00585938,0.283042,0.00585938,2.07732,2.17592,10,1465,1.12364,0
1776813040196765625,1.96033,-0.00195312,0.283042,-0.00195312,2.23351,2.17224,10,1465,1.12364,0
1776813040201746604,1.96033,-0.00195312,0.283042,-0.00195312,2.23351,2.17224,10,1465,1.12364,0
1776813040206764821,1.96058,-0.00195312,0.283291,-0.00195312,2.24364,2.17346,10,1465,1.12364,0
1776813040211745318,1.96058,0,0.283291,0,2.24364,2.17346,10,1465,1.12364,0
1776813040216730426,1.96058,0,0.283291,0,2.21328,2.17457,10,1465,1.12364,0
1776813040221714683,1.96058,-0.00390625,0.283291,-0.00390625,2.21328,2.17457,10,1465,1.12364,0
1776813040226744233,1.96042,-0.00390625,0.283135,-0.00390625,2.23353,2.17158,10,1465,1.12364,0
1776813040231765414,1.96042,-0.00390625,0.283135,-0.00390625,2.23353,2.17158,10,1465,1.12364,0
1776813040236730523,1.96038,-0.00390625,0.283088,-0.00390625,2.06534,2.17135,10,1465,1.12364,0
1776813040241730334,1.96038,-0.00585938,0.283088,-0.00585938,2.06534,2.17135,10,1465,1.12364,0
1776813040246724700,1.96038,-0.00585938,0.283088,-0.00585938,2.20691,2.17024,10,1465,1.12364,0
1776813040251725141,1.96038,0,0.283088,0,2.20691,2.17024,10,1465,1.12364,0
1776813040256725360,1.96038,0,0.283088,0,2.10059,2.17358,10,1465,1.12364,0
1776813040261757799,1.96038,0.00195312,0.283088,0.00195312,2.10059,2.17358,10,1465,1.12364,0
1776813040266734296,1.96038,0.00195312,0.283088,0.00195312,2.1677,2.17469,10,1465,1.12364,0
1776813040271710960,1.96038,0.00195312,0.283088,0.00195312,2.1677,2.17469,10,1465,1.12364,0
1776813040276731159,1.96038,0.00195312,0.283088,0.00195312,2.10269,2.17469,10,1465,1.12364,0
1776813040281730563,1.96058,0.00195312,0.283292,0.00195312,2.10269,2.17469,10,1465,1.12364,0
1776813040286739707,1.96058,0.00195312,0.283292,0.00195312,2.18698,2.17569,10,1465,1.12364,0
1776813040291729148,1.96063,0.00195312,0.283338,0.00195312,2.18698,2.17569,10,1465,1.12364,0
1776813040296729200,1.96063,-0.00195312,0.283338,-0.00195312,2.20675,2.17369,10,1465,1.12364,0
1776813040301729696,1.96063,-0.00195312,0.28334,-0.00195312,2.20675,2.17369,10,1465,1.12364,0
1776813040306727007,1.96063,-0.00195312,0.28334,-0.00195312,2.16855,2.1737,10,1465,1.12364,0
1776813040311758002,1.96063,-0.00195312,0.28334,-0.00195312,2.16855,2.1737,10,1465,1.12364,0
1776813040316732666,1.96063,-0.00390625,0.28334,-0.00390625,2.1488,2.17259,10,1465,1.12364,0
1776813040321699275,1.96058,-0.00390625,0.283292,-0.00390625,2.1488,2.17259,10,1465,1.12364,0
1776813040326726622,1.96058,-0.00390625,0.283292,-0.00390625,2.07756,2.17235,10,1465,1.12364,0
1776813040331729710,1.96058,-0.00390625,0.283292,-0.00390625,2.07756,2.17235,10,1465,1.12364,0
1776813040336761446,1.96058,0.00585938,0.283292,0.00585938,2.25974,2.17792,10,1465,1.12364,0
1776813040341740980,1.96058,0.00585938,0.283292,0.00585938,2.25974,2.17792,10,1465,1.12364,0
1776813040346728644,1.96058,-0.00195312,0.283292,-0.00195312,2.25943,2.17346,10,1465,1.12364,0
1776813040351721918,1.96058,-0.00195312,0.283292,-0.00195312,2.25943,2.17346,10,1465,1.12364,0
1776813040356744932,1.96717,-0.00195312,0.289884,-0.00195312,2.07057,2.20574,10,1465,1.12364,0
1776813040361785926,1.96717,0.00195312,0.289884,0.00195312,2.07057,2.20574,10,1465,1.12364,0
1776813040366753164,1.96722,0.00195312,0.289933,0.00195312,2.20802,2.2082,10,1465,1.12364,0
1776813040371714125,1.96722,-0.00390625,0.289933,-0.00390625,2.20802,2.2082,10,1465,1.12364,0
1776813040376747694,1.96717,-0.00390625,0.289883,-0.00390625,2.22751,2.20462,10,1465,1.12364,0
1776813040381734450,1.96717,-0.00390625,0.289883,-0.00390625,2.22751,2.20462,10,1465,1.12364,0
1776813040386820720,1.96717,-0.00390625,0.289884,-0.00390625,2.08474,2.20462,10,1465,1.12364,0
1776813040391759608,1.96717,-0.0078125,0.289884,-0.0078125,2.08474,2.20462,10,1465,1.12364,0
1776813040396814732,1.96717,-0.0078125,0.289884,-0.0078125,2.1761,2.2024,10,1465,1.12364,0
1776813040401801136,1.96717,-0.0136719,0.289884,-0.0136719,2.1761,2.2024,10,1465,1.12364,0
1776813040406760245,1.96697,-0.0136719,0.28968,-0.0136719,2.17649,2.19806,10,1465,1.12364,0
1776813040411728558,1.96697,-0.0136719,0.28968,-0.0136719,2.17649,2.19806,10,1465,1.12364,0
1776813040416724998,1.96676,-0.0136719,0.289476,-0.0136719,2.22797,2.19706,10,1465,1.12364,0
1776813040421708569,1.96676,-0.00585938,0.289476,-0.00585938,2.22797,2.19706,10,1466,1.12441,0.153368
1776813040426727991,1.96697,-0.00585938,0.290447,-0.00585938,2.23759,2.20151,10,1466,1.12441,0
1776813040431724358,1.96697,-0.00585938,0.290447,-0.00585938,2.23759,2.20151,10,1466,1.12441,0
1776813040436762963,1.96692,-0.00585938,0.290398,-0.00585938,2.20524,2.20227,10,1466,1.12441,0
1776813040441823086,1.96692,-0.00585938,0.290398,-0.00585938,2.20524,2.20227,10,1466,1.12441,0
1776813040446773122,1.96676,-0.00585938,0.290243,-0.00585938,2.25287,2.20151,10,1466,1.12441,0
1776813040451747934,1.96676,-0.00585938,0.290243,-0.00585938,2.25287,2.20151,10,1466,1.12441,0
1776813040456775781,1.96676,-0.00585938,0.290243,-0.00585938,2.21815,2.20151,10,1466,1.12441,0
1776813040461749760,1.96676,-0.00585938,0.290243,-0.00585938,2.21815,2.20151,10,1466,1.12441,0
1776813040466733646,1.96672,-0.00585938,0.290194,-0.00585938,2.17559,2.20128,10,1466,1.12441,0
1776813040471719161,1.96672,-0.0078125,0.290194,-0.0078125,2.17559,2.20128,10,1466,1.12441,0
1776813040476737286,1.96672,-0.0078125,0.290194,-0.0078125,2.25143,2.20016,10,1466,1.12441,0
1776813040481750504,1.96672,-0.00390625,0.290194,-0.00390625,2.25143,2.20016,10,1466,1.12441,0
1776813040486736612,1.96651,-0.00390625,0.28999,-0.00390625,2.25151,2.20139,10,1466,1.12441,0
1776813040491745608,1.96651,-0.00585938,0.28999,-0.00585938,2.25151,2.20139,10,1466,1.12441,0
1776813040496728919,1.96672,-0.00585938,0.290194,-0.00585938,2.20526,2.20028,10,1466,1.12441,0
1776813040501733656,1.96672,-0.00585938,0.290194,-0.00585938,2.20526,2.20028,10,1466,1.12441,0
1776813040506745708,1.96672,-0.00976562,0.290194,-0.00976562,2.18704,2.19905,10,1466,1.12441,0
1776813040511738149,1.96672,-0.015625,0.290194,-0.015625,2.18704,2.19905,10,1466,1.12441,0
1776813040516725164,1.96651,-0.015625,0.28999,-0.015625,2.16944,2.19471,10,1466,1.12441,0
1776813040521707531,1.96651,-0.0175781,0.28999,-0.0175781,2.16944,2.19471,10,1467,1.12517,0.153399
1776813040526725823,1.96631,-0.0175781,0.290553,0.13582,2.21804,2.1926,10,1467,1.12517,0
1776813040531724560,1.96631,-0.0234375,0.290553,-0.0234375,2.21804,2.1926,10,1467,1.12517,0
1776813040536810164,1.96626,-0.0234375,0.290504,-0.0234375,2.22367,2.18902,10,1467,1.12517,0
1776813040541755347,1.96626,-0.0390625,0.290504,-0.0390625,2.22367,2.18902,10,1468,1.12594,0
1776813040546731956,1.96576,-0.0390625,0.290768,-0.0390625,2.09065,2.17765,10,1468,1.12594,0.15346
1776813040551775320,1.96576,-0.0488281,0.290768,0.104632,2.09065,2.17765,10,1468,1.12594,0
1776813040556759706,1.96535,-0.0488281,0.290357,-0.0488281,2.14636,2.17008,10,1469,1.12671,0.153399
1776813040561756980,1.96535,-0.0507812,0.291124,0.102617,2.14636,2.17008,10,1469,1.12671,0
1776813040566742385,1.96535,-0.0507812,0.291891,0.102587,2.13703,2.16896,10,1471,1.12824,0.153368
1776813040571704827,1.96535,-0.0507812,0.291891,0.102587,2.13703,2.16896,10,1471,1.12824,0.153368
1776813040576739766,1.96388,-0.121094,0.291959,0.0323354,2.19224,2.12889,10,1473,1.12978,0.153429
1776813040581730504,1.96388,-0.185547,0.292726,-0.0321177,2.19224,2.12889,10,1474,1.13054,0.153399
1776813040586728315,1.96246,-0.185547,0.292075,-0.0321484,2.18831,2.07803,10,1475,1.13131,0.153429
1776813040591725478,1.96246,-0.203125,0.292842,-0.0496958,2.18831,2.07803,10,1476,1.13208,0.153399
1776813040596722289,1.96104,-0.203125,0.292192,-0.0497265,2.10675,2.06107,10,1477,1.13284,0.153399
1776813040601721748,1.96104,-0.216797,0.292959,-0.0633984,2.10675,2.06107,10,1478,1.13361,0.306736
1776813040606747873,1.96038,-0.216797,0.293066,0.0899388,2.07421,2.05004,10,1479,1.13438,0.153368
1776813040611745888,1.96038,-0.193359,0.293833,-0.0399915,2.07421,2.05004,10,1480,1.13515,0.153429
1776813040616778438,1.95685,-0.193359,0.291063,-0.0399302,1.94265,2.04605,10,1482,1.13668,0.153429
1776813040621727307,1.95685,-0.181641,0.292597,-0.0282114,1.94265,2.04605,10,1483,1.13745,0.306797
1776813040626766005,1.95634,-0.181641,0.292861,0.125156,1.93783,2.05026,10,1485,1.13898,0.153337
1776813040631760261,1.95634,-0.199219,0.294395,-0.0458816,1.93783,2.05026,10,1486,1.13975,0.306858
1776813040636737388,1.95337,-0.199219,0.293718,-0.0458202,2.09551,2.04024,10,1489,1.14205,0.153399
1776813040641781215,1.95337,-0.300781,0.294485,-0.147383,2.09551,2.04024,10,1491,1.14358,0.306736
1776813040646748195,1.95014,-0.300781,0.292791,0.00595441,1.99372,1.95184,10,1493,1.14512,0.460288
1776813040651751617,1.95014,-0.339844,0.294325,0.120444,1.99372,1.95184,10,1495,1.14665,0.306858
1776813040656725521,1.94864,-0.339844,0.294357,-0.0329854,1.93882,1.92218,10,1497,1.14818,0.460104
1776813040661725314,1.94864,-0.375,0.295891,0.0851035,1.93882,1.92218,10,1500,1.15049,0.460288
1776813040666726107,1.94682,-0.375,0.296378,0.0852876,1.85621,1.8932,10,1503,1.15279,0.306736
1776813040671710029,1.94682,-0.433594,0.298678,-0.126858,1.85621,1.8932,10,1506,1.15509,0.460288
1776813040676727914,1.93985,-0.433594,0.294006,0.0266938,1.89112,1.82538,10,1509,1.15739,0.46008
1776813040681738095,1.93985,-0.447266,0.296307,0.0128141,1.89112,1.82538,10,1512,1.15969,0.460288
1776813040686728906,1.93869,-0.447266,0.297454,0.0130219,2.02059,1.81188,10,1515,1.16199,0.460104
1776813040691778919,1.93869,-0.453125,0.299755,0.00697851,2.02059,1.81188,10,1518,1.16429,0.460104
1776813040696748675,1.93068,-0.453125,0.294046,0.00697851,1.87458,1.76887,10,1520,1.16583,0.306858
1776813040701730469,1.93068,-0.4375,0.29558,-0.130642,1.87458,1.76887,10,1522,1.16736,0.306858
1776813040706725336,1.92978,-0.4375,0.297747,-0.130703,1.78261,1.77778,10,1525,1.16966,0.306797
1776813040711733165,1.92978,-0.4375,0.297747,-0.130703,1.78261,1.77778,10,1525,1.16966,0.306797
1776813040716724162,1.92221,-0.283203,0.292474,0.0236553,1.68037,1.86126,10,1527,1.17119,0.306858
1776813040721701974,1.92221,-0.234375,0.292474,0.0724834,1.68037,1.86126,10,1528,1.17196,0.153368
1776813040726766689,1.92037,-0.234375,0.291404,-0.0810072,1.85488,1.8423,10,1529,1.17273,0.153429
1776813040731738150,1.92037,-0.158203,0.292171,-0.00477393,1.85488,1.8423,10,1530,1.1735,0.153368
1776813040736749275,1.91898,-0.158203,0.291549,-0.00483529,1.85897,1.8788,10,1530,1.1735,0
1776813040741768604,1.91898,-0.119141,0.291549,-0.119141,1.85897,1.8788,10,1531,1.17426,0.153429
1776813040746739935,1.91833,-0.119141,0.291666,0.0342886,1.87856,1.89782,10,1531,1.17426,0
1776813040751738505,1.91833,-0.0742188,0.291666,-0.0742188,1.87856,1.89782,10,1532,1.17503,0
1776813040756726613,1.91654,-0.0742188,0.290644,-0.0742188,1.86428,1.91451,10,1532,1.17503,0.153368
1776813040761721869,1.91654,-0.0664062,0.290644,0.0869616,1.86428,1.91451,10,1532,1.17503,0
1776813040766730957,1.9165,-0.0664062,0.2906,-0.0664062,1.89545,1.91875,10,1532,1.17503,0
1776813040771702084,1.9165,-0.0332031,0.2906,-0.0332031,1.89545,1.91875,10,1532,1.17503,0
1776813040776731746,1.91565,-0.0332031,0.289748,-0.0332031,1.85576,1.93767,10,1532,1.17503,0
1776813040781726076,1.91565,-0.0078125,0.289748,-0.0078125,1.85576,1.93767,10,1532,1.17503,0
1776813040786730460,1.91545,-0.0078125,0.289545,-0.0078125,1.92815,1.94688,10,1532,1.17503,0
1776813040791722068,1.91545,0.00390625,0.289545,0.00390625,1.92815,1.94688,10,1532,1.17503,0
1776813040796726601,1.91545,0.00390625,0.289547,0.00390625,1.91584,1.95357,10,1532,1.17503,0
1776813040801728931,1.91545,0.00390625,0.289547,0.00390625,1.91584,1.95357,10,1532,1.17503,0
1776813040806745926,1.91561,0.00390625,0.289706,0.00390625,1.93621,1.95436,10,1532,1.17503,0
1776813040811732034,1.91561,0.00195312,0.289706,0.00195312,1.93621,1.95436,10,1532,1.17503,0
1776813040816820767,1.91561,0.00195312,0.289707,0.00195312,1.9158,1.95326,10,1532,1.17503,0
1776813040821730879,1.91561,0.00390625,0.289707,0.00390625,1.9158,1.95326,10,1532,1.17503,0
1776813040826729727,1.91561,0.00390625,0.289707,0.00390625,2.002,1.95437,10,1532,1.17503,0
1776813040831845736,1.91561,0.00390625,0.289707,0.00390625,2.002,1.95437,10,1532,1.17503,0
1776813040836765718,1.91561,0.00390625,0.289707,0.00390625,2.03431,1.95437,10,1532,1.17503,0
1776813040841746122,1.91561,0.00390625,0.289707,0.00390625,2.03431,1.95437,10,1532,1.17503,0
1776813040846731712,1.91585,0.00390625,0.289952,0.00390625,1.99244,1.95437,10,1532,1.17503,0
1776813040851731060,1.91585,-0.00390625,0.289952,-0.00390625,1.99244,1.95437,10,1532,1.17503,0
1776813040856730963,1.91589,-0.00390625,0.289993,-0.00390625,1.969,1.95134,10,1532,1.17503,0
1776813040861749051,1.91589,-0.00390625,0.289993,-0.00390625,1.969,1.95134,10,1532,1.17503,0
1776813040866731382,1.91585,-0.00390625,0.28995,-0.00390625,1.97,1.95113,10,1532,1.17503,0
1776813040871772450,1.91585,0.00585938,0.28995,0.00585938,1.97,1.95113,10,1532,1.17503,0
1776813040876744244,1.91585,0.00585938,0.289948,0.00585938,1.8739,1.95669,10,1532,1.17503,0
1776813040881738148,1.91585,0.0078125,0.289948,0.0078125,1.8739,1.95669,10,1532,1.17503,0
1776813040886738718,1.91589,0.0078125,0.289992,0.0078125,1.91582,1.95802,10,1532,1.17503,0
1776813040891738455,1.91589,0.0195312,0.289992,0.0195312,1.91582,1.95802,10,1532,1.17503,0
1776813040896756599,1.9161,0.0195312,0.290196,0.0195312,2.03423,1.96571,10,1532,1.17503,0
1776813040901745669,1.9161,0.0234375,0.290196,0.0234375,2.03423,1.96571,10,1532,1.17503,0
1776813040906746240,1.9163,0.0234375,0.290398,0.0234375,1.97976,1.96895,10,1532,1.17503,0
1776813040911739810,1.9163,0.0175781,0.290398,0.0175781,1.97976,1.96895,10,1532,1.17503,0
1776813040916747880,1.91679,0.0175781,0.29089,0.0175781,1.95079,1.96561,10,1532,1.17503,0
1776813040921710267,1.91679,0.0136719,0.29089,0.0136719,1.95079,1.96561,10,1532,1.17503,0
1776813040926756613,1.91695,0.0136719,0.291049,0.0136719,1.97431,1.96663,10,1532,1.17503,0
1776813040931729703,1.91695,0.0078125,0.291049,0.0078125,1.97431,1.96663,10,1532,1.17503,0
1776813040936753884,1.91699,0.0078125,0.291092,0.0078125,2.00614,1.9635,10,1532,1.17503,0
1776813040941730751,1.91699,0.00585938,0.291092,0.00585938,2.00614,1.9635,10,1532,1.17503,0
1776813040946760635,1.91699,0.00585938,0.291091,0.00585938,1.96038,1.96239,10,1532,1.17503,0
1776813040951753113,1.91699,-0.00390625,0.291091,-0.00390625,1.96038,1.96239,10,1532,1.17503,0
1776813040956754109,1.91699,-0.00390625,0.291091,-0.00390625,1.97399,1.95682,10,1532,1.17503,0
1776813040961744606,1.91699,-0.0078125,0.291091,-0.0078125,1.97399,1.95682,10,1532,1.17503,0
1776813040966760305,1.91699,-0.0078125,0.291091,-0.0078125,1.97363,1.95459,10,1532,1.17503,0
1776813040971738321,1.91699,-0.0078125,0.291091,-0.0078125,1.97363,1.95459,10,1532,1.17503,0
1776813040976727095,1.91699,-0.0117188,0.291091,-0.0117188,1.96044,1.95237,10,1532,1.17503,0
1776813040981728962,1.91699,-0.0117188,0.291091,-0.0117188,1.96044,1.95237,10,1532,1.17503,0
1776813040986724644,1.91704,-0.0117188,0.291135,-0.0117188,1.89648,1.95258,10,1532,1.17503,0
1776813040991730417,1.91704,0.00390625,0.291135,0.00390625,1.89648,1.95258,10,1532,1.17503,0
1776813040996744413,1.91699,0.00390625,0.291091,0.00390625,1.96045,1.96127,10,1532,1.17503,0
1776813041001734650,1.91699,0.0078125,0.291091,0.0078125,1.96045,1.96127,10,1532,1.17503,0
1776813041006727888,1.91699,0.0078125,0.291093,0.0078125,1.95133,1.96351,10,1532,1.17503,0
1776813041011723181,1.91699,0.0234375,0.291093,0.0234375,1.95133,1.96351,10,1532,1.17503,0
1776813041016724326,1.91724,0.0234375,0.291339,0.0234375,2.00608,1.97364,10,1532,1.17503,0
1776813041021735304,1.91724,0.0214844,0.291339,0.0214844,2.00608,1.97364,10,1532,1.17503,0
1776813041026753577,1.91744,0.0214844,0.291541,0.0214844,1.98178,1.97354,10,1532,1.17503,0
1776813041031736390,1.91744,0.0253906,0.291541,0.0253906,1.98178,1.97354,10,1532,1.17503,0
1776813041036729720,1.91764,0.0253906,0.291743,0.0253906,1.98987,1.97677,10,1532,1.17503,0
1776813041041726143,1.91764,0.0273438,0.291743,0.0273438,1.98987,1.97677,10,1532,1.17503,0
1776813041046763953,1.91789,0.0273438,0.291989,0.0273438,1.95115,1.97911,10,1532,1.17503,0
1776813041051856667,1.91789,0.0273438,0.291989,0.0273438,1.95115,1.97911,10,1532,1.17503,0
1776813041056805166,1.91834,0.0273438,0.292437,0.0273438,1.93168,1.97911,10,1531,1.17426,0
1776813041061752925,1.91834,0.0175781,0.29167,0.0175781,1.93168,1.97911,10,1531,1.17426,-0.15346
1776813041066754440,1.91863,0.0175781,0.291962,-0.135882,1.87653,1.97723,10,1531,1.17426,0
1776813041071713568,1.91863,0.0078125,0.291962,0.0078125,1.87653,1.97723,10,1531,1.17426,0
1776813041076758674,1.91879,0.0078125,0.292119,0.0078125,1.94466,1.97245,10,1531,1.17426,0
1776813041081730542,1.91879,0.00585938,0.292119,0.00585938,1.94466,1.97245,10,1531,1.17426,0
1776813041086728965,1.91883,0.00585938,0.292162,0.00585938,1.96937,1.97155,10,1531,1.17426,0
1776813041091733776,1.91883,-0.00585938,0.292162,-0.00585938,1.96937,1.97155,10,1531,1.17426,0
1776813041096732051,1.91883,-0.00585938,0.292163,-0.00585938,1.98829,1.96487,10,1531,1.17426,0
1776813041101729751,1.91883,-0.0117188,0.292163,-0.0117188,1.98829,1.96487,10,1531,1.17426,0
1776813041106734155,1.91879,-0.0117188,0.292119,-0.0117188,1.9644,1.96132,10,1531,1.17426,0
1776813041111728393,1.91879,-0.0078125,0.292119,-0.0078125,1.9644,1.96132,10,1531,1.17426,0
1776813041116730056,1.91858,-0.0078125,0.291916,-0.0078125,1.94467,1.96253,10,1531,1.17426,0
1776813041121762570,1.91858,-0.00976562,0.291916,-0.00976562,1.94467,1.96253,10,1531,1.17426,0
1776813041126759326,1.91879,-0.00976562,0.292119,-0.00976562,1.95747,1.96142,10,1531,1.17426,0
1776813041131754952,1.91879,0.00195312,0.292119,0.00195312,1.95747,1.96142,10,1531,1.17426,0
1776813041136796114,1.91863,0.00195312,0.29196,0.00195312,2.03165,1.96832,10,1531,1.17426,0
1776813041141789111,1.91863,0.0078125,0.29196,0.0078125,2.03165,1.96832,10,1531,1.17426,0
1776813041146754813,1.91879,0.0078125,0.292119,0.0078125,1.99399,1.97245,10,1531,1.17426,0
1776813041151737532,1.91879,0.0078125,0.292119,0.0078125,1.99399,1.97245,10,1531,1.17426,0
1776813041156740288,1.91883,0.0078125,0.29216,0.0078125,1.88859,1.97265,10,1531,1.17426,0
1776813041161766006,1.91883,0.00976562,0.29216,0.00976562,1.88859,1.97265,10,1531,1.17426,0
1776813041166752374,1.91883,0.00976562,0.292161,0.00976562,1.93202,1.97377,10,1531,1.17426,0
1776813041171734834,1.91883,0.00585938,0.292161,0.00585938,1.93202,1.97377,10,1531,1.17426,0
1776813041176737812,1.91903,0.00585938,0.292363,0.00585938,2.02552,1.97255,10,1531,1.17426,0
1776813041181747475,1.91903,0.00195312,0.292363,0.00195312,2.02552,1.97255,10,1531,1.17426,0
1776813041186770656,1.91903,0.00195312,0.292365,0.00195312,1.96953,1.97033,10,1531,1.17426,0
1776813041191760338,1.91903,-0.00585938,0.292365,-0.00585938,1.96953,1.97033,10,1531,1.17426,0
1776813041196736058,1.91924,-0.00585938,0.292567,-0.00585938,1.94466,1.96588,10,1531,1.17426,0
1776813041201739129,1.91924,0,0.292567,0,1.94466,1.96588,10,1531,1.17426,0
1776813041206774087,1.91924,0,0.292568,0,1.98807,1.97023,10,1531,1.17426,0
1776813041211756807,1.91924,0.00390625,0.292568,0.00390625,1.98807,1.97023,10,1531,1.17426,0
1776813041216732434,1.91924,0.00390625,0.292568,0.00390625,1.96312,1.97246,10,1531,1.17426,0
1776813041221709117,1.91924,-0.00195312,0.292568,-0.00195312,1.96312,1.97246,10,1531,1.17426,0
1776813041226730705,1.91924,-0.00195312,0.292567,-0.00195312,1.96951,1.96912,10,1531,1.17426,0
1776813041231755590,1.91924,0,0.292567,0,1.96951,1.96912,10,1531,1.17426,0
1776813041236735124,1.91924,0,0.292567,0,1.97574,1.97023,10,1531,1.17426,0
1776813041241732881,1.91924,-0.00195312,0.292567,-0.00195312,1.97574,1.97023,10,1531,1.17426,0
1776813041246740210,1.91924,-0.00195312,0.292567,-0.00195312,1.97578,1.96912,10,1531,1.17426,0
1776813041251744096,1.91924,0,0.292567,0,1.97578,1.96912,10,1531,1.17426,0
1776813041256726593,1.91924,0,0.292567,0,1.98204,1.97023,10,1531,1.17426,0
1776813041261847658,1.91924,0.00195312,0.292567,0.00195312,1.98204,1.97023,10,1531,1.17426,0
1776813041266777806,1.91924,0.00195312,0.292567,0.00195312,1.93282,1.97134,10,1531,1.17426,0
1776813041271713010,1.91948,0.00195312,0.292814,0.00195312,1.93282,1.97134,10,1531,1.17426,0
1776813041276840852,1.91948,-0.00390625,0.292814,-0.00390625,1.95096,1.96923,10,1531,1.17426,0
1776813041281762742,1.91948,-0.00390625,0.292814,-0.00390625,1.95096,1.96923,10,1531,1.17426,0
1776813041286740758,1.91948,0.00195312,0.292814,0.00195312,1.91358,1.97257,10,1531,1.17426,0
1776813041291729681,1.91948,0.00195312,0.292814,0.00195312,1.91358,1.97257,10,1531,1.17426,0
1776813041296737862,1.91948,-0.00585938,0.292814,-0.00585938,2.0196,1.96812,10,1531,1.17426,0
1776813041301748433,1.91932,-0.00585938,0.292655,-0.00585938,2.0196,1.96812,10,1531,1.17426,0
1776813041306745226,1.91932,-0.00390625,0.292655,-0.00390625,1.93849,1.96844,10,1531,1.17426,0
1776813041311748148,1.91928,-0.00390625,0.292611,-0.00390625,1.93849,1.96844,10,1531,1.17426,0
1776813041316742479,1.91928,0.00390625,0.292611,0.00390625,2.00054,1.97267,10,1531,1.17426,0
1776813041321715162,1.91948,0.00390625,0.292814,0.00390625,2.00054,1.97267,10,1531,1.17426,0
1776813041326755453,1.91948,0,0.292814,0,2.00678,1.97146,10,1531,1.17426,0
1776813041331732580,1.91948,0,0.292814,0,2.00678,1.97146,10,1531,1.17426,0
1776813041336745299,1.91948,0.00585938,0.292814,0.00585938,1.97582,1.9748,10,1531,1.17426,0
1776813041341734703,1.9282,0.00585938,0.301535,0.00585938,1.97582,1.9748,10,1531,1.17426,0
1776813041346735255,1.9282,0.00195312,0.301535,0.00195312,1.95183,2.01595,10,1531,1.17426,0
1776813041351736271,1.9282,0.00195312,0.301535,0.00195312,1.95183,2.01595,10,1531,1.17426,0
1776813041356763636,1.9282,-0.00195312,0.301535,-0.00195312,2.08752,2.01372,10,1531,1.17426,0
1776813041361742504,1.9282,-0.00195312,0.301535,-0.00195312,2.08752,2.01372,10,1531,1.17426,0
1776813041366764611,1.9282,-0.00195312,0.301535,-0.00195312,2.01381,2.01372,10,1531,1.17426,0
1776813041371729776,1.9282,-0.00195312,0.301535,-0.00195312,2.01381,2.01372,10,1531,1.17426,0
1776813041376797659,1.9282,-0.00976562,0.301535,-0.00976562,1.95134,2.00927,10,1531,1.17426,0
1776813041381743750,1.92816,-0.00976562,0.301491,-0.00976562,1.95134,2.00927,10,1531,1.17426,0
1776813041386734636,1.92816,-0.0078125,0.301491,-0.0078125,1.95789,2.01016,10,1531,1.17426,0
1776813041391766224,1.92816,-0.0078125,0.301491,-0.0078125,1.95789,2.01016,10,1531,1.17426,0
1776813041396755036,1.92816,-0.00585938,0.301491,-0.00585938,2.00673,2.01127,10,1531,1.17426,0
1776813041401764644,1.92796,-0.00585938,0.301288,-0.00585938,2.00673,2.01127,10,1531,1.17426,0
1776813041406735086,1.92796,-0.00585938,0.301288,-0.00585938,1.94463,2.01027,10,1531,1.17426,0
1776813041411746675,1.92796,-0.00585938,0.301288,-0.00585938,1.94463,2.01027,10,1531,1.17426,0
1776813041416785577,1.92796,0.0078125,0.301288,0.0078125,1.98259,2.01806,10,1531,1.17426,0
1776813041421765390,1.92816,0.0078125,0.301491,0.0078125,1.98259,2.01806,10,1531,1.17426,0
1776813041426731610,1.92816,0.00390625,0.301491,0.00390625,1.99395,2.01684,10,1531,1.17426,0
1776813041431727977,1.92816,0.00390625,0.301491,0.00390625,1.99395,2.01684,10,1531,1.17426,0
1776813041436731992,1.92816,0.0136719,0.301491,0.0136719,2.06263,2.02241,10,1531,1.17426,0
1776813041441772987,1.9282,0.0136719,0.301533,0.0136719,2.06263,2.02241,10,1531,1.17426,0
1776813041446746578,1.9282,0.0078125,0.301533,0.0078125,2.02469,2.01928,10,1531,1.17426,0
1776813041451733186,1.92836,0.0078125,0.301691,0.0078125,2.02469,2.01928,10,1531,1.17426,0
1776813041456725664,1.92836,-0.00390625,0.301691,-0.00390625,2.02512,2.01338,10,1531,1.17426,0
1776813041461745882,1.9284,-0.00390625,0.301736,-0.00390625,2.02512,2.01338,10,1531,1.17426,0
1776813041466742342,1.9284,-0.00195312,0.301736,-0.00195312,2.06633,2.01472,10,1531,1.17426,0
1776813041471710637,1.92836,-0.00195312,0.301691,-0.00195312,2.06633,2.01472,10,1531,1.17426,0
1776813041476736669,1.92836,-0.00585938,0.301691,-0.00585938,1.98959,2.01227,10,1531,1.17426,0
1776813041481725166,1.9284,-0.00585938,0.301736,-0.00585938,1.98959,2.01227,10,1531,1.17426,0
1776813041486732255,1.9284,-0.00390625,0.301736,-0.00390625,1.93757,2.01361,10,1531,1.17426,0
1776813041491725604,1.92836,-0.00390625,0.301692,-0.00390625,1.93757,2.01361,10,1531,1.17426,0
1776813041496722471,1.92836,0.00195312,0.301692,0.00195312,1.98987,2.01673,10,1531,1.17426,0
1776813041501729116,1.92836,0.00195312,0.301692,0.00195312,1.98987,2.01673,10,1531,1.17426,0
1776813041506731279,1.92836,0.0078125,0.301692,0.0078125,2.0069,2.02007,10,1531,1.17426,0
1776813041511723554,1.92836,0.0078125,0.301692,0.0078125,2.0069,2.02007,10,1531,1.17426,0
1776813041516736624,1.92836,0.00585938,0.301692,0.00585938,2.0139,2.01895,10,1531,1.17426,0
1776813041521712770,1.9284,0.00585938,0.301736,0.00585938,2.0139,2.01895,10,1531,1.17426,0
1776813041526730285,1.9284,-0.00195312,0.301736,-0.00195312,2.06277,2.01472,10,1531,1.17426,0
1776813041531727855,1.9284,-0.00195312,0.301736,-0.00195312,2.06277,2.01472,10,1531,1.17426,0
1776813041536727945,1.9284,0.00195312,0.301736,0.00195312,1.9445,2.01695,10,1531,1.17426,0
1776813041541729015,1.9284,0.00195312,0.301736,0.00195312,1.9445,2.01695,10,1531,1.17426,0
1776813041546731475,1.9284,0.00585938,0.301736,0.00585938,2.03822,2.01917,10,1531,1.17426,0
1776813041551723176,1.9284,0.00585938,0.301736,0.00585938,2.03822,2.01917,10,1531,1.17426,0
1776813041556735561,1.92861,0.00585938,0.301939,0.00585938,1.98257,2.02018,10,1531,1.17426,0
1776813041561742002,1.92861,0.00195312,0.301939,0.00195312,1.98257,2.02018,10,1531,1.17426,0
1776813041566812791,1.92861,0.00195312,0.301938,0.00195312,2.05614,2.01795,10,1531,1.17426,0
1776813041571738458,1.92861,-0.00390625,0.301938,-0.00390625,2.05614,2.01795,10,1531,1.17426,0
1776813041576775472,1.92861,-0.00390625,0.301941,-0.00390625,1.92689,2.01462,10,1531,1.17426,0
1776813041581768858,1.92861,-0.00585938,0.301941,-0.00585938,1.92689,2.01462,10,1531,1.17426,0
1776813041586744374,1.92861,-0.00585938,0.301941,-0.00585938,2.10094,2.01351,10,1531,1.17426,0
1776813041591736315,1.92861,-0.00585938,0.301941,-0.00585938,2.10094,2.01351,10,1531,1.17426,0
1776813041596741516,1.9284,-0.00585938,0.301736,-0.00585938,2.00696,2.0125,10,1531,1.17426,0
1776813041601736475,1.9284,-0.00195312,0.301736,-0.00195312,2.00696,2.0125,10,1531,1.17426,0
1776813041606726047,1.92841,-0.00195312,0.301739,-0.00195312,2.02093,2.01473,10,1531,1.17426,0
1776813041611725358,1.92841,0.00195312,0.301739,0.00195312,2.02093,2.01473,10,1531,1.17426,0
1776813041616721559,1.9284,0.00195312,0.301736,0.00195312,2.01785,2.01695,10,1531,1.17426,0
1776813041621706926,1.9284,0.00195312,0.301736,0.00195312,2.01785,2.01695,10,1531,1.17426,0
1776813041626731626,1.9284,0.00195312,0.301736,0.00195312,2.03817,2.01695,10,1531,1.17426,0
1776813041631831692,1.92861,0.00195312,0.301941,0.00195312,2.03817,2.01695,10,1531,1.17426,0
1776813041636749915,1.92861,0.00195312,0.301941,0.00195312,2.01398,2.01797,10,1531,1.17426,0
1776813041641756633,1.92861,0.00195312,0.301939,0.00195312,2.01398,2.01797,10,1531,1.17426,0
1776813041646732390,1.92861,0.00585938,0.301939,0.00585938,2.0002,2.02018,10,1531,1.17426,0
1776813041651731368,1.92861,0.00585938,0.301939,0.00585938,2.0002,2.02018,10,1531,1.17426,0
1776813041656727551,1.92861,0,0.301939,0,1.98974,2.01684,10,1531,1.17426,0
1776813041661725658,1.92865,0,0.301984,0,1.98974,2.01684,10,1531,1.17426,0
1776813041666727285,1.92865,-0.00390625,0.301984,-0.00390625,1.98942,2.01484,10,1531,1.17426,0
1776813041671711782,1.92861,-0.00390625,0.301939,-0.00390625,1.98942,2.01484,10,1531,1.17426,0
1776813041676731982,1.92861,0,0.301939,0,1.98969,2.01684,10,1531,1.17426,0
1776813041681735219,1.92861,0,0.301939,0,1.98969,2.01684,10,1531,1.17426,0
1776813041686739401,1.92861,-0.00976562,0.301939,-0.00976562,1.94386,2.01127,10,1531,1.17426,0
1776813041691733342,1.92861,-0.00976562,0.301939,-0.00976562,1.94386,2.01127,10,1531,1.17426,0
1776813041696737838,1.92861,-0.00976562,0.301939,-0.00976562,1.95838,2.01127,10,1531,1.17426,0
1776813041701727206,1.92861,-0.00976562,0.301939,-0.00976562,1.95838,2.01127,10,1531,1.17426,0
1776813041706824550,1.92861,-0.00976562,0.301939,-0.00976562,2.04525,2.01127,10,1531,1.17426,0
1776813041711752772,1.92861,0.00195312,0.301939,0.00195312,2.04525,2.01127,10,1531,1.17426,0
1776813041716736066,1.92861,0.00195312,0.30194,0.00195312,2.01394,2.01796,10,1531,1.17426,0
1776813041721805115,1.92861,0.00390625,0.30194,0.00390625,2.01394,2.01796,10,1531,1.17426,0
1776813041726761299,1.92865,0.00390625,0.301984,0.00390625,1.98908,2.01929,10,1531,1.17426,0
1776813041731741260,1.92865,0.00585938,0.301984,0.00585938,1.98908,2.01929,10,1531,1.17426,0
1776813041736763737,1.92865,0.00585938,0.301984,0.00585938,2.05601,2.02041,10,1531,1.17426,0
1776813041741742975,1.92865,0.00195312,0.301984,0.00195312,2.05601,2.02041,10,1531,1.17426,0
1776813041746732269,1.92865,0.00195312,0.301984,0.00195312,1.97582,2.01818,10,1531,1.17426,0
1776813041751730321,1.92865,-0.00390625,0.301984,-0.00390625,1.97582,2.01818,10,1531,1.17426,0
1776813041756737799,1.92865,-0.00390625,0.301984,-0.00390625,2.12525,2.01484,10,1531,1.17426,0
1776813041761733647,1.92865,-0.00585938,0.301984,-0.00585938,2.12525,2.01484,10,1531,1.17426,0
1776813041766734052,1.92865,-0.00585938,0.301984,-0.00585938,1.98236,2.01373,10,1531,1.17426,0
1776813041771719975,1.92865,-0.00585938,0.301984,-0.00585938,1.98236,2.01373,10,1531,1.17426,0
1776813041776735137,1.92865,-0.00585938,0.301984,-0.00585938,1.96812,2.01373,10,1531,1.17426,0
1776813041781729523,1.92881,-0.00585938,0.302143,-0.00585938,1.96812,2.01373,10,1531,1.17426,0
1776813041786727964,1.92881,-0.00195312,0.302143,-0.00195312,1.97263,2.01674,10,1531,1.17426,0
1776813041791744609,1.92865,-0.00195312,0.301987,-0.00195312,1.97263,2.01674,10,1531,1.17426,0
1776813041796746364,1.92865,0.00195312,0.301987,0.00195312,2.07661,2.01819,10,1531,1.17426,0
1776813041801738417,1.92865,0.00195312,0.301984,0.00195312,2.07661,2.01819,10,1531,1.17426,0
1776813041806749117,1.92865,0.00585938,0.301984,0.00585938,2.06959,2.02041,10,1531,1.17426,0
1776813041811746095,1.92865,0.00585938,0.301987,0.00585938,2.06959,2.02041,10,1531,1.17426,0
1776813041816729648,1.92865,0.00390625,0.301987,0.00390625,2.0383,2.0193,10,1531,1.17426,0
1776813041821715609,1.92865,0.00390625,0.301987,0.00390625,2.0383,2.0193,10,1531,1.17426,0
1776813041826726808,1.92865,0.00195312,0.301987,0.00195312,1.99683,2.01819,10,1531,1.17426,0
1776813041831754730,1.92885,0.00195312,0.302187,0.00195312,1.99683,2.01819,10,1531,1.17426,0
1776813041836740875,1.92885,-0.00195312,0.302187,-0.00195312,2.00696,2.01696,10,1531,1.17426,0
1776813041841735057,1.92885,-0.00195312,0.302187,-0.00195312,2.00696,2.01696,10,1531,1.17426,0
1776813041846736202,1.92885,-0.00390625,0.302187,-0.00390625,2.00696,2.01585,10,1531,1.17426,0
1776813041851741273,1.92885,-0.00390625,0.302187,-0.00390625,2.00696,2.01585,10,1531,1.17426,0
1776813041856732992,1.92886,-0.00390625,0.302188,-0.00390625,1.98261,2.01585,10,1531,1.17426,0
1776813041861726656,1.92886,-0.00390625,0.302188,-0.00390625,1.98261,2.01585,10,1531,1.17426,0
1776813041866730374,1.92886,-0.00390625,0.30219,-0.00390625,1.95837,2.01586,10,1531,1.17426,0
1776813041871743685,1.92886,-0.00585938,0.30219,-0.00585938,1.95837,2.01586,10,1531,1.17426,0
1776813041876746904,1.92886,-0.00585938,0.30219,-0.00585938,1.94368,2.01475,10,1531,1.17426,0
1776813041881793232,1.92886,-0.00195312,0.30219,-0.00195312,1.94368,2.01475,10,1531,1.17426,0
1776813041886740583,1.92865,-0.00195312,0.301987,-0.00195312,2.01399,2.01596,10,1531,1.17426,0
1776813041891739820,1.92865,0.00585938,0.301987,0.00585938,2.01399,2.01596,10,1531,1.17426,0
1776813041896743335,1.92881,0.00585938,0.302145,0.00585938,2.02441,2.0212,10,1531,1.17426,0
1776813041901734036,1.92881,0.00390625,0.302145,0.00390625,2.02441,2.0212,10,1531,1.17426,0
1776813041906739496,1.92886,0.00390625,0.302189,0.00390625,2.02126,2.02031,10,1531,1.17426,0
1776813041911730585,1.92886,0.00195312,0.302189,0.00195312,2.02126,2.02031,10,1531,1.17426,0
1776813041916728452,1.92886,0.00195312,0.302189,0.00195312,2.00703,2.0192,10,1531,1.17426,0
1776813041921712172,1.92886,0.00195312,0.302189,0.00195312,2.00703,2.0192,10,1531,1.17426,0
1776813041926729650,1.92886,0.00195312,0.302189,0.00195312,1.98658,2.0192,10,1531,1.17426,0
1776813041931724776,1.9289,0.00195312,0.302234,0.00195312,1.98658,2.0192,10,1531,1.17426,0
1776813041936732235,1.9289,0.00195312,0.302234,0.00195312,2.0588,2.01942,10,1531,1.17426,0
1776813041941911076,1.9289,0.00195312,0.302237,0.00195312,2.0588,2.01942,10,1531,1.17426,0
1776813041946762542,1.9289,-0.00195312,0.302237,-0.00195312,2.02137,2.0172,10,1531,1.17426,0
1776813041951728133,1.9289,-0.00195312,0.302237,-0.00195312,2.02137,2.0172,10,1531,1.17426,0
1776813041956722389,1.9289,-0.00195312,0.302237,-0.00195312,2.06957,2.0172,10,1531,1.17426,0
1776813041961733293,1.9289,-0.00195312,0.302237,-0.00195312,2.06957,2.0172,10,1531,1.17426,0
1776813041966729716,1.9289,0.00195312,0.302237,0.00195312,1.9895,2.01943,10,1531,1.17426,0
1776813041971707491,1.9289,0.00195312,0.302237,0.00195312,1.9895,2.01943,10,1531,1.17426,0
1776813041976727635,1.9289,0.00390625,0.302237,0.00390625,2.09401,2.02055,10,1531,1.17426,0
1776813041981729095,1.92906,0.00390625,0.302395,0.00390625,2.09401,2.02055,10,1531,1.17426,0
1776813041986722406,1.92906,-0.00390625,0.302395,-0.00390625,2.00669,2.01688,10,1531,1.17426,0
1776813041991729125,1.92906,-0.00390625,0.302395,-0.00390625,2.00669,2.01688,10,1531,1.17426,0
1776813041996721881,1.92906,-0.00585938,0.302395,-0.00585938,1.94447,2.01577,10,1531,1.17426,0
1776813042001723452,1.92906,-0.00585938,0.302395,-0.00585938,1.94447,2.01577,10,1531,1.17426,0
1776813042006725745,1.92911,-0.00585938,0.30244,-0.00585938,1.99364,2.01599,10,1531,1.17426,0
1776813042011733668,1.92911,0.00390625,0.30244,0.00390625,1.99364,2.01599,10,1531,1.17426,0
1776813042016729869,1.92911,0.00390625,0.30244,0.00390625,1.95124,2.02155,10,1531,1.17426,0
1776813042021701756,1.92911,0.00195312,0.30244,0.00195312,1.95124,2.02155,10,1531,1.17426,0
1776813042026743715,1.92911,0.00195312,0.30244,0.00195312,2.03119,2.02044,10,1531,1.17426,0
1776813042031739619,1.92911,-0.00195312,0.30244,-0.00195312,2.03119,2.02044,10,1531,1.17426,0
1776813042036723395,1.92911,-0.00195312,0.302439,-0.00195312,2.06279,2.01821,10,1531,1.17426,0
1776813042041720022,1.92911,0.00195312,0.302439,0.00195312,2.06279,2.01821,10,1531,1.17426,0
1776813042046719927,1.92911,0.00195312,0.302439,0.00195312,1.99353,2.02044,10,1531,1.17426,0
1776813042051720646,1.92911,-0.00390625,0.302439,-0.00390625,1.99353,2.02044,10,1531,1.17426,0
1776813042056729809,1.92911,-0.00390625,0.302439,-0.00390625,2.06954,2.0171,10,1531,1.17426,0
1776813042061749435,1.92911,-0.00195312,0.302439,-0.00195312,2.06954,2.0171,10,1531,1.17426,0
1776813042066733433,1.92911,-0.00195312,0.302439,-0.00195312,2.02406,2.01821,10,1531,1.17426,0
1776813042071724097,1.92911,-0.00195312,0.302439,-0.00195312,2.02406,2.01821,10,1531,1.17426,0
1776813042076742834,1.92911,-0.00195312,0.302439,-0.00195312,1.97574,2.01821,10,1531,1.17426,0
1776813042081750850,1.92931,-0.00195312,0.30264,-0.00195312,1.97574,2.01821,10,1531,1.17426,0
1776813042086829121,1.92931,0,0.30264,0,2.01391,2.02032,10,1531,1.17426,0
1776813042091765084,1.92931,0,0.30264,0,2.01391,2.02032,10,1531,1.17426,0
1776813042096731212,1.92931,0.00390625,0.30264,0.00390625,1.93419,2.02255,10,1531,1.17426,0
1776813042101729691,1.92931,0.00390625,0.30264,0.00390625,1.93419,2.02255,10,1531,1.17426,0
1776813042106723577,1.92931,-0.00195312,0.30264,-0.00195312,1.98963,2.01921,10,1531,1.17426,0
1776813042111733944,1.92931,-0.00195312,0.302642,-0.00195312,1.98963,2.01921,10,1531,1.17426,0
1776813042116736441,1.92931,0.00390625,0.302642,0.00390625,2.01825,2.02256,10,1531,1.17426,0
1776813042121727494,1.92931,0.00390625,0.302642,0.00390625,2.01825,2.02256,10,1531,1.17426,0
1776813042126738917,1.92931,0.00195312,0.302642,0.00195312,2.01376,2.02144,10,1531,1.17426,0
1776813042131734340,1.92931,0.00195312,0.302642,0.00195312,2.01376,2.02144,10,1531,1.17426,0
1776813042136817445,1.92931,0.00195312,0.302642,0.00195312,1.97579,2.02144,10,1531,1.17426,0
1776813042141750352,1.92931,0.00195312,0.302642,0.00195312,1.97579,2.02144,10,1531,1.17426,0
1776813042146746979,1.92931,0.00195312,0.302642,0.00195312,2.01356,2.02144,10,1531,1.17426,0
1776813042151812140,1.92931,0.00195312,0.302642,0.00195312,2.01356,2.02144,10,1531,1.17426,0
1776813042156772306,1.92935,0.00195312,0.302685,0.00195312,2.08738,2.02166,10,1531,1.17426,0
1776813042161826060,1.92935,0.00195312,0.302685,0.00195312,2.08738,2.02166,10,1531,1.17426,0
1776813042166788707,1.92935,0.00195312,0.302684,0.00195312,2.0488,2.02165,10,1531,1.17426,0
1776813042171735132,1.92935,0.00195312,0.302684,0.00195312,2.0488,2.02165,10,1531,1.17426,0
1776813042176745592,1.92935,0.00195312,0.302684,0.00195312,2.03109,2.02165,10,1531,1.17426,0
1776813042181748848,1.92935,0,0.302684,0,2.03109,2.02165,10,1531,1.17426,0
1776813042186734476,1.92935,0,0.302684,0,2.02108,2.02054,10,1531,1.17426,0
1776813042191732491,1.92935,-0.00195312,0.302684,-0.00195312,2.02108,2.02054,10,1531,1.17426,0
1776813042196751562,1.92935,-0.00195312,0.302684,-0.00195312,2.02853,2.01943,10,1531,1.17426,0
1776813042201740837,1.92935,0.00195312,0.302684,0.00195312,2.02853,2.01943,10,1531,1.17426,0
1776813042206734297,1.92935,0.00195312,0.302687,0.00195312,2.0308,2.02167,10,1531,1.17426,0
1776813042211735591,1.92935,0.00390625,0.302687,0.00390625,2.0308,2.02167,10,1531,1.17426,0
1776813042216739477,1.92935,0.00390625,0.302687,0.00390625,1.9754,2.02278,10,1531,1.17426,0
1776813042221707531,1.92935,0.00195312,0.302687,0.00195312,1.9754,2.02278,10,1531,1.17426,0
1776813042226729471,1.92956,0.00195312,0.30289,0.00195312,2.01397,2.02167,10,1531,1.17426,0
1776813042231740005,1.92956,0,0.30289,0,2.01397,2.02167,10,1531,1.17426,0
1776813042236749483,1.92956,0,0.30289,0,2.03829,2.02156,10,1531,1.17426,0
1776813042241729241,1.92956,0.00195312,0.30289,0.00195312,2.03829,2.02156,10,1531,1.17426,0
1776813042246764570,1.92956,0.00195312,0.30289,0.00195312,2.0383,2.02267,10,1531,1.17426,0
1776813042251753697,1.92956,-0.00195312,0.30289,-0.00195312,2.0383,2.02267,10,1531,1.17426,0
1776813042256742972,1.92956,-0.00195312,0.30289,-0.00195312,2.0696,2.02045,10,1531,1.17426,0
1776813042261724507,1.92956,-0.00195312,0.30289,-0.00195312,2.0696,2.02045,10,1531,1.17426,0
1776813042266724449,1.92956,-0.00195312,0.30289,-0.00195312,2.01383,2.02045,10,1531,1.17426,0
1776813042271712132,1.92956,-0.00195312,0.30289,-0.00195312,2.01383,2.02045,10,1531,1.17426,0
1776813042276744127,1.92956,-0.00195312,0.30289,-0.00195312,2.00032,2.02045,10,1531,1.17426,0
1776813042281753809,1.92956,0.00195312,0.30289,0.00195312,2.00032,2.02045,10,1531,1.17426,0
1776813042286725437,1.92956,0.00195312,0.30289,0.00195312,1.97556,2.02267,10,1531,1.17426,0
1776813042291755915,1.92956,0.00195312,0.30289,0.00195312,1.97556,2.02267,10,1531,1.17426,0
1776813042296734098,1.92956,0.00195312,0.30289,0.00195312,2.01771,2.02267,10,1531,1.17426,0
1776813042301771149,1.92976,0.00195312,0.303092,0.00195312,2.01771,2.02267,10,1531,1.17426,0
1776813042306733129,1.92976,0.00195312,0.303092,0.00195312,2.08282,2.02368,10,1531,1.17426,0
1776813042311732738,1.92976,0.00195312,0.303092,0.00195312,2.08282,2.02368,10,1531,1.17426,0
1776813042316731216,1.92976,-0.00195312,0.303092,-0.00195312,2.10748,2.02145,10,1531,1.17426,0
1776813042321708474,1.92976,-0.00195312,0.303092,-0.00195312,2.10748,2.02145,10,1531,1.17426,0
1776813042326729174,1.92976,0.00390625,0.303092,0.00390625,1.95124,2.02479,10,1531,1.17426,0
1776813042331728319,1.92976,0.00390625,0.303092,0.00390625,1.95124,2.02479,10,1531,1.17426,0
1776813042336734038,1.92976,-0.00195312,0.303092,-0.00195312,2.05605,2.02145,10,1531,1.17426,0
1776813042341745405,1.92976,-0.00195312,0.303092,-0.00195312,2.05605,2.02145,10,1531,1.17426,0
1776813042346758513,1.92976,-0.00390625,0.303092,-0.00390625,1.96239,2.02034,10,1531,1.17426,0
1776813042351737733,1.92976,-0.00390625,0.303092,-0.00390625,1.96239,2.02034,10,1531,1.17426,0
1776813042356731490,1.92976,0.00195312,0.303092,0.00195312,2.04518,2.02368,10,1531,1.17426,0
1776813042361733505,1.92976,0.00195312,0.303092,0.00195312,2.04518,2.02368,10,1531,1.17426,0
1776813042366726206,1.92976,-0.00195312,0.303092,-0.00195312,2.05612,2.02145,10,1531,1.17426,0
1776813042371705038,1.92976,-0.00195312,0.303092,-0.00195312,2.05612,2.02145,10,1531,1.17426,0
1776813042376732145,1.9298,-0.00195312,0.303137,-0.00195312,1.99324,2.02167,10,1531,1.17426,0
1776813042381728920,1.9298,-0.00195312,0.303137,-0.00195312,1.99324,2.02167,10,1531,1.17426,0
1776813042386796507,1.92976,-0.00195312,0.303091,-0.00195312,2.03826,2.02144,10,1531,1.17426,0
1776813042391753617,1.92976,-0.00195312,0.303091,-0.00195312,2.03826,2.02144,10,1531,1.17426,0
1776813042396756762,1.92976,-0.00195312,0.303091,-0.00195312,2.00688,2.02144,10,1531,1.17426,0
1776813042401750871,1.92976,-0.00195312,0.303091,-0.00195312,2.00688,2.02144,10,1531,1.17426,0
1776813042406739535,1.92976,-0.00195312,0.303093,-0.00195312,2.00675,2.02146,10,1531,1.17426,0
1776813042411730440,1.92976,0.00390625,0.303093,0.00390625,2.00675,2.02146,10,1531,1.17426,0
1776813042416739085,1.92976,0.00390625,0.303091,0.00390625,2.07666,2.02478,10,1531,1.17426,0
1776813042421707528,1.92976,-0.00390625,0.303091,-0.00390625,2.07666,2.02478,10,1531,1.17426,0
1776813042426730394,1.92976,-0.00390625,0.303093,-0.00390625,2.02069,2.02034,10,1531,1.17426,0
1776813042431728373,1.92976,-0.00390625,0.303093,-0.00390625,2.02069,2.02034,10,1531,1.17426,0
1776813042436732685,1.92976,-0.00390625,0.303093,-0.00390625,2.03821,2.02034,10,1531,1.17426,0
1776813042441766254,1.92976,0.00390625,0.303093,0.00390625,2.03821,2.02034,10,1531,1.17426,0
1776813042446748178,1.92976,0.00390625,0.303093,0.00390625,1.95132,2.0248,10,1531,1.17426,0
1776813042451732361,1.92996,0.00390625,0.303296,0.00390625,1.95132,2.0248,10,1531,1.17426,0
1776813042456737636,1.92996,-0.00195312,0.303296,-0.00195312,1.99987,2.02246,10,1531,1.17426,0
1776813042461735041,1.92996,-0.00195312,0.303296,-0.00195312,1.99987,2.02246,10,1531,1.17426,0
1776813042466731538,1.92996,-0.00195312,0.303296,-0.00195312,2.00674,2.02246,10,1531,1.17426,0
1776813042471719850,1.92996,-0.00195312,0.303296,-0.00195312,2.00674,2.02246,10,1531,1.17426,0
1776813042476760531,1.92996,0.00195312,0.303296,0.00195312,2.10801,2.02469,10,1531,1.17426,0
1776813042481764528,1.92996,0.00195312,0.303293,0.00195312,2.10801,2.02469,10,1531,1.17426,0
1776813042486738471,1.92996,-0.00390625,0.303293,-0.00390625,1.99925,2.02134,10,1531,1.17426,0
1776813042491749727,1.92996,-0.00390625,0.303293,-0.00390625,1.99925,2.02134,10,1531,1.17426,0
1776813042496756390,1.92996,0.00195312,0.303293,0.00195312,2.03118,2.02468,10,1531,1.17426,0
1776813042501740851,1.9298,0.00195312,0.303135,0.00195312,2.03118,2.02468,10,1531,1.17426,0
1776813042506731608,1.9298,-0.00195312,0.303135,-0.00195312,2.02365,2.02167,10,1531,1.17426,0
1776813042511741030,1.9298,-0.00195312,0.303135,-0.00195312,2.02365,2.02167,10,1531,1.17426,0
1776813042516723288,1.9298,0.00195312,0.303135,0.00195312,2.06232,2.02389,10,1531,1.17426,0
1776813042521724377,1.9298,0.00195312,0.303135,0.00195312,2.06232,2.02389,10,1531,1.17426,0
1776813042526733578,1.93001,0.00195312,0.303338,0.00195312,2.01397,2.0249,10,1531,1.17426,0
1776813042531731630,1.93001,0.00390625,0.303338,0.00390625,2.01397,2.0249,10,1531,1.17426,0
1776813042536725813,1.93001,0.00390625,0.303338,0.00390625,2.01395,2.02601,10,1531,1.17426,0
1776813042541744680,1.93001,0.00390625,0.303338,0.00390625,2.01395,2.02601,10,1531,1.17426,0
1776813042546732900,1.93001,0.00390625,0.303338,0.00390625,2.03073,2.02601,10,1531,1.17426,0
1776813042551722323,1.93001,-0.00195312,0.303338,-0.00195312,2.03073,2.02601,10,1531,1.17426,0
1776813042556724339,1.93001,-0.00195312,0.30334,-0.00195312,1.97255,2.02268,10,1531,1.17426,0
1776813042561731317,1.93001,0.00195312,0.30334,0.00195312,1.97255,2.02268,10,1531,1.17426,0
1776813042566734610,1.93001,0.00195312,0.30334,0.00195312,2.09373,2.02491,10,1531,1.17426,0
1776813042571742607,1.93001,-0.00390625,0.30334,-0.00390625,2.09373,2.02491,10,1531,1.17426,0
1776813042576745623,1.93001,-0.00390625,0.30334,-0.00390625,2.02108,2.02157,10,1531,1.17426,0
1776813042581739250,1.93001,-0.00195312,0.30334,-0.00195312,2.02108,2.02157,10,1531,1.17426,0
1776813042586744210,1.93001,-0.00195312,0.30334,-0.00195312,2.05291,2.02268,10,1531,1.17426,0
1776813042591739540,1.93001,-0.00390625,0.30334,-0.00390625,2.05291,2.02268,10,1531,1.17426,0
1776813042596801590,1.93001,-0.00390625,0.30334,-0.00390625,2.0382,2.02157,10,1531,1.17426,0
1776813042601817827,1.93001,-0.00390625,0.30334,-0.00390625,2.0382,2.02157,10,1531,1.17426,0
1776813042606757549,1.93001,-0.00390625,0.30334,-0.00390625,1.96581,2.02157,10,1531,1.17426,0
1776813042611846931,1.93001,-0.00195312,0.30334,-0.00195312,1.96581,2.02157,10,1531,1.17426,0
1776813042616808412,1.93001,-0.00195312,0.303341,-0.00195312,2.00648,2.02269,10,1531,1.17426,0
1776813042621752078,1.93001,0.00195312,0.303341,0.00195312,2.00648,2.02269,10,1531,1.17426,0
1776813042626730928,1.93001,0.00195312,0.303341,0.00195312,2.00026,2.02491,10,1531,1.17426,0
1776813042631731518,1.93001,0.00390625,0.303341,0.00390625,2.00026,2.02491,10,1531,1.17426,0
1776813042636732033,1.93001,0.00390625,0.303339,0.00390625,1.98265,2.02602,10,1531,1.17426,0
1776813042641779491,1.93001,0.00390625,0.303339,0.00390625,1.98265,2.02602,10,1531,1.17426,0
1776813042646759101,1.93001,0.00390625,0.303339,0.00390625,1.9613,2.02602,10,1531,1.17426,0
1776813042651770042,1.93001,0,0.303339,0,1.9613,2.02602,10,1531,1.17426,0
1776813042656751669,1.93001,0,0.303338,0,2.09846,2.02379,10,1531,1.17426,0
1776813042661732056,1.93001,-0.00390625,0.303338,-0.00390625,2.09846,2.02379,10,1531,1.17426,0
1776813042666728924,1.93001,-0.00390625,0.303338,-0.00390625,2.02075,2.02156,10,1531,1.17426,0
1776813042671716755,1.93021,-0.00390625,0.303541,-0.00390625,2.02075,2.02156,10,1531,1.17426,0
1776813042676743899,1.93021,0.0078125,0.303541,0.0078125,2.06253,2.02924,10,1531,1.17426,0
1776813042681729897,1.93021,0.0078125,0.303541,0.0078125,2.06253,2.02924,10,1531,1.17426,0
1776813042686727005,1.93021,-0.00195312,0.303541,-0.00195312,2.04538,2.02368,10,1531,1.17426,0
1776813042691728650,1.93021,-0.00195312,0.303543,-0.00195312,2.04538,2.02368,10,1531,1.17426,0
1776813042696733425,1.93021,0,0.303543,0,2.06956,2.0248,10,1531,1.17426,0
1776813042701729626,1.93021,-0.00195312,0.303543,-0.00195312,2.06956,2.0248,10,1531,1.17426,0
1776813042706725272,1.93021,-0.00195312,0.303543,-0.00195312,2.03829,2.02369,10,1531,1.17426,0
1776813042711723454,1.93021,-0.00390625,0.303543,-0.00390625,2.03829,2.02369,10,1531,1.17426,0
1776813042716734062,1.93005,-0.00390625,0.303385,-0.00390625,2.00653,2.02179,10,1531,1.17426,0
1776813042721714319,1.93005,-0.00195312,0.303385,-0.00195312,2.00653,2.02179,10,1531,1.17426,0
1776813042726736704,1.93006,-0.00195312,0.303388,-0.00195312,2.11559,2.02292,10,1531,1.17426,0
1776813042731737294,1.93006,0.0078125,0.303388,0.0078125,2.11559,2.02292,10,1531,1.17426,0
1776813042736760327,1.93006,0.0078125,0.303388,0.0078125,2.06959,2.02848,10,1531,1.17426,0
1776813042741761120,1.93026,0.0078125,0.303588,0.0078125,2.06959,2.02848,10,1531,1.17426,0
1776813042746759858,1.93026,0.00390625,0.303588,0.00390625,2.0696,2.02725,10,1531,1.17426,0
1776813042751746819,1.93026,0.00390625,0.303588,0.00390625,2.0696,2.02725,10,1531,1.17426,0
1776813042756729706,1.93026,0.0078125,0.303588,0.0078125,2.06263,2.02948,10,1531,1.17426,0
1776813042761728647,1.93026,0.0078125,0.303589,0.0078125,2.06263,2.02948,10,1531,1.17426,0
1776813042766725682,1.93026,0.0078125,0.303589,0.0078125,1.98988,2.02948,10,1531,1.17426,0
1776813042771713642,1.93046,0.0078125,0.303792,0.0078125,1.98988,2.02948,10,1531,1.17426,0
1776813042776726935,1.93046,0.00976562,0.303792,0.00976562,2.04541,2.0316,10,1531,1.17426,0
1776813042781738024,1.93046,0.00976562,0.303792,0.00976562,2.04541,2.0316,10,1531,1.17426,0
1776813042786738022,1.93046,0.00195312,0.303792,0.00195312,2.03113,2.02715,10,1531,1.17426,0
1776813042791739907,1.93066,0.00195312,0.303995,0.00195312,2.03113,2.02715,10,1531,1.17426,0
1776813042796734053,1.93066,-0.00195312,0.303995,-0.00195312,2.00604,2.02593,10,1531,1.17426,0
1776813042801732476,1.93066,-0.00195312,0.303992,-0.00195312,2.00604,2.02593,10,1531,1.17426,0
1776813042806739066,1.93066,-0.00195312,0.303992,-0.00195312,1.99916,2.02592,10,1531,1.17426,0
1776813042811743896,1.93066,-0.00195312,0.303992,-0.00195312,1.99916,2.02592,10,1531,1.17426,0
1776813042816734005,1.9307,-0.00195312,0.304037,-0.00195312,1.93405,2.02614,10,1531,1.17426,0
1776813042821712040,1.9307,0.00585938,0.304037,0.00585938,1.93405,2.02614,10,1531,1.17426,0
1776813042826725610,1.93071,0.00585938,0.304038,0.00585938,2.00697,2.0306,10,1531,1.17426,0
1776813042831737848,1.93071,-0.00195312,0.304038,-0.00195312,2.00697,2.0306,10,1531,1.17426,0
1776813042836731104,1.9307,-0.00195312,0.304035,-0.00195312,2.03116,2.02613,10,1531,1.17426,0
1776813042841742842,1.9307,-0.00195312,0.304035,-0.00195312,2.03116,2.02613,10,1531,1.17426,0
1776813042846735636,1.9307,-0.00195312,0.304036,-0.00195312,2.03824,2.02613,10,1531,1.17426,0
1776813042851763150,1.9307,0.00390625,0.304036,0.00390625,2.03824,2.02613,10,1531,1.17426,0
1776813042856743629,1.9307,0.00390625,0.304033,0.00390625,2.00673,2.02946,10,1531,1.17426,0
1776813042861742330,1.9307,-0.00195312,0.304033,-0.00195312,2.00673,2.02946,10,1531,1.17426,0
1776813042866727421,1.9307,-0.00195312,0.304033,-0.00195312,2.01403,2.02612,10,1531,1.17426,0
1776813042871709900,1.9307,0.00390625,0.304033,0.00390625,2.01403,2.02612,10,1531,1.17426,0
1776813042876733193,1.9307,0.00390625,0.304035,0.00390625,1.95846,2.02947,10,1531,1.17426,0
1776813042881728727,1.9307,0.00390625,0.304035,0.00390625,1.95846,2.02947,10,1531,1.17426,0
1776813042886730002,1.93091,0.00390625,0.30424,0.00390625,2.01403,2.02947,10,1531,1.17426,0
1776813042891830550,1.93091,0.00585938,0.30424,0.00585938,2.01403,2.02947,10,1531,1.17426,0
1776813042896773031,1.93095,0.00585938,0.304285,0.00585938,1.99907,2.03182,10,1531,1.17426,0
1776813042901744604,1.93095,0.00585938,0.304285,0.00585938,1.99907,2.03182,10,1531,1.17426,0
1776813042906731250,1.93095,0.00585938,0.304285,0.00585938,1.98225,2.03182,10,1531,1.17426,0
1776813042911740783,1.93095,0.00390625,0.304285,0.00390625,1.98225,2.03182,10,1531,1.17426,0
1776813042916734003,1.93111,0.00390625,0.304443,0.00390625,2.09209,2.03149,10,1531,1.17426,0
1776813042921714483,1.93111,0.0078125,0.304443,0.0078125,2.09209,2.03149,10,1531,1.17426,0
1776813042926737701,1.93116,0.0078125,0.304491,0.0078125,2.10096,2.03396,10,1531,1.17426,0
1776813042931732587,1.93116,0.00195312,0.304491,0.00195312,2.10096,2.03396,10,1531,1.17426,0
1776813042936741732,1.93116,0.00195312,0.304488,0.00195312,2.06956,2.0306,10,1531,1.17426,0
1776813042941755451,1.93116,0,0.304488,0,2.06956,2.0306,10,1531,1.17426,0
1776813042946742078,1.93116,0,0.304488,0,2.04544,2.02949,10,1531,1.17426,0
1776813042951749297,1.93116,0.00195312,0.304488,0.00195312,2.04544,2.02949,10,1531,1.17426,0
1776813042956731925,1.93136,0.00195312,0.304691,0.00195312,1.96799,2.0306,10,1531,1.17426,0
1776813042961756976,1.93136,-0.00195312,0.304691,-0.00195312,1.96799,2.0306,10,1531,1.17426,0
1776813042966736715,1.93136,-0.00195312,0.304691,-0.00195312,2.02152,2.02938,10,1531,1.17426,0
1776813042971718306,1.93136,0.00390625,0.304691,0.00390625,2.02152,2.02938,10,1531,1.17426,0
1776813042976730691,1.93136,0.00390625,0.30469,0.00390625,1.99,2.03272,10,1531,1.17426,0
1776813042981739558,1.93136,0.00390625,0.30469,0.00390625,1.99,2.03272,10,1531,1.17426,0
1776813042986729019,1.93141,0.00390625,0.304738,0.00390625,2.06236,2.03295,10,1531,1.17426,0
1776813042991734627,1.93141,0.00390625,0.304738,0.00390625,2.06236,2.03295,10,1531,1.17426,0
1776813042996731013,1.93141,0.00390625,0.30474,0.00390625,2.01402,2.03297,10,1531,1.17426,0
1776813043001741121,1.93141,0.00585938,0.30474,0.00585938,2.01402,2.03297,10,1531,1.17426,0
1776813043006745470,1.93161,0.00585938,0.304942,0.00585938,2.06127,2.03508,10,1531,1.17426,0
1776813043011734616,1.93161,0.00585938,0.304942,0.00585938,2.06127,2.03508,10,1531,1.17426,0
1776813043016729096,1.93161,0.00585938,0.304942,0.00585938,2.03064,2.03508,10,1531,1.17426,0
1776813043021717094,1.93161,0.00585938,0.304942,0.00585938,2.03064,2.03508,10,1531,1.17426,0
1776813043026727702,1.93181,0.00585938,0.305147,0.00585938,2.00675,2.0361,10,1531,1.17426,0
1776813043031727792,1.93181,0.00585938,0.305147,0.00585938,2.00675,2.0361,10,1531,1.17426,0
1776813043036815860,1.93181,0.00585938,0.305145,0.00585938,2.05253,2.03609,10,1531,1.17426,0
1776813043041760767,1.93181,0.00390625,0.305145,0.00390625,2.05253,2.03609,10,1531,1.17426,0
1776813043046732785,1.93186,0.00390625,0.30519,0.00390625,2.06769,2.0352,10,1531,1.17426,0
1776813043051811760,1.93186,0.0078125,0.30519,0.0078125,2.06769,2.0352,10,1531,1.17426,0
1776813043056773204,1.93186,0.0078125,0.30519,0.0078125,2.02142,2.03742,10,1531,1.17426,0
1776813043061752980,1.93186,0.00195312,0.30519,0.00195312,2.02142,2.03742,10,1531,1.17426,0
1776813043066733960,1.93186,0.00195312,0.305188,0.00195312,2.02929,2.03407,10,1531,1.17426,0
1776813043071714977,1.93186,0.00390625,0.305188,0.00390625,2.02929,2.03407,10,1531,1.17426,0
1776813043076732474,1.93206,0.00390625,0.305389,0.00390625,2.05305,2.03618,10,1531,1.17426,0
1776813043081731416,1.93206,0.00390625,0.305389,0.00390625,2.05305,2.03618,10,1531,1.17426,0
1776813043086732877,1.93206,0.00390625,0.305389,0.00390625,2.02131,2.03618,10,1531,1.17426,0
1776813043091731560,1.93206,0.00585938,0.305389,0.00585938,2.02131,2.03618,10,1531,1.17426,0
1776813043096735705,1.93226,0.00585938,0.305592,0.00585938,2.05296,2.0373,10,1531,1.17426,0
1776813043101736851,1.93226,0.00585938,0.305592,0.00585938,2.05296,2.0373,10,1531,1.17426,0
1776813043106734330,1.93231,0.00585938,0.305639,0.00585938,2.00563,2.03853,10,1531,1.17426,0
1776813043111732439,1.93231,0.00976562,0.305639,0.00976562,2.00563,2.03853,10,1531,1.17426,0
1776813043116808600,1.93231,0.00976562,0.305639,0.00976562,2.06079,2.04076,10,1531,1.17426,0
1776813043121776673,1.93231,0.00976562,0.305639,0.00976562,2.06079,2.04076,10,1531,1.17426,0
1776813043126747857,1.93251,0.00976562,0.305843,0.00976562,2.0696,2.04178,10,1531,1.17426,0
1776813043131745151,1.93251,0.00390625,0.305843,0.00390625,2.0696,2.04178,10,1531,1.17426,0
1776813043136751759,1.93256,0.00390625,0.305888,0.00390625,2.03097,2.03866,10,1531,1.17426,0
1776813043141738850,1.93256,0.0136719,0.305888,0.0136719,2.03097,2.03866,10,1531,1.17426,0
1776813043146806289,1.93276,0.0136719,0.306091,0.0136719,1.90996,2.04523,10,1531,1.17426,0
1776813043151749734,1.93276,0.0136719,0.306091,0.0136719,1.90996,2.04523,10,1531,1.17426,0
1776813043156739658,1.93276,0.0136719,0.306091,0.0136719,2.08467,2.04523,10,1531,1.17426,0
1776813043161735341,1.93276,0.0175781,0.306091,0.0175781,2.08467,2.04523,10,1531,1.17426,0
1776813043166733838,1.93321,0.0175781,0.306542,0.0175781,2.01402,2.04746,10,1531,1.17426,0
1776813043171734002,1.93321,0.0253906,0.306542,0.0253906,2.01402,2.04746,10,1531,1.17426,0
1776813043176730778,1.93346,0.0253906,0.30679,0.0253906,2.02151,2.05537,10,1531,1.17426,0
1776813043181738405,1.93346,0.0273438,0.30679,0.0273438,2.02151,2.05537,10,1531,1.17426,0
1776813043186731792,1.93366,0.0273438,0.30699,0.0273438,2.00508,2.05748,10,1531,1.17426,0
1776813043191732993,1.9337,0.0332031,0.307036,0.0332031,2.00508,2.05748,10,1531,1.17426,0
1776813043196726602,1.9337,0.0449219,0.307036,0.0449219,2.09284,2.06772,10,1531,1.17426,0
1776813043201726803,1.93416,0.0449219,0.307489,0.0449219,2.09284,2.06772,10,1531,1.17426,0
1776813043206726745,1.93416,0.0507812,0.307489,0.0507812,2.03659,2.07331,10,1531,1.17426,0
1776813043211744335,1.93461,0.0507812,0.307942,0.0507812,2.03659,2.07331,10,1531,1.17426,0
1776813043216732333,1.93461,0.0605469,0.307942,0.0605469,2.10027,2.08112,10,1531,1.17426,0
1776813043221723183,1.93486,0.0605469,0.308195,0.0605469,2.10027,2.08112,10,1531,1.17426,0
1776813043226739309,1.93486,0.0625,0.308195,0.0625,2.0846,2.08349,10,1531,1.17426,0
1776813043231732233,1.93486,0.0625,0.308195,0.0625,2.0846,2.08349,10,1531,1.17426,0
1776813043236725934,1.93577,0.0625,0.309102,0.0625,2.16439,2.08798,10,1531,1.17426,0
1776813043241726543,1.93577,0.0859375,0.309102,0.0859375,2.16439,2.08798,10,1531,1.17426,0
1776813043246726726,1.93688,0.0859375,0.310215,0.0859375,2.11626,2.10684,10,1531,1.17426,0
1776813043251731575,1.93688,0.105469,0.310215,0.105469,2.11626,2.10684,10,1531,1.17426,0
1776813043256723962,1.93768,0.105469,0.311011,0.105469,2.10946,2.12191,10,1531,1.17426,0
1776813043261766143,1.93768,0.125,0.311011,0.125,2.10946,2.12191,10,1531,1.17426,0
1776813043266761085,1.93883,0.125,0.312166,0.125,2.10829,2.13876,10,1531,1.17426,0
1776813043271726010,1.93883,0.148438,0.312166,0.148438,2.10829,2.13876,10,1531,1.17426,0
1776813043276733748,1.94019,0.148438,0.313523,0.148438,2.18795,2.15883,10,1531,1.17426,0
1776813043281738838,1.94019,0.177734,0.313523,0.177734,2.18795,2.15883,10,1531,1.17426,0
1776813043286738225,1.94179,0.177734,-0.313191,0.177734,2.0293,2.18345,10,1531,1.17426,0
1776813043291725130,1.94179,0.224609,-0.313191,0.224609,2.0293,2.18345,10,1531,1.17426,0
1776813043296727146,1.9448,0.224609,-0.310183,0.224609,2.14295,2.22502,10,1531,1.17426,0
1776813043301727514,1.9448,0.240234,-0.310183,0.240234,2.14295,2.22502,10,1531,1.17426,0
1776813043306734419,1.9448,0.240234,-0.310183,0.240234,2.23915,2.23393,10,1531,1.17426,0
1776813043311740379,1.94616,0.240234,-0.308825,0.240234,2.23915,2.23393,10,1531,1.17426,0
1776813043316741284,1.94616,0.306641,-0.308825,0.306641,2.18464,2.27847,10,1531,1.17426,0
1776813043321714153,1.95154,0.306641,-0.303447,0.306641,2.18464,2.27847,10,1531,1.17426,0
1776813043326730169,1.95154,0.320312,-0.303447,0.320312,2.22895,2.31275,10,1531,1.17426,0
1776813043331734333,1.95315,0.320312,-0.301833,0.320312,2.22895,2.31275,10,1531,1.17426,0
1776813043336756385,1.95315,0.365234,-0.301833,0.365234,2.27975,2.3463,10,1531,1.17426,0
1776813043341746068,1.9583,0.365234,-0.296683,0.365234,2.27975,2.3463,10,1531,1.17426,0
1776813043346727863,1.9583,0.375,-0.296683,0.375,2.3829,2.37716,10,1531,1.17426,0
1776813043351725620,1.96017,0.375,-0.294812,0.375,2.3829,2.37716,10,1532,1.17503,0.153368
1776813043356735006,1.96017,0.410156,-0.294045,0.563524,2.40594,2.40637,10,1533,1.1758,0
1776813043361729652,1.9659,0.410156,-0.28755,0.410156,2.40594,2.40637,10,1533,1.1758,0.153399
1776813043366750760,1.9659,0.421875,-0.28755,0.575274,2.31595,2.4411,10,1535,1.17733,0.153399
1776813043371725147,1.96804,0.421875,-0.283882,0.575274,2.31595,2.4411,10,1535,1.17733,0.153429
1776813043376767143,1.96804,0.416016,-0.283882,0.569445,2.3328,2.4482,10,1537,1.17886,0.306674
1776813043381753882,1.9744,0.416016,-0.274451,0.569445,2.3328,2.4482,10,1539,1.1804,0.153429
1776813043386764287,1.9744,0.371094,-0.274451,0.524523,2.41695,2.45365,10,1542,1.1827,0.306858
1776813043391752785,1.97843,0.371094,-0.268122,0.677952,2.41695,2.45365,10,1544,1.18423,0.306797
1776813043396753782,1.97843,0.347656,-0.266588,0.654453,2.33424,2.45991,10,1547,1.18653,0.460104
1776813043401776797,1.98041,0.347656,-0.2623,0.80776,2.33424,2.45991,10,1549,1.18807,0.460196
1776813043406747463,1.98041,0.283203,-0.260766,0.743399,2.51631,2.43285,10,1553,1.19114,0.460104
1776813043411759219,1.98328,0.283203,-0.254835,0.743307,2.51631,2.43285,10,1556,1.19344,0.613717
1776813043416750051,1.98328,0.208984,-0.252534,0.822701,2.3645,2.40446,10,1562,1.19804,0.613717
1776813043421722346,1.98588,0.208984,-0.245326,0.822701,2.3645,2.40446,10,1565,1.20034,0.766662
1776813043426727843,1.98588,0.103516,-0.243025,0.870178,2.3671,2.357,10,1571,1.20494,0.767299
1776813043431736822,1.98736,0.103516,-0.236945,0.870815,2.3671,2.357,10,1575,1.20801,0.766686
1776813043436737375,1.98736,0.0195312,-0.233877,0.786217,2.34826,2.3163,10,1581,1.21261,0.767146
1776813043441903328,1.98802,0.0195312,-0.228619,0.786677,2.34826,2.3163,10,1585,1.21568,0.766993
1776813043446775572,1.98802,0.0136719,-0.225551,0.780664,2.24083,2.31614,10,1592,1.22105,0.766993
1776813043451742479,1.98826,0.0136719,-0.216869,0.780664,2.24083,2.31614,10,1598,1.22565,0.766993
1776813043456733069,1.98826,0.0429688,-0.215335,0.809961,2.18944,2.33402,10,1603,1.22949,0.920207
1776813043461774380,1.98851,0.0429688,-0.211253,0.963176,2.18944,2.33402,10,1607,1.23255,0.920391
1776813043466747582,1.98851,-0.0332031,-0.208185,0.887188,2.28498,2.2918,10,1615,1.23869,0.920575
1776813043471727433,1.9887,-0.0332031,-0.201858,0.887372,2.28498,2.2918,10,1621,1.24329,1.07398
1776813043476734430,1.9887,-0.0976562,-0.197256,0.976324,2.47802,2.25599,10,1630,1.25019,1.07379
1776813043481736613,1.98844,-0.0976562,-0.190611,0.976133,2.47802,2.25599,10,1635,1.25403,1.07357
1776813043486726092,1.98844,-0.279297,-0.186776,0.794278,2.34979,2.15121,10,1645,1.2617,1.22719
1776813043491834900,1.98553,-0.279297,-0.182023,0.947891,2.34979,2.15121,10,1651,1.2663,1.22719
1776813043496759308,1.98553,-0.304688,-0.177421,0.922501,2.25442,2.12258,10,1660,1.2732,1.22743
1776813043501750010,1.98409,-0.304688,-0.171949,0.922746,2.25442,2.12258,10,1666,1.27781,1.07336
1776813043506816430,1.98409,-0.279297,-0.167347,0.794063,1.98307,2.13011,10,1676,1.28548,1.22766
1776813043511799632,1.97976,-0.279297,-0.164011,0.948358,1.98307,2.13011,10,1682,1.29008,1.2267
1776813043516742188,1.97976,-0.287109,-0.159409,0.939588,2.14991,2.10459,10,1692,1.29775,1.22743
1776813043521713465,1.97839,-0.287109,-0.148513,0.939833,2.14991,2.10459,10,1701,1.30465,1.22694
1776813043526723925,1.97839,-0.396484,-0.146212,0.830458,2.16773,2.03556,10,1709,1.31079,1.07422
1776813043531726811,1.97335,-0.396484,-0.145116,0.677735,2.16773,2.03556,10,1715,1.31539,1.22694
1776813043536747974,1.97335,-0.410156,-0.140514,0.816786,2.031,2.00321,10,1723,1.32152,1.22719
1776813043541744620,1.97126,-0.410156,-0.136466,0.817032,2.031,2.00321,10,1728,1.32536,1.074
1776813043546737137,1.97126,-0.357422,-0.132631,0.716583,1.89017,2.02308,10,1738,1.33303,1.22692
1776813043551732505,1.96552,-0.357422,-0.1307,0.869497,1.89017,2.02308,10,1744,1.33763,1.22743
1776813043556748631,1.96552,-0.347656,-0.126098,0.879777,2.08948,2.0006,10,1754,1.3453,1.2267
1776813043561740852,1.96369,-0.347656,-0.120255,0.879041,2.08948,2.0006,10,1760,1.3499,1.22743
1776813043566738738,1.96369,-0.373047,-0.115654,0.854387,2.12741,1.97718,10,1770,1.35757,1.22719
1776813043571712515,1.95828,-0.373047,-0.113398,0.854141,2.12741,1.97718,10,1775,1.36141,1.22743
1776813043576732678,1.95828,-0.365234,-0.109563,0.862199,1.88629,1.9551,10,1785,1.36908,1.07379
1776813043581725917,1.95636,-0.365234,-0.103812,0.708555,1.88629,1.9551,10,1791,1.37368,1.22692
1776813043586732025,1.95636,-0.275391,-0.0992097,0.951528,1.93665,1.99689,10,1800,1.38058,1.22719
1776813043591727930,1.95171,-0.275391,-0.0923489,0.798184,1.93665,1.99689,10,1809,1.38749,1.07357
1776813043596727891,1.95171,-0.271484,-0.090048,0.802091,2.03134,1.97629,10,1816,1.39285,1.07379
1776813043601724204,1.94894,-0.271484,-0.0874501,0.802305,2.03134,1.97629,10,1822,1.39746,1.07379
1776813043606738293,1.94894,-0.289062,-0.0828482,0.784727,2.10686,1.95263,10,1829,1.40283,1.2267
1776813043611731013,1.94608,-0.289062,-0.0803441,0.937635,2.10686,1.95263,10,1834,1.40666,0.920944
1776813043616743473,1.94608,-0.277344,-0.0765091,0.6436,2.04832,1.9452,10,1841,1.41203,0.920183
1776813043621723435,1.94472,-0.277344,-0.0725007,0.642839,2.04832,1.9452,10,1846,1.41586,1.074
1776813043626730858,1.94472,-0.136719,-0.0686657,0.937286,1.6848,2.01864,10,1854,1.422,0.920391
1776813043631727300,1.9415,-0.136719,-0.0657463,0.783672,1.6848,2.01864,10,1858,1.42507,0.920575
1776813043636791832,1.9415,-0.115234,-0.0626783,0.805341,2.08539,2.01501,10,1866,1.4312,0.920207
1776813043641816662,1.941,-0.115234,-0.0570409,0.804973,2.08539,2.01501,10,1871,1.43504,0.920575
1776813043646761828,1.941,-0.164062,-0.053206,0.756513,2.16481,1.98472,10,1879,1.44117,1.07379
1776813043651788084,1.93895,-0.164062,-0.0491223,0.909727,2.16481,1.98472,10,1883,1.44424,0.920391
1776813043656754694,1.93895,-0.15625,-0.0460544,0.764141,1.99144,1.97903,10,1890,1.44961,0.919839
1776813043661777246,1.93805,-0.15625,-0.037753,0.611026,1.99144,1.97903,10,1897,1.45498,0.767276
1776813043666732690,1.93805,-0.0175781,-0.036219,0.749698,1.78684,2.05361,10,1902,1.45882,0.920391
1776813043671726707,1.93669,-0.0175781,-0.0337378,0.902813,1.78684,2.05361,10,1906,1.46188,0.767146
1776813043676735389,1.93669,0.0507812,-0.0306698,0.817927,1.91524,2.08588,10,1912,1.46649,0.766839
1776813043681736664,1.9369,0.0507812,-0.0258609,0.81762,1.91524,2.08588,10,1916,1.46955,0.920391
1776813043686731644,1.9369,0.0117188,-0.0227929,0.93211,2.16014,2.06464,10,1924,1.47569,0.920391
1776813043691735475,1.93736,0.0117188,-0.0161995,0.93211,2.16014,2.06464,10,1928,1.47876,0.920391
1776813043696732120,1.93736,-0.015625,-0.0131315,0.904766,2.19578,2.05131,10,1935,1.48413,0.766839
1776813043701737525,1.93736,-0.015625,-0.00776088,0.751214,2.19578,2.05131,10,1939,1.48719,0.920575
1776813043706724783,1.93736,0.0195312,-0.00469291,0.940106,1.98855,2.07136,10,1945,1.4918,0.766993
1776813043711764964,1.93712,0.0195312,-0.000336766,0.786524,1.98855,2.07136,10,1949,1.49486,0.766969
1776813043716754813,1.93712,0.0703125,0.00273108,0.837281,1.93311,2.09909,10,1955,1.49947,0.766993
1776813043721712276,1.93737,0.0703125,0.00758314,0.837305,1.93311,2.09909,10,1959,1.50253,0.766993
1776813043726729310,1.93737,0.144531,0.0106511,0.911524,1.88797,2.14263,10,1965,1.50714,0.767146
1776813043731726400,1.93737,0.144531,0.0152531,0.911677,1.88797,2.14263,10,1969,1.5102,0.766839
1776813043736752100,1.93902,0.144531,0.0199723,0.91137,2.10729,2.1508,10,1975,1.51481,0.920575
1776813043741751228,1.93902,0.0390625,0.0245743,0.959638,2.10729,2.1508,10,1982,1.52017,0.766839
1776813043746743466,1.94062,0.0390625,0.0315514,0.805902,2.39317,2.09863,10,1988,1.52478,0.920391
1776813043751734038,1.94062,0.0195312,0.0361533,0.939922,2.39317,2.09863,10,1993,1.52861,0.920207
1776813043756743165,1.94083,0.0195312,0.0401914,0.939738,2.18445,2.0885,10,1999,1.53321,0.767146
1776813043761731108,1.94083,0.0917969,0.0447934,0.858943,2.18445,2.0885,10,2004,1.53705,0.920551
1776813043766728976,1.94133,0.0917969,0.049126,1.01235,2.04593,2.13215,10,2010,1.54165,0.766993
1776813043771705197,1.94133,0.136719,0.053728,0.903711,2.04593,2.13215,10,2016,1.54625,0.920023
1776813043776733508,1.94198,0.136719,0.0589825,1.05674,1.89895,2.16098,10,2022,1.55085,0.920575
1776813043781727802,1.94198,0.169922,0.0635844,1.0905,1.89895,2.16098,10,2028,1.55546,0.920575
1776813043786730392,1.94358,0.169922,0.0697917,1.0905,2.21542,2.18783,10,2035,1.56083,1.07357
1776813043791758925,1.94358,0.0917969,0.0751606,1.16537,2.21542,2.18783,10,2041,1.56543,0.920207
1776813043796744757,1.94569,0.0917969,0.0818661,1.012,2.25107,2.15368,10,2048,1.5708,1.07379
1776813043801729496,1.94569,0.0644531,0.0872351,1.13824,2.25107,2.15368,10,2055,1.57617,1.074
1776813043806746900,1.94569,0.0644531,0.092604,1.13846,2.13766,2.13809,10,2062,1.58153,0.920367
1776813043811733139,1.94614,0.0644531,0.0984247,0.98482,2.13766,2.13809,10,2066,1.5846,1.07379
1776813043816733192,1.94614,0.142578,0.101493,1.21637,2.07454,2.18485,10,2075,1.59151,0.920207
1776813043821703432,1.94774,0.142578,0.109997,1.06279,2.07454,2.18485,10,2080,1.59534,1.074
1776813043826727077,1.94774,0.15625,0.113832,1.23025,2.0577,2.20053,10,2089,1.60224,1.074
1776813043831724241,1.94865,0.15625,0.121641,1.23025,2.0577,2.20053,10,2094,1.60608,1.07336
1776813043836728646,1.94865,0.0761719,0.125476,1.14953,2.33477,2.15935,10,2104,1.61375,1.22768
1776813043841758438,1.95035,0.0761719,0.134848,1.30385,2.33477,2.15935,10,2109,1.61758,1.07357
1776813043846752029,1.95035,0.0449219,0.138683,1.1185,2.11077,2.14992,10,2119,1.62525,1.22716
1776813043851733194,1.95075,0.0449219,0.146757,1.27209,2.11077,2.14992,10,2125,1.62985,1.22743
1776813043856733136,1.95075,0.0644531,0.151359,1.29189,2.01794,2.16305,10,2135,1.63752,1.22694
1776813043861726060,1.95125,0.0644531,0.159526,1.2914,2.01794,2.16305,10,2142,1.64289,1.38059
1776813043866760315,1.95125,0.0722656,0.164895,1.45285,2.21137,2.16994,10,2154,1.6521,1.38059
1776813043871728518,1.95196,0.0722656,0.174804,1.45285,2.21137,2.16994,10,2161,1.65747,1.38031
1776813043876728830,1.95196,0.00976562,0.180173,1.39008,2.18278,2.13779,10,2173,1.66667,1.53458
1776813043881730087,1.95196,0.00976562,0.189377,1.54434,2.18278,2.13779,10,2180,1.67204,1.53399
1776813043886724178,1.95241,0.00976562,0.1952,1.54375,2.00795,2.14002,10,2190,1.67971,1.53399
1776813043891733804,1.95241,0.0136719,0.20287,1.54766,2.00795,2.14002,10,2202,1.68891,1.38059
1776813043896733524,1.95246,0.0136719,0.212123,1.39426,2.07099,2.14249,10,2213,1.69735,1.53368
1776813043901748966,1.95246,0.0253906,0.22056,1.55907,2.07099,2.14249,10,2222,1.70425,1.53399
1776813043906784258,1.95261,0.0253906,0.227618,1.55938,2.16573,2.14994,10,2234,1.71346,1.6877
1776813043911762627,1.95261,-0.0175781,0.236822,1.67012,2.16573,2.14994,10,2243,1.72036,1.53399
1776813043916856916,1.95267,-0.0175781,0.243778,1.51641,2.07844,2.1257,10,2256,1.73033,1.84078
1776813043921741716,1.95267,-0.0292969,0.253749,1.81149,2.07844,2.1257,10,2267,1.73877,1.84041
1776813043926739343,1.95267,-0.0292969,0.262187,1.81112,2.29396,2.11903,10,2281,1.74951,1.99416
1776813043931802912,1.95267,-0.0488281,0.272925,1.94533,2.29396,2.11903,10,2294,1.75948,1.99259
1776813043936798169,1.95202,-0.0488281,0.282243,1.94376,2.0711,2.10468,10,2308,1.77021,1.99578
1776813043941773075,1.95202,-0.0664062,0.292981,1.92937,2.0711,2.10468,10,2321,1.78018,2.14672
1776813043946742463,1.95177,-0.0664062,0.302702,2.08031,2.06968,2.09344,10,2332,1.78862,1.84152
1776813043951745608,1.95177,-0.0253906,0.311139,1.81613,2.06968,2.09344,10,2338,1.79322,1.22716
1776813043956729255,1.95177,-0.0253906,-0.312577,1.20177,2.36069,2.11682,10,2338,1.79322,0.460196
1776813043961736530,1.95061,-0.0253906,-0.313733,0.434805,2.36069,2.11682,10,2338,1.79322,0
1776813043966733416,1.95061,1.7793,-0.313733,1.7793,2.59136,3.1398,10,2336,1.79169,-0.30692
1776813043971724674,1.96375,1.7793,-0.302126,1.47238,2.59136,3.1398,10,2336,1.79169,0
1776813043976743837,1.96375,1.76953,-0.302126,1.76953,2.58415,3.19874,10,2336,1.79169,0
1776813043981748390,1.98313,1.76953,-0.282751,1.76953,2.58415,3.19874,10,2338,1.79322,0.306797
1776813043986731407,1.98313,1.10352,-0.281217,1.41031,2.81167,2.91361,10,2346,1.79936,0.766993
1776813043991729997,1.99691,1.10352,-0.261294,1.87051,2.81167,2.91361,10,2351,1.80319,1.07379
1776813043996726217,1.99691,0.517578,-0.257459,1.59137,2.63907,2.64643,10,2363,1.8124,1.22694
1776813044001726622,2.00493,0.517578,-0.240236,1.74452,2.63907,2.64643,10,2370,1.81777,1.53429
1776813044006723269,2.00493,0.0117188,-0.234867,1.54601,2.61537,2.39677,10,2385,1.82927,1.68738
1776813044011748784,2.00736,0.0117188,-0.220939,1.6991,2.61537,2.39677,10,2394,1.83617,1.84002
1776813044016750115,2.00736,-0.302734,-0.214036,1.53729,2.67976,2.2292,10,2410,1.84845,1.99458
1776813044021726207,2.00586,-0.302734,-0.203264,1.69185,2.67976,2.2292,10,2418,1.85458,1.84078
1776813044026735131,2.00586,-0.410156,-0.197128,1.43063,2.31019,2.16075,10,2433,1.86609,1.68772
1776813044031727129,2.00586,-0.410156,-0.185623,1.27757,2.31019,2.16075,10,2441,1.87222,1.84039
1776813044036729645,2.00199,-0.410156,-0.183354,1.43023,2.35103,2.14212,10,2453,1.88143,1.68738
1776813044041725347,2.00199,-0.269531,-0.17415,1.41785,2.35103,2.14212,10,2465,1.89063,1.53429
1776813044046730493,1.9986,-0.269531,-0.168338,1.26476,2.04669,2.20591,10,2476,1.89907,1.68435
1776813044051738213,1.9986,-0.318359,-0.159901,1.36599,2.04669,2.20591,10,2487,1.90751,1.69043
1776813044056734045,1.99468,-0.318359,-0.155378,1.37207,2.08307,2.15916,10,2499,1.91671,1.68705
1776813044061724710,1.99468,-0.482422,-0.146174,1.20462,2.08307,2.15916,10,2511,1.92591,1.84113
1776813044066735485,1.99062,-0.482422,-0.141029,1.3587,2.09563,2.046,10,2524,1.93588,1.99418
1776813044071718225,1.99062,-0.603516,-0.131058,1.39066,2.09563,2.046,10,2537,1.94585,1.99418
1776813044076736185,1.98525,-0.603516,-0.126462,1.39066,1.9409,1.95091,10,2551,1.95659,1.99418
1776813044081731387,1.98525,-0.636719,-0.115724,1.35746,1.9409,1.95091,10,2563,1.9658,1.99376
1776813044086724200,1.97902,-0.636719,-0.112751,1.35704,2.09224,1.90171,10,2576,1.97577,1.99458
1776813044091722995,1.97902,-0.644531,-0.10278,1.35005,2.09224,1.90171,10,2588,1.98497,1.99378
1776813044096727233,1.97244,-0.644531,-0.100151,1.34925,1.88096,1.86522,10,2601,1.99494,1.68738
1776813044101721750,1.97244,-0.609375,-0.09018,1.07801,1.88096,1.86522,10,2612,2.00338,1.84039
1776813044106723674,1.97244,-0.609375,-0.0817432,1.23102,1.99527,1.88525,10,2625,2.01335,1.99418
1776813044111721172,1.96605,-0.609375,-0.07817,1.38481,1.99527,1.88525,10,2633,2.01949,1.68772
1776813044116728725,1.96605,-0.582031,-0.0720341,1.10569,1.801,1.86959,10,2649,2.03176,1.99418
1776813044121699428,1.96012,-0.582031,-0.0656929,1.41215,1.801,1.86959,10,2658,2.03866,1.84115
1776813044126732314,1.96012,-0.503906,-0.0587899,1.33724,1.95893,1.88507,10,2674,2.05093,1.84041
1776813044131729405,1.95193,-0.503906,-0.0547051,1.33651,1.95893,1.88507,10,2683,2.05784,1.99418
1776813044136758253,1.95193,-0.484375,-0.0478022,1.50981,1.81852,1.856,10,2699,2.07011,1.99453
1776813044141746659,1.94936,-0.484375,-0.0380997,1.51016,1.81852,1.856,10,2708,2.07701,1.84041
1776813044146736510,1.94936,-0.496094,-0.0311968,1.34432,1.9341,1.83668,10,2724,2.08928,1.84078
1776813044151730082,1.94213,-0.496094,-0.0261574,1.34469,1.9341,1.83668,10,2732,2.09542,1.84078
1776813044156735839,1.94213,-0.505859,-0.0200214,1.33492,1.78343,1.79545,10,2747,2.10692,1.84078
1776813044161826333,1.93962,-0.505859,-0.0110278,1.33492,1.78343,1.79545,10,2756,2.11383,1.84115
1776813044166808980,1.93962,-0.421875,-0.00412486,1.41928,1.76543,1.83091,10,2772,2.1261,1.84078
1776813044171741574,1.93246,-0.421875,0.000986117,1.41891,1.76543,1.83091,10,2780,2.13223,1.84041
1776813044176738701,1.93246,-0.375,0.00712206,1.46541,1.89539,1.82219,10,2796,2.14451,1.84078
1776813044181745292,1.93246,-0.375,0.0193937,1.46578,1.89539,1.82219,10,2804,2.15064,1.84073
1776813044186734346,1.9304,-0.375,0.0234771,1.46573,1.79467,1.81201,10,2817,2.16061,1.84041
1776813044191734807,1.9304,-0.236328,0.033448,1.60409,1.79467,1.81201,10,2830,2.17058,1.84152
1776813044196727213,1.92581,-0.236328,0.038827,1.60519,1.84754,1.86825,10,2839,2.17749,1.68738
1776813044201729044,1.92581,-0.171875,0.0457299,1.51551,1.84754,1.86825,10,2852,2.18746,1.68705
1776813044206727079,1.92287,-0.171875,0.0527597,1.51517,1.89612,1.89036,10,2864,2.19666,1.68772
1776813044211736206,1.92287,-0.167969,0.0619636,1.51975,1.89612,1.89036,10,2873,2.20356,1.53368
1776813044216727946,1.92218,-0.167969,0.068172,1.36571,1.7473,1.88913,10,2882,2.21047,1.68772
1776813044221738758,1.92218,-0.109375,0.0750749,1.57835,1.7473,1.88913,10,2894,2.21967,1.53368
1776813044226733330,1.91989,-0.109375,0.0819903,1.4243,1.83953,1.91113,10,2905,2.22811,1.68738
1776813044231751179,1.91989,-0.0664062,0.0904269,1.62098,1.83953,1.91113,10,2915,2.23578,1.68666
1776813044236729253,1.91944,-0.0664062,0.0976489,1.62026,1.8605,1.93339,10,2926,2.24421,1.5346
1776813044241728436,1.91944,0.0078125,0.106086,1.54241,1.8605,1.93339,10,2935,2.25112,1.53429
1776813044246732026,1.91923,0.0078125,0.112783,1.5421,1.93331,1.97467,10,2946,2.25955,1.53399
1776813044251729673,1.91923,0.0996094,0.12122,1.63359,1.93331,1.97467,10,2955,2.26646,1.53368
1776813044256720023,1.91923,0.0996094,0.128123,1.63329,2.05215,2.027,10,2966,2.27489,1.53399
1776813044261759075,1.91988,0.0996094,0.137206,1.63359,2.05215,2.027,10,2973,2.28026,1.53368
1776813044266751258,1.91988,0.125,0.142575,1.65868,2.06238,2.04469,10,2985,2.28947,1.38086
1776813044271722091,1.92172,0.125,0.153615,1.50586,2.06238,2.04469,10,2992,2.29484,1.53399
1776813044276729885,1.92172,0.126953,0.158984,1.66094,1.96949,2.05495,10,3005,2.30481,1.53399
1776813044281728976,1.92236,0.126953,0.169604,1.66094,1.96949,2.05495,10,3013,2.31094,1.53368
1776813044286733714,1.92236,0.123047,0.17574,1.65673,2.12894,2.05595,10,3026,2.32091,1.68801
1776813044291728287,1.92424,0.123047,0.18759,1.81106,2.12894,2.05595,10,3034,2.32705,1.68738
1776813044296743266,1.92424,0.121094,0.193726,1.80848,1.95801,2.06419,10,3048,2.33779,1.68738
1776813044301734060,1.92554,0.121094,0.205763,1.80848,1.95801,2.06419,10,3057,2.34469,1.68738
1776813044306735355,1.92554,0.136719,0.212666,1.8241,2.05076,2.07955,10,3071,2.35543,1.68738
1776813044311734260,1.92673,0.136719,0.224591,1.8241,2.05076,2.07955,10,3080,2.36233,1.84041
1776813044316736832,1.92673,0.154297,0.231493,1.99471,2.16512,2.09547,10,3094,2.37307,1.68738
1776813044321706128,1.92828,0.154297,0.243782,1.84168,2.16512,2.09547,10,3102,2.3792,1.83784
1776813044326735032,1.92828,0.144531,0.249918,1.98237,1.96451,2.0976,10,3117,2.39071,1.69043
1776813044331726993,1.92828,0.144531,0.261422,1.83496,1.96451,2.0976,10,3126,2.39761,1.84041
1776813044336739972,1.92967,0.144531,0.269718,1.98495,2.22804,2.10452,10,3140,2.40835,1.84037
1776813044341747544,1.92967,0.0859375,0.280456,1.9263,2.22804,2.10452,10,3154,2.41909,1.99418
1776813044346817280,1.93147,0.0859375,0.292991,2.08012,1.96743,2.08003,10,3165,2.42752,2.14715
1776813044351762058,1.93147,0.0585938,0.301428,2.20574,1.96743,2.08003,10,3175,2.43519,1.5346
1776813044356763297,1.93176,0.0585938,0.309389,1.59319,2.15067,2.06589,10,3178,2.4375,0.920391
1776813044361805830,1.93176,0.949219,0.31169,1.86961,2.15067,2.06589,10,3175,2.43519,0
1776813044366759904,1.93537,0.949219,0.312995,0.949219,2.60894,2.59141,10,3170,2.43136,-0.920391
1776813044371709071,1.93537,2.63477,0.30916,1.71437,2.60894,2.59141,10,3168,2.42983,-0.460196
1776813044376722661,1.95373,2.63477,-0.30233,2.17457,2.89265,3.64276,10,3168,2.42983,-0.153429
1776813044381731640,1.95373,2.06055,-0.30233,1.90712,2.89265,3.64276,10,3169,2.43059,0
1776813044386731786,1.97856,2.06055,-0.276734,2.06055,2.81341,3.4369,10,3173,2.43366,0.306858
1776813044391736321,1.97856,1.37695,-0.273666,1.68381,2.81341,3.4369,10,3180,2.43903,0.919839
1776813044396729690,1.99532,1.37695,-0.251533,2.29679,2.33484,3.12858,10,3186,2.44363,1.07443
1776813044401736595,1.99532,0.933594,-0.246931,2.00803,2.33484,3.12858,10,3194,2.44977,1.07379
1776813044406739741,1.99532,0.933594,-0.240795,2.00738,2.51119,2.87587,10,3204,2.45744,1.38031
1776813044411818847,2.00622,0.933594,-0.222224,2.3139,2.51119,2.87587,10,3212,2.46281,1.53399
1776813044416748737,2.00622,0.443359,-0.216088,1.97734,2.7252,2.64902,10,3226,2.47431,1.68738
1776813044421711922,2.01626,0.443359,-0.19531,2.13074,2.7252,2.64902,10,3235,2.48121,1.84078
1776813044426728549,2.01626,-0.0175781,-0.188408,1.8232,3.1157,2.43453,10,3250,2.49272,1.8411
1776813044431739287,2.0185,-0.0175781,-0.174672,1.82352,3.1157,2.43453,10,3259,2.49962,1.84041
1776813044436754321,2.0185,-0.205078,-0.167769,1.63534,2.76128,2.33835,10,3274,2.51113,1.84041
1776813044441801280,2.0171,-0.205078,-0.157659,1.63534,2.76128,2.33835,10,3284,2.5188,1.99498
1776813044446750910,2.0171,-0.232422,-0.149989,1.76256,2.60466,2.31608,10,3301,2.53184,1.99418
1776813044451748723,2.01487,-0.232422,-0.139178,1.76176,2.60466,2.31608,10,3311,2.53951,2.14758
1776813044456729500,2.01487,-0.279297,-0.131508,1.86828,2.27696,2.27868,10,3330,2.55408,2.14715
1776813044461731387,2.01237,-0.279297,-0.119434,1.86785,2.27696,2.27868,10,3340,2.56175,2.30098
1776813044466731181,2.01237,-0.386719,-0.111764,1.91426,1.95184,2.20545,10,3360,2.57709,2.30093
1776813044471701199,2.00916,-0.386719,-0.0996376,1.91421,1.95184,2.20545,10,3371,2.58552,2.30098
1776813044476725178,2.00916,-0.523438,-0.0912007,1.77754,2.29174,2.11208,10,3391,2.60086,2.45487
1776813044481723565,2.00916,-0.523438,-0.0758608,1.93143,2.29174,2.11208,10,3403,2.61007,2.45389
1776813044486727359,2.00452,-0.523438,-0.071302,1.93045,2.09868,2.08972,10,3421,2.62387,2.6083
1776813044491723931,2.00452,-0.724609,-0.0574962,1.88369,2.09868,2.08972,10,3439,2.63768,2.60465
1776813044496730281,1.99484,-0.724609,-0.0533619,1.88004,2.15968,1.92837,10,3456,2.65072,2.30374
1776813044501722649,1.99484,-0.742188,-0.0403232,1.56155,2.15968,1.92837,10,3470,2.66146,2.30093
1776813044506725981,1.99141,-0.742188,-0.0330226,1.55874,2.1909,1.90172,10,3487,2.6745,2.45389
1776813044511724219,1.99141,-0.716797,-0.0199838,1.73709,2.1909,1.90172,10,3500,2.68447,2.14758
1776813044516737513,1.98015,-0.716797,-0.0212643,1.43078,1.89631,1.86158,10,3513,2.69444,2.30098
1776813044521713160,1.98015,-0.701172,-0.0112934,1.59981,1.89631,1.86158,10,3526,2.70441,2.30052
1776813044526729047,1.97775,-0.701172,-0.00372265,1.59935,1.92023,1.85881,10,3542,2.71668,2.30144
1776813044531729360,1.97775,-0.654297,0.00854925,1.64714,1.92023,1.85881,10,3560,2.73049,2.30098
1776813044536734709,1.96656,-0.654297,0.011163,1.64668,1.78867,1.83092,10,3576,2.74276,2.30139
1776813044541750151,1.96656,-0.634766,0.0234347,1.66662,1.78867,1.83092,10,3590,2.7535,2.30098
1776813044546737501,1.96331,-0.634766,0.0309244,1.66621,1.95931,1.82615,10,3602,2.7627,2.30098
1776813044551726778,1.96331,-0.595703,0.0401283,1.70527,1.95931,1.82615,10,3618,2.77497,2.14758
1776813044556722609,1.96331,-0.595703,0.0524001,1.55188,1.75141,1.84842,10,3634,2.78724,2.29822
1776813044561724181,1.95412,-0.595703,0.0554769,1.70252,1.75141,1.84842,10,3644,2.79491,2.15016
1776813044566732772,1.95412,-0.550781,0.0631469,1.59938,1.91484,1.82892,10,3662,2.80872,2.14672
1776813044571706493,1.94531,-0.550781,0.0681422,1.59594,1.91484,1.82892,10,3672,2.81639,2.14844
1776813044576736990,1.94531,-0.507812,0.0758121,1.64063,1.74019,1.81003,10,3691,2.83096,2.1471
1776813044581729655,1.94345,-0.507812,0.088527,1.63929,1.74019,1.81003,10,3702,2.8394,2.30144
1776813044586724246,1.94345,-0.402344,0.0969639,1.89909,1.94686,1.86098,10,3720,2.8532,2.30052
1776813044591730855,1.93603,-0.402344,0.10335,1.89817,1.94686,1.86098,10,3730,2.86087,2.14758
1776813044596723686,1.93603,-0.373047,0.11102,1.77453,1.71487,1.84101,10,3748,2.87468,2.14758
1776813044601725851,1.93418,-0.373047,0.122975,1.77453,1.71487,1.84101,10,3758,2.88235,2.14629
1776813044606727534,1.93418,-0.302734,0.130645,1.84356,1.97282,1.87192,10,3777,2.89692,2.1493
1776813044611734735,1.92893,-0.302734,0.139969,1.84656,1.97282,1.87192,10,3787,2.90459,2.14753
1776813044616722216,1.92893,-0.292969,0.147639,1.85456,1.70064,1.85146,10,3807,2.91993,2.30098
1776813044621713714,1.92799,-0.292969,0.162036,2.00801,1.70064,1.85146,10,3818,2.92837,2.45389
1776813044626730026,1.92799,-0.253906,0.170473,2.19998,1.98546,1.86905,10,3838,2.94371,2.45438
1776813044631742672,1.92799,-0.253906,0.185813,2.20047,1.98546,1.86905,10,3849,2.95215,2.45438
1776813044636724967,1.92321,-0.253906,0.189472,2.20047,1.71433,1.8453,10,3866,2.96518,2.30144
1776813044641723409,1.92321,-0.175781,0.202511,2.12566,1.71433,1.8453,10,3883,2.97822,2.45339
1776813044646723926,1.91982,-0.175781,0.212162,2.27761,1.99351,1.87296,10,3899,2.9905,2.30139
1776813044651728757,1.91982,-0.166016,0.224433,2.13537,1.99351,1.87296,10,3914,3.002,2.30144
1776813044656745495,1.91938,-0.166016,0.23549,2.13542,1.78203,1.8763,10,3927,3.01197,2.30052
1776813044661736253,1.91938,-0.126953,0.245461,2.17356,1.78203,1.8763,10,3945,3.02578,2.45487
1776813044666781545,1.91689,-0.126953,0.256777,2.32791,2.04067,1.88615,10,3962,3.03882,2.45389
1776813044671734323,1.91689,-0.113281,0.269816,2.3406,2.04067,1.88615,10,3976,3.04955,2.30098
1776813044676801152,1.9164,-0.113281,0.280064,2.1877,1.81223,1.8915,10,3989,3.05952,2.45438
1776813044681760688,1.9164,-0.0761719,0.290035,2.3782,1.81223,1.8915,10,4007,3.07333,2.30052
1776813044686743595,1.91505,-0.0761719,0.302498,2.22435,1.97708,1.90595,10,4019,3.08253,2.30093
1776813044691736667,1.91505,-0.0703125,0.311702,2.23062,1.97708,1.90595,10,4032,3.09251,1.84078
1776813044696731202,1.91481,-0.0703125,-0.306892,1.77047,1.72255,1.90807,10,4034,3.09404,1.07422
1776813044701723238,1.91481,0.515625,-0.305358,1.58984,1.72255,1.90807,10,4031,3.09174,0
1776813044706752549,1.91525,0.515625,-0.311813,-0.558165,2.54278,2.24205,10,4023,3.0856,-1.07379
1776813044711732622,1.91525,3.25195,-0.313347,2.17816,2.54278,2.24205,10,4020,3.0833,-0.766993
1776813044716731139,1.94397,3.25195,-0.286932,2.48496,2.99311,3.9465,10,4019,3.08253,-0.306858
1776813044721702861,1.94397,2.69531,-0.287699,2.38845,2.99311,3.9465,10,4019,3.08253,-0.153399
1776813044726726043,1.96416,2.69531,-0.267511,2.54191,2.25951,3.72843,10,4022,3.08484,0.153368
1776813044731725041,1.96416,2.06836,-0.26521,2.22173,2.25951,3.72843,10,4026,3.0879,0.766993
1776813044736729113,1.9715,2.06836,-0.254799,2.83535,2.33538,3.40696,10,4031,3.09174,0.613717
1776813044741756036,1.9715,1.3125,-0.250964,1.92622,2.33538,3.40696,10,4038,3.09711,0.920023
1776813044746735609,1.9993,1.3125,-0.217799,2.23252,2.34978,3.11104,10,4046,3.10324,1.22743
1776813044751725089,1.9993,1.14453,-0.211663,2.37196,2.34978,3.11104,10,4053,3.10861,1.22719
1776813044756726587,2.00275,1.14453,-0.202845,2.37172,2.79983,3.03194,10,4063,3.11628,1.38031
1776813044761726955,2.00275,0.707031,-0.195175,2.08734,2.79983,3.03194,10,4076,3.12625,1.68806
1776813044766764951,2.01919,0.707031,-0.168758,2.39509,3.03345,2.8616,10,4086,3.13392,1.68738
1776813044771733803,2.01919,0.484375,-0.161088,2.17176,3.03345,2.8616,10,4097,3.14236,1.84078
1776813044776728579,2.02085,0.484375,-0.141023,2.32479,3.39006,2.73468,10,4116,3.15693,1.84041
1776813044781780834,2.02085,0.484375,-0.141023,2.32479,3.39006,2.73468,10,4116,3.15693,1.84041
1776813044786749870,2.02434,-0.148438,-0.118359,1.69456,2.9273,2.38191,10,4142,3.17687,1.84299
1776813044791755349,2.02434,-0.199219,-0.11299,1.64377,2.9273,2.38191,10,4154,3.18608,2.14801
1776813044796803197,2.02314,-0.199219,-0.104987,1.94879,2.50406,2.36392,10,4165,3.19451,2.14715
1776813044801750179,2.02314,-0.248047,-0.09655,1.8991,2.50406,2.36392,10,4179,3.20525,1.99458
1776813044806737567,2.02083,-0.248047,-0.0881198,1.74653,2.10279,2.32504,10,4192,3.21522,2.30098
1776813044811734305,2.02083,-0.265625,-0.0781489,2.03535,2.10279,2.32504,10,4206,3.22596,2.30052
1776813044816735081,2.0201,-0.265625,-0.0681398,2.03489,2.08849,2.31154,10,4223,3.239,2.45389
1776813044821718025,2.0201,-0.488281,-0.0551012,1.9656,2.08849,2.31154,10,4242,3.25357,2.45482
1776813044826730578,2.01368,-0.488281,-0.0469523,1.96654,2.24299,2.15383,10,4256,3.26431,2.60725
1776813044831751760,2.01368,-0.533203,-0.0362144,2.07405,2.24299,2.15383,10,4275,3.27888,2.6083
1776813044836729740,2.01223,-0.533203,-0.0230883,2.07509,2.4657,2.12127,10,4294,3.29346,2.45438
1776813044841733498,2.01223,-0.746094,-0.0085154,1.70828,2.4657,2.12127,10,4315,3.30956,2.91457
1776813044846731644,2.01223,-0.746094,0.00759142,2.16848,2.03621,1.99993,10,4331,3.32184,2.76117
1776813044851739512,1.99837,-0.746094,0.00599854,2.01508,2.03621,1.99993,10,4344,3.33181,2.91452
1776813044856729159,1.99837,-0.746094,0.0159697,2.16843,2.08736,1.93315,10,4368,3.35021,2.76062
1776813044861718527,1.98918,-0.746094,0.0251931,2.01453,2.08736,1.93315,10,4381,3.36018,2.91574
1776813044866722451,1.98918,-0.710938,0.0351643,2.2048,1.91397,1.90876,10,4404,3.37783,2.76062
1776813044871737134,1.98192,-0.710938,0.0455407,2.04968,1.91397,1.90876,10,4417,3.3878,2.76062
1776813044876746687,1.98192,-0.726562,0.0555119,2.03406,1.97766,1.8646,10,4441,3.4062,2.76117
1776813044881741667,1.97478,-0.726562,0.0667834,2.03461,1.97766,1.8646,10,4455,3.41694,2.91569
1776813044886725221,1.97478,-0.744141,0.0775213,2.17155,1.89553,1.81984,10,4479,3.43535,2.91399
1776813044891725941,1.96747,-0.744141,0.0886144,2.16985,1.89553,1.81984,10,4492,3.44532,2.91515
1776813044896723754,1.96747,-0.732422,0.0985851,2.18273,1.70412,1.79081,10,4515,3.46296,2.60725
1776813044901745603,1.96185,-0.732422,0.110604,1.87483,1.70412,1.79081,10,4527,3.47217,2.76173
1776813044906746805,1.96185,-0.744141,0.119808,2.01759,1.89104,1.75662,10,4549,3.48904,2.60673
1776813044911727452,1.95267,-0.744141,0.127502,1.86259,1.89104,1.75662,10,4562,3.49901,2.60825
1776813044916719450,1.95267,-0.683594,0.137472,1.92465,1.69813,1.74607,10,4584,3.51588,2.76173
1776813044921777390,1.95267,-0.683594,0.154346,2.07813,1.69813,1.74607,10,4597,3.52585,2.76007
1776813044926742316,1.94713,-0.683594,0.158777,2.07648,1.70354,1.7188,10,4616,3.54043,2.76173
1776813044931736370,1.94713,-0.59375,0.173349,2.16798,1.70354,1.7188,10,4636,3.55577,2.60777
1776813044936741812,1.93578,-0.59375,0.177346,2.01402,1.93027,1.71398,10,4651,3.56727,2.75841
1776813044941777179,1.93578,-0.576172,0.188851,2.18224,1.93027,1.71398,10,4666,3.57878,2.45679
1776813044946746030,1.93443,-0.576172,0.199002,1.88061,1.67841,1.71729,10,4684,3.59258,2.45438
1776813044951729177,1.93443,-0.488281,0.212807,1.96609,1.67841,1.71729,10,4703,3.60716,2.6083
1776813044956738952,1.92525,-0.488281,0.218197,2.12002,1.73967,1.72182,10,4718,3.61866,2.76007
1776813044961736673,1.92525,-0.46875,0.229702,2.29132,1.73967,1.72182,10,4739,3.63477,2.76117
1776813044966726005,1.9241,-0.46875,0.244665,2.29242,1.65175,1.72727,10,4755,3.64704,2.76117
1776813044971704318,1.9241,-0.46875,0.256937,2.29242,1.65175,1.72727,10,4775,3.66238,2.76173
1776813044976725834,1.91595,-0.46875,0.264124,2.29298,1.5659,1.68666,10,4791,3.67465,2.76168
1776813044981725665,1.91595,-0.451172,0.276396,2.31051,1.5659,1.68666,10,4812,3.69076,2.76117
1776813044986726775,1.91497,-0.451172,0.291521,2.31,1.82333,1.69178,10,4829,3.7038,2.91457
1776813044991725217,1.91497,-0.365234,0.30456,2.54934,1.82333,1.69178,10,4851,3.72067,3.06736
1776813044996730307,1.90736,-0.365234,-0.302216,2.70335,1.61473,1.74076,10,4874,3.73831,3.06858
1776813045001723232,1.90736,-0.0742188,-0.296847,2.99437,1.61473,1.74076,10,4880,3.74291,2.14715
1776813045006727675,1.90371,-0.0742188,-0.295896,2.07293,1.69639,1.85034,10,4876,3.73985,0.613669
1776813045011728988,1.90371,1.01562,-0.298964,1.62929,1.69639,1.85034,10,4869,3.73448,-1.22689
1776813045016737023,1.90595,1.01562,-0.302093,-0.21127,2.70272,2.48278,10,4866,3.73218,-0.767146
1776813045021704356,1.90595,2.9375,-0.304394,2.17035,2.70272,2.48278,10,4865,3.73141,-0.306736
1776813045026733520,1.94396,2.9375,-0.267159,2.63076,2.84628,3.76719,10,4865,3.73141,0
1776813045031724426,1.94396,2.13672,-0.267159,2.13672,2.84628,3.76719,10,4874,3.73831,0.766993
1776813045036723203,1.95651,2.13672,-0.247706,2.90371,2.39424,3.37251,10,4881,3.74368,1.22739
1776813045041760385,1.95651,1.53516,-0.242337,2.76254,2.39424,3.37251,10,4890,3.75058,1.53399
1776813045046733996,1.96565,1.53516,-0.226291,3.06914,2.27093,3.07443,10,4900,3.75825,1.38059
1776813045051749253,1.96565,0.802734,-0.218621,2.18332,2.27093,3.07443,10,4913,3.76822,1.68705
1776813045056724289,1.98323,0.802734,-0.191069,2.48978,2.23955,2.74267,10,4922,3.77513,1.68738
1776813045061735806,1.98323,0.621094,-0.184165,2.30848,2.23955,2.74267,10,4936,3.78586,1.68738
1776813045066733823,1.99357,0.621094,-0.153883,2.61567,2.73199,2.63913,10,4955,3.80044,1.99458
1776813045071716007,1.99357,0.423828,-0.148514,2.41841,2.73199,2.63913,10,4966,3.80887,2.45438
1776813045076727042,1.99619,0.423828,-0.137463,2.8782,3.12973,2.58947,10,4979,3.81885,2.30098
1776813045081729985,1.99619,0.00390625,-0.127492,2.30488,3.12973,2.58947,10,4996,3.83188,2.30047
1776813045086745428,1.99814,0.00390625,-0.112503,2.30438,2.87549,2.35954,10,5009,3.84185,2.30098
1776813045091729667,1.99814,-0.289062,-0.102532,2.01192,2.87549,2.35954,10,5027,3.85566,2.45487
1776813045096725277,1.99671,-0.289062,-0.0901517,2.1658,2.62636,2.18566,10,5040,3.86563,2.30098
1776813045101731257,1.99671,-0.466797,-0.080181,1.83418,2.62636,2.18566,10,5058,3.87944,2.45389
1776813045106722960,1.99058,-0.466797,-0.0725016,1.98709,2.07486,2.05471,10,5073,3.89094,2.45438
1776813045111728569,1.98837,-0.462891,-0.0517039,1.99099,2.07486,2.05471,10,5096,3.90858,2.45389
1776813045116724253,1.98837,-0.523438,-0.0455679,1.93045,2.06595,2.0117,10,5114,3.92239,2.76168
1776813045121708178,1.98315,-0.523438,-0.0369853,2.23824,2.06595,2.0117,10,5128,3.93313,2.76117
1776813045126735453,1.98315,-0.527344,-0.0262474,2.23383,1.841,1.98413,10,5146,3.94693,2.76117
1776813045131723915,1.98315,-0.527344,-0.0124416,2.23383,1.841,1.98413,10,5158,3.95614,2.6083
1776813045136741579,1.9805,-0.527344,-0.00588838,2.08095,2.0082,1.97124,10,5177,3.97071,2.60673
1776813045141746578,1.9805,-0.675781,0.00868423,1.93095,2.0082,1.97124,10,5197,3.98605,2.76173
1776813045146740928,1.97164,-0.675781,0.0151673,2.08594,2.12415,1.84348,10,5212,3.99755,2.76057
1776813045151724539,1.97164,-0.742188,0.026672,2.01839,2.12415,1.84348,10,5234,4.01443,2.76177
1776813045156725111,1.96439,-0.742188,0.0362912,2.01959,1.89379,1.77017,10,5250,4.0267,2.91394
1776813045161725887,1.96439,-0.755859,0.0485631,2.15808,1.89379,1.77017,10,5271,4.04281,2.91452
1776813045166730830,1.95706,-0.755859,0.0573483,2.15866,1.99045,1.72649,10,5287,4.05508,2.76173
1776813045171794715,1.95706,-0.705078,0.0696202,2.05665,1.99045,1.72649,10,5307,4.07042,2.76173
1776813045176749919,1.9496,-0.705078,0.0774942,2.05665,1.74297,1.71873,10,5323,4.08269,2.76007
1776813045181754010,1.9496,-0.623047,0.0897661,2.13702,1.74297,1.71873,10,5345,4.09956,2.91579
1776813045186737435,1.94285,-0.623047,0.0998955,2.29274,1.62179,1.73224,10,5362,4.1126,3.06736
1776813045191722156,1.94285,-0.541016,0.112935,2.52634,1.62179,1.73224,10,5385,4.13024,3.06542
1776813045196777467,1.93709,-0.541016,0.12481,2.52441,1.78901,1.75051,10,5402,4.14328,2.91754
1776813045201783688,1.93709,-0.527344,0.137849,2.39019,1.78901,1.75051,10,5424,4.16016,3.06797
1776813045206758983,1.93159,-0.527344,0.162264,2.53573,1.57788,1.7583,10,5450,4.1801,3.06307
1776813045211793814,1.93159,-0.580078,0.169167,2.48299,1.57788,1.7583,10,5467,4.19314,2.91919
1776813045216764832,1.92297,-0.580078,0.173581,2.33912,1.7459,1.65817,10,5484,4.20618,3.06797
1776813045221795107,1.92297,-0.558594,0.186619,2.50938,1.7459,1.65817,10,5502,4.21998,2.91452
1776813045226744978,1.91771,-0.558594,0.195165,2.35593,1.8789,1.64421,10,5519,4.23302,3.06674
1776813045231746514,1.91478,-0.517578,0.218314,2.2447,1.8789,1.64421,10,5544,4.25219,2.76228
1776813045236734772,1.91478,-0.472656,0.22445,2.28962,1.64123,1.67859,10,5559,4.2637,2.76117
1776813045241725808,1.91254,-0.472656,0.233721,2.28852,1.64123,1.67859,10,5572,4.27367,2.76062
1776813045246720918,1.91254,-0.398438,0.243692,2.36218,1.56705,1.70974,10,5596,4.29208,2.91462
1776813045251722620,1.908,-0.398438,0.257552,2.51618,1.56705,1.70974,10,5609,4.30205,2.91394
1776813045256726044,1.908,-0.351562,0.267523,2.56238,1.88509,1.71371,10,5634,4.32122,2.91569
1776813045261726802,1.90281,-0.351562,0.281511,2.56413,1.88509,1.71371,10,5648,4.33196,2.91462
1776813045266740096,1.90281,-0.367188,0.292249,2.54743,1.59646,1.67882,10,5672,4.35037,2.91336
1776813045271719762,1.90281,-0.367188,0.310657,2.54617,1.59646,1.67882,10,5685,4.36034,2.91462
1776813045276731093,1.88849,-0.367188,0.306303,2.54743,1.68913,1.60677,10,5702,4.37338,2.60825
1776813045281725166,1.88849,-0.400391,-0.308977,2.20786,1.68913,1.60677,10,5707,4.37721,1.38054
1776813045286740738,1.88274,-0.400391,-0.310884,0.980148,1.92636,1.55885,10,5704,4.37491,-0.15332
1776813045291732941,1.88274,2.80664,-0.313184,2.65332,1.92636,1.55885,10,5698,4.37031,-0.920575
1776813045296725162,1.89461,2.80664,-0.305916,1.88607,2.49763,3.44673,10,5695,4.36801,-0.613594
1776813045301727271,1.89461,3.625,-0.308217,3.01141,2.49763,3.44673,10,5694,4.36724,-0.306736
1776813045306732103,1.91229,3.625,-0.291305,3.31826,2.6444,4.00184,10,5695,4.36801,0
1776813045311733934,1.91229,1.60938,-0.290538,1.60938,2.6444,4.00184,10,5704,4.37491,1.07396
1776813045316736192,1.94989,1.60938,-0.246041,2.68333,2.72987,3.03939,10,5711,4.38028,1.07405
1776813045321704155,1.94989,1.26562,-0.240672,2.33968,2.72987,3.03939,10,5721,4.38795,1.38026
1776813045326731652,1.9578,1.26562,-0.225086,2.64589,2.39235,2.88236,10,5730,4.39486,1.53368
1776813045331724947,1.9578,0.800781,-0.218183,2.33446,2.39235,2.88236,10,5742,4.40406,1.53429
1776813045336727298,1.97245,0.800781,-0.194333,2.33507,2.33478,2.68907,10,5751,4.41096,1.68743
1776813045341761369,1.97245,0.841797,-0.18743,2.52923,2.33478,2.68907,10,5765,4.4217,1.68734
1776813045346774478,1.97647,0.841797,-0.164238,2.83563,2.67639,2.71244,10,5782,4.43474,1.99383
1776813045351730219,1.97647,0.572266,-0.159636,2.5661,2.67639,2.71244,10,5795,4.44471,1.99453
1776813045356748328,1.98385,0.572266,-0.142278,2.5668,2.81792,2.61433,10,5807,4.45391,2.30103
1776813045361742604,1.98385,0.00585938,-0.133074,2.30688,2.81792,2.61433,10,5821,4.46465,2.14705
1776813045366734085,1.98811,0.00585938,-0.118079,2.15291,2.99746,2.31214,10,5834,4.47462,2.30195
1776813045371703584,1.98811,-0.240234,-0.108109,2.06171,2.99746,2.31214,10,5853,4.48919,2.45438
1776813045376732600,1.98699,-0.240234,-0.0946547,2.21414,2.64732,2.16643,10,5868,4.5007,2.76062
1776813045381726062,1.98699,-0.28125,-0.0831501,2.47937,2.64732,2.16643,10,5888,4.51604,2.60773
1776813045386756337,1.9857,-0.28125,-0.0690977,2.32648,2.27108,2.13681,10,5904,4.52831,2.76117
1776813045391748651,1.9857,-0.296875,-0.0568258,2.4643,2.27108,2.13681,10,5924,4.54365,2.76117
1776813045396736094,1.98119,-0.296875,-0.0460006,2.4643,1.86638,2.10597,10,5943,4.55822,2.76173
1776813045401728315,1.98119,-0.341797,-0.031428,2.41993,1.86638,2.10597,10,5960,4.57126,2.76062
1776813045406736721,1.97971,-0.341797,-0.0198657,2.41882,2.0994,2.07318,10,5977,4.5843,2.91278
1776813045411734090,1.97971,-0.445312,-0.00682704,2.46746,2.0994,2.07318,10,5999,4.60118,2.91695
1776813045416727792,1.97971,-0.445312,0.0100468,2.47164,1.82764,2.01418,10,6021,4.61805,3.22068
1776813045421714791,1.97574,-0.445312,0.02295,2.77536,1.82764,2.01418,10,6036,4.62955,3.06797
1776813045426771546,1.97574,-0.683594,0.0344547,2.38438,2.01845,1.85903,10,6060,4.64796,2.91452
1776813045431747046,1.96407,-0.683594,0.0411943,2.23093,2.01845,1.85903,10,6073,4.65793,2.91462
1776813045436763896,1.96407,-0.710938,0.0511654,2.20368,2.08598,1.78645,10,6096,4.67557,2.76062
1776813045441803392,1.96059,-0.710938,0.0653184,2.04968,2.08598,1.78645,10,6110,4.68631,2.76228
1776813045446779096,1.96059,-0.636719,0.0760563,2.12556,2.01556,1.81167,10,6134,4.70472,2.91452
1776813045451739614,1.95054,-0.636719,0.0844181,2.27781,2.01556,1.81167,10,6148,4.71546,2.91394
1776813045456738706,1.95054,-0.59375,0.095156,2.32019,1.81813,1.78682,10,6171,4.7331,2.91287
1776813045461756740,1.94731,-0.59375,0.109571,2.31912,1.81813,1.78682,10,6185,4.74384,2.76338
1776813045466748109,1.94731,-0.560547,0.120309,2.20284,1.76983,1.78986,10,6208,4.76148,2.76007
1776813045471709610,1.93898,-0.560547,0.129616,2.19952,1.76983,1.78986,10,6221,4.77145,2.91569
1776813045476724108,1.93898,-0.576172,0.139587,2.33952,1.59719,1.73982,10,6247,4.79062,2.91462
1776813045481723217,1.93614,-0.576172,0.156684,2.33845,1.59719,1.73982,10,6262,4.80289,3.22068
1776813045486730901,1.93614,-0.65625,0.168189,2.56443,1.66796,1.68011,10,6288,4.82284,3.06858
1776813045491724510,1.9268,-0.65625,0.190298,2.56507,1.66796,1.68011,10,6312,4.84124,3.22132
1776813045496730083,1.9268,-0.658203,0.197201,2.56312,1.82886,1.63269,10,6328,4.85352,3.06674
1776813045501724063,1.92337,-0.658203,0.206039,2.40854,1.82886,1.63269,10,6343,4.86502,3.06797
1776813045506736079,1.92337,-0.580078,0.217544,2.48789,1.77595,1.66015,10,6370,4.88573,3.22132
1776813045511733023,1.91426,-0.580078,0.229152,2.64124,1.77595,1.66015,10,6386,4.898,3.22206
1776813045516723059,1.91133,-0.511719,0.255366,2.71025,1.64331,1.65376,10,6418,4.92254,3.22197
1776813045521729612,1.91133,-0.410156,0.263036,2.81181,1.64331,1.65376,10,6436,4.93635,3.22077
1776813045526732648,1.90682,-0.410156,0.272329,2.81062,1.7106,1.67442,10,6455,4.95092,3.22132
1776813045531721832,1.90682,-0.382812,0.286902,2.83851,1.7106,1.67442,10,6475,4.96626,3.37409
1776813045536729126,1.90455,-0.382812,0.299969,2.99128,1.78499,1.67862,10,6497,4.98314,3.37072
1776813045541740735,1.90455,-0.417969,-0.311476,2.95275,1.78499,1.67862,10,6509,4.99234,2.76504
1776813045546734734,1.89896,-0.417969,-0.30786,2.34708,1.56807,1.63055,10,6511,4.99387,0.920575
1776813045551725992,1.89896,0.09375,-0.306326,1.01433,1.56807,1.63055,10,6504,4.98851,-0.613594
1776813045556723806,1.89896,0.09375,-0.311695,-0.519844,2.47942,1.92223,10,6498,4.9839,-1.07384
1776813045561730434,1.89808,0.09375,0.311139,-0.980087,2.47942,1.92223,10,6496,4.98237,-0.613594
1776813045566738228,1.89808,2.9082,0.309605,2.29461,2.64546,3.52203,10,6495,4.9816,-0.153351
1776813045571725375,1.94909,2.9082,-0.268466,2.75485,2.64546,3.52203,10,6498,4.9839,0.153351
1776813045576741651,1.94909,2.28125,-0.266165,2.4346,1.8836,3.41844,10,6508,4.99157,1.2267
1776813045581736112,1.96231,2.28125,-0.245277,3.50795,1.8836,3.41844,10,6515,4.99694,1.22719
1776813045586727926,1.96231,1.39648,-0.239908,2.62367,2.18043,2.97904,10,6529,5.00768,1.53429
1776813045591735924,1.98568,1.39648,-0.205801,2.93078,2.18043,2.97904,10,6537,5.01382,1.84041
1776813045596727312,1.98568,1.01953,-0.199665,2.85995,2.28766,2.87813,10,6550,5.02379,1.68811
1776813045601728051,1.99176,1.01953,-0.183611,2.70764,2.28766,2.87813,10,6561,5.03222,1.53368
1776813045606727439,1.99176,1.00195,-0.175174,2.53563,2.45943,2.8976,10,6573,5.04143,1.687
1776813045611753936,2.00137,1.00195,-0.156361,2.68895,2.45943,2.8976,10,6582,5.04833,1.84115
1776813045616743176,2.00137,0.785156,-0.149458,2.62631,2.96902,2.82046,10,6601,5.0629,2.29909
1776813045621748322,2.01112,0.785156,-0.125138,3.08425,2.96902,2.82046,10,6614,5.07287,2.30241
1776813045626727914,2.01112,0.25,-0.115167,2.55241,3.55376,2.56235,10,6631,5.08591,2.30139
1776813045631723320,2.01604,0.25,-0.0880036,2.70389,3.55376,2.56235,10,6650,5.10049,2.45389
1776813045636722504,2.01604,-0.279297,-0.0826344,2.17459,2.94657,2.28427,10,6668,5.11429,2.45487
1776813045641727650,2.01532,-0.279297,-0.069549,2.17557,2.94657,2.28427,10,6681,5.12426,2.60834
1776813045646786109,2.01532,-0.341797,-0.0595783,2.26655,2.33505,2.24519,10,6699,5.13807,2.60773
1776813045651753368,2.01387,-0.341797,-0.0472225,2.26593,2.33505,2.24519,10,6711,5.14727,2.60668
1776813045656743534,2.01387,-0.458984,-0.0380186,2.1477,2.1033,2.17144,10,6733,5.16415,2.60834
1776813045661808456,2.00947,-0.458984,-0.0255465,2.14936,2.1033,2.17144,10,6749,5.17642,2.76117
1776813045666759771,2.00947,-0.421875,-0.0132746,2.3393,1.90125,2.17144,10,6770,5.19252,2.76173
1776813045671723234,2.00528,-0.421875,-0.00135462,2.33985,1.90125,2.17144,10,6784,5.20326,3.06797
1776813045676784415,2.00528,-0.513672,0.00938331,2.5543,1.92625,2.09897,10,6810,5.2232,3.06726
1776813045681747804,2.00065,-0.513672,0.0246912,2.55359,1.92625,2.09897,10,6825,5.23471,3.22077
1776813045686748358,2.00065,-0.683594,0.0361954,2.53718,2.20719,1.97978,10,6851,5.25465,3.06858
1776813045691747116,1.99485,-0.683594,0.0503374,2.38499,2.20719,1.97978,10,6868,5.26769,3.37477
1776813045696736300,1.99485,-0.894531,0.0633765,2.48024,2.28096,1.83153,10,6897,5.28993,3.52882
1776813045701738558,1.99485,-0.894531,0.0856191,2.63429,2.28096,1.83153,10,6919,5.30681,3.68009
1776813045706741612,1.98671,-0.894531,0.0943547,2.78556,2.0425,1.79211,10,6945,5.32675,3.52953
1776813045711795645,1.98671,-0.898438,0.114297,2.63109,2.0425,1.79211,10,6969,5.34516,3.5268
1776813045716797977,1.96839,-0.898438,0.114382,2.62837,1.66332,1.70067,10,6988,5.35973,3.37544
1776813045721738218,1.96839,-0.820312,0.128955,2.55513,1.66332,1.70067,10,7009,5.37584,3.37544
1776813045726778752,1.95988,-0.820312,0.136553,2.55513,1.71882,1.70355,10,7033,5.39424,3.374
1776813045731742512,1.95988,-0.814453,0.15496,2.55954,1.71882,1.70355,10,7054,5.41035,3.52821
1776813045736728751,1.95589,-0.814453,0.167077,2.71376,1.8859,1.6873,10,7078,5.42876,3.37409
1776813045741755138,1.95589,-0.832031,0.185485,2.54206,1.8859,1.6873,10,7098,5.4441,3.37477
1776813045746739266,1.94356,-0.832031,0.188502,2.54274,1.57007,1.61662,10,7122,5.46251,3.37544
1776813045751740839,1.94356,-0.875,0.20691,2.50044,1.57007,1.61662,10,7143,5.47861,3.37467
1776813045756729875,1.93484,-0.875,0.214296,2.49967,1.38535,1.54901,10,7168,5.49779,3.68156
1776813045761730059,1.93484,-0.878906,0.233471,2.80266,1.38535,1.54901,10,7190,5.51466,3.52821
1776813045766726983,1.92611,-0.878906,0.241612,2.64931,1.59151,1.50347,10,7214,5.53307,3.52882
1776813045771708575,1.92611,-0.820312,0.26002,2.70851,1.59151,1.50347,10,7234,5.54841,3.37477
1776813045776728943,1.92611,-0.820312,0.27536,2.55446,1.55964,1.53687,10,7258,5.56682,3.37477
1776813045781736404,1.91751,-0.820312,0.285167,2.55446,1.55964,1.53687,10,7275,5.57985,3.52741
1776813045786732292,1.91751,-0.785156,0.298205,2.74226,1.7073,1.51409,10,7303,5.60133,3.52821
1776813045791732309,1.90937,-0.785156,0.311544,2.74306,1.7073,1.51409,10,7314,5.60977,3.06858
1776813045796724048,1.90937,-0.246094,-0.308337,2.82249,1.49642,1.78072,10,7317,5.61207,0.920207
1776813045801747176,1.90016,-0.246094,0.313064,0.674113,1.49642,1.78072,10,7312,5.60823,-0.766887
1776813045806732415,1.90016,1.32031,0.309229,0.553426,2.42048,2.62737,10,7308,5.60517,-0.767098
1776813045811783745,1.90322,1.32031,0.309223,0.553214,2.42048,2.62737,10,7307,5.6044,-0.153416
1776813045816750930,1.90322,2.68555,0.308456,2.53213,2.99169,3.42092,10,7311,5.60747,0.153477
1776813045821707264,1.9473,2.68555,-0.272717,2.83902,2.99169,3.42092,10,7317,5.61207,1.07353
1776813045826727669,1.9473,1.95312,-0.268115,3.02665,2.57156,3.22256,10,7332,5.62357,1.53429
1776813045831722927,1.95995,1.95312,-0.24395,3.48742,2.57156,3.22256,10,7343,5.63201,2.14758
1776813045836755109,1.95995,0.849609,-0.235514,2.99719,2.38488,2.65578,10,7361,5.64582,2.14758
1776813045841731109,1.97597,0.849609,-0.205694,2.99719,2.38488,2.65578,10,7372,5.65425,2.30093
1776813045846728885,1.97597,0.429688,-0.197258,2.73062,2.2716,2.4947,10,7391,5.66883,2.30103
1776813045851725680,1.97597,0.429688,-0.182685,2.73071,2.2716,2.4947,10,7405,5.67956,2.30139
1776813045856737474,1.97931,0.429688,-0.168599,2.73108,2.30875,2.51099,10,7420,5.69107,2.30057
1776813045861727955,1.97931,0.404297,-0.157095,2.70486,2.30875,2.51099,10,7439,5.70564,2.30139
1776813045866728990,1.98813,0.404297,-0.133709,2.70569,2.80559,2.53933,10,7454,5.71715,2.6073
1776813045871700323,1.98813,0.138672,-0.122204,2.74597,2.80559,2.53933,10,7469,5.72865,2.60825
1776813045876743949,1.99049,0.138672,-0.108337,2.74692,2.85081,2.39937,10,7487,5.74246,2.45339
1776813045881731485,1.99049,-0.179688,-0.0945307,2.27371,2.85081,2.39937,10,7503,5.75473,2.60825
1776813045886730965,1.99023,-0.179688,-0.0825153,2.42856,2.86453,2.21667,10,7524,5.77084,2.76062
1776813045891731816,1.99023,-0.431641,-0.0664083,2.32898,2.86453,2.21667,10,7541,5.78387,3.06858
1776813045896728666,1.98716,-0.431641,-0.0564395,2.63694,2.3429,2.05817,10,7563,5.80075,2.91404
1776813045901764052,1.98716,-0.580078,-0.0395657,2.33396,2.3429,2.05817,10,7580,5.81379,2.91569
1776813045906763217,1.9819,-0.580078,-0.0317904,2.33561,2.12067,1.948,10,7597,5.82683,2.91452
1776813045911733995,1.9819,-0.539062,-0.0187512,2.37546,2.12067,1.948,10,7618,5.84293,2.91404
1776813045916736253,1.97685,-0.539062,-0.00769435,2.37497,1.65061,1.94681,10,7638,5.85827,2.91452
1776813045921706030,1.97685,-0.539062,0.00764549,2.37546,1.65061,1.94681,10,7657,5.87285,2.91462
1776813045926726546,1.97685,-0.539062,0.0222186,2.37556,1.62521,1.94681,10,7678,5.88895,3.22197
1776813045931773635,1.97354,-0.539062,0.0350145,2.6829,1.62521,1.94681,10,7693,5.90046,3.06736
1776813045936746116,1.97354,-0.634766,0.0465192,2.43259,1.98682,1.87613,10,7719,5.9204,3.2181
1776813045941762336,1.96293,-0.634766,0.0558537,2.58334,1.98682,1.87613,10,7734,5.9319,3.07166
1776813045946777612,1.96293,-0.697266,0.0673589,2.37439,2.08268,1.78866,10,7760,5.95185,3.06736
1776813045951773537,1.95894,-0.697266,0.0833105,2.37009,2.08268,1.78866,10,7776,5.96412,3.22142
1776813045956736815,1.95894,-0.757812,0.0955824,2.4636,2.02469,1.73459,10,7804,5.98559,3.37535
1776813045961745646,1.94871,-0.757812,0.106827,2.61753,2.02469,1.73459,10,7819,5.9971,3.37409
1776813045966733738,1.94871,-0.744141,0.118332,2.62995,1.62438,1.6921,10,7847,6.01857,3.22206
1776813045971711182,1.94424,-0.744141,0.13534,2.47792,1.62438,1.6921,10,7863,6.03085,3.37477
1776813045976730420,1.94424,-0.712891,0.147612,2.66188,1.70643,1.68789,10,7890,6.05155,3.37274
1776813045981737640,1.93688,-0.712891,0.160954,2.65985,1.70643,1.68789,10,7907,6.06459,3.3767
1776813045986733195,1.93688,-0.691406,0.173993,2.68529,1.75513,1.66374,10,7937,6.0876,3.52751
1776813045991750266,1.92724,-0.691406,0.187364,2.8361,1.75513,1.66374,10,7954,6.10064,3.6823
1776813045996732081,1.92724,-0.6875,0.218811,2.84062,1.50526,1.61818,10,7988,6.12672,3.52812
1776813046001762189,1.9229,-0.6875,0.222145,2.84062,1.50526,1.61818,10,8004,6.13899,3.37342
1776813046006737152,1.9229,-0.703125,0.234417,2.67029,1.44479,1.58772,10,8030,6.15893,3.52953
1776813046011729836,1.91252,-0.703125,0.243974,2.82641,1.44479,1.58772,10,8047,6.17197,3.68009
1776813046016725373,1.91252,-0.714844,0.257013,2.96525,1.68804,1.52926,10,8077,6.19498,3.6823
1776813046021712057,1.9098,-0.714844,0.277302,2.96746,1.68804,1.52926,10,8094,6.20802,3.68156
1776813046026725982,1.9098,-0.701172,0.29034,2.98039,1.66999,1.52345,10,8122,6.2295,3.37544
1776813046031723369,1.89903,-0.701172,0.301048,2.67427,1.66999,1.52345,10,8137,6.241,3.37409
1776813046036726220,1.89903,-0.685547,0.312552,2.68855,1.74073,1.47838,10,8149,6.2502,2.30093
1776813046041742626,1.89564,-0.685547,-0.309956,1.61538,1.74073,1.47838,10,8146,6.2479,0.306858
1776813046046731996,1.89564,2.14258,-0.312257,2.44944,1.97079,3.07335,10,8137,6.241,-1.53368
1776813046051734161,1.89659,2.14258,0.310117,0.6089,1.97079,3.07335,10,8136,6.24023,-0.460056
1776813046056732290,1.89659,3.94531,0.30935,3.48526,2.78679,4.10573,10,8135,6.23947,-0.153508
1776813046061745510,1.91164,3.94531,-0.304694,3.7918,2.78679,4.10573,10,8140,6.2433,0.460243
1776813046066734176,1.91164,1.64258,-0.300858,2.10282,3.01088,2.86858,10,8154,6.25404,1.687
1776813046071703417,1.91164,1.64258,-0.29012,3.32958,3.01088,2.86858,10,8164,6.26171,1.68743
1776813046076823263,1.95646,1.64258,-0.23763,3.33001,2.41826,3.09062,10,8179,6.27321,2.30001
1776813046081752969,1.95646,0.640625,-0.226125,2.94063,2.41826,3.09062,10,8197,6.28702,2.30149
1776813046086737931,1.97031,0.640625,-0.19847,2.94211,2.13262,2.58732,10,8213,6.29929,2.30139
1776813046091801039,1.97031,0.271484,-0.186199,2.57287,2.13262,2.58732,10,8225,6.3085,2.14801
1776813046096808333,1.97362,0.271484,-0.173681,2.41949,2.37198,2.39307,10,8239,6.31923,1.99373
1776813046101748835,1.97362,0.515625,-0.162943,2.50936,2.37198,2.39307,10,8253,6.32997,2.14801
1776813046106737242,1.97808,0.515625,-0.147741,2.66363,2.56516,2.55399,10,8271,6.34378,2.45438
1776813046111738945,1.97808,0.261719,-0.133935,2.71609,2.56516,2.55399,10,8286,6.35528,2.60522
1776813046116740684,1.97997,0.261719,-0.12054,2.86694,2.84736,2.41846,10,8305,6.36986,2.61034
1776813046121709518,1.97997,-0.160156,-0.105967,2.45018,2.84736,2.41846,10,8323,6.38366,2.76062
1776813046126731756,1.98024,-0.160156,-0.0918983,2.60046,2.73393,2.17927,10,8344,6.39977,2.91452
1776813046131726145,1.98024,-0.341797,-0.0757917,2.57273,2.73393,2.17927,10,8362,6.41357,3.06736
1776813046136730291,1.97886,-0.341797,-0.0633606,2.72556,2.45917,2.06905,10,8384,6.43045,3.06797
1776813046141783955,1.97886,-0.654297,-0.0464867,2.41367,2.45917,2.06905,10,8402,6.44425,3.06797
1776813046146767473,1.97886,-0.654297,-0.0326809,2.41367,1.84747,1.89092,10,8425,6.46189,3.22271
1776813046151737269,1.97025,-0.654297,-0.0236496,2.56841,1.84747,1.89092,10,8441,6.47417,3.22068
1776813046156776859,1.97025,-0.660156,-0.0113777,2.56052,1.86742,1.84561,10,8468,6.49487,3.37477
1776813046161775358,1.96365,-0.660156,0.00273146,2.71461,1.86742,1.84561,10,8484,6.50715,3.22068
1776813046166749692,1.96365,-0.621094,0.0150033,2.59958,1.95205,1.83561,10,8511,6.52786,3.37477
1776813046171721896,1.95446,-0.621094,0.0265209,2.75367,1.95205,1.83561,10,8526,6.53936,3.22206
1776813046176736598,1.95446,-0.65625,0.0380255,2.56581,1.90479,1.77049,10,8550,6.55777,3.37409
1776813046181749818,1.95144,-0.65625,0.0534097,2.71784,1.90479,1.77049,10,8571,6.57387,3.37535
1776813046186787260,1.95144,-0.841797,0.0695163,2.53355,1.8099,1.64986,10,8599,6.59535,3.37409
1776813046191757908,1.93989,-0.841797,0.0794417,2.5323,1.8099,1.64986,10,8614,6.60686,3.37409
1776813046196750093,1.93989,-0.835938,0.0909468,2.53816,1.787,1.59624,10,8639,6.62603,2.9152
1776813046201787090,1.93574,-0.835938,0.105969,2.07926,1.787,1.59624,10,8654,6.63754,3.22197
1776813046206753165,1.93574,-0.746094,0.117474,2.47587,1.82638,1.62691,10,8681,6.65824,3.22132
1776813046211741960,1.9236,-0.746094,0.126042,2.47523,1.82638,1.62691,10,8696,6.66975,3.22206
1776813046216739089,1.9236,-0.703125,0.137547,2.51894,1.53759,1.59116,10,8719,6.68739,3.22068
1776813046221726922,1.9236,-0.703125,0.155188,2.51755,1.53759,1.59116,10,8738,6.70196,3.22142
1776813046226797436,1.91996,-0.703125,0.166123,2.51829,1.56265,1.57305,10,8760,6.71884,3.06858
1776813046231792046,1.91996,-0.621094,0.182997,2.44749,1.56265,1.57305,10,8784,6.73724,3.22068
1776813046236747510,1.90707,-0.621094,0.188518,2.59958,1.62829,1.55544,10,8808,6.75565,3.22197
1776813046241756713,1.90707,-0.621094,0.206926,2.60087,1.62829,1.55544,10,8828,6.77099,3.52821
1776813046246727380,1.90079,-0.621094,0.215989,2.90712,1.62712,1.52398,10,8853,6.79017,3.52741
1776813046251725082,1.90079,-0.578125,0.235163,2.94929,1.62712,1.52398,10,8873,6.80551,3.37477
1776813046256723766,1.89493,-0.578125,0.244642,2.79664,1.42962,1.51902,10,8897,6.82391,3.37409
1776813046261741413,1.89493,-0.552734,0.26305,2.82136,1.42962,1.51902,10,8918,6.84002,3.37544
1776813046266731523,1.88921,-0.552734,0.273437,2.82271,1.42394,1.50468,10,8943,6.8592,3.67936
1776813046271722986,1.88921,-0.490234,0.292612,3.18912,1.42394,1.50468,10,8964,6.8753,3.53024
1776813046276734854,1.88407,-0.490234,0.303572,3.04,1.49106,1.51433,10,8982,6.88911,3.22142
1776813046281731928,1.88407,-0.244141,-0.31094,2.97728,1.49106,1.51433,10,8983,6.88987,1.38082
1776813046286732334,1.87986,-0.244141,0.313937,1.13667,2.00636,1.63332,10,8972,6.88144,-0.920023
1776813046291726926,1.87986,3.07422,0.3055,2.1542,2.00636,1.63332,10,8966,6.87684,-1.53399
1776813046296728295,1.87986,3.07422,0.300898,1.54023,2.73044,3.52479,10,8962,6.87377,-0.61384
1776813046301721887,1.8921,3.07422,0.310073,2.46038,2.73044,3.52479,10,8962,6.87377,-0.306797
1776813046306729089,1.8921,3.37109,0.310073,3.0643,2.4323,3.75582,10,8968,6.87837,0.153416
1776813046311763938,1.92885,3.37109,-0.276896,3.52451,2.4323,3.75582,10,8974,6.88297,1.38026
1776813046316744012,1.92885,1.36719,-0.272294,2.74745,2.39945,2.79735,10,8987,6.89294,1.38091
1776813046321706624,1.96367,1.36719,-0.227502,2.7481,2.39945,2.79735,10,8996,6.89985,1.84069
1776813046326737881,1.96367,1.50391,-0.2206,3.34459,2.0719,3.04694,10,9012,6.91212,1.84115
1776813046331728843,1.97075,1.50391,-0.201246,3.34506,2.0719,3.04694,10,9020,6.91825,1.84078
1776813046336726898,1.97075,0.867188,-0.19511,2.70797,2.23897,2.71863,10,9036,6.93053,1.99383
1776813046341747155,1.98717,0.867188,-0.166423,2.86102,2.23897,2.71863,10,9045,6.93743,1.84078
1776813046346743765,1.98717,0.96875,-0.15952,2.80953,2.77779,2.85641,10,9063,6.95123,1.99373
1776813046351721876,1.99172,0.96875,-0.141163,2.96248,2.77779,2.85641,10,9074,6.95967,2.30103
1776813046356732912,1.99172,0.404297,-0.132726,2.70532,2.85788,2.55672,10,9095,6.97578,2.45487
1776813046361726170,2.00215,0.404297,-0.106187,2.85916,2.85788,2.55672,10,9107,6.98498,2.60773
1776813046366769056,2.00215,0.193359,-0.0969835,2.80109,3.21024,2.4869,10,9127,7.00032,2.45438
1776813046371723076,2.00215,0.193359,-0.0816437,2.64774,3.21024,2.4869,10,9139,7.00953,2.45438
1776813046376732056,2.00359,0.193359,-0.0709973,2.64774,2.81028,2.49385,10,9157,7.02333,2.60773
1776813046381737369,2.00359,-0.388672,-0.0571915,2.21906,2.81028,2.49385,10,9178,7.03944,2.76117
1776813046386751682,2.00097,-0.388672,-0.0437065,2.3725,2.43928,2.14945,10,9195,7.05248,2.9152
1776813046391740663,2.00097,-0.525391,-0.0306679,2.38981,2.43928,2.14945,10,9218,7.07012,3.06726
1776813046396731440,1.99629,-0.525391,-0.0177117,2.54187,2.01645,2.0489,10,9239,7.08622,3.06736
1776813046401730828,1.99629,-0.537109,-0.00160514,2.53025,2.01645,2.0489,10,9257,7.10003,2.91579
1776813046406723827,1.99105,-0.537109,0.00696603,2.37868,1.9185,2.01689,10,9275,7.11384,3.06797
1776813046411732104,1.99105,-0.607422,0.0207719,2.46055,1.9185,2.01689,10,9298,7.13148,3.06736
1776813046416726640,1.98522,-0.607422,0.0325789,2.45993,2.06477,1.94853,10,9321,7.14912,3.22132
1776813046421713362,1.98522,-0.751953,0.0502195,2.46937,2.06477,1.94853,10,9343,7.16599,3.52812
1776813046426725194,1.97838,-0.751953,0.0602545,2.77617,2.35261,1.8329,10,9362,7.18056,3.52821
1776813046431736025,1.97838,-0.867188,0.0748271,2.66103,2.35261,1.8329,10,9388,7.20051,3.37544
1776813046436751246,1.97025,-0.867188,0.086636,2.50826,1.97797,1.72757,10,9412,7.21891,3.37409
1776813046441826130,1.97025,-0.933594,0.105044,2.4405,1.97797,1.72757,10,9433,7.23502,3.67862
1776813046446762910,1.96128,-0.933594,0.12829,2.59735,1.75586,1.68972,10,9465,7.25956,3.53094
1776813046451738965,1.96128,-0.880859,0.136727,2.65008,1.75586,1.68972,10,9486,7.27567,3.68156
1776813046456730224,1.95214,-0.880859,0.143694,2.8007,1.76951,1.63103,10,9506,7.29101,3.68156
1776813046461728612,1.95214,-0.775391,0.159034,2.90617,1.76951,1.63103,10,9527,7.30712,3.37477
1776813046466732555,1.94383,-0.775391,0.166836,2.59938,1.79216,1.65023,10,9546,7.32169,3.52882
1776813046471707537,1.94383,-0.722656,0.181408,2.80617,1.79216,1.65023,10,9573,7.3424,3.52812
1776813046476733627,1.93622,-0.722656,0.194501,2.80546,1.51472,1.64265,10,9599,7.36234,3.68083
1776813046481731108,1.93622,-0.826172,0.214443,2.85466,1.51472,1.64265,10,9621,7.37921,3.67715
1776813046486731699,1.92883,-0.826172,0.223925,2.85098,1.42249,1.54701,10,9641,7.39379,3.53245
1776813046491731957,1.92883,-0.869141,0.239264,2.66331,1.42249,1.54701,10,9666,7.41373,3.52812
1776813046496732253,1.91995,-0.869141,0.249566,2.65898,1.59368,1.47839,10,9691,7.4329,3.52812
1776813046501729418,1.91995,-0.835938,0.268741,2.69218,1.59368,1.47839,10,9718,7.45361,3.52751
1776813046506732250,1.91156,-0.835938,0.281061,2.69157,1.62512,1.45546,10,9740,7.47049,3.82955
1776813046511795173,1.91156,-0.777344,0.297934,3.05221,1.62512,1.45546,10,9759,7.48506,3.53316
1776813046516756451,1.91156,-0.777344,0.312507,2.75582,1.62667,1.48886,10,9772,7.49503,2.45428
1776813046521712933,1.9034,-0.777344,-0.313999,1.67694,1.62667,1.48886,10,9772,7.49503,1.07427
1776813046526811298,1.9034,1.1543,-0.313999,2.22856,2.09077,2.54905,10,9763,7.48813,-1.07362
1776813046531749800,1.89877,1.1543,0.302782,0.0806743,2.09077,2.54905,10,9761,7.48659,-0.767098
1776813046536738707,1.89877,3.17578,0.301248,2.40868,2.7919,3.67804,10,9760,7.48583,-0.153416
1776813046541750465,1.90913,3.17578,0.310837,3.02237,2.7919,3.67804,10,9763,7.48813,0.153416
1776813046546739353,1.90913,2.35156,0.313138,2.50498,2.9384,3.26015,10,9774,7.49656,1.22743
1776813046551739074,1.95659,2.35156,-0.259284,3.579,2.9384,3.26015,10,9782,7.5027,1.53399
1776813046556732462,1.95659,1.2168,-0.253148,2.75078,2.449,2.84855,10,9800,7.51651,1.99373
1776813046561732850,1.96533,1.2168,-0.230596,3.21053,2.449,2.84855,10,9814,7.52724,2.14844
1776813046566736997,1.96533,0.662109,-0.219858,2.81055,2.24534,2.57525,10,9830,7.53952,2.30057
1776813046571716700,1.98113,0.662109,-0.191786,2.96267,2.24534,2.57525,10,9841,7.54795,2.45438
1776813046576738717,1.98113,0.451172,-0.183348,2.90555,2.13942,2.53208,10,9860,7.56253,2.30047
1776813046581732549,1.98313,0.451172,-0.166779,2.75164,2.13942,2.53208,10,9871,7.57096,2.30139
1776813046586724197,1.98313,0.449219,-0.158343,2.75061,2.53882,2.54067,10,9891,7.5863,2.30149
1776813046591729770,1.98313,0.449219,-0.143003,2.7507,2.53882,2.54067,10,9903,7.59551,2.45339
1776813046596724139,1.99146,0.449219,-0.125471,2.90261,3.00436,2.58107,10,9922,7.61008,2.60877
1776813046601725064,1.99146,-0.146484,-0.110898,2.46229,3.00436,2.58107,10,9942,7.62542,2.91462
1776813046606736655,1.99341,-0.146484,-0.0936063,2.76814,2.79548,2.25096,10,9963,7.64153,2.76062
1776813046611731451,1.99341,-0.3125,-0.0774997,2.44812,2.79548,2.25096,10,9982,7.6561,3.06858
1776813046616729635,1.99249,-0.3125,-0.0638497,2.75608,2.5575,2.15187,10,10003,7.6722,3.2181
1776813046621701876,1.99249,-0.470703,-0.0477426,2.7474,2.5575,2.15187,10,10026,7.68985,2.91744
1776813046626726300,1.98618,-0.470703,-0.0364068,2.44674,1.93721,2.03114,10,10043,7.70288,3.06736
1776813046631727113,1.98618,-0.519531,-0.0233677,2.54783,1.93721,2.03114,10,10062,7.71746,3.06858
1776813046636737186,1.98429,-0.519531,-0.0106905,2.54905,1.88218,1.9941,10,10085,7.7351,3.22142
1776813046641730555,1.98429,-0.601562,0.00695008,2.61985,1.88218,1.9941,10,10109,7.75351,3.22132
1776813046646728962,1.9752,-0.601562,0.0162742,2.61976,2.11947,1.90315,10,10128,7.76808,3.37477
1776813046651722868,1.9752,-0.679688,0.0308472,2.69508,2.11947,1.90315,10,10148,7.78342,3.37409
1776813046656727849,1.97286,-0.679688,0.0438473,2.69441,1.87246,1.84721,10,10166,7.79722,3.22132
1776813046661724311,1.97286,-0.851562,0.0576531,2.36976,1.87246,1.84721,10,10190,7.81563,3.22142
1776813046666724754,1.97286,-0.851562,0.0760609,2.36985,1.73874,1.74925,10,10214,7.83404,3.37535
1776813046671705939,1.96009,-0.851562,0.0816957,2.52378,1.73874,1.74925,10,10231,7.84708,3.52751
1776813046676725863,1.96009,-0.880859,0.0947348,2.64665,1.82686,1.67008,10,10258,7.86779,3.37409
1776813046681725084,1.94703,-0.880859,0.102382,2.49323,1.82686,1.67008,10,10274,7.88006,3.22261
1776813046686729287,1.94703,-0.84375,0.114654,2.37886,1.90666,1.62703,10,10301,7.90077,3.36938
1776813046691736841,1.9384,-0.84375,0.126733,2.52563,1.90666,1.62703,10,10316,7.91227,3.22519
1776813046696791097,1.9384,-0.8125,0.138238,2.41269,1.79748,1.60224,10,10344,7.93375,3.22142
1776813046701747005,1.93433,-0.8125,0.155648,2.40892,1.79748,1.60224,10,10360,7.94602,3.37612
1776813046706774151,1.93433,-0.763672,0.16792,2.61245,1.43476,1.60995,10,10390,7.96903,3.52741
1776813046711762965,1.9265,-0.763672,0.183093,2.76374,1.43476,1.60995,10,10406,7.9813,3.52892
1776813046716737280,1.9265,-0.787109,0.195365,2.74181,1.42213,1.55771,10,10436,8.00431,3.52741
1776813046721710688,1.91471,-0.787109,0.206593,2.7403,1.42213,1.55771,10,10453,8.01735,3.6823
1776813046726730056,1.91471,-0.837891,0.219631,2.84441,1.69808,1.47009,10,10486,8.04266,3.83338
1776813046731739147,1.91085,-0.837891,0.24108,2.99549,1.69808,1.47009,10,10504,8.05647,3.98846
1776813046736726165,1.91085,-0.828125,0.254885,3.16033,1.73123,1.45636,10,10535,8.08024,3.6823
1776813046741749700,1.91085,-0.828125,0.278662,2.85418,1.73123,1.45636,10,10552,8.09328,3.68211
1776813046746749144,1.89785,-0.828125,0.2787,2.85399,1.54344,1.39119,10,10578,8.11322,3.68083
1776813046751743569,1.89785,-0.714844,0.298641,2.96598,1.54344,1.39119,10,10604,8.13317,3.68156
1776813046756735568,1.88629,-0.714844,0.30702,2.96672,1.31584,1.39752,10,10621,8.1462,3.06858
1776813046761734178,1.88629,-0.552734,-0.30826,2.51585,1.31584,1.39752,10,10629,8.15234,2.30103
1776813046766733677,1.87987,-0.552734,-0.308541,1.74829,1.5855,1.45748,10,10616,8.14237,-0.766792
1776813046771709973,1.87987,2.35156,0.309807,1.58477,1.5855,1.45748,10,10611,8.13854,-1.68743
1776813046776791061,1.88632,2.35156,0.312422,0.664131,2.59466,3.14553,10,10610,8.13777,-0.460243
1776813046781761543,1.88632,3.42969,0.311655,2.96944,2.59466,3.14553,10,10610,8.13777,0
1776813046786740321,1.92195,3.42969,-0.281034,3.42969,2.12153,3.93867,10,10621,8.1462,0.767136
1776813046791753652,1.92195,1.8418,-0.272597,2.60893,2.12153,3.93867,10,10631,8.15388,1.22743
1776813046796734541,1.94725,1.8418,-0.239623,3.06923,2.62469,3.1589,10,10638,8.15924,1.99453
1776813046801736466,1.94725,1.22266,-0.234255,3.21719,2.62469,3.1589,10,10657,8.17382,1.84041
1776813046806732650,1.96036,1.22266,-0.206576,3.06307,2.25338,2.87041,10,10672,8.18532,2.45487
1776813046811740667,1.96036,0.605469,-0.195071,3.06034,2.25338,2.87041,10,10681,8.19222,1.68724
1776813046816751684,1.96958,0.605469,-0.169739,2.75314,2.52848,2.51861,10,10701,8.20756,2.14767
1776813046821708537,1.96958,0.488281,-0.163603,2.63596,2.52848,2.51861,10,10714,8.21754,2.30103
1776813046826732479,1.97715,0.488281,-0.146065,2.78931,2.40106,2.53386,10,10728,8.22827,2.30037
1776813046831732163,1.97715,0.175781,-0.135327,2.47616,2.40106,2.53386,10,10743,8.23978,2.45438
1776813046836731385,1.9795,0.175781,-0.121477,2.63016,2.69735,2.36716,10,10759,8.25205,2.76072
1776813046841730161,1.9795,-0.171875,-0.109205,2.58884,2.69735,2.36716,10,10778,8.26662,2.60877
1776813046846728975,1.9793,-0.171875,-0.0948296,2.4369,2.892,2.16803,10,10796,8.28043,2.60721
1776813046851726789,1.9793,-0.419922,-0.0810242,2.18728,2.892,2.16803,10,10812,8.2927,2.60825
1776813046856727603,1.97625,-0.419922,-0.0718017,2.18833,2.56524,2.0118,10,10828,8.30497,2.76016
1776813046861727139,1.97625,-0.4375,-0.0595298,2.32266,2.56524,2.0118,10,10851,8.32261,2.91462
1776813046866751970,1.97187,-0.4375,-0.046269,2.47712,2.09419,1.98042,10,10872,8.33872,3.06778
1776813046871714952,1.97187,-0.566406,-0.0301624,2.50137,2.09419,1.98042,10,10896,8.35713,3.22216
1776813046876729395,1.96693,-0.566406,-0.0166965,2.65575,1.7855,1.8828,10,10914,8.37093,3.06797
1776813046881730616,1.96693,-0.634766,-0.00289015,2.4332,1.7855,1.8828,10,10937,8.38857,3.22132
1776813046886739133,1.96693,-0.634766,0.01475,2.58656,1.53131,1.84384,10,10956,8.40315,3.22132
1776813046891728595,1.95888,-0.634766,0.0212698,2.58656,1.53131,1.84384,10,10973,8.41619,3.5268
1776813046896731428,1.95888,-0.726562,0.0343084,2.80024,1.78553,1.75207,10,11003,8.4392,3.52943
1776813046901731093,1.9505,-0.726562,0.0489382,2.80287,1.78553,1.75207,10,11020,8.45223,3.68156
1776813046906758572,1.9505,-0.734375,0.0619769,2.94719,1.9707,1.70644,10,11049,8.47448,3.52892
1776813046911742813,1.94718,-0.734375,0.0809006,2.79454,1.9707,1.70644,10,11065,8.48675,3.37419
1776813046916774773,1.94718,-0.785156,0.0931725,2.58903,2.07953,1.66115,10,11093,8.50822,3.374
1776813046921734848,1.93543,-0.785156,0.102899,2.58884,2.07953,1.66115,10,11110,8.52126,3.52539
1776813046926729958,1.93543,-0.773438,0.115937,2.75196,1.66891,1.60979,10,11137,8.54197,3.22455
1776813046931741142,1.93173,-0.773438,0.132946,2.45111,1.66891,1.60979,10,11153,8.55424,3.37467
1776813046936733141,1.93173,-0.746094,0.145218,2.62858,1.65166,1.60705,10,11180,8.57495,3.37486
1776813046941879245,1.92398,-0.746094,0.158184,2.62877,1.65166,1.60705,10,11195,8.58646,3.22197
1776813046946808154,1.92398,-0.632812,0.169688,2.58915,1.62998,1.63316,10,11221,8.6064,3.06736
1776813046951756156,1.91349,-0.632812,0.179142,2.43454,1.62998,1.63316,10,11237,8.61867,3.22197
1776813046956845965,1.91349,-0.623047,0.209822,2.75047,1.6741,1.58646,10,11271,8.64475,3.37351
1776813046961780615,1.91171,-0.623047,0.215703,2.75047,1.6741,1.58646,10,11286,8.65625,3.52379
1776813046966750393,1.91171,-0.683594,0.227208,2.8402,1.31073,1.54301,10,11309,8.67389,3.22648
1776813046971727782,1.90221,-0.683594,0.235355,2.54289,1.31073,1.54301,10,11325,8.68617,3.37486
1776813046976732818,1.90221,-0.714844,0.247627,2.66002,1.42498,1.47767,10,11352,8.70687,3.22132
1776813046981740780,1.89866,-0.714844,0.264779,2.50648,1.42498,1.47767,10,11369,8.71991,3.52821
1776813046986734390,1.89866,-0.65625,0.277818,2.87196,1.51943,1.4932,10,11399,8.74292,3.5268
1776813046991736296,1.88685,-0.65625,0.289022,2.87055,1.51943,1.4932,10,11415,8.7552,3.52943
1776813046996738832,1.88685,-0.607422,0.301294,2.92201,1.70301,1.46159,10,11438,8.77284,2.91462
1776813047001733850,1.88508,-0.607422,-0.311151,2.3072,1.70301,1.46159,10,11441,8.77514,1.99373
1776813047006740108,1.88508,0.478516,-0.30885,2.47225,1.88398,2.07165,10,11426,8.76363,-1.22743
1776813047011735645,1.87823,0.478516,0.301106,-0.748918,1.88398,2.07165,10,11421,8.7598,-1.68743
1776813047016743829,1.87823,3.99609,0.297271,2.30866,2.67851,4.04199,10,11418,8.7575,-0.45996
1776813047021736995,1.89822,3.99609,-0.313357,3.53613,2.67851,4.04199,10,11418,8.7575,-0.153572
1776813047026734995,1.89822,2.74219,-0.313357,2.58862,2.66408,3.42811,10,11424,8.7621,0.613471
1776813047031727272,1.89822,2.74219,-0.308754,3.35566,2.66408,3.42811,10,11434,8.76977,1.07384
1776813047036731179,1.93223,2.74219,-0.267075,3.81602,2.56112,3.59786,10,11445,8.7782,1.84078
1776813047041724938,1.93223,1.29688,-0.258638,3.13766,2.56112,3.59786,10,11460,8.78971,1.99254
1776813047046721845,1.96174,1.29688,-0.217619,3.28941,2.16667,2.91949,10,11473,8.79968,2.14939
1776813047051723363,1.96174,0.689453,-0.207648,2.83885,2.16667,2.91949,10,11487,8.81042,2.29919
1776813047056736399,1.97092,0.689453,-0.187729,2.98864,2.46369,2.61816,10,11504,8.82346,2.45634
1776813047061725121,1.97092,0.65625,-0.174691,3.11259,2.46369,2.61816,10,11521,8.8365,2.30037
1776813047066724250,1.97754,0.65625,-0.155037,2.95662,2.636,2.63148,10,11535,8.84723,2.30149
1776813047071707639,1.97754,0.5625,-0.1443,2.86399,2.636,2.63148,10,11551,8.85951,2.60773
1776813047076729767,1.97896,0.5625,-0.130602,3.17023,2.8564,2.58499,10,11569,8.87331,2.60773
1776813047081731007,1.97896,0.0742188,-0.116795,2.68195,2.8564,2.58499,10,11588,8.88789,2.60792
1776813047086731340,1.98408,0.0742188,-0.0971024,2.68214,3.0497,2.33156,10,11603,8.89939,2.60773
1776813047091724395,1.98408,-0.107422,-0.0855983,2.50031,3.0497,2.33156,10,11621,8.9132,2.9152
1776813047096760374,1.98409,-0.107422,-0.0717895,2.80778,2.8416,2.22803,10,11641,8.92854,2.91385
1776813047101753355,1.98409,-0.429688,-0.0564497,2.48416,2.8416,2.22803,10,11664,8.94618,3.06736
1776813047106737892,1.9793,-0.429688,-0.0305584,2.48551,2.17211,2.04434,10,11690,8.96612,2.9152
1776813047111739521,1.9793,-0.601562,-0.0236557,2.31364,2.17211,2.04434,10,11706,8.97839,3.06491
1776813047116731706,1.97216,-0.601562,-0.0185197,2.46334,1.81884,1.88833,10,11723,8.99143,2.91754
1776813047121719484,1.97216,-0.603516,-0.00548105,2.31402,1.81884,1.88833,10,11742,9.006,2.91501
1776813047126736261,1.96931,-0.603516,0.00624296,2.3115,1.68838,1.8733,10,11759,9.01904,3.22132
1776813047131734445,1.96931,-0.597656,0.0192816,2.62366,1.68838,1.8733,10,11779,9.03438,3.21829
1776813047136735556,1.96647,-0.597656,0.0317766,2.62064,1.87821,1.86274,10,11801,9.05125,3.06981
1776813047141751777,1.96647,-0.630859,0.04865,2.43895,1.87821,1.86274,10,11823,9.06813,3.06858
1776813047146731962,1.95564,-0.630859,0.0546949,2.43772,2.13019,1.79073,10,11840,9.08117,2.91385
1776813047151731832,1.95564,-0.666016,0.0677335,2.24783,2.13019,1.79073,10,11859,9.09574,3.22261
1776813047156728368,1.95423,-0.666016,0.0808947,2.55659,2.03704,1.76376,10,11883,9.11415,3.22151
1776813047161729423,1.95423,-0.753906,0.0993025,2.46761,2.03704,1.76376,10,11908,9.13332,3.374
1776813047166729756,1.94145,-0.753906,0.105704,2.62009,1.83794,1.65073,10,11926,9.14713,3.37554
1776813047171706312,1.94145,-0.767578,0.119509,2.60796,1.83794,1.65073,10,11946,9.16247,3.22132
1776813047176728699,1.94145,-0.767578,0.134849,2.45374,1.7819,1.64293,10,11968,9.17934,3.22132
1776813047181729569,1.93613,-0.767578,0.146405,2.45374,1.7819,1.64293,10,11990,9.19621,3.5268
1776813047186737494,1.93613,-0.675781,0.163279,2.85102,1.72275,1.66896,10,12020,9.21922,3.52873
1776813047191727049,1.92513,-0.675781,0.175285,2.85295,1.72275,1.66896,10,12037,9.23226,3.68156
1776813047196741085,1.92513,-0.648438,0.188323,3.03313,1.46594,1.62996,10,12067,9.25527,3.52892
1776813047201788249,1.91851,-0.648438,0.20471,2.88048,1.46594,1.62996,10,12084,9.26831,3.68083
1776813047206747695,1.91851,-0.662109,0.217749,3.01872,1.42389,1.5892,10,12114,9.29132,3.52892
1776813047211735713,1.91191,-0.662109,0.234158,2.86681,1.42389,1.5892,10,12131,9.30436,3.68156
1776813047216741231,1.91191,-0.677734,0.247196,3.00383,1.53701,1.54735,10,12162,9.32814,3.68156
1776813047221708287,1.90537,-0.677734,0.264437,3.00383,1.53701,1.54735,10,12179,9.34118,3.68137
1776813047226729415,1.90537,-0.638672,0.277476,3.0427,1.77545,1.53691,10,12207,9.36265,3.37486
1776813047231728230,1.89861,-0.638672,0.292193,2.73619,1.77545,1.53691,10,12223,9.37492,3.37467
1776813047236734340,1.89861,-0.583984,0.304465,2.79069,1.77746,1.53417,10,12246,9.39256,3.22151
1776813047241738413,1.8924,-0.583984,-0.312425,2.63753,1.77746,1.53417,10,12252,9.39717,2.14663
1776813047246751634,1.8924,-0.210938,-0.307824,1.93569,1.6507,1.71556,10,12244,9.39103,-0.306824
1776813047251736116,1.88797,-0.210938,0.304561,-1.89837,2.74934,1.69324,10,12235,9.38413,-1.68743
1776813047256738763,1.88797,3.51367,0.303027,1.82624,2.74934,1.69324,10,12235,9.38413,-0.613349
1776813047261726800,1.90335,3.51367,-0.309911,2.90032,2.74934,1.69324,10,12233,9.38259,-0.306954
1776813047266737503,1.90335,3.00977,-0.311446,2.70281,2.87663,3.60639,10,12239,9.3872,0
1776813047271725429,1.94069,3.00977,-0.269507,3.00977,2.87663,3.60639,10,12241,9.38873,1.22694
1776813047276733761,1.94069,1.4375,-0.267973,2.66444,1.66249,2.89605,10,12255,9.39947,1.22719
1776813047281731705,1.96382,1.4375,-0.234104,2.66469,1.66249,2.89605,10,12263,9.4056,1.68811
1776813047286726982,1.96382,1.51367,-0.227968,3.20178,2.19245,3.05323,10,12276,9.41557,1.53347
1776813047291742759,1.97804,1.51367,-0.203771,3.04714,2.19245,3.05323,10,12283,9.42094,1.68657
1776813047296879567,1.97804,0.90625,-0.198402,2.59282,1.85164,2.77645,10,12299,9.43322,1.84189
1776813047301791941,1.98975,0.90625,-0.174426,2.74814,1.85164,2.77645,10,12306,9.43858,1.53408
1776813047306757238,1.98975,1.19531,-0.169057,2.72939,2.39218,2.99806,10,12319,9.44855,1.53389
1776813047311738090,2.00017,1.19531,-0.148664,2.7292,2.39218,2.99806,10,12327,9.45469,1.68507
1776813047316738367,2.00017,0.90625,-0.142528,2.59132,2.888,2.8837,10,12343,9.46696,1.84299
1776813047321714275,2.00017,0.90625,-0.130256,2.74924,2.888,2.8837,10,12354,9.4754,2.14791
1776813047326731237,2.0165,0.90625,-0.105492,3.05416,3.83899,2.96224,10,12369,9.4869,2.1481
1776813047331733217,2.0165,0.207031,-0.093987,2.35514,3.83899,2.96224,10,12389,9.50224,2.45389
1776813047336728143,2.0255,0.207031,-0.0696444,2.66092,3.4721,2.60677,10,12405,9.51452,2.91385
1776813047341756271,2.0255,-0.300781,-0.0573726,2.61306,3.4721,2.60677,10,12427,9.53139,2.9152
1776813047346745770,2.02504,-0.300781,-0.0409646,2.61442,2.89881,2.31509,10,12444,9.54443,3.06797
1776813047351755066,2.02504,-0.636719,-0.027925,2.43125,2.89881,2.31509,10,12467,9.56207,2.9152
1776813047356733455,2.02024,-0.636719,-0.01508,2.27848,2.248,2.10067,10,12485,9.57588,3.21553
1776813047361739065,2.02024,-0.660156,-0.00127457,2.55538,2.248,2.10067,10,12509,9.59428,3.0735
1776813047366726287,2.0136,-0.660156,0.0104928,2.41335,1.8917,2.05547,10,12529,9.60962,3.52751
1776813047371780821,2.0136,-0.679688,0.0258326,2.84782,1.8917,2.05547,10,12556,9.63033,3.68156
1776813047376767321,2.00698,-0.679688,0.0399222,3.00188,1.72678,2.01253,10,12576,9.64567,3.67936
1776813047381742933,2.00698,-0.742188,0.0552611,2.93717,1.72678,2.01253,10,12603,9.66638,3.53014
1776813047386808392,1.99992,-0.742188,0.0689082,2.78795,1.83077,1.94287,10,12624,9.68249,3.6823
1776813047391752765,1.99992,-0.873047,0.0850148,2.80925,1.83077,1.94287,10,12653,9.70473,3.83415
1776813047396745024,1.99191,-0.873047,0.114586,2.96283,2.11632,1.86828,10,12684,9.72851,3.83587
1776813047401736968,1.99191,-1.0332,0.123024,2.80267,2.11632,1.86828,10,12705,9.74461,3.52802
1776813047406764911,1.97688,-1.0332,0.124105,2.49482,2.18751,1.6653,10,12725,9.75995,3.52821
1776813047411800871,1.97688,-1.05664,0.139445,2.47157,2.18751,1.6653,10,12746,9.77606,3.52751
1776813047416754225,1.9723,-1.05664,0.150972,2.47087,1.94887,1.62962,10,12766,9.7914,3.52802
1776813047421714096,1.9723,-1.00586,0.166312,2.52216,1.94887,1.62962,10,12793,9.81211,3.6823
1776813047426745631,1.9622,-1.00586,0.176922,2.67644,1.50411,1.60919,10,12814,9.82821,3.68156
1776813047431738446,1.9622,-0.982422,0.193029,2.69914,1.50411,1.60919,10,12840,9.84816,3.52821
1776813047436764685,1.95235,-0.982422,0.20312,2.54579,1.50404,1.57419,10,12860,9.8635,3.52821
1776813047441750537,1.95235,-0.996094,0.21846,2.53212,1.50404,1.57419,10,12886,9.88344,3.52802
1776813047446743758,1.93768,-0.996094,0.22373,2.53193,1.55156,1.49404,10,12907,9.89954,3.68083
1776813047451735406,1.93768,-0.994141,0.239836,2.68669,1.55156,1.49404,10,12936,9.92179,3.83511
1776813047456785848,1.93218,-0.994141,0.256574,2.84097,1.63882,1.46789,10,12957,9.93789,3.83492
1776813047461764311,1.93218,-0.945312,0.272682,2.8896,1.63882,1.46789,10,12985,9.95937,3.68083
1776813047466760903,1.91823,-0.945312,0.29708,2.89037,1.55896,1.49572,10,13019,9.98545,3.83568
1776813047471715423,1.91823,-0.921875,0.306283,2.91381,1.55896,1.49572,10,13037,9.99925,3.98906
1776813047476771402,1.91285,-0.921875,-0.313599,3.06719,1.7431,1.41293,10,13056,10.0138,3.83415
1776813047481759531,1.91285,-0.310547,-0.299027,3.5236,1.7431,1.41293,10,13062,10.0184,1.99472
1776813047486734550,1.90153,-0.310547,-0.305746,1.68418,1.8372,1.7047,10,13052,10.0108,-0.767136
1776813047491740031,1.90153,1.54492,-0.313417,0.777786,1.8372,1.7047,10,13047,10.0069,-1.38054
1776813047496737512,1.90494,1.54492,-0.313849,0.164383,2.64656,2.77938,10,13047,10.0069,-0.15332
1776813047501735456,1.90494,2.59766,-0.313849,2.44434,2.64656,2.77938,10,13049,10.0085,0
1776813047506725604,1.94956,2.59766,-0.267696,2.59766,2.57795,3.60108,10,13058,10.0154,1.07362
1776813047511733214,1.94956,1.98438,-0.260792,3.058,2.57795,3.60108,10,13072,10.0261,1.84152
1776813047516731954,1.96096,1.98438,-0.23865,3.82589,2.42001,3.30753,10,13082,10.0338,1.68724
1776813047521721454,1.96096,1.0625,-0.230979,2.74974,2.42001,3.30753,10,13099,10.0468,2.30057
1776813047526735138,1.97846,1.0625,-0.200438,3.36307,2.14974,2.86755,10,13118,10.0614,2.60825
1776813047531737008,1.97846,0.578125,-0.185865,3.18637,2.14974,2.86755,10,13131,10.0714,2.14725
1776813047536731933,1.97846,0.578125,-0.175894,2.72537,2.19266,2.59145,10,13149,10.0852,2.60773
1776813047541755802,1.98254,0.578125,-0.15801,3.18585,2.19266,2.59145,10,13162,10.0951,2.60825
1776813047546743932,1.98254,0.539062,-0.148039,3.14731,2.433,2.58903,10,13184,10.112,2.60721
1776813047551745301,1.99001,0.539062,-0.123697,3.14627,2.433,2.58903,10,13196,10.1212,2.76072
1776813047556731338,1.99001,0.0664062,-0.114493,2.82712,2.87988,2.35585,10,13218,10.1381,2.60668
1776813047561736930,1.99268,0.0664062,-0.0949528,2.67309,2.87988,2.35585,10,13231,10.1481,2.60877
1776813047566733189,1.99268,-0.0957031,-0.0849812,2.51307,3.28287,2.27637,10,13254,10.1657,2.76182
1776813047571710208,1.99294,-0.0957031,-0.0670807,2.66612,3.28287,2.27637,10,13267,10.1757,2.76108
1776813047576742724,1.99294,-0.523438,-0.0571101,2.23764,2.69929,2.03382,10,13291,10.1941,2.76072
1776813047581735354,1.98982,-0.523438,-0.0418198,2.23728,2.69929,2.03382,10,13305,10.2048,3.0692
1776813047586747390,1.98982,-0.601562,-0.0310814,2.46764,2.18184,1.97419,10,13332,10.2255,3.22068
1776813047591728316,1.98424,-0.601562,-0.0159495,2.61911,2.18184,1.97419,10,13347,10.237,3.06736
1776813047596729704,1.98424,-0.697266,-0.0044453,2.37009,1.67733,1.89258,10,13371,10.2554,3.0692
1776813047601725278,1.97373,-0.697266,0.00344921,2.37193,1.67733,1.89258,10,13385,10.2662,2.91443
1776813047606737758,1.97373,-0.636719,0.0310609,2.42819,1.7903,1.87593,10,13417,10.2907,3.06491
1776813047611726073,1.97042,-0.636719,0.035424,2.42819,1.7903,1.87593,10,13431,10.3014,3.22474
1776813047616728183,1.97042,-0.626953,0.0461614,2.59778,1.87714,1.86536,10,13454,10.3191,3.22132
1776813047621751441,1.96165,-0.626953,0.0550325,2.59437,1.87714,1.86536,10,13470,10.3314,3.37332
1776813047626762717,1.96165,-0.640625,0.0673044,2.7327,1.93198,1.81467,10,13497,10.3521,3.22197
1776813047631746162,1.95837,-0.640625,0.0847271,2.58134,1.93198,1.81467,10,13513,10.3643,3.37419
1776813047636732292,1.95837,-0.832031,0.0969989,2.54216,1.89399,1.68946,10,13544,10.3881,3.68304
1776813047641735328,1.94748,-0.832031,0.109886,2.85101,1.89399,1.68946,10,13562,10.4019,3.68083
1776813047646738716,1.94748,-0.867188,0.123692,2.81364,1.83296,1.61587,10,13592,10.4249,3.6823
1776813047651739734,1.94306,-0.867188,0.142281,2.81511,1.83296,1.61587,10,13609,10.438,3.68009
1776813047656735011,1.94306,-0.777344,0.15532,2.90275,1.79014,1.64528,10,13638,10.4602,3.52873
1776813047661733251,1.93063,-0.777344,0.165136,2.75138,1.79014,1.64528,10,13656,10.474,3.52821
1776813047666729658,1.93063,-0.728516,0.178942,2.7997,1.60264,1.61163,10,13685,10.4963,3.6823
1776813047671709640,1.92689,-0.728516,0.197448,2.95378,1.60264,1.61163,10,13702,10.5093,3.52821
1776813047676738953,1.92689,-0.681641,0.210487,2.84657,1.37649,1.6198,10,13731,10.5315,3.52732
1776813047681732045,1.91672,-0.681641,0.2356,2.84587,1.42093,1.56918,10,13760,10.5538,3.52751
1776813047686741618,1.91672,-0.753906,0.244804,2.7736,1.42093,1.56918,10,13776,10.5661,3.37621
1776813047691731915,1.90944,-0.753906,0.24979,2.62231,1.42093,1.56918,10,13795,10.5806,3.68083
1776813047696732358,1.90944,-0.777344,0.264362,2.90348,1.73882,1.47823,10,13825,10.6036,3.68137
1776813047701729580,1.90558,-0.777344,0.283517,2.90403,1.73882,1.47823,10,13842,10.6167,3.68156
1776813047706737283,1.90558,-0.775391,0.296555,2.90617,1.67438,1.46004,10,13871,10.6389,3.52821
1776813047711772429,1.89778,-0.775391,0.310993,2.75282,1.67438,1.46004,10,13881,10.6466,2.91462
1776813047716760058,1.89778,-0.222656,-0.309655,2.69196,1.84542,1.73594,10,13885,10.6497,1.07405
1776813047721714856,1.88795,-0.222656,0.311906,0.851396,1.84542,1.73594,10,13878,10.6443,-0.613349
1776813047726744169,1.88795,1.54297,0.306536,0.92962,2.33193,2.69287,10,13874,10.6412,-0.920855
1776813047731747446,1.8913,1.54297,0.30682,0.622114,2.33193,2.69287,10,13873,10.6405,-0.306702
1776813047736738612,1.8913,2.63281,0.306053,2.32611,2.86595,3.33098,10,13876,10.6428,0
1776813047741760259,1.9384,2.63281,-0.272866,2.63281,2.86595,3.33098,10,13883,10.6481,1.07365
1776813047746740870,1.9384,2.03906,-0.267497,3.11271,2.47876,3.22764,10,13895,10.6573,1.38073
1776813047751734778,1.95076,2.03906,-0.237497,4.0328,2.35953,3.28861,10,13913,10.6711,1.99373
1776813047756729333,1.95076,0.910156,-0.232128,2.90389,2.35953,3.28861,10,13927,10.6819,1.99413
1776813047761731017,1.96759,0.910156,-0.204564,2.90429,2.35953,3.28861,10,13939,10.6911,2.45487
1776813047766726628,1.96759,0.402344,-0.19536,2.85721,2.17903,2.43821,10,13955,10.7034,2.45389
1776813047771700869,1.97089,0.402344,-0.17979,2.85623,2.17903,2.43821,10,13965,10.711,2.14748
1776813047776725312,1.97089,0.59375,-0.17212,2.74123,2.5507,2.56343,10,13984,10.7256,2.30057
1776813047781737292,1.97683,0.59375,-0.151599,2.89432,2.5507,2.56343,10,13995,10.734,2.1481
1776813047786734273,1.97683,0.375,-0.143162,2.5231,2.64875,2.46774,10,14017,10.7509,2.60773
1776813047791739587,1.97943,0.375,-0.123691,2.98273,2.64875,2.46774,10,14031,10.7609,2.76163
1776813047796739883,1.97943,-0.203125,-0.112952,2.55851,3.01719,2.15086,10,14054,10.7793,2.91462
1776813047801793695,1.98041,-0.203125,-0.0943355,2.71149,3.01719,2.15086,10,14069,10.7908,3.06797
1776813047806761918,1.98041,-0.330078,-0.0828304,2.73789,2.74425,2.08325,10,14096,10.8115,3.06736
1776813047811741751,1.97898,-0.330078,-0.0635462,2.73728,2.74425,2.08325,10,14111,10.823,3.22068
1776813047816800619,1.97898,-0.621094,-0.052041,2.59958,2.21348,1.91044,10,14137,10.8429,3.06858
1776813047821737399,1.9716,-0.621094,-0.0287485,2.60087,1.72282,1.87444,10,14162,10.8621,3.22197
1776813047826738953,1.9716,-0.603516,-0.0203113,2.61845,1.72282,1.87444,10,14177,10.8736,3.06736
1776813047831772692,1.96499,-0.603516,-0.0154095,2.46384,1.72282,1.87444,10,14197,10.889,3.37486
1776813047836761544,1.96499,-0.546875,-6.96007e-05,2.82799,1.73322,1.88447,10,14220,10.9066,3.06736
1776813047841740600,1.95932,-0.546875,0.0119009,2.52048,1.73322,1.88447,10,14235,10.9181,3.22261
1776813047846736821,1.95932,-0.550781,0.0234051,2.67183,1.74982,1.85447,10,14261,10.9381,3.22003
1776813047851801299,1.95654,-0.550781,0.0405655,2.66925,1.74982,1.85447,10,14276,10.9496,3.0692
1776813047856755801,1.95654,-0.585938,0.0520697,2.48326,1.67915,1.82078,10,14303,10.9703,3.22132
1776813047861737079,1.95094,-0.585938,0.0671787,2.63538,1.67915,1.82078,10,14318,10.9818,3.22068
1776813047866748874,1.95094,-0.689453,0.0786839,2.53122,1.7738,1.73425,10,14345,11.0025,3.37082
1776813047871714301,1.94445,-0.689453,0.0929032,2.68136,1.7738,1.73425,10,14360,11.014,3.2239
1776813047876730800,1.94445,-0.765625,0.104407,2.45828,1.88978,1.65885,10,14386,11.0339,3.0692
1776813047881728521,1.93728,-0.765625,0.117176,2.30357,1.88978,1.65885,10,14400,11.0447,3.06797
1776813047886728021,1.93728,-0.703125,0.127914,2.36485,1.90676,1.65904,10,14427,11.0654,3.06858
1776813047891733279,1.93728,-0.703125,0.148623,2.36546,1.90676,1.65904,10,14442,11.0769,3.22068
1776813047896734204,1.92648,-0.703125,0.149327,2.51755,1.50967,1.60549,10,14465,11.0945,3.37486
1776813047901743463,1.92648,-0.601562,0.166967,2.7733,1.50967,1.60549,10,14490,11.1137,3.37467
1776813047906776090,1.92006,-0.601562,0.179722,2.77311,1.59078,1.63144,10,14513,11.1313,3.22068
1776813047911741165,1.92006,-0.587891,0.197363,2.63279,1.59078,1.63144,10,14532,11.1459,3.22261
1776813047916734646,1.9139,-0.587891,0.205781,2.63472,1.59472,1.60854,10,14558,11.1658,3.37419
1776813047921710184,1.9139,-0.648438,0.225722,2.72575,1.59472,1.60854,10,14580,11.1827,3.6823
1776813047926726868,1.90428,-0.648438,0.232975,3.03386,1.64643,1.52589,10,14606,11.2027,3.83492
1776813047931726830,1.90428,-0.648438,0.252916,3.18648,1.64643,1.52589,10,14628,11.2195,3.68156
1776813047936727237,1.90112,-0.648438,0.266632,3.03313,1.42262,1.51004,10,14653,11.2387,3.52751
1776813047941755402,1.90112,-0.539062,0.285807,2.98845,1.42262,1.51004,10,14675,11.2556,3.52802
1776813047946748105,1.8922,-0.539062,0.293759,2.98896,1.45276,1.52754,10,14699,11.274,3.68156
1776813047951726457,1.8922,-0.517578,0.312167,3.16399,1.45276,1.52754,10,14713,11.2847,3.06797
1776813047956741864,1.88955,-0.517578,-0.30807,2.55039,1.59572,1.52639,10,14714,11.2855,1.22694
1776813047961788713,1.88955,1.37891,-0.307303,2.60585,1.59572,1.52639,10,14704,11.2778,-0.92048
1776813047966743788,1.88955,1.37891,0.313345,0.458426,2.4957,2.60739,10,14699,11.274,-1.22743
1776813047971719381,1.88884,1.37891,0.308804,0.151473,2.4957,2.60739,10,14697,11.2725,-0.460243
1776813047976732047,1.88884,3.08008,0.30727,2.61983,2.83149,3.57349,10,14696,11.2717,-0.306831
1776813047981733305,1.93563,3.08008,-0.275022,2.77325,2.83149,3.57349,10,14701,11.2755,0.460243
1776813047986733212,1.93563,1.46484,-0.271187,1.92509,2.37851,2.88663,10,14714,11.2855,1.38082
1776813047991745970,1.95958,1.46484,-0.237267,2.84566,2.37851,2.88663,10,14722,11.2916,1.68608
1776813047996734248,1.95958,1.2793,-0.231131,2.96538,2.30725,2.89888,10,14737,11.3031,1.68844
1776813048001735321,1.96758,1.2793,-0.211625,2.96774,2.30725,2.89888,10,14747,11.3108,1.99453
1776813048006731247,1.96758,0.712891,-0.203955,2.70742,2.12788,2.6152,10,14764,11.3238,2.30103
1776813048011741561,1.98351,0.712891,-0.174989,3.01392,2.12788,2.6152,10,14774,11.3315,1.84041
1776813048016729932,1.98351,0.759766,-0.167319,2.60018,2.36583,2.71953,10,14789,11.343,1.99413
1776813048021712359,1.98786,0.759766,-0.151466,2.7539,2.36583,2.71953,10,14799,11.3507,1.99413
1776813048026724802,1.98786,0.433594,-0.143797,2.42773,2.74537,2.55472,10,14819,11.366,2.1481
1776813048031740728,1.99817,0.433594,-0.118147,2.5817,2.74537,2.55472,10,14830,11.3745,2.45438
1776813048036732376,1.99817,0.363281,-0.109709,2.81766,3.25889,2.56453,10,14850,11.3898,2.45438
1776813048041739542,1.99817,0.363281,-0.0943696,2.81766,3.25889,2.56453,10,14862,11.399,2.45389
1776813048046726246,2.00043,0.363281,-0.0829017,2.81717,2.91214,2.57546,10,14880,11.4128,2.45438
1776813048051721913,2.00043,-0.115234,-0.0690963,2.33914,2.91214,2.57546,10,14899,11.4274,2.60773
1776813048056723765,2.00188,-0.115234,-0.0530793,2.49249,2.59358,2.30968,10,14914,11.4389,2.60825
1776813048061752726,2.00188,-0.40625,-0.0415752,2.202,2.59358,2.30968,10,14936,11.4558,2.91404
1776813048066733282,1.99796,-0.40625,-0.0286138,2.50779,2.19481,2.12491,10,14957,11.4719,2.91035
1776813048071752763,1.99796,-0.476562,-0.0125072,2.43379,2.19481,2.12491,10,14975,11.4857,3.07166
1776813048076742226,1.99534,-0.476562,-0.00132249,2.59509,2.0902,2.07216,10,14998,11.5033,3.0692
1776813048081735467,1.99534,-0.585938,0.0163176,2.48326,2.0902,2.07216,10,15017,11.5179,3.22022
1776813048086729393,1.9876,-0.585938,0.0231488,2.63429,1.9129,1.97233,10,15040,11.5355,3.22132
1776813048091748429,1.9876,-0.673828,0.0407899,2.54749,1.9129,1.97233,10,15060,11.5509,3.37063
1776813048096748966,1.98428,-0.673828,0.0528071,2.6968,2.01265,1.90611,10,15086,11.5708,3.53387
1776813048101733355,1.98428,-0.880859,0.0727485,2.65301,2.01265,1.90611,10,15108,11.5877,3.68083
1776813048106748373,1.97256,-0.880859,0.0779031,2.79997,2.00175,1.73106,10,15135,11.6084,3.68156
1776813048111734707,1.97256,-0.884766,0.0986112,2.7968,2.00175,1.73106,10,15156,11.6245,3.6823
1776813048116743465,1.97256,-0.884766,0.114718,2.79753,2.18335,1.72883,10,15181,11.6437,3.52732
1776813048121712226,1.96824,-0.884766,0.12958,2.64255,2.18335,1.72883,10,15199,11.6575,3.68083
1776813048126734114,1.96824,-0.867188,0.143385,2.81364,1.6542,1.71779,10,15229,11.6805,3.68304
1776813048131732280,1.95161,-0.867188,0.149761,2.81585,1.6542,1.71779,10,15246,11.6935,3.68009
1776813048136737761,1.95161,-0.828125,0.162799,2.85197,1.51863,1.65849,10,15275,11.7158,3.52963
1776813048141749001,1.94326,-0.828125,0.176689,2.7015,1.51863,1.65849,10,15291,11.7281,3.36928
1776813048146746094,1.94326,-0.814453,0.188961,2.55483,1.65493,1.62512,10,15319,11.7495,3.37959
1776813048151725058,1.93914,-0.814453,0.206318,2.56514,1.65493,1.62512,10,15336,11.7626,3.52398
1776813048156741001,1.93914,-0.847656,0.219357,2.67633,1.66366,1.58585,10,15367,11.7863,3.53155
1776813048161725539,1.9269,-0.847656,0.230893,2.6839,1.66366,1.58585,10,15385,11.8001,3.83415
1776813048166724798,1.9269,-0.882812,0.244699,2.95134,1.76248,1.50515,10,15415,11.8232,3.68377
1776813048171711484,1.92261,-0.882812,0.263418,2.80096,1.76248,1.50515,10,15432,11.8362,3.68083
1776813048176738630,1.92261,-0.884766,0.276457,2.79606,1.48983,1.4827,10,15463,11.86,3.52892
1776813048181730408,1.90901,-0.884766,0.286633,2.64415,1.48983,1.4827,10,15481,11.8738,3.83492
1776813048186727538,1.90901,-0.84375,0.300439,2.99117,1.34724,1.43822,10,15505,11.8922,3.37486
1776813048191739778,1.90901,-0.84375,-0.309472,2.53111,1.34724,1.43822,10,15510,11.896,2.14705
1776813048196721723,1.90495,-0.84375,-0.30969,1.3033,1.62601,1.41792,10,15505,11.8922,-0.306763
1776813048201725686,1.90495,2.75391,-0.313524,2.44714,1.62601,1.41792,10,15499,11.8876,-1.2267
1776813048206722019,1.90385,2.75391,0.309091,1.52721,2.67959,3.46307,10,15497,11.8861,-0.460335
1776813048211728130,1.90385,3.04102,0.307557,2.58068,2.67959,3.46307,10,15497,11.8861,0
1776813048216777572,1.93814,3.04102,-0.286471,3.04102,2.29852,3.79747,10,15505,11.8922,0.460243
1776813048221723945,1.93814,1.48047,-0.280335,1.94071,2.29852,3.79747,10,15514,11.8991,1.22743
1776813048226742166,1.96197,1.48047,-0.249607,2.7079,2.46866,3.02524,10,15527,11.9091,1.84078
1776813048231852179,1.96197,1.3125,-0.239636,3.15328,2.46866,3.02524,10,15539,11.9183,1.84041
1776813048236750961,1.97425,1.3125,-0.218152,3.15291,2.13211,2.98952,10,15553,11.929,1.84078
1776813048241735592,1.97425,0.572266,-0.207414,2.41305,2.13211,2.98952,10,15567,11.9397,2.45487
1776813048246842087,1.98398,0.572266,-0.186947,3.02713,2.52106,2.61493,10,15584,11.9528,2.30037
1776813048251758738,1.98398,0.613281,-0.173909,2.91366,2.52106,2.61493,10,15600,11.965,2.45389
1776813048256739072,1.98975,0.613281,-0.155859,3.06717,2.50474,2.66633,10,15619,11.9796,2.76237
1776813048261731610,1.98975,0.121094,-0.141286,2.88347,2.50474,2.66633,10,15636,11.9927,2.76053
1776813048266733906,1.98975,0.121094,-0.128248,2.88162,2.75119,2.38578,10,15655,12.0072,2.76182
1776813048271703759,1.99411,0.121094,-0.109321,2.88291,2.75119,2.38578,10,15668,12.0172,2.76053
1776813048276725776,1.99411,-0.191406,-0.0993504,2.56912,3.10256,2.22874,10,15691,12.0348,2.76053
1776813048281726035,1.99385,-0.191406,-0.0819668,2.56912,3.10256,2.22874,10,15705,12.0456,2.76237
1776813048286733035,1.99385,-0.333984,-0.0712294,2.42839,2.7751,2.14622,10,15729,12.064,2.91404
1776813048291734257,1.99262,-0.333984,-0.0540518,2.58005,2.7751,2.14622,10,15744,12.0755,3.06858
1776813048296750811,1.99262,-0.548828,-0.0425467,2.51976,1.964,2.01781,10,15770,12.0954,3.06797
1776813048301730645,1.98591,-0.548828,-0.0293106,2.51914,1.964,2.01781,10,15784,12.1062,3.22132
1776813048306736793,1.98591,-0.613281,-0.0185732,2.60804,1.67417,1.94857,10,15809,12.1254,2.91385
1776813048311729775,1.98305,-0.613281,-0.00226061,2.30056,1.67417,1.94857,10,15823,12.1361,2.91462
1776813048316738330,1.98305,-0.558594,0.00847775,2.35603,1.63365,1.96584,10,15849,12.156,3.06858
1776813048321710738,1.97423,-0.558594,0.0195966,2.50999,1.63365,1.96584,10,15864,12.1675,3.22132
1776813048326734793,1.97423,-0.564453,0.0311018,2.65687,1.82482,1.91956,10,15891,12.1882,3.22151
1776813048331726922,1.97138,-0.564453,0.0489622,2.65706,1.82482,1.91956,10,15906,12.1997,3.22003
1776813048336731978,1.97138,-0.738281,0.0604663,2.48175,2.11044,1.80659,10,15933,12.2205,3.22261
1776813048341758458,1.97138,-0.738281,0.0811754,2.48433,2.11044,1.80659,10,15949,12.2327,3.374
1776813048346746347,1.96149,-0.738281,0.0835577,2.63572,2.3066,1.75822,10,15973,12.2511,3.37486
1776813048351730088,1.96149,-0.859375,0.101965,2.51549,2.3066,1.75822,10,16000,12.2718,3.68156
1776813048356752476,1.94933,-0.859375,0.110511,2.82219,1.79164,1.62945,10,16026,12.2918,3.52732
1776813048361730421,1.94933,-0.882812,0.130453,2.64451,1.79164,1.62945,10,16046,12.3071,3.67789
1776813048366747661,1.94511,-0.882812,0.141572,2.79507,1.60289,1.59529,10,16066,12.3225,3.37959
1776813048371826120,1.94511,-0.78125,0.156911,2.59834,1.60289,1.59529,10,16092,12.3424,3.5268
1776813048376779382,1.93239,-0.78125,0.164132,2.74555,1.65526,1.59028,10,16118,12.3624,3.68009
1776813048381752105,1.93239,-0.767578,0.184074,2.91251,1.65526,1.59028,10,16141,12.38,3.68432
1776813048386751642,1.92854,-0.767578,0.197864,2.91674,1.62418,1.57897,10,16167,12.3999,3.83357
1776813048391740568,1.92854,-0.789062,0.217806,3.04451,1.62418,1.57897,10,16189,12.4168,3.52873
1776813048396739253,1.91709,-0.789062,0.223233,2.73967,1.524,1.50977,10,16215,12.4367,3.68156
1776813048401734846,1.91709,-0.837891,0.243175,2.84367,1.524,1.50977,10,16238,12.4544,3.83492
1776813048406726864,1.90875,-0.837891,0.252479,2.99702,1.43189,1.44029,10,16265,12.4751,3.68156
1776813048411728383,1.90875,-0.820312,0.273188,2.86125,1.43189,1.44029,10,16287,12.492,3.83434
1776813048416728086,1.90875,-0.820312,0.290062,3.01403,1.29431,1.45031,10,16311,12.5104,3.52873
1776813048421722994,1.90025,-0.820312,0.299964,2.70842,1.29431,1.45031,10,16327,12.5227,3.52821
1776813048426730697,1.90025,-0.730469,0.312236,2.79774,1.48344,1.45889,10,16343,12.5349,2.76163
1776813048431733104,1.88844,-0.730469,0.312699,2.03116,1.48344,1.45889,10,16340,12.5326,0.613594
1776813048436729826,1.88844,1.56445,0.310399,2.17805,2.18301,2.70757,10,16329,12.5242,-1.68724
1776813048441786490,1.88933,1.56445,0.302851,-0.122787,2.18301,2.70757,10,16329,12.5242,-0.460151
1776813048446753195,1.88933,3.73828,0.302851,3.27813,2.77049,3.95114,10,16328,12.5234,-0.153351
1776813048451745584,1.92173,3.73828,-0.293832,3.58493,2.77049,3.95114,10,16333,12.5273,0.306702
1776813048456738733,1.92173,1.87891,-0.289997,2.18561,2.97626,3.05364,10,16347,12.538,1.68777
1776813048461724844,1.94936,1.87891,-0.25163,3.56668,2.97626,3.05364,10,16357,12.5457,1.84078
1776813048466723381,1.94936,0.976562,-0.24396,2.81734,2.64919,2.67609,10,16375,12.5595,2.14705
1776813048471755991,1.9601,0.976562,-0.219413,3.12362,2.64919,2.67609,10,16387,12.5687,2.45438
1776813048476736751,1.9601,0.261719,-0.210209,2.71609,2.23702,2.32141,10,16407,12.584,2.30103
1776813048481741584,1.96738,0.261719,-0.187594,2.56274,2.23702,2.32141,10,16417,12.5917,2.30149
1776813048486726769,1.96738,0.429688,-0.179923,2.73117,2.08288,2.45277,10,16431,12.6024,1.84078
1776813048491725954,1.96738,0.429688,-0.169186,2.27047,2.08288,2.45277,10,16440,12.6093,1.68743
1776813048496723454,1.96997,0.429688,-0.159691,2.11712,1.93844,2.46543,10,16456,12.6216,2.14705
1776813048501751620,1.96997,0.300781,-0.14742,2.44784,1.93844,2.46543,10,16474,12.6354,2.45487
1776813048506733417,1.97877,0.300781,-0.124808,2.75565,2.73023,2.43489,10,16491,12.6484,2.45389
1776813048511738305,1.97877,0.283203,-0.111769,2.73709,2.73023,2.43489,10,16507,12.6607,2.60773
1776813048516726380,1.98021,0.283203,-0.0980646,2.89093,2.93457,2.43184,10,16527,12.6761,2.76072
1776813048521734175,1.98021,-0.283203,-0.0827247,2.47751,2.93457,2.43184,10,16545,12.6899,2.91501
1776813048526740527,1.98113,-0.283203,-0.0679933,2.63181,2.4081,2.11349,10,16562,12.7029,2.9152
1776813048531769211,1.98113,-0.5,-0.0549547,2.4152,2.4081,2.11349,10,16580,12.7167,3.06797
1776813048536743637,1.97945,-0.5,-0.0428306,2.56797,2.3078,1.98173,10,16602,12.7336,3.06736
1776813048541753211,1.97945,-0.568359,-0.0259563,2.499,2.3078,1.98173,10,16627,12.7527,3.22197
1776813048546742378,1.97049,-0.568359,-0.0157463,2.65361,1.57982,1.89907,10,16650,12.7704,3.37419
1776813048551743785,1.97049,-0.576172,0.00189479,2.79802,1.57982,1.89907,10,16669,12.785,3.22132
1776813048556752488,1.96764,-0.576172,0.0136212,2.64515,1.81333,1.88072,10,16692,12.8026,3.22197
1776813048561736711,1.96764,-0.566406,0.0312622,2.65556,1.81333,1.88072,10,16712,12.8172,3.22068
1776813048566744655,1.96764,-0.566406,0.0466021,2.65427,2.05182,1.88629,10,16735,12.8356,3.37554
1776813048571719767,1.95913,-0.566406,0.0557326,2.80913,2.05182,1.88629,10,16751,12.8479,3.37467
1776813048576730248,1.95913,-0.779297,0.0680044,2.59537,2.00982,1.72326,10,16780,12.8701,3.37419
1776813048581760802,1.94885,-0.779297,0.0799626,2.59489,2.00982,1.72326,10,16796,12.8816,3.52591
1776813048586743636,1.94885,-0.8125,0.0922344,2.71341,1.77122,1.65379,10,16822,12.9023,3.2239
1776813048591729877,1.94076,-0.8125,0.104087,2.4114,1.77122,1.65379,10,16837,12.9138,3.06736
1776813048596748895,1.94076,-0.746094,0.115592,2.32126,1.72543,1.65174,10,16864,12.9345,3.22216
1776813048601727062,1.93294,-0.746094,0.128481,2.47606,1.72543,1.65174,10,16880,12.9468,3.37265
1776813048606731247,1.93294,-0.679688,0.140753,2.69296,1.78547,1.6509,10,16907,12.9675,3.22261
1776813048611723432,1.92579,-0.679688,0.15432,2.54292,1.78547,1.6509,10,16923,12.9798,3.37486
1776813048616726988,1.92579,-0.640625,0.166591,2.73424,1.68968,1.63772,10,16950,13.0005,3.22132
1776813048621715229,1.91917,-0.640625,0.180678,2.5807,1.68968,1.63772,10,16965,13.012,3.22068
1776813048626765560,1.91917,-0.648438,0.192183,2.57224,1.44725,1.60031,10,16994,13.0342,3.37554
1776813048631751875,1.9162,-0.648438,0.211449,2.7271,1.44725,1.60031,10,17011,13.0473,3.52802
1776813048636737209,1.9162,-0.675781,0.224488,2.85224,1.53322,1.56988,10,17041,13.0703,3.68156
1776813048641734079,1.9162,-0.675781,0.247497,3.00578,1.53322,1.56988,10,17057,13.0826,3.52892
1776813048646732153,1.89643,-0.675781,0.240002,2.85314,1.7116,1.47088,10,17082,13.1017,3.5268
1776813048651738041,1.89643,-0.662109,0.259178,2.86469,1.7116,1.47088,10,17109,13.1224,3.52873
1776813048656808964,1.88978,-0.662109,0.273238,2.86662,1.65818,1.4452,10,17135,13.1424,3.68156
1776813048661768929,1.88978,-0.619141,0.29318,3.06242,1.65818,1.4452,10,17157,13.1593,3.83568
1776813048666746596,1.88023,-0.619141,0.300499,3.21654,1.47376,1.42143,10,17170,13.1692,3.06674
1776813048671866313,1.88023,-0.587891,0.310469,2.47885,1.47376,1.42143,10,17170,13.1692,0.61384
1776813048676763336,1.87786,-0.587891,0.308104,0.025949,1.77624,1.42727,10,17159,13.1608,-1.07343
1776813048681762502,1.87786,3.4043,0.299668,2.33086,1.77624,1.42727,10,17154,13.157,-1.22719
1776813048686720782,1.88866,3.4043,0.306632,2.17711,2.68708,3.7574,10,17151,13.1547,-0.460151
1776813048691727633,1.88866,3.14062,0.304332,2.68047,2.68708,3.7574,10,17151,13.1547,-0.153412
1776813048696729522,1.92561,3.14062,-0.287033,2.98721,2.24445,3.79214,10,17158,13.16,0.613471
1776813048701755854,1.92561,1.63477,-0.281665,2.24824,2.24445,3.79214,10,17169,13.1685,1.38054
1776813048706728170,1.94956,1.63477,-0.249283,3.0153,2.42281,3.05225,10,17181,13.1777,1.53389
1776813048711732966,1.94956,1.53516,-0.240079,3.06905,2.42281,3.05225,10,17192,13.1861,1.84115
1776813048716728929,1.96408,1.53516,-0.20868,3.52908,2.18583,2.99547,10,17209,13.1991,1.99393
1776813048721768019,1.96408,0.861328,-0.204079,2.85525,2.18583,2.99547,10,17221,13.2083,1.99413
1776813048726750224,1.97806,0.861328,-0.180899,2.85546,2.13235,2.75092,10,17232,13.2168,1.99453
1776813048731783055,1.97806,0.943359,-0.172461,2.93789,2.13235,2.75092,10,17245,13.2267,1.99413
1776813048736760982,1.98382,0.943359,-0.156731,2.93749,2.46517,2.82569,10,17257,13.236,2.14767
1776813048741751427,1.98382,0.806641,-0.147527,2.95432,2.46517,2.82569,10,17272,13.2475,2.30037
1776813048746740927,1.98709,0.806641,-0.132749,3.10702,2.97013,2.76365,10,17290,13.2613,2.60792
1776813048751732131,1.98709,0.195312,-0.118944,2.80323,2.97013,2.76365,10,17309,13.2758,2.60773
1776813048756740316,1.99535,0.195312,-0.0961179,2.80304,3.49621,2.45516,10,17326,13.2889,2.45438
1776813048761730020,1.99535,-0.03125,-0.0830793,2.42313,3.49621,2.45516,10,17342,13.3011,2.60773
1776813048766733871,1.99581,-0.03125,-0.0703439,2.57648,2.88314,2.32826,10,17362,13.3165,2.60825
1776813048771715928,1.99581,-0.476562,-0.055004,2.13169,2.88314,2.32826,10,17385,13.3341,3.06797
1776813048776740630,1.99145,-0.476562,-0.0417194,2.59141,2.28471,2.05335,10,17403,13.3479,3.06736
1776813048781738037,1.99145,-0.587891,-0.027914,2.47947,2.28471,2.05335,10,17422,13.3625,3.22132
1776813048786748500,1.99145,-0.587891,-0.0133409,2.63343,1.94582,1.98989,10,17443,13.3786,3.06736
1776813048791735056,1.98935,-0.587891,0.000663851,2.47947,1.94582,1.98989,10,17457,13.3894,3.06797
1776813048796743148,1.98935,-0.632812,0.0114013,2.43516,1.95626,1.9541,10,17483,13.4093,3.0692
1776813048801725722,1.97586,-0.632812,0.0178567,2.43639,1.95626,1.9541,10,17499,13.4216,3.22068
1776813048806739203,1.97586,-0.660156,0.0301286,2.56052,1.94307,1.87298,10,17529,13.4446,3.37554
1776813048811724019,1.97373,-0.660156,0.0510007,2.71538,1.94307,1.87298,10,17545,13.4568,3.68156
1776813048816732018,1.97373,-0.845703,0.0632726,2.83586,1.93848,1.7568,10,17574,13.4791,3.52379
1776813048821707723,1.96119,-0.845703,0.0729829,2.67809,1.93848,1.7568,10,17590,13.4914,3.37824
1776813048826726814,1.96119,-0.880859,0.0852548,2.49738,1.82341,1.67549,10,17620,13.5144,3.52821
1776813048831732443,1.95679,-0.880859,0.103864,2.64735,1.82341,1.67549,10,17638,13.5282,3.68156
1776813048836728573,1.95679,-0.927734,0.117669,2.75383,1.81367,1.62719,10,17669,13.552,3.68211
1776813048841741591,1.94325,-0.927734,0.127904,2.75438,1.81367,1.62719,10,17686,13.565,3.68156
1776813048846732073,1.94325,-0.896484,0.140943,2.78508,1.67118,1.57834,10,17715,13.5872,3.52821
1776813048851740554,1.93864,-0.896484,0.15857,2.63173,1.67118,1.57834,10,17731,13.5995,3.52821
1776813048856727702,1.93864,-0.740234,0.170842,2.78798,1.59759,1.6446,10,17761,13.6225,3.52751
1776813048861726091,1.93864,-0.740234,0.193853,2.78727,1.59759,1.6446,10,17778,13.6356,3.52802
1776813048866725128,1.92624,-0.740234,0.194496,2.78779,1.30935,1.58316,10,17804,13.6555,3.68083
1776813048871736849,1.92624,-0.816406,0.214438,2.86442,1.30935,1.58316,10,17830,13.6754,3.68304
1776813048876739664,1.91485,-0.816406,0.222988,2.86663,1.5764,1.48301,10,17855,13.6946,3.52751
1776813048881730683,1.91485,-0.867188,0.242163,2.66032,1.5764,1.48301,10,17881,13.7146,3.52892
1776813048886738460,1.90632,-0.867188,0.253572,2.66173,1.59477,1.4114,10,17902,13.7307,3.67549
1776813048891849510,1.90632,-0.8125,0.269679,2.86299,1.59477,1.4114,10,17925,13.7483,3.68746
1776813048896800401,1.89778,-0.8125,0.27878,2.87496,1.59847,1.39973,10,17945,13.7636,3.68083
1776813048901746885,1.89778,-0.783203,0.29412,2.89762,1.59847,1.39973,10,17960,13.7751,3.06674
1776813048906746589,1.89527,-0.783203,0.303122,2.28354,1.62529,1.40384,10,17967,13.7805,1.535
1776813048911744811,1.89527,0.324219,0.308491,1.85922,1.62529,1.40384,10,17959,13.7744,-0.460151
1776813048916730515,1.88554,0.324219,0.292615,-0.135932,2.07357,1.98598,10,17955,13.7713,-1.07384
1776813048921706257,1.88554,3.93359,0.289547,2.85976,2.07357,1.98598,10,17953,13.7698,-0.613594
1776813048926737922,1.90851,3.93359,0.310984,3.32,2.52699,4.1588,10,17954,13.7705,0
1776813048931740014,1.90851,2.64453,0.311751,2.64453,2.52699,4.1588,10,17962,13.7767,0.766982
1776813048936749847,1.93975,2.64453,-0.27305,3.87172,2.22295,3.42404,10,17975,13.7867,1.22719
1776813048941754402,1.93975,1.06055,-0.269215,2.28773,2.22295,3.42404,10,17985,13.7943,1.68724
1776813048946752865,1.95721,1.06055,-0.244086,2.74779,2.369,2.76256,10,17996,13.8028,1.84115
1776813048951744032,1.95721,0.71875,-0.235649,2.5599,2.369,2.76256,10,18011,13.8143,1.99413
1776813048956735643,1.9726,0.71875,-0.208756,2.71288,2.09318,2.64304,10,18024,13.8242,2.14725
1776813048961754679,1.9726,0.712891,-0.198785,2.86014,2.09318,2.64304,10,18037,13.8342,2.14748
1776813048966761956,1.97754,0.712891,-0.183876,2.86037,2.42985,2.66377,10,18048,13.8426,2.1481
1776813048971775400,1.97754,0.863281,-0.175439,3.01139,2.42985,2.66377,10,18063,13.8541,1.99373
1776813048976785807,1.98596,0.863281,-0.155511,2.85702,2.46441,2.79044,10,18080,13.8672,2.14767
1776813048981741624,1.98596,0.289062,-0.142472,2.43674,2.46441,2.79044,10,18095,13.8787,2.45419
1776813048986739512,1.99139,0.289062,-0.125536,2.74325,2.93647,2.48947,10,18110,13.8902,2.60844
1776813048991731346,1.99139,0.261719,-0.11403,2.87016,2.93647,2.48947,10,18130,13.9055,2.60721
1776813048996732272,1.99216,0.261719,-0.09792,2.86892,3.23979,2.47761,10,18146,13.9178,2.76163
1776813049001736308,1.99216,-0.314453,-0.0856482,2.44718,3.23979,2.47761,10,18169,13.9354,3.06736
1776813049006748882,1.99099,-0.314453,-0.0553785,2.9077,2.42854,2.14919,10,18196,13.9562,3.22216
1776813049011761900,1.99099,-0.314453,-0.0553785,2.9077,2.42854,2.14919,10,18196,13.9562,3.22216
1776813049016748957,1.98566,-0.533203,-0.0300213,2.53599,2.32907,2.01881,10,18236,13.9868,3.0692
1776813049021720477,1.98566,-0.53125,-0.0231186,2.53795,2.32907,2.01881,10,18254,14.0006,3.06797
1776813049026737791,1.98188,-0.53125,-0.0130964,2.53672,1.76957,1.97573,10,18273,14.0152,3.21829
1776813049031732532,1.98188,-0.679688,0.00147664,2.53861,1.76957,1.97573,10,18298,14.0344,3.22455
1776813049036732922,1.97423,-0.679688,0.0130047,2.54486,1.74285,1.8539,10,18317,14.049,3.52821
1776813049041723422,1.97423,-0.720703,0.0275768,2.80751,1.74285,1.8539,10,18338,14.0651,3.37467
1776813049046726552,1.96946,-0.720703,0.0389093,2.65397,1.88182,1.80722,10,18356,14.0789,3.22068
1776813049051727886,1.96946,-0.796875,0.0527147,2.4238,1.88182,1.80722,10,18376,14.0942,3.37419
1776813049056736737,1.96717,-0.796875,0.0657695,2.57731,2.06695,1.75263,10,18400,14.1126,3.37602
1776813049061747996,1.96717,-0.882812,0.0841774,2.49321,2.06695,1.75263,10,18426,14.1326,3.52751
1776813049066763589,1.95257,-0.882812,0.089517,2.6447,2.00916,1.63205,10,18445,14.1471,3.37535
1776813049071726961,1.95257,-0.894531,0.10409,2.48082,2.00916,1.63205,10,18465,14.1625,3.37486
1776813049076730572,1.94397,-0.894531,0.127702,2.3255,1.74234,1.62537,10,18497,14.187,3.22003
1776813049081740776,1.94397,-0.894531,0.127702,2.3255,1.74234,1.62537,10,18497,14.187,3.22003
1776813049086827346,1.9269,-0.771484,0.144379,2.60203,1.62469,1.65313,10,18541,14.2208,3.37351
1776813049091784182,1.9269,-0.744141,0.152049,2.62937,1.62469,1.65313,10,18562,14.2369,3.52943
1776813049096734684,1.91942,-0.744141,0.160681,2.78529,1.70494,1.54701,10,18582,14.2522,3.52751
1776813049101773664,1.91942,-0.757812,0.176021,2.7697,1.70494,1.54701,10,18604,14.2691,3.68156
1776813049106777553,1.91555,-0.757812,0.189023,2.92375,1.78587,1.51991,10,18625,14.2852,3.52821
1776813049111758888,1.91555,-0.802734,0.20513,2.72548,1.78587,1.51991,10,18653,14.3067,3.68137
1776813049116739185,1.91173,-0.802734,0.222783,2.87864,1.37333,1.47522,10,18681,14.3281,3.98846
1776813049121719872,1.91173,-0.841797,0.244259,3.14666,1.37333,1.47522,10,18710,14.3504,3.98747
1776813049126734167,1.8973,-0.841797,0.252075,3.14567,1.36141,1.38064,10,18731,14.3665,3.99005
1776813049131725872,1.8973,-0.707031,0.268181,3.28302,1.36141,1.38064,10,18758,14.3872,3.68009
1776813049136723020,1.88751,-0.707031,0.279099,2.97306,1.42078,1.40815,10,18778,14.4025,3.52873
1776813049141757278,1.88751,-0.660156,0.294439,2.86857,1.42078,1.40815,10,18797,14.4171,3.22151
1776813049146743427,1.88373,-0.660156,0.309836,1.94809,1.50141,1.43487,10,18797,14.4171,2.60825
1776813049151745039,1.88373,2.18359,0.305233,4.79184,1.50141,1.43487,10,18786,14.4087,-1.53377
1776813049156736688,1.88244,2.18359,0.295502,0.64982,2.34892,3.03018,10,18783,14.4064,-1.38054
1776813049161769798,1.88244,3.95117,0.293201,2.57063,2.34892,3.03018,10,18782,14.4056,-0.306763
1776813049166754984,1.89753,3.95117,0.307527,3.64441,2.52571,4.11378,10,18781,14.4048,0
1776813049171721171,1.89753,3.57617,0.306759,3.57617,2.52571,4.11378,10,18788,14.4102,0.460052
1776813049176729319,1.91619,3.57617,-0.297529,4.03622,2.77724,3.99348,10,18797,14.4171,1.22719
1776813049181724375,1.91619,1.17188,-0.290626,2.39906,2.77724,3.99348,10,18812,14.4286,1.83968
1776813049186731060,1.95797,1.17188,-0.23734,3.01155,2.34459,2.82976,10,18826,14.4394,2.14939
1776813049191724468,1.96106,1.3125,-0.212783,4.07303,2.47681,2.92503,10,18847,14.4555,2.76053
1776813049196730968,1.96106,0.552734,-0.207414,3.31326,2.47681,2.92503,10,18861,14.4662,1.84152
1776813049201721598,1.97164,0.552734,-0.186092,2.39425,2.47681,2.92503,10,18873,14.4754,2.45438
1776813049206724413,1.97164,0.515625,-0.176888,2.97,2.22704,2.52258,10,18890,14.4884,2.45438
1776813049211723284,1.97164,0.515625,-0.163849,2.97,2.22704,2.52258,10,18902,14.4977,2.45389
1776813049216744117,1.97683,0.515625,-0.149458,2.96951,2.73615,2.54787,10,18920,14.5115,2.60773
1776813049221719618,1.97683,-0.015625,-0.135652,2.5921,2.73615,2.54787,10,18940,14.5268,2.6074
1776813049226789263,1.9806,-0.015625,-0.11654,2.59177,2.90587,2.26341,10,18956,14.5391,2.91501
1776813049231752747,1.9806,-0.113281,-0.104268,2.80173,2.90587,2.26341,10,18977,14.5552,2.76072
1776813049236770802,1.98039,-0.113281,-0.0883669,2.64744,2.95305,2.20675,10,18992,14.5667,2.76218
1776813049241754247,1.98039,-0.539062,-0.0768617,2.22312,2.95305,2.20675,10,19013,14.5828,2.76072
1776813049246768988,1.97779,-0.539062,-0.0633548,2.22165,2.19219,1.9514,10,19029,14.5951,2.76163
1776813049251748396,1.97779,-0.560547,-0.051083,2.20108,2.19219,1.9514,10,19053,14.6135,3.21682
1776813049256732657,1.96828,-0.560547,-0.0421871,2.65627,1.96193,1.89276,10,19072,14.628,3.22603
1776813049261760804,1.96828,-0.621094,-0.027614,2.60493,1.96193,1.89276,10,19092,14.6434,3.374
1776813049266735268,1.96686,-0.621094,-0.0136961,2.7529,1.45981,1.8513,10,19114,14.6603,3.21682
1776813049271736028,1.96686,-0.605469,0.00317825,2.61135,1.45981,1.8513,10,19139,14.6794,3.22648
1776813049276743824,1.95608,-0.605469,0.0115744,2.62101,1.72822,1.80739,10,19159,14.6948,3.52398
1776813049281739991,1.95608,-0.693359,0.0269142,2.83063,1.72822,1.80739,10,19186,14.7155,3.68599
1776813049286728918,1.95119,-0.693359,0.0588375,2.9882,2.07306,1.7573,10,19218,14.74,3.68156
1776813049291720604,1.95119,-0.757812,0.0672747,2.92375,2.07306,1.7573,10,19238,14.7554,3.52821
1776813049296722159,1.94395,-0.757812,0.0753743,2.7704,1.94289,1.66083,10,19258,14.7707,3.52732
1776813049301743455,1.94395,-0.765625,0.0907141,2.76169,1.94289,1.66083,10,19278,14.786,3.37554
1776813049306727382,1.93238,-0.765625,0.094483,2.60991,1.82376,1.59915,10,19298,14.8014,3.52821
1776813049311726086,1.93238,-0.751953,0.109822,2.77626,1.82376,1.59915,10,19323,14.8206,3.374
1776813049316728271,1.92853,-0.751953,0.125147,2.62204,1.53638,1.58784,10,19341,14.8344,3.374
1776813049321736531,1.92853,-0.683594,0.138952,2.6904,1.53638,1.58784,10,19366,14.8535,3.2228
1776813049326742605,1.92125,-0.683594,0.150846,2.53921,1.7017,1.59061,10,19384,14.8673,3.22068
1776813049331736624,1.92125,-0.599609,0.164652,2.62107,1.7017,1.59061,10,19408,14.8857,3.22068
1776813049336729143,1.91504,-0.599609,0.176857,2.62107,1.40767,1.60755,10,19426,14.8996,3.37197
1776813049341741883,1.91504,-0.615234,0.190662,2.75674,1.40767,1.60755,10,19452,14.9195,3.37824
1776813049346733662,1.90895,-0.615234,0.204506,2.76301,1.33566,1.56817,10,19471,14.9341,3.37467
1776813049351727070,1.90895,-0.636719,0.219078,2.73795,1.33566,1.56817,10,19496,14.9532,3.37419
1776813049356735570,1.90266,-0.636719,0.245777,2.73863,1.56838,1.55593,10,19524,14.9747,3.37535
1776813049361758421,1.90266,-0.632812,0.253446,2.74253,1.56838,1.55593,10,19544,14.9901,3.37554
1776813049366747644,1.8924,-0.632812,0.258526,2.74273,1.65836,1.47512,10,19564,15.0054,3.374
1776813049371719349,1.8924,-0.583984,0.273866,2.79001,1.65836,1.47512,10,19585,15.0215,3.52821
1776813049376730478,1.88681,-0.583984,0.284378,2.94423,1.65141,1.47473,10,19600,15.033,3.06797
1776813049381731090,1.88681,-0.529297,0.295882,2.53867,1.65141,1.47473,10,19608,15.0391,1.99373
1776813049386740645,1.88396,-0.529297,0.299165,1.46444,1.8918,1.4915,10,19597,15.0307,-0.767252
1776813049391756386,1.88396,2.05664,0.290729,1.28939,1.8918,1.4915,10,19590,15.0253,-1.53377
1776813049396739461,1.88793,2.05664,0.289333,0.522867,2.51515,2.98555,10,19587,15.023,-0.766945
1776813049401729165,1.88793,2.90625,0.287033,2.13931,2.51515,2.98555,10,19587,15.023,0
1776813049406727573,1.93797,2.90625,-0.291245,2.90625,2.33586,3.71981,10,19594,15.0284,0.613471
1776813049411797292,1.93797,2.10547,-0.285875,2.71894,2.33586,3.71981,10,19603,15.0353,0.766945
1776813049416755628,1.95089,2.10547,-0.266054,2.87241,2.35463,3.3271,10,19614,15.0437,2.14767
1776813049421718759,1.95089,1.39062,-0.257617,3.5383,2.35463,3.3271,10,19628,15.0545,1.84078
1776813049426736944,1.96595,1.39062,-0.224146,3.23141,2.11709,2.91964,10,19645,15.0675,1.84078
1776813049431738500,1.96595,1.39062,-0.224146,3.23141,2.11709,2.91964,10,19645,15.0675,1.84078
1776813049436743685,1.98254,0.755859,-0.185313,3.05642,2.47403,2.63172,10,19674,15.0898,2.30057
1776813049441864754,1.98254,0.761719,-0.179944,3.06228,2.47403,2.63172,10,19689,15.1013,2.45487
1776813049446781925,1.98571,0.761719,-0.165273,3.21659,2.65027,2.73133,10,19704,15.1128,2.45389
1776813049451752408,1.98571,0.226562,-0.153768,2.68045,2.65027,2.73133,10,19720,15.1251,2.60825
1776813049456729242,1.99411,0.226562,-0.1331,2.83481,2.99499,2.46697,10,19735,15.1366,2.76053
1776813049461762149,1.99411,0.179688,-0.121595,2.94021,2.99499,2.46697,10,19756,15.1527,2.76127
1776813049466735761,1.99508,0.179688,-0.104513,2.94096,3.09922,2.44497,10,19771,15.1642,2.60825
1776813049471744872,1.99508,-0.191406,-0.0930081,2.41684,3.09922,2.44497,10,19791,15.1795,2.76108
1776813049476783223,1.99508,-0.191406,-0.0776673,2.56967,2.88783,2.23345,10,19808,15.1925,2.91345
1776813049481751409,1.99508,-0.46875,-0.0646287,2.4447,2.88783,2.23345,10,19830,15.2094,3.0692
1776813049486733318,1.99001,-0.46875,-0.0528308,2.60045,2.23535,2.05079,10,19848,15.2232,3.06797
1776813049491729874,1.99001,-0.5625,-0.0390245,2.50547,2.23535,2.05079,10,19871,15.2409,3.06797
1776813049496738874,1.98693,-0.5625,-0.0114184,2.50486,1.92452,1.99736,10,19897,15.2608,3.06736
1776813049501732856,1.98693,-0.611328,-0.00451575,2.45603,1.92452,1.99736,10,19914,15.2738,2.91462
1776813049506732115,1.98085,-0.611328,0.00244227,2.30329,1.6511,1.92509,10,19933,15.2884,3.06797
1776813049511736393,1.98085,-0.619141,0.0170154,2.44883,1.6511,1.92509,10,19952,15.303,3.22132
1776813049516817075,1.97204,-0.619141,0.0227756,2.60218,1.68009,1.87771,10,19972,15.3183,3.52379
1776813049521750597,1.97204,-0.650391,0.0381154,2.8734,1.68009,1.87771,10,19996,15.3367,3.22474
1776813049526732376,1.96853,-0.650391,0.0530156,2.57435,1.97112,1.84277,10,20014,15.3505,3.22261
1776813049531733395,1.96853,-0.779297,0.066822,2.44331,1.97112,1.84277,10,20038,15.369,3.37063
1776813049536734506,1.96169,-0.779297,0.0783881,2.59133,2.24242,1.73582,10,20057,15.3835,3.22538
1776813049541831243,1.96169,-0.875,0.0929612,2.35038,2.24242,1.73582,10,20083,15.4035,3.52732
1776813049546760191,1.953,-0.875,0.104216,2.65232,1.93976,1.63863,10,20103,15.4188,3.52821
1776813049551761006,1.953,-0.904297,0.119556,2.62392,1.93976,1.63863,10,20128,15.438,3.37467
1776813049556743062,1.94444,-0.904297,0.130169,2.47037,1.57016,1.57976,10,20148,15.4533,3.52892
1776813049561772821,1.94444,-0.816406,0.145509,2.71251,1.57016,1.57976,10,20174,15.4733,3.37351
1776813049566760155,1.93542,-0.816406,0.171764,2.8657,1.56817,1.62986,10,20206,15.4978,3.68211
1776813049571713824,1.93542,-0.769531,0.180968,2.91258,1.56817,1.62986,10,20228,15.5147,3.83511
1776813049576738397,1.92414,-0.769531,0.186564,3.06557,1.55454,1.55601,10,20249,15.5308,3.83492
1776813049581739471,1.92414,-0.753906,0.202671,3.08101,1.55454,1.55601,10,20272,15.5484,3.68156
1776813049586752230,1.92006,-0.753906,0.21623,2.92766,1.56341,1.5446,10,20293,15.5645,3.68156
1776813049591753138,1.92006,-0.748047,0.232337,2.93352,1.56341,1.5446,10,20322,15.5868,3.83492
1776813049596731861,1.90919,-0.748047,0.243713,3.08687,1.37011,1.49369,10,20343,15.6029,3.83492
1776813049601724955,1.90919,-0.732422,0.25982,3.10249,1.37011,1.49369,10,20372,15.6251,3.98447
1776813049606730362,1.90493,-0.732422,0.277803,3.25205,1.49553,1.48127,10,20392,15.6405,3.68525
1776813049611732066,1.90493,-0.693359,0.293142,2.99189,1.49553,1.48127,10,20414,15.6573,3.37535
1776813049616738307,1.89482,-0.693359,0.299905,2.68199,1.59484,1.45276,10,20425,15.6658,2.45339
1776813049621715234,1.89482,-0.519531,0.308342,1.93386,1.59484,1.45276,10,20419,15.6612,0.306702
1776813049626725438,1.89176,-0.519531,0.300676,-0.21283,2.21841,1.53642,10,20411,15.655,-1.68758
1776813049631731604,1.89176,4.05859,0.29454,2.37102,2.21841,1.53642,10,20409,15.6535,-0.460151
1776813049636732327,1.91895,4.05859,-0.308883,3.90521,2.6761,4.14595,10,20408,15.6527,-0.153382
1776813049641728068,1.91895,3.30859,-0.308883,3.15521,2.6761,4.14595,10,20413,15.6566,-0.153542
1776813049646739068,1.93723,3.30859,-0.286772,3.15505,2.24973,3.94547,10,20417,15.6596,1.38101
1776813049651726124,1.93723,1.16992,-0.283704,2.55093,2.24973,3.94547,10,20428,15.6681,0.919928
1776813049656764586,1.96921,1.16992,-0.24329,2.08985,2.24963,2.88364,10,20437,15.675,1.53439
1776813049661752883,1.96921,1.55469,-0.236386,3.08907,2.24963,2.88364,10,20451,15.6857,1.84115
1776813049666731180,1.97587,1.55469,-0.218982,3.39584,2.09171,3.13548,10,20465,15.6965,1.99334
1776813049671713941,1.97587,0.765625,-0.208243,2.75896,2.09171,3.13548,10,20479,15.7072,2.14748
1776813049676741218,1.99145,0.765625,-0.181932,2.91311,2.23393,2.76137,10,20494,15.7187,1.99472
1776813049681749532,1.99145,0.888672,-0.170427,2.88339,2.23393,2.76137,10,20508,15.7294,2.45419
1776813049686726422,1.99556,0.888672,-0.155581,3.34286,2.8043,2.85138,10,20524,15.7417,2.1481
1776813049691737978,1.99556,0.251953,-0.143309,2.40006,2.8043,2.85138,10,20538,15.7524,2.30057
1776813049696728849,2.00307,0.251953,-0.125054,2.55252,3.23149,2.52474,10,20555,15.7655,2.45487
1776813049701727090,2.00307,0.0722656,-0.112016,2.52713,3.23149,2.52474,10,20571,15.7778,2.60773
1776813049706726442,2.00307,0.0722656,-0.0997437,2.67999,3.45597,2.42232,10,20591,15.7931,2.60773
1776813049711732275,2.00364,0.0722656,-0.0838355,2.67999,3.45597,2.42232,10,20610,15.8077,2.91404
1776813049716730443,2.00364,-0.417969,-0.0692633,2.49607,2.64279,2.14562,10,20631,15.8238,3.22197
1776813049721745924,2.0007,-0.417969,-0.0560988,2.804,2.64279,2.14562,10,20646,15.8353,3.06736
1776813049726740832,2.0007,-0.646484,-0.0445946,2.42087,1.96583,2.00118,10,20672,15.8552,3.06797
1776813049731797792,1.99551,-0.646484,-0.0298346,2.42149,1.96583,2.00118,10,20693,15.8713,3.374
1776813049736754980,1.99551,-0.775391,-0.013728,2.59861,1.79725,1.90267,10,20718,15.8905,3.52821
1776813049741760665,1.98814,-0.775391,-0.00192342,2.75282,1.79725,1.90267,10,20736,15.9043,3.6823
1776813049746745203,1.98814,-0.740234,0.0118829,2.94207,1.85812,1.88703,10,20767,15.9281,3.68083
1776813049751733796,1.98074,-0.740234,0.0282528,2.94059,1.85812,1.88703,10,20784,15.9411,3.68156
1776813049756761555,1.98074,-0.787109,0.0412924,2.89445,1.8266,1.82434,10,20814,15.9641,3.6823
1776813049761737982,1.97305,-0.787109,0.0566112,2.89519,1.8266,1.82434,10,20832,15.9779,3.68156
1776813049766750370,1.97305,-0.845703,0.0704166,2.83586,1.85179,1.75349,10,20863,16.0017,3.68083
1776813049771703114,1.96503,-0.845703,0.0861732,2.83512,1.85179,1.75349,10,20880,16.0148,3.68211
1776813049776740705,1.96503,-0.933594,0.0992119,2.74852,1.88132,1.66421,10,20909,16.037,3.52892
1776813049781728946,1.95592,-0.933594,0.124622,2.59462,1.78448,1.61957,10,20937,16.0585,3.52821
1776813049786730132,1.95592,-0.951172,0.133825,2.57704,1.78448,1.61957,10,20954,16.0715,3.37351
1776813049791735076,1.94153,-0.951172,0.132468,2.42234,1.78448,1.61957,10,20977,16.0892,3.6823
1776813049796741280,1.94153,-0.929688,0.150109,2.75261,1.71811,1.5509,10,21001,16.1076,3.52892
1776813049801735262,1.93682,-0.929688,0.163812,2.59923,1.71811,1.5509,10,21018,16.1206,3.52642
1776813049806752613,1.93682,-0.859375,0.17685,2.66705,1.60644,1.56772,10,21046,16.1421,3.37554
1776813049811731337,1.92378,-0.859375,0.185285,2.51616,1.60644,1.56772,10,21062,16.1544,3.37486
1776813049816739633,1.92378,-0.884766,0.197557,2.4901,1.34598,1.48854,10,21092,16.1774,3.52821
1776813049821731356,1.91941,-0.884766,0.216191,2.64345,1.34598,1.48854,10,21110,16.1912,3.83415
1776813049826740078,1.91941,-0.90625,0.229998,2.9279,1.18665,1.45451,10,21141,16.2149,3.83568
1776813049831734819,1.9059,-0.90625,0.240269,2.92943,1.18665,1.45451,10,21159,16.2288,3.6823
1776813049836735153,1.9059,-0.904297,0.254074,2.778,1.36848,1.38815,10,21191,16.2533,3.68083
1776813049841726339,1.90136,-0.904297,0.274078,2.77653,1.36848,1.38815,10,21210,16.2679,3.98827
1776813049846729728,1.90136,-0.841797,0.28865,3.14647,1.56904,1.40101,10,21241,16.2916,4.14162
1776813049851729265,1.88824,-0.841797,0.306214,2.22391,1.75931,1.33502,10,21251,16.2993,3.06571
1776813049856759542,1.88824,0.630859,0.306981,3.69657,1.75931,1.33502,10,21242,16.2924,0
1776813049861751524,1.88422,0.630859,0.296058,0.630859,1.75931,1.33502,10,21232,16.2847,-1.99472
1776813049866726433,1.88422,3.97266,0.288388,1.97793,2.2171,4.05896,10,21232,16.2847,-0.613403
1776813049871738803,1.90968,3.97266,0.313841,3.35925,2.2171,4.05896,10,21232,16.2847,0
1776813049876739414,1.90968,3.23828,0.313841,3.23828,2.21953,3.76832,10,21240,16.2909,0.306702
1776813049881748525,1.92808,3.23828,-0.289938,3.54498,2.21953,3.76832,10,21247,16.2962,1.5342
1776813049886738822,1.92808,0.998047,-0.284568,2.53224,2.53127,2.58311,10,21262,16.3078,1.84097
1776813049891739452,1.95797,0.998047,-0.243173,2.83902,2.53127,2.58311,10,21274,16.317,2.14643
1776813049896725990,1.95797,1.22656,-0.23397,3.373,2.23665,2.86091,10,21296,16.3338,2.45438
1776813049901725546,1.96385,1.22656,-0.211215,3.68094,2.23665,2.86091,10,21305,16.3407,2.60863
1776813049906747008,1.96385,0.537109,-0.204312,3.14574,1.80465,2.49675,10,21327,16.3576,1.99434
1776813049911745120,1.97522,0.537109,-0.176073,2.53145,1.80465,2.49675,10,21338,16.366,2.75667
1776813049916731991,1.97522,0.607422,-0.167636,3.36409,2.2305,2.59234,10,21360,16.3829,2.45733
1776813049921712937,1.97833,0.607422,-0.138449,3.21605,2.61752,2.60749,10,21381,16.399,2.60863
1776813049926810488,1.97833,0.267578,-0.131547,2.87621,2.61752,2.60749,10,21392,16.4075,2.45449
1776813049931772472,1.98282,0.267578,-0.118614,2.72206,2.61752,2.60749,10,21408,16.4197,2.60811
1776813049936737585,1.98282,0.0449219,-0.106342,2.65303,3.10937,2.30872,10,21426,16.4335,2.60773
1776813049941750418,1.98552,0.0449219,-0.0898376,2.65265,3.10937,2.30872,10,21440,16.4443,2.60773
1776813049946817600,1.98552,-0.410156,-0.0790992,2.19757,2.94835,2.06243,10,21462,16.4611,2.76053
1776813049951756622,1.98357,-0.410156,-0.0641771,2.35037,2.94835,2.06243,10,21477,16.4727,2.91443
1776813049956739623,1.98357,-0.457031,-0.052672,2.4574,2.27205,2.02625,10,21503,16.4926,3.22151
1776813049961798361,1.98117,-0.457031,-0.0351282,2.76448,2.27205,2.02625,10,21518,16.5041,3.06839
1776813049966803269,1.98117,-0.658203,-0.023623,2.41019,1.78566,1.89993,10,21543,16.5233,3.06755
1776813049971723643,1.97278,-0.658203,-0.012836,2.40934,1.78566,1.89993,10,21557,16.534,2.91501
1776813049976746235,1.97278,-0.59375,-0.00209765,2.32126,1.70425,1.89581,10,21581,16.5524,2.91364
1776813049981798344,1.96927,-0.59375,0.0127997,2.31989,1.70425,1.89581,10,21596,16.5639,3.06839
1776813049986748087,1.96927,-0.53125,0.0243048,2.53714,1.95004,1.9143,10,21624,16.5854,3.37486
1776813049991733847,1.96405,-0.53125,0.0528244,2.68988,2.02951,1.88874,10,21652,16.6061,3.22113
1776813049996744032,1.96405,-0.667969,0.0620293,2.55316,2.02951,1.88874,10,21668,16.6191,3.52751
1776813050001735533,1.95519,-0.667969,0.0654454,2.85954,2.02951,1.88874,10,21689,16.6353,3.37621
1776813050006748811,1.95519,-0.732422,0.081551,2.64379,1.77213,1.73065,10,21714,16.6544,3.37419
1776813050011742738,1.95121,-0.732422,0.0967402,2.64177,1.77213,1.73065,10,21732,16.6682,3.83568
1776813050016734683,1.95121,-0.898438,0.110547,2.93725,1.87758,1.61642,10,21764,16.6928,3.83492
1776813050021721277,1.93934,-0.898438,0.123225,2.93648,1.87758,1.61642,10,21782,16.7066,3.83415
1776813050026767887,1.93934,-0.908203,0.13703,2.92595,1.67534,1.55233,10,21813,16.7304,3.83338
1776813050031757981,1.93448,-0.908203,0.15595,2.92518,1.67534,1.55233,10,21831,16.7434,3.68083
1776813050036734353,1.93448,-0.785156,0.169755,2.89567,1.73627,1.59844,10,21861,16.7672,3.68377
1776813050041742724,1.9224,-0.785156,0.180683,2.89862,1.73627,1.59844,10,21879,16.781,3.6823
1776813050046737502,1.9224,-0.753906,0.194488,2.92839,1.59138,1.55626,10,21910,16.8048,3.83338
1776813050051748614,1.91803,-0.753906,0.213895,3.07948,1.59138,1.55626,10,21927,16.8178,3.52963
1776813050056724690,1.91803,-0.824219,0.226934,2.70541,1.33764,1.49441,10,21957,16.8408,3.68156
1776813050061732060,1.91803,-0.824219,0.249944,2.85735,1.33764,1.49441,10,21975,16.8546,3.68083
1776813050066727395,1.90697,-0.824219,0.252691,2.85661,1.20158,1.43916,10,22001,16.8746,3.68156
1776813050071712266,1.90697,-0.84375,0.272632,2.83781,1.20158,1.43916,10,22029,16.896,3.83415
1776813050076733822,1.89443,-0.84375,0.28157,2.9904,1.4875,1.36508,10,22051,16.9129,3.68083
1776813050081741507,1.89443,-0.8125,0.298442,2.86833,1.4875,1.36508,10,22061,16.9206,2.45536
1776813050086743952,1.88976,-0.8125,0.301436,1.64286,1.65808,1.35935,10,22057,16.9175,0.613281
1776813050091733805,1.88976,2.05859,0.298369,2.67187,1.65808,1.35935,10,22051,16.9129,-1.22719
1776813050096732899,1.8891,2.05859,0.293107,0.831406,2.64776,2.99254,10,22048,16.9106,-0.613403
1776813050101743640,1.8891,3.93164,0.290807,3.31824,2.64776,2.99254,10,22048,16.9106,-0.153382
1776813050106728215,1.90403,3.93164,0.30574,3.77826,2.49841,4.13526,10,22053,16.9144,0
1776813050111726105,1.90403,1.95312,0.309574,1.95312,2.49841,4.13526,10,22059,16.919,1.22743
1776813050116724939,1.95045,1.95312,-0.267725,3.18056,2.65563,3.23807,10,22071,16.9282,1.22694
1776813050121735532,1.95045,1.03906,-0.25852,2.26601,2.65563,3.23807,10,22083,16.9374,1.99394
1776813050126741532,1.95771,1.03906,-0.242056,3.033,2.29385,2.75275,10,22098,16.949,1.99353
1776813050131733756,1.95771,0.486328,-0.230551,2.47985,2.29385,2.75275,10,22112,16.9597,2.30241
1776813050136731201,1.95771,0.486328,-0.219813,2.78873,2.36858,2.43769,10,22129,16.9727,2.30011
1776813050141750719,1.97261,0.486328,-0.191869,2.78643,2.36858,2.43769,10,22140,16.9812,2.30195
1776813050146746091,1.97261,0.556641,-0.183433,2.85859,2.09752,2.5507,10,22159,16.9957,2.45389
1776813050151760461,1.97759,0.556641,-0.163876,3.01053,2.09752,2.5507,10,22174,17.0072,2.3011
1776813050156752351,1.97759,0.162109,-0.152373,2.46321,2.44689,2.3501,10,22192,17.0211,2.45438
1776813050161733205,1.98333,0.162109,-0.132831,2.61649,2.44689,2.3501,10,22205,17.031,2.76091
1776813050166737409,1.98384,0.0898438,-0.107777,2.69705,2.92385,2.3368,10,22232,17.0517,2.60721
1776813050171712448,1.98384,-0.1875,-0.101641,2.41971,2.92385,2.3368,10,22245,17.0617,2.91501
1776813050176733003,1.98332,-0.1875,-0.0921891,2.72751,2.75275,2.17868,10,22267,17.0786,2.91443
1776813050181730504,1.98332,-0.339844,-0.0753148,2.57458,2.75275,2.17868,10,22286,17.0931,3.22216
1776813050186737504,1.98184,-0.339844,-0.0622237,2.88231,2.27768,2.08464,10,22309,17.1108,3.22087
1776813050191727006,1.98184,-0.552734,-0.0445826,2.66813,2.27768,2.08464,10,22328,17.1254,3.22049
1776813050196735895,1.97549,-0.552734,-0.0363629,2.66775,1.84527,1.93237,10,22351,17.143,3.2228
1776813050201725285,1.97549,-0.576172,-0.0187238,2.64663,1.84527,1.93237,10,22372,17.1591,3.37419
1776813050206729508,1.97549,-0.576172,-0.00261621,2.79802,1.69649,1.91901,10,22396,17.1775,3.37516
1776813050211722046,1.97285,-0.576172,0.0131499,2.79898,1.69649,1.91901,10,22416,17.1929,3.37351
1776813050216736398,1.97285,-0.609375,0.0284888,2.76414,1.91815,1.88721,10,22438,17.2097,3.22216
1776813050221723584,1.96461,-0.609375,0.0371329,2.61278,1.91815,1.88721,10,22453,17.2212,3.22177
1776813050226725307,1.96461,-0.660156,0.0486381,2.56162,2.12556,1.81805,10,22480,17.2419,3.21765
1776813050231727437,1.95779,-0.660156,0.0625198,2.55749,2.12556,1.81805,10,22500,17.2573,3.22435
1776813050236795157,1.95779,-0.720703,0.0778606,2.50365,2.18289,1.75008,10,22524,17.2757,3.37486
1776813050241748308,1.95149,-0.720703,0.0899665,2.65416,2.18289,1.75008,10,22540,17.288,3.37554
1776813050246761253,1.95149,-0.789062,0.102238,2.58648,1.71389,1.68015,10,22567,17.3087,3.37419
1776813050251776623,1.94405,-0.789062,0.115506,2.58513,1.71389,1.68015,10,22582,17.3202,3.21984
1776813050256735737,1.94405,-0.705078,0.127011,2.51476,1.8511,1.69136,10,22608,17.3401,3.06939
1776813050261761181,1.93252,-0.705078,0.135428,2.36431,1.8511,1.69136,10,22624,17.3524,3.22049
1776813050266734924,1.93252,-0.646484,0.1477,2.574,1.84132,1.66777,10,22653,17.3746,3.52821
1776813050271728814,1.92928,-0.646484,0.166697,2.88173,1.84132,1.66777,10,22669,17.3869,3.37621
1776813050276736925,1.92928,-0.636719,0.178969,2.73949,1.52947,1.65723,10,22697,17.4084,3.37419
1776813050281736778,1.92928,-0.636719,0.200444,2.73747,1.52947,1.65723,10,22713,17.4207,3.52501
1776813050286726279,1.9201,-0.636719,0.203538,2.88829,1.4166,1.6116,10,22738,17.4398,3.5261
1776813050291730946,1.9201,-0.726562,0.222712,2.79954,1.4166,1.6116,10,22767,17.4621,3.68673
1776813050296738058,1.90971,-0.726562,0.234572,2.96016,1.54416,1.50856,10,22794,17.4828,3.98785
1776813050301770742,1.90971,-0.730469,0.25528,3.25738,1.54416,1.50856,10,22817,17.5004,3.83645
1776813050306741170,1.90614,-0.730469,0.269353,3.10598,1.62375,1.48846,10,22845,17.5219,3.83492
1776813050311727338,1.90614,-0.648438,0.290829,3.18648,1.62375,1.48846,10,22866,17.538,3.83032
1776813050316724617,1.89558,-0.648438,0.296372,3.18188,1.71903,1.48221,10,22881,17.5495,3.07085
1776813050321737654,1.89558,-0.205078,0.307877,2.86577,1.71903,1.48221,10,22880,17.5487,1.22719
1776813050326744210,1.89045,-0.205078,0.301982,1.02211,2.20658,1.7091,10,22870,17.5411,-1.22743
1776813050331736415,1.89045,3.59961,0.294312,2.37218,2.20658,1.7091,10,22867,17.5388,-1.07362
1776813050336723453,1.90582,3.59961,0.307379,2.52599,2.7479,3.95499,10,22865,17.5372,-0.306702
1776813050341743934,1.90582,2.86914,0.305846,2.56244,2.7479,3.95499,10,22866,17.538,-0.15332
1776813050346752009,1.94256,2.86914,-0.28497,2.71582,2.17577,3.72133,10,22877,17.5464,0.920855
1776813050351747436,1.94256,1.27539,-0.276532,2.19625,2.17577,3.72133,10,22886,17.5533,1.53389
1776813050356733085,1.94256,1.27539,-0.269629,2.80928,2.30579,2.81289,10,22899,17.5633,1.83913
1776813050361724364,1.96455,1.27539,-0.23767,3.11452,2.30579,2.81289,10,22909,17.571,1.84207
1776813050366736253,1.96455,0.917969,-0.229999,2.76003,2.32481,2.71725,10,22927,17.5848,2.1481
1776813050371703089,1.98295,0.917969,-0.197791,3.06607,2.32481,2.71725,10,22938,17.5932,2.30103
1776813050376832639,1.98295,0.638672,-0.189355,2.9397,2.26269,2.64779,10,22957,17.607,2.14729
1776813050381757236,1.98677,0.638672,-0.170962,2.78596,2.26269,2.64779,10,22968,17.6162,2.30057
1776813050386765496,1.98677,0.480469,-0.162524,2.78103,2.5061,2.57616,10,22987,17.6308,2.4529
1776813050391738386,1.99733,0.480469,-0.137391,2.93337,2.5061,2.57616,10,22999,17.64,2.30241
1776813050396725684,1.99733,0.263672,-0.128186,2.56608,3.05552,2.50371,10,23019,17.6554,2.45487
1776813050401794034,1.99922,0.263672,-0.110957,2.71854,3.05552,2.50371,10,23032,17.6653,2.45389
1776813050406805237,1.99922,-0.0449219,-0.100986,2.40896,3.03074,2.33695,10,23054,17.6822,2.76108
1776813050411759537,2.00163,-0.0449219,-0.0817004,2.71616,3.03074,2.33695,10,23067,17.6922,2.60721
1776813050416757760,2.00163,-0.238281,-0.0717288,2.36892,2.81357,2.23838,10,23089,17.709,2.76036
1776813050421713947,2.00091,-0.238281,-0.0555792,2.52207,2.81357,2.23838,10,23102,17.719,2.76274
1776813050426736021,2.00091,-0.507812,-0.0456095,2.25492,2.04807,2.08125,10,23127,17.7382,2.91443
1776813050431729263,2.00091,-0.507812,-0.026433,2.40662,2.04807,2.08125,10,23141,17.7489,3.06816
1776813050436739560,1.99602,-0.507812,-0.0205813,2.56035,1.96062,2.05765,10,23164,17.7666,3.06839
1776813050441759745,1.99602,-0.554688,-0.00294022,2.51371,1.96062,2.05765,10,23187,17.7842,3.06816
1776813050446809965,1.98742,-0.554688,0.00609491,2.51347,1.61978,1.98927,10,23209,17.8011,3.22049
1776813050451760265,1.98742,-0.591797,0.0229692,2.62869,1.61978,1.98927,10,23229,17.8164,3.22151
1776813050456739118,1.98184,-0.591797,0.032731,2.62971,1.79174,1.94103,10,23254,17.8356,3.37516
1776813050461761488,1.98184,-0.71875,0.0519056,2.65641,1.79174,1.94103,10,23276,17.8517,3.52751
1776813050466746323,1.97521,-0.71875,0.0621443,2.80876,1.96648,1.83637,10,23302,17.8724,3.83492
1776813050471709973,1.97521,-0.857422,0.0820856,2.97749,1.96648,1.83637,10,23326,17.8908,3.8353
1776813050476725566,1.96737,-0.857422,0.0926618,2.97787,2.1363,1.7191,10,23347,17.9069,3.83415
1776813050481730530,1.96737,-0.921875,0.108769,2.91227,2.1363,1.7191,10,23374,17.9276,3.68304
1776813050486783676,1.95836,-0.921875,0.120463,2.76116,1.99556,1.63822,10,23401,17.9483,3.83108
1776813050491755437,1.95836,-0.917969,0.141171,2.91312,1.99556,1.63822,10,23423,17.9652,3.68377
1776813050496735513,1.94908,-0.917969,0.148761,2.76581,1.65419,1.59481,10,23444,17.9813,3.6823
1776813050501729718,1.94908,-0.837891,0.164868,2.84441,1.65419,1.59481,10,23470,18.0013,3.6823
1776813050506734959,1.94908,-0.837891,0.18481,2.84441,1.45172,1.64045,10,23495,18.0204,3.37448
1776813050511759903,1.94028,-0.837891,0.195189,2.53659,1.45172,1.64045,10,23511,18.0327,3.52751
1776813050516746145,1.94028,-0.810547,0.207461,2.71696,1.47805,1.61266,10,23542,18.0565,3.68156
1776813050521725036,1.92807,-0.810547,0.219033,2.87102,1.47805,1.61266,10,23559,18.0695,3.68156
1776813050526729296,1.92807,-0.884766,0.232072,2.7968,1.67074,1.50989,10,23591,18.0941,3.83415
1776813050531730463,1.91965,-0.884766,0.248193,2.94938,1.67074,1.50989,10,23608,18.1071,3.68304
1776813050536725168,1.91965,-0.914062,0.261231,2.76897,1.83084,1.4513,10,23640,18.1317,3.83415
1776813050541777684,1.91529,-0.914062,0.281411,2.92009,1.83084,1.4513,10,23659,18.1462,3.83415
1776813050546757056,1.91529,-0.919922,0.295983,2.91423,1.57215,1.42619,10,23687,18.1677,3.83606
1776813050551740873,1.90606,-0.919922,0.308236,2.91614,1.57215,1.42619,10,23694,18.1731,2.45399
1776813050556747040,1.90606,-0.0253906,0.313605,2.4286,1.73571,1.88995,10,23688,18.1685,0
1776813050561731319,1.89526,-0.0253906,0.298198,-0.0253906,1.73571,1.88995,10,23683,18.1646,-1.22719
1776813050566727450,1.89526,2.09961,0.294362,0.872421,2.70434,3.04697,10,23683,18.1646,-0.15332
1776813050571709470,1.90023,2.09961,0.299333,1.94629,2.70434,3.04697,10,23683,18.1646,0
1776813050576738858,1.90023,2.58984,0.299333,2.58984,2.83245,3.35138,10,23691,18.1708,0.460342
1776813050581732711,1.90023,2.58984,0.305469,3.05019,2.83245,3.35138,10,23699,18.1769,1.6869
1776813050586735637,1.94934,2.58984,-0.267607,4.27675,2.56148,3.59554,10,23713,18.1876,1.68758
1776813050591727601,1.94934,1.2207,-0.256869,2.90828,2.56148,3.59554,10,23729,18.1999,1.99393
1776813050596735028,1.97119,1.2207,-0.222749,3.21463,2.20941,2.92225,10,23744,18.2114,2.30149
1776813050601720159,1.97119,0.460938,-0.211243,2.76242,2.20941,2.92225,10,23759,18.2229,2.30057
1776813050606731344,1.98066,0.460938,-0.190259,2.7615,2.20508,2.53537,10,23778,18.2375,2.45438
1776813050611722290,1.98066,0.572266,-0.175687,3.02664,2.20508,2.53537,10,23793,18.249,2.60877
1776813050616723328,1.98551,0.572266,-0.159337,3.18104,2.4507,2.62237,10,23814,18.2651,2.76108
1776813050621703218,1.98551,0.179688,-0.143229,2.94077,2.4507,2.62237,10,23832,18.2789,3.21829
1776813050626735495,1.99004,0.179688,-0.124892,3.39798,2.87034,2.42057,10,23852,18.2943,2.91735
1776813050631736940,1.99004,-0.121094,-0.109553,2.79625,2.87034,2.42057,10,23871,18.3088,2.91326
1776813050636766292,1.98964,-0.121094,-0.0953777,2.79217,3.29627,2.24719,10,23887,18.3211,2.91539
1776813050641742349,1.98964,-0.400391,-0.0831058,2.515,3.29627,2.24719,10,23911,18.3395,3.06717
1776813050646738442,1.98693,-0.400391,-0.067414,2.66678,2.69706,2.07483,10,23933,18.3564,3.22216
1776813050651726481,1.98693,-0.539062,-0.0505416,2.68309,2.69706,2.07483,10,23952,18.371,3.06778
1776813050656724815,1.98693,-0.539062,-0.0359676,2.52872,2.14293,1.99579,10,23974,18.3878,3.37486
1776813050661735648,1.98217,-0.539062,-0.0238483,2.8358,2.14293,1.99579,10,23990,18.4001,3.22087
1776813050666721335,1.98217,-0.638672,-0.0115764,2.5822,1.56685,1.91593,10,24016,18.42,3.06839
1776813050671704170,1.97621,-0.638672,0.00240254,2.42972,1.56685,1.91593,10,24032,18.4323,3.22151
1776813050676747465,1.97621,-0.683594,0.0146744,2.53792,1.67818,1.8613,10,24059,18.453,3.37448
1776813050681747503,1.9658,-0.683594,0.0249703,2.69089,1.67818,1.8613,10,24076,18.4661,3.37554
1776813050686741207,1.9658,-0.681641,0.0380089,2.6939,1.90342,1.81158,10,24100,18.4845,3.52821
1776813050691735727,1.96255,-0.681641,0.0531704,2.84657,1.90342,1.81158,10,24121,18.5006,3.37419
1776813050696744894,1.96255,-0.857422,0.069278,2.51677,2.06679,1.6955,10,24150,18.5228,3.52539
1776813050701743302,1.95084,-0.857422,0.0798047,2.66797,2.06679,1.6955,10,24168,18.5366,3.53136
1776813050706731618,1.95084,-0.908203,0.09361,2.62316,2.05129,1.60904,10,24200,18.5612,3.83453
1776813050711734952,1.94666,-0.908203,0.113977,2.92633,2.05129,1.60904,10,24223,18.5788,3.83415
1776813050716729897,1.94666,-0.955078,0.131618,2.87907,1.61909,1.56175,10,24253,18.6018,3.68304
1776813050721710177,1.93251,-0.955078,0.140481,2.72796,1.61909,1.56175,10,24271,18.6156,3.68083
1776813050726781193,1.93251,-0.855469,0.154287,2.82536,1.42243,1.5486,10,24301,18.6386,3.6823
1776813050731747825,1.93251,-0.855469,0.177297,2.82683,1.42243,1.5486,10,24320,18.6532,3.83415
1776813050736811138,1.92332,-0.855469,0.182674,2.97868,1.57203,1.50294,10,24346,18.6731,3.83492
1776813050741767511,1.92332,-0.773438,0.202615,3.06148,1.57203,1.50294,10,24374,18.6946,3.83415
1776813050746741883,1.91153,-0.773438,0.212301,3.06071,1.57627,1.4909,10,24395,18.7107,3.68156
1776813050751733254,1.91153,-0.830078,0.228408,2.85149,1.57627,1.4909,10,24419,18.7291,3.83568
1776813050756735959,1.90361,-0.830078,0.238902,3.0056,1.63929,1.41899,10,24447,18.7506,3.98827
1776813050761732608,1.90361,-0.875,0.260377,3.11327,1.63929,1.41899,10,24471,18.769,3.98827
1776813050766732183,1.89916,-0.875,0.274333,3.11327,1.46523,1.37105,10,24492,18.7851,3.83415
1776813050771711536,1.89916,-0.855469,0.290441,2.97868,1.46523,1.37105,10,24518,18.8051,3.67715
1776813050776724221,1.88582,-0.855469,0.29704,2.82168,1.22473,1.31499,10,24535,18.8181,3.07308
1776813050781722685,1.88582,-0.804688,0.310079,2.26839,1.22473,1.31499,10,24534,18.8173,1.37999
1776813050786737778,1.8818,-0.804688,0.305297,0.5753,1.62768,1.32365,10,24524,18.8097,-1.38109
1776813050791735112,1.8818,3.33594,0.297628,1.95485,1.62768,1.32365,10,24521,18.8074,-0.920486
1776813050796744298,1.88885,3.33594,0.302377,2.41545,2.67496,3.71941,10,24520,18.8066,0
1776813050801805666,1.88885,3.11523,0.30161,3.11523,2.67496,3.71941,10,24522,18.8081,-0.153382
1776813050806765057,1.88885,3.11523,0.303144,2.96185,1.9145,3.59361,10,24534,18.8173,1.07405
1776813050811738578,1.92533,3.11523,-0.279498,4.18929,1.9145,3.59361,10,24541,18.8227,1.68522
1776813050816745615,1.92533,1.31445,-0.274128,2.99967,2.3986,2.74979,10,24555,18.8334,1.53611
1776813050821783614,1.94817,1.31445,-0.24055,2.85057,2.3986,2.74979,10,24565,18.8411,1.99394
1776813050826806651,1.94817,0.970703,-0.232878,2.96465,2.09707,2.66688,10,24583,18.8549,2.14725
1776813050831755506,1.96673,0.970703,-0.200512,3.11795,2.09707,2.66688,10,24594,18.8634,2.30103
1776813050836728767,1.96673,0.605469,-0.192076,2.90649,2.0779,2.5498,10,24611,18.8764,2.14686
1776813050841735545,1.97048,0.605469,-0.17529,2.75233,2.0779,2.5498,10,24618,18.8818,1.68796
1776813050846742027,1.97048,0.935547,-0.16992,2.62351,2.06988,2.75626,10,24635,18.8948,1.99076
1776813050851747065,1.98211,0.935547,-0.145251,2.9263,2.06988,2.75626,10,24646,18.9032,1.99712
1776813050856732603,1.98211,0.625,-0.136813,2.62212,2.61502,2.63591,10,24666,18.9186,2.30195
1776813050861729178,1.98598,0.625,-0.117602,2.92695,2.61502,2.63591,10,24679,18.9286,2.60773
1776813050866732605,1.98598,0.15625,-0.10763,2.76398,3.25786,2.38753,10,24702,18.9462,2.76053
1776813050871718791,1.99247,0.15625,-0.0835023,2.91678,3.25786,2.38753,10,24715,18.9562,2.91539
1776813050876734328,1.99247,-0.103516,-0.0735326,2.81188,3.10717,2.2709,10,24740,18.9753,2.91326
1776813050881729866,1.99247,-0.103516,-0.054358,2.80975,3.10717,2.2709,10,24755,18.9868,3.06839
1776813050886748570,1.99267,-0.103516,-0.0426488,2.96488,2.30332,2.27189,10,24778,19.0045,3.22216
1776813050891733238,1.99267,-0.666016,-0.0250077,2.55614,2.30332,2.27189,10,24803,19.0237,3.37419
1776813050896726646,1.98356,-0.666016,-0.0149445,2.70817,1.82921,1.90709,10,24823,19.039,3.37448
1776813050901728499,1.98356,-0.623047,0.000396264,2.75143,1.82921,1.90709,10,24848,19.0582,3.52751
1776813050906743240,1.98142,-0.623047,0.017427,2.90446,1.9405,1.92116,10,24873,19.0774,3.37554
1776813050911756592,1.98142,-0.578125,0.0366016,2.79741,1.9405,1.92116,10,24897,19.0958,3.37486
1776813050916736927,1.97017,-0.578125,0.0437617,2.79674,1.79329,1.89196,10,24917,19.1111,3.52821
1776813050921716113,1.97017,-0.625,0.0591006,2.90321,1.79329,1.89196,10,24939,19.128,3.52854
1776813050926729984,1.96621,-0.625,0.0720134,2.90354,2.07378,1.84588,10,24965,19.1479,3.68156
1776813050931735947,1.96621,-0.822266,0.0919547,2.8593,2.07378,1.84588,10,24987,19.1648,3.67936
1776813050936718597,1.95891,-0.822266,0.101533,2.85709,2.20231,1.6977,10,25006,19.1794,3.53033
1776813050941761003,1.95891,-0.935547,0.116106,2.59478,2.20231,1.6977,10,25031,19.1985,3.37486
1776813050946770374,1.94973,-0.935547,0.1261,2.43932,1.79341,1.58801,10,25056,19.2177,3.52821
1776813050951744302,1.94973,-0.886719,0.145275,2.64149,1.79341,1.58801,10,25078,19.2346,3.52751
1776813050956737284,1.94048,-0.886719,0.167474,2.6422,1.50878,1.61585,10,25108,19.2576,3.52892
1776813050961764043,1.94048,-0.763672,0.17591,2.76525,1.50878,1.61585,10,25128,19.2729,3.52783
1776813050966777247,1.93242,-0.763672,0.183189,2.76416,1.65209,1.60048,10,25148,19.2883,3.52751
1776813050971763600,1.93242,-0.761719,0.19853,2.76579,1.65209,1.60048,10,25170,19.3051,3.52821
1776813050976773786,1.92488,-0.761719,0.207864,2.76649,1.59568,1.56416,10,25192,19.322,3.83492
1776813050981747213,1.92488,-0.833984,0.224737,3.00093,1.59568,1.56416,10,25222,19.345,3.98827
1776813050986742863,1.91688,-0.833984,0.239742,3.15428,1.61615,1.4831,10,25250,19.3665,3.98785
1776813050991780843,1.91688,-0.853516,0.261217,3.13433,1.61615,1.4831,10,25273,19.3841,3.83645
1776813050996760993,1.9085,-0.853516,0.270477,2.98293,1.63089,1.4301,10,25295,19.401,3.98269
1776813051001742328,1.9085,-0.849609,0.287351,3.13308,1.63089,1.4301,10,25320,19.4202,3.68673
1776813051006742977,1.89974,-0.849609,0.297773,2.83712,1.38138,1.38845,10,25329,19.4271,2.45389
1776813051011741126,1.89974,-0.128906,0.304676,2.32498,1.38138,1.38845,10,25317,19.4179,0
1776813051016745072,1.89328,-0.128906,0.289012,-0.128906,2.24202,1.76677,10,25314,19.4156,-1.53358
1776813051021712908,1.89328,4.04102,0.28671,2.50743,2.24202,1.76677,10,25313,19.4148,-0.460526
1776813051026734871,1.89328,4.04102,0.285944,3.58049,2.66802,4.14363,10,25313,19.4148,0
1776813051031733909,1.91643,4.04102,0.309091,4.04102,2.66802,4.14363,10,25319,19.4194,0.460342
1776813051036738392,1.91643,1.97461,0.313694,2.43495,2.19095,3.08177,10,25334,19.4309,1.68792
1776813051041727930,1.9615,1.97461,-0.258053,3.66253,2.19095,3.08177,10,25343,19.4378,1.84059
1776813051046730561,1.9615,1.04102,-0.25115,2.88161,2.30684,2.77245,10,25361,19.4516,2.14767
1776813051051728636,1.96596,1.04102,-0.232886,3.18869,2.30684,2.77245,10,25373,19.4608,2.30103
1776813051056735619,1.96596,0.613281,-0.223681,2.91431,2.13109,2.55047,10,25393,19.4762,2.45143
1776813051061739694,1.98458,0.613281,-0.189722,3.06472,2.13109,2.55047,10,25404,19.4846,2.30333
1776813051066754472,1.98458,0.529297,-0.181284,2.83263,2.43526,2.59334,10,25423,19.4992,2.30057
1776813051071705272,1.98625,0.529297,-0.165035,2.82986,2.43526,2.59334,10,25436,19.5092,2.60825
1776813051076729328,1.98625,0.332031,-0.155066,2.94028,2.48884,2.48905,10,25456,19.5245,2.45487
1776813051081725292,1.99663,0.332031,-0.129345,2.7869,2.48884,2.48905,10,25469,19.5345,2.60721
1776813051086728256,1.99663,0.210938,-0.119374,2.81814,2.94484,2.47029,10,25491,19.5514,2.60825
1776813051091722257,1.99735,0.210938,-0.101782,2.81919,2.94484,2.47029,10,25504,19.5613,2.76053
1776813051096722481,1.99735,-0.103516,-0.0918104,2.65701,2.96724,2.29452,10,25527,19.579,2.60773
1776813051101722723,1.99735,-0.103516,-0.0741694,2.50421,2.96724,2.29452,10,25539,19.5882,2.76146
1776813051106728835,1.99984,-0.103516,-0.0624773,2.65794,2.70178,2.30654,10,25560,19.6043,2.76108
1776813051111753168,1.99984,-0.482422,-0.0463698,2.27866,2.70178,2.30654,10,25583,19.6219,3.22049
1776813051116735726,1.99444,-0.482422,-0.0341303,2.73806,2.13954,2.06446,10,25602,19.6365,3.22216
1776813051121708450,1.99444,-0.667969,-0.0195582,2.55419,2.13954,2.06446,10,25626,19.6549,3.22216
1776813051126734987,1.9884,-0.667969,-0.00718902,2.55419,2.00081,1.92946,10,25647,19.671,3.21984
1776813051131727526,1.9884,-0.611328,0.00891855,2.60851,2.00081,1.92946,10,25666,19.6856,3.06816
1776813051136763136,1.98202,-0.611328,0.0171087,2.45683,1.67534,1.93077,10,25685,19.7001,3.22242
1776813051141794581,1.98202,-0.613281,0.0316809,2.60914,1.67534,1.93077,10,25706,19.7163,3.37486
1776813051146768065,1.98034,-0.613281,0.0461061,2.76158,1.70738,1.92148,10,25732,19.7362,3.68156
1776813051151741437,1.98034,-0.791016,0.0660475,2.89055,1.70738,1.92148,10,25758,19.7561,3.52751
1776813051156741438,1.96824,-0.791016,0.0738924,2.73649,1.88126,1.76118,10,25778,19.7715,3.67715
1776813051161766013,1.96824,-0.837891,0.0892332,2.83926,1.88126,1.76118,10,25800,19.7884,3.53245
1776813051166769921,1.96596,-0.837891,0.103822,2.69456,2.05157,1.7233,10,25827,19.8091,3.68156
1776813051171738109,1.96596,-0.943359,0.124531,2.7382,2.05157,1.7233,10,25855,19.8305,3.83492
1776813051176751313,1.95058,-0.943359,0.147503,3.0457,1.9867,1.66318,10,25888,19.8558,3.98906
1776813051181735685,1.95058,-0.861328,0.155939,3.12774,1.9867,1.66318,10,25909,19.872,3.68083
1776813051186731613,1.93875,-0.861328,0.160221,2.8195,1.82282,1.57616,10,25930,19.8881,3.67715
1776813051191739410,1.93875,-0.847656,0.176328,2.8295,1.82282,1.57616,10,25952,19.9049,3.53175
1776813051196729041,1.93254,-0.847656,0.186991,2.68409,1.5115,1.5532,10,25973,19.921,3.83492
1776813051201730709,1.93254,-0.839844,0.203098,2.99507,1.5115,1.5532,10,25996,19.9387,3.83568
1776813051206761468,1.9302,-0.839844,0.218395,2.99584,1.34151,1.54603,10,26023,19.9594,3.68156
1776813051211751932,1.9302,-0.898438,0.239103,2.78313,1.34151,1.54603,10,26049,19.9793,3.68156
1776813051216745526,1.91541,-0.898438,0.244255,2.78313,1.58647,1.43904,10,26071,19.9962,3.6823
1776813051221721492,1.91541,-0.896484,0.261129,2.78582,1.58647,1.43904,10,26094,20.0138,3.83492
1776813051226734659,1.91313,-0.896484,0.276491,2.93843,1.56392,1.42877,10,26121,20.0346,3.98747
1776813051231740623,1.91313,-0.859375,0.297199,3.12809,1.56392,1.42877,10,26146,20.0537,3.68156
1776813051236828083,1.89759,-0.859375,0.300838,2.82219,1.79745,1.37208,10,26155,20.0606,2.1481
1776813051241803419,1.89759,-0.830078,0.307743,1.31803,1.79745,1.37208,10,26153,20.0591,0.767136
1776813051246746052,1.89759,-0.830078,0.306207,-0.0629425,2.24133,1.38878,10,26146,20.0537,-1.22719
1776813051251797551,1.89541,-0.830078,0.298656,-2.05727,2.24133,1.38878,10,26143,20.0514,-0.613785
1776813051256778053,1.89541,3.86328,0.296356,3.2495,2.5953,4.05303,10,26142,20.0507,-0.153351
1776813051261747222,1.92193,3.86328,-0.306213,3.70993,2.5953,4.05303,10,26146,20.0537,0.30664
1776813051266737335,1.92193,2.39258,-0.303146,2.69922,1.72375,3.34741,10,26158,20.0629,1.22694
1776813051271714059,1.94333,2.39258,-0.272537,3.61952,1.72375,3.34741,10,26165,20.0683,1.5345
1776813051276740263,1.94333,1.2832,-0.267168,2.81771,2.28397,2.82116,10,26180,20.0798,1.68728
1776813051281740783,1.95897,1.2832,-0.240028,2.97049,2.28397,2.82116,10,26189,20.0867,1.84059
1776813051286747339,1.95897,1.05273,-0.233126,2.89333,2.06025,2.76672,10,26206,20.0998,1.99432
1776813051291731971,1.97274,1.05273,-0.206318,3.04706,2.06025,2.76672,10,26217,20.1082,2.14767
1776813051296735972,1.97274,0.880859,-0.197882,3.02853,2.20863,2.7361,10,26237,20.1235,2.3011
1776813051301728732,1.98136,0.880859,-0.173914,3.18196,2.20863,2.7361,10,26248,20.132,2.45389
1776813051306735715,1.98136,0.638672,-0.165478,3.09256,2.72183,2.64008,10,26268,20.1473,2.30149
1776813051311724439,1.98997,0.638672,-0.141527,2.94016,2.72183,2.64008,10,26279,20.1557,2.45339
1776813051316746624,1.98997,0.201172,-0.133091,2.65457,3.27422,2.43249,10,26302,20.1734,2.60825
1776813051321712479,1.98997,0.201172,-0.11545,2.80942,3.27422,2.43249,10,26315,20.1834,2.76146
1776813051326733368,1.99326,0.201172,-0.102196,2.96263,3.10108,2.44839,10,26336,20.1995,3.06594
1776813051331727480,1.99326,-0.365234,-0.0860881,2.70071,3.10108,2.44839,10,26359,20.2171,3.07062
1776813051336726889,1.99161,-0.365234,-0.070095,2.70538,2.64455,2.11757,10,26377,20.2301,3.06717
1776813051341742019,1.99161,-0.4375,-0.0562896,2.62967,2.64455,2.11757,10,26396,20.2455,3.06877
1776813051346746946,1.99063,-0.4375,-0.0426921,2.63127,2.19157,2.07165,10,26418,20.2624,3.22113
1776813051351730948,1.99063,-0.574219,-0.0258178,2.64691,2.19157,2.07165,10,26442,20.2808,3.22087
1776813051356726968,1.98265,-0.574219,-0.015396,2.64665,1.86909,1.95497,10,26461,20.2953,3.22113
1776813051361724191,1.98122,-0.572266,0.0130883,2.95524,1.84889,1.94915,10,26493,20.3199,3.52751
1776813051366721322,1.98122,-0.638672,0.0222912,2.88884,1.84889,1.94915,10,26510,20.3329,3.37554
1776813051371713268,1.97531,-0.638672,0.0294247,2.73687,1.84889,1.94915,10,26527,20.346,3.52892
1776813051376738157,1.97531,-0.791016,0.0424634,2.7379,1.68118,1.79571,10,26555,20.3674,3.37448
1776813051381753750,1.96839,-0.791016,0.0570126,2.58347,1.68118,1.79571,10,26571,20.3797,3.37351
1776813051386722790,1.96839,-0.902344,0.0692845,2.47117,1.82512,1.69845,10,26602,20.4035,3.6823
1776813051391729957,1.96839,-0.902344,0.0930615,2.77996,1.82512,1.69845,10,26619,20.4165,3.68156
1776813051396727588,1.95966,-0.902344,0.0973683,2.77922,1.73736,1.6557,10,26644,20.4357,3.67936
1776813051401742237,1.95966,-0.970703,0.116543,2.70865,1.73736,1.6557,10,26670,20.4556,3.37621
1776813051406733127,1.94282,-0.970703,0.119646,2.40551,1.90797,1.53389,10,26689,20.4702,3.37621
1776813051411747054,1.94282,-0.878906,0.13422,2.49731,1.90797,1.53389,10,26715,20.4901,3.52783
1776813051416732500,1.93631,-0.878906,0.147652,2.64893,1.84179,1.55404,10,26735,20.5055,3.5268
1776813051421720409,1.93631,-0.785156,0.162991,2.74165,1.84179,1.55404,10,26762,20.5262,3.52821
1776813051426726595,1.92786,-0.785156,0.175249,2.74306,1.42431,1.56557,10,26782,20.5415,3.83338
1776813051431749207,1.92786,-0.802734,0.190588,3.03065,1.42431,1.56557,10,26810,20.563,3.68451
1776813051436733986,1.92008,-0.802734,0.20429,2.88178,1.23129,1.51689,10,26833,20.5807,3.83415
1776813051441771578,1.92008,-0.888672,0.221932,2.94548,1.23129,1.51689,10,26863,20.6037,3.98865
1776813051446748284,1.91153,-0.888672,0.236389,3.09998,1.36465,1.42524,10,26887,20.6221,4.29497
1776813051451754952,1.91153,-0.923828,0.254797,3.37114,1.36465,1.42524,10,26917,20.6451,3.98906
1776813051456736398,1.90244,-0.923828,0.268717,3.06524,1.53508,1.35969,10,26939,20.662,3.98667
1776813051461761898,1.90244,-0.869141,0.285591,3.11753,1.53508,1.35969,10,26967,20.6834,3.98945
1776813051466751622,1.89351,-0.869141,0.311174,2.6594,1.51912,1.39086,10,26993,20.7034,3.52854
1776813051471714940,1.89351,-0.00195312,-0.310241,3.52658,1.51912,1.39086,10,26994,20.7041,2.60707
1776813051476729107,1.88313,-0.00195312,0.308466,2.60511,1.8357,1.78793,10,26980,20.6934,-0.920486
1776813051481725794,1.88313,1.85352,0.29773,0.933029,1.8357,1.78793,10,26976,20.6903,-1.84134
1776813051486735072,1.8873,1.85352,0.298828,0.0121745,2.57803,2.8666,10,26976,20.6903,-0.153382
1776813051491727037,1.8873,3.75977,0.298828,3.60638,2.57803,2.8666,10,26977,20.6911,0
1776813051496832033,1.92041,3.75977,-0.295616,3.75977,2.7657,4.11914,10,26987,20.6988,0.920486
1776813051501803369,1.92041,2.0918,-0.287944,3.01228,2.7657,4.11914,10,27000,20.7087,1.53389
1776813051506767761,1.94867,2.0918,-0.249714,3.62569,2.55362,3.30837,10,27011,20.7172,2.14767
1776813051511741004,1.94867,1.05469,-0.241275,3.20236,2.55362,3.30837,10,27029,20.731,2.14725
1776813051516751819,1.96649,1.05469,-0.209646,3.20193,2.221,2.8047,10,27041,20.7402,2.45487
1776813051521705285,1.96649,0.572266,-0.200443,3.02713,2.221,2.8047,10,27053,20.7494,2.14643
1776813051526735656,1.97075,0.572266,-0.186979,2.7187,2.19288,2.55053,10,27066,20.7594,1.53458
1776813051531726176,1.97075,0.685547,-0.177009,2.22013,2.19288,2.55053,10,27084,20.7732,2.45487
1776813051536754287,1.97957,0.685547,-0.143646,3.13992,2.30664,2.6151,10,27106,20.79,2.45438
1776813051541742751,1.97957,0.371094,-0.13751,2.82547,2.30664,2.6151,10,27118,20.7992,2.60773
1776813051546744919,1.98225,0.371094,-0.125627,2.97882,2.66755,2.49186,10,27134,20.8115,2.76108
1776813051551739402,1.98225,-0.166016,-0.113355,2.59506,2.66755,2.49186,10,27155,20.8276,2.91268
1776813051556731756,1.98318,-0.166016,-0.096317,2.74667,3.12157,2.19025,10,27171,20.8399,2.76201
1776813051561728257,1.98195,-0.345703,-0.0722405,2.41648,2.80321,2.08183,10,27198,20.8606,2.76218
1776813051566726295,1.98195,-0.515625,-0.0645692,2.24656,2.80321,2.08183,10,27216,20.8744,2.91385
1776813051571707742,1.97721,-0.515625,-0.0554978,2.39822,2.80321,2.08183,10,27231,20.8859,2.91501
1776813051576731149,1.97721,-0.501953,-0.0439927,2.41306,2.31745,1.96973,10,27253,20.9028,3.22087
1776813051581735076,1.97464,-0.501953,-0.0296952,2.71891,2.31745,1.96973,10,27268,20.9143,3.06816
1776813051586758261,1.97464,-0.650391,-0.018192,2.41777,1.75434,1.87257,10,27296,20.9358,3.37448
1776813051591748448,1.96614,-0.650391,-0.00520865,2.72409,1.75434,1.87257,10,27312,20.948,3.37486
1776813051596733746,1.96614,-0.65625,0.00706322,2.71861,1.60351,1.82776,10,27341,20.9703,3.37419
1776813051601732951,1.96614,-0.65625,0.0293048,2.71794,1.60351,1.82776,10,27359,20.9841,3.68304
1776813051606726212,1.921,-0.65625,-0.00203483,3.02679,1.73195,1.60495,10,27387,21.0056,3.98747
1776813051611728065,1.921,-0.767578,0.01944,3.21989,1.73195,1.60495,10,27415,21.027,3.83568
1776813051616730103,1.90745,-0.767578,0.0273688,3.0681,1.90432,1.47384,10,27436,21.0431,3.83415
1776813051621711809,1.90745,-0.806641,0.0434745,3.02751,1.90432,1.47384,10,27462,21.0631,3.52751
1776813051626727106,1.903,-0.806641,0.0589622,2.72087,1.83864,1.42926,10,27482,21.0784,3.67715
1776813051631747291,1.903,-0.810547,0.074303,2.8666,1.83864,1.42926,10,27508,21.0984,3.53316
1776813051636727349,1.89093,-0.810547,0.0821784,2.72261,1.53535,1.36638,10,27528,21.1137,3.37448
1776813051641725609,1.89093,-0.767578,0.0975192,2.6069,1.53535,1.36638,10,27552,21.1314,3.37419
1776813051646721629,1.88695,-0.767578,0.111943,2.60661,1.36408,1.37078,10,27570,21.1459,3.06816
1776813051651757925,1.88695,-0.541016,0.125748,2.52715,1.36408,1.37078,10,27594,21.1643,3.37583
1776813051656748019,1.8772,-0.541016,0.134405,2.83482,1.50202,1.45061,10,27612,21.1781,3.22087
1776813051661805203,1.8772,-0.484375,0.148211,2.73649,1.50202,1.45061,10,27638,21.1981,3.37486
1776813051666799445,1.87455,-0.484375,0.165509,2.89049,1.44502,1.4695,10,27657,21.2127,3.52821
1776813051671745560,1.87455,-0.517578,0.180083,3.01064,1.44502,1.4695,10,27682,21.2318,3.37381
1776813051676829298,1.84389,-0.517578,0.183167,2.85728,1.23989,1.45058,10,27711,21.2541,3.37486
1776813051681759950,1.84389,-0.550781,0.190836,2.82408,1.23989,1.45058,10,27731,21.2694,3.37554
1776813051686740045,1.83515,-0.550781,0.197436,2.82476,1.17277,1.23023,10,27751,21.2847,3.37516
1776813051691735639,1.83515,-0.548828,0.212775,2.82633,1.17277,1.23023,10,27772,21.3009,3.68156
1776813051696751658,1.83279,-0.548828,0.226528,3.13274,1.23308,1.21921,10,27783,21.3093,3.06755
1776813051701736827,1.83279,-0.335938,0.234965,2.73161,1.23308,1.21921,10,27775,21.3032,0.153382
1776813051706752808,1.82829,-0.335938,0.224327,-0.182556,1.94171,1.31733,10,27763,21.294,-2.30011
1776813051711743180,1.82829,3.25977,0.215124,0.95966,1.94171,1.31733,10,27757,21.2894,-1.38082
1776813051716747404,1.84008,3.25977,0.222306,1.87895,2.5718,3.42761,10,27756,21.2886,-0.306702
1776813051721719851,1.84008,3.64648,0.221539,3.33978,2.5718,3.42761,10,27756,21.2886,0
1776813051726743906,1.87942,3.64648,0.260887,3.64648,1.91753,3.84878,10,27763,21.294,0.459869
1776813051731734408,1.87942,1.92383,0.266257,2.3837,1.91753,3.84878,10,27773,21.3016,1.38082
1776813051736754501,1.9074,1.92383,0.301901,3.30464,2.2859,3.0077,10,27783,21.3093,1.22743
1776813051741730484,1.9074,1.47852,0.309571,2.70595,2.2859,3.0077,10,27794,21.3177,1.68728
1776813051746804982,1.9074,1.47852,-0.31031,3.1658,2.19178,2.75387,10,27806,21.3269,1.99394
1776813051751753930,1.91535,1.47852,-0.293161,3.47246,2.19178,2.75387,10,27814,21.3331,1.53458
1776813051756773856,1.91535,1.11133,-0.287025,2.64591,2.44278,2.58429,10,27830,21.3453,1.99354
1776813051761757210,1.92724,1.11133,-0.262855,3.10487,2.44278,2.58429,10,27840,21.353,1.99393
1776813051766735323,1.92724,0.623047,-0.255186,2.61697,2.70061,2.36521,10,27858,21.3668,2.14815
1776813051771713011,1.94267,0.623047,-0.225955,2.7712,2.70061,2.36521,10,27870,21.376,2.14767
1776813051776727622,1.94565,0.521484,-0.200729,3.12817,3.07936,2.3837,10,27895,21.3952,2.60668
1776813051781744141,1.94565,0.328125,-0.194593,2.93481,3.07936,2.3837,10,27910,21.4067,2.60773
1776813051786743013,1.95011,0.328125,-0.178632,2.93585,2.92933,2.31016,10,27925,21.4182,2.45536
1776813051791742088,1.95011,0.132812,-0.167127,2.58817,2.92933,2.31016,10,27940,21.4297,2.76146
1776813051796732534,1.95132,0.132812,-0.154405,2.89427,2.551,2.20482,10,27959,21.4443,2.60721
1776813051801742739,1.95132,-0.0625,-0.139833,2.54471,2.551,2.20482,10,27976,21.4573,2.60825
1776813051806742351,1.95111,-0.0625,-0.127004,2.54575,2.15776,2.09246,10,27997,21.4734,2.91385
1776813051811734853,1.95111,-0.179688,-0.110897,2.73416,2.15776,2.09246,10,28013,21.4857,2.91481
1776813051816732002,1.95111,-0.179688,-0.0986246,2.73512,1.70301,2.02566,10,28034,21.5018,2.76108
1776813051821713930,1.95061,-0.179688,-0.0830282,2.58139,1.70301,2.02566,10,28048,21.5125,3.06778
1776813051826728819,1.95061,-0.244141,-0.0722899,2.82364,1.91572,1.98642,10,28072,21.531,2.91539
1776813051831747727,1.94687,-0.244141,-0.0576185,2.67125,1.91572,1.98642,10,28087,21.5425,3.06717
1776813051836734525,1.94687,-0.328125,-0.0461134,2.73904,1.98777,1.92015,10,28113,21.5624,3.06877
1776813051841729860,1.94426,-0.328125,-0.0287813,2.74065,1.98777,1.92015,10,28128,21.5739,3.06717
1776813051846726824,1.94426,-0.400391,-0.0172762,2.66678,2.05747,1.86609,10,28154,21.5938,3.22151
1776813051851733844,1.94056,-0.400391,-0.00103132,2.82112,2.05747,1.86609,10,28169,21.6054,3.21984
1776813051856722234,1.94056,-0.544922,0.0104738,2.67492,1.90614,1.76545,10,28196,21.6261,3.06939
1776813051861721569,1.93597,-0.544922,0.0265871,2.52447,1.90614,1.76545,10,28211,21.6376,3.22177
1776813051866720144,1.93597,-0.662109,0.0380922,2.55967,1.93591,1.67593,10,28237,21.6575,3.22022
1776813051871700294,1.9298,-0.662109,0.0518652,2.55811,1.93591,1.67593,10,28252,21.669,3.22151
1776813051876726387,1.9298,-0.630859,0.0633703,2.59065,1.98679,1.66317,10,28280,21.6905,3.36976
1776813051881720981,1.92313,-0.630859,0.0781828,2.7389,1.98679,1.66317,10,28296,21.7028,3.38095
1776813051886737333,1.92313,-0.496094,0.0904547,2.88485,1.42984,1.70687,10,28324,21.7242,3.22022
1776813051891733464,1.88603,-0.496094,0.087092,2.87839,1.45284,1.52088,10,28352,21.7457,3.37448
1776813051896737428,1.88603,-0.564453,0.0962969,2.81003,1.45284,1.52088,10,28374,21.7626,3.52328
1776813051901721282,1.87806,-0.564453,0.105204,2.95883,1.45284,1.52088,10,28393,21.7772,3.53316
1776813051906736579,1.87806,-0.607422,0.119778,2.92574,1.70175,1.41714,10,28421,21.7986,3.98986
1776813051911742135,1.87213,-0.607422,0.135327,3.38244,1.70175,1.41714,10,28439,21.8124,3.98827
1776813051916735933,1.87213,-0.626953,0.149132,3.36131,1.75564,1.37596,10,28471,21.837,3.83453
1776813051921704584,1.86903,-0.626953,0.170573,3.20758,1.75564,1.37596,10,28484,21.847,3.52783
1776813051926733954,1.86903,-0.566406,0.180544,2.96143,1.57479,1.39471,10,28493,21.8539,2.1451
1776813051931731844,1.86316,-0.566406,0.181576,1.57869,1.57479,1.39471,10,28483,21.8462,-0.921592
1776813051936738419,1.86316,1.41016,0.173905,0.488564,2.18895,2.49147,10,28477,21.8416,-1.5342
1776813051941750846,1.86411,1.41016,0.170256,-0.12404,2.18895,2.49147,10,28477,21.8416,0
1776813051946761106,1.86411,3.96094,0.170256,3.96094,2.4494,3.95027,10,28476,21.8408,-0.153351
1776813051951742145,1.89476,3.96094,0.200141,3.80759,2.4494,3.95027,10,28486,21.8485,0.767443
1776813051956734961,1.89476,1.15625,0.20781,1.92369,2.49329,2.50676,10,28495,21.8554,1.38054
1776813051961731777,1.91327,1.15625,0.240885,2.84349,2.31931,2.59951,10,28513,21.8692,1.68724
1776813051966752351,1.91327,1.18359,0.247021,2.87083,2.31931,2.59951,10,28526,21.8792,2.29919
1776813051971717076,1.92487,1.18359,0.268601,3.48278,2.31931,2.59951,10,28540,21.8899,2.30241
1776813051976729373,1.92487,0.511719,0.279339,2.81413,1.84921,2.28998,10,28556,21.9022,2.14725
1776813051981731097,1.93235,0.511719,0.299082,2.65896,1.84921,2.28998,10,28565,21.9091,2.45487
1776813051986735838,1.93235,0.587891,0.305985,3.04276,2.16917,2.37049,10,28586,21.9252,2.45487
1776813051991730692,1.93511,0.587891,-0.303466,3.04276,2.16917,2.37049,10,28596,21.9329,2.30064
1776813051996797245,1.93511,0.242188,-0.295797,2.54283,2.29708,2.18712,10,28615,21.9474,2.30103
1776813052001748064,1.94302,0.242188,-0.273313,2.54321,2.29708,2.18712,10,28626,21.9559,2.14767
1776813052006733232,1.94302,0.316406,-0.264875,2.46408,2.51639,2.26853,10,28647,21.972,2.45389
1776813052011740437,1.94439,0.316406,-0.247399,2.77029,2.51639,2.26853,10,28660,21.9819,2.60825
1776813052016829306,1.94439,-0.138672,-0.237428,2.46958,2.65877,2.0159,10,28681,21.9981,2.60773
1776813052021784235,1.94675,-0.138672,-0.218963,2.46906,2.65877,2.0159,10,28693,22.0073,2.60721
1776813052026744368,1.94675,-0.146484,-0.209758,2.46072,2.55809,2.02308,10,28715,22.0241,2.60773
1776813052031731926,1.93374,-0.146484,-0.196693,2.46124,1.92051,1.95878,10,28737,22.041,2.60773
1776813052036729372,1.93374,-0.371094,-0.189023,2.23663,1.92051,1.95878,10,28749,22.0502,2.75925
1776813052041735003,1.93015,-0.371094,-0.183406,2.38816,1.92051,1.95878,10,28767,22.064,2.60981
1776813052046730246,1.93015,-0.345703,-0.169601,2.26411,1.67951,1.82744,10,28786,22.0786,2.91385
1776813052051737914,1.92647,-0.345703,-0.158702,2.56814,1.67951,1.82744,10,28801,22.0901,2.91598
1776813052056735452,1.92647,-0.388672,-0.147197,2.5273,1.59561,1.78471,10,28827,22.11,3.06717
1776813052061771452,1.92303,-0.388672,-0.130698,2.67849,1.59561,1.78471,10,28842,22.1215,3.06717
1776813052066752640,1.92303,-0.419922,-0.119195,2.64724,1.80719,1.74977,10,28868,22.1415,3.22216
1776813052071716365,1.92072,-0.419922,-0.101556,2.80223,1.80719,1.74977,10,28884,22.1538,3.22087
1776813052076739403,1.92072,-0.548828,-0.0892841,2.67204,2.04992,1.66482,10,28913,22.176,3.37516
1776813052081733016,1.91367,-0.548828,-0.0741016,2.82633,2.04992,1.66482,10,28929,22.1883,3.52751
1776813052086739629,1.91367,-0.574219,-0.0618297,2.95329,1.79895,1.61514,10,28958,22.2105,3.52963
1776813052091801257,1.91048,-0.574219,-0.0427715,2.95541,1.79895,1.61514,10,28978,22.2258,3.37486
1776813052096762631,1.91048,-0.560547,-0.0274326,2.81432,1.63912,1.60702,10,29001,22.2435,3.22049
1776813052101738022,1.90488,-0.560547,-0.0023586,2.96837,1.68754,1.57896,10,29030,22.2657,3.52892
1776813052106829835,1.90488,-0.494141,0.00684629,3.03478,1.68754,1.57896,10,29045,22.2772,3.37486
1776813052111770135,1.89727,-0.494141,0.0107487,2.88072,1.68754,1.57896,10,29066,22.2933,3.37486
1776813052116746045,1.89727,-0.466797,0.0268544,2.90807,1.39826,1.59423,10,29088,22.3102,3.22049
1776813052121719011,1.89457,-0.466797,0.041026,2.75369,1.39826,1.59423,10,29103,22.3217,3.06816
1776813052126737401,1.89457,-0.529297,0.0525311,2.53886,1.3418,1.54502,10,29130,22.3424,3.22177
1776813052131745328,1.88728,-0.529297,0.0659531,2.69248,1.3418,1.54502,10,29146,22.3547,3.37419
1776813052136731608,1.88728,-0.529297,0.078225,2.84489,1.43285,1.50831,10,29175,22.3769,3.52892
1776813052141724962,1.88215,-0.529297,0.095332,2.99962,1.43285,1.50831,10,29192,22.39,3.52821
1776813052146747500,1.88215,-0.533203,0.108371,2.99501,1.74214,1.48013,10,29219,22.4107,3.37419
1776813052151736316,1.87906,-0.533203,0.125991,2.84098,1.74214,1.48013,10,29232,22.4207,3.06778
1776813052156734707,1.87906,-0.402344,0.135962,2.66544,1.81785,1.5391,10,29243,22.4291,2.1481
1776813052161738097,1.87183,-0.402344,0.137166,1.74576,1.81785,1.5391,10,29241,22.4276,0.30664
1776813052166732414,1.87183,0.599609,0.135632,0.90625,2.15992,2.07354,10,29234,22.4222,-1.07405
1776813052171722861,1.87245,0.599609,0.13012,0.139557,2.65802,2.0767,10,29233,22.4214,-0.460052
1776813052176732862,1.87245,3.25391,0.13012,2.79385,2.65802,2.0767,10,29232,22.4207,0
1776813052181751696,1.91152,3.25391,0.168427,3.25391,2.65802,2.0767,10,29236,22.4237,0
1776813052186732013,1.91152,1.7168,0.171494,1.7168,2.53393,2.91032,10,29246,22.4314,0.920118
1776813052191732607,1.93842,1.7168,0.206056,2.63692,2.53393,2.91032,10,29254,22.4375,1.84133
1776813052196731479,1.93842,1.05859,0.212191,2.89992,1.60404,2.66884,10,29271,22.4506,1.99393
1776813052201736370,1.94559,1.05859,0.232406,3.05252,1.60404,2.66884,10,29281,22.4582,1.84022
1776813052206731760,1.94559,0.607422,0.240077,2.44765,2.01943,2.44711,10,29299,22.4721,1.99472
1776813052211732429,1.95996,0.607422,0.268248,2.60214,2.01943,2.44711,10,29309,22.4797,2.45241
1776813052216727282,1.95996,0.636719,0.275918,3.08913,2.10458,2.53445,10,29329,22.4951,2.30149
1776813052221710544,1.96351,0.636719,0.294814,2.9382,2.10458,2.53445,10,29341,22.5043,2.45634
1776813052226740193,1.96351,0.306641,0.304017,2.76298,1.8754,2.36372,10,29360,22.5188,2.30064
1776813052231729250,1.97339,0.306641,-0.299847,2.60728,1.8754,2.36372,10,29370,22.5265,2.30057
1776813052236727178,1.97339,0.214844,-0.292178,2.51541,2.4797,2.35968,10,29389,22.5411,2.1481
1776813052241723235,1.97339,0.214844,-0.277606,2.36295,2.4797,2.35968,10,29402,22.5511,2.60721
1776813052246733514,1.95829,0.214844,-0.28274,2.82205,2.82652,2.28579,10,29422,22.5664,2.75997
1776813052251797235,1.95829,-0.214844,-0.267402,2.54513,2.82652,2.28579,10,29443,22.5825,2.76312
1776813052256753924,1.96129,-0.214844,-0.24829,2.54827,2.90575,2.05559,10,29463,22.5978,2.91385
1776813052261730408,1.96129,-0.363281,-0.232951,2.55056,2.90575,2.05559,10,29481,22.6116,2.91443
1776813052266797222,1.95805,-0.363281,-0.222381,2.55115,2.13701,1.95511,10,29503,22.6285,3.06755
1776813052271719208,1.95805,-0.507812,-0.205508,2.55974,2.13701,1.95511,10,29522,22.6431,3.06839
1776813052276735579,1.95591,-0.507812,-0.193082,2.56058,1.69223,1.86219,10,29544,22.66,3.06816
1776813052281743544,1.95591,-0.558594,-0.176209,2.50957,1.69223,1.86219,10,29562,22.6738,3.22177
1776813052286737675,1.9472,-0.558594,-0.171103,2.66318,1.69422,1.79043,10,29584,22.6906,3.06816
1776813052291730955,1.9472,-0.46875,-0.154231,2.59941,1.69422,1.79043,10,29602,22.7044,3.06717
1776813052296737512,1.9447,-0.46875,-0.142936,2.59842,1.79632,1.82927,10,29623,22.7206,2.91539
1776813052301728495,1.9447,-0.402344,-0.126828,2.51305,1.79632,1.82927,10,29641,22.7344,3.06655
1776813052306739885,1.93824,-0.402344,-0.119475,2.66421,1.92587,1.83524,10,29664,22.752,3.06877
1776813052311735776,1.93824,-0.482422,-0.101834,2.58635,1.92587,1.83524,10,29683,22.7666,3.22049
1776813052316762887,1.93824,-0.482422,-0.0872601,2.73806,1.915,1.7896,10,29706,22.7842,3.22216
1776813052321729113,1.92566,-0.482422,-0.0822037,2.73973,1.915,1.7896,10,29720,22.795,3.22049
1776813052326730077,1.92566,-0.742188,-0.0714654,2.4783,1.8943,1.57916,10,29746,22.8149,3.06939
1776813052331738875,1.91441,-0.742188,-0.0627774,2.3272,1.8943,1.57916,10,29761,22.8264,3.22113
1776813052336746950,1.91441,-0.773438,-0.0512723,2.44769,1.95793,1.50528,10,29788,22.8471,3.22151
1776813052341732230,1.90966,-0.773438,-0.0353116,2.44807,1.95793,1.50528,10,29804,22.8594,3.22151
1776813052346766527,1.90966,-0.585938,-0.0230397,2.63557,1.64675,1.58843,10,29831,22.8801,3.37381
1776813052351761306,1.90009,-0.585938,-0.0118931,2.78787,1.64675,1.58843,10,29847,22.8924,3.22216
1776813052356734642,1.90009,-0.541016,0.000378726,2.68114,1.2703,1.56611,10,29874,22.9131,3.22151
1776813052361739718,1.89721,-0.541016,0.0181972,2.6805,1.2703,1.56611,10,29890,22.9253,3.37381
1776813052366737090,1.89721,-0.589844,0.0304691,2.78396,1.42944,1.52377,10,29920,22.9484,3.52892
1776813052371708500,1.88826,-0.589844,0.0445377,2.93908,1.42944,1.52377,10,29938,22.9622,3.68156
1776813052376728890,1.88826,-0.613281,0.0583431,3.06828,1.59387,1.46537,10,29969,22.9859,3.83338
1776813052381738613,1.88558,-0.613281,0.0794345,3.2201,1.59387,1.46537,10,29987,22.9997,3.68304
1776813052386735930,1.88558,-0.597656,0.0932399,3.08538,1.54857,1.46073,10,30015,23.0212,3.67936
1776813052391736228,1.88558,-0.597656,0.114717,3.0817,1.54857,1.46073,10,30028,23.0312,3.06939
1776813052396760432,1.8762,-0.597656,0.11531,2.47173,1.65048,1.41329,10,30034,23.0358,1.6869
1776813052401755119,1.8762,0.910156,0.119912,2.59706,1.65048,1.41329,10,30029,23.032,-0.306702
1776813052406733011,1.87298,0.910156,0.112855,0.603455,2.13582,2.25641,10,30027,23.0304,-0.767136
1776813052411766085,1.87298,2.51562,0.111322,1.74849,2.13582,2.25641,10,30027,23.0304,0
1776813052416738069,1.88102,2.51562,0.119363,2.51562,2.39803,3.21227,10,30027,23.0304,0
1776813052421709479,1.88102,2.16406,0.119363,2.16406,2.39803,3.21227,10,30038,23.0389,0.767136
1776813052426728814,1.92444,2.16406,0.171214,2.9312,2.4694,3.22963,10,30049,23.0473,1.6869
1776813052431737407,1.92444,1.27734,0.179652,2.96425,2.4694,3.22963,10,30061,23.0565,1.84024
1776813052436727669,1.93293,1.27734,0.197353,3.11758,2.39068,2.76639,10,30077,23.0688,1.99514
1776813052441768113,1.93293,0.492188,0.209624,2.48733,2.39068,2.76639,10,30092,23.0803,2.45389
1776813052446776096,1.94542,0.492188,0.233617,2.94607,2.12235,2.38058,10,30109,23.0933,2.45438
1776813052451778319,1.94542,0.275391,0.246656,2.72977,2.12235,2.38058,10,30123,23.1041,2.30103
1776813052456753785,1.94716,0.275391,0.259132,2.57642,2.31459,2.26557,10,30141,23.1179,2.30103
1776813052461735047,1.94716,0.0917969,0.272937,2.39282,2.31459,2.26557,10,30158,23.1309,2.76053
1776813052466761825,1.94716,0.0917969,0.285976,2.85232,2.45044,2.16093,10,30176,23.1447,2.76218
1776813052471714570,1.95166,0.0917969,0.304288,2.85398,2.45044,2.16093,10,30190,23.1554,2.76091
1776813052476750347,1.95166,-0.353516,-0.313294,2.40739,2.80897,1.92928,10,30213,23.1731,2.76163
1776813052481726165,1.94893,-0.353516,-0.29839,2.40811,2.80897,1.92928,10,30226,23.1831,2.91385
1776813052486748703,1.94893,-0.507812,-0.288418,2.40603,2.39634,1.82786,10,30249,23.2007,2.60825
1776813052491735853,1.94455,-0.507812,-0.275157,2.10044,2.39634,1.82786,10,30261,23.2099,2.60773
1776813052496755094,1.94455,-0.472656,-0.265954,2.13507,2.07748,1.82632,10,30284,23.2275,2.91132
1776813052501795724,1.93943,-0.472656,-0.253434,2.43866,2.07748,1.82632,10,30298,23.2383,2.76384
1776813052506751820,1.93943,-0.59375,-0.242695,2.17009,1.4084,1.732,10,30323,23.2575,2.91443
1776813052511732582,1.93421,-0.59375,-0.228734,2.32068,1.4084,1.732,10,30337,23.2682,2.91481
1776813052516733361,1.93421,-0.591797,-0.217995,2.32301,1.59889,1.70732,10,30362,23.2874,3.06778
1776813052521803563,1.92825,-0.591797,-0.204787,2.47598,1.59889,1.70732,10,30376,23.2981,3.06877
1776813052526748271,1.92825,-0.578125,-0.19405,2.49065,1.61986,1.68553,10,30402,23.318,2.91385
1776813052531900951,1.92236,-0.578125,-0.179997,2.33572,1.61986,1.68553,10,30417,23.3295,3.22216
1776813052536833234,1.92236,-0.621094,-0.168494,2.60106,1.58184,1.63176,10,30445,23.351,3.37313
1776813052541835143,1.92236,-0.621094,-0.147017,2.75204,1.58184,1.63176,10,30462,23.3641,3.37621
1776813052546781554,1.89999,-0.621094,-0.156344,2.75512,1.62238,1.51995,10,30486,23.3825,3.52751
1776813052551760445,1.89999,-0.705078,-0.137936,2.82243,1.62238,1.51995,10,30510,23.4009,3.37486
1776813052556737744,1.88989,-0.705078,-0.129628,2.66978,1.8914,1.42127,10,30533,23.4185,3.22049
1776813052561739542,1.88989,-0.660156,-0.111987,2.56033,1.8914,1.42127,10,30553,23.4339,3.37554
1776813052566732674,1.883,-0.660156,-0.103541,2.71538,1.75484,1.41208,10,30575,23.4507,3.22216
1776813052571740823,1.883,-0.523438,-0.0866667,2.69872,1.75484,1.41208,10,30595,23.4661,3.22049
1776813052576726622,1.87726,-0.523438,-0.0770651,2.69705,1.2434,1.46097,10,30616,23.4822,3.06816
1776813052581745659,1.87726,-0.392578,-0.0609575,2.67558,1.2434,1.46097,10,30633,23.4952,2.91443
1776813052586746531,1.87286,-0.392578,-0.052323,2.52185,1.48577,1.51323,10,30653,23.5106,2.91501
1776813052591761995,1.87286,-0.392578,-0.0369822,2.52243,1.48577,1.51323,10,30670,23.5236,2.76146
1776813052596739183,1.86892,-0.392578,-0.0278841,2.36888,1.26239,1.49322,10,30691,23.5397,3.06778
1776813052601739370,1.86892,-0.367188,-0.0117785,2.70059,1.26239,1.49322,10,30710,23.5543,2.91443
1776813052606744705,1.86697,-0.367188,0.00084819,2.54724,1.40246,1.49778,10,30732,23.5711,3.06816
1776813052611749576,1.86697,-0.355469,0.0177206,2.71269,1.40246,1.49778,10,30749,23.5842,3.06717
1776813052616746930,1.86697,-0.355469,0.0307611,2.7117,1.5534,1.50446,10,30769,23.5995,2.91423
1776813052621770579,1.8513,-0.355469,0.0304274,2.55876,1.5534,1.50446,10,30783,23.6103,2.91443
1776813052626737397,1.8513,-0.283203,0.0411657,2.63123,1.67203,1.46568,10,30807,23.6287,2.91501
1776813052631731713,1.84651,-0.283203,0.0547842,2.63181,1.67203,1.46568,10,30822,23.6402,3.06877
1776813052636747436,1.84651,-0.179688,0.0662893,2.88909,1.39318,1.50014,10,30846,23.6586,3.06778
1776813052641752049,1.84445,-0.179688,0.0826372,2.88809,1.39318,1.50014,10,30852,23.6632,2.14767
1776813052646744051,1.84445,0.261719,0.0872377,2.40939,1.53099,1.74118,10,30851,23.6624,0.766982
1776813052651730183,1.84407,0.261719,0.0860971,1.0287,1.53099,1.74118,10,30845,23.6578,-1.07384
1776813052656734647,1.84407,3.24805,0.0814947,2.17421,2.32924,3.44147,10,30842,23.6555,-0.767289
1776813052661726168,1.86156,3.24805,0.0966848,2.48076,2.32924,3.44147,10,30841,23.6548,-0.30664
1776813052666731669,1.86156,2.98828,0.0959181,2.68164,2.50989,3.38287,10,30843,23.6563,0
1776813052671700413,1.89539,2.98828,0.131273,2.98828,2.50989,3.38287,10,30849,23.6609,0.766982
1776813052676748727,1.89539,1.34961,0.135875,2.11659,2.78976,2.6201,10,30863,23.6716,1.5345
1776813052681734396,1.91804,1.34961,0.169263,2.88411,2.78976,2.6201,10,30872,23.6785,1.84059
1776813052686725491,1.91804,1.0332,0.176166,2.87379,2.35276,2.55317,10,30890,23.6923,2.14553
1776813052691728048,1.91804,1.0332,0.189971,3.17873,2.35276,2.55317,10,30901,23.7008,2.14939
1776813052696730512,1.92245,1.0332,0.202821,3.1826,2.11063,2.57516,10,30919,23.7146,2.45487
1776813052701725218,1.92245,0.382812,0.216628,2.83768,2.11063,2.57516,10,30939,23.7299,2.76053
1776813052706729330,1.92882,0.382812,0.23834,3.14334,2.03601,2.23611,10,30957,23.7437,2.60825
1776813052711721406,1.92882,0.138672,0.252145,2.74692,2.03601,2.23611,10,30973,23.756,2.60721
1776813052716765925,1.93491,0.138672,0.270507,2.74588,2.53784,2.12715,10,30992,23.7706,2.60773
1776813052721731835,1.93491,0.0449219,0.285081,2.65265,2.53784,2.12715,10,31009,23.7836,2.76146
1776813052726727189,1.93589,0.0449219,0.2991,2.80638,2.73738,2.07857,10,31028,23.7982,2.76108
1776813052731736394,1.93589,-0.263672,0.313672,2.49741,2.73738,2.07857,10,31044,23.8104,2.76108
1776813052736730859,1.93504,-0.263672,-0.303227,2.49741,2.26347,1.89844,10,31064,23.8258,2.76163
1776813052741737249,1.93504,-0.371094,-0.287886,2.39054,2.26347,1.89844,10,31082,23.8396,2.91423
1776813052746741621,1.93164,-0.371094,-0.277478,2.54313,1.99806,1.82038,10,31104,23.8565,2.91501
1776813052751736882,1.93164,-0.527344,-0.260603,2.38767,1.99806,1.82038,10,31123,23.871,3.22087
1776813052756779437,1.9275,-0.527344,-0.25017,2.69352,1.5631,1.71078,10,31143,23.8864,3.06778
1776813052761749292,1.9275,-0.494141,-0.234831,2.57364,1.5631,1.71078,10,31160,23.8994,2.76053
1776813052766743386,1.9275,-0.494141,-0.221793,2.26639,1.67113,1.7297,10,31179,23.914,2.76163
1776813052771729129,1.92207,-0.494141,-0.212649,2.26749,1.67113,1.7297,10,31193,23.9247,2.91539
1776813052776734371,1.92207,-0.388672,-0.20191,2.52672,1.66303,1.76282,10,31218,23.9439,2.91443
1776813052781763372,1.91795,-0.388672,-0.186858,2.52576,1.66303,1.76282,10,31232,23.9546,2.91481
1776813052786735430,1.91795,-0.496094,-0.176121,2.41872,1.66096,1.68106,10,31256,23.9731,3.06717
1776813052791737172,1.91181,-0.496094,-0.163851,2.57107,1.66096,1.68106,10,31270,23.9838,2.91501
1776813052796725712,1.91181,-0.552734,-0.153113,2.36228,1.67721,1.61814,10,31295,24.003,2.91423
1776813052801761730,1.90937,-0.552734,-0.136381,2.36149,1.67721,1.61814,10,31309,24.0137,3.06349
1776813052806752658,1.90937,-0.654297,-0.125643,2.40919,1.77761,1.54803,10,31335,24.0336,2.9189
1776813052811742401,1.89999,-0.654297,-0.11508,2.2646,1.77761,1.54803,10,31350,24.0451,3.22113
1776813052816727366,1.89999,-0.640625,-0.103575,2.58051,1.74939,1.50882,10,31376,24.0651,3.06816
1776813052821701832,1.89683,-0.640625,-0.0867923,2.42754,1.74939,1.50882,10,31390,24.0758,3.2192
1776813052826742443,1.89683,-0.490234,-0.076054,2.72896,1.24897,1.57867,10,31414,24.0942,2.91598
1776813052831734871,1.88808,-0.490234,-0.066399,2.42574,1.24897,1.57867,10,31429,24.1057,3.06778
1776813052836735521,1.88808,-0.457031,-0.0548938,2.61075,1.61135,1.55352,10,31456,24.1264,3.06877
1776813052841731763,1.88808,-0.457031,-0.0341857,2.61174,1.61135,1.55352,10,31472,24.1387,3.37448
1776813052846735283,1.88566,-0.457031,-0.0243324,2.91745,1.6711,1.54131,10,31497,24.1579,3.52892
1776813052851728081,1.88566,-0.46875,-0.00515781,3.06017,1.6711,1.54131,10,31528,24.1817,3.52751
1776813052856733472,1.87902,-0.46875,0.0119797,3.05876,1.33807,1.50106,10,31547,24.1962,3.52751
1776813052861729825,1.87902,-0.515625,0.0265519,3.01188,1.33807,1.50106,10,31573,24.2162,3.52328
1776813052866732919,1.87152,-0.515625,0.0389916,3.00766,1.36428,1.43629,10,31594,24.2323,3.38057
1776813052871701774,1.87152,-0.511719,0.0550973,2.86885,1.36428,1.43629,10,31615,24.2484,3.67789
1776813052876797086,1.86937,-0.511719,0.0690552,3.16617,1.53019,1.4276,10,31636,24.2645,3.37756
1776813052881740683,1.86937,-0.480469,0.0851609,2.8971,1.53019,1.4276,10,31643,24.2699,2.1481
1776813052886730222,1.86147,-0.480469,0.0826279,1.66764,1.75892,1.40519,10,31643,24.2699,0.613158
1776813052891722817,1.86147,-0.0839844,0.0826279,0.529174,1.75892,1.40519,10,31638,24.266,-0.613649
1776813052896727448,1.86014,-0.0839844,0.0774705,-0.697633,2.20958,1.62444,10,31635,24.2637,-0.613785
1776813052901724653,1.86014,3.22852,0.0751683,2.61473,2.20958,1.62444,10,31635,24.2637,0
1776813052906739858,1.89224,3.22852,0.107267,3.22852,2.34008,3.67526,10,31640,24.2676,0.153351
1776813052911746859,1.89224,2.72461,0.111103,2.87796,2.34008,3.67526,10,31647,24.2729,1.07362
1776813052916744491,1.89678,2.72461,0.127149,3.95204,1.64934,3.38803,10,31660,24.2829,1.22743
1776813052921708975,1.89678,2.72461,0.127149,3.95204,1.64934,3.38803,10,31660,24.2829,1.22743
1776813052926724050,1.92949,1.32617,0.175956,2.86006,2.18916,2.61377,10,31682,24.2998,1.53389
1776813052931735866,1.92949,0.976562,0.180559,2.51045,2.18916,2.61377,10,31693,24.3082,1.84022
1776813052936722498,1.93654,0.976562,0.196054,2.81679,2.25562,2.61282,10,31705,24.3174,1.99512
1776813052941729962,1.93654,0.908203,0.205259,2.90332,2.25562,2.61282,10,31720,24.3289,2.14767
1776813052946734223,1.94465,0.908203,0.22487,3.05588,2.40977,2.61391,10,31734,24.3397,2.45339
1776813052951830017,1.94465,0.902344,0.235609,3.35574,2.40977,2.61391,10,31751,24.3527,2.9156
1776813052956753318,1.94801,0.902344,0.25201,3.81794,2.3952,2.62716,10,31770,24.3673,2.60773
1776813052961732450,1.94801,-0.111328,0.266582,2.4964,2.3952,2.62716,10,31788,24.3811,2.45438
1776813052966734044,1.9527,-0.111328,0.285074,2.34305,2.71446,2.07242,10,31802,24.3918,2.45389
1776813052971718713,1.9527,-0.0449219,0.295812,2.40896,2.71446,2.07242,10,31822,24.4072,2.75832
1776813052976739714,1.95236,-0.0449219,0.310814,2.7134,2.97253,2.10861,10,31841,24.4217,2.76422
1776813052981744530,1.95236,-0.421875,-0.302931,2.34235,2.97253,2.10861,10,31858,24.4348,2.60721
1776813052986731236,1.94258,-0.421875,-0.286631,2.49314,2.33967,1.89375,10,31884,24.4547,2.91501
1776813052991727701,1.94258,-0.550781,-0.279728,2.36423,2.33967,1.89375,10,31902,24.4685,3.06816
1776813052996791514,1.93798,-0.550781,-0.270531,2.51738,1.97208,1.74933,10,31919,24.4816,3.06839
1776813053001802756,1.93798,-0.714844,-0.257492,2.35355,1.97208,1.74933,10,31938,24.4961,3.06717
1776813053006805462,1.93147,-0.714844,-0.249424,2.35232,1.48419,1.62359,10,31958,24.5115,3.22216
1776813053011797464,1.93147,-0.693359,-0.234085,2.5288,1.48419,1.62359,10,31977,24.5261,3.37486
1776813053016761542,1.92894,-0.693359,-0.222046,2.6815,1.47371,1.62326,10,32000,24.5437,3.37419
1776813053021717898,1.92894,-0.685547,-0.204405,2.68864,1.47371,1.62326,10,32025,24.5629,3.37448
1776813053026737751,1.91747,-0.685547,-0.196693,2.68893,1.563,1.57069,10,32044,24.5774,3.22151
1776813053031722069,1.91747,-0.662109,-0.182121,2.5594,1.563,1.57069,10,32067,24.5951,3.22049
1776813053036739811,1.9141,-0.662109,-0.167851,2.55838,1.97408,1.56723,10,32090,24.6127,3.2228
1776813053041725387,1.9141,-0.65625,-0.15021,2.56655,1.97179,1.57057,10,32116,24.6327,3.22022
1776813053046734500,1.90272,-0.65625,-0.141649,2.56397,1.97179,1.57057,10,32133,24.6457,3.37516
1776813053051731095,1.90272,-0.703125,-0.128611,2.67203,1.97179,1.57057,10,32153,24.661,3.37554
1776813053056727338,1.90272,-0.703125,-0.113272,2.67241,1.78198,1.48689,10,32174,24.6771,3.06693
1776813053061790819,1.89407,-0.703125,-0.10582,2.36381,1.78198,1.48689,10,32188,24.6879,3.06839
1776813053066797839,1.89407,-0.621094,-0.0950814,2.4473,1.53675,1.49016,10,32213,24.7071,3.06816
1776813053071726178,1.8842,-0.621094,-0.0857678,2.44707,1.53675,1.49016,10,32228,24.7186,3.06594
1776813053076734309,1.8842,-0.570312,-0.0742627,2.49563,1.56894,1.46938,10,32254,24.7385,3.07024
1776813053081738274,1.87828,-0.570312,-0.0602494,2.49992,1.56894,1.46938,10,32270,24.7508,3.22087
1776813053086734480,1.87828,-0.5625,-0.0479775,2.65837,1.32551,1.44385,10,32296,24.7707,3.22151
1776813053091729352,1.8724,-0.5625,-0.0339108,2.65901,1.32551,1.44385,10,32311,24.7822,3.06839
1776813053096728317,1.8724,-0.619141,-0.0224057,2.44925,1.41451,1.38177,10,32338,24.8029,3.37082
1776813053101727634,1.86651,-0.619141,-0.00758938,2.75168,1.41451,1.38177,10,32355,24.816,3.22371
1776813053106762116,1.86651,-0.583984,0.00544923,2.63973,1.51459,1.37187,10,32384,24.8382,3.52892
1776813053111745953,1.86045,-0.583984,0.0216312,2.94493,1.51459,1.37187,10,32399,24.8497,3.52751
1776813053116764769,1.86045,-0.494141,0.0331363,3.03337,1.56552,1.3922,10,32416,24.8628,2.76218
1776813053121715514,1.85525,-0.494141,0.0409793,2.26804,1.56552,1.3922,10,32418,24.8643,1.07362
1776813053126727422,1.85525,0.804688,0.0425128,1.87831,1.77256,2.10601,10,32411,24.8589,-0.766754
1776813053131740035,1.85525,0.804688,0.0371436,0.0379333,1.77256,2.10601,10,32411,24.8589,-0.307083
1776813053136737611,1.852,0.804688,0.0338878,0.497604,2.38256,2.08936,10,32411,24.8589,0
1776813053141733817,1.852,3.32031,0.0338878,3.32031,2.38256,2.08936,10,32416,24.8628,0.153763
1776813053146731634,1.87348,3.32031,0.0592098,3.47408,2.6497,3.63275,10,32428,24.872,1.38054
1776813053151725081,1.87348,1.14648,0.0684146,2.52702,2.6497,3.63275,10,32442,24.8827,1.68724
1776813053156728065,1.90886,1.14648,0.114532,2.83372,1.74003,2.57194,10,32453,24.8911,1.99432
1776813053161804230,1.90886,0.707031,0.122971,2.70136,1.74003,2.57194,10,32468,24.9026,2.14686
1776813053166728143,1.9165,0.707031,0.142109,2.85389,2.09712,2.3596,10,32482,24.9134,2.60773
1776813053171685702,1.9165,0.228516,0.152847,2.83624,2.09712,2.3596,10,32500,24.9272,2.45389
1776813053176696204,1.92114,0.228516,0.171295,2.6824,2.01294,2.10999,10,32516,24.9395,2.30103
1776813053181688558,1.92114,0.333984,0.183567,2.63501,2.01294,2.10999,10,32529,24.9494,2.14853
1776813053186696763,1.92241,0.333984,0.194805,2.48252,2.09397,2.1764,10,32542,24.9594,2.30057
1776813053191701747,1.92241,0.292969,0.204777,2.59353,2.09397,2.1764,10,32560,24.9732,2.30103
1776813053196690379,1.92883,0.292969,0.225,2.59399,2.58453,2.18493,10,32574,24.9839,2.60825
1776813053201681326,1.92883,0.138672,0.235739,2.74692,2.58453,2.18493,10,32589,24.9954,2.45438
1776813053206709993,1.92057,0.138672,0.254326,2.7464,2.44821,2.09698,10,32617,25.0169,2.60773
1776813053211705348,1.92057,0.138672,0.254326,2.7464,2.44821,2.09698,10,32617,25.0169,2.60773
1776813053216732793,1.91778,-0.458984,0.279915,2.45524,2.40727,1.71526,10,32655,25.0461,2.91423
1776813053221704796,1.91778,-0.574219,0.286817,2.34001,1.80202,1.63567,10,32673,25.0599,2.91443
1776813053226737667,1.91425,-0.574219,0.297092,2.34021,1.80202,1.63567,10,32686,25.0698,2.91443
1776813053231732614,1.91425,-0.673828,0.307062,2.2406,1.80202,1.63567,10,32703,25.0829,2.60773
1776813053236728838,1.90759,-0.673828,0.313442,1.9339,1.55271,1.52798,10,32718,25.0944,2.60811
1776813053241731025,1.90759,-0.578125,-0.303373,2.02998,1.55271,1.52798,10,32736,25.1082,2.91443
1776813053246744027,1.90576,-0.578125,-0.291397,2.3363,1.25148,1.57336,10,32755,25.1228,2.76108
1776813053251748251,1.90576,-0.486328,-0.276825,2.27475,1.25148,1.57336,10,32776,25.1389,2.76108
1776813053256747549,1.89647,-0.486328,-0.270008,2.27475,1.48763,1.57906,10,32791,25.1504,2.76146
1776813053261785754,1.89647,-0.482422,-0.258505,2.27904,1.48763,1.57906,10,32812,25.1665,2.76108
1776813053266766201,1.8951,-0.482422,-0.243763,2.27866,1.74631,1.57441,10,32831,25.1811,2.76053
1776813053271721853,1.8951,-0.523438,-0.229191,2.23709,1.86319,1.55103,10,32853,25.1979,2.76218
1776813053276782538,1.8951,-0.523438,-0.212316,2.23875,1.86319,1.55103,10,32868,25.2094,2.91423
1776813053281737597,1.88028,-0.523438,-0.215633,2.39079,1.86319,1.55103,10,32886,25.2232,2.91501
1776813053286741173,1.88028,-0.507812,-0.201828,2.4072,1.68265,1.48516,10,32907,25.2394,2.91443
1776813053291734342,1.87384,-0.507812,-0.192158,2.40662,1.68265,1.48516,10,32920,25.2493,2.91364
1776813053296736122,1.87384,-0.470703,-0.182188,2.44294,1.59901,1.47369,10,32943,25.267,2.9156
1776813053301760845,1.87246,-0.470703,-0.165928,2.44489,1.59901,1.47369,10,32957,25.2777,2.75997
1776813053306746163,1.87246,-0.367188,-0.155189,2.39279,1.45429,1.52569,10,32981,25.2961,2.76201
1776813053311730666,1.86503,-0.367188,-0.144216,2.39482,1.45429,1.52569,10,32995,25.3068,3.06778
1776813053316742500,1.86503,-0.322266,-0.133478,2.74551,1.44843,1.5135,10,33020,25.326,2.91501
1776813053321705874,1.86421,-0.322266,-0.115118,2.59275,1.44843,1.5135,10,33034,25.3368,3.06265
1776813053326726653,1.86421,-0.285156,-0.104379,2.77749,1.62773,1.5305,10,33059,25.3559,2.91968
1776813053331730581,1.85922,-0.285156,-0.0902002,2.63453,1.62773,1.5305,10,33072,25.3659,2.91423
1776813053336728935,1.85922,-0.269531,-0.0802305,2.6447,1.3793,1.51395,10,33096,25.3843,2.91501
1776813053341733974,1.85858,-0.269531,-0.0624617,2.64548,1.3793,1.51395,10,33110,25.3951,2.76053
1776813053346736013,1.85858,-0.228516,-0.0517233,2.53201,1.59496,1.53407,10,33134,25.4135,3.06755
1776813053351742922,1.85858,-0.228516,-0.0333155,2.83903,1.59496,1.53407,10,33147,25.4234,2.76163
1776813053356745091,1.85131,-0.228516,-0.0306147,2.53311,1.67655,1.4969,10,33167,25.4388,2.91443
1776813053361738482,1.85131,-0.146484,-0.0152758,2.76794,1.67655,1.4969,10,33188,25.4549,2.91481
1776813053366740058,1.84826,-0.146484,-0.00221042,2.76833,1.38669,1.52808,10,33204,25.4671,2.76053
1776813053371718561,1.84826,-0.111328,0.0100615,2.6492,1.38669,1.52808,10,33218,25.4779,2.45438
1776813053376815392,1.84787,-0.111328,0.020405,2.34305,1.6707,1.5461,10,33227,25.4848,1.84096
1776813053381753027,1.84787,0.267578,0.0273077,2.10854,1.6707,1.5461,10,33224,25.4825,0.306763
1776813053386732715,1.84792,0.267578,0.0250551,0.574341,1.85715,1.76232,10,33219,25.4787,-0.919737
1776813053391793233,1.84792,1.4043,0.0212194,0.48456,1.85715,1.76232,10,33217,25.4771,-0.613908
1776813053396818641,1.84997,1.4043,0.0217401,0.790389,2.59207,2.42078,10,33215,25.4756,-0.153351
1776813053401761535,1.84997,2.91211,0.0202066,2.75876,2.59207,2.42078,10,33218,25.4779,-0.15332
1776813053406748037,1.89708,2.91211,0.0696108,2.75879,2.01384,3.51923,10,33224,25.4825,0.920855
1776813053411800722,1.89708,2.3457,0.0742132,3.26656,2.01384,3.51923,10,33234,25.4902,1.22694
1776813053416746319,1.90396,2.3457,0.0887625,3.57265,1.88537,3.23092,10,33246,25.4994,1.53358
1776813053421715082,1.90396,1.19141,0.0979673,2.72499,1.88537,3.23092,10,33257,25.5078,1.68792
1776813053426732769,1.92869,1.19141,0.139574,3.18573,2.18183,2.57297,10,33274,25.5208,1.99432
1776813053431733067,1.92869,0.708984,0.144175,2.70331,2.47016,2.42137,10,33287,25.5308,1.99393
1776813053436743865,1.93929,0.708984,0.164746,2.70291,2.47016,2.42137,10,33298,25.5392,2.14686
1776813053441757311,1.93929,0.726562,0.173182,2.87343,2.47016,2.42137,10,33313,25.5508,2.30195
1776813053446757313,1.94291,0.726562,0.188309,3.02851,2.35498,2.5018,10,33325,25.56,2.14767
1776813053451736686,1.94291,0.292969,0.197514,2.44064,2.35498,2.5018,10,33339,25.5707,2.4529
1776813053456743706,1.9454,0.292969,0.210741,2.74587,2.74224,2.26694,10,33357,25.5845,2.45536
1776813053461738894,1.9454,-0.220703,0.224549,2.23466,2.74224,2.26694,10,33376,25.5991,2.45438
1776813053466741100,1.94619,-0.220703,0.239907,2.23367,2.81582,1.97802,10,33392,25.6113,2.76163
1776813053471707548,1.94619,-0.398438,0.252178,2.36319,2.81582,1.97802,10,33409,25.6244,2.75997
1776813053476730104,1.9455,-0.398438,0.264528,2.36154,2.36927,1.87332,10,33428,25.639,2.76201
1776813053481730514,1.9455,-0.546875,0.279101,2.21514,2.36927,1.87332,10,33450,25.6558,2.91443
1776813053486732756,1.93691,-0.546875,0.287384,2.36755,1.90469,1.74627,10,33466,25.6681,2.91385
1776813053491724018,1.93691,-0.560547,0.299656,2.3533,1.90469,1.74627,10,33484,25.6819,2.91539
1776813053496727131,1.93168,-0.560547,-0.303215,2.50723,1.59516,1.73848,10,33515,25.7057,3.06778
1776813053501727300,1.93168,-0.560547,-0.303215,2.50723,1.59516,1.73848,10,33515,25.7057,3.06778
1776813053506732709,1.91923,-0.583984,-0.284217,2.6365,1.5079,1.6992,10,33556,25.7371,3.22049
1776813053511728026,1.91923,-0.585938,-0.277315,2.63455,1.7118,1.63621,10,33575,25.7517,3.06877
1776813053516864393,1.91497,-0.585938,-0.267,2.48284,1.7118,1.63621,10,33590,25.7632,3.06717
1776813053521757233,1.91497,-0.662109,-0.255497,2.40506,1.7118,1.63621,10,33609,25.7778,3.06939
1776813053526739458,1.91038,-0.662109,-0.245508,2.40728,1.56365,1.54864,10,33627,25.7916,3.06471
1776813053531731090,1.91038,-0.720703,-0.231702,2.34401,1.56365,1.54864,10,33650,25.8092,3.07062
1776813053536736869,1.90319,-0.720703,-0.221252,2.34991,1.64474,1.47924,10,33667,25.8223,3.06839
1776813053541727187,1.90319,-0.724609,-0.208213,2.34378,1.64474,1.47924,10,33689,25.8391,3.06778
1776813053546742762,1.8962,-0.724609,-0.198328,2.34317,1.52192,1.44191,10,33705,25.8514,2.91481
1776813053551739857,1.8962,-0.642578,-0.186056,2.27223,1.52192,1.44191,10,33725,25.8668,2.75997
1776813053556730859,1.88935,-0.642578,-0.17757,2.1174,1.58042,1.45416,10,33741,25.879,2.60877
1776813053561726399,1.88935,-0.488281,-0.165298,2.12049,1.58042,1.45416,10,33761,25.8944,2.76053
1776813053566766806,1.8822,-0.488281,-0.145603,2.27318,1.29217,1.54211,10,33785,25.9128,2.76146
1776813053571738236,1.8822,-0.394531,-0.138698,2.36693,1.50615,1.55945,10,33803,25.9266,2.91443
1776813053576734293,1.87802,-0.394531,-0.129074,2.5199,1.50615,1.55945,10,33817,25.9373,2.91443
1776813053581784238,1.87802,-0.476562,-0.118335,2.43787,1.50615,1.55945,10,33835,25.9511,2.76201
1776813053586804295,1.87149,-0.476562,-0.111063,2.28545,1.41408,1.45841,10,33851,25.9634,2.91326
1776813053591751521,1.86909,-0.490234,-0.0873847,2.42478,1.39574,1.43842,10,33879,25.9849,2.91501
1776813053596739339,1.86909,-0.482422,-0.0797153,2.43259,1.39574,1.43842,10,33893,25.9956,2.91481
1776813053601740229,1.8667,-0.482422,-0.0713687,2.43239,1.39574,1.43842,10,33908,26.0071,3.06717
1776813053606731250,1.8667,-0.357422,-0.0598636,2.70974,1.64479,1.50196,10,33934,26.0271,3.06571
1776813053611732123,1.8604,-0.357422,-0.0462203,2.70829,1.64479,1.50196,10,33947,26.037,2.91735
1776813053616730662,1.8604,-0.300781,-0.0362487,2.61656,1.65218,1.50217,10,33971,26.0554,2.91443
1776813053621707998,1.85868,-0.300781,-0.0195632,2.61365,1.65218,1.50217,10,33985,26.0662,2.91423
1776813053626732092,1.85868,-0.177734,-0.00882677,2.73649,1.37905,1.56352,10,34010,26.0846,2.91501
1776813053631743205,1.85868,-0.177734,0.0103478,2.73728,1.37905,1.56352,10,34023,26.0953,2.91501
1776813053636734374,1.8549,-0.177734,0.0165448,2.73728,1.52302,1.54423,10,34037,26.1061,2.45438
1776813053641730191,1.8549,0.03125,0.0272832,2.48563,1.52302,1.54423,10,34037,26.1061,0.766982
1776813053646730434,1.85367,0.03125,0.0260491,0.798232,2.03262,1.65704,10,34033,26.103,-0.460052
1776813053651744676,1.85367,2.12109,0.0229783,1.66104,2.03262,1.65704,10,34032,26.1022,-0.460434
1776813053656724179,1.86352,2.12109,0.0320611,1.66066,2.58766,2.89852,10,34032,26.1022,0
1776813053661728403,1.86352,2.40625,0.0320611,2.40625,2.58766,2.89852,10,34035,26.1045,0
1776813053666719924,1.90451,2.40625,0.0753579,2.40625,2.02666,3.2682,10,34041,26.1091,0.920302
1776813053671733222,1.90451,1.71094,0.0799584,2.63124,2.02666,3.2682,10,34053,26.1183,1.38026
1776813053676728631,1.91502,1.71094,0.0996747,3.0912,2.27707,2.92445,10,34063,26.126,1.68724
1776813053681755021,1.91502,1.0918,0.107344,2.77904,2.27707,2.92445,10,34078,26.1375,1.99472
1776813053686738728,1.93281,1.0918,0.136635,3.08652,2.35577,2.66,10,34089,26.1459,1.99432
1776813053691726749,1.93281,0.775391,0.145071,2.76971,2.35577,2.66,10,34107,26.1597,2.14772
1776813053696760009,1.93796,0.775391,0.164025,2.92311,2.33378,2.50514,10,34121,26.1705,2.45438
1776813053701734975,1.93796,0.205078,0.174763,2.65945,2.33378,2.50514,10,34140,26.1851,2.60721
1776813053706747532,1.94658,0.205078,0.209462,2.81267,2.61032,2.18006,10,34163,26.2027,2.60759
1776813053711723646,1.94658,-0.263672,0.215598,2.34392,2.90057,1.95544,10,34179,26.215,2.60773
1776813053716729203,1.94637,-0.263672,0.227662,2.34406,2.90057,1.95544,10,34193,26.2257,2.75997
1776813053721700392,1.94637,-0.470703,0.2384,2.28927,2.90057,1.95544,10,34210,26.2387,2.60877
1776813053726727041,1.94319,-0.470703,0.248257,2.13807,2.35994,1.82072,10,34225,26.2502,2.76108
1776813053731760097,1.93995,-0.650391,0.268031,1.95786,2.02434,1.70231,10,34249,26.2687,2.60825
1776813053736736822,1.93995,-0.480469,0.274933,2.12778,2.02434,1.70231,10,34264,26.2802,2.45438
1776813053741727769,1.93405,-0.480469,0.280539,1.97391,2.02434,1.70231,10,34277,26.2901,2.45438
1776813053746734438,1.93405,-0.369141,0.290511,2.08524,1.58816,1.83343,10,34296,26.3047,2.76146
1776813053751732070,1.93191,-0.369141,0.302945,2.39232,1.58816,1.83343,10,34308,26.3139,2.76163
1776813053756735423,1.93191,-0.419922,0.312148,2.34171,1.52049,1.79389,10,34330,26.3308,2.60773
1776813053761727592,1.92815,-0.419922,-0.303064,2.18781,1.52049,1.79389,10,34343,26.3408,2.60668
1776813053766802443,1.92815,-0.388672,-0.293092,2.21801,1.79667,1.79301,10,34366,26.3584,2.76163
1776813053771727171,1.92815,-0.388672,-0.275451,2.37296,1.79667,1.79301,10,34380,26.3691,2.76163
1776813053776737413,1.92413,-0.388672,-0.268733,2.37296,1.65904,1.77304,10,34401,26.3852,3.06755
1776813053781737600,1.92413,-0.75,-0.252626,2.31755,1.65904,1.77304,10,34424,26.4029,3.21637
1776813053786738417,1.91322,-0.75,-0.245897,2.46637,1.96104,1.5127,10,34442,26.4167,3.0727
1776813053791741641,1.91322,-0.769531,-0.232091,2.30316,1.96104,1.5127,10,34465,26.4343,3.06778
1776813053796736607,1.90917,-0.769531,-0.218492,2.29825,1.888,1.48136,10,34481,26.4466,2.91539
1776813053801735812,1.90917,-0.671875,-0.20622,2.24352,1.888,1.48136,10,34503,26.4635,3.06717
1776813053806832810,1.89813,-0.671875,-0.200387,2.39529,1.41779,1.48167,10,34520,26.4765,2.91539
1776813053811759408,1.89813,-0.619141,-0.187349,2.29625,1.41779,1.48167,10,34543,26.4941,3.06655
1776813053816733911,1.89498,-0.619141,-0.172857,2.44741,1.57413,1.4959,10,34561,26.508,3.22216
1776813053821800355,1.89498,-0.519531,-0.159049,2.70263,1.57413,1.4959,10,34583,26.5248,3.06778
1776813053826746767,1.88938,-0.519531,-0.147784,2.54825,1.42794,1.52443,10,34600,26.5379,2.91481
1776813053831736454,1.88938,-0.472656,-0.134744,2.44215,1.42794,1.52443,10,34622,26.5547,3.06288
1776813053836726753,1.88454,-0.472656,-0.122711,2.59022,1.3405,1.52673,10,34639,26.5678,2.91851
1776813053841724959,1.88454,-0.509766,-0.109672,2.40875,1.3405,1.52673,10,34662,26.5854,3.06877
1776813053846728998,1.88454,-0.509766,-0.0920308,2.55901,1.62792,1.50558,10,34684,26.6023,3.22113
1776813053851728593,1.88186,-0.509766,-0.0778306,2.71136,1.62792,1.50558,10,34699,26.6138,3.06816
1776813053856741816,1.88186,-0.503906,-0.0663255,2.56425,1.57624,1.4954,10,34724,26.633,3.06778
1776813053861739170,1.87111,-0.503906,-0.0579102,2.56387,1.57624,1.4954,10,34737,26.6429,2.91539
1776813053866742543,1.87111,-0.458984,-0.0479386,2.45641,1.308,1.46648,10,34761,26.6614,2.91443
1776813053871705565,1.8687,-0.458984,-0.0319379,2.45544,1.308,1.46648,10,34776,26.6729,2.91326
1776813053876728214,1.8687,-0.330078,-0.0204328,2.58319,1.49961,1.52774,10,34801,26.692,3.06877
1776813053881741049,1.86276,-0.330078,-0.00719385,2.7387,1.49961,1.52774,10,34815,26.7028,2.91385
1776813053886741625,1.86276,-0.314453,0.00354455,2.59939,1.70628,1.50643,10,34839,26.7212,3.06939
1776813053891731424,1.86105,-0.314453,0.0202415,2.75494,1.70628,1.50643,10,34850,26.7296,2.75997
1776813053896753277,1.86105,0.0332031,0.0286796,2.79318,1.45257,1.69587,10,34858,26.7358,1.68758
1776813053901727484,1.85759,0.0332031,0.0313518,1.72078,1.45257,1.69587,10,34857,26.735,0.153732
1776813053906744818,1.85759,1.1582,0.0305831,1.31194,2.09212,2.31944,10,34853,26.7319,-0.613785
1776813053911748931,1.86055,1.1582,0.0304782,0.544418,2.09212,2.31944,10,34853,26.7319,-0.153351
1776813053916733841,1.86055,2.54102,0.0304782,2.38766,2.49749,3.12277,10,34854,26.7327,0
1776813053921704326,1.89968,2.54102,0.0734432,3.00107,2.36001,3.32079,10,34863,26.7396,0.460052
1776813053926764918,1.89968,1.21094,0.0772769,1.67099,2.36001,3.32079,10,34874,26.748,1.2267
1776813053931757273,1.92085,1.21094,0.106887,2.43763,2.36001,3.32079,10,34884,26.7557,1.99472
1776813053936759700,1.92085,0.917969,0.114558,2.91269,2.47922,2.50154,10,34899,26.7672,1.99434
1776813053941758314,1.92991,0.917969,0.135115,2.91231,2.47922,2.50154,10,34912,26.7772,2.30057
1776813053946759186,1.92991,0.496094,0.145085,2.79666,2.30464,2.30606,10,34930,26.791,2.1481
1776813053951730801,1.93333,0.496094,0.162312,2.6442,2.30464,2.30606,10,34943,26.8009,2.60668
1776813053956724581,1.93333,0.107422,0.172284,2.71411,2.26866,2.10149,10,34966,26.8186,2.91481
1776813053961739934,1.93848,0.107422,0.195081,3.02223,2.26866,2.10149,10,34979,26.8286,2.76218
1776813053966738825,1.93848,-0.134766,0.20505,2.62742,2.48722,1.98896,10,35000,26.8447,2.60773
1776813053971730568,1.93847,-0.134766,0.221146,2.47296,2.48722,1.98896,10,35012,26.8539,2.60721
1776813053976745532,1.93847,-0.423828,0.230351,2.18338,2.47574,1.82414,10,35035,26.8715,2.60773
1776813053981739813,1.93351,-0.423828,0.243024,2.1839,2.47574,1.82414,10,35049,26.8822,2.91501
1776813053986731648,1.93351,-0.558594,0.253762,2.35642,2.06935,1.72274,10,35072,26.8999,2.91423
1776813053991734558,1.93308,-0.558594,0.280953,2.04965,1.73929,1.72065,10,35095,26.9175,2.60825
1776813053996732967,1.93308,-0.501953,0.288623,2.1063,1.73929,1.72065,10,35108,26.9275,2.76108
1776813054001728581,1.9276,-0.501953,0.293112,2.25912,1.73929,1.72065,10,35125,26.9405,2.76108
1776813054006724528,1.9276,-0.410156,0.306153,2.35092,1.66099,1.77808,10,35144,26.9551,2.76036
1776813054011725715,1.92192,-0.441406,-0.303309,2.32078,1.6889,1.73198,10,35167,26.9728,2.76218
1776813054016728810,1.91962,-0.441406,-0.297938,2.32078,1.6889,1.73198,10,35181,26.9835,2.91385
1776813054021791273,1.91962,-0.464844,-0.2872,2.449,1.6889,1.73198,10,35199,26.9973,2.76163
1776813054026738408,1.91482,-0.464844,-0.278193,2.29679,1.66008,1.68324,10,35215,27.0096,3.06571
1776813054031734892,1.91482,-0.595703,-0.265922,2.47001,1.66008,1.68324,10,35237,27.0264,2.9156
1776813054036749431,1.90957,-0.595703,-0.254296,2.31989,1.68905,1.58243,10,35256,27.041,2.76218
1776813054041728267,1.90957,-0.603516,-0.239724,2.15867,1.68905,1.58243,10,35273,27.0541,2.9119
1776813054046724252,1.9032,-0.603516,-0.233056,2.30838,1.91423,1.54607,10,35289,27.0663,2.76274
1776813054051725013,1.9032,-0.558594,-0.220784,2.20414,1.91423,1.54607,10,35310,27.0824,2.91501
1776813054056734164,1.9032,-0.558594,-0.204679,2.35642,1.50601,1.57168,10,35330,27.0978,2.76201
1776813054061729537,1.89927,-0.558594,-0.193263,2.20342,1.50601,1.57168,10,35343,27.1077,2.76108
1776813054066726743,1.89927,-0.466797,-0.183291,2.29428,1.57522,1.60429,10,35364,27.1238,2.60721
1776813054071708857,1.89164,-0.466797,-0.174821,2.14041,1.57522,1.60429,10,35377,27.1338,2.60773
1776813054076730470,1.89164,-0.421875,-0.164849,2.18585,1.67059,1.5915,10,35398,27.1499,2.60825
1776813054081726713,1.88944,-0.421875,-0.150945,2.18637,1.67059,1.5915,10,35412,27.1607,2.60721
1776813054086728271,1.88944,-0.365234,-0.140206,2.24197,1.36107,1.61269,10,35436,27.1791,2.91481
1776813054091723422,1.8839,-0.365234,-0.127339,2.54958,1.36107,1.61269,10,35451,27.1906,3.06839
1776813054096726351,1.8839,-0.390625,-0.115834,2.67777,1.6412,1.57025,10,35476,27.2098,3.06755
1776813054101724761,1.88189,-0.390625,-0.0986681,2.67692,1.6412,1.57025,10,35490,27.2205,3.06717
1776813054106809056,1.88189,-0.472656,-0.0879297,2.59451,1.63344,1.51334,10,35515,27.2397,2.91501
1776813054111780319,1.87549,-0.472656,-0.0751562,2.44236,1.63344,1.51334,10,35530,27.2512,3.06755
1776813054116738619,1.87549,-0.453125,-0.0636511,2.61442,1.52745,1.49206,10,35556,27.2711,3.06839
1776813054121711049,1.87308,-0.453125,-0.0461168,2.61527,1.52745,1.49206,10,35571,27.2826,3.22151
1776813054126737199,1.87308,-0.339844,-0.0346117,2.88167,1.57537,1.54442,10,35597,27.3026,3.22216
1776813054131735701,1.87555,-0.339844,-0.000691396,2.72732,1.60814,1.55697,10,35622,27.3217,3.06717
1776813054136730408,1.87555,-0.230469,0.00697804,2.8367,1.60814,1.55697,10,35636,27.3325,3.06816
1776813054141763723,1.87277,-0.230469,0.0149355,2.83769,1.60814,1.55697,10,35655,27.347,2.91501
1776813054146750856,1.87277,-0.207031,0.0295076,2.70798,1.55083,1.61856,10,35672,27.3601,2.91385
1776813054151755562,1.87082,-0.207031,0.0405931,2.70681,1.55083,1.61856,10,35684,27.3693,2.60408
1776813054156724362,1.87082,-0.128906,0.049798,2.47518,1.73059,1.65318,10,35682,27.3678,0.768211
1776813054161763363,1.86996,-0.128906,0.0474081,0.639305,1.73059,1.65318,10,35677,27.3639,-1.07384
1776813054166729108,1.86996,2.97461,0.0435705,1.90077,2.38889,3.41783,10,35676,27.3631,-0.306702
1776813054171705519,1.88996,2.97461,0.0628042,2.66791,2.38889,3.41783,10,35676,27.3631,0
1776813054176732465,1.88996,2.80859,0.0628042,2.80859,2.3472,3.42441,10,35684,27.3693,0.45996
1776813054181740782,1.90594,2.80859,0.084918,3.26855,2.3472,3.42441,10,35693,27.3762,1.84134
1776813054186732636,1.90594,0.947266,0.0918207,2.78861,2.65134,2.44375,10,35708,27.3877,1.22719
1776813054191728195,1.93265,0.947266,0.130038,2.17445,2.65134,2.44375,10,35721,27.3977,2.60721
1776813054196729660,1.93265,0.779297,0.140008,3.3865,2.34914,2.48111,10,35738,27.4107,1.99434
1776813054201754198,1.9427,0.779297,0.172299,3.23269,1.89954,2.53082,10,35759,27.4268,2.45339
1776813054206727054,1.9427,0.138672,0.179202,2.59207,1.89954,2.53082,10,35775,27.4391,2.45487
1776813054211729630,1.94791,0.138672,0.196679,2.59354,1.89954,2.53082,10,35787,27.4483,2.60773
1776813054216736059,1.94791,0.0292969,0.205884,2.63702,1.95599,2.12899,10,35805,27.4621,2.60811
1776813054221743950,1.94837,0.0292969,0.220155,2.63741,1.95599,2.12899,10,35821,27.4744,2.60721
1776813054226739712,1.94837,-0.273438,0.232427,2.33377,2.59467,1.95872,10,35840,27.4882,2.60825
1776813054231732011,1.94639,-0.273438,0.245021,2.33481,2.59467,1.95872,10,35853,27.4989,2.76108
1776813054236941430,1.94639,-0.386719,0.254992,2.37436,2.4006,1.88441,10,35876,27.5165,2.76108
1776813054241810975,1.94467,-0.386719,0.270909,2.37436,2.4006,1.88441,10,35892,27.5288,2.76053
1776813054246740222,1.94467,-0.710938,0.283181,2.04959,2.28728,1.6911,10,35912,27.5442,2.60915
1776813054251794592,1.93876,-0.710938,0.292609,1.89821,2.28728,1.6911,10,35925,27.5541,2.91385
1776813054256746986,1.93876,-0.724609,0.302581,2.18924,1.66186,1.65411,10,35950,27.5733,2.91501
1776813054261746933,1.93124,-0.724609,-0.314078,2.1904,1.66186,1.65411,10,35964,27.584,3.06693
1776813054266736787,1.93124,-0.662109,-0.303342,2.40482,1.63398,1.65252,10,35988,27.6024,2.91501
1776813054271783529,1.93124,-0.662109,-0.284934,2.2529,1.63398,1.65252,10,36002,27.6132,2.76108
1776813054276741459,1.92555,-0.662109,-0.279885,2.09897,1.38542,1.62427,10,36021,27.6278,2.91539
1776813054281739424,1.92555,-0.568359,-0.265311,2.34703,1.38542,1.62427,10,36042,27.6439,2.76053
1776813054286738723,1.91641,-0.568359,-0.258349,2.19217,1.56718,1.63218,10,36064,27.6607,3.06717
1776813054291738207,1.91641,-0.615234,-0.241475,2.45193,1.56718,1.63218,10,36084,27.6761,3.22216
1776813054296746895,1.91326,-0.615234,-0.229285,2.60692,1.71681,1.58974,10,36107,27.6937,3.22087
1776813054301737657,1.91326,-0.679688,-0.211644,2.54118,1.71681,1.58974,10,36126,27.7083,3.22242
1776813054306738104,1.90355,-0.679688,-0.20678,2.54273,1.81501,1.50441,10,36148,27.7252,3.06816
1776813054311735606,1.90355,-0.671875,-0.189908,2.39629,1.81501,1.50441,10,36165,27.7382,3.06655
1776813054316747886,1.90018,-0.671875,-0.180241,2.39468,1.59819,1.49194,10,36187,27.7551,3.06387
1776813054321721371,1.90018,-0.623047,-0.163369,2.44082,1.59819,1.49194,10,36204,27.7681,2.9191
1776813054326731170,1.88985,-0.623047,-0.16066,2.29605,1.53372,1.4678,10,36225,27.7842,2.91501
1776813054331730265,1.88985,-0.568359,-0.144553,2.34665,1.53372,1.4678,10,36243,27.798,3.06755
1776813054336729841,1.88684,-0.568359,-0.133754,2.49919,1.3858,1.48381,10,36262,27.8126,2.76108
1776813054341727751,1.88684,-0.421875,-0.119181,2.3392,1.3858,1.48381,10,36278,27.8249,2.76108
1776813054346735124,1.88684,-0.421875,-0.106909,2.3392,1.5096,1.5673,10,36297,27.8395,2.60773
1776813054351736589,1.88263,-0.421875,-0.0965469,2.18585,1.5096,1.5673,10,36310,27.8494,2.76146
1776813054356734240,1.88263,-0.386719,-0.0865772,2.37474,1.55932,1.56606,10,36335,27.8678,2.91501
1776813054361734446,1.8768,-0.386719,-0.0732314,2.52829,1.55932,1.56606,10,36348,27.8786,2.91326
1776813054366739837,1.8768,-0.375,-0.0632598,2.53826,1.44081,1.54325,10,36371,27.8962,2.91598
1776813054371745766,1.87459,-0.375,-0.0478294,2.54098,1.44081,1.54325,10,36385,27.9069,2.76053
1776813054376732139,1.87459,-0.285156,-0.037091,2.47537,1.63924,1.58324,10,36407,27.9238,2.60825
1776813054381728049,1.8698,-0.285156,-0.0250099,2.32309,1.63924,1.58324,10,36420,27.9338,2.75997
1776813054386736033,1.8698,-0.259766,-0.0150382,2.50021,1.78488,1.57339,10,36442,27.9507,2.60877
1776813054391728054,1.86823,-0.259766,0.000272055,2.349,1.78488,1.57339,10,36456,27.9614,2.91364
1776813054396731445,1.86823,-0.175781,0.0110085,2.73786,1.41553,1.61331,10,36480,27.9798,2.9156
1776813054401730855,1.86496,-0.175781,0.0261395,2.73981,1.41553,1.61331,10,36494,27.9905,2.91094
1776813054406777041,1.86496,-0.160156,0.0368779,2.75078,1.60077,1.60555,10,36515,28.0067,2.76422
1776813054411776729,1.86403,-0.160156,0.0520566,2.60407,1.60077,1.60555,10,36524,28.0136,2.3011
1776813054416738733,1.86403,0.623047,0.0589593,2.92415,1.80576,2.04724,10,36519,28.0097,0.460434
1776813054421716681,1.86403,0.623047,0.0551236,1.08348,1.80576,2.04724,10,36514,28.0059,-1.07384
1776813054426730720,1.86699,0.623047,0.0542557,-0.45079,2.50144,2.06234,10,36512,28.0044,-0.767136
1776813054431743240,1.86699,3.16992,0.0527203,2.40279,2.50144,2.06234,10,36511,28.0036,-0.15332
1776813054436736188,1.90138,3.16992,0.0863412,3.0166,2.72235,3.68781,10,36516,28.0074,0.153382
1776813054441776540,1.90138,1.64453,0.0901768,1.79791,2.72235,3.68781,10,36521,28.0113,1.07384
1776813054446748488,1.92676,1.64453,0.119384,2.71837,2.10193,2.94503,10,36533,28.0205,1.07384
1776813054451734306,1.92676,1.08008,0.128589,2.15392,2.10193,2.94503,10,36548,28.032,2.14767
1776813054456729772,1.93926,1.08008,0.152599,3.22775,2.37137,2.68526,10,36563,28.0435,1.84022
1776813054461730960,1.93926,0.619141,0.164104,2.45936,2.37137,2.68526,10,36573,28.0511,2.30103
1776813054466741165,1.94867,0.619141,0.181186,2.92017,2.12426,2.46897,10,36589,28.0634,2.14767
1776813054471717817,1.94867,0.623047,0.193458,2.77072,2.12426,2.46897,10,36603,28.0742,2.1481
1776813054476729115,1.95419,0.623047,0.20971,2.77115,2.35986,2.49833,10,36619,28.0864,2.30103
1776813054481729914,1.95419,0.28125,0.221982,2.58228,2.35986,2.49833,10,36633,28.0972,2.30018
1776813054486735231,1.96,0.28125,0.23853,2.58143,2.79967,2.33204,10,36647,28.1079,2.30103
1776813054491739011,1.96,0.0839844,0.249269,2.38501,2.79967,2.33204,10,36667,28.1232,2.76163
1776813054496731755,1.96,0.0839844,0.26461,2.84561,2.85614,2.2196,10,36686,28.1378,2.60759
1776813054501743738,1.97168,0.0839844,0.290864,2.69157,2.85614,2.2196,10,36698,28.147,2.76053
1776813054506725575,1.97168,-0.384766,0.300067,2.37576,2.60837,2.00955,10,36721,28.1647,2.60877
1776813054511730596,1.96999,-0.384766,-0.312306,2.224,2.60837,2.00955,10,36734,28.1746,2.76053
1776813054516726636,1.96999,-0.585938,-0.302334,2.17459,1.90275,1.88661,10,36759,28.1938,2.91443
1776813054521756100,1.96222,-0.585938,-0.290928,2.32849,1.90275,1.88661,10,36772,28.2038,2.91423
1776813054526794452,1.96222,-0.666016,-0.280957,2.24821,1.75934,1.80297,10,36795,28.2214,2.76163
1776813054531753809,1.95906,-0.666016,-0.26647,2.09561,1.75934,1.80297,10,36809,28.2321,2.91094
1776813054536750663,1.95906,-0.589844,-0.255732,2.32109,1.30592,1.83093,10,36833,28.2506,2.76478
1776813054541733629,1.94921,-0.589844,-0.247176,2.17493,1.30592,1.83093,10,36848,28.2621,3.06839
1776813054546750927,1.94921,-0.613281,-0.235671,2.45511,1.65419,1.76915,10,36873,28.2812,3.06755
1776813054551741356,1.94616,-0.613281,-0.219544,2.45427,1.65419,1.76915,10,36887,28.292,3.06778
1776813054556739933,1.94616,-0.740234,-0.208806,2.32755,1.90463,1.68177,10,36911,28.3104,2.91443
1776813054561729417,1.93563,-0.740234,-0.20093,2.17419,1.90463,1.68177,10,36925,28.3211,2.91481
1776813054566744975,1.93563,-0.792969,-0.190192,2.12184,1.98903,1.59968,10,36949,28.3395,2.91443
1776813054571710164,1.93563,-0.792969,-0.171786,2.12146,1.98903,1.59968,10,36964,28.3503,2.91501
1776813054576744961,1.93879,-0.792969,-0.15712,2.12204,1.64405,1.61532,10,36985,28.3671,3.06693
1776813054581732686,1.93879,-0.765625,-0.141013,2.30131,1.64405,1.61532,10,37008,28.3848,3.06839
1776813054586759743,1.92258,-0.765625,-0.13959,2.30277,1.76072,1.55046,10,37024,28.3971,3.06877
1776813054591734080,1.92258,-0.677734,-0.127318,2.39104,1.76072,1.55046,10,37046,28.4139,2.91385
1776813054596723639,1.91509,-0.677734,-0.11793,2.23611,1.46228,1.56325,10,37068,28.4308,3.06877
1776813054601721845,1.91509,-0.621094,-0.101058,2.44768,1.46228,1.56325,10,37088,28.4461,3.06778
1776813054606723477,1.90891,-0.621094,-0.0918927,2.44669,1.39466,1.56467,10,37112,28.4645,3.37419
1776813054611722517,1.90891,-0.662109,-0.0734849,2.71208,1.39466,1.56467,10,37133,28.4807,3.37419
1776813054616726167,1.90222,-0.662109,-0.0640702,2.71208,1.60168,1.50776,10,37156,28.4983,3.52892
1776813054621702097,1.90222,-0.65625,-0.0464291,2.87267,1.60168,1.50776,10,37176,28.5136,3.37381
1776813054626786596,1.89572,-0.65625,-0.0375886,2.71756,1.61025,1.47845,10,37199,28.5313,3.22216
1776813054631797931,1.89572,-0.601562,-0.0199494,2.62059,1.61025,1.47845,10,37220,28.5474,3.37149
1776813054636744825,1.8895,-0.601562,-0.0100655,2.76993,1.48518,1.47828,10,37243,28.565,3.225
1776813054641738198,1.8895,-0.541016,0.00757555,2.68398,1.48518,1.47828,10,37262,28.5796,3.37082
1776813054646740552,1.8895,-0.541016,0.0221477,2.8298,1.42241,1.51279,10,37282,28.5949,3.07147
1776813054651735981,1.88927,-0.541016,0.0372634,2.53045,1.42241,1.51279,10,37296,28.6057,2.91364
1776813054656725002,1.88927,-0.455078,0.0479999,2.45857,1.60043,1.56064,10,37320,28.6241,2.9121
1776813054661803798,1.88442,-0.455078,0.0615592,2.45702,1.60043,1.56064,10,37335,28.6356,2.91793
1776813054666751895,1.88442,-0.359375,0.0730644,2.55856,1.48765,1.59072,10,37355,28.6509,2.91364
1776813054671800562,1.87851,-0.359375,0.0824886,2.55427,1.48765,1.59072,10,37359,28.654,1.68724
1776813054676751196,1.87851,-0.300781,0.0855556,1.38646,1.65138,1.59419,10,37358,28.6532,0.153382
1776813054681746329,1.87678,-0.300781,0.0830646,-0.1474,1.65138,1.59419,10,37353,28.6494,-0.766754
1776813054686742424,1.87678,3.04883,0.0792308,2.28207,2.56317,3.49474,10,37353,28.6494,-0.153351
1776813054691729927,1.89688,3.04883,0.0993286,2.89548,2.56317,3.49474,10,37353,28.6494,0
1776813054696731207,1.89688,2.90039,0.0993286,2.90039,2.35771,3.51157,10,37363,28.6571,0.459869
1776813054701729395,1.91127,2.90039,0.121385,3.36026,2.35771,3.51157,10,37371,28.6632,1.68758
1776813054706724398,1.91127,0.951172,0.127521,2.63875,2.46534,2.47263,10,37385,28.6739,1.38054
1776813054711733752,1.94033,0.951172,0.167316,2.33171,2.46534,2.47263,10,37394,28.6808,2.14767
1776813054716727032,1.94033,0.882812,0.184957,2.87714,2.22189,2.57809,10,37415,28.6969,1.99432
1776813054721707128,1.94922,0.882812,0.199218,2.87714,2.22189,2.57809,10,37425,28.7046,2.14729
1776813054726737574,1.94922,0.304688,0.206888,2.45198,2.05017,2.29242,10,37442,28.7177,2.30103
1776813054731732095,1.957,0.304688,0.22771,2.60571,2.05017,2.29242,10,37453,28.7261,2.60721
1776813054736741060,1.957,0.251953,0.236146,2.85916,2.40766,2.30063,10,37472,28.7407,2.30057
1776813054741744266,1.95844,0.251953,0.252153,2.55252,2.40766,2.30063,10,37488,28.7529,2.30149
1776813054746749028,1.95844,-0.105469,0.264425,2.19602,2.6626,2.10394,10,37506,28.7667,2.60825
1776813054751735124,1.95931,-0.105469,0.27911,2.50278,2.6626,2.10394,10,37519,28.7767,2.60564
1776813054756724423,1.95931,-0.214844,0.289081,2.3908,2.61301,2.04591,10,37540,28.7928,2.60929
1776813054761725555,1.95846,-0.214844,0.30433,2.39445,2.61301,2.04591,10,37556,28.8051,2.45536
1776813054766729724,1.95846,-0.511719,-0.311716,1.94364,2.33564,1.87248,10,37576,28.8204,2.76146
1776813054771703413,1.9523,-0.511719,-0.302534,2.24974,2.33564,1.87248,10,37590,28.8312,3.06778
1776813054776779264,1.9523,-0.480469,-0.291796,2.58731,1.82195,1.86005,10,37615,28.8503,2.91385
1776813054781744786,1.94993,-0.480469,-0.27499,2.43338,1.82195,1.86005,10,37630,28.8618,3.06816
1776813054786760492,1.94993,-0.554688,-0.263485,2.51347,1.68164,1.80609,10,37654,28.8803,3.06717
1776813054791738884,1.94993,-0.554688,-0.245077,2.51248,1.68164,1.80609,10,37668,28.891,2.91598
1776813054796744701,1.95834,-0.554688,-0.225933,2.36129,1.56621,1.84739,10,37689,28.9071,2.91385
1776813054801730482,1.95834,-0.558594,-0.209828,2.35525,1.56621,1.84739,10,37712,28.9247,3.06877
1776813054806747651,1.95097,-0.558594,-0.199557,2.51018,1.7729,1.80896,10,37735,28.9424,3.21984
1776813054811733432,1.95097,-0.609375,-0.181915,2.61047,1.7729,1.80896,10,37754,28.957,3.2228
1776813054816740100,1.94823,-0.609375,-0.170082,2.61343,1.96376,1.76652,10,37772,28.9708,3.21791
1776813054821708104,1.94823,-0.802734,-0.156277,2.41518,1.96376,1.76652,10,37795,28.9884,3.07062
1776813054826764790,1.9374,-0.802734,-0.14946,2.26788,1.7664,1.60288,10,37816,29.0045,3.06717
1776813054831753996,1.9374,-0.816406,-0.133352,2.25076,1.7664,1.60288,10,37834,29.0183,2.91598
1776813054836734037,1.93353,-0.816406,-0.123417,2.09957,1.66772,1.57592,10,37855,29.0344,3.06655
1776813054841728558,1.93353,-0.720703,-0.10731,2.34585,1.66772,1.57592,10,37873,29.0482,3.06939
1776813054846730616,1.92173,-0.720703,-0.105307,2.34869,1.62078,1.57185,10,37895,29.0651,3.06594
1776813054851750618,1.92173,-0.693359,-0.0884325,2.37258,1.62078,1.57185,10,37913,29.0789,2.91598
1776813054856730232,1.91456,-0.693359,-0.0817949,2.22262,1.69248,1.55171,10,37929,29.0912,2.91385
1776813054861728290,1.91456,-0.636719,-0.069523,2.27713,1.69248,1.55171,10,37951,29.1081,3.0641
1776813054866726719,1.91456,-0.636719,-0.0526487,2.42738,1.45374,1.58399,10,37971,29.1234,2.76533
1776813054871711814,1.91734,-0.636719,-0.0345365,2.12861,1.45374,1.58399,10,37986,29.1349,3.06717
1776813054876726039,1.91734,-0.681641,-0.0230314,2.38553,1.45041,1.57222,10,38013,29.1556,3.2228
1776813054881739800,1.90713,-0.681641,-0.0125295,2.54116,1.45041,1.57222,10,38028,29.1671,3.22049
1776813054886744932,1.90713,-0.679688,-0.00102441,2.5408,1.61024,1.52234,10,38055,29.1878,3.22216
1776813054891730638,1.90376,-0.679688,0.0163153,2.54247,1.61024,1.52234,10,38070,29.1993,3.22113
1776813054896722141,1.90376,-0.599609,0.0278204,2.62152,1.47597,1.5511,10,38097,29.22,3.06755
1776813054901728477,1.89417,-0.599609,0.0389441,2.46794,1.47597,1.5511,10,38113,29.2323,3.37486
1776813054906738886,1.89417,-0.591797,0.0512159,2.78307,1.45998,1.50741,10,38142,29.2545,3.52328
1776813054911778332,1.89129,-0.591797,0.0705755,2.93148,1.45998,1.50741,10,38158,29.2668,3.37921
1776813054916755409,1.89129,-0.505859,0.0828474,2.87335,1.61235,1.54188,10,38186,29.2883,3.52821
1776813054921736505,1.88268,-0.505859,0.0957087,3.02235,1.61235,1.54188,10,38201,29.2998,3.22151
1776813054926734156,1.88268,-0.460938,0.107214,2.76057,1.63685,1.524,10,38219,29.3136,2.91035
1776813054931731381,1.88042,-0.460938,0.118765,2.44942,1.63685,1.524,10,38221,29.3151,1.22891
1776813054936741735,1.88042,0.794922,0.120298,2.02383,1.78115,2.22844,10,38216,29.3113,-0.306763
1776813054941721423,1.88042,0.794922,0.116463,0.488159,1.78115,2.22844,10,38215,29.3105,-0.613662
1776813054946742999,1.8848,0.794922,0.120075,0.18126,2.52164,2.25058,10,38215,29.3105,0
1776813054951727724,1.8848,2.58594,0.120075,2.58594,2.52164,2.25058,10,38219,29.3136,0
1776813054956738634,1.92126,2.58594,0.159605,2.58594,2.74091,3.45431,10,38229,29.3213,1.2267
1776813054961729192,1.92126,1.25781,0.167274,2.48451,2.74091,3.45431,10,38239,29.3289,1.53489
1776813054966751249,1.94097,1.25781,0.194647,2.7927,1.78964,2.795,10,38252,29.3389,1.6869
1776813054971708383,1.94097,0.871094,0.204618,2.558,1.78964,2.795,10,38265,29.3489,1.99434
1776813054976740292,1.95036,0.871094,0.223984,2.86543,2.21588,2.6209,10,38281,29.3612,2.30057
1776813054981727832,1.95036,0.353516,0.236255,2.65408,2.21588,2.6209,10,38294,29.3711,2.14767
1776813054986724946,1.95556,0.353516,0.251423,2.50119,2.1484,2.35143,10,38307,29.3811,2.30149
1776813054991729392,1.95556,0.423828,0.261394,2.72531,2.1484,2.35143,10,38324,29.3941,2.30103
1776813054996730654,1.95931,0.423828,0.278185,2.72485,2.50577,2.40992,10,38341,29.4072,2.30103
1776813055001732971,1.95931,0.00585938,0.291223,2.30688,2.50577,2.40992,10,38356,29.4187,2.45438
1776813055006730289,1.96127,0.00585938,0.304687,2.46024,2.9117,2.18128,10,38371,29.4302,2.60668
1776813055011726922,1.96127,-0.287109,-0.312126,2.31958,2.9117,2.18128,10,38391,29.4455,2.60825
1776813055016762109,1.96127,-0.287109,-0.296787,2.32114,2.70048,2.01429,10,38409,29.4593,2.76108
1776813055021720558,1.96536,-0.287109,-0.278892,2.47397,2.70048,2.01429,10,38422,29.4693,2.60773
1776813055026784521,1.96536,-0.607422,-0.268921,2.00031,2.34567,1.85173,10,38445,29.4869,2.76053
1776813055031755655,1.9585,-0.607422,-0.258133,2.1531,2.34567,1.85173,10,38458,29.4969,2.76201
1776813055036748140,1.9585,-0.658203,-0.248163,2.10381,1.74224,1.78922,10,38481,29.5146,2.60773
1776813055041736921,1.95206,-0.658203,-0.236963,1.94952,1.74224,1.78922,10,38494,29.5245,2.91501
1776813055046728332,1.95206,-0.6875,-0.226992,2.22751,1.6815,1.74088,10,38518,29.5429,2.91094
1776813055051739427,1.94873,-0.6875,-0.211916,2.22344,1.6815,1.74088,10,38532,29.5537,2.91714
1776813055056725689,1.94873,-0.546875,-0.201178,2.37027,1.47155,1.80463,10,38556,29.5721,2.9156
1776813055061730081,1.93896,-0.546875,-0.192539,2.36872,1.47155,1.80463,10,38570,29.5828,2.76053
1776813055066734732,1.93896,-0.568359,-0.181803,2.19217,1.56454,1.74418,10,38594,29.6012,2.91539
1776813055071717754,1.93617,-0.568359,-0.166181,2.34703,1.56454,1.74418,10,38609,29.6127,3.06717
1776813055076731905,1.93617,-0.628906,-0.154676,2.43826,1.95328,1.69588,10,38637,29.6342,3.37014
1776813055081736982,1.93017,-0.628906,-0.139204,2.74124,1.95328,1.69588,10,38653,29.6465,3.37959
1776813055086727855,1.93017,-0.767578,-0.126932,2.61202,1.97759,1.58708,10,38680,29.6672,3.22177
1776813055091793633,1.93017,-0.767578,-0.106224,2.4542,1.97759,1.58708,10,38695,29.6787,3.37351
1776813055096790951,1.93837,-0.767578,-0.0865154,2.60594,1.59846,1.62771,10,38717,29.6956,3.06901
1776813055101766085,1.93837,-0.640625,-0.0696429,2.42838,1.59846,1.62771,10,38740,29.7132,3.06755
1776813055106726663,1.92775,-0.640625,-0.0626277,2.42692,1.64076,1.64742,10,38758,29.727,3.06778
1776813055111720222,1.92775,-0.478516,-0.0488204,2.58926,1.64076,1.64742,10,38779,29.7431,3.06877
1776813055116832609,1.92229,-0.478516,-0.0381679,2.59026,1.67629,1.71271,10,38800,29.7592,2.91443
1776813055121739524,1.92229,-0.460938,-0.0220603,2.45349,1.67629,1.71271,10,38818,29.773,3.06387
1776813055126740193,1.91776,-0.460938,-0.0127849,2.60293,1.50789,1.70016,10,38834,29.7853,2.76495
1776813055131735067,1.91776,-0.521484,-0.000513,2.24346,1.50789,1.70016,10,38856,29.8022,3.06655
1776813055136729496,1.91259,-0.521484,0.0111848,2.54507,1.80479,1.63981,10,38878,29.8191,2.91539
1776813055141748053,1.91259,-0.572266,0.0280572,2.34313,1.80479,1.63981,10,38896,29.8329,3.06717
1776813055146734150,1.9072,-0.572266,0.0364781,2.4949,1.7852,1.58394,10,38914,29.8467,3.22216
1776813055151815816,1.9072,-0.548828,0.0502835,2.67333,1.7852,1.58394,10,38937,29.8643,3.06839
1776813055156801967,1.90177,-0.548828,0.0624963,2.51956,1.49628,1.57008,10,38958,29.8804,3.06755
1776813055161739992,1.90177,-0.5,0.0786019,2.56755,1.49628,1.57008,10,38975,29.8934,2.91501
1776813055166738680,1.90686,-0.5,0.108999,2.41481,1.44424,1.59791,10,39000,29.9126,2.91481
1776813055171713925,1.90686,-0.5,0.108999,2.41481,1.44424,1.59791,10,39000,29.9126,2.91481
1776813055176753000,1.90135,-0.361328,0.134932,2.85723,1.76437,1.70246,10,39041,29.9441,3.21856
1776813055181751947,1.90135,-0.339844,0.141836,2.87871,1.45827,1.68706,10,39059,29.9579,3.07
1776813055186736451,1.89911,-0.339844,0.153402,2.73016,1.45827,1.68706,10,39067,29.964,2.60877
1776813055191730343,1.89911,-0.341797,0.159538,2.26697,1.45827,1.68706,10,39070,29.9663,1.38054
1776813055196739123,1.89798,-0.341797,0.160715,1.03874,1.72971,1.66906,10,39063,29.9609,-0.613158
1776813055201733756,1.89798,2.23242,0.155346,1.61926,2.81984,3.13636,10,39061,29.9594,-0.61403
1776813055206734629,1.90482,2.23242,0.160648,1.61839,2.81984,3.13636,10,39061,29.9594,-0.153351
1776813055211729762,1.90482,3.4043,0.160648,3.25095,2.81984,3.13636,10,39063,29.9609,0
1776813055216745598,1.91435,3.4043,0.171715,3.4043,2.52741,3.88633,10,39071,29.9671,0.920486
1776813055221706825,1.91435,1.41602,0.177851,2.3365,2.52741,3.88633,10,39084,29.9771,1.68488
1776813055226731567,1.9561,1.41602,0.229572,3.1009,2.57331,2.95973,10,39095,29.9855,1.84355
1776813055231727515,1.9561,0.861328,0.238009,2.70488,2.57331,2.95973,10,39109,29.9962,1.99394
1776813055236745480,1.96698,0.861328,0.273426,3.46906,2.41997,2.64356,10,39135,30.0162,2.60773
1776813055241744076,1.96698,0.167969,0.279562,2.7757,2.38523,2.30163,10,39152,30.0292,2.76146
1776813055246738764,1.9764,0.167969,0.302027,2.92943,2.38523,2.30163,10,39166,30.0399,2.76108
1776813055251724212,1.9764,0.203125,0.312765,2.9642,2.38523,2.30163,10,39182,30.0522,2.60773
1776813055256762010,1.97692,0.203125,-0.302765,2.81085,2.40003,2.37019,10,39198,30.0645,2.60773
1776813055261755698,1.97692,-0.0742188,-0.290493,2.53351,2.40003,2.37019,10,39219,30.0806,2.91501
1776813055266733202,1.9786,-0.0742188,-0.272699,2.84079,2.81911,2.22031,10,39235,30.0929,2.76146
1776813055271717928,1.9786,-0.275391,-0.260427,2.48607,2.81911,2.22031,10,39253,30.1067,3.06778
1776813055276758725,1.97808,-0.275391,-0.247142,2.79239,2.52811,2.10311,10,39274,30.1228,2.91385
1776813055281817152,1.97808,-0.585938,-0.231037,2.32791,2.52811,2.10311,10,39296,30.1397,2.91423
1776813055286759472,1.97005,-0.585938,-0.222194,2.32829,2.31331,1.88693,10,39314,30.1535,3.06901
1776813055291763067,1.97005,-0.615234,-0.208389,2.45377,2.31331,1.88693,10,39335,30.1696,3.06755
1776813055296739349,1.96818,-0.615234,-0.194151,2.45231,1.78748,1.86111,10,39356,30.1857,2.91443
1776813055301732093,1.96818,-0.699219,-0.178043,2.21521,1.78748,1.86111,10,39374,30.1995,2.91501
1776813055306737299,1.96234,-0.699219,-0.157043,2.36833,1.68114,1.81324,10,39400,30.2194,3.06755
1776813055311740099,1.96234,-0.652344,-0.15014,2.4152,1.87537,1.81136,10,39418,30.2332,2.91501
1776813055316728472,1.95369,-0.652344,-0.144983,2.26267,1.87537,1.81136,10,39434,30.2455,3.06755
1776813055321727475,1.95369,-0.701172,-0.132711,2.36638,1.87537,1.81136,10,39453,30.2601,3.06717
1776813055326724830,1.94909,-0.701172,-0.122739,2.36599,1.68202,1.71844,10,39470,30.2731,3.06877
1776813055331723815,1.94909,-0.744141,-0.109701,2.32463,1.68202,1.71844,10,39488,30.2869,2.91443
1776813055336725318,1.94705,-0.744141,-0.0979344,2.17029,1.69993,1.68391,10,39509,30.303,3.06448
1776813055341726450,1.94705,-0.851562,-0.0818269,2.21292,1.69993,1.68391,10,39532,30.3207,3.07085
1776813055346743934,1.93343,-0.851562,-0.0778081,2.21929,1.75824,1.55537,10,39551,30.3352,3.2228
1776813055351761658,1.93343,-0.845703,-0.063234,2.3771,1.75824,1.55537,10,39570,30.3498,3.22049
1776813055356727181,1.93094,-0.845703,-0.0511529,2.37478,1.79294,1.54636,10,39592,30.3667,3.21894
1776813055361728832,1.93094,-0.769531,-0.0342786,2.44941,1.79294,1.54636,10,39614,30.3836,2.91735
1776813055366724521,1.91708,-0.769531,-0.0312592,2.14781,1.30469,1.52087,10,39632,30.3974,3.06693
1776813055371699136,1.91708,-0.726562,-0.0174538,2.34037,1.30469,1.52087,10,39652,30.4127,3.37583
1776813055376737804,1.91708,-0.726562,-0.00211493,2.64927,1.56754,1.54537,10,39675,30.4303,3.22087
1776813055381733399,1.91904,-0.726562,0.017485,2.49431,1.56754,1.54537,10,39696,30.4465,3.37486
1776813055386732477,1.91904,-0.625,0.0335926,2.74986,1.63549,1.61302,10,39723,30.4672,3.37516
1776813055391750942,1.90749,-0.625,0.0427516,2.75016,1.63549,1.61302,10,39739,30.4794,3.37351
1776813055396740038,1.90749,-0.591797,0.0550235,2.78172,1.47377,1.57426,10,39767,30.5009,3.22216
1776813055401738226,1.89853,-0.591797,0.0675395,2.63036,1.47377,1.57426,10,39783,30.5132,3.37486
1776813055406741099,1.8968,-0.599609,0.0964797,2.77487,1.50832,1.52486,10,39817,30.5393,3.37448
1776813055411740565,1.8968,-0.572266,0.104151,2.80222,1.70542,1.53173,10,39837,30.5546,3.52821
1776813055416742642,1.88964,-0.572266,0.112339,2.95595,1.70542,1.53173,10,39853,30.5669,3.22151
1776813055421708572,1.88964,-0.494141,0.124611,2.72737,1.70542,1.53173,10,39872,30.5814,3.06778
1776813055426746870,1.88457,-0.494141,0.134112,2.57364,1.34994,1.51465,10,39890,30.5952,3.06816
1776813055431726689,1.88457,-0.474609,0.147917,2.59355,1.34994,1.51465,10,39913,30.6129,3.22177
1776813055436727451,1.88325,-0.474609,0.164233,2.74717,1.48613,1.51908,10,39931,30.6267,3.06693
1776813055441778637,1.88325,-0.0253906,0.178038,3.04154,1.71429,1.77514,10,39934,30.629,1.68758
1776813055446746771,1.88325,-0.0253906,0.180338,1.66219,1.71429,1.77514,10,39931,30.6267,0.153351
1776813055451736718,1.89074,-0.0253906,0.185532,0.12796,1.71429,1.77514,10,39926,30.6229,-0.920671
1776813055456760313,1.89074,3.39062,0.181696,2.46995,2.26111,3.76009,10,39925,30.6221,-0.306702
1776813055461763501,1.90679,3.39062,0.19698,3.08392,2.26111,3.76009,10,39925,30.6221,-0.15332
1776813055466730116,1.90679,3.53711,0.19698,3.38379,2.60925,3.92422,10,39932,30.6275,0.153351
1776813055471738619,1.91632,3.53711,0.211878,3.69046,2.60925,3.92422,10,39939,30.6328,1.38054
1776813055476740048,1.91632,1.0332,0.217247,2.41374,2.61171,2.54461,10,39953,30.6436,1.68762
1776813055481751939,1.96088,1.0332,0.272541,2.72083,2.61171,2.54461,10,39962,30.6505,1.84096
1776813055486724406,1.96088,1.11719,0.279444,2.95815,2.17861,2.81282,10,39981,30.665,2.14725
1776813055491729205,1.96349,1.11719,0.296633,3.26443,2.17861,2.81282,10,39992,30.6735,2.14767
1776813055496723060,1.96349,0.382812,0.305069,2.53049,2.12001,2.40703,10,40011,30.6881,2.45487
1776813055501725323,1.97556,0.382812,-0.296604,2.83768,2.12001,2.40703,10,40022,30.6965,2.30018
1776813055506731344,1.97556,0.404297,-0.288167,2.70448,2.26085,2.47825,10,40043,30.7126,2.45438
1776813055511739698,1.97969,0.404297,-0.267928,2.85867,2.26085,2.47825,10,40054,30.721,2.45389
1776813055516819457,1.97969,0.0351562,-0.259492,2.48904,2.49958,2.28796,10,40075,30.7371,2.45487
1776813055521750592,1.97969,0.0351562,-0.243385,2.49002,2.49958,2.28796,10,40088,30.7471,2.60759
1776813055526729596,1.99253,0.0351562,-0.220579,2.64274,2.93965,2.35024,10,40107,30.7617,2.76218
1776813055531854538,1.99253,-0.345703,-0.206005,2.41648,2.93965,2.35024,10,40126,30.7763,2.60721
1776813055536800321,1.99108,-0.345703,-0.192882,2.2615,2.46455,2.12614,10,40143,30.7893,2.76053
1776813055541776973,1.99108,-0.449219,-0.179843,2.31131,2.46455,2.12614,10,40165,30.8062,2.91501
1776813055546734552,1.98725,-0.449219,-0.166803,2.46579,2.26814,2.04856,10,40184,30.8207,3.22216
1776813055551747129,1.98725,-0.625,-0.152231,2.59716,2.26814,2.04856,10,40208,30.8391,3.22087
1776813055556732669,1.98175,-0.625,-0.13932,2.59587,1.80025,1.92166,10,40226,30.853,3.22177
1776813055561741265,1.98175,-0.644531,-0.125514,2.57724,1.80025,1.92166,10,40249,30.8706,3.22151
1776813055566741397,1.9751,-0.644531,-0.11452,2.57698,1.82344,1.87817,10,40267,30.8844,3.06655
1776813055571709902,1.9751,-0.648438,-0.100715,2.41812,1.82344,1.87817,10,40291,30.9028,3.2228
1776813055576744292,1.96867,-0.648438,-0.0887388,2.57436,2.02101,1.84457,10,40309,30.9166,3.37419
1776813055581730055,1.96867,-0.763672,-0.0749315,2.61052,2.02101,1.84457,10,40334,30.9358,3.22049
1776813055586732317,1.96159,-0.763672,-0.062839,2.45681,2.0644,1.74423,10,40353,30.9504,3.37486
1776813055591728913,1.96159,-0.84375,-0.0482668,2.53111,2.0644,1.74423,10,40376,30.968,3.22151
1776813055596725397,1.9625,-0.84375,-0.0159105,2.22464,1.74536,1.69858,10,40403,30.9887,3.06839
1776813055601729326,1.9625,-0.880859,-0.00900785,2.18753,1.69645,1.68189,10,40424,31.0048,3.22151
1776813055606726199,1.95154,-0.880859,-0.00385611,2.34065,1.69645,1.68189,10,40441,31.0179,3.37381
1776813055611729943,1.95154,-0.871094,0.00918256,2.50271,1.69645,1.68189,10,40461,31.0332,3.37554
1776813055616740075,1.94532,-0.871094,0.0182997,2.50444,1.83908,1.60302,10,40480,31.0478,3.22216
1776813055621716283,1.94532,-0.792969,0.0328737,2.42919,1.83908,1.60302,10,40503,31.0654,3.06778
1776813055626727767,1.937,-0.792969,0.0421969,2.27481,1.7764,1.60647,10,40520,31.0785,3.22151
1776813055631724251,1.937,-0.763672,0.0552355,2.45784,1.7764,1.60647,10,40545,31.0976,3.22049
1776813055636731272,1.92927,-0.763672,0.0666777,2.45681,1.4197,1.58485,10,40564,31.1122,3.37554
1776813055641731497,1.92927,-0.755859,0.0812498,2.61968,1.4197,1.58485,10,40590,31.1321,3.52821
1776813055646721242,1.91812,-0.755859,0.0900389,2.77235,1.63407,1.53383,10,40610,31.1475,3.52821
1776813055651721133,1.91812,-0.777344,0.10538,2.75087,1.63407,1.53383,10,40637,31.1674,3.52821
1776813055656727877,1.9143,-0.777344,0.122271,2.75087,1.59951,1.50254,10,40657,31.1835,3.52821
1776813055661721417,1.9143,-0.796875,0.137612,2.73134,1.59951,1.50254,10,40685,31.205,3.68118
1776813055666722420,1.91152,-0.796875,0.171649,3.03229,1.63243,1.49141,10,40717,31.2295,3.82917
1776813055671699646,1.91152,-0.697266,0.180852,3.1319,1.41802,1.5343,10,40739,31.2464,3.68673
1776813055676821885,1.90011,-0.697266,0.186314,2.98946,1.41802,1.5343,10,40757,31.2602,3.52783
1776813055681788759,1.90011,-0.642578,0.20012,2.88525,1.41802,1.5343,10,40778,31.2763,3.52892
1776813055686799373,1.89717,-0.642578,0.213282,2.88634,1.47457,1.49351,10,40790,31.2855,2.91423
1776813055691758248,1.89095,-0.542969,0.216271,0.530702,2.01975,1.51902,10,40785,31.2817,1.07367
1776813055696741104,1.89095,2.54297,0.212437,3.61664,2.01975,1.51902,10,40781,31.2786,-1.22719
1776813055701746903,1.89822,2.54297,0.216633,1.31578,2.01975,1.51902,10,40780,31.2779,-0.613281
1776813055706732962,1.89822,3.66406,0.215867,3.05078,2.47853,3.95358,10,40780,31.2779,0
1776813055711732409,1.91351,3.66406,0.23116,3.66406,2.47853,3.95358,10,40784,31.2809,0.15332
1776813055716735153,1.91351,1.27344,0.234227,1.42676,2.07136,2.66753,10,40798,31.2917,1.53389
1776813055721732174,1.9522,1.27344,0.283652,2.80733,2.07136,2.66753,10,40807,31.2986,1.84134
1776813055726771750,1.9522,0.695312,0.302827,2.68886,2.44826,2.52974,10,40829,31.3155,1.99354
1776813055731782937,1.97251,0.695312,-0.300572,2.68886,2.44826,2.52974,10,40838,31.3224,2.30103
1776813055736739905,1.97251,0.302734,-0.29367,2.60376,1.88535,2.4055,10,40855,31.3354,2.30149
1776813055741752259,1.98291,0.302734,-0.270234,2.60422,1.88535,2.4055,10,40865,31.3431,2.14767
1776813055746735948,1.98291,0.375,-0.262563,2.52267,2.00537,2.49731,10,40878,31.353,1.84022
1776813055751741303,1.98471,0.375,-0.250796,2.21522,2.00537,2.49731,10,40886,31.3592,1.53396
1776813055756731102,1.98471,0.597656,-0.24466,2.13162,1.97307,2.63295,10,40904,31.373,1.99474
1776813055761728346,1.9944,0.597656,-0.221164,2.5924,1.97307,2.63295,10,40914,31.3806,2.14682
1776813055766724960,1.9944,0.386719,-0.213492,2.53353,2.66815,2.55968,10,40933,31.3952,2.14767
1776813055771700576,1.99715,0.386719,-0.196168,2.53439,2.66815,2.55968,10,40944,31.4037,2.45241
1776813055776729448,1.99715,-0.0429688,-0.187732,2.40945,3.15478,2.32806,10,40965,31.4198,2.45683
1776813055781731265,2.00052,-0.0429688,-0.168256,2.41386,3.15478,2.32806,10,40978,31.4297,2.60825
1776813055786732879,2.00052,-0.357422,-0.158284,2.25083,2.65016,2.16509,10,41001,31.4474,2.76053
1776813055791778028,1.99934,-0.357422,-0.141824,2.4031,2.65016,2.16509,10,41015,31.4581,2.76163
1776813055796750699,1.99934,-0.65625,-0.131086,2.10538,2.1708,1.98907,10,41039,31.4765,2.91364
1776813055801748165,1.99934,-0.65625,-0.112678,2.25739,2.1708,1.98907,10,41053,31.4873,3.06471
1776813055806761019,1.99939,-0.65625,-0.101895,2.40846,1.6981,1.98928,10,41075,31.5041,3.07123
1776813055811738468,1.99939,-0.558594,-0.0850211,2.51264,1.6981,1.98928,10,41098,31.5218,3.06839
1776813055816736267,1.99027,-0.558594,-0.0764972,2.5098,1.87576,2.00087,10,41116,31.5356,3.22151
1776813055821732363,1.99027,-0.535156,-0.0626899,2.68636,1.87576,2.00087,10,41140,31.554,3.21791
1776813055826736329,1.98737,-0.535156,-0.047187,2.68276,1.99496,2.00015,10,41159,31.5686,3.22409
1776813055831723295,1.98737,-0.740234,-0.0326148,2.48386,1.99496,2.00015,10,41184,31.5877,3.37621
1776813055836723668,1.97832,-0.740234,-0.0224887,2.63598,1.86607,1.83929,10,41204,31.6031,3.52783
1776813055841725208,1.97832,-0.824219,-0.00714789,2.70361,1.86607,1.83929,10,41231,31.6238,3.52751
1776813055846729433,1.97406,-0.824219,0.00930298,2.70329,1.89295,1.77067,10,41252,31.6399,3.68083
1776813055851741843,1.97406,-0.964844,0.0254086,2.71598,1.89295,1.77067,10,41277,31.6591,3.52469
1776813055856739402,1.9609,-0.964844,0.0314225,2.55984,1.84374,1.62616,10,41296,31.6736,3.37824
1776813055861726461,1.9609,-0.953125,0.0459946,2.42512,1.84374,1.62616,10,41322,31.6936,3.52751
1776813055866724223,1.95574,-0.953125,0.0607804,2.57438,1.90815,1.60755,10,41342,31.7089,3.37583
1776813055871735152,1.95574,-0.833984,0.0761212,2.54185,1.90815,1.60755,10,41367,31.7281,3.52892
1776813055876750432,1.94889,-0.833984,0.103017,2.6907,1.39938,1.67546,10,41396,31.7503,3.52469
1776813055881724991,1.94889,-0.832031,0.110686,2.69266,1.39627,1.64288,10,41417,31.7664,3.22409
1776813055886723976,1.93989,-0.832031,0.117795,2.39206,1.39627,1.64288,10,41434,31.7795,3.37448
1776813055891720757,1.93989,-0.847656,0.130834,2.52682,1.39627,1.64288,10,41456,31.7964,3.5268
1776813055896725870,1.93239,-0.847656,0.140206,2.67915,1.66071,1.55245,10,41482,31.8163,3.52963
1776813055901723336,1.93239,-0.873047,0.160148,2.65658,1.66071,1.55245,10,41503,31.8324,3.52751
1776813055906735728,1.928,-0.873047,0.171861,2.65446,1.64153,1.51617,10,41523,31.8477,3.52892
1776813055911730435,1.928,-0.882812,0.187199,2.64611,1.64153,1.51617,10,41549,31.8677,3.52751
1776813055916762640,1.9148,-0.882812,0.19395,2.6447,1.75125,1.44493,10,41570,31.8838,3.52783
1776813055921728644,1.9148,-0.882812,0.210057,2.64502,1.75125,1.44493,10,41598,31.9053,3.83606
1776813055926742165,1.91029,-0.882812,0.227015,2.95325,1.67239,1.42237,10,41617,31.9198,3.82879
1776813055931725206,1.91029,-0.621094,0.241589,3.2077,1.67239,1.42237,10,41630,31.9298,2.61191
1776813055936722616,1.89841,-0.621094,0.239686,1.99081,1.4143,1.51203,10,41630,31.9298,0.613526
1776813055941760247,1.89841,0.398438,0.239686,1.01196,1.4143,1.51203,10,41625,31.926,-0.460052
1776813055946817766,1.90267,0.398438,0.238576,-0.061523,2.22571,2.09316,10,41623,31.9244,-0.45996
1776813055951819232,1.90267,0.398438,0.238576,-0.061523,2.22571,2.09316,10,41623,31.9244,-0.45996
1776813055956740887,1.94071,3.04102,0.278912,3.19481,2.59394,3.62081,10,41631,31.9306,0.153794
1776813055961745667,1.94071,1.62695,0.282746,1.78075,2.07267,3.00414,10,41641,31.9382,1.22719
1776813055966739096,1.9646,1.62695,-0.31401,2.85414,2.07267,3.00414,10,41649,31.9444,1.68522
1776813055971837632,1.9646,1.11719,-0.307874,2.80241,2.07267,3.00414,10,41662,31.9544,1.84243
1776813055976812006,1.97637,1.11719,-0.28613,2.95962,2.41222,2.88855,10,41678,31.9666,2.1481
1776813055981754716,1.97637,0.867188,-0.273858,3.01529,2.41222,2.88855,10,41693,31.9781,2.30011
1776813055986728498,1.98131,0.867188,-0.25742,3.16729,2.19923,2.77006,10,41707,31.9889,2.45487
1776813055991722649,1.98131,0.525391,-0.246682,2.98026,2.19923,2.77006,10,41727,32.0042,2.60721
1776813055996731337,1.98952,0.525391,-0.223124,3.1326,2.50967,2.61512,10,41744,32.0172,2.60863
1776813056001749931,1.98952,0.46875,-0.210086,3.07738,2.50967,2.61512,10,41759,32.0288,2.45389
1776813056006730713,1.99195,0.46875,-0.196153,2.92264,3.07514,2.5946,10,41774,32.0403,2.60616
1776813056011726550,1.99195,0.121094,-0.184647,2.72726,3.07514,2.5946,10,41793,32.0548,2.45634
1776813056016723572,1.99195,0.121094,-0.170075,2.57744,3.19565,2.39644,10,41813,32.0702,2.91443
1776813056021716409,1.99834,0.121094,-0.148345,3.03552,3.19565,2.39644,10,41827,32.0809,2.91385
1776813056026728264,1.99834,-0.609375,-0.137606,2.30447,2.85249,2.01097,10,41856,32.1031,2.91501
1776813056031734545,1.99428,-0.609375,-0.119431,2.30564,2.85249,2.01097,10,41872,32.1154,3.06778
1776813056036726030,1.99428,-0.658203,-0.107159,2.40958,2.39686,1.96348,10,41893,32.1315,3.22254
1776813056041728737,1.99068,-0.658203,-0.0946492,2.56433,2.39686,1.96348,10,41908,32.143,3.06717
1776813056046782868,1.99068,-0.898438,-0.0831441,2.16873,1.70997,1.80914,10,41934,32.163,3.06717
1776813056051747873,1.97893,-0.898438,-0.074952,2.16873,1.70997,1.80914,10,41949,32.1745,3.22242
1776813056056740821,1.97893,-0.847656,-0.0634469,2.37476,1.68281,1.78103,10,41976,32.1952,3.22061
1776813056061751472,1.97459,-0.847656,-0.0470742,2.37295,1.68281,1.78103,10,41992,32.2075,3.22113
1776813056066741624,1.97459,-0.761719,-0.0348023,2.45941,1.41212,1.80889,10,42018,32.2274,3.22113
1776813056071710407,1.96298,-0.761719,-0.0264767,2.45941,1.41212,1.80889,10,42033,32.2389,3.22318
1776813056076742890,1.96298,-0.775391,-0.0149716,2.44779,1.43662,1.74435,10,42059,32.2589,3.06717
1776813056081732542,1.95908,-0.775391,0.00107493,2.29178,1.43662,1.74435,10,42076,32.2719,3.37516
1776813056086730990,1.95908,-0.845703,0.0141136,2.52945,1.79391,1.68517,10,42105,32.2941,3.37524
1776813056091725271,1.95823,-0.845703,0.0477821,2.68072,1.98012,1.68102,10,42134,32.3164,3.52642
1776813056096722942,1.95823,-0.845703,0.0477821,2.68072,1.98012,1.68102,10,42134,32.3164,3.52642
1776813056101724000,1.95823,-0.892578,0.0577499,2.63384,1.98012,1.68102,10,42170,32.344,3.37592
1776813056106723133,1.94961,-0.892578,0.0767433,2.48334,1.70443,1.61193,10,42194,32.3624,3.37313
1776813056111723970,1.94961,-0.869141,0.0951492,2.50399,1.70443,1.61193,10,42215,32.3785,3.37592
1776813056116736455,1.94072,-0.869141,0.102365,2.50678,1.49525,1.58144,10,42241,32.3984,3.68118
1776813056121705626,1.94072,-0.705078,0.122308,2.9761,1.49525,1.58144,10,42262,32.4145,3.52854
1776813056126733647,1.92909,-0.705078,0.126783,2.82346,1.3969,1.61736,10,42286,32.433,3.52859
1776813056131729539,1.92909,-0.681641,0.145192,2.84695,1.3969,1.61736,10,42307,32.4491,3.37448
1776813056136769541,1.92567,-0.681641,0.157876,2.69284,1.49184,1.61372,10,42332,32.4682,3.52859
1776813056141795228,1.92567,-0.794922,0.177053,2.73367,1.49184,1.61372,10,42355,32.4859,3.68045
1776813056146765381,1.91455,-0.794922,0.18357,2.88552,1.8013,1.49375,10,42381,32.5058,3.68195
1776813056151750089,1.91455,-0.816406,0.203513,2.86554,1.8013,1.49375,10,42402,32.5219,3.68192
1776813056156738537,1.91053,-0.816406,0.215604,2.86551,1.57268,1.46144,10,42426,32.5403,3.52789
1776813056161796631,1.91053,-0.740234,0.23401,2.78766,1.57268,1.46144,10,42447,32.5564,3.37516
1776813056166750636,1.91053,-0.740234,0.250119,2.63492,1.41492,1.50486,10,42469,32.5733,3.52783
1776813056171729437,1.90463,-0.740234,0.26109,2.7876,1.41492,1.50486,10,42479,32.581,2.75997
1776813056176737940,1.90463,0.158203,0.268762,2.91818,1.57591,1.98743,10,42481,32.5825,1.07422
1776813056181742665,1.89655,0.158203,0.262208,1.23242,1.57591,1.98743,10,42475,32.5779,-0.613403
1776813056186736669,1.89655,1.97656,0.257604,1.36316,2.59356,2.9833,10,42472,32.5756,-0.767671
1776813056191737524,1.90196,1.97656,0.26072,1.20889,2.59356,2.9833,10,42472,32.5756,-0.153351
1776813056196733990,1.90196,3.22266,0.26072,3.06931,2.93895,3.72078,10,42478,32.5802,0.15332
1776813056201812564,1.93324,3.22266,0.296607,3.37598,2.93895,3.72078,10,42486,32.5864,1.22806
1776813056206810272,1.93324,1.74609,0.302741,2.97415,2.62294,3.03511,10,42502,32.5986,1.99393
1776813056211752037,1.9581,1.74609,-0.288451,3.74002,2.62294,3.03511,10,42512,32.6063,1.99356
1776813056216735708,1.9581,0.789062,-0.280779,2.78262,2.15731,2.61217,10,42532,32.6216,2.30103
1776813056221716119,1.97348,0.789062,-0.250056,3.09009,2.15731,2.61217,10,42543,32.6301,2.30103
1776813056226733437,1.97348,0.333984,-0.241618,2.63501,2.22476,2.42803,10,42563,32.6454,2.45487
1776813056231746162,1.97636,0.333984,-0.223406,2.78885,2.22476,2.42803,10,42574,32.6539,2.45389
1776813056236739165,1.97636,0.408203,-0.214968,2.86209,2.43103,2.48435,10,42593,32.6684,2.29873
1776813056241757464,1.98652,0.408203,-0.181031,2.71199,2.73917,2.53374,10,42614,32.6845,2.30379
1776813056246732284,1.98652,0.144531,-0.17413,2.44832,2.73917,2.53374,10,42627,32.6945,2.60773
1776813056251742250,1.98803,0.144531,-0.162648,2.75226,2.73917,2.53374,10,42645,32.7083,2.91443
1776813056256735142,1.98803,-0.376953,-0.148842,2.53748,2.80504,2.09353,10,42664,32.7229,2.76053
1776813056261736942,1.98683,-0.376953,-0.135464,2.38357,2.80504,2.09353,10,42678,32.7336,2.76129
1776813056266726964,1.98683,-0.552734,-0.124726,2.20855,2.67047,1.98754,10,42703,32.7528,2.91443
1776813056271703413,1.9845,-0.552734,-0.107888,2.36169,2.67047,1.98754,10,42717,32.7635,3.06778
1776813056276728804,1.9845,-0.611328,-0.0971533,2.45645,1.88165,1.9428,10,42744,32.7842,3.22242
1776813056281721586,1.97616,-0.611328,-0.0847803,2.61109,1.88165,1.9428,10,42760,32.7965,3.22061
1776813056286738977,1.97616,-0.642578,-0.0725084,2.57803,1.83611,1.88443,10,42786,32.8165,3.22177
1776813056291729925,1.97279,-0.642578,-0.0559298,2.5792,1.83611,1.88443,10,42800,32.8272,3.06839
1776813056296829906,1.97279,-0.580078,-0.0451914,2.48831,1.75819,1.90366,10,42826,32.8471,3.06778
1776813056301771060,1.96398,-0.580078,-0.0340677,2.4877,1.75819,1.90366,10,42842,32.8594,3.22125
1776813056306742935,1.96398,-0.642578,-0.0217959,2.57867,1.686,1.82494,10,42870,32.8809,3.37516
1776813056311730235,1.96376,-0.642578,0.0109724,2.73055,1.82685,1.8239,10,42897,32.9016,3.37313
1776813056316734461,1.96376,-0.837891,0.0201773,2.53524,1.82685,1.8239,10,42912,32.9131,3.37592
1776813056321706947,1.95304,-0.837891,0.0209631,2.53803,1.82685,1.8239,10,42933,32.9292,3.22177
1776813056326726005,1.95304,-0.878906,0.0370688,2.34287,1.9948,1.6366,10,42955,32.9461,3.22049
1776813056331730601,1.94818,-0.878906,0.0490736,2.34158,1.9948,1.6366,10,42970,32.9576,3.22254
1776813056336738178,1.94818,-0.828125,0.0605787,2.39441,2.0653,1.64159,10,42998,32.9791,3.22113
1776813056341730922,1.93595,-0.828125,0.0698294,2.39301,2.0653,1.64159,10,43013,32.9906,3.37448
1776813056346732037,1.93595,-0.792969,0.0813345,2.58151,1.61388,1.60126,10,43040,33.0113,3.22189
1776813056351737188,1.93156,-0.792969,0.0976462,2.42892,1.61388,1.60126,10,43055,33.022,3.06778
1776813056356782393,1.93156,-0.708984,0.109151,2.3588,1.58346,1.62736,10,43080,33.0419,3.22049
1776813056361739121,1.92079,-0.708984,0.117561,2.5115,1.58346,1.62736,10,43096,33.0542,3.22049
1776813056366742439,1.92079,-0.701172,0.129833,2.51931,1.62101,1.5783,10,43125,33.0765,3.37255
1776813056371710610,1.91697,-0.701172,0.148252,2.67137,1.62101,1.5783,10,43142,33.0895,3.53136
1776813056376797239,1.91697,-0.755859,0.161291,2.7755,1.6732,1.52807,10,43171,33.1117,3.52859
1776813056381761170,1.91507,-0.755859,0.19391,2.6193,1.40327,1.51862,10,43199,33.1332,3.37516
1776813056386747396,1.91507,-0.753906,0.203111,2.62125,1.40327,1.51862,10,43216,33.1463,3.52642
1776813056391820286,1.90761,-0.753906,0.208696,2.77252,1.40327,1.51862,10,43239,33.1639,3.53001
1776813056396788568,1.90761,-0.691406,0.226339,2.8386,1.61868,1.51809,10,43265,33.1838,3.83377
1776813056401737426,1.89971,-0.691406,0.238374,3.14236,1.61868,1.51809,10,43282,33.1969,3.68195
1776813056406746466,1.89971,-0.636719,0.251413,3.04523,1.62494,1.50963,10,43311,33.2191,3.52783
1776813056411734081,1.8964,-0.636719,0.270341,2.89111,1.62494,1.50963,10,43325,33.2299,3.22189
1776813056416728084,1.8964,-0.376953,0.28108,2.84494,1.7778,1.64104,10,43342,33.2429,2.75722
1776813056421709977,1.88877,-0.376953,0.286489,2.38026,1.7778,1.64104,10,43336,33.2383,0.921395
1776813056426726499,1.88877,0.605469,0.281888,1.52686,2.24268,2.1626,10,43325,33.2299,-2.1481
1776813056431744631,1.88932,0.605469,0.274007,-1.54264,2.24268,2.1626,10,43323,33.2283,-0.613403
1776813056436742227,1.88932,3.2207,0.272474,2.6073,2.74489,3.6561,10,43323,33.2283,-0.153351
1776813056441774396,1.92877,3.2207,0.311922,3.06735,2.74489,3.6561,10,43327,33.2314,0.15332
1776813056446748770,1.92877,2.5332,-0.31333,2.68652,2.25217,3.46158,10,43338,33.2398,1.38092
1776813056451739237,1.92877,2.5332,-0.304892,3.91412,2.25217,3.46158,10,43349,33.2483,1.84021
1776813056456730982,1.94943,2.5332,-0.275797,4.37341,2.39329,3.56372,10,43363,33.259,1.84134
1776813056461740633,1.94943,1.22266,-0.265063,3.064,2.39329,3.56372,10,43380,33.272,2.14767
1776813056466732377,1.97127,1.22266,-0.230181,3.37033,2.16269,2.92376,10,43392,33.2812,2.30103
1776813056471710659,1.97127,0.599609,-0.22098,2.90063,2.16269,2.92376,10,43406,33.292,1.68728
1776813056476728347,1.98437,0.599609,-0.197142,2.28689,2.59111,2.63241,10,43422,33.3043,2.30072
1776813056481744424,1.98437,0.625,-0.18487,2.92572,2.59111,2.63241,10,43436,33.315,2.45389
1776813056486728576,1.98726,0.625,-0.17124,3.07889,2.86649,2.66091,10,43453,33.328,2.30057
1776813056491726728,1.98726,-0.0761719,-0.158202,2.22439,2.86649,2.66091,10,43470,33.3411,2.60825
1776813056496729435,1.99198,-0.0761719,-0.14044,2.53208,3.29206,2.28414,10,43489,33.3556,2.76184
1776813056501738345,1.99198,-0.238281,-0.125868,2.52356,3.29206,2.28414,10,43507,33.3694,2.76053
1776813056506729701,1.99122,-0.238281,-0.112826,2.52224,2.85994,2.18804,10,43527,33.3848,2.9156
1776813056511735204,1.99122,-0.607422,-0.097483,2.30817,2.85994,2.18804,10,43545,33.3986,2.91443
1776813056516724634,1.98675,-0.607422,-0.0881522,2.30701,2.4316,1.95594,10,43565,33.4139,2.91385
1776813056521715619,1.98675,-0.625,-0.0728133,2.28885,2.4316,1.95594,10,43582,33.427,2.91326
1776813056526724585,1.98675,-0.625,-0.0597747,2.28826,1.69712,1.94592,10,43603,33.4431,2.91403
1776813056531731551,1.97995,-0.625,-0.0504668,2.28903,1.69712,1.94592,10,43618,33.4546,3.07085
1776813056536719388,1.97995,-0.685547,-0.0389617,2.3853,1.74103,1.87838,10,43645,33.4753,3.22049
1776813056541718021,1.97038,-0.685547,-0.0278151,2.53494,1.74103,1.87838,10,43661,33.4876,3.22113
1776813056546730228,1.97038,-0.748047,-0.0155433,2.47308,1.81519,1.79615,10,43689,33.509,3.37457
1776813056551787229,1.96353,-0.748047,-0.000913901,2.62652,1.81519,1.79615,10,43705,33.5213,3.37583
1776813056556764548,1.96353,-0.857422,0.011358,2.51841,1.76437,1.70032,10,43734,33.5436,3.52789
1776813056561743312,1.9555,-0.857422,0.0255639,2.67047,1.76437,1.70032,10,43752,33.5574,3.52854
1776813056566736797,1.9555,-0.917969,0.0393731,2.61057,1.7302,1.6264,10,43782,33.5804,3.68045
1776813056571714468,1.94667,-0.917969,0.0535485,2.76248,1.7302,1.6264,10,43799,33.5934,3.68195
1776813056576729600,1.94667,-0.869141,0.0665872,2.81281,1.7344,1.61079,10,43827,33.6149,3.37381
1776813056581729807,1.93763,-0.869141,0.0790231,2.50467,1.7344,1.61079,10,43843,33.6272,3.37592
1776813056586730107,1.93763,-0.792969,0.0912949,2.58295,1.78948,1.60956,10,43871,33.6486,3.37516
1776813056591727333,1.92932,-0.792969,0.104467,2.58219,1.78948,1.60956,10,43886,33.6601,3.37381
1776813056596727966,1.92932,-0.705078,0.115972,2.66873,1.4688,1.6185,10,43914,33.6816,3.22189
1776813056601725599,1.92932,-0.705078,0.137449,2.51682,1.4688,1.6185,10,43929,33.6931,3.37178
1776813056606728935,1.92384,-0.705078,0.143465,2.66671,1.44623,1.59125,10,43952,33.7108,3.07024
1776813056611720254,1.92384,-0.669922,0.161104,2.40031,1.44623,1.59125,10,43975,33.7284,3.22189
1776813056616765163,1.91366,-0.669922,0.168565,2.55197,1.60006,1.56054,10,43993,33.7422,3.22049
1776813056621737186,1.91366,-0.677734,0.182371,2.54275,1.60006,1.56054,10,44018,33.7614,3.37111
1776813056626733356,1.91049,-0.677734,0.198377,2.69338,1.75374,1.54026,10,44042,33.7798,3.37862
1776813056631730971,1.91049,-0.691406,0.216787,2.68722,1.75374,1.54026,10,44062,33.7951,3.37516
1776813056636728474,1.9002,-0.691406,0.221842,2.68375,1.64821,1.48094,10,44084,33.812,3.22177
1776813056641744792,1.9002,-0.638672,0.238714,2.5831,1.64821,1.48094,10,44104,33.8273,3.22189
1776813056646727092,1.89351,-0.638672,0.247354,2.58322,1.39538,1.47732,10,44126,33.8442,3.21984
1776813056651733077,1.89351,-0.605469,0.26423,2.61437,1.39538,1.47732,10,44144,33.858,3.21663
1776813056656727414,1.89041,-0.605469,0.274938,2.61116,1.40246,1.48065,10,44162,33.8718,2.91618
1776813056661732639,1.89041,-0.0410156,0.288744,2.87516,1.40246,1.48065,10,44161,33.8711,1.5355
1776813056666722921,1.88375,-0.0410156,0.281324,1.49448,2.04646,1.7688,10,44148,33.8611,-1.22509
1776813056671700962,1.88375,1.59961,0.271352,0.374518,2.04646,1.7688,10,44143,33.8573,-1.53673
1776813056676735260,1.88375,1.59961,0.267519,0.0628794,2.60372,2.70396,10,44142,33.8565,-0.460052
1776813056681731375,1.88975,1.59961,0.272749,1.13956,2.60372,2.70396,10,44143,33.8573,0
1776813056686729730,1.88975,2.26562,0.273515,2.26562,2.3644,3.11386,10,44151,33.8634,0.766908
1776813056691727160,1.95025,2.26562,-0.288176,3.03253,2.3644,3.11386,10,44158,33.8688,0.766754
1776813056696729533,1.95025,1.33008,-0.282805,2.09683,2.18999,2.88195,10,44173,33.8803,1.99393
1776813056701731889,1.96615,1.33008,-0.255396,3.324,2.18999,2.88195,10,44180,33.8856,1.84134
1776813056706725892,1.96615,1.03906,-0.250029,2.8804,2.16398,2.79411,10,44196,33.8979,1.68695
1776813056711730414,1.97887,1.03906,-0.225031,2.72601,2.16398,2.79411,10,44204,33.904,1.68686
1776813056716732732,1.97887,0.873047,-0.218893,2.55991,2.28133,2.76156,10,44219,33.9155,1.84097
1776813056721785122,1.98781,0.873047,-0.198454,2.71402,2.28133,2.76156,10,44227,33.9217,1.84171
1776813056726777033,1.98781,0.714844,-0.192316,2.55655,2.73664,2.71481,10,44245,33.9355,1.99432
1776813056731770963,1.99653,0.714844,-0.169794,2.70917,2.73664,2.71481,10,44256,33.9439,2.14648
1776813056736739542,1.99653,0.380859,-0.161356,2.52734,3.13888,2.56663,10,44278,33.9608,2.60721
1776813056741738212,2.00211,0.380859,-0.138903,2.98807,3.13888,2.56663,10,44291,33.9708,2.76184
1776813056746728419,2.00211,-0.078125,-0.128931,2.68372,3.18546,2.33195,10,44313,33.9876,2.60877
1776813056751745478,2.00211,-0.078125,-0.112059,2.53065,3.18546,2.33195,10,44326,33.9976,2.76108
1776813056756733111,2.00846,-0.078125,-0.0957394,2.68295,2.7459,2.36252,10,44345,34.0122,2.60773
1776813056761727281,2.00846,-0.402344,-0.0811673,2.20538,2.7459,2.36252,10,44367,34.0291,2.91443
1776813056766729285,2.00459,-0.402344,-0.068163,2.51208,2.12209,2.15908,10,44388,34.0452,3.06533
1776813056771703067,2.00459,-0.458984,-0.0520573,2.60634,2.12209,2.15908,10,44405,34.0582,2.76274
1776813056776728162,2.0024,-0.458984,-0.0412045,2.30375,1.87598,2.11626,10,44426,34.0743,3.06854
1776813056781729887,2.0024,-0.4375,-0.0250988,2.63104,1.87598,2.11626,10,44444,34.0881,2.91385
1776813056786730780,1.99566,-0.4375,-0.018034,2.47635,1.83582,2.09596,10,44460,34.1004,2.9156
1776813056791735783,1.99566,-0.462891,-0.00576214,2.4527,1.83582,2.09596,10,44478,34.1142,2.91385
1776813056796737823,1.99335,-0.462891,0.00573535,2.45096,2.18742,2.07032,10,44500,34.1311,3.06778
1776813056801881931,1.99335,-0.632812,0.0226078,2.43497,2.18742,2.07032,10,44524,34.1495,3.22189
1776813056806763644,1.98514,-0.632812,0.0328044,2.58908,2.3234,1.93367,10,44548,34.1679,3.22177
1776813056811740222,1.98514,-0.816406,0.0512142,2.40537,2.3234,1.93367,10,44567,34.1825,3.37381
1776813056816744596,1.97796,-0.816406,0.0586071,2.5574,2.08073,1.79412,10,44588,34.1986,3.21739
1776813056821784060,1.97796,-0.882812,0.0747127,2.33458,2.08073,1.79412,10,44608,34.2139,3.07147
1776813056826812507,1.97796,-0.882812,0.0900554,2.18865,1.84032,1.75627,10,44630,34.2308,3.22113
1776813056831752087,1.96945,-0.882812,0.0984211,2.33832,1.84032,1.75627,10,44646,34.2431,3.22177
1776813056836740702,1.96945,-0.8125,0.110693,2.40927,1.77787,1.75486,10,44673,34.2638,3.37592
1776813056841742668,1.95619,-0.8125,0.118139,2.56342,1.77787,1.75486,10,44689,34.276,3.22049
1776813056846736635,1.95619,-0.777344,0.130411,2.44314,1.74234,1.70994,10,44717,34.2975,3.37448
1776813056851734435,1.95244,-0.777344,0.148138,2.59714,1.74234,1.70994,10,44733,34.3098,3.37592
1776813056856733457,1.95244,-0.804688,0.16041,2.57123,1.52983,1.67595,10,44763,34.3328,3.52783
1776813056861730423,1.94056,-0.804688,0.171537,2.72314,1.52983,1.67595,10,44781,34.3466,3.68047
1776813056866735704,1.94056,-0.855469,0.185343,2.825,1.53714,1.58842,10,44814,34.3719,3.98868
1776813056871712375,1.9364,-0.855469,0.206491,3.13321,1.53714,1.58842,10,44832,34.3857,3.8353
1776813056876773839,1.9364,-0.861328,0.220297,2.97397,1.73426,1.5645,10,44863,34.4095,3.8353
1776813056881758343,1.92337,-0.861328,0.23105,2.97397,1.73426,1.5645,10,44882,34.4241,3.8353
1776813056886734533,1.92337,-0.830078,0.245626,3.00522,1.79431,1.51769,10,44913,34.4478,3.68118
1776813056891746072,1.91926,-0.830078,0.265284,2.8511,1.79431,1.51769,10,44930,34.4609,3.68047
1776813056896732502,1.91926,-0.779297,0.278326,2.90118,1.72649,1.52615,10,44959,34.4831,3.67971
1776813056901740042,1.91926,-0.779297,0.300566,2.90041,1.72649,1.52615,10,44973,34.4939,3.37795
1776813056906738342,1.9071,-0.779297,0.299147,2.59865,1.42937,1.46542,10,44986,34.5038,2.45389
1776813056911740716,1.9071,-0.00195312,0.309118,2.45193,1.42937,1.46542,10,44981,34.5,0.460052
1776813056916750923,1.89787,-0.00195312,0.296049,0.458099,2.10276,1.86218,10,44975,34.4954,-1.38092
1776813056921717316,1.89787,1.9043,0.291445,0.523376,2.10276,1.86218,10,44975,34.4954,-0.30664
1776813056926730967,1.90239,1.9043,0.295969,1.59766,2.61339,2.97145,10,44975,34.4954,0
1776813056931735248,1.90239,2.42578,0.295969,2.42578,2.61339,2.97145,10,44982,34.5008,0
1776813056936730178,1.94764,2.42578,-0.281732,2.42578,2.39774,3.49366,10,44991,34.5077,1.68762
1776813056941785253,1.94764,1.75781,-0.274832,3.44543,2.39774,3.49366,10,45001,34.5153,1.38064
1776813056946745776,1.95808,1.75781,-0.256712,3.13846,2.33216,3.16428,10,45011,34.523,1.6872
1776813056951735632,1.95808,0.96875,-0.24904,2.65595,2.33216,3.16428,10,45027,34.5353,1.99472
1776813056956732099,1.97508,0.96875,-0.21977,2.96347,2.22072,2.79765,10,45041,34.546,2.29965
1776813056961732491,1.97508,0.548828,-0.209036,2.84847,2.22072,2.79765,10,45056,34.5575,2.14896
1776813056966731105,1.97867,0.548828,-0.193945,2.69779,2.54909,2.57576,10,45067,34.566,1.99393
1776813056971698999,1.97867,0.669922,-0.185507,2.66385,2.54909,2.57576,10,45083,34.5782,2.14648
1776813056976727187,1.97867,0.669922,-0.173235,2.8164,2.57078,2.64479,10,45098,34.5897,2.1481
1776813056981725153,1.98732,0.669922,-0.153074,2.81803,2.57078,2.64479,10,45110,34.5989,2.30103
1776813056986742582,1.98732,0.0371094,-0.143869,2.33813,2.98957,2.32612,10,45130,34.6143,2.45389
1776813056991727086,1.9919,0.0371094,-0.123953,2.49099,2.98957,2.32612,10,45142,34.6235,2.60564
1776813056996726237,1.9919,-0.384766,-0.114748,2.22088,3.04325,2.10784,10,45166,34.6419,2.61086
1776813057001722907,1.98998,-0.384766,-0.0982645,2.22609,3.04325,2.10784,10,45181,34.6534,3.06364
1776813057006731837,1.98998,-0.615234,-0.0867594,2.44841,2.26564,1.96717,10,45206,34.6726,2.91851
1776813057011726582,1.98469,-0.615234,-0.0728701,2.30328,2.26564,1.96717,10,45219,34.6825,2.91501
1776813057016738881,1.98469,-0.722656,-0.0629023,2.19236,1.95407,1.8803,10,45244,34.7017,2.91385
1776813057021708905,1.97776,-0.722656,-0.0506571,2.19119,1.95407,1.8803,10,45258,34.7125,3.06717
1776813057026730297,1.97776,-0.617188,-0.0399187,2.44998,1.4915,1.90672,10,45285,34.7332,3.22318
1776813057031732689,1.97082,-0.617188,-0.0261515,2.606,1.4915,1.90672,10,45301,34.7454,3.22113
1776813057036737378,1.97082,-0.585938,-0.0138796,2.63519,1.61526,1.89068,10,45330,34.7677,3.37448
1776813057041722901,1.96507,-0.585938,0.00261137,2.78854,1.61526,1.89068,10,45346,34.7799,3.52789
1776813057046721849,1.96507,-0.644531,0.0148833,2.88336,1.87664,1.82916,10,45374,34.8014,3.37448
1776813057051721964,1.96507,-0.644531,0.03636,2.72995,1.87664,1.82916,10,45390,34.8137,3.5293
1776813057056801557,1.95898,-0.644531,0.0425436,2.88477,2.22243,1.79934,10,45415,34.8329,3.37448
1776813057061778655,1.95898,-0.816406,0.0617201,2.55807,2.22243,1.79934,10,45440,34.852,3.52642
1776813057066752900,1.94798,-0.816406,0.069895,2.71002,1.93471,1.64731,10,45462,34.8689,3.22189
1776813057071709277,1.94798,-0.824219,0.0867674,2.39767,1.93471,1.64731,10,45481,34.8835,3.22177
1776813057076728113,1.93967,-0.824219,0.0930311,2.39756,1.76585,1.60183,10,45502,34.8996,3.06839
1776813057081732654,1.93967,-0.75,0.109137,2.31839,1.76585,1.60183,10,45521,34.9142,3.06778
1776813057086726528,1.93179,-0.75,0.115824,2.31778,1.66487,1.60512,10,45544,34.9318,3.22125
1776813057091736661,1.93179,-0.619141,0.133467,2.60211,1.66487,1.60512,10,45563,34.9464,3.22049
1776813057096722480,1.92488,-0.619141,0.141138,2.60135,1.59325,1.64544,10,45586,34.964,3.22242
1776813057101719984,1.92488,-0.615234,0.158777,2.60719,1.59325,1.64544,10,45605,34.9786,3.06793
1776813057106743691,1.91895,-0.615234,0.167418,2.45269,1.41472,1.61814,10,45623,34.9924,3.06778
1776813057111738380,1.91895,-0.642578,0.181223,2.4252,1.41472,1.61814,10,45641,35.0062,3.22113
1776813057116738810,1.91646,-0.642578,0.192545,2.57855,1.59887,1.59015,10,45664,35.0238,3.22049
1776813057121726925,1.91646,-0.650391,0.210184,2.5701,1.59887,1.59015,10,45689,35.043,3.3712
1776813057126728892,1.91646,-0.650391,0.229361,2.72081,1.7452,1.58569,10,45712,35.0607,3.22629
1776813057131723396,1.90587,-0.650391,0.236403,2.5759,1.7452,1.58569,10,45728,35.0729,3.37448
1776813057136722937,1.90587,-0.550781,0.248675,2.8237,1.86931,1.5895,10,45754,35.0929,3.22189
1776813057141732162,1.89714,-0.550781,0.259894,2.67111,1.86931,1.5895,10,45771,35.1059,3.22049
1776813057146722982,1.89714,-0.511719,0.272932,2.70877,1.54353,1.56799,10,45799,35.1274,3.52783
1776813057151728522,1.89179,-0.511719,0.289057,3.01611,1.54353,1.56799,10,45812,35.1374,3.22254
1776813057156775561,1.89179,-0.255859,0.299029,2.96668,1.50513,1.68691,10,45812,35.1374,1.38016
1776813057161748529,1.88737,-0.255859,0.294604,1.1243,1.50513,1.68691,10,45801,35.1289,-1.53167
1776813057166729145,1.88737,3.18555,0.286165,1.65388,2.63147,3.62621,10,45796,35.1251,-1.22855
1776813057171707150,1.90055,3.18555,0.295511,1.95699,2.63147,3.62621,10,45796,35.1251,-0.153382
1776813057176731708,1.90055,3.11133,0.295511,2.95795,2.74638,3.65023,10,45797,35.1259,-0.153351
1776813057181752692,1.93606,3.11133,-0.296533,2.95798,2.74638,3.65023,10,45806,35.1328,0.920105
1776813057186732475,1.93606,1.42773,-0.289629,2.34784,2.5435,2.86759,10,45818,35.142,1.84097
1776813057191721479,1.95939,1.42773,-0.257093,3.26871,2.5435,2.86759,10,45830,35.1512,1.68728
1776813057196734538,1.95939,1.16797,-0.247892,2.85525,2.25467,2.83447,10,45850,35.1665,2.30195
1776813057201722839,1.95939,1.16797,-0.232553,3.46991,2.25467,2.83447,10,45861,35.1749,2.60721
1776813057206728787,1.97139,1.16797,-0.212114,3.77517,2.32872,2.89319,10,45878,35.188,2.30149
1776813057211722587,1.97139,0.490234,-0.199075,2.79172,2.32872,2.89319,10,45895,35.201,2.45389
1776813057216730831,1.97948,0.490234,-0.177942,2.94412,2.30137,2.54632,10,45912,35.2141,2.14767
1776813057221707910,1.97948,0.394531,-0.164903,2.54221,2.73624,2.49177,10,45932,35.2294,2.60825
1776813057226738820,1.98713,0.394531,-0.141912,3.00278,2.73624,2.49177,10,45945,35.2394,2.60773
1776813057231841875,1.98713,0.255859,-0.131944,2.86359,2.73624,2.49177,10,45962,35.2524,2.60668
1776813057236761438,1.98822,0.255859,-0.117822,2.86254,3.12966,2.45515,10,45977,35.2639,2.76218
1776813057241797514,1.98822,-0.349609,-0.106317,2.41257,3.12966,2.45515,10,45997,35.2793,2.75997
1776813057246760334,1.98744,-0.349609,-0.0917487,2.41036,2.84725,2.10628,10,46017,35.2946,2.60825
1776813057251797485,1.98744,-0.484375,-0.0764098,2.12387,2.84725,2.10628,10,46034,35.3076,2.76108
1776813057256751102,1.98536,-0.484375,-0.0654502,2.2767,2.24131,2.01936,10,46055,35.3237,3.06778
1776813057261733495,1.98536,-0.669922,-0.0493445,2.39786,1.82156,1.9136,10,46079,35.3422,3.06732
1776813057266741388,1.97653,-0.669922,-0.0397734,2.39739,1.82156,1.9136,10,46094,35.3537,3.06901
1776813057271712189,1.97653,-0.638672,-0.0282683,2.43034,1.82156,1.9136,10,46113,35.3682,2.91443
1776813057276731618,1.96984,-0.638672,-0.00811146,2.27634,1.8383,1.88845,10,46138,35.3874,2.91501
1776813057281752732,1.96984,-0.660156,-0.00121067,2.25486,1.93858,1.84358,10,46157,35.402,2.91326
1776813057286749162,1.96159,-0.660156,0.00511407,2.25311,1.93858,1.84358,10,46173,35.4142,3.06977
1776813057291734611,1.96159,-0.714844,0.017386,2.35493,1.93858,1.84358,10,46194,35.4304,3.22113
1776813057296733263,1.95694,-0.714844,0.0288491,2.50629,1.75648,1.74927,10,46212,35.4442,3.37313
1776813057301738951,1.95694,-0.833984,0.0426545,2.53915,1.75648,1.74927,10,46237,35.4633,3.37592
1776813057306766676,1.94904,-0.833984,0.0539231,2.54193,1.78613,1.64249,10,46260,35.481,3.22113
1776813057311742126,1.94904,-0.867188,0.0715661,2.35394,1.78613,1.64249,10,46280,35.4963,3.37111
1776813057316745166,1.94067,-0.867188,0.0785355,2.50392,1.67624,1.58229,10,46299,35.5109,3.37795
1776813057321736060,1.94067,-0.855469,0.0931077,2.52248,1.67624,1.58229,10,46326,35.5316,3.52713
1776813057326741267,1.93191,-0.855469,0.105063,2.67166,1.73239,1.54564,10,46351,35.5508,3.679
1776813057331736289,1.93191,-0.708984,0.124239,2.97002,1.73239,1.54564,10,46371,35.5661,3.225
1776813057336737812,1.92436,-0.708984,0.145831,2.6655,1.65697,1.62913,10,46399,35.5876,3.37448
1776813057341748778,1.92436,-0.589844,0.153498,2.78464,1.40396,1.65953,10,46420,35.6037,3.22189
1776813057346732857,1.91574,-0.589844,0.160983,2.63205,1.40396,1.65953,10,46438,35.6175,3.52713
1776813057351733379,1.91574,-0.623047,0.174788,2.90408,1.40396,1.65953,10,46460,35.6344,3.52924
1776813057356725976,1.91157,-0.623047,0.187495,2.9062,1.85376,1.57685,10,46479,35.6489,3.52789
1776813057361728868,1.91157,-0.662109,0.202067,2.86578,1.85376,1.57685,10,46500,35.6651,3.37448
1776813057366732131,1.90958,-0.662109,0.216185,2.71237,1.6474,1.54463,10,46523,35.6827,3.37524
1776813057371707247,1.90958,-0.720703,0.233824,2.65454,1.6474,1.54463,10,46548,35.7019,3.22177
1776813057376728583,1.8977,-0.720703,0.241122,2.50107,1.67995,1.45167,10,46567,35.7164,3.37313
1776813057381729643,1.8977,-0.681641,0.255694,2.69149,1.67995,1.45167,10,46588,35.7325,3.53001
1776813057386735313,1.89564,-0.681641,0.269743,2.84837,1.42279,1.46359,10,46611,35.7502,3.37313
1776813057391725354,1.89564,-0.583984,0.287386,2.78915,1.42279,1.46359,10,46631,35.7655,3.06901
1776813057396731876,1.88478,-0.583984,0.291861,2.48502,1.39658,1.46449,10,46637,35.7701,1.99432
1776813057401728010,1.88478,-0.507812,0.296462,1.48651,1.39658,1.46449,10,46633,35.7671,0.30664
1776813057406734106,1.88321,-0.507812,0.286456,-2.03979,2.01011,1.50791,10,46624,35.7602,-1.53198
1776813057411727314,1.88321,-0.507812,0.286456,-2.03979,2.01011,1.50791,10,46624,35.7602,-1.53198
1776813057416728910,1.90908,3.9043,0.308486,3.59753,2.64662,4.01487,10,46621,35.7579,-0.306763
1776813057421706637,1.90908,2.42383,0.308486,2.11707,1.97511,3.30109,10,46625,35.7609,-0.15329
1776813057426725770,1.94087,2.42383,-0.284974,2.27054,1.97511,3.30109,10,46629,35.764,0.767671
1776813057431721681,1.94087,1.43945,-0.281903,2.20712,1.97511,3.30109,10,46637,35.7701,0.920289
1776813057436734351,1.95475,1.43945,-0.261884,2.35974,2.40539,2.96647,10,46646,35.777,1.53427
1776813057441724837,1.95475,1.32031,-0.254979,2.85458,2.40539,2.96647,10,46655,35.7839,1.38016
1776813057446774746,1.95874,1.32031,-0.244092,2.70047,2.27777,2.91812,10,46667,35.7931,1.68762
1776813057451745159,1.95874,0.863281,-0.234887,2.5509,2.27777,2.91812,10,46680,35.8031,1.84024
1776813057456750681,1.9796,0.863281,-0.204061,2.70352,2.48632,2.75951,10,46691,35.8116,1.84058
1776813057461734778,1.9796,0.962891,-0.195623,2.80347,2.48632,2.75951,10,46704,35.8215,1.99472
1776813057466728689,1.98225,0.962891,-0.172258,2.95721,2.9282,2.81629,10,46725,35.8376,1.99432
1776813057471707379,1.98225,0.962891,-0.172258,2.95721,2.9282,2.81629,10,46725,35.8376,1.99432
1776813057476727456,1.99753,0.291016,-0.133203,2.74441,3.42963,2.44624,10,46756,35.8614,2.45339
1776813057481741349,1.99753,-0.0664062,-0.127832,2.38699,3.10714,2.31654,10,46771,35.8729,2.30103
1776813057486723279,1.99905,-0.0664062,-0.114808,2.23462,3.10714,2.31654,10,46784,35.8829,2.45487
1776813057491725561,1.99905,-0.212891,-0.104841,2.24198,3.10714,2.31654,10,46801,35.8959,2.60825
1776813057496724990,1.99808,-0.212891,-0.0927746,2.39536,2.66114,2.23568,10,46817,35.9082,2.76053
1776813057501731346,1.99808,-0.287109,-0.0805027,2.47342,2.66114,2.23568,10,46836,35.9228,3.06778
1776813057506732701,1.99735,-0.287109,-0.0666516,2.78067,1.97912,2.18987,10,46858,35.9396,3.06717
1776813057511731502,1.99735,-0.447266,-0.0497792,2.6199,1.97912,2.18987,10,46881,35.9573,3.06916
1776813057516734153,1.99114,-0.447266,-0.0383503,2.62189,1.73847,2.06855,10,46898,35.9703,3.06839
1776813057521708640,1.99114,-0.449219,-0.0253117,2.61917,1.73847,2.06855,10,46921,35.988,3.06717
1776813057526724402,1.98996,-0.449219,-0.00884746,2.61795,1.87919,2.06172,10,46944,36.0056,3.22113
1776813057531744961,1.98996,-0.511719,0.00879169,2.70941,1.87919,2.06172,10,46963,36.0202,3.37524
1776813057536735984,1.98209,-0.511719,0.0300624,2.70941,2.05758,2.02609,10,46992,36.0424,3.22113
1776813057541726154,1.98209,-0.644531,0.03773,2.5766,2.3663,1.91216,10,47012,36.0578,3.22177
1776813057546722603,1.97611,-0.644531,0.0470913,2.57724,2.3663,1.91216,10,47029,36.0708,3.37457
1776813057551737828,1.97611,-0.8125,0.0601299,2.56207,1.89417,1.78734,10,47054,36.09,3.22177
1776813057556726981,1.96848,-0.8125,0.071677,2.40927,1.89417,1.78734,10,47071,36.103,3.22049
1776813057561833813,1.96848,-0.855469,0.0847156,2.36502,1.89417,1.78734,10,47092,36.1191,3.22189
1776813057566747765,1.95981,-0.855469,0.0921543,2.36642,1.94851,1.68319,10,47110,36.1329,3.37516
1776813057571775564,1.95981,-0.791016,0.105963,2.58414,1.94851,1.68319,10,47133,36.1506,3.22049
1776813057576763902,1.95185,-0.791016,0.115641,2.42947,1.84456,1.68083,10,47151,36.1644,3.06839
1776813057581732537,1.95185,-0.753906,0.129447,2.31449,1.84456,1.68083,10,47173,36.1812,3.06793
1776813057586797741,1.94979,-0.753906,0.144255,2.31402,1.76104,1.69182,10,47191,36.195,3.06839
1776813057591762654,1.94979,-0.720703,0.158065,2.34769,1.76104,1.69182,10,47216,36.2142,3.37313
1776813057596741603,1.9373,-0.720703,0.164752,2.65243,1.56203,1.64913,10,47236,36.2296,3.37659
1776813057601733385,1.9373,-0.759766,0.180091,2.61683,1.56203,1.64913,10,47261,36.2487,3.52642
1776813057606740648,1.92991,-0.759766,0.207213,2.61539,1.5375,1.62687,10,47291,36.2717,3.37516
1776813057611738393,1.92991,-0.759766,0.207213,2.61539,1.5375,1.62687,10,47291,36.2717,3.37516
1776813057616749970,1.91989,-0.810547,0.232478,2.7187,1.62337,1.56128,10,47339,36.3086,3.52924
1776813057621749567,1.91989,-0.789062,0.241683,2.74018,1.8362,1.52374,10,47363,36.327,3.83606
1776813057626751181,1.91419,-0.789062,0.254386,3.047,1.8362,1.52374,10,47382,36.3415,3.83377
1776813057631730927,1.91419,-0.681641,0.268958,3.15213,1.50716,1.55652,10,47411,36.3638,3.68195
1776813057636758096,1.90495,-0.681641,0.281958,3.00031,1.50716,1.55652,10,47429,36.3776,3.68192
1776813057641724824,1.90495,-0.681641,0.295764,3.00028,1.50716,1.55652,10,47445,36.3899,3.37457
1776813057646726031,1.90159,-0.681641,0.304686,2.69293,1.43172,1.49348,10,47449,36.3929,1.84097
1776813057651724128,1.90159,-0.564453,0.307757,1.27652,1.43172,1.49348,10,47441,36.3868,-0.614289
1776813057656738427,1.89853,-0.564453,0.298552,-1.17874,2.24326,1.54488,10,47436,36.383,-1.07303
1776813057661829853,1.89853,3.66602,0.294719,2.59299,2.56746,3.95625,10,47435,36.3822,-0.460145
1776813057666768619,1.91571,3.66602,0.311137,3.20587,2.56746,3.95625,10,47435,36.3822,0
1776813057671758790,1.91571,1.95312,0.311137,1.95312,2.56746,3.95625,10,47444,36.3891,0.459869
1776813057676798718,1.95171,1.95312,-0.267384,3.48725,2.25288,3.06595,10,47458,36.3998,1.53412
1776813057681783648,1.95171,1.06836,-0.263551,2.60248,2.25288,3.06595,10,47467,36.4067,1.68695
1776813057686755653,1.96321,1.06836,-0.245141,2.75531,2.35164,2.79644,10,47478,36.4152,1.99512
1776813057691727714,1.96599,1.12305,-0.224725,3.11697,2.27068,2.84119,10,47499,36.4313,1.99393
1776813057696732495,1.96599,0.634766,-0.21782,2.62869,2.27068,2.84119,10,47509,36.4389,2.45192
1776813057701731795,1.97654,0.634766,-0.199597,3.08669,2.27068,2.84119,10,47520,36.4474,2.15025
1776813057706726707,1.97654,0.730469,-0.191159,2.88072,1.98789,2.66895,10,47538,36.4612,2.14648
1776813057711736747,1.98278,0.730469,-0.171117,2.87695,1.98789,2.66895,10,47547,36.4681,1.99472
1776813057716731548,1.98278,0.449219,-0.164212,2.44394,2.55568,2.53898,10,47566,36.4827,2.14682
1776813057721719071,1.98951,0.449219,-0.142915,2.59603,2.55568,2.53898,10,47578,36.4919,2.45438
1776813057726734944,1.98951,0.181641,-0.133714,2.63602,3.03064,2.41909,10,47599,36.508,2.45487
1776813057731744003,1.99249,0.181641,-0.114617,2.63651,3.03064,2.41909,10,47611,36.5172,2.60721
1776813057736727526,1.99249,-0.224609,-0.105412,2.3826,2.99806,2.202,10,47633,36.5341,2.60825
1776813057741729048,1.99249,-0.224609,-0.0885401,2.38364,2.99806,2.202,10,47647,36.5448,2.76053
1776813057746721904,1.99245,-0.224609,-0.0778475,2.53592,2.29886,2.20178,10,47666,36.5594,2.76218
1776813057751736296,1.99245,-0.4375,-0.0632753,2.32468,2.29886,2.20178,10,47688,36.5762,2.91519
1776813057756738245,1.98888,-0.4375,-0.0499735,2.47769,1.89723,2.06314,10,47703,36.5877,2.76108
1776813057761819671,1.98888,-0.626953,-0.0384683,2.13412,1.89723,2.06314,10,47726,36.6054,3.06717
1776813057766759825,1.98073,-0.626953,-0.0289697,2.44021,1.72596,1.9156,10,47743,36.6184,2.91501
1776813057771721627,1.98073,-0.541016,-0.0159311,2.374,1.72596,1.9156,10,47765,36.6353,3.06717
1776813057776754056,1.97232,-0.541016,-0.00747011,2.52615,1.88892,1.92362,10,47783,36.6491,3.06793
1776813057781748263,1.97232,-0.603516,0.00633528,2.46441,1.88892,1.92362,10,47806,36.6667,3.06839
1776813057786744230,1.96934,-0.603516,0.020999,2.46488,2.10689,1.87343,10,47825,36.6813,3.22049
1776813057791729772,1.96934,-0.804688,0.0355711,2.4158,2.10689,1.87343,10,47851,36.7013,3.5293
1776813057796726683,1.9592,-0.804688,0.0453711,2.72461,2.11778,1.70914,10,47871,36.7166,3.52854
1776813057801723409,1.9592,-0.855469,0.0607138,2.67307,2.11778,1.70914,10,47899,36.7381,3.68047
1776813057806735783,1.95502,-0.855469,0.0780096,2.825,1.85245,1.65969,10,47919,36.7534,3.52783
1776813057811730824,1.95502,-0.810547,0.0933523,2.71729,1.85245,1.65969,10,47944,36.7726,3.52854
1776813057816795899,1.94251,-0.810547,0.114581,2.71664,1.82473,1.6853,10,47973,36.7948,3.52718
1776813057821720462,1.94251,-0.699219,0.122252,2.82797,1.90245,1.68711,10,47995,36.8117,3.37583
1776813057826742372,1.93458,-0.699219,0.131198,2.67661,1.90245,1.68711,10,48012,36.8247,3.52789
1776813057831727284,1.93458,-0.652344,0.144237,2.87555,1.90245,1.68711,10,48033,36.8409,3.37516
1776813057836737991,1.92822,-0.652344,0.153991,2.72281,1.47074,1.64311,10,48051,36.8547,3.22177
1776813057841731329,1.92822,-0.638672,0.167796,2.5831,1.47074,1.64311,10,48071,36.87,3.22125
1776813057846736369,1.92499,-0.638672,0.1799,2.58258,1.38098,1.63484,10,48095,36.8884,3.37448
1776813057851726929,1.92499,-0.705078,0.19831,2.6694,1.38098,1.63484,10,48121,36.9083,3.5229
1776813057856741617,1.91817,-0.705078,0.211432,2.81782,1.60387,1.56305,10,48141,36.9237,3.53354
1776813057861727918,1.91817,-0.755859,0.226771,2.77768,1.60387,1.56305,10,48167,36.9436,3.68045
1776813057866725718,1.91093,-0.755859,0.239471,2.92459,1.70124,1.49794,10,48187,36.959,3.37659
1776813057871710464,1.91093,-0.75,0.254809,2.62659,1.70124,1.49794,10,48212,36.9781,3.37381
1776813057876729689,1.90333,-0.75,0.266383,2.62381,1.67537,1.46321,10,48231,36.9927,3.52854
1776813057881735267,1.90333,-0.671875,0.280955,2.85666,1.67537,1.46321,10,48250,37.0073,3.22189
1776813057886733215,1.8964,-0.671875,0.2909,0.861327,1.34525,1.50775,10,48251,37.0081,1.5332
1776813057891728515,1.8964,-0.0800781,0.289367,1.45312,2.30658,1.81028,10,48244,37.0027,-0.306702
1776813057896732723,1.89141,-0.0800781,0.27901,-0.38678,2.30658,1.81028,10,48241,37.0004,-1.07367
1776813057901729152,1.89141,3.94531,0.27671,2.87164,2.30658,1.81028,10,48241,37.0004,-0.460052
1776813057906739063,1.90882,3.94531,0.29412,3.48526,2.61653,4.16705,10,48241,37.0004,0
1776813057911725271,1.90882,2.66797,0.29412,2.66797,2.61653,4.16705,10,48250,37.0073,0.613281
1776813057916747645,1.94269,2.66797,-0.293431,3.28125,2.10073,3.60729,10,48259,37.0142,1.38071
1776813057921722890,1.94269,1.03516,-0.286526,2.41587,2.10073,3.60729,10,48273,37.0249,1.68762
1776813057926730320,1.96138,1.03516,-0.257096,2.72278,2.24675,2.76853,10,48284,37.0334,1.99353
1776813057931731361,1.96138,1.11719,-0.248662,3.11071,2.24675,2.76853,10,48299,37.0449,1.84171
1776813057936766955,1.97311,1.11719,-0.225423,2.9589,2.22363,2.87266,10,48310,37.0533,2.14648
1776813057941745256,1.97311,0.607422,-0.216984,2.7539,2.22363,2.87266,10,48326,37.0656,2.14767
1776813057946733113,1.98043,0.607422,-0.1974,2.7551,2.13265,2.61771,10,48339,37.0756,2.30149
1776813057951774096,1.98043,0.771484,-0.187428,3.07297,2.13265,2.61771,10,48357,37.0894,2.30057
1776813057956749953,1.98757,0.771484,-0.155747,3.22586,2.5193,2.71123,10,48379,37.1062,2.45438
1776813057961754975,1.98757,0.261719,-0.149613,2.71609,2.90369,2.45533,10,48396,37.1193,2.60825
1776813057966756757,1.99363,0.261719,-0.130505,2.86997,2.90369,2.45533,10,48410,37.13,2.76053
1776813057971722966,1.99363,-0.216797,-0.119767,2.54373,2.90369,2.45533,10,48428,37.1438,2.76163
1776813057976727914,1.99405,-0.216797,-0.105546,2.54483,3.38589,2.21398,10,48443,37.1553,2.76184
1776813057981724547,1.99405,-0.402344,-0.0940406,2.3595,3.38589,2.21398,10,48465,37.1722,2.91385
1776813057986720662,1.99236,-0.402344,-0.0788543,2.5115,2.43389,2.10006,10,48483,37.186,3.06778
1776813057991725851,1.99236,-0.591797,-0.0650451,2.47598,2.43389,2.10006,10,48507,37.2044,3.22177
1776813057996728003,1.98757,-0.591797,-0.0514343,2.62998,2.03898,1.96883,10,48524,37.2174,3.22189
1776813058001733896,1.98757,-0.634766,-0.0383956,2.58713,2.03898,1.96883,10,48547,37.2351,3.06717
1776813058006725808,1.97776,-0.634766,-0.0305641,2.4324,1.5043,1.89667,10,48564,37.2481,2.91501
1776813058011725312,1.97776,-0.603516,-0.0175254,2.3115,1.5043,1.89667,10,48585,37.2642,2.91385
1776813058016750389,1.97418,-0.603516,-0.00499795,2.31033,1.70529,1.89705,10,48603,37.278,3.06839
1776813058021715821,1.97418,-0.658203,0.00880746,2.41019,1.70529,1.89705,10,48628,37.2972,3.22061
1776813058026727751,1.97418,-0.658203,0.0279839,2.5624,2.06994,1.86588,10,48646,37.311,3.37583
1776813058031749217,1.96548,-0.658203,0.0330918,2.71763,2.06994,1.86588,10,48666,37.3264,3.22113
1776813058036733463,1.96548,-0.767578,0.0484307,2.45355,2.2027,1.76106,10,48693,37.3471,3.37187
1776813058041728523,1.95775,-0.767578,0.061416,2.60429,2.2027,1.76106,10,48709,37.3593,3.22435
1776813058046726731,1.95775,-0.871094,0.0736878,2.35326,2.12032,1.66419,10,48738,37.3816,3.37381
1776813058051728253,1.95051,-0.871094,0.0886834,2.50271,2.12032,1.66419,10,48754,37.3938,3.52859
1776813058056730147,1.95051,-0.898438,0.100955,2.63016,1.64226,1.61301,10,48783,37.4161,3.5236
1776813058061762038,1.94168,-0.898438,0.114368,2.62517,1.64226,1.61301,10,48799,37.4284,3.37998
1776813058066776023,1.94168,-0.798828,0.12664,2.58115,1.64038,1.62625,10,48827,37.4498,3.37448
1776813058071731622,1.93318,-0.798828,0.139617,2.57565,1.64038,1.62625,10,48844,37.4629,3.37448
1776813058076735071,1.93318,-0.769531,0.152656,2.60495,1.71154,1.6009,10,48874,37.4859,3.679
1776813058081733779,1.9254,-0.769531,0.167888,2.90947,1.71154,1.6009,10,48892,37.4997,3.68339
1776813058086735746,1.9254,-0.798828,0.181693,2.88456,1.54612,1.5456,10,48923,37.5235,3.68268
1776813058091822876,1.91763,-0.798828,0.1977,2.88385,1.54612,1.5456,10,48941,37.5365,3.83377
1776813058096771438,1.91763,-0.824219,0.211505,3.00955,1.43236,1.49244,10,48970,37.5595,3.52859
1776813058101733814,1.90953,-0.824219,0.239452,2.85696,1.47738,1.45198,10,49001,37.5833,3.68118
1776813058106738522,1.90953,-0.792969,0.249423,2.88821,1.47738,1.45198,10,49019,37.5971,3.8353
1776813058111746026,1.90143,-0.792969,0.255126,3.04233,1.47738,1.45198,10,49042,37.6147,3.68118
1776813058116748530,1.90143,-0.714844,0.272765,2.96634,1.6806,1.47372,10,49066,37.6332,3.68268
1776813058121720980,1.89023,-0.714844,0.279979,2.96784,1.6806,1.47372,10,49079,37.6431,3.22113
1776813058126829017,1.89023,-0.660156,0.289947,2.56097,1.55135,1.44858,10,49087,37.6493,1.99393
1776813058131764283,1.88674,-0.660156,0.29259,1.33377,1.55135,1.44858,10,49080,37.6439,-0.306702
1776813058136761973,1.88674,1.16602,0.287223,0.859314,2.42124,2.47187,10,49073,37.6385,-1.38092
1776813058141735423,1.88612,1.16602,0.281234,-0.214905,2.42124,2.47187,10,49073,37.6385,-0.30664
1776813058146726483,1.88612,3.92969,0.281234,3.62305,2.6772,4.04404,10,49074,37.6393,0
1776813058151747394,1.91614,3.92969,0.312026,3.92969,2.6772,4.04404,10,49080,37.6439,0.460145
1776813058156756175,1.91614,0.96875,-0.311688,1.42889,2.36489,2.50701,10,49093,37.6539,1.53396
1776813058161733218,1.95428,0.96875,-0.263588,2.50271,2.36489,2.50701,10,49102,37.6608,1.68796
1776813058166743536,1.95428,1.04688,-0.245179,3.19336,2.33374,2.74036,10,49122,37.6761,2.14648
1776813058171717782,1.95937,1.04688,-0.236248,3.19336,2.33374,2.74036,10,49132,37.6838,1.84171
1776813058176735304,1.95937,0.396484,-0.228577,2.23819,1.75643,2.39465,10,49147,37.6953,2.30057
1776813058181731457,1.97209,0.396484,-0.204354,2.69705,1.75643,2.39465,10,49156,37.7022,1.99432
1776813058186729387,1.97209,0.556641,-0.197453,2.55096,2.28138,2.54816,10,49169,37.7122,1.68762
1776813058191760798,1.97449,0.556641,-0.18509,2.24426,2.28138,2.54816,10,49179,37.7198,1.84021
1776813058196733655,1.97449,0.507812,-0.177418,2.34802,2.48129,2.532,10,49196,37.7329,1.99432
1776813058201748029,1.98633,0.507812,-0.152535,2.50214,2.48129,2.532,10,49206,37.7405,2.14767
1776813058206723293,1.98633,0.408203,-0.144867,2.55588,2.99488,2.53282,10,49226,37.7559,2.30149
1776813058211727242,1.98854,0.408203,-0.127316,2.70969,2.99488,2.53282,10,49237,37.7643,2.30057
1776813058216724246,1.98854,-0.0878906,-0.118882,2.21267,2.81051,2.26077,10,49260,37.7819,2.60773
1776813058221714510,1.99143,-0.0878906,-0.0983471,2.51984,2.81051,2.26077,10,49273,37.7919,2.91443
1776813058226727329,1.99143,-0.332031,-0.0883793,2.5824,2.5784,2.13561,10,49298,37.8111,2.91443
1776813058231733425,1.9903,-0.332031,-0.0703282,2.5824,2.5784,2.13561,10,49312,37.8218,2.91501
1776813058236724597,1.9903,-0.466797,-0.0595898,2.44821,2.0813,2.05334,10,49336,37.8402,2.91461
1776813058241723342,1.98399,-0.466797,-0.036755,2.44763,1.93195,2.02273,10,49361,37.8594,2.91443
1776813058246720198,1.98399,-0.412109,-0.0283169,2.50232,1.93195,2.02273,10,49379,37.8732,3.06778
1776813058251744516,1.9795,-0.412109,-0.0190052,2.65567,1.93195,2.02273,10,49395,37.8855,3.06778
1776813058256729540,1.9795,-0.412109,-0.00673334,2.65567,1.82176,2.03206,10,49417,37.9024,3.22254
1776813058261765005,1.97565,-0.412109,0.0062862,2.81043,1.82176,2.03206,10,49433,37.9146,3.22113
1776813058266754917,1.97337,-0.482422,0.0339199,2.89206,1.94026,1.97323,10,49466,37.9399,3.37448
1776813058271726719,1.97337,-0.654297,0.0415874,2.72018,2.21773,1.86415,10,49486,37.9553,3.22125
1776813058276839274,1.96746,-0.654297,0.0510212,2.56695,2.21773,1.86415,10,49503,37.9683,3.37448
1776813058281758615,1.96746,-0.744141,0.0640598,2.63034,2.21773,1.86415,10,49525,37.9852,3.37448
1776813058286744842,1.96438,-0.744141,0.0778537,2.63034,1.92313,1.76901,10,49549,38.0036,3.37592
1776813058291737551,1.96438,-0.832031,0.0962635,2.54389,1.92313,1.76901,10,49568,38.0182,3.37381
1776813058296745443,1.95225,-0.832031,0.0987125,2.54178,1.66167,1.65944,10,49591,38.0358,3.22177
1776813058301737226,1.95225,-0.794922,0.116352,2.42685,1.66167,1.65944,10,49610,38.0504,3.22189
1776813058306739674,1.95225,-0.794922,0.130924,2.42697,1.64079,1.68059,10,49633,38.068,3.22049
1776813058311734549,1.94842,-0.794922,0.144733,2.42556,1.64079,1.68059,10,49653,38.0834,3.22177
1776813058316738924,1.94842,-0.794922,0.144733,2.42556,1.64079,1.68059,10,49653,38.0834,3.22177
1776813058321820573,1.94842,-0.673828,0.160072,2.54795,1.60813,1.73075,10,49695,38.1156,3.52783
1776813058326757950,1.93757,-0.761719,0.19754,2.61141,1.53744,1.67717,10,49726,38.1394,3.37313
1776813058331736437,1.92664,-0.761719,0.194278,2.61141,1.53744,1.67717,10,49742,38.1516,3.37659
1776813058336731237,1.92664,-0.765625,0.20655,2.61097,1.46408,1.57065,10,49771,38.1739,3.52783
1776813058341728853,1.92295,-0.765625,0.225109,2.76221,1.46408,1.57065,10,49785,38.1846,3.68121
1776813058346730931,1.92295,-0.773438,0.235847,2.90777,1.67651,1.54788,10,49820,38.2115,3.68118
1776813058351749583,1.91545,-0.773438,0.255184,2.90775,1.67651,1.54788,10,49838,38.2253,3.68195
1776813058356756976,1.91545,-0.728516,0.268989,2.95343,1.64942,1.53608,10,49867,38.2475,3.68118
1776813058361731203,1.90781,-0.728516,0.283596,2.95267,1.64942,1.53608,10,49880,38.2575,3.68121
1776813058366735263,1.90781,-0.720703,0.293567,2.96051,2.22384,1.50236,10,49900,38.2728,3.06839
1776813058371712657,1.90059,-0.720703,0.301685,2.34769,2.22384,1.50236,10,49897,38.2705,1.22705
1776813058376738623,1.90059,0.0488281,0.299385,1.27588,2.70115,1.9048,10,49888,38.2636,-1.07324
1776813058381751164,1.90059,0.0488281,0.292484,-1.02441,2.70115,1.9048,10,49886,38.2621,-0.920684
1776813058386728706,1.89586,0.0488281,0.286216,-0.871856,2.98758,1.88103,10,49885,38.2613,-0.306824
1776813058391765172,1.89586,3.70312,0.28545,3.3963,2.98758,1.88103,10,49887,38.2628,0
1776813058396736196,1.93329,3.70312,-0.303906,3.70312,1.47968,4.15084,10,49899,38.2721,0.9205
1776813058401732182,1.93329,1.15625,-0.294701,2.07675,1.47968,4.15084,10,49907,38.2782,1.53351
1776813058406721724,1.96883,1.15625,-0.253021,2.68976,1.99231,2.87401,10,49920,38.2882,1.6883
1776813058411723080,1.96883,1.27148,-0.24305,2.95978,1.99231,2.87401,10,49933,38.2981,1.99432
1776813058416725528,1.98047,1.27148,-0.22144,3.26581,2.31437,2.99645,10,49950,38.3112,2.14767
1776813058421730958,1.98047,0.806641,-0.208401,2.95432,2.31437,2.99645,10,49959,38.3181,1.99353
1776813058426728555,1.98619,0.806641,-0.195778,2.80017,2.36456,2.75926,10,49971,38.3273,1.99276
1776813058431734818,1.98619,0.955078,-0.186573,2.94784,2.36456,2.75926,10,49984,38.3372,1.6883
1776813058436732786,1.99804,0.955078,-0.164753,2.64338,3.16414,2.90125,10,50002,38.3511,2.14853
1776813058441753808,1.99804,0.748047,-0.150948,2.89658,3.16414,2.90125,10,50014,38.3603,2.14682
1776813058446771700,2.00281,0.748047,-0.136974,2.89486,3.33923,2.80625,10,50035,38.3764,2.60877
1776813058451751705,2.00281,0.138672,-0.120865,2.74744,3.33923,2.80625,10,50049,38.3863,2.60773
1776813058456731025,2.00281,0.138672,-0.110127,2.7464,3.27046,2.45891,10,50071,38.404,2.76108
1776813058461730789,2.01619,0.138672,-0.0798761,2.89975,3.27046,2.45891,10,50082,38.4124,2.91443
1776813058466729645,2.01619,-0.513672,-0.071438,2.40076,2.21852,2.15139,10,50108,38.4324,2.76053
1776813058471745278,2.01324,-0.513672,-0.0544435,2.24685,2.21852,2.15139,10,50124,38.4446,2.91443
1776813058476745171,2.01324,-0.642578,-0.0421716,2.27185,1.84977,2.06379,10,50150,38.4646,3.06916
1776813058481732787,2.01018,-0.642578,-0.0252916,2.42658,1.84977,2.06379,10,50161,38.473,3.22049
1776813058486726810,2.01018,-0.759766,-0.0168573,2.46072,1.56051,1.98227,10,50192,38.4968,3.37448
1776813058491725648,1.99949,-0.759766,-0.00376908,2.61472,1.56051,1.98227,10,50207,38.5083,3.06916
1776813058496743318,1.99949,-0.675781,0.00773605,2.39338,1.79283,1.97866,10,50232,38.5275,3.22049
1776813058501762192,1.99558,-0.675781,0.0230063,2.5447,1.79283,1.97866,10,50243,38.5359,3.06839
1776813058506739160,1.99558,-0.683594,0.0314444,2.3848,1.9879,1.95533,10,50275,38.5604,3.21727
1776813058511725869,1.986,-0.683594,0.0464056,2.53368,1.9879,1.95533,10,50288,38.5704,3.3793
1776813058516801407,1.986,-0.705078,0.0563734,2.67422,2.20339,1.89667,10,50321,38.5957,3.52713
1776813058521742284,1.98212,-0.705078,0.0777968,2.82205,2.20339,1.89667,10,50334,38.6057,3.68195
1776813058526740010,1.98212,-0.904297,0.0877684,2.77765,2.29669,1.76425,10,50367,38.631,3.52783
1776813058531827844,1.98212,-0.904297,0.113079,2.62354,2.29669,1.76425,10,50385,38.6448,3.52789
1776813058536761370,1.97071,-0.904297,0.115482,2.62359,1.70018,1.70869,10,50416,38.6686,3.68266
1776813058541738023,1.97071,-0.990234,0.139259,2.69242,1.70018,1.70869,10,50435,38.6832,3.83453
1776813058546739435,1.95563,-0.990234,0.138748,2.8443,1.5372,1.58585,10,50465,38.7062,3.83453
1776813058551767012,1.95563,-0.867188,0.161758,2.96735,1.5372,1.58585,10,50482,38.7192,3.52859
1776813058556771924,1.94637,-0.867188,0.165535,2.66141,1.61438,1.61041,10,50512,38.7422,3.52783
1776813058561745225,1.94637,-0.816406,0.188545,2.71143,1.61438,1.61041,10,50530,38.756,3.68192
1776813058566735415,1.938,-0.816406,0.193985,2.86551,1.69948,1.59805,10,50561,38.7798,3.68195
1776813058571717346,1.938,-0.890625,0.217762,2.79132,1.69948,1.59805,10,50579,38.7936,3.83377
1776813058576805661,1.92935,-0.890625,0.222912,2.94314,1.60132,1.51287,10,50609,38.8166,3.83606
1776813058581749631,1.92935,-0.941406,0.245922,2.89466,1.60132,1.51287,10,50627,38.8304,3.52783
1776813058586735395,1.92023,-0.941406,0.250614,2.58643,1.42601,1.43861,10,50657,38.8534,3.52718
1776813058591746825,1.92023,-0.894531,0.273624,2.63265,1.42601,1.43861,10,50676,38.868,3.83607
1776813058596732034,1.91091,-0.894531,0.278873,2.94154,1.39565,1.41881,10,50701,38.8872,3.8353
1776813058601746889,1.91091,-0.869141,0.29805,2.96616,1.39565,1.41881,10,50717,38.8995,3.52783
1776813058606739171,1.91091,-0.869141,0.310322,2.65869,2.28222,1.43328,10,50721,38.9025,1.68728
1776813058611747027,1.90285,-0.869141,0.305328,0.818144,2.28222,1.43328,10,50719,38.901,0.153351
1776813058616737884,1.90285,2.97266,0.303795,3.12601,2.68943,3.58273,10,50713,38.8964,-0.920289
1776813058621713796,1.90828,2.97266,0.304619,2.05237,2.68943,3.58273,10,50712,38.8956,-0.45996
1776813058626729170,1.90828,2.84961,0.303852,2.38965,2.9687,3.53978,10,50716,38.8987,0
1776813058631730582,1.94223,2.84961,-0.287445,2.84961,2.9687,3.53978,10,50722,38.9033,1.07196
1776813058636726642,1.94223,2.28906,-0.282844,3.36102,2.38362,3.38905,10,50740,38.9171,1.53642
1776813058641736535,1.95721,2.28906,-0.254055,3.82548,2.38362,3.38905,10,50750,38.9248,1.99316
1776813058646732410,1.95721,0.871094,-0.246384,2.86426,2.18236,2.65458,10,50771,38.9409,2.30149
1776813058651744154,1.97079,0.871094,-0.216701,3.17258,2.18236,2.65458,10,50783,38.9501,2.60668
1776813058656724381,1.97079,0.265625,-0.207497,2.87231,2.21964,2.37592,10,50804,38.9662,2.45536
1776813058661732034,1.98073,0.265625,-0.18145,2.72098,2.21964,2.37592,10,50813,38.9731,2.60721
1776813058666719390,1.98073,0.392578,-0.174545,2.99978,2.4469,2.49673,10,50837,38.9915,2.45438
1776813058671733746,1.98338,0.392578,-0.153492,2.84695,2.4469,2.49673,10,50845,38.9976,2.45487
1776813058676733843,1.98338,0.294922,-0.147354,2.74979,2.93626,2.45394,10,50870,39.0168,2.60797
1776813058681726699,1.98338,0.294922,-0.128181,2.90289,2.93626,2.45394,10,50881,39.0252,2.76108
1776813058686735721,1.98528,0.294922,-0.117844,3.056,2.63435,2.46316,10,50905,39.0436,2.91443
1776813058691733170,1.98528,-0.402344,-0.0994338,2.51208,2.63435,2.46316,10,50923,39.0575,2.76163
1776813058696746359,1.98438,-0.402344,-0.0865325,2.35929,2.37648,2.06134,10,50949,39.0774,3.06778
1776813058701729920,1.98438,-0.478516,-0.0665931,2.58926,2.37648,2.06134,10,50965,39.0897,3.37457
1776813058706732702,1.98178,-0.478516,-0.0569152,2.89605,1.89852,2.0053,10,50991,39.1096,3.22113
1776813058711726743,1.98178,-0.632812,-0.036972,2.58832,1.89852,2.0053,10,51006,39.1211,3.06778
1776813058716728858,1.97414,-0.632812,-0.0331115,2.43497,1.88168,1.88015,10,51032,39.1411,3.22177
1776813058721706901,1.97414,-0.65625,-0.0131721,2.56552,1.88168,1.88015,10,51048,39.1533,3.22189
1776813058726720441,1.96773,-0.65625,-0.00730888,2.56564,1.94957,1.8355,10,51075,39.174,3.37448
1776813058731721816,1.96773,-0.712891,0.0134011,2.66159,1.94957,1.8355,10,51092,39.1871,3.22113
1776813058736721802,1.96089,-0.712891,0.0196,2.50824,1.74213,1.76974,10,51118,39.207,3.37457
1776813058741721899,1.96089,-0.808594,0.0395432,2.56598,1.74213,1.76974,10,51134,39.2193,3.22177
1776813058746730847,1.95342,-0.808594,0.0443498,2.41318,1.6316,1.67855,10,51161,39.24,3.22113
1776813058751731981,1.95342,-0.849609,0.0650559,2.37152,1.6316,1.67855,10,51179,39.2538,3.37524
1776813058756751095,1.95342,-0.849609,0.0788651,2.52563,1.75721,1.65517,10,51206,39.2745,3.52642
1776813058761732249,1.94507,-0.849609,0.0912248,2.67681,1.75721,1.65517,10,51219,39.2845,3.37583
1776813058766763270,1.94507,-0.861328,0.101196,2.5145,1.81155,1.60738,10,51249,39.3075,3.37524
1776813058771730646,1.9365,-0.861328,0.115635,2.51392,1.81155,1.60738,10,51265,39.3198,3.22113
1776813058776728465,1.9365,-0.753906,0.127907,2.46722,1.64197,1.62626,10,51292,39.3405,3.22113
1776813058781744673,1.9241,-0.753906,0.136215,2.46722,1.64197,1.62626,10,51304,39.3497,3.37389
1776813058786729122,1.9241,-0.695312,0.145416,2.67858,1.45793,1.59813,10,51331,39.3704,3.37448
1776813058791763865,1.92046,-0.695312,0.162483,2.67917,1.45793,1.59813,10,51348,39.3834,3.37516
1776813058796805646,1.92046,-0.642578,0.175522,2.73258,1.49766,1.61006,10,51381,39.4087,3.37592
1776813058801777799,1.91068,-0.642578,0.191055,2.73334,1.49766,1.61006,10,51394,39.4187,3.52713
1776813058806767915,1.91068,-0.675781,0.201027,2.85135,1.6617,1.54235,10,51429,39.4455,3.68268
1776813058811753272,1.90752,-0.675781,0.224709,3.0069,1.6617,1.54235,10,51448,39.4601,3.83377
1776813058816740610,1.90752,-0.742188,0.239281,3.09158,1.6134,1.48867,10,51479,39.4839,3.8353
1776813058821747762,1.89659,-0.742188,0.252133,3.09311,1.6134,1.48867,10,51492,39.4939,3.68118
1776813058826780895,1.89659,-0.707031,0.262104,2.97415,1.41844,1.45389,10,51521,39.5161,3.68268
1776813058831780788,1.89659,-0.707031,0.284348,2.97565,1.41844,1.45389,10,51540,39.5307,3.68118
1776813058836738794,1.8932,-0.707031,0.295529,2.97415,1.45189,1.43683,10,51566,39.5506,3.52718
1776813058841740835,1.8932,-0.607422,-0.312851,2.91976,1.45189,1.43683,10,51585,39.5652,3.22242
1776813058846732118,1.88327,-0.607422,-0.308212,2.615,2.53586,1.44349,10,51574,39.5568,1.8406
1776813058851724437,1.88327,1.79688,0.311668,3.63748,2.53586,1.44349,10,51564,39.5491,-2.45438
1776813058856732719,1.88344,1.79688,0.304173,-0.657501,2.65358,2.81482,10,51562,39.5476,-1.22757
1776813058861730964,1.88344,3.93945,0.302639,2.71188,2.65358,2.81482,10,51561,39.5468,-0.153351
1776813058866733764,1.89809,3.93945,-0.311802,3.7861,2.26987,4.10989,10,51564,39.5491,-0.306702
1776813058871739398,1.89809,2.33398,-0.309501,2.02728,2.26987,4.10989,10,51569,39.5529,0.919921
1776813058876728440,1.94691,2.33398,-0.256843,3.25391,2.19022,3.43773,10,51584,39.5644,1.53458
1776813058881720926,1.94691,1.3125,-0.245338,2.84708,2.19022,3.43773,10,51593,39.5713,1.3812
1776813058886722800,1.95639,1.3125,-0.228954,2.6937,2.51566,2.90215,10,51612,39.5859,2.14725
1776813058891726434,1.95639,0.832031,-0.214382,2.97928,2.51566,2.90215,10,51620,39.592,2.30026
1776813058896727049,1.97592,0.832031,-0.18872,3.13229,2.34767,2.72378,10,51637,39.6051,1.68796
1776813058901722480,1.97592,0.742188,-0.175682,2.43015,2.34767,2.72378,10,51648,39.6135,2.14725
1776813058906736002,1.97592,0.742188,-0.167244,2.88943,2.71479,2.67257,10,51667,39.6281,2.30103
1776813058911735488,1.97974,0.742188,-0.148842,3.04321,2.71479,2.67257,10,51676,39.635,2.45487
1776813058916743362,1.97974,0.359375,-0.141941,2.81424,2.9813,2.47301,10,51700,39.6534,2.45438
1776813058921707238,1.99029,0.359375,-0.112983,2.81375,2.9813,2.47301,10,51710,39.6611,2.60668
1776813058926725779,1.99029,-0.0527344,-0.105316,2.55395,2.90693,2.28931,10,51734,39.6795,2.60877
1776813058931723894,1.99198,-0.0527344,-0.0852123,2.55604,2.90693,2.28931,10,51747,39.6895,2.60773
1776813058936765471,1.99198,-0.222656,-0.0752407,2.38507,2.24884,2.20065,10,51769,39.7063,2.76108
1776813058941752161,1.99148,-0.222656,-0.0588757,2.53842,2.24884,2.20065,10,51778,39.7132,2.60773
1776813058946823347,1.99148,-0.361328,-0.0519711,2.2464,2.01539,2.11915,10,51806,39.7347,2.60773
1776813058951754725,1.986,-0.361328,-0.0359722,2.2464,2.01539,2.11915,10,51821,39.7462,3.06793
1776813058956744581,1.986,-0.480469,-0.0244671,2.58746,1.73417,2.0247,10,51848,39.7669,3.22177
1776813058961816342,1.98406,-0.480469,-0.00570641,2.74131,1.73417,2.0247,10,51859,39.7754,3.22113
1776813058966764256,1.98406,-0.585938,0.00273167,2.63519,1.87164,1.95513,10,51892,39.8007,3.37313
1776813058971727021,1.97567,-0.585938,0.0196613,2.78719,1.87164,1.95513,10,51908,39.8129,3.52577
1776813058976753394,1.97567,-0.640625,0.0319332,2.88515,2.12184,1.88318,10,51938,39.8359,3.37718
1776813058981746195,1.97567,-0.640625,0.0549434,2.73656,2.12184,1.88318,10,51952,39.8467,3.83606
1776813058986734107,1.97257,-0.640625,0.0625728,3.19544,2.08121,1.86805,10,51983,39.8705,3.68045
1776813058991733741,1.97257,-0.865234,0.0863498,2.81521,2.08121,1.86805,10,52006,39.8881,3.83683
1776813058996727505,1.95741,-0.865234,0.0888332,2.9716,1.94248,1.66584,10,52034,39.9096,3.52713
1776813059001737139,1.95741,-0.875,0.110306,2.65213,1.94248,1.66584,10,52052,39.9234,3.52859
1776813059006732921,1.94883,-0.875,0.11554,2.65359,1.56765,1.6181,10,52082,39.9464,3.68192
1776813059011757888,1.94883,-0.882812,0.138546,2.79911,1.56765,1.6181,10,52099,39.9594,3.52859
1776813059016737431,1.93999,-0.882812,0.142746,2.64578,1.63267,1.57004,10,52127,39.9809,3.52783
1776813059021723214,1.93999,-0.808594,0.164223,2.71924,1.63267,1.57004,10,52143,39.9932,3.52783
1776813059026731829,1.93148,-0.808594,0.167984,2.71924,1.56049,1.57021,10,52171,40.0147,3.22125
1776813059031750037,1.93148,-0.773438,0.189461,2.44781,1.56049,1.57021,10,52188,40.0277,3.52713
1776813059036729987,1.92374,-0.773438,0.19476,2.75369,1.61042,1.55181,10,52217,40.0499,3.52507
1776813059041724695,1.92374,-0.769531,0.217003,2.75554,1.61042,1.55181,10,52235,40.0637,3.53136
1776813059046728496,1.91599,-0.769531,0.223053,2.76183,1.25946,1.5154,10,52263,40.0852,3.68195
1776813059051728890,1.91599,-0.828125,0.24453,2.85382,1.25946,1.5154,10,52280,40.0983,3.37516
1776813059056723376,1.91599,-0.828125,0.257569,2.54703,1.36988,1.482,10,52310,40.1213,3.52854
1776813059061758250,1.9081,-0.828125,0.272686,2.70041,1.36988,1.482,10,52328,40.1351,3.68195
1776813059066749588,1.9081,-0.771484,0.286492,2.91046,1.44137,1.47486,10,52357,40.1573,3.68045
1776813059071711872,1.89575,-0.771484,0.296391,2.90896,1.44137,1.47486,10,52367,40.165,3.37524
1776813059076743987,1.89575,-0.748047,0.304062,2.6272,2.46524,1.42629,10,52375,40.1711,2.45487
1776813059081805174,1.89197,-0.748047,0.306408,1.70682,2.46524,1.42629,10,52364,40.1627,-0.460815
1776813059086760847,1.89197,2.86133,0.29797,2.40051,2.66798,3.46457,10,52358,40.1581,-1.83984
1776813059091753149,1.89734,2.86133,0.298745,1.02149,2.66798,3.46457,10,52357,40.1573,-0.614166
1776813059096739747,1.89734,3.3418,0.297974,2.72763,2.87865,3.76547,10,52358,40.1581,0
1776813059101726178,1.9322,3.3418,-0.294715,3.3418,2.87865,3.76547,10,52366,40.1642,0.460723
1776813059106726942,1.9322,1.53125,-0.288581,1.99197,2.30659,2.90747,10,52380,40.175,1.22705
1776813059111733002,1.95747,1.53125,-0.252574,2.7583,2.30659,2.90747,10,52386,40.1796,2.14682
1776813059116739302,1.95747,1.07422,-0.247974,3.22103,2.17299,2.7716,10,52408,40.1964,2.30103
1776813059121703716,1.96409,1.07422,-0.224471,3.37524,2.17299,2.7716,10,52416,40.2026,1.99472
1776813059126741090,1.96409,0.507812,-0.218337,2.50254,2.19692,2.48123,10,52439,40.2202,2.30103
1776813059131737798,1.96409,0.507812,-0.200694,2.80884,2.19692,2.48123,10,52449,40.2279,2.60825
1776813059136737266,1.97826,0.507812,-0.178863,3.11606,2.26324,2.55037,10,52470,40.244,2.60721
1776813059141725549,1.97826,0.5,-0.162757,3.10721,2.26324,2.55037,10,52485,40.2555,2.60825
1776813059146724405,1.98591,0.5,-0.143592,3.10825,2.83715,2.58314,10,52506,40.2716,2.45438
1776813059151719725,1.98591,0.160156,-0.127483,2.61453,2.83715,2.58314,10,52519,40.2816,2.60773
1776813059156732192,1.98864,0.160156,-0.114787,2.76788,3.18415,2.40266,10,52538,40.2961,2.76108
1776813059161726086,1.98864,-0.00390625,-0.100211,2.75717,3.18415,2.40266,10,52555,40.3092,2.60721
1776813059166730387,1.98998,-0.00390625,-0.0858301,2.6033,2.35278,2.31565,10,52578,40.3268,2.76108
1776813059171702671,1.98998,-0.341797,-0.0681909,2.41928,2.35278,2.31565,10,52593,40.3383,2.91443
1776813059176729137,1.98815,-0.341797,-0.0585245,2.57263,2.09121,2.11415,10,52614,40.3544,3.06916
1776813059181730420,1.98815,-0.464844,-0.0424188,2.60431,2.09121,2.11415,10,52633,40.369,3.06655
1776813059186738942,1.98406,-0.464844,-0.0319322,2.60171,1.67836,2.02418,10,52657,40.3874,3.06901
1776813059191732003,1.98406,-0.585938,-0.0135263,2.48307,1.67836,2.02418,10,52672,40.3989,2.91443
1776813059196762710,1.97875,-0.585938,-0.00733123,2.32849,1.86765,1.92933,10,52692,40.4143,3.06594
1776813059201752474,1.97875,-0.541016,0.00800766,2.52492,1.86765,1.92933,10,52712,40.4296,3.06916
1776813059206731165,1.97875,-0.541016,0.0233466,2.52814,2.08577,1.95493,10,52739,40.4503,3.21727
1776813059211742540,1.97304,-0.541016,0.0383459,2.67625,2.08577,1.95493,10,52751,40.4595,3.22565
1776813059216723990,1.97304,-0.636719,0.0475508,2.58893,2.15808,1.87256,10,52781,40.4825,3.37053
1776813059221707292,1.96416,-0.636719,0.0616843,2.73381,2.15808,1.87256,10,52792,40.491,3.0727
1776813059226725203,1.96416,-0.693359,0.0701186,2.37934,1.8135,1.7969,10,52823,40.5147,3.22049
1776813059231730744,1.96103,-0.693359,0.0907675,2.52713,1.8135,1.7969,10,52841,40.5278,3.37524
1776813059236726731,1.96103,-0.847656,0.104573,2.52759,1.77287,1.69362,10,52869,40.55,3.52783
1776813059241729809,1.94913,-0.847656,0.114152,2.68018,1.77287,1.69362,10,52882,40.56,3.52713
1776813059246748276,1.94913,-0.880859,0.124123,2.64627,1.61163,1.61624,10,52914,40.5845,3.52577
1776813059251746781,1.94586,-0.880859,0.145394,2.64492,1.61163,1.61624,10,52926,40.5937,3.37854
1776813059256730898,1.94586,-0.763672,0.154599,2.61486,1.69935,1.66692,10,52961,40.6206,3.52789
1776813059261736161,1.93221,-0.763672,0.167794,2.76422,1.69935,1.66692,10,52974,40.6306,3.68118
1776813059266729037,1.93221,-0.757812,0.177766,2.92337,1.36606,1.60277,10,53011,40.6589,3.83606
1776813059271711635,1.92856,-0.757812,0.202489,3.07825,1.36606,1.60277,10,53030,40.6735,3.83377
1776813059276731009,1.92856,-0.78125,0.217061,3.05252,1.47058,1.57129,10,53060,40.6965,3.68268
1776813059281746735,1.92856,-0.78125,0.240071,2.90143,1.47058,1.57129,10,53074,40.7072,3.833
1776813059286740277,1.91715,-0.78125,0.239396,3.05175,1.61157,1.5145,10,53106,40.7318,3.98945
1776813059291730079,1.91715,-0.824219,0.263939,3.16523,1.61157,1.5145,10,53131,40.751,3.98788
1776813059296738583,1.90471,-0.824219,0.270676,3.16367,1.56925,1.42784,10,53161,40.774,3.83453
1776813059301775994,1.90471,-0.804688,0.293687,3.02984,1.56925,1.42784,10,53178,40.787,3.52854
1776813059306739667,1.90066,-0.804688,0.302682,2.72385,1.72417,1.41868,10,53200,40.8039,3.52859
1776813059311732153,1.90066,-0.804688,0.302682,2.72385,1.72417,1.41868,10,53200,40.8039,3.52859
1776813059316813710,1.88889,-0.697266,0.307019,-0.543915,2.18588,1.47991,10,53196,40.8008,0.153351
1776813059321731459,1.88889,-0.0253906,0.304715,0.12796,2.18588,1.47991,10,53190,40.7962,-1.68762
1776813059326735556,1.88777,-0.0253906,0.298989,-1.71301,2.44529,1.79797,10,53189,40.7955,-0.460145
1776813059331732079,1.88777,-0.0253906,0.298989,-1.71301,2.44529,1.79797,10,53189,40.7955,-0.460145
1776813059336800581,1.92722,3.70703,-0.286815,3.70703,2.44529,3.92545,10,53197,40.8016,0
1776813059341746255,1.92722,2.66602,-0.284515,2.66602,2.44529,3.92545,10,53204,40.807,1.6883
1776813059346742093,1.93841,2.66602,-0.267947,4.35431,2.07895,3.58505,10,53213,40.8139,1.37988
1776813059351733117,1.93841,1.27539,-0.261046,2.65527,2.07895,3.58505,10,53227,40.8246,1.68796
1776813059356801378,1.93841,1.27539,-0.250308,2.96335,2.1359,2.79239,10,53240,40.8346,1.8406
1776813059361748199,1.9674,1.27539,-0.211352,3.116,2.1359,2.79239,10,53250,40.8422,1.99396
1776813059366733205,1.9674,0.716797,-0.203681,2.71076,2.21851,2.61651,10,53267,40.8553,1.99432
1776813059371712562,1.98233,0.716797,-0.175708,2.71112,2.21851,2.61651,10,53276,40.8622,1.99432
1776813059376833932,1.98233,0.896484,-0.168807,2.89081,2.41792,2.79172,10,53292,40.8745,1.84097
1776813059381759977,1.99049,0.896484,-0.148372,2.73746,2.41792,2.79172,10,53302,40.8821,2.14725
1776813059386729113,1.99049,0.652344,-0.1407,2.79959,2.86743,2.69218,10,53317,40.8936,2.14682
1776813059391815466,1.99433,0.652344,-0.125354,2.79916,2.86743,2.69218,10,53332,40.9051,2.30118
1776813059396762750,1.99433,0.150391,-0.113849,2.45157,3.41535,2.42466,10,53354,40.922,2.60901
1776813059401740534,2.00091,0.150391,-0.0903998,2.7594,3.41535,2.42466,10,53368,40.9327,2.76053
1776813059406742501,2.00091,-0.105469,-0.0796615,2.65506,3.14004,2.31059,10,53392,40.9512,2.76163
1776813059411810559,2.00097,-0.105469,-0.0611945,2.65616,3.14004,2.31059,10,53405,40.9611,2.91443
1776813059416751084,2.00097,-0.414062,-0.0512267,2.50037,2.41274,2.13496,10,53430,40.9803,3.06778
1776813059421719442,1.99824,-0.414062,-0.0347816,2.65372,2.41274,2.13496,10,53446,40.9926,3.06778
1776813059426729169,1.99824,-0.681641,-0.0225097,2.38614,2.01306,1.96927,10,53473,41.0133,3.22125
1776813059431752876,1.99824,-0.681641,-0.00179969,2.53961,2.01306,1.96927,10,53490,41.0256,3.37381
1776813059436743530,1.98934,-0.681641,0.00234309,2.69217,1.77639,1.92623,10,53515,41.0455,3.52783
1776813059441764107,1.98934,-0.644531,0.0215158,2.8833,1.77639,1.92623,10,53541,41.0654,3.68342
1776813059446772667,1.98259,-0.644531,0.034707,3.03889,1.62403,1.91461,10,53567,41.0854,3.52783
1776813059451756728,1.98259,-0.671875,0.0546464,2.85596,1.76575,1.89902,10,53594,41.1061,3.52789
1776813059456744382,1.97301,-0.671875,0.0657739,2.85601,1.76575,1.89902,10,53613,41.1207,3.68118
1776813059461750497,1.97301,-0.777344,0.080346,2.90384,1.76575,1.89902,10,53636,41.1383,3.68268
1776813059466747224,1.96564,-0.777344,0.0906266,2.90534,2.26216,1.75628,10,53656,41.1536,3.68045
1776813059471717582,1.96564,-0.865234,0.105966,2.81521,2.26216,1.75628,10,53681,41.1728,3.37524
1776813059476724772,1.95724,-0.865234,0.116734,2.51001,2.18873,1.665,10,53705,41.1912,3.37448
1776813059481729461,1.95724,-0.880859,0.135144,2.49362,2.18873,1.665,10,53726,41.2073,3.52783
1776813059486726837,1.94862,-0.880859,0.142625,2.64697,1.94314,1.61369,10,53746,41.2227,3.5293
1776813059491754933,1.94862,-0.8125,0.157964,2.7168,1.94314,1.61369,10,53772,41.2426,3.52783
1776813059496727327,1.94007,-0.8125,0.169362,2.71533,1.38473,1.6105,10,53795,41.2603,3.37457
1776813059501727295,1.94007,-0.779297,0.187005,2.59527,1.38473,1.6105,10,53815,41.2756,3.37178
1776813059506723133,1.93221,-0.779297,0.209058,2.44441,1.48129,1.62942,10,53845,41.2986,3.22371
1776813059511758618,1.93221,-0.833984,0.217496,2.38973,1.62351,1.55935,10,53868,41.3162,3.5293
1776813059516751993,1.92168,-0.833984,0.224606,2.69532,1.62351,1.55935,10,53887,41.3308,3.67971
1776813059521722111,1.92168,-0.824219,0.239179,2.85549,1.62351,1.55935,10,53910,41.3485,3.83683
1776813059526728633,1.91597,-0.824219,0.251111,3.01261,1.37223,1.48415,10,53931,41.3646,3.68118
1776813059531724490,1.91597,-0.833984,0.267217,2.8472,1.37223,1.48415,10,53960,41.3868,3.83453
1776813059536725847,1.9076,-0.833984,0.281083,3.00055,1.70716,1.43673,10,53988,41.4083,3.98788
1776813059541721926,1.9076,-0.816406,0.302556,3.17148,1.70716,1.43673,10,54008,41.4236,3.83453
1776813059546730356,1.8995,-0.816406,0.3098,3.01812,1.69704,1.40614,10,54012,41.4267,2.45536
1776813059551725213,1.8995,0.179688,0.312867,2.63505,1.69704,1.40614,10,54000,41.4175,-0.613403
1776813059556746809,1.89506,0.179688,0.299222,-0.433716,2.17584,1.95159,10,53995,41.4136,-1.8406
1776813059561735166,1.89506,3.9375,0.295388,2.0969,2.17584,1.95159,10,53995,41.4136,-0.153351
1776813059566724838,1.91692,3.9375,-0.311065,3.78415,2.58722,4.20308,10,53996,41.4144,0
1776813059571708695,1.91692,2.50781,-0.310298,2.50781,2.58722,4.20308,10,54007,41.4229,0.613281
1776813059576749772,1.91692,2.50781,-0.30186,3.12109,2.24058,3.38815,10,54021,41.4336,1.99154
1776813059581733185,1.94903,2.50781,-0.259013,4.49935,2.24058,3.38815,10,54029,41.4397,1.99672
1776813059586725042,1.94903,1.14453,-0.252879,3.14125,2.3293,2.77022,10,54049,41.4551,2.14725
1776813059591804395,1.97158,1.14453,-0.214988,3.29178,2.3293,2.77022,10,54062,41.465,2.60929
1776813059596756254,1.97158,1.05469,-0.205016,3.66398,2.14136,2.82957,10,54080,41.4788,2.30057
1776813059601734037,1.97469,1.05469,-0.188109,3.35525,2.14136,2.82957,10,54091,41.4873,2.14691
1776813059606729894,1.97469,0.660156,-0.179671,2.80707,2.41004,2.61982,10,54113,41.5042,2.60849
1776813059611734010,1.98596,0.660156,-0.151522,3.26865,2.41004,2.61982,10,54125,41.5134,2.60356
1776813059616753532,1.98596,0.636719,-0.142318,3.24028,2.91369,2.6613,10,54146,41.5295,2.61243
1776813059621718260,1.98924,0.636719,-0.122939,3.24915,2.91369,2.6613,10,54159,41.5394,2.45389
1776813059626734579,1.98924,0.181641,-0.112967,2.63553,3.38748,2.41779,10,54182,41.5571,2.76163
1776813059631748102,1.99386,0.181641,-0.0907086,2.94327,3.38748,2.41779,10,54195,41.567,2.76053
1776813059636734996,1.99386,0.00585938,-0.080737,2.76639,3.14817,2.33996,10,54218,41.5847,2.76163
1776813059641726909,1.99406,0.00585938,-0.062888,2.76749,3.14817,2.33996,10,54232,41.5954,2.76053
1776813059646729654,1.99406,-0.535156,-0.0521496,2.22537,2.59872,2.03258,10,54258,41.6154,3.06778
1776813059651727011,1.99406,-0.535156,-0.0322102,2.53262,2.59872,2.03258,10,54274,41.6276,3.37592
1776813059656731756,1.99172,-0.535156,-0.0222844,2.84076,1.9562,2.02122,10,54297,41.6453,3.37448
1776813059661732631,1.99172,-0.859375,-0.0046414,2.51511,1.9562,2.02122,10,54320,41.6629,3.06717
1776813059666727173,1.97612,-0.859375,-0.0025929,2.20779,1.85416,1.76069,10,54337,41.676,3.06793
1776813059671717474,1.97612,-0.724609,0.0104458,2.34332,1.85416,1.76069,10,54361,41.6944,3.22049
1776813059676743793,1.96829,-0.724609,0.0210239,2.49588,1.54058,1.7993,10,54385,41.7128,3.22242
1776813059681741038,1.96829,-0.716797,0.0394298,2.50562,1.54058,1.7993,10,54405,41.7281,3.37516
1776813059686741154,1.96145,-0.716797,0.0479328,2.65836,1.46322,1.77028,10,54425,41.7435,3.52789
1776813059691731752,1.96145,-0.763672,0.0632755,2.76422,1.46322,1.77028,10,54450,41.7626,3.37516
1776813059696736219,1.95373,-0.763672,0.0747196,2.61148,1.72899,1.70565,10,54475,41.7818,3.37389
1776813059701747927,1.95373,-0.865234,0.0938961,2.50866,1.72899,1.70565,10,54498,41.7994,3.83453
1776813059706728988,1.94558,-0.865234,0.103387,2.9693,1.78923,1.60764,10,54520,41.8163,3.8353
1776813059711729993,1.94558,-0.943359,0.120259,2.89194,1.78923,1.60764,10,54548,41.8378,3.68266
1776813059716718887,1.93635,-0.943359,0.132508,2.7393,1.82785,1.51753,10,54568,41.8531,3.83453
1776813059721698152,1.93635,-0.898438,0.147847,2.93609,1.82785,1.51753,10,54595,41.8738,3.52854
1776813059726745858,1.93635,-0.898438,0.168557,2.6301,1.67209,1.54313,10,54621,41.8938,3.68047
1776813059731734123,2.15733,-0.898438,-0.21884,2.78204,1.67209,1.54313,10,54638,41.9068,3.68192
1776813059736729016,2.15733,-0.730469,-0.205802,2.95145,1.42683,2.68621,10,54668,41.9298,3.68268
1776813059741739261,2.14837,-0.730469,-0.191752,2.95221,1.42683,2.68621,10,54685,41.9429,3.67971
1776813059746737562,2.14837,-0.730469,-0.178713,2.94924,1.22006,2.64548,10,54715,41.9659,3.5293
1776813059751722235,2.14218,-0.730469,-0.161898,2.79883,1.22006,2.64548,10,54733,41.9797,3.52854
1776813059756735683,2.14218,-0.808594,-0.148089,2.71994,2.19207,2.57272,10,54766,42.005,3.98785
1776813059761730466,2.13522,-0.808594,-0.129733,3.17926,2.19207,2.57272,10,54787,42.0211,4.14206
1776813059766724674,2.13522,-1.06055,-0.113627,3.08152,2.43377,2.39732,10,54823,42.0487,4.29535
1776813059771701328,2.12582,-1.06055,-0.0954233,3.2348,2.43377,2.39732,10,54841,42.0625,4.142
1776813059776728795,2.12582,-1.40039,-0.0816179,2.74161,2.44716,2.16049,10,54858,42.0756,3.22113
1776813059781730170,2.11277,-1.40039,-0.0816217,1.82074,2.44716,2.16049,10,54858,42.0756,0.919921
1776813059786736563,2.11277,0.371094,-0.0816217,1.29101,3.00921,3.11017,10,54857,42.0748,-0.15332
1776813059791730290,2.10297,0.371094,-0.0921922,0.217774,3.00921,3.11017,10,54862,42.0786,0.306763
1776813059796741795,2.10297,2.93164,-0.0883546,3.2384,3.43252,4.52434,10,54872,42.0863,1.07422
1776813059801804852,2.10297,2.93164,-0.0806871,4.00586,3.43252,4.52434,10,54883,42.0947,1.68796
1776813059806768062,2.12676,2.93164,-0.0484643,4.6196,2.91788,4.63405,10,54901,42.1085,2.60773
1776813059811748327,2.12676,-0.0332031,-0.0346589,2.57452,2.91788,4.63405,10,54923,42.1254,2.60721
1776813059816753387,2.146,-0.0332031,0.00145477,2.574,2.42192,3.03212,10,54941,42.1392,3.22177
1776813059821787779,2.146,-0.167969,0.0152602,3.05381,2.42192,3.03212,10,54960,42.1538,3.22049
1776813059826746452,2.14617,-0.167969,0.0300078,3.05252,2.33586,2.95607,10,54983,42.1714,3.37457
1776813059831794344,2.14617,-0.720703,0.0476469,2.65387,2.33586,2.95607,10,55010,42.1921,3.37448
1776813059836761498,2.14433,-0.720703,0.0665144,2.65378,2.40149,2.63262,10,55031,42.2082,3.52924
1776813059841791668,2.14433,-0.513672,0.0826201,3.01557,2.40149,2.63262,10,55054,42.2259,3.82993
1776813059846785229,2.14324,-0.513672,0.0991759,3.31626,2.76554,2.74569,10,55081,42.2466,3.68487
1776813059851770271,2.14324,-0.9375,0.119886,2.74737,2.76554,2.74569,10,55111,42.2696,3.99024
1776813059856737074,2.13192,-0.9375,0.13157,3.05274,3.06537,2.45232,10,55134,42.2872,4.14117
1776813059861746707,2.13192,-1.16797,0.149209,2.9732,3.06537,2.45232,10,55165,42.311,4.14206
1776813059866734305,2.12363,-1.16797,0.164701,2.9741,3.25513,2.28292,10,55188,42.3287,4.142
1776813059871718477,2.12363,-1.54883,0.182344,2.59317,3.25513,2.28292,10,55217,42.3509,3.98785
1776813059876728630,2.10893,-1.54883,0.206758,2.28571,2.76852,2.06583,10,55252,42.3778,3.83453
1776813059881738930,2.10893,-1.75391,0.21673,2.08063,1.95354,1.88114,10,55278,42.3977,4.14283
1776813059886732861,2.08484,-1.75391,0.212583,2.38892,1.95354,1.88114,10,55300,42.4146,4.44692
1776813059891747643,2.08484,-1.77734,0.229459,2.66958,1.95354,1.88114,10,55326,42.4345,4.14289
1776813059896730389,2.077,-1.77734,0.241559,2.36555,1.86086,1.71925,10,55348,42.4514,3.98785
1776813059901727450,2.0593,-1.75195,0.259904,2.39087,1.55695,1.65056,10,55388,42.4821,4.14283
1776813059906730121,2.0593,-1.76562,0.271409,2.3772,1.55695,1.65056,10,55409,42.4982,4.28944
1776813059911728478,2.0506,-1.76562,0.278814,2.52381,1.55695,1.65056,10,55430,42.5143,4.30051
1776813059916741611,2.0506,-1.73828,0.294923,2.56223,1.68388,1.61725,10,55466,42.5419,4.44781
1776813059921748264,2.03328,-1.73828,0.305215,2.70953,1.68388,1.61725,10,55487,42.558,4.29449
1776813059926742010,2.03328,-1.74805,-0.306998,2.54644,1.49828,1.52948,10,55525,42.5871,4.44883
1776813059931740292,2.01661,-1.74805,-0.29452,2.70078,1.49828,1.52948,10,55547,42.604,4.75445
1776813059936734742,2.01661,-1.78711,-0.277647,2.96734,1.62227,1.42755,10,55586,42.6339,4.7573
1776813059941754208,1.99902,-1.78711,-0.24845,2.81034,1.59105,1.34293,10,55623,42.6623,4.59745
1776813059946739177,1.99902,-1.69141,-0.236944,2.90605,1.59105,1.34293,10,55644,42.6784,4.29879
1776813059951743348,1.98231,-1.69141,-0.237551,2.60738,1.59105,1.34293,10,55666,42.6953,4.60205
1776813059956768963,1.98231,-1.55664,-0.220679,3.04541,1.63112,1.39333,10,55702,42.7229,4.4487
1776813059961735284,1.96407,-1.55664,-0.211298,2.89206,1.63112,1.39333,10,55722,42.7382,4.29544
1776813059966740695,1.96407,-1.50195,-0.195959,2.79349,1.13729,1.33558,10,55756,42.7643,4.142
1776813059971713961,1.94746,-1.50195,-0.186499,2.64005,1.13729,1.33558,10,55776,42.7797,3.98865
1776813059976727854,1.94746,-1.47656,-0.17116,2.51209,1.19569,1.26843,10,55811,42.8065,4.29287
1776813059981729506,1.93305,-1.47656,-0.15872,2.81631,1.19569,1.26843,10,55831,42.8211,4.14283
1776813059986734474,1.93305,-1.42969,-0.143378,2.71314,1.22395,1.22398,10,55863,42.8464,3.98945
1776813059991727479,1.91914,-1.42969,-0.132746,2.55976,1.22395,1.22398,10,55882,42.861,3.98709
1776813059996728983,1.91914,-1.35352,-0.118174,2.63357,1.24535,1.19825,10,55915,42.8863,3.98865
1776813060001730192,1.90503,-1.35352,-0.10697,2.63513,1.24535,1.19825,10,55935,42.9016,4.14206
1776813060006737623,1.90503,-1.23828,-0.0916312,2.90378,1.24009,1.19344,10,55966,42.9254,3.98785
1776813060011732480,1.90503,-1.23828,-0.0678542,2.74957,1.24009,1.19344,10,55976,42.9331,3.22177
1776813060016731207,1.89135,-1.23828,-0.07387,1.98349,1.49353,1.12467,10,55970,42.9285,0.614043
1776813060021716676,1.89135,3.42773,-0.0784743,4.04178,1.49353,1.12467,10,55959,42.92,-1.84097
1776813060026738051,1.88793,3.42773,-0.0903228,1.58676,2.61667,3.76708,10,55958,42.9192,-0.921052
1776813060031725130,1.88793,4.46484,-0.0910933,3.54379,2.61667,3.76708,10,55957,42.9185,-0.153351
1776813060036725747,1.91038,4.46484,-0.0694068,4.31149,2.5624,4.47101,10,55961,42.9216,0
1776813060041723900,1.91038,2.39648,-0.066336,2.39648,2.5624,4.47101,10,55972,42.93,1.3812
1776813060046756996,1.94006,2.39648,-0.0282271,3.77768,2.58231,3.43957,10,55981,42.9369,1.38037
1776813060051749280,1.94006,1.06836,-0.0213225,2.44873,2.58231,3.43957,10,55995,42.9476,1.99436
1776813060056734211,1.95566,1.06836,0.00501414,3.06272,2.22669,2.75938,10,56006,42.9561,1.68728
1776813060061745216,1.95566,1.10938,0.0134484,2.79666,2.22669,2.75938,10,56023,42.9691,2.29873
1776813060066737110,1.97115,1.10938,0.0419747,3.4081,2.18854,2.8586,10,56038,42.9806,2.45634
1776813060071718487,1.97115,0.755859,0.0534799,3.2122,2.18854,2.8586,10,56055,42.9936,2.45487
1776813060076730065,1.98191,0.755859,0.0772798,3.21073,2.37065,2.70951,10,56069,43.0044,2.30057
1776813060081733626,1.98191,0.671875,0.0880181,2.97244,2.37065,2.70951,10,56086,43.0174,2.45487
1776813060086730872,1.98782,0.671875,0.117704,3.12674,3.03524,2.66164,10,56107,43.0335,2.45487
1776813060091734525,1.98782,0.257812,0.123075,2.71268,3.32196,2.45433,10,56124,43.0466,2.45339
1776813060096770269,1.99261,0.257812,0.140905,2.71121,3.32196,2.45433,10,56137,43.0565,2.60877
1776813060101753090,1.99261,0.0917969,0.150877,2.70057,3.32196,2.45433,10,56154,43.0696,2.75777
1776813060106761262,1.9929,0.0917969,0.164205,2.84957,3.15658,2.3843,10,56171,43.0826,2.76384
1776813060111741194,1.9929,-0.171875,0.177244,2.59197,3.15658,2.3843,10,56192,43.0987,2.91501
1776813060116737699,1.99125,-0.171875,0.191702,2.74314,2.41935,2.22603,10,56209,43.1118,2.91443
1776813060121725445,1.99125,-0.351562,0.20474,2.56287,2.41935,2.22603,10,56231,43.1286,3.06793
1776813060126726913,1.98716,-0.351562,0.217527,2.71637,1.99585,2.10382,10,56247,43.1409,2.91443
1776813060131732085,1.98716,-0.421875,0.229799,2.49255,1.99585,2.10382,10,56269,43.1578,2.91152
1776813060136731423,1.9841,-0.421875,0.243608,2.48964,1.97973,2.04885,10,56286,43.1708,2.91793
1776813060141767557,1.9841,-0.400391,0.256647,2.51754,1.97973,2.04885,10,56309,43.1885,3.06655
1776813060146758118,1.98014,-0.400391,0.270334,2.66616,1.79367,2.04188,10,56328,43.203,3.22189
1776813060151737383,1.98014,-0.603516,0.284906,2.61838,1.79367,2.04188,10,56353,43.2222,3.37448
1776813060156751684,1.97185,-0.603516,0.309591,2.6189,1.91464,1.9261,10,56382,43.2445,3.22242
1776813060161736949,1.97185,-0.681641,-0.310289,2.54078,1.91464,1.9261,10,56396,43.2552,3.37457
1776813060166739324,1.96715,-0.681641,-0.304243,2.69293,2.08004,1.81822,10,56420,43.2736,3.37516
1776813060171717571,1.96715,-0.777344,-0.285837,2.59781,2.08004,1.81822,10,56441,43.2897,3.37457
1776813060176731057,1.95378,-0.777344,-0.28311,2.59723,1.99337,1.69808,10,56461,43.305,3.52783
1776813060181740655,1.95378,-0.792969,-0.267767,2.73486,1.99337,1.69808,10,56486,43.3242,3.52783
1776813060186746122,1.94928,-0.792969,-0.253092,2.73486,1.94804,1.66706,10,56506,43.3396,3.52859
1776813060191731462,1.94928,-0.75,-0.237753,2.77859,1.94804,1.66706,10,56532,43.3595,3.52501
1776813060196743633,1.93743,-0.75,-0.229662,2.77501,1.39981,1.63306,10,56554,43.3764,3.679
1776813060201735861,1.93743,-0.732422,-0.21279,2.94658,1.39981,1.63306,10,56582,43.3979,3.68708
1776813060206748291,1.93408,-0.732422,-0.194666,2.95466,1.48914,1.62648,10,56610,43.4193,3.8353
1776813060211724853,1.93408,-0.746094,-0.173189,3.0892,1.48914,1.62648,10,56632,43.4362,3.83377
1776813060216731191,1.92389,-0.746094,-0.166502,3.08767,1.61388,1.56813,10,56660,43.4577,3.83683
1776813060221704068,1.92389,-0.777344,-0.145025,3.05949,1.61388,1.56813,10,56684,43.4761,3.98709
1776813060226727016,1.92389,-0.777344,-0.126619,3.20974,1.64459,1.55031,10,56711,43.4968,3.98945
1776813060231857738,1.92053,-0.777344,-0.109274,3.2121,1.64459,1.55031,10,56730,43.5114,3.98705
1776813060236755692,1.92053,-0.839844,-0.0947018,3.14721,1.59737,1.49795,10,56755,43.5305,3.68118
1776813060241732828,1.90767,-0.839844,-0.088377,2.84134,1.59737,1.49795,10,56759,43.5336,2.14767
1776813060246760072,1.90767,-0.431641,-0.08531,1.71603,2.01151,1.66645,10,56743,43.5213,-0.920289
1776813060251757430,1.89884,-0.431641,-0.106413,-1.35193,2.01151,1.66645,10,56738,43.5175,-1.84097
1776813060256739417,1.89884,4.36328,-0.110247,2.52231,2.70437,4.35527,10,56735,43.5152,-0.45996
1776813060261743774,1.91676,4.36328,-0.0946293,3.90332,2.70437,4.35527,10,56734,43.5144,-0.460237
1776813060266785147,1.91676,2.94531,-0.0953961,2.48508,2.61891,3.63671,10,56744,43.5221,0.45996
1776813060271755376,1.95901,2.94531,-0.0454808,3.40527,2.61891,3.63671,10,56750,43.5267,1.53351
1776813060276742937,1.95901,1.11133,-0.0408764,2.64484,2.33666,2.80031,10,56763,43.5367,1.3812
1776813060281752572,1.97958,1.11133,-0.0103321,2.49252,2.33666,2.80031,10,56772,43.5436,1.68728
1776813060286743466,1.97958,0.800781,-0.00342755,2.48807,2.08736,2.72383,10,56788,43.5559,1.99396
1776813060291740990,2.00177,0.800781,0.0310268,2.79474,2.08736,2.72383,10,56798,43.5635,1.99393
1776813060296737717,2.00177,0.798828,0.048666,2.79275,2.08125,2.83016,10,56816,43.5773,1.99393
1776813060301740852,2.00673,0.798828,0.0574627,2.79275,2.08125,2.83016,10,56823,43.5827,1.53489
1776813060306732506,2.00673,1.05859,0.0628299,2.59348,2.14298,3.00212,10,56838,43.5942,1.98958
1776813060311748751,2.02225,1.05859,0.0898571,3.04818,2.14298,3.00212,10,56848,43.6019,2.15155
1776813060316737294,2.02225,0.697266,0.0975284,2.84881,2.95274,2.87064,10,56867,43.6164,2.14767
1776813060321741854,2.02677,0.697266,0.116621,2.84494,2.95274,2.87064,10,56878,43.6249,2.30103
1776813060326739674,2.02677,0.15625,0.125051,2.45728,3.35437,2.58386,10,56899,43.641,2.45438
1776813060331740457,2.0342,0.15625,0.1486,2.61063,3.35437,2.58386,10,56912,43.651,2.60773
1776813060336730148,2.0342,-0.0566406,0.158571,2.55109,3.3958,2.49797,10,56937,43.6701,2.90977
1776813060341733857,2.03411,-0.0566406,0.177649,2.85313,3.3958,2.49797,10,56952,43.6816,3.07408
1776813060346779823,2.03411,-0.513672,0.189154,2.5604,2.36963,2.23701,10,56978,43.7016,3.06717
1776813060351795679,2.02872,-0.513672,0.203711,2.55349,2.36963,2.23701,10,56993,43.7131,3.22049
1776813060356781370,2.02872,-0.535156,0.215216,2.68533,2.14994,2.1991,10,57020,43.7338,3.22242
1776813060361743932,2.02619,-0.535156,0.233397,2.68726,2.14994,2.1991,10,57035,43.7453,3.22189
1776813060366741252,2.02619,-0.5,0.244902,2.72189,1.82574,2.20707,10,57064,43.7675,3.37313
1776813060371722092,2.01724,-0.5,0.271227,2.87583,2.00241,2.16422,10,57094,43.7906,3.37583
1776813060376737800,2.01724,-0.599609,0.281198,2.77622,2.00241,2.16422,10,57111,43.8036,3.83453
1776813060381735601,2.01347,-0.599609,0.290472,3.23492,2.00241,2.16422,10,57130,43.8182,3.82994
1776813060386735625,2.01347,-0.714844,0.305044,3.11509,2.22696,2.02371,10,57160,43.8412,3.53354
1776813060391764147,2.0106,-0.714844,-0.30314,2.8187,2.22696,2.02371,10,57179,43.8557,3.83377
1776813060396779763,2.0106,-0.96875,-0.288568,2.86502,2.34233,1.86516,10,57211,43.8803,3.8353
1776813060401739437,2.0031,-0.96875,-0.271528,2.86655,2.34233,1.86516,10,57230,43.8949,3.98945
1776813060406728942,2.0031,-1.03125,-0.256956,2.9582,2.2814,1.79343,10,57260,43.9179,3.68118
1776813060411729836,1.98488,-1.03125,-0.252161,2.64993,2.2814,1.79343,10,57277,43.9309,3.67753
1776813060416732489,1.98488,-0.988281,-0.239122,2.68925,1.7931,1.72979,10,57307,43.9539,3.53136
1776813060421699626,1.97851,-0.988281,-0.222482,2.54308,1.7931,1.72979,10,57324,43.967,3.68121
1776813060426744332,1.97851,-0.976562,-0.209444,2.70465,1.55641,1.70551,10,57356,43.9915,3.68192
1776813060431734023,1.96307,-0.976562,-0.200334,2.70536,1.55641,1.70551,10,57374,44.0053,3.8353
1776813060436737621,1.96307,-1.01562,-0.186529,2.81967,1.59558,1.60788,10,57406,44.0299,3.83377
1776813060441726441,1.95625,-1.01562,-0.154241,2.97382,1.60643,1.5744,10,57439,44.0552,3.98945
1776813060446775018,1.95625,-1.13281,-0.143503,2.85663,1.60643,1.5744,10,57465,44.0751,3.98788
1776813060451747358,1.94002,-1.13281,-0.139784,2.85507,1.60643,1.5744,10,57486,44.0912,4.29449
1776813060456766862,1.94002,-1.13477,-0.123678,3.15972,1.6766,1.42657,10,57515,44.1135,4.29707
1776813060461758572,1.93435,-1.13477,-0.107103,3.1623,1.6766,1.42657,10,57534,44.128,4.14124
1776813060466735911,1.93435,-0.994141,-0.092531,3.14709,1.67408,1.47868,10,57551,44.1411,3.22125
1776813060471724954,1.91703,-0.994141,-0.0968187,2.22711,1.67408,1.47868,10,57543,44.1349,0.766908
1776813060476728736,1.91703,0.146484,-0.102953,0.913392,2.40897,2.04272,10,57533,44.1273,-2.30103
1776813060481741815,1.91385,0.146484,-0.113806,-2.15454,2.40897,2.04272,10,57533,44.1273,-0.30664
1776813060486795336,1.91385,3.26953,-0.113806,2.96289,2.94235,3.80698,10,57533,44.1273,0
1776813060491763176,1.96059,3.26953,-0.0670564,3.26953,2.94235,3.80698,10,57539,44.1319,0.153351
1776813060496762922,1.96059,2.16016,-0.0624559,2.31351,2.33959,3.40592,10,57556,44.1449,2.1481
1776813060501742150,1.97394,2.16016,-0.0360772,4.30826,2.33959,3.40592,10,57565,44.1518,1.8406
1776813060506730767,1.97394,1.22656,-0.0291726,3.06717,2.35747,2.93901,10,57586,44.1679,2.29873
1776813060511725310,1.99043,1.22656,0.0126364,3.68389,2.10114,3.01919,10,57606,44.1833,2.45733
1776813060516726037,1.99043,0.351562,0.0187743,2.80889,2.10114,3.01919,10,57616,44.1909,2.4529
1776813060521702951,1.99982,0.351562,0.0358298,2.80447,2.10114,3.01919,10,57629,44.2009,2.1482
1776813060526728992,1.99982,0.759766,0.0458014,2.90797,2.20905,2.7985,10,57641,44.2101,1.99393
1776813060531737811,2.00671,0.759766,0.0618918,2.75369,2.20905,2.7985,10,57652,44.2178,1.84134
1776813060536746279,2.00671,1,0.0703261,2.84134,2.68183,2.96864,10,57672,44.2339,2.29735
1776813060541727026,2.01063,1,0.0895941,3.29735,2.68183,2.96864,10,57684,44.2423,2.45782
1776813060546723624,2.01063,0.396484,0.0987952,2.8543,3.15026,2.64351,10,57707,44.2607,2.60773
1776813060551728925,2.01746,0.396484,0.12327,3.00421,3.15026,2.64351,10,57721,44.2715,2.91385
1776813060556730948,2.01746,-0.0683594,0.134009,2.84549,3.48134,2.41134,10,57747,44.2914,3.06839
1776813060561741472,2.01793,-0.0683594,0.154413,3.00003,3.48134,2.41134,10,57762,44.3029,3.22254
1776813060566733977,2.01793,-0.695312,0.165919,2.52723,2.67631,2.05621,10,57788,44.3228,3.06778
1776813060571706002,2.01296,-0.695312,0.180887,2.37247,2.67631,2.05621,10,57802,44.3336,3.21791
1776813060576729858,2.01296,-0.753906,0.191626,2.46401,2.21965,1.99895,10,57829,44.3543,3.07024
1776813060581722808,2.01296,-0.753906,0.212332,2.31633,2.21965,1.99895,10,57845,44.3666,3.37592
1776813060586744145,2.00445,-0.753906,0.216097,2.62201,1.60131,1.95803,10,57869,44.385,3.37044
1776813060591728188,2.00445,-0.714844,0.234507,2.65559,1.60131,1.95803,10,57893,44.4034,3.225
1776813060596772951,1.99455,-0.714844,0.243014,2.51016,1.74587,1.93252,10,57916,44.421,3.37457
1776813060601740772,1.99455,-0.728516,0.260657,2.64605,1.74587,1.93252,10,57937,44.4371,3.37381
1776813060606730055,1.98692,-0.728516,0.269129,2.64529,1.86261,1.88775,10,57963,44.4571,3.52577
1776813060611729931,1.98692,-0.839844,0.289072,2.68593,1.86261,1.88775,10,57985,44.4739,3.68487
1776813060616744787,1.97409,-0.839844,0.293123,2.84502,2.01763,1.76192,10,58012,44.4946,3.68268
1776813060621711035,1.97409,-0.902344,0.313833,2.78034,2.01763,1.76192,10,58034,44.5115,3.83377
1776813060626754834,1.96967,-0.902344,-0.302034,2.93142,2.33273,1.70473,10,58060,44.5315,3.67753
1776813060631734303,1.96967,-0.986328,-0.282091,2.6912,2.33273,1.70473,10,58083,44.5491,3.68561
1776813060636730901,1.95525,-0.986328,-0.278875,2.69928,2.04993,1.5862,10,58111,44.5706,3.98228
1776813060641728499,1.95525,-0.978516,-0.257398,3.00376,2.04993,1.5862,10,58135,44.589,3.84145
1776813060646729763,1.95064,-0.978516,-0.243604,2.86293,1.53885,1.56798,10,58161,44.6089,3.8353
1776813060651728398,1.95064,-0.890625,-0.223661,2.94467,1.53885,1.56798,10,58183,44.6258,3.83453
1776813060656760031,1.95064,-0.890625,-0.206789,2.94391,1.5357,1.61808,10,58210,44.6465,3.68195
1776813060661810905,1.9329,-0.890625,-0.203813,2.79132,1.5357,1.61808,10,58228,44.6603,3.98709
1776813060666794633,1.9329,-0.898438,-0.190008,3.08865,1.53414,1.52604,10,58261,44.6856,3.83606
1776813060671766250,1.92025,-0.898438,-0.177351,2.93763,1.53414,1.52604,10,58279,44.6994,3.98466
1776813060676753312,1.92025,-0.890625,-0.163545,3.09404,1.73544,1.46762,10,58309,44.7224,3.53136
1776813060681733781,1.91107,-0.890625,-0.149717,2.64074,1.73544,1.46762,10,58327,44.7362,3.8353
1776813060686734563,1.91107,-0.876953,-0.135911,2.95834,1.60368,1.42961,10,58360,44.7616,3.83377
1776813060691812269,1.90612,-0.876953,-0.115549,2.95681,1.60368,1.42961,10,58376,44.7738,3.83606
1776813060696778276,1.90612,-0.787109,-0.103277,3.04895,1.60271,1.45605,10,58388,44.783,2.30103
1776813060701757041,1.8939,-0.787109,-0.10629,1.51392,1.60271,1.45605,10,58382,44.7784,0.153351
1776813060706738436,1.8939,0.251953,-0.110891,0.405304,2.26196,1.98698,10,58371,44.77,-1.38092
1776813060711738182,1.89219,0.251953,-0.121034,-1.12897,2.26196,1.98698,10,58368,44.7677,-0.919921
1776813060716734891,1.89219,3.47852,-0.123334,2.55859,2.87787,3.81752,10,58367,44.7669,-0.306763
1776813060721716026,1.94129,3.47852,-0.0750098,3.17175,2.87787,3.81752,10,58370,44.7692,0
1776813060726739438,1.94129,2.625,-0.0727095,2.625,2.37262,3.57589,10,58383,44.7792,1.38016
1776813060731785608,1.94129,2.625,-0.0627379,4.00516,2.37262,3.57589,10,58392,44.7861,1.53458
1776813060736781742,1.95383,2.625,-0.0432982,4.15958,2.26652,3.63768,10,58405,44.7961,1.68695
1776813060741764285,1.95383,1.51758,-0.0333266,3.20453,2.26652,3.63768,10,58417,44.8053,1.99396
1776813060746734477,1.97944,1.51758,0.00149013,3.51154,2.14708,3.1317,10,58430,44.8153,1.83877
1776813060751724779,1.97944,0.833984,0.0114617,2.67275,2.14708,3.1317,10,58442,44.8245,1.99552
1776813060756732450,1.99849,0.833984,0.0397134,2.82951,2.14025,2.83438,10,58454,44.8337,1.84208
1776813060761750603,1.99849,0.945312,0.0489183,2.78739,2.14025,2.83438,10,58467,44.8436,1.84021
1776813060766731535,2.00359,0.945312,0.0639863,2.78552,2.50235,2.92243,10,58482,44.8551,1.99472
1776813060771701949,2.00359,0.548828,0.0754914,2.54355,2.50235,2.92243,10,58498,44.8674,2.45389
1776813060776727249,2.01675,0.548828,0.100932,3.00271,3.0743,2.75973,10,58516,44.8812,2.60825
1776813060781743846,2.01675,0.441406,0.114737,3.04965,3.0743,2.75973,10,58532,44.8935,2.60668
1776813060786757536,2.01957,0.441406,0.129824,3.04809,3.47126,2.71198,10,58552,44.9088,2.75777
1776813060791733579,2.01957,-0.357422,0.145163,2.40035,3.47126,2.71198,10,58570,44.9226,2.76439
1776813060796725233,2.01879,-0.357422,0.158194,2.40697,2.8223,2.25294,10,58592,44.9395,3.06916
1776813060801722516,2.01879,-0.457031,0.17507,2.61213,2.8223,2.25294,10,58613,44.9556,3.36976
1776813060806739168,2.01879,-0.457031,0.191176,2.91273,2.43916,2.19616,10,58637,44.974,3.37989
1776813060811731989,2.01367,-0.457031,0.204455,2.92286,2.43916,2.19616,10,58653,44.9863,3.52437
1776813060816740697,2.01367,-0.591797,0.216727,2.93257,1.82087,2.09477,10,58680,45.007,3.22435
1776813060821703870,2.00319,-0.591797,0.226962,2.63256,1.82087,2.09477,10,58697,45.02,3.37592
1776813060826734078,2.00319,-0.673828,0.24,2.70209,1.94865,1.99763,10,58726,45.0423,3.37313
1776813060831728324,1.99741,-0.673828,0.256464,2.6993,1.94865,1.99763,10,58744,45.0561,3.8307
1776813060836738921,1.99741,-0.884766,0.27027,2.94594,2.06749,1.84951,10,58775,45.0799,3.68711
1776813060841741723,1.99084,-0.884766,0.28747,2.80234,2.06749,1.84951,10,58792,45.0929,3.68045
1776813060846732691,1.99084,-0.992188,0.300509,2.68826,2.10527,1.75646,10,58821,45.1151,3.52789
1776813060851775620,1.98215,-0.992188,0.314063,2.5357,2.10527,1.75646,10,58838,45.1282,3.52501
1776813060856759293,1.98215,-1,-0.301217,2.52501,2.22738,1.70984,10,58868,45.1512,3.53283
1776813060861746836,1.97695,-1,-0.283399,2.53283,2.22738,1.70984,10,58886,45.165,3.68045
1776813060866732934,1.97695,-0.96875,-0.269593,2.7117,1.90104,1.70239,10,58916,45.188,3.68121
1776813060871713292,1.95951,-0.96875,-0.264028,2.71246,1.90104,1.70239,10,58932,45.2003,3.52854
1776813060876727482,1.95951,-0.921875,-0.251756,2.60666,1.54866,1.64386,10,58961,45.2225,3.52789
1776813060881731505,1.95951,-0.921875,-0.229516,2.60601,1.54866,1.64386,10,58979,45.2363,3.52854
1776813060886727807,1.95277,-0.921875,-0.222451,2.60666,1.65636,1.61074,10,59007,45.2578,3.98865
1776813060891734626,1.95277,-0.921875,-0.200979,3.06677,1.65636,1.61074,10,59036,45.28,3.98788
1776813060896741279,1.93405,-0.921875,-0.197454,3.06601,1.54647,1.51835,10,59063,45.3008,3.83453
1776813060901739081,1.93405,-0.986328,-0.176744,2.8482,1.54647,1.51835,10,59087,45.3192,3.98788
1776813060906728753,1.92505,-0.986328,-0.167333,3.00156,1.6229,1.43698,10,59118,45.3429,4.14034
1776813060911732480,1.92505,-1.0332,-0.143556,3.10714,1.6229,1.43698,10,59144,45.3629,4.29621
1776813060916724856,1.91495,-1.0332,-0.13371,3.26301,1.74115,1.35995,10,59173,45.3851,4.29716
1776813060921833134,1.91495,-0.998047,-0.111467,3.29912,1.74115,1.35995,10,59193,45.4005,3.83453
1776813060926867453,1.90436,-0.998047,-0.106725,2.83648,1.73481,1.327,10,59204,45.4089,2.91385
1776813060931836478,1.90436,0.306641,-0.0982907,3.22049,1.73481,1.327,10,59190,45.3982,0.306702
1776813060936810003,1.89757,0.306641,-0.115815,0.613342,2.35362,2.03659,10,59181,45.3913,-2.45487
1776813060941798582,1.89757,4.56055,-0.12272,2.10568,2.35362,2.03659,10,59181,45.3913,-0.613526
1776813060946729331,1.9247,4.56055,-0.0955899,3.94702,2.88487,4.59693,10,59179,45.3897,-0.30664
1776813060951706726,1.9247,2.70703,-0.0971234,2.40039,2.88487,4.59693,10,59185,45.3943,0.15332
1776813060956757081,1.9247,2.70703,-0.0925228,2.86035,2.35676,3.54043,10,59197,45.4035,1.53213
1776813060961735920,1.95742,2.70703,-0.0505993,4.23916,2.35676,3.54043,10,59204,45.4089,1.53597
1776813060966756573,1.95742,1.65625,-0.045232,3.19222,2.19815,3.10312,10,59219,45.4204,1.68594
1776813060971715876,1.98449,1.65625,-0.00665401,3.34219,2.19815,3.10312,10,59230,45.4288,2.14939
1776813060976740899,1.98449,1.30664,0.00178412,3.45603,2.24885,3.036,10,59244,45.4396,1.84134
1776813060981722738,1.99276,1.30664,0.0207966,3.14798,2.24885,3.036,10,59253,45.4465,1.6872
1776813060986728372,1.99276,0.951172,0.0277012,2.63837,2.41126,2.8735,10,59269,45.4588,1.99432
1776813060991724619,2.01008,0.951172,0.0572918,2.9455,2.41126,2.8735,10,59278,45.4657,1.84097
1776813060996730142,2.01008,1.13086,0.0641926,2.97183,2.49658,3.05945,10,59296,45.4795,1.99393
1776813061001729129,2.01496,1.13086,0.0828731,3.12478,2.49658,3.05945,10,59307,45.4879,2.30149
1776813061006738356,2.01496,0.394531,0.0913112,2.69602,3.16663,2.66317,10,59329,45.5048,2.45361
1776813061011732843,2.02464,0.394531,0.117862,2.84814,3.16663,2.66317,10,59341,45.514,2.60849
1776813061016774921,2.02464,0.0273438,0.127066,2.63583,3.57204,2.50022,10,59363,45.5308,2.60773
1776813061021717577,2.02549,0.0273438,0.144793,2.63507,3.57204,2.50022,10,59377,45.5416,2.91443
1776813061026726453,2.02549,-0.416016,0.155532,2.49841,2.69748,2.25158,10,59402,45.5608,2.91443
1776813061031728921,2.02549,-0.416016,0.174708,2.49841,2.69748,2.25158,10,59416,45.5715,2.91385
1776813061036748723,2.01651,-0.416016,0.176463,2.49783,2.33552,2.20858,10,59437,45.5876,3.06717
1776813061041732044,2.01651,-0.457031,0.192569,2.61013,2.33552,2.20858,10,59458,45.6037,2.91577
1776813061046731938,2.00956,-0.457031,0.201731,2.45874,1.84025,2.15187,10,59481,45.6214,2.91443
1776813061051728555,2.00956,-0.455078,0.219374,2.45935,1.84025,2.15187,10,59501,45.6367,3.37448
1776813061056759059,2.00722,-0.455078,0.232375,2.9194,1.93217,2.14173,10,59526,45.6559,3.37448
1776813061061743991,2.00722,-0.658203,0.251548,2.71628,1.93217,2.14173,10,59547,45.672,3.5293
1776813061066818697,1.99856,-0.658203,0.258998,2.8711,2.19722,1.9842,10,59572,45.6912,3.67898
1776813061071730762,1.99856,-0.773438,0.27817,2.90554,2.19722,1.9842,10,59595,45.7088,3.53001
1776813061076731935,1.99471,-0.773438,0.291961,2.75657,2.2773,1.89991,10,59623,45.7303,3.8353
1776813061081743551,1.99471,-0.96875,0.313433,2.86655,2.2773,1.89991,10,59648,45.7487,4.142
1776813061086733890,1.98106,-0.96875,-0.309365,3.17325,2.23348,1.72236,10,59675,45.7702,3.98626
1776813061091825429,1.98106,-1.00195,-0.288655,2.9843,2.23348,1.72236,10,59697,45.787,3.83607
1776813061096750845,1.97598,-1.00195,-0.276864,2.83412,2.01921,1.6787,10,59723,45.807,3.52789
1776813061101788330,1.97598,-0.910156,-0.256921,2.61773,2.01921,1.6787,10,59745,45.8238,3.68266
1776813061106754745,1.97598,-0.910156,-0.240048,2.7725,1.6214,1.73102,10,59772,45.8446,3.8353
1776813061111747306,1.95889,-0.910156,-0.236417,2.92514,1.6214,1.73102,10,59790,45.8584,3.83453
1776813061116808217,1.95889,-0.941406,-0.222611,2.89313,1.53566,1.62971,10,59821,45.8821,3.83453
1776813061121766428,1.9442,-0.941406,-0.213525,2.89312,1.53566,1.62971,10,59839,45.8959,3.68045
1776813061126745397,1.9442,-1.02148,-0.199719,2.65896,1.59148,1.51179,10,59870,45.9197,3.68342
1776813061131743792,1.9338,-1.02148,-0.186353,2.66193,1.59148,1.51179,10,59889,45.9343,3.98788
1776813061136732076,1.9338,-1.06055,-0.171781,2.92734,1.76079,1.43807,10,59923,45.9604,3.98705
1776813061141772135,1.92382,-1.06055,-0.155679,2.92651,1.76079,1.43807,10,59941,45.9742,3.99024
1776813061146753901,1.92382,-1.03906,-0.141873,2.95118,1.75795,1.4008,10,59973,45.9987,3.83453
1776813061151739333,1.91355,-1.03906,-0.127599,2.79547,1.75795,1.4008,10,59989,46.011,3.68121
1776813061156749708,1.91355,-0.919922,-0.115327,2.76129,1.73092,1.41752,10,60001,46.0202,2.60825
1776813061161789916,1.90381,-0.919922,-0.115865,1.68833,1.73092,1.41752,10,59994,46.0148,0.30664
1776813061166757182,1.90381,2.54883,-0.121236,2.85547,2.48109,3.34595,10,59981,46.0049,-1.99432
1776813061171772428,1.91034,2.54883,-0.124669,0.554504,2.48109,3.34595,10,59980,46.0041,-0.766908
1776813061176746990,1.91034,3.62109,-0.125436,2.85419,2.77282,3.98987,10,59981,46.0049,-0.15332
1776813061181737552,1.91034,3.62109,-0.124669,3.46777,2.77282,3.98987,10,59986,46.0087,0.460052
1776813061186742112,1.94839,3.62109,-0.0827836,4.08115,2.95634,4.17871,10,59997,46.0171,1.38016
1776813061191729563,1.94839,0.888672,-0.0743455,2.26883,2.95634,4.17871,10,60013,46.0294,1.99432
1776813061196735531,1.97851,0.888672,-0.0319604,2.883,2.46444,2.76869,10,60032,46.044,2.45241
1776813061201732167,1.97851,0.845703,-0.0173883,3.29812,2.46444,2.76869,10,60046,46.0547,2.60981
1776813061206737894,1.9908,0.845703,0.00564485,3.45552,2.11053,2.80389,10,60061,46.0662,2.14767
1776813061211729048,1.9908,0.539062,0.01715,2.68674,2.11053,2.80389,10,60074,46.0762,2.14767
1776813061216755868,1.99889,0.539062,0.0352011,2.68674,2.25181,2.6682,10,60091,46.0892,2.30103
1776813061221717245,1.99889,0.705078,0.0482398,3.0061,2.25181,2.6682,10,60105,46.1,2.30057
1776813061226739528,2.0058,0.705078,0.065898,3.00564,2.64415,2.79619,10,60123,46.1138,2.45438
1776813061231734145,2.0058,0.232422,0.0797034,2.6868,2.64415,2.79619,10,60141,46.1276,2.75832
1776813061236737983,2.01026,0.232422,0.097972,2.99074,3.07983,2.54822,10,60163,46.1444,2.91793
1776813061241727989,2.01026,0.113281,0.114844,3.03121,3.07983,2.54822,10,60181,46.1582,3.06778
1776813061246724699,2.01127,0.113281,0.129657,3.18106,3.21394,2.48516,10,60203,46.1751,3.06839
1776813061251724260,2.01127,-0.398438,0.146529,2.66996,3.21394,2.48516,10,60223,46.1905,3.22189
1776813061256741505,2.00571,-0.398438,0.169349,2.66934,2.71697,2.19348,10,60250,46.2112,3.06778
1776813061261747029,2.00571,-0.398438,0.169349,2.66934,2.71697,2.19348,10,60250,46.2112,3.06778
1776813061266764590,2.00142,-0.583984,0.198039,2.63533,2.23174,2.06097,10,60292,46.2434,3.21932
1776813061271729634,2.00142,-0.662109,0.204944,2.55721,1.84822,1.99577,10,60313,46.2595,3.22371
1776813061276738343,1.99678,-0.662109,0.216411,2.5616,1.84822,1.99577,10,60328,46.271,3.22177
1776813061281757051,1.99678,-0.671875,0.227916,2.5499,1.84822,1.99577,10,60348,46.2863,3.22189
1776813061286739465,1.99459,-0.671875,0.241065,2.55002,1.62361,1.95722,10,60367,46.3009,3.21984
1776813061291738526,1.99459,-0.697266,0.255641,2.52258,1.62361,1.95722,10,60393,46.3209,3.37583
1776813061296725847,1.98513,-0.697266,0.266116,2.67857,1.92024,1.8969,10,60417,46.3393,3.37457
1776813061301737686,1.98513,-0.740234,0.284526,2.63433,1.92024,1.8969,10,60438,46.3554,3.68192
1776813061306725025,1.98229,-0.740234,0.297793,2.94168,2.09705,1.85862,10,60462,46.3738,3.52648
1776813061311727956,1.98229,-0.871094,-0.312119,2.65539,1.90946,1.78403,10,60489,46.3945,3.22306
1776813061316730943,1.97116,-0.871094,-0.30254,2.35197,1.90946,1.78403,10,60507,46.4083,3.52713
1776813061321719820,1.97116,-0.886719,-0.288735,2.64041,1.90946,1.78403,10,60529,46.4252,3.5293
1776813061326736065,1.96114,-0.886719,-0.266541,2.64041,2.07077,1.7209,10,60559,46.4482,3.52713
1776813061331732497,1.96114,-0.886719,-0.266541,2.64041,2.07077,1.7209,10,60559,46.4482,3.52713
1776813061336739576,1.94391,-0.802734,-0.24849,2.73004,1.96028,1.71976,10,60607,46.485,3.53278
1776813061341730286,1.94391,-0.783203,-0.239289,2.74957,1.82829,1.64615,10,60631,46.5034,3.68268
1776813061346723885,1.9386,-0.783203,-0.226185,2.89948,1.82829,1.64615,10,60652,46.5195,3.98629
1776813061351721112,1.9386,-0.824219,-0.21008,3.16207,1.82829,1.64615,10,60678,46.5394,4.14283
1776813061356813707,1.93053,-0.824219,-0.198208,3.31861,1.56982,1.55659,10,60706,46.5609,4.14124
1776813061361748456,1.93053,-0.863281,-0.176732,3.27795,1.56982,1.55659,10,60730,46.5793,3.98466
1776813061366746036,1.92248,-0.863281,-0.166371,3.12138,1.27409,1.49434,10,60753,46.597,3.83914
1776813061371709043,1.92248,-0.871094,-0.148732,2.96804,1.27409,1.49434,10,60782,46.6192,3.98788
1776813061376733158,1.91364,-0.871094,-0.135331,3.11679,1.35192,1.44581,10,60809,46.6399,4.14283
1776813061381737460,1.91364,-0.832031,-0.114621,3.3108,1.35192,1.44581,10,60826,46.653,3.37448
1776813061386737021,1.90452,-0.832031,-0.110707,2.54245,1.50572,1.42242,10,60823,46.6507,1.8406
1776813061391749248,1.90452,1.06641,-0.113007,2.90701,1.50572,1.42242,10,60806,46.6376,-1.99393
1776813061396768198,1.90452,1.06641,-0.126046,-0.927519,2.60235,2.50452,10,60804,46.6361,-1.38043
1776813061401743149,1.89721,1.06641,-0.134888,-0.314027,2.60235,2.50452,10,60802,46.6345,-0.306702
1776813061406748191,1.89721,3.2793,-0.136426,2.9726,2.68012,3.72919,10,60803,46.6353,-0.460908
1776813061411732253,1.94996,3.2793,-0.0829055,2.81839,2.68012,3.72919,10,60812,46.6422,1.074
1776813061416741166,1.94996,2.48633,-0.0760047,3.56033,2.23402,3.5396,10,60820,46.6484,1.07324
1776813061421707858,1.96295,2.48633,-0.0568816,3.55957,2.23402,3.5396,10,60830,46.656,1.53489
1776813061426732122,1.96295,1.49023,-0.049214,3.02512,2.31215,3.0356,10,60845,46.6675,1.99353
1776813061431728220,1.98635,1.49023,-0.0143019,3.48376,2.31215,3.0356,10,60854,46.6744,1.84095
1776813061436732911,1.98635,1.09961,-0.00739734,2.94056,2.02792,2.92704,10,60870,46.6867,1.68695
1776813061441736286,1.99311,1.09961,0.0116342,2.78656,2.02792,2.92704,10,60877,46.6921,1.99512
1776813061446820288,1.99311,0.970703,0.0170015,2.96582,2.45642,2.88631,10,60892,46.7036,1.68762
1776813061451750630,2.00834,0.970703,0.0437349,2.65833,2.45642,2.88631,10,60901,46.7105,1.84021
1776813061456729155,2.00834,1.0957,0.0506395,2.93591,3.05763,3.03103,10,60920,46.7251,2.14767
1776813061461765585,2.01279,1.0957,0.0696595,3.24338,3.05763,3.03103,10,60932,46.7343,2.30057
1776813061466737129,2.01279,0.40625,0.0788644,2.70682,3.52653,2.65943,10,60953,46.7504,2.60773
1776813061471731172,2.01279,0.40625,0.0949701,3.01398,3.52653,2.65943,10,60965,46.7596,2.45438
1776813061476736103,2.01682,0.40625,0.108207,2.86063,3.3708,2.67878,10,60983,46.7734,2.60825
1776813061481739831,2.01682,-0.351562,0.122012,2.25669,3.3708,2.67878,10,61004,46.7895,2.76053
1776813061486726744,2.01565,-0.351562,0.136951,2.40896,2.78078,2.24122,10,61026,46.8064,2.91501
1776813061491748508,2.01565,-0.466797,0.153823,2.44821,2.78078,2.24122,10,61045,46.8209,3.06854
1776813061496759402,2.01353,-0.466797,0.166274,2.60175,2.3042,2.16534,10,61068,46.8386,3.37313
1776813061501767704,2.01353,-0.623047,0.183914,2.75008,2.3042,2.16534,10,61087,46.8531,3.21984
1776813061506742673,2.00519,-0.623047,0.190147,2.5968,2.00712,2.03619,10,61106,46.8677,3.21675
1776813061511762437,2.00519,-0.632812,0.204719,2.58393,2.00712,2.03619,10,61127,46.8831,3.22888
1776813061516752036,2.0031,-0.632812,0.218742,2.59607,1.74268,2.02057,10,61153,46.9038,3.68118
1776813061521776911,2.0031,-0.755859,0.238681,2.92532,1.74268,2.02057,10,61182,46.926,3.83453
1776813061526769972,1.99193,-0.755859,0.249755,3.07867,1.71411,1.89646,10,61209,46.9467,3.98865
1776813061531731943,1.99193,-0.810547,0.270465,3.1781,1.71411,1.89646,10,61232,46.9644,3.98788
1776813061536728522,1.98768,-0.810547,0.283851,3.17734,1.79893,1.84469,10,61253,46.9805,3.68268
1776813061541732417,1.98768,-0.945312,0.299957,2.73737,1.79893,1.84469,10,61282,47.0027,3.83377
1776813061546815326,1.97127,-0.945312,-0.30642,2.88998,2.04128,1.76788,10,61314,47.0272,3.8353
1776813061551762019,1.97127,-0.988281,-0.297982,2.84702,2.02555,1.66354,10,61337,47.0449,3.68192
1776813061556776191,1.96253,-0.988281,-0.289086,2.69364,2.02555,1.66354,10,61355,47.0587,3.68195
1776813061561744068,1.96253,-0.949219,-0.27528,2.73273,2.02555,1.66354,10,61377,47.0756,3.67677
1776813061566736944,1.95384,-0.949219,-0.26709,2.72755,1.72388,1.60045,10,61398,47.0917,3.52718
1776813061571711062,1.95384,-0.921875,-0.250985,2.60531,1.72388,1.60045,10,61421,47.1093,3.68634
1776813061576740604,1.95119,-0.921875,-0.235993,2.76447,1.46095,1.60299,10,61447,47.1293,3.8353
1776813061581732702,1.95119,-0.941406,-0.216053,2.89389,1.46095,1.60299,10,61475,47.1507,3.68118
1776813061586743152,1.93636,-0.941406,-0.209404,2.73978,1.32318,1.51868,10,61500,47.1699,3.68268
1776813061591785489,1.93636,-0.986328,-0.190228,2.69635,1.39772,1.49307,10,61529,47.1922,3.68118
1776813061596805197,1.92748,-0.986328,-0.176869,2.69485,1.39772,1.49307,10,61549,47.2075,3.68195
1776813061601758983,1.92748,-0.947266,-0.161526,2.73468,1.65818,1.47131,10,61581,47.232,3.98788
1776813061606798505,1.91803,-0.947266,-0.146431,3.04062,1.65818,1.47131,10,61600,47.2466,3.98865
1776813061611747550,1.91803,-0.884766,-0.131859,3.10388,1.65818,1.47131,10,61617,47.2596,3.37448
1776813061616734797,1.89788,-0.884766,-0.135144,1.4158,1.65611,1.45992,10,61616,47.2589,2.30057
1776813061621716470,1.89788,2.72852,-0.139744,5.02908,2.59581,3.4186,10,61603,47.2489,-1.07324
1776813061626728401,1.89808,2.72852,-0.14951,1.65527,2.59581,3.4186,10,61600,47.2466,-1.84171
1776813061631729406,1.89808,4.52344,-0.15181,2.68173,2.59581,3.4186,10,61600,47.2466,-0.30664
1776813061636732708,1.92527,4.52344,-0.124623,4.2168,2.96814,4.57863,10,61601,47.2474,0.153351
1776813061641739417,1.92527,2.4668,-0.123856,2.62015,2.96814,4.57863,10,61613,47.2566,0.766601
1776813061646727793,1.95736,2.4668,-0.0825657,3.2334,2.82802,3.56483,10,61621,47.2627,1.38147
1776813061651737095,1.95736,0.705078,-0.0764317,2.08655,2.2499,2.56065,10,61642,47.2788,1.53351
1776813061656733415,1.9721,0.705078,-0.0455822,2.23859,2.2499,2.56065,10,61653,47.2873,2.91461
1776813061661728625,1.9721,0.363281,-0.0371441,3.27789,2.08093,2.43797,10,61672,47.3018,2.76108
1776813061666729279,1.98493,0.363281,-0.00974695,3.12436,2.08093,2.43797,10,61685,47.3118,1.83947
1776813061671710007,1.98493,0.445312,0.000224675,2.28479,2.08093,2.43797,10,61698,47.3218,2.45585
1776813061676728993,1.98123,0.445312,0.0164715,2.74588,2.05621,2.54717,10,61717,47.3363,2.30057
1776813061681738610,1.98123,0.697266,0.021072,2.99783,2.36551,2.67282,10,61731,47.3471,1.99393
1776813061686730690,1.98985,0.697266,0.0404278,2.69119,2.36551,2.67282,10,61744,47.3571,2.30195
1776813061691754509,1.98985,0.515625,0.0503994,2.81757,2.36551,2.67282,10,61760,47.3693,2.60721
1776813061696749182,1.99417,0.515625,0.0669971,3.12283,2.92444,2.63205,10,61775,47.3808,2.60825
1776813061701731651,1.99417,0.326172,0.0785023,2.93442,2.92444,2.63205,10,61791,47.3931,2.60721
1776813061706725231,1.99538,0.326172,0.0919796,2.93338,2.9475,2.52989,10,61812,47.4092,2.91443
1776813061711762735,1.99538,-0.234375,0.108085,2.68005,2.9475,2.52989,10,61833,47.4253,2.91112
1776813061716754426,1.99694,-0.234375,0.125751,2.67674,2.68213,2.21793,10,61850,47.4384,2.9156
1776813061721710267,1.99694,-0.361328,0.13879,2.55427,2.68213,2.21793,10,61867,47.4514,2.91501
1776813061726728679,1.99672,-0.361328,0.151607,2.55368,2.16348,2.1445,10,61888,47.4675,2.91676
1776813061731726722,1.99672,-0.423828,0.167717,2.49293,2.16348,2.1445,10,61910,47.4844,2.91501
1776813061736736042,1.99137,-0.423828,0.179248,2.49118,2.00621,2.08303,10,61929,47.4989,3.22125
1776813061741726899,1.99137,-0.4375,0.193821,2.78375,2.00621,2.08303,10,61948,47.5135,3.22177
1776813061746729757,1.98495,-0.4375,0.219608,2.78299,2.00643,2.07523,10,61981,47.5388,3.22049
1776813061751737299,1.98495,-0.59375,0.227275,2.62674,1.9281,1.95502,10,62001,47.5542,3.37592
1776813061756759341,1.97757,-0.59375,0.235244,2.78217,1.9281,1.95502,10,62017,47.5664,3.06778
1776813061761736921,1.97757,-0.796875,0.247516,2.2709,2.11838,1.80337,10,62044,47.5872,3.37313
1776813061766734557,1.9686,-0.796875,0.25925,2.57626,2.11838,1.80337,10,62062,47.601,3.37592
1776813061771711100,1.9686,-0.820312,0.273056,2.55561,2.11838,1.80337,10,62084,47.6178,3.52854
1776813061776737494,1.96282,-0.820312,0.284153,2.70823,2.12526,1.71798,10,62103,47.6324,3.52642
1776813061781727185,1.96282,-0.808594,0.298725,2.71783,2.12526,1.71798,10,62129,47.6523,3.37659
1776813061786731209,1.96087,-0.808594,-0.3116,2.568,2.0206,1.7151,10,62154,47.6715,3.52783
1776813061791729363,1.96087,-0.769531,-0.292427,2.7583,1.75626,1.73737,10,62183,47.6938,3.68121
1776813061796735720,1.94815,-0.769531,-0.282902,2.91168,1.75626,1.73737,10,62203,47.7091,3.83223
1776813061801730189,1.94815,-0.765625,-0.267563,3.06661,1.61379,1.6771,10,62234,47.7329,3.83683
1776813061806740101,1.93805,-0.765625,-0.253887,3.07121,1.61379,1.6771,10,62254,47.7482,3.98868
1776813061811740107,1.93805,-0.796875,-0.238548,3.19181,1.61379,1.6771,10,62278,47.7666,3.8353
1776813061816736001,1.93003,-0.796875,-0.210522,3.03689,1.62657,1.60944,10,62313,47.7935,3.83377
1776813061821709841,1.93003,-0.871094,-0.201317,2.96267,1.69882,1.52739,10,62338,47.8126,4.14366
1776813061826761141,1.91755,-0.871094,-0.194622,3.27256,1.69882,1.52739,10,62358,47.828,4.13703
1776813061831745203,1.91755,-0.880859,-0.179283,3.25617,1.69882,1.52739,10,62381,47.8456,3.83914
1776813061836741246,1.91286,-0.880859,-0.166329,2.95828,1.74848,1.43635,10,62401,47.861,3.52859
1776813061841735251,1.91286,-0.882812,-0.15099,2.64578,1.74848,1.43635,10,62420,47.8755,3.52783
1776813061846742090,1.90833,-0.882812,-0.140946,2.64502,1.57268,1.41258,10,62427,47.8809,2.14725
1776813061851737855,1.90833,-0.123047,-0.135578,2.0242,1.57268,1.41258,10,62414,47.8709,-0.613281
1776813061856753508,1.89575,-0.123047,-0.158138,-0.736328,2.45569,1.7825,10,62408,47.8663,-1.99512
1776813061861793697,1.89575,2.16211,-0.162739,0.166988,2.45569,1.7825,10,62407,47.8656,-0.459409
1776813061866738501,1.89808,2.16211,-0.161167,1.7027,2.77012,3.09678,10,62405,47.864,-0.153566
1776813061871711453,1.89808,2.79883,-0.162701,2.64526,2.77012,3.09678,10,62413,47.8702,0
1776813061876786048,1.95848,2.79883,-0.0961725,2.79883,2.05036,3.75959,10,62420,47.8755,1.68652
1776813061881784868,1.95848,2.29688,-0.0823671,3.67807,2.44126,3.47348,10,62436,47.8878,1.3812
1776813061886730913,1.96075,2.29688,-0.076256,3.67807,2.44126,3.47348,10,62445,47.8947,1.68796
1776813061891770028,1.96075,1.51367,-0.0693552,3.20163,2.44126,3.47348,10,62457,47.9039,1.83984
1776813061896744201,1.98423,1.51367,-0.0366747,3.35351,2.22052,3.15274,10,62469,47.9131,2.1481
1776813061901757188,1.98423,0.835938,-0.0274698,2.98404,2.22052,3.15274,10,62484,47.9246,2.14725
1776813061906728361,1.99025,0.835938,-0.00993745,2.98318,2.41838,2.79566,10,62497,47.9346,1.84097
1776813061911740570,1.99025,0.900391,3.03809e-05,2.74136,3.14783,2.8324,10,62511,47.9453,1.68762
1776813061916740428,2.00912,0.900391,0.0296362,2.58801,3.14783,2.8324,10,62522,47.9538,1.99356
1776813061921743433,2.00912,0.693359,0.0380744,2.68692,3.14783,2.8324,10,62536,47.9645,2.14553
1776813061926727439,2.01279,0.693359,0.0524863,2.83889,2.87372,2.82311,10,62549,47.9745,2.30379
1776813061931727149,2.01279,0.308594,0.0624579,2.61238,2.87372,2.82311,10,62565,47.9868,2.60356
1776813061936735950,2.01857,0.308594,0.0805052,2.91216,3.43621,2.63149,10,62585,48.0021,2.61138
1776813061941750288,2.01857,0.0371094,0.0958441,2.64849,3.43621,2.63149,10,62607,48.019,2.91443
1776813061946745183,2.01878,0.0371094,0.112926,2.95154,3.0626,2.47775,10,62625,48.0328,3.21803
1776813061951824519,2.01878,-0.416016,0.126732,2.80202,3.0626,2.47775,10,62648,48.0496,2.91735
1776813061956777934,2.00495,-0.416016,0.143581,2.8064,2.36444,2.21947,10,62675,48.0711,3.22242
1776813061961738885,2.00495,-0.416016,0.143581,2.8064,2.36444,2.21947,10,62675,48.0711,3.22242
1776813061966746742,1.99461,-0.632812,0.168522,2.89573,2.04488,2.02947,10,62721,48.1064,3.52854
1776813061971745896,1.99461,-0.568359,0.176189,2.96018,1.84449,2.01629,10,62744,48.124,3.52713
1776813061976735569,1.98857,-0.568359,0.187794,2.95877,1.84449,2.01629,10,62761,48.1371,3.68195
1776813061981738945,1.98857,-0.638672,0.200832,3.04327,1.84449,2.01629,10,62783,48.154,3.37448
1776813061986849705,1.98566,-0.638672,0.214798,2.73581,1.93023,1.93287,10,62804,48.1701,3.68268
1776813061991765195,1.98566,-0.738281,0.230903,2.9444,1.93023,1.93287,10,62832,48.1915,3.68045
1776813061996746369,1.97873,-0.738281,0.245449,2.94217,2.08911,1.8424,10,62853,48.2076,3.68268
1776813062001728282,1.97873,-0.835938,0.261555,2.84674,2.08911,1.8424,10,62879,48.2276,3.68118
1776813062006731751,1.97054,-0.835938,0.273308,2.84525,2.23466,1.74681,10,62898,48.2422,3.52789
1776813062011730424,1.97054,-0.861328,0.28788,2.66656,2.23466,1.74681,10,62924,48.2621,3.37516
1776813062016734282,1.96143,-0.861328,0.298714,2.51383,1.98273,1.68778,10,62943,48.2767,3.52572
1776813062021715103,1.96143,-0.818359,0.313286,2.70736,1.98273,1.68778,10,62969,48.2966,3.37659
1776813062026742349,1.94613,-0.818359,-0.295048,2.86282,1.63038,1.71227,10,62999,48.3196,3.68118
1776813062031734652,1.94613,-0.683594,-0.287376,2.99759,1.58737,1.71389,10,63020,48.3357,3.37524
1776813062036730973,1.93523,-0.683594,-0.282177,2.69165,1.58737,1.71389,10,63036,48.348,3.22177
1776813062041735812,1.93523,-0.666016,-0.269905,2.55576,1.58737,1.71389,10,63058,48.3649,3.37448
1776813062046736392,1.93221,-0.666016,-0.256046,2.70847,1.7305,1.65511,10,63078,48.3802,3.52789
1776813062051739879,1.92578,-0.705078,-0.229496,2.97537,1.85147,1.60091,10,63113,48.4071,3.68045
1776813062056738959,1.92578,-0.705078,-0.229496,2.97537,1.85147,1.60091,10,63113,48.4071,3.68045
1776813062061729836,1.92578,-0.705078,-0.229496,2.97537,1.85147,1.60091,10,63113,48.4071,3.68045
1776813062066723602,1.92578,-0.705078,-0.229496,2.97537,1.85147,1.60091,10,63113,48.4071,3.68045
1776813062071714552,1.92578,-0.705078,-0.229496,2.97537,1.85147,1.60091,10,63113,48.4071,3.68045
