timestamp,torso_pitch,torso_pitch_rate,wheel_pos,wheel_vel,wheel_torque,wheel_cmd_torque,mot_drv_mode,encoder_steps,encoder_ang,encoder_speed
1776813441960891423,0,0,0,0,0,0,0,-1,-0.00076699,0
1776813441965742475,0,0,0.314159,0,0,0,0,-1,-0.00076699,0
1776813441970693265,0,0,0.314159,0,0,0,0,-1,-0.00076699,0
1776813441975692684,0,0,0.314159,0,0,0,0,-1,-0.00076699,0
1776813441980681195,0,0,0.314159,0,0,0,0,-1,-0.00076699,0
1776813441985681855,0,0,0.314159,0,0,0,0,-1,-0.00076699,0
1776813441990718866,0,0,0.314159,0,0,0,0,-1,-0.00076699,0
1776813441995692452,0,0,0.314159,0,0,0,0,-1,-0.00076699,0
1776813442000716574,0,0,0.314159,0,0,0,0,-1,-0.00076699,0
1776813442005680808,0,0,0.314159,0,0,0,0,-1,-0.00076699,0
1776813442010677634,0,0,0.314159,0,0,0,0,-1,-0.00076699,0
1776813442015676665,0,0,0.314159,0,0,0,0,-1,-0.00076699,0
1776813442020684472,0,0,0.314159,0,0,0,0,-1,-0.00076699,0
1776813442025684614,0,0,0.314159,0,0,0,0,-1,-0.00076699,0
1776813442030690403,0,0,0.314159,0,0,0,0,-1,-0.00076699,0
1776813442035829560,0,0,0.314159,0,0,0,0,-1,-0.00076699,0
1776813442040750240,0,0,0.314159,0,0,0,0,-1,-0.00076699,0
1776813442045689715,0,0,0.314159,0,0,0,0,-1,-0.00076699,0
1776813442050701208,0,0,0.314159,0,0,0,0,-1,-0.00076699,0
1776813442055688776,0,0,0.314159,0,0,0,0,-1,-0.00076699,0
1776813442060687139,0,0,0.314159,0,0,0,0,-1,-0.00076699,0
1776813442065687058,0,0,0.314159,0,0,0,0,-1,-0.00076699,0
1776813442070682162,0,0,0.314159,0,0,0,0,-1,-0.00076699,0
1776813442075691266,0,0,0.314159,0,0,0,0,-1,-0.00076699,0
1776813442080686759,0,0,0.314159,0,0,0,0,-1,-0.00076699,0
1776813442085692900,0,0,0.314159,0,0,0,0,-1,-0.00076699,0
1776813442090691227,0,0,0.314159,0,0,0,0,-1,-0.00076699,0
1776813442095692868,0,0,0.314159,0,0,0,0,-1,-0.00076699,0
1776813442100683584,0,0,0.314159,0,0,0,0,-1,-0.00076699,0
1776813442105684947,0,0,0.314159,0,0,0,0,-1,-0.00076699,0
1776813442110681644,0,0,0.314159,0,0,0,0,-1,-0.00076699,0
1776813442115689377,0,0,0.314159,0,0,0,0,-1,-0.00076699,0
1776813442120690222,0,0,0.314159,0,0,0,0,-1,-0.00076699,0
1776813442125681882,0,0,0.314159,0,0,0,0,-1,-0.00076699,0
1776813442130685116,0,0,0.314159,0,0,0,0,-1,-0.00076699,0
1776813442135686924,0,0,0.314159,0,0,0,0,-1,-0.00076699,0
1776813442140686658,0,0,0.314159,0,0,0,0,-1,-0.00076699,0
1776813442145693502,nan,0.00195312,inf,0.00195312,0,0,2,-1,-0.00076699,0
1776813442150684810,nan,0.00195312,inf,0.00195312,0,0,11,-1,-0.00076699,0
1776813442155684230,nan,0.00195312,inf,0.00195312,0,0,0,-1,-0.00076699,0
1776813442160666982,nan,0.00195312,inf,0.00195312,0,0,3,-1,-0.00076699,0
1776813442165677882,nan,0.00195312,inf,0.00195312,0,0,3,-1,-0.00076699,0
1776813442170697320,nan,0.00195312,inf,0.00195312,0,0,10,-1,-0.00076699,0
1776813442175695183,3.09799,0.00195312,0.314159,0.00195312,0,0,10,-1,-0.00076699,0
1776813442180680639,3.09799,0.0078125,0.314159,0.0078125,0,0,10,-1,-0.00076699,0
1776813442185712854,3.09799,0.0078125,0.314159,0.0078125,0,0,10,-1,-0.00076699,0
1776813442190783438,3.09799,0.00195312,0.314159,0.00195312,0,0,10,-1,-0.00076699,0
1776813442195719229,3.09799,0.00195312,0.314159,0.00195312,0,0,10,-1,-0.00076699,0
1776813442200687556,3.09799,0.00976562,0.314159,0.00976562,0,0,10,-1,-0.00076699,0
1776813442205682901,3.09799,0.00976562,0.314159,0.00976562,0,0,10,-1,-0.00076699,0
1776813442210670265,3.09799,0.00585938,0.314159,0.00585938,0,0,10,-1,-0.00076699,0
1776813442215678961,3.09811,0.00585938,0.314159,0.00585938,0,0,10,-1,-0.00076699,0
1776813442220730953,3.09811,0,0.314159,0,0,0,10,-1,-0.00076699,0
1776813442225703095,3.09811,0,0.314159,0,0,0,10,-1,-0.00076699,0
1776813442230695255,3.09811,0.00195312,0.314159,0.00195312,0,0,10,-1,-0.00076699,0
1776813442235684322,3.09811,0.00195312,0.314159,0.00195312,0,0,10,-1,-0.00076699,0
1776813442240683482,3.09811,-0.00390625,0.314159,-0.00390625,0,0,10,-1,-0.00076699,0
1776813442245686753,3.09811,-0.00390625,0.314159,-0.00390625,0,0,10,-1,-0.00076699,0
1776813442250698653,3.09811,-0.00390625,0.314159,-0.00390625,0,0,10,-1,-0.00076699,0
1776813442255682554,3.09811,0.00390625,0.314159,0.00390625,0,0,10,-1,-0.00076699,0
1776813442260683732,3.09811,0.00195312,0.314159,0.00195312,0,0,10,-1,-0.00076699,0
1776813442265683170,3.09811,0.00195312,0.314159,0.00195312,0,0,10,-1,-0.00076699,0
1776813442270702958,3.09811,0.00195312,0.314159,0.00195312,0,0,10,-1,-0.00076699,0
1776813442275678434,3.09811,0,0.314159,0,0,0,10,-1,-0.00076699,0
1776813442280687945,3.09811,0,0.314159,0,0,0,10,-1,-0.00076699,0
1776813442285684049,3.09811,0.00195312,0.314159,0.00195312,0,0,10,-1,-0.00076699,0
1776813442290689524,3.09811,0.00195312,0.314159,0.00195312,0,0,10,-1,-0.00076699,0
1776813442295678684,3.09811,-0.00195312,0.314159,-0.00195312,0,0,10,-1,-0.00076699,0
1776813442300675399,3.09811,-0.00195312,0.314159,-0.00195312,0,0,10,-1,-0.00076699,0
1776813442305678985,3.09811,-0.00195312,0.314159,-0.00195312,0,0,10,-1,-0.00076699,0
1776813442310686811,3.09811,-0.00195312,0.314159,-0.00195312,0,0,10,-1,-0.00076699,0
1776813442315681804,3.09811,-0.00585938,0.314159,-0.00585938,0,0,10,-1,-0.00076699,0
1776813442320682001,3.09799,-0.00585938,0.314159,-0.00585938,0,0,10,-1,-0.00076699,0
1776813442325684920,3.09799,0.00195312,0.314159,0.00195312,0,0,10,-1,-0.00076699,0
1776813442330683931,3.09799,0.00195312,0.314159,0.00195312,0,0,10,-1,-0.00076699,0
1776813442335705424,3.09799,0.00390625,0.314159,0.00390625,0,0,10,-1,-0.00076699,0
1776813442340751842,3.09811,0.00585938,0.314159,0.00585938,0,0,10,-1,-0.00076699,0
1776813442345724558,3.09811,0.00585938,0.314159,0.00585938,0,0,10,-1,-0.00076699,0
1776813442350689052,3.09811,0.00390625,0.314159,0.00390625,0,0,10,-1,-0.00076699,0
1776813442355699155,3.09811,0.00390625,0.314159,0.00390625,0,0,10,-1,-0.00076699,0
1776813442360661279,3.09811,0,0.314159,0,0,0,10,-1,-0.00076699,0
1776813442365676475,3.09811,0,0.314159,0,0,0,10,-1,-0.00076699,0
1776813442370689376,3.09811,-0.00585938,0.314159,-0.00585938,0,0,10,-1,-0.00076699,0
1776813442375680906,3.09811,-0.00585938,0.314159,-0.00585938,0,0,10,-1,-0.00076699,0
1776813442380717287,3.09811,-0.00585938,0.314159,-0.00585938,0,0,10,-1,-0.00076699,0
1776813442385690244,3.09811,-0.00585938,0.314159,-0.00585938,0,0,10,-1,-0.00076699,0
1776813442390682292,3.09811,-0.00195312,0.314159,-0.00195312,0,0,10,-1,-0.00076699,0
1776813442395699415,3.09799,-0.00195312,0.314159,-0.00195312,0,0,10,-1,-0.00076699,0
1776813442400685593,3.09799,-0.00195312,0.314159,-0.00195312,0,0,10,-1,-0.00076699,0
1776813442405690734,3.09799,-0.00195312,0.314159,-0.00195312,0,0,10,-1,-0.00076699,0
1776813442410658895,3.09799,-0.00195312,0.314159,-0.00195312,0,0,10,-1,-0.00076699,0
1776813442415674517,3.09799,-0.00195312,0.314159,-0.00195312,0,0,10,-1,-0.00076699,0
1776813442420682769,3.09799,0.00390625,0.314159,0.00390625,0,0,10,-1,-0.00076699,0
1776813442425679762,3.09799,0.00390625,0.314159,0.00390625,0,0,10,-1,-0.00076699,0
1776813442430690237,3.09799,-0.00390625,0.314159,-0.00390625,0,0,10,-1,-0.00076699,0
1776813442435683860,3.09799,-0.00390625,0.314159,-0.00390625,0,0,10,-1,-0.00076699,0
1776813442440685186,3.09799,-0.00390625,0.314159,-0.00390625,0,0,10,-1,-0.00076699,0
1776813442445687031,3.09799,-0.00390625,0.314159,-0.00390625,0,0,10,-1,-0.00076699,0
1776813442450696542,3.09799,-0.00390625,0.314159,-0.00390625,0,0,10,-1,-0.00076699,0
1776813442455680647,3.09799,-0.00195312,0.314159,-0.00195312,0,0,10,-1,-0.00076699,0
1776813442460688788,3.09799,-0.00195312,0.314159,-0.00195312,0,0,10,-1,-0.00076699,0
1776813442465681707,3.09799,0,0.314159,0,0,0,10,-1,-0.00076699,0
1776813442470743495,3.09799,0,0.314159,0,0,0,10,-1,-0.00076699,0
1776813442475691656,3.09799,0.00390625,0.314159,0.00390625,0,0,10,-1,-0.00076699,0
1776813442480691279,3.09799,0.00390625,0.314159,0.00390625,0,0,10,-1,-0.00076699,0
1776813442485688531,3.09799,0,0.314159,0,0,0,10,-1,-0.00076699,0
1776813442490687357,3.09799,0,0.314159,0,0,0,10,-1,-0.00076699,0
1776813442495687147,3.09799,0.00390625,0.314159,0.00390625,0,0,10,-1,-0.00076699,0
1776813442500693788,3.09799,0.00390625,0.314159,0.00390625,0,0,10,-1,-0.00076699,0
1776813442505702836,3.09799,0,0.314159,0,0,0,10,-1,-0.00076699,0
1776813442510668293,3.09799,0,0.314159,0,0,0,10,-1,-0.00076699,0
1776813442515677878,3.09799,0.00585938,0.314159,0.00585938,0,0,10,-1,-0.00076699,0
1776813442520681020,3.09799,0.00585938,0.314159,0.00585938,0,0,10,-1,-0.00076699,0
1776813442525729215,3.09799,0.00195312,0.314159,0.00195312,0,0,10,-1,-0.00076699,0
1776813442530684839,3.09798,0.00195312,0.314159,0.00195312,0,0,10,-1,-0.00076699,0
1776813442535681999,3.09798,-0.00390625,0.314159,-0.00390625,0,0,10,-1,-0.00076699,0
1776813442540679288,3.09799,-0.00390625,0.314159,-0.00390625,0,0,10,-1,-0.00076699,0
1776813442545685874,3.09799,-0.00390625,0.314159,-0.00390625,0,0,10,-1,-0.00076699,0
1776813442550679145,3.09798,-0.00390625,0.314159,-0.00390625,0,0,10,-1,-0.00076699,0
1776813442555684675,3.09798,0,0.314159,0,0,0,10,-1,-0.00076699,0
1776813442560668131,3.09798,0,0.314159,0,0,0,10,-1,-0.00076699,0
1776813442565675939,3.09798,-0.00195312,0.314159,-0.00195312,0,0,10,-1,-0.00076699,0
1776813442570678598,3.09799,-0.00195312,0.314159,-0.00195312,0,0,10,-1,-0.00076699,0
1776813442575680314,3.09799,0.00195312,0.314159,0.00195312,0,0,10,-1,-0.00076699,0
1776813442580686844,3.09799,0.00195312,0.314159,0.00195312,0,0,10,-1,-0.00076699,0
1776813442585688485,3.09799,0.00390625,0.314159,0.00390625,0,0,10,-1,-0.00076699,0
1776813442590690311,3.09799,0.00390625,0.314159,0.00390625,0,0,10,-1,-0.00076699,0
1776813442595686434,3.09799,-0.00195312,0.314159,-0.00195312,0,0,10,-1,-0.00076699,0
1776813442600782221,3.09799,-0.00195312,0.314159,-0.00195312,0,0,10,-1,-0.00076699,0
1776813442605710771,3.09799,-0.00195312,0.314159,-0.00195312,0,0,10,-1,-0.00076699,0
1776813442610667451,3.09798,-0.00195312,0.314159,-0.00195312,0,0,10,-1,-0.00076699,0
1776813442615725646,3.09798,-0.00195312,0.314159,-0.00195312,0,0,10,-1,-0.00076699,0
1776813442620829230,3.09798,-0.00195312,0.314159,-0.00195312,0,0,10,-1,-0.00076699,0
1776813442625721169,3.09798,0.00390625,0.314159,0.00390625,0,0,10,-1,-0.00076699,0
1776813442630742144,3.09798,0.00390625,0.314159,0.00390625,0,0,10,-1,-0.00076699,0
1776813442635760136,3.09798,0.00195312,0.314159,0.00195312,0,0,10,-1,-0.00076699,0
1776813442640719834,3.09798,0.00195312,0.314159,0.00195312,0,0,10,-1,-0.00076699,0
1776813442645696920,3.09798,0.00390625,0.314159,0.00390625,0,0,10,-1,-0.00076699,0
1776813442650696061,3.09799,0.00390625,0.314159,0.00390625,0,0,10,-1,-0.00076699,0
1776813442655680758,3.09799,0.00195312,0.314159,0.00195312,0,0,10,-1,-0.00076699,0
1776813442660772583,3.09799,0.00195312,0.314159,0.00195312,0,0,10,-1,-0.00076699,0
1776813442665711225,3.09799,0,0.314159,0,0,0,10,-1,-0.00076699,0
1776813442670702144,3.09799,0,0.314159,0,0,0,10,-1,-0.00076699,0
1776813442675691471,3.09799,0,0.314159,0,0,0,10,-1,-0.00076699,0
1776813442680681687,3.09799,0,0.314159,0,0,0,10,-1,-0.00076699,0
1776813442685680124,3.09799,0.00195312,0.314159,0.00195312,0,0,10,-1,-0.00076699,0
1776813442690833596,3.09799,0.00195312,0.314159,0.00195312,0,0,10,-1,-0.00076699,0
1776813442695731202,3.09799,0.00390625,0.314159,0.00390625,0,0,10,-1,-0.00076699,0
1776813442700697307,3.09799,0.00390625,0.314159,0.00390625,0,0,10,-1,-0.00076699,0
1776813442705758910,3.09799,0.00390625,0.314159,0.00390625,0,0,10,-1,-0.00076699,0
1776813442710712459,3.09798,0.00390625,0.314159,0.00390625,0,0,10,-1,-0.00076699,0
1776813442715679749,3.09798,0.00195312,0.314159,0.00195312,0,0,10,-1,-0.00076699,0
1776813442720743074,3.09798,0.00195312,0.314159,0.00195312,0,0,10,-1,-0.00076699,0
1776813442725714975,3.09798,-0.00585938,0.314159,-0.00585938,0,0,10,-1,-0.00076699,0
1776813442730712950,3.09798,-0.00585938,0.314159,-0.00585938,0,0,10,-1,-0.00076699,0
1776813442735679703,3.09799,-0.00585938,0.314159,-0.00585938,0,0,10,-1,-0.00076699,0
1776813442740680437,3.09799,-0.00585938,0.314159,-0.00585938,0,0,10,-1,-0.00076699,0
1776813442745698152,3.09799,-0.00195312,0.314159,-0.00195312,0,0,10,-1,-0.00076699,0
1776813442750681089,3.09786,-0.00195312,0.314159,-0.00195312,0,0,10,-1,-0.00076699,0
1776813442755683138,3.09786,-0.00195312,0.314159,-0.00195312,0,0,10,-1,-0.00076699,0
1776813442760659520,3.09786,-0.00195312,0.314159,-0.00195312,0,0,10,-1,-0.00076699,0
1776813442766969450,3.09786,-0.00195312,0.314159,-0.00195312,0,0,10,-1,-0.00076699,0
1776813442771012388,3.09786,-0.00195312,0.314159,-0.00195312,0,0,10,-1,-0.00076699,0
1776813442775691184,3.09786,-0.00195312,0.314159,-0.00195312,0,0,10,-1,-0.00076699,0
1776813442780680140,3.09786,-0.00195312,0.314159,-0.00195312,0,0,10,-1,-0.00076699,0
1776813442785673671,3.09786,0,0.314159,0,0,0,10,-1,-0.00076699,0
1776813442790677775,3.09786,0,0.314159,0,0,0,10,-1,-0.00076699,0
1776813442795683953,3.09786,0,0.314159,0,0,0,10,-1,-0.00076699,0
1776813442800674946,3.09786,0,0.314159,0,0,0,10,-1,-0.00076699,0
1776813442805678384,3.09786,0,0.314159,0,0,0,10,-1,-0.00076699,0
1776813442810659784,3.09786,0.00195312,0.314159,0.00195312,0,0,10,-1,-0.00076699,0
1776813442815699703,3.09786,0.00195312,0.314159,0.00195312,0,0,10,-1,-0.00076699,0
1776813442820711103,3.09786,-0.00390625,0.314159,-0.00390625,0,0,10,-1,-0.00076699,0
1776813442825690596,3.09786,-0.00390625,0.314159,-0.00390625,0,0,10,-1,-0.00076699,0
1776813442830684775,3.09786,0,0.314159,0,0,0,10,-1,-0.00076699,0
1776813442835684786,3.09786,0,0.314159,0,0,0,10,-1,-0.00076699,0
1776813442840682187,3.09786,0,0.314159,0,0,0,10,-1,-0.00076699,0
1776813442845683865,3.09786,0,0.314159,0,0,0,10,-1,-0.00076699,0
1776813442850694117,3.09786,0,0.314159,0,0,0,10,-1,-0.00076699,0
1776813442855685129,3.09786,0,0.314159,0,0,0,10,-1,-0.00076699,0
1776813442860669585,3.09786,0.00195312,0.314159,0.00195312,0,0,10,-1,-0.00076699,0
1776813442865681819,3.09786,0.00195312,0.314159,0.00195312,0,0,10,-1,-0.00076699,0
1776813442870690904,3.09786,0.00195312,0.314159,0.00195312,0,0,10,-1,-0.00076699,0
1776813442875688675,3.09786,0.00195312,0.314159,0.00195312,0,0,10,-1,-0.00076699,0
1776813442880706835,3.09786,0.00195312,0.314159,0.00195312,0,0,10,-1,-0.00076699,0
1776813442885692050,3.09786,0.00195312,0.314159,0.00195312,0,0,10,-1,-0.00076699,0
1776813442890702617,3.09786,0,0.314159,0,0,0,10,-1,-0.00076699,0
1776813442895716165,3.09786,0,0.314159,0,0,0,10,-1,-0.00076699,0
1776813442900787546,3.09786,0.00390625,0.314159,0.00390625,0,0,10,-1,-0.00076699,0
1776813442905696115,3.09786,0.00390625,0.314159,0.00390625,0,0,10,-1,-0.00076699,0
1776813442910678608,3.09786,0.00195312,0.314159,0.00195312,0,0,10,-1,-0.00076699,0
1776813442915683953,3.09786,0.00195312,0.314159,0.00195312,0,0,10,-1,-0.00076699,0
1776813442920790259,3.09786,-0.00195312,0.314159,-0.00195312,0,0,10,-1,-0.00076699,0
1776813442925792252,3.09786,-0.00195312,0.314159,-0.00195312,0,0,10,-1,-0.00076699,0
1776813442930704617,3.09786,0,0.314159,0,0,0,10,-1,-0.00076699,0
1776813442935712814,3.09786,0,0.314159,0,0,0,10,-1,-0.00076699,0
1776813442940691715,3.09786,-0.00390625,0.314159,-0.00390625,0,0,10,-1,-0.00076699,0
1776813442945705578,3.09786,-0.00390625,0.314159,-0.00390625,0,0,10,-1,-0.00076699,0
1776813442950689849,3.09786,-0.00390625,0.314159,-0.00390625,0,0,10,-1,-0.00076699,0
1776813442955687342,3.09786,-0.00195312,0.314159,-0.00195312,0,0,10,-1,-0.00076699,0
1776813442960663243,3.09786,-0.00195312,0.314159,-0.00195312,0,0,10,-1,-0.00076699,0
1776813442965680254,3.09786,-0.00195312,0.314159,-0.00195312,0,0,10,-1,-0.00076699,0
1776813442971635117,3.09786,-0.00195312,0.314159,-0.00195312,0,0,10,-1,-0.00076699,0
1776813442975833200,3.09786,0.00195312,0.314159,0.00195312,0,0,10,-1,-0.00076699,0
1776813442980697992,3.09786,0.00195312,0.314159,0.00195312,0,0,10,-1,-0.00076699,0
1776813442985712041,3.09786,0.00390625,0.314159,0.00390625,0,0,10,-1,-0.00076699,0
1776813442990754237,3.09786,0.00390625,0.314159,0.00390625,0,0,10,-1,-0.00076699,0
1776813442995704212,3.09786,-0.00390625,0.314159,-0.00390625,0,0,10,-1,-0.00076699,0
1776813443000687965,3.09786,-0.00390625,0.314159,-0.00390625,0,0,10,-1,-0.00076699,0
1776813443005695013,3.09786,-0.00390625,0.314159,-0.00390625,0,0,10,-1,-0.00076699,0
1776813443010666155,3.09786,-0.00390625,0.314159,-0.00390625,0,0,10,-1,-0.00076699,0
1776813443015680722,3.09786,0,0.314159,0,0,0,10,-1,-0.00076699,0
1776813443020687049,3.09786,0,0.314159,0,0,0,10,-1,-0.00076699,0
1776813443025696857,3.09786,0.00195312,0.314159,0.00195312,0,0,10,-1,-0.00076699,0
1776813443030689258,3.09786,0.00195312,0.314159,0.00195312,0,0,10,-1,-0.00076699,0
1776813443035703991,3.09786,0.00195312,0.314159,0.00195312,0,0,10,-1,-0.00076699,0
1776813443040708873,3.09786,0.00195312,0.314159,0.00195312,0,0,10,-1,-0.00076699,0
1776813443045711330,3.09786,0.00195312,0.314159,0.00195312,0,0,10,-1,-0.00076699,0
1776813443050694601,3.09786,0.00195312,0.314159,0.00195312,0,0,10,-1,-0.00076699,0
1776813443055695168,3.09786,0.00390625,0.314159,0.00390625,0,0,10,-1,-0.00076699,0
1776813443060687051,3.09786,0.00195312,0.314159,0.00195312,0,0,10,-1,-0.00076699,0
1776813443065716858,3.09786,0.00195312,0.314159,0.00195312,0,0,10,-1,-0.00076699,0
1776813443070699037,3.09786,0.00195312,0.314159,0.00195312,0,0,10,-1,-0.00076699,0
1776813443075683605,3.09786,0.00195312,0.314159,0.00195312,0,0,10,-1,-0.00076699,0
1776813443080690172,3.09786,-0.00195312,0.314159,-0.00195312,0,0,10,-1,-0.00076699,0
1776813443085687313,3.09786,-0.00195312,0.314159,-0.00195312,0,0,10,-1,-0.00076699,0
1776813443090716121,3.09786,-0.00195312,0.314159,-0.00195312,0,0,10,-1,-0.00076699,0
1776813443095684652,3.09786,-0.00585938,0.314159,-0.00585938,0,0,10,-1,-0.00076699,0
1776813443100686867,3.09786,-0.00390625,0.314159,-0.00390625,0,0,10,-1,-0.00076699,0
1776813443105685712,3.09786,-0.00390625,0.314159,-0.00390625,0,0,10,-1,-0.00076699,0
1776813443110673965,3.09786,-0.00390625,0.314159,-0.00390625,0,0,10,-1,-0.00076699,0
1776813443115683884,3.09786,-0.00390625,0.314159,-0.00390625,0,0,10,-1,-0.00076699,0
1776813443120693507,3.09786,-0.00195312,0.314159,-0.00195312,0,0,10,-1,-0.00076699,0
1776813443125683834,3.09774,-0.00195312,0.314159,-0.00195312,0,0,10,-1,-0.00076699,0
1776813443130684956,3.09774,-0.00195312,0.314159,-0.00195312,0,0,10,-1,-0.00076699,0
1776813443135684357,3.09774,-0.00195312,0.314159,-0.00195312,0,0,10,-1,-0.00076699,0
1776813443140693813,3.09774,0.00195312,0.314159,0.00195312,0,0,10,-1,-0.00076699,0
1776813443145684418,3.09774,0.00195312,0.314159,0.00195312,0,0,10,-1,-0.00076699,0
1776813443150687911,3.09774,-0.00390625,0.314159,-0.00390625,0,0,10,-1,-0.00076699,0
1776813443155682071,3.09774,-0.00390625,0.314159,-0.00390625,0,0,10,-1,-0.00076699,0
1776813443160661231,3.09774,-0.00390625,0.314159,-0.00390625,0,0,10,-1,-0.00076699,0
1776813443165803629,3.09774,-0.00195312,0.314159,-0.00195312,0,0,10,-1,-0.00076699,0
1776813443170725994,3.09774,-0.00195312,0.314159,-0.00195312,0,0,10,-1,-0.00076699,0
1776813443175718525,3.09774,0,0.314159,0,0,0,10,-1,-0.00076699,0
1776813443180775795,3.09774,0,0.314159,0,0,0,10,-1,-0.00076699,0
1776813443185715123,3.09774,0,0.314159,0,0,0,10,-1,-0.00076699,0
1776813443190696857,3.09774,0,0.314159,0,0,0,10,-1,-0.00076699,0
1776813443195693980,3.09774,0,0.314159,0,0,0,10,-1,-0.00076699,0
1776813443200717213,3.09774,0,0.314159,0,0,0,10,-1,-0.00076699,0
1776813443205693911,3.09774,0,0.314159,0,0,0,10,-1,-0.00076699,0
1776813443210660442,3.09774,0,0.314159,0,0,0,10,-1,-0.00076699,0
1776813443215674842,3.09774,0,0.314159,0,0,0,10,-1,-0.00076699,0
1776813443220684076,3.09774,0,0.314159,0,0,0,10,-1,-0.00076699,0
1776813443225686662,3.09774,0,0.314159,0,0,0,10,-1,-0.00076699,0
1776813443230768654,3.09774,0,0.314159,0,0,0,10,-1,-0.00076699,0
1776813443235696667,3.09774,0,0.314159,0,0,0,10,-1,-0.00076699,0
1776813443240679438,3.09774,0,0.314159,0,0,0,10,-1,-0.00076699,0
1776813443245681320,3.09774,0,0.314159,0,0,0,10,-1,-0.00076699,0
1776813443250682888,3.09774,0,0.314159,0,0,0,10,-1,-0.00076699,0
1776813443255721639,3.09774,0,0.314159,0,0,0,10,-1,-0.00076699,0
1776813443260666763,3.09774,0,0.314159,0,0,0,10,-1,-0.00076699,0
1776813443265679497,3.09774,0,0.314159,0,0,0,10,-1,-0.00076699,0
1776813443270771396,3.09774,0,0.314159,0,0,0,10,-1,-0.00076699,0
1776813443275709298,3.09774,0,0.314159,0,0,0,10,-1,-0.00076699,0
1776813443280702551,3.09774,0,0.314159,0,0,0,10,-1,-0.00076699,0
1776813443285696599,3.09774,0,0.314159,0,0,0,10,-1,-0.00076699,0
1776813443290681019,3.09774,0,0.314159,0,0,0,10,-1,-0.00076699,0
1776813443295678272,3.09774,0,0.314159,0,0,0,10,-1,-0.00076699,0
1776813443300682006,3.09774,0,0.314159,0,0,0,10,-1,-0.00076699,0
1776813443305680017,3.09774,0,0.314159,0,0,0,10,-1,-0.00076699,0
1776813443310659993,3.09774,0,0.314159,0,0,0,10,-1,-0.00076699,0
1776813443315673782,3.09774,0,0.314159,0,0,0,10,-1,-0.00076699,0
1776813443320675775,3.09774,0,0.314159,0,0,0,10,-1,-0.00076699,0
1776813443325684490,3.09774,0,0.314159,0,0,0,10,-1,-0.00076699,0
1776813443330705965,3.09774,0,0.314159,0,0,0,10,-1,-0.00076699,0
1776813443335693754,3.09774,0,0.314159,0,0,0,10,-1,-0.00076699,0
1776813443340696525,3.09774,0,0.314159,0,0,0,10,-1,-0.00076699,0
1776813443345737388,3.09774,0,0.314159,0,0,0,10,-1,-0.00076699,0
1776813443350679364,3.09774,0,0.314159,0,0,0,10,-1,-0.00076699,0
1776813443355694116,3.09774,0,0.314159,0,0,0,10,-1,-0.00076699,0
1776813443360660481,3.09774,0,0.314159,0,0,0,10,-1,-0.00076699,0
1776813443365672918,3.09774,0,0.314159,0,0,0,10,-1,-0.00076699,0
1776813443370677208,3.09774,0,0.314159,0,0,0,10,-1,-0.00076699,0
1776813443375680423,3.09774,0,0.314159,0,0,0,10,-1,-0.00076699,0
1776813443380679972,3.09774,0,0.314159,0,0,0,10,-1,-0.00076699,0
1776813443385729316,3.09774,0,0.314159,0,0,0,10,-1,-0.00076699,0
1776813443390708514,3.09774,0,0.314159,0,0,0,10,-1,-0.00076699,0
1776813443395688618,3.09774,0,0.314159,0,0,0,10,-1,-0.00076699,0
1776813443400686538,3.09774,0,0.314159,0,0,0,10,-1,-0.00076699,0
1776813443405716123,3.09774,0,0.314159,0,0,0,10,-1,-0.00076699,0
1776813443410699820,3.09774,0,0.314159,0,0,0,10,-1,-0.00076699,0
1776813443415728424,3.09774,0,0.314159,0,0,0,10,-1,-0.00076699,0
1776813443420690029,3.09774,0,0.314159,0,0,0,10,-1,-0.00076699,0
1776813443425687708,3.09774,0,0.314159,0,0,0,10,-1,-0.00076699,0
1776813443430684831,3.09774,0,0.314159,0,0,0,10,-1,-0.00076699,0
1776813443435676880,3.09774,0,0.314159,0,0,0,10,-1,-0.00076699,0
1776813443440711428,3.09774,0,0.314159,0,0,0,10,-1,-0.00076699,0
1776813443445705551,3.09774,0,0.314159,0,0,0,10,-1,-0.00076699,0
1776813443450695989,3.09774,0,0.314159,0,0,0,10,-1,-0.00076699,0
1776813443455680964,3.09774,0,0.314159,0,0,0,10,-1,-0.00076699,0
1776813443460669550,3.09774,0,0.314159,0,0,0,10,-1,-0.00076699,0
1776813443465687783,3.09774,0,0.314159,0,0,0,10,-1,-0.00076699,0
1776813443470693091,3.09774,0,0.314159,0,0,0,10,-1,-0.00076699,0
1776813443475698714,3.09774,0,0.314159,0,0,0,10,-1,-0.00076699,0
1776813443480735484,3.09774,0,0.314159,0,0,0,10,-1,-0.00076699,0
1776813443485693997,3.09774,0,0.314159,0,0,0,10,-1,-0.00076699,0
1776813443490687694,3.09774,0,0.314159,0,0,0,10,-1,-0.00076699,0
1776813443495687669,3.09774,0,0.314159,0,0,0,10,-1,-0.00076699,0
1776813443500714884,3.09774,0,0.314159,0,0,0,10,-1,-0.00076699,0
1776813443505717025,3.09774,0,0.314159,0,0,0,10,-1,-0.00076699,0
1776813443510654298,3.09774,0,0.314159,0,0,0,10,-1,-0.00076699,0
1776813443515670624,3.09774,0,0.314159,0,0,0,10,-1,-0.00076699,0
1776813443520675321,3.09774,0,0.314159,0,0,0,10,-1,-0.00076699,0
1776813443525691573,3.09774,0,0.314159,0,0,0,10,-1,-0.00076699,0
1776813443530676344,3.09774,0,0.314159,0,0,0,10,-1,-0.00076699,0
1776813443535684504,3.09774,0,0.314159,0,0,0,10,-1,-0.00076699,0
1776813443540681497,3.09774,0,0.314159,0,0,0,10,-1,-0.00076699,0
1776813443545698972,3.09774,0,0.314159,0,0,0,10,-1,-0.00076699,0
1776813443550683910,3.09774,0,0.314159,0,0,0,10,-1,-0.00076699,0
1776813443555682162,3.09774,0,0.314159,0,0,0,10,-1,-0.00076699,0
1776813443560668823,3.09774,0,0.314159,0,0,0,10,-1,-0.00076699,0
1776813443565689982,3.09774,0,0.314159,0,0,0,10,-1,-0.00076699,0
1776813443570678013,3.09774,0,0.314159,0,0,0,10,-1,-0.00076699,0
1776813443575676895,3.09774,0,0.314159,0,0,0,10,-1,-0.00076699,0
1776813443580678907,3.09774,0,0.314159,0,0,0,10,-1,-0.00076699,0
1776813443585677326,3.09774,0,0.314159,0,0,0,10,-1,-0.00076699,0
1776813443590678560,3.09774,0,0.314159,0,0,0,10,-1,-0.00076699,0
1776813443595679960,3.09774,0,0.314159,0,0,0,10,-1,-0.00076699,0
1776813443600690231,3.09774,0,0.314159,0,0,0,10,-1,-0.00076699,0
1776813443605678169,3.09774,0,0.314159,0,0,0,10,-1,-0.00076699,0
1776813443610663644,3.09774,0,0.314159,0,0,0,10,-1,-0.00076699,0
1776813443615685359,3.09774,0,0.314159,0,0,0,10,-1,-0.00076699,0
1776813443620716222,3.09774,0,0.314159,0,0,0,10,-1,-0.00076699,0
1776813443625695901,3.09774,0,0.314159,0,0,0,10,-1,-0.00076699,0
1776813443630719450,3.09774,0,0.314159,0,0,0,10,-1,-0.00076699,0
1776813443635691388,3.09774,0,0.314159,0,0,0,10,-1,-0.00076699,0
1776813443640688715,3.09774,0,0.314159,0,0,0,10,-1,-0.00076699,0
1776813443645678338,3.09774,0,0.314159,0,0,0,10,-1,-0.00076699,0
1776813443650688016,3.09774,0,0.314159,0,0,0,10,-1,-0.00076699,0
1776813443655678343,3.09774,0,0.314159,0,0,0,10,-1,-0.00076699,0
1776813443660671781,3.09774,0,0.314159,0,0,0,10,-1,-0.00076699,0
1776813443665699588,3.09774,0,0.314159,0,0,0,10,-1,-0.00076699,0
1776813443670690489,3.09774,0,0.314159,0,0,0,10,-1,-0.00076699,0
1776813443675688482,3.09774,0,0.314159,0,0,0,10,-1,-0.00076699,0
1776813443680677328,3.09774,0,0.314159,0,0,0,10,-1,-0.00076699,0
1776813443685711005,3.09774,0,0.314159,0,0,0,10,-1,-0.00076699,0
1776813443690684277,3.09774,0,0.314159,0,0,0,10,-1,-0.00076699,0
1776813443695680474,3.09774,0,0.314159,0,0,0,10,-1,-0.00076699,0
1776813443700675171,3.09774,0,0.314159,0,0,0,10,-1,-0.00076699,0
1776813443705752848,3.09774,0,0.314159,0,0,0,10,-1,-0.00076699,0
1776813443710682195,3.09774,0,0.314159,0,0,0,10,-1,-0.00076699,0
1776813443715686373,3.09774,0,0.314159,0,0,0,10,-1,-0.00076699,0
1776813443720752532,3.09774,0,0.314159,0,0,0,10,-1,-0.00076699,0
1776813443725711007,3.09774,0,0.314159,0,0,0,10,-1,-0.00076699,0
1776813443730732315,3.09774,0,0.314159,0,0,0,10,-1,-0.00076699,0
1776813443735691698,3.09774,0,0.314159,0,0,0,10,-1,-0.00076699,0
1776813443740681247,3.09774,0,0.314159,0,0,0,10,-1,-0.00076699,0
1776813443745690018,3.09774,0,0.314159,0,0,0,10,-1,-0.00076699,0
1776813443750679641,3.09774,0,0.314159,0,0,0,10,-1,-0.00076699,0
1776813443755707467,3.09774,0,0.314159,0,0,0,10,-1,-0.00076699,0
1776813443760722126,3.09774,0,0.314159,0,0,0,10,-1,-0.00076699,0
1776813443765680843,3.09774,0,0.314159,0,0,0,10,-1,-0.00076699,0
1776813443770687854,3.09774,0,0.314159,0,0,0,10,-1,-0.00076699,0
1776813443775685718,3.09774,0,0.314159,0,0,0,10,-1,-0.00076699,0
1776813443780758191,3.09774,0,0.314159,0,0,0,10,-1,-0.00076699,0
1776813443785707538,3.09762,0,0.314159,0,0,0,10,-1,-0.00076699,0
1776813443790683383,3.09762,0,0.314159,0,0,0,10,-1,-0.00076699,0
1776813443795681673,3.09762,0,0.314159,0,0,0,10,-1,-0.00076699,0
1776813443800686240,3.09762,0,0.314159,0,0,0,10,-1,-0.00076699,0
1776813443805684233,3.09762,0,0.314159,0,0,0,10,-1,-0.00076699,0
1776813443810678227,3.09762,0,0.314159,0,0,0,10,-1,-0.00076699,0
1776813443815674813,3.09762,0,0.314159,0,0,0,10,-1,-0.00076699,0
1776813443820687213,3.09762,0,0.314159,0,0,0,10,-1,-0.00076699,0
1776813443825678466,3.09762,0,0.314159,0,0,0,10,-1,-0.00076699,0
1776813443830680329,3.09762,0,0.314159,0,0,0,10,-1,-0.00076699,0
1776813443835692285,3.09762,0,0.314159,0,0,0,10,-1,-0.00076699,0
1776813443840698945,3.09762,0,0.314159,0,0,0,10,-1,-0.00076699,0
1776813443845674569,3.09762,0,0.314159,0,0,0,10,-1,-0.00076699,0
1776813443850680043,3.09762,0,0.314159,0,0,0,10,-1,-0.00076699,0
1776813443855677981,3.09762,0,0.314159,0,0,0,10,-1,-0.00076699,0
1776813443860670474,3.09762,0,0.314159,0,0,0,10,-1,-0.00076699,0
1776813443865690264,3.09762,0,0.314159,0,0,0,10,-1,-0.00076699,0
1776813443870679387,3.09762,0,0.314159,0,0,0,10,-1,-0.00076699,0
1776813443875699472,3.09762,0,0.314159,0,0,0,10,-1,-0.00076699,0
1776813443880738057,3.09762,0,0.314159,0,0,0,10,-1,-0.00076699,0
1776813443885709940,3.09762,0,0.314159,0,0,0,10,-1,-0.00076699,0
1776813443890687378,3.09762,0,0.314159,0,0,0,10,-1,-0.00076699,0
1776813443895683242,3.09762,0,0.314159,0,0,0,10,-1,-0.00076699,0
1776813443900686531,3.09762,0,0.314159,0,0,0,10,-1,-0.00076699,0
1776813443905692636,3.09762,0,0.314159,0,0,0,10,-1,-0.00076699,0
1776813443910663333,3.09762,0,0.314159,0,0,0,10,-1,-0.00076699,0
1776813443915693363,3.09762,0,0.314159,0,0,0,10,-1,-0.00076699,0
1776813443920682375,3.09762,0,0.314159,0,0,0,10,-1,-0.00076699,0
1776813443925694312,3.09762,0,0.314159,0,0,0,10,-1,-0.00076699,0
1776813443930682695,3.09762,0,0.314159,0,0,0,10,-1,-0.00076699,0
1776813443935690169,3.09762,0,0.314159,0,0,0,10,-1,-0.00076699,0
1776813443940685515,3.09762,0,0.314159,0,0,0,10,-1,-0.00076699,0
1776813443945686508,3.09762,0,0.314159,0,0,0,10,-1,-0.00076699,0
1776813443950678094,3.09762,0,0.314159,0,0,0,10,-1,-0.00076699,0
1776813443955675809,3.09762,0,0.314159,0,0,0,10,-1,-0.00076699,0
1776813443960667321,3.09762,0,0.314159,0,0.0185911,9,10,-1,-0.00076699,0
1776813443965788683,3.09762,0,0.314159,0,-2.88574e-10,9,10,-1,-0.00076699,0
1776813443970702085,3.09762,0,0.314159,0,2.41204,9,10,0,0,0
1776813443975679227,3.09762,0,-0.313392,0,2.64668,9,10,2,0.00153398,0.306735
1776813443980686794,3.09762,0,-0.311858,0.306735,2.64466,9,10,7,0.00536893,0.460286
1776813443985743360,3.09762,0,-0.308023,0.460286,2.68089,9,10,12,0.00920388,0.920388
1776813443990693429,3.09762,0,-0.304188,0.920388,3.19344,9,10,24,0.0184078,1.22718
1776813443995714810,3.09762,0,-0.294985,1.22718,3.25833,9,10,34,0.0260777,1.84041
1776813444000696915,3.09762,0,-0.287315,1.84041,3.06572,9,10,45,0.0345146,2.30189
1776813444005687464,3.09762,0,-0.265072,2.75951,3.37684,9,10,73,0.0559903,2.75951
1776813444010670828,3.09762,0,-0.257402,2.75951,3.0459,9,10,92,0.0705631,2.91631
1776813444015675637,3.09762,0,-0.242829,2.91631,2.77506,9,10,110,0.0843689,3.37206
1776813444020681686,3.09762,-3.36719,-0.229023,0.00487328,2.86121,7.37332,10,133,0.10201,3.52957
1776813444025681531,3.08907,-3.76367,-0.20459,0.223083,2.75323,7.11653,10,162,0.124252,3.98675
1776813444030701061,3.07136,-3.76367,-0.215398,0.223083,2.52532,7.0527,10,183,0.140359,4.14507
1776813444035683703,3.07136,-4.18359,-0.199291,-0.0385284,2.3475,6.81335,10,215,0.164903,4.14175
1776813444040682196,3.03216,-4.18359,-0.213947,-0.0418458,2.63224,6.67189,10,237,0.181777,4.14175
1776813444045685782,3.03216,-4.4375,-0.197073,-0.295752,2.53903,6.52717,10,273,0.209388,4.6001
1776813444050687683,2.96741,-4.4375,-0.234211,0.162601,2.70399,6.29268,10,299,0.22933,4.75724
1776813444055680844,2.96741,-4.58984,-0.214269,0.167401,3.24653,6.20584,10,339,0.26001,5.21449
1776813444060705114,2.96741,-4.58984,-0.183589,0.624648,2.94918,6.20584,10,366,0.280718,5.21554
1776813444065709497,2.94392,-5.29883,-0.157223,0.681304,3.19482,5.71632,10,426,0.326738,5.98013
1776813444070702046,2.87009,-5.29883,-0.214187,0.681304,3.09845,5.44622,10,458,0.351282,6.4453
1776813444075703706,2.87009,-5.82617,-0.189643,0.619126,2.87916,5.14563,10,497,0.381194,6.28304
1776813444080680478,2.81434,-5.82617,-0.215478,0.456866,2.90531,4.93972,10,531,0.407272,6.45046
1776813444085738266,2.81434,-6.04102,-0.189401,0.409445,3.19045,4.81726,10,574,0.440252,6.59611
1776813444090689613,2.78494,-6.2207,-0.154371,0.37146,2.44836,4.60543,10,637,0.488573,6.59216
1776813444095703439,2.7546,-6.2207,-0.167832,0.37146,2.88326,4.49187,10,668,0.51235,6.59744
1776813444100677878,2.7546,-6.56055,-0.144056,0.036891,2.97178,4.29815,10,724,0.555301,6.90567
1776813444105687834,2.69022,-6.56055,-0.165493,0.345124,2.84788,4.05463,10,759,0.582146,6.90292
1776813444110659661,2.69022,-6.87109,-0.138648,0.0318274,3.1095,3.87762,10,817,0.626631,7.20826
1776813444115685524,2.62383,-6.87109,-0.160551,0.337171,2.94029,3.62255,10,867,0.664981,7.65918
1776813444120678814,2.62383,-7.41797,-0.122201,0.24121,2.69641,3.31083,10,918,0.704097,7.52704
1776813444125693382,2.62383,-7.41797,-0.0830845,0.109073,3.02838,3.31083,10,963,0.738612,8.43858
1776813444130689875,2.51666,-7.64453,-0.124294,0.935465,2.49814,2.76004,10,1032,0.791534,8.58
1776813444135682758,2.47941,-7.64453,-0.14007,0.935465,2.57946,2.61028,10,1085,0.832185,8.29345
1776813444140677807,2.47941,-8.24609,-0.09942,0.0473547,2.44493,2.26739,10,1139,0.873602,8.4251
1776813444145680560,2.36007,-8.24609,-0.177338,0.179006,2.53653,1.77516,10,1181,0.905816,8.13824
1776813444150690201,2.36007,-8.375,-0.145124,-0.236764,2.10682,1.70169,10,1234,0.946466,8.44027
1776813444155686065,2.31887,-8.375,-0.145673,0.0652714,1.41366,1.52699,10,1275,0.977146,8.12848
1776813444160667522,2.23384,-8.48633,-0.157834,-0.0528069,1.60061,1.09464,10,1358,1.04157,8.43352
1776813444165680533,2.23384,-8.41211,-0.135592,0.0214119,1.49866,1.13694,10,1407,1.07916,8.13335
1776813444170679305,2.14864,-8.41211,-0.18321,-0.278758,0.883432,0.755293,10,1452,1.11367,8.43858
1776813444175719705,2.14864,-8.31836,-0.148695,0.120222,0.711323,0.808731,10,1517,1.16352,8.58857
1776813444180698495,2.10875,-8.31836,-0.138739,0.270215,0.720913,0.625669,10,1559,1.19574,8.1236
1776813444185686026,2.10875,-7.87305,-0.106525,0.250551,0.671098,0.879497,10,1620,1.24252,7.82956
1776813444190685834,2.10875,-7.87305,-0.0597385,-0.0434823,1.18451,0.879497,10,1657,1.2709,7.5165
1776813444195698661,1.9869,-7.49805,-0.125594,-0.286899,0.769818,0.516135,10,1717,1.31692,7.21115
1776813444200686858,1.90807,-7.49805,-0.186015,-0.286899,0.424109,0.12769,10,1751,1.34223,7.0549
1776813444205683722,1.90807,-7.28906,-0.159937,-0.234166,0.298166,0.246811,10,1793,1.37521,6.59746
1776813444210680401,1.87146,-7.28906,-0.164334,-0.691607,0.361543,0.0622403,10,1826,1.40052,6.74007
1776813444215673728,1.80038,-6.84961,-0.177123,-0.400446,0.611991,-0.0533247,10,1889,1.44884,6.44916
1776813444220685147,1.80038,-6.39648,-0.161783,0.0526786,0.25631,0.204957,10,1927,1.47799,6.29057
1776813444225686214,1.73487,-6.39648,-0.19815,-0.105911,0.263993,-0.141565,10,1961,1.50407,6.29057
1776813444230695726,1.73487,-6.1875,-0.172072,0.103073,0.114862,-0.0224441,10,2007,1.53935,6.28934
1776813444235756218,1.70489,-6.1875,-0.166771,0.101839,0.0735547,-0.183981,10,2043,1.56696,5.67232
1776813444240692380,1.70489,-5.5,-0.139159,0.172318,0.144182,0.207894,10,2079,1.59457,5.21344
1776813444245684781,1.61702,-5.5,-0.199418,-0.28656,0.220258,-0.276355,10,2105,1.61451,5.37325
1776813444250770754,1.61702,-5.25977,-0.179476,0.113481,0.084182,-0.139421,10,2136,1.63829,4.90775
1776813444255698990,1.58943,-5.25977,-0.167186,-0.962888,0.140298,-0.294828,10,2172,1.6659,4.29688
1776813444260729390,1.58943,-4.50195,-0.155681,-0.205076,0.0123673,0.137125,10,2197,1.68508,4.29513
1776813444265757161,1.51534,-4.50195,-0.210589,-0.206819,0.162482,-0.288008,10,2217,1.70042,3.98677
1776813444270709600,1.51534,-4.25391,-0.195249,-0.267139,-0.0231979,-0.146622,10,2241,1.71883,3.68228
1776813444275687353,1.49527,-3.75977,-0.184641,-0.384323,0.098233,0.0178724,10,2267,1.73877,3.37544
1776813444280685606,1.45351,-3.75977,-0.218728,-0.384323,0.0218952,-0.22858,10,2281,1.74951,3.06795
1776813444285691266,1.45351,-3.49414,-0.20799,-0.426194,0.024051,-0.0771741,10,2302,1.76561,2.76062
1776813444290695685,1.43557,-3.49414,-0.20983,-0.73352,0.0916619,-0.184216,10,2315,1.77558,2.60777
1776813444295758048,1.43557,-2.70508,-0.199859,-0.0973032,0.0532354,0.265549,10,2333,1.78939,2.30144
1776813444300707338,1.39084,-2.70508,-0.230781,-0.40364,0.285959,-0.00414024,10,2344,1.79783,2.14713
1776813444305689777,1.39084,-2.44922,-0.222344,-0.302093,0.378424,0.1417,10,2357,1.8078,1.84041
1776813444310674418,1.37716,-2.44922,-0.226053,-0.608805,0.23522,0.058391,10,2366,1.8147,1.68738
1776813444315682486,1.37716,-1.71484,-0.21915,-0.02746,0.266631,0.476985,10,2375,1.8216,1.38086
1776813444320689831,1.37716,-1.71484,-0.212247,-0.333981,0.473337,0.476985,10,2380,1.82544,1.07379
1776813444325722009,1.3468,-1.71484,-0.238774,-0.641054,0.634927,0.290708,10,2385,1.82927,0.919264
1776813444330701077,1.33128,-1.2832,-0.247389,-0.668872,0.668604,0.440807,10,2391,1.83387,0.614331
1776813444335698737,1.33128,-0.888672,-0.245855,-0.274341,0.681818,0.665689,10,2393,1.83541,0.460196
1776813444340689509,1.32034,-0.888672,-0.255259,-0.428476,0.794344,0.597771,10,2394,1.83617,0.153307
1776813444345695539,1.32034,-0.712891,-0.254492,-0.559584,0.788917,0.697966,10,2394,1.83617,0.153521
1776813444350685662,1.3165,-0.339844,-0.258333,-0.339844,0.8408,0.886697,10,2394,1.83617,0
1776813444355687711,1.31122,-0.339844,-0.263613,-0.339844,0.967553,0.853778,10,2392,1.83464,0
1776813444360675205,1.31122,-0.126953,-0.265147,-0.126953,0.969796,0.975126,10,2390,1.83311,-0.460104
1776813444365672180,1.30993,-0.126953,-0.267978,-0.587057,0.991335,0.967037,10,2387,1.83081,-0.460196
1776813444370685914,1.30993,0.125,-0.270279,-0.335196,0.937004,1.11065,10,2382,1.82697,-0.61357
1776813444375692407,1.31006,0.125,-0.273974,-0.48857,1.25294,1.11152,10,2377,1.82314,-0.767146
1776813444380677197,1.31006,0.373047,-0.277809,-0.394099,1.09067,1.2529,10,2372,1.8193,-0.766993
1776813444385689894,1.31006,0.373047,-0.281644,-0.393946,1.43025,1.2529,10,2368,1.81623,-0.766993
1776813444390685258,1.31241,0.373047,-0.282371,-0.393946,1.27928,1.26751,10,2364,1.81317,-0.766839
1776813444395684141,1.32054,0.615234,-0.281143,0.00164032,1.23213,1.4562,10,2358,1.80856,-0.613594
1776813444400689467,1.32054,0.617188,-0.28191,0.00359344,1.50884,1.45731,10,2353,1.80473,-0.767146
1776813444405687609,1.32358,0.617188,-0.282697,-0.149958,1.46257,1.47626,10,2349,1.80166,-0.766839
1776813444410675381,1.32358,0.654297,-0.285765,-0.112542,1.54849,1.49742,10,2344,1.79783,-0.767146
1776813444415685615,1.32984,0.654297,-0.283347,-0.112849,1.2928,1.53623,10,2339,1.79399,-0.766379
1776813444420682664,1.32984,0.71875,-0.287182,-0.0476295,1.52856,1.57297,10,2334,1.79016,-0.767453
1776813444425683620,1.33675,0.71875,-0.284101,-0.0487031,1.63342,1.61581,10,2329,1.78632,-0.767146
1776813444430681373,1.33675,0.820312,-0.287936,0.0531665,1.51199,1.6737,10,2323,1.78172,-0.766815
1776813444435691533,1.34791,0.820312,-0.281383,0.0534971,1.67988,1.74259,10,2320,1.77942,-0.766993
1776813444440681378,1.34791,0.845703,-0.283684,0.0787106,1.48471,1.75706,10,2314,1.77558,-0.613717
1776813444445681427,1.35245,0.845703,-0.283741,0.231986,1.70671,1.78505,10,2311,1.77251,-0.613349
1776813444450692810,1.35245,0.792969,-0.286042,0.17962,1.6759,1.755,10,2307,1.76945,-0.613717
1776813444455704451,1.35245,0.792969,-0.28911,0.179252,1.72168,1.755,10,2304,1.76715,-0.460288
1776813444460810479,1.36451,0.792969,-0.279355,0.332681,1.81974,1.82905,10,2301,1.76484,-0.613349
1776813444465683809,1.36877,0.757812,-0.280467,0.144096,1.78254,1.83509,10,2296,1.76101,-0.613717
1776813444470685747,1.36877,0.757812,-0.281234,0.144096,1.95813,1.83509,10,2292,1.75794,-0.460196
1776813444475683203,1.38024,0.757812,-0.272828,0.297617,2.06268,1.90519,10,2289,1.75564,-0.460196
1776813444480691604,1.38024,0.734375,-0.275129,0.274179,1.88617,1.89183,10,2286,1.75334,-0.613717
1776813444485685060,1.38368,0.734375,-0.273987,0.120658,1.96742,1.91281,10,2283,1.75104,-0.460104
1776813444490752330,1.38368,0.671875,-0.276288,0.211771,1.83959,1.87719,10,2279,1.74797,-0.460196
1776813444495689584,1.39372,0.671875,-0.26932,0.211679,1.86328,1.9382,10,2276,1.74567,-0.460288
1776813444500704614,1.39372,0.691406,-0.271621,0.231119,1.97232,1.94934,10,2272,1.7426,-0.61357
1776813444505690516,1.3977,0.691406,-0.270711,0.077836,1.87277,1.97347,10,2269,1.7403,-0.613349
1776813444510697102,1.3977,0.699219,-0.273012,0.08587,2.03274,1.97792,10,2265,1.73723,-0.46038
1776813444515703484,1.40767,0.699219,-0.26611,0.238839,1.90782,2.03825,10,2261,1.73417,-0.613471
1776813444520690552,1.40767,0.679688,-0.269178,0.0662162,1.86605,2.02712,10,2258,1.73186,-0.460104
1776813444525687916,1.40767,0.679688,-0.271479,0.219584,1.90852,2.02712,10,2256,1.73033,-0.460288
1776813444530683854,1.41149,0.541016,-0.271487,0.0807281,1.98755,1.97118,10,2252,1.72726,-0.460288
1776813444535751716,1.42036,0.541016,-0.263387,0.0807281,1.99389,2.0246,10,2249,1.72496,-0.460104
1776813444540701562,1.42036,0.494141,-0.265688,0.0340371,1.99618,1.99788,10,2247,1.72343,-0.460196
1776813444545690389,1.42339,0.494141,-0.264197,0.0339451,2.0192,2.01606,10,2245,1.72189,-0.306797
1776813444550683920,1.42339,0.341797,-0.265731,0.0349998,2.00832,1.92923,10,2243,1.72036,-0.306858
1776813444555694784,1.42928,0.341797,-0.26137,0.0349385,1.99789,1.96461,10,2241,1.71883,-0.306797
1776813444560674370,1.42928,0.283203,-0.262904,-0.0235939,1.99277,1.93121,10,2239,1.71729,-0.306613
1776813444565683141,1.43097,0.283203,-0.262749,-0.02341,1.88158,1.94134,10,2239,1.71729,-0.15346
1776813444570684709,1.43097,0.115234,-0.262749,-0.0382255,1.84871,1.84559,10,2237,1.71576,-0.153399
1776813444575695628,1.43386,0.115234,-0.261388,-0.0381641,1.8437,1.86293,10,2236,1.71499,-0.153399
1776813444580685011,1.43386,0.0390625,-0.262155,-0.114336,1.82902,1.81952,10,2236,1.71499,-0.153429
1776813444585692689,1.43473,0.0390625,-0.261293,-0.114367,1.80804,1.82467,10,2235,1.71422,-0.153368
1776813444590699868,1.43473,0.00976562,-0.26206,-0.143602,1.86698,1.80797,10,2234,1.71346,0
1776813444595694787,1.43473,0.00976562,-0.262827,0.00976562,1.7761,1.80797,10,2234,1.71346,-0.153399
1776813444600683207,1.4349,0.00390625,-0.263422,-0.149094,1.76768,1.80566,10,2233,1.71269,-0.153001
1776813444605681885,1.43505,0.00390625,-0.263266,-0.149094,1.85129,1.80659,10,2233,1.71269,0
1776813444610668824,1.43505,0.0117188,-0.263266,0.0117188,1.87904,1.81105,10,2232,1.71192,-0.153399
1776813444615684520,1.43503,0.0117188,-0.264058,-0.14168,1.79338,1.8109,10,2231,1.71116,-0.153429
1776813444620739661,1.43503,0.0195312,-0.264825,-0.133898,1.84076,1.81535,10,2231,1.71116,0
1776813444625695229,1.43518,0.0351562,-0.265438,-0.11812,1.7918,1.82518,10,2230,1.71039,-0.153276
1776813444630683242,1.4355,0.0351562,-0.265118,-0.11812,1.84852,1.8271,10,2230,1.71039,0
1776813444635698827,1.4355,0.0332031,-0.265118,0.0332031,1.81941,1.82598,10,2229,1.70962,-0.153368
1776813444640703969,1.43566,0.0332031,-0.265728,-0.120165,1.75522,1.82692,10,2229,1.70962,0
1776813444645685685,1.43566,0.0683594,-0.265728,0.0683594,1.86453,1.84696,10,2228,1.70885,-0.153798
1776813444650680716,1.43632,0.0683594,-0.265832,-0.085439,1.76828,1.85093,10,2228,1.70885,0
1776813444655676172,1.43632,0.111328,-0.265832,0.111328,1.90588,1.87542,10,2227,1.70809,-0.153399
1776813444660706850,1.43632,0.111328,-0.266599,-0.0420704,1.8328,1.87542,10,2227,1.70809,0
1776813444665695529,1.23977,0.123047,0.164398,-0.0303823,0.802569,0.666683,10,2226,1.70732,-0.153429
1776813444670713337,1.24102,0.123047,0.165646,-0.0303823,0.999065,0.674652,10,2225,1.70655,-0.153368
1776813444675684201,1.24102,0.158203,0.164879,0.00483529,0.907558,0.694691,10,2223,1.70502,-0.153399
1776813444680686899,1.24226,0.158203,0.164588,0.00480461,0.664376,0.702618,10,2220,1.70272,-0.460288
1776813444685679929,1.24226,0.34375,0.162287,-0.116538,0.594753,0.80838,10,2216,1.69965,-0.46008
1776813444690681404,1.24478,0.34375,0.16174,-0.11633,0.732276,0.824451,10,2212,1.69658,-0.613717
1776813444695678231,1.24478,0.65625,0.158672,0.0425332,0.816451,1.00258,10,2205,1.69121,-0.919655
1776813444700703668,1.24963,0.65625,0.158151,-0.263405,0.968463,1.03345,10,2199,1.68661,-0.920944
1776813444705690829,1.24963,0.951172,0.153549,0.0302283,1.00613,1.20155,10,2193,1.68201,-0.920391
1776813444710668138,1.25759,0.951172,0.156906,0.0307808,1.18415,1.25213,10,2187,1.67741,-1.07379
1776813444715819517,1.25759,1.14844,0.152304,0.0746479,1.41707,1.36457,10,2177,1.66974,-1.22694
1776813444720705790,1.26855,1.14844,0.155597,-0.0785052,1.55019,1.43403,10,2171,1.66514,-1.22719
1776813444725717543,1.26855,1.24023,0.150995,0.0130463,1.51634,1.48635,10,2162,1.65823,-1.07357
1776813444730799239,1.26855,1.24023,0.144092,0.166659,1.73522,1.48635,10,2156,1.65363,-1.22766
1776813444735747640,1.26465,1.24023,0.135591,0.0125791,1.73522,1.48635,10,2150,1.64903,-1.22719
1776813444740732801,1.26465,1.2793,0.130989,0.0521088,1.45651,1.48394,10,2138,1.63983,-1.22719
1776813444745690073,1.28364,1.2793,0.140774,0.0521088,1.45651,1.48394,10,2133,1.63599,-1.38086
1776813444750684511,1.28364,1.30664,0.136939,-0.0742222,1.42299,1.61942,10,2120,1.62602,-1.38003
1776813444755696541,1.29011,1.30664,0.133438,-0.0733939,1.42299,1.61942,10,2113,1.62065,-1.38086
1776813444760676813,1.29011,1.42188,0.128069,0.0410122,1.71037,1.72579,10,2100,1.61068,-1.53243
1776813444765675251,1.31023,1.42188,0.138221,-0.110554,1.71037,1.72579,10,2095,1.60684,-1.53552
1776813444770680152,1.31023,1.44531,0.134386,-0.0902082,1.8194,1.86515,10,2080,1.59534,-1.53399
1776813444775715126,1.31756,1.44531,0.130209,-0.0886726,1.8194,1.86515,10,2073,1.58997,-1.53399
1776813444780694953,1.31756,1.47656,0.12484,-0.0574226,2.01439,1.92863,10,2060,1.58,-1.53337
1776813444785687984,1.33954,1.47656,0.136853,-0.0568092,2.01439,1.92863,10,2055,1.57617,-1.53488
1776813444790677996,1.33954,1.4707,0.133018,-0.0641791,1.81867,2.06168,10,2041,1.56543,-1.38059
1776813444795690248,1.34682,1.4707,0.129554,0.0901166,1.81867,2.06168,10,2034,1.56006,-1.53368
1776813444800678038,1.34682,1.34961,0.124185,-0.184069,1.76137,2.03756,10,2023,1.55162,-1.22719
1776813444805680291,1.34682,1.34961,0.115748,0.122421,1.76137,2.03756,10,2019,1.54855,-1.38086
1776813444810664785,1.35721,1.34961,0.123073,-0.0312535,2.02403,2.10154,10,2008,1.54012,-1.38031
1776813444815676704,1.35721,1.27734,0.114636,-0.102967,2.02403,2.10154,10,2000,1.53398,-1.22743
1776813444820768511,1.37714,1.27734,0.12843,0.0499102,2.06079,2.18241,10,1991,1.52708,-1.22692
1776813444825700005,1.37714,1.20117,0.121527,-0.0257471,2.06079,2.18241,10,1985,1.52248,-1.07357
1776813444830700295,1.38916,1.20117,0.12894,0.127597,2.21706,2.21219,10,1976,1.51557,-1.07357
1776813444835692770,1.38916,1.08789,0.122037,0.0143157,2.21706,2.21219,10,1971,1.51174,-1.22768
1776813444840693949,1.40075,1.08789,0.129797,-0.139789,1.99582,2.21797,10,1962,1.50484,-0.920575
1776813444845682128,1.40075,1.03906,0.122894,0.118487,1.99582,2.21797,10,1958,1.50177,-1.07357
1776813444850684473,1.40591,1.03906,0.124982,-0.0345124,2.0266,2.22132,10,1951,1.4964,-0.767146
1776813444855678837,1.40591,0.847656,0.119613,0.0805103,2.0266,2.22132,10,1948,1.4941,-0.766993
1776813444860688867,1.4201,0.847656,0.13151,0.0806637,2.13242,2.19783,10,1942,1.4895,-0.766662
1776813444865687972,1.4201,0.775391,0.126908,0.00872856,2.13242,2.19783,10,1940,1.48796,-0.61384
1776813444870698632,1.4243,0.775391,0.129571,0.161551,2.19762,2.18187,10,1935,1.48413,-0.460104
1776813444875694940,1.4243,0.544922,0.125736,0.0848184,2.19762,2.18187,10,1933,1.48259,-0.460288
1776813444880694786,1.4243,0.544922,0.124202,0.0846343,2.10917,2.0505,10,1931,1.48106,-0.306674
1776813444885684502,1.42581,0.544922,0.124173,0.238248,2.10917,2.0505,10,1929,1.47952,-0.46038
1776813444890688625,1.42581,0.402344,0.122639,-0.0580359,1.99689,1.97827,10,1927,1.47799,-0.306491
1776813444895684174,1.43067,0.402344,0.125971,0.0958532,1.99689,1.97827,10,1925,1.47646,-0.153521
1776813444900688463,1.43067,0.257812,0.124437,0.104291,1.97857,1.92508,10,1923,1.47492,-0.306736
1776813444905681864,1.43554,0.257812,0.127766,-0.0489232,1.97857,1.92508,10,1923,1.47492,-0.153429
1776813444910660229,1.43554,0.238281,0.127766,0.0848521,1.90271,1.94307,10,1921,1.47339,-0.306858
1776813444915676870,1.43672,0.238281,0.127413,-0.0685771,1.90271,1.94307,10,1920,1.47262,-0.153368
1776813444920678567,1.43672,0.210938,0.126646,0.0575697,1.8807,1.93454,10,1918,1.47109,-0.153337
1776813444925682857,1.4401,0.210938,0.1285,0.0576003,1.8807,1.93454,10,1917,1.47032,-0.306429
1776813444930679869,1.4401,0.193359,0.127733,-0.11307,1.93394,1.94478,10,1916,1.46955,-0.153675
1776813444935687603,1.44112,0.193359,0.12798,0.0396842,1.93394,1.94478,10,1915,1.46879,0
1776813444940688485,1.44112,0.193359,0.12798,0.0396842,1.93394,1.94478,10,1915,1.46879,0
1776813444945682849,1.44349,0.115234,0.128817,-0.0381335,1.97345,1.9063,10,1914,1.46802,-0.153368
1776813444950686065,1.44349,0.0761719,0.128817,-0.077196,1.86208,1.89819,10,1913,1.46725,-0.153399
1776813444955686336,1.44349,0.0761719,0.12805,-0.0772266,1.86208,1.89819,10,1913,1.46725,0
1776813444960659478,1.43808,0.0761719,0.122641,0.0761719,1.87243,1.86589,10,1912,1.46649,-0.153429
1776813444965672583,1.43808,0.0761719,0.121874,-0.0772573,1.87243,1.86589,10,1911,1.46572,-0.153184
1776813444970679094,1.43893,0.0761719,0.121961,-0.0770122,1.91921,1.87099,10,1911,1.46572,0
1776813444975699384,1.43893,0.0742188,0.121961,0.0742188,1.91921,1.87099,10,1911,1.46572,0
1776813444980684489,1.43997,0.0742188,0.123,0.0742188,1.79736,1.87608,10,1911,1.46572,0
1776813444985693223,1.43997,0.0410156,0.123,0.0410156,1.79736,1.87608,10,1911,1.46572,0
1776813444990685161,1.44066,0.0410156,0.123689,0.0410156,1.83944,1.86127,10,1911,1.46572,0
1776813444995739838,1.44066,0.0117188,0.123689,0.0117188,1.83944,1.86127,10,1911,1.46572,0
1776813445000691833,1.44083,0.0117188,0.123861,0.0117188,1.85097,1.8456,10,1911,1.46572,0
1776813445005695845,1.44083,-0.0175781,0.123861,-0.0175781,1.85097,1.8456,10,1911,1.46572,0
1776813445010690191,1.44082,-0.0175781,0.123851,-0.0175781,1.86235,1.82884,10,1911,1.46572,0
1776813445015683370,1.44082,-0.0273438,0.123851,-0.0273438,1.86235,1.82884,10,1911,1.46572,0
1776813445020701715,1.44047,-0.0273438,0.1235,-0.0273438,1.77574,1.82118,10,1911,1.46572,0
1776813445025685987,1.44047,-0.0136719,0.1235,-0.0136719,1.77574,1.82118,10,1911,1.46572,0
1776813445030685314,1.44047,-0.0136719,0.1235,-0.0136719,1.78643,1.82897,10,1911,1.46572,0
1776813445035679826,1.43811,-0.0136719,0.121133,-0.0136719,1.78643,1.82897,10,1911,1.46572,0
1776813445040690486,1.43811,-0.0136719,0.121133,-0.0136719,1.78643,1.82897,10,1911,1.46572,0
1776813445045683184,1.4381,0.00390625,0.12113,0.00390625,1.85122,1.82485,10,1911,1.46572,0
1776813445050685973,1.4381,-0.0078125,0.12113,-0.0078125,1.83032,1.81815,10,1911,1.46572,0
1776813445055681560,1.4381,-0.0078125,0.12113,-0.0078125,1.83032,1.81815,10,1911,1.46572,0
1776813445060674165,1.4381,-0.00390625,0.12113,-0.00390625,1.82952,1.82037,10,1911,1.46572,0
1776813445065685066,1.43793,-0.00390625,0.120957,-0.00390625,1.82952,1.82037,10,1911,1.46572,0
1776813445070709688,1.43793,0.0175781,0.120957,0.0175781,1.78646,1.83159,10,1911,1.46572,0
1776813445075679720,1.43809,0.0175781,0.12112,0.0175781,1.78646,1.83159,10,1911,1.46572,0
1776813445080704065,1.43809,0.0234375,0.12112,0.0234375,1.80855,1.8359,10,1911,1.46572,0
1776813445085686670,1.43825,0.0234375,0.121282,0.0234375,1.80855,1.8359,10,1911,1.46572,0
1776813445090683719,1.43825,0.0214844,0.121282,0.0214844,1.81948,1.83576,10,1911,1.46572,0
1776813445095682398,1.4386,0.0214844,0.121626,0.0214844,1.81948,1.83576,10,1911,1.46572,0
1776813445100694058,1.4386,0.00585938,0.121626,0.00585938,1.87392,1.82891,10,1911,1.46572,0
1776813445105684386,1.4386,0.00585938,0.121626,0.00585938,1.87392,1.82891,10,1911,1.46572,0
1776813445110660935,1.43843,0.00585938,0.121457,0.00585938,1.81948,1.8279,10,1911,1.46572,0
1776813445115685928,1.43843,-0.03125,0.121457,-0.03125,1.81948,1.8279,10,1911,1.46572,0
1776813445120678367,1.43827,-0.03125,0.121295,-0.03125,1.80773,1.80578,10,1911,1.46572,0
1776813445125683786,1.43827,-0.0390625,0.121295,-0.0390625,1.80773,1.80578,10,1911,1.46572,0
1776813445130679743,1.43793,-0.0390625,0.120955,-0.0390625,1.78636,1.79929,10,1911,1.46572,0
1776813445135691236,1.43793,-0.0292969,0.120955,-0.0292969,1.78636,1.79929,10,1911,1.46572,0
1776813445140681804,1.43758,-0.0292969,0.120611,-0.0292969,1.81877,1.8028,10,1911,1.46572,0
1776813445145777463,1.43758,-0.00195312,0.120611,-0.00195312,1.81877,1.8028,10,1911,1.46572,0
1776813445150698180,1.43741,-0.00195312,0.120439,-0.00195312,1.80894,1.81736,10,1911,1.46572,0
1776813445155690044,1.43741,0.0195312,0.120439,0.0195312,1.80894,1.81736,10,1911,1.46572,0
1776813445160656724,1.4374,0.0195312,0.120432,0.0195312,1.75341,1.82956,10,1911,1.46572,0
1776813445165778345,1.4374,0.0332031,0.120432,0.0332031,1.75341,1.82956,10,1911,1.46572,0
1776813445170751487,1.43775,0.0332031,0.120774,0.0332031,1.74576,1.8394,10,1911,1.46572,0
1776813445175687593,1.43775,0.0273438,0.120774,0.0273438,1.74576,1.8394,10,1911,1.46572,0
1776813445180680198,1.43775,0.0273438,0.120774,0.0273438,1.84925,1.83606,10,1911,1.46572,0
1776813445185691488,1.43792,0.0273438,0.120945,0.0273438,1.84925,1.83606,10,1911,1.46572,0
1776813445190679186,1.43792,0.0078125,0.120945,0.0078125,1.85158,1.82595,10,1911,1.46572,0
1776813445195679679,1.43809,0.0078125,0.121114,0.0078125,1.85158,1.82595,10,1911,1.46572,0
1776813445200683562,1.43809,-0.0117188,0.121114,-0.0117188,1.81886,1.81583,10,1911,1.46572,0
1776813445205686981,1.43809,-0.0117188,0.121114,-0.0117188,1.81886,1.81583,10,1911,1.46572,0
1776813445210665864,1.43809,-0.0117188,0.121114,-0.0117188,1.82949,1.81583,10,1911,1.46572,0
1776813445215674339,1.43791,-0.0117188,0.120942,-0.0117188,1.82949,1.81583,10,1911,1.46572,0
1776813445220687481,1.43791,-0.00585938,0.120942,-0.00585938,1.83996,1.81814,10,1911,1.46572,0
1776813445225683641,1.43775,-0.00585938,0.120779,-0.00585938,1.83996,1.81814,10,1911,1.46572,0
1776813445230683524,1.43775,0.00195312,0.120779,0.00195312,1.82954,1.82162,10,1911,1.46572,0
1776813445235680555,1.43775,0.00195312,0.120779,0.00195312,1.82954,1.82162,10,1911,1.46572,0
1776813445240677252,1.43775,0.00390625,0.120779,0.00390625,1.74334,1.82273,10,1911,1.46572,0
1776813445245679690,1.43793,0.00390625,0.120958,0.00390625,1.74334,1.82273,10,1911,1.46572,0
1776813445250757405,1.43793,0.00585938,0.120958,0.00585938,1.74266,1.82491,10,1911,1.46572,0
1776813445255688955,1.43793,0.00585938,0.120958,0.00585938,1.74266,1.82491,10,1911,1.46572,0
1776813445260677616,1.43776,0.00585938,0.120785,0.00585938,1.81861,1.82388,10,1911,1.46572,0
1776813445265692646,1.43776,-0.00585938,0.120785,-0.00585938,1.81861,1.82388,10,1911,1.46572,0
1776813445270687251,1.43775,-0.00585938,0.120782,-0.00585938,1.79736,1.81718,10,1911,1.46572,0
1776813445275692856,1.43775,-0.00195312,0.120782,-0.00195312,1.79736,1.81718,10,1911,1.46572,0
1776813445280692331,1.43775,-0.00195312,0.120782,-0.00195312,1.8719,1.81941,10,1911,1.46572,0
1776813445285683510,1.43775,0.00195312,0.120782,0.00195312,1.8719,1.81941,10,1911,1.46572,0
1776813445290683837,1.43775,0.00195312,0.120782,0.00195312,1.87385,1.82164,10,1911,1.46572,0
1776813445295687571,1.43775,0.00976562,0.120782,0.00976562,1.87385,1.82164,10,1911,1.46572,0
1776813445300676528,1.43793,0.00976562,0.120958,0.00976562,1.83954,1.82714,10,1911,1.46572,0
1776813445305679744,1.43793,0,0.120958,0,1.83954,1.82714,10,1911,1.46572,0
1776813445310659257,1.43793,0,0.120957,0,1.77539,1.82157,10,1911,1.46572,0
1776813445315673472,1.43793,-0.00390625,0.120957,-0.00390625,1.77539,1.82157,10,1911,1.46572,0
1776813445320678188,1.43793,-0.00390625,0.120957,-0.00390625,1.72165,1.81934,10,1911,1.46572,0
1776813445325704089,1.43793,-0.015625,0.120957,-0.015625,1.72165,1.81934,10,1911,1.46572,0
1776813445330688601,1.43793,-0.015625,0.120957,-0.015625,1.84007,1.81266,10,1911,1.46572,0
1776813445335764853,1.43793,-0.015625,0.120961,-0.015625,1.84007,1.81266,10,1911,1.46572,0
1776813445340786346,1.43793,-0.015625,0.120961,-0.015625,1.84007,1.81266,10,1911,1.46572,0
1776813445345706193,1.43776,0.0078125,0.120789,0.0078125,1.86176,1.82605,10,1911,1.46572,0
1776813445350689891,1.43776,0.015625,0.120789,0.015625,1.89378,1.82947,10,1911,1.46572,0
1776813445355681310,1.43776,0.015625,0.120785,0.015625,1.89378,1.82947,10,1911,1.46572,0
1776813445360664619,1.43776,0.015625,0.120785,0.015625,1.79734,1.82945,10,1911,1.46572,0
1776813445365675502,1.43793,0.015625,0.120957,0.015625,1.79734,1.82945,10,1911,1.46572,0
1776813445370695699,1.43793,0.0136719,0.120957,0.0136719,1.88367,1.82936,10,1911,1.46572,0
1776813445375691655,1.4381,0.0136719,0.12113,0.0136719,1.88367,1.82936,10,1911,1.46572,0
1776813445380714278,1.4381,0.0136719,0.12113,0.0136719,1.88367,1.82936,10,1911,1.46572,0
1776813445385706698,1.4381,-0.0175781,0.121126,-0.0175781,1.80774,1.81258,10,1911,1.46572,0
1776813445390694433,1.4381,-0.0175781,0.121126,-0.0175781,1.93796,1.81256,10,1911,1.46572,0
1776813445395688445,1.4381,-0.0175781,0.121126,-0.0175781,1.93796,1.81256,10,1911,1.46572,0
1776813445400678902,1.43792,-0.0175781,0.120951,-0.0175781,1.73282,1.81151,10,1911,1.46572,0
1776813445405679247,1.43792,-0.015625,0.120951,-0.015625,1.73282,1.81151,10,1911,1.46572,0
1776813445410666834,1.43775,-0.015625,0.120779,-0.015625,1.87182,1.8116,10,1911,1.46572,0
1776813445415672735,1.43775,0,0.120779,0,1.87182,1.8116,10,1911,1.46572,0
1776813445420685691,1.43775,0,0.120779,0,1.81935,1.82051,10,1911,1.46572,0
1776813445425680259,1.43775,0.00390625,0.120779,0.00390625,1.81935,1.82051,10,1911,1.46572,0
1776813445430682808,1.43775,0.00390625,0.120779,0.00390625,1.82951,1.82273,10,1911,1.46572,0
1776813445435679654,1.43775,0.00585938,0.120779,0.00585938,1.82951,1.82273,10,1911,1.46572,0
1776813445440696944,1.43775,0.00585938,0.120776,0.00585938,1.77708,1.82383,10,1911,1.46572,0
1776813445445688493,1.43775,0,0.120776,0,1.77708,1.82383,10,1911,1.46572,0
1776813445450685357,1.43775,0,0.120779,0,1.7873,1.8205,10,1911,1.46572,0
1776813445455681277,1.43775,0.00195312,0.120779,0.00195312,1.7873,1.8205,10,1911,1.46572,0
1776813445460673419,1.43776,0.00195312,0.120783,0.00195312,1.86166,1.82164,10,1911,1.46572,0
1776813445465690227,1.43776,-0.00390625,0.120783,-0.00390625,1.86166,1.82164,10,1911,1.46572,0
1776813445470703757,1.43776,-0.00390625,0.120783,-0.00390625,1.77521,1.8183,10,1911,1.46572,0
1776813445475685437,1.43792,-0.00390625,0.120951,-0.00390625,1.77521,1.8183,10,1911,1.46572,0
1776813445480677727,1.43792,0.00390625,0.120951,0.00390625,1.85154,1.82376,10,1911,1.46572,0
1776813445485691016,1.43792,0.00390625,0.120951,0.00390625,1.85154,1.82376,10,1911,1.46572,0
1776813445490683362,1.43792,0.00390625,0.120951,0.00390625,1.79737,1.82376,10,1911,1.46572,0
1776813445495688078,1.43792,0.00390625,0.120948,0.00390625,1.79737,1.82376,10,1911,1.46572,0
1776813445500790644,1.43792,0.00390625,0.120948,0.00390625,1.82944,1.82374,10,1911,1.46572,0
1776813445505696695,1.43792,0.00390625,0.120951,0.00390625,1.82944,1.82374,10,1911,1.46572,0
1776813445510663430,1.43792,-0.00390625,0.120951,-0.00390625,1.8723,1.8193,10,1911,1.46572,0
1776813445515680757,1.43792,-0.00390625,0.120951,-0.00390625,1.8723,1.8193,10,1911,1.46572,0
1776813445520703935,1.43792,-0.00976562,0.120951,-0.00976562,1.8837,1.81596,10,1911,1.46572,0
1776813445525682485,1.43793,-0.00976562,0.120954,-0.00976562,1.8837,1.81596,10,1911,1.46572,0
1776813445530683071,1.43793,0.00585938,0.120954,0.00585938,1.84084,1.82489,10,1911,1.46572,0
1776813445535708583,1.43793,0.00585938,0.120954,0.00585938,1.84084,1.82489,10,1911,1.46572,0
1776813445540693743,1.43793,0.00976562,0.120954,0.00976562,1.81947,1.82712,10,1911,1.46572,0
1776813445545735940,1.43793,0.00976562,0.120954,0.00976562,1.81947,1.82712,10,1911,1.46572,0
1776813445550690175,1.43843,0.00976562,0.121457,0.00976562,1.7552,1.83012,10,1911,1.46572,0
1776813445555693391,1.43843,0.00976562,0.121457,0.00976562,1.7552,1.83012,10,1911,1.46572,0
1776813445560658774,1.43877,0.00390625,0.121801,0.00390625,1.80721,1.82678,10,1911,1.46572,0
1776813445565671490,1.43877,0.00195312,0.121801,0.00195312,1.80721,1.82678,10,1911,1.46572,0
1776813445570684705,1.43878,0.00195312,0.121805,0.00195312,1.88217,1.82775,10,1911,1.46572,0
1776813445575684607,1.43878,-0.0078125,0.121805,-0.0078125,1.88217,1.82775,10,1911,1.46572,0
1776813445580687971,1.43878,-0.0078125,0.121808,-0.0078125,1.85032,1.8222,10,1911,1.46572,0
1776813445585681057,1.43878,-0.0136719,0.121808,-0.0136719,1.85032,1.8222,10,1911,1.46572,0
1776813445590685606,1.43861,-0.0136719,0.121639,-0.0136719,1.8723,1.81785,10,1911,1.46572,0
1776813445595772320,1.43861,-0.00390625,0.121639,-0.00390625,1.8723,1.81785,10,1911,1.46572,0
1776813445600710760,1.43861,-0.00390625,0.121639,-0.00390625,1.80719,1.82342,10,1911,1.46572,0
1776813445605686587,1.43861,0.00390625,0.121639,0.00390625,1.80719,1.82342,10,1911,1.46572,0
1776813445610672433,1.43861,0.00390625,0.121639,0.00390625,1.88362,1.82787,10,1911,1.46572,0
1776813445615679630,1.43861,0.00976562,0.121639,0.00976562,1.88362,1.82787,10,1911,1.46572,0
1776813445620732067,1.43861,0.00976562,0.121639,0.00976562,1.85151,1.83121,10,1911,1.46572,0
1776813445625695765,1.4403,0.00976562,0.123331,0.00976562,1.85151,1.83121,10,1911,1.46572,0
1776813445630680963,1.4403,0.00585938,0.123331,0.00585938,1.78739,1.83909,10,1911,1.46572,0
1776813445635680901,1.44048,0.00585938,0.123503,0.00585938,1.78739,1.83909,10,1911,1.46572,0
1776813445640705265,1.44048,0.00585938,0.123503,0.00585938,1.78739,1.83909,10,1911,1.46572,0
1776813445645687074,1.44048,-0.00390625,0.123503,-0.00390625,1.80769,1.83455,10,1911,1.46572,0
1776813445650683308,1.44048,-0.00390625,0.123503,-0.00390625,1.80769,1.83455,10,1911,1.46572,0
1776813445655693394,1.44047,-0.00976562,0.123496,-0.00976562,1.78694,1.83121,10,1911,1.46572,0
1776813445660700943,1.44047,-0.0078125,0.123496,-0.0078125,1.83984,1.83229,10,1911,1.46572,0
1776813445665754640,1.4403,-0.0078125,0.123327,-0.0078125,1.83984,1.83229,10,1911,1.46572,0
1776813445670736708,1.4403,-0.0078125,0.123327,-0.0078125,1.76518,1.83128,10,1911,1.46572,0
1776813445675689165,1.4403,-0.0078125,0.123327,-0.0078125,1.76518,1.83128,10,1911,1.46572,0
1776813445680679659,1.4403,0,0.123327,0,1.81923,1.83573,10,1911,1.46572,0
1776813445685691690,1.4403,0,0.123327,0,1.81923,1.83573,10,1911,1.46572,0
1776813445690684221,1.4403,-0.00195312,0.123327,-0.00195312,1.82949,1.83462,10,1911,1.46572,0
1776813445695683288,1.4403,-0.00195312,0.123327,-0.00195312,1.82949,1.83462,10,1911,1.46572,0
1776813445700684986,1.44166,-0.00195312,0.124683,-0.00195312,1.81855,1.84271,10,1911,1.46572,0
1776813445705685239,1.44166,-0.00585938,0.124683,-0.00585938,1.81855,1.84271,10,1911,1.46572,0
1776813445710673251,1.44166,-0.00585938,0.124683,-0.00585938,1.83998,1.84049,10,1911,1.46572,0
1776813445715684337,1.44166,-0.00390625,0.124683,-0.00390625,1.83998,1.84049,10,1911,1.46572,0
1776813445720697423,1.44148,-0.00390625,0.12451,-0.00390625,1.83996,1.84057,10,1911,1.46572,0
1776813445725719398,1.44148,-0.00585938,0.12451,-0.00585938,1.83996,1.84057,10,1911,1.46572,0
1776813445730688688,1.44148,-0.00585938,0.124507,-0.00585938,1.82956,1.83944,10,1911,1.46572,0
1776813445735712978,1.44148,0,0.124507,0,1.82956,1.83944,10,1911,1.46572,0
1776813445740699657,1.44148,0,0.124507,0,1.83936,1.84278,10,1911,1.46572,0
1776813445745706984,1.44148,0.00390625,0.124507,0.00390625,1.83936,1.84278,10,1911,1.46572,0
1776813445750686126,1.44148,0.00390625,0.124507,0.00390625,1.87363,1.845,10,1911,1.46572,0
1776813445755742304,1.44148,0.00390625,0.124507,0.00390625,1.87363,1.845,10,1911,1.46572,0
1776813445760669244,1.44166,0.00390625,0.124683,0.00390625,1.85156,1.84605,10,1911,1.46572,0
1776813445765678793,1.44166,-0.00390625,0.124683,-0.00390625,1.85156,1.84605,10,1911,1.46572,0
1776813445770691008,1.44166,-0.00390625,0.124683,-0.00390625,1.8289,1.8416,10,1911,1.46572,0
1776813445775691613,1.44284,-0.00390625,0.125863,-0.00390625,1.8289,1.8416,10,1911,1.46572,0
1776813445780701792,1.44284,-0.00390625,0.125863,-0.00390625,1.90551,1.84865,10,1911,1.46572,0
1776813445785689008,1.44266,-0.00390625,0.125691,-0.00390625,1.90551,1.84865,10,1911,1.46572,0
1776813445790692927,1.44266,-0.00390625,0.125691,-0.00390625,1.85038,1.84762,10,1911,1.46572,0
1776813445795682532,1.44266,-0.00390625,0.125691,-0.00390625,1.85038,1.84762,10,1911,1.46572,0
1776813445800685008,1.44266,0.00390625,0.125691,0.00390625,1.80741,1.85207,10,1911,1.46572,0
1776813445805685464,1.44266,0.00390625,0.125691,0.00390625,1.80741,1.85207,10,1911,1.46572,0
1776813445810692198,1.44266,0.00585938,0.125691,0.00585938,1.79737,1.85318,10,1911,1.46572,0
1776813445815674915,1.44284,0.00585938,0.125866,0.00585938,1.79737,1.85318,10,1911,1.46572,0
1776813445820680575,1.44284,0.00585938,0.125866,0.00585938,1.85136,1.85423,10,1911,1.46572,0
1776813445825681976,1.44284,0.00585938,0.125866,0.00585938,1.85136,1.85423,10,1911,1.46572,0
1776813445830683803,1.44284,0,0.125866,0,1.89388,1.85089,10,1911,1.46572,0
1776813445835693426,1.44284,0,0.125866,0,1.89388,1.85089,10,1911,1.46572,0
1776813445840693142,1.44284,0,0.125866,0,1.91575,1.85089,10,1911,1.46572,0
1776813445845680969,1.44284,0,0.125866,0,1.91575,1.85089,10,1911,1.46572,0
1776813445850688537,1.44386,0,0.126885,0,1.86177,1.85697,10,1911,1.46572,0
1776813445855682531,1.44386,0,0.126885,0,1.86177,1.85697,10,1911,1.46572,0
1776813445860749449,1.44386,0,0.126885,0,1.91584,1.85697,10,1911,1.46572,0
1776813445865709147,1.44386,0.00195312,0.126885,0.00195312,1.91584,1.85697,10,1911,1.46572,0
1776813445870739751,1.44386,0.00195312,0.126885,0.00195312,1.86172,1.85808,10,1911,1.46572,0
1776813445875699098,1.44386,0.00195312,0.126885,0.00195312,1.86172,1.85808,10,1911,1.46572,0
1776813445880686684,1.44386,0.00195312,0.126888,0.00195312,1.8499,1.8581,10,1911,1.46572,0
1776813445885693530,1.44386,-0.00390625,0.126888,-0.00390625,1.8499,1.8581,10,1911,1.46572,0
1776813445890687523,1.44386,-0.00390625,0.126888,-0.00390625,1.81789,1.85476,10,1911,1.46572,0
1776813445895681647,1.44386,-0.00195312,0.126888,-0.00195312,1.81789,1.85476,10,1911,1.46572,0
1776813445900685455,1.44386,-0.00195312,0.126888,-0.00195312,1.82956,1.85588,10,1911,1.46572,0
1776813445905690819,1.44386,0.00195312,0.126888,0.00195312,1.82956,1.85588,10,1911,1.46572,0
1776813445910657814,1.44386,0.00195312,0.126891,0.00195312,1.82955,1.85812,10,1911,1.46572,0
1776813445915676362,1.44386,0.00195312,0.126891,0.00195312,1.82955,1.85812,10,1911,1.46572,0
1776813445920700337,1.44742,0.00195312,0.130452,0.00195312,1.81923,1.85812,10,1911,1.46572,0
1776813445925695442,1.44742,0.0078125,0.130452,0.0078125,1.81923,1.85812,10,1911,1.46572,0
1776813445930681306,1.4476,0.0078125,0.130624,0.0078125,1.87378,1.88372,10,1911,1.46572,0
1776813445935698170,1.4476,0.0078125,0.130624,0.0078125,1.87378,1.88372,10,1911,1.46572,0
1776813445940693386,1.4476,0.0078125,0.130624,0.0078125,1.82956,1.88372,10,1911,1.46572,0
1776813445945688065,1.4476,0.00195312,0.130624,0.00195312,1.82956,1.88372,10,1911,1.46572,0
1776813445950675577,1.4476,0.00195312,0.130625,0.00195312,1.94791,1.88038,10,1911,1.46572,0
1776813445955686589,1.4476,-0.00390625,0.130625,-0.00390625,1.94791,1.88038,10,1911,1.46572,0
1776813445960658454,1.4476,-0.00390625,0.130625,-0.00390625,1.92618,1.87704,10,1911,1.46572,0
1776813445965674077,1.4476,-0.0078125,0.130625,-0.0078125,1.92618,1.87704,10,1911,1.46572,0
1776813445970698144,1.4476,-0.0078125,0.130625,-0.0078125,1.91567,1.87481,10,1911,1.46572,0
1776813445975690601,1.4476,-0.00585938,0.130625,-0.00585938,1.91567,1.87481,10,1911,1.46572,0
1776813445980685595,1.44743,-0.00585938,0.130455,-0.00585938,1.86174,1.87491,10,1911,1.46572,0
1776813445985675755,1.44743,0.00195312,0.130455,0.00195312,1.86174,1.87491,10,1911,1.46572,0
1776813445990694304,1.44743,0.00195312,0.130455,0.00195312,1.91582,1.87937,10,1911,1.46572,0
1776813445995685465,1.44998,0.00195312,0.133003,0.00195312,1.91582,1.87937,10,1911,1.46572,0
1776813446000689551,1.44998,0,0.133003,0,1.77547,1.89343,10,1911,1.46572,0
1776813446005723229,1.44997,0,0.133,0,1.77547,1.89343,10,1911,1.46572,0
1776813446010672817,1.44997,0.00585938,0.133,0.00585938,1.95844,1.89675,10,1911,1.46572,0
1776813446015679514,1.44998,0.00585938,0.133003,0.00585938,1.95844,1.89675,10,1911,1.46572,0
1776813446020706397,1.44998,-0.00195312,0.133003,-0.00195312,1.894,1.89232,10,1911,1.46572,0
1776813446025685224,1.44998,-0.00195312,0.133003,-0.00195312,1.894,1.89232,10,1911,1.46572,0
1776813446030690292,1.44998,-0.0078125,0.133003,-0.0078125,1.91539,1.88898,10,1911,1.46572,0
1776813446035681768,1.44997,-0.0078125,0.133,-0.0078125,1.91539,1.88898,10,1911,1.46572,0
1776813446040683187,1.44997,-0.00976562,0.133,-0.00976562,1.91569,1.88785,10,1911,1.46572,0
1776813446045774513,1.4498,-0.00976562,0.13283,-0.00976562,1.91569,1.88785,10,1911,1.46572,0
1776813446050711786,1.4498,-0.00585938,0.13283,-0.00585938,1.90426,1.88906,10,1911,1.46572,0
1776813446055695021,1.4498,-0.00585938,0.13283,-0.00585938,1.90426,1.88906,10,1911,1.46572,0
1776813446060656627,1.4498,0.00195312,0.13283,0.00195312,1.80786,1.89351,10,1911,1.46572,0
1776813446065752507,1.4498,0.00195312,0.13283,0.00195312,1.80786,1.89351,10,1911,1.46572,0
1776813446070767464,1.45167,0.00195312,0.134702,0.00195312,1.93684,1.90465,10,1911,1.46572,0
1776813446075709626,1.45167,0.00195312,0.134702,0.00195312,1.93684,1.90465,10,1911,1.46572,0
1776813446080696712,1.45167,0.00195312,0.134702,0.00195312,1.88244,1.90465,10,1911,1.46572,0
1776813446085693151,1.45167,0,0.134702,0,1.88244,1.90465,10,1911,1.46572,0
1776813446090683756,1.45167,0,0.134702,0,1.9476,1.90354,10,1911,1.46572,0
1776813446095695379,1.45167,-0.00195312,0.134702,-0.00195312,1.9476,1.90354,10,1911,1.46572,0
1776813446100681633,1.45167,-0.00195312,0.134702,-0.00195312,1.94779,1.90243,10,1911,1.46572,0
1776813446105691219,1.45167,0.00195312,0.134702,0.00195312,1.94779,1.90243,10,1911,1.46572,0
1776813446110669973,1.45167,0.00195312,0.134699,0.00195312,1.89399,1.90464,10,1911,1.46572,0
1776813446115682559,1.45167,-0.00195312,0.134699,-0.00195312,1.89399,1.90464,10,1911,1.46572,0
1776813446120681423,1.45184,-0.00195312,0.134871,-0.00195312,1.87247,1.90343,10,1911,1.46572,0
1776813446125701046,1.45184,0,0.134871,0,1.87247,1.90343,10,1911,1.46572,0
1776813446130682133,1.45185,0,0.134874,0,1.94775,1.90457,10,1911,1.46572,0
1776813446135685275,1.45185,0.00195312,0.134874,0.00195312,1.94775,1.90457,10,1911,1.46572,0
1776813446140680639,1.45338,0.00195312,0.136408,0.00195312,1.93709,1.90568,10,1911,1.46572,0
1776813446145684078,1.45338,-0.00195312,0.136408,-0.00195312,1.93709,1.90568,10,1911,1.46572,0
1776813446150718386,1.45338,-0.00195312,0.136408,-0.00195312,1.9695,1.91257,10,1911,1.46572,0
1776813446155711935,1.45338,-0.00195312,0.136408,-0.00195312,1.9695,1.91257,10,1911,1.46572,0
1776813446160676893,1.45338,-0.00195312,0.136408,-0.00195312,1.90508,1.91257,10,1911,1.46572,0
1776813446165681275,1.45338,-0.00390625,0.136408,-0.00390625,1.90508,1.91257,10,1911,1.46572,0
1776813446170690954,1.45338,-0.00390625,0.136408,-0.00390625,1.9257,1.91146,10,1911,1.46572,0
1776813446175704837,1.45338,0.00390625,0.136408,0.00390625,1.9257,1.91146,10,1911,1.46572,0
1776813446180683702,1.45338,0.00390625,0.136411,0.00390625,1.84015,1.91593,10,1911,1.46572,0
1776813446185714417,1.45338,-0.00195312,0.136411,-0.00195312,1.84015,1.91593,10,1911,1.46572,0
1776813446190705393,1.45338,-0.00195312,0.136411,-0.00195312,1.88361,1.91259,10,1911,1.46572,0
1776813446195738164,1.45338,-0.00195312,0.136411,-0.00195312,1.88361,1.91259,10,1911,1.46572,0
1776813446200692214,1.45339,-0.00195312,0.136414,-0.00195312,1.92606,1.91261,10,1911,1.46572,0
1776813446205686819,1.45339,-0.00390625,0.136414,-0.00390625,1.92606,1.91261,10,1911,1.46572,0
1776813446210703702,1.45339,-0.00390625,0.136414,-0.00390625,1.90478,1.9115,10,1911,1.46572,0
1776813446215694103,1.45919,-0.00390625,0.142214,-0.00390625,1.90478,1.9115,10,1911,1.46572,0
1776813446220693652,1.45919,-0.00195312,0.142214,-0.00195312,1.87247,1.94706,10,1911,1.46572,0
1776813446225685424,1.45919,-0.00195312,0.142214,-0.00195312,1.87247,1.94706,10,1911,1.46572,0
1776813446230684270,1.45919,0.00390625,0.142214,0.00390625,2.01347,1.9504,10,1911,1.46572,0
1776813446235681227,1.45919,0.00390625,0.142214,0.00390625,2.01347,1.9504,10,1911,1.46572,0
1776813446240688017,1.45919,0,0.142214,0,1.95833,1.94818,10,1911,1.46572,0
1776813446245682918,1.45919,0,0.142214,0,1.95833,1.94818,10,1911,1.46572,0
1776813446250731374,1.45919,-0.00390625,0.142214,-0.00390625,1.91612,1.94595,10,1911,1.46572,0
1776813446255733794,1.45919,-0.00390625,0.142214,-0.00390625,1.91612,1.94595,10,1911,1.46572,0
1776813446260680493,1.45919,-0.00195312,0.142214,-0.00195312,1.99285,1.94706,10,1911,1.46572,0
1776813446265702208,1.45919,-0.00195312,0.142214,-0.00195312,1.99285,1.94706,10,1911,1.46572,0
1776813446270693221,1.45919,-0.00195312,0.142214,-0.00195312,1.92773,1.94706,10,1911,1.46572,0
1776813446275684511,1.45901,-0.00195312,0.142042,-0.00195312,1.92773,1.94706,10,1911,1.46572,0
1776813446280690079,1.45901,-0.00585938,0.142042,-0.00585938,2.03207,1.94381,10,1911,1.46572,0
1776813446285683462,1.4626,-0.00585938,0.145632,-0.00585938,2.03207,1.94381,10,1911,1.46572,0
1776813446290692882,1.4626,-0.00585938,0.145632,-0.00585938,2.03207,1.94381,10,1911,1.46572,0
1776813446295687246,1.4626,0.00195312,0.145629,0.00195312,1.8337,1.96956,10,1911,1.46572,0
1776813446300693629,1.4626,-0.00195312,0.145629,-0.00195312,2.02541,1.96731,10,1911,1.46572,0
1776813446305690845,1.4626,-0.00195312,0.145629,-0.00195312,2.02541,1.96731,10,1911,1.46572,0
1776813446310676469,1.4626,0,0.145629,0,1.93603,1.96843,10,1911,1.46572,0
1776813446315674148,1.4626,0,0.145629,0,1.93603,1.96843,10,1911,1.46572,0
1776813446320678919,1.4626,0.00195312,0.145629,0.00195312,1.91976,1.96954,10,1911,1.46572,0
1776813446325709153,1.4626,0.00195312,0.145629,0.00195312,1.91976,1.96954,10,1911,1.46572,0
1776813446330683203,1.4626,-0.00585938,0.145629,-0.00585938,1.93618,1.96509,10,1911,1.46572,0
1776813446335693549,1.4626,-0.00585938,0.145626,-0.00585938,1.93618,1.96509,10,1911,1.46572,0
1776813446340685543,1.4626,-0.00976562,0.145626,-0.00976562,1.98059,1.96284,10,1911,1.46572,0
1776813446345692000,1.46243,-0.00976562,0.145455,-0.00976562,1.98059,1.96284,10,1911,1.46572,0
1776813446350684364,1.46243,-0.00390625,0.145455,-0.00390625,1.96045,1.96517,10,1911,1.46572,0
1776813446355689691,1.46517,-0.00390625,0.148195,-0.00390625,1.96045,1.96517,10,1911,1.46572,0
1776813446360675389,1.46517,0.00195312,0.148195,0.00195312,1.94012,1.98475,10,1911,1.46572,0
1776813446365675087,1.46516,0.00195312,0.148192,0.00195312,1.94012,1.98475,10,1911,1.46572,0
1776813446370699154,1.46516,0.00585938,0.148192,0.00585938,2.02551,1.98695,10,1911,1.46572,0
1776813446375706722,1.46516,0.00585938,0.148192,0.00585938,2.02551,1.98695,10,1911,1.46572,0
1776813446380763733,1.46516,0.00390625,0.148192,0.00390625,1.99296,1.98584,10,1911,1.46572,0
1776813446385700932,1.46516,0.00390625,0.148192,0.00390625,1.99296,1.98584,10,1911,1.46572,0
1776813446390685167,1.46516,0.00585938,0.148192,0.00585938,2.00517,1.98695,10,1911,1.46572,0
1776813446395692679,1.46517,0.00585938,0.148194,0.00585938,2.00517,1.98695,10,1911,1.46572,0
1776813446400681562,1.46517,-0.00195312,0.148194,-0.00195312,1.92784,1.98251,10,1911,1.46572,0
1776813446405689723,1.46517,-0.00195312,0.148194,-0.00195312,1.92784,1.98251,10,1911,1.46572,0
1776813446410676476,1.46517,-0.00390625,0.148194,-0.00390625,1.99298,1.9814,10,1911,1.46572,0
1776813446415680859,1.46517,-0.00390625,0.148194,-0.00390625,1.99298,1.9814,10,1911,1.46572,0
1776813446420710760,1.46517,-0.00585938,0.148194,-0.00585938,1.99296,1.98028,10,1911,1.46572,0
1776813446425684384,1.46739,-0.00585938,0.150421,-0.00585938,1.99296,1.98028,10,1911,1.46572,0
1776813446430724988,1.46739,-0.00585938,0.150421,-0.00585938,1.99296,1.98028,10,1911,1.46572,0
1776813446435700056,1.46722,-0.00585938,0.150252,-0.00585938,1.99298,1.99347,10,1911,1.46572,0
1776813446440706772,1.46722,0.00390625,0.150252,0.00390625,1.98071,1.99803,10,1911,1.46572,0
1776813446445683211,1.46722,0.00390625,0.150252,0.00390625,1.98071,1.99803,10,1911,1.46572,0
1776813446450690760,1.46722,0.00195312,0.150252,0.00195312,1.95296,1.99692,10,1911,1.46572,0
1776813446455681773,1.46722,0.00195312,0.150252,0.00195312,1.95296,1.99692,10,1911,1.46572,0
1776813446460662712,1.46722,0,0.150252,0,2.05091,1.9958,10,1911,1.46572,0
1776813446465703594,1.46722,0,0.150252,0,2.05091,1.9958,10,1911,1.46572,0
1776813446470708236,1.46722,-0.00585938,0.150252,-0.00585938,2.02531,1.99246,10,1911,1.46572,0
1776813446475685619,1.46722,-0.00585938,0.150252,-0.00585938,2.02531,1.99246,10,1911,1.46572,0
1776813446480685298,1.46722,-0.00195312,0.150252,-0.00195312,1.96609,1.99469,10,1911,1.46572,0
1776813446485685755,1.46722,-0.00195312,0.150252,-0.00195312,1.96609,1.99469,10,1911,1.46572,0
1776813446490687119,1.46722,-0.00390625,0.150252,-0.00390625,2.03111,1.99358,10,1911,1.46572,0
1776813446495766500,1.46911,-0.00390625,0.152141,-0.00390625,2.03111,1.99358,10,1911,1.46572,0
1776813446500722495,1.46911,-0.00390625,0.152141,-0.00390625,2.03111,1.99358,10,1911,1.46572,0
1776813446505695600,1.46911,-0.00195312,0.152141,-0.00195312,1.99241,2.00587,10,1911,1.46572,0
1776813446510708057,1.46911,0,0.152141,0,1.98561,2.00698,10,1911,1.46572,0
1776813446515760309,1.46911,0,0.152141,0,1.98561,2.00698,10,1911,1.46572,0
1776813446520700656,1.46911,-0.00390625,0.152141,-0.00390625,2.03798,2.00475,10,1911,1.46572,0
1776813446525699020,1.46911,-0.00390625,0.152141,-0.00390625,2.03798,2.00475,10,1911,1.46572,0
1776813446530687348,1.46911,-0.00195312,0.152141,-0.00195312,1.97265,2.00587,10,1911,1.46572,0
1776813446535691860,1.46911,-0.00195312,0.152141,-0.00195312,1.97265,2.00587,10,1911,1.46572,0
1776813446540684965,1.46911,0.00195312,0.152141,0.00195312,1.95298,2.00809,10,1911,1.46572,0
1776813446545700940,1.46911,0.00195312,0.152141,0.00195312,1.95298,2.00809,10,1911,1.46572,0
1776813446550686064,1.46911,0.00390625,0.152141,0.00390625,2.03147,2.00921,10,1911,1.46572,0
1776813446555697095,1.46911,0.00390625,0.152141,0.00390625,2.03147,2.00921,10,1911,1.46572,0
1776813446560673497,1.46911,-0.00195312,0.152141,-0.00195312,2.05075,2.00587,10,1911,1.46572,0
1776813446565703990,1.46911,-0.00195312,0.152141,-0.00195312,2.05075,2.00587,10,1911,1.46572,0
1776813446570713521,1.47547,-0.00195312,0.158499,-0.00195312,1.97278,2.04342,10,1911,1.46572,0
1776813446575685071,1.47547,-0.00195312,0.158499,-0.00195312,1.97278,2.04342,10,1911,1.46572,0
1776813446580693583,1.47547,-0.00195312,0.158499,-0.00195312,1.95269,2.04342,10,1911,1.46572,0
1776813446585693336,1.47547,-0.00585938,0.158499,-0.00585938,1.95269,2.04342,10,1911,1.46572,0
1776813446590708015,1.47547,-0.00585938,0.158499,-0.00585938,2.07815,2.04119,10,1911,1.46572,0
1776813446595682565,1.47547,-0.0078125,0.158499,-0.0078125,2.07815,2.04119,10,1911,1.46572,0
1776813446600694595,1.47547,-0.0078125,0.158499,-0.0078125,1.99346,2.04008,10,1911,1.46572,0
1776813446605680923,1.47547,-0.0078125,0.158499,-0.0078125,1.99346,2.04008,10,1911,1.46572,0
1776813446610675602,1.4753,-0.0078125,0.158326,-0.0078125,2.01262,2.03906,10,1911,1.46572,0
1776813446615673781,1.4753,-0.00390625,0.158326,-0.00390625,2.01262,2.03906,10,1911,1.46572,0
1776813446620697275,1.4753,-0.00390625,0.158326,-0.00390625,2.01713,2.04129,10,1911,1.46572,0
1776813446625689509,1.4753,-0.0078125,0.158326,-0.0078125,2.01713,2.04129,10,1911,1.46572,0
1776813446630686911,1.47513,-0.0078125,0.158155,-0.0078125,2.00836,2.03805,10,1911,1.46572,0
1776813446635682238,1.47513,0,0.158155,0,2.00836,2.03805,10,1911,1.46572,0
1776813446640690843,1.47513,0,0.158155,0,2.12971,2.0425,10,1911,1.46572,0
1776813446645682337,1.47926,0,0.16229,0,2.12971,2.0425,10,1911,1.46572,0
1776813446650687534,1.47926,0,0.16229,0,2.12971,2.0425,10,1911,1.46572,0
1776813446655689176,1.47926,0.00195312,0.16229,0.00195312,2.12971,2.068,10,1911,1.46572,0
1776813446660668560,1.47926,0.0078125,0.16229,0.0078125,2.04544,2.07134,10,1911,1.46572,0
1776813446665698553,1.47926,0.0078125,0.16229,0.0078125,2.04544,2.07134,10,1911,1.46572,0
1776813446670687658,1.47926,0.00976562,0.16229,0.00976562,2.01264,2.07245,10,1911,1.46572,0
1776813446675693745,1.47943,0.00976562,0.162462,0.00976562,2.01264,2.07245,10,1911,1.46572,0
1776813446680686016,1.47943,-0.00390625,0.162462,-0.00390625,2.10679,2.06567,10,1911,1.46572,0
1776813446685689436,1.47943,-0.00390625,0.162462,-0.00390625,2.10679,2.06567,10,1911,1.46572,0
1776813446690685671,1.47943,-0.0078125,0.162462,-0.0078125,2.00845,2.06344,10,1911,1.46572,0
1776813446695696553,1.47943,-0.0078125,0.162462,-0.0078125,2.00845,2.06344,10,1911,1.46572,0
1776813446700688177,1.47943,-0.0078125,0.162462,-0.0078125,2.05966,2.06345,10,1911,1.46572,0
1776813446705690893,1.47926,-0.0078125,0.16229,-0.0078125,2.05966,2.06345,10,1911,1.46572,0
1776813446710678998,1.47926,-0.0117188,0.16229,-0.0117188,1.99072,2.0602,10,1911,1.46572,0
1776813446715678677,1.47926,-0.0117188,0.16229,-0.0117188,1.99072,2.0602,10,1911,1.46572,0
1776813446720682227,1.48237,-0.0117188,0.165397,-0.0117188,2.09238,2.0785,10,1911,1.46572,0
1776813446725708757,1.48237,0.00195312,0.165397,0.00195312,2.09238,2.0785,10,1911,1.46572,0
1776813446730687733,1.4822,0.00195312,0.165225,0.00195312,2.17276,2.08528,10,1911,1.46572,0
1776813446735688005,1.4822,0.00195312,0.165225,0.00195312,2.17276,2.08528,10,1911,1.46572,0
1776813446740679943,1.4822,0.00195312,0.165225,0.00195312,2.08907,2.08528,10,1911,1.46572,0
1776813446745682381,1.4822,0.00390625,0.165225,0.00390625,2.08907,2.08528,10,1911,1.46572,0
1776813446750683320,1.4822,0.00390625,0.165225,0.00390625,2.13689,2.08639,10,1911,1.46572,0
1776813446755687906,1.4822,0.00390625,0.165225,0.00390625,2.13689,2.08639,10,1911,1.46572,0
1776813446760668882,1.48237,0.00390625,0.165401,0.00390625,2.09241,2.08743,10,1911,1.46572,0
1776813446765784299,1.48237,0.0078125,0.165401,0.0078125,2.09241,2.08743,10,1911,1.46572,0
1776813446770689999,1.48237,0.0078125,0.165401,0.0078125,2.09235,2.08966,10,1911,1.46572,0
1776813446775685956,1.48237,-0.00585938,0.165401,-0.00585938,2.09235,2.08966,10,1911,1.46572,0
1776813446780684820,1.48237,-0.00585938,0.165401,-0.00585938,2.1222,2.08186,10,1911,1.46572,0
1776813446785685832,1.48237,-0.00976562,0.165401,-0.00976562,2.1222,2.08186,10,1911,1.46572,0
1776813446790694234,1.48237,-0.00976562,0.165401,-0.00976562,2.05646,2.07964,10,1911,1.46572,0
1776813446795684913,1.48479,-0.00976562,0.167819,-0.00976562,2.05646,2.07964,10,1911,1.46572,0
1776813446800707314,1.48479,-0.00585938,0.167819,-0.00585938,2.13979,2.09609,10,1911,1.46572,0
1776813446805686086,1.48479,-0.00585938,0.167819,-0.00585938,2.13979,2.09609,10,1911,1.46572,0
1776813446810670784,1.48479,-0.00390625,0.167819,-0.00390625,2.13767,2.0972,10,1911,1.46572,0
1776813446815697203,1.48462,-0.00390625,0.167646,-0.00390625,2.13767,2.0972,10,1911,1.46572,0
1776813446820689327,1.48462,0.00390625,0.167646,0.00390625,2.05648,2.10064,10,1911,1.46572,0
1776813446825678895,1.48462,0.00390625,0.167646,0.00390625,2.05648,2.10064,10,1911,1.46572,0
1776813446830681685,1.48462,0.00390625,0.167646,0.00390625,2.05875,2.10064,10,1911,1.46572,0
1776813446835687753,1.48462,0.00390625,0.167646,0.00390625,2.05875,2.10064,10,1911,1.46572,0
1776813446840691802,1.48462,0.00195312,0.167646,0.00195312,1.95471,2.09952,10,1911,1.46572,0
1776813446845693740,1.48462,0.00195312,0.167646,0.00195312,1.95471,2.09952,10,1911,1.46572,0
1776813446850693253,1.48462,0.00195312,0.167646,0.00195312,2.12046,2.09952,10,1911,1.46572,0
1776813446855680469,1.48479,0.00195312,0.167819,0.00195312,2.12046,2.09952,10,1911,1.46572,0
1776813446860654945,1.48479,0.00195312,0.167819,0.00195312,2.07018,2.10054,10,1911,1.46572,0
1776813446865716549,1.48479,0.00195312,0.167819,0.00195312,2.07018,2.10054,10,1911,1.46572,0
1776813446870695969,1.49345,0.00195312,0.176482,0.00195312,2.08921,2.15141,10,1911,1.46572,0
1776813446875702704,1.49345,-0.00195312,0.176482,-0.00195312,2.08921,2.15141,10,1911,1.46572,0
1776813446880682735,1.49363,-0.00195312,0.176658,-0.00195312,2.18772,2.15021,10,1911,1.46572,0
1776813446885682266,1.49363,-0.00390625,0.176658,-0.00390625,2.18772,2.15021,10,1911,1.46572,0
1776813446890678667,1.49346,-0.00390625,0.176486,-0.00390625,2.20264,2.14809,10,1911,1.46572,0
1776813446895754937,1.49346,-0.0136719,0.176486,-0.0136719,2.20264,2.14809,10,1911,1.46572,0
1776813446900707691,1.49345,-0.0136719,0.176481,-0.0136719,2.08706,2.14249,10,1911,1.46572,0
1776813446905681667,1.49345,-0.015625,0.176481,-0.015625,2.08706,2.14249,10,1911,1.46572,0
1776813446910664606,1.49328,-0.015625,0.176309,-0.015625,2.16966,2.14037,10,1911,1.46572,0
1776813446915678100,1.49328,-0.0136719,0.176309,-0.0136719,2.16966,2.14037,10,1911,1.46572,0
1776813446920678445,1.49311,-0.0136719,0.176134,-0.0136719,2.20334,2.14046,10,1911,1.46572,0
1776813446925679847,1.49311,-0.0136719,0.176134,-0.0136719,2.20334,2.14046,10,1911,1.46572,0
1776813446930687359,1.49293,-0.0136719,0.175961,-0.0136719,2.15316,2.13944,10,1911,1.46572,0
1776813446935692112,1.49293,-0.00585938,0.175961,-0.00585938,2.15316,2.13944,10,1911,1.46572,0
1776813446940773549,1.49293,-0.00585938,0.175961,-0.00585938,2.11,2.1439,10,1911,1.46572,0
1776813446945712099,1.49797,-0.00585938,0.181,-0.00585938,2.11,2.1439,10,1911,1.46572,0
1776813446950694705,1.49797,0,0.181,0,2.18578,2.17676,10,1911,1.46572,0
1776813446955816604,1.49797,0,0.180999,0,2.18578,2.17676,10,1911,1.46572,0
1776813446960705803,1.49797,0.00195312,0.180999,0.00195312,2.03718,2.17786,10,1911,1.46572,0
1776813446965695316,1.49797,0.00195312,0.180999,0.00195312,2.03718,2.17786,10,1911,1.46572,0
1776813446970685292,1.49797,0,0.180999,0,2.15502,2.17675,10,1911,1.46572,0
1776813446975735044,1.49798,0,0.181003,0,2.15502,2.17675,10,1911,1.46572,0
1776813446980692705,1.49798,-0.00390625,0.181003,-0.00390625,2.20284,2.17455,10,1911,1.46572,0
1776813446985699847,1.49797,-0.00390625,0.181002,-0.00390625,2.20284,2.17455,10,1911,1.46572,0
1776813446990691767,1.49797,-0.00585938,0.181002,-0.00585938,2.19943,2.17343,10,1911,1.46572,0
1776813446995727427,1.49797,-0.00585938,0.181002,-0.00585938,2.19943,2.17343,10,1911,1.46572,0
1776813447000703347,1.49797,-0.00585938,0.181002,-0.00585938,2.12183,2.17343,10,1911,1.46572,0
1776813447005688675,1.49797,-0.00585938,0.181002,-0.00585938,2.12183,2.17343,10,1911,1.46572,0
1776813447010678817,1.49797,-0.0078125,0.181002,-0.0078125,2.23841,2.17232,10,1911,1.46572,0
1776813447015744921,1.49797,-0.0078125,0.181002,-0.0078125,2.23841,2.17232,10,1911,1.46572,0
1776813447020707305,1.50146,-0.0078125,0.184485,-0.0078125,2.1726,2.19269,10,1911,1.46572,0
1776813447025690059,1.50146,-0.00390625,0.184485,-0.00390625,2.1726,2.19269,10,1911,1.46572,0
1776813447030689571,1.50128,-0.00390625,0.184311,-0.00390625,2.19086,2.1939,10,1911,1.46572,0
1776813447035730564,1.50128,-0.00195312,0.184311,-0.00195312,2.19086,2.1939,10,1911,1.46572,0
1776813447040710559,1.50128,-0.00195312,0.184311,-0.00195312,2.17651,2.19501,10,1911,1.46572,0
1776813447045688572,1.50128,0.00195312,0.184311,0.00195312,2.17651,2.19501,10,1911,1.46572,0
1776813447050697751,1.50128,0.00195312,0.184311,0.00195312,2.28886,2.19724,10,1911,1.46572,0
1776813447055685745,1.50128,0.00390625,0.184311,0.00390625,2.28886,2.19724,10,1911,1.46572,0
1776813447060681203,1.50146,0.00390625,0.184484,0.00390625,2.19005,2.19936,10,1911,1.46572,0
1776813447065694252,1.50146,-0.00390625,0.184484,-0.00390625,2.19005,2.19936,10,1911,1.46572,0
1776813447070697820,1.50128,-0.00390625,0.184311,-0.00390625,2.10567,2.1939,10,1911,1.46572,0
1776813447075686777,1.50128,-0.00390625,0.184311,-0.00390625,2.10567,2.1939,10,1911,1.46572,0
1776813447080682772,1.50129,-0.00390625,0.184314,-0.00390625,2.14901,2.19392,10,1911,1.46572,0
1776813447085684525,1.50129,-0.0136719,0.184314,-0.0136719,2.14901,2.19392,10,1911,1.46572,0
1776813447090690871,1.50129,-0.0136719,0.184314,-0.0136719,2.19467,2.18835,10,1911,1.46572,0
1776813447095683754,1.50408,-0.0136719,0.187106,-0.0136719,2.19467,2.18835,10,1911,1.46572,0
1776813447100684840,1.50408,-0.00390625,0.187106,-0.00390625,2.16855,2.21023,10,1911,1.46572,0
1776813447105685020,1.50408,-0.00390625,0.187104,-0.00390625,2.16855,2.21023,10,1911,1.46572,0
1776813447110672625,1.50408,-0.00390625,0.187104,-0.00390625,2.1105,2.21022,10,1911,1.46572,0
1776813447115674712,1.5039,-0.00390625,0.186929,-0.00390625,2.1105,2.21022,10,1911,1.46572,0
1776813447120685521,1.5039,-0.00390625,0.186929,-0.00390625,2.18839,2.2092,10,1911,1.46572,0
1776813447125695588,1.5039,-0.00390625,0.186929,-0.00390625,2.18839,2.2092,10,1911,1.46572,0
1776813447130680861,1.5039,-0.00585938,0.186929,-0.00585938,2.18448,2.20808,10,1911,1.46572,0
1776813447135688003,1.5039,-0.00585938,0.186929,-0.00585938,2.18448,2.20808,10,1911,1.46572,0
1776813447140682775,1.5039,-0.00390625,0.186929,-0.00390625,2.17244,2.2092,10,1912,1.46649,0.153062
1776813447145693380,1.5039,-0.00390625,0.187696,0.149156,2.17244,2.2092,10,1912,1.46649,0
1776813447150686800,1.5039,-0.0078125,0.187696,-0.0078125,2.20786,2.20697,10,1912,1.46649,0
1776813447155691275,1.50373,-0.0078125,0.187522,-0.0078125,2.20786,2.20697,10,1912,1.46649,0
1776813447160671418,1.50373,-0.00976562,0.187522,-0.00976562,2.1869,2.20484,10,1912,1.46649,0
1776813447165680597,1.50373,-0.00976562,0.187522,-0.00976562,2.1869,2.20484,10,1912,1.46649,0
1776813447170692572,1.50617,-0.00976562,0.189969,-0.00976562,2.13065,2.21912,10,1912,1.46649,0
1776813447175697381,1.50617,-0.0078125,0.189969,-0.0078125,2.13065,2.21912,10,1912,1.46649,0
1776813447180690116,1.50617,-0.0078125,0.189965,-0.0078125,2.27051,2.22022,10,1912,1.46649,0
1776813447185681444,1.50617,-0.0078125,0.189965,-0.0078125,2.27051,2.22022,10,1912,1.46649,0
1776813447190687142,1.506,-0.0078125,0.189791,-0.0078125,2.20574,2.2192,10,1912,1.46649,0
1776813447195687562,1.506,-0.0078125,0.189791,-0.0078125,2.20574,2.2192,10,1912,1.46649,0
1776813447200680852,1.50582,-0.0078125,0.189618,-0.0078125,2.2171,2.21819,10,1912,1.46649,0
1776813447205684124,1.50582,-0.00195312,0.189618,-0.00195312,2.2171,2.21819,10,1912,1.46649,0
1776813447210668489,1.50582,-0.00195312,0.189616,-0.00195312,2.20709,2.22152,10,1912,1.46649,0
1776813447215682464,1.50582,0.00195312,0.189616,0.00195312,2.20709,2.22152,10,1912,1.46649,0
1776813447220683143,1.50582,0.00195312,0.189616,0.00195312,2.22949,2.22375,10,1912,1.46649,0
1776813447225683508,1.50582,-0.0078125,0.189616,-0.0078125,2.22949,2.22375,10,1912,1.46649,0
1776813447230684520,1.50582,-0.0078125,0.189616,-0.0078125,2.21995,2.21818,10,1912,1.46649,0
1776813447235713236,1.50582,-0.00195312,0.189616,-0.00195312,2.21995,2.21818,10,1912,1.46649,0
1776813447240700897,1.50582,-0.00195312,0.189616,-0.00195312,2.27491,2.22152,10,1912,1.46649,0
1776813447245685725,1.5137,-0.00195312,0.197495,-0.00195312,2.27491,2.22152,10,1912,1.46649,0
1776813447250692515,1.5137,-0.00976562,0.197495,-0.00976562,2.17958,2.26298,10,1912,1.46649,0
1776813447255691583,1.51352,-0.00976562,0.197319,-0.00976562,2.17958,2.26298,10,1912,1.46649,0
1776813447260712392,1.51352,-0.0078125,0.197319,-0.0078125,2.17944,2.26307,10,1913,1.46725,0.153184
1776813447265760144,1.51335,-0.0078125,0.197914,0.145372,2.17944,2.26307,10,1913,1.46725,0
1776813447270737305,1.51335,-0.0214844,0.197914,-0.0214844,2.24347,2.25428,10,1913,1.46725,0
1776813447275689411,1.51318,-0.0214844,0.197739,-0.0214844,2.24347,2.25428,10,1913,1.46725,0
1776813447280705479,1.51318,-0.0351562,0.197739,-0.0351562,2.26647,2.24546,10,1914,1.46802,0
1776813447285689918,1.513,-0.0351562,0.198328,-0.0351562,2.26647,2.24546,10,1914,1.46802,0.153552
1776813447290687653,1.513,-0.0644531,0.198328,0.0890989,2.30511,2.22773,10,1915,1.46879,0.153245
1776813447295684999,1.51247,-0.0644531,0.198569,0.0887921,2.30511,2.22773,10,1915,1.46879,0
1776813447300695345,1.51247,-0.0996094,0.198569,-0.0996094,2.22464,2.20463,10,1916,1.46955,0.153153
1776813447305683209,1.5116,-0.0996094,0.19846,0.0535441,2.22464,2.20463,10,1917,1.47032,0.153614
1776813447310716703,1.5116,-0.136719,0.199227,0.0168948,2.20184,2.17838,10,1918,1.47109,0.153184
1776813447315697049,1.5116,-0.136719,0.199994,0.0164653,2.20184,2.17838,10,1919,1.47185,0.153583
1776813447320681155,1.51528,-0.136719,0.204445,0.0168641,2.22609,2.19982,10,1919,1.47185,0
1776813447325691649,1.51528,-0.138672,0.204445,-0.138672,2.22609,2.19982,10,1920,1.47262,0.153399
1776813447330689513,1.51388,-0.138672,0.203809,0.0147266,2.0847,2.19054,10,1921,1.47339,0.153307
1776813447335712303,1.51388,-0.101562,0.204576,0.051744,2.0847,2.19054,10,1922,1.47416,0
1776813447340681205,1.51212,-0.101562,0.203588,-0.101562,2.16333,2.20148,10,1922,1.47416,0.153399
1776813447345696532,1.51212,-0.0859375,0.203588,0.067461,2.16333,2.20148,10,1923,1.47492,0.153337
1776813447350679767,1.5116,-0.0859375,0.203829,0.0673997,2.21922,2.20732,10,1924,1.47569,0
1776813447355690187,1.5116,-0.0878906,0.204596,-0.0878906,2.21922,2.20732,10,1924,1.47569,0.153552
1776813447360665237,1.51037,-0.0878906,0.203371,0.0656614,2.22069,2.19907,10,1925,1.47646,0.153307
1776813447365683083,1.51037,-0.09375,0.204138,0.0595565,2.22069,2.19907,10,1926,1.47722,0
1776813447370691373,1.51003,-0.09375,0.204558,-0.09375,2.13953,2.19371,10,1926,1.47722,0.153399
1776813447375683368,1.51003,-0.113281,0.204558,0.0401173,2.13953,2.19371,10,1927,1.47799,0.153399
1776813447380681565,1.50828,-0.113281,0.203576,0.0401173,2.203,2.17238,10,1928,1.47876,0.153368
1776813447385760076,1.50828,-0.115234,0.204343,0.0381335,2.203,2.17238,10,1928,1.47876,0
1776813447390700164,1.50828,-0.115234,0.204343,-0.115234,2.11588,2.17127,10,1929,1.47952,0.153337
1776813447395688436,1.51125,-0.115234,0.208088,0.0381028,2.11588,2.17127,10,1930,1.48029,0.153307
1776813447400701801,1.51125,-0.101562,0.208855,0.051744,2.17043,2.19642,10,1930,1.48029,0
1776813447405758386,1.50968,-0.101562,0.20728,-0.101562,2.17043,2.19642,10,1931,1.48106,0.153552
1776813447410759454,1.50968,-0.0742188,0.208047,0.0793333,2.27982,2.20283,10,1931,1.48106,0
1776813447415698005,1.50828,-0.0742188,0.206648,-0.0742188,2.27982,2.20283,10,1932,1.48183,0.153307
1776813447420689888,1.50828,-0.0683594,0.207415,0.0849472,2.07679,2.19801,10,1932,1.48183,0
1776813447425686271,1.50793,-0.0683594,0.207065,-0.0683594,2.07679,2.19801,10,1932,1.48183,0
1776813447430717024,1.50793,-0.046875,0.207065,-0.046875,2.21929,2.20822,10,1933,1.48259,0.153429
1776813447435685482,1.50706,-0.046875,0.206962,0.106554,2.21929,2.20822,10,1933,1.48259,0
1776813447440688142,1.50706,-0.0429688,0.206962,-0.0429688,2.25578,2.20537,10,1934,1.48336,0
1776813447445686896,1.50688,-0.0429688,0.207551,-0.0429688,2.25578,2.20537,10,1934,1.48336,0.153798
1776813447450700556,1.50688,-0.0625,0.207551,0.0912984,2.24929,2.1932,10,1935,1.48413,0
1776813447455693439,1.50601,-0.0625,0.207444,-0.0625,2.24929,2.1932,10,1935,1.48413,0.153706
1776813447460679767,1.50601,-0.0742188,0.207444,0.0794872,2.20527,2.18142,10,1936,1.48489,0.153521
1776813447465695687,1.50601,-0.0742188,0.208211,0.0793026,2.20527,2.18142,10,1937,1.48566,0.153399
1776813447470684015,1.50881,-0.0742188,0.211774,0.0791798,2.20316,2.19773,10,1937,1.48566,0
1776813447475692397,1.50881,-0.119141,0.211774,-0.119141,2.20316,2.19773,10,1938,1.48643,0.153399
1776813447480682429,1.50671,-0.119141,0.210445,0.0342579,2.25972,2.1599,10,1939,1.48719,0.153337
1776813447485682108,1.50671,-0.119141,0.211212,0.0341966,2.25972,2.1599,10,1940,1.48796,0.153399
1776813447490678658,1.50619,-0.119141,0.211457,0.0342579,2.20167,2.15685,10,1941,1.48873,0.153429
1776813447495688781,1.50619,-0.117188,0.212224,0.0362417,2.20167,2.15685,10,1942,1.4895,0
1776813447500695127,1.50427,-0.117188,0.211072,-0.117188,2.1194,2.14677,10,1943,1.49026,0.153245
1776813447505690510,1.50427,-0.115234,0.211839,0.0380109,2.1194,2.14677,10,1944,1.49103,0.153552
1776813447510676986,1.50322,-0.115234,0.21156,0.0383177,2.14952,2.14177,10,1945,1.4918,0.306613
1776813447515681739,1.50322,-0.148438,0.212327,0.158176,2.14952,2.14177,10,1946,1.49256,0.153467
1776813447520739306,1.50183,-0.148438,0.211699,0.00502925,2.18487,2.11469,10,1947,1.49333,0.153399
1776813447525694116,1.50183,-0.173828,0.212466,-0.0204296,2.18487,2.11469,10,1949,1.49486,0.306858
1776813447530693536,1.5013,-0.173828,0.213477,0.13303,2.16247,2.09716,10,1951,1.4964,0.153368
1776813447535726622,1.5013,-0.216797,0.215011,-0.063429,2.16247,2.09716,10,1952,1.49717,0.306797
1776813447540698061,1.50829,-0.216797,0.224302,0.0900002,2.11939,2.07267,10,1955,1.49947,0.306797
1776813447545687741,1.50829,-0.216797,0.224302,0.0900002,2.11939,2.07267,10,1955,1.49947,0.306797
1776813447550679957,1.50393,-0.255859,0.223006,0.050815,2.0243,2.09122,10,1959,1.50253,0.306674
1776813447555678136,1.50393,-0.287109,0.223773,0.019565,2.0243,2.09122,10,1961,1.50407,0.306858
1776813447560673927,1.50131,-0.287109,0.222691,0.019749,2.09771,2.03265,10,1962,1.50484,0.306368
1776813447565681180,1.50131,-0.300781,0.223458,0.00558689,2.09771,2.03265,10,1964,1.50637,0.307104
1776813447570682859,1.49922,-0.300781,0.222903,0.00632289,2.09594,2.01264,10,1966,1.5079,0.306858
1776813447575680354,1.49922,-0.308594,0.224437,-0.00173536,2.09594,2.01264,10,1969,1.5102,0.306736
1776813447580690477,1.49836,-0.308594,0.22587,-0.00185809,2.01547,2.00311,10,1971,1.51174,0.306736
1776813447585681860,1.49836,-0.304688,0.227404,0.00204816,2.01547,2.00311,10,1972,1.51251,0.306858
1776813447590682243,1.49819,-0.304688,0.229534,-0.151412,2.10406,2.00533,10,1974,1.51404,0.153276
1776813447595678774,1.49819,-0.207031,0.229534,-0.0537554,2.10406,2.00533,10,1975,1.51481,0.307227
1776813447600684250,1.49454,-0.207031,0.226655,0.100196,2.03798,2.03865,10,1976,1.51557,0.153245
1776813447605678540,1.49454,-0.158203,0.227422,-0.00495785,2.03798,2.03865,10,1976,1.51557,0
1776813447610688201,1.49332,-0.158203,0.226207,-0.158203,2.04978,2.05936,10,1977,1.51634,0.153429
1776813447615676306,1.49332,-0.117188,0.226974,0.0362417,2.04978,2.05936,10,1977,1.51634,0
1776813447620731355,1.49281,-0.117188,0.226454,-0.117188,2.07854,2.07969,10,1978,1.51711,0.153337
1776813447625709368,1.49281,-0.03125,0.227221,0.122087,2.07854,2.07969,10,1978,1.51711,0
1776813447630701399,1.49159,-0.03125,0.22601,-0.03125,2.14962,2.12157,10,1978,1.51711,0
1776813447635686394,1.49159,-0.0195312,0.22601,-0.0195312,2.14962,2.12157,10,1978,1.51711,0
1776813447640727998,1.49159,-0.0195312,0.22601,-0.0195312,2.12399,2.12825,10,1978,1.51711,0
1776813447645704326,1.49159,0.00390625,0.22601,0.00390625,2.12399,2.12825,10,1978,1.51711,0
1776813447650698191,1.49142,0.00390625,0.225837,0.00390625,2.14911,2.14059,10,1978,1.51711,0
1776813447655686166,1.49142,0.00390625,0.225837,0.00390625,2.14911,2.14059,10,1978,1.51711,0
1776813447660678438,1.49507,0.00390625,0.229484,0.00390625,2.15721,2.14059,10,1978,1.51711,0
1776813447665699988,1.49507,0.00390625,0.229484,0.00390625,2.15721,2.14059,10,1978,1.51711,0
1776813447670688019,1.49524,0.015625,0.229658,0.015625,2.03981,2.16866,10,1978,1.51711,0
1776813447675698754,1.49524,0.0136719,0.229658,0.0136719,2.03981,2.16866,10,1978,1.51711,0
1776813447680681970,1.49541,0.0136719,0.229828,0.0136719,2.1485,2.16956,10,1978,1.51711,0
1776813447685683150,1.49541,-0.0078125,0.229828,-0.0078125,2.1485,2.16956,10,1978,1.51711,0
1776813447690700106,1.49541,-0.0078125,0.229828,-0.0078125,2.16854,2.15731,10,1978,1.51711,0
1776813447695712619,1.49541,-0.015625,0.229828,-0.015625,2.16854,2.15731,10,1978,1.51711,0
1776813447700684354,1.49542,-0.015625,0.229831,-0.015625,2.19328,2.15288,10,1978,1.51711,0
1776813447705691978,1.49542,-0.0195312,0.229831,-0.0195312,2.19328,2.15288,10,1978,1.51711,0
1776813447710661972,1.49507,-0.0195312,0.229484,-0.0195312,2.15554,2.14862,10,1978,1.51711,0
1776813447715682947,1.49507,-0.0195312,0.229484,-0.0195312,2.15554,2.14862,10,1978,1.51711,0
1776813447720675608,1.49489,-0.0195312,0.22931,-0.0195312,2.15644,2.1476,10,1978,1.51711,0
1776813447725683954,1.49489,-0.0136719,0.22931,-0.0136719,2.15644,2.1476,10,1978,1.51711,0
1776813447730743651,1.49489,-0.0136719,0.22931,-0.0136719,2.08704,2.15094,10,1978,1.51711,0
1776813447735673683,1.49733,-0.0136719,0.231745,-0.0136719,2.08704,2.15094,10,1978,1.51711,0
1776813447740707732,1.49733,-0.00585938,0.231745,-0.00585938,2.09906,2.16965,10,1979,1.51787,0
1776813447745681449,1.49715,-0.00585938,0.232338,-0.00585938,2.09906,2.16965,10,1979,1.51787,0.153368
1776813447750713257,1.49715,-0.00195312,0.232338,0.151415,2.11542,2.17086,10,1979,1.51787,0
1776813447755691511,1.49715,-0.00195312,0.232338,-0.00195312,2.11542,2.17086,10,1979,1.51787,0
1776813447760685913,1.49715,-0.00390625,0.232338,-0.00390625,2.13992,2.16974,10,1979,1.51787,0
1776813447765676166,1.49716,-0.00390625,0.23234,-0.00390625,2.13992,2.16974,10,1979,1.51787,0
1776813447770731900,1.49716,-0.00585938,0.23234,-0.00585938,2.1724,2.16864,10,1979,1.51787,0
1776813447775694247,1.49715,-0.00585938,0.232336,-0.00585938,2.1724,2.16864,10,1979,1.51787,0
1776813447780702592,1.49715,-0.0078125,0.232336,-0.0078125,2.25837,2.16751,10,1979,1.51787,0
1776813447785699087,1.49698,-0.0078125,0.232164,-0.0078125,2.25837,2.16751,10,1979,1.51787,0
1776813447790693544,1.49698,-0.00390625,0.232164,-0.00390625,2.15623,2.16873,10,1979,1.51787,0
1776813447795679797,1.49698,-0.00390625,0.23216,-0.00390625,2.15623,2.16873,10,1979,1.51787,0
1776813447800702495,1.49698,-0.0117188,0.23216,-0.0117188,2.17365,2.16425,10,1979,1.51787,0
1776813447805683156,1.49698,-0.0117188,0.23216,-0.0117188,2.17365,2.16425,10,1979,1.51787,0
1776813447810698816,1.49924,-0.0117188,0.234425,-0.0117188,2.13957,2.17751,10,1979,1.51787,0
1776813447815751772,1.49924,-0.0117188,0.234425,-0.0117188,2.13957,2.17751,10,1979,1.51787,0
1776813447820720230,1.49907,-0.0117188,0.234251,-0.0117188,2.16161,2.17649,10,1979,1.51787,0
1776813447825686966,1.49907,-0.0175781,0.234251,-0.0175781,2.16161,2.17649,10,1979,1.51787,0
1776813447830758180,1.49907,-0.0175781,0.234251,-0.0175781,2.12398,2.17315,10,1979,1.51787,0
1776813447835710676,1.49907,-0.0214844,0.234251,-0.0214844,2.12398,2.17315,10,1980,1.51864,0.153399
1776813447840715670,1.49872,-0.0214844,0.23467,0.131914,2.13068,2.16889,10,1980,1.51864,0
1776813447845681831,1.49872,-0.0253906,0.23467,-0.0253906,2.13068,2.16889,10,1980,1.51864,0
1776813447850681992,1.49872,-0.0253906,0.23467,-0.0253906,2.23842,2.16666,10,1980,1.51864,0
1776813447855686319,1.49872,-0.0292969,0.23467,-0.0292969,2.23842,2.16666,10,1980,1.51864,0
1776813447860670406,1.4982,-0.0292969,0.234148,-0.0292969,2.22249,2.16138,10,1981,1.51941,0.153368
1776813447865701325,1.4982,-0.0292969,0.234915,0.124071,2.22249,2.16138,10,1981,1.51941,0
1776813447870693172,1.4982,-0.0292969,0.234914,-0.0292969,2.19408,2.16137,10,1981,1.51941,0
1776813447875703091,1.4982,-0.0253906,0.234914,-0.0253906,2.19408,2.16137,10,1981,1.51941,0
1776813447880698160,1.50482,-0.0253906,0.24154,-0.0253906,2.0789,2.1636,10,1982,1.52017,0
1776813447885691209,1.50482,-0.0234375,0.242307,-0.0234375,2.0789,2.1636,10,1982,1.52017,0.153429
1776813447890713981,1.50447,-0.0234375,0.241958,0.129992,2.25632,2.20141,10,1982,1.52017,0
1776813447895694198,1.50447,-0.0195312,0.241958,-0.0195312,2.25632,2.20141,10,1982,1.52017,0
1776813447900689340,1.5043,-0.0195312,0.241783,-0.0195312,2.25464,2.20261,10,1982,1.52017,0
1776813447905688001,1.5043,-0.0214844,0.241783,-0.0214844,2.25464,2.20261,10,1982,1.52017,0
1776813447910673458,1.5043,-0.0214844,0.241783,-0.0214844,2.19064,2.2015,10,1983,1.52094,0.153491
1776813447915676452,1.5043,-0.0332031,0.24255,0.120287,2.19064,2.2015,10,1983,1.52094,0
1776813447920680853,1.50378,-0.0332031,0.242027,-0.0332031,2.25885,2.19176,10,1983,1.52094,0
1776813447925755791,1.50378,-0.046875,0.242027,-0.046875,2.25885,2.19176,10,1984,1.52171,0.153399
1776813447930707137,1.50378,-0.046875,0.242794,0.106524,2.19148,2.18397,10,1985,1.52248,0.153368
1776813447935722353,1.50378,-0.0957031,0.243561,0.0576647,2.19148,2.18397,10,1986,1.52324,0
1776813447940714107,1.50238,-0.0957031,0.242937,-0.0957031,2.13756,2.14801,10,1987,1.52401,0.153399
1776813447945689842,1.50238,-0.142578,0.243704,0.0108204,2.13756,2.14801,10,1988,1.52478,0.153368
1776813447950689040,1.50501,-0.142578,0.24786,0.164158,2.10552,2.12129,10,1990,1.52631,0.306736
1776813447955683960,1.50501,-0.185547,0.248627,0.121189,2.10552,2.12129,10,1991,1.52708,0.153337
1776813447960695361,1.50343,-0.185547,0.247821,-0.0322097,2.08367,2.10293,10,1992,1.52784,0.153521
1776813447965685522,1.50343,-0.199219,0.248588,-0.0456974,2.08367,2.10293,10,1993,1.52861,0.306736
1776813447970705590,1.50239,-0.199219,0.248311,0.107517,2.10705,2.08904,10,1994,1.52938,0.153429
1776813447975687899,1.50047,-0.203125,0.247927,-0.0497265,2.10705,2.08904,10,1996,1.53091,0.153399
1776813447980695264,1.50047,-0.1875,0.248694,-0.0341015,2.12935,2.0845,10,1997,1.53168,0.153276
1776813447985686388,1.49838,-0.1875,0.247372,-0.0342241,2.12935,2.0845,10,1998,1.53245,0.306613
1776813447990686808,1.49838,-0.183594,0.248139,0.123019,2.02493,2.07451,10,2000,1.53398,0.153583
1776813447995686209,1.49751,-0.183594,0.248803,-0.0300109,2.02493,2.07451,10,2001,1.53475,0.306835
1776813448000697703,1.49751,-0.191406,0.24957,0.115428,1.95689,2.06497,10,2003,1.53628,0.153337
1776813448005693216,1.4956,-0.191406,0.249195,-0.0380691,1.95689,2.06497,10,2004,1.53705,0.30692
1776813448010669933,1.4956,-0.246094,0.249962,0.0608261,2.22669,2.02262,10,2007,1.53935,0.306736
1776813448015673927,1.4956,-0.246094,0.252263,0.0606419,2.22669,2.02262,10,2008,1.54012,0.306552
1776813448020681107,1.4963,-0.246094,0.253725,0.060458,2.07594,2.02669,10,2011,1.54242,0.460472
1776813448025730766,1.4963,-0.349609,0.256026,0.110862,2.07594,2.02669,10,2014,1.54472,0.46038
1776813448030697780,1.49196,-0.349609,0.253987,0.11077,2.02641,1.94225,10,2017,1.54702,0.306736
1776813448035684534,1.49196,-0.412109,0.256288,-0.105374,2.02641,1.94225,10,2020,1.54932,0.460196
1776813448040693065,1.48815,-0.412109,0.25478,0.0480862,2.05625,1.88427,10,2023,1.55162,0.613717
1776813448045684856,1.48815,-0.457031,0.257081,0.156686,2.05625,1.88427,10,2027,1.55469,0.460012
1776813448050681554,1.48383,-0.457031,0.255826,0.00298029,2.04936,1.83325,10,2030,1.55699,0.460196
1776813448055694159,1.48383,-0.507812,0.258127,-0.047617,2.04936,1.83325,10,2033,1.55929,0.61384
1776813448060678672,1.479,-0.507812,0.255597,0.106027,1.95128,1.77587,10,2036,1.56159,0.460012
1776813448065701351,1.479,-0.525391,0.257898,-0.0653791,1.95128,1.77587,10,2040,1.56466,0.460288
1776813448070689457,1.47384,-0.525391,0.255807,-0.0651031,1.84868,1.73542,10,2042,1.56619,0.460012
1776813448075690673,1.47384,-0.490234,0.257341,-0.0302228,1.84868,1.73542,10,2045,1.5685,0.460472
1776813448080688390,1.46886,-0.490234,0.254665,-0.0297626,1.6742,1.72605,10,2047,1.57003,0.306797
1776813448085691940,1.46886,-0.408203,0.256199,-0.101406,1.6742,1.72605,10,2050,1.57233,0.460012
1776813448090683934,1.46664,-0.408203,0.257809,-0.101345,1.70095,1.77281,10,2053,1.57463,0.306858
1776813448095678243,1.46664,-0.292969,0.258576,0.0138896,1.70095,1.77281,10,2054,1.5754,0.153429
1776813448100685793,1.46133,-0.292969,0.254042,-0.13954,1.73268,1.79393,10,2056,1.57693,0.306674
1776813448105709509,1.46133,-0.238281,0.255576,0.0683931,1.73268,1.79393,10,2057,1.5777,0.153436
1776813448110664726,1.45878,-0.238281,0.253784,-0.0848452,1.83957,1.80992,10,2058,1.57847,0.306797
1776813448115686054,1.45758,-0.216797,0.254125,-0.0638267,1.83957,1.80992,10,2059,1.57923,0.15297
1776813448120698140,1.45758,-0.189453,0.254125,-0.0364829,1.79737,1.83067,10,2060,1.58,0.153583
1776813448125687005,1.45673,-0.189453,0.25404,-0.0358703,1.79737,1.83067,10,2060,1.58,0
1776813448130681611,1.45673,-0.136719,0.25404,-0.136719,1.81053,1.85567,10,2061,1.58077,0.153429
1776813448135687290,1.45503,-0.136719,0.253104,0.0167104,1.81053,1.85567,10,2062,1.58153,0.153399
1776813448140682118,1.45503,-0.109375,0.253871,0.0440235,1.75694,1.86114,10,2063,1.5823,0.153429
1776813448145685038,1.45384,-0.109375,0.253447,0.0440542,1.75694,1.86114,10,2064,1.58307,0.153368
1776813448150678866,1.45384,-0.125,0.254214,0.0283678,1.86286,1.84515,10,2065,1.58384,0.153399
1776813448155676045,1.45384,-0.125,0.254981,0.0283985,1.86286,1.84515,10,2066,1.5846,0.153399
1776813448160663836,1.45947,-0.125,0.261377,0.0283985,1.83308,1.87858,10,2067,1.58537,0.153368
1776813448165695515,1.45947,-0.15625,0.262144,-0.00288217,1.83308,1.87858,10,2069,1.5869,0.153429
1776813448170731601,1.45742,-0.15625,0.261632,-0.0028208,1.88346,1.84863,10,2070,1.58767,0.306797
1776813448175679485,1.45742,-0.212891,0.262399,0.0939064,1.88346,1.84863,10,2072,1.5892,0.306797
1776813448180680535,1.45486,-0.212891,0.261378,0.0939064,1.75255,1.80117,10,2074,1.59074,0.153368
1776813448185680770,1.45486,-0.236328,0.262912,-0.0829603,1.75255,1.80117,10,2076,1.59227,0.306858
1776813448190686598,1.45368,-0.236328,0.263258,0.0705303,1.8814,1.78075,10,2077,1.59304,0.153399
1776813448195676722,1.45368,-0.296875,0.264025,-0.143476,1.8814,1.78075,10,2079,1.59457,0.460196
1776813448200676012,1.44977,-0.296875,0.261652,0.163321,1.85652,1.72299,10,2081,1.59611,0.306797
1776813448205679970,1.44977,-0.326172,0.263186,-0.0193748,1.85652,1.72299,10,2084,1.59841,0.306797
1776813448210701686,1.44808,-0.326172,0.263794,-0.0193748,1.76803,1.69621,10,2086,1.59994,0.460196
1776813448215690514,1.44808,-0.363281,0.265328,0.0969143,1.76803,1.69621,10,2089,1.60224,0.306797
1776813448220694452,1.44283,-0.363281,0.26238,-0.0564842,1.78237,1.64376,10,2091,1.60378,0.306858
1776813448225688021,1.44283,-0.349609,0.263914,-0.042751,1.78237,1.64376,10,2093,1.60531,0.460012
1776813448230700756,1.44486,-0.349609,0.269016,-0.042751,1.69972,1.65155,10,2096,1.60761,0.306858
1776813448235700861,1.44486,-0.326172,0.269783,-0.0193135,1.69972,1.65155,10,2097,1.60838,0.153429
1776813448240686837,1.44131,-0.326172,0.266998,-0.172743,1.69825,1.65585,10,2098,1.60915,0.306736
1776813448245746886,1.44131,-0.230469,0.267765,0.0762669,1.69825,1.65585,10,2099,1.60991,0.153399
1776813448250701751,1.43726,-0.230469,0.26448,-0.0770702,1.61824,1.68619,10,2100,1.61068,0.153368
1776813448255694690,1.43726,-0.179688,0.265247,-0.0263197,1.61824,1.68619,10,2100,1.61068,0
1776813448260738832,1.43608,-0.179688,0.264066,-0.179688,1.67208,1.70807,10,2101,1.61145,0.153399
1776813448265712790,1.43608,-0.09375,0.264833,0.0596485,1.67208,1.70807,10,2101,1.61145,0
1776813448270703469,1.43473,-0.09375,0.263481,-0.09375,1.65107,1.74897,10,2101,1.61145,0
1776813448275737111,1.43473,-0.0253906,0.263481,-0.0253906,1.65107,1.74897,10,2102,1.61221,0.153368
1776813448280699606,1.43406,-0.0253906,0.263579,0.127977,1.57209,1.78392,10,2102,1.61221,0
1776813448285703674,1.43406,-0.0273438,0.263579,-0.0273438,1.57209,1.78392,10,2103,1.61298,0
1776813448290688613,1.43389,-0.0273438,0.264177,-0.0273438,1.75481,1.7818,10,2103,1.61298,0.153429
1776813448295709774,1.43389,-0.0625,0.264177,0.0909292,1.75481,1.7818,10,2104,1.61375,0.153429
1776813448300691750,1.43389,-0.0625,0.264944,0.0909292,1.77963,1.76176,10,2105,1.61451,0.153337
1776813448305689115,1.43591,-0.0625,0.267733,0.0908372,1.77963,1.76176,10,2105,1.61451,0
1776813448310658573,1.43591,-0.136719,0.267733,-0.136719,1.78076,1.73155,10,2107,1.61605,0.153368
1776813448315679363,1.43371,-0.136719,0.267073,0.0166491,1.78076,1.73155,10,2107,1.61605,0.153429
1776813448320677913,1.43371,-0.142578,0.267073,0.0108511,1.75366,1.71509,10,2109,1.61758,0.153337
1776813448325715628,1.43304,-0.142578,0.267933,0.0107591,1.75366,1.71509,10,2109,1.61758,0.153429
1776813448330701530,1.43304,-0.134766,0.267933,0.0186636,1.77061,1.71551,10,2110,1.61835,0.153399
1776813448335693432,1.43102,-0.134766,0.266682,0.0186329,1.77061,1.71551,10,2111,1.61912,0.153405
1776813448340681501,1.43102,-0.125,0.267449,0.0284054,1.76571,1.70898,10,2112,1.61988,0.153368
1776813448345684180,1.43035,-0.125,0.267543,0.0283678,1.76571,1.70898,10,2113,1.62065,0.153399
1776813448350694952,1.43035,-0.136719,0.26831,0.0166798,1.71263,1.69827,10,2114,1.62142,0.153429
1776813448355686632,1.4285,-0.136719,0.26723,0.0167104,1.71263,1.69827,10,2115,1.62218,0.153368
1776813448360673386,1.4285,-0.134766,0.267997,0.0186022,1.75067,1.68831,10,2116,1.62295,0
1776813448365677639,1.42783,-0.134766,0.268092,-0.134766,1.75067,1.68831,10,2116,1.62295,0.153429
1776813448370698800,1.42783,-0.111328,0.268092,0.0421011,1.69284,1.69764,10,2117,1.62372,0
1776813448375688016,1.42783,-0.111328,0.268858,0.0420704,1.69284,1.69764,10,2117,1.62372,0.153399
1776813448380700733,1.42783,-0.0898438,0.268858,0.0635548,1.71671,1.70988,10,2118,1.62449,0
1776813448385693375,1.42665,-0.0898438,0.268446,-0.0898438,1.71671,1.70988,10,2118,1.62449,0.153368
1776813448390712091,1.42665,-0.0585938,0.268446,0.0947741,1.64739,1.72062,10,2118,1.62449,0
1776813448395681272,1.42598,-0.0585938,0.267779,-0.0585938,1.64739,1.72062,10,2118,1.62449,0
1776813448400686581,1.42582,-0.0488281,0.268379,0.10454,1.72336,1.72218,10,2119,1.62525,0.153368
1776813448405684186,1.42582,-0.046875,0.268379,0.106493,1.72336,1.72218,10,2119,1.62525,0
1776813448410667032,1.42532,-0.046875,0.26788,-0.046875,1.78328,1.71929,10,2120,1.62602,0.153337
1776813448415676767,1.42532,-0.0527344,0.268647,0.100603,1.78328,1.71929,10,2120,1.62602,0
1776813448420678354,1.42499,-0.0527344,0.268316,-0.0527344,1.76795,1.71396,10,2121,1.62679,0.153429
1776813448425688867,1.42499,-0.107422,0.269083,0.0460073,1.76795,1.71396,10,2122,1.62755,0.153368
1776813448430680509,1.42399,-0.107422,0.268852,0.045946,1.67975,1.6768,10,2123,1.62832,0.153368
1776813448435686059,1.42399,-0.132812,0.269619,0.0205553,1.67975,1.6768,10,2124,1.62909,0.15346
1776813448440692127,1.42399,-0.132812,0.270386,0.0206474,1.6261,1.66233,10,2126,1.63062,0.153337
1776813448445812730,1.425,-0.132812,0.27293,0.0205247,1.6261,1.66233,10,2127,1.63139,0.306797
1776813448450709097,1.425,-0.220703,0.273697,0.0860939,1.64765,1.61829,10,2129,1.63292,0.153399
1776813448455689370,1.42148,-0.220703,0.27171,-0.0673046,1.64765,1.61829,10,2130,1.63369,0.30692
1776813448460662642,1.42148,-0.236328,0.272477,0.0705917,1.61087,1.58823,10,2132,1.63522,0.306674
1776813448465697747,1.4203,-0.236328,0.272835,0.0703462,1.61087,1.58823,10,2134,1.63676,0.30692
1776813448470690297,1.4203,-0.277344,0.274369,0.0295761,1.60446,1.55778,10,2137,1.63906,0.306736
1776813448475703328,1.41762,-0.277344,0.273992,0.0293919,1.60446,1.55778,10,2138,1.63983,0.306858
1776813448480685952,1.41762,-0.328125,0.274759,-0.0212666,1.50974,1.51272,10,2142,1.64289,0.460104
1776813448485693002,1.41462,-0.328125,0.274823,0.131979,1.50974,1.51272,10,2144,1.64443,0.306858
1776813448490683015,1.41462,-0.386719,0.276357,-0.0798604,1.40348,1.46123,10,2147,1.64673,0.460012
1776813448495678843,1.41112,-0.386719,0.275159,0.0732928,1.40348,1.46123,10,2149,1.64826,0.460288
1776813448500695022,1.41112,-0.433594,0.276693,0.0266938,1.62852,1.41341,10,2152,1.65056,0.306797
1776813448505683368,1.40696,-0.433594,0.274828,-0.126797,1.62852,1.41341,10,2154,1.6521,0.460196
1776813448510664567,1.40696,-0.443359,0.276362,0.0168362,1.48794,1.38269,10,2157,1.6544,0.306858
1776813448515713171,1.40696,-0.443359,0.280201,0.0166522,1.48794,1.38269,10,2160,1.6567,0.460012
1776813448520699406,1.40696,-0.384766,0.280968,0.0752459,1.46389,1.41611,10,2162,1.65823,0.306858
1776813448525725789,1.40065,-0.384766,0.276193,-0.0779072,1.46389,1.41611,10,2163,1.659,0.306858
1776813448530699043,1.40065,-0.351562,0.27696,-0.0447041,1.31564,1.39688,10,2165,1.66053,0.306773
1776813448535692593,1.39883,-0.351562,0.276673,-0.0447893,1.31564,1.39688,10,2166,1.6613,0.153337
1776813448540724920,1.39883,-0.285156,0.27744,-0.131819,1.46403,1.42369,10,2168,1.66284,0.306858
1776813448545701341,1.39569,-0.285156,0.275833,0.0217021,1.46403,1.42369,10,2170,1.66437,0.153368
1776813448550694909,1.39569,-0.246094,0.277367,-0.0927259,1.51332,1.42692,10,2171,1.66514,0.30692
1776813448555688330,1.39304,-0.246094,0.275482,0.0608261,1.51332,1.42692,10,2172,1.6659,0.153368
1776813448560659454,1.39304,-0.228516,0.276249,-0.0751478,1.46033,1.42084,10,2174,1.66744,0.153399
1776813448565673133,1.39073,-0.228516,0.275474,-0.0751171,1.46033,1.42084,10,2174,1.66744,0.153276
1776813448570686350,1.39073,-0.21875,0.275474,-0.0654741,1.377,1.41239,10,2176,1.66897,0.153552
1776813448575680437,1.38842,-0.21875,0.274698,-0.0651979,1.377,1.41239,10,2176,1.66897,0.153368
1776813448580682875,1.38842,-0.15625,0.274698,-0.00288217,1.35868,1.43397,10,2177,1.66974,0.153399
1776813448585680277,1.38594,-0.15625,0.273757,-0.00288217,1.35868,1.43397,10,2178,1.67051,0.153368
1776813448590677086,1.38594,-0.101562,0.273757,0.0518053,1.42963,1.45009,10,2178,1.67051,0
1776813448595710913,1.38462,-0.101562,0.272436,-0.101562,1.42963,1.45009,10,2179,1.67127,0.153429
1776813448600701834,1.38462,-0.0449219,0.273203,0.108507,1.44392,1.47433,10,2179,1.67127,0
1776813448605685625,1.38379,-0.0449219,0.272375,-0.0449219,1.44392,1.47433,10,2179,1.67127,0
1776813448610692952,1.38379,-0.03125,0.272375,-0.03125,1.37551,1.47708,10,2179,1.67127,0
1776813448615696020,1.38363,-0.03125,0.272212,-0.03125,1.37551,1.47708,10,2179,1.67127,0
1776813448620712440,1.38363,0.00195312,0.272212,0.00195312,1.48265,1.49501,10,2179,1.67127,0
1776813448625690231,1.38347,0.00195312,0.272048,0.00195312,1.48265,1.49501,10,2179,1.67127,0
1776813448630681855,1.38347,0.00976562,0.272048,0.00976562,1.41623,1.49847,10,2179,1.67127,0
1776813448635716108,1.38364,0.00976562,0.27222,0.00976562,1.41623,1.49847,10,2179,1.67127,0
1776813448640690103,1.38364,0.00390625,0.27222,0.00390625,1.46671,1.49617,10,2179,1.67127,0
1776813448645705005,1.38363,0.00390625,0.272215,0.00390625,1.46671,1.49617,10,2179,1.67127,0
1776813448650682370,1.38363,-0.0117188,0.272215,-0.0117188,1.52272,1.48724,10,2180,1.67204,0.15346
1776813448655679012,1.3838,-0.0117188,0.273146,-0.0117188,1.52272,1.48724,10,2180,1.67204,0
1776813448660662414,1.3838,-0.0371094,0.273146,-0.0371094,1.42653,1.47377,10,2180,1.67204,0
1776813448665703204,1.38347,-0.0371094,0.272819,-0.0371094,1.42653,1.47377,10,2181,1.67281,0
1776813448670766216,1.38347,-0.0449219,0.273586,-0.0449219,1.48073,1.46732,10,2181,1.67281,0.153491
1776813448675709767,1.38331,-0.0449219,0.273422,0.108569,1.48073,1.46732,10,2181,1.67281,0
1776813448680684076,1.38331,-0.0722656,0.273422,-0.0722656,1.42697,1.45073,10,2182,1.67357,0.153399
1776813448685700089,1.38249,-0.0722656,0.273369,0.0811329,1.42697,1.45073,10,2182,1.67357,0
1776813448690763526,1.38249,-0.0859375,0.273369,-0.0859375,1.34685,1.43795,10,2183,1.67434,0.153368
1776813448695703596,1.38199,-0.0859375,0.273637,0.0674303,1.34685,1.43795,10,2184,1.67511,0.15346
1776813448700695405,1.38199,-0.111328,0.274404,0.0421318,1.27769,1.42043,10,2185,1.67587,0
1776813448705688288,1.38051,-0.111328,0.273689,-0.111328,1.27769,1.42043,10,2185,1.67587,0.153429
1776813448710673283,1.38051,-0.121094,0.273689,0.0323354,1.36631,1.40584,10,2186,1.67664,0.153399
1776813448715681110,1.38002,-0.121094,0.273965,0.0323048,1.36631,1.40584,10,2187,1.67741,0.153399
1776813448720690290,1.38002,-0.130859,0.274732,0.0225391,1.4427,1.39728,10,2188,1.67817,0.153399
1776813448725683877,1.3815,-0.130859,0.277747,0.0224778,1.4427,1.39728,10,2190,1.67971,0.153337
1776813448730700945,1.3815,-0.167969,0.278514,-0.0146316,1.41076,1.38515,10,2191,1.68048,0.153429
1776813448735681791,1.37936,-0.167969,0.277142,-0.0145396,1.41076,1.38515,10,2192,1.68124,0.306797
1776813448740693045,1.37936,-0.210938,0.277909,0.0958595,1.31547,1.34762,10,2194,1.68278,0.153368
1776813448745682669,1.37755,-0.210938,0.277636,-0.0575697,1.31547,1.34762,10,2195,1.68354,0.30692
1776813448750685811,1.37755,-0.232422,0.278403,0.0744979,1.36371,1.32435,10,2197,1.68508,0.306674
1776813448755676046,1.37624,-0.232422,0.278622,0.0742525,1.36371,1.32435,10,2198,1.68584,0.15346
1776813448760656319,1.37624,-0.275391,0.279389,-0.121931,1.38195,1.29183,10,2201,1.68815,0.306736
1776813448765683757,1.37264,-0.275391,0.278098,0.031345,1.38195,1.29183,10,2202,1.68891,0.306797
1776813448770680937,1.37264,-0.277344,0.278865,0.0294533,1.22301,1.26876,10,2205,1.69121,0.306797
1776813448775687653,1.371,-0.277344,0.279519,0.0294533,1.22301,1.26876,10,2206,1.69198,0.306858
1776813448780733535,1.371,-0.306641,0.280286,0.000217766,1.35777,1.242,10,2209,1.69428,0.306797
1776813448785694475,1.36691,-0.306641,0.278503,0.000156403,1.35777,1.242,10,2210,1.69505,0.306736
1776813448790684377,1.36691,-0.3125,0.27927,-0.00576434,1.25392,1.21366,10,2213,1.69735,0.306858
1776813448795687612,1.36527,-0.3125,0.2807,-0.00576434,1.25392,1.21366,10,2215,1.69888,0.306736
1776813448800681902,1.36527,-0.316406,0.281467,-0.00967059,1.19596,1.2014,10,2217,1.70042,0.306858
1776813448805686526,1.36218,-0.316406,0.279906,-0.00954786,1.19596,1.2014,10,2218,1.70118,0.306797
1776813448810665002,1.36218,-0.302734,0.280673,0.00406265,1.20608,1.19021,10,2220,1.70272,0.153399
1776813448815685330,1.35762,-0.302734,0.277647,-0.149336,1.20608,1.19021,10,2221,1.70349,0.306406
1776813448820679880,1.35762,-0.269531,0.278414,0.0368743,1.25959,1.18114,10,2223,1.70502,0.153583
1776813448825686114,1.35599,-0.269531,0.278323,-0.115948,1.25959,1.18114,10,2224,1.70579,0.306613
1776813448830691275,1.35599,-0.201172,0.27909,0.105441,1.186,1.21012,10,2225,1.70655,0.153429
1776813448835734139,1.35274,-0.201172,0.276606,-0.0477427,1.186,1.21012,10,2226,1.70732,0.15346
1776813448840696949,1.35274,-0.191406,0.277373,-0.0379463,1.14966,1.19569,10,2227,1.70809,0.153399
1776813448845689981,1.35161,-0.191406,0.277001,-0.0380077,1.14966,1.19569,10,2228,1.70885,0.153337
1776813448850688179,1.35161,-0.181641,0.277768,-0.0283034,1.24922,1.19425,10,2229,1.70962,0.153429
1776813448855695802,1.34901,-0.181641,0.275944,-0.0282114,1.24922,1.19425,10,2230,1.71039,0.153368
1776813448860673760,1.34901,-0.175781,0.277478,-0.0223827,1.13074,1.18162,10,2232,1.71192,0.153399
1776813448865679550,1.35307,-0.175781,0.282305,-0.0223827,1.13074,1.18162,10,2232,1.71192,0.153399
1776813448870685656,1.35307,-0.144531,0.282305,0.00886726,1.11973,1.22444,10,2233,1.71269,0.15346
1776813448875725205,1.35063,-0.144531,0.280631,0.00892866,1.11973,1.22444,10,2233,1.71269,0
1776813448880712829,1.35063,-0.128906,0.280631,-0.128906,1.19507,1.21832,10,2234,1.71346,0.153399
1776813448885688805,1.34981,-0.128906,0.280579,0.0244923,1.19507,1.21832,10,2235,1.71422,0.153399
1776813448890687614,1.34981,-0.109375,0.281346,0.0440235,1.22392,1.2244,10,2236,1.71499,0
1776813448895683090,1.34836,-0.109375,0.280656,-0.109375,1.22392,1.2244,10,2236,1.71499,0.153429
1776813448900687307,1.34836,-0.105469,0.280656,0.0479604,1.19549,1.21766,10,2237,1.71576,0.153368
1776813448905685597,1.3477,-0.105469,0.280769,0.0478991,1.19549,1.21766,10,2238,1.71652,0
1776813448910661203,1.3477,-0.111328,0.281536,-0.111328,1.28718,1.21029,10,2238,1.71652,0.153368
1776813448915672920,1.34625,-0.111328,0.28008,0.0420397,1.28718,1.21029,10,2239,1.71729,0.153429
1776813448920696284,1.34625,-0.103516,0.280847,0.0499136,1.20027,1.20576,10,2240,1.71806,0.153368
1776813448925685926,1.3456,-0.103516,0.280972,0.0498522,1.20027,1.20576,10,2240,1.71806,0
1776813448930694346,1.3456,-0.09375,0.280972,-0.09375,1.18119,1.20736,10,2241,1.71883,0.153368
1776813448935686174,1.3456,-0.09375,0.281739,0.0596178,1.18119,1.20736,10,2241,1.71883,0
1776813448940685798,1.3443,-0.09375,0.280433,-0.09375,1.20817,1.19931,10,2242,1.71959,0.153399
1776813448945678941,1.3443,-0.09375,0.280433,-0.09375,1.20817,1.19931,10,2242,1.71959,0.153399
1776813448950691287,1.34284,-0.0996094,0.281276,-0.0996094,1.19752,1.19597,10,2244,1.72113,0
1776813448955677059,1.34284,-0.121094,0.281276,-0.121094,1.19752,1.19597,10,2244,1.72113,0.153337
1776813448960749311,1.34188,-0.121094,0.280314,0.0322434,1.25409,1.16878,10,2245,1.72189,0.153429
1776813448965689992,1.34188,-0.138672,0.281081,0.0147573,1.25409,1.16878,10,2246,1.72266,0.153429
1776813448970695042,1.34058,-0.138672,0.280545,0.0147573,1.06583,1.15071,10,2248,1.72419,0.153368
1776813448975694295,1.34058,-0.154297,0.282079,-0.000929043,1.06583,1.15071,10,2249,1.72496,0.153429
1776813448980681401,1.33977,-0.154297,0.282039,-0.00086768,1.15589,1.13682,10,2250,1.72573,0.306797
1776813448985685877,1.33977,-0.1875,0.282806,0.119297,1.15589,1.13682,10,2251,1.7265,0.153337
1776813448990684334,1.3372,-0.1875,0.281001,-0.0341628,1.12486,1.10199,10,2253,1.72803,0.153399
1776813448995719920,1.3372,-0.201172,0.282535,-0.0477734,1.12486,1.10199,10,2254,1.7288,0.30692
1776813449000689174,1.33623,-0.201172,0.282332,0.105748,1.13702,1.08819,10,2256,1.73033,0.153368
1776813449005687335,1.33623,-0.25,0.283866,-0.0966322,1.13702,1.08819,10,2257,1.7311,0.306797
1776813449010663441,1.33623,-0.25,0.284633,0.056797,1.14058,1.06036,10,2259,1.73263,0.306797
1776813449015682028,1.33317,-0.25,0.283112,0.056797,1.14058,1.06036,10,2261,1.73417,0.306858
1776813449020705207,1.33317,-0.25,0.283112,0.056797,1.14058,1.06036,10,2261,1.73417,0.306858
1776813449025683313,1.33042,-0.28125,0.284966,-0.127913,1.15006,1.02363,10,2266,1.738,0.153337
1776813449030682012,1.33042,-0.28125,0.284966,-0.127913,1.15006,1.02363,10,2266,1.738,0.153337
1776813449035723005,1.32593,-0.3125,0.283538,-0.00570297,0.968824,0.988793,10,2270,1.74107,0.306797
1776813449040687964,1.32593,-0.326172,0.284305,-0.0193748,1.06811,0.953108,10,2271,1.74184,0.306797
1776813449045686699,1.32274,-0.326172,0.28188,-0.0193748,1.06811,0.953108,10,2273,1.74337,0.306858
1776813449050689712,1.32274,-0.339844,0.283414,-0.0329854,0.979379,0.925483,10,2276,1.74567,0.306712
1776813449055679855,1.31936,-0.339844,0.282344,-0.0331319,0.979379,0.925483,10,2277,1.74644,0.306858
1776813449060661924,1.31936,-0.347656,0.283111,-0.0407979,1.01207,0.900065,10,2280,1.74874,0.306797
1776813449065693214,1.31777,-0.347656,0.283817,-0.0408592,1.01207,0.900065,10,2281,1.74951,0.306797
1776813449070679931,1.31777,-0.324219,0.284584,-0.0174217,0.994263,0.903502,10,2283,1.75104,0.306797
1776813449075682425,1.3125,-0.324219,0.280847,-0.0174217,0.994263,0.903502,10,2284,1.75181,0.153337
1776813449080678309,1.3125,-0.310547,0.281614,-0.15721,0.902789,0.878446,10,2286,1.75334,0.306858
1776813449085680303,1.3125,-0.310547,0.283148,-0.00368848,0.902789,0.878446,10,2287,1.75411,0.153399
1776813449090678279,1.31105,-0.310547,0.282471,-0.157148,0.945995,0.869438,10,2289,1.75564,0.306858
1776813449095763531,1.31105,-0.214844,0.284005,0.0920146,0.945995,0.869438,10,2290,1.75641,0.153399
1776813449100698120,1.3058,-0.214844,0.279512,-0.0614452,1.0122,0.891148,10,2291,1.75717,0.153337
1776813449105691799,1.3058,-0.160156,0.280279,-0.00681907,1.0122,0.891148,10,2291,1.75717,0
1776813449110737774,1.30388,-0.160156,0.278365,-0.160156,1.08794,0.910351,10,2292,1.75794,0.153399
1776813449115724584,1.30388,-0.125,0.279132,0.0283985,1.08794,0.910351,10,2293,1.75871,0.153368
1776813449120703912,1.30244,-0.125,0.278457,0.0283678,0.852402,0.921367,10,2293,1.75871,0
1776813449125721943,1.30244,-0.101562,0.278457,-0.101562,0.852402,0.921367,10,2294,1.75948,0.153368
1776813449130691624,1.30132,-0.101562,0.278101,0.0518053,0.900859,0.927698,10,2295,1.76024,0
1776813449135684637,1.30132,-0.0976562,0.278868,-0.0976562,0.900859,0.927698,10,2295,1.76024,0.153429
1776813449140680761,1.30036,-0.0976562,0.277914,0.0557729,0.903424,0.923956,10,2296,1.76101,0.153368
1776813449145679404,1.30036,-0.0996094,0.278681,0.0537585,0.903424,0.923956,10,2296,1.76101,0
1776813449150688176,1.29942,-0.0996094,0.277743,-0.0996094,0.749649,0.916966,10,2297,1.76178,0.153368
1776813449155683059,1.29942,-0.0859375,0.27851,0.0674303,0.749649,0.916966,10,2297,1.76178,0
1776813449160666165,1.29942,-0.0859375,0.27851,-0.0859375,0.776679,0.924759,10,2298,1.76254,0
1776813449165692270,1.29862,-0.0859375,0.278471,-0.0859375,0.776679,0.924759,10,2298,1.76254,0.153429
1776813449170683691,1.29862,-0.0644531,0.278471,0.0889761,0.894138,0.931958,10,2298,1.76254,0
1776813449175679389,1.29799,-0.0644531,0.277842,-0.0644531,0.894138,0.931958,10,2298,1.76254,0
1776813449180680402,1.29799,-0.0195312,0.277842,-0.0195312,0.841873,0.953621,10,2298,1.76254,0
1776813449185685119,1.29718,-0.0195312,0.27703,-0.0195312,0.841873,0.953621,10,2298,1.76254,0
1776813449190682428,1.29718,-0.00585938,0.27703,-0.00585938,1.10164,0.956326,10,2298,1.76254,0
1776813449195687145,1.29718,-0.00585938,0.277029,-0.00585938,1.10164,0.956326,10,2298,1.76254,0
1776813449200680603,1.29718,0.0351562,0.277029,0.0351562,0.84072,0.979703,10,2298,1.76254,0
1776813449205682967,1.29733,0.0351562,0.277186,0.0351562,0.84072,0.979703,10,2298,1.76254,0
1776813449210664870,1.29733,0.0429688,0.277186,0.0429688,0.907498,0.985135,10,2298,1.76254,0
1776813449215680456,1.29766,0.0429688,0.277517,0.0429688,0.907498,0.985135,10,2298,1.76254,0
1776813449220680636,1.29766,0.0820312,0.277517,0.0820312,0.781214,1.00948,10,2298,1.76254,0
1776813449225697204,1.29845,0.0820312,0.278306,0.0820312,0.781214,1.00948,10,2297,1.76178,-0.153399
1776813449230682810,1.29845,0.0917969,0.277539,-0.0616016,0.927167,1.01999,10,2297,1.76178,0
1776813449235681786,1.29845,0.0917969,0.277539,0.0917969,0.927167,1.01999,10,2296,1.76101,-0.153368
1776813449240681855,1.30546,0.0917969,0.283783,-0.061571,0.829746,1.06386,10,2296,1.76101,0
1776813449245693923,1.30546,0.09375,0.283783,0.09375,0.829746,1.06386,10,2295,1.76024,-0.153399
1776813449250680122,1.3074,0.09375,0.284949,-0.0596485,1.03671,1.07705,10,2295,1.76024,0
1776813449255683857,1.3074,0.0800781,0.284949,0.0800781,1.03671,1.07705,10,2294,1.75948,0
1776813449260666592,1.30819,0.0800781,0.284972,0.0800781,1.03371,1.07419,10,2294,1.75948,-0.153429
1776813449265704364,1.30819,0.0644531,0.284972,-0.0889761,1.03371,1.07419,10,2294,1.75948,0
1776813449270725914,1.30899,0.0644531,0.285771,0.0644531,1.1628,1.07028,10,2294,1.75948,0
1776813449275739445,1.30899,0.046875,0.285771,0.046875,1.1628,1.07028,10,2293,1.75871,-0.153399
1776813449280736754,1.30946,0.046875,0.285476,-0.106524,0.803702,1.0632,10,2293,1.75871,0
1776813449285736008,1.30946,0.0390625,0.285476,0.0390625,0.803702,1.0632,10,2293,1.75871,0
1776813449290711114,1.30995,0.0390625,0.285966,0.0390625,1.14496,1.06181,10,2293,1.75871,0
1776813449295688091,1.30995,0.0292969,0.285966,0.0292969,1.14496,1.06181,10,2293,1.75871,0
1776813449300716399,1.31026,0.0292969,0.28628,0.0292969,1.06612,1.05821,10,2293,1.75871,0
1776813449305683357,1.31026,0.0195312,0.28628,0.0195312,1.06612,1.05821,10,2292,1.75794,0
1776813449310684722,1.31058,0.0195312,0.285833,-0.133898,0.829938,1.05264,10,2292,1.75794,-0.153429
1776813449315673754,1.31058,0.0234375,0.285833,-0.129992,0.829938,1.05264,10,2292,1.75794,0
1776813449320686063,1.31091,0.0234375,0.286165,0.0234375,0.83829,1.05893,10,2292,1.75794,0
1776813449325685187,1.31091,0.0410156,0.286165,0.0410156,0.83829,1.05893,10,2292,1.75794,0
1776813449330694922,1.31123,0.0410156,0.28648,0.0410156,0.925705,1.07092,10,2291,1.75717,-0.153429
1776813449335695046,1.31123,0.046875,0.285713,-0.106554,0.925705,1.07092,10,2291,1.75717,0
1776813449340677171,1.31172,0.046875,0.286203,0.046875,1.19868,1.07731,10,2290,1.75641,0
1776813449345677647,1.31172,0.0664062,0.285436,0.0664062,1.19868,1.07731,10,2290,1.75641,-0.153399
1776813449350694530,1.31219,0.0664062,0.285909,-0.0869923,1.16466,1.09139,10,2290,1.75641,0
1776813449355677766,1.31219,0.078125,0.285909,0.078125,1.16466,1.09139,10,2289,1.75564,-0.153399
1776813449360662446,1.313,0.078125,0.285947,-0.0752735,1.23167,1.1031,10,2289,1.75564,0
1776813449365674773,1.313,0.0859375,0.285947,0.0859375,1.23167,1.1031,10,2288,1.75487,-0.153399
1776813449370691434,1.3138,0.0859375,0.285982,-0.067461,1.054,1.11255,10,2288,1.75487,0
1776813449375678021,1.3138,0.0898438,0.285982,0.0898438,1.054,1.11255,10,2287,1.75411,-0.153337
1776813449380682775,1.3138,0.0898438,0.285215,-0.0634934,1.00951,1.11477,10,2286,1.75334,0
1776813449385691418,1.31492,0.0898438,0.285569,0.0898438,1.00951,1.11477,10,2286,1.75334,-0.153399
1776813449390687764,1.31492,0.09375,0.285569,-0.0596485,1.10413,1.12399,10,2285,1.75257,-0.153399
1776813449395680259,1.3162,0.09375,0.286082,-0.0596485,1.10413,1.12399,10,2285,1.75257,0
1776813449400702049,1.3162,0.101562,0.286082,0.101562,1.14226,1.13642,10,2284,1.75181,-0.153429
1776813449405678062,1.31667,0.101562,0.285789,-0.0518667,1.14226,1.13642,10,2283,1.75104,-0.153399
1776813449410657594,1.31667,0.119141,0.285022,-0.0342579,1.20293,1.14939,10,2283,1.75104,0
1776813449415693051,1.31828,0.119141,0.286623,0.119141,1.20293,1.14939,10,2282,1.75027,-0.153399
1776813449420749841,1.31828,0.125,0.285856,-0.0283985,1.15625,1.1627,10,2281,1.74951,-0.153429
1776813449425697855,1.31892,0.125,0.285735,-0.0284292,1.15625,1.1627,10,2280,1.74874,-0.153337
1776813449430689387,1.31892,0.125,0.284968,-0.0283372,1.08689,1.16672,10,2280,1.74874,0
1776813449435699029,1.32084,0.125,0.286892,0.125,1.08689,1.16672,10,2279,1.74797,-0.153368
1776813449440696394,1.32084,0.125,0.286125,-0.0283678,1.08987,1.17869,10,2278,1.7472,0
1776813449445707351,1.32132,0.125,0.285832,0.125,1.08987,1.17869,10,2278,1.7472,-0.153399
1776813449450706531,1.32132,0.103516,0.285832,-0.0498829,1.18632,1.16939,10,2277,1.74644,-0.153399
1776813449455685878,1.32132,0.103516,0.285066,-0.0498829,1.18632,1.16939,10,2277,1.74644,0
1776813449460661539,1.32341,0.103516,0.287151,0.103516,1.20693,1.18236,10,2276,1.74567,0
1776813449465673034,1.32341,0.0859375,0.286384,0.0859375,1.20693,1.18236,10,2276,1.74567,-0.153399
1776813449470694194,1.32468,0.0859375,0.287657,-0.067461,1.14059,1.18025,10,2275,1.7449,0
1776813449475724985,1.32468,0.0742188,0.28689,0.0742188,1.14059,1.18025,10,2275,1.7449,-0.153399
1776813449480719201,1.32515,0.0742188,0.287366,-0.0791798,1.22524,1.17653,10,2275,1.7449,0
1776813449485704918,1.32515,0.078125,0.287366,0.078125,1.22524,1.17653,10,2274,1.74414,-0.153405
1776813449490685265,1.32628,0.078125,0.287723,-0.0752804,1.25812,1.18573,10,2273,1.74337,0
1776813449495695222,1.32628,0.078125,0.286956,0.078125,1.25812,1.18573,10,2273,1.74337,-0.153399
1776813449500688532,1.32661,0.078125,0.28729,-0.0752735,1.13071,1.1878,10,2272,1.7426,-0.153429
1776813449505678212,1.32661,0.113281,0.286523,-0.0401479,1.13071,1.1878,10,2271,1.74184,0
1776813449510667373,1.32805,0.113281,0.287199,0.113281,1.10153,1.21679,10,2270,1.74107,-0.153399
1776813449515673442,1.32805,0.125,0.286432,-0.0283985,1.10153,1.21679,10,2270,1.74107,-0.153429
1776813449520681399,1.32853,0.125,0.286909,-0.0284292,1.07775,1.22643,10,2269,1.7403,-0.153399
1776813449525746818,1.32853,0.15625,0.286142,0.00285149,1.07775,1.22643,10,2268,1.73953,-0.153368
1776813449530711498,1.32853,0.15625,0.285375,0.00288217,1.15346,1.24425,10,2267,1.73877,-0.153429
1776813449535786436,1.33111,0.15625,0.287189,0.0028208,1.15346,1.24425,10,2266,1.738,-0.153337
1776813449540790819,1.33111,0.152344,0.286422,-0.000993431,1.10889,1.25803,10,2265,1.73723,-0.153429
1776813449545699890,1.33337,0.152344,0.287909,-0.00108545,1.10889,1.25803,10,2265,1.73723,0
1776813449550691514,1.33337,0.125,0.287909,0.125,1.19753,1.25641,10,2264,1.73647,-0.153429
1776813449555681397,1.33482,0.125,0.288594,-0.0284292,1.19753,1.25641,10,2264,1.73647,0
1776813449560663355,1.33482,0.113281,0.288594,0.113281,1.25625,1.25872,10,2263,1.7357,-0.153399
1776813449565673498,1.33529,0.113281,0.288301,-0.0401173,1.25625,1.25872,10,2262,1.73493,-0.153399
1776813449570678381,1.33529,0.0898438,0.287534,-0.0635548,1.17325,1.24829,10,2262,1.73493,0
1776813449575678246,1.33643,0.0898438,0.288675,0.0898438,1.17325,1.24829,10,2261,1.73417,-0.153368
1776813449580676889,1.33643,0.0957031,0.287908,-0.0576647,1.22032,1.25869,10,2260,1.7334,0
1776813449585677457,1.33771,0.0957031,0.288419,0.0957031,1.22032,1.25869,10,2260,1.7334,-0.153368
1776813449590700044,1.33771,0.107422,0.288419,-0.045946,1.25359,1.27328,10,2259,1.73263,-0.153429
1776813449595681557,1.33819,0.107422,0.288131,-0.0460073,1.25359,1.27328,10,2258,1.73186,-0.153368
1776813449600683515,1.33819,0.148438,0.287364,-0.00493033,1.23916,1.29962,10,2257,1.7311,-0.15346
1776813449605686805,1.33819,0.148438,0.286597,-0.00502241,1.23916,1.29962,10,2256,1.73033,-0.153399
1776813449610668448,1.34046,0.148438,0.288104,-0.00496101,1.29315,1.31368,10,2255,1.72956,-0.153368
1776813449615672443,1.34046,0.15625,0.287337,0.00288217,1.29315,1.31368,10,2254,1.7288,-0.153429
1776813449620727733,1.34272,0.15625,0.288823,0.0028208,1.31363,1.33205,10,2253,1.72803,-0.153399
1776813449625690857,1.34272,0.144531,0.288056,-0.00886726,1.31363,1.33205,10,2252,1.72726,0
1776813449630684185,1.34418,0.144531,0.288754,0.144531,1.2884,1.33441,10,2252,1.72726,-0.153399
1776813449635676347,1.34418,0.128906,0.288754,-0.0244923,1.2884,1.33441,10,2251,1.7265,-0.153368
1776813449640677823,1.34466,0.128906,0.288469,-0.0244616,1.3063,1.32848,10,2250,1.72573,-0.15346
1776813449645686335,1.34466,0.146484,0.287702,-0.00697553,1.3063,1.32848,10,2249,1.72496,-0.153368
1776813449650680812,1.34693,0.146484,0.289199,-0.00688346,1.25732,1.35247,10,2248,1.72419,-0.153429
1776813449655687213,1.34693,0.154297,0.288432,0.00086768,1.25732,1.35247,10,2247,1.72343,-0.153337
1776813449660670912,1.34742,0.154297,0.288158,0.000959694,1.34373,1.35996,10,2245,1.72189,-0.153429
1776813449665684369,1.34742,0.185547,0.286624,0.0321177,1.34373,1.35996,10,2244,1.72113,-0.306797
1776813449670697511,1.35034,0.185547,0.288773,-0.12125,1.39561,1.39574,10,2243,1.72036,-0.153429
1776813449675680062,1.35034,0.183594,0.288006,0.0301646,1.39561,1.39574,10,2242,1.71959,-0.153337
1776813449680679705,1.35114,0.183594,0.28651,0.0301338,1.45989,1.39463,10,2240,1.71806,-0.15346
1776813449685688458,1.35114,0.183594,0.28651,0.0301338,1.45989,1.39463,10,2240,1.71806,-0.15346
1776813449690681008,1.35488,0.201172,0.288714,0.0477734,1.48514,1.4096,10,2237,1.71576,-0.153399
1776813449695682595,1.35488,0.214844,0.287947,0.0614452,1.48514,1.4096,10,2236,1.71499,-0.306858
1776813449700682627,1.35618,0.214844,0.288481,-0.0920146,1.40136,1.4484,10,2234,1.71346,-0.153368
1776813449705689307,1.35618,0.253906,0.286947,0.100538,1.40136,1.4484,10,2232,1.71192,-0.306858
1776813449710664931,1.35862,0.253906,0.287852,-0.0529521,1.38811,1.48565,10,2231,1.71116,-0.306736
1776813449715685555,1.35862,0.298828,0.287086,-0.00790754,1.38811,1.48565,10,2228,1.70885,-0.306797
1776813449720681846,1.36138,0.298828,0.287545,-0.0079689,1.4203,1.52821,10,2226,1.70732,-0.306797
1776813449725677766,1.36138,0.332031,0.286011,0.0252342,1.4203,1.52821,10,2224,1.70579,-0.460196
1776813449730679798,1.36449,0.332031,0.287581,-0.128164,1.4998,1.56617,10,2222,1.70425,-0.306797
1776813449735699959,1.36449,0.349609,0.286047,0.0428123,1.4998,1.56617,10,2219,1.70195,-0.306736
1776813449740683527,1.36809,0.349609,0.287346,0.0428737,1.48713,1.59825,10,2217,1.70042,-0.460172
1776813449745686300,1.36809,0.359375,0.285812,-0.100797,1.48713,1.59825,10,2215,1.69888,-0.306858
1776813449750677220,1.36809,0.359375,0.284278,0.0525166,1.70795,1.60381,10,2212,1.69658,-0.306858
1776813449755680252,1.37185,0.359375,0.285737,0.0525166,1.70795,1.60381,10,2211,1.69582,-0.306736
1776813449760655969,1.37185,0.320312,0.28497,0.0135768,1.66809,1.60455,10,2208,1.69351,-0.306797
1776813449765685167,1.37692,0.320312,0.287747,0.0135155,1.66809,1.60455,10,2207,1.69275,-0.306797
1776813449770689383,1.37692,0.310547,0.28698,0.00374985,1.55005,1.63001,10,2205,1.69121,-0.306858
1776813449775681174,1.37791,0.310547,0.286434,0.00368848,1.55005,1.63001,10,2203,1.68968,-0.306797
1776813449780676428,1.37791,0.283203,0.2849,-0.0235939,1.42899,1.62046,10,2201,1.68815,-0.153368
1776813449785674960,1.383,0.283203,0.288455,0.129835,1.42899,1.62046,10,2200,1.68738,-0.306858
1776813449790723342,1.383,0.263672,0.287688,-0.0431865,1.66021,1.64035,10,2199,1.68661,-0.153368
1776813449795698022,1.38432,0.263672,0.288241,0.110304,1.66021,1.64035,10,2198,1.68584,-0.153399
1776813449800693683,1.38432,0.224609,0.287474,0.0712109,1.51576,1.62612,10,2197,1.68508,-0.153184
1776813449805681993,1.3868,0.224609,0.289184,0.0714253,1.51576,1.62612,10,2197,1.68508,0
1776813449810661377,1.3868,0.101562,0.289184,0.101562,1.64738,1.57107,10,2197,1.68508,0
1776813449815675686,1.38927,0.101562,0.291656,0.101562,1.64738,1.57107,10,2197,1.68508,0
1776813449820689847,1.38927,0.0507812,0.291656,0.0507812,1.62612,1.55716,10,2197,1.68508,0
1776813449825693267,1.38976,0.0507812,0.29215,0.0507812,1.62612,1.55716,10,2197,1.68508,0
1776813449830726242,1.38976,-0.0527344,0.29215,-0.0527344,1.53854,1.50115,10,2197,1.68508,0
1776813449835692330,1.38976,-0.0527344,0.29215,-0.0527344,1.53854,1.50115,10,2197,1.68508,0
1776813449840690288,1.38943,-0.0761719,0.291821,-0.0761719,1.54142,1.48779,10,2197,1.68508,0
1776813449845654264,1.38943,-0.0878906,0.291821,-0.0878906,1.54142,1.48779,10,2198,1.68584,0
1776813449850637204,1.38844,-0.0878906,0.291597,-0.0878906,1.50256,1.47309,10,2198,1.68584,0.153429
1776813449855636532,1.38844,-0.0683594,0.291597,0.0850698,1.50256,1.47309,10,2198,1.68584,0
1776813449860616082,1.38761,-0.0683594,0.290768,-0.0683594,1.50799,1.47918,10,2198,1.68584,0
1776813449865629336,1.38761,-0.0253906,0.290768,-0.0253906,1.50799,1.47918,10,2198,1.68584,0
1776813449870655200,1.38729,-0.0253906,0.290439,-0.0253906,1.50241,1.50167,10,2198,1.68584,0
1776813449875666102,1.38729,0.015625,0.290439,0.015625,1.50241,1.50167,10,2198,1.68584,0
1776813449880670726,1.38712,0.015625,0.290275,0.015625,1.46131,1.52405,10,2198,1.68584,0
1776813449885690886,1.38712,0.0566406,0.290275,0.0566406,1.46131,1.52405,10,2198,1.68584,0
1776813449890683196,1.38778,0.0566406,0.290932,0.0566406,1.57426,1.54743,10,2198,1.68584,0
1776813449895689875,1.38778,0.0703125,0.290932,0.0703125,1.57426,1.54743,10,2198,1.68584,0
1776813449900683333,1.38861,0.0703125,0.291766,0.0703125,1.50623,1.56429,10,2197,1.68508,0
1776813449905685976,1.38861,0.0625,0.290999,0.0625,1.50623,1.56429,10,2197,1.68508,-0.15346
1776813449910660526,1.38911,0.0625,0.291492,-0.0909599,1.5181,1.56284,10,2197,1.68508,0
1776813449915680557,1.38911,0.0351562,0.291492,0.0351562,1.5181,1.56284,10,2197,1.68508,0
1776813449920678144,1.3896,0.0351562,0.291989,0.0351562,1.54024,1.55028,10,2197,1.68508,0
1776813449925684583,1.3896,0.00390625,0.291989,0.00390625,1.54024,1.55028,10,2197,1.68508,0
1776813449930690004,1.38977,0.00390625,0.292154,0.00390625,1.55277,1.53346,10,2197,1.68508,0
1776813449935707053,1.38977,-0.00585938,0.292154,-0.00585938,1.55277,1.53346,10,2197,1.68508,0
1776813449940685919,1.38977,-0.00585938,0.292154,-0.00585938,1.51808,1.5279,10,2197,1.68508,0
1776813449945684487,1.38977,-0.0214844,0.292154,-0.0214844,1.51808,1.5279,10,2197,1.68508,0
1776813449950685759,1.38943,-0.0214844,0.291821,-0.0214844,1.54932,1.51696,10,2197,1.68508,0
1776813449955770586,1.38943,-0.0175781,0.291821,-0.0175781,1.54932,1.51696,10,2197,1.68508,0
1776813449960678823,1.39753,-0.0175781,0.299916,-0.0175781,1.50743,1.51919,10,2197,1.68508,0
1776813449965698298,1.39753,0.0175781,0.299916,0.0175781,1.50743,1.51919,10,2197,1.68508,0
1776813449970745810,1.39754,0.0175781,0.299924,0.0175781,1.52798,1.58842,10,2197,1.68508,0
1776813449975699972,1.39754,0.03125,0.299924,0.03125,1.52798,1.58842,10,2197,1.68508,0
1776813449980685171,1.39787,0.03125,0.300258,0.03125,1.53877,1.59824,10,2197,1.68508,0
1776813449985725146,1.39787,0.03125,0.300258,0.03125,1.53877,1.59824,10,2197,1.68508,0
1776813449990752881,1.39804,0.03125,0.300423,0.03125,1.59248,1.59924,10,2197,1.68508,0
1776813449995693506,1.39804,0.0253906,0.300423,0.0253906,1.59248,1.59924,10,2197,1.68508,0
1776813450000692612,1.39803,0.0253906,0.300416,0.0253906,1.64674,1.59586,10,2197,1.68508,0
1776813450005683718,1.39803,-0.00195312,0.300416,-0.00195312,1.64674,1.59586,10,2197,1.68508,0
1776813450010670287,1.39837,-0.00195312,0.300754,-0.00195312,1.52825,1.58232,10,2197,1.68508,0
1776813450015677633,1.39837,-0.00976562,0.300754,-0.00976562,1.52825,1.58232,10,2197,1.68508,0
1776813450020704201,1.39837,-0.00976562,0.300754,-0.00976562,1.61398,1.57786,10,2197,1.68508,0
1776813450025691345,1.39837,-0.0273438,0.300754,-0.0273438,1.61398,1.57786,10,2197,1.68508,0
1776813450030683599,1.39803,-0.0273438,0.300412,-0.0273438,1.54977,1.56784,10,2197,1.68508,0
1776813450035690649,1.39803,-0.0117188,0.300412,-0.0117188,1.54977,1.56784,10,2197,1.68508,0
1776813450040797901,1.39787,-0.0117188,0.300254,-0.0117188,1.50655,1.57372,10,2197,1.68508,0
1776813450045701342,1.39787,-0.015625,0.300254,-0.015625,1.50655,1.57372,10,2197,1.68508,0
1776813450050681466,1.39769,-0.015625,0.300082,-0.015625,1.53884,1.57045,10,2197,1.68508,0
1776813450055679906,1.39769,-0.00585938,0.300082,-0.00585938,1.53884,1.57045,10,2197,1.68508,0
1776813450060658586,1.39769,-0.00585938,0.300082,-0.00585938,1.54951,1.57602,10,2197,1.68508,0
1776813450065675673,1.39769,0.015625,0.300082,0.015625,1.54951,1.57602,10,2197,1.68508,0
1776813450070707334,1.39769,0.015625,0.300082,0.015625,1.62494,1.58826,10,2197,1.68508,0
1776813450075692866,1.39769,0.0195312,0.300082,0.0195312,1.62494,1.58826,10,2197,1.68508,0
1776813450080679638,1.39787,0.0195312,0.300254,0.0195312,1.54851,1.59153,10,2197,1.68508,0
1776813450085677726,1.39787,0.0332031,0.300254,0.0332031,1.54851,1.59153,10,2196,1.68431,-0.153368
1776813450090680517,1.39837,0.0332031,0.299987,-0.120165,1.54069,1.60236,10,2196,1.68431,0
1776813450095678400,1.39837,0.0371094,0.299987,0.0371094,1.54069,1.60236,10,2196,1.68431,0
1776813450100704191,1.39837,0.0371094,0.299987,0.0371094,1.6473,1.60458,10,2196,1.68431,0
1776813450105681316,1.39853,0.0371094,0.300152,0.0371094,1.6473,1.60458,10,2195,1.68354,0
1776813450110663700,1.39853,0.0351562,0.299385,0.0351562,1.63464,1.60447,10,2195,1.68354,-0.153429
1776813450115674435,1.39953,0.0351562,0.300384,-0.118273,1.63464,1.60447,10,2195,1.68354,0
1776813450120686670,1.39953,0.0292969,0.300384,0.0292969,1.5962,1.60718,10,2195,1.68354,0
1776813450125682128,1.3997,0.0292969,0.300549,0.0292969,1.5962,1.60718,10,2195,1.68354,0
1776813450130692400,1.3997,0.0195312,0.300549,0.0195312,1.59671,1.60262,10,2195,1.68354,0
1776813450135681969,1.39985,0.0195312,0.300707,0.0195312,1.59671,1.60262,10,2195,1.68354,0
1776813450140679334,1.39985,0.0136719,0.300707,0.0136719,1.59041,1.60024,10,2195,1.68354,0
1776813450145677459,1.40002,0.0136719,0.300873,0.0136719,1.59041,1.60024,10,2195,1.68354,0
1776813450150688120,1.40002,0.00390625,0.300873,0.00390625,1.66547,1.59567,10,2195,1.68354,0
1776813450155679652,1.40019,0.00390625,0.301045,0.00390625,1.66547,1.59567,10,2195,1.68354,0
1776813450160659906,1.40019,0.00195312,0.301045,0.00195312,1.61583,1.5956,10,2195,1.68354,0
1776813450165684345,1.40019,0.00195312,0.301045,0.00195312,1.61583,1.5956,10,2195,1.68354,0
1776813450170681506,1.40036,0.00195312,0.30121,0.00195312,1.59062,1.5966,10,2195,1.68354,0
1776813450175689427,1.40036,-0.00976562,0.30121,-0.00976562,1.59062,1.5966,10,2195,1.68354,0
1776813450180681255,1.40018,-0.00976562,0.301034,-0.00976562,1.62161,1.58885,10,2195,1.68354,0
1776813450185695231,1.40018,-0.0117188,0.301034,-0.0117188,1.62161,1.58885,10,2195,1.68354,0
1776813450190681763,1.40019,-0.0117188,0.301041,-0.0117188,1.59062,1.58778,10,2195,1.68354,0
1776813450195686776,1.40019,-0.0078125,0.301041,-0.0078125,1.59062,1.58778,10,2195,1.68354,0
1776813450200680215,1.40002,-0.0078125,0.300868,-0.0078125,1.64656,1.58897,10,2195,1.68354,0
1776813450205682006,1.40002,-0.00390625,0.300868,-0.00390625,1.64656,1.58897,10,2195,1.68354,0
1776813450210654594,1.40002,-0.00390625,0.300875,-0.00390625,1.6587,1.59123,10,2195,1.68354,0
1776813450215672848,1.40002,0.00390625,0.300875,0.00390625,1.6587,1.59123,10,2195,1.68354,0
1776813450220676046,1.40002,0.00390625,0.300875,0.00390625,1.53463,1.59569,10,2195,1.68354,0
1776813450225686096,1.40002,0.0078125,0.300875,0.0078125,1.53463,1.59569,10,2195,1.68354,0
1776813450230679406,1.40002,0.0078125,0.300868,0.0078125,1.62158,1.59787,10,2195,1.68354,0
1776813450235680011,1.40002,0.00976562,0.300868,0.00976562,1.62158,1.59787,10,2195,1.68354,0
1776813450240690858,1.40018,0.00976562,0.301034,0.00976562,1.5738,1.59898,10,2195,1.68354,0
1776813450245703186,1.40018,-0.00195312,0.301034,-0.00195312,1.5738,1.59898,10,2195,1.68354,0
1776813450250681625,1.40035,-0.00195312,0.301206,-0.00195312,1.57139,1.59435,10,2195,1.68354,0
1776813450255686768,1.40035,-0.00390625,0.301206,-0.00390625,1.57139,1.59435,10,2195,1.68354,0
1776813450260654948,1.40036,-0.00390625,0.30121,-0.00390625,1.59259,1.59326,10,2195,1.68354,0
1776813450265683091,1.40036,-0.00390625,0.30121,-0.00390625,1.59259,1.59326,10,2195,1.68354,0
1776813450270746732,1.40036,-0.00390625,0.30121,-0.00390625,1.58494,1.59326,10,2195,1.68354,0
1776813450275722042,1.40036,0.00390625,0.30121,0.00390625,1.58494,1.59326,10,2195,1.68354,0
1776813450280685427,1.40018,0.00390625,0.301034,0.00390625,1.55961,1.59665,10,2195,1.68354,0
1776813450285681255,1.40018,0.00585938,0.301034,0.00585938,1.55961,1.59665,10,2195,1.68354,0
1776813450290683972,1.40035,0.00585938,0.301206,0.00585938,1.62729,1.5988,10,2195,1.68354,0
1776813450295730206,1.40035,0.00585938,0.301206,0.00585938,1.62729,1.5988,10,2195,1.68354,0
1776813450300692368,1.40035,0.00585938,0.301206,0.00585938,1.62161,1.5988,10,2195,1.68354,0
1776813450305719955,1.40035,0,0.301206,0,1.62161,1.5988,10,2195,1.68354,0
1776813450310698969,1.40051,0,0.301365,0,1.58439,1.59546,10,2195,1.68354,0
1776813450315682241,1.40051,0.00390625,0.301365,0.00390625,1.58439,1.59546,10,2195,1.68354,0
1776813450320695291,1.40068,0.00390625,0.301537,0.00390625,1.6775,1.59969,10,2195,1.68354,0
1776813450325722212,1.40068,-0.00390625,0.301537,-0.00390625,1.6775,1.59969,10,2195,1.68354,0
1776813450330721447,1.40051,-0.00390625,0.301365,-0.00390625,1.58492,1.5942,10,2195,1.68354,0
1776813450335684017,1.40051,-0.00390625,0.301365,-0.00390625,1.58492,1.5942,10,2195,1.68354,0
1776813450340695715,1.40051,-0.00390625,0.301364,-0.00390625,1.55946,1.5942,10,2195,1.68354,0
1776813450345691561,1.40051,-0.00390625,0.301364,-0.00390625,1.55946,1.5942,10,2195,1.68354,0
1776813450350687056,1.40052,-0.00390625,0.301375,-0.00390625,1.5597,1.59426,10,2195,1.68354,0
1776813450355681310,1.40052,0.00195312,0.301375,0.00195312,1.5597,1.59426,10,2195,1.68354,0
1776813450360699490,1.40052,0.00195312,0.301375,0.00195312,1.55969,1.5976,10,2195,1.68354,0
1776813450365683670,1.40052,-0.00390625,0.301375,-0.00390625,1.55969,1.5976,10,2195,1.68354,0
1776813450370694257,1.40052,-0.00390625,0.301375,-0.00390625,1.54785,1.59426,10,2195,1.68354,0
1776813450375678919,1.40052,-0.00195312,0.301375,-0.00195312,1.54785,1.59426,10,2195,1.68354,0
1776813450380691821,1.40069,-0.00195312,0.301541,-0.00195312,1.55977,1.59538,10,2195,1.68354,0
1776813450385700537,1.40069,0.00195312,0.301541,0.00195312,1.55977,1.59538,10,2195,1.68354,0
1776813450390694069,1.40069,0.00195312,0.301541,0.00195312,1.6586,1.59861,10,2195,1.68354,0
1776813450395689620,1.40069,0.00390625,0.301541,0.00390625,1.6586,1.59861,10,2195,1.68354,0
1776813450400796853,1.40069,0.00390625,0.301541,0.00390625,1.55336,1.59972,10,2195,1.68354,0
1776813450405697738,1.40069,0.00585938,0.301541,0.00585938,1.55336,1.59972,10,2195,1.68354,0
1776813450410676900,1.40068,0.00585938,0.301534,0.00585938,1.64112,1.60079,10,2195,1.68354,0
1776813450415735727,1.40085,0.00585938,0.301706,0.00585938,1.64112,1.60079,10,2195,1.68354,0
1776813450420722630,1.40085,-0.00390625,0.301706,-0.00390625,1.65256,1.59627,10,2195,1.68354,0
1776813450425706865,1.40085,-0.00390625,0.301706,-0.00390625,1.65256,1.59627,10,2195,1.68354,0
1776813450430685416,1.40085,0,0.301706,0,1.70859,1.59849,10,2195,1.68354,0
1776813450435686818,1.40086,0,0.301711,0,1.70859,1.59849,10,2195,1.68354,0
1776813450440682776,1.40086,-0.00585938,0.301711,-0.00585938,1.64668,1.59518,10,2195,1.68354,0
1776813450445694955,1.40086,-0.00585938,0.301711,-0.00585938,1.64668,1.59518,10,2195,1.68354,0
1776813450450693450,1.40086,-0.00585938,0.301711,-0.00585938,1.69051,1.59518,10,2195,1.68354,0
1776813450455701667,1.40086,0.00390625,0.301711,0.00390625,1.69051,1.59518,10,2195,1.68354,0
1776813450460674125,1.40085,0.00390625,0.301706,0.00390625,1.59039,1.60072,10,2195,1.68354,0
1776813450465672731,1.40085,0.00390625,0.301706,0.00390625,1.59039,1.60072,10,2195,1.68354,0
1776813450470712114,1.40085,0.00390625,0.301706,0.00390625,1.59815,1.60072,10,2195,1.68354,0
1776813450475688553,1.40085,0.00195312,0.301706,0.00195312,1.59815,1.60072,10,2195,1.68354,0
1776813450480684400,1.40086,0.00195312,0.30171,0.00195312,1.64668,1.59963,10,2195,1.68354,0
1776813450485704580,1.40086,0.00195312,0.30171,0.00195312,1.64668,1.59963,10,2195,1.68354,0
1776813450490685890,1.40086,0.00195312,0.30171,0.00195312,1.59047,1.59963,10,2195,1.68354,0
1776813450495685143,1.40086,0.00390625,0.30171,0.00390625,1.59047,1.59963,10,2195,1.68354,0
1776813450500731582,1.40085,0.00390625,0.301704,0.00390625,1.64654,1.6007,10,2195,1.68354,0
1776813450505738150,1.40085,-0.00390625,0.301704,-0.00390625,1.64654,1.6007,10,2195,1.68354,0
1776813450510686702,1.40085,-0.00390625,0.301706,-0.00390625,1.5538,1.59627,10,2195,1.68354,0
1776813450515682456,1.40085,-0.00390625,0.301706,-0.00390625,1.5538,1.59627,10,2195,1.68354,0
1776813450520694172,1.40085,-0.00390625,0.301706,-0.00390625,1.46114,1.59627,10,2195,1.68354,0
1776813450525682112,1.40102,-0.00390625,0.301872,-0.00390625,1.46114,1.59627,10,2195,1.68354,0
1776813450530687125,1.40102,0.00195312,0.301872,0.00195312,1.68342,1.60061,10,2195,1.68354,0
1776813450535683972,1.40102,0.00195312,0.301872,0.00195312,1.68342,1.60061,10,2195,1.68354,0
1776813450540713651,1.40102,0.00585938,0.301872,0.00585938,1.6214,1.60283,10,2195,1.68354,0
1776813450545744571,1.40102,0.00585938,0.301876,0.00585938,1.6214,1.60283,10,2195,1.68354,0
1776813450550693659,1.40102,0.00585938,0.301876,0.00585938,1.59887,1.60286,10,2195,1.68354,0
1776813450555684413,1.40102,0.00390625,0.301876,0.00390625,1.59887,1.60286,10,2195,1.68354,0
1776813450560664168,1.40119,0.00390625,0.302041,0.00390625,1.61022,1.60275,10,2195,1.68354,0
1776813450565682014,1.40119,0.00195312,0.302041,0.00195312,1.61022,1.60275,10,2195,1.68354,0
1776813450570686842,1.40119,0.00195312,0.302041,0.00195312,1.62136,1.60163,10,2195,1.68354,0
1776813450575683466,1.40119,-0.00195312,0.302041,-0.00195312,1.62136,1.60163,10,2195,1.68354,0
1776813450580685220,1.40119,-0.00195312,0.302041,-0.00195312,1.62722,1.59941,10,2194,1.68278,-0.153368
1776813450585682789,1.40119,0.00195312,0.301274,-0.151415,1.62722,1.59941,10,2194,1.68278,0
1776813450590689672,1.40119,0.00195312,0.301274,0.00195312,1.59638,1.60163,10,2194,1.68278,0
1776813450595683278,1.40135,0.00195312,0.30144,0.00195312,1.59638,1.60163,10,2194,1.68278,0
1776813450600735976,1.40135,0.00585938,0.30144,0.00585938,1.67741,1.60486,10,2194,1.68278,0
1776813450605679323,1.40135,0.00585938,0.301435,0.00585938,1.67741,1.60486,10,2194,1.68278,0
1776813450610656985,1.40135,0.00390625,0.301435,0.00390625,1.58514,1.60372,10,2194,1.68278,0
1776813450615673665,1.40135,0.00390625,0.30144,0.00390625,1.58514,1.60372,10,2194,1.68278,0
1776813450620701029,1.40135,0.00195312,0.30144,0.00195312,1.63084,1.60264,10,2194,1.68278,0
1776813450625696413,1.40153,0.00195312,0.301612,0.00195312,1.63084,1.60264,10,2194,1.68278,0
1776813450630677482,1.40153,-0.00195312,0.301612,-0.00195312,1.67733,1.60145,10,2194,1.68278,0
1776813450635679144,1.40153,-0.00195312,0.301612,-0.00195312,1.67733,1.60145,10,2194,1.68278,0
1776813450640684879,1.40153,-0.00195312,0.301612,-0.00195312,1.59054,1.60145,10,2194,1.68278,0
1776813450645678744,1.40153,-0.00195312,0.301612,-0.00195312,1.59054,1.60145,10,2194,1.68278,0
1776813450650674702,1.40153,0.00195312,0.301612,0.00195312,1.61079,1.60368,10,2194,1.68278,0
1776813450655681196,1.40153,0.00195312,0.301612,0.00195312,1.61079,1.60368,10,2194,1.68278,0
1776813450660657321,1.40153,0.00195312,0.301612,0.00195312,1.58521,1.60368,10,2194,1.68278,0
1776813450665680501,1.40169,0.00195312,0.301777,0.00195312,1.58521,1.60368,10,2194,1.68278,0
1776813450670693699,1.40169,0,0.301777,0,1.59542,1.60357,10,2194,1.68278,0
1776813450675690731,1.40169,0,0.301771,0,1.59542,1.60357,10,2194,1.68278,0
1776813450680692651,1.40169,-0.00195312,0.301771,-0.00195312,1.5852,1.60241,10,2194,1.68278,0
1776813450685676054,1.40169,-0.00195312,0.301775,-0.00195312,1.5852,1.60241,10,2194,1.68278,0
1776813450690673845,1.40169,0,0.301775,0,1.66712,1.60355,10,2194,1.68278,0
1776813450695700728,1.4017,0,0.301782,0,1.66712,1.60355,10,2194,1.68278,0
1776813450700680167,1.4017,-0.00390625,0.301782,-0.00390625,1.64128,1.60137,10,2194,1.68278,0
1776813450705684829,1.4017,-0.00390625,0.301782,-0.00390625,1.64128,1.60137,10,2194,1.68278,0
1776813450710656139,1.4017,-0.00195312,0.301782,-0.00195312,1.61592,1.60248,10,2194,1.68278,0
1776813450715678892,1.40169,-0.00195312,0.301778,-0.00195312,1.61592,1.60248,10,2194,1.68278,0
1776813450720708164,1.40169,-0.00195312,0.301778,-0.00195312,1.61591,1.60245,10,2194,1.68278,0
1776813450725685270,1.40169,-0.00195312,0.301778,-0.00195312,1.61591,1.60245,10,2194,1.68278,0
1776813450730682284,1.40169,0.00195312,0.301778,0.00195312,1.49824,1.60468,10,2194,1.68278,0
1776813450735719889,1.40186,0.00195312,0.301943,0.00195312,1.49824,1.60468,10,2194,1.68278,0
1776813450740682940,1.40186,0.00585938,0.301943,0.00585938,1.75908,1.60791,10,2194,1.68278,0
1776813450745676231,1.40186,0.00585938,0.301943,0.00585938,1.75908,1.60791,10,2194,1.68278,0
1776813450750686985,1.40186,-0.00195312,0.301943,-0.00195312,1.62105,1.60346,10,2194,1.68278,0
1776813450755677776,1.40186,-0.00195312,0.301943,-0.00195312,1.62105,1.60346,10,2194,1.68278,0
1776813450760660567,1.40186,-0.00390625,0.301943,-0.00390625,1.64674,1.60234,10,2194,1.68278,0
1776813450765672488,1.40186,-0.00390625,0.301943,-0.00390625,1.64674,1.60234,10,2194,1.68278,0
1776813450770705741,1.40186,-0.00195312,0.301943,-0.00195312,1.6668,1.60346,10,2194,1.68278,0
1776813450775685717,1.40186,-0.00195312,0.301943,-0.00195312,1.6668,1.60346,10,2194,1.68278,0
1776813450780699804,1.40186,0,0.301943,0,1.5905,1.60457,10,2194,1.68278,0
1776813450785690540,1.40186,0,0.301943,0,1.5905,1.60457,10,2194,1.68278,0
1776813450790683591,1.40186,-0.00585938,0.301943,-0.00585938,1.67741,1.60123,10,2194,1.68278,0
1776813450795674937,1.40169,-0.00585938,0.301771,-0.00585938,1.67741,1.60123,10,2194,1.68278,0
1776813450800726542,1.40169,0.00585938,0.301771,0.00585938,1.63104,1.60687,10,2194,1.68278,0
1776813450805696019,1.40185,0.00585938,0.301936,0.00585938,1.63104,1.60687,10,2194,1.68278,0
1776813450810664236,1.40185,0.00195312,0.301936,0.00195312,1.64138,1.60564,10,2194,1.68278,0
1776813450815682971,1.40185,0.00195312,0.301936,0.00195312,1.64138,1.60564,10,2194,1.68278,0
1776813450820682522,1.40185,-0.00195312,0.301936,-0.00195312,1.56505,1.60342,10,2194,1.68278,0
1776813450825691331,1.40185,-0.00195312,0.301936,-0.00195312,1.56505,1.60342,10,2194,1.68278,0
1776813450830679845,1.40185,0.00585938,0.301936,0.00585938,1.63071,1.60787,10,2194,1.68278,0
1776813450835688598,1.40202,0.00585938,0.302109,0.00585938,1.63071,1.60787,10,2194,1.68278,0
1776813450840679760,1.40202,0.00195312,0.302109,0.00195312,1.50357,1.60669,10,2194,1.68278,0
1776813450845760938,1.40202,0.00195312,0.302109,0.00195312,1.50357,1.60669,10,2194,1.68278,0
1776813450850700471,1.40202,0.00195312,0.302109,0.00195312,1.61592,1.60669,10,2194,1.68278,0
1776813450855766761,1.40202,0.00195312,0.302109,0.00195312,1.61592,1.60669,10,2194,1.68278,0
1776813450860725997,1.40202,-0.00390625,0.302109,-0.00390625,1.57959,1.60335,10,2194,1.68278,0
1776813450865699066,1.40202,-0.00390625,0.302109,-0.00390625,1.57959,1.60335,10,2194,1.68278,0
1776813450870741968,1.40202,0,0.302109,0,1.63271,1.60557,10,2194,1.68278,0
1776813450875721222,1.40202,0,0.302109,0,1.63271,1.60557,10,2194,1.68278,0
1776813450880701162,1.40219,0,0.302274,0,1.64139,1.60657,10,2194,1.68278,0
1776813450885711878,1.40219,-0.00195312,0.302274,-0.00195312,1.64139,1.60657,10,2194,1.68278,0
1776813450890688910,1.40202,-0.00195312,0.302102,-0.00195312,1.62122,1.60442,10,2194,1.68278,0
1776813450895702331,1.40202,-0.00195312,0.302102,-0.00195312,1.62122,1.60442,10,2194,1.68278,0
1776813450900690733,1.40201,-0.00195312,0.302098,-0.00195312,1.67214,1.60439,10,2194,1.68278,0
1776813450905711431,1.40201,-0.00195312,0.302098,-0.00195312,1.67214,1.60439,10,2194,1.68278,0
1776813450910687815,1.40201,-0.00195312,0.302098,-0.00195312,1.61592,1.60439,10,2194,1.68278,0
1776813450915676569,1.40201,0.00585938,0.302098,0.00585938,1.61592,1.60439,10,2194,1.68278,0
1776813450920680397,1.40202,0.00585938,0.302102,0.00585938,1.51413,1.60887,10,2194,1.68278,0
1776813450925680096,1.40202,0.00195312,0.302102,0.00195312,1.51413,1.60887,10,2194,1.68278,0
1776813450930696757,1.40219,0.00195312,0.302274,0.00195312,1.59061,1.60769,10,2194,1.68278,0
1776813450935695215,1.40219,0.00390625,0.302274,0.00390625,1.59061,1.60769,10,2194,1.68278,0
1776813450940727042,1.40219,0.00390625,0.302274,0.00390625,1.55448,1.6088,10,2194,1.68278,0
1776813450945687630,1.40219,-0.00195312,0.302274,-0.00195312,1.55448,1.6088,10,2194,1.68278,0
1776813450950689865,1.40219,-0.00195312,0.302274,-0.00195312,1.58018,1.60546,10,2194,1.68278,0
1776813450955682675,1.40235,-0.00195312,0.30244,-0.00195312,1.58018,1.60546,10,2194,1.68278,0
1776813450960673874,1.40235,0,0.30244,0,1.65773,1.60757,10,2194,1.68278,0
1776813450965676813,1.40235,0,0.30244,0,1.65773,1.60757,10,2194,1.68278,0
1776813450970684733,1.40235,-0.00195312,0.30244,-0.00195312,1.549,1.60646,10,2194,1.68278,0
1776813450975683895,1.40235,-0.00195312,0.30244,-0.00195312,1.549,1.60646,10,2194,1.68278,0
1776813450980705519,1.40235,0,0.30244,0,1.56515,1.60757,10,2194,1.68278,0
1776813450985688236,1.40235,0,0.30244,0,1.56515,1.60757,10,2194,1.68278,0
1776813450990701582,1.40235,0.00390625,0.30244,0.00390625,1.64133,1.6098,10,2194,1.68278,0
1776813450995688114,1.40235,0.00390625,0.30244,0.00390625,1.64133,1.6098,10,2194,1.68278,0
1776813451000693979,1.40235,0.00585938,0.30244,0.00585938,1.66725,1.61092,10,2194,1.68278,0
1776813451005687807,1.40235,0.00585938,0.30244,0.00585938,1.66725,1.61092,10,2194,1.68278,0
1776813451010668284,1.40235,0,0.30244,0,1.64116,1.60758,10,2194,1.68278,0
1776813451015740093,1.40235,0,0.30244,0,1.64116,1.60758,10,2194,1.68278,0
1776813451020742513,1.40235,0,0.30244,0,1.68252,1.60758,10,2194,1.68278,0
1776813451025698231,1.40235,0,0.30244,0,1.68252,1.60758,10,2194,1.68278,0
1776813451030708967,1.40252,0,0.302605,0,1.62102,1.60858,10,2194,1.68278,0
1776813451035688110,1.40252,-0.00195312,0.302605,-0.00195312,1.62102,1.60858,10,2194,1.68278,0
1776813451040689290,1.40252,-0.00195312,0.302605,-0.00195312,1.64674,1.60746,10,2194,1.68278,0
1776813451045683211,1.40252,0.00195312,0.302605,0.00195312,1.64674,1.60746,10,2194,1.68278,0
1776813451050749168,1.40252,0.00195312,0.302605,0.00195312,1.56466,1.60969,10,2194,1.68278,0
1776813451055698886,1.40252,-0.00195312,0.302605,-0.00195312,1.56466,1.60969,10,2194,1.68278,0
1776813451060668456,1.40252,-0.00195312,0.302605,-0.00195312,1.49825,1.60746,10,2194,1.68278,0
1776813451065677580,1.40252,0,0.302605,0,1.49825,1.60746,10,2194,1.68278,0
1776813451070684093,1.40252,0,0.302605,0,1.5344,1.60858,10,2194,1.68278,0
1776813451075684366,1.40252,-0.00195312,0.302605,-0.00195312,1.5344,1.60858,10,2194,1.68278,0
1776813451080708879,1.40252,-0.00195312,0.302605,-0.00195312,1.62601,1.60746,10,2194,1.68278,0
1776813451085695596,1.40252,0.00195312,0.302605,0.00195312,1.62601,1.60746,10,2194,1.68278,0
1776813451090684740,1.40252,0.00195312,0.302605,0.00195312,1.58521,1.60969,10,2194,1.68278,0
1776813451095685605,1.40252,0,0.302605,0,1.58521,1.60969,10,2194,1.68278,0
1776813451100681359,1.40252,0,0.302605,0,1.53404,1.60858,10,2194,1.68278,0
1776813451105688261,1.40268,0,0.302771,0,1.53404,1.60858,10,2194,1.68278,0
1776813451110661090,1.40268,0.00390625,0.302771,0.00390625,1.59577,1.61181,10,2194,1.68278,0
1776813451115680566,1.40268,0.00390625,0.302771,0.00390625,1.59577,1.61181,10,2194,1.68278,0
1776813451120681320,1.40268,-0.00195312,0.302771,-0.00195312,1.49284,1.60847,10,2194,1.68278,0
1776813451125684963,1.40268,-0.00195312,0.302771,-0.00195312,1.49284,1.60847,10,2194,1.68278,0
1776813451130680347,1.40268,-0.00390625,0.302771,-0.00390625,1.53959,1.60735,10,2194,1.68278,0
1776813451135683342,1.40268,-0.00390625,0.302771,-0.00390625,1.53959,1.60735,10,2194,1.68278,0
1776813451140681892,1.40268,-0.00390625,0.302771,-0.00390625,1.63647,1.60735,10,2194,1.68278,0
1776813451145687109,1.40268,-0.00390625,0.302771,-0.00390625,1.63647,1.60735,10,2194,1.68278,0
1776813451150724881,1.40268,-0.00195312,0.302771,-0.00195312,1.63635,1.60846,10,2194,1.68278,0
1776813451155700062,1.40268,-0.00195312,0.302771,-0.00195312,1.63635,1.60846,10,2194,1.68278,0
1776813451160663298,1.40268,0.00195312,0.302771,0.00195312,1.61588,1.61069,10,2194,1.68278,0
1776813451165683052,1.40251,0.00195312,0.302598,0.00195312,1.61588,1.61069,10,2194,1.68278,0
1776813451170686714,1.40251,0.00195312,0.302598,0.00195312,1.61588,1.60965,10,2194,1.68278,0
1776813451175698782,1.40251,0.00195312,0.302598,0.00195312,1.61588,1.60965,10,2194,1.68278,0
1776813451180684500,1.40285,0.00195312,0.302936,0.00195312,1.59993,1.61169,10,2194,1.68278,0
1776813451185702568,1.40285,-0.00195312,0.302936,-0.00195312,1.59993,1.61169,10,2194,1.68278,0
1776813451190697471,1.40285,-0.00195312,0.302936,-0.00195312,1.61079,1.60947,10,2194,1.68278,0
1776813451195684559,1.40285,-0.00390625,0.302936,-0.00390625,1.61079,1.60947,10,2194,1.68278,0
1776813451200687461,1.40285,-0.00390625,0.302936,-0.00390625,1.6467,1.60835,10,2194,1.68278,0
1776813451205719511,1.40285,0,0.302936,0,1.6467,1.60835,10,2194,1.68278,0
1776813451210679710,1.40268,0,0.302764,0,1.62495,1.60954,10,2194,1.68278,0
1776813451215680446,1.40268,0,0.302764,0,1.62495,1.60954,10,2194,1.68278,0
1776813451220705533,1.40268,0,0.302771,0,1.58515,1.60958,10,2194,1.68278,0
1776813451225713490,1.40268,0.00390625,0.302771,0.00390625,1.58515,1.60958,10,2194,1.68278,0
1776813451230683301,1.40268,0.00390625,0.302764,0.00390625,1.53415,1.61177,10,2194,1.68278,0
1776813451235686092,1.40268,-0.00195312,0.302764,-0.00195312,1.53415,1.61177,10,2194,1.68278,0
1776813451240686976,1.40285,-0.00195312,0.302941,-0.00195312,1.55457,1.60949,10,2194,1.68278,0
1776813451245686582,1.40285,0.00195312,0.302941,0.00195312,1.55457,1.60949,10,2194,1.68278,0
1776813451250727872,1.40302,0.00195312,0.303106,0.00195312,1.59051,1.61172,10,2194,1.68278,0
1776813451255694238,1.40302,-0.00390625,0.303106,-0.00390625,1.59051,1.61172,10,2194,1.68278,0
1776813451260670400,1.40302,-0.00390625,0.303106,-0.00390625,1.61594,1.60938,10,2194,1.68278,0
1776813451265675210,1.40302,-0.00195312,0.303106,-0.00195312,1.61594,1.60938,10,2194,1.68278,0
1776813451270695501,1.40302,-0.00195312,0.303106,-0.00195312,1.6159,1.6105,10,2194,1.68278,0
1776813451275690384,1.40302,0,0.303106,0,1.6159,1.6105,10,2194,1.68278,0
1776813451280687102,1.40285,0,0.302941,0,1.61031,1.61061,10,2194,1.68278,0
1776813451285690022,1.40285,0.00390625,0.302941,0.00390625,1.61031,1.61061,10,2194,1.68278,0
1776813451290687480,1.40285,0.00390625,0.302934,0.00390625,1.61048,1.61279,10,2194,1.68278,0
1776813451295686364,1.40285,0,0.302934,0,1.61048,1.61279,10,2194,1.68278,0
1776813451300829912,1.40302,0,0.303106,0,1.64664,1.61161,10,2194,1.68278,0
1776813451305714168,1.40302,0.00390625,0.303106,0.00390625,1.64664,1.61161,10,2194,1.68278,0
1776813451310681182,1.40302,0.00390625,0.303106,0.00390625,1.66684,1.61384,10,2194,1.68278,0
1776813451315764490,1.40302,-0.00195312,0.303106,-0.00195312,1.66684,1.61384,10,2194,1.68278,0
1776813451320702079,1.40302,-0.00195312,0.303106,-0.00195312,1.5543,1.6105,10,2194,1.68278,0
1776813451325715518,1.40319,-0.00195312,0.303272,-0.00195312,1.5543,1.6105,10,2194,1.68278,0
1776813451330727457,1.40319,0.00195312,0.303272,0.00195312,1.64626,1.61373,10,2194,1.68278,0
1776813451335701934,1.40319,0.00195312,0.303272,0.00195312,1.64626,1.61373,10,2194,1.68278,0
1776813451340694781,1.40319,-0.00195312,0.303272,-0.00195312,1.56547,1.6115,10,2194,1.68278,0
1776813451345680054,1.40319,-0.00195312,0.303272,-0.00195312,1.56547,1.6115,10,2194,1.68278,0
1776813451350687012,1.40319,0.00195312,0.303272,0.00195312,1.59987,1.61372,10,2194,1.68278,0
1776813451355687636,1.40302,0.00195312,0.303106,0.00195312,1.59987,1.61372,10,2194,1.68278,0
1776813451360665798,1.40302,-0.00195312,0.303106,-0.00195312,1.64636,1.6105,10,2194,1.68278,0
1776813451365686700,1.40302,-0.00195312,0.303106,-0.00195312,1.64636,1.6105,10,2194,1.68278,0
1776813451370719046,1.40302,0.00390625,0.303106,0.00390625,1.63192,1.61384,10,2194,1.68278,0
1776813451375694690,1.40302,0.00390625,0.303106,0.00390625,1.63192,1.61384,10,2194,1.68278,0
1776813451380701185,1.40302,0,0.303106,0,1.57932,1.61161,10,2194,1.68278,0
1776813451385688550,1.40302,0,0.303106,0,1.57932,1.61161,10,2194,1.68278,0
1776813451390699193,1.40302,0,0.303106,0,1.63144,1.61161,10,2194,1.68278,0
1776813451395696725,1.40302,0,0.303106,0,1.63144,1.61161,10,2194,1.68278,0
1776813451400688294,1.40319,0,0.303272,0,1.59606,1.61261,10,2194,1.68278,0
1776813451405682437,1.40319,-0.00390625,0.303272,-0.00390625,1.59606,1.61261,10,2194,1.68278,0
1776813451410679192,1.40319,-0.00390625,0.303272,-0.00390625,1.62107,1.61038,10,2194,1.68278,0
1776813451415683353,1.40319,0.00195312,0.303272,0.00195312,1.62107,1.61038,10,2194,1.68278,0
1776813451420720366,1.40319,0.00195312,0.303272,0.00195312,1.61593,1.61372,10,2194,1.68278,0
1776813451425683658,1.40319,0,0.303272,0,1.61593,1.61372,10,2194,1.68278,0
1776813451430676912,1.40319,0,0.303272,0,1.57094,1.61261,10,2194,1.68278,0
1776813451435678870,1.40319,-0.00390625,0.303272,-0.00390625,1.57094,1.61261,10,2194,1.68278,0
1776813451440691050,1.40319,-0.00390625,0.303272,-0.00390625,1.63144,1.61038,10,2194,1.68278,0
1776813451445681749,1.40319,0.00195312,0.303272,0.00195312,1.63144,1.61038,10,2194,1.68278,0
1776813451450692762,1.40319,0.00195312,0.303272,0.00195312,1.59053,1.61372,10,2194,1.68278,0
1776813451455683701,1.40319,-0.00195312,0.303272,-0.00195312,1.59053,1.61372,10,2194,1.68278,0
1776813451460667808,1.40319,-0.00195312,0.303272,-0.00195312,1.59049,1.6115,10,2194,1.68278,0
1776813451465673488,1.40319,-0.00195312,0.303272,-0.00195312,1.59049,1.6115,10,2194,1.68278,0
1776813451470705241,1.40319,-0.00195312,0.303272,-0.00195312,1.59063,1.6115,10,2194,1.68278,0
1776813451475681551,1.40335,-0.00195312,0.303437,-0.00195312,1.59063,1.6115,10,2194,1.68278,0
1776813451480674102,1.40335,0.00585938,0.303437,0.00585938,1.66705,1.61695,10,2194,1.68278,0
1776813451485678430,1.40335,0.00585938,0.303438,0.00585938,1.66705,1.61695,10,2194,1.68278,0
1776813451490686166,1.40335,0.00195312,0.303438,0.00195312,1.59049,1.61473,10,2194,1.68278,0
1776813451495678272,1.40352,0.00195312,0.303603,0.00195312,1.59049,1.61473,10,2194,1.68278,0
1776813451500695655,1.40352,0.00195312,0.303603,0.00195312,1.6159,1.61573,10,2194,1.68278,0
1776813451505693706,1.40352,0.00195312,0.303603,0.00195312,1.6159,1.61573,10,2194,1.68278,0
1776813451510665349,1.40352,0.00195312,0.303603,0.00195312,1.64671,1.61573,10,2194,1.68278,0
1776813451515678955,1.40352,0.00195312,0.303603,0.00195312,1.64671,1.61573,10,2194,1.68278,0
1776813451520678172,1.40352,0,0.303603,0,1.62147,1.61462,10,2194,1.68278,0
1776813451525687963,1.40353,0,0.303614,0,1.62147,1.61462,10,2194,1.68278,0
1776813451530685347,1.40353,0.00195312,0.303614,0.00195312,1.58022,1.61579,10,2194,1.68278,0
1776813451535681120,1.40353,0.00195312,0.303614,0.00195312,1.58022,1.61579,10,2194,1.68278,0
1776813451540755391,1.40353,-0.00195312,0.303614,-0.00195312,1.59055,1.61357,10,2194,1.68278,0
1776813451545790460,1.40353,-0.00195312,0.303614,-0.00195312,1.59055,1.61357,10,2194,1.68278,0
1776813451550749289,1.40369,-0.00195312,0.30378,-0.00195312,1.58511,1.61457,10,2194,1.68278,0
1776813451555715155,1.40369,-0.00195312,0.30378,-0.00195312,1.58511,1.61457,10,2194,1.68278,0
1776813451560664854,1.40352,-0.00195312,0.303608,-0.00195312,1.64674,1.61353,10,2194,1.68278,0
1776813451565677534,1.40352,0.00390625,0.303608,0.00390625,1.64674,1.61353,10,2194,1.68278,0
1776813451570683010,1.40369,0.00390625,0.30378,0.00390625,1.5905,1.61791,10,2194,1.68278,0
1776813451575683487,1.40369,-0.00195312,0.30378,-0.00195312,1.5905,1.61791,10,2194,1.68278,0
1776813451580685593,1.40369,-0.00195312,0.30378,-0.00195312,1.6976,1.61457,10,2194,1.68278,0
1776813451585693161,1.40369,-0.00390625,0.30378,-0.00390625,1.6976,1.61457,10,2194,1.68278,0
1776813451590684434,1.40369,-0.00390625,0.303775,-0.00390625,1.63736,1.61343,10,2194,1.68278,0
1776813451595682781,1.40369,0.00195312,0.303775,0.00195312,1.63736,1.61343,10,2194,1.68278,0
1776813451600687294,1.40369,0.00195312,0.303775,0.00195312,1.5236,1.61677,10,2194,1.68278,0
1776813451605709937,1.40369,0.00390625,0.303775,0.00390625,1.5236,1.61677,10,2194,1.68278,0
1776813451610671414,1.40368,0.00390625,0.303769,0.00390625,1.6364,1.61784,10,2194,1.68278,0
1776813451615684001,1.40368,0.00195312,0.303769,0.00195312,1.6364,1.61784,10,2194,1.68278,0
1776813451620722273,1.40386,0.00195312,0.303941,0.00195312,1.6106,1.61673,10,2194,1.68278,0
1776813451625698176,1.40386,0.00195312,0.303941,0.00195312,1.6106,1.61673,10,2194,1.68278,0
1776813451630698727,1.40385,0.00390625,0.303935,0.00390625,1.54485,1.61889,10,2194,1.68278,0
1776813451635720851,1.40385,0,0.303935,0,1.54485,1.61889,10,2194,1.68278,0
1776813451640701235,1.40385,0,0.303935,0,1.62094,1.61662,10,2194,1.68278,0
1776813451645684434,1.40385,-0.00195312,0.303935,-0.00195312,1.62094,1.61662,10,2194,1.68278,0
1776813451650689058,1.40385,-0.00195312,0.303935,-0.00195312,1.5852,1.61551,10,2194,1.68278,0
1776813451655690794,1.40385,0,0.303935,0,1.5852,1.61551,10,2194,1.68278,0
1776813451660689122,1.40385,0,0.303939,0,1.62087,1.61665,10,2194,1.68278,0
1776813451665687025,1.40385,0.00390625,0.303939,0.00390625,1.62087,1.61665,10,2194,1.68278,0
1776813451670708556,1.40385,0.00390625,0.303939,0.00390625,1.61593,1.61887,10,2194,1.68278,0
1776813451675692403,1.40385,0.00195312,0.303939,0.00195312,1.61593,1.61887,10,2194,1.68278,0
1776813451680704009,1.40385,0.00195312,0.303939,0.00195312,1.58521,1.61776,10,2194,1.68278,0
1776813451685681801,1.40385,0.00390625,0.303939,0.00390625,1.58521,1.61776,10,2194,1.68278,0
1776813451690678036,1.40385,0.00390625,0.303939,0.00390625,1.68302,1.61887,10,2194,1.68278,0
1776813451695678235,1.40401,0.00390625,0.3041,0.00390625,1.68302,1.61887,10,2194,1.68278,0
1776813451700685637,1.40401,0.00195312,0.3041,0.00195312,1.58995,1.61874,10,2194,1.68278,0
1776813451705678114,1.40401,0.00195312,0.3041,0.00195312,1.58995,1.61874,10,2194,1.68278,0
1776813451710660627,1.40401,0,0.3041,0,1.56484,1.61762,10,2194,1.68278,0
1776813451715675696,1.40401,0,0.3041,0,1.56484,1.61762,10,2194,1.68278,0
1776813451720688302,1.40401,0.00390625,0.3041,0.00390625,1.58009,1.61985,10,2194,1.68278,0
1776813451725680353,1.40401,0.00390625,0.3041,0.00390625,1.58009,1.61985,10,2194,1.68278,0
1776813451730688403,1.40401,-0.00195312,0.3041,-0.00195312,1.64662,1.61651,10,2194,1.68278,0
1776813451735679916,1.40401,-0.00195312,0.3041,-0.00195312,1.64662,1.61651,10,2194,1.68278,0
1776813451740675467,1.40401,-0.00390625,0.3041,-0.00390625,1.60178,1.6154,10,2194,1.68278,0
1776813451745709072,1.40401,-0.00390625,0.3041,-0.00390625,1.60178,1.6154,10,2194,1.68278,0
1776813451750689253,1.40401,-0.00390625,0.3041,-0.00390625,1.5905,1.6154,10,2194,1.68278,0
1776813451755789653,1.40402,-0.00390625,0.304105,-0.00390625,1.5905,1.6154,10,2194,1.68278,0
1776813451760688965,1.40402,0.00390625,0.304105,0.00390625,1.66694,1.61988,10,2194,1.68278,0
1776813451765686460,1.40402,0.00390625,0.304105,0.00390625,1.66694,1.61988,10,2194,1.68278,0
1776813451770763120,1.40418,0.00390625,0.30427,0.00390625,1.61076,1.62088,10,2194,1.68278,0
1776813451775710931,1.40418,0.00195312,0.30427,0.00195312,1.61076,1.62088,10,2194,1.68278,0
1776813451780688408,1.40418,0.00195312,0.30427,0.00195312,1.63122,1.61977,10,2194,1.68278,0
1776813451785683143,1.40418,0,0.30427,0,1.63122,1.61977,10,2194,1.68278,0
1776813451790683231,1.40418,0,0.30427,0,1.57987,1.61865,10,2194,1.68278,0
1776813451795681855,1.40418,0.00390625,0.30427,0.00390625,1.57987,1.61865,10,2194,1.68278,0
1776813451800678406,1.40418,0.00390625,0.30427,0.00390625,1.62079,1.62088,10,2194,1.68278,0
1776813451805761381,1.40418,-0.00390625,0.30427,-0.00390625,1.62079,1.62088,10,2194,1.68278,0
1776813451810677136,1.40418,-0.00390625,0.30427,-0.00390625,1.5905,1.61643,10,2194,1.68278,0
1776813451815683039,1.40418,0,0.30427,0,1.5905,1.61643,10,2194,1.68278,0
1776813451820682330,1.40418,0,0.30427,0,1.56535,1.61865,10,2194,1.68278,0
1776813451825685362,1.40418,-0.00585938,0.30427,-0.00585938,1.56535,1.61865,10,2194,1.68278,0
1776813451830689671,1.40418,-0.00585938,0.30427,-0.00585938,1.5852,1.61531,10,2194,1.68278,0
1776813451835673759,1.40418,-0.00195312,0.30427,-0.00195312,1.5852,1.61531,10,2194,1.68278,0
1776813451840681124,1.40418,-0.00195312,0.30427,-0.00195312,1.61046,1.61754,10,2194,1.68278,0
1776813451845700526,1.40435,-0.00195312,0.304436,-0.00195312,1.61046,1.61754,10,2194,1.68278,0
1776813451850701725,1.40435,0,0.304436,0,1.64148,1.61965,10,2194,1.68278,0
1776813451855689831,1.40436,0,0.304443,0,1.64148,1.61965,10,2194,1.68278,0
1776813451860672808,1.40436,0.00390625,0.304443,0.00390625,1.61063,1.62192,10,2194,1.68278,0
1776813451865674895,1.40436,0.00390625,0.304443,0.00390625,1.61063,1.62192,10,2194,1.68278,0
1776813451870696519,1.40436,0,0.304443,0,1.65201,1.61969,10,2194,1.68278,0
1776813451875701366,1.40436,0,0.304443,0,1.65201,1.61969,10,2194,1.68278,0
1776813451880712935,1.40436,0,0.304443,0,1.63595,1.61969,10,2194,1.68278,0
1776813451885695263,1.40436,0,0.304443,0,1.63595,1.61969,10,2194,1.68278,0
1776813451890686166,1.40436,0,0.304443,0,1.61589,1.61969,10,2194,1.68278,0
1776813451895685013,1.40436,0,0.304443,0,1.61589,1.61969,10,2194,1.68278,0
1776813451900679841,1.40436,0,0.304443,0,1.61574,1.61969,10,2194,1.68278,0
1776813451905680355,1.40436,0,0.304443,0,1.61574,1.61969,10,2194,1.68278,0
1776813451910700275,1.40436,0,0.304443,0,1.53352,1.61969,10,2194,1.68278,0
1776813451915683011,1.40436,0,0.304443,0,1.53352,1.61969,10,2194,1.68278,0
1776813451920689858,1.40452,0,0.304608,0,1.61594,1.6207,10,2194,1.68278,0
1776813451925680630,1.40452,0,0.304608,0,1.61594,1.6207,10,2194,1.68278,0
1776813451930687699,1.40452,0,0.304608,0,1.67212,1.6207,10,2194,1.68278,0
1776813451935682435,1.40452,0,0.304608,0,1.67212,1.6207,10,2194,1.68278,0
1776813451940683985,1.40452,0,0.304608,0,1.65182,1.6207,10,2194,1.68278,0
1776813451945679036,1.40452,0,0.304608,0,1.65182,1.6207,10,2194,1.68278,0
1776813451950678457,1.40452,0,0.304608,0,1.65206,1.6207,10,2194,1.68278,0
1776813451955689433,1.40452,0,0.304608,0,1.65206,1.6207,10,2194,1.68278,0
1776813451960663077,1.40452,0,0.304608,0,1.56488,1.6207,10,2194,1.68278,0
1776813451965673645,1.40452,0,0.304608,0,1.56488,1.6207,10,2194,1.68278,0
1776813451970679511,1.40452,0,0.304608,0,1.61592,1.6207,10,2194,1.68278,0
1776813451975674172,1.40452,0,0.304608,0,1.61592,1.6207,10,2194,1.68278,0
1776813451980680019,1.40452,0,0.304608,0,1.61063,1.6207,10,2194,1.68278,0
1776813451985687310,1.40452,0,0.304608,0,1.61063,1.6207,10,2194,1.68278,0
1776813451990674379,1.40469,0,0.304774,0,1.65204,1.6207,10,2194,1.68278,0
1776813451995686226,1.40469,0,0.304774,0,1.65204,1.6207,10,2194,1.68278,0
1776813452000690961,1.40469,0,0.304774,0,1.61084,1.6217,10,2194,1.68278,0
1776813452005704678,1.40469,0,0.304774,0,1.61084,1.6217,10,2194,1.68278,0
1776813452010673470,1.40469,0,0.304774,0,1.61594,1.6217,10,2194,1.68278,0
1776813452015679428,1.40469,0,0.304774,0,1.61594,1.6217,10,2194,1.68278,0
1776813452020679516,1.40469,0,0.304774,0,1.67214,1.6217,10,2194,1.68278,0
1776813452025682233,1.40469,0,0.304774,0,1.67214,1.6217,10,2194,1.68278,0
1776813452030681266,1.40469,0,0.304774,0,1.67211,1.6217,10,2194,1.68278,0
1776813452035747833,1.40469,0,0.304774,0,1.67211,1.6217,10,2194,1.68278,0
1776813452040747291,1.40469,0,0.304774,0,1.59014,1.6217,10,2194,1.68278,0
1776813452045713861,1.40469,0,0.304774,0,1.59014,1.6217,10,2194,1.68278,0
1776813452050687357,1.40469,0,0.304774,0,1.55976,1.6217,10,2194,1.68278,0
1776813452055804516,1.40469,0,0.304774,0,1.55976,1.6217,10,2194,1.68278,0
1776813452060724143,1.40485,0,0.30494,0,1.70279,1.6217,10,2194,1.68278,0
1776813452065685102,1.40485,0,0.30494,0,1.70279,1.6217,10,2194,1.68278,0
1776813452070716152,1.40485,0,0.30494,0,1.61073,1.6227,10,2194,1.68278,0
1776813452075688814,1.40485,0,0.30494,0,1.61073,1.6227,10,2194,1.68278,0
1776813452080694494,1.40485,0,0.30494,0,1.5902,1.6227,10,2194,1.68278,0
1776813452085682267,1.40485,0,0.30494,0,1.5902,1.6227,10,2194,1.68278,0
1776813452090684522,1.40485,0,0.30494,0,1.60045,1.6227,10,2194,1.68278,0
1776813452095684072,1.40485,0,0.30494,0,1.60045,1.6227,10,2194,1.68278,0
1776813452100696289,1.40485,0,0.30494,0,1.54948,1.6227,10,2194,1.68278,0
1776813452105691248,1.40485,0,0.30494,0,1.54948,1.6227,10,2194,1.68278,0
1776813452110686409,1.40485,0,0.30494,0,1.52899,1.6227,10,2194,1.68278,0
1776813452115680349,1.40485,0,0.30494,0,1.52899,1.6227,10,2194,1.68278,0
1776813452120690548,1.40485,0,0.30494,0,1.61083,1.6227,10,2194,1.68278,0
1776813452125682099,1.40485,0,0.30494,0,1.61083,1.6227,10,2194,1.68278,0
1776813452130692853,1.40502,0,0.305102,0,1.65585,1.6227,10,2194,1.68278,0
1776813452135688941,1.40502,0,0.305102,0,1.65585,1.6227,10,2194,1.68278,0
1776813452140714917,1.40502,0,0.305102,0,1.55432,1.62368,10,2194,1.68278,0
1776813452145688746,1.40502,0,0.305102,0,1.55432,1.62368,10,2194,1.68278,0
1776813452150685056,1.40502,0,0.305102,0,1.59056,1.62368,10,2194,1.68278,0
1776813452155684866,1.40502,0,0.305102,0,1.59056,1.62368,10,2194,1.68278,0
1776813452160710101,1.40502,0,0.305102,0,1.58511,1.62368,10,2194,1.68278,0
1776813452165705263,1.40502,0,0.305102,0,1.58511,1.62368,10,2194,1.68278,0
1776813452170686536,1.40502,0,0.305102,0,1.6414,1.62368,10,2194,1.68278,0
1776813452175694179,1.40502,0,0.305102,0,1.6414,1.62368,10,2194,1.68278,0
1776813452180696248,1.40502,0,0.305102,0,1.6566,1.62368,10,2194,1.68278,0
1776813452185709132,1.40502,0,0.305102,0,1.6566,1.62368,10,2194,1.68278,0
1776813452190702720,1.40502,0,0.305102,0,1.64128,1.62368,10,2194,1.68278,0
1776813452195690345,1.40502,0,0.305102,0,1.64128,1.62368,10,2194,1.68278,0
1776813452200681896,1.40518,0,0.305267,0,1.57409,1.62368,10,2194,1.68278,0
1776813452205686594,1.40518,0,0.305267,0,1.57409,1.62368,10,2194,1.68278,0
1776813452210681719,1.40518,0,0.305267,0,1.6059,1.62468,10,2194,1.68278,0
1776813452215687899,1.40518,0,0.305267,0,1.6059,1.62468,10,2194,1.68278,0
1776813452220695598,1.40518,0,0.305267,0,1.59604,1.62468,10,2194,1.68278,0
1776813452225692112,1.40518,0,0.305267,0,1.59604,1.62468,10,2194,1.68278,0
1776813452230678070,1.40518,0,0.305267,0,1.58521,1.62468,10,2194,1.68278,0
1776813452235678473,1.40518,0,0.305267,0,1.58521,1.62468,10,2194,1.68278,0
1776813452240683542,1.40518,0,0.305267,0,1.70817,1.62468,10,2194,1.68278,0
1776813452245684722,1.40518,0,0.305267,0,1.70817,1.62468,10,2194,1.68278,0
1776813452250684847,1.40518,0,0.305267,0,1.69424,1.62468,10,2194,1.68278,0
1776813452255691953,1.40518,0,0.305267,0,1.69424,1.62468,10,2194,1.68278,0
1776813452260671189,1.40518,0,0.305267,0,1.61593,1.62468,10,2194,1.68278,0
1776813452265777534,1.40518,0,0.305267,0,1.61593,1.62468,10,2194,1.68278,0
1776813452270735586,1.40535,0,0.305433,0,1.61025,1.62468,10,2194,1.68278,0
1776813452275705581,1.40535,0,0.305433,0,1.61025,1.62468,10,2194,1.68278,0
1776813452280758390,1.40535,0,0.305433,0,1.64137,1.62568,10,2194,1.68278,0
1776813452285739978,1.40535,0,0.305433,0,1.64137,1.62568,10,2194,1.68278,0
1776813452290704567,1.40535,0,0.305433,0,1.7231,1.62568,10,2194,1.68278,0
1776813452295680858,1.40535,0,0.305433,0,1.7231,1.62568,10,2194,1.68278,0
1776813452300685761,1.40535,0,0.305433,0,1.61593,1.62568,10,2194,1.68278,0
1776813452305683497,1.40535,0,0.305433,0,1.61593,1.62568,10,2194,1.68278,0
1776813452310717510,1.40535,0,0.305433,0,1.59552,1.62568,10,2194,1.68278,0
1776813452315700672,1.40535,0,0.305433,0,1.59552,1.62568,10,2194,1.68278,0
1776813452320689593,1.40535,0,0.305433,0,1.62653,1.62568,10,2194,1.68278,0
1776813452325717014,1.40535,0,0.305433,0,1.62653,1.62568,10,2194,1.68278,0
1776813452330722509,1.40535,0,0.305433,0,1.64646,1.62568,10,2194,1.68278,0
1776813452335686801,1.40535,0,0.305433,0,1.64646,1.62568,10,2194,1.68278,0
1776813452340696851,1.40551,0,0.305599,0,1.64669,1.62568,10,2194,1.68278,0
1776813452345687921,1.40551,0,0.305599,0,1.64669,1.62568,10,2194,1.68278,0
1776813452350709749,1.40551,0,0.305599,0,1.53444,1.62669,10,2194,1.68278,0
1776813452355688966,1.40551,0,0.305599,0,1.53444,1.62669,10,2194,1.68278,0
1776813452360678369,1.40551,0,0.305599,0,1.61594,1.62669,10,2194,1.68278,0
1776813452365672753,1.40551,0,0.305599,0,1.61594,1.62669,10,2194,1.68278,0
1776813452370713414,1.40551,0,0.305599,0,1.67763,1.62669,10,2194,1.68278,0
1776813452375715613,1.40551,0,0.305599,0,1.67763,1.62669,10,2194,1.68278,0
1776813452380719904,1.40551,0,0.305599,0,1.54562,1.62669,10,2194,1.68278,0
1776813452385710622,1.40551,0,0.305599,0,1.54562,1.62669,10,2194,1.68278,0
1776813452390682932,1.40551,0,0.305599,0,1.58521,1.62669,10,2194,1.68278,0
1776813452395682853,1.40551,0,0.305599,0,1.58521,1.62669,10,2194,1.68278,0
1776813452400681608,1.40551,0,0.305599,0,1.5905,1.62669,10,2194,1.68278,0
1776813452405688343,1.40551,0,0.305599,0,1.5905,1.62669,10,2194,1.68278,0
1776813452410661265,1.40568,0,0.305765,0,1.6357,1.62669,10,2194,1.68278,0
1776813452415677538,1.40568,0,0.305765,0,1.6357,1.62669,10,2194,1.68278,0
1776813452420679607,1.40568,0,0.305765,0,1.6209,1.62769,10,2194,1.68278,0
1776813452425690861,1.40568,0,0.305765,0,1.6209,1.62769,10,2194,1.68278,0
1776813452430682875,1.40568,0,0.305765,0,1.64144,1.62769,10,2194,1.68278,0
1776813452435691388,1.40568,0,0.305765,0,1.64144,1.62769,10,2194,1.68278,0
1776813452440699642,1.40568,0,0.305765,0,1.57068,1.62769,10,2194,1.68278,0
1776813452445697526,1.40568,0,0.305765,0,1.57068,1.62769,10,2194,1.68278,0
1776813452450685059,1.40568,0,0.305765,0,1.62494,1.62769,10,2194,1.68278,0
1776813452455699239,1.40568,0,0.305765,0,1.62494,1.62769,10,2194,1.68278,0
1776813452460660549,1.40568,0,0.305765,0,1.61,1.62769,10,2194,1.68278,0
1776813452465681915,1.40568,0,0.305765,0,1.61,1.62769,10,2194,1.68278,0
1776813452470699057,1.40568,0,0.305765,0,1.58496,1.62769,10,2194,1.68278,0
1776813452475691071,1.40568,0,0.305765,0,1.58496,1.62769,10,2194,1.68278,0
1776813452480685141,1.40585,0,0.305931,0,1.61022,1.62769,10,2194,1.68278,0
1776813452485713691,1.40585,0,0.305931,0,1.61022,1.62769,10,2194,1.68278,0
1776813452490708371,1.40585,0,0.305931,0,1.61021,1.62869,10,2194,1.68278,0
1776813452495697811,1.40585,0,0.305931,0,1.61021,1.62869,10,2194,1.68278,0
1776813452500688399,1.40585,0,0.305931,0,1.61593,1.62869,10,2194,1.68278,0
1776813452505683875,1.40585,0,0.305931,0,1.61593,1.62869,10,2194,1.68278,0
1776813452510673260,1.40585,0,0.305931,0,1.61035,1.62869,10,2194,1.68278,0
1776813452515674903,1.40585,0,0.305931,0,1.61035,1.62869,10,2194,1.68278,0
1776813452520683453,1.40585,0,0.305931,0,1.5794,1.62869,10,2194,1.68278,0
1776813452525683597,1.40585,0,0.305931,0,1.5794,1.62869,10,2194,1.68278,0
1776813452530692703,1.40585,0,0.305931,0,1.60195,1.62869,10,2194,1.68278,0
1776813452535684994,1.40585,0,0.305931,0,1.60195,1.62869,10,2194,1.68278,0
1776813452540689267,1.40585,0,0.305931,0,1.67752,1.62869,10,2194,1.68278,0
1776813452545689781,1.40585,0,0.305931,0,1.67752,1.62869,10,2194,1.68278,0
1776813452550707201,1.40601,0,0.306097,0,1.57103,1.62869,10,2194,1.68278,0
1776813452555690826,1.40601,0,0.306097,0,1.57103,1.62869,10,2194,1.68278,0
1776813452560710229,1.40601,0,0.306097,0,1.59061,1.6297,10,2194,1.68278,0
1776813452565679447,1.40601,0,0.306097,0,1.59061,1.6297,10,2194,1.68278,0
1776813452570776532,1.40601,0,0.306097,0,1.62143,1.6297,10,2194,1.68278,0
1776813452575710751,1.40601,0,0.306097,0,1.62143,1.6297,10,2194,1.68278,0
1776813452580756597,1.40601,0,0.306097,0,1.7337,1.6297,10,2194,1.68278,0
1776813452585719556,1.40601,0,0.306097,0,1.7337,1.6297,10,2194,1.68278,0
1776813452590682774,1.40601,0,0.306097,0,1.62726,1.6297,10,2194,1.68278,0
1776813452595690954,1.40601,0,0.306097,0,1.62726,1.6297,10,2194,1.68278,0
1776813452600688968,1.40601,0,0.306097,0,1.57973,1.6297,10,2194,1.68278,0
1776813452605686778,1.40601,0,0.306097,0,1.57973,1.6297,10,2194,1.68278,0
1776813452610659347,1.40601,0,0.306097,0,1.59638,1.6297,10,2194,1.68278,0
1776813452615671898,1.40601,0,0.306097,0,1.59638,1.6297,10,2194,1.68278,0
1776813452620720355,1.40601,0,0.306097,0,1.59611,1.6297,10,2194,1.68278,0
1776813452625704091,1.40618,0,0.306265,0,1.59611,1.6297,10,2194,1.68278,0
1776813452630685050,1.40618,0,0.306265,0,1.67207,1.63071,10,2194,1.68278,0
1776813452635681415,1.40618,0,0.306265,0,1.67207,1.63071,10,2194,1.68278,0
1776813452640721076,1.40618,0,0.306265,0,1.58495,1.63071,10,2194,1.68278,0
1776813452645700683,1.40618,0,0.306265,0,1.58495,1.63071,10,2194,1.68278,0
1776813452650684382,1.40618,0,0.306265,0,1.61566,1.63071,10,2194,1.68278,0
1776813452655690858,1.40618,0,0.306265,0,1.61566,1.63071,10,2194,1.68278,0
1776813452660665465,1.40618,0,0.306265,0,1.62676,1.63071,10,2194,1.68278,0
1776813452665674349,1.40618,0,0.306265,0,1.62676,1.63071,10,2194,1.68278,0
1776813452670731565,1.40618,0,0.306265,0,1.56553,1.63071,10,2194,1.68278,0
1776813452675698450,1.40618,0,0.306265,0,1.56553,1.63071,10,2194,1.68278,0
1776813452680693871,1.40618,0,0.306265,0,1.5965,1.63071,10,2194,1.68278,0
1776813452685683311,1.40618,0,0.306265,0,1.5965,1.63071,10,2194,1.68278,0
1776813452690709990,1.40618,0,0.306265,0,1.69765,1.63071,10,2194,1.68278,0
1776813452695685542,1.40635,0,0.306431,0,1.69765,1.63071,10,2194,1.68278,0
1776813452700717555,1.40635,0,0.306431,0,1.61025,1.63171,10,2194,1.68278,0
1776813452705694513,1.40635,0,0.306431,0,1.61025,1.63171,10,2194,1.68278,0
1776813452710706564,1.40635,0,0.306431,0,1.64671,1.63171,10,2194,1.68278,0
1776813452715680356,1.40635,0,0.306431,0,1.64671,1.63171,10,2194,1.68278,0
1776813452720688721,1.40635,0,0.306431,0,1.67745,1.63171,10,2194,1.68278,0
1776813452725683049,1.40635,0,0.306431,0,1.67745,1.63171,10,2194,1.68278,0
1776813452730707155,1.40635,0,0.306431,0,1.54349,1.63171,10,2194,1.68278,0
1776813452735687669,1.40635,0,0.306431,0,1.54349,1.63171,10,2194,1.68278,0
1776813452740720090,1.40635,0,0.306431,0,1.64115,1.63171,10,2194,1.68278,0
1776813452745687456,1.40635,0,0.306431,0,1.64115,1.63171,10,2194,1.68278,0
1776813452750684673,1.40635,0,0.306431,0,1.61064,1.63171,10,2194,1.68278,0
1776813452755682557,1.40635,0,0.306431,0,1.61064,1.63171,10,2194,1.68278,0
1776813452760672312,1.40635,0,0.306431,0,1.67762,1.63171,10,2194,1.68278,0
1776813452765681603,1.40651,0,0.306597,0,1.67762,1.63171,10,2194,1.68278,0
1776813452770691265,1.40651,0,0.306597,0,1.67762,1.63171,10,2194,1.68278,0
1776813452775692630,1.40651,0,0.306597,0,1.57657,1.63272,10,2194,1.68278,0
1776813452780683588,1.40651,0,0.306597,0,1.65823,1.63272,10,2194,1.68278,0
1776813452785687806,1.40651,0,0.306597,0,1.65823,1.63272,10,2194,1.68278,0
1776813452790687560,1.40651,0,0.306597,0,1.62705,1.63272,10,2194,1.68278,0
1776813452795694185,1.40651,0,0.306597,0,1.62705,1.63272,10,2194,1.68278,0
1776813452800685495,1.40651,0,0.306597,0,1.7337,1.63272,10,2194,1.68278,0
1776813452805687304,1.40651,0,0.306597,0,1.7337,1.63272,10,2194,1.68278,0
1776813452810709762,1.40651,0,0.306597,0,1.59632,1.63272,10,2194,1.68278,0
1776813452815762608,1.40651,0,0.306597,0,1.59632,1.63272,10,2194,1.68278,0
1776813452820704956,1.40651,0,0.306597,0,1.62136,1.63272,10,2194,1.68278,0
1776813452825696692,1.40651,0,0.306597,0,1.62136,1.63272,10,2194,1.68278,0
1776813452830755760,1.40651,0,0.306597,0,1.6295,1.63272,10,2194,1.68278,0
1776813452835713238,1.40668,0,0.306763,0,1.6295,1.63272,10,2194,1.68278,0
1776813452840691881,1.40668,0,0.306763,0,1.62147,1.63372,10,2194,1.68278,0
1776813452845684562,1.40668,0,0.306763,0,1.62147,1.63372,10,2194,1.68278,0
1776813452850685853,1.40668,0,0.306763,0,1.70845,1.63372,10,2194,1.68278,0
1776813452855712496,1.40668,0,0.306763,0,1.70845,1.63372,10,2194,1.68278,0
1776813452860664492,1.40668,0,0.306763,0,1.70282,1.63372,10,2194,1.68278,0
1776813452865681820,1.40668,0,0.306763,0,1.70282,1.63372,10,2194,1.68278,0
1776813452870700778,1.40668,0,0.306763,0,1.60809,1.63372,10,2194,1.68278,0
1776813452875716624,1.40668,0,0.306763,0,1.60809,1.63372,10,2194,1.68278,0
1776813452880692564,1.40668,0,0.306763,0,1.67202,1.63372,10,2194,1.68278,0
1776813452885686708,1.40668,0,0.306763,0,1.67202,1.63372,10,2194,1.68278,0
1776813452890682314,1.40668,0,0.306763,0,1.641,1.63372,10,2194,1.68278,0
1776813452895724475,1.40668,0,0.306763,0,1.641,1.63372,10,2194,1.68278,0
1776813452900714470,1.40668,0,0.306763,0,1.672,1.63372,10,2194,1.68278,0
1776813452905688559,1.40684,0,0.306929,0,1.672,1.63372,10,2194,1.68278,0
1776813452910674424,1.40684,0,0.306929,0,1.59644,1.63472,10,2194,1.68278,0
1776813452915673901,1.40684,0,0.306929,0,1.59644,1.63472,10,2194,1.68278,0
1776813452920688840,1.40684,0,0.306929,0,1.57424,1.63472,10,2194,1.68278,0
1776813452925694224,1.40684,0,0.306929,0,1.57424,1.63472,10,2194,1.68278,0
1776813452930689664,1.40684,0,0.306929,0,1.59616,1.63472,10,2194,1.68278,0
1776813452935688659,1.40684,0,0.306929,0,1.59616,1.63472,10,2194,1.68278,0
1776813452940686932,1.40684,0,0.306929,0,1.62153,1.63472,10,2194,1.68278,0
1776813452945679742,1.40684,0,0.306929,0,1.62153,1.63472,10,2194,1.68278,0
1776813452950684533,1.40684,0,0.306929,0,1.57342,1.63472,10,2194,1.68278,0
1776813452955682028,1.40684,0,0.306929,0,1.57342,1.63472,10,2194,1.68278,0
1776813452960661987,1.40684,0,0.306929,0,1.68327,1.63472,10,2194,1.68278,0
1776813452965673871,1.40684,0,0.306929,0,1.68327,1.63472,10,2194,1.68278,0
1776813452970691625,1.40684,0,0.306929,0,1.61585,1.63472,10,2194,1.68278,0
1776813452975682139,1.40701,0,0.307095,0,1.61585,1.63472,10,2194,1.68278,0
1776813452980682374,1.40701,0,0.307095,0,1.63329,1.63573,10,2194,1.68278,0
1776813452985686629,1.40701,0,0.307095,0,1.63329,1.63573,10,2194,1.68278,0
1776813452990690013,1.40701,0,0.307095,0,1.57931,1.63573,10,2194,1.68278,0
1776813452995679915,1.40701,0,0.307095,0,1.57931,1.63573,10,2194,1.68278,0
1776813453000694855,1.40701,0,0.307095,0,1.59063,1.63573,10,2194,1.68278,0
1776813453005685017,1.40701,0,0.307095,0,1.59063,1.63573,10,2194,1.68278,0
1776813453010700530,1.40701,0,0.307095,0,1.60448,1.63573,10,2194,1.68278,0
1776813453015687841,1.40701,0,0.307095,0,1.60448,1.63573,10,2194,1.68278,0
1776813453020680392,1.40701,0,0.307095,0,1.67761,1.63573,10,2194,1.68278,0
1776813453025716942,1.40701,0,0.307095,0,1.67761,1.63573,10,2194,1.68278,0
1776813453030696178,1.40701,0,0.307095,0,1.55967,1.63573,10,2194,1.68278,0
1776813453035705322,1.40701,0,0.307095,0,1.55967,1.63573,10,2194,1.68278,0
1776813453040681317,1.40701,0,0.307095,0,1.68344,1.63573,10,2194,1.68278,0
1776813453045694701,1.40701,0,0.307095,0,1.68344,1.63573,10,2194,1.68278,0
1776813453050685160,1.407,0,0.307088,0,1.58512,1.63569,10,2194,1.68278,0
1776813453055681137,1.407,0,0.307088,0,1.58512,1.63569,10,2194,1.68278,0
1776813453060659243,1.407,0,0.307088,0,1.74862,1.63569,10,2194,1.68278,0
1776813453065717682,1.407,0,0.307088,0,1.74862,1.63569,10,2194,1.68278,0
1776813453070715270,1.407,0,0.307088,0,1.64115,1.63569,10,2194,1.68278,0
1776813453075704136,1.407,0,0.307088,0,1.64115,1.63569,10,2194,1.68278,0
1776813453080743075,1.407,0,0.307088,0,1.57133,1.63569,10,2194,1.68278,0
1776813453085736996,1.407,0,0.307088,0,1.57133,1.63569,10,2194,1.68278,0
1776813453090695381,1.407,0,0.307088,0,1.61583,1.63569,10,2194,1.68278,0
1776813453095681655,1.407,0,0.307088,0,1.61583,1.63569,10,2194,1.68278,0
1776813453100689391,1.407,0,0.307088,0,1.62738,1.63569,10,2194,1.68278,0
1776813453105711830,1.407,0,0.307088,0,1.62738,1.63569,10,2194,1.68278,0
1776813453110663085,1.407,0,0.307088,0,1.62744,1.63569,10,2194,1.68278,0
1776813453115683432,1.407,0,0.307088,0,1.62744,1.63569,10,2194,1.68278,0
1776813453120679335,1.407,0,0.307088,0,1.58464,1.63569,10,2194,1.68278,0
1776813453125686330,1.40716,0,0.30725,0,1.58464,1.63569,10,2194,1.68278,0
1776813453130686177,1.40716,0,0.30725,0,1.67201,1.63667,10,2194,1.68278,0
1776813453135678858,1.40716,0,0.30725,0,1.67201,1.63667,10,2194,1.68278,0
1776813453140675446,1.40716,0,0.30725,0,1.6411,1.63667,10,2194,1.68278,0
1776813453145684811,1.40716,0,0.30725,0,1.6411,1.63667,10,2194,1.68278,0
1776813453150678085,1.40716,0,0.30725,0,1.63548,1.63667,10,2194,1.68278,0
1776813453155681450,1.40716,0,0.30725,0,1.63548,1.63667,10,2194,1.68278,0
1776813453160658279,1.40716,0,0.30725,0,1.55973,1.63667,10,2194,1.68278,0
1776813453165675034,1.40716,0,0.30725,0,1.55973,1.63667,10,2194,1.68278,0
1776813453170686807,1.40716,0,0.30725,0,1.65251,1.63667,10,2194,1.68278,0
1776813453175682376,1.40716,0,0.30725,0,1.65251,1.63667,10,2194,1.68278,0
1776813453180688427,1.40716,0,0.30725,0,1.62759,1.63667,10,2194,1.68278,0
1776813453185691681,1.40716,0,0.30725,0,1.62759,1.63667,10,2194,1.68278,0
1776813453190689473,1.40716,0,0.30725,0,1.59652,1.63667,10,2194,1.68278,0
1776813453195680931,1.40716,0,0.30725,0,1.59652,1.63667,10,2194,1.68278,0
1776813453200685019,1.40734,0,0.307423,0,1.64674,1.63771,10,2194,1.68278,0
1776813453205683348,1.40734,0,0.307423,0,1.64674,1.63771,10,2194,1.68278,0
1776813453210668418,1.40734,0,0.307423,0,1.68883,1.63771,10,2194,1.68278,0
1776813453215674283,1.40734,0,0.307423,0,1.68883,1.63771,10,2194,1.68278,0
1776813453220679778,1.40734,0,0.307423,0,1.65853,1.63771,10,2194,1.68278,0
1776813453225678070,1.40734,0,0.307423,0,1.65853,1.63771,10,2194,1.68278,0
1776813453230700676,1.40734,0,0.307423,0,1.54856,1.63771,10,2194,1.68278,0
1776813453235689320,1.40734,0,0.307423,0,1.54856,1.63771,10,2194,1.68278,0
1776813453240709037,1.40734,0,0.307423,0,1.65264,1.63771,10,2194,1.68278,0
1776813453245682847,1.40734,0,0.307423,0,1.65264,1.63771,10,2194,1.68278,0
1776813453250686546,1.40734,0,0.307423,0,1.61577,1.63771,10,2194,1.68278,0
1776813453255679857,1.40734,0,0.307423,0,1.61577,1.63771,10,2194,1.68278,0
1776813453260668852,1.40734,0,0.307423,0,1.6776,1.63771,10,2194,1.68278,0
1776813453265674940,1.40734,0,0.307423,0,1.6776,1.63771,10,2194,1.68278,0
1776813453270693972,1.40734,0,0.307423,0,1.62726,1.63771,10,2194,1.68278,0
1776813453275699856,1.4075,0,0.307589,0,1.62726,1.63771,10,2194,1.68278,0
1776813453280692870,1.4075,0,0.307589,0,1.5874,1.63871,10,2194,1.68278,0
1776813453285695106,1.4075,0,0.307589,0,1.5874,1.63871,10,2194,1.68278,0
1776813453290718434,1.4075,0,0.307589,0,1.57154,1.63871,10,2194,1.68278,0
1776813453295696541,1.4075,0,0.307589,0,1.57154,1.63871,10,2194,1.68278,0
1776813453300681055,1.4075,0,0.307589,0,1.5404,1.63871,10,2194,1.68278,0
1776813453305687699,1.4075,0,0.307589,0,1.5404,1.63871,10,2194,1.68278,0
1776813453310662065,1.4075,0,0.307589,0,1.62154,1.63871,10,2194,1.68278,0
1776813453315712078,1.4075,0,0.307589,0,1.62154,1.63871,10,2194,1.68278,0
1776813453320689870,1.4075,0,0.307589,0,1.59648,1.63871,10,2194,1.68278,0
1776813453325700217,1.4075,0,0.307589,0,1.59648,1.63871,10,2194,1.68278,0
1776813453330685805,1.4075,0,0.307589,0,1.64671,1.63871,10,2194,1.68278,0
1776813453335688022,1.4075,0,0.307589,0,1.64671,1.63871,10,2194,1.68278,0
1776813453340691536,1.4075,0,0.307589,0,1.57793,1.63871,10,2194,1.68278,0
1776813453345701994,1.4075,0,0.307589,0,1.57793,1.63871,10,2194,1.68278,0
1776813453350695638,1.40767,0,0.307755,0,1.7028,1.63971,10,2194,1.68278,0
1776813453355683244,1.40767,0,0.307755,0,1.7028,1.63971,10,2194,1.68278,0
1776813453360669666,1.40767,0,0.307755,0,1.56539,1.63971,10,2194,1.68278,0
1776813453365773993,1.40767,0,0.307755,0,1.56539,1.63971,10,2194,1.68278,0
1776813453370708452,1.40767,0,0.307755,0,1.64674,1.63971,10,2194,1.68278,0
1776813453375694596,1.40767,0,0.307755,0,1.64674,1.63971,10,2194,1.68278,0
1776813453380789663,1.40767,0,0.307755,0,1.65845,1.63971,10,2194,1.68278,0
1776813453385712086,1.40767,0,0.307755,0,1.65845,1.63971,10,2194,1.68278,0
1776813453390702989,1.40767,0,0.307755,0,1.63511,1.63971,10,2194,1.68278,0
1776813453395692985,1.40767,0,0.307755,0,1.63511,1.63971,10,2194,1.68278,0
1776813453400696721,1.40767,0,0.307755,0,1.61578,1.63971,10,2194,1.68278,0
1776813453405700827,1.40767,0,0.307755,0,1.61578,1.63971,10,2194,1.68278,0
1776813453410681230,1.40767,0,0.307755,0,1.65809,1.63971,10,2194,1.68278,0
1776813453415675762,1.40767,0,0.307755,0,1.65809,1.63971,10,2194,1.68278,0
1776813453420694943,1.40783,0,0.307921,0,1.65871,1.63971,10,2194,1.68278,0
1776813453425681272,1.40783,0,0.307921,0,1.65871,1.63971,10,2194,1.68278,0
1776813453430695007,1.40783,0,0.307921,0,1.62753,1.64072,10,2194,1.68278,0
1776813453435680114,1.40783,0,0.307921,0,1.62753,1.64072,10,2194,1.68278,0
1776813453440681276,1.40783,0,0.307921,0,1.64669,1.64072,10,2194,1.68278,0
1776813453445684401,1.40783,0,0.307921,0,1.64669,1.64072,10,2194,1.68278,0
1776813453450686544,1.40783,0,0.307921,0,1.65264,1.64072,10,2194,1.68278,0
1776813453455688669,1.40783,0,0.307921,0,1.65264,1.64072,10,2194,1.68278,0
1776813453460683257,1.40783,0,0.307921,0,1.56548,1.64072,10,2194,1.68278,0
1776813453465675697,1.40783,0,0.307921,0,1.56548,1.64072,10,2194,1.68278,0
1776813453470702192,1.40783,0,0.307921,0,1.6774,1.64072,10,2194,1.68278,0
1776813453475697780,1.40783,0,0.307921,0,1.6774,1.64072,10,2194,1.68278,0
1776813453480688424,1.40783,0,0.307921,0,1.62161,1.64072,10,2194,1.68278,0
1776813453485685123,1.40783,0,0.307921,0,1.62161,1.64072,10,2194,1.68278,0
1776813453490693599,1.40783,0,0.307921,0,1.57174,1.64072,10,2194,1.68278,0
1776813453495685021,1.408,0,0.308087,0,1.57174,1.64072,10,2194,1.68278,0
1776813453500681720,1.408,0,0.308087,0,1.58448,1.64172,10,2194,1.68278,0
1776813453505691363,1.408,0,0.308087,0,1.58448,1.64172,10,2194,1.68278,0
1776813453510677247,1.408,0,0.308087,0,1.6526,1.64172,10,2194,1.68278,0
1776813453515685928,1.408,0,0.308087,0,1.6526,1.64172,10,2194,1.68278,0
1776813453520680997,1.408,0,0.308087,0,1.61566,1.64172,10,2194,1.68278,0
1776813453525688863,1.408,0,0.308087,0,1.61566,1.64172,10,2194,1.68278,0
1776813453530681210,1.408,0,0.308087,0,1.71423,1.64172,10,2194,1.68278,0
1776813453535685150,1.408,0,0.308087,0,1.71423,1.64172,10,2194,1.68278,0
1776813453540705460,1.408,0,0.308087,0,1.64081,1.64172,10,2194,1.68278,0
1776813453545682585,1.408,0,0.308087,0,1.64081,1.64172,10,2194,1.68278,0
1776813453550682228,1.408,0,0.308087,0,1.69711,1.64172,10,2194,1.68278,0
1776813453555698520,1.408,0,0.308087,0,1.69711,1.64172,10,2194,1.68278,0
1776813453560663053,1.408,0,0.308087,0,1.62764,1.64172,10,2194,1.68278,0
1776813453565683807,1.408,0,0.308087,0,1.62764,1.64172,10,2194,1.68278,0
1776813453570735672,1.40817,0,0.308259,0,1.71409,1.64276,10,2194,1.68278,0
1776813453575696316,1.40817,0,0.308259,0,1.71409,1.64276,10,2194,1.68278,0
1776813453580682978,1.40817,0,0.308259,0,1.60258,1.64276,10,2194,1.68278,0
1776813453585694214,1.40817,0,0.308259,0,1.60258,1.64276,10,2194,1.68278,0
1776813453590686358,1.40817,0,0.308259,0,1.63454,1.64276,10,2194,1.68278,0
1776813453595682594,1.40817,0,0.308259,0,1.63454,1.64276,10,2194,1.68278,0
1776813453600677256,1.40817,0,0.308259,0,1.67183,1.64276,10,2194,1.68278,0
1776813453605755527,1.40817,0,0.308259,0,1.67183,1.64276,10,2194,1.68278,0
1776813453610691487,1.40817,0,0.308259,0,1.69694,1.64276,10,2194,1.68278,0
1776813453615679075,1.40817,0,0.308259,0,1.69694,1.64276,10,2194,1.68278,0
1776813453620731495,1.40817,0,0.308259,0,1.55978,1.64276,10,2194,1.68278,0
1776813453625693214,1.40817,0,0.308259,0,1.55978,1.64276,10,2194,1.68278,0
1776813453630697672,1.40817,0,0.308259,0,1.64658,1.64276,10,2194,1.68278,0
1776813453635681371,1.40817,0,0.308259,0,1.64658,1.64276,10,2194,1.68278,0
1776813453640683237,1.40817,0,0.308259,0,1.64674,1.64276,10,2194,1.68278,0
1776813453645685121,1.40817,0,0.308253,0,1.64674,1.64276,10,2194,1.68278,0
1776813453650687653,1.40817,0,0.308253,0,1.62153,1.64272,10,2194,1.68278,0
1776813453655685686,1.40817,0,0.308253,0,1.62153,1.64272,10,2194,1.68278,0
1776813453660663422,1.40817,0,0.308253,0,1.73947,1.64272,10,2194,1.68278,0
1776813453665675362,1.40817,0,0.308253,0,1.73947,1.64272,10,2194,1.68278,0
1776813453670688246,1.40817,0,0.308253,0,1.6215,1.64272,10,2194,1.68278,0
1776813453675692833,1.40817,0,0.308253,0,1.6215,1.64272,10,2194,1.68278,0
1776813453680711699,1.40817,0,0.308253,0,1.67167,1.64272,10,2194,1.68278,0
1776813453685724064,1.40817,0,0.308253,0,1.67167,1.64272,10,2194,1.68278,0
1776813453690725689,1.40817,0,0.308253,0,1.6467,1.64272,10,2194,1.68278,0
1776813453695707407,1.40817,0,0.308253,0,1.6467,1.64272,10,2194,1.68278,0
1776813453700697495,1.40817,0,0.308253,0,1.56565,1.64272,10,2194,1.68278,0
1776813453705707342,1.40817,0,0.308253,0,1.56565,1.64272,10,2194,1.68278,0
1776813453710662023,1.40817,0,0.308253,0,1.70858,1.64272,10,2194,1.68278,0
1776813453715674593,1.40833,0,0.308419,0,1.70858,1.64272,10,2194,1.68278,0
1776813453720676310,1.40833,0,0.308419,0,1.68355,1.64373,10,2194,1.68278,0
1776813453725680935,1.40833,0,0.308419,0,1.68355,1.64373,10,2194,1.68278,0
1776813453730684578,1.40833,0,0.308419,0,1.56533,1.64373,10,2194,1.68278,0
1776813453735680166,1.40833,0,0.308419,0,1.56533,1.64373,10,2194,1.68278,0
1776813453740682291,1.40833,0,0.308419,0,1.70285,1.64373,10,2194,1.68278,0
1776813453745682324,1.40833,0,0.308419,0,1.70285,1.64373,10,2194,1.68278,0
1776813453750678393,1.40833,0,0.308419,0,1.63354,1.64373,10,2194,1.68278,0
1776813453755681036,1.40833,0,0.308419,0,1.63354,1.64373,10,2194,1.68278,0
1776813453760657643,1.40833,0,0.308419,0,1.75876,1.64373,10,2194,1.68278,0
1776813453765671805,1.40833,0,0.308419,0,1.75876,1.64373,10,2194,1.68278,0
1776813453770676615,1.40833,0,0.308419,0,1.65253,1.64373,10,2194,1.68278,0
1776813453775693351,1.40833,0,0.308419,0,1.65253,1.64373,10,2194,1.68278,0
1776813453780686846,1.40833,0,0.308419,0,1.59667,1.64373,10,2194,1.68278,0
1776813453785686916,1.40833,0,0.308419,0,1.59667,1.64373,10,2194,1.68278,0
1776813453790702744,1.4085,0,0.308581,0,1.67763,1.6447,10,2194,1.68278,0
1776813453795693332,1.4085,0,0.308581,0,1.67763,1.6447,10,2194,1.68278,0
1776813453800680531,1.4085,0,0.308581,0,1.64657,1.6447,10,2194,1.68278,0
1776813453805686675,1.4085,0,0.308581,0,1.64657,1.6447,10,2194,1.68278,0
1776813453810672707,1.4085,0,0.308581,0,1.68975,1.6447,10,2194,1.68278,0
1776813453815682184,1.4085,0,0.308581,0,1.68975,1.6447,10,2194,1.68278,0
1776813453820687142,1.4085,0,0.308581,0,1.6271,1.6447,10,2194,1.68278,0
1776813453825724785,1.4085,0,0.308581,0,1.6271,1.6447,10,2194,1.68278,0
1776813453830690022,1.4085,0,0.308581,0,1.5961,1.6447,10,2194,1.68278,0
1776813453835692146,1.4085,0,0.308581,0,1.5961,1.6447,10,2194,1.68278,0
1776813453840734826,1.4085,0,0.308581,0,1.67194,1.6447,10,2194,1.68278,0
1776813453845682471,1.4085,0,0.308581,0,1.67194,1.6447,10,2194,1.68278,0
1776813453850689058,1.4085,0,0.308581,0,1.67171,1.6447,10,2194,1.68278,0
1776813453855684165,1.4085,0,0.308581,0,1.67171,1.6447,10,2194,1.68278,0
1776813453860664846,1.4085,0,0.308581,0,1.6717,1.6447,10,2194,1.68278,0
1776813453865672285,1.40866,0,0.308747,0,1.6717,1.6447,10,2194,1.68278,0
1776813453870697225,1.40866,0,0.308747,0,1.59064,1.64571,10,2194,1.68278,0
1776813453875715034,1.40866,0,0.308747,0,1.59064,1.64571,10,2194,1.68278,0
1776813453880711085,1.40866,0,0.308747,0,1.65255,1.64571,10,2194,1.68278,0
1776813453885691581,1.40866,0,0.308747,0,1.65255,1.64571,10,2194,1.68278,0
1776813453890707428,1.40866,0,0.308747,0,1.68352,1.64571,10,2194,1.68278,0
1776813453895691257,1.40866,0,0.308747,0,1.68352,1.64571,10,2194,1.68278,0
1776813453900678290,1.40866,0,0.308747,0,1.59064,1.64571,10,2194,1.68278,0
1776813453905679526,1.40866,0,0.308747,0,1.59064,1.64571,10,2194,1.68278,0
1776813453910669243,1.40866,0,0.308747,0,1.62161,1.64571,10,2194,1.68278,0
1776813453915769940,1.40866,0,0.308747,0,1.62161,1.64571,10,2194,1.68278,0
1776813453920730140,1.40866,0,0.308747,0,1.64674,1.64571,10,2194,1.68278,0
1776813453925685285,1.40866,0,0.308747,0,1.64674,1.64571,10,2194,1.68278,0
1776813453930765612,1.40866,0,0.308747,0,1.6467,1.64571,10,2194,1.68278,0
1776813453935711534,1.40883,0,0.308919,0,1.6467,1.64571,10,2194,1.68278,0
1776813453940679900,1.40883,0,0.308919,0,1.58496,1.64675,10,2194,1.68278,0
1776813453945692469,1.40883,0,0.308919,0,1.58496,1.64675,10,2194,1.68278,0
1776813453950682594,1.40883,0,0.308919,0,1.65406,1.64675,10,2194,1.68278,0
1776813453955690812,1.40883,0,0.308919,0,1.65406,1.64675,10,2194,1.68278,0
1776813453960656289,1.40883,0,0.308919,0,1.58481,1.64675,10,2194,1.68278,0
1776813453965674229,1.40883,0,0.308919,0,1.58481,1.64675,10,2194,1.68278,0
1776813453970679928,1.40883,0,0.308919,0,1.65256,1.64675,10,2194,1.68278,0
1776813453975701904,1.40883,0,0.308919,0,1.65256,1.64675,10,2194,1.68278,0
1776813453980681307,1.40883,0,0.308919,0,1.61551,1.64675,10,2194,1.68278,0
1776813453985685191,1.40883,0,0.308919,0,1.61551,1.64675,10,2194,1.68278,0
1776813453990675927,1.40883,0,0.308919,0,1.58447,1.64675,10,2194,1.68278,0
1776813453995701885,1.40883,0,0.308919,0,1.58447,1.64675,10,2194,1.68278,0
1776813454000687566,1.40883,0,0.308919,0,1.63363,1.64675,10,2194,1.68278,0
1776813454005692339,1.40883,0,0.308919,0,1.63363,1.64675,10,2194,1.68278,0
1776813454010673372,1.409,0,0.309086,0,1.65259,1.64775,10,2194,1.68278,0
1776813454015715737,1.409,0,0.309086,0,1.65259,1.64775,10,2194,1.68278,0
1776813454020699789,1.409,0,0.309086,0,1.63836,1.64775,10,2194,1.68278,0
1776813454025679507,1.409,0,0.309086,0,1.63836,1.64775,10,2194,1.68278,0
1776813454030689984,1.409,0,0.309086,0,1.67175,1.64775,10,2194,1.68278,0
1776813454035682590,1.409,0,0.309086,0,1.67175,1.64775,10,2194,1.68278,0
1776813454040684715,1.409,0,0.309086,0,1.65855,1.64775,10,2194,1.68278,0
1776813454045684155,1.409,0,0.309086,0,1.65855,1.64775,10,2194,1.68278,0
1776813454050688873,1.409,0,0.309086,0,1.66004,1.64775,10,2194,1.68278,0
1776813454055684591,1.409,0,0.309086,0,1.66004,1.64775,10,2194,1.68278,0
1776813454060663253,1.409,0,0.309086,0,1.60275,1.64775,10,2194,1.68278,0
1776813454065688100,1.409,0,0.309086,0,1.60275,1.64775,10,2194,1.68278,0
1776813454070706207,1.409,0,0.309086,0,1.57165,1.64775,10,2194,1.68278,0
1776813454075733053,1.409,0,0.309086,0,1.57165,1.64775,10,2194,1.68278,0
1776813454080694179,1.40917,0,0.309252,0,1.64049,1.64775,10,2194,1.68278,0
1776813454085683045,1.40917,0,0.309252,0,1.64049,1.64775,10,2194,1.68278,0
1776813454090687356,1.40917,0,0.309252,0,1.68364,1.64875,10,2194,1.68278,0
1776813454095678148,1.40917,0,0.309252,0,1.68364,1.64875,10,2194,1.68278,0
1776813454100676977,1.40917,0,0.309252,0,1.65259,1.64875,10,2194,1.68278,0
1776813454105690027,1.40917,0,0.309252,0,1.65259,1.64875,10,2194,1.68278,0
1776813454110662023,1.40917,0,0.309252,0,1.68364,1.64875,10,2194,1.68278,0
1776813454115684037,1.40917,0,0.309252,0,1.68364,1.64875,10,2194,1.68278,0
1776813454120692107,1.40917,0,0.309252,0,1.62158,1.64875,10,2194,1.68278,0
1776813454125745471,1.40917,0,0.309252,0,1.62158,1.64875,10,2194,1.68278,0
1776813454130747800,1.40917,0,0.309252,0,1.70857,1.64875,10,2194,1.68278,0
1776813454135703093,1.40917,0,0.309252,0,1.70857,1.64875,10,2194,1.68278,0
1776813454140683255,1.40917,0,0.309252,0,1.59668,1.64875,10,2194,1.68278,0
1776813454145681751,1.40917,0,0.309252,0,1.59668,1.64875,10,2194,1.68278,0
1776813454150680098,1.40917,0,0.309252,0,1.62745,1.64875,10,2194,1.68278,0
1776813454155704723,1.40916,0,0.309246,0,1.62745,1.64875,10,2194,1.68278,0
1776813454160661590,1.40916,0,0.309246,0,1.6331,1.64872,10,2194,1.68278,0
1776813454165676696,1.40916,0,0.309246,0,1.6331,1.64872,10,2194,1.68278,0
1776813454170686599,1.40916,0,0.309246,0,1.62159,1.64872,10,2194,1.68278,0
1776813454175710520,1.40916,0,0.309246,0,1.62159,1.64872,10,2194,1.68278,0
1776813454180707441,1.40916,0,0.309246,0,1.65257,1.64872,10,2194,1.68278,0
1776813454185709881,1.40916,0,0.309246,0,1.65257,1.64872,10,2194,1.68278,0
1776813454190684433,1.40916,0,0.309246,0,1.64062,1.64872,10,2194,1.68278,0
1776813454195687891,1.40916,0,0.309246,0,1.64062,1.64872,10,2194,1.68278,0
1776813454200683609,1.40916,0,0.309246,0,1.62772,1.64872,10,2194,1.68278,0
1776813454205692771,1.40916,0,0.309246,0,1.62772,1.64872,10,2194,1.68278,0
1776813454210673767,1.40916,0,0.309246,0,1.5594,1.64872,10,2194,1.68278,0
1776813454215679966,1.40916,0,0.309246,0,1.5594,1.64872,10,2194,1.68278,0
1776813454220683573,1.40916,0,0.309246,0,1.6274,1.64872,10,2194,1.68278,0
1776813454225709345,1.40933,0,0.309412,0,1.6274,1.64872,10,2194,1.68278,0
1776813454230691693,1.40933,0,0.309412,0,1.60258,1.64972,10,2194,1.68278,0
1776813454235684670,1.40933,0,0.309412,0,1.60258,1.64972,10,2194,1.68278,0
1776813454240691555,1.40933,0,0.309412,0,1.65865,1.64972,10,2194,1.68278,0
1776813454245685309,1.40933,0,0.309412,0,1.65865,1.64972,10,2194,1.68278,0
1776813454250687768,1.40933,0,0.309412,0,1.68362,1.64972,10,2194,1.68278,0
1776813454255685726,1.40933,0,0.309412,0,1.68362,1.64972,10,2194,1.68278,0
1776813454260682370,1.40933,0,0.309412,0,1.64674,1.64972,10,2194,1.68278,0
1776813454265672681,1.40933,0,0.309412,0,1.64674,1.64972,10,2194,1.68278,0
1776813454270692620,1.40933,0,0.309412,0,1.60829,1.64972,10,2194,1.68278,0
1776813454275695764,1.40933,0,0.309412,0,1.60829,1.64972,10,2194,1.68278,0
1776813454280700352,1.40933,0,0.309412,0,1.62781,1.64972,10,2194,1.68278,0
1776813454285684403,1.40933,0,0.309412,0,1.62781,1.64972,10,2194,1.68278,0
1776813454290694269,1.40933,0,0.309412,0,1.70262,1.64972,10,2194,1.68278,0
1776813454295683080,1.40933,0,0.309412,0,1.70262,1.64972,10,2194,1.68278,0
1776813454300686501,1.4095,0,0.309584,0,1.6717,1.65076,10,2194,1.68278,0
1776813454305693552,1.4095,0,0.309584,0,1.6717,1.65076,10,2194,1.68278,0
1776813454310672474,1.4095,0,0.309584,0,1.67763,1.65076,10,2194,1.68278,0
1776813454315696802,1.4095,0,0.309584,0,1.67763,1.65076,10,2194,1.68278,0
1776813454320691613,1.4095,0,0.309584,0,1.68353,1.65076,10,2194,1.68278,0
1776813454325707293,1.4095,0,0.309584,0,1.68353,1.65076,10,2194,1.68278,0
1776813454330730325,1.4095,0,0.309584,0,1.73927,1.65076,10,2194,1.68278,0
1776813454335704858,1.4095,0,0.309584,0,1.73927,1.65076,10,2194,1.68278,0
1776813454340701817,1.4095,0,0.309584,0,1.73953,1.65076,10,2194,1.68278,0
1776813454345698868,1.4095,0,0.309584,0,1.73953,1.65076,10,2194,1.68278,0
1776813454350688049,1.4095,0,0.309584,0,1.68351,1.65076,10,2194,1.68278,0
1776813454355690840,1.4095,0,0.309584,0,1.68351,1.65076,10,2194,1.68278,0
1776813454360673281,1.4095,0,0.309584,0,1.6216,1.65076,10,2194,1.68278,0
1776813454365676073,1.4095,0,0.309584,0,1.6216,1.65076,10,2194,1.68278,0
1776813454370682438,1.40966,0,0.309751,0,1.66607,1.65076,10,2194,1.68278,0
1776813454375701526,1.40966,0,0.309751,0,1.66607,1.65076,10,2194,1.68278,0
1776813454380712299,1.40966,0,0.309751,0,1.65851,1.65177,10,2194,1.68278,0
1776813454385686999,1.40966,0,0.309751,0,1.65851,1.65177,10,2194,1.68278,0
1776813454390710661,1.40966,0,0.309751,0,1.64665,1.65177,10,2194,1.68278,0
1776813454395705064,1.40966,0,0.309751,0,1.64665,1.65177,10,2194,1.68278,0
1776813454400679356,1.40966,0,0.309751,0,1.6467,1.65177,10,2194,1.68278,0
1776813454405683925,1.40966,0,0.309751,0,1.6467,1.65177,10,2194,1.68278,0
1776813454410657310,1.40966,0,0.309751,0,1.67749,1.65177,10,2194,1.68278,0
1776813454415682565,1.40966,0,0.309751,0,1.67749,1.65177,10,2194,1.68278,0
1776813454420677819,1.40966,0,0.309751,0,1.583,1.65177,10,2194,1.68278,0
1776813454425680389,1.40966,0,0.309751,0,1.583,1.65177,10,2194,1.68278,0
1776813454430677385,1.40966,0,0.309751,0,1.73365,1.65177,10,2194,1.68278,0
1776813454435688176,1.40966,0,0.309751,0,1.73365,1.65177,10,2194,1.68278,0
1776813454440679209,1.40983,0,0.309913,0,1.61589,1.65274,10,2194,1.68278,0
1776813454445693389,1.40983,0,0.309913,0,1.61589,1.65274,10,2194,1.68278,0
1776813454450676367,1.40983,0,0.309913,0,1.70265,1.65274,10,2194,1.68278,0
1776813454455680455,1.40983,0,0.309913,0,1.70265,1.65274,10,2194,1.68278,0
1776813454460660284,1.40983,0,0.309913,0,1.65825,1.65274,10,2194,1.68278,0
1776813454465770074,1.40983,0,0.309913,0,1.65825,1.65274,10,2194,1.68278,0
1776813454470719385,1.40983,0,0.309913,0,1.64639,1.65274,10,2194,1.68278,0
1776813454475690622,1.40983,0,0.309913,0,1.64639,1.65274,10,2194,1.68278,0
1776813454480776838,1.40983,0,0.309913,0,1.67155,1.65274,10,2194,1.68278,0
1776813454485743371,1.40983,0,0.309913,0,1.67155,1.65274,10,2194,1.68278,0
1776813454490698256,1.40983,0,0.309913,0,1.72769,1.65274,10,2194,1.68278,0
1776813454495686178,1.40983,0,0.309913,0,1.72769,1.65274,10,2194,1.68278,0
1776813454500687896,1.40983,0,0.309913,0,1.59667,1.65274,10,2194,1.68278,0
1776813454505692465,1.40983,0,0.309913,0,1.59667,1.65274,10,2194,1.68278,0
1776813454510668795,1.40983,0,0.309913,0,1.65243,1.65274,10,2194,1.68278,0
1776813454515674531,1.40983,0,0.309913,0,1.65243,1.65274,10,2194,1.68278,0
1776813454520689285,1.40983,0,0.309913,0,1.54825,1.65274,10,2194,1.68278,0
1776813454525685336,1.40983,0,0.309913,0,1.54825,1.65274,10,2194,1.68278,0
1776813454530689536,1.40983,-0.00976562,0.309913,-0.00976562,1.60275,1.64718,10,2194,1.68278,0
1776813454535720105,1.40983,-0.00976562,0.309917,-0.00976562,1.60275,1.64718,10,2194,1.68278,0
1776813454540736563,1.40983,-0.00585938,0.309917,-0.00585938,1.65883,1.64943,10,2194,1.68278,0
1776813454545706540,1.40983,-0.00585938,0.309913,-0.00585938,1.65883,1.64943,10,2194,1.68278,0
1776813454550685518,1.40983,0.0214844,0.309913,0.0214844,1.66553,1.66499,10,2194,1.68278,0
1776813454555695309,1.40981,0.0214844,0.309895,0.0214844,1.66553,1.66499,10,2194,1.68278,0
1776813454560671731,1.40981,0.0195312,0.309895,0.0195312,1.64674,1.66377,10,2193,1.68201,-0.153368
1776813454565676449,1.40996,0.0195312,0.309282,-0.133837,1.64674,1.66377,10,2193,1.68201,0
1776813454570679592,1.40996,-0.0078125,0.309282,-0.0078125,1.65805,1.64911,10,2193,1.68201,0
1776813454575700162,1.40996,-0.0078125,0.309282,-0.0078125,1.65805,1.64911,10,2193,1.68201,0
1776813454580685972,1.41028,-0.0078125,0.309599,-0.0078125,1.68268,1.65103,10,2193,1.68201,0
1776813454585746281,1.41028,-0.0136719,0.309599,-0.0136719,1.68268,1.65103,10,2193,1.68201,0
1776813454590690389,1.41011,-0.0136719,0.309431,-0.0136719,1.65255,1.64668,10,2193,1.68201,0
1776813454595698755,1.41011,-0.0117188,0.309431,-0.0117188,1.65255,1.64668,10,2193,1.68201,0
1776813454600674751,1.40995,-0.0117188,0.309269,-0.0117188,1.71426,1.64681,10,2193,1.68201,0
1776813454605676913,1.40995,0,0.309269,0,1.71426,1.64681,10,2193,1.68201,0
1776813454610674020,1.40996,0,0.309275,0,1.62154,1.65353,10,2193,1.68201,0
1776813454615717533,1.40996,0.0175781,0.309275,0.0175781,1.62154,1.65353,10,2193,1.68201,0
1776813454620719917,1.40995,0.0175781,0.309273,0.0175781,1.59603,1.66354,10,2193,1.68201,0
1776813454625693654,1.40995,0.00976562,0.309273,0.00976562,1.59603,1.66354,10,2193,1.68201,0
1776813454630682390,1.41013,0.00976562,0.309448,0.00976562,1.64127,1.66014,10,2193,1.68201,0
1776813454635679738,1.41013,-0.00195312,0.309448,-0.00195312,1.64127,1.66014,10,2193,1.68201,0
1776813454640746103,1.41014,-0.00195312,0.309457,-0.00195312,1.68303,1.65351,10,2193,1.68201,0
1776813454645733450,1.41014,-0.00585938,0.309457,-0.00585938,1.68303,1.65351,10,2193,1.68201,0
1776813454650692206,1.41014,-0.00585938,0.309457,-0.00585938,1.62745,1.65128,10,2193,1.68201,0
1776813454655687349,1.41032,-0.00585938,0.309636,-0.00585938,1.62745,1.65128,10,2193,1.68201,0
1776813454660670623,1.41032,-0.0078125,0.309636,-0.0078125,1.64674,1.65125,10,2193,1.68201,0
1776813454665685137,1.41015,-0.0078125,0.309469,-0.0078125,1.64674,1.65125,10,2193,1.68201,0
1776813454670708687,1.41015,0.015625,0.309469,0.015625,1.65835,1.66361,10,2193,1.68201,0
1776813454675693572,1.41013,0.015625,0.309452,0.015625,1.65835,1.66361,10,2193,1.68201,0
1776813454680707493,1.41013,0.0195312,0.309452,0.0195312,1.72813,1.66573,10,2193,1.68201,0
1776813454685682175,1.4103,0.0195312,0.30962,0.0195312,1.72813,1.66573,10,2193,1.68201,0
1776813454690687114,1.4103,0.0117188,0.30962,0.0117188,1.59011,1.66229,10,2193,1.68201,0
1776813454695680110,1.41063,0.0117188,0.309949,0.0117188,1.59011,1.66229,10,2193,1.68201,0
1776813454700681272,1.41063,0.00390625,0.309953,0.00390625,1.67898,1.65982,10,2193,1.68201,0
1776813454705678212,1.41063,-0.0078125,0.309953,-0.0078125,1.67898,1.65982,10,2193,1.68201,0
1776813454710658153,1.41063,-0.0078125,0.309953,-0.0078125,1.67189,1.65316,10,2193,1.68201,0
1776813454715685574,1.41063,-0.0214844,0.309953,-0.0214844,1.67189,1.65316,10,2193,1.68201,0
1776813454720683199,1.41063,-0.0214844,0.309953,-0.0214844,1.61587,1.64537,10,2193,1.68201,0
1776813454725696935,1.41063,-0.0136719,0.309953,-0.0136719,1.61587,1.64537,10,2193,1.68201,0
1776813454730681153,1.4103,-0.0136719,0.309619,-0.0136719,1.65806,1.64781,10,2193,1.68201,0
1776813454735685722,1.4103,-0.00585938,0.309619,-0.00585938,1.65806,1.64781,10,2193,1.68201,0
1776813454740676311,1.41031,-0.00585938,0.309625,-0.00585938,1.64673,1.6523,10,2193,1.68201,0
1776813454745677917,1.41031,0.0136719,0.309625,0.0136719,1.64673,1.6523,10,2193,1.68201,0
1776813454750680172,1.4103,0.0136719,0.309623,0.0136719,1.68335,1.66342,10,2193,1.68201,0
1776813454755688575,1.4103,0.0136719,0.309623,0.0136719,1.68335,1.66342,10,2193,1.68201,0
1776813454760659349,1.41048,0.0136719,0.309803,0.0136719,1.68695,1.66451,10,2193,1.68201,0
1776813454765673770,1.41048,0.00195312,0.309803,0.00195312,1.68695,1.66451,10,2193,1.68201,0
1776813454770678154,1.41048,0.00195312,0.309802,0.00195312,1.59594,1.65782,10,2193,1.68201,0
1776813454775679761,1.41048,0.00390625,0.309802,0.00390625,1.59594,1.65782,10,2193,1.68201,0
1776813454780690626,1.41048,0.00390625,0.309802,0.00390625,1.60161,1.65893,10,2193,1.68201,0
1776813454785683659,1.41048,-0.00390625,0.309802,-0.00390625,1.60161,1.65893,10,2193,1.68201,0
1776813454790676007,1.41048,-0.00390625,0.309802,-0.00390625,1.64148,1.65448,10,2193,1.68201,0
1776813454795687835,1.41065,-0.00390625,0.309965,-0.00390625,1.64148,1.65448,10,2193,1.68201,0
1776813454800681683,1.41065,-0.00585938,0.309965,-0.00585938,1.63088,1.65435,10,2193,1.68201,0
1776813454805682141,1.41063,-0.00585938,0.309953,-0.00585938,1.63088,1.65435,10,2193,1.68201,0
1776813454810660674,1.41063,-0.00195312,0.309953,-0.00195312,1.64134,1.6565,10,2193,1.68201,0
1776813454815684243,1.41063,-0.00195312,0.309953,-0.00195312,1.64134,1.6565,10,2193,1.68201,0
1776813454820698405,1.41063,0.00585938,0.309953,0.00585938,1.63086,1.66096,10,2193,1.68201,0
1776813454825681401,1.41063,0.00585938,0.309953,0.00585938,1.63086,1.66096,10,2193,1.68201,0
1776813454830712248,1.41063,0.00585938,0.309953,0.00585938,1.69229,1.66096,10,2193,1.68201,0
1776813454835744113,1.41064,0.00585938,0.309957,0.00585938,1.69229,1.66096,10,2193,1.68201,0
1776813454840699628,1.41064,0,0.309957,0,1.61593,1.65764,10,2193,1.68201,0
1776813454845692364,1.41063,0,0.309951,0,1.61593,1.65764,10,2193,1.68201,0
1776813454850696267,1.41063,-0.00585938,0.309951,-0.00585938,1.65163,1.65426,10,2193,1.68201,0
1776813454855678652,1.41063,-0.00585938,0.309951,-0.00585938,1.65163,1.65426,10,2193,1.68201,0
1776813454860664888,1.41063,-0.00390625,0.309951,-0.00390625,1.63184,1.65538,10,2193,1.68201,0
1776813454865671180,1.41063,-0.00390625,0.309951,-0.00390625,1.63184,1.65538,10,2193,1.68201,0
1776813454870720397,1.41063,0.00195312,0.309951,0.00195312,1.69253,1.65872,10,2193,1.68201,0
1776813454875705726,1.41064,0.00195312,0.309955,0.00195312,1.69253,1.65872,10,2193,1.68201,0
1776813454880743165,1.41064,0.00585938,0.309955,0.00585938,1.64669,1.66097,10,2193,1.68201,0
1776813454885706513,1.41081,0.00585938,0.310132,0.00585938,1.64669,1.66097,10,2193,1.68201,0
1776813454890679787,1.41081,0.00195312,0.310132,0.00195312,1.68263,1.65981,10,2193,1.68201,0
1776813454895687560,1.41081,0.00195312,0.310132,0.00195312,1.68263,1.65981,10,2193,1.68201,0
1776813454900684815,1.41081,0.00390625,0.310132,0.00390625,1.627,1.66092,10,2193,1.68201,0
1776813454905693996,1.41081,0.00390625,0.310127,0.00390625,1.627,1.66092,10,2193,1.68201,0
1776813454910664955,1.41081,0.00195312,0.310127,0.00195312,1.71409,1.65978,10,2193,1.68201,0
1776813454915697098,1.4108,0.00195312,0.310123,0.00195312,1.71409,1.65978,10,2193,1.68201,0
1776813454920683168,1.4108,0.0078125,0.310123,0.0078125,1.61579,1.6631,10,2193,1.68201,0
1776813454925690478,1.41079,0.0078125,0.310113,0.0078125,1.61579,1.6631,10,2193,1.68201,0
1776813454930683233,1.41079,0.0078125,0.310113,0.0078125,1.74492,1.66304,10,2193,1.68201,0
1776813454935693932,1.41097,0.0078125,0.310285,0.0078125,1.74492,1.66304,10,2193,1.68201,0
1776813454940691668,1.41097,0.0175781,0.310285,0.0175781,1.58521,1.66964,10,2193,1.68201,0
1776813454945770051,1.41114,0.0175781,0.310456,0.0175781,1.58521,1.66964,10,2193,1.68201,0
1776813454950699492,1.41114,0.00390625,0.310456,0.00390625,1.62098,1.66288,10,2193,1.68201,0
1776813454955682303,1.4113,0.00390625,0.310622,0.00390625,1.62098,1.66288,10,2193,1.68201,0
1776813454960679224,1.4113,0.00585938,0.310622,0.00585938,1.68282,1.665,10,2193,1.68201,0
1776813454965681850,1.4113,0.00390625,0.310622,0.00390625,1.68282,1.665,10,2193,1.68201,0
1776813454970810046,1.4113,0.00390625,0.310622,0.00390625,1.68288,1.66388,10,2193,1.68201,0
1776813454975716970,1.4113,0,0.310622,0,1.68288,1.66388,10,2193,1.68201,0
1776813454980687595,1.4113,0,0.310618,0,1.62148,1.66163,10,2193,1.68201,0
1776813454985675554,1.4113,0.00390625,0.310618,0.00390625,1.62148,1.66163,10,2193,1.68201,0
1776813454990709067,1.4113,0.00390625,0.310618,0.00390625,1.73925,1.66386,10,2193,1.68201,0
1776813454995689952,1.4113,0.00976562,0.310618,0.00976562,1.73925,1.66386,10,2193,1.68201,0
1776813455000688411,1.4113,0.00976562,0.310618,0.00976562,1.72835,1.6672,10,2193,1.68201,0
1776813455005681221,1.41147,0.00976562,0.310788,0.00976562,1.72835,1.6672,10,2193,1.68201,0
1776813455010668810,1.41147,0.0175781,0.310788,0.0175781,1.73921,1.67268,10,2193,1.68201,0
1776813455015674528,1.41164,0.0175781,0.310959,0.0175781,1.73921,1.67268,10,2193,1.68201,0
1776813455020685097,1.41164,0.00976562,0.310959,0.00976562,1.6776,1.66925,10,2193,1.68201,0
1776813455025703148,1.4118,0.00976562,0.311121,0.00976562,1.6776,1.66925,10,2193,1.68201,0
1776813455030691403,1.4118,0.0078125,0.311121,0.0078125,1.64136,1.66912,10,2193,1.68201,0
1776813455035687010,1.4118,0.0078125,0.311121,0.0078125,1.64136,1.66912,10,2193,1.68201,0
1776813455040682099,1.4118,0.00976562,0.311121,0.00976562,1.68856,1.67023,10,2193,1.68201,0
1776813455045683317,1.41197,0.00976562,0.311287,0.00976562,1.68856,1.67023,10,2193,1.68201,0
1776813455050689590,1.41197,0.0214844,0.311287,0.0214844,1.68306,1.67791,10,2193,1.68201,0
1776813455055680919,1.41214,0.0214844,0.311454,0.0214844,1.68306,1.67791,10,2193,1.68201,0
1776813455060699433,1.41214,0.0292969,0.311454,0.0292969,1.6156,1.68337,10,2193,1.68201,0
1776813455065690577,1.4123,0.0292969,0.31162,0.0292969,1.6156,1.68337,10,2193,1.68201,0
1776813455070705480,1.4123,0.0410156,0.31162,0.0410156,1.67762,1.69106,10,2193,1.68201,0
1776813455075685069,1.41281,0.0410156,0.312128,0.0410156,1.67762,1.69106,10,2193,1.68201,0
1776813455080694324,1.41281,0.0410156,0.312128,0.0410156,1.64114,1.69412,10,2193,1.68201,0
1776813455085688708,1.41315,0.0410156,0.312469,0.0410156,1.64114,1.69412,10,2193,1.68201,0
1776813455090726666,1.41315,0.0410156,0.312469,0.0410156,1.73958,1.69618,10,2193,1.68201,0
1776813455095711199,1.41383,0.0410156,0.31315,0.0410156,1.73958,1.69618,10,2193,1.68201,0
1776813455100694362,1.41383,0.046875,0.31315,0.046875,1.73962,1.70362,10,2193,1.68201,0
1776813455105703765,1.414,0.046875,0.31332,0.046875,1.73962,1.70362,10,2193,1.68201,0
1776813455110673021,1.414,0.0839844,0.31332,0.0839844,1.6904,1.7258,10,2193,1.68201,0
1776813455115686109,1.41485,0.0839844,-0.314152,0.0839844,1.6904,1.7258,10,2193,1.68201,0
1776813455120687123,1.41485,0.103516,-0.314152,0.103516,1.62638,1.74203,10,2193,1.68201,0
1776813455125688452,1.41536,0.103516,-0.313643,0.103516,1.62638,1.74203,10,2193,1.68201,0
1776813455130686670,1.41536,0.173828,-0.313643,0.173828,1.71414,1.78517,10,2193,1.68201,0
1776813455135695776,1.41738,0.173828,-0.311619,0.173828,1.71414,1.78517,10,2193,1.68201,0
1776813455140686846,1.41738,0.185547,-0.311619,0.185547,1.70033,1.80405,10,2193,1.68201,0
1776813455145691009,1.41738,0.185547,-0.311619,0.185547,1.70033,1.80405,10,2193,1.68201,0
1776813455150689504,1.41856,0.185547,-0.310441,0.185547,1.77514,1.81114,10,2193,1.68201,0
1776813455155701426,1.41856,0.265625,-0.310441,0.265625,1.77514,1.81114,10,2193,1.68201,0
1776813455160687292,1.42297,0.265625,-0.306034,0.265625,1.81889,1.88329,10,2193,1.68201,0
1776813455165758972,1.42297,0.314453,-0.306034,0.314453,1.81889,1.88329,10,2193,1.68201,0
1776813455170699024,1.42601,0.314453,-0.302991,0.314453,1.76414,1.9294,10,2194,1.68278,0.153153
1776813455175699224,1.42601,0.339844,-0.302224,0.492997,1.76414,1.9294,10,2194,1.68278,0
1776813455180682683,1.42752,0.339844,-0.300709,0.339844,1.84086,1.95296,10,2195,1.68354,0.153337
1776813455185682623,1.42752,0.427734,-0.299942,0.581072,1.84086,1.95296,10,2195,1.68354,0
1776813455190718636,1.43345,0.427734,-0.294018,0.427734,2.03031,2.03856,10,2196,1.68431,0.153429
1776813455195692688,1.43345,0.455078,-0.293251,0.608507,2.03031,2.03856,10,2197,1.68508,0.153368
1776813455200705647,1.43566,0.455078,-0.290277,0.608446,1.97445,2.06736,10,2198,1.68584,0
1776813455205679365,1.43566,0.5625,-0.28951,0.5625,1.97445,2.06736,10,2198,1.68584,0.153399
1776813455210668694,1.44328,0.5625,-0.28188,0.715899,2.04017,2.17418,10,2199,1.68661,0.153399
1776813455215680301,1.44328,0.601562,-0.281113,0.754961,2.04017,2.17418,10,2200,1.68738,0.153368
1776813455220681278,1.44328,0.601562,-0.280346,0.75493,1.93007,2.19644,10,2202,1.68891,0.153399
1776813455225683329,1.44616,0.601562,-0.275934,0.754961,1.93007,2.19644,10,2203,1.68968,0.306797
1776813455230687603,1.44616,0.669922,-0.275167,0.976719,2.15505,2.25257,10,2205,1.69121,0.153399
1776813455235678321,1.45858,0.669922,-0.261214,0.82332,2.15505,2.25257,10,2206,1.69198,0.30692
1776813455240680502,1.45858,0.683594,-0.260448,0.990514,2.2293,2.33423,10,2208,1.69351,0.153399
1776813455245679016,1.4625,0.683594,-0.254992,0.836992,2.2293,2.33423,10,2209,1.69428,0.306736
1776813455250688382,1.4625,0.791016,-0.254225,1.09775,2.19478,2.41872,10,2212,1.69658,0.306797
1776813455255683304,1.47294,0.791016,-0.24149,1.09781,2.19478,2.41872,10,2214,1.69812,0.306797
1776813455260662355,1.47294,0.806641,-0.239956,1.11344,2.26697,2.48935,10,2217,1.70042,0.460288
1776813455265676036,1.47757,0.806641,-0.233027,1.26693,2.26697,2.48935,10,2219,1.70195,0.460104
1776813455270713346,1.47757,0.748047,-0.231493,1.20815,2.46531,2.48327,10,2223,1.70502,0.460264
1776813455275682675,1.48875,0.748047,-0.217244,1.20831,2.46531,2.48327,10,2225,1.70655,0.460196
1776813455280724615,1.48875,0.728516,-0.21571,1.18871,2.44856,2.53792,10,2230,1.71039,0.613594
1776813455285687833,1.49306,0.728516,-0.20756,1.34211,2.44856,2.53792,10,2233,1.71269,0.460104
1776813455290684144,1.49306,0.662109,-0.205259,1.12221,2.39889,2.52539,10,2238,1.71652,0.613594
1776813455295681955,1.49306,0.662109,-0.201424,1.2757,2.39889,2.52539,10,2241,1.71883,0.766993
1776813455300682154,1.50292,0.662109,-0.18926,1.4291,2.36562,2.58311,10,2246,1.72266,0.613717
1776813455305685446,1.50292,0.535156,-0.185425,1.14887,2.36562,2.58311,10,2252,1.72726,0.766993
1776813455310662331,1.51197,0.535156,-0.17178,1.30215,2.39166,2.5635,10,2258,1.73186,0.920023
1776813455315672456,1.51197,0.457031,-0.167178,1.37705,2.39166,2.5635,10,2263,1.7357,0.767299
1776813455320701840,1.51493,0.457031,-0.160384,1.22433,2.74757,2.53619,10,2270,1.74107,1.07357
1776813455325684133,1.51493,0.244141,-0.155015,1.31772,2.74757,2.53619,10,2275,1.7449,0.920207
1776813455330676054,1.51964,0.244141,-0.146471,1.16435,2.59526,2.44221,10,2282,1.75027,0.920551
1776813455335674883,1.51964,0.197266,-0.141102,1.11782,2.59526,2.44221,10,2289,1.75564,1.07379
1776813455340674638,1.52103,0.197266,-0.134334,1.27106,2.47398,2.42362,10,2296,1.76101,0.920207
1776813455345743244,1.52103,0.148438,-0.128965,1.06864,2.47398,2.42362,10,2303,1.76638,1.22768
1776813455350692056,1.52332,0.148438,-0.121309,1.37612,2.3087,2.40906,10,2311,1.77251,1.07357
1776813455355683551,1.52332,0.105469,-0.115173,1.17904,2.3087,2.40906,10,2319,1.77865,1.22719
1776813455360662807,1.52403,0.105469,-0.108329,1.33266,2.44343,2.38867,10,2328,1.78555,1.38086
1776813455365672284,1.52403,-0.0527344,-0.101426,1.32813,2.44343,2.38867,10,2336,1.79169,1.38029
1776813455370683242,1.52403,-0.0527344,-0.0952899,1.32755,2.38657,2.2985,10,2345,1.79859,1.22719
1776813455375679220,1.52441,-0.0527344,-0.0880078,1.17445,2.38657,2.2985,10,2352,1.80396,1.38059
1776813455380683567,1.52441,-0.107422,-0.0826389,1.27316,2.42249,2.26952,10,2363,1.8124,1.37838
1776813455385679322,1.5232,-0.107422,-0.0754108,1.27096,2.42249,2.26952,10,2369,1.817,1.2294
1776813455390680133,1.5232,-0.101562,-0.0708089,1.12784,2.34476,2.26585,10,2380,1.82544,1.38031
1776813455395765090,1.52216,-0.101562,-0.063408,1.27875,2.34476,2.26585,10,2387,1.83081,1.38084
1776813455400696216,1.52216,-0.148438,-0.0580392,1.2324,2.17529,2.23312,10,2399,1.84001,1.38059
1776813455405776581,1.52095,-0.148438,-0.0500463,1.23215,2.17529,2.23312,10,2405,1.84461,1.38031
1776813455410750114,1.52095,-0.185547,-0.0454444,1.19476,2.17953,2.20494,10,2416,1.85305,1.38031
1776813455415703074,1.51922,-0.185547,-0.0387365,1.19476,2.17953,2.20494,10,2423,1.85842,1.53245
1776813455420687922,1.51922,-0.169922,-0.0333675,1.36253,2.12913,2.20381,10,2436,1.86839,1.38225
1776813455425680825,1.5175,-0.169922,-0.0251231,1.21232,2.12913,2.20381,10,2443,1.87376,1.53396
1776813455430683672,1.5175,-0.158203,-0.0197543,1.37576,2.32141,2.20046,10,2455,1.88296,1.53399
1776813455435693964,1.51594,-0.158203,-0.0121069,1.37578,2.32141,2.20046,10,2462,1.88833,1.38031
1776813455440690867,1.51594,-0.179688,-0.00673795,1.20062,2.1403,2.17916,10,2475,1.8983,1.68772
1776813455445690493,1.51594,-0.179688,0.00323296,1.50803,2.1403,2.17916,10,2483,1.90444,1.53399
1776813455450680655,1.51421,-0.179688,0.00763309,1.3543,2.05878,2.16907,10,2494,1.91287,1.53399
1776813455455680058,1.51421,-0.173828,0.0160699,1.36016,2.05878,2.16907,10,2506,1.92208,1.6877
1776813455460704091,1.51142,-0.173828,0.0224869,1.51387,2.33246,2.15618,10,2516,1.92975,1.53399
1776813455465693402,1.51142,-0.197266,0.0301569,1.33672,2.33246,2.15618,10,2526,1.93742,1.53368
1776813455470707027,1.50967,-0.197266,0.0360742,1.33641,2.09417,2.13261,10,2536,1.94509,1.53399
1776813455475692300,1.50967,-0.181641,0.0437441,1.35234,2.09417,2.13261,10,2546,1.95276,1.53368
1776813455480705944,1.50773,-0.181641,0.0494816,1.35204,2.08672,2.13025,10,2557,1.96119,1.53427
1776813455485694551,1.50773,-0.150391,0.0579184,1.38388,2.08672,2.13025,10,2566,1.9681,1.68637
1776813455490694917,1.50615,-0.150391,0.0632424,1.53598,2.1381,2.13885,10,2578,1.9773,1.53491
1776813455495687561,1.50615,-0.154297,0.0724463,1.38061,2.1381,2.13885,10,2587,1.9842,1.53429
1776813455500693335,1.50458,-0.154297,0.0777737,1.38,2.11961,2.12743,10,2598,1.99264,1.68671
1776813455505678590,1.50458,-0.144531,0.0862106,1.54218,2.11961,2.12743,10,2608,2.00031,1.53427
1776813455510656660,1.50388,-0.144531,0.0931782,1.38974,2.10953,2.12889,10,2620,2.00951,1.68738
1776813455515675322,1.50388,-0.0917969,0.102382,1.59559,2.10953,2.12889,10,2629,2.01642,1.53399
1776813455520678355,1.50388,-0.0917969,0.109285,1.44219,2.14727,2.15895,10,2640,2.02485,1.68772
1776813455525683702,1.5021,-0.0917969,0.115943,1.59592,2.14727,2.15895,10,2648,2.03099,1.53368
1776813455530678735,1.5021,-0.109375,0.122079,1.4243,2.13589,2.13854,10,2661,2.04096,1.53368
1776813455535686638,1.50067,-0.109375,0.130624,1.4243,2.13589,2.13854,10,2669,2.0471,1.68772
1776813455540696559,1.50067,-0.107422,0.13676,1.5803,2.22469,2.13132,10,2683,2.05784,1.68705
1776813455545692092,1.49961,-0.107422,0.146434,1.57962,2.22469,2.13132,10,2691,2.06397,1.68801
1776813455550676922,1.49961,-0.123047,0.15257,1.56496,2.07276,2.11619,10,2705,2.07471,1.68705
1776813455555688251,1.49839,-0.123047,0.162087,1.564,2.07276,2.11619,10,2714,2.08161,1.84078
1776813455560656969,1.49839,-0.136719,0.16899,1.70406,2.02219,2.10126,10,2729,2.09312,1.84041
1776813455565675835,1.49716,-0.136719,0.179268,1.7037,2.02219,2.10126,10,2738,2.10002,1.84078
1776813455570677923,1.49716,-0.136719,0.186171,1.70406,2.11234,2.09407,10,2753,2.11152,1.84152
1776813455575685419,1.49577,-0.136719,0.196285,1.7048,2.11234,2.09407,10,2762,2.11843,1.84041
1776813455580677692,1.49577,-0.144531,0.203188,1.69588,1.99263,2.08148,10,2777,2.12993,1.84078
1776813455585681003,1.49438,-0.144531,0.213299,1.69625,1.99263,2.08148,10,2786,2.13684,1.84078
1776813455590677850,1.49438,-0.154297,0.220202,1.68649,2.16925,2.06775,10,2802,2.14911,1.99413
1776813455595743252,1.49438,-0.154297,0.232474,1.83984,2.16925,2.06775,10,2812,2.15678,1.99458
1776813455600702267,1.49282,-0.154297,0.238586,1.84028,2.02657,2.05861,10,2827,2.16828,2.14672
1776813455605689967,1.49282,-0.181641,0.250091,1.96508,2.02657,2.05861,10,2842,2.17979,2.14801
1776813455610661389,1.4911,-0.181641,0.259874,1.96637,2.20545,2.03293,10,2859,2.19283,2.14715
1776813455615674811,1.4911,-0.234375,0.272913,1.91277,2.20545,2.03293,10,2872,2.2028,2.3019
1776813455620732750,1.48801,-0.234375,0.279792,2.06752,1.99432,1.98472,10,2889,2.21584,2.30006
1776813455625692931,1.48801,-0.257812,0.292831,2.04225,1.99432,1.98472,10,2903,2.22657,2.45487
1776813455630686057,1.48681,-0.257812,0.302371,2.19705,1.99496,1.96432,10,2916,2.23654,1.99413
1776813455635682256,1.48681,-0.263672,0.312341,1.73046,1.99496,1.96432,10,2920,2.23961,1.22743
1776813455640689493,1.48268,-0.263672,0.311284,0.963762,2.03421,1.93673,10,2917,2.23731,-0.153368
1776813455645677174,1.48268,1.63086,0.308983,1.47749,2.03421,1.93673,10,2911,2.23271,-1.074
1776813455650682299,1.48805,1.63086,0.309749,0.556855,2.65574,3.04817,10,2906,2.22887,-0.766839
1776813455655681610,1.48805,2.9707,0.305914,2.20386,2.65574,3.04817,10,2904,2.22734,-0.306797
1776813455660657865,1.51417,2.9707,-0.297822,2.66391,2.68408,3.96456,10,2904,2.22734,-0.153351
1776813455665673471,1.51417,1.74805,-0.297822,1.5947,2.68408,3.96456,10,2908,2.23041,0.306688
1776813455670683893,1.51417,1.74805,-0.294754,2.05473,2.77264,3.26765,10,2914,2.23501,0.920023
1776813455675685833,1.53733,1.74805,-0.266991,2.66807,2.77264,3.26765,10,2919,2.23884,0.921128
1776813455680689903,1.53733,0.996094,-0.263156,1.91722,2.39179,2.97324,10,2928,2.24575,1.07379
1776813455685684510,1.55073,0.996094,-0.242854,2.06988,2.39179,2.97324,10,2934,2.25035,1.2267
1776813455690746819,1.55073,0.621094,-0.238252,1.84779,2.45109,2.83662,10,2945,2.25879,1.38059
1776813455695755037,1.56199,0.621094,-0.218548,2.00168,2.45109,2.83662,10,2952,2.26416,1.38086
1776813455700720978,1.56199,0.5625,-0.213179,1.94336,2.92622,2.86779,10,2964,2.27336,1.38059
1776813455705694066,1.56486,0.5625,-0.20111,1.94309,2.92622,2.86779,10,2971,2.27873,1.53399
1776813455710671026,1.56486,0.376953,-0.195741,1.91094,3.03235,2.7784,10,2985,2.28947,1.68772
1776813455715678855,1.57188,0.376953,-0.177985,2.06467,3.03235,2.7784,10,2993,2.2956,1.68671
1776813455720681332,1.57188,0.230469,-0.171849,1.91718,3.1742,2.73495,10,3008,2.30711,1.84078
1776813455725688827,1.57333,0.230469,-0.158894,2.07125,3.1742,2.73495,10,3018,2.31478,1.99453
1776813455730678305,1.57333,-0.216797,-0.151224,1.77773,2.77535,2.48826,10,3034,2.32705,1.84078
1776813455735722337,1.57336,-0.216797,-0.138919,1.62399,2.77535,2.48826,10,3044,2.33395,1.99378
1776813455740697407,1.57336,-0.289062,-0.13125,1.70472,2.35684,2.44726,10,3060,2.34699,2.14801
1776813455745697421,1.57336,-0.289062,-0.118978,1.85895,2.35684,2.44726,10,3070,2.35466,1.99418
1776813455750707028,1.57192,-0.289062,-0.112749,1.70512,2.41608,2.43905,10,3086,2.36693,2.14715
1776813455755683579,1.57192,-0.345703,-0.100477,1.80145,2.41608,2.43905,10,3102,2.3792,2.3019
1776813455760661779,1.567,-0.345703,-0.0931249,1.9562,2.33628,2.37871,10,3119,2.39224,2.30098
1776813455765680293,1.567,-0.505859,-0.080086,1.79512,2.33628,2.37871,10,3133,2.40298,2.30047
1776813455770679474,1.56084,-0.505859,-0.0755049,1.79461,2.58982,2.25224,10,3149,2.41525,2.45487
1776813455775680359,1.56084,-0.587891,-0.063233,1.86698,2.58982,2.25224,10,3163,2.42599,2.30052
1776813455780676651,1.55868,-0.587891,-0.0546626,1.71263,2.40977,2.19308,10,3179,2.43826,2.30144
1776813455785684943,1.55868,-0.736328,-0.0423907,1.56511,2.40977,2.19308,10,3193,2.449,2.30098
1776813455790679513,1.54794,-0.736328,-0.0423928,1.56465,2.31145,2.04685,10,3206,2.45897,2.30006
1776813455795680990,1.54794,-0.751953,-0.0324219,1.5481,2.31145,2.04685,10,3221,2.47048,2.45536
1776813455800678337,1.54491,-0.751953,-0.0239404,1.70341,2.07881,2.02056,10,3238,2.48351,2.45384
1776813455805689259,1.54491,-0.767578,-0.0109018,1.68626,2.07881,2.02056,10,3256,2.49732,2.30098
1776813455810660274,1.53266,-0.767578,-0.00935028,1.5334,2.05842,1.94098,10,3273,2.51036,2.45389
1776813455815674084,1.53266,-0.759766,0.00368859,1.69412,2.05842,1.94098,10,3287,2.5211,2.45241
1776813455820690968,1.53266,-0.759766,0.0144265,1.69265,1.93868,1.94543,10,3303,2.53337,2.30328
1776813455825759963,1.52892,-0.759766,0.022966,1.54352,1.93868,1.94543,10,3315,2.54181,2.30098
1776813455830697996,1.52892,-0.759766,0.022966,1.54352,1.93868,1.94543,10,3315,2.54181,2.30098
1776813455835682900,1.51414,-0.707031,0.0419288,1.90017,2.02988,1.9539,10,3355,2.57325,2.60721
1776813455840694877,1.51414,-0.701172,0.0480647,1.90603,1.99005,1.87144,10,3371,2.58552,2.6083
1776813455845846277,1.50715,-0.701172,0.0533464,1.90712,1.99005,1.87144,10,3384,2.5955,2.45487
1776813455850742516,1.50715,-0.712891,0.0633173,1.74198,1.99392,1.82404,10,3401,2.60853,2.60777
1776813455855685383,1.50001,-0.712891,0.0692166,1.89488,1.99392,1.82404,10,3413,2.61774,2.60725
1776813455860711378,1.50001,-0.695312,0.0784205,1.91194,1.93954,1.79235,10,3433,2.63308,2.45438
1776813455865700744,1.49307,-0.695312,0.0868213,1.75906,1.93954,1.79235,10,3445,2.64228,2.45389
1776813455870703203,1.49307,-0.636719,0.0960252,1.81717,1.73559,1.78512,10,3466,2.65839,2.45482
1776813455875704310,1.48632,-0.636719,0.105385,1.8181,1.73559,1.78512,10,3478,2.66759,2.60725
1776813455880705639,1.48632,-0.566406,0.114589,2.04085,1.93067,1.78559,10,3500,2.68447,2.60882
1776813455885693153,1.48029,-0.566406,0.125432,2.04241,1.93067,1.78559,10,3512,2.69367,2.60725
1776813455890687871,1.48029,-0.515625,0.134636,2.09163,1.63507,1.77906,10,3534,2.71054,2.60725
1776813455895697348,1.48029,-0.515625,0.15151,2.09163,1.63507,1.77906,10,3545,2.71898,2.45487
1776813455900685122,1.4748,-0.515625,0.154456,1.93924,1.82957,1.74668,10,3563,2.73279,2.45438
1776813455905691636,1.4748,-0.515625,0.154456,1.93924,1.82957,1.74668,10,3563,2.73279,2.45438
1776813455910664762,1.4671,-0.515625,0.185106,2.09267,1.64695,1.74668,10,3603,2.76347,2.6083
1776813455915688609,1.4671,-0.507812,0.191242,2.10048,1.64695,1.74668,10,3617,2.7742,2.45389
1776813455920682012,1.46199,-0.507812,0.196863,1.94607,1.82612,1.67533,10,3632,2.78571,2.6083
1776813455925687804,1.46199,-0.458984,0.208367,2.14931,1.82612,1.67533,10,3647,2.79721,2.60725
1776813455930689152,1.45721,-0.458984,0.215098,2.14827,1.79779,1.67484,10,3665,2.81102,2.45536
1776813455935693925,1.45721,-0.394531,0.228904,2.06083,1.79779,1.67484,10,3682,2.82406,2.30047
1776813455940691828,1.45295,-0.394531,0.237685,1.90594,1.62923,1.68627,10,3695,2.83403,2.45438
1776813455945694657,1.45295,-0.357422,0.247656,2.09695,1.62923,1.68627,10,3710,2.84553,2.30144
1776813455950691635,1.44921,-0.357422,0.255414,1.94402,1.84112,1.68513,10,3724,2.85627,2.45389
1776813455955704963,1.44921,-0.349609,0.266152,2.10428,1.84112,1.68513,10,3743,2.87085,2.60777
1776813455960663034,1.44784,-0.349609,0.279355,2.25817,1.58723,1.68143,10,3761,2.88465,2.60777
1776813455965675474,1.44784,-0.326172,0.293161,2.2816,1.58723,1.68143,10,3777,2.89692,2.6083
1776813455970678118,1.44224,-0.326172,0.309803,2.12816,1.56796,1.69479,10,3794,2.90996,2.45433
1776813455975683410,1.44224,-0.326172,0.309803,2.12816,1.56796,1.69479,10,3794,2.90996,2.45433
1776813455980681905,1.43903,-0.310547,0.309661,-0.463945,1.67688,1.67029,10,3791,2.90766,-0.153399
1776813455985686494,1.43903,-0.310547,0.309661,-0.463945,1.67688,1.67029,10,3791,2.90766,-0.153399
1776813455990686397,1.45118,3.16406,0.309541,2.09011,2.53675,3.63165,10,3777,2.89692,-1.07396
1776813455995691392,1.45118,3.78125,0.308774,2.70729,2.53675,3.63165,10,3775,2.89539,-0.460196
1776813456000676851,1.47339,3.78125,-0.298871,3.32105,2.74964,4.18754,10,3774,2.89462,-0.306736
1776813456005679218,1.47339,2.80469,-0.299638,2.49795,2.74964,4.18754,10,3777,2.89692,0.306736
1776813456010671232,1.48493,2.80469,-0.285792,3.11142,2.70701,3.69893,10,3782,2.90076,0.767299
1776813456015685598,1.48493,1.36914,-0.281957,2.13644,2.70701,3.69893,10,3788,2.90536,0.766792
1776813456020701261,1.51858,1.36914,-0.243707,2.13593,2.3639,3.07734,10,3794,2.90996,0.920207
1776813456025676738,1.51858,1.24023,-0.239105,2.16044,2.3639,3.07734,10,3800,2.91456,0.920391
1776813456030686679,1.5249,1.24023,-0.228187,2.16063,2.42134,3.04051,10,3808,2.9207,1.074
1776813456035680804,1.5249,1,-0.222051,2.074,2.42134,3.04051,10,3815,2.92607,1.074
1776813456040690448,1.54095,1,-0.195257,2.38031,2.89599,2.90358,10,3826,2.93451,1.38031
1776813456045684037,1.54095,0.619141,-0.19219,1.99945,2.89599,2.90358,10,3834,2.94064,1.38086
1776813456050686940,1.55291,0.619141,-0.174092,2,3.29921,2.84806,10,3844,2.94831,1.53368
1776813456055680751,1.55291,0.429688,-0.166422,1.96337,3.29921,2.84806,10,3854,2.95598,1.68738
1776813456060661303,1.55612,0.429688,-0.155546,2.11707,3.30147,2.75846,10,3867,2.96595,1.84115
1776813456065674058,1.55612,0.271484,-0.145575,2.11263,3.30147,2.75846,10,3879,2.97516,1.99179
1776813456070703053,1.55807,0.271484,-0.13442,2.26327,2.71237,2.67946,10,3893,2.98589,1.84226
1776813456075706179,1.55807,-0.0332031,-0.123682,1.80905,2.71237,2.67946,10,3908,2.9974,2.14796
1776813456080699619,1.55913,-0.0332031,-0.111116,2.11476,2.3855,2.51186,10,3920,3.0066,1.99458
1776813456085703707,1.55913,-0.0664062,-0.101912,1.92817,2.3855,2.51186,10,3936,3.01887,2.14758
1776813456090694278,1.55859,-0.0664062,-0.0901856,2.08117,2.45386,2.48982,10,3949,3.02885,2.14672
1776813456095721347,1.55859,-0.173828,-0.0802147,1.97289,2.45386,2.48982,10,3963,3.03958,2.30144
1776813456100703992,1.55734,-0.173828,-0.0707258,2.12761,2.43427,2.42143,10,3978,3.05109,2.6083
1776813456105690580,1.55734,-0.285156,-0.0592209,2.32314,2.43427,2.42143,10,3994,3.06336,2.60777
1776813456110661947,1.55644,-0.285156,-0.0332697,2.47597,2.58087,2.35798,10,4021,3.08407,2.76113
1776813456115677461,1.55644,-0.285156,-0.0332697,2.47597,2.58087,2.35798,10,4021,3.08407,2.76113
1776813456120681920,1.54682,-0.658203,-0.0160477,2.10076,2.38472,2.14022,10,4056,3.11091,2.75897
1776813456125693434,1.54682,-0.679688,-0.00991176,2.07928,2.38472,2.14022,10,4071,3.12242,2.6083
1776813456130678319,1.54235,-0.679688,-0.00287626,1.92861,2.42116,2.04702,10,4086,3.13392,2.45585
1776813456135705463,1.54235,-0.685547,0.00862864,1.7703,2.42116,2.04702,10,4102,3.14619,2.76062
1776813456140681070,1.5356,-0.685547,0.0141454,2.07507,2.18739,2.00472,10,4118,3.15847,2.76223
1776813456145682789,1.5356,-0.703125,0.0264171,2.05911,2.18739,2.00472,10,4135,3.17151,2.76117
1776813456150724154,1.53329,-0.703125,0.0371498,2.05805,2.02196,1.98138,10,4154,3.18608,2.91108
1776813456155709539,1.53329,-0.695312,0.0517227,2.21577,2.02196,1.98138,10,4174,3.20142,2.76062
1776813456160690480,1.5215,-0.695312,0.0552712,2.06531,2.04017,1.91755,10,4189,3.21292,2.45782
1776813456165684957,1.5215,-0.683594,0.0667761,1.77422,2.04017,1.91755,10,4208,3.2275,2.60673
1776813456170677676,1.51941,-0.683594,0.0792557,1.92314,1.83627,1.91208,10,4227,3.24207,2.6083
1776813456175684560,1.51941,-0.775391,0.0938284,1.83291,1.83627,1.91208,10,4248,3.25818,2.91511
1776813456180690797,1.51941,-0.775391,0.109935,2.13972,1.93651,1.85975,10,4264,3.27045,2.76062
1776813456185703015,1.5051,-0.775391,0.107902,1.98523,1.93651,1.85975,10,4278,3.28042,2.91515
1776813456190697159,1.5051,-0.814453,0.11864,2.1007,2.05471,1.75419,10,4301,3.29883,2.91108
1776813456195725525,1.49532,-0.814453,0.126502,2.09663,2.05471,1.75419,10,4314,3.3088,2.61039
1776813456200708743,1.49532,-0.796875,0.136473,1.81351,1.81923,1.70702,10,4336,3.32567,2.76168
1776813456205711406,1.49151,-0.796875,0.149529,1.9648,1.81923,1.70702,10,4349,3.33564,2.60673
1776813456210672958,1.49151,-0.689453,0.1595,1.91728,1.85944,1.74587,10,4372,3.35328,2.91574
1776813456215680009,1.4801,-0.689453,0.165734,2.22628,1.85944,1.74587,10,4387,3.36479,2.91399
1776813456220691468,1.4801,-0.654297,0.177239,2.25969,1.87592,1.69886,10,4411,3.38319,2.91457
1776813456225685094,1.47821,-0.654297,0.193756,2.26027,1.87592,1.69886,10,4425,3.39393,2.91515
1776813456230694571,1.47821,-0.601562,0.204494,2.31359,1.59579,1.71778,10,4449,3.41234,2.91452
1776813456235692271,1.4676,-0.601562,0.212293,2.31296,1.59579,1.71778,10,4462,3.42231,2.91457
1776813456240687544,1.4676,-0.617188,0.222264,2.29738,1.54688,1.64623,10,4488,3.44225,3.06736
1776813456245783038,1.46589,-0.617188,0.240493,2.45017,1.54688,1.64623,10,4503,3.45376,3.06797
1776813456250702129,1.46589,-0.634766,0.251998,2.4332,1.54482,1.62607,10,4530,3.47447,3.37409
1776813456255683088,1.46589,-0.634766,0.272707,2.73933,1.54482,1.62607,10,4545,3.48597,3.22008
1776813456260750953,1.45477,-0.634766,0.273093,2.58532,1.50186,1.56012,10,4566,3.50208,3.07038
1776813456265693116,1.45477,-0.578125,0.289199,2.49225,1.50186,1.56012,10,4589,3.51972,2.91399
1776813456270727778,1.44557,-0.578125,0.297643,2.33586,1.49733,1.53766,10,4606,3.53276,3.06797
1776813456275712701,1.44557,-0.560547,0.310681,2.50742,1.49733,1.53766,10,4623,3.5458,2.91457
1776813456280712771,1.44405,-0.560547,-0.306122,2.35402,1.52703,1.53859,10,4634,3.55423,1.68772
1776813456285698415,1.44405,-0.136719,-0.297685,1.551,1.52703,1.53859,10,4628,3.54963,-0.306797
1776813456290692707,1.43578,-0.136719,-0.310556,-0.443516,2.02298,1.73077,10,4618,3.54196,-1.84078
1776813456295681926,1.43578,1.37305,0.310093,-0.467735,2.02298,1.73077,10,4612,3.53736,-0.920391
1776813456300697273,1.4373,1.37305,0.307013,0.452656,2.66731,2.60044,10,4608,3.53429,-0.613471
1776813456305759953,1.4373,2.88867,0.303945,2.2752,2.66731,2.60044,10,4608,3.53429,-0.153429
1776813456310718598,1.48945,2.88867,-0.27222,2.73524,2.11537,3.77336,10,4612,3.53736,0.460196
1776813456315702964,1.48945,2.32227,-0.269152,2.78246,2.11537,3.77336,10,4618,3.54196,0.766686
1776813456320704997,1.49656,2.32227,-0.257441,3.08895,1.93947,3.49219,10,4625,3.54733,0.920759
1776813456325702938,1.49656,1.51367,-0.252072,2.43443,1.93947,3.49219,10,4631,3.55193,1.07336
1776813456330682341,1.50888,1.51367,-0.231318,2.43425,2.15951,3.03129,10,4639,3.55807,0.920575
1776813456335686041,1.50888,1.51367,-0.231318,2.43425,2.15951,3.03129,10,4639,3.55807,0.920575
1776813456340703944,1.52533,1.2793,-0.203367,2.50624,2.55134,2.96967,10,4655,3.57034,1.22694
1776813456345747754,1.52533,1.07227,-0.200299,2.29921,2.55134,2.96967,10,4664,3.57724,1.38082
1776813456350705028,1.53736,1.07227,-0.181363,2.45308,3.0732,3.01684,10,4673,3.58415,1.53399
1776813456355701617,1.53736,0.662109,-0.17446,2.19609,3.0732,3.01684,10,4684,3.59258,1.53368
1776813456360665706,1.54627,0.662109,-0.157114,2.19579,3.44126,2.83438,10,4693,3.59949,1.53429
1776813456365702109,1.54627,0.480469,-0.15021,2.01476,3.44126,2.83438,10,4704,3.60792,1.83747
1776813456370681587,1.54895,0.480469,-0.13142,2.1709,3.30046,2.73085,10,4720,3.62019,1.69043
1776813456375677009,1.54895,0.480469,-0.13142,2.1709,3.30046,2.73085,10,4720,3.62019,1.69043
1776813456380682467,1.55252,-0.0175781,-0.107142,2.12614,2.83379,2.46239,10,4747,3.6409,2.14372
1776813456385680241,1.55252,-0.115234,-0.102541,2.02849,2.83379,2.46239,10,4760,3.65087,2.15102
1776813456390680626,1.55178,-0.115234,-0.0933118,2.03579,2.447,2.42296,10,4773,3.66085,2.30144
1776813456395695733,1.55178,-0.125,-0.0833412,2.17644,2.447,2.42296,10,4787,3.67158,2.30047
1776813456400688303,1.55104,-0.125,-0.0733459,2.17547,2.10652,2.41313,10,4801,3.68232,2.30052
1776813456405694113,1.55104,-0.166016,-0.062608,2.1345,2.10652,2.41313,10,4818,3.69536,2.45536
1776813456410663851,1.54941,-0.166016,-0.0511916,2.28934,2.29343,2.38043,10,4832,3.7061,2.45389
1776813456415673939,1.54941,-0.222656,-0.0404537,2.23123,2.29343,2.38043,10,4847,3.7176,2.30144
1776813456420681138,1.54906,-0.222656,-0.0154996,2.53852,2.66288,2.34814,10,4873,3.73754,2.76117
1776813456425691986,1.54906,-0.222656,-0.0154996,2.53852,2.66288,2.34814,10,4873,3.73754,2.76117
1776813456430692389,1.54906,-0.607422,-0.00936369,2.15375,2.33438,2.12678,10,4910,3.76592,2.91108
1776813456435677682,1.54102,-0.607422,0.0109762,2.30366,2.33438,2.12678,10,4924,3.77666,2.76449
1776813456440681307,1.54102,-0.652344,0.0217141,2.11215,2.36955,2.05492,10,4943,3.79123,2.9105
1776813456445678007,1.53463,-0.652344,0.0298986,2.25815,2.36955,2.05492,10,4956,3.8012,2.61039
1776813456450690836,1.53463,-0.65625,0.0398695,1.95414,2.00525,2.01584,10,4980,3.81961,2.91515
1776813456455687054,1.5281,-0.65625,0.0517465,2.2589,2.00525,2.01584,10,4993,3.82958,2.91452
1776813456460661125,1.5281,-0.623047,0.0617172,2.29148,1.88359,1.997,10,5019,3.84952,3.06736
1776813456465671880,1.5216,-0.623047,0.0751581,2.44431,1.88359,1.997,10,5034,3.86103,3.06858
1776813456470693968,1.5216,-0.636719,0.0866629,2.43187,2.05234,1.95152,10,5060,3.88097,3.22201
1776813456475696427,1.51546,-0.636719,0.100461,2.58529,2.05234,1.95152,10,5075,3.89248,3.06797
1776813456480694756,1.51546,-0.679688,0.111966,2.38828,1.77008,1.89134,10,5101,3.91242,3.06736
1776813456485684715,1.5088,-0.679688,0.125248,2.38767,1.77008,1.89134,10,5115,3.92316,3.22068
1776813456490682804,1.5088,-0.775391,0.135986,2.44529,1.8661,1.79801,10,5142,3.94386,3.22266
1776813456495679596,1.5088,-0.775391,0.156695,2.44727,1.8661,1.79801,10,5158,3.95614,3.22008
1776813456500683666,1.50163,-0.775391,0.161802,2.44469,1.71029,1.75618,10,5180,3.97301,3.22266
1776813456505683625,1.50163,-0.771484,0.178676,2.45117,1.71029,1.75618,10,5207,3.99372,3.06674
1776813456510674750,1.48586,-0.771484,0.18361,2.29526,1.69323,1.66595,10,5224,4.00676,3.06858
1776813456515676228,1.48586,-0.734375,0.196649,2.33421,1.69323,1.66595,10,5242,4.02056,2.91452
1776813456520687946,1.48206,-0.734375,0.206663,2.18015,1.53446,1.66479,10,5259,4.0336,3.06797
1776813456525678275,1.48206,-0.667969,0.219702,2.4,1.53446,1.66479,10,5283,4.05201,3.22068
1776813456530677364,1.47502,-0.667969,0.231067,2.55271,1.72898,1.66114,10,5301,4.06582,3.22206
1776813456535689915,1.47502,-0.658203,0.244873,2.56386,1.72898,1.66114,10,5325,4.08422,3.22197
1776813456540696800,1.4685,-0.658203,0.256757,2.56376,1.87477,1.62817,10,5343,4.09803,3.06736
1776813456545710647,1.4685,-0.710938,0.270563,2.35642,1.87477,1.62817,10,5366,4.11567,3.22206
1776813456550678199,1.45824,-0.710938,0.277942,2.51112,1.60056,1.5373,10,5385,4.13024,3.22068
1776813456555687936,1.45824,-0.722656,0.292514,2.49802,1.60056,1.5373,10,5408,4.14788,3.37274
1776813456560658506,1.45466,-0.722656,0.306573,2.65009,1.61002,1.50935,10,5415,4.15325,1.84226
1776813456565692168,1.45466,0.673828,0.311942,2.51608,1.61002,1.50935,10,5415,4.15325,0.306736
1776813456570679572,1.44819,0.673828,0.300105,-0.552134,2.07659,2.30535,10,5403,4.14405,-1.22596
1776813456575690049,1.44819,2.70703,0.296271,1.48107,2.07659,2.30535,10,5399,4.14098,-1.22866
1776813456580674841,1.45686,2.70703,0.301872,1.47837,2.76132,3.47735,10,5398,4.14021,-0.460059
1776813456585685559,1.45686,3.25391,0.301105,2.79385,2.76132,3.47735,10,5399,4.14098,0
1776813456590679426,1.4917,3.25391,-0.291607,3.25391,3.14721,3.99471,10,5403,4.14405,0.613471
1776813456595679940,1.4917,1.86328,-0.288539,2.47675,3.14721,3.99471,10,5412,4.15095,1.22719
1776813456600726176,1.51633,1.86328,-0.257001,3.09047,2.31298,3.34593,10,5420,4.15709,1.22694
1776813456605699284,1.51633,1.05273,-0.250865,2.27968,2.31298,3.34593,10,5431,4.16552,1.53429
1776813456610665058,1.53693,1.05273,-0.221828,2.58703,2.20409,3.00324,10,5438,4.17089,1.22719
1776813456615729460,1.53693,1.02734,-0.216459,2.25453,2.20409,3.00324,10,5449,4.17933,1.53429
1776813456620732623,1.54222,1.02734,-0.202732,2.56164,2.50628,3.01927,10,5459,4.187,1.68743
1776813456625689971,1.54222,0.787109,-0.195062,2.47454,2.50628,3.01927,10,5472,4.19697,1.687
1776813456630688837,1.55609,0.787109,-0.171218,2.47411,2.93578,2.96205,10,5483,4.20541,1.99453
1776813456635680963,1.55609,0.507812,-0.153577,2.50164,2.93578,2.96205,10,5502,4.21998,1.99383
1776813456640686089,1.55933,0.507812,-0.144973,2.50164,3.27017,2.82138,10,5515,4.22995,2.30047
1776813456645695288,1.55933,0.0488281,-0.135002,2.3493,3.27017,2.82138,10,5529,4.24069,2.45536
1776813456650684210,1.56328,0.0488281,-0.120311,2.50419,3.29733,2.58237,10,5543,4.25143,2.45389
1776813456655676762,1.56328,-0.078125,-0.109573,2.37576,3.29733,2.58237,10,5563,4.26677,2.60834
1776813456660704146,1.56329,-0.078125,-0.0942272,2.53022,2.74381,2.51004,10,5577,4.27751,2.60721
1776813456665695216,1.56329,-0.222656,-0.0834893,2.38455,2.74381,2.51004,10,5596,4.29208,2.45389
1776813456670703101,1.56076,-0.222656,-0.0714487,2.23123,2.35295,2.41318,10,5610,4.30282,2.60721
1776813456675696282,1.56076,-0.267578,-0.0607108,2.33963,2.35295,2.41318,10,5631,4.31892,2.60939
1776813456680682593,1.55949,-0.267578,-0.0458745,2.34181,2.24928,2.3803,10,5647,4.33119,2.91394
1776813456685693274,1.55949,-0.494141,-0.0336026,2.4198,2.24928,2.3803,10,5669,4.34807,2.9152
1776813456690763880,1.55394,-0.494141,-0.0222739,2.42106,2.37183,2.21939,10,5687,4.36187,3.21875
1776813456695731117,1.55394,-0.617188,-0.00846807,2.60156,2.37183,2.21939,10,5709,4.37875,2.91627
1776813456700689447,1.55107,-0.617188,0.00553567,2.29909,2.03584,2.13278,10,5726,4.39179,3.06797
1776813456705749368,1.55107,-0.826172,0.0185748,2.2418,2.03584,2.13278,10,5748,4.40866,2.9152
1776813456710717068,1.54018,-0.826172,0.0375915,2.24118,2.16454,2.01366,10,5775,4.42937,3.06736
1776813456715695898,1.54018,-0.847656,0.0452615,2.2197,2.16454,2.01366,10,5793,4.44318,3.22068
1776813456720687171,1.53098,-0.847656,0.049871,2.37302,2.14297,1.88564,10,5810,4.45621,3.06858
1776813456725695926,1.53098,-0.830078,0.0629097,2.23851,2.14297,1.88564,10,5829,4.47079,3.06858
1776813456730693182,1.52341,-0.830078,0.0699087,2.23851,2.19176,1.85179,10,5846,4.48383,3.06736
1776813456735702789,1.52341,-0.808594,0.0829473,2.25876,2.19176,1.85179,10,5868,4.5007,2.91511
1776813456740687229,1.51884,-0.808594,0.095254,2.10651,1.70018,1.83753,10,5886,4.51451,3.06797
1776813456745680466,1.51884,-0.804688,0.10906,2.26328,1.70018,1.83753,10,5910,4.53291,3.22142
1776813456750678647,1.51095,-0.804688,0.11958,2.41673,1.84072,1.79387,10,5930,4.54825,3.52741
1776813456755697365,1.51095,-0.833984,0.13492,2.69343,1.84072,1.79387,10,5955,4.56743,3.52389
1776813456760862710,1.50276,-0.833984,0.145899,2.68991,1.80482,1.72936,10,5975,4.58277,3.37882
1776813456765745689,1.50276,-0.929688,0.161239,2.44913,1.80482,1.72936,10,6000,4.60194,3.52892
1776813456770799740,1.49388,-0.929688,0.171541,2.59923,1.60351,1.62288,10,6021,4.61805,3.52812
1776813456775693349,1.49388,-0.972656,0.187648,2.55546,1.60351,1.62288,10,6050,4.64029,3.83338
1776813456780693400,1.48487,-0.972656,0.216983,2.86235,1.57004,1.59839,10,6082,4.66484,3.83501
1776813456785662508,1.48487,-0.933594,0.22542,2.90142,1.57004,1.59839,10,6103,4.68094,3.83645
1776813456790686374,1.47539,-0.933594,0.23205,2.90286,1.71182,1.51192,10,6123,4.69628,3.52821
1776813456795683684,1.47539,-0.808594,0.24739,2.71962,1.71182,1.51192,10,6145,4.71316,3.52741
1776813456800697995,1.46237,-0.808594,0.251242,2.71882,1.7377,1.50616,10,6165,4.7285,3.6823
1776813456805687695,1.46237,-0.779297,0.266582,2.903,1.7377,1.50616,10,6192,4.7492,3.52812
1776813456810675246,1.45793,-0.779297,0.282847,2.74882,1.7481,1.4965,10,6212,4.76454,3.52751
1776813456815672798,1.45793,-0.773438,0.298186,2.75407,1.7481,1.4965,10,6237,4.78372,3.37544
1776813456820686275,1.4506,-0.773438,0.31004,2.60201,1.34505,1.45632,10,6255,4.79752,3.37332
1776813456825681956,1.4506,-0.779297,-0.304473,2.59403,1.34505,1.45632,10,6270,4.80903,2.45389
1776813456830687823,1.44231,-0.779297,-0.301267,1.67459,1.45578,1.40351,10,6268,4.8075,0.306858
1776813456835683522,1.44231,2.50586,-0.302801,2.81272,1.45578,1.40351,10,6255,4.79752,-1.99453
1776813456840693759,1.44613,2.50586,-0.308944,0.511328,2.48682,3.29888,10,6249,4.79292,-1.07384
1776813456845686421,1.44613,4.18945,-0.313546,3.11562,2.48682,3.29888,10,6248,4.79216,-0.306702
1776813456850754101,1.46261,4.18945,-0.297834,4.18945,2.57119,4.25853,10,6249,4.79292,0
1776813456855700487,1.46261,2.15039,-0.297067,2.15039,2.57119,4.25853,10,6257,4.79906,0.766945
1776813456860674854,1.51096,2.15039,-0.242585,2.91734,2.90218,3.47831,10,6263,4.80366,1.22743
1776813456865677998,1.51096,1.48828,-0.237983,2.71571,2.90218,3.47831,10,6271,4.8098,1.07353
1776813456870717512,1.52716,1.48828,-0.215644,2.56181,2.36307,3.19502,10,6280,4.8167,1.5346
1776813456875701323,1.53406,1.2832,-0.196471,2.50941,2.36307,3.19502,10,6291,4.82514,1.22621
1776813456880681930,1.53406,1.02734,-0.193403,2.25355,2.27466,2.9722,10,6301,4.83281,1.68844
1776813456885701666,1.53974,1.02734,-0.180051,2.71579,2.27466,2.9722,10,6309,4.83894,1.68767
1776813456890692088,1.53974,0.935547,-0.173916,2.62322,2.69631,2.95267,10,6323,4.84968,1.68743
1776813456895698677,1.55095,0.935547,-0.151972,2.62298,2.69631,2.95267,10,6334,4.85812,1.99413
1776813456900683784,1.55095,0.691406,-0.143536,2.68554,3.25374,2.87798,10,6352,4.87192,2.14758
1776813456905684169,1.5588,0.691406,-0.121878,2.83899,3.25374,2.87798,10,6362,4.87959,2.30001
1776813456910672758,1.5588,0.150391,-0.114208,2.4504,3.17169,2.61462,10,6380,4.8934,2.14758
1776813456915697920,1.56274,0.150391,-0.0880253,2.45234,3.17169,2.61462,10,6399,4.90797,2.30195
1776813456920681694,1.56274,-0.0292969,-0.0818893,2.27265,2.96565,2.53474,10,6413,4.91871,2.60773
1776813456925677116,1.56313,-0.0292969,-0.0707661,2.57843,2.96565,2.53474,10,6425,4.92791,2.6073
1776813456930675297,1.56313,-0.164062,-0.0615622,2.44324,2.42361,2.46013,10,6447,4.94479,2.60773
1776813456935678459,1.56223,-0.164062,-0.0455834,2.44366,2.42361,2.46013,10,6460,4.95476,2.76117
1776813456940681400,1.56223,-0.216797,-0.0356123,2.54438,2.41993,2.42495,10,6484,4.97317,2.91452
1776813456945681599,1.5604,-0.216797,-0.0190331,2.69773,2.41993,2.42495,10,6498,4.9839,2.91462
1776813456950684614,1.5604,-0.408203,-0.00829522,2.50642,2.09138,2.30539,10,6525,5.00461,3.06797
1776813456955707035,1.557,-0.408203,0.00900587,2.65977,2.09138,2.30539,10,6542,5.01765,3.52882
1776813456960694568,1.557,-0.621094,0.0220445,2.90773,2.24314,2.16453,10,6572,5.04066,3.68083
1776813456965688027,1.55217,-0.621094,0.0402325,3.05973,2.24314,2.16453,10,6590,5.05447,3.68156
1776813456970702838,1.55217,-0.833984,0.0540384,2.84758,2.33289,2.01554,10,6620,5.07748,3.68156
1776813456975719481,1.54503,-0.833984,0.0699061,2.84758,2.33289,2.01554,10,6637,5.09052,3.52812
1776813456980695515,1.54503,-0.939453,0.0829447,2.58867,2.37507,1.91438,10,6667,5.11352,3.6823
1776813456985674900,1.53579,-0.939453,0.110516,2.74211,2.37507,1.91438,10,6696,5.13577,3.68156
1776813456990710377,1.53579,-0.933594,0.118953,2.74797,1.96458,1.86443,10,6719,5.15341,3.52812
1776813456995686725,1.52166,-0.933594,0.122463,2.59452,1.96458,1.86443,10,6736,5.16645,3.5268
1776813457000719239,1.52166,-0.9375,0.135502,2.5893,1.73612,1.78042,10,6758,5.18332,3.37274
1776813457005684347,1.51603,-0.9375,0.146749,2.43524,1.73612,1.78042,10,6775,5.19636,3.22455
1776813457010662473,1.51603,-0.9375,0.159788,2.28705,1.82213,1.74773,10,6804,5.2186,3.52751
1776813457015672376,1.50778,-0.9375,0.173784,2.59001,1.82213,1.74773,10,6821,5.23164,3.68073
1776813457020679224,1.50778,-0.994141,0.186822,2.68659,1.8464,1.66742,10,6851,5.25465,3.68156
1776813457025680054,1.49801,-0.994141,0.200062,2.68742,1.8464,1.66742,10,6868,5.26769,3.67936
1776813457030686901,1.49801,-1.11133,0.213101,2.56803,1.8762,1.54354,10,6898,5.2907,3.53104
1776813457035726100,1.48227,-1.11133,0.220364,2.41971,1.8762,1.54354,10,6916,5.30451,3.52882
1776813457040695634,1.48227,-1.11914,0.234169,2.40968,1.44879,1.44666,10,6948,5.32905,3.98756
1776813457045681575,1.47676,-1.11914,0.253205,2.86842,1.44879,1.44666,10,6967,5.34362,3.98836
1776813457050713552,1.47676,-1.05078,0.267778,2.93758,1.4476,1.45318,10,6999,5.36817,3.83568
1776813457055680919,1.4603,-1.05078,0.289667,2.78346,1.4476,1.45318,10,7029,5.39118,3.83424
1776813457060733211,1.4603,-1.00977,0.29887,2.82448,1.29271,1.3792,10,7057,5.41265,4.14254
1776813457065694300,1.4499,-1.00977,0.30995,3.13277,1.29271,1.3792,10,7075,5.42646,3.98677
1776813457070699018,1.4499,-0.869141,-0.304563,3.11763,1.34021,1.39758,10,7089,5.43719,2.91452
1776813457075688774,1.44023,-0.869141,-0.303492,2.04538,1.34021,1.39758,10,7081,5.43106,-0.61384
1776813457080677789,1.44023,0.390625,-0.309628,-0.223215,2.19067,2.05799,10,7065,5.41879,-2.30093
1776813457085713692,1.43904,0.390625,0.305222,-1.91031,2.19067,2.05799,10,7063,5.41725,-0.766734
1776813457090694151,1.43904,3.42969,0.303688,2.66295,2.74594,3.78311,10,7062,5.41649,-0.153382
1776813457095721424,1.48548,3.42969,-0.278955,3.27631,2.74594,3.78311,10,7065,5.41879,0.306797
1776813457100730365,1.48548,2.46094,-0.276655,2.76773,2.48158,3.50621,10,7077,5.42799,1.53429
1776813457105700473,1.50057,2.46094,-0.252356,3.99523,2.48158,3.50621,10,7081,5.43106,0.920207
1776813457110666043,1.50057,1.4668,-0.249288,2.387,2.27032,3.02805,10,7099,5.44486,1.99413
1776813457115684095,1.52461,1.4668,-0.211445,3.46093,2.27032,3.02805,10,7106,5.45023,1.84078
1776813457120681350,1.52461,1.16797,-0.206076,3.00875,2.19093,2.99766,10,7122,5.46251,1.68777
1776813457125772567,1.5313,1.16797,-0.18021,3.31545,2.19093,2.99766,10,7137,5.47401,2.14748
1776813457130697527,1.5313,0.884766,-0.175609,3.03225,2.45055,2.87498,10,7148,5.48245,1.84078
1776813457135706375,1.54621,0.884766,-0.15226,2.72555,2.45055,2.87498,10,7157,5.48935,1.68709
1776813457140690649,1.54621,0.832031,-0.145357,2.51912,3.00161,2.93092,10,7173,5.50162,2.30093
1776813457145758570,1.55032,0.832031,-0.128981,3.13296,3.00161,2.93092,10,7184,5.51006,2.30057
1776813457150704919,1.55032,0.326172,-0.120545,2.62674,3.6043,2.66617,10,7206,5.52693,2.60877
1776813457155693156,1.56018,0.326172,-0.0938091,2.93494,3.6043,2.66617,10,7218,5.53614,2.60782
1776813457160678393,1.56018,0.0898438,-0.0846051,2.69767,3.39684,2.58799,10,7240,5.55301,2.45339
1776813457165677056,1.56128,0.0898438,-0.0666351,2.54324,3.39684,2.58799,10,7255,5.56452,2.60825
1776813457170689571,1.56128,-0.207031,-0.0551304,2.40122,2.60918,2.42505,10,7274,5.57909,2.76173
1776813457175699604,1.56074,-0.207031,-0.0410895,2.55469,2.60918,2.42505,10,7287,5.58906,2.60773
1776813457180681211,1.56074,-0.373047,-0.0311188,2.23468,2.30481,2.32738,10,7311,5.60747,2.91345
1776813457185689115,1.55764,-0.373047,-0.0158104,2.54041,2.30481,2.32738,10,7329,5.62127,2.91569
1776813457190681518,1.55764,-0.400391,-0.00200455,2.5153,2.02406,2.29405,10,7351,5.63815,3.22013
1776813457195682662,1.554,-0.400391,0.0227305,2.6681,2.02406,2.29405,10,7375,5.65655,3.06849
1776813457200694899,1.554,-0.542969,0.0296341,2.52552,1.95741,2.1919,10,7396,5.67266,3.22077
1776813457205679451,1.5472,-0.542969,0.0389362,2.6778,1.95741,2.1919,10,7411,5.68417,3.0692
1776813457210672355,1.5472,-0.632812,0.0504414,2.43639,2.21092,2.10161,10,7434,5.70181,3.22068
1776813457215672203,1.54417,-0.632812,0.0650531,2.58786,2.21092,2.10161,10,7451,5.71485,3.52892
1776813457220690736,1.54417,-0.835938,0.0780922,2.69298,2.39486,1.96841,10,7481,5.73785,3.68147
1776813457225689750,1.53673,-0.835938,0.09366,2.84553,2.39486,1.96841,10,7498,5.75089,3.52751
1776813457230681987,1.53673,-0.947266,0.106699,2.58024,2.32712,1.86206,10,7527,5.77314,3.52882
1776813457235679613,1.52772,-0.947266,0.119932,2.58156,2.32712,1.86206,10,7545,5.78694,3.52751
1776813457240686794,1.52772,-0.949219,0.133738,2.57829,1.87515,1.80886,10,7577,5.81149,3.98827
1776813457245681716,1.518,-0.949219,0.148564,3.03905,1.87515,1.80886,10,7596,5.82606,3.98836
1776813457250683527,1.518,-0.935547,0.163137,3.05281,1.63477,1.76028,10,7629,5.85137,3.98756
1776813457255681079,1.50869,-0.935547,0.179141,3.05202,1.63477,1.76028,10,7647,5.86518,3.83655
1776813457260670094,1.50869,-0.951172,0.192947,2.88537,1.73554,1.69721,10,7680,5.89049,3.98677
1776813457265674590,1.49926,-0.951172,0.223402,3.03789,1.73554,1.69721,10,7712,5.91503,3.98906
1776813457270696030,1.49926,-0.992188,0.233373,2.99688,1.77013,1.61877,10,7734,5.9319,4.14264
1776813457275745840,1.4897,-0.992188,0.240687,3.15045,1.77013,1.61877,10,7753,5.94648,4.14006
1776813457280706374,1.4897,-1.0918,0.25526,3.04826,1.80321,1.50597,10,7785,5.97102,3.83655
1776813457285702111,1.47453,-1.0918,0.264629,2.74475,1.80321,1.50597,10,7803,5.98483,3.83338
1776813457290688866,1.47453,-1.08203,0.278435,2.75135,1.83427,1.42222,10,7837,6.0109,3.98996
1776813457295691233,1.46836,-1.08203,0.298345,2.90793,1.83427,1.42222,10,7855,6.02471,3.98756
1776813457300679007,1.46836,-1.04297,0.312151,2.9446,1.63596,1.40804,10,7885,6.04772,3.83568
1776813457305687225,1.45317,-1.04297,-0.308349,2.79271,1.63596,1.40804,10,7894,6.05462,2.30047
1776813457310674388,1.45317,-0.974609,-0.301446,1.32586,1.54742,1.35692,10,7885,6.04772,-0.46024
1776813457315680495,1.44756,-0.974609,-0.313956,-1.43485,1.54742,1.35692,10,7876,6.04082,-1.99413
1776813457320680806,1.44756,4.7207,0.307459,2.72657,2.63211,4.56987,10,7872,6.03775,-0.766887
1776813457325683321,1.47009,4.7207,-0.301397,3.95382,2.63211,4.56987,10,7872,6.03775,0
1776813457330684669,1.47009,3.7832,-0.301397,3.7832,2.63664,4.1692,10,7875,6.04005,0
1776813457335688072,1.47009,3.7832,-0.299096,3.7832,2.63664,4.1692,10,7883,6.04542,1.53399
1776813457340685180,1.49422,3.7832,-0.268834,5.31719,2.38522,4.31121,10,7890,6.05155,1.07362
1776813457345699694,1.49422,1.51562,-0.263465,2.58925,2.38522,4.31121,10,7904,6.06229,1.68801
1776813457350687876,1.53373,1.51562,-0.213217,3.20364,2.07353,3.24861,10,7915,6.07073,1.687
1776813457355753741,1.53373,0.837891,-0.204781,2.52489,2.07353,3.24861,10,7926,6.07917,1.68777
1776813457360682275,1.54701,0.837891,-0.183059,2.52566,2.40396,2.93887,10,7939,6.08914,1.99413
1776813457365675827,1.54701,0.892578,-0.173088,2.88671,2.40396,2.93887,10,7950,6.09757,1.84078
1776813457370703415,1.55665,0.892578,-0.155014,2.73336,2.57229,3.02536,10,7963,6.10754,1.68676
1776813457375690578,1.55665,0.867188,-0.145043,2.55394,2.57229,3.02536,10,7977,6.11828,2.30139
1776813457380719204,1.5651,0.867188,-0.125854,3.16858,3.06246,3.05923,10,7993,6.13055,2.14801
1776813457385690071,1.5651,0.431641,-0.113582,2.57965,3.06246,3.05923,10,8007,6.14129,2.45438
1776813457390700067,1.57182,0.431641,-0.0961319,2.88602,3.52904,2.84926,10,8026,6.15586,2.60512
1776813457395681211,1.57182,-0.0410156,-0.0815593,2.56411,3.52904,2.84926,10,8042,6.16814,2.60939
1776813457400687152,1.5735,-0.0410156,-0.0676051,2.56837,3.36217,2.58943,10,8063,6.18424,2.91569
1776813457405685814,1.5735,-0.455078,-0.0514976,2.46061,3.36217,2.58943,10,8084,6.20035,3.22077
1776813457410673052,1.5735,-0.455078,-0.035391,2.76569,2.64498,2.35342,10,8108,6.21876,3.37477
1776813457415674011,1.57095,-0.455078,-0.0195323,2.91969,2.64498,2.35342,10,8129,6.23486,3.52882
1776813457420706265,1.57095,-0.5625,-0.0034257,2.96632,2.13462,2.27766,10,8152,6.25251,3.37342
1776813457425684540,1.56548,-0.5625,0.00874985,2.81092,2.13462,2.27766,10,8168,6.26478,3.52882
1776813457430690554,1.56548,-0.621094,0.0210217,2.90773,1.98027,2.21308,10,8198,6.28779,3.37477
1776813457435696272,1.5597,-0.621094,0.0382494,2.75367,1.98027,2.21308,10,8216,6.30159,3.83194
1776813457440684121,1.5597,-0.738281,0.0520552,3.09366,2.13475,2.11323,10,8247,6.32537,3.68515
1776813457445688024,1.55019,-0.738281,0.0663165,2.94687,2.13475,2.11323,10,8265,6.33918,3.83041
1776813457450688446,1.55019,-0.855469,0.0801219,2.97495,2.26173,1.99188,10,8294,6.36142,3.53236
1776813457455684702,1.54554,-0.855469,0.0977181,2.67689,2.26173,1.99188,10,8311,6.37446,3.52821
1776813457460658420,1.54554,-1.07031,0.110757,2.4579,2.33552,1.84271,10,8343,6.399,3.83492
1776813457465672194,1.53168,-1.07031,0.121441,2.7646,2.33552,1.84271,10,8361,6.41281,3.83492
1776813457470688783,1.53168,-1.10742,0.135247,2.72749,2.18388,1.74162,10,8392,6.43658,3.83424
1776813457475702501,1.52637,-1.10742,0.153711,2.72682,2.18388,1.74162,10,8410,6.45039,3.67936
1776813457480686275,1.52637,-1.09961,0.167517,2.57975,1.7165,1.71532,10,8440,6.4734,3.52953
1776813457485708326,1.52637,-1.09961,0.190527,2.42992,1.7165,1.71532,10,8458,6.4872,3.83645
1776813457490685897,1.50965,-1.09961,0.187615,2.73684,1.48629,1.61818,10,8486,6.50868,3.98756
1776813457495693170,1.50965,-1.06445,0.209091,2.92311,1.48629,1.61818,10,8516,6.53169,3.98836
1776813457500689667,1.49344,-1.06445,0.215894,2.92391,1.64461,1.54349,10,8544,6.55317,4.1385
1776813457505698774,1.49344,-1.08398,0.237369,3.05451,1.64461,1.54349,10,8569,6.57234,3.99226
1776813457510670548,1.48824,-1.08398,0.25134,2.90827,1.56926,1.50182,10,8601,6.59688,4.4486
1776813457515679674,1.48824,-1.16211,0.275884,3.2865,1.56926,1.50182,10,8628,6.61759,4.44851
1776813457520681374,1.47151,-1.16211,0.279867,3.2864,1.54545,1.35876,10,8659,6.64137,4.60196
1776813457525683018,1.47151,-1.16602,0.303643,3.43594,1.54545,1.35876,10,8685,6.66131,4.2943
1776813457530683588,1.45971,-1.16602,0.31178,3.12828,1.50153,1.28664,10,8709,6.67972,3.83568
1776813457535689806,1.45971,-1.0293,-0.29813,2.80639,1.50153,1.28664,10,8714,6.68355,1.84041
1776813457540701117,1.44865,-1.0293,-0.305352,0.811117,1.84362,1.29885,10,8700,6.67282,-1.22743
1776813457545697835,1.44865,3.34766,0.312229,2.12022,1.84362,1.29885,10,8692,6.66668,-1.84078
1776813457550686998,1.45595,3.34766,0.313392,1.50687,2.62293,3.83713,10,8692,6.66668,-0.306797
1776813457555686272,1.45595,3.30078,0.313392,2.99398,2.62293,3.83713,10,8691,6.66591,-0.15329
1776813457560741989,1.45595,3.30078,0.312625,3.14749,2.3355,3.81041,10,8698,6.67128,0.30692
1776813457565696468,1.49726,3.30078,-0.269016,3.6077,2.3355,3.81041,10,8707,6.67819,1.99413
1776813457570694427,1.49726,1.03516,-0.262112,3.02929,2.44665,2.76263,10,8720,6.68816,1.38036
1776813457575740015,1.52924,1.03516,-0.220161,2.41551,2.44665,2.76263,10,8731,6.69659,2.14758
1776813457580737326,1.52924,1.5625,-0.211724,3.71008,2.17093,3.24937,10,8748,6.70963,2.14715
1776813457585695082,1.53577,1.5625,-0.19216,3.70965,2.17093,3.24937,10,8759,6.7173,2.14801
1776813457590702504,1.53577,0.927734,-0.183723,3.07574,2.09522,2.92526,10,8777,6.73187,2.30139
1776813457595688037,1.55064,0.927734,-0.155046,3.22912,2.09522,2.92526,10,8784,6.73724,1.84078
1776813457600688071,1.55064,0.757812,-0.149677,2.59859,2.62814,2.91404,10,8799,6.74875,1.687
1776813457605692419,1.55473,0.757812,-0.134085,2.44481,2.62814,2.91404,10,8809,6.75642,1.84041
1776813457610728784,1.55473,0.716797,-0.126415,2.55721,3.19415,2.91412,10,8827,6.77022,2.14801
1776813457615693892,1.56713,0.716797,-0.100206,2.86481,3.19415,2.91412,10,8838,6.77866,2.45487
1776813457620743832,1.56713,0.638672,-0.0917686,3.09354,3.68626,2.94054,10,8861,6.7963,2.60782
1776813457625708773,1.57039,0.638672,-0.0708636,3.24649,3.68626,2.94054,10,8874,6.80627,2.76062
1776813457630684418,1.57039,-0.242188,-0.0608929,2.51843,3.40878,2.45707,10,8899,6.82545,2.91452
1776813457635693766,1.57039,-0.242188,-0.0417183,2.67234,3.40878,2.45707,10,8913,6.83619,3.2181
1776813457640723502,1.57388,-0.242188,-0.0274948,2.97592,2.71655,2.47693,10,8935,6.85306,2.91754
1776813457645702795,1.57388,-0.667969,-0.0106209,2.24957,2.71655,2.47693,10,8957,6.86993,3.06797
1776813457650688902,1.56596,-0.667969,-0.00166689,2.4,2.18012,2.18907,10,8980,6.88757,3.22068
1776813457655684991,1.56596,-0.666016,0.0159737,2.55466,2.18012,2.18907,10,9000,6.90291,3.37544
1776813457660666784,1.55945,-0.666016,0.0248081,2.70943,2.19703,2.153,10,9025,6.92209,3.52671
1776813457665695279,1.55945,-0.726562,0.0439826,2.80014,2.19703,2.153,10,9046,6.9382,3.37612
1776813457670685350,1.5528,-0.726562,0.0534364,2.64956,1.8486,2.08036,10,9072,6.95814,3.68156
1776813457675697549,1.5528,-0.792969,0.0733782,2.8886,1.8486,2.08036,10,9095,6.97578,3.83041
1776813457680688860,1.54886,-0.792969,0.0870754,3.03745,1.99432,2.01986,10,9124,6.99802,3.99226
1776813457685713449,1.54886,-1.03906,0.109318,2.9532,1.99432,2.01986,10,9150,7.01796,4.14264
1776813457690688630,1.53496,-1.03906,0.115363,3.10357,1.90878,1.79953,10,9179,7.04021,4.29516
1776813457695694497,1.53496,-1.09375,0.137606,3.20141,1.90878,1.79953,10,9204,7.05938,4.14254
1776813457700698789,1.52965,-1.09375,0.151475,3.04879,1.96877,1.73769,10,9234,7.08239,4.29516
1776813457705696415,1.52965,-1.21484,0.174484,3.08031,1.96877,1.73769,10,9259,7.10156,4.14006
1776813457710664004,1.52965,-1.21484,0.193659,2.92521,1.70709,1.66867,10,9287,7.12304,4.14181
1776813457715685389,1.51227,-1.21484,0.19775,2.92696,1.70709,1.66867,10,9306,7.13761,3.98916
1776813457720683533,1.51227,-1.18164,0.212323,2.80752,1.68998,1.58668,10,9339,7.16292,3.83415
1776813457725680566,1.50005,-1.18164,0.225412,2.65251,1.68998,1.58668,10,9358,7.1775,4.14254
1776813457730692155,1.50005,-1.17773,0.239985,2.96481,1.67436,1.51759,10,9393,7.20434,4.14264
1776813457735684336,1.48252,-1.17773,0.249305,2.9649,1.67436,1.51759,10,9413,7.21968,4.14088
1776813457740676759,1.48252,-1.21094,0.264645,2.92995,1.76448,1.39585,10,9441,7.24116,4.14171
1776813457745692329,1.47665,-1.21094,0.280248,2.93077,1.76448,1.39585,10,9466,7.26033,3.98836
1776813457750683621,1.47665,-1.31445,0.299423,2.67391,1.57054,1.30225,10,9502,7.28794,4.44594
1776813457755686543,1.4576,-1.31445,0.307989,3.13148,1.57054,1.30225,10,9519,7.30098,3.98677
1776813457760660429,1.4576,-1.29297,-0.307291,2.6938,1.74873,1.20179,10,9529,7.30865,1.68936
1776813457765669906,1.45113,-1.29297,-0.306093,0.396394,1.74873,1.20179,10,9517,7.29945,-1.68666
1776813457770687531,1.45113,2.96875,0.313022,1.28209,2.50078,3.5925,10,9509,7.29331,-1.22743
1776813457775682342,1.45156,2.96875,0.307314,1.74132,2.50078,3.5925,10,9508,7.29254,-0.306797
1776813457780679079,1.45156,4.66797,0.306547,4.36117,2.79416,4.56361,10,9508,7.29254,0
1776813457785679594,1.45156,4.66797,0.306547,4.66797,2.79416,4.56361,10,9514,7.29715,0.766945
1776813457790758255,1.46983,4.66797,-0.298905,5.43491,3.13476,4.67193,10,9528,7.30788,1.99463
1776813457795706197,1.46983,0.767578,-0.288167,2.76221,3.13476,4.67193,10,9540,7.31709,1.68666
1776813457800693712,1.5214,0.767578,-0.227388,2.45424,2.50619,2.75082,10,9555,7.32859,2.14672
1776813457805681393,1.5214,0.888672,-0.215883,3.03539,2.50619,2.75082,10,9568,7.33856,1.99573
1776813457810694260,1.53181,0.888672,-0.195504,2.8844,2.29184,2.88014,10,9584,7.35084,2.30103
1776813457815677034,1.53181,0.779297,-0.183232,3.08032,2.29184,2.88014,10,9597,7.36081,2.14672
1776813457820679715,1.53909,0.779297,-0.165977,2.92602,2.18373,2.85985,10,9611,7.37154,2.14629
1776813457825689674,1.53909,0.677734,-0.155239,2.82403,2.18373,2.85985,10,9624,7.38152,1.99613
1776813457830686374,1.54549,0.677734,-0.138874,2.67386,2.83405,2.83879,10,9643,7.39609,2.45438
1776813457835678703,1.54549,0.476562,-0.124301,2.93094,2.83405,2.83879,10,9659,7.40836,2.76062
1776813457840692644,1.55262,0.476562,-0.104894,3.23718,3.49032,2.76512,10,9679,7.4237,2.76062
1776813457845682751,1.55262,0.0976562,-0.0895544,2.85828,3.49032,2.76512,10,9697,7.43751,2.91452
1776813457850688025,1.5555,0.0976562,-0.0728727,3.01218,3.08247,2.56564,10,9718,7.45361,2.91579
1776813457855683188,1.5555,-0.351562,-0.0567657,2.56422,3.08247,2.56564,10,9738,7.46895,3.22132
1776813457860658555,1.5555,-0.351562,-0.0414258,2.86976,2.90367,2.30958,10,9761,7.48659,3.37342
1776813457865731253,1.55443,-0.351562,-0.0248557,3.02186,2.90367,2.30958,10,9776,7.4981,3.22261
1776813457870720138,1.55443,-0.542969,-0.0133511,2.67964,2.18249,2.19434,10,9804,7.51957,3.37342
1776813457875719227,1.54956,-0.542969,0.00325719,2.83045,2.18249,2.19434,10,9819,7.53108,3.22271
1776813457880701539,1.54956,-0.548828,0.0147623,2.67388,2.07799,2.16307,10,9845,7.55102,3.22003
1776813457885718479,1.54155,-0.548828,0.0266928,2.67121,2.07799,2.16307,10,9861,7.56329,3.22142
1776813457890686883,1.54155,-0.554688,0.0389647,2.66673,2.01242,2.11364,10,9891,7.5863,3.52953
1776813457895684175,1.53906,-0.554688,0.0594887,2.97484,2.01242,2.11364,10,9908,7.59934,3.68009
1776813457900686079,1.53906,-0.833984,0.0725278,2.84611,1.92763,1.94011,10,9938,7.62235,3.68156
1776813457905703427,1.52842,-0.833984,0.0848965,2.84758,1.92763,1.94011,10,9955,7.63539,3.52812
1776813457910676386,1.52842,-0.933594,0.0979351,2.59452,1.97723,1.82186,10,9986,7.65917,3.68304
1776813457915674419,1.52419,-0.933594,0.117475,2.74944,1.97723,1.82186,10,10003,7.6722,3.68156
1776813457920707211,1.52419,-1.07617,0.130514,2.60539,1.88023,1.71604,10,10035,7.69675,3.83415
1776813457925685078,1.50874,-1.07617,0.139608,2.75798,1.88023,1.71604,10,10054,7.71132,3.83501
1776813457930683759,1.50874,-1.04883,0.154181,2.78618,1.76489,1.6418,10,10085,7.7351,3.83568
1776813457935692515,1.50874,-1.04883,0.177957,2.78685,1.76489,1.6418,10,10103,7.7489,3.83492
1776813457940690900,1.50367,-1.04883,0.186696,2.78609,1.77362,1.61223,10,10132,7.77115,3.98756
1776813457945690136,1.50367,-1.03125,0.208939,2.95631,1.77362,1.61223,10,10163,7.79492,4.2943
1776813457950685910,1.48286,-1.03125,0.21191,3.26305,1.7633,1.50027,10,10194,7.8187,4.29516
1776813457955689388,1.48286,-1.09961,0.235687,3.19555,1.7633,1.50027,10,10219,7.83787,4.29688
1776813457960673144,1.47254,-1.09961,0.244534,3.19727,1.65624,1.40043,10,10250,7.86165,4.29344
1776813457965679436,1.47254,-1.13086,0.268311,3.16258,1.65624,1.40043,10,10276,7.88159,4.4494
1776813457970684173,1.46123,-1.13086,0.276951,3.31854,1.30546,1.31574,10,10301,7.90077,4.44594
1776813457975694650,1.46123,-1.15234,0.296126,3.29359,1.30546,1.31574,10,10332,7.92454,4.14503
1776813457980685665,1.44966,-1.15234,0.308326,2.99268,1.28233,1.2347,10,10355,7.94219,3.83492
1776813457985682939,1.44966,-1.08594,-0.302352,2.74898,1.28233,1.2347,10,10361,7.94679,1.68743
1776813457990694879,1.43864,-1.08594,-0.308766,0.601494,1.50959,1.20685,10,10347,7.93605,-1.53368
1776813457995799096,1.43864,2.75781,0.308815,1.22413,1.50959,1.20685,10,10336,7.92761,-1.99423
1776813458000701408,1.44224,2.75781,0.303974,0.763584,2.58767,3.41926,10,10334,7.92608,-0.306797
1776813458005693220,1.44224,4.14062,0.30244,3.83383,2.58767,3.41926,10,10332,7.92454,-0.46024
1776813458010676920,1.48441,4.14062,-0.282171,4.60077,2.61103,4.20746,10,10342,7.93221,0.460148
1776813458015755452,1.48441,2.03711,-0.277569,2.49726,2.61103,4.20746,10,10350,7.93835,1.68709
1776813458020718764,1.51319,2.03711,-0.242657,3.7242,2.39175,3.42672,10,10358,7.94449,1.38054
1776813458025687224,1.51319,1.74219,-0.236521,3.12273,2.39175,3.42672,10,10370,7.95369,1.68743
1776813458030689294,1.52725,1.74219,-0.213257,3.42962,2.08575,3.34025,10,10380,7.96136,1.68734
1776813458035680179,1.52725,0.941406,-0.205587,2.62874,2.08575,3.34025,10,10396,7.97363,2.14715
1776813458040684639,1.54069,0.941406,-0.179869,3.08856,1.99805,2.96148,10,10412,7.9859,2.45487
1776813458045687172,1.54069,0.779297,-0.167597,3.23416,1.99805,2.96148,10,10421,7.99281,1.68767
1776813458050696076,1.55085,0.779297,-0.150535,2.46697,2.35881,2.92753,10,10432,8.00124,1.84078
1776813458055690442,1.55085,1.09961,-0.142098,2.94039,2.35881,2.92753,10,10448,8.01352,2.14543
1776813458060664791,1.56019,1.09961,-0.120494,3.24504,3.04989,3.1636,10,10462,8.02425,1.99573
1776813458065679991,1.56019,0.601562,-0.109756,2.59729,3.04989,3.1636,10,10480,8.03729,2.30057
1776813458070683468,1.56828,0.601562,-0.0878604,2.90213,3.52496,2.92593,10,10494,8.0488,2.45487
1776813458075701872,1.56828,0.146484,-0.077122,2.60135,3.52496,2.92593,10,10510,8.06107,2.60825
1776813458080689202,1.56828,0.146484,-0.0648501,2.75473,3.61748,2.66654,10,10532,8.07794,3.06736
1776813458085693050,1.57209,0.146484,-0.0441597,3.21384,3.61748,2.66654,10,10548,8.09021,3.22132
1776813458090688046,1.57209,-0.5625,-0.0318878,2.65882,2.84694,2.28418,10,10575,8.11092,3.22216
1776813458095691598,1.5683,-0.5625,-0.0149682,2.65966,2.84694,2.28418,10,10590,8.12243,3.37467
1776813458100687761,1.5683,-0.621094,-0.00346403,2.75358,2.18346,2.22918,10,10618,8.1439,3.06797
1776813458105696720,1.56614,-0.621094,0.015844,2.44688,2.18346,2.22918,10,10634,8.15618,3.52751
1776813458110661162,1.56614,-0.601562,0.0281159,2.92595,1.9892,2.22794,10,10664,8.17919,3.68083
1776813458115731527,1.55552,-0.601562,0.0405089,3.07927,1.9892,2.22794,10,10682,8.19299,3.67715
1776813458120701098,1.55552,-0.664062,0.0543143,3.01309,2.04873,2.13157,10,10713,8.21677,3.68746
1776813458125687835,1.55248,-0.664062,0.075052,3.0234,2.04873,2.13157,10,10736,8.23441,3.83415
1776813458130683535,1.55248,-0.876953,0.092693,2.9572,2.34936,1.9928,10,10769,8.25972,3.83492
1776813458135683124,1.54123,-0.876953,0.106751,2.95796,2.34936,1.9928,10,10790,8.27583,4.14181
1776813458140680584,1.54123,-1.0332,0.122858,3.1086,2.28631,1.83903,10,10822,8.30037,3.98827
1776813458145692561,1.53148,-1.0332,0.137652,2.95506,2.28631,1.83903,10,10842,8.31571,4.14181
1776813458150680947,1.53148,-1.15039,0.152991,2.99142,2.19069,1.71595,10,10868,8.33565,3.68156
1776813458155679165,1.53148,-1.15039,0.172933,2.53117,2.19069,1.71595,10,10886,8.34946,3.98906
1776813458160703698,1.52074,-1.15039,0.176,2.83867,1.73743,1.65373,10,10914,8.37093,3.83415
1776813458165690399,1.52074,-1.15039,0.176,2.83867,1.73743,1.65373,10,10914,8.37093,3.83415
1776813458170707339,1.50359,-1.11133,0.219448,2.87694,1.546,1.676,10,10977,8.41925,3.98827
1776813458175676206,1.50359,-1.10547,0.228652,2.8828,1.546,1.676,10,11000,8.43689,3.98846
1776813458180686721,1.48883,-1.10547,0.231529,2.88299,1.5992,1.49305,10,11024,8.4553,4.14162
1776813458185680958,1.48883,-1.13281,0.249937,3.0088,1.5992,1.49305,10,11050,8.47524,4.14181
1776813458190685695,1.48175,-1.13281,0.262794,3.009,1.54382,1.4358,10,11081,8.49902,4.44851
1776813458195683210,1.48175,-1.17969,0.286571,3.26882,1.54382,1.4358,10,11107,8.51896,4.44851
1776813458200705465,1.47571,-1.17969,0.300481,3.26882,1.53795,1.37354,10,11131,8.53737,4.29516
1776813458205685406,1.47571,-1.2168,-0.30943,3.07836,1.53795,1.37354,10,11148,8.55041,2.91345
1776813458210692402,1.45758,-1.2168,0.313793,1.69666,1.6559,1.24506,10,11138,8.54274,-0.61384
1776813458215705399,1.45758,-0.779297,0.306122,-1.39314,1.6559,1.24506,10,11126,8.53354,-2.14705
1776813458220683117,1.45419,-0.779297,0.293534,-2.92635,2.68433,1.47433,10,11126,8.53354,-0.306831
1776813458225686151,1.45419,4.69922,0.293534,4.39239,2.68433,1.47433,10,11125,8.53277,-0.153412
1776813458230686517,1.49268,4.69922,-0.294767,4.85257,2.69531,4.59708,10,11134,8.53967,0.153351
1776813458235693717,1.49268,4.69922,-0.294767,4.85257,2.69531,4.59708,10,11134,8.53967,0.153351
1776813458240693029,1.49268,2.13672,-0.290166,2.29007,1.50429,3.36366,10,11154,8.55501,1.38026
1776813458245706913,1.52081,2.13672,-0.246688,3.51698,1.50429,3.36366,10,11164,8.56268,2.14791
1776813458250680614,1.52081,1.59375,-0.239018,3.74166,1.99031,3.21834,10,11181,8.57572,1.99432
1776813458255705239,1.54025,1.59375,-0.206542,3.58807,1.99031,3.21834,10,11191,8.58262,1.99373
1776813458260666811,1.54025,0.775391,-0.198873,2.76912,2.15926,2.86431,10,11206,8.59489,2.14791
1776813458265707769,1.54612,0.775391,-0.181503,2.9233,2.15926,2.86431,10,11216,8.60256,1.84041
1776813458270690803,1.54612,1.04297,-0.173833,2.88338,2.35901,3.0506,10,11227,8.611,1.22719
1776813458275700447,1.55595,1.04297,-0.155563,2.27016,2.35901,3.0506,10,11236,8.6179,1.84115
1776813458280685536,1.55595,1.29297,-0.148661,3.13412,2.9389,3.24955,10,11252,8.63018,1.84078
1776813458285690773,1.57285,1.29297,-0.11949,3.13375,2.9389,3.24955,10,11263,8.63861,2.30103
1776813458290684066,1.57285,1.02148,-0.111053,3.32251,3.75506,3.19135,10,11286,8.65625,2.60721
1776813458295688710,1.57646,1.02148,-0.0897961,3.62869,3.75506,3.19135,10,11299,8.66622,2.76053
1776813458300695244,1.57646,0.0546875,-0.0798254,2.81521,3.90547,2.66086,10,11325,8.68617,3.0692
1776813458305762868,1.57646,0.0546875,-0.0598841,3.12389,3.90547,2.66086,10,11340,8.69767,3.37419
1776813458310684903,1.5867,0.0546875,-0.0381451,3.42888,3.0621,2.71896,10,11363,8.71531,3.06858
1776813458315692010,1.5867,-0.759766,-0.020504,2.30882,3.0621,2.71896,10,11387,8.73372,3.22132
1776813458320680507,1.57996,-0.759766,-0.00883679,2.46156,2.29716,2.21648,10,11406,8.74829,3.374
1776813458325690336,1.57996,-0.783203,0.00573535,2.59079,2.29716,2.21648,10,11431,8.76747,3.37554
1776813458330681833,1.57216,-0.783203,0.0171146,2.59233,2.36546,2.15877,10,11456,8.78664,3.52821
1776813458335687144,1.57216,-0.769531,0.0362892,2.75868,2.36546,2.15877,10,11476,8.80198,3.52802
1776813458340682566,1.56459,-0.769531,0.0440616,2.75849,2.07221,2.12339,10,11497,8.81809,3.37351
1776813458345697896,1.56459,-0.882812,0.0601682,2.4907,2.07221,2.12339,10,11524,8.8388,3.83492
1776813458350748169,1.55613,-0.882812,0.0724163,2.9521,1.8232,2.01041,10,11547,8.85644,3.98428
1776813458355688500,1.55613,-1,0.0900564,2.98428,1.8232,2.01041,10,11573,8.87638,4.29774
1776813458360679366,1.55343,-1,0.107299,3.29774,1.96905,1.92813,10,11603,8.89939,4.14429
1776813458365719455,1.55343,-1.24609,0.130309,2.8982,1.96905,1.92813,10,11634,8.92317,4.29516
1776813458370698600,1.53437,-1.24609,0.135019,3.04906,1.95529,1.6781,10,11658,8.94157,4.14264
1776813458375686152,1.53437,-1.26562,0.153427,2.87701,1.95529,1.6781,10,11685,8.96228,4.44673
1776813458380695703,1.53084,-1.26562,0.194383,3.18377,1.88061,1.66697,10,11729,8.99603,4.4494
1776813458385682015,1.53084,-1.26562,0.194383,3.18377,1.88061,1.66697,10,11729,8.99603,4.4494
1776813458390698807,1.50492,-1.33008,0.210649,2.81173,1.52403,1.60983,10,11784,9.03821,4.14181
1776813458395684878,1.50492,-1.34961,0.22062,2.7922,1.52403,1.60983,10,11811,9.05816,4.44762
1776813458400689967,1.49534,-1.34961,0.231752,3.09801,1.54797,1.39208,10,11836,9.0781,4.60021
1776813458405682833,1.49534,-1.43555,0.250927,3.16466,1.54797,1.39208,10,11862,9.09804,4.29755
1776813458410661645,1.47768,-1.43555,0.253208,2.862,1.36636,1.23931,10,11886,9.11645,4.29516
1776813458415675197,1.47768,-1.42383,0.271616,2.87133,1.36636,1.23931,10,11919,9.14099,4.29516
1776813458420702803,1.46738,-1.42383,0.286621,2.87133,1.37734,1.18512,10,11944,9.16093,4.44781
1776813458425764743,1.46738,-1.40234,0.305795,3.04547,1.37734,1.18512,10,11971,9.18164,4.14162
1776813458430710444,1.46738,-1.40234,-0.301815,2.73927,1.31969,1.19736,10,11979,9.18778,1.84078
1776813458435726885,1.4532,-1.40234,-0.309852,0.438438,1.31969,1.19736,10,11969,9.18011,-1.22719
1776813458440781509,1.4532,1.89258,0.310797,0.66539,1.9858,2.9914,10,11959,9.17244,-1.68743
1776813458445694026,1.4441,1.89258,0.294027,0.205147,1.9858,2.9914,10,11959,9.17244,0
1776813458450689522,1.4441,4.69336,0.294027,4.69336,2.75297,4.53365,10,11961,9.17397,0
1776813458455694500,1.45309,4.69336,0.304549,4.69336,2.75297,4.53365,10,11969,9.18011,1.53408
1776813458460674182,1.45309,1.75781,0.310685,3.29189,3.10772,2.91392,10,11987,9.19391,2.14791
1776813458465684752,1.51264,1.75781,-0.244277,3.90573,3.10772,2.91392,10,11996,9.20082,1.84041
1776813458470683600,1.51264,0.464844,-0.237374,2.30526,2.28615,2.52735,10,12015,9.21539,2.30149
1776813458475693763,1.51564,0.464844,-0.219805,2.76633,2.28615,2.52735,10,12028,9.22536,2.45339
1776813458480691982,1.51564,0.181641,-0.209833,2.63504,2.02612,2.38336,10,12046,9.23917,2.30149
1776813458485711644,1.52746,0.181641,-0.184211,2.48313,2.02612,2.38336,10,12055,9.24607,1.99373
1776813458490692011,1.52746,0.589844,-0.177308,2.58358,2.08625,2.68462,10,12070,9.25757,1.84115
1776813458495706600,1.5285,0.589844,-0.16476,2.43099,2.08625,2.68462,10,12080,9.26524,1.84115
1776813458500684486,1.5285,1.10742,-0.15709,2.94857,2.02346,2.98567,10,12099,9.27982,2.30103
1776813458505687445,1.5285,1.10742,-0.142517,3.40845,2.02346,2.98567,10,12109,9.28749,2.30037
1776813458510675071,1.54117,1.10742,-0.122174,3.4078,2.85707,3.05887,10,12127,9.30129,2.45487
1776813458515675401,1.54117,0.447266,-0.108368,2.90213,2.85707,3.05887,10,12148,9.3174,2.76016
1776813458520682934,1.55083,0.447266,-0.0826061,3.20743,3.42374,2.73812,10,12165,9.33044,2.9152
1776813458525700152,1.55083,-0.201172,-0.0695665,2.71403,3.42374,2.73812,10,12190,9.34961,3.37467
1776813458530687112,1.55107,-0.201172,-0.050145,3.1735,3.18733,2.36993,10,12214,9.36802,3.52751
1776813458535687386,1.55107,-0.619141,-0.0317371,2.90837,3.18733,2.36993,10,12235,9.38413,3.37535
1776813458540684104,1.54609,-0.619141,-0.0206182,2.75621,2.49488,2.10302,10,12255,9.39947,3.37554
1776813458545691323,1.54609,-0.613281,-0.00527839,2.76226,2.49488,2.10302,10,12279,9.41788,3.52379
1776813458550695838,1.53985,-0.613281,0.00689051,2.91051,2.24626,2.07044,10,12299,9.43322,3.52751
1776813458555724519,1.53985,-0.703125,0.0222304,2.82438,2.24626,2.07044,10,12327,9.45469,3.53245
1776813458560687886,1.53296,-0.703125,0.0368211,2.82933,1.83466,1.97948,10,12348,9.4708,3.83492
1776813458565675994,1.53296,-0.875,0.0529277,2.95992,1.83466,1.97948,10,12375,9.49151,3.6823
1776813458570691249,1.52483,-0.875,0.0655081,2.8073,1.76651,1.83446,10,12395,9.50685,3.52732
1776813458575684171,1.52483,-1.00391,0.080847,2.52341,1.76651,1.83446,10,12423,9.52832,3.68156
1776813458580688112,1.51531,-1.00391,0.108911,2.83197,1.87956,1.76099,10,12456,9.55363,3.83587
1776813458585685720,1.51531,-1.04102,0.118115,2.79486,1.87956,1.76099,10,12479,9.57127,3.98747
1776813458590697123,1.50502,-1.04102,0.12546,2.94645,2.00242,1.62457,10,12500,9.58738,3.83568
1776813458595688731,1.50502,-1.09766,0.141566,2.73803,2.00242,1.62457,10,12522,9.60425,3.68083
1776813458600689894,1.49703,-1.09766,0.150447,2.58317,1.84808,1.54555,10,12544,9.62113,3.6823
1776813458605699168,1.49164,-1.09961,0.180346,2.88805,1.84808,1.54555,10,12580,9.64874,3.98766
1776813458610685553,1.49164,-1.07227,0.18955,2.91539,1.82179,1.52848,10,12607,9.66945,4.14162
1776813458615676994,1.48074,-1.07227,0.199352,3.06935,1.82179,1.52848,10,12627,9.68479,4.14264
1776813458620786173,1.48074,-1.07422,0.21469,3.06842,1.62932,1.46326,10,12654,9.7055,3.98508
1776813458625712856,1.46495,-1.07422,0.219619,2.91086,1.62932,1.46326,10,12674,9.72084,4.14429
1776813458630690334,1.46495,-1.11523,0.234959,3.02906,1.29701,1.34669,10,12711,9.74922,4.29516
1776813458635696016,1.45914,-1.11523,0.257525,3.17992,1.29701,1.34669,10,12733,9.76609,4.60186
1776813458640687938,1.45914,-1.12891,0.274398,3.47295,1.21581,1.30443,10,12769,9.7937,4.29516
1776813458645687212,1.45914,-1.12891,0.30201,3.16625,1.21581,1.30443,10,12788,9.80827,4.14181
1776813458650688172,1.44263,-1.12891,0.300066,3.0129,1.17009,1.20614,10,12815,9.82898,3.98925
1776813458655693446,1.44263,-1.08398,-0.307543,2.90527,1.17009,1.20614,10,12830,9.84049,2.60721
1776813458660683220,1.43148,-1.08398,-0.307184,1.52322,1.33966,1.1651,10,12818,9.83128,-0.613717
1776813458665692124,1.43148,1.33398,0.311931,0.720268,1.33966,1.1651,10,12803,9.81978,-3.06674
1776813458670685898,1.42861,1.33398,0.297558,-1.73276,2.52915,2.52615,10,12801,9.81824,-0.460335
1776813458675699468,1.46711,4.91406,-0.295329,4.60736,2.52915,2.52615,10,12799,9.81671,-0.306702
1776813458680688353,1.46711,2.63477,-0.295329,2.32806,2.77634,3.49696,10,12805,9.82131,0.153382
1776813458685693331,1.50137,2.63477,-0.256469,2.78815,2.77634,3.49696,10,12812,9.82668,1.53358
1776813458690703383,1.50137,1.37891,-0.2511,2.91249,2.12908,2.98261,10,12823,9.83512,1.38073
1776813458695703786,1.51084,1.37891,-0.233193,2.75964,2.12908,2.98261,10,12831,9.84125,1.68724
1776813458700685783,1.51084,1.0957,-0.227058,2.78294,2.10506,2.87644,10,12847,9.85353,1.99453
1776813458705684928,1.53369,1.0957,-0.191938,3.09023,2.10506,2.87644,10,12854,9.85889,1.6844
1776813458710673980,1.53369,1.21484,-0.17583,3.05895,2.15337,3.07691,10,12872,9.8727,1.8441
1776813458715702772,1.54007,1.21484,-0.166379,3.05895,2.15337,3.07691,10,12878,9.8773,1.53377
1776813458720714898,1.54007,1.36523,-0.161778,2.89901,2.38939,3.19947,10,12888,9.88497,1.38054
1776813458725695246,1.55782,1.36523,-0.136357,2.74577,2.38939,3.19947,10,12897,9.89188,1.68777
1776813458730696816,1.55782,1.18945,-0.129454,2.87722,3.21322,3.20127,10,12913,9.90415,1.84005
1776813458735699609,1.56482,1.18945,-0.110183,3.0295,3.21322,3.20127,10,12924,9.91258,2.14748
1776813458740707087,1.56482,0.753906,-0.101746,2.90139,3.84879,2.99304,10,12944,9.92792,2.45487
1776813458745689528,1.57383,0.753906,-0.0774026,3.20877,3.84879,2.99304,10,12956,9.93713,2.60773
1776813458750682469,1.57383,0.0996094,-0.0681987,2.70734,3.52465,2.67145,10,12979,9.95477,2.75906
1776813458755684687,1.57782,0.0996094,-0.0465617,2.85867,3.52465,2.67145,10,12993,9.96551,2.76384
1776813458760662332,1.57782,-0.285156,-0.0358233,2.47869,2.72555,2.47487,10,13017,9.98391,2.91404
1776813458765686754,1.57639,-0.285156,-0.0188451,2.62888,2.72555,2.47487,10,13031,9.99465,2.91462
1776813458770691398,1.57639,-0.361328,-0.00810764,2.55329,2.21199,2.42332,10,13056,10.0138,2.91501
1776813458775678321,1.57278,-0.361328,0.00745915,2.55368,2.21199,2.42332,10,13071,10.0253,3.21875
1776813458780704705,1.57278,-0.363281,0.0189643,2.85546,2.02109,2.40167,10,13099,10.0468,3.37689
1776813458785677610,1.57278,-0.363281,0.0404401,3.01361,2.02109,2.40167,10,13116,10.0598,3.52821
1776813458790681958,1.56898,-0.363281,0.0496735,3.16493,2.01255,2.37998,10,13141,10.079,3.52873
1776813458795679602,1.56898,-0.787109,0.0688481,2.74162,2.01255,2.37998,10,13169,10.1005,3.68156
1776813458800685376,1.55866,-0.787109,0.0800061,2.89445,2.30144,2.07944,10,13191,10.1174,3.98846
1776813458805677576,1.55866,-0.908203,0.0968804,3.08025,2.30144,2.07944,10,13222,10.1411,3.98827
1776813458810655684,1.55416,-0.908203,0.116152,3.08006,2.54162,1.98461,10,13245,10.1588,4.29516
1776813458815676865,1.55416,-1.10938,0.133793,3.18578,2.54162,1.98461,10,13274,10.181,3.98667
1776813458820682288,1.53902,-1.10938,0.140895,2.8773,2.25138,1.78287,10,13297,10.1987,3.83587
1776813458825720968,1.53902,-1.09766,0.158536,2.73822,2.25138,1.78287,10,13326,10.2209,3.98827
1776813458830761575,1.53319,-1.09766,0.174957,2.89061,2.22873,1.75594,10,13349,10.2386,3.98846
1776813458835707424,1.53319,-1.03906,0.192598,2.94939,2.22873,1.75594,10,13378,10.2608,3.98827
1776813458840700606,1.51758,-1.03906,0.199222,2.9492,1.6014,1.69882,10,13400,10.2777,3.98827
1776813458845697565,1.51758,-1.07422,0.216095,2.91405,1.6014,1.69882,10,13429,10.2999,3.83587
1776813458850689136,1.51197,-1.07422,0.232734,2.76165,1.49782,1.64618,10,13452,10.3176,4.13748
1776813458855774612,1.51197,-1.1875,0.250374,2.94998,1.49782,1.64618,10,13484,10.3421,4.14512
1776813458860689999,1.49556,-1.1875,0.276919,3.2619,1.32752,1.58161,10,13521,10.3705,4.4494
1776813458865684143,1.49556,-1.27539,0.28689,3.17401,1.32752,1.58161,10,13545,10.3889,4.14015
1776813458870749342,1.48221,-1.27539,0.291948,2.86476,1.41401,1.35729,10,13569,10.4073,4.29602
1776813458875736154,1.48221,-1.31055,0.310356,2.98547,1.41401,1.35729,10,13588,10.4219,3.6823
1776813458880704188,1.47034,-1.31055,0.313051,2.37175,1.37017,1.2672,10,13596,10.428,2.14663
1776813458885788127,1.47034,-0.783203,-0.309132,1.36342,1.37017,1.2672,10,13584,10.4188,-1.53358
1776813458890707439,1.4652,-0.783203,0.304844,-2.31679,2.21891,1.53738,10,13577,10.4134,-1.38109
1776813458895696158,1.4652,4.20898,0.299475,2.82789,2.21891,1.53738,10,13575,10.4119,-0.460335
1776813458900689655,1.50222,4.20898,-0.293351,3.74865,2.88268,4.60074,10,13576,10.4127,0.153351
1776813458905696373,1.50222,2.54102,-0.292585,2.69437,2.88268,4.60074,10,13587,10.4211,1.22719
1776813458910671444,1.51908,2.54102,-0.267293,3.7682,2.04853,3.74819,10,13595,10.4272,1.38026
1776813458915700754,1.51908,0.943359,-0.261157,2.32362,2.04853,3.74819,10,13611,10.4395,2.14725
1776813458920682881,1.53963,0.943359,-0.228337,3.0906,2.18802,2.95644,10,13623,10.4487,2.14748
1776813458925684303,1.53963,1.43359,-0.219133,3.58108,2.18802,2.95644,10,13638,10.4602,1.99493
1776813458930685929,1.55131,1.43359,-0.188278,3.27401,2.24546,3.23588,10,13655,10.4733,1.84041
1776813458935697055,1.55131,1.04688,-0.182909,2.88729,2.24546,3.23588,10,13666,10.4817,2.14767
1776813458940690903,1.56144,1.04688,-0.164335,3.19455,1.97443,3.14073,10,13675,10.4886,1.68777
1776813458945696473,1.56144,1.13281,-0.157432,2.82058,1.97443,3.14073,10,13688,10.4986,1.84005
1776813458950684211,1.57601,1.13281,-0.132898,2.97286,2.53346,3.27279,10,13701,10.5085,2.30129
1776813458955680170,1.57601,0.791016,-0.122927,3.09231,2.53346,3.27279,10,13721,10.5239,2.60825
1776813458960658352,1.58149,0.791016,-0.102105,3.39926,3.18776,3.10912,10,13738,10.5369,3.06736
1776813458965671978,1.58149,0.292969,-0.0890667,3.36033,3.18776,3.10912,10,13762,10.5553,3.21894
1776813458970679900,1.58626,0.292969,-0.0658839,3.51191,3.72027,2.85232,10,13779,10.5684,3.06981
1776813458975679896,1.58626,-0.363281,-0.0528452,2.70653,3.72027,2.85232,10,13803,10.5868,3.22197
1776813458980695170,1.58595,-0.363281,-0.034754,2.85868,3.32164,2.47647,10,13826,10.6044,3.22132
1776813458985703296,1.58595,-0.720703,-0.017113,2.50062,3.32164,2.47647,10,13847,10.6205,3.374
1776813458990697810,1.57707,-0.720703,-0.0098841,2.65329,2.59621,2.22234,10,13866,10.6351,3.52539
1776813458995724121,1.57707,-0.712891,0.00468994,2.8125,2.59621,2.22234,10,13892,10.655,3.37892
1776813459000703025,1.57363,-0.712891,0.0357597,2.81372,2.13518,2.22679,10,13922,10.678,3.52661
1776813459005688392,1.57363,-0.876953,0.0441969,2.64966,2.13518,2.22679,10,13942,10.6934,3.37621
1776813459010672482,1.56189,-0.876953,0.047796,2.49926,1.69165,2.04668,10,13964,10.7103,3.68083
1776813459015674701,1.56189,-0.962891,0.0646694,2.71794,1.69165,2.04668,10,13988,10.7287,3.98827
1776813459020698215,1.55667,-0.962891,0.0778625,3.02538,1.8222,1.96784,10,14016,10.7501,3.98766
1776813459025683471,1.55667,-1.24219,0.0993383,2.74547,1.8222,1.96784,10,14040,10.7685,3.98827
1776813459030687523,1.54076,-1.24219,0.10184,2.74608,1.88258,1.71724,10,14062,10.7854,3.98747
1776813459035684205,1.54076,-1.30273,0.118713,2.68473,1.88258,1.71724,10,14092,10.8084,3.99005
1776813459040692312,1.53437,-1.30273,0.135334,2.68732,1.82236,1.64586,10,14122,10.8314,4.14181
1776813459045696142,1.53437,-1.30469,0.158343,2.83712,1.82236,1.64586,10,14147,10.8506,4.29516
1776813459050724972,1.51464,-1.30469,0.157782,2.99047,1.6399,1.53034,10,14170,10.8683,4.13913
1776813459055699432,1.51464,-1.27539,0.175423,2.86374,1.6399,1.53034,10,14201,10.892,4.14512
1776813459060668688,1.50834,-1.27539,0.192898,2.86973,1.77878,1.51033,10,14233,10.9166,4.2943
1776813459065683758,1.50834,-1.23242,0.217441,3.06188,1.77878,1.51033,10,14260,10.9373,4.60186
1776813459070685551,1.48956,-1.23242,0.238547,3.21609,1.5217,1.53482,10,14299,10.9664,4.44851
1776813459075703510,1.48956,-1.25977,0.249285,3.18874,1.5217,1.53482,10,14323,10.9856,4.44959
1776813459080688229,1.47677,-1.25977,0.254903,3.18982,1.5763,1.33412,10,14349,11.0055,4.44851
1776813459085703318,1.47677,-1.26758,0.274845,3.18093,1.5763,1.33412,10,14376,11.0263,4.59634
1776813459090688463,1.46438,-1.26758,0.283162,3.32877,1.42924,1.25643,10,14408,11.0508,4.45385
1776813459095690885,1.46438,-1.30078,0.307706,3.15307,1.42924,1.25643,10,14433,11.07,4.2943
1776813459100687530,1.45804,-1.30078,-0.307772,2.99352,1.33211,1.19995,10,14457,11.0884,3.68156
1776813459105694156,1.45804,-0.666016,-0.289364,3.01555,1.33211,1.19995,10,14458,11.0891,1.68743
1776813459110673412,1.44023,-0.666016,-0.306415,1.02142,1.86957,1.45566,10,14439,11.0746,-2.45487
1776813459115684538,1.44023,1.76172,0.307331,-0.693148,1.86957,1.45566,10,14436,11.0723,-1.07341
1776813459120680090,1.44296,1.76172,0.307763,0.688311,2.78566,2.85579,10,14435,11.0715,-0.153412
1776813459125745197,1.44296,2.61914,0.306996,2.46573,2.78566,2.85579,10,14436,11.0723,-0.15332
1776813459130703694,1.49923,2.61914,-0.264289,2.46582,2.53228,3.677,10,14449,11.0822,1.22743
1776813459135726709,1.49923,2.16406,-0.254318,3.3915,2.53228,3.677,10,14456,11.0876,1.53358
1776813459140702965,1.49923,2.16406,-0.248949,3.69765,2.21706,3.4176,10,14470,11.0984,1.84115
1776813459145683832,1.51114,2.16406,-0.226299,4.00521,2.21706,3.4176,10,14482,11.1076,2.30103
1776813459150690032,1.51114,1.3418,-0.217095,3.64282,1.99933,3.01846,10,14496,11.1183,1.99373
1776813459155684751,1.53065,1.3418,-0.18684,3.33553,1.99933,3.01846,10,14507,11.1267,1.99334
1776813459160699562,1.53065,0.800781,-0.178404,2.79412,2.17659,2.82336,10,14523,11.139,1.99552
1776813459165677707,1.54421,0.800781,-0.152574,2.7963,2.17659,2.82336,10,14531,11.1451,1.68724
1776813459170681574,1.54421,0.820312,-0.146438,2.50755,2.73573,2.91273,10,14547,11.1574,1.99393
1776813459175681941,1.54828,0.820312,-0.130101,2.81424,2.73573,2.91273,10,14557,11.1651,1.99453
1776813459180694826,1.54828,0.441406,-0.122432,2.43594,3.17818,2.72013,10,14577,11.1804,2.30103
1776813459185693971,1.56117,0.441406,-0.0941954,2.74243,3.17818,2.72013,10,14590,11.1904,2.60721
1776813459190688782,1.56117,0.304688,-0.0842247,2.91189,3.75987,2.71614,10,14614,11.2088,2.91443
1776813459195683427,1.56299,0.304688,-0.0639953,3.21912,3.75987,2.71614,10,14628,11.2195,2.91404
1776813459200683331,1.56299,-0.513672,-0.053257,2.40036,3.17257,2.26009,10,14655,11.2402,3.22261
1776813459205682883,1.56059,-0.513672,-0.0349502,2.70894,3.17257,2.26009,10,14670,11.2517,3.22087
1776813459210687435,1.56059,-0.583984,-0.0234451,2.63688,2.58512,2.20629,10,14696,11.2717,3.06797
1776813459215675599,1.55789,-0.583984,0.00606158,2.79001,2.58512,2.20629,10,14723,11.2924,3.374
1776813459220681373,1.55789,-0.607422,0.0144978,2.76658,2.01275,2.17743,10,14748,11.3116,3.68304
1776813459225677036,1.54903,-0.607422,0.0248194,3.07562,2.01275,2.17743,10,14767,11.3261,3.83415
1776813459230696717,1.54903,-0.599609,0.0393925,3.23454,1.9092,2.13109,10,14792,11.3453,3.68156
1776813459235687029,1.54618,-0.599609,0.0557108,3.08195,1.9092,2.13109,10,14809,11.3584,3.6823
1776813459240702710,1.54618,-0.8125,0.0687495,2.8698,1.97712,1.99333,10,14841,11.3829,3.68156
1776813459245696892,1.53547,-0.8125,0.0825815,2.86906,1.97712,1.99333,10,14859,11.3967,3.98667
1776813459250680259,1.53547,-0.890625,0.0963879,3.09605,2.2615,1.88707,10,14893,11.4228,3.98447
1776813459255712477,1.53102,-0.890625,0.118021,3.09385,2.2615,1.88707,10,14911,11.4366,3.99306
1776813459260668030,1.53102,-1.05859,0.131827,2.93446,2.17567,1.76564,10,14943,11.4611,3.83492
1776813459265699860,1.51674,-1.05859,0.142085,2.77632,2.17567,1.76564,10,14961,11.4749,3.83511
1776813459270678894,1.51674,-1.07227,0.15589,2.76284,2.04552,1.67501,10,14993,11.4995,3.6823
1776813459275685297,1.51097,-1.07227,0.174665,2.61003,2.04552,1.67501,10,15011,11.5133,3.98747
1776813459280681627,1.51097,-1.08594,0.188472,2.90153,1.73736,1.63365,10,15043,11.5378,3.83032
1776813459285780233,1.49513,-1.08594,0.210215,2.60079,1.73736,1.63365,10,15071,11.5593,3.68673
1776813459290714305,1.49513,-1.08594,0.210215,2.60079,1.73736,1.63365,10,15071,11.5593,3.68673
1776813459295693487,1.48369,-1.09766,0.239426,2.88921,1.57771,1.53443,10,15125,11.6007,3.98686
1776813459300794963,1.48369,-1.15039,0.248631,2.83647,1.38254,1.43722,10,15152,11.6214,4.14245
1776813459305717369,1.47196,-1.15039,0.257606,2.99205,1.38254,1.43722,10,15173,11.6375,4.14181
1776813459310668644,1.47196,-1.17773,0.273713,2.96407,1.32058,1.35247,10,15201,11.659,4.29602
1776813459315702492,1.46697,-1.17773,0.290205,3.11828,1.32058,1.35247,10,15222,11.6751,4.2943
1776813459320686637,1.46697,-1.14648,0.306312,3.14782,1.62266,1.34081,10,15256,11.7012,4.14098
1776813459325692374,1.44971,-1.14648,-0.313195,2.9945,1.62266,1.34081,10,15266,11.7089,3.06797
1776813459330683056,1.44971,-0.994141,-0.305525,2.07383,1.90383,1.32517,10,15247,11.6943,-1.83968
1776813459335687700,1.44376,-0.994141,0.302279,-2.83382,1.90383,1.32517,10,15237,11.6866,-2.30287
1776813459340741455,1.44376,4.91797,0.294608,2.6151,2.7367,4.65965,10,15236,11.6859,-0.460151
1776813459345740970,1.47608,4.91797,-0.302157,4.45782,2.7367,4.65965,10,15236,11.6859,0
1776813459350708930,1.47608,3.35742,-0.302157,3.35742,2.6641,3.96188,10,15244,11.692,0.613594
1776813459355698260,1.49666,3.35742,-0.26931,5.1982,2.6641,3.96188,10,15254,11.6997,1.84078
1776813459360664850,1.49666,3.35742,-0.26931,5.1982,2.6641,3.96188,10,15254,11.6997,1.84078
1776813459365681254,1.49666,0.964844,-0.267775,2.80563,2.6776,2.71903,10,15282,11.7211,2.30037
1776813459370689842,1.52616,0.964844,-0.216798,3.26522,2.28441,2.89087,10,15294,11.7304,2.14853
1776813459375734116,1.52616,0.835938,-0.207595,2.98447,2.28441,2.89087,10,15308,11.7411,1.84078
1776813459380699724,1.54366,0.835938,-0.179361,2.67672,2.01818,2.91843,10,15323,11.7526,2.30057
1776813459385681295,1.54366,0.960938,-0.167856,3.2615,2.01818,2.91843,10,15333,11.7603,1.84115
1776813459390682921,1.54862,0.960938,-0.155221,2.80209,2.55709,3.01824,10,15346,11.7702,1.6869
1776813459395688214,1.54862,1.08789,-0.145249,2.77479,2.55709,3.01824,10,15359,11.7802,2.14682
1776813459400697192,1.56311,1.08789,-0.120791,3.23471,3.08647,3.17364,10,15376,11.7932,2.30176
1776813459405682003,1.56311,0.699219,-0.107753,3.00097,3.08647,3.17364,10,15393,11.8063,2.60844
1776813459410686630,1.56745,0.699219,-0.0903728,3.30766,3.56518,2.97689,10,15413,11.8216,2.91385
1776813459415678737,1.56745,-0.0078125,-0.0750329,2.90603,3.56518,2.97689,10,15430,11.8347,2.76127
1776813459420686456,1.57331,-0.0078125,-0.056133,2.75346,3.49457,2.6073,10,15450,11.85,2.91462
1776813459425680990,1.57331,-0.333984,-0.0407932,2.58064,3.49457,2.6073,10,15468,11.8638,2.91385
1776813459430684079,1.57331,-0.333984,-0.0269868,2.57986,2.63386,2.42138,10,15488,11.8791,2.91579
1776813459435678538,1.57261,-0.333984,-0.0123527,2.5818,2.63386,2.42138,10,15504,11.8914,3.22068
1776813459440692479,1.57261,-0.564453,-8.08064e-05,2.65622,2.34243,2.28599,10,15531,11.9121,3.22197
1776813459445682216,1.5632,-0.564453,0.0112164,2.65751,2.34243,2.28599,10,15547,11.9244,3.22151
1776813459450679509,1.5632,-0.591797,0.0234883,2.62971,1.98846,2.21671,10,15575,11.9459,3.52732
1776813459455724653,1.55994,-0.591797,0.0417111,2.93552,1.98846,2.21671,10,15590,11.9574,3.22197
1776813459460663114,1.55994,-0.744141,0.0532163,2.47782,1.87845,2.11127,10,15619,11.9796,3.37486
1776813459465698258,1.5533,-0.744141,0.0688146,2.63072,1.87845,2.11127,10,15637,11.9934,3.82955
1776813459470677255,1.5533,-0.986328,0.0826209,2.84323,1.95098,1.93515,10,15670,12.0187,3.84029
1776813459475684158,1.5408,-0.986328,0.0954335,2.85396,1.95098,1.93515,10,15688,12.0325,3.83415
1776813459480682433,1.5408,-1.06445,0.109239,2.7697,2.14105,1.81876,10,15720,12.0571,3.98846
1776813459485683670,1.53495,-1.06445,0.12793,2.924,2.14105,1.81876,10,15739,12.0717,3.98428
1776813459490680963,1.53495,-1.16602,0.142503,2.81827,2.03679,1.7271,10,15775,12.0993,4.14595
1776813459495687219,1.51888,-1.16602,0.154051,2.97994,2.03679,1.7271,10,15795,12.1146,4.2943
1776813459500680012,1.51888,-1.14062,0.169391,3.15367,1.87043,1.64853,10,15830,12.1415,4.29602
1776813459505685304,1.51888,-1.14062,0.196235,3.15539,1.87043,1.64853,10,15850,12.1568,4.14181
1776813459510668301,1.51239,-1.14062,0.205077,3.00118,1.90114,1.61074,10,15879,12.179,4.29516
1776813459515676927,1.51239,-1.14062,0.22732,3.15453,1.90114,1.61074,10,15911,12.2036,4.29153
1776813459520676738,1.49077,-1.14062,0.230251,3.15091,1.49542,1.48441,10,15935,12.222,4.2986
1776813459525701364,1.49077,-1.18164,0.248658,3.11696,1.49542,1.48441,10,15960,12.2412,3.98846
1776813459530686250,1.48505,-1.18164,0.262113,2.80682,1.32841,1.42743,10,15988,12.2626,4.14264
1776813459535684469,1.48505,-1.22461,0.283589,2.91803,1.32841,1.42743,10,16019,12.2864,4.14162
1776813459540719835,1.46678,-1.22461,0.289095,2.91701,1.26424,1.29516,10,16044,12.3056,4.2943
1776813459545724720,1.46678,-1.20117,0.30827,3.09313,1.26424,1.29516,10,16070,12.3255,3.98925
1776813459550690162,1.46079,-1.20117,-0.306097,2.78808,1.26901,1.27303,10,16077,12.3309,1.84078
1776813459555691121,1.46079,-1.0332,-0.300728,0.807579,1.26901,1.27303,10,16065,12.3217,-1.07384
1776813459560662155,1.4482,-1.0332,0.305792,-2.10704,2.11127,1.29392,10,16057,12.3156,-1.84041
1776813459565686726,1.4482,4.91016,0.299656,3.06974,2.11127,1.29392,10,16056,12.3148,-0.306954
1776813459570685981,1.47649,4.91016,-0.301138,4.6032,2.72628,4.84932,10,16056,12.3148,0
1776813459575682459,1.47649,3.45312,-0.301138,3.45312,2.72628,4.84932,10,16062,12.3194,0.306892
1776813459580676900,1.47649,3.45312,-0.296536,3.76002,1.85007,4.01882,10,16072,12.3271,1.68777
1776813459585681582,1.49736,3.45312,-0.267993,5.14089,1.85007,4.01882,10,16077,12.3309,1.07343
1776813459590701189,1.49736,1.63477,-0.264158,2.7082,2.16618,3.105,10,16092,12.3424,1.83894
1776813459595690668,1.53406,1.63477,-0.21596,3.47371,2.16618,3.105,10,16099,12.3478,1.68946
1776813459600681701,1.53406,0.939453,-0.210591,2.62891,2.24637,2.92207,10,16113,12.3585,1.38054
1776813459605680790,1.54705,0.939453,-0.18686,2.31999,2.24637,2.92207,10,16121,12.3647,1.84078
1776813459610655787,1.54705,0.974609,-0.180725,2.81539,2.18214,3.01699,10,16135,12.3754,1.84078
1776813459615675024,1.55795,0.974609,-0.15908,2.81539,2.18214,3.01699,10,16142,12.3808,1.38026
1776813459620728890,1.55795,1.23047,-0.153711,2.61073,2.53692,3.22542,10,16159,12.3938,1.99432
1776813459625750238,1.56892,1.23047,-0.129709,3.22479,2.53692,3.22542,10,16169,12.4015,2.14748
1776813459630745438,1.56892,0.714844,-0.122039,2.86233,3.43293,2.99417,10,16189,12.4168,2.30103
1776813459635699454,1.57889,0.714844,-0.0967306,3.01587,3.43293,2.99417,10,16202,12.4268,2.60773
1776813459640712580,1.57889,0.015625,-0.086759,2.62335,3.78433,2.65237,10,16224,12.4437,2.60773
1776813459645682559,1.5824,0.015625,-0.066378,2.62335,3.78433,2.65237,10,16238,12.4544,2.91404
1776813459650702833,1.5824,-0.431641,-0.0556406,2.4824,3.06962,2.41735,10,16264,12.4743,3.06858
1776813459655684682,1.5824,-0.431641,-0.0356983,2.63694,3.06962,2.41735,10,16279,12.4858,3.22197
1776813459660670623,1.58,-0.431641,-0.0265841,2.79032,2.2957,2.40378,10,16303,12.5042,3.52751
1776813459665672323,1.58,-0.492188,-0.00817625,3.03532,2.2957,2.40378,10,16328,12.5234,3.37535
1776813459670692819,1.57268,-0.492188,0.00367218,2.88316,2.06599,2.32759,10,16352,12.5418,3.37419
1776813459675692445,1.57268,-0.511719,0.02208,2.86247,2.06599,2.32759,10,16373,12.5579,3.37535
1776813459680686572,1.57015,-0.511719,0.0356575,2.86363,2.23632,2.30205,10,16399,12.5779,3.52821
1776813459685685290,1.57015,-0.664062,0.0555988,2.86415,2.23632,2.30205,10,16421,12.5947,3.83492
1776813459690689342,1.56183,-0.664062,0.0641571,3.17085,2.28481,2.16772,10,16448,12.6155,3.83415
1776813459695675913,1.56183,-0.787109,0.0848652,3.04704,2.28481,2.16772,10,16471,12.6331,3.83492
1776813459700690724,1.55823,-0.787109,0.0988994,3.04781,2.48754,2.07695,10,16496,12.6523,3.52821
1776813459705684665,1.55823,-1.03516,0.118074,2.49306,2.48754,2.07695,10,16519,12.6699,3.83492
1776813459710663125,1.54427,-1.03516,0.121763,2.79976,2.21315,1.85546,10,16547,12.6914,3.83511
1776813459715765379,1.54427,-1.08008,0.143239,2.75503,2.21315,1.85546,10,16570,12.709,3.98269
1776813459720705525,1.53911,-1.08008,0.155712,2.90261,2.04235,1.80008,10,16597,12.7297,3.83952
1776813459725690429,1.53911,-1.11914,0.17642,2.72038,2.04235,1.80008,10,16619,12.7466,3.68304
1776813459730687852,1.53911,-1.11914,0.193294,2.5639,1.79201,1.77782,10,16646,12.7673,3.68156
1776813459735702052,1.52263,-1.11914,0.197529,2.56242,1.79201,1.77782,10,16665,12.7819,3.98747
1776813459740706122,1.52263,-1.11914,0.197529,2.56242,1.79201,1.77782,10,16665,12.7819,3.98747
1776813459745855597,1.50564,-1.13086,0.238059,3.16344,1.68233,1.67585,10,16734,12.8348,4.2943
1776813459750744207,1.50564,-1.21094,0.248029,3.08336,1.51464,1.53132,10,16755,12.8509,4.14347
1776813459755719630,1.49415,-1.21094,0.252649,2.93253,1.51464,1.53132,10,16776,12.867,4.44762
1776813459760648831,1.49415,-1.2793,0.268755,3.16832,1.60805,1.42517,10,16816,12.8977,4.75635
1776813459765688549,1.4817,-1.2793,0.286984,3.47706,1.60805,1.42517,10,16838,12.9146,4.75426
1776813459770683305,1.4817,-1.30078,0.303856,3.45348,1.59697,1.33978,10,16872,12.9407,4.29516
1776813459775693728,1.47533,-1.30078,-0.304749,2.99438,1.59697,1.33978,10,16880,12.9468,2.45438
1776813459780716409,1.47533,-0.193359,-0.298613,2.26102,1.86097,1.9335,10,16867,12.9368,-0.920296
1776813459785699609,1.45875,-0.193359,0.303147,-1.11366,1.86097,1.9335,10,16860,12.9315,-1.99413
1776813459790704087,1.45875,2.7207,0.297779,0.72657,2.92794,3.49636,10,16860,12.9315,0
1776813459795696158,1.46493,2.7207,0.303959,2.7207,2.92794,3.49636,10,16860,12.9315,0
1776813459800683025,1.46493,2.30664,0.303959,2.30664,2.74053,3.29698,10,16871,12.9399,0.920112
1776813459805681966,1.46493,2.30664,0.312396,3.22675,2.74053,3.29698,10,16883,12.9491,2.45487
1776813459810655611,1.51972,2.30664,-0.251928,4.76151,2.80974,3.61832,10,16896,12.9591,1.83821
1776813459815681533,1.51972,2.30664,-0.251928,4.76151,2.80974,3.61832,10,16896,12.9591,1.83821
1776813459820676123,1.53849,1.18555,-0.196339,3.79327,2.16072,2.97929,10,16938,12.9913,2.60773
1776813459825683267,1.53849,0.310547,-0.19097,2.91827,2.16072,2.97929,10,16954,13.0036,2.60844
1776813459830703226,1.54542,0.310547,-0.171768,2.91899,2.07568,2.62911,10,16968,13.0143,2.60825
1776813459835700704,1.54542,0.375,-0.161031,2.98325,2.07568,2.62911,10,16978,13.022,1.99413
1776813459840688738,1.55002,0.375,-0.148757,2.36913,2.41217,2.69231,10,16993,13.0335,1.84041
1776813459845697438,1.55002,0.550781,-0.137253,2.3912,2.41217,2.69231,10,17007,13.0442,2.45438
1776813459850687213,1.55215,0.550781,-0.124385,3.00516,2.53167,2.80473,10,17025,13.058,2.30103
1776813459855675598,1.55215,0.314453,-0.11058,2.61548,2.53167,2.80473,10,17042,13.0711,2.75997
1776813459860736649,1.56059,0.314453,-0.0891,3.07443,3.28733,2.71839,10,17063,13.0872,2.91579
1776813459865692017,1.56059,-0.00390625,-0.0729934,2.91188,3.28733,2.71839,10,17081,13.101,3.06736
1776813459870691902,1.56134,-0.00390625,-0.0584394,3.06345,3.27277,2.54121,10,17103,13.1178,3.06858
1776813459875701121,1.56134,-0.771484,-0.0415651,2.2971,3.27277,2.54121,10,17123,13.1332,3.22132
1776813459880740876,1.56134,-0.771484,-0.0262253,2.44984,2.48079,2.10369,10,17144,13.1493,3.22197
1776813459885697596,1.55529,-0.771484,-0.0161668,2.45048,2.48079,2.10369,10,17160,13.1616,3.22132
1776813459890699444,1.55529,-0.765625,-0.00389497,2.4557,2.28893,2.07239,10,17189,13.1838,3.37486
1776813459895689200,1.54329,-0.765625,0.00633891,2.60924,2.28893,2.07239,10,17205,13.1961,3.52751
1776813459900695937,1.54329,-0.763672,0.0186108,2.76384,1.60652,2.00452,10,17235,13.2191,3.52802
1776813459905685397,1.53564,-0.763672,0.0339735,2.76435,1.60652,2.00452,10,17252,13.2321,3.68083
1776813459910709189,1.53564,-0.867188,0.0470131,2.81364,1.73663,1.90142,10,17284,13.2567,3.6823
1776813459915692797,1.53174,-0.867188,0.0676583,2.81511,1.73663,1.90142,10,17303,13.2712,4.14264
1776813459920684442,1.53174,-1.09766,0.0822304,3.04498,1.72295,1.74753,10,17339,13.2988,4.13996
1776813459925687864,1.51672,-1.09766,0.0948265,3.0423,1.72295,1.74753,10,17358,13.3134,4.29602
1776813459930682305,1.51672,-1.12109,0.1094,3.17492,1.86219,1.64711,10,17392,13.3395,3.98846
1776813459935693376,1.51146,-1.12109,0.130214,2.86736,1.86219,1.64711,10,17412,13.3548,4.14098
1776813459940685317,1.51146,-1.18359,0.145553,2.95739,1.73011,1.58086,10,17446,13.3809,4.14245
1776813459945690258,1.49407,-1.18359,0.154239,2.95885,1.73011,1.58086,10,17465,13.3955,4.14181
1776813459950689328,1.49407,-1.15234,0.168811,2.98946,1.71435,1.49705,10,17498,13.4208,3.98747
1776813459955697899,1.49407,-1.15234,0.194122,2.83512,1.71435,1.49705,10,17516,13.4346,3.6823
1776813459960680173,1.48246,-1.15234,0.196318,2.52996,1.76002,1.42887,10,17543,13.4553,3.98846
1776813459965677577,1.48246,-1.09766,0.217028,2.8908,1.76002,1.42887,10,17572,13.4776,3.83492
1776813459970681444,1.47126,-1.09766,0.228072,2.73726,1.248,1.394,10,17600,13.499,3.98906
1776813459975688496,1.47126,-1.09766,0.249548,2.89141,1.248,1.394,10,17623,13.5167,3.98368
1776813459980682863,1.45517,-1.09766,0.251103,2.88602,1.33638,1.29869,10,17650,13.5374,3.68525
1776813459985690471,1.45517,-1.08984,0.271811,2.59541,1.33638,1.29869,10,17674,13.5558,3.98827
1776813459990679208,1.4441,-1.08984,0.279146,2.89842,1.15865,1.23722,10,17704,13.5788,4.14264
1776813459995677668,1.4441,-1.05469,0.302156,3.08795,1.15865,1.23722,10,17727,13.5964,4.14181
1776813460000680368,1.43346,-1.05469,0.309152,3.08712,1.19917,1.19364,10,17743,13.6087,2.91385
1776813460005682216,1.43346,-0.585938,-0.306894,2.32791,1.19917,1.19364,10,17732,13.6003,0.153572
1776813460010667417,1.4244,-0.585938,0.303926,-0.432365,1.81374,1.40648,10,17719,13.5903,-2.76127
1776813460015705913,1.4244,4.49414,0.293955,1.73287,1.81374,1.40648,10,17716,13.588,-0.766792
1776813460020702984,1.44195,4.49414,0.309212,3.72735,2.68291,4.40726,10,17713,13.5857,-0.460335
1776813460025692444,1.44195,2.92969,0.30691,2.46935,2.68291,4.40726,10,17714,13.5865,-0.15329
1776813460030679867,1.44195,2.92969,0.307677,2.7764,2.19355,3.51553,10,17726,13.5957,1.38109
1776813460035706937,1.48382,2.92969,-0.269573,4.31078,2.19355,3.51553,10,17731,13.5995,1.22719
1776813460040689138,1.48382,1.43359,-0.265738,2.66078,2.23419,2.91085,10,17745,13.6102,1.53408
1776813460045676264,1.51347,1.43359,-0.225346,2.96767,2.23419,2.91085,10,17753,13.6164,1.84078
1776813460050688983,1.51347,0.96875,-0.21921,2.80953,2.25381,2.81941,10,17767,13.6271,1.68556
1776813460055680850,1.52768,0.96875,-0.194267,2.6543,2.25381,2.81941,10,17776,13.634,1.84226
1776813460060669736,1.52768,1.09766,-0.187364,2.93991,2.06452,2.97535,10,17789,13.644,1.68743
1776813460065686084,1.53863,1.09766,-0.166444,2.78509,2.06452,2.97535,10,17795,13.6486,1.22719
1776813460070713340,1.53863,1.38672,-0.161841,2.61391,2.49528,3.20339,10,17811,13.6609,1.84078
1776813460075682226,1.55035,1.38672,-0.137851,3.2275,2.49528,3.20339,10,17821,13.6685,2.14748
1776813460080680630,1.55035,0.847656,-0.13018,2.99514,3.37691,2.96358,10,17841,13.6839,2.30149
1776813460085685182,1.56184,0.847656,-0.103345,3.14914,3.37691,2.96358,10,17854,13.6938,2.60773
1776813460090708753,1.56184,0.339844,-0.0933742,2.94757,3.75059,2.74,10,17877,13.7115,2.76127
1776813460095688139,1.568,0.339844,-0.0695752,3.10111,3.75059,2.74,10,17890,13.7215,2.76108
1776813460100683413,1.568,-0.246094,-0.0596036,2.51498,3.38929,2.4412,10,17915,13.7406,2.91462
1776813460105683355,1.568,-0.246094,-0.040429,2.66853,3.38929,2.4412,10,17929,13.7514,3.06797
1776813460110695592,1.56874,-0.246094,-0.0289468,2.82188,2.42322,2.44545,10,17951,13.7682,3.06736
1776813460115702088,1.56874,-0.392578,-0.0120725,2.67478,2.42322,2.44545,10,17974,13.7859,3.22197
1776813460120691511,1.56547,-0.392578,0.00229654,2.82939,2.06519,2.34328,10,17992,13.7997,3.06797
1776813460125688527,1.56547,-0.353516,0.0161019,2.71445,2.06519,2.34328,10,18015,13.8173,3.22068
1776813460130685616,1.5599,-0.353516,0.0281659,2.86716,1.98875,2.33366,10,18038,13.835,3.22132
1776813460135718668,1.5599,-0.433594,0.045806,2.78773,1.98875,2.33366,10,18058,13.8503,3.22151
1776813460140685183,1.55792,-0.433594,0.0591699,2.78792,2.09458,2.2767,10,18084,13.8703,3.68156
1776813460145778252,1.55792,-0.767578,0.0791121,2.91399,2.09458,2.2767,10,18111,13.891,3.68137
1776813460150705973,1.54913,-0.767578,0.0910321,2.9138,2.38836,2.03592,10,18133,13.9078,3.68156
1776813460155693507,1.54913,-0.892578,0.107906,2.78899,2.38836,2.03592,10,18154,13.9239,3.68156
1776813460160667004,1.54592,-0.892578,0.120797,2.78899,2.45162,1.94618,10,18175,13.9401,3.68156
1776813460165737296,1.54592,-1.14258,0.136904,2.53899,2.45162,1.94618,10,18204,13.9623,3.83434
1776813460170827957,1.52906,-1.14258,0.142295,2.69176,2.25411,1.70645,10,18232,13.9838,3.98827
1776813460175716771,1.52906,-1.1582,0.163771,2.83006,2.25411,1.70645,10,18256,14.0022,3.98906
1776813460180682805,1.52906,-1.1582,0.182179,2.83086,2.06565,1.69754,10,18283,14.0229,3.98368
1776813460185681747,1.52378,-1.1582,0.1976,2.82547,2.06565,1.69754,10,18303,14.0375,3.99306
1776813460190681540,1.52378,-1.15039,0.21294,2.84267,1.54736,1.67137,10,18339,14.0658,4.29516
1776813460195709147,1.50643,-1.15039,0.223206,3.14477,1.54736,1.67137,10,18360,14.0819,4.44762
1776813460200689792,1.50643,-1.23242,0.239312,3.2152,1.37858,1.52371,10,18397,14.1103,4.4487
1776813460205688104,1.48834,-1.23242,0.249598,3.21628,1.37858,1.52371,10,18418,14.1264,4.44851
1776813460210661897,1.48834,-1.24414,0.265704,3.20437,1.29858,1.41111,10,18455,14.1548,4.4494
1776813460215684338,1.48228,-1.24414,0.288029,3.20526,1.29858,1.41111,10,18476,14.1709,4.4494
1776813460220690631,1.48228,-1.27148,0.304135,3.17791,1.26581,1.35993,10,18513,14.1993,4.60113
1776813460225688628,1.46338,-1.27148,0.313614,3.32965,1.26581,1.35993,10,18533,14.2146,4.14162
1776813460230689569,1.46338,-1.27148,-0.299365,2.87013,1.32818,1.24831,10,18547,14.2254,2.45487
1776813460235683955,1.45707,-1.27148,-0.294944,1.18338,1.32818,1.24831,10,18539,14.2192,-0.920112
1776813460240683359,1.45707,1.80078,-0.30108,0.88067,2.15771,2.96203,10,18525,14.2085,-1.99472
1776813460245685263,1.44841,1.80078,0.307848,-0.193941,2.15771,2.96203,10,18525,14.2085,-0.30664
1776813460250691130,1.44841,4.86523,0.307848,4.55859,2.81945,4.65731,10,18524,14.2077,-0.153351
1776813460255687071,1.44841,4.86523,0.307081,4.71188,2.81945,4.65731,10,18529,14.2116,0.613717
1776813460260671901,1.46014,4.86523,-0.305672,5.47895,3.19854,4.72704,10,18544,14.2231,2.14705
1776813460265676917,1.46014,0.654297,-0.294167,2.80135,3.19854,4.72704,10,18556,14.2323,1.53439
1776813460270693265,1.52632,0.654297,-0.218782,2.18868,2.58917,2.7148,10,18573,14.2453,2.30037
1776813460275705335,1.52632,1.08594,-0.205743,3.38631,2.58917,2.7148,10,18588,14.2568,2.45438
1776813460280707332,1.53723,1.08594,-0.183333,3.54031,2.21947,3.02389,10,18601,14.2668,2.30103
1776813460285707977,1.53723,0.734375,-0.173362,3.0354,2.21947,3.02389,10,18620,14.2814,2.60825
1776813460290687400,1.54343,0.734375,-0.152592,3.34262,1.96635,2.85922,10,18632,14.2906,2.14682
1776813460295679008,1.54343,0.53125,-0.143388,2.67807,1.96635,2.85922,10,18643,14.299,1.5342
1776813460300691060,1.54891,0.53125,-0.129465,2.06545,2.43696,2.775,10,18656,14.309,2.14767
1776813460305685798,1.54891,0.994141,-0.119494,3.14182,2.43696,2.775,10,18669,14.3189,2.29716
1776813460310660813,1.5516,0.994141,-0.106839,3.2913,2.97048,3.05426,10,18687,14.3327,2.45634
1776813460315679550,1.5516,0.367188,-0.0930334,2.82353,2.97048,3.05426,10,18708,14.3489,2.76403
1776813460320679621,1.56184,0.367188,-0.0666815,3.13122,3.35621,2.7556,10,18729,14.365,2.91404
1776813460325692284,1.56184,0.0527344,-0.0505739,2.96677,3.35621,2.7556,10,18748,14.3795,3.22132
1776813460330682578,1.56184,0.0527344,-0.0360018,3.27406,3.23992,2.57636,10,18771,14.3972,3.22132
1776813460335689556,1.56274,0.0527344,-0.0174595,3.27406,3.23992,2.57636,10,18787,14.4094,3.37535
1776813460340729015,1.56274,-0.722656,-0.00518761,2.65269,2.41181,2.13954,10,18815,14.4309,3.22151
1776813460345711012,1.55345,-0.722656,0.00699174,2.49886,2.41181,2.13954,10,18831,14.4432,3.52732
1776813460350697786,1.55345,-0.701172,0.0192636,2.82615,2.34312,2.09855,10,18862,14.467,3.68156
1776813460355692061,1.55129,-0.701172,0.0408853,2.98039,2.34312,2.09855,10,18880,14.4808,3.68156
1776813460360662725,1.55129,-0.730469,0.0546917,2.9511,1.84502,2.06949,10,18910,14.5038,3.68083
1776813460365677481,1.53951,-0.730469,0.0659164,2.95036,1.84502,2.06949,10,18928,14.5176,3.83645
1776813460370704588,1.53951,-0.794922,0.0797228,3.04153,1.92536,1.96495,10,18961,14.5429,3.98766
1776813460375761398,1.53596,-0.794922,0.101484,3.19274,1.92536,1.96495,10,18980,14.5575,3.98587
1776813460380768562,1.53596,-1.01172,0.116057,2.97416,1.9144,1.8209,10,19014,14.5836,3.99165
1776813460385741226,1.52199,-1.01172,0.128162,2.97993,1.9144,1.8209,10,19032,14.5974,3.98827
1776813460390697705,1.52199,-1.07227,0.141968,2.916,1.84381,1.70551,10,19064,14.6219,3.68009
1776813460395696072,1.51883,-1.07227,0.163353,2.60783,1.84381,1.70551,10,19083,14.6365,3.98906
1776813460400686421,1.51883,-1.11719,0.177925,2.87188,1.70487,1.66157,10,19115,14.661,3.98925
1776813460405690176,1.51883,-1.11719,0.202469,2.87207,1.70487,1.66157,10,19134,14.6756,3.98587
1776813460410661489,1.50019,-1.11719,0.198403,2.86869,1.74299,1.55293,10,19161,14.6963,3.83741
1776813460415685022,1.50019,-1.08789,0.219112,2.74952,1.74299,1.55293,10,19190,14.7185,3.98827
1776813460420677982,1.48391,-1.08789,0.225073,2.90038,1.76309,1.47413,10,19219,14.7408,3.98827
1776813460425682219,1.48391,-1.10352,0.247316,2.88475,1.76309,1.47413,10,19245,14.7607,4.2943
1776813460430679957,1.48046,-1.10352,0.263805,3.19078,1.74102,1.44491,10,19270,14.7799,4.29602
1776813460435676750,1.48046,-1.16406,0.28298,3.13196,1.74102,1.44491,10,19301,14.8037,4.29258
1776813460440687487,1.46158,-1.16406,0.287881,3.12852,1.41134,1.29886,10,19326,14.8229,4.29602
1776813460445683095,1.46158,-1.17969,0.307056,3.11633,1.41134,1.29886,10,19353,14.8436,4.44851
1776813460450704665,1.45782,-1.17969,-0.304314,3.26882,1.37272,1.26765,10,19375,14.8604,3.52963
1776813460455682181,1.45782,-0.982422,-0.28744,2.5472,1.37272,1.26765,10,19363,14.8512,-0.460243
1776813460460665196,1.43814,-0.982422,0.311998,-1.44267,1.92359,1.26287,10,19350,14.8413,-2.60721
1776813460465674489,1.43814,4.41211,0.302026,1.8049,1.92359,1.26287,10,19348,14.8397,-0.766792
1776813460470680616,1.45574,4.41211,-0.31023,3.64532,2.89915,4.44261,10,19346,14.8382,-0.306954
1776813460475694482,1.45574,2.85938,-0.311764,2.55242,2.89915,4.44261,10,19350,14.8413,0.153572
1776813460480691053,1.49759,2.85938,-0.259176,4.70016,1.78968,3.55755,10,19365,14.8528,1.84078
1776813460485689772,1.49759,1.07227,-0.255341,2.91305,1.78968,3.55755,10,19374,14.8597,1.37999
1776813460490686843,1.51775,1.07227,-0.228281,2.45225,2.50592,2.90327,10,19386,14.8689,1.99493
1776813460495677766,1.51775,1.62695,-0.219076,3.62188,2.50592,2.90327,10,19399,14.8788,1.84041
1776813460500715169,1.53161,1.62695,-0.195244,3.46737,2.05029,3.2998,10,19411,14.8881,1.99413
1776813460505693611,1.53161,1.08984,-0.186041,3.08398,2.05029,3.2998,10,19423,14.8973,2.14725
1776813460510672960,1.54219,1.08984,-0.166251,3.23709,2.02229,3.05474,10,19432,14.9042,1.68792
1776813460515673882,1.54219,0.986328,-0.159347,2.67424,2.02229,3.05474,10,19445,14.9141,1.53377
1776813460520680101,1.55229,0.986328,-0.139284,2.5201,2.40128,3.05376,10,19460,14.9256,1.99453
1776813460525679080,1.55229,1.03125,-0.127779,3.02578,2.40128,3.05376,10,19476,14.9379,2.14725
1776813460530685558,1.56322,1.03125,-0.104577,3.1785,3.16491,3.14196,10,19490,14.9486,2.45438
1776813460535678425,1.56322,0.388672,-0.09384,2.84305,3.16491,3.14196,10,19510,14.964,2.60721
1776813460540679773,1.57279,0.388672,-0.0689224,2.99588,3.5436,2.83034,10,19526,14.9763,2.76163
1776813460545678733,1.57279,0.0878906,-0.0566505,2.84952,3.5436,2.83034,10,19544,14.9901,2.9152
1776813460550682341,1.57463,0.0878906,-0.0279735,3.15525,3.49427,2.6589,10,19571,15.0108,3.06736
1776813460555692282,1.57463,-0.730469,-0.0203041,2.33689,3.49427,2.6589,10,19590,15.0253,3.22132
1776813460560671427,1.56943,-0.730469,-0.0109323,2.49085,2.61,2.17323,10,19609,15.0399,3.37486
1776813460565681831,1.56943,-0.763672,0.00364078,2.61119,2.61,2.17323,10,19630,15.056,3.37467
1776813460570678476,1.56419,-0.763672,0.0145079,2.611,2.17321,2.1244,10,19649,15.0706,3.37535
1776813460575776341,1.56419,-0.783203,0.02908,2.59214,2.17321,2.1244,10,19669,15.0859,3.37419
1776813460580699691,1.56202,-0.783203,0.0422551,2.59098,1.73428,2.10089,10,19693,15.1043,3.37535
1776813460585683577,1.56202,-0.765625,0.0606629,2.60972,1.73428,2.10089,10,19719,15.1243,3.52469
1776813460590687352,1.54891,-0.765625,0.0674902,2.75906,1.95806,2.03573,10,19741,15.1412,3.68525
1776813460595692682,1.54891,-0.802734,0.0843636,2.88252,1.95806,2.03573,10,19765,15.1596,4.14098
1776813460600683549,1.54676,-0.802734,0.100627,3.33825,2.06174,2.00225,10,19795,15.1826,4.14245
1776813460605757692,1.54676,-1.04102,0.123637,3.10143,2.06174,2.00225,10,19824,15.2048,3.98766
1776813460610689857,1.5309,-1.04102,0.130021,2.94664,2.16624,1.77497,10,19848,15.2232,4.14245
1776813460615700631,1.5309,-1.13477,0.148429,3.00768,2.16624,1.77497,10,19874,15.2432,4.29516
1776813460620724998,1.52826,-1.13477,0.189503,3.31393,2.17943,1.72153,10,19918,15.2769,4.4487
1776813460625697329,1.52826,-1.13477,0.189503,3.31393,2.17943,1.72153,10,19918,15.2769,4.4487
1776813460630690048,1.50419,-1.20508,0.206848,2.93737,2.01899,1.66616,10,19972,15.3183,4.14245
1776813460635680730,1.50419,-1.23438,0.216818,2.90807,2.01899,1.66616,10,19998,15.3383,4.29516
1776813460640719985,1.49183,-1.23438,0.224401,3.06078,1.78009,1.43715,10,20023,15.3574,4.44762
1776813460645691482,1.49183,-1.22461,0.243576,3.22301,1.78009,1.43715,10,20049,15.3774,4.29602
1776813460650683553,1.48575,-1.22461,0.257442,3.07141,1.66888,1.40704,10,20072,15.395,4.29258
1776813460655678735,1.48575,-1.28906,0.275082,3.00352,1.66888,1.40704,10,20104,15.4196,4.14264
1776813460660668695,1.47952,-1.28906,0.293393,2.85357,1.19608,1.33362,10,20135,15.4434,4.4494
1776813460665680988,1.47952,-1.36133,-0.311149,3.08807,1.19608,1.33362,10,20166,15.4671,4.4494
1776813460670697484,1.45651,-1.36133,-0.310383,3.08807,1.27241,1.15631,10,20183,15.4802,3.83338
1776813460675700462,1.45651,-0.458984,-0.297344,3.3744,1.27241,1.15631,10,20180,15.4779,0.613717
1776813460680692959,1.44196,-0.458984,0.314127,0.154732,1.84993,1.58402,10,20171,15.471,-1.07386
1776813460685691289,1.44196,2.38672,0.307224,1.31286,1.84993,1.58402,10,20167,15.4679,-1.2267
1776813460690682231,1.44196,2.38672,0.304155,1.16002,2.79095,3.20607,10,20167,15.4679,0
1776813460695682061,1.44679,2.38672,0.308991,2.38672,2.79095,3.20607,10,20167,15.4679,0
1776813460700689002,1.44679,2.35938,0.308991,2.35938,2.89692,3.21933,10,20182,15.4794,1.38054
1776813460705681980,1.50681,2.35938,-0.247809,3.73991,2.89692,3.21933,10,20191,15.4863,1.99453
1776813460710662996,1.50681,0.574219,-0.240906,2.56875,2.56081,2.5557,10,20206,15.4978,1.68676
1776813460715675844,1.52258,0.574219,-0.21363,2.26098,2.56081,2.5557,10,20216,15.5055,2.30149
1776813460720696063,1.52258,1.04883,-0.205959,3.35031,2.07499,2.91798,10,20235,15.5201,2.14791
1776813460725694948,1.53317,1.04883,-0.180799,3.19674,2.07499,2.91798,10,20245,15.5277,2.30011
1776813460730691612,1.53317,0.816406,-0.173129,3.11651,1.8612,2.8468,10,20261,15.54,1.99493
1776813460735723608,1.54025,0.816406,-0.153775,2.81134,1.8612,2.8468,10,20269,15.5461,1.68709
1776813460740698401,1.54025,0.861328,-0.147639,2.54842,2.72223,2.91328,10,20286,15.5592,1.84115
1776813460745679787,1.54806,0.861328,-0.126791,2.70248,2.72223,2.91328,10,20297,15.5676,2.30083
1776813460750681747,1.54806,0.822266,-0.118354,3.1231,3.28339,2.93597,10,20316,15.5822,2.30103
1776813460755690762,1.55843,0.822266,-0.0934087,3.12329,3.28339,2.93597,10,20328,15.5914,2.60512
1776813460760659926,1.55843,0.402344,-0.0842038,3.00747,3.57702,2.75612,10,20352,15.6098,2.76293
1776813460765677830,1.55843,0.402344,-0.065796,3.16527,3.57702,2.75612,10,20367,15.6213,3.06797
1776813460770678382,1.56461,0.402344,-0.0481177,3.47031,3.2144,2.79143,10,20392,15.6405,3.52892
1776813460775682064,1.56461,-0.546875,-0.0289432,2.98204,3.2144,2.79143,10,20418,15.6604,3.52873
1776813460780695875,1.56179,-0.546875,-0.0118199,2.98185,2.61867,2.23427,10,20437,15.675,3.37419
1776813460785692131,1.56179,-0.623047,0.00275317,2.75114,2.61867,2.23427,10,20462,15.6942,3.37467
1776813460790681961,1.5571,-0.623047,0.0172385,2.75162,2.36592,2.16401,10,20481,15.7087,3.52892
1776813460795683847,1.5571,-0.662109,0.0318116,2.86681,2.36592,2.16401,10,20509,15.7302,3.52732
1776813460800683714,1.55102,-0.662109,0.0472116,2.86521,2.17756,2.1069,10,20530,15.7463,3.83511
1776813460805691414,1.55102,-0.822266,0.0633191,3.01284,2.17756,2.1069,10,20559,15.7686,3.83568
1776813460810662541,1.54357,-0.822266,0.078103,3.01342,1.92392,1.97273,10,20579,15.7839,3.68083
1776813460815673130,1.54357,-1.0332,0.0934428,2.64762,1.92392,1.97273,10,20607,15.8054,3.68156
1776813460820678794,1.53449,-1.0332,0.105842,2.64836,1.67931,1.80015,10,20629,15.8222,3.98747
1776813460825703660,1.53449,-1.12109,0.122715,2.86637,1.67931,1.80015,10,20660,15.8453,3.98925
1776813460830686435,1.52353,-1.12109,0.135537,2.86816,1.91345,1.68665,10,20682,15.8629,4.14162
1776813460835697839,1.52353,-1.20117,0.15241,2.94045,1.91345,1.68665,10,20710,15.8844,3.83511
1776813460840680540,1.51215,-1.20117,0.179374,2.63374,1.73344,1.64101,10,20745,15.9112,3.83492
1776813460845684555,1.51215,-1.15625,0.189344,2.67867,1.73344,1.64101,10,20768,15.9289,3.98906
1776813460850676089,1.49347,-1.15625,0.188312,2.83281,1.53279,1.49134,10,20792,15.9473,4.29516
1776813460855677882,1.49347,-1.13281,0.20672,3.16235,1.53279,1.49134,10,20817,15.9664,4.14098
1776813460860655694,1.48309,-1.13281,0.215516,3.00817,1.42732,1.44374,10,20840,15.9841,4.14162
1776813460865679005,1.48309,-1.14844,0.233156,2.99318,1.42732,1.44374,10,20866,16.004,4.29602
1776813460870680372,1.47725,-1.14844,0.247249,3.14758,1.47707,1.40039,10,20898,16.0286,4.44781
1776813460875711090,1.47725,-1.22852,0.271792,3.21929,1.47707,1.40039,10,20933,16.0554,4.75445
1776813460880670606,1.46523,-1.22852,0.286622,3.52594,1.39118,1.28374,10,20958,16.0746,4.44832
1776813460885739861,1.46523,-1.24805,0.305797,3.20027,1.39118,1.28374,10,20990,16.0991,4.29707
1776813460890799875,1.45274,-1.24805,-0.310465,3.04902,1.32342,1.19851,10,21014,16.1175,4.44832
1776813460895752002,1.45274,-1.21875,-0.292057,3.22957,1.32342,1.19851,10,21035,16.1336,3.37486
1776813460900699593,1.44052,-1.21875,-0.288179,2.15611,1.33264,1.14233,10,21028,16.1283,0
1776813460905686256,1.44052,0.673828,-0.293546,0.673828,1.33264,1.14233,10,21007,16.1122,-3.37486
1776813460910683883,1.44052,0.673828,-0.309654,-2.70103,2.53431,2.2211,10,21006,16.1114,-0.613281
1776813460915680806,1.43426,0.673828,0.311644,0.0605474,2.53431,2.2211,10,21004,16.1099,-0.153382
1776813460920695913,1.43426,3.25,0.310111,3.09662,2.65312,3.65213,10,21008,16.1129,0
1776813460925685688,1.4918,3.25,-0.2576,3.25,2.65312,3.65213,10,21016,16.1191,1.53328
1776813460930689962,1.4918,1.52148,-0.251464,3.05476,1.99845,3.00785,10,21028,16.1283,1.5345
1776813460935712384,1.51698,1.52148,-0.217076,3.05599,1.99845,3.00785,10,21038,16.1359,1.68728
1776813460940699622,1.51698,1.86719,-0.209407,3.55447,2.14764,3.35195,10,21053,16.1474,1.99434
1776813460945681508,1.53196,1.86719,-0.182922,3.86153,2.14764,3.35195,10,21062,16.1544,1.84097
1776813460950688264,1.53196,1.11328,-0.17602,2.95425,2.24328,3.00906,10,21078,16.1666,1.99235
1776813460955702038,1.54474,1.11328,-0.150976,3.10563,2.24328,3.00906,10,21086,16.1728,1.68864
1776813460960689202,1.54474,0.978516,-0.14484,2.66715,2.27948,3.00591,10,21098,16.182,1.38082
1776813460965675736,1.55612,0.978516,-0.124254,2.35933,2.27948,3.00591,10,21107,16.1889,1.68724
1776813460970685473,1.55612,1.24023,-0.117351,2.92747,2.79107,3.22047,10,21124,16.2019,2.14682
1776813460975684655,1.56778,1.24023,-0.0926531,3.38705,2.79107,3.22047,10,21134,16.2096,2.1481
1776813460980692429,1.56778,0.816406,-0.0849818,2.96451,3.69032,3.04556,10,21156,16.2264,2.60721
1776813460985685278,1.56778,0.816406,-0.0681094,3.42361,3.69032,3.04556,10,21169,16.2364,2.60877
1776813460990687330,1.57735,0.816406,-0.0485714,3.42518,3.58658,3.10005,10,21189,16.2518,2.76053
1776813460995708549,1.57735,-0.210938,-0.0332326,2.54959,3.58658,3.10005,10,21210,16.2679,2.91501
1776813461000690305,1.58154,-0.210938,-0.0129317,2.70407,3.0789,2.53829,10,21227,16.2809,3.06755
1776813461005683117,1.58154,-0.535156,0.000106975,2.53239,3.0789,2.53829,10,21251,16.2993,3.06839
1776813461010751742,1.57556,-0.535156,0.0125372,2.53324,2.6888,2.31952,10,21270,16.3139,3.37351
1776813461015694537,1.57556,-0.576172,0.0271093,2.79734,2.6888,2.31952,10,21297,16.3346,3.68156
1776813461020760366,1.57249,-0.576172,0.0447504,3.10539,1.98176,2.27866,10,21318,16.3507,3.68083
1776813461025726085,1.57249,-0.767578,0.060856,2.91325,1.98176,2.27866,10,21345,16.3714,3.52963
1776813461030686676,1.56329,-0.767578,0.072365,2.76205,1.94245,2.11706,10,21367,16.3883,3.98906
1776813461035688284,1.56329,-0.878906,0.0892393,3.11016,1.94245,2.11706,10,21399,16.4128,4.14162
1776813461040679799,1.55931,-0.878906,0.1098,3.26271,2.13795,2.03083,10,21424,16.432,4.29535
1776813461045693944,1.55931,-1.1582,0.128976,3.13715,2.13795,2.03083,10,21455,16.4558,4.44654
1776813461050690849,1.5437,-1.1582,0.137146,3.28834,2.02069,1.78205,10,21478,16.4734,4.13951
1776813461055684086,1.5437,-1.20312,0.154787,2.93639,2.02069,1.78205,10,21508,16.4964,3.99226
1776813461060662065,1.53784,-1.20312,0.190343,3.09098,2.09627,1.75644,10,21545,16.5248,4.29411
1776813461065673432,1.53784,-1.22461,0.200315,3.0695,2.09627,1.75644,10,21569,16.5432,4.14283
1776813461070683596,1.52585,-1.22461,0.206734,2.91822,1.91175,1.6411,10,21592,16.5609,4.13996
1776813461075686944,1.52585,-1.22656,0.224373,2.9134,1.91175,1.6411,10,21615,16.5785,3.83492
1776813461080706682,1.50731,-1.22656,0.223473,2.60835,1.79512,1.53219,10,21638,16.5961,4.14366
1776813461085736197,1.50731,-1.24023,0.241114,2.90342,1.79512,1.53219,10,21670,16.6207,4.14079
1776813461090715324,1.50033,-1.24023,0.25868,2.90055,1.82996,1.48364,10,21695,16.6399,4.4487
1776813461095688747,1.50033,-1.28711,0.277854,3.16159,1.82996,1.48364,10,21727,16.6644,4.29411
1776813461100695355,1.48853,-1.28711,0.290592,3.007,1.71328,1.38773,10,21752,16.6836,4.29583
1776813461105689130,1.48853,-1.37305,0.309767,2.92278,1.71328,1.38773,10,21785,16.7089,4.60205
1776813461110670979,1.4754,-1.37305,-0.30637,3.229,1.62251,1.26147,10,21813,16.7304,4.44781
1776813461115675735,1.4754,-1.15625,-0.284894,3.29156,1.62251,1.26147,10,21829,16.7426,3.22242
1776813461120692454,1.45518,-1.15625,-0.292837,2.06617,1.59108,1.26535,10,21818,16.7342,-0.920105
1776813461125686043,1.45518,0.507812,-0.301275,-0.412292,1.59108,1.26535,10,21804,16.7235,-1.99432
1776813461130692170,1.45518,0.507812,-0.312011,-1.48651,2.6229,2.21386,10,21802,16.7219,-0.766829
1776813461135688759,1.4535,0.507812,0.313087,-0.259016,2.6229,2.21386,10,21802,16.7219,0
1776813461140695126,1.4535,2.49609,0.313087,2.49609,2.75409,3.33717,10,21812,16.7296,0.920855
1776813461145719308,1.51857,2.49609,-0.242494,3.41695,2.75409,3.33717,10,21817,16.7334,1.38026
1776813461150744045,1.52865,1.38867,-0.217073,3.3826,2.03861,3.08838,10,21838,16.7495,1.99393
1776813461155703858,1.52865,1.59961,-0.212471,3.59353,2.03861,3.08838,10,21851,16.7595,1.99474
1776813461160684485,1.54085,1.59961,-0.190299,3.59435,1.9847,3.33756,10,21863,16.7687,2.30057
1776813461165681648,1.54085,1.01172,-0.181094,3.31228,1.9847,3.33756,10,21874,16.7771,1.84097
1776813461170705923,1.5483,1.01172,-0.16521,2.85269,2.17831,3.04532,10,21891,16.7902,2.30149
1776813461175684346,1.5483,0.779297,-0.152172,3.08078,2.17831,3.04532,10,21902,16.7986,2.14729
1776813461180683880,1.56188,0.779297,-0.130155,2.92659,2.52887,2.99068,10,21914,16.8078,1.84097
1776813461185680006,1.56188,1.0625,-0.120952,2.90347,2.52887,2.99068,10,21931,16.8209,2.30057
1776813461190699336,1.56638,1.0625,-0.103405,3.36307,3.03145,3.17788,10,21949,16.8347,2.60773
1776813461195688093,1.56638,0.492188,-0.0895973,3.09991,3.03145,3.17788,10,21966,16.8477,2.60825
1776813461200719311,1.56638,0.492188,-0.0765586,3.10044,3.72822,2.8528,10,21988,16.8646,3.06717
1776813461205700012,1.57889,0.492188,-0.0471836,3.55935,3.72822,2.8528,10,22002,16.8753,3.06877
1776813461210677084,1.57889,-0.208984,-0.0364452,2.85979,3.7111,2.52435,10,22029,16.896,3.06778
1776813461215682988,1.58018,-0.208984,-0.0144439,2.8588,3.7111,2.52435,10,22045,16.9083,3.52751
1776813461220683800,1.58018,-0.734375,-0.00217394,2.79313,2.96046,2.23221,10,22073,16.9298,3.37486
1776813461225685352,1.57187,-0.734375,0.0109934,2.64049,2.96046,2.23221,10,22089,16.9421,3.37284
1776813461230691386,1.56843,-0.707031,0.0366978,2.36259,2.05376,2.20052,10,22120,16.9658,3.06962
1776813461235684346,1.56843,-0.685547,0.0436005,2.38407,2.05376,2.20052,10,22139,16.9804,3.22216
1776813461240726324,1.56106,-0.685547,0.0508027,2.53661,1.91043,2.15105,10,22160,16.9965,3.52751
1776813461245698988,1.56106,-0.703125,0.0669102,2.82438,1.91043,2.15105,10,22182,17.0134,3.67642
1776813461250683300,1.55728,-0.703125,0.0800099,2.97329,2.0329,2.11943,10,22209,17.0341,3.68746
1776813461255681852,1.55728,-0.978516,0.10072,2.70895,2.0329,2.11943,10,22232,17.0517,3.98667
1776813461260661313,1.54546,-0.978516,0.10654,3.00816,2.27772,1.8946,10,22260,17.0732,3.83568
1776813461265676587,1.54546,-1.08203,0.128015,2.75365,2.27772,1.8946,10,22284,17.0916,3.98827
1776813461270687102,1.54546,-1.08203,0.146423,2.90623,2.41998,1.83559,10,22314,17.1146,4.29621
1776813461275694358,1.54029,-1.08203,0.164261,3.21418,2.41998,1.83559,10,22340,17.1346,4.29497
1776813461280688355,1.54029,-1.23828,0.184203,3.05669,2.27686,1.71675,10,22369,17.1568,4.14079
1776813461285697074,1.52261,-1.23828,0.188767,2.90251,2.27686,1.71675,10,22389,17.1721,4.142
1776813461290683775,1.52261,-1.24414,0.204106,2.89786,2.16736,1.61117,10,22426,17.2005,4.44832
1776813461295684550,1.51015,-1.24414,0.22002,3.20418,2.16736,1.61117,10,22454,17.222,4.60205
1776813461300682084,1.51015,-1.23047,0.241495,3.37158,1.61104,1.54649,10,22485,17.2458,4.4487
1776813461305699488,1.49778,-1.23047,0.252902,3.21823,1.61104,1.54649,10,22506,17.2619,4.44832
1776813461310662689,1.49778,-1.24023,0.26901,3.20808,1.34553,1.46869,10,22544,17.291,4.59745
1776813461315698593,1.48532,-1.24023,0.285696,3.35722,1.34553,1.46869,10,22567,17.3087,4.76111
1776813461320682164,1.48532,-1.33594,0.303338,3.42518,1.25597,1.34105,10,22605,17.3378,4.59432
1776813461325692235,1.47255,-1.33594,-0.308601,3.25838,1.25597,1.34105,10,22624,17.3524,4.14781
1776813461330681399,1.47255,-1.375,-0.294029,2.77281,1.14823,1.24356,10,22657,17.3777,4.14079
1776813461335684433,1.45901,-1.375,-0.282264,2.76579,1.14823,1.24356,10,22669,17.3869,3.06877
1776813461340691059,1.45901,-1.18945,-0.273059,1.87932,1.33898,1.26913,10,22650,17.3723,-1.38054
1776813461345690963,1.44559,-1.18945,-0.305656,-3.33713,1.33898,1.26913,10,22644,17.3677,-2.14767
1776813461350702664,1.44559,5.07812,-0.305656,2.93045,2.52985,4.76181,10,22645,17.3685,0
1776813461355702550,1.477,5.07812,-0.273479,5.07812,2.52985,4.76181,10,22644,17.3677,-0.153382
1776813461360696824,1.477,3.08008,-0.274246,2.9267,2.75978,3.80917,10,22654,17.3754,0.766601
1776813461365707451,1.49633,3.08008,-0.247246,3.84668,2.75978,3.80917,10,22665,17.3838,2.30057
1776813461370680541,1.49633,0.859375,-0.23881,3.15994,2.4692,2.65697,10,22678,17.3938,1.38109
1776813461375683519,1.52457,0.859375,-0.200592,2.24047,2.4692,2.65697,10,22689,17.4022,2.14767
1776813461380683479,1.52457,1.49219,-0.192156,3.63986,1.98926,3.18225,10,22708,17.4168,2.60721
1776813461385686587,1.5309,1.49219,-0.17125,4.09939,1.98926,3.18225,10,22717,17.4237,1.68724
1776813461390673899,1.5309,0.746094,-0.164347,2.43333,1.91902,2.79364,10,22735,17.4375,2.45389
1776813461395683174,1.54328,0.746094,-0.138164,3.19998,1.91902,2.79364,10,22745,17.4452,1.84097
1776813461400713503,1.54328,0.580078,-0.130494,2.42105,2.35253,2.77044,10,22759,17.4559,1.84133
1776813461405687741,1.54683,0.580078,-0.116208,2.42141,2.35253,2.77044,10,22770,17.4644,1.99393
1776813461410753700,1.54683,0.501953,-0.107772,2.49588,2.78823,2.74632,10,22790,17.4797,2.45487
1776813461415784178,1.55879,0.501953,-0.0705064,3.10864,2.78823,2.74632,10,22811,17.4958,2.60668
1776813461420725750,1.55879,0.0546875,-0.0643704,2.66137,3.62419,2.55998,10,22831,17.5112,2.91326
1776813461425692840,1.56257,0.0546875,-0.0452416,2.96795,3.62419,2.55998,10,22846,17.5227,3.06571
1776813461430721818,1.56257,-0.435547,-0.0337365,2.63016,3.18969,2.30222,10,22868,17.5395,3.07208
1776813461435717352,1.56065,-0.435547,-0.0187829,2.63653,3.18969,2.30222,10,22883,17.551,3.22151
1776813461440791125,1.56065,-0.607422,-0.00727777,2.61409,2.67256,2.19327,10,22911,17.5725,3.37419
1776813461445706068,1.55814,-0.607422,0.0116794,2.76677,2.67256,2.19327,10,22928,17.5856,3.52892
1776813461450695732,1.55814,-0.582031,0.024718,2.94689,1.97015,2.19332,10,22958,17.6086,3.68156
1776813461455686396,1.54931,-0.582031,0.038903,3.09953,1.97015,2.19332,10,22975,17.6216,3.52783
1776813461460664301,1.54931,-0.546875,0.0519416,2.98096,1.92267,2.16274,10,23005,17.6446,3.52751
1776813461465683908,1.54627,-0.546875,0.0719154,2.98063,1.92267,2.16274,10,23022,17.6577,3.68304
1776813461470692275,1.54627,-0.697266,0.084954,2.98577,1.67546,2.05957,10,23053,17.6814,3.68009
1776813461475766326,1.53737,-0.697266,0.0998218,2.98283,1.67546,2.05957,10,23072,17.696,3.83492
1776813461480705973,1.53737,-0.796875,0.114396,3.03804,1.80574,1.95147,10,23105,17.7213,3.98945
1776813461485697544,1.53309,-0.796875,0.149235,3.03804,1.80574,1.95147,10,23134,17.7436,3.83492
1776813461490722577,1.53309,-1.02344,0.157672,2.81148,1.96608,1.79764,10,23160,17.7635,3.83492
1776813461495684501,1.5193,-1.02344,0.163829,2.81148,1.96608,1.79764,10,23179,17.7781,3.98349
1776813461500688127,1.5193,-1.10938,0.178401,2.87411,2.05278,1.66878,10,23206,17.7988,3.98827
1776813461505680810,1.50828,-1.10938,0.188082,2.87889,2.05278,1.66878,10,23225,17.8134,3.83952
1776813461510667270,1.50828,-1.14062,0.202656,2.6989,1.81846,1.5868,10,23257,17.8379,3.98428
1776813461515676415,1.498,-1.14062,0.216922,2.84366,1.81846,1.5868,10,23275,17.8517,3.68525
1776813461520681486,1.498,-1.14648,0.230727,2.53877,1.65373,1.52341,10,23308,17.877,3.98865
1776813461525688575,1.49174,-1.14648,0.249783,2.84216,1.65373,1.52341,10,23328,17.8924,4.14245
1776813461530689202,1.49174,-1.13477,0.265122,3.00768,1.2731,1.49345,10,23364,17.92,4.29411
1776813461535692550,1.47515,-1.13477,0.276139,3.15934,1.2731,1.49345,10,23384,17.9353,4.29621
1776813461540687844,1.47515,-1.15234,0.291478,3.14386,1.62853,1.38579,10,23421,17.9637,4.29497
1776813461545709933,1.46861,-1.15234,0.313323,3.14262,1.62853,1.38579,10,23443,17.9806,4.60113
1776813461550690282,1.46861,-1.18164,-0.298121,3.41949,1.66202,1.33048,10,23476,18.0059,4.4487
1776813461555691760,1.46861,-1.18164,-0.272811,3.26706,1.66202,1.33048,10,23480,18.0089,1.84096
1776813461560671813,1.45185,-1.18164,-0.286504,0.659319,2.09805,1.23108,10,23457,17.9913,-3.06778
1776813461565681088,1.45185,4.4668,-0.304145,1.39902,2.09805,1.23108,10,23450,17.9859,-1.53328
1776813461570681196,1.46227,4.4668,-0.299098,2.93352,2.69817,4.51252,10,23450,17.9859,0.153351
1776813461575686452,1.46227,4.77344,-0.299098,4.92679,2.69817,4.51252,10,23449,17.9852,-0.307206
1776813461580685430,1.48839,4.77344,-0.27374,4.46623,2.5459,4.84146,10,23461,17.9944,0.920302
1776813461585690242,1.48839,1.11133,-0.264535,2.03163,2.5459,4.84146,10,23469,18.0005,1.84097
1776813461590682757,1.52958,1.11133,-0.217216,2.9523,2.17237,2.99415,10,23484,18.012,1.68724
1776813461595687995,1.52958,1.58008,-0.20571,3.26732,2.17237,2.99415,10,23498,18.0227,2.45438
1776813461600690196,1.54219,1.58008,-0.182357,4.03445,2.06502,3.33417,10,23507,18.0296,1.84096
1776813461605697803,1.54219,1.04492,-0.175452,2.88588,2.06502,3.33417,10,23525,18.0434,1.99393
1776813461610677190,1.55252,1.04492,-0.151326,3.03885,2.24953,3.08848,10,23539,18.0542,2.45389
1776813461615672835,1.55252,0.958984,-0.140588,3.41287,2.24953,3.08848,10,23548,18.0611,1.53389
1776813461620738701,1.55823,0.958984,-0.127967,2.49287,2.59365,3.07227,10,23559,18.0695,1.84171
1776813461625715143,1.55823,1.04102,-0.119531,2.88273,2.59365,3.07227,10,23577,18.0833,2.30057
1776813461630683548,1.55823,1.04102,-0.105725,3.34158,3.21742,3.11902,10,23596,18.0979,2.60825
1776813461635681952,1.57208,1.04102,-0.0773077,3.64926,3.21742,3.11902,10,23610,18.1086,2.91326
1776813461640720874,1.57208,0.0683594,-0.0665713,2.98162,3.92101,2.64369,10,23635,18.1278,2.91501
1776813461645693427,1.58028,0.0683594,-0.0391913,2.98337,3.92101,2.64369,10,23649,18.1378,3.06693
1776813461650765108,1.58028,-0.257812,-0.0284529,2.80912,3.50286,2.50445,10,23673,18.157,2.76274
1776813461655710606,1.57977,-0.257812,-0.0105582,2.50492,3.50286,2.50445,10,23688,18.1685,3.22151
1776813461660689844,1.57977,-0.615234,0.000946976,2.60628,2.42162,2.29781,10,23715,18.1892,3.22049
1776813461665680545,1.57216,-0.615234,0.0140486,2.60525,2.42162,2.29781,10,23731,18.2014,3.37419
1776813461670685190,1.57216,-0.599609,0.0263204,2.77458,2.15665,2.26344,10,23758,18.2222,3.22216
1776813461675705723,1.5687,-0.599609,0.0435648,2.62255,2.15665,2.26344,10,23773,18.2337,3.22049
1776813461680704961,1.5687,-0.638672,0.0550699,2.58181,1.81932,2.22142,10,23800,18.2544,3.22151
1776813461685709458,1.56003,-0.638672,0.0671072,2.58284,1.81932,2.22142,10,23817,18.2674,3.52539
1776813461690701103,1.56003,-0.730469,0.0801458,2.79492,1.88771,2.11955,10,23849,18.292,3.83415
1776813461695687137,1.55608,-0.730469,0.100738,3.10368,1.88771,2.11955,10,23868,18.3065,3.83952
1776813461700712782,1.55608,-0.996094,0.11531,2.84343,2.06118,1.94551,10,23901,18.3318,3.98827
1776813461705682835,1.55608,-0.996094,0.14062,2.99217,2.06118,1.94551,10,23920,18.3464,3.98906
1776813461710702442,1.54374,-0.996094,0.142859,2.99297,2.05144,1.87465,10,23950,18.3694,4.29449
1776813461715693514,1.54374,-1.2207,0.165868,3.07379,2.05144,1.87465,10,23983,18.3947,4.44921
1776813461720688381,1.52707,-1.2207,0.174514,3.22851,1.95965,1.6504,10,24014,18.4185,4.44692
1776813461725674286,1.52707,-1.21484,0.198289,3.23208,1.95965,1.6504,10,24040,18.4384,4.29583
1776813461730685412,1.51968,-1.21484,0.210837,3.08098,1.7591,1.61084,10,24069,18.4607,4.142
1776813461735676502,1.51968,-1.16602,0.233079,2.97598,1.7591,1.61084,10,24096,18.4814,4.44921
1776813461740681369,1.5032,-1.16602,0.237311,3.28319,1.57124,1.54271,10,24126,18.5044,4.29363
1776813461745688773,1.5032,-1.17969,0.26032,3.11394,1.57124,1.54271,10,24150,18.5228,4.14327
1776813461750688233,1.49606,-1.17969,0.271583,2.96359,1.41271,1.49312,10,24180,18.5458,4.142
1776813461755679304,1.49606,-1.24219,0.294593,2.89981,1.41271,1.49312,10,24205,18.565,4.14079
1776813461760660709,1.47925,-1.24219,0.296966,2.8986,1.36613,1.35879,10,24236,18.5888,4.4487
1776813461765689168,1.47925,-1.25391,-0.307576,3.19479,1.36613,1.35879,10,24262,18.6087,4.29497
1776813461770690850,1.47305,-1.25391,-0.293841,3.04106,1.42805,1.31551,10,24286,18.6264,3.98827
1776813461775681384,1.47305,-1.08789,-0.275433,2.90038,1.42805,1.31551,10,24289,18.6294,1.68796
1776813461780680344,1.47305,-1.08789,-0.273133,0.600069,1.88547,1.41014,10,24275,18.6187,-1.38037
1776813461785689211,1.45473,-1.08789,-0.302184,-2.46826,1.88547,1.41014,10,24270,18.6149,-1.68792
1776813461790680153,1.45473,3.53906,-0.30602,1.85115,2.95813,3.939,10,24268,18.6133,-0.306579
1776813461795705649,1.46315,3.53906,-0.299136,3.23248,2.95813,3.939,10,24269,18.6141,0
1776813461800679647,1.46315,2.33984,-0.298369,2.33984,2.51937,3.3054,10,24279,18.6218,0.920118
1776813461805698680,1.51965,2.33984,-0.234196,3.25996,2.51937,3.3054,10,24286,18.6271,1.68792
1776813461810663067,1.51965,1.38672,-0.228827,3.07463,2.55945,3.0936,10,24296,18.6348,1.38054
1776813461815676582,1.52886,1.38672,-0.211955,2.76726,2.55945,3.0936,10,24310,18.6455,2.30103
1776813461820681820,1.52886,1,-0.201216,3.30103,2.04945,2.92652,10,24324,18.6563,1.68657
1776813461825710094,1.54643,1,-0.172906,2.68657,2.04945,2.92652,10,24333,18.6632,1.84134
1776813461830710387,1.54643,0.753906,-0.166003,2.59525,2.17235,2.88763,10,24353,18.6785,2.30103
1776813461835682014,1.55073,0.753906,-0.146361,3.05493,2.17235,2.88763,10,24365,18.687,2.30018
1776813461840714288,1.55073,0.980469,-0.137156,3.28065,2.47361,3.04151,10,24377,18.6969,1.53489
1776813461845690008,1.5638,0.980469,-0.114888,2.51535,2.47361,3.04151,10,24387,18.7046,1.99354
1776813461850713523,1.5638,1.14258,-0.107217,3.13612,3.15808,3.20875,10,24403,18.7169,2.30103
1776813461855682224,1.5638,1.14258,-0.0949447,3.4436,3.15808,3.20875,10,24419,18.7291,2.60825
1776813461860689943,1.569,1.14258,-0.0774734,3.75083,3.97361,3.23843,10,24439,18.7445,2.76091
1776813461865687959,1.569,0.201172,-0.0621345,2.96208,3.97361,3.23843,10,24462,18.7621,3.22049
1776813461870767676,1.57916,0.201172,-0.0343311,3.42166,3.45234,2.75969,10,24482,18.7775,3.37554
1776813461875728229,1.57916,-0.580078,-0.0189922,2.79546,3.45234,2.75969,10,24508,18.7974,3.52751
1776813461880696968,1.57516,-0.580078,-0.00304864,2.94743,2.86178,2.29163,10,24528,18.8127,3.52892
1776813461885771167,1.57516,-0.630859,0.0122902,2.89806,2.86178,2.29163,10,24549,18.8288,3.52783
1776813461890720757,1.57241,-0.630859,0.0256493,2.89697,2.25605,2.24704,10,24574,18.848,3.52751
1776813461895709273,1.57241,-0.662109,0.0448239,2.8654,2.25605,2.24704,10,24602,18.8695,3.83415
1776813461900685641,1.56284,-0.662109,0.0567219,3.17204,2.08144,2.17457,10,24629,18.8902,3.6823
1776813461905735192,1.56284,-0.818359,0.0774319,2.86394,2.08144,2.17457,10,24652,18.9078,3.83645
1776813461910703671,1.55548,-0.818359,0.0877125,3.01809,2.20791,2.04338,10,24678,18.9278,3.83415
1776813461915692668,1.55548,-1.01953,0.107656,2.81462,2.20791,2.04338,10,24702,18.9462,3.83147
1776813461920687462,1.54616,-1.01953,0.116746,2.81193,2.36688,1.87522,10,24730,18.9677,3.99226
1776813461925687681,1.54616,-1.13281,0.138221,2.85945,2.36688,1.87522,10,24755,18.9868,3.98827
1776813461930802342,1.54616,-1.13281,0.157396,2.85545,2.37205,1.81065,10,24782,19.0076,4.13665
1776813461935699452,1.53531,-1.13281,0.167255,3.00384,2.37205,1.81065,10,24800,19.0214,3.83875
1776813461940701986,1.53531,-1.20117,0.181062,2.63758,2.10853,1.70916,10,24833,19.0467,3.83606
1776813461945691780,1.52364,-1.20117,0.194703,2.63489,2.10853,1.70916,10,24852,19.0612,4.14162
1776813461950686184,1.52364,-1.19922,0.209275,2.9424,1.64563,1.64274,10,24888,19.0889,4.14245
1776813461955695107,1.50522,-1.19922,0.218465,2.94323,1.64563,1.64274,10,24908,19.1042,4.29449
1776813461960672530,1.50522,-1.20117,0.233804,3.09332,1.43554,1.53444,10,24943,19.131,4.29497
1776813461965676490,1.49947,-1.20117,0.254897,3.0938,1.43554,1.53444,10,24964,19.1471,4.29449
1776813461970682450,1.49947,-1.30078,0.271005,2.99371,1.30877,1.44406,10,25006,19.1794,4.91072
1776813461975689132,1.4806,-1.30078,0.284353,3.60994,1.30877,1.44406,10,25029,19.1962,4.90875
1776813461980680777,1.4806,-1.35547,0.301994,3.55328,1.23209,1.30216,10,25068,19.2269,4.75312
1776813461985694940,1.47423,-1.35547,-0.302779,3.39765,1.23209,1.30216,10,25090,19.2438,4.7554
1776813461990686900,1.47423,-1.36719,-0.285904,3.38821,1.26577,1.25793,10,25123,19.2691,4.29707
1776813461995691082,1.45355,-1.36719,-0.281273,2.92988,1.26577,1.25793,10,25130,19.2745,2.30057
1776813462000683468,1.45355,-1.32031,-0.275904,0.980253,1.45862,1.16215,10,25116,19.2637,-1.22743
1776813462005689447,1.45355,-1.32031,-0.286643,-2.54775,1.45862,1.16215,10,25110,19.2591,-1.8406
1776813462010676277,1.44676,-1.32031,-0.298039,-3.16092,2.70354,1.1217,10,25110,19.2591,0
1776813462015676960,1.44676,3.63867,-0.298039,3.63867,2.70354,1.1217,10,25110,19.2591,0
1776813462020682068,1.49133,3.63867,-0.25347,3.63867,2.59866,4.21188,10,25115,19.263,0.45996
1776813462025698268,1.49133,1.7168,-0.249634,2.17676,2.59866,4.21188,10,25130,19.2745,2.14767
1776813462030681136,1.51685,1.7168,-0.212609,3.86447,1.08751,3.26544,10,25141,19.2829,1.38026
1776813462035701874,1.51685,1.64062,-0.204175,3.02089,1.08751,3.26544,10,25153,19.2921,1.99512
1776813462040711500,1.52957,1.64062,-0.182253,3.63575,1.92528,3.29579,10,25165,19.3013,1.84022
1776813462045694720,1.52957,0.939453,-0.173048,2.77968,1.92528,3.29579,10,25176,19.3097,1.68728
1776813462050688939,1.54285,0.939453,-0.151328,2.62674,2.11881,2.9728,10,25190,19.3205,1.99394
1776813462055683140,1.54285,1.09766,-0.140589,3.0916,2.11881,2.9728,10,25198,19.3266,1.68796
1776813462060683730,1.55441,1.09766,-0.122895,2.78562,2.41664,3.1294,10,25207,19.3335,1.38026
1776813462065676727,1.55441,1.27734,-0.115992,2.65761,2.41664,3.1294,10,25221,19.3443,1.84059
1776813462070680928,1.56591,1.27734,-0.0937543,3.11794,2.80829,3.29763,10,25234,19.3542,1.84171
1776813462075676444,1.56591,1.18359,-0.0837846,3.0253,2.80829,3.29763,10,25248,19.365,2.14767
1776813462080688181,1.56591,1.18359,-0.0730462,3.33127,3.61246,3.24419,10,25267,19.3795,2.75667
1776813462085683438,1.57784,1.18359,-0.0465417,3.94026,3.61246,3.24419,10,25281,19.3903,2.7655
1776813462090690583,1.57784,-0.03125,-0.0358052,2.73425,4.16009,2.6197,10,25309,19.4118,2.91326
1776813462095678654,1.58743,-0.03125,-0.00473641,2.88201,4.16009,2.6197,10,25325,19.424,3.06877
1776813462100680596,1.58743,-0.740234,0.00753547,2.32854,2.94628,2.27001,10,25347,19.4409,3.06778
1776813462105679241,1.58269,-0.740234,0.01967,2.32755,2.94628,2.27001,10,25363,19.4532,3.52821
1776813462110664887,1.58269,-0.800781,0.0319419,2.72743,2.25528,2.20865,10,25393,19.4762,3.52821
1776813462115675032,1.57486,-0.800781,0.0471225,2.72743,2.25528,2.20865,10,25409,19.4885,3.52751
1776813462120686269,1.57486,-0.816406,0.0593944,2.7111,1.80439,2.15523,10,25439,19.5115,3.52963
1776813462125686378,1.57088,-0.816406,0.0784202,2.71322,1.80439,2.15523,10,25456,19.5245,3.5268
1776813462130688245,1.57088,-0.783203,0.0914588,2.7436,1.85756,2.15147,10,25489,19.5498,3.98906
1776813462135678946,1.56311,-0.783203,0.109001,3.20586,1.85756,2.15147,10,25509,19.5652,4.14245
1776813462140691258,1.56311,-0.960938,0.124342,3.18151,2.08092,2.00582,10,25545,19.5928,4.29449
1776813462145682126,1.54998,-0.960938,0.138822,3.33355,2.08092,2.00582,10,25565,19.6081,4.29411
1776813462150685734,1.54998,-0.984375,0.177171,3.31269,2.21934,1.91723,10,25608,19.6411,4.29707
1776813462155741433,1.54497,-0.984375,0.182136,3.31269,2.21934,1.91723,10,25628,19.6564,4.44832
1776813462160667191,1.54497,-0.984375,0.182136,3.31269,2.21934,1.91723,10,25628,19.6564,4.44832
1776813462165675336,1.52868,-1.25,0.221834,3.19832,2.39541,1.73703,10,25694,19.7071,4.44832
1776813462170679963,1.52868,-1.38477,0.231803,3.06355,1.84521,1.56619,10,25720,19.727,4.142
1776813462175707830,1.51516,-1.38477,0.23822,2.75723,1.84521,1.56619,10,25742,19.7439,4.29325
1776813462180698420,1.51516,-1.39062,0.255092,2.90263,1.71985,1.48436,10,25771,19.7661,4.44603
1776813462185682380,1.50116,-1.39062,0.263341,3.05541,1.71985,1.48436,10,25792,19.7822,4.29841
1776813462190688711,1.50116,-1.35547,0.279449,2.94294,1.68021,1.42279,10,25827,19.8091,4.29535
1776813462195679745,1.49472,-1.35547,0.299854,2.93988,1.68021,1.42279,10,25847,19.8244,4.29239
1776813462200688631,1.49472,-1.36914,-0.313126,2.92325,1.26936,1.37731,10,25886,19.8543,4.45226
1776813462205679887,1.47414,-1.36914,-0.303793,3.08312,1.26936,1.37731,10,25906,19.8697,4.44743
1776813462210657607,1.47414,-1.38867,-0.288452,3.05876,1.26875,1.24514,10,25923,19.8827,2.91539
1776813462215675030,1.46743,-1.38867,-0.282122,1.52672,1.26875,1.24514,10,25909,19.872,-1.22719
1776813462220678138,1.46743,2.27344,-0.29286,1.04625,2.22752,3.2929,10,25902,19.8666,-1.8406
1776813462225706931,1.46743,2.27344,-0.298229,0.432833,2.22752,3.2929,10,25901,19.8658,-0.15332
1776813462230676799,1.45977,2.27344,-0.306662,2.12012,2.87984,3.24748,10,25901,19.8658,0
1776813462235688166,1.45977,2.27344,-0.306662,2.12012,2.87984,3.24748,10,25901,19.8658,0
1776813462240679664,1.51809,2.55273,-0.230702,4.85468,3.5764,3.40668,10,25930,19.8881,2.30195
1776813462245684549,1.51809,1.72852,-0.226099,4.03046,3.5764,3.40668,10,25941,19.8965,1.84059
1776813462250681843,1.52639,1.72852,-0.20936,3.56911,2.52051,3.32748,10,25958,19.9095,2.45389
1776813462255680581,1.52639,0.832031,-0.196322,3.28592,2.52051,3.32748,10,25972,19.9203,2.76053
1776813462260659264,1.54239,0.832031,-0.169584,3.59256,2.39349,2.90891,10,25986,19.931,2.1481
1776813462265677390,1.54239,0.261719,-0.158846,2.40982,2.39349,2.90891,10,26007,19.9471,3.06387
1776813462270679498,1.54453,0.261719,-0.140599,3.32559,2.17132,2.59615,10,26023,19.9594,2.30387
1776813462275686495,1.54453,0.507812,-0.128327,2.81168,2.17132,2.59615,10,26038,19.9709,2.30103
1776813462280691585,1.55254,0.507812,-0.108813,2.80884,2.46255,2.78245,10,26054,19.9832,2.91539
1776813462285698471,1.55254,0.802734,-0.0965407,3.71813,2.46255,2.78245,10,26075,19.9993,2.76053
1776813462290692079,1.55502,0.802734,-0.0779574,3.56326,3.05842,2.96476,10,26097,20.0161,3.06778
1776813462295686391,1.55502,-0.146484,-0.061085,2.9213,3.05842,2.96476,10,26118,20.0323,3.37082
1776813462300771275,1.56036,-0.146484,-0.0250647,3.23311,3.3262,2.42371,10,26148,20.0553,3.37959
1776813462305723533,1.56036,-0.568359,-0.0166266,2.81123,3.3262,2.42371,10,26169,20.0714,3.68083
1776813462310691938,1.55643,-0.568359,-0.00445007,3.11247,2.83337,2.19133,10,26189,20.0867,3.52821
1776813462315738490,1.55643,-0.8125,0.0108908,2.71571,2.83337,2.19133,10,26210,20.1028,3.52854
1776813462320722746,1.54889,-0.8125,0.0194547,2.71604,2.2164,2.0089,10,26234,20.1212,3.37486
1776813462325687226,1.54889,-0.765625,0.0378626,2.60924,2.2164,2.0089,10,26255,20.1373,3.5268
1776813462330692149,1.54494,-0.765625,0.0500276,2.76118,2.10721,2.01294,10,26280,20.1565,3.52892
1776813462335684275,1.54494,-0.730469,0.0692022,2.79845,2.10721,2.01294,10,26307,20.1772,3.6823
1776813462340693995,1.53393,-0.730469,0.0788992,2.95183,1.80807,1.96949,10,26329,20.1941,3.68083
1776813462345691288,1.53393,-0.833984,0.0957735,2.84684,1.80807,1.96949,10,26351,20.211,3.6823
1776813462350692100,1.53093,-0.833984,0.109642,2.84832,1.81568,1.89312,10,26373,20.2278,3.9811
1776813462355686153,1.53093,-1.11523,0.126516,2.86587,1.81568,1.89312,10,26403,20.2508,3.99546
1776813462360665373,1.51521,-1.11523,0.133812,2.88022,1.72134,1.64166,10,26433,20.2739,4.142
1776813462365672777,1.51521,-1.21094,0.156822,2.93106,1.72134,1.64166,10,26457,20.2923,4.14079
1776813462370697329,1.51521,-1.21094,0.17523,2.92985,1.75403,1.58711,10,26480,20.3099,3.98906
1776813462375680030,1.50366,-1.21094,0.181314,2.77813,1.75403,1.58711,10,26506,20.3298,4.29535
1776813462380681750,1.50366,-1.22852,0.201256,3.06683,1.58213,1.50973,10,26542,20.3575,4.29411
1776813462385676414,1.49114,-1.22852,0.216354,3.06559,1.58213,1.50973,10,26564,20.3743,4.60021
1776813462390685503,1.49114,-1.14258,0.233228,3.45763,1.40218,1.48547,10,26599,20.4012,4.14327
1776813462395684556,1.47302,-1.14258,0.241955,3.0007,1.40218,1.48547,10,26619,20.4165,4.29535
1776813462400692423,1.47302,-1.12695,0.257293,3.1684,1.46627,1.38772,10,26656,20.4449,4.44921
1776813462405740105,1.46754,-1.12695,0.280185,3.32226,1.46627,1.38772,10,26677,20.461,4.44692
1776813462410675121,1.46754,-1.16992,0.296291,3.277,1.484,1.33079,10,26714,20.4894,4.4501
1776813462415679230,1.45049,-1.16992,0.307625,3.28018,1.484,1.33079,10,26734,20.5047,4.29535
1776813462420680541,1.45049,-1.17969,-0.305355,3.11566,1.43219,1.22407,10,26767,20.53,4.14079
1776813462425675279,1.4449,-1.17969,-0.285639,2.9611,1.43219,1.22407,10,26778,20.5385,2.91481
1776813462430676147,1.4449,-0.943359,-0.277201,1.97145,1.57451,1.32545,10,26769,20.5316,-0.153763
1776813462435690162,1.42717,-0.943359,-0.30183,-1.09712,1.57451,1.32545,10,26758,20.5231,-2.45389
1776813462440678197,1.42717,1.20312,-0.310268,-1.25076,2.75539,2.44291,10,26754,20.5201,-0.766908
1776813462445694897,1.42717,1.20312,-0.313335,0.436217,2.75539,2.44291,10,26753,20.5193,-0.306579
1776813462450762856,1.42768,1.20312,-0.313593,0.896546,2.60964,2.44596,10,26754,20.5201,0
1776813462455719095,1.42768,2.51758,-0.312826,2.51758,2.60964,2.44596,10,26768,20.5308,1.68758
1776813462460665222,1.50544,2.51758,-0.224329,4.20516,2.35714,3.65542,10,26776,20.5369,1.22719
1776813462465681756,1.50544,1.54102,-0.218193,2.7682,2.35714,3.65542,10,26786,20.5446,1.6869
1776813462470679124,1.51967,1.54102,-0.196295,3.22792,1.55445,3.18161,10,26797,20.553,1.68762
1776813462475689732,1.51967,0.976562,-0.187859,2.66418,1.55445,3.18161,10,26808,20.5615,1.84096
1776813462480695710,1.53446,0.976562,-0.164633,2.81752,2.13236,2.94553,10,26822,20.5722,2.14767
1776813462485693337,1.53446,1.24805,-0.153894,3.39572,2.13236,2.94553,10,26834,20.5814,1.68724
1776813462490690057,1.54632,1.24805,-0.13282,2.93529,2.17386,3.16869,10,26843,20.5883,1.2267
1776813462495697276,1.54632,1.29297,-0.125917,2.51967,2.17386,3.16869,10,26854,20.5968,1.6883
1776813462500684458,1.55777,1.29297,-0.106031,2.98127,2.41543,3.26001,10,26864,20.6044,1.83986
1776813462505712362,1.55777,1.13086,-0.0983619,2.97071,2.41543,3.26001,10,26880,20.6167,1.99512
1776813462510680508,1.57056,1.13086,-0.073307,3.12598,3.36885,3.24065,10,26895,20.6282,2.60773
1776813462515675265,1.57056,0.613281,-0.0618018,3.22101,3.36885,3.24065,10,26915,20.6435,2.76108
1776813462520680169,1.57056,0.613281,-0.046461,3.37436,3.86405,2.94563,10,26936,20.6597,2.76053
1776813462525695629,1.5789,0.613281,-0.0220126,3.37381,3.86405,2.94563,10,26950,20.6704,3.06816
1776813462530684200,1.5789,-0.355469,-0.0112743,2.71269,3.11628,2.44093,10,26977,20.6911,3.22177
1776813462535680975,1.58006,-0.355469,0.0105973,2.86631,3.11628,2.44093,10,26992,20.7026,3.06816
1776813462540682880,1.58006,-0.466797,0.0221024,2.60136,2.59904,2.38408,10,27020,20.7241,3.37419
1776813462545703358,1.57879,-0.466797,0.0423031,2.90739,2.59904,2.38408,10,27036,20.7364,3.37516
1776813462550683300,1.57879,-0.482422,0.054575,2.89273,1.99069,2.36793,10,27066,20.7594,3.68083
1776813462555687038,1.57058,-0.482422,0.0693703,3.19841,1.99069,2.36793,10,27083,20.7724,3.68156
1776813462560659535,1.57058,-0.515625,0.0824089,3.16594,1.7677,2.30226,10,27114,20.7962,3.6823
1776813462565681902,1.56805,-0.515625,0.103657,3.16668,1.7677,2.30226,10,27133,20.8108,3.83415
1776813462570678844,1.56805,-0.8125,0.118231,3.02165,2.227,2.11861,10,27167,20.8368,4.13951
1776813462575690026,1.55796,-0.8125,0.134224,3.32701,2.227,2.11861,10,27187,20.8522,4.1441
1776813462580679024,1.55796,-0.894531,0.149563,3.24957,2.22129,2.0142,10,27221,20.8782,4.14245
1776813462585678261,1.554,-0.894531,0.171684,3.24791,2.22129,2.0142,10,27241,20.8936,4.142
1776813462590714221,1.554,-1.11719,0.187023,3.02481,2.18395,1.86461,10,27275,20.9197,3.98667
1776813462595692941,1.554,-1.11719,0.2131,2.86948,2.18395,1.86461,10,27295,20.935,4.29669
1776813462600705141,1.54368,-1.11719,0.218115,3.1795,2.13652,1.80527,10,27325,20.958,4.29363
1776813462605676343,1.54368,-1.11719,0.218115,3.1795,2.13652,1.80527,10,27325,20.958,4.29363
1776813462610688488,1.51917,-1.29102,0.258804,2.85264,1.96364,1.70619,10,27393,21.0102,4.14366
1776813462615680948,1.51917,-1.33203,0.268776,2.81162,1.96364,1.70619,10,27419,21.0301,4.44832
1776813462620738907,1.506,-1.33203,0.275539,3.11629,1.86871,1.46439,10,27446,21.0508,4.60205
1776813462625721238,1.506,-1.36914,0.296248,3.23291,1.86871,1.46439,10,27474,21.0723,4.75255
1776813462630686309,1.49258,-1.36914,0.304304,3.38341,1.73518,1.36473,10,27501,21.093,4.60389
1776813462635689973,1.49258,-1.49805,-0.303306,3.10585,1.73518,1.36473,10,27537,21.1206,4.90935
1776813462640694396,1.4777,-1.49805,-0.290569,3.41131,1.62381,1.20379,10,27560,21.1383,4.4487
1776813462645729467,1.4777,-1.49219,-0.272928,2.95651,1.62381,1.20379,10,27561,21.139,1.53389
1776813462650697687,1.46226,-1.49219,-0.287607,0.0417023,1.67763,1.11583,10,27546,21.1275,-2.76108
1776813462655747201,1.46226,3.32617,-0.299112,0.565094,1.67763,1.11583,10,27543,21.1252,-0.767136
1776813462660700218,1.47083,3.32617,-0.292843,2.55904,2.83541,3.91302,10,27543,21.1252,0
1776813462665677549,1.47083,3.15625,-0.292843,3.15625,2.83541,3.91302,10,27548,21.1291,0.153732
1776813462670682361,1.47083,3.15625,-0.289007,3.30998,2.2837,3.81617,10,27564,21.1413,2.14772
1776813462675692858,1.51296,3.15625,-0.2346,5.30397,2.2837,3.81617,10,27573,21.1482,1.99472
1776813462680684299,1.51296,3.15625,-0.2346,5.30397,2.2837,3.81617,10,27573,21.1482,1.99472
1776813462685696204,1.54023,0.744141,-0.176651,3.35187,2.45081,2.68841,10,27611,21.1774,2.60773
1776813462690685923,1.54023,0.707031,-0.171283,3.31476,2.28438,2.82522,10,27626,21.1889,2.30103
1776813462695678476,1.55389,0.707031,-0.146114,3.00806,2.28438,2.82522,10,27640,21.1996,2.60773
1776813462700678751,1.55389,0.773438,-0.135378,3.38116,1.83474,2.94163,10,27657,21.2127,2.60825
1776813462705683063,1.55924,0.773438,-0.116989,3.38169,1.83474,2.94163,10,27667,21.2203,2.29689
1776813462710662949,1.55924,0.521484,-0.109319,2.81838,2.17213,2.82866,10,27688,21.2364,2.30517
1776813462715682946,1.56084,0.521484,-0.0916154,2.82666,2.17213,2.82866,10,27699,21.2449,2.60721
1776813462720677276,1.56084,0.53125,-0.0831773,3.13846,2.78823,2.84337,10,27721,21.2617,2.45487
1776813462725684199,1.57204,0.53125,-0.0551049,2.98612,2.78823,2.84337,10,27734,21.2717,2.76108
1776813462730703103,1.57204,0.548828,-0.0451352,3.30991,3.39049,2.91732,10,27758,21.2901,2.91385
1776813462735764636,1.57348,0.548828,-0.0252816,3.46267,3.39049,2.91732,10,27772,21.3009,2.91481
1776813462740697524,1.57348,-0.408203,-0.0145432,2.50661,3.45361,2.38005,10,27801,21.3231,3.37381
1776813462745678392,1.57348,-0.408203,0.00769836,2.9656,3.45361,2.38005,10,27818,21.3361,3.68304
1776813462750679981,1.5755,-0.408203,0.0227588,3.27483,2.63041,2.39155,10,27845,21.3568,3.68009
1776813462755680145,1.5755,-0.408203,0.0227588,3.27483,2.63041,2.39155,10,27845,21.3568,3.68009
1776813462760667717,1.56306,-0.980469,0.0670665,2.54774,2.06618,2.06536,10,27903,21.4013,3.52821
1776813462765715935,1.56306,-0.886719,0.0755027,2.64149,2.06618,2.06536,10,27925,21.4182,3.83492
1776813462770819689,1.55102,-0.886719,0.0803436,2.9482,1.85913,1.97886,10,27948,21.4358,3.83568
1776813462775703596,1.55102,-0.9375,0.0979846,2.89818,1.85913,1.97886,10,27972,21.4543,4.14117
1776813462780685945,1.54458,-0.9375,0.109951,3.20367,1.72888,1.91288,10,27996,21.4727,4.14245
1776813462785689202,1.54458,-0.921875,0.128359,3.22057,1.72888,1.91288,10,28021,21.4918,4.14079
1776813462790681440,1.54191,-0.921875,0.144863,3.21891,1.72633,1.90642,10,28052,21.5156,4.29449
1776813462795679992,1.54191,-1.17383,0.16864,3.12066,1.72633,1.90642,10,28086,21.5417,4.60167
1776813462800705785,1.52363,-1.17383,0.176438,3.42784,2.12343,1.65715,10,28112,21.5616,4.60297
1776813462805676635,1.52363,-1.28125,0.196379,3.32172,2.12343,1.65715,10,28139,21.5823,4.60113
1776813462810656503,1.52046,-1.28125,0.213919,3.31988,2.13931,1.57753,10,28170,21.6061,4.4487
1776813462815671222,1.52046,-1.41797,0.237696,3.03073,2.13931,1.57753,10,28204,21.6322,4.60259
1776813462820688793,1.49674,-1.41797,0.259224,3.1804,1.57267,1.4996,10,28242,21.6613,4.59837
1776813462825677660,1.49674,-1.37109,0.269196,3.22728,1.57267,1.4996,10,28266,21.6798,4.29927
1776813462830678824,1.47932,-1.37109,0.270182,2.92817,1.33528,1.28568,10,28291,21.6989,4.13786
1776813462835678469,1.47932,-1.36719,0.289357,2.77067,1.33528,1.28568,10,28318,21.7196,4.29927
1776813462840684652,1.4726,-1.36719,0.303349,2.93208,1.21163,1.24829,10,28345,21.7403,4.7535
1776813462845686501,1.4726,-1.32422,-0.30426,3.42928,1.21163,1.24829,10,28372,21.7611,4.60389
1776813462850686201,1.4659,-1.32422,-0.290252,3.27967,1.08383,1.23316,10,28398,21.781,3.98667
1776813462855680236,1.4659,-1.4375,-0.270311,2.54917,1.08383,1.23316,10,28409,21.7894,1.22768
1776813462860653604,1.44153,-1.4375,-0.286247,-0.209821,1.39084,1.02368,10,28394,21.7779,-0.920486
1776813462865672693,1.44153,-0.837891,-0.297752,-1.75838,1.39084,1.02368,10,28387,21.7726,-1.53389
1776813462870683134,1.43883,-0.837891,-0.30582,-2.37178,2.51754,1.34934,10,28387,21.7726,0
1776813462875695372,1.43883,4.16992,-0.30582,4.16992,2.51754,1.34934,10,28389,21.7741,0
1776813462880714036,1.48621,4.16992,-0.2569,4.16992,2.31576,4.48464,10,28398,21.781,1.38109
1776813462885710514,1.48621,2.44922,-0.249998,3.83031,2.31576,4.48464,10,28410,21.7902,1.99273
1776813462890685623,1.48621,2.44922,-0.240793,4.44195,1.168,3.50384,10,28421,21.7986,1.5345
1776813462895694083,1.49385,2.44922,-0.224721,3.98372,1.168,3.50384,10,28433,21.8078,1.84059
1776813462900684747,1.49385,0.773438,-0.215516,2.61403,2.08271,2.59346,10,28454,21.8239,2.30195
1776813462905676226,1.53053,0.773438,-0.162733,3.07538,2.08271,2.59346,10,28465,21.8324,2.14767
1776813462910721648,1.53053,1.15234,-0.154294,3.30002,2.11994,3.02301,10,28478,21.8424,1.99393
1776813462915711923,1.53527,1.15234,-0.139575,3.14627,2.11994,3.02301,10,28486,21.8485,1.84059
1776813462920685476,1.53527,0.958984,-0.133441,2.79958,1.68026,2.94024,10,28499,21.8585,1.5342
1776813462925677103,1.54538,0.958984,-0.113365,2.49318,1.68026,2.94024,10,28508,21.8654,1.68695
1776813462930676600,1.54538,1.40234,-0.106462,3.08929,2.62981,3.2512,10,28524,21.8776,1.99434
1776813462935686653,1.557,1.40234,-0.0825686,3.39668,2.62981,3.2512,10,28536,21.8868,2.30103
1776813462940679983,1.557,0.851562,-0.0733656,3.15259,3.62264,3.00397,10,28561,21.906,2.91539
1776813462945684888,1.56874,0.851562,-0.0424532,3.76696,3.62264,3.00397,10,28575,21.9167,3.06717
1776813462950687255,1.56874,-0.0683594,-0.0317167,2.99881,3.7493,2.54671,10,28605,21.9398,3.52469
1776813462955694085,1.57277,-0.0683594,-0.00467626,3.45633,3.7493,2.54671,10,28621,21.952,3.53245
1776813462960656713,1.57277,-0.669922,0.00759562,2.86253,2.89414,2.22679,10,28650,21.9743,3.37381
1776813462965684302,1.57277,-0.669922,0.0298391,2.70388,2.89414,2.22679,10,28672,21.9911,3.52751
1776813462970752187,1.56826,-0.669922,0.0422064,2.85759,2.13697,2.20111,10,28692,22.0065,3.68304
1776813462975698315,1.56826,-0.630859,0.0575472,3.05218,2.13697,2.20111,10,28724,22.031,3.67642
1776813462980709645,1.55426,-0.630859,0.068091,3.04556,1.7229,2.1433,10,28745,22.0471,3.68599
1776813462985684716,1.55426,-0.695312,0.0841966,2.99067,1.7229,2.1433,10,28767,22.064,3.67789
1776813462990689084,1.55087,-0.695312,0.0976778,2.98257,1.54953,2.08709,10,28787,22.0794,3.53245
1776813462995683192,1.55087,-0.824219,0.113019,2.70823,1.54953,2.08709,10,28816,22.1016,3.83492
1776813463000684689,1.54334,-0.824219,0.127734,3.0107,1.85185,1.97033,10,28838,22.1185,3.98667
1776813463005687705,1.54334,-0.958984,0.144608,3.02769,1.85185,1.97033,10,28869,22.1422,4.14366
1776813463010666277,1.53425,-0.958984,0.159291,3.18467,1.88779,1.84107,10,28892,22.1599,3.98827
1776813463015672126,1.53425,-1.19531,0.176932,2.79295,1.88779,1.84107,10,28922,22.1829,4.14162
1776813463020674420,1.5235,-1.19531,0.18919,2.9463,1.9396,1.64414,10,28947,22.2021,4.29535
1776813463025675102,1.5235,-1.3125,0.208365,2.98285,1.9396,1.64414,10,28980,22.2274,4.44743
1776813463030691358,1.51087,-1.3125,0.221047,3.13493,1.82754,1.50394,10,29005,22.2466,4.4487
1776813463035679708,1.51087,-1.3418,0.240223,3.1069,1.82754,1.50394,10,29037,22.2711,4.29583
1776813463040699575,1.49727,-1.3418,0.271109,3.25841,1.59445,1.48724,10,29078,22.3025,4.60021
1776813463045680739,1.49727,-1.3418,0.271109,3.25841,1.59445,1.48724,10,29078,22.3025,4.60021
1776813463050679348,1.48413,-1.30859,0.30552,3.44586,1.46709,1.42674,10,29139,22.3493,4.75445
1776813463055678845,1.48413,-1.32227,-0.31206,3.43219,1.46709,1.42674,10,29166,22.37,4.60205
1776813463060659472,1.46364,-1.32227,-0.311837,3.27979,1.4556,1.22091,10,29192,22.39,4.60075
1776813463065673062,1.46364,-1.31836,-0.291894,3.28239,1.4556,1.22091,10,29213,22.4061,4.142
1776813463070675856,1.45781,-1.31836,-0.281617,2.82364,1.36701,1.18856,10,29229,22.4184,3.06839
1776813463075687482,1.45781,-0.373047,-0.269345,2.69535,1.36701,1.18856,10,29198,22.3946,-3.83492
1776813463080702091,1.44728,-0.373047,-0.303659,-4.20796,2.24376,1.66473,10,29195,22.3923,-1.07384
1776813463085706051,1.44728,4.99414,-0.305959,3.9203,2.24376,1.66473,10,29195,22.3923,0
1776813463090697530,1.47137,4.99414,-0.281865,4.99414,2.68114,4.86699,10,29195,22.3923,0
1776813463095688731,1.47137,2.13281,-0.281865,2.13281,2.68114,4.86699,10,29206,22.4007,1.07405
1776813463100677765,1.52314,2.13281,-0.221666,3.20686,2.24958,3.53907,10,29216,22.4084,1.84059
1776813463105678800,1.52314,0.896484,-0.213994,2.73708,2.24958,3.53907,10,29228,22.4176,1.53427
1776813463110661612,1.51815,0.896484,-0.199807,3.19705,2.32452,2.83436,10,29247,22.4322,2.30057
1776813463115677832,1.51815,0.896484,-0.199807,3.19705,2.32452,2.83436,10,29247,22.4322,2.30057
1776813463120687773,1.51815,1.54492,-0.195205,3.84549,2.11614,3.17501,10,29270,22.4498,2.14767
1776813463125678789,1.53198,1.54492,-0.163734,3.6926,2.11614,3.17501,10,29280,22.4575,1.99354
1776813463130679935,1.53198,0.908203,-0.156062,2.90175,2.16872,2.89225,10,29295,22.469,1.84097
1776813463135689821,1.55319,0.908203,-0.123349,2.74918,2.16872,2.89225,10,29305,22.4767,1.99354
1776813463140682151,1.55319,1.07812,-0.115678,3.07167,2.85434,3.11127,10,29323,22.4905,2.1481
1776813463145685834,1.55889,1.07812,-0.0961696,3.22623,2.85434,3.11127,10,29334,22.4989,2.45192
1776813463150683590,1.55889,0.6875,-0.0877334,3.13942,3.30848,2.92129,10,29357,22.5165,2.61086
1776813463155692532,1.56818,0.6875,-0.0608055,3.29836,3.30848,2.92129,10,29371,22.5273,2.91423
1776813463160712103,1.56818,0.0722656,-0.0500671,2.98649,3.78755,2.62369,10,29395,22.5457,2.91443
1776813463165785673,1.56818,0.0722656,-0.0316593,2.98669,3.78755,2.62369,10,29409,22.5564,2.91385
1776813463170707561,1.57163,0.0722656,-0.0174705,2.98611,3.10862,2.64336,10,29431,22.5733,3.06939
1776813463175714410,1.57163,0.0722656,-0.0174705,2.98611,3.10862,2.64336,10,29431,22.5733,3.06939
1776813463180692556,1.56474,-0.568359,0.026265,2.8068,2.30875,2.2782,10,29486,22.6155,3.37516
1776813463185761404,1.56474,-0.595703,0.0347012,2.77945,2.30875,2.2782,10,29506,22.6308,3.52892
1776813463190718013,1.55849,-0.595703,0.043784,2.93322,2.15877,2.18754,10,29526,22.6462,3.52751
1776813463195686789,1.55849,-0.642578,0.0591229,2.88493,2.15877,2.18754,10,29549,22.6638,3.68156
1776813463200696582,1.55317,-0.642578,0.0714482,3.03899,2.02055,2.13035,10,29571,22.6807,3.83492
1776813463205697172,1.55317,-0.767578,0.0883225,3.06734,2.02055,2.13035,10,29604,22.706,4.29535
1776813463210693354,1.54961,-0.767578,0.110076,3.52777,2.1373,2.03869,10,29630,22.7259,4.60259
1776813463215682741,1.54961,-1.11133,0.130017,3.49126,2.1373,2.03869,10,29662,22.7505,4.44781
1776813463220692682,1.53511,-1.11133,0.140059,3.33648,2.08225,1.75922,10,29684,22.7673,3.98906
1776813463225693976,1.53511,-1.18555,0.156934,2.80352,2.08225,1.75922,10,29716,22.7919,4.29497
1776813463230704584,1.52944,-1.18555,0.175803,3.10942,2.17764,1.68411,10,29740,22.8103,4.28763
1776813463235710748,1.52944,-1.24414,0.194211,3.04349,2.17764,1.68411,10,29771,22.8341,4.14825
1776813463240698653,1.51082,-1.24414,0.216239,2.74451,1.96733,1.65071,10,29805,22.8601,3.98865
1776813463245685391,1.51082,-1.20703,0.225444,2.78162,1.96733,1.65071,10,29828,22.8778,3.98906
1776813463250691944,1.49865,-1.20703,0.230918,2.78203,1.76409,1.49272,10,29852,22.8962,4.13996
1776813463255680071,1.49865,-1.16211,0.249326,2.97785,1.76409,1.49272,10,29878,22.9161,4.29707
1776813463260663347,1.48706,-1.16211,0.257682,3.13496,1.75702,1.45038,10,29908,22.9391,4.29325
1776813463265672381,1.48706,-1.18164,0.28069,3.11161,1.75702,1.45038,10,29933,22.9583,4.29449
1776813463270684897,1.48103,-1.18164,0.293828,3.11285,1.65626,1.40374,10,29964,22.9821,4.29583
1776813463275680338,1.48103,-1.29883,-0.310714,2.997,1.65626,1.40374,10,29984,22.9974,3.83645
1776813463280708020,1.46881,-1.29883,-0.307589,2.53762,1.54596,1.26485,10,29994,23.0051,2.75997
1776813463285709666,1.46881,-0.892578,-0.29992,1.8674,1.54596,1.26485,10,29980,22.9944,-1.68758
1776813463290683867,1.45665,-0.892578,0.305497,-2.58016,2.47252,1.42434,10,29971,22.9875,-1.99472
1776813463295676291,1.45665,4.58398,0.298594,2.58926,2.47252,1.42434,10,29970,22.9867,-0.30664
1776813463300675862,1.4723,4.58398,0.313479,4.27734,2.84202,4.63867,10,29972,22.9882,0
1776813463305712248,1.4723,2.48438,-0.313306,2.48438,2.84202,4.63867,10,29980,22.9944,1.07384
1776813463310671709,1.4723,2.48438,-0.30717,3.55821,1.70975,3.4419,10,29992,23.0036,1.22719
1776813463315697483,1.52569,2.48438,-0.244571,3.71156,1.70975,3.4419,10,30001,23.0105,2.30103
1776813463320679814,1.52569,1.47266,-0.237668,3.77368,2.15869,3.17761,10,30018,23.0235,1.99394
1776813463325685015,1.54104,1.47266,-0.209279,3.4666,2.15869,3.17761,10,30027,23.0304,1.8406
1776813463330680068,1.54104,1.21289,-0.202376,3.0535,2.30613,3.11825,10,30043,23.0427,1.84133
1776813463335699380,1.56059,1.21289,-0.170558,3.05422,2.30613,3.11825,10,30054,23.0511,2.45389
1776813463340690192,1.5663,1.14648,-0.146441,2.98783,2.22837,3.19263,10,30073,23.0657,1.84134
1776813463345684023,1.5663,1.25781,-0.141837,3.09915,2.22837,3.19263,10,30086,23.0757,1.99394
1776813463350693002,1.57728,1.25781,-0.120892,3.25175,2.41501,3.35126,10,30099,23.0856,2.30103
1776813463355682092,1.57728,0.875,-0.110921,3.17603,2.41501,3.35126,10,30115,23.0979,2.45438
1776813463360659145,1.58328,0.875,-0.0926388,3.32938,3.54571,3.16719,10,30136,23.114,2.91423
1776813463365681235,1.58328,0.134766,-0.0765332,3.04899,3.54571,3.16719,10,30154,23.1278,3.06839
1776813463370686028,1.59078,0.134766,-0.0552319,3.20316,3.61229,2.78772,10,30176,23.1447,3.06755
1776813463375681581,1.59078,-0.199219,-0.0383576,2.86833,3.61229,2.78772,10,30196,23.16,3.22113
1776813463380815928,1.59078,-0.199219,-0.0230187,3.02191,3.31882,2.59735,10,30219,23.1777,3.22087
1776813463385695501,1.5906,-0.199219,-0.00555692,3.02165,3.31882,2.59735,10,30235,23.19,3.52751
1776813463390698906,1.5906,-0.652344,0.00671494,2.87516,2.46871,2.33806,10,30264,23.2122,3.52924
1776813463395684237,1.57989,-0.652344,0.0182487,2.8769,2.46871,2.33806,10,30280,23.2245,3.37486
1776813463400685642,1.57989,-0.660156,0.0305206,2.71471,2.31137,2.27289,10,30308,23.2459,3.22151
1776813463405688824,1.57662,-0.660156,0.0487281,2.56136,2.31137,2.27289,10,30324,23.2582,3.37486
1776813463410763857,1.57662,-0.796875,0.061,2.57799,1.76074,2.17637,10,30355,23.282,3.68156
1776813463415695319,1.56666,-0.796875,0.0748168,2.88469,1.76074,2.17637,10,30373,23.2958,3.83415
1776813463420697427,1.56666,-0.886719,0.0886222,2.94743,1.86463,2.06841,10,30407,23.3219,4.14245
1776813463425685684,1.56252,-0.886719,0.110555,3.25573,1.86463,2.06841,10,30426,23.3365,3.98827
1776813463430689163,1.56252,-1.14453,0.125129,2.84373,1.90621,1.89778,10,30459,23.3618,3.83415
1776813463435685827,1.5521,-1.14453,0.140021,2.68962,1.90621,1.89778,10,30479,23.3771,4.29535
1776813463440713472,1.5521,-1.30859,0.15536,2.98676,2.05746,1.74459,10,30515,23.4047,4.44832
1776813463445692636,1.53997,-1.30859,0.170846,3.13972,2.05746,1.74459,10,30536,23.4208,4.29621
1776813463450687078,1.53997,-1.3418,0.186952,2.95441,1.87813,1.6559,10,30572,23.4484,4.29583
1776813463455687520,1.52636,-1.3418,0.217059,2.95183,1.87813,1.6559,10,30607,23.4753,4.29363
1776813463460679313,1.52636,-1.29102,0.227798,3.00262,1.58247,1.60619,10,30638,23.4991,4.7554
1776813463465673107,1.50654,-1.29102,0.23175,3.46439,1.58247,1.60619,10,30662,23.5175,4.75597
1776813463470705289,1.50654,-1.29688,0.250157,3.4591,1.41479,1.48759,10,30693,23.5412,4.60297
1776813463475685787,1.4933,-1.29688,0.260697,3.3061,1.41479,1.48759,10,30715,23.5581,4.60205
1776813463480710858,1.4933,-1.34766,0.27757,3.25439,1.32542,1.38123,10,30754,23.588,4.7554
1776813463485707337,1.48689,-1.34766,0.301076,3.40775,1.32542,1.38123,10,30777,23.6057,4.75445
1776813463490743611,1.48689,-1.46094,-0.309601,3.29351,1.05202,1.27905,10,30813,23.6333,4.75122
1776813463495734923,1.47274,-1.46094,-0.296145,3.29028,1.05202,1.27905,10,30831,23.6471,3.68377
1776813463500717773,1.47274,-1.49023,-0.282338,2.19354,1.30965,1.17898,10,30834,23.6494,1.84134
1776813463505685586,1.45799,-1.49023,-0.294783,0.351107,1.30965,1.17898,10,30819,23.6379,-3.22151
1776813463510666491,1.45799,1.97852,-0.306288,-1.243,2.39179,3.06885,10,30816,23.6356,-0.45996
1776813463515680395,1.4562,1.97852,-0.310382,1.51856,2.39179,3.06885,10,30818,23.6371,0.306763
1776813463520701448,1.4562,4.23242,-0.308848,4.53919,2.7213,4.34293,10,30821,23.6394,-0.306702
1776813463525686371,1.48626,4.23242,-0.269581,6.07338,2.7213,4.34293,10,30838,23.6525,1.84096
1776813463530681887,1.48626,0.628906,-0.263445,2.46987,2.8378,2.46656,10,30847,23.6594,1.99432
1776813463535694495,1.52106,0.628906,-0.221741,2.62323,2.8378,2.46656,10,30860,23.6693,1.83986
1776813463540687067,1.52106,1.07617,-0.211772,2.91603,2.21943,2.92477,10,30878,23.6831,2.91481
1776813463545713638,1.53163,1.07617,-0.187396,3.99098,2.21943,2.92477,10,30886,23.6893,2.1481
1776813463550694709,1.53163,0.378906,-0.18126,2.52701,1.88596,2.58855,10,30908,23.7061,2.3011
1776813463555698984,1.53516,0.378906,-0.160859,2.68001,1.88596,2.58855,10,30920,23.7153,2.60721
1776813463560671371,1.53516,0.511719,-0.151654,3.11892,2.34457,2.68464,10,30936,23.7276,1.99472
1776813463565673998,1.54312,0.511719,-0.131419,2.50644,2.34457,2.68464,10,30946,23.7353,1.99353
1776813463570684217,1.54312,0.931641,-0.123749,2.92517,2.51157,2.96992,10,30964,23.7491,2.14772
1776813463575684326,1.54702,0.931641,-0.106053,3.07936,2.51157,2.96992,10,30977,23.7591,2.60759
1776813463580685157,1.54702,0.261719,-0.0960814,2.86931,3.18288,2.61046,10,31000,23.7767,2.76163
1776813463585707746,1.55503,0.261719,-0.0704237,3.02335,3.18288,2.61046,10,31015,23.7882,2.91443
1776813463590685244,1.55503,-0.0917969,-0.0589186,2.82263,3.37984,2.45498,10,31042,23.8089,3.22216
1776813463595765703,1.55525,-0.0917969,-0.0264898,3.28268,3.37984,2.45498,10,31067,23.8281,3.37448
1776813463600697516,1.55525,-0.646484,-0.0188204,2.728,2.9315,2.14004,10,31090,23.8457,3.22087
1776813463605725772,1.54989,-0.646484,-0.00653515,2.57438,2.9315,2.14004,10,31107,23.8588,3.52821
1776813463610697733,1.54989,-0.666016,0.00650348,2.8622,2.0132,2.09818,10,31133,23.8787,3.83492
1776813463615682360,1.54289,-0.666016,0.0194429,3.1689,2.0132,2.09818,10,31151,23.8925,3.6823
1776813463620715116,1.54289,-0.621094,0.0332483,3.06121,1.8814,2.08351,10,31181,23.9155,3.68083
1776813463625744113,1.53684,-0.621094,0.0502123,3.05973,1.8814,2.08351,10,31199,23.9293,3.6823
1776813463630751277,1.53684,-0.691406,0.0640177,2.99089,1.95851,2.00858,10,31230,23.9531,3.68083
1776813463635697294,1.5333,-0.691406,0.0842546,2.98942,1.95851,2.00858,10,31249,23.9677,3.98667
1776813463640712902,1.5333,-0.896484,0.0988268,3.09019,1.87505,1.87123,10,31282,23.993,3.83645
1776813463645687066,1.52194,-0.896484,0.112781,2.93997,1.87505,1.87123,10,31301,24.0076,4.13703
1776813463650690619,1.52194,-0.933594,0.127353,3.20344,2.10942,1.78431,10,31332,24.0313,3.83875
1776813463655681265,1.51682,-0.933594,0.146009,2.90516,2.10942,1.78431,10,31350,24.0451,3.83108
1776813463660711465,1.51682,-1.07031,0.159814,2.76077,1.97562,1.67665,10,31383,24.0705,3.84029
1776813463665690426,1.51682,-1.07031,0.185125,2.76998,1.97562,1.67665,10,31402,24.085,3.98667
1776813463670690053,1.50195,-1.07031,0.18482,2.91636,1.82241,1.58993,10,31429,24.1057,3.98906
1776813463675691402,1.50195,-1.06641,0.20553,2.92266,1.82241,1.58993,10,31458,24.128,3.83492
1776813463680709603,1.48581,-1.06641,0.211633,2.76851,1.57818,1.49755,10,31485,24.1487,3.83492
1776813463685709526,1.48581,-1.05664,0.232343,2.77827,1.57818,1.49755,10,31509,24.1671,3.83606
1776813463690705394,1.48012,-1.05664,0.245057,2.77942,1.52712,1.46963,10,31538,24.1893,4.29497
1776813463695683651,1.48012,-1.06836,0.267301,3.22661,1.52712,1.46963,10,31565,24.2101,4.29449
1776813463700684481,1.46415,-1.06836,0.272045,3.22613,1.4787,1.36864,10,31596,24.2338,4.44476
1776813463705685516,1.46415,-1.08789,0.29582,3.35687,1.4787,1.36864,10,31622,24.2538,4.29965
1776813463710662421,1.45885,-1.08789,0.310459,3.21176,1.53213,1.32606,10,31646,24.2722,4.13996
1776813463715687251,1.45885,-0.71875,-0.299452,3.42121,1.53213,1.32606,10,31647,24.2729,1.22743
1776813463720694933,1.44302,-0.71875,0.313806,0.508684,1.93655,1.44229,10,31625,24.2561,-2.60773
1776813463725706782,1.44302,1.4043,0.296932,-1.20343,1.93655,1.44229,10,31619,24.2515,-1.68796
1776813463730682261,1.44469,1.4043,0.294,-0.283663,2.69372,2.66239,10,31618,24.2507,-0.15332
1776813463735686777,1.44469,2.99023,0.293233,2.83691,2.69372,2.66239,10,31616,24.2492,-0.460145
1776813463740681626,1.44469,2.99023,0.2917,2.53009,2.65596,3.56637,10,31629,24.2591,1.22694
1776813463745685531,1.50402,2.99023,-0.267321,4.21718,2.65596,3.56637,10,31634,24.263,1.53389
1776813463750686214,1.50402,1.48438,-0.263487,3.01826,2.13299,3.05819,10,31653,24.2775,1.68762
1776813463755702600,1.53244,1.48438,-0.220494,3.172,2.13299,3.05819,10,31665,24.2868,2.76108
1776813463760671042,1.53244,0.761719,-0.211291,3.5228,2.00768,2.81139,10,31681,24.299,1.68758
1776813463765703076,1.54539,0.761719,-0.186066,2.4493,2.00768,2.81139,10,31691,24.3067,2.30057
1776813463770684333,1.54539,1.03711,-0.178397,3.33767,2.23222,3.04307,10,31709,24.3205,2.45438
1776813463775684774,1.55069,1.03711,-0.159289,3.49149,2.23222,3.04307,10,31716,24.3259,1.53358
1776813463780678531,1.55069,0.865234,-0.15392,2.39882,2.37695,2.97557,10,31732,24.3381,1.6883
1776813463785682288,1.55976,0.865234,-0.132582,2.55353,2.37695,2.97557,10,31742,24.3458,2.14686
1776813463790679063,1.55976,0.822266,-0.124911,2.96913,3.26146,3.00305,10,31762,24.3611,2.30057
1776813463795688078,1.5751,0.822266,-0.094231,3.12283,3.26146,3.00305,10,31775,24.3711,2.76218
1776813463800683224,1.5751,0.708984,-0.0842594,3.47117,3.8188,3.02603,10,31801,24.3911,3.22151
1776813463805686666,1.57948,0.708984,-0.059933,3.9305,3.8188,3.02603,10,31815,24.4018,2.91443
1776813463810670571,1.57948,-0.369141,-0.0491947,2.54529,3.43505,2.43644,10,31839,24.4202,2.76091
1776813463815683846,1.57948,-0.369141,-0.0307869,2.39177,3.43505,2.43644,10,31854,24.4317,3.06778
1776813463820687195,1.58228,-0.369141,-0.0164856,2.69864,2.88585,2.45232,10,31875,24.4478,3.06877
1776813463825685655,1.58228,-0.617188,-0.000377995,2.45159,2.88585,2.45232,10,31900,24.467,3.37381
1776813463830689449,1.5774,-0.617188,0.0139214,2.75662,2.17489,2.28324,10,31924,24.4854,3.37419
1776813463835678168,1.5774,-0.705078,0.0323273,2.66911,2.17489,2.28324,10,31944,24.5007,3.37486
1776813463840675758,1.57085,-0.705078,0.0411107,2.66978,2.06294,2.1958,10,31969,24.5199,3.52892
1776813463845680885,1.57085,-0.798828,0.0602852,2.73009,2.06294,2.1958,10,31990,24.536,3.37516
1776813463850690382,1.55926,-0.798828,0.0647999,2.57633,1.85653,2.07616,10,32016,24.556,3.68156
1776813463855684083,1.55926,-0.873047,0.0847413,2.80852,1.85653,2.07616,10,32040,24.5744,3.98667
1776813463860672785,1.55512,-0.873047,0.0990159,3.11362,1.90423,2.01018,10,32069,24.5966,3.98865
1776813463865671615,1.55512,-1.10547,0.121259,2.88318,1.90423,2.01018,10,32093,24.615,3.98827
1776813463870692353,1.54136,-1.10547,0.125908,2.8828,2.06749,1.79861,10,32122,24.6373,4.14327
1776813463875698665,1.54136,-1.18555,0.148151,2.95773,2.06749,1.79861,10,32150,24.6587,4.44781
1776813463880714662,1.53444,-1.18555,0.162702,3.26226,2.10282,1.71302,10,32184,24.6848,4.90875
1776813463885703011,1.53444,-1.29688,0.18878,3.61188,2.10282,1.71302,10,32209,24.704,4.44299
1776813463890685935,1.53444,-1.29688,0.207954,3.14611,1.64968,1.64957,10,32240,24.7278,4.30051
1776813463895682340,1.51699,-1.29688,0.214283,3.00363,1.64968,1.64957,10,32261,24.7439,4.29583
1776813463900701929,1.51699,-1.26367,0.23039,3.03216,1.57266,1.56739,10,32299,24.773,4.75445
1776813463905686223,1.50403,-1.26367,0.246574,3.49078,1.57266,1.56739,10,32320,24.7884,4.44959
1776813463910727812,1.50403,-1.30859,0.26268,3.141,1.68736,1.46626,10,32355,24.816,4.14162
1776813463915684848,1.48473,-1.30859,0.270225,2.83302,1.68736,1.46626,10,32375,24.8313,4.14162
1776813463920683567,1.48473,-1.33984,0.285566,2.80177,1.53075,1.33535,10,32412,24.8597,4.44781
1776813463925682194,1.47834,-1.33984,0.307554,3.10797,1.53075,1.33535,10,32434,24.8766,4.60205
1776813463930684488,1.47834,-1.37695,-0.303892,3.2251,1.43839,1.27657,10,32464,24.8996,3.98827
1776813463935690596,1.45773,-1.37695,-0.301487,2.61131,1.43839,1.27657,10,32466,24.9011,1.53358
1776813463940718371,1.45773,-1.12305,-0.299954,0.410536,1.79372,1.29941,10,32450,24.8888,-1.68792
1776813463945698720,1.4516,-1.12305,0.309961,-2.81096,1.79372,1.29941,10,32446,24.8858,-1.22694
1776813463950707606,1.4516,4.92188,0.306894,3.69493,2.99437,4.70857,10,32446,24.8858,-0.153382
1776813463955682178,1.48315,4.92188,-0.289871,4.76849,2.99437,4.70857,10,32446,24.8858,0
1776813463960665453,1.48315,2.94336,-0.289871,2.94336,2.15735,3.76751,10,32459,24.8957,1.07384
1776813463965671191,1.48315,2.94336,-0.279902,4.0172,2.15735,3.76751,10,32465,24.9003,1.68724
1776813463970681781,1.50239,2.94336,-0.256058,4.6306,2.55061,3.88033,10,32475,24.908,1.37944
1776813463975686760,1.50239,0.814453,-0.248388,2.19389,2.55061,3.88033,10,32492,24.9211,2.30287
1776813463980686813,1.52946,0.814453,-0.208288,3.11732,2.10045,2.82422,10,32503,24.9295,1.53358
1776813463985685866,1.52946,0.832031,-0.19985,2.36561,2.10045,2.82422,10,32515,24.9387,1.99393
1776813463990683067,1.54598,0.832031,-0.17412,2.82596,2.17104,2.92959,10,32531,24.951,2.1481
1776813463995699249,1.54598,0.939453,-0.161848,3.08756,2.17104,2.92959,10,32542,24.9594,2.14772
1776813464000687617,1.55028,0.939453,-0.149118,3.08718,2.40807,3.0155,10,32555,24.9694,1.68459
1776813464005684096,1.55028,1.1582,-0.139149,2.84279,2.40807,3.0155,10,32568,24.9793,1.99714
1776813464010731778,1.56459,1.1582,-0.114864,3.15534,2.93453,3.22217,10,32585,24.9924,2.30103
1776813464015693239,1.56459,0.804688,-0.101826,3.10571,2.93453,3.22217,10,32600,25.0039,2.60825
1776813464020685514,1.56946,0.804688,-0.0854493,3.41294,3.74924,3.04847,10,32621,25.02,2.75997
1776813464025763066,1.56946,-0.046875,-0.0693436,2.7131,3.74924,3.04847,10,32640,25.0346,3.06816
1776813464030700213,1.57582,-0.046875,-0.0484143,3.02129,3.49627,2.59928,10,32664,25.053,3.37621
1776813464035738450,1.57582,-0.433594,-0.0300045,2.94262,3.49627,2.59928,10,32686,25.0698,3.52642
1776813464040747633,1.57582,-0.433594,-0.0131321,3.09283,2.78357,2.37885,10,32711,25.089,3.67715
1776813464045713520,1.57454,-0.433594,0.0047664,3.24356,2.78357,2.37885,10,32728,25.1021,3.53387
1776813464050698333,1.57454,-0.632812,0.017805,2.90106,2.16947,2.25803,10,32758,25.1251,3.52751
1776813464055686386,1.56276,-0.632812,0.0290355,2.8947,2.16947,2.25803,10,32776,25.1389,3.83492
1776813464060692217,1.56276,-0.71875,0.0428428,3.11617,1.96513,2.14186,10,32808,25.1634,3.83492
1776813464065673826,1.55612,-0.71875,0.0607471,3.11617,1.96513,2.14186,10,32828,25.178,4.14117
1776813464070678786,1.55612,-0.923828,0.076086,3.21734,2.16016,1.98696,10,32859,25.2025,3.83492
1776813464075682895,1.54789,-0.923828,0.0916328,2.91109,2.16016,1.98696,10,32878,25.2171,3.83645
1776813464080710206,1.54789,-1.0918,0.106205,2.74465,2.2286,1.84398,10,32911,25.2424,3.98667
1776813464085695926,1.53791,-1.0918,0.121536,2.89487,2.2286,1.84398,10,32930,25.257,3.98827
1776813464090689072,1.53791,-1.16797,0.13611,2.8203,2.1069,1.7431,10,32963,25.2823,4.14283
1776813464095675570,1.52641,-1.16797,0.149918,2.97486,2.1069,1.7431,10,32982,25.2969,3.83492
1776813464100686401,1.52641,-1.20703,0.16449,2.62788,1.99946,1.65434,10,33015,25.3222,3.83492
1776813464105690694,1.51443,-1.20703,0.177826,2.62788,1.99946,1.65434,10,33034,25.3368,3.98827
1776813464110661470,1.51443,-1.20312,0.1924,2.78514,1.8233,1.58704,10,33069,25.3636,4.29621
1776813464115674782,1.51443,-1.20312,0.219244,3.09308,1.8233,1.58704,10,33089,25.3789,4.29497
1776813464120697965,1.50254,-1.20312,0.222685,3.09184,1.73803,1.51766,10,33118,25.4012,4.14162
1776813464125684685,1.50254,-1.25977,0.244928,2.88185,1.73803,1.51766,10,33151,25.4265,4.44603
1776813464130682312,1.48433,-1.25977,0.252029,3.18627,1.36444,1.37863,10,33179,25.448,4.7573
1776813464135680994,1.48433,-1.28711,0.273506,3.47019,1.36444,1.37863,10,33217,25.4771,5.0621
1776813464140693714,1.47812,-1.28711,0.296446,3.77499,1.23532,1.32651,10,33248,25.5009,4.60205
1776813464145685378,1.47812,-1.33398,-0.308096,3.26807,1.23532,1.32651,10,33263,25.5124,3.6823
1776813464150681913,1.45808,-1.33398,0.311687,2.34832,1.55466,1.18125,10,33258,25.5086,0.920105
1776813464155682096,1.45808,1.26367,0.307852,2.18378,1.55466,1.18125,10,33244,25.4978,-2.75997
1776813464160662760,1.45314,1.26367,0.292173,-1.4963,2.40389,2.63254,10,33242,25.4963,-0.920486
1776813464165742238,1.45314,4.77734,0.290638,3.85686,2.40389,2.63254,10,33242,25.4963,0
1776813464170693218,1.49093,4.77734,-0.299888,4.77734,2.93067,4.85858,10,33244,25.4978,0
1776813464175703548,1.49093,2.34766,-0.298353,2.34766,2.93067,4.85858,10,33258,25.5086,1.68762
1776813464180684583,1.52309,2.34766,-0.255457,4.03528,2.49873,3.66128,10,33270,25.5178,1.84096
1776813464185687895,1.52309,0.871094,-0.246252,2.71205,2.49873,3.66128,10,33283,25.5277,1.99393
1776813464190683115,1.52309,0.871094,-0.236282,2.86502,2.24609,2.81964,10,33300,25.5408,2.60773
1776813464195681779,1.53125,0.871094,-0.215086,3.47882,2.24609,2.81964,10,33312,25.55,2.30103
1776813464200682647,1.53125,0.917969,-0.205883,3.21899,2.05825,2.89359,10,33333,25.5661,2.60668
1776813464205690497,1.55224,0.917969,-0.168777,3.52465,2.05825,2.89359,10,33344,25.5745,2.30195
1776813464210663217,1.55224,0.544922,-0.160341,2.84687,2.35137,2.80192,10,33360,25.5868,1.99394
1776813464215709306,1.55974,0.544922,-0.140579,2.53886,2.35137,2.80192,10,33370,25.5945,1.99432
1776813464220690897,1.55974,0.851562,-0.13291,2.84589,2.75429,3.01964,10,33388,25.6083,2.30149
1776813464225688468,1.56801,0.851562,-0.11083,3.15305,2.75429,3.01964,10,33399,25.6167,2.14725
1776813464230686225,1.56801,0.574219,-0.102392,2.72146,3.47762,2.90884,10,33422,25.6344,2.76163
1776813464235686241,1.57469,0.574219,-0.0780695,3.33585,3.47762,2.90884,10,33437,25.6459,2.91443
1776813464240679109,1.57469,-0.150391,-0.0665663,2.76404,3.85017,2.53387,10,33463,25.6658,3.06816
1776813464245679607,1.57654,-0.150391,-0.044771,2.91777,3.85017,2.53387,10,33478,25.6773,3.22049
1776813464250684197,1.57654,-0.726562,-0.0332659,2.49392,3.02611,2.216,10,33504,25.6972,3.22151
1776813464255680435,1.57148,-0.726562,-0.0183847,2.49495,3.02611,2.216,10,33519,25.7088,3.22049
1776813464260677784,1.57148,-0.791016,-0.00687961,2.42947,2.09933,2.15046,10,33547,25.7302,3.37554
1776813464265682986,1.57148,-0.791016,0.0145952,2.58452,2.09933,2.15046,10,33563,25.7425,3.37419
1776813464270695187,1.5637,-0.791016,0.019087,2.58317,1.90935,2.10605,10,33588,25.7617,3.52892
1776813464275676110,1.5637,-0.720703,0.0382616,2.80822,1.90935,2.10605,10,33614,25.7816,3.52751
1776813464280701033,1.55256,-0.720703,0.047064,2.8068,1.91283,2.08234,10,33640,25.8016,3.52854
1776813464285695735,1.55256,-0.773438,0.0670073,2.7551,1.91283,2.08234,10,33663,25.8192,3.83568
1776813464290684843,1.54881,-0.773438,0.0808947,3.06225,2.08904,2.03074,10,33693,25.8422,4.14034
1776813464295688582,1.54881,-0.976562,0.103905,3.16378,2.08904,2.03074,10,33719,25.8621,4.29669
1776813464300710208,1.5356,-0.976562,0.11064,3.32012,2.34531,1.83889,10,33749,25.8852,4.29449
1776813464305691021,1.5356,-1.12109,0.13365,3.1734,2.34531,1.83889,10,33775,25.9051,4.29411
1776813464310673130,1.52535,-1.12109,0.143332,3.17301,2.5144,1.69716,10,33806,25.9289,4.29621
1776813464315683016,1.52535,-1.24023,0.167109,3.05597,2.5144,1.69716,10,33831,25.9481,4.29583
1776813464320685625,1.51324,-1.24023,0.174177,3.05559,2.1824,1.55893,10,33861,25.9711,4.4487
1776813464325695770,1.51324,-1.25586,0.197188,3.19284,2.1824,1.55893,10,33885,25.9895,3.98747
1776813464330684361,1.50067,-1.25586,0.203022,2.73161,1.48958,1.47668,10,33908,26.0071,3.98827
1776813464335710191,1.50067,-1.1875,0.220663,2.80077,1.48958,1.47668,10,33938,26.0301,4.13786
1776813464340695430,1.50067,-1.1875,0.243674,2.95036,1.32159,1.51565,10,33967,26.0524,4.14576
1776813464345694001,1.48833,-1.1875,0.253578,2.95826,1.32159,1.51565,10,33987,26.0677,4.14079
1776813464350683092,1.48833,-1.1875,0.253578,2.95826,1.32159,1.51565,10,33987,26.0677,4.14079
1776813464355691607,1.47075,-1.18359,0.291989,2.65209,1.24323,1.44558,10,34050,26.116,3.83568
1776813464360673976,1.47075,-1.19727,0.299658,2.63842,1.54784,1.33421,10,34056,26.1206,2.76053
1776813464365697121,1.45876,-1.19727,0.292269,1.56326,1.54784,1.33421,10,34045,26.1122,-0.613049
1776813464370688285,1.45876,1.91211,0.283833,1.29906,2.21481,3.03554,10,34037,26.1061,-1.8428
1776813464375688986,1.45949,1.91211,0.278425,0.0693065,2.21481,3.03554,10,34037,26.1061,-0.153351
1776813464380686836,1.45949,4.33789,0.278425,4.18454,2.95479,4.42256,10,34037,26.1061,0
1776813464385702055,1.47491,4.33789,0.293852,4.33789,2.95479,4.42256,10,34043,26.1107,0.766294
1776813464390681275,1.47491,1.76367,0.298454,2.52997,3.25358,3.04653,10,34062,26.1252,2.30287
1776813464395690254,1.52347,1.76367,-0.26674,4.06654,3.25358,3.04653,10,34071,26.1321,1.99472
1776813464400681715,1.52347,0.46875,-0.259836,2.46347,2.45967,2.59247,10,34093,26.149,2.45438
1776813464405680249,1.52878,0.46875,-0.237651,2.92313,2.45967,2.59247,10,34104,26.1574,2.60408
1776813464410684395,1.52878,0.208984,-0.229215,2.81307,2.28157,2.47518,10,34121,26.1705,1.99712
1776813464415751317,1.52878,0.208984,-0.216177,2.2061,2.28157,2.47518,10,34132,26.1789,2.30018
1776813464420695501,1.53923,0.208984,-0.197282,2.50917,2.16158,2.53559,10,34146,26.1897,1.99472
1776813464425689480,1.53923,0.208984,-0.197282,2.50917,2.16158,2.53559,10,34146,26.1897,1.99472
1776813464430715903,1.54723,0.613281,-0.15784,3.06766,2.14139,2.76604,10,34181,26.2165,2.45438
1776813464435685309,1.54723,0.492188,-0.151704,2.94656,2.14139,2.76604,10,34197,26.2288,2.60759
1776813464440688269,1.55453,0.492188,-0.132135,3.09977,2.71453,2.78495,10,34214,26.2418,2.91152
1776813464445675248,1.55453,0.0878906,-0.119096,2.99941,2.71453,2.78495,10,34233,26.2564,3.07147
1776813464450680598,1.55723,0.0878906,-0.101821,3.15936,3.06594,2.56999,10,34251,26.2702,3.06816
1776813464455677669,1.55723,-0.175781,-0.0880161,2.89238,3.06594,2.56999,10,34275,26.2886,3.22113
1776813464460733221,1.55706,-0.175781,-0.0697723,3.04535,3.03038,2.41875,10,34297,26.3055,3.22151
1776813464465691534,1.55706,-0.564453,-0.052898,2.65706,3.03038,2.41875,10,34317,26.3208,3.22216
1776813464470707050,1.55076,-0.564453,-0.043861,2.6577,2.29081,2.16108,10,34336,26.3354,3.37448
1776813464475742528,1.55076,-0.548828,-0.0292869,2.82565,2.29081,2.16108,10,34361,26.3546,3.36947
1776813464480789840,1.54861,-0.548828,-0.0122619,2.82064,2.2146,2.15763,10,34385,26.373,3.38027
1776813464485722709,1.54861,-0.574219,0.00614592,2.80605,2.2146,2.15763,10,34405,26.3883,3.37486
1776813464490743873,1.5397,-0.574219,0.0271496,2.79959,2.08087,2.14316,10,34435,26.4113,3.37381
1776813464495707315,1.5397,-0.574219,0.0271496,2.79959,2.08087,2.14316,10,34435,26.4113,3.37381
1776813464500686795,1.5397,-0.779297,0.0355858,2.59451,1.7918,1.97498,10,34477,26.4435,3.68599
1776813464505689385,1.5326,-0.779297,0.0606961,2.90669,1.7918,1.97498,10,34495,26.4573,3.83492
1776813464510663179,1.5326,-1.08594,0.0745034,2.74898,1.96418,1.75919,10,34526,26.4811,3.6823
1776813464515684047,1.51811,-1.08594,0.0837922,2.59636,1.96418,1.75919,10,34543,26.4941,3.52821
1776813464520687915,1.51811,-1.125,0.0968308,2.40321,1.96974,1.65297,10,34573,26.5172,3.68009
1776813464525756485,1.51285,-1.125,0.114573,2.55509,1.96974,1.65297,10,34591,26.531,3.68156
1776813464530709317,1.51285,-1.06641,0.128378,2.61516,1.85512,1.65573,10,34623,26.5555,3.83645
1776813464535683352,1.49591,-1.06641,0.135989,2.77004,1.85512,1.65573,10,34641,26.5693,3.83415
1776813464540718941,1.49591,-0.988281,0.149796,2.84587,1.60918,1.60138,10,34672,26.5931,3.68083
1776813464545711976,1.48568,-0.988281,0.163338,2.69255,1.60918,1.60138,10,34690,26.6069,3.83645
1776813464550687826,1.48568,-1.00195,0.177145,2.8345,1.72643,1.53355,10,34724,26.633,4.14117
1776813464555698990,1.47585,-1.00195,0.193396,3.13922,1.72643,1.53355,10,34744,26.6483,4.14245
1776813464560659451,1.47585,-1.04688,0.208735,3.09557,1.42413,1.45007,10,34779,26.6752,4.29497
1776813464565688911,1.47585,-1.04688,0.235581,3.24809,1.42413,1.45007,10,34798,26.6897,3.98865
1776813464570678705,1.46556,-1.04688,0.239863,2.94177,1.27885,1.38925,10,34828,26.7127,4.29153
1776813464575689554,1.46556,-1.05664,0.262873,3.23489,1.27885,1.38925,10,34859,26.7365,4.14366
1776813464580683274,1.45515,-1.05664,0.27624,3.08702,1.49613,1.32195,10,34888,26.7588,4.29153
1776813464585683197,1.45515,-1.01758,0.298481,3.27396,1.49613,1.32195,10,34916,26.7802,3.98747
1776813464590678899,1.43955,-1.01758,0.30435,2.96989,1.28061,1.25121,10,34932,26.7925,3.37959
1776813464595687933,1.43955,-0.882812,-0.311696,2.49678,1.28061,1.25121,10,34935,26.7948,1.38026
1776813464600685523,1.42993,-0.882812,0.309306,0.49745,1.72208,1.27046,10,34920,26.7833,-1.84096
1776813464605718909,1.42993,2.77734,0.297801,0.936384,1.72208,1.27046,10,34910,26.7756,-1.68728
1776813464610677963,1.43824,2.77734,0.298441,1.09006,2.77254,3.4065,10,34908,26.7741,-0.460145
1776813464615678627,1.43824,4.19141,0.296908,3.73126,2.77254,3.4065,10,34906,26.7726,-0.460342
1776813464620754142,1.47983,4.19141,-0.291356,3.73106,2.45143,4.45932,10,34913,26.7779,0.307145
1776813464625710714,1.47983,2.10352,-0.285987,2.41066,2.45143,4.45932,10,34922,26.7848,1.53358
1776813464630688008,1.50781,2.10352,-0.251106,3.6371,2.19876,3.43323,10,34930,26.791,1.22719
1776813464635679210,1.50781,1.69922,-0.24497,2.92641,2.19876,3.43323,10,34940,26.7986,1.5342
1776813464640686503,1.52238,1.69922,-0.216594,3.2328,2.01777,3.20278,10,34954,26.8094,1.53358
1776813464645678705,1.52238,1.69922,-0.216594,3.2328,2.01777,3.20278,10,34954,26.8094,1.53358
1776813464650686498,1.54078,1.33398,-0.179019,3.32833,2.19284,3.07933,10,34977,26.827,1.99434
1776813464655686514,1.54078,1.02734,-0.175952,3.02168,2.19284,3.07933,10,34987,26.8347,1.53427
1776813464660670123,1.54879,1.02734,-0.160268,2.56161,2.43747,3.05707,10,34997,26.8424,1.68657
1776813464665677806,1.54879,0.910156,-0.152597,2.59672,2.43747,3.05707,10,35012,26.8539,1.99432
1776813464670724395,1.56369,0.910156,-0.126195,2.90448,3.55607,3.07564,10,35024,26.8631,1.99434
1776813464675694652,1.56369,0.728516,-0.11699,2.72286,3.55607,3.07564,10,35038,26.8738,2.30103
1776813464680711724,1.56928,0.728516,-0.100663,3.02954,3.67111,3.00402,10,35052,26.8845,2.45487
1776813464685704536,1.56928,0.425781,-0.0899251,2.88065,3.67111,3.00402,10,35067,26.8961,2.45438
1776813464690690497,1.57109,0.425781,-0.0766137,2.88016,3.52394,2.84176,10,35086,26.9106,2.75997
1776813464695689198,1.57109,-0.244141,-0.0620397,2.51583,3.52394,2.84176,10,35108,26.9275,2.91539
1776813464700680418,1.57256,-0.244141,-0.0436948,2.67125,2.74872,2.4683,10,35126,26.9413,3.06778
1776813464705694267,1.57256,-0.398438,-0.0298875,2.66934,2.74872,2.4683,10,35145,26.9559,3.22151
1776813464710667487,1.57165,-0.398438,0.000649198,2.82269,2.37545,2.38035,10,35177,26.9804,3.22113
1776813464715697244,1.57165,-0.398438,0.000649198,2.82269,2.37545,2.38035,10,35177,26.9804,3.22113
1776813464720681241,1.5628,-0.490234,0.0255477,2.88665,1.99052,2.32285,10,35223,27.0157,3.37689
1776813464725685924,1.5628,-0.714844,0.0347526,2.66205,1.99052,2.32285,10,35245,27.0326,3.83108
1776813464730680570,1.55706,-0.714844,0.0458801,3.11624,2.27666,2.11144,10,35268,27.0502,3.83799
1776813464735683401,1.55706,-0.859375,0.0635211,2.97861,2.27666,2.11144,10,35291,27.0679,3.98827
1776813464740679139,1.55151,-0.859375,0.0756137,3.12889,2.32999,1.99724,10,35320,27.0901,3.98827
1776813464745677266,1.55151,-0.982422,0.0978572,3.00584,2.32999,1.99724,10,35343,27.1077,3.98865
1776813464750676838,1.54704,-0.982422,0.111031,3.00623,2.25061,1.90144,10,35366,27.1254,3.98906
1776813464755702372,1.54704,-1.16602,0.12867,2.82305,2.25061,1.90144,10,35396,27.1484,4.13996
1776813464760668055,1.53038,-1.16602,0.135018,2.97395,2.17936,1.70069,10,35418,27.1653,3.83568
1776813464765678997,1.53038,-1.17773,0.151892,2.65795,2.17936,1.70069,10,35446,27.1867,3.83415
1776813464770689642,1.52703,-1.17773,0.170018,2.65641,1.78947,1.67462,10,35473,27.2075,3.83568
1776813464775689659,1.52703,-1.15234,0.190728,2.68334,1.78947,1.67462,10,35498,27.2266,3.98945
1776813464780674249,1.50738,-1.15234,0.20789,2.98927,1.51839,1.68909,10,35533,27.2535,4.14162
1776813464785685413,1.50738,-1.18359,0.217093,2.95802,1.51839,1.68909,10,35556,27.2711,3.98827
1776813464790679725,1.49552,-1.18359,0.222876,2.80467,1.2939,1.48773,10,35579,27.2888,4.14117
1776813464795682612,1.49552,-1.27148,0.240517,2.86969,1.2939,1.48773,10,35605,27.3087,4.14245
1776813464800680480,1.48322,-1.27148,0.248156,2.87096,1.45878,1.36541,10,35631,27.3286,4.60021
1776813464805680477,1.48322,-1.31055,0.268098,3.28966,1.45878,1.36541,10,35659,27.3501,4.4501
1776813464810698178,1.47942,-1.31055,0.285779,3.13955,1.22701,1.3208,10,35690,27.3739,4.59653
1776813464815676972,1.47942,-1.34375,0.309556,3.25278,1.22701,1.3208,10,35721,27.3977,4.29841
1776813464820687618,1.45663,-1.34375,0.310542,2.95466,1.14592,1.16706,10,35735,27.4084,3.06939
1776813464825692078,1.45663,-1.31836,-0.307038,1.75103,1.14592,1.16706,10,35725,27.4007,-0.920118
1776813464830707742,1.45289,-1.31836,0.309869,-2.23848,1.74309,1.15929,10,35712,27.3908,-2.14853
1776813464835685092,1.45289,4.48633,0.299897,2.33779,1.74309,1.15929,10,35712,27.3908,-0.153351
1776813464840680182,1.45935,4.48633,0.306361,4.33298,2.66652,4.50636,10,35711,27.39,-0.15332
1776813464845679420,1.45935,4.60742,0.305594,4.4541,2.66652,4.50636,10,35715,27.3931,0.460434
1776813464850686084,1.47183,4.60742,-0.296439,6.60176,1.93852,4.57538,10,35734,27.4076,1.99434
1776813464855680008,1.47183,4.60742,-0.296439,6.60176,1.93852,4.57538,10,35734,27.4076,1.99434
1776813464860661469,1.51919,1.31445,-0.229905,3.46127,2.53395,2.77228,10,35760,27.4276,2.14682
1776813464865674503,1.51919,1.54492,-0.225303,3.69174,2.53395,2.77228,10,35772,27.4368,2.1481
1776813464870695741,1.52937,1.54492,-0.20592,3.69303,2.14801,3.24009,10,35786,27.4475,1.99472
1776813464875692757,1.52937,0.970703,-0.195184,2.96543,2.14801,3.24009,10,35799,27.4575,2.45438
1776813464880707865,1.53697,0.970703,-0.177606,3.42508,1.87709,2.95673,10,35809,27.4652,1.99394
1776813464885786954,1.53697,0.833984,-0.169936,2.82793,1.87709,2.95673,10,35822,27.4751,1.53358
1776813464890727916,1.54157,0.833984,-0.155374,2.36757,2.37902,2.90528,10,35837,27.4866,1.99393
1776813464895732876,1.54157,0.695312,-0.143868,2.68924,2.37902,2.90528,10,35853,27.4989,2.1481
1776813464900705781,1.56011,0.695312,-0.113057,2.84342,3.08981,2.93269,10,35868,27.5104,2.45487
1776813464905756871,1.56011,0.580078,-0.101552,3.03495,3.08981,2.93269,10,35885,27.5235,2.76053
1776813464910691647,1.5646,0.580078,-0.0840196,3.3406,3.6494,2.8927,10,35901,27.5357,2.76163
1776813464915685256,1.5646,0.240234,-0.0717478,3.00186,3.6494,2.8927,10,35919,27.5495,3.06816
1776813464920738734,1.56587,0.240234,-0.0405683,3.3074,3.42422,2.69899,10,35950,27.5733,3.06717
1776813464925727935,1.56587,0.240234,-0.0405683,3.3074,3.42422,2.69899,10,35950,27.5733,3.06717
1776813464930691248,1.56587,-0.738281,-0.0328989,2.32888,2.60715,2.14847,10,35988,27.6024,3.37448
1776813464935689838,1.56067,-0.738281,-0.0089464,2.6362,2.60715,2.14847,10,36004,27.6147,3.37486
1776813464940684262,1.56067,-0.773438,0.00332546,2.60143,2.13975,2.09875,10,36032,27.6362,3.37486
1776813464945685834,1.55332,-0.773438,0.0174456,2.60143,2.13975,2.09875,10,36048,27.6485,3.5268
1776813464950679683,1.55332,-0.761719,0.0297174,2.76508,1.73043,2.06329,10,36077,27.6707,3.37448
1776813464955688458,1.54598,-0.761719,0.0446196,2.61276,1.73043,2.06329,10,36094,27.6838,3.52892
1776813464960660512,1.54598,-0.837891,0.0576582,2.69103,1.89987,1.9777,10,36126,27.7083,3.83568
1776813464965677250,1.53795,-0.837891,0.0741796,2.99779,1.89987,1.9777,10,36146,27.7236,4.14117
1776813464970679747,1.53795,-0.964844,0.0895185,3.17633,2.14264,1.85912,10,36180,27.7497,3.98906
1776813464975689374,1.5289,-0.964844,0.106545,3.02422,2.14264,1.85912,10,36199,27.7643,4.14162
1776813464980691038,1.5289,-1.15234,0.121119,2.98927,2.06852,1.69995,10,36234,27.7911,3.98667
1776813464985684925,1.51816,-1.15234,0.137216,2.83433,2.06852,1.69995,10,36254,27.8065,4.44959
1776813464990679330,1.51816,-1.19141,0.152555,3.25818,1.99218,1.61536,10,36290,27.8341,4.29621
1776813464995683179,1.51816,-1.19141,0.180167,3.1048,1.99218,1.61536,10,36309,27.8487,4.14162
1776813465000679732,1.50681,-1.19141,0.183394,2.95021,1.95011,1.54929,10,36337,27.8701,3.98747
1776813465005681378,1.50681,-1.19141,0.183394,2.95021,1.95011,1.54929,10,36337,27.8701,3.98747
1776813465010660617,1.48671,-1.12891,0.226956,3.16644,1.4646,1.58492,10,36405,27.9223,4.29535
1776813465015672429,1.48671,-1.19141,0.236926,3.10394,1.4646,1.58492,10,36429,27.9407,4.29583
1776813465020679205,1.47222,-1.19141,0.240844,3.10442,1.34704,1.34624,10,36452,27.9583,4.14117
1776813465025676295,1.47222,-1.23828,0.258485,2.90289,1.34704,1.34624,10,36477,27.9775,4.13831
1776813465030684237,1.46656,-1.23828,0.271996,2.90002,1.26289,1.28604,10,36501,27.9959,4.1441
1776813465035677457,1.46656,-1.26367,0.290404,2.88043,1.26289,1.28604,10,36527,28.0159,4.29707
1776813465040693621,1.46023,-1.26367,0.304015,3.0334,1.03815,1.23406,10,36546,28.0304,3.37419
1776813465045795136,1.46023,-1.18164,-0.309729,2.19255,1.03815,1.23406,10,36545,28.0297,0.306763
1776813465050721875,1.44154,-1.18164,0.299134,-0.874878,1.65845,1.16961,10,36532,28.0197,-2.14725
1776813465055690726,1.44154,3.33789,0.289165,1.19065,1.65845,1.16961,10,36529,28.0174,-0.767136
1776813465060703242,1.44701,3.33789,0.292333,2.57076,2.85008,3.77837,10,36528,28.0166,0
1776813465065689443,1.44701,3.37109,0.291566,3.37109,2.85008,3.77837,10,36533,28.0205,0
1776813465070694700,1.49017,3.37109,-0.282086,5.21207,2.04239,3.7973,10,36548,28.032,1.84097
1776813465075698179,1.49017,3.37109,-0.282086,5.21207,2.04239,3.7973,10,36548,28.032,1.84097
1776813465080694584,1.49017,1.44336,-0.27825,3.28433,2.62846,2.95376,10,36567,28.0465,1.68762
1776813465085682953,1.51408,1.44336,-0.239772,3.13098,2.62846,2.95376,10,36576,28.0534,1.68724
1776813465090684747,1.51408,0.798828,-0.232869,2.48607,2.05874,2.72609,10,36593,28.0665,2.14767
1776813465095681300,1.53732,0.798828,-0.196593,2.9465,2.05874,2.72609,10,36603,28.0742,1.99394
1776813465100690483,1.53732,0.966797,-0.188922,2.96074,2.07806,2.95648,10,36617,28.0849,1.68762
1776813465105678147,1.54191,0.966797,-0.173592,2.65442,2.07806,2.95648,10,36623,28.0895,1.53389
1776813465110658923,1.54191,1.16602,-0.168988,2.69991,2.165,3.09652,10,36639,28.1018,1.84096
1776813465115675439,1.55187,1.16602,-0.146762,3.00698,2.165,3.09652,10,36650,28.1102,2.14725
1776813465120679289,1.55187,0.822266,-0.138325,2.96951,3.09896,2.95783,10,36670,28.1255,2.30103
1776813465125688397,1.56282,0.822266,-0.112025,3.12329,3.09896,2.95783,10,36683,28.1355,2.76163
1776813465130691025,1.56282,0.333984,-0.102053,3.09561,3.70783,2.74229,10,36705,28.1524,2.60773
1776813465135691578,1.56282,0.333984,-0.085181,2.94171,3.70783,2.74229,10,36719,28.1631,2.91423
1776813465140677335,1.56935,0.333984,-0.0679157,3.24821,3.48579,2.77956,10,36742,28.1808,3.22113
1776813465145682907,1.56935,-0.498047,-0.0502746,2.72308,3.48579,2.77956,10,36767,28.1999,3.37486
1776813465150682386,1.5676,-0.498047,-0.0328548,2.87682,2.46235,2.29529,10,36787,28.2153,3.37486
1776813465155689087,1.5676,-0.566406,-0.0175159,2.80846,2.46235,2.29529,10,36813,28.2352,3.52821
1776813465160657141,1.56199,-0.566406,-0.00317643,2.96181,2.2399,2.22431,10,36831,28.249,3.37448
1776813465165681879,1.56199,-0.603516,0.010629,2.77097,2.2399,2.22431,10,36857,28.269,3.37554
1776813465170722469,1.55606,-0.603516,0.0246403,2.77202,1.98112,2.16921,10,36878,28.2851,3.68156
1776813465175695449,1.55606,-0.716797,0.0407479,2.96477,1.98112,2.16921,10,36906,28.3065,3.83492
1776813465180692594,1.5498,-0.716797,0.0559609,3.11812,2.0262,2.06872,10,36928,28.3234,3.83415
1776813465185702999,1.5498,-0.9375,0.0728352,2.89665,2.0262,2.06872,10,36956,28.3449,3.83492
1776813465190683479,1.54158,-0.9375,0.0860932,2.89742,2.18103,1.89564,10,36976,28.3602,3.68083
1776813465195698717,1.54158,-1.07031,0.101434,2.61052,2.18103,1.89564,10,37005,28.3825,3.6823
1776813465200680752,1.53148,-1.07031,0.113567,2.61199,2.20209,1.76159,10,37027,28.3994,3.98865
1776813465205680028,1.53148,-1.17773,0.130441,2.81091,2.20209,1.76159,10,37057,28.4224,3.98906
1776813465210655915,1.52039,-1.17773,0.158468,2.80894,2.17869,1.70036,10,37090,28.4477,3.98667
1776813465215675634,1.52039,-1.17773,0.158468,2.80894,2.17869,1.70036,10,37090,28.4477,3.98667
1776813465220680113,1.50846,-1.18164,0.185657,2.65404,1.77468,1.63388,10,37141,28.4868,3.83568
1776813465225686241,1.50846,-1.13867,0.19486,2.69701,1.77468,1.63388,10,37166,28.506,4.29449
1776813465230680479,1.49052,-1.13867,0.196092,3.15582,1.44676,1.48402,10,37191,28.5251,4.29497
1776813465235688014,1.49052,-1.12305,0.215266,3.17192,1.44676,1.48402,10,37216,28.5443,4.14162
1776813465240695771,1.4855,-1.12305,0.229427,3.01857,1.25901,1.46346,10,37240,28.5627,4.14283
1776813465245705120,1.4855,-1.19531,0.247836,2.94751,1.25901,1.46346,10,37273,28.588,4.44832
1776813465250684915,1.46827,-1.19531,0.255916,3.25301,1.31447,1.32067,10,37299,28.608,4.74686
1776813465255684542,1.46827,-1.20117,0.275857,3.54569,1.31447,1.32067,10,37333,28.6341,4.45583
1776813465260658799,1.46193,-1.20117,0.295598,3.25466,1.1843,1.2798,10,37355,28.6509,4.29325
1776813465265683685,1.46193,-0.978516,0.312473,3.31473,1.1843,1.2798,10,37374,28.6655,3.07
1776813465270678591,1.44493,-0.978516,0.310043,2.09149,1.29881,1.30562,10,37366,28.6594,0
1776813465275678737,1.44493,0.662109,0.303907,0.662109,1.29881,1.30562,10,37350,28.6471,-2.91598
1776813465280685216,1.44428,0.662109,0.290212,0.202241,2.63968,2.24078,10,37349,28.6463,-0.459869
1776813465285690102,1.44428,3.17188,0.290212,2.71201,2.63968,2.24078,10,37348,28.6456,-0.153382
1776813465290703785,1.50196,3.17188,-0.281189,3.01849,3.01769,4.00805,10,37352,28.6486,0.15332
1776813465295697079,1.50196,2.56445,-0.278122,2.71777,3.01769,4.00805,10,37363,28.6571,1.53389
1776813465300685910,1.51457,2.56445,-0.257079,4.09834,2.1058,3.73532,10,37371,28.6632,1.53458
1776813465305694537,1.51457,1.78711,-0.250943,3.32169,2.1058,3.73532,10,37384,28.6732,1.68758
1776813465310660184,1.53785,1.78711,-0.21769,3.47469,2.19973,3.42713,10,37396,28.6824,2.14682
1776813465315672700,1.53785,1.1875,-0.208485,3.33432,2.19973,3.42713,10,37409,28.6923,1.68724
1776813465320753307,1.54601,1.1875,-0.190358,2.87474,2.11344,3.13235,10,37421,28.7015,1.99512
1776813465325700158,1.54601,1.01758,-0.181153,3.0127,2.11344,3.13235,10,37434,28.7115,1.99314
1776813465330686137,1.56191,1.01758,-0.155276,3.01072,2.48009,3.12672,10,37444,28.7192,1.6883
1776813465335781967,1.56191,1.22656,-0.147606,2.91486,2.48009,3.12672,10,37458,28.7299,1.84059
1776813465340770113,1.56821,1.22656,-0.130574,3.06715,3.07246,3.28178,10,37470,28.7391,1.99393
1776813465345706167,1.56821,0.662109,-0.121371,2.65603,3.07246,3.28178,10,37487,28.7522,2.30149
1776813465350683499,1.58984,0.662109,-0.0759568,3.11561,3.80005,2.96005,10,37510,28.7698,2.4535
1776813465355702200,1.58984,-0.0488281,-0.0690541,2.40468,3.80005,2.96005,10,37525,28.7813,2.76146
1776813465360708105,1.59278,-0.0488281,-0.0546098,2.71263,3.84989,2.6944,10,37542,28.7944,2.91501
1776813465365688899,1.59278,-0.474609,-0.0415711,2.4404,3.84989,2.6944,10,37561,28.8089,3.0651
1776813465370706285,1.5897,-0.578125,-0.0162759,2.49211,2.88025,2.43425,10,37588,28.8296,3.07024
1776813465375682302,1.58696,-0.578125,-0.0121121,2.49211,2.88025,2.43425,10,37602,28.8404,3.06877
1776813465380698892,1.58696,-0.582031,-0.00137566,2.48674,2.30983,2.35751,10,37624,28.8572,3.22113
1776813465385690205,1.58423,-0.582031,0.0127654,2.6391,2.30983,2.35751,10,37640,28.8695,3.22087
1776813465390705147,1.58423,-0.548828,0.0250373,2.67204,2.01836,2.36094,10,37669,28.8918,3.37516
1776813465395688108,1.57842,-0.548828,0.0414768,2.82633,2.01836,2.36094,10,37687,28.9056,3.8353
1776813465400695401,1.57842,-0.693359,0.0552822,3.14194,2.1678,2.24561,10,37719,28.9301,3.83338
1776813465405683677,1.57227,-0.693359,0.0736728,3.14002,2.1678,2.24561,10,37742,28.9478,3.83568
1776813465410672083,1.57227,-0.949219,0.0913139,2.88646,2.47818,2.06476,10,37771,28.97,3.98906
1776813465415672877,1.56448,-0.949219,0.121872,3.34575,2.47818,2.06476,10,37805,28.9961,4.29497
1776813465420683967,1.56448,-1.26562,0.131843,3.02934,2.54869,1.83995,10,37834,29.0183,4.59745
1776813465425717927,1.54653,-1.26562,0.136142,3.33183,2.54869,1.83995,10,37855,29.0344,4.1441
1776813465430697406,1.54653,-1.2832,0.15225,2.8609,2.36694,1.72708,10,37882,29.0551,4.14366
1776813465435688663,1.5405,-1.2832,0.166921,2.86045,2.36694,1.72708,10,37903,29.0712,4.29411
1776813465440714735,1.5405,-1.33008,0.183029,2.96403,1.76528,1.66561,10,37938,29.0981,4.142
1776813465445713214,1.52831,-1.33008,0.197689,2.81192,1.76528,1.66561,10,37962,29.1165,4.14245
1776813465450696545,1.52831,-1.26367,0.216096,2.87877,1.42099,1.63308,10,37990,29.138,3.98667
1776813465455687951,1.51548,-1.26367,0.224741,2.723,1.42099,1.63308,10,38009,29.1525,3.98986
1776813465460672097,1.51548,-1.27344,0.239315,2.71642,1.42314,1.55306,10,38047,29.1817,4.29535
1776813465465674002,1.50272,-1.27344,0.255699,3.02191,1.42314,1.55306,10,38068,29.197,4.60205
1776813465470679166,1.50272,-1.33789,0.271804,3.26416,1.36661,1.44193,10,38104,29.2254,4.44832
1776813465475684219,1.48985,-1.33789,0.286546,3.11043,1.36661,1.44193,10,38125,29.2415,4.29535
1776813465480692976,1.48985,-1.43164,0.302652,2.86371,1.30897,1.31311,10,38160,29.2684,4.29325
1776813465485702214,1.46931,-1.43164,-0.308628,2.09728,1.30897,1.31311,10,38182,29.2852,3.52892
1776813465490686564,1.46931,-0.798828,-0.302494,2.73009,1.33235,1.55278,10,38178,29.2822,1.99472
1776813465495687377,1.45648,-0.798828,0.30993,1.19589,1.33235,1.55278,10,38169,29.2753,-1.68728
1776813465500687412,1.45648,4.47266,0.303028,2.78537,2.51861,4.48151,10,38163,29.2707,-1.53389
1776813465505697502,1.47117,4.47266,0.313121,2.93877,2.51861,4.48151,10,38162,29.2699,-0.306702
1776813465510679111,1.47117,3.96484,0.312355,3.65814,3.09005,4.27911,10,38171,29.2768,0.766908
1776813465515678627,1.49207,3.96484,-0.288168,4.73175,3.09005,4.27911,10,38179,29.2829,1.53396
1776813465520683421,1.49207,0.564453,-0.282032,2.09842,3.0111,2.4639,10,38197,29.2967,1.99394
1776813465525691956,1.52576,0.564453,-0.234534,2.5584,3.0111,2.4639,10,38208,29.3052,2.45487
1776813465530685435,1.52576,1.10938,-0.226097,3.56424,2.21928,2.97092,10,38228,29.3205,2.45438
1776813465535689562,1.52981,1.10938,-0.206705,3.56375,2.21928,2.97092,10,38238,29.3282,2.45389
1776813465540683634,1.52981,0.685547,-0.199036,3.13943,1.75804,2.7528,10,38258,29.3435,2.1481
1776813465545696965,1.54108,0.685547,-0.172428,2.83365,1.75804,2.7528,10,38270,29.3527,2.45389
1776813465550717425,1.54108,0.585938,-0.163225,3.03982,2.11205,2.76108,10,38286,29.365,1.99394
1776813465555683331,1.54426,0.585938,-0.139334,2.73361,2.11205,2.76108,10,38304,29.3788,2.14767
1776813465560739291,1.54426,0.611328,-0.133965,2.759,2.30394,2.79389,10,38322,29.3926,2.60825
1776813465565748344,1.55567,0.611328,-0.108746,3.21958,2.30394,2.79389,10,38336,29.4033,2.60773
1776813465570703176,1.55567,0.376953,-0.0980093,2.98468,3.1034,2.72584,10,38356,29.4187,2.91423
1776813465575690711,1.55819,0.376953,-0.0801508,3.29118,3.1034,2.72584,10,38370,29.4294,2.91501
1776813465580693949,1.55819,-0.330078,-0.0694143,2.58493,3.30512,2.33725,10,38394,29.4478,2.91385
1776813465585684965,1.55949,-0.330078,-0.0497076,2.58377,3.30512,2.33725,10,38410,29.4601,3.22216
1776813465590688574,1.55949,-0.544922,-0.0374357,2.67723,2.9336,2.22223,10,38436,29.48,3.22087
1776813465595680535,1.55735,-0.544922,-0.0196306,2.67595,2.9336,2.22223,10,38451,29.4915,3.22049
1776813465600687922,1.55735,-0.519531,-0.00812547,2.70095,2.19807,2.22445,10,38477,29.5115,3.06877
1776813465605680493,1.54895,-0.519531,0.00341778,2.54924,2.19807,2.22445,10,38491,29.5222,3.06778
1776813465610680787,1.54895,-0.501953,0.0141542,2.56583,1.9735,2.1863,10,38517,29.5422,3.06816
1776813465615676804,1.54628,-0.501953,0.0314215,2.56621,1.9735,2.1863,10,38533,29.5544,3.22113
1776813465620750319,1.54628,-0.642578,0.0436934,2.57855,1.74039,2.09076,10,38562,29.5767,3.52751
1776813465625738502,1.53845,-0.642578,0.0719183,3.04046,1.74039,2.09076,10,38591,29.5989,3.68304
1776813465630704815,1.53845,-0.884766,0.0803545,2.79827,1.90385,1.90765,10,38615,29.6173,3.68156
1776813465635688368,1.53065,-0.884766,0.0909632,2.7968,1.90385,1.90765,10,38633,29.6311,3.5268
1776813465640707921,1.53065,-0.955078,0.104769,2.57172,1.87654,1.82252,10,38659,29.6511,3.6823
1776813465645701308,1.52641,-0.955078,0.120466,2.72722,1.87654,1.82252,10,38677,29.6649,3.83492
1776813465650699010,1.52641,-1.05273,0.134273,2.78218,1.92582,1.74229,10,38710,29.6902,4.13665
1776813465655683267,1.51605,-1.05273,0.149221,3.08392,1.92582,1.74229,10,38727,29.7032,3.84029
1776813465660670487,1.51605,-1.04492,0.16226,2.79537,1.97382,1.6866,10,38759,29.7278,3.68156
1776813465665673744,1.50557,-1.04492,0.176325,2.63664,1.97382,1.6866,10,38779,29.7424,4.13786
1776813465670681390,1.50557,-1.00586,0.191664,3.132,1.9358,1.64781,10,38814,29.77,4.14576
1776813465675803681,1.49531,-1.00586,0.208246,3.1399,1.9358,1.64781,10,38836,29.7868,4.4487
1776813465680700533,1.49531,-1.03711,0.22512,3.41159,1.70392,1.57,10,38871,29.8137,4.29411
1776813465685701827,1.48528,-1.03711,0.241937,3.257,1.70392,1.57,10,38892,29.8298,4.29535
1776813465690693158,1.48528,-1.13477,0.258043,3.16058,1.39326,1.45547,10,38928,29.8574,4.44921
1776813465695689508,1.47459,-1.13477,0.291071,3.16058,1.39326,1.45547,10,38963,29.8842,4.29535
1776813465700687265,1.47459,-1.20898,0.301809,3.08636,1.33889,1.3502,10,38986,29.9019,4.44832
1776813465705696614,1.4629,-1.20898,0.307768,3.23933,1.33889,1.3502,10,39005,29.9165,4.29535
1776813465710676057,1.4629,-1.22266,-0.305979,3.07269,1.22165,1.27331,10,39032,29.9372,3.52751
1776813465715680425,1.44485,-1.22266,-0.303324,2.30485,1.22165,1.27331,10,39036,29.9402,1.68758
1776813465720689126,1.44485,-0.744141,-0.300255,0.943438,1.68367,1.43874,10,39015,29.9241,-2.60721
1776813465725701272,1.43945,-0.744141,0.306549,-3.35135,1.68367,1.43874,10,39011,29.9211,-1.22719
1776813465730692381,1.43945,4.63281,0.303482,3.40562,2.88765,4.47133,10,39011,29.9211,0
1776813465735715767,1.47815,4.63281,-0.286131,4.63281,2.88765,4.47133,10,39009,29.9195,-0.306702
1776813465740694209,1.47815,2.80273,-0.287664,2.49603,2.57631,3.65789,10,39023,29.9303,1.22694
1776813465745687392,1.49858,2.80273,-0.256498,4.02968,2.57631,3.65789,10,39026,29.9326,1.38054
1776813465750772351,1.49858,1.32031,-0.254196,2.70085,2.44534,2.93289,10,39041,29.9441,1.5342
1776813465755710202,1.52508,1.32031,-0.216186,2.85451,2.44534,2.93289,10,39052,29.9525,2.14767
1776813465760675830,1.52508,1.56445,-0.20775,3.71213,2.06212,3.22641,10,39065,29.9625,1.99354
1776813465765684439,1.54349,1.56445,-0.171703,3.25208,2.06212,3.22641,10,39083,29.9763,1.68762
1776813465770682418,1.54349,0.857422,-0.165567,2.54504,1.96892,2.92972,10,39095,29.9855,2.14772
1776813465775739322,1.55791,0.857422,-0.141949,3.00514,1.96892,2.92972,10,39103,29.9916,1.68762
1776813465780763208,1.55791,0.796875,-0.135813,2.4845,2.49278,2.97799,10,39117,30.0024,1.99076
1776813465785709189,1.56237,0.796875,-0.120607,2.78763,2.49278,2.97799,10,39127,30.01,1.99752
1776813465790685816,1.56237,0.511719,-0.112938,2.50924,3.01339,2.84102,10,39145,30.0238,2.30011
1776813465795681536,1.57535,0.511719,-0.0861568,2.81182,3.01339,2.84102,10,39158,30.033,2.30195
1776813465800696849,1.57535,0.371094,-0.0761852,2.67304,3.45633,2.83487,10,39181,30.0515,2.76053
1776813465805694902,1.57789,0.371094,-0.0560016,3.13162,3.45633,2.83487,10,39195,30.0622,3.06778
1776813465810689566,1.57789,-0.431641,-0.0452632,2.63614,3.27214,2.39177,10,39222,30.0829,3.06877
1776813465815678009,1.57706,-0.431641,-0.0253886,2.63713,3.27214,2.39177,10,39237,30.0944,3.37419
1776813465820683581,1.57706,-0.541016,-0.0138835,2.83317,2.69682,2.32469,10,39263,30.1143,3.06778
1776813465825683208,1.57433,-0.541016,0.00332839,2.52676,2.69682,2.32469,10,39280,30.1266,3.37554
1776813465830695853,1.57433,-0.660156,0.016367,2.71538,1.98354,2.24125,10,39311,30.1512,3.67568
1776813465835686555,1.57433,-0.660156,0.040144,3.01553,1.98354,2.24125,10,39329,30.165,3.99386
1776813465840693405,1.56577,-0.660156,0.0453854,3.3337,1.83784,2.19243,10,39356,30.1857,3.52821
1776813465845681421,1.56577,-0.783203,0.0660954,2.74501,1.83784,2.19243,10,39383,30.2064,3.83568
1776813465850702603,1.55515,-0.783203,0.0761853,3.05248,1.93025,2.06153,10,39410,30.2271,3.83338
1776813465855683083,1.55515,-0.826172,0.0968934,3.00721,1.93025,2.06153,10,39434,30.2455,3.83645
1776813465860701006,1.55065,-0.826172,0.110807,3.01028,2.0678,2.01126,10,39463,30.2677,4.142
1776813465865685708,1.55065,-1.07812,0.133051,3.06387,2.0678,2.01126,10,39488,30.2869,4.14079
1776813465870727298,1.5362,-1.07812,0.137772,3.06266,2.215,1.78442,10,39515,30.3076,3.98906
1776813465875712962,1.5362,-1.14062,0.15848,2.84844,2.215,1.78442,10,39539,30.326,3.98747
1776813465880712275,1.53071,-1.14062,0.171396,2.84684,2.11634,1.71707,10,39566,30.3467,3.83492
1776813465885687662,1.53071,-1.21875,0.192106,2.61617,2.11634,1.71707,10,39590,30.3652,3.98865
1776813465890692085,1.51295,-1.21875,0.192753,2.7699,1.99908,1.56947,10,39618,30.3866,3.98747
1776813465895691565,1.51295,-1.20703,0.214228,2.78044,1.99908,1.56947,10,39641,30.4043,3.83568
1776813465900683174,1.507,-1.20703,0.225926,2.62865,1.77238,1.54151,10,39669,30.4257,3.98827
1776813465905718078,1.507,-1.19336,0.2474,2.79491,1.77238,1.54151,10,39693,30.4441,3.98667
1776813465910670892,1.507,-1.19336,0.265808,2.79331,1.31338,1.54931,10,39724,30.4679,4.29707
1776813465915681259,1.48908,-1.19336,0.271662,3.10371,1.31338,1.54931,10,39745,30.484,4.29583
1776813465920678924,1.48908,-1.24023,0.287769,3.05559,1.24191,1.41769,10,39782,30.5124,4.60205
1776813465925689532,1.47664,-1.24023,0.303705,3.36182,1.24191,1.41769,10,39808,30.5324,4.44781
1776813465930738900,1.47664,-1.26562,-0.30467,3.18219,1.31769,1.33001,10,39839,30.5561,4.29497
1776813465935697787,1.46428,-1.26562,-0.293258,3.02934,1.31769,1.33001,10,39855,30.5684,3.98428
1776813465940691303,1.46428,-1.21484,-0.280986,2.76944,1.41484,1.28588,10,39841,30.5577,-0.460513
1776813465945705745,1.45183,-1.21484,-0.304166,-1.67536,1.41484,1.28588,10,39829,30.5485,-2.91443
1776813465950694595,1.45183,2.59961,-0.313371,-0.314819,2.53399,3.38625,10,39828,30.5477,-0.613785
1776813465955682852,1.45563,2.59961,-0.310339,1.98582,2.53399,3.38625,10,39828,30.5477,0.153351
1776813465960668350,1.45563,3.93359,-0.310339,4.08694,2.78417,4.16921,10,39835,30.5531,0.153351
1776813465965683977,1.49518,3.93359,-0.265421,4.08694,2.78417,4.16921,10,39846,30.5615,2.14767
1776813465970689382,1.49518,0.714844,-0.256984,2.86252,2.5963,2.56786,10,39857,30.5699,1.22743
1776813465975693195,1.52605,0.714844,-0.21767,1.94228,2.5963,2.56786,10,39872,30.5814,2.76108
1776813465980688007,1.52605,1.32812,-0.206165,4.0892,2.0293,3.09732,10,39887,30.5929,2.30057
1776813465985688987,1.52605,1.32812,-0.194662,3.62869,2.0293,3.09732,10,39900,30.6029,2.14767
1776813465990685170,1.53241,1.32812,-0.178339,3.4758,1.92313,3.13408,10,39918,30.6167,2.45438
1776813465995682482,1.53241,0.648438,-0.164533,3.10281,1.92313,3.13408,10,39933,30.6282,2.1481
1776813466000684110,1.54817,0.648438,-0.13726,2.79654,2.17428,2.83755,10,39945,30.6374,1.68724
1776813466005705107,1.54817,1.02148,-0.128055,2.70872,2.17428,2.83755,10,39960,30.6489,2.14682
1776813466010681291,1.55586,1.02148,-0.108871,3.1683,2.76593,3.09427,10,39977,30.662,2.60825
1776813466015672826,1.55586,0.523438,-0.0958306,3.13169,2.76593,3.09427,10,39993,30.6742,2.45438
1776813466020683675,1.56325,0.523438,-0.0761658,2.97781,3.28055,2.8527,10,40014,30.6904,3.06288
1776813466025681747,1.56325,-0.0175781,-0.0600602,3.0453,3.28055,2.8527,10,40031,30.7034,2.76606
1776813466030689949,1.5662,-0.0175781,-0.0440671,2.74848,3.54253,2.56119,10,40051,30.7187,2.76036
1776813466035683021,1.5662,-0.59375,-0.0287263,2.16661,3.54253,2.56119,10,40070,30.7333,3.06778
1776813466040687908,1.56299,-0.59375,-0.017368,2.47403,2.72104,2.21442,10,40093,30.7509,3.22216
1776813466045685369,1.56299,-0.71875,0.000273078,2.50341,2.72104,2.21442,10,40113,30.7663,3.37554
1776813466050692348,1.55632,-0.71875,0.00893816,2.65679,2.1953,2.10497,10,40135,30.7832,3.21791
1776813466055705679,1.55632,-0.710938,0.0258125,2.50697,2.1953,2.10497,10,40155,30.7985,3.22409
1776813466060678659,1.55632,-0.710938,0.0411533,2.51315,1.83013,2.10942,10,40177,30.8154,3.21791
1776813466065676823,1.54931,-0.710938,0.0510219,2.50697,1.83013,2.10942,10,40192,30.8269,3.22409
1776813466070688043,1.54931,-0.744141,0.062527,2.47995,1.61153,2.05031,10,40223,30.8507,3.52963
1776813466075683578,1.54216,-0.744141,0.0791496,2.78548,1.61153,2.05031,10,40240,30.8637,3.68009
1776813466080715039,1.54216,-0.853516,0.0921882,2.82658,1.81075,1.94681,10,40271,30.8875,3.83645
1776813466085696870,1.53024,-0.853516,0.104052,2.98293,1.81075,1.94681,10,40289,30.9013,3.68156
1776813466090754552,1.53024,-0.910156,0.117857,2.77141,2.06432,1.84575,10,40322,30.9266,3.83492
1776813466095745587,1.52583,-0.910156,0.13875,2.92476,2.06432,1.84575,10,40341,30.9412,4.14079
1776813466100697086,1.52583,-1.07031,0.153324,3.07048,2.07641,1.72889,10,40378,30.9695,4.29535
1776813466105711602,1.51071,-1.07031,0.16659,3.22504,2.07641,1.72889,10,40397,30.9841,4.29583
1776813466110672786,1.51071,-1.08008,0.181164,3.21575,1.96609,1.63552,10,40430,31.0094,3.98827
1776813466115683339,1.50546,-1.08008,0.201226,2.90819,1.96609,1.63552,10,40450,31.0248,3.98705
1776813466120684893,1.50546,-1.05859,0.216565,2.92846,1.8806,1.61715,10,40484,31.0508,4.14327
1776813466125694928,1.48946,-1.05859,0.226637,3.08468,1.8806,1.61715,10,40504,31.0662,4.28811
1776813466130686463,1.48946,-1.0625,0.241978,3.22561,1.42192,1.52124,10,40537,31.0915,3.99344
1776813466135693331,1.48946,-1.0625,0.267289,2.93094,1.42192,1.52124,10,40555,31.1053,3.83568
1776813466140687162,1.48444,-1.0625,0.276072,2.77318,1.40345,1.49173,10,40584,31.1268,3.98747
1776813466145686253,1.48444,-1.0625,0.276072,2.77318,1.40345,1.49173,10,40584,31.1268,3.98747
1776813466150732787,1.46221,-1.08789,-0.310811,3.20746,1.23754,1.47726,10,40650,31.1782,4.29535
1776813466155715322,1.46221,-1.06055,-0.301607,3.2348,1.23754,1.47726,10,40666,31.1904,3.98827
1776813466160669154,1.45163,-1.06055,-0.299917,2.92772,1.35229,1.29878,10,40675,31.1973,2.45339
1776813466165697096,1.45163,-0.115234,-0.293014,2.33816,1.35229,1.29878,10,40665,31.1897,-0.767136
1776813466170692039,1.44384,-0.115234,-0.308477,-0.88237,2.07422,1.79117,10,40654,31.1812,-1.99434
1776813466175683333,1.44384,4.86523,0.311404,2.87089,2.07422,1.79117,10,40652,31.1797,-0.767136
1776813466180775866,1.46825,4.86523,-0.294036,4.0981,2.78726,4.77507,10,40652,31.1797,0
1776813466185735994,1.46825,2.46094,-0.294036,2.46094,2.78726,4.77507,10,40656,31.1828,0.153351
1776813466190711845,1.50751,2.46094,-0.251712,2.61429,2.44662,3.6352,10,40664,31.1889,1.53458
1776813466195700158,1.50751,0.839844,-0.245576,2.37442,2.44662,3.6352,10,40673,31.1958,1.07324
1776813466200712063,1.52543,0.839844,-0.220746,1.91308,2.38905,2.8154,10,40688,31.2073,1.84134
1776813466205691617,1.52543,1.41992,-0.209241,3.26126,2.38905,2.8154,10,40697,31.2142,1.83986
1776813466210790316,1.53802,1.41992,-0.182853,2.95481,2.17781,3.14605,10,40712,31.2257,1.53489
1776813466215698538,1.53802,1.41992,-0.182853,2.95481,2.17781,3.14605,10,40712,31.2257,1.53489
1776813466220692758,1.53802,1.10156,-0.178251,2.63645,2.04115,3.03733,10,40734,31.2426,1.99472
1776813466225692275,1.54852,1.10156,-0.150873,3.09629,2.04115,3.03733,10,40740,31.2472,1.53358
1776813466230754309,1.54852,1.2793,-0.14627,2.81288,2.7132,3.19914,10,40756,31.2595,1.68758
1776813466235706585,1.56446,1.2793,-0.118064,2.96688,2.7132,3.19914,10,40766,31.2671,2.14682
1776813466240715435,1.57005,1.08398,-0.0917639,3.38593,3.53694,3.17911,10,40791,31.2863,2.30195
1776813466245682341,1.57005,0.464844,-0.085628,2.76679,3.53694,3.17911,10,40806,31.2978,2.60304
1776813466250692598,1.57804,0.464844,-0.0661329,3.06789,3.9724,2.9036,10,40823,31.3108,2.76495
1776813466255678837,1.57804,-0.273438,-0.0530943,2.49151,3.9724,2.9036,10,40842,31.3254,3.06877
1776813466260657428,1.57879,-0.273438,-0.0377745,2.79534,3.17979,2.48703,10,40866,31.3438,3.37554
1776813466265678370,1.57879,-0.560547,-0.0193667,2.81499,3.17979,2.48703,10,40886,31.3592,3.37448
1776813466270683793,1.57421,-0.560547,-0.0086054,2.81393,2.58516,2.29734,10,40911,31.3783,3.5268
1776813466275692273,1.57421,-0.552734,0.0105692,2.97407,2.58516,2.29734,10,40931,31.3937,3.37621
1776813466280706270,1.57421,-0.552734,0.02591,2.82348,2.20296,2.30179,10,40956,31.4129,3.52821
1776813466285694287,1.56876,-0.552734,0.039641,2.97548,2.20296,2.30179,10,40974,31.4267,3.68156
1776813466290666119,1.56876,-0.667969,0.0534464,3.0136,2.17681,2.20508,10,41006,31.4512,3.83338
1776813466295659746,1.55977,-0.667969,0.068997,3.16541,2.17681,2.20508,10,41024,31.465,3.83645
1776813466300638448,1.55977,-0.767578,0.0828024,3.06887,2.33465,2.09692,10,41055,31.4888,3.68083
1776813466305636094,1.55635,-0.767578,0.103165,2.91325,2.33465,2.09692,10,41073,31.5026,3.83338
1776813466310621333,1.55635,-1.08203,0.116971,2.75135,2.40255,1.89812,10,41105,31.5271,3.83645
1776813466315631516,1.54206,-1.08203,0.127221,2.75442,2.40255,1.89812,10,41124,31.5417,3.98906
1776813466320634385,1.54206,-1.12109,0.141797,2.86797,2.33849,1.79375,10,41156,31.5663,3.98747
1776813466325640197,1.53655,-1.12109,0.160832,2.86637,2.33849,1.79375,10,41174,31.5801,3.68156
1776813466330654639,1.53655,-1.23047,0.174637,2.4511,1.90325,1.69964,10,41206,31.6046,3.8353
1776813466335700525,1.5187,-1.23047,0.181325,2.60483,1.90325,1.69964,10,41225,31.6192,3.98906
1776813466340697894,1.5187,-1.23828,0.195897,2.75078,1.62193,1.59179,10,41260,31.646,4.13748
1776813466345688429,1.51273,-1.23828,0.216771,2.8992,1.62193,1.59179,10,41285,31.6652,4.14493
1776813466350675464,1.51273,-1.26953,0.235947,2.8754,1.40465,1.53926,10,41314,31.6874,4.142
1776813466355699480,1.51273,-1.26953,0.258189,2.87247,1.40465,1.53926,10,41335,31.7035,4.29497
1776813466360662997,1.49425,-1.26953,0.25582,3.02544,1.5127,1.43133,10,41367,31.7281,4.60205
1776813466365674254,1.49425,-1.35742,0.280364,3.24463,1.5127,1.43133,10,41404,31.7565,5.0621
1776813466370681807,1.47439,-1.35742,0.288878,3.70468,1.49609,1.26441,10,41438,31.7825,4.75635
1776813466375678842,1.47439,-1.36523,-0.313363,3.39112,1.49609,1.26441,10,41466,31.804,4.7497
1776813466380886336,1.46787,-1.36523,-0.298408,3.38447,1.40546,1.22143,10,41495,31.8263,4.45277
1776813466385716134,1.46787,-1.29688,-0.276164,3.1559,1.40546,1.22143,10,41502,31.8316,2.45438
1776813466390692706,1.44775,-1.29688,-0.290912,1.1575,1.55709,1.14098,10,41487,31.8201,-1.07362
1776813466395698278,1.44775,-0.427734,-0.302415,-1.50136,1.55709,1.14098,10,41479,31.814,-2.14815
1776813466400678739,1.44335,-0.427734,-0.312955,-2.57589,2.65942,1.61013,10,41479,31.814,-0.153351
1776813466405689922,1.44335,3.99414,-0.312955,3.84079,2.65942,1.61013,10,41478,31.8132,-0.153702
1776813466410670754,1.48856,3.99414,-0.268512,3.84044,2.47277,4.39824,10,41483,31.8171,0.459882
1776813466415676640,1.48856,2.59766,-0.264676,3.05754,2.47277,4.39824,10,41497,31.8278,1.99634
1776813466420693212,1.50193,2.59766,-0.240569,4.59399,1.60687,3.68057,10,41509,31.837,1.53427
1776813466425678618,1.50193,1.42188,-0.231364,2.95615,1.60687,3.68057,10,41523,31.8477,2.14686
1776813466430683134,1.50193,1.42188,-0.220626,3.56874,2.0461,3.01037,10,41536,31.8577,1.99432
1776813466435683465,1.52813,1.42188,-0.184455,3.4162,2.0461,3.01037,10,41546,31.8654,1.99472
1776813466440753166,1.52813,1.08984,-0.176784,3.08457,2.18956,2.97353,10,41563,31.8784,2.14729
1776813466445703442,1.54517,1.08984,-0.146707,3.23714,2.18956,2.97353,10,41571,31.8846,1.84134
1776813466450700218,1.54517,0.808594,-0.140571,2.64993,2.42077,2.91156,10,41583,31.8938,1.37999
1776813466455693512,1.55425,0.808594,-0.122285,2.18858,2.42077,2.91156,10,41591,31.8999,1.68724
1776813466460676918,1.55425,1.19922,-0.116149,2.88646,2.82505,3.1864,10,41605,31.9106,1.99393
1776813466465675416,1.55926,1.19922,-0.100406,3.19314,2.82505,3.1864,10,41618,31.9206,1.99512
1776813466470705561,1.55926,0.765625,-0.0904342,2.76075,3.62426,2.96792,10,41641,31.9382,2.76108
1776813466475687171,1.5755,0.765625,-0.0565501,3.5267,3.62426,2.96792,10,41655,31.949,2.91443
1776813466480698743,1.5755,0.318359,-0.0458137,3.23279,4.0813,2.80568,10,41679,31.9674,2.76163
1776813466485707777,1.57825,0.318359,-0.0246535,3.07999,4.0813,2.80568,10,41694,31.9789,3.06816
1776813466490701072,1.57825,-0.558594,-0.0131484,2.50957,2.99564,2.32147,10,41720,31.9988,3.06655
1776813466495680607,1.57701,-0.558594,0.00554741,2.50796,2.99564,2.32147,10,41736,32.0103,3.22242
1776813466500685697,1.57701,-0.714844,0.0178212,2.50758,2.39027,2.22532,10,41763,32.0318,3.37524
1776813466505686158,1.57701,-0.714844,0.0385274,2.6604,2.39027,2.22532,10,41779,32.0441,3.37448
1776813466510659360,1.57638,-0.714844,0.0501679,2.65964,1.90465,2.22174,10,41803,32.0625,3.52648
1776813466515672932,1.57638,-0.644531,0.0685777,2.88195,1.90465,2.22174,10,41833,32.0855,3.37651
1776813466520676597,1.56951,-0.644531,0.0847215,2.73198,1.79875,2.22271,10,41855,32.1024,3.68118
1776813466525682983,1.56951,-0.820312,0.101594,2.86087,1.79875,2.22271,10,41885,32.1254,3.98865
1776813466530677426,1.5587,-0.820312,0.113797,3.16834,2.14016,2.06076,10,41910,32.1446,4.29535
1776813466535707868,1.5587,-0.972656,0.13297,3.32269,2.14016,2.06076,10,41936,32.1645,4.29535
1776813466540690514,1.54956,-0.972656,0.143765,3.32269,2.3588,1.92146,10,41966,32.1875,4.14124
1776813466545686327,1.54956,-1.1582,0.166776,2.98303,2.3588,1.92146,10,41991,32.2067,4.29535
1776813466550681214,1.53906,-1.1582,0.175448,3.13715,2.38816,1.75527,10,42021,32.2297,4.29535
1776813466555689563,1.53906,-1.2832,0.198459,3.01215,2.38816,1.75527,10,42047,32.2496,4.29373
1776813466560669228,1.52685,-1.2832,0.206199,3.01052,2.00929,1.61348,10,42070,32.2673,4.14283
1776813466565672004,1.52685,-1.29688,0.223838,2.84595,2.00929,1.61348,10,42101,32.2911,4.14117
1776813466570675483,1.51383,-1.29688,0.234595,2.8443,1.47957,1.5301,10,42131,32.3141,4.14206
1776813466575695388,1.51383,-1.26562,0.257605,2.87644,1.47957,1.5301,10,42157,32.3332,4.29363
1776813466580681405,1.50127,-1.26562,0.28262,3.03144,1.43138,1.54792,10,42193,32.3616,4.29707
1776813466585679533,1.50127,-1.26562,0.28262,3.03144,1.43138,1.54792,10,42193,32.3616,4.29707
1776813466590682456,1.50127,-1.3418,0.292592,2.95527,1.42575,1.43119,10,42241,32.3984,4.29544
1776813466595692491,1.48341,-1.3418,0.311557,2.95365,1.42575,1.43119,10,42263,32.4153,4.44781
1776813466600683452,1.48341,-1.37891,-0.299889,3.0689,1.33893,1.30535,10,42297,32.4414,4.44959
1776813466605741893,1.46809,-1.37891,-0.28914,3.07068,1.33893,1.30535,10,42308,32.4498,2.91443
1776813466610763206,1.46809,-1.33789,-0.280701,1.57654,1.36471,1.23831,10,42295,32.4399,-0.766754
1776813466615716853,1.46141,-1.33789,-0.297345,-2.10464,1.36471,1.23831,10,42288,32.4345,-1.99432
1776813466620699536,1.46141,4.41211,-0.302712,2.41779,2.64246,4.47629,10,42288,32.4345,-0.15332
1776813466625684645,1.47537,4.41211,-0.28876,4.25879,2.64246,4.47629,10,42288,32.4345,0
1776813466630686643,1.47537,4.32227,-0.28876,4.32227,2.67281,4.50761,10,42296,32.4406,0.613281
1776813466635681123,1.49607,4.32227,-0.261924,4.93555,2.67281,4.50761,10,42307,32.4491,1.99432
1776813466640693565,1.49607,0.660156,-0.253486,2.65448,2.34241,2.5419,10,42321,32.4598,1.68762
1776813466645683526,1.531,0.660156,-0.207822,2.34778,2.34241,2.5419,10,42332,32.4682,2.14434
1776813466650744189,1.531,1.10742,-0.199384,3.25176,2.0729,3.00012,10,42350,32.482,2.30425
1776813466655691559,1.531,1.10742,-0.185578,3.41167,2.0729,3.00012,10,42359,32.4889,1.99472
1776813466660677094,1.53525,1.10742,-0.174422,3.10214,1.96486,3.02471,10,42375,32.5012,2.14767
1776813466665683833,1.53525,1.10742,-0.174422,3.10214,1.96486,3.02471,10,42375,32.5012,2.14767
1776813466670687053,1.55185,0.691406,-0.124844,2.53275,2.16393,2.78758,10,42409,32.5273,1.84134
1776813466675768567,1.55185,1.01367,-0.119477,2.85501,2.16393,2.78758,10,42424,32.5388,2.45389
1776813466680714196,1.56003,1.01367,-0.0997895,3.46756,2.67703,3.11372,10,42439,32.5503,2.60773
1776813466685689694,1.56003,0.453125,-0.0882844,3.06085,2.67703,3.11372,10,42456,32.5633,2.76053
1776813466690711747,1.56703,0.453125,-0.0682496,3.21365,3.25382,2.8342,10,42478,32.5802,3.06901
1776813466695745060,1.56703,-0.107422,-0.0513733,2.96159,3.25382,2.8342,10,42497,32.5948,3.22049
1776813466700714354,1.56905,-0.107422,-0.0347794,3.11306,3.48733,2.52622,10,42517,32.6101,3.37524
1776813466705690242,1.56905,-0.685547,-0.0194405,2.6897,3.48733,2.52622,10,42543,32.6301,3.52642
1776813466710698110,1.56435,-0.685547,-0.00419317,2.84087,2.7113,2.16987,10,42568,32.6492,3.37727
1776813466715694571,1.56435,-0.728516,0.0149795,2.64876,2.7113,2.16987,10,42588,32.6646,3.52713
1776813466720695865,1.55713,-0.728516,0.0230915,2.79861,2.24191,2.10404,10,42606,32.6784,3.22177
1776813466725682178,1.55713,-0.705078,0.0369007,2.5167,2.24191,2.10404,10,42631,32.6976,3.37457
1776813466730688398,1.55713,-0.705078,0.0560733,2.66949,1.78349,2.1174,10,42656,32.7167,3.52783
1776813466735680859,1.55015,-0.705078,0.0682708,2.82275,1.78349,2.1174,10,42674,32.7305,3.68195
1776813466740683246,1.55015,-0.771484,0.0820762,2.91046,1.7671,2.03952,10,42705,32.7543,3.83147
1776813466745681633,1.54302,-0.771484,0.0987293,3.05998,1.7671,2.03952,10,42722,32.7674,3.53213
1776813466750689112,1.54302,-1.04883,0.111768,2.4833,1.8499,1.84046,10,42754,32.7919,3.83453
1776813466755684888,1.5295,-1.04883,0.122785,2.78571,1.8499,1.84046,10,42773,32.8065,3.98705
1776813466760663812,1.5295,-1.14062,0.137357,2.84643,1.90459,1.71006,10,42802,32.8287,3.98788
1776813466765675106,1.52578,-1.14062,0.155889,2.84726,1.90459,1.71006,10,42826,32.8471,4.14283
1776813466770677919,1.52578,-1.21875,0.174295,2.92408,1.89744,1.64402,10,42859,32.8724,3.98945
1776813466775686713,1.50558,-1.21875,0.179406,2.7707,1.89744,1.64402,10,42878,32.887,3.98629
1776813466780679285,1.50558,-1.2207,0.193978,2.76559,1.6491,1.52545,10,42913,32.9139,4.13951
1776813466785688727,1.50175,-1.2207,0.216989,2.91881,1.6491,1.52545,10,42934,32.93,4.29965
1776813466790679169,1.50175,-1.12109,0.233094,3.17856,1.65939,1.5598,10,42970,32.9576,4.29373
1776813466795680556,1.48215,-1.12109,0.241107,3.17263,1.65939,1.5598,10,42990,32.9729,4.29621
1776813466800677388,1.48215,-1.11133,0.279456,3.33293,1.39814,1.45042,10,43033,33.0059,4.44426
1776813466805684348,1.47887,-1.11133,0.286153,3.33293,1.39814,1.45042,10,43053,33.0212,4.29965
1776813466810656532,1.47887,-1.16602,0.301492,3.13363,1.63108,1.39996,10,43084,33.045,4.44705
1776813466815674437,1.46191,-1.16602,0.308301,3.28103,1.63108,1.39996,10,43103,33.0596,4.29449
1776813466820678750,1.45611,-1.18555,-0.288996,2.95728,1.65795,1.28854,10,43144,33.091,4.14283
1776813466825687062,1.45611,-1.21484,-0.279791,2.92798,1.65795,1.28854,10,43157,33.101,3.83377
1776813466830687708,1.44184,-1.21484,-0.284087,2.61892,1.53885,1.15249,10,43154,33.0987,0.921236
1776813466835678780,1.44184,0.03125,-0.286387,0.952486,1.53885,1.15249,10,43139,33.0872,-2.29873
1776813466840677963,1.43443,0.03125,-0.30531,-2.26748,2.58987,1.81842,10,43135,33.0841,-1.22831
1776813466845698591,1.43443,5.37891,-0.308381,4.1506,2.58987,1.81842,10,43133,33.0826,-0.306702
1776813466850703644,1.47097,5.37891,-0.273369,5.0722,2.83018,5.08394,10,43132,33.0818,-0.153382
1776813466855698494,1.47097,3.53516,-0.274136,3.38177,2.83018,5.08394,10,43144,33.091,1.07422
1776813466860659030,1.48405,3.53516,-0.251856,4.60938,2.101,4.11009,10,43153,33.0979,1.6872
1776813466865679564,1.48405,1.02734,-0.244956,2.71454,2.101,4.11009,10,43166,33.1079,1.53396
1776813466870685821,1.48405,1.02734,-0.234984,2.56131,2.07271,2.68063,10,43176,33.1156,1.68762
1776813466875687189,1.52229,1.02734,-0.189066,2.71497,2.07271,2.68063,10,43185,33.1225,1.84058
1776813466880692854,1.52229,1.16602,-0.182166,3.00659,2.24288,2.98311,10,43202,33.1355,2.14767
1776813466885687482,1.53657,1.16602,-0.154849,3.31369,2.24288,2.98311,10,43211,33.1424,1.99432
1776813466890691146,1.53657,0.951172,-0.147944,2.9455,1.7851,2.94327,10,43222,33.1509,1.53396
1776813466895681829,1.5531,0.951172,-0.122973,2.48514,1.7851,2.94327,10,43230,33.157,1.22705
1776813466900682994,1.55598,1.07617,-0.103995,2.91641,2.45181,3.10966,10,43248,33.1708,1.84024
1776813466905680381,1.55598,1.14648,-0.100161,2.98672,2.45181,3.10966,10,43260,33.18,1.84171
1776813466910660564,1.57059,1.14648,-0.076346,2.98819,3.24806,3.24972,10,43275,33.1915,2.30057
1776813466915690506,1.57059,1,-0.0648409,3.30057,3.24806,3.24972,10,43290,33.203,2.76163
1776813466920686504,1.57367,1,-0.0502516,3.76163,3.90314,3.18379,10,43306,33.2153,2.75832
1776813466925678724,1.57367,-0.0566406,-0.0379797,2.70168,3.90314,3.18379,10,43329,33.2329,2.91676
1776813466930694944,1.58282,-0.0566406,-0.0111929,2.86012,3.28869,2.63351,10,43347,33.2467,3.22113
1776813466935689887,1.58282,-0.337891,0.00261251,2.88324,3.28869,2.63351,10,43366,33.2613,3.06717
1776813466940686459,1.58228,-0.337891,0.0342936,3.03735,2.73286,2.4732,10,43400,33.2874,3.37524
1776813466945678160,1.58228,-0.337891,0.0342936,3.03735,2.73286,2.4732,10,43400,33.2874,3.37524
1776813466950733102,1.58228,-0.607422,0.0427317,2.76782,2.15278,2.31653,10,43440,33.3181,3.52789
1776813466955689063,1.57174,-0.607422,0.0628657,2.92047,2.15278,2.31653,10,43458,33.3319,3.83453
1776813466960675080,1.57174,-0.59375,0.076671,3.24078,2.04489,2.26436,10,43489,33.3556,3.68268
1776813466965697522,1.56884,-0.59375,0.0975489,3.08893,2.04489,2.26436,10,43507,33.3694,3.83377
1776813466970687854,1.56884,-0.794922,0.111354,3.03885,2.25243,2.13317,10,43541,33.3955,3.98945
1776813466975693111,1.56057,-0.794922,0.129157,3.19452,2.25243,2.13317,10,43561,33.4109,4.14206
1776813466980687553,1.56057,-1.12891,0.1445,3.01316,2.36589,1.89553,10,43596,33.4377,4.29363
1776813466985682551,1.54588,-1.12891,0.156658,3.16473,2.36589,1.89553,10,43616,33.4531,4.14283
1776813466990682605,1.54588,-1.21094,0.171997,2.93189,2.22061,1.76451,10,43649,33.4784,3.98709
1776813466995682751,1.54286,-1.21094,0.194288,2.77615,2.22061,1.76451,10,43669,33.4937,4.14366
1776813467000681934,1.54286,-1.32031,0.209627,2.82334,2.08393,1.68479,10,43704,33.5205,4.29449
1776813467005690135,1.52048,-1.32031,0.214092,2.97418,2.08393,1.68479,10,43723,33.5351,4.142
1776813467010668449,1.52048,-1.31641,0.228664,2.82559,2.01155,1.5576,10,43758,33.562,4.14124
1776813467015672836,1.52048,-1.31641,0.255508,2.82483,2.01155,1.5576,10,43778,33.5773,4.29449
1776813467020679815,1.51731,-1.31641,0.267682,2.97808,1.72327,1.53922,10,43809,33.6011,4.29707
1776813467025678239,1.51731,-1.31641,0.267682,2.97808,1.72327,1.53922,10,43809,33.6011,4.29707
1776813467030679719,1.48763,-1.33008,0.307031,3.27121,1.28669,1.53142,10,43882,33.6571,4.60129
1776813467035700587,1.48763,-1.41406,-0.310549,3.18723,1.28669,1.53142,10,43909,33.6778,4.60297
1776813467040838805,1.47675,-1.41406,-0.300722,3.18891,1.31578,1.24607,10,43936,33.6985,4.75255
1776813467045714194,1.47675,-1.46484,-0.280012,3.28771,1.31578,1.24607,10,43954,33.7123,3.83606
1776813467050697211,1.46284,-1.46484,-0.280115,2.37122,1.81461,1.1349,10,43949,33.7085,0.613649
1776813467055767837,1.46284,-1.33203,-0.283949,-0.718382,1.81461,1.1349,10,43933,33.6962,-2.60773
1776813467060718133,1.45568,-1.33203,-0.303381,-3.93976,2.50279,1.16811,10,43933,33.6962,-0.45996
1776813467065689557,1.45568,2.95898,-0.303381,2.49902,2.50279,1.16811,10,43933,33.6962,0
1776813467070697889,1.498,2.95898,-0.261065,2.95898,2.8137,3.86354,10,43940,33.7016,0.306824
1776813467075684554,1.498,2.28906,-0.255698,2.59589,2.8137,3.86354,10,43952,33.7108,1.99432
1776813467080688440,1.51777,2.28906,-0.226721,4.28339,1.48471,3.597,10,43961,33.7177,1.68652
1776813467085696698,1.51777,0.955078,-0.21982,2.6416,1.48471,3.597,10,43977,33.7299,2.14767
1776813467090705455,1.52995,0.955078,-0.186934,2.9494,1.92351,2.83663,10,43994,33.743,1.99432
1776813467095687620,1.52995,0.955078,-0.186934,2.9494,1.92351,2.83663,10,43994,33.743,1.99432
1776813467100709673,1.52995,0.998047,-0.182329,2.99237,2.15233,2.93172,10,44018,33.7614,2.14725
1776813467105690042,1.54353,0.998047,-0.150336,3.14529,2.15233,2.93172,10,44027,33.7683,1.99356
1776813467110666430,1.54353,1.12891,-0.143431,3.12247,1.82334,3.08472,10,44039,33.7775,1.68762
1776813467115671002,1.5614,1.12891,-0.116366,2.81653,1.82334,3.08472,10,44049,33.7852,1.68728
1776813467120769091,1.567,1.17188,-0.0931266,3.1666,2.27869,3.21174,10,44069,33.8005,1.99472
1776813467125698220,1.567,0.974609,-0.0877593,2.96933,2.27869,3.21174,10,44083,33.8112,2.14734
1776813467130681200,1.57838,0.974609,-0.0656341,3.12195,3.24848,3.19612,10,44099,33.8235,2.60797
1776813467135680550,1.57838,0.974609,-0.0533622,3.58258,3.24848,3.19612,10,44115,33.8358,2.76108
1776813467140700807,1.58204,0.974609,-0.0374396,3.73569,4.03862,3.21688,10,44131,33.8481,2.76163
1776813467145685157,1.58204,-0.248047,-0.0251677,2.51358,4.03862,3.21688,10,44154,33.8657,3.06349
1776813467150681729,1.58388,-0.248047,-0.00568227,2.81544,3.64478,2.53042,10,44172,33.8795,3.22565
1776813467155675561,1.58388,-0.771484,0.00812691,2.45416,3.64478,2.53042,10,44198,33.8994,3.52789
1776813467160660152,1.57788,-0.771484,0.0374047,2.75353,2.69516,2.23206,10,44229,33.9232,3.52501
1776813467165678890,1.57788,-0.771484,0.0374047,2.75353,2.69516,2.23206,10,44229,33.9232,3.52501
1776813467170673999,1.56721,-0.810547,0.0604836,2.56528,1.98359,2.17572,10,44273,33.957,3.37583
1776813467175684775,1.56721,-0.785156,0.0689217,2.59068,1.98359,2.17572,10,44289,33.9692,3.52713
1776813467180677977,1.56145,-0.785156,0.0754296,2.74197,1.5483,2.09649,10,44310,33.9853,3.68195
1776813467185682012,1.56145,-0.841797,0.0915353,2.84015,1.5483,2.09649,10,44340,34.0084,3.98709
1776813467190680492,1.5532,-0.841797,0.106298,3.14529,1.80678,2.01696,10,44363,34.026,4.14117
1776813467195689916,1.5532,-0.964844,0.123937,3.17633,1.80678,2.01696,10,44393,34.049,3.99104
1776813467200732468,1.54641,-0.964844,0.140161,3.0262,1.99042,1.90784,10,44417,34.0674,4.14124
1776813467205690875,1.54641,-1.16211,0.158571,2.97913,1.99042,1.90784,10,44450,34.0927,4.44781
1776813467210673947,1.53592,-1.16211,0.173383,3.2857,2.04233,1.73492,10,44476,34.1127,4.60205
1776813467215696538,1.53592,-1.3125,0.193323,3.28955,2.04233,1.73492,10,44509,34.138,4.60297
1776813467220691128,1.5234,-1.3125,0.206121,3.29047,1.90755,1.57679,10,44533,34.1564,4.29192
1776813467225686219,1.5234,-1.37109,0.224531,2.92082,1.90755,1.57679,10,44565,34.1809,4.2963
1776813467230681421,1.51013,-1.37109,0.254972,2.92426,1.65154,1.5434,10,44603,34.2101,4.29535
1776813467235699715,1.51013,-1.37695,0.264944,2.9184,1.65154,1.5434,10,44628,34.2292,4.60389
1776813467240680825,1.48891,-1.37695,0.262907,3.22694,1.55349,1.33878,10,44653,34.2484,4.14117
1776813467245680527,1.48891,-1.37891,0.282079,2.76226,1.55349,1.33878,10,44679,34.2684,4.29373
1776813467250680488,1.48268,-1.37891,0.295789,2.91482,1.40382,1.30103,10,44704,34.2875,4.45048
1776813467255691874,1.48268,-1.44336,-0.313353,3.00712,1.40382,1.30103,10,44738,34.3136,4.60205
1776813467260662892,1.46839,-1.44336,-0.301565,3.15869,1.33277,1.18,10,44758,34.329,4.14117
1776813467265683223,1.46839,-0.990234,-0.286226,3.15094,1.33277,1.18,10,44768,34.3366,1.53351
1776813467270680276,1.44793,-0.990234,-0.299021,0.543274,1.51753,1.3168,10,44755,34.3267,-1.07324
1776813467275683997,1.44949,1.58594,-0.312803,0.0513593,1.51753,1.3168,10,44748,34.3213,-1.53458
1776813467280672421,1.44949,4.25586,-0.312803,2.72128,2.61333,4.31635,10,44748,34.3213,0
1776813467285694919,1.48874,4.25586,-0.27355,4.25586,2.61333,4.31635,10,44750,34.3228,0
1776813467290692158,1.48874,2.44141,-0.272017,2.44141,2.39644,3.51423,10,44762,34.332,1.38037
1776813467295681582,1.48874,2.44141,-0.262808,3.82177,2.39644,3.51423,10,44772,34.3397,2.14853
1776813467300677598,1.50493,2.44141,-0.238951,4.58994,2.59179,3.609,10,44785,34.3497,1.68618
1776813467305687633,1.50493,1.08789,-0.228979,2.77408,2.59179,3.609,10,44801,34.3619,2.1481
1776813467310657947,1.53081,1.08789,-0.190821,3.23599,2.13324,2.98793,10,44814,34.3719,2.30149
1776813467315674000,1.53469,0.396484,-0.166239,2.69705,2.13324,2.98793,10,44835,34.388,2.30057
1776813467320687517,1.53469,0.632812,-0.160868,2.93338,2.15021,2.75095,10,44848,34.398,2.30057
1776813467325682330,1.54119,0.632812,-0.144404,2.93338,2.15021,2.75095,10,44857,34.4049,1.84134
1776813467330689457,1.54119,0.652344,-0.137499,2.49368,2.64754,2.79956,10,44871,34.4156,1.84021
1776813467335677604,1.54419,0.652344,-0.123758,2.49255,2.64754,2.79956,10,44883,34.4248,2.45438
1776813467340688898,1.54419,0.410156,-0.114553,2.86453,2.98157,2.67881,10,44904,34.4409,2.45487
1776813467345681915,1.55582,0.410156,-0.086813,2.86502,2.98157,2.67881,10,44917,34.4509,2.76129
1776813467350702968,1.55582,0.197266,-0.0768414,2.95855,3.29196,2.62429,10,44943,34.4708,3.06778
1776813467355682818,1.55746,0.197266,-0.0552655,3.26505,3.29196,2.62429,10,44959,34.4831,3.22113
1776813467360664446,1.55746,-0.677734,-0.0429936,2.5434,3.15349,2.13491,10,44988,34.5054,3.5293
1776813467365681259,1.55746,-0.677734,-0.0207501,2.85157,3.15349,2.13491,10,45004,34.5176,3.52783
1776813467370698849,1.55358,-0.677734,-0.0123616,2.8501,2.31063,2.11265,10,45027,34.5353,3.21856
1776813467375682478,1.55358,-0.650391,0.0052814,2.56817,2.31063,2.11265,10,45055,34.5568,3.22383
1776813467380685235,1.5466,-0.650391,0.0197773,2.57344,1.94281,2.08816,10,45074,34.5713,3.22113
1776813467385686492,1.5466,-0.574219,0.0343494,2.64691,1.94281,2.08816,10,45095,34.5874,3.52713
1776813467390683824,1.54053,-0.574219,0.0443897,2.95291,1.70656,2.09663,10,45115,34.6028,3.5293
1776813467395677674,1.54053,-0.626953,0.0597286,2.90235,1.70656,2.09663,10,45141,34.6227,3.52431
1776813467400715116,1.53485,-0.626953,0.0739879,2.89735,1.75553,2.03379,10,45161,34.6381,3.3793
1776813467405688911,1.53485,-0.771484,0.0893268,2.60781,1.75553,2.03379,10,45187,34.658,3.52642
1776813467410677501,1.52793,-0.771484,0.10235,2.75494,2.08906,1.9114,10,45208,34.6741,3.68266
1776813467415708499,1.52793,-0.921875,0.11846,2.76078,2.08906,1.9114,10,45237,34.6963,3.8353
1776813467420728478,1.51911,-0.921875,0.131884,2.91342,2.17187,1.77453,10,45258,34.7125,3.8353
1776813467425689496,1.51911,-1.08398,0.147989,2.75131,2.17187,1.77453,10,45285,34.7332,3.83147
1776813467430686846,1.50915,-1.08398,0.158731,2.74748,2.10126,1.62416,10,45306,34.7493,3.68047
1776813467435688510,1.50915,-1.07422,0.174841,2.60625,2.10126,1.62416,10,45335,34.7715,3.83914
1776813467440688323,1.50915,-1.07422,0.197084,2.76492,2.02423,1.62972,10,45358,34.7892,3.98865
1776813467445686192,1.50883,-1.07422,0.214407,2.91443,2.02423,1.62972,10,45382,34.8076,3.98709
1776813467450682208,1.50883,-1.07422,0.214407,2.91443,2.02423,1.62972,10,45382,34.8076,3.98709
1776813467455732595,1.49279,-0.96875,0.257421,3.01834,1.46214,1.68799,10,45448,34.8582,3.98709
1776813467460673335,1.49279,-0.966797,0.267393,3.02029,1.67407,1.59529,10,45475,34.8789,4.29535
1776813467465679610,1.48379,-0.966797,0.279108,3.32855,1.67407,1.59529,10,45498,34.8965,4.4487
1776813467470687590,1.48379,-1.0625,0.296751,3.3862,1.36837,1.48793,10,45527,34.9188,4.44959
1776813467475748661,1.47344,-1.0625,0.308638,3.38709,1.36837,1.48793,10,45547,34.9341,4.14041
1776813467480694049,1.47344,-1.12305,-0.304338,3.01736,1.35143,1.39242,10,45582,34.961,4.29621
1776813467485712639,1.45753,-1.12305,-0.293401,3.17316,1.35143,1.39242,10,45599,34.974,3.98785
1776813467490767858,1.45753,-1.10547,-0.280363,2.88238,1.36429,1.30825,10,45605,34.9786,1.84097
1776813467495762820,1.45193,-1.10547,-0.28137,0.735504,1.36429,1.30825,10,45589,34.9663,-2.76239
1776813467500702430,1.45193,5.01367,-0.293642,2.25128,2.58126,4.76284,10,45582,34.961,-1.38016
1776813467505693817,1.47122,5.01367,-0.279718,3.63351,2.58126,4.76284,10,45582,34.961,0
1776813467510672649,1.47122,4.03711,-0.279718,4.03711,2.88774,4.32058,10,45585,34.9633,0
1776813467515679777,1.49348,4.03711,-0.255159,4.03711,2.88774,4.32058,10,45594,34.9702,1.22656
1776813467520686126,1.49348,4.03711,-0.255159,4.03711,2.88774,4.32058,10,45594,34.9702,1.22656
1776813467525683458,1.52184,1.97266,-0.202253,3.81363,2.96237,3.27484,10,45624,34.9932,1.84097
1776813467530700974,1.52184,1.16211,-0.196886,3.00308,2.08155,2.97825,10,45638,35.0039,2.60773
1776813467535693306,1.54058,1.16211,-0.167406,3.76984,2.08155,2.97825,10,45647,35.0108,1.99432
1776813467540697748,1.54058,0.916016,-0.160501,2.91034,2.36331,2.94635,10,45661,35.0215,1.84058
1776813467545690673,1.54874,0.916016,-0.141603,2.75659,2.36331,2.94635,10,45670,35.0285,2.14767
1776813467550716522,1.54874,0.816406,-0.134702,2.96408,2.20398,2.93654,10,45685,35.04,1.68762
1776813467555685798,1.553,0.816406,-0.11894,2.50403,2.20398,2.93654,10,45696,35.0484,2.14682
1776813467560679463,1.553,0.880859,-0.110502,3.02768,2.74294,2.99772,10,45717,35.0645,2.45438
1776813467565674702,1.56088,0.880859,-0.0865114,3.33524,2.74294,2.99772,10,45729,35.0737,2.60773
1776813467570682311,1.56088,0.228516,-0.0773066,2.83624,3.4037,2.67106,10,45753,35.0921,2.9156
1776813467575676680,1.5661,0.228516,-0.0536783,3.14411,3.4037,2.67106,10,45767,35.1028,2.76108
1776813467580680826,1.5661,-0.296875,-0.0429399,2.4642,3.38086,2.40143,10,45791,35.1213,2.91326
1776813467585677917,1.56576,-0.296875,-0.014139,2.6189,3.38086,2.40143,10,45814,35.1389,2.91577
1776813467590684489,1.56576,-0.65625,-0.00723819,2.25952,2.49612,2.1946,10,45835,35.155,3.22113
1776813467595680376,1.55715,-0.65625,0.000261518,2.56488,2.49612,2.1946,10,45852,35.168,3.22177
1776813467600685800,1.55715,-0.617188,0.0133002,2.60459,2.04336,2.16763,10,45875,35.1857,3.37448
1776813467605692039,1.55159,-0.617188,0.0253851,2.75729,2.04336,2.16763,10,45891,35.198,3.37457
1776813467610660130,1.54856,-0.613281,0.0530302,2.90962,1.84198,2.138,10,45926,35.224,3.5229
1776813467615672350,1.54856,-0.761719,0.0614645,2.76118,1.84198,2.138,10,45947,35.2409,3.53425
1776813467620759939,1.54178,-0.761719,0.0707953,2.77253,1.8213,1.99697,10,45969,35.2578,3.83223
1776813467625767715,1.54178,-0.832031,0.0876715,3.0002,1.8213,1.99697,10,45995,35.2777,4.14283
1776813467630724381,1.53732,-0.832031,0.103152,3.3108,1.87675,1.93118,10,46023,35.2992,3.98865
1776813467635789174,1.53732,-1.10352,0.124628,2.88513,1.87675,1.93118,10,46046,35.3168,3.98788
1776813467640722710,1.52314,-1.10352,0.128084,2.88437,2.07359,1.69437,10,46074,35.3383,3.83683
1776813467645728671,1.52314,-1.11133,0.149557,2.7255,2.07359,1.69437,10,46099,35.3575,4.13792
1776813467650695781,1.52314,-1.11133,0.168734,3.0266,2.10923,1.68992,10,46126,35.3782,3.99184
1776813467655700853,1.51768,-1.11133,0.183985,2.88051,2.10923,1.68992,10,46144,35.392,3.83376
1776813467660679629,1.51768,-1.0957,0.19779,2.73806,1.89618,1.66713,10,46174,35.415,3.52783
1776813467665681053,1.50111,-1.0957,0.204233,2.43213,1.89618,1.66713,10,46191,35.4281,3.68266
1776813467670688237,1.50111,-1.04688,0.217272,2.63578,1.73,1.59838,10,46223,35.4526,3.68121
1776813467675691809,1.48519,-1.04688,0.225897,2.63433,1.73,1.59838,10,46242,35.4672,3.98865
1776813467680682714,1.48519,-1.05078,0.240469,2.93787,1.37014,1.50282,10,46275,35.4925,3.98709
1776813467685705823,1.48001,-1.05078,0.260599,2.93631,1.37014,1.50282,10,46294,35.5071,4.14283
1776813467690707562,1.48001,-1.18945,0.275171,2.95337,1.37773,1.3933,10,46327,35.5324,3.83453
1776813467695700042,1.46332,-1.18945,0.283793,2.64508,1.37773,1.3933,10,46347,35.5477,4.28849
1776813467700684410,1.46332,-1.20117,0.299132,3.08732,1.22263,1.28801,10,46383,35.5753,4.30223
1776813467705741074,1.45733,-1.20117,-0.307569,3.10106,1.22263,1.28801,10,46404,35.5914,4.29621
1776813467710693295,1.45733,-1.16211,-0.29146,3.1341,1.16558,1.27475,10,46432,35.6129,3.833
1776813467715690220,1.43966,-1.16211,-0.287652,2.67089,1.16558,1.27475,10,46441,35.6198,2.30149
1776813467720685903,1.43966,-0.861328,-0.280752,1.44016,1.50168,1.34095,10,46426,35.6083,-1.22681
1776813467725686512,1.43443,-0.861328,-0.303617,-2.85406,1.50168,1.34095,10,46416,35.6006,-1.99273
1776813467730707862,1.43443,4.74023,-0.305151,2.7475,2.70325,4.50258,10,46414,35.5991,-0.76721
1776813467735718730,1.46864,4.74023,-0.272474,3.97302,2.70325,4.50258,10,46415,35.5999,0
1776813467740688025,1.46864,2.52539,-0.271707,2.52539,2.1671,3.44368,10,46423,35.606,0.767671
1776813467745692523,1.50203,2.52539,-0.232191,3.29306,2.1671,3.44368,10,46427,35.6091,1.07324
1776813467750683114,1.50203,1.21484,-0.229124,2.28808,2.44186,2.89292,10,46442,35.6206,1.8406
1776813467755690149,1.5183,1.21484,-0.201341,3.05545,2.44186,2.89292,10,46451,35.6275,1.6883
1776813467760664481,1.5183,1.66406,-0.194437,3.35236,2.29418,3.24383,10,46467,35.6397,1.84021
1776813467765678553,1.52566,1.66406,-0.174802,3.50427,2.29418,3.24383,10,46475,35.6459,1.8406
1776813467770705254,1.52566,1.12891,-0.168668,2.96951,2.03816,2.98151,10,46493,35.6597,2.14767
1776813467775686678,1.54352,1.12891,-0.137006,3.27658,2.03816,2.98151,10,46502,35.6666,1.99472
1776813467780722472,1.54352,0.955078,-0.130102,2.9498,2.57048,2.98555,10,46518,35.6789,1.84021
1776813467785687082,1.54886,0.955078,-0.112493,2.79529,2.57048,2.98555,10,46528,35.6865,2.14767
1776813467790676340,1.54886,0.623047,-0.104825,2.77072,3.1296,2.82701,10,46548,35.7019,2.45389
1776813467795678412,1.56303,0.623047,-0.0661063,3.07791,3.1296,2.82701,10,46568,35.7172,2.45487
1776813467800688706,1.56303,0.623047,-0.0661063,3.07791,3.1296,2.82701,10,46568,35.7172,2.45487
1776813467805679223,1.56683,0.09375,-0.0346961,2.85538,3.7111,2.60655,10,46605,35.7456,2.76163
1776813467810657592,1.56683,-0.0878906,-0.0277915,2.67374,2.83419,2.5247,10,46623,35.7594,2.91228
1776813467815676052,1.56685,-0.0878906,-0.013967,2.82439,2.83419,2.5247,10,46638,35.7709,2.91793
1776813467820683624,1.56685,-0.390625,-0.00246189,2.52731,2.44455,2.35227,10,46657,35.7855,2.91326
1776813467825693845,1.56255,-0.390625,0.00781106,2.52264,2.44455,2.35227,10,46672,35.797,2.91443
1776813467830711694,1.56255,-0.398438,0.0193162,2.51599,2.21382,2.32324,10,46695,35.8146,2.9156
1776813467835683397,1.55912,-0.398438,0.0335259,2.51716,2.21382,2.32324,10,46710,35.8261,2.91519
1776813467840678228,1.55912,-0.427734,0.0450311,2.48746,2.09394,2.28691,10,46737,35.8468,3.22049
1776813467845678763,1.55679,-0.427734,0.0634065,2.79275,2.09394,2.28691,10,46754,35.8599,3.52854
1776813467850676947,1.55679,-0.767578,0.0764451,2.76096,1.87053,2.07986,10,46784,35.8829,3.68047
1776813467855678648,1.54821,-0.767578,0.0908723,2.9129,1.87053,2.07986,10,46801,35.8959,3.52854
1776813467860657851,1.54821,-0.916016,0.103911,2.61252,2.09069,1.94599,10,46831,35.9189,3.68195
1776813467865674719,1.54374,-0.916016,0.135497,2.61182,2.09069,1.94599,10,46859,35.9404,3.52783
1776813467870685254,1.54374,-0.916016,0.135497,2.61182,2.09069,1.94599,10,46859,35.9404,3.52783
1776813467875712196,1.54374,-1.05273,0.143935,2.4751,2.0581,1.84239,10,46905,35.9757,3.83837
1776813467880689343,1.53363,-1.05273,0.169104,2.78564,2.16421,1.78406,10,46926,35.9918,3.8353
1776813467885700748,1.53363,-1.07812,0.18521,2.75717,2.16421,1.78406,10,46954,36.0133,3.98629
1776813467890698672,1.5127,-1.07812,0.185759,2.90816,1.91102,1.64821,10,46983,36.0355,3.98466
1776813467895689929,1.5127,-1.08398,0.208003,2.90068,1.91102,1.64821,10,47009,36.0555,4.30051
1776813467900680409,1.50676,-1.08398,0.221999,3.21653,1.90678,1.61024,10,47041,36.08,4.44883
1776813467905769572,1.50676,-1.16211,0.246542,3.28672,1.90678,1.61024,10,47067,36.0999,4.29535
1776813467910684591,1.48988,-1.16211,0.249609,3.13324,1.61653,1.46693,10,47097,36.1229,4.29449
1776813467915708699,1.48988,-1.20898,0.27262,3.08551,1.61653,1.46693,10,47123,36.1429,4.29621
1776813467920721975,1.48417,-1.20898,0.286849,3.08722,1.47981,1.40666,10,47153,36.1659,4.29373
1776813467925786731,1.48417,-1.26562,0.309859,3.0281,1.47981,1.40666,10,47178,36.1851,4.29535
1776813467930707064,1.4654,-1.26562,0.310263,3.02972,1.33547,1.26359,10,47207,36.2073,4.142
1776813467935711821,1.4654,-1.25781,-0.295812,2.88419,1.33547,1.26359,10,47231,36.2257,3.98788
1776813467940693764,1.4654,-1.25781,-0.277406,2.73007,1.35935,1.26805,10,47257,36.2457,3.98945
1776813467945692596,1.4589,-1.25781,-0.263963,2.73163,1.35935,1.26805,10,47265,36.2518,2.60721
1776813467950691094,1.4589,-1.25781,-0.263963,2.73163,1.35935,1.26805,10,47265,36.2518,2.60721
1776813467955723517,1.4409,-1.05859,-0.293462,-3.35962,1.5382,1.34307,10,47242,36.2342,-2.30103
1776813467960673720,1.4409,4.91406,-0.293462,2.61304,2.75223,4.64036,10,47242,36.2342,-0.306702
1776813467965683088,1.46795,4.91406,-0.266423,4.60736,2.75223,4.64036,10,47240,36.2326,-0.153382
1776813467970689827,1.46795,3.41016,-0.267957,3.25677,2.67643,3.94386,10,47247,36.238,0.30664
1776813467975740435,1.49083,3.41016,-0.239701,3.7168,2.67643,3.94386,10,47254,36.2434,1.53351
1776813467980707897,1.49083,1.00586,-0.234334,2.53937,2.44282,2.70825,10,47265,36.2518,1.22757
1776813467985708951,1.52322,1.00586,-0.193506,2.23343,2.44282,2.70825,10,47276,36.2602,1.99472
1776813467990701412,1.52322,1.65625,-0.185067,3.65097,2.14008,3.26795,10,47292,36.2725,1.99356
1776813467995683373,1.53079,1.65625,-0.165227,3.64981,2.14008,3.26795,10,47299,36.2779,1.53427
1776813468000686223,1.53079,1.02344,-0.15986,2.55771,1.84014,2.95106,10,47315,36.2901,2.14682
1776813468005679629,1.54673,1.02344,-0.131646,3.17025,1.84014,2.95106,10,47323,36.2963,1.6883
1776813468010657239,1.54673,0.859375,-0.125509,2.54767,2.40831,2.9495,10,47339,36.3086,1.68686
1776813468015672367,1.54673,0.859375,-0.113237,2.54623,2.40831,2.9495,10,47349,36.3162,2.14725
1776813468020675828,1.55207,0.859375,-0.100236,3.00662,2.90107,2.98013,10,47365,36.3285,2.30103
1776813468025686159,1.55207,0.550781,-0.0879643,2.85181,2.90107,2.98013,10,47384,36.3431,2.45438
1776813468030688639,1.56442,0.550781,-0.0610401,3.00516,3.49851,2.87496,10,47402,36.3569,2.60773
1776813468035685674,1.56442,-0.0566406,-0.0472309,2.55109,3.49851,2.87496,10,47419,36.3699,2.76163
1776813468040684950,1.56823,-0.0566406,-0.0303776,2.70499,3.57131,2.55051,10,47441,36.3868,2.91385
1776813468045693356,1.56823,-0.269531,-0.0135052,2.64431,3.57131,2.55051,10,47459,36.4006,3.06854
1776813468050683503,1.56752,-0.269531,-0.000409347,2.79901,2.72274,2.42511,10,47481,36.4175,3.06717
1776813468055684094,1.56752,-0.527344,0.016463,2.53982,2.72274,2.42511,10,47503,36.4343,3.52924
1776813468060657278,1.56082,-0.527344,0.026633,3.0019,2.07459,2.23985,10,47529,36.4535,3.68195
1776813468065673942,1.56082,-0.574219,0.0465725,3.10773,2.07459,2.23985,10,47549,36.4696,3.52713
1776813468070679589,1.5581,-0.574219,0.0591991,2.95291,2.03335,2.19758,10,47575,36.4896,3.5293
1776813468075690068,1.5581,-0.701172,0.0791385,2.82813,2.03335,2.19758,10,47596,36.5057,3.68045
1776813468080684381,1.5486,-0.701172,0.0857456,2.97927,2.00945,2.07071,10,47622,36.5256,3.52789
1776813468085704472,1.5486,-0.732422,0.105685,2.79547,2.00945,2.07071,10,47646,36.544,3.8353
1776813468090706859,1.5486,-0.732422,0.124095,3.10288,2.27679,2.05289,10,47673,36.5647,3.98785
1776813468095696765,1.54503,-0.732422,0.141227,3.25543,2.27679,2.05289,10,47692,36.5793,3.8353
1776813468100684115,1.54503,-1.05273,0.155803,2.78257,2.33273,1.84977,10,47722,36.6023,3.8353
1776813468105694021,1.52797,-1.05273,0.161757,2.78256,2.33273,1.84977,10,47740,36.6161,3.68192
1776813468110663224,1.52797,-1.0918,0.175566,2.59012,2.34933,1.72907,10,47771,36.6399,3.68121
1776813468115674574,1.5218,-1.0918,0.193167,2.58941,2.34933,1.72907,10,47789,36.6537,3.8353
1776813468120684035,1.5218,-1.0957,0.206977,2.7396,1.82901,1.69107,10,47820,36.6775,3.8307
1776813468125684626,1.50621,-1.0957,0.215155,2.735,1.82901,1.69107,10,47838,36.6913,3.68339
1776813468130701272,1.50621,-1.08594,0.228965,2.59746,1.51152,1.60589,10,47868,36.7143,3.68342
1776813468135680918,1.49958,-1.08594,0.245345,2.59748,1.51152,1.60589,10,47887,36.7289,3.8353
1776813468140689806,1.49958,-1.11719,0.259921,2.71811,1.52082,1.54937,10,47923,36.7565,4.142
1776813468145679952,1.48432,-1.11719,0.272265,3.02481,1.52082,1.54937,10,47942,36.7711,4.29535
1776813468150749597,1.48432,-1.15234,0.286837,3.14301,1.48299,1.43979,10,47977,36.7979,4.14117
1776813468155738485,1.47879,-1.15234,0.308161,2.98883,1.48299,1.43979,10,47997,36.8132,4.14124
1776813468160683503,1.47879,-1.19922,-0.304818,2.94202,1.61086,1.38056,10,48036,36.8432,4.60205
1776813468165679649,1.47879,-1.19922,-0.274903,3.40283,1.61086,1.38056,10,48057,36.8593,4.75635
1776813468170682203,1.46095,-1.19922,-0.276643,3.55713,1.5458,1.27506,10,48084,36.88,3.98865
1776813468175680331,1.46095,-0.707031,-0.255933,3.28162,1.5458,1.27506,10,48080,36.8769,1.22656
1776813468180705514,1.44446,-0.707031,-0.275487,0.51953,1.90895,1.45757,10,48062,36.8631,-3.37448
1776813468185697364,1.44446,4.46875,-0.289296,1.09427,1.90895,1.45757,10,48061,36.8623,-0.767517
1776813468190681067,1.4615,4.46875,-0.273023,3.70123,2.89942,4.50908,10,48059,36.8608,0
1776813468195683046,1.4615,2.71289,-0.274556,2.71289,2.89942,4.50908,10,48059,36.8608,-0.306702
1776813468200709452,1.5012,2.71289,-0.234857,2.40619,2.256,3.742,10,48074,36.8723,1.53366
1776813468205687210,1.5012,1.00977,-0.223351,2.54342,2.256,3.742,10,48078,36.8754,1.07367
1776813468210727985,1.52118,1.00977,-0.200299,2.08344,2.31815,2.88761,10,48096,36.8892,1.8406
1776813468215685836,1.52118,1.41992,-0.18649,3.26053,2.31815,2.88761,10,48108,36.8984,2.60825
1776813468220698464,1.5337,1.41992,-0.164773,4.02817,2.05202,3.1939,10,48120,36.9076,1.38092
1776813468225691388,1.5337,0.957031,-0.155568,2.33795,2.05202,3.1939,10,48134,36.9183,2.30103
1776813468230690460,1.54327,0.957031,-0.135262,3.25806,2.14446,2.98522,10,48147,36.9283,1.99396
1776813468235693273,1.54327,0.828125,-0.125291,2.82208,2.14446,2.98522,10,48158,36.9367,1.8406
1776813468240700438,1.54327,0.828125,-0.116857,2.66873,2.78756,2.91175,10,48174,36.949,1.99472
1776813468245687326,1.55234,0.828125,-0.0955133,2.82285,2.78756,2.91175,10,48185,36.9574,2.45438
1776813468250682602,1.55234,0.613281,-0.0870752,3.06766,3.58101,2.84144,10,48205,36.9728,2.30057
1776813468255685359,1.56531,0.613281,-0.0587625,2.91385,3.58101,2.84144,10,48218,36.9827,2.75667
1776813468260692191,1.56531,0.0800781,-0.0487909,2.83675,3.8212,2.61178,10,48239,36.9988,2.4588
1776813468265689023,1.56898,0.0800781,-0.0290193,2.53888,3.8212,2.61178,10,48251,37.0081,2.60721
1776813468270682336,1.56898,-0.429688,-0.0198145,2.17752,3.19728,2.34214,10,48276,37.0272,2.76108
1776813468275683204,1.56702,-0.429688,-0.00259875,2.33139,3.19728,2.34214,10,48290,37.038,3.06839
1776813468280681981,1.56702,-0.558594,0.00813964,2.5098,2.32582,2.25748,10,48315,37.0571,3.06732
1776813468285711886,1.56197,-0.558594,0.0222616,2.50872,2.32582,2.25748,10,48329,37.0679,3.06778
1776813468290709069,1.56197,-0.517578,0.033,2.5502,1.98495,2.25201,10,48353,37.0863,2.91443
1776813468295703253,1.55672,-0.517578,0.0461569,2.39685,1.98495,2.25201,10,48367,37.097,2.76163
1776813468300689603,1.55672,-0.505859,0.0568953,2.25577,1.7181,2.22864,10,48393,37.117,3.22113
1776813468305693713,1.55168,-0.505859,0.0717993,2.71527,1.7181,2.22864,10,48409,37.1292,3.22254
1776813468310671637,1.55168,-0.583984,0.0840712,2.63855,1.88634,2.15521,10,48439,37.1522,3.52642
1776813468315696394,1.55168,-0.583984,0.107081,2.94244,1.88634,2.15521,10,48456,37.1653,3.68342
1776813468320683115,1.54612,-0.583984,0.114562,3.09943,2.13114,2.12328,10,48481,37.1845,3.52713
1776813468325676854,1.54612,-0.927734,0.133735,2.59939,2.13114,2.12328,10,48509,37.2059,3.83606
1776813468330677668,1.53511,-0.927734,0.144202,2.90833,2.35545,1.86388,10,48539,37.2289,3.98709
1776813468335769275,1.53511,-1.04492,0.167213,2.94217,2.35545,1.86388,10,48565,37.2489,4.44959
1776813468340705515,1.53016,-1.04492,0.182204,3.40467,2.30593,1.76847,10,48593,37.2704,3.98705
1776813468345707977,1.53016,-1.08594,0.203677,2.90111,2.30593,1.76847,10,48616,37.288,3.83453
1776813468350781770,1.51396,-1.08594,0.205115,2.7486,2.04688,1.65106,10,48644,37.3095,3.99024
1776813468355707140,1.51396,-1.05078,0.226592,2.93946,2.04688,1.65106,10,48669,37.3287,3.98709
1776813468360672750,1.50852,-1.05078,0.240329,2.93631,1.57171,1.63944,10,48697,37.3501,4.14117
1776813468365680841,1.50852,-1.06055,0.261806,3.08062,1.57171,1.63944,10,48720,37.3678,3.99024
1776813468370693283,1.49281,-1.06055,0.263736,2.9297,1.33767,1.54203,10,48747,37.3885,3.83377
1776813468375681300,1.49281,-1.07422,0.284446,2.75955,1.33767,1.54203,10,48771,37.4069,3.83453
1776813468380690613,1.4876,-1.07422,0.297641,2.76031,1.36413,1.50364,10,48800,37.4291,4.14124
1776813468385684760,1.4876,-1.0957,-0.308434,3.04553,1.36413,1.50364,10,48826,37.4491,4.2902
1776813468390700165,1.4876,-1.0957,-0.288491,3.1945,1.21388,1.4914,10,48854,37.4706,4.14781
1776813468395689664,1.47103,-1.0957,-0.283589,3.0521,1.21388,1.4914,10,48873,37.4851,3.98228
1776813468400708606,1.47103,-1.08594,-0.269017,2.89634,1.42811,1.3993,10,48894,37.5012,2.91968
1776813468405694475,1.45445,-1.08594,-0.269486,1.83375,1.42811,1.3993,10,48891,37.4989,0.613403
1776813468410675400,1.45445,1.5,-0.271786,2.1134,2.07548,2.77506,10,48875,37.4867,-2.30057
1776813468415677380,1.45227,1.5,-0.286236,-0.800565,2.07548,2.77506,10,48872,37.4844,-0.919921
1776813468420704618,1.45227,4.67578,-0.288537,3.75586,2.95769,4.57229,10,48871,37.4836,-0.153382
1776813468425683098,1.4897,4.67578,-0.251877,4.5224,2.95769,4.57229,10,48874,37.4859,0.306702
1776813468430688337,1.4897,2.65234,-0.249577,2.95905,3.34975,3.6401,10,48889,37.4974,1.84058
1776813468435678632,1.5078,2.65234,-0.219968,4.49292,3.34975,3.6401,10,48895,37.502,1.38064
1776813468440676741,1.5078,0.912109,-0.215367,2.29275,2.35796,2.75409,10,48917,37.5189,2.14767
1776813468445677684,1.53105,0.912109,-0.175252,3.05978,2.35796,2.75409,10,48927,37.5265,2.76108
1776813468450680201,1.53105,1.13281,-0.167584,3.89389,2.17916,3.01488,10,48945,37.5403,2.14725
1776813468455683329,1.536,1.13281,-0.14882,3.28006,2.17916,3.01488,10,48956,37.5488,1.99472
1776813468460740493,1.536,0.710938,-0.140382,2.70566,1.84987,2.80307,10,48973,37.5618,2.29873
1776813468465714455,1.536,0.710938,-0.127343,3.00966,1.84987,2.80307,10,48980,37.5672,1.68855
1776813468470697324,1.54576,0.710938,-0.112221,2.39949,2.37309,2.85928,10,48995,37.5787,1.84097
1776813468475703840,1.54576,0.976562,-0.100716,2.81754,2.37309,2.85928,10,49012,37.5917,2.45487
1776813468480687524,1.55323,0.976562,-0.0802047,3.43143,3.00166,3.05361,10,49032,37.6071,2.60773
1776813468485712929,1.55323,0.269531,-0.064862,2.87726,3.00166,3.05361,10,49052,37.6224,3.06717
1776813468490708743,1.5626,0.269531,-0.040158,3.3367,3.4415,2.70424,10,49074,37.6393,3.22189
1776813468495691889,1.5626,-0.396484,-0.0232856,2.82541,3.4415,2.70424,10,49094,37.6546,3.37516
1776813468500687425,1.56155,-0.396484,-0.00898812,2.97867,3.26114,2.31865,10,49118,37.673,3.37448
1776813468505693127,1.56155,-0.736328,0.00942163,2.63815,3.26114,2.31865,10,49139,37.6891,3.37457
1776813468510679088,1.55542,-0.736328,0.0193894,2.63824,2.56038,2.08979,10,49164,37.7083,3.52854
1776813468515697882,1.55542,-0.728516,0.0385659,2.80002,2.56038,2.08979,10,49186,37.7252,3.68047
1776813468520680344,1.54806,-0.728516,0.0480836,2.95196,1.97581,2.05202,10,49211,37.7444,3.68192
1776813468525684342,1.54806,-0.775391,0.0672601,2.90653,1.97581,2.05202,10,49232,37.7605,3.52854
1776813468530682174,1.5404,-0.775391,0.0757096,2.75315,1.59165,1.98123,10,49257,37.7796,3.37524
1776813468535691635,1.5404,-0.869141,0.0948823,2.5061,1.59165,1.98123,10,49278,37.7958,3.52713
1776813468540682948,1.5404,-0.869141,0.110992,2.65799,1.79414,1.9278,10,49305,37.8165,3.8353
1776813468545697780,1.53223,-0.869141,0.123523,2.96616,1.79414,1.9278,10,49323,37.8303,3.68118
1776813468550684852,1.53223,-0.986328,0.137332,2.69485,1.96571,1.81381,10,49354,37.854,3.8353
1776813468555683110,1.52286,-0.986328,0.151733,2.84897,1.96571,1.81381,10,49371,37.8671,3.68192
1776813468560659998,1.52286,-1.12891,0.164775,2.55301,2.0441,1.67828,10,49402,37.8909,3.67974
1776813468565683440,1.50671,-1.12891,0.172401,2.55083,2.0441,1.67828,10,49419,37.9039,3.68339
1776813468570696864,1.50671,-1.11914,0.185443,2.56425,1.93273,1.5899,10,49451,37.9284,3.83453
1776813468575693140,1.5013,-1.11914,0.20457,2.71539,1.93273,1.5899,10,49470,37.943,3.98788
1776813468580682509,1.5013,-1.125,0.219146,2.86288,1.86953,1.55495,10,49503,37.9683,3.8353
1776813468585691100,1.48429,-1.125,0.227447,2.7103,1.86953,1.55495,10,49522,37.9829,4.142
1776813468590682302,1.48429,-1.12891,0.242019,3.01309,1.7139,1.45298,10,49558,38.0105,4.29459
1776813468595682319,1.47877,-1.12891,0.26411,3.16568,1.7139,1.45298,10,49579,38.0266,4.29621
1776813468600693761,1.47877,-1.1875,0.280216,3.10871,1.222,1.38709,10,49618,38.0565,4.7554
1776813468605689260,1.46144,-1.1875,0.292808,3.5679,1.222,1.38709,10,49638,38.0719,4.29449
1776813468610689184,1.46144,-1.1875,0.308147,3.10699,1.23431,1.2847,10,49674,38.0995,4.29621
1776813468615685479,1.46144,-1.1875,-0.292561,3.10871,1.23431,1.2847,10,49695,38.1156,4.44705
1776813468620712291,1.45547,-1.1875,-0.282425,3.25955,1.12951,1.24924,10,49724,38.1378,4.29535
1776813468625713715,1.45547,-1.13672,-0.260186,3.15863,1.12951,1.24924,10,49742,38.1516,3.06778
1776813468630694714,1.43817,-1.13672,-0.263676,1.93106,1.11046,1.17508,10,49737,38.1478,0.614166
1776813468635686824,1.43817,0.939453,-0.267514,1.55362,1.11046,1.17508,10,49723,38.1371,-2.30057
1776813468640710007,1.42772,0.939453,-0.288704,-1.36111,2.33382,2.29589,10,49720,38.1348,-1.22757
1776813468645687172,1.42772,4.23438,-0.291005,3.00681,2.33382,2.29589,10,49719,38.134,-0.153351
1776813468650704096,1.43766,4.23438,-0.28183,4.08102,2.70275,4.23355,10,49717,38.1325,-0.306824
1776813468655683632,1.43766,2.51562,-0.283364,2.2088,2.70275,4.23355,10,49729,38.1417,1.22632
1776813468660661464,1.50026,2.51562,-0.211564,3.74194,2.12799,3.62402,10,49739,38.1493,1.68762
1776813468665674554,1.50026,1.34961,-0.203896,3.03723,2.12799,3.62402,10,49749,38.157,1.3812
1776813468670684312,1.50953,1.34961,-0.186951,2.73081,2.08822,3.01353,10,49763,38.1677,1.99432
1776813468675740494,1.50953,0.878906,-0.176213,2.87323,2.08822,3.01353,10,49774,38.1762,1.838
1776813468680764177,1.52975,0.878906,-0.147553,2.71691,2.30765,2.86268,10,49785,38.1846,1.84355
1776813468685718380,1.52975,1.03516,-0.139115,2.87871,2.30765,2.86268,10,49799,38.1954,2.30057
1776813468690699416,1.53329,1.03516,-0.115635,2.87466,2.25238,2.95174,10,49816,38.2084,1.8395
1776813468695707488,1.53329,1.03516,-0.115635,2.87466,2.25238,2.95174,10,49816,38.2084,1.8395
1776813468700689468,1.55267,0.917969,-0.0755467,3.06564,2.69855,2.9054,10,49844,38.2299,2.14767
1776813468705688837,1.55267,0.654297,-0.0709423,2.80197,2.69855,2.9054,10,49854,38.2375,2.1481
1776813468710689557,1.55752,0.654297,-0.0584301,2.8024,3.42659,2.89448,10,49868,38.2483,2.45389
1776813468715724907,1.55752,0.236328,-0.0476917,2.69021,3.42659,2.89448,10,49887,38.2628,2.45487
1776813468720701128,1.56221,0.236328,-0.0284275,2.6912,3.70171,2.68311,10,49903,38.2751,2.76053
1776813468725698237,1.56221,-0.0722656,-0.0161556,2.68826,3.70171,2.68311,10,49925,38.292,2.91385
1776813468730690199,1.56275,-0.0722656,0.00125843,2.84158,2.90364,2.51028,10,49946,38.3081,2.91577
1776813468735698753,1.56275,-0.570312,0.0173641,2.34546,2.90364,2.51028,10,49965,38.3227,3.22177
1776813468740690140,1.55683,-0.570312,0.0260234,2.65146,2.14349,2.19254,10,49984,38.3372,3.22049
1776813468745676879,1.55683,-0.582031,0.0405994,2.63845,2.14349,2.19254,10,50007,38.3549,3.22177
1776813468750689822,1.55468,-0.582031,0.0560833,2.63974,2.01074,2.17352,10,50031,38.3733,3.37524
1776813468755677931,1.55468,-0.587891,0.0744892,2.78735,2.01074,2.17352,10,50053,38.3902,3.37381
1776813468760659023,1.5452,-0.587891,0.0979877,3.24664,2.07056,2.17018,10,50086,38.4155,3.83453
1776813468765753019,1.5452,-0.765625,0.107193,3.0689,2.07056,2.17018,10,50109,38.4331,3.98868
1776813468770698574,1.53825,-0.765625,0.117889,3.22306,2.19948,1.9744,10,50132,38.4508,3.98865
1776813468775682665,1.53825,-0.941406,0.135532,3.04724,2.19948,1.9744,10,50156,38.4692,3.98945
1776813468780764069,1.52957,-0.941406,0.145252,3.04804,2.51247,1.82403,10,50178,38.486,3.98709
1776813468785713291,1.52957,-1.03125,0.162128,2.95584,2.51247,1.82403,10,50204,38.506,4.14117
1776813468790700678,1.52604,-1.03125,0.178539,3.10992,2.03378,1.75237,10,50233,38.5282,4.14366
1776813468795686084,1.52604,-1.16992,0.200782,2.97373,2.03378,1.75237,10,50262,38.5505,3.98788
1776813468800695879,1.51322,-1.16992,0.210208,2.81796,1.68562,1.5989,10,50283,38.5666,3.83453
1776813468805680007,1.51322,-1.16406,0.226314,2.67047,1.68562,1.5989,10,50312,38.5888,3.9839
1776813468810656210,1.49543,-1.16406,0.23077,2.81984,1.62654,1.49836,10,50340,38.6103,3.8399
1776813468815682689,1.49543,-1.12695,0.252246,2.71295,1.62654,1.49836,10,50364,38.6287,4.142
1776813468820681539,1.48988,-1.12695,0.265098,3.01505,1.48059,1.48694,10,50392,38.6502,3.98151
1776813468825688241,1.48988,-1.1582,0.286575,2.82331,1.48059,1.48694,10,50421,38.6724,3.84144
1776813468830685424,1.48988,-1.1582,0.308818,2.68324,1.49698,1.46913,10,50444,38.6901,3.98629
1776813468835692515,1.47296,-1.1582,0.309543,2.82809,1.49698,1.46913,10,50465,38.7062,4.29621
1776813468840697310,1.47296,-1.23828,-0.30267,3.05793,1.4776,1.32391,10,50501,38.7338,4.4487
1776813468845699567,1.45447,-1.23828,-0.293549,3.21042,1.4776,1.32391,10,50521,38.7491,4.142
1776813468850686325,1.45447,-1.22461,-0.27821,2.91739,1.51285,1.22215,10,50547,38.7691,3.52854
1776813468855683953,1.44208,-1.22461,-0.270661,2.30393,1.51285,1.22215,10,50549,38.7706,1.53366
1776813468860661100,1.44208,0.384766,-0.269127,1.91842,1.94937,2.06569,10,50529,38.7553,-2.60773
1776813468865679376,1.43501,0.384766,-0.291535,-2.22296,1.94937,2.06569,10,50526,38.753,-0.921052
1776813468870676707,1.43501,4.91797,-0.293835,3.99692,2.79003,4.60735,10,50526,38.753,-0.153382
1776813468875707964,1.46493,4.91797,-0.263916,4.76459,2.79003,4.60735,10,50526,38.753,0
1776813468880702944,1.46493,2.36328,-0.263916,2.36328,2.99429,3.32929,10,50540,38.7637,1.22782
1776813468885701628,1.49889,2.36328,-0.219216,3.5911,2.99429,3.32929,10,50548,38.7698,1.83984
1776813468890697589,1.49889,0.625,-0.213082,2.46484,2.47823,2.53838,10,50564,38.7821,1.84097
1776813468895720087,1.51324,0.625,-0.186459,2.46597,2.47823,2.53838,10,50576,38.7913,2.45487
1776813468900706030,1.51324,0.705078,-0.177254,3.15995,2.2586,2.66779,10,50594,38.8051,2.14767
1776813468905682955,1.51324,0.705078,-0.163448,2.85275,2.2586,2.66779,10,50604,38.8128,2.14767
1776813468910669638,1.52308,0.705078,-0.145947,2.85275,1.78049,2.72492,10,50620,38.8251,2.30103
1776813468915673785,1.52308,0.757812,-0.133675,3.05884,1.78049,2.72492,10,50633,38.8343,1.83984
1776813468920683061,1.52961,0.757812,-0.117169,2.59765,2.32825,2.79283,10,50647,38.8458,1.84134
1776813468925679578,1.52961,1.10547,-0.10643,2.94681,2.32825,2.79283,10,50663,38.858,2.14725
1776813468930690687,1.54164,1.10547,-0.0821306,3.25271,3.00427,3.06044,10,50676,38.868,2.14767
1776813468935686222,1.54164,0.644531,-0.0721628,2.79221,3.00427,3.06044,10,50695,38.8826,2.60825
1776813468940682535,1.54931,0.644531,-0.0499155,3.25278,3.39277,2.84183,10,50711,38.8949,2.60773
1776813468945682312,1.54931,0.113281,-0.0376436,2.72101,3.39277,2.84183,10,50729,38.9087,2.91326
1776813468950695050,1.55272,0.113281,-0.0204317,3.02654,3.21088,2.55859,10,50747,38.9225,3.22254
1776813468955686641,1.55272,-0.167969,-0.00662629,3.05457,3.21088,2.55859,10,50766,38.937,3.22177
1776813468960667918,1.55271,-0.167969,0.00794585,3.05381,2.77248,2.39826,10,50787,38.9531,2.91385
1776813468965675601,1.55271,-0.505859,0.0240515,2.40799,2.77248,2.39826,10,50810,38.9708,3.06839
1776813468970720006,1.54572,-0.505859,0.0346983,2.56253,2.33786,2.16547,10,50828,38.9846,3.21675
1776813468975695783,1.54572,-0.533203,0.0485037,2.68354,2.33786,2.16547,10,50848,38.9999,3.22565
1776813468980685633,1.54412,-0.533203,0.0798796,2.84195,2.2415,2.14988,10,50881,39.0252,3.37516
1776813468985683909,1.54412,-0.533203,0.0798796,2.84195,2.2415,2.14988,10,50881,39.0252,3.37516
1776813468990678926,1.53257,-0.714844,0.102081,2.66166,1.87196,2.03714,10,50925,39.059,3.37651
1776813468995704998,1.53257,-0.818359,0.109752,2.55815,1.87196,2.03714,10,50945,39.0743,3.37516
1776813469000693126,1.52725,-0.818359,0.119774,2.5568,1.88324,1.88075,10,50966,39.0904,3.52859
1776813469005699439,1.52725,-0.935547,0.135879,2.59305,1.88324,1.88075,10,50989,39.1081,3.83453
1776813469010667438,1.51826,-0.935547,0.144535,2.89899,1.90723,1.76182,10,51011,39.1249,3.83376
1776813469015674974,1.51826,-0.974609,0.161407,2.85915,1.90723,1.76182,10,51038,39.1457,3.68266
1776813469020679972,1.51528,-0.974609,0.17913,2.70805,2.04301,1.72219,10,51063,39.1648,3.68195
1776813469025686674,1.51528,-0.914062,0.198303,2.76788,2.04301,1.72219,10,51092,39.1871,3.68045
1776813469030680136,1.49624,-0.914062,0.201507,2.76638,1.75905,1.64558,10,51115,39.2047,3.83606
1776813469035682394,1.49624,-0.884766,0.21915,2.9513,1.75905,1.64558,10,51139,39.2231,4.14041
1776813469040679800,1.49,-0.884766,0.231315,3.25564,1.79603,1.6257,10,51162,39.2408,3.98865
1776813469045679280,1.49,-0.892578,0.248955,3.09607,1.79603,1.6257,10,51185,39.2584,3.98865
1776813469050679593,1.48723,-0.892578,0.286075,3.24452,1.38772,1.62124,10,51227,39.2906,4.1371
1776813469055683869,1.48723,-0.892578,0.286075,3.24452,1.38772,1.62124,10,51227,39.2906,4.1371
1776813469060663831,1.48723,-0.974609,0.296043,3.16249,1.37974,1.55824,10,51273,39.3259,4.28849
1776813469065690051,1.46881,-0.974609,0.312904,3.31388,1.37974,1.55824,10,51292,39.3405,3.99428
1776813469070698605,1.46881,-1.01367,-0.300838,2.9806,1.31155,1.4274,10,51325,39.3658,3.98865
1776813469075681604,1.46385,-1.01367,-0.280495,2.97498,1.31155,1.4274,10,51344,39.3804,3.98705
1776813469080678584,1.46385,-1.02148,-0.265922,2.96557,1.48384,1.39355,10,51369,39.3995,3.52854
1776813469085689990,1.44631,-1.02148,-0.264286,2.50705,1.48384,1.39355,10,51371,39.4011,1.07346
1776813469090689192,1.44631,-0.955078,-0.262752,0.118378,1.82029,1.32718,10,51352,39.3865,-2.14477
1776813469095677505,1.4436,-0.955078,-0.280037,-3.09984,1.82029,1.32718,10,51348,39.3834,-1.38203
1776813469100688078,1.4436,5.25,-0.283104,3.86797,3.01308,4.84791,10,51345,39.3811,-0.460145
1776813469105678891,1.46815,5.25,-0.260845,4.78986,3.01308,4.84791,10,51345,39.3811,0
1776813469110678686,1.46815,3.89648,-0.260845,3.89648,2.47944,4.2223,10,51356,39.3896,0.920105
1776813469115691370,1.48069,3.89648,-0.239876,4.81659,2.47944,4.2223,10,51363,39.3949,1.68762
1776813469120702498,1.48069,0.921875,-0.234505,2.6095,2.28602,2.60077,10,51376,39.4049,1.38016
1776813469125696459,1.48069,0.921875,-0.224533,2.30203,2.28602,2.60077,10,51385,39.4118,1.84097
1776813469130684273,1.52185,0.921875,-0.176472,2.76285,2.02893,2.84137,10,51398,39.4218,1.8406
1776813469135678271,1.52185,0.921875,-0.176472,2.76285,2.02893,2.84137,10,51398,39.4218,1.8406
1776813469140700418,1.54199,0.910156,-0.127945,2.90292,2.00692,2.83469,10,51427,39.444,1.99276
1776813469145681305,1.54199,1.02148,-0.124111,3.01425,2.00692,2.83469,10,51433,39.4486,1.3812
1776813469150679137,1.55503,1.02148,-0.10648,2.40268,2.26725,3.08952,10,51443,39.4563,1.53427
1776813469155676302,1.55503,1.28516,-0.0988082,2.81943,2.26725,3.08952,10,51455,39.4655,1.84021
1776813469160668005,1.56042,1.28516,-0.0842056,3.12537,3.22744,3.27072,10,51466,39.4739,1.84134
1776813469165675948,1.56042,1.07812,-0.0757713,2.91947,3.22744,3.27072,10,51481,39.4854,2.45389
1776813469170692057,1.56654,1.07812,-0.0581474,3.53201,3.62713,3.18768,10,51499,39.4992,2.60721
1776813469175687870,1.56654,0.367188,-0.044342,2.97439,3.62713,3.18768,10,51519,39.5146,2.60825
1776813469180678073,1.58034,0.367188,-0.0152053,2.97544,3.66472,2.861,10,51536,39.5276,2.91385
1776813469185675275,1.58034,0.0214844,-0.00216667,2.93533,3.66472,2.861,10,51559,39.5453,3.06916
1776813469190679107,1.58089,0.0214844,0.0160218,3.09064,2.95586,2.66707,10,51581,39.5621,3.06778
1776813469195759715,1.58089,-0.558594,0.0328942,2.50919,2.95586,2.66707,10,51602,39.5782,3.37381
1776813469200695455,1.57563,-0.558594,0.058323,2.96648,2.53724,2.33642,10,51632,39.6012,3.52507
1776813469205769508,1.57563,-0.558594,0.058323,2.96648,2.53724,2.33642,10,51632,39.6012,3.52507
1776813469210682916,1.57563,-0.591797,0.0667611,2.93327,2.05605,2.28764,10,51674,39.6335,3.68195
1776813469215684803,1.56966,-0.591797,0.0929948,3.09015,2.05605,2.28764,10,51691,39.6465,3.68045
1776813469220858502,1.56966,-0.775391,0.106033,2.90506,1.98532,2.14895,10,51724,39.6718,3.83606
1776813469225738669,1.56136,-0.775391,0.123047,3.06067,1.98532,2.14895,10,51743,39.6864,3.98629
1776813469230703835,1.56136,-1.07031,0.137619,2.91598,2.10915,1.93344,10,51777,39.7125,4.14366
1776813469235710408,1.55238,-1.07031,0.15472,3.07334,2.10915,1.93344,10,51797,39.7278,4.142
1776813469240694610,1.55238,-1.23438,0.170059,2.90762,2.04496,1.7885,10,51830,39.7531,3.98709
1776813469245685479,1.54063,-1.23438,0.183617,2.75271,2.04496,1.7885,10,51849,39.7677,3.98945
1776813469250691385,1.54063,-1.29297,0.198189,2.69648,1.86068,1.68749,10,51883,39.7938,4.14041
1776813469255690032,1.5279,-1.29297,0.211544,2.84744,1.86068,1.68749,10,51902,39.8083,4.13703
1776813469260688678,1.5279,-1.27539,0.226116,2.86164,1.81782,1.62403,10,51936,39.8344,3.99344
1776813469265676362,1.51524,-1.27539,0.239529,2.71805,1.81782,1.62403,10,51956,39.8498,4.14206
1776813469270690249,1.51524,-1.29883,0.254871,2.84324,1.66841,1.53717,10,51991,39.8766,4.14117
1776813469275690748,1.51524,-1.29883,0.281715,2.84234,1.66841,1.53717,10,52012,39.8927,4.4487
1776813469280691691,1.50245,-1.29883,0.285034,3.14987,1.6118,1.46262,10,52044,39.9172,4.60297
1776813469285705430,1.50245,-1.33789,0.309578,3.26508,1.6118,1.46262,10,52077,39.9426,4.44781
1776813469290711076,1.47973,-1.33789,0.312161,3.10992,1.74644,1.30702,10,52103,39.9625,4.59577
1776813469295689927,1.47973,-1.36719,-0.296215,3.22859,1.74644,1.30702,10,52139,39.9901,4.76207
1776813469300695925,1.47645,-1.36719,-0.271881,3.39488,1.68147,1.271,10,52164,40.0093,4.7535
1776813469305685183,1.47645,-1.42188,-0.252704,3.33162,1.68147,1.271,10,52183,40.0239,3.37659
1776813469310700219,1.45181,-1.42188,-0.262771,1.95472,1.65236,1.09387,10,52172,40.0154,-0.920868
1776813469315684866,1.45181,0.699219,-0.271209,-0.221649,1.65236,1.09387,10,52159,40.0055,-2.14682
1776813469320728086,1.44708,0.699219,-0.285911,-1.4476,2.64904,2.27472,10,52159,40.0055,-0.306763
1776813469325712788,1.44708,4.83203,-0.285911,4.52527,2.64904,2.27472,10,52158,40.0047,-0.153382
1776813469330693009,1.48885,4.83203,-0.244903,4.67865,2.71172,4.87754,10,52164,40.0093,0.766601
1776813469335684860,1.48885,2.19922,-0.240299,2.96582,2.71172,4.87754,10,52179,40.0208,1.8406
1776813469340679303,1.50924,2.19922,-0.208416,4.03982,2.19514,3.4961,10,52188,40.0277,1.53427
1776813469345681801,1.50924,1.18164,-0.201511,2.71591,2.19514,3.4961,10,52203,40.0392,1.99512
1776813469350684077,1.52207,1.18164,-0.168731,3.32812,2.00648,2.91608,10,52221,40.053,2.14648
1776813469355690742,1.52207,1.18164,-0.168731,3.32812,2.00648,2.91608,10,52221,40.053,2.14648
1776813469360696333,1.53848,0.9375,-0.129314,3.23853,2.29941,2.85157,10,52250,40.0752,2.30103
1776813469365686721,1.53848,0.820312,-0.12471,3.12134,2.29941,2.85157,10,52257,40.0806,1.99472
1776813469370683275,1.54486,0.820312,-0.112964,2.81504,2.48391,2.91645,10,52268,40.0891,1.68762
1776813469375702459,1.54486,1.0293,-0.104526,2.71692,2.48391,2.91645,10,52285,40.1021,2.30057
1776813469380932342,1.55092,1.0293,-0.0854298,3.32986,2.95786,3.0704,10,52298,40.1121,2.14725
1776813469385691456,1.55092,0.644531,-0.0754582,2.79178,2.95786,3.0704,10,52315,40.1251,2.45438
1776813469390686565,1.55988,0.644531,-0.053455,3.09891,3.58702,2.90246,10,52330,40.1366,2.60825
1776813469395679305,1.55988,0.0195312,-0.0419498,2.62778,3.58702,2.90246,10,52350,40.1519,2.60825
1776813469400683211,1.56584,0.0195312,-0.0206562,2.62778,3.69131,2.58025,10,52368,40.1658,3.06778
1776813469405680709,1.56584,-0.398438,-0.00685082,2.66934,3.69131,2.58025,10,52393,40.1849,3.22113
1776813469410662690,1.56477,-0.398438,0.0112575,2.82269,2.93505,2.33592,10,52412,40.1995,3.52507
1776813469415718187,1.56477,-0.802734,0.0258297,2.72234,2.93505,2.33592,10,52437,40.2187,3.37718
1776813469420702649,1.5549,-0.802734,0.0497059,2.57175,2.04196,2.10547,10,52466,40.2409,3.37448
1776813469425682074,1.5549,-0.820312,0.0573734,2.55417,2.04196,2.10547,10,52486,40.2563,3.37457
1776813469430712164,1.55078,-0.820312,0.0685924,2.55426,1.94665,2.0153,10,52507,40.2724,3.52924
1776813469435688404,1.55078,-0.761719,0.0847019,2.76752,1.94665,2.0153,10,52530,40.29,3.83453
1776813469440686402,1.53937,-0.761719,0.0909351,3.07281,2.02547,1.98308,10,52552,40.3069,3.8307
1776813469445689086,1.53528,-0.771484,0.121365,2.91415,2.02547,1.98308,10,52587,40.3337,3.68563
1776813469450689881,1.53528,-0.972656,0.13057,2.71298,2.06334,1.83926,10,52614,40.3544,3.98788
1776813469455685509,1.5266,-0.972656,0.142594,3.01523,2.06334,1.83926,10,52636,40.3713,4.29621
1776813469460665267,1.5266,-1.07812,0.15947,3.21808,2.17377,1.72894,10,52666,40.3943,4.4487
1776813469465674599,1.52166,-1.07812,0.17754,3.37058,2.17377,1.72894,10,52686,40.4097,4.4487
1776813469470687393,1.52166,-1.21094,0.192879,3.23776,2.2179,1.62459,10,52720,40.4357,4.14124
1776813469475734428,1.50957,-1.21094,0.206864,2.9303,2.2179,1.62459,10,52740,40.4511,4.14117
1776813469480685187,1.50957,-1.23438,0.222203,2.9068,1.9638,1.54089,10,52775,40.4779,4.142
1776813469485708703,1.50957,-1.23438,0.249047,2.90762,1.9638,1.54089,10,52795,40.4933,4.29287
1776813469490700202,1.49741,-1.23438,0.252232,3.05849,1.49713,1.46988,10,52824,40.5155,3.99024
1776813469495690756,1.49741,-1.23438,0.252232,3.05849,1.49713,1.46988,10,52824,40.5155,3.99024
1776813469500699606,1.47442,-1.17773,0.291367,2.96433,1.31147,1.50216,10,52889,40.5654,4.14206
1776813469505710586,1.47442,-1.26367,0.301335,2.87839,1.31147,1.50216,10,52914,40.5845,4.29449
1776813469510668623,1.46104,-1.26367,0.307129,3.03082,1.22575,1.23888,10,52939,40.6037,4.44426
1776813469515676899,1.46104,-1.31445,-0.302013,3.1298,1.22575,1.23888,10,52965,40.6236,4.14621
1776813469520677101,1.44928,-1.31445,-0.29383,2.83176,1.18654,1.14006,10,52987,40.6405,4.14034
1776813469525689377,1.44928,-1.31445,-0.276958,2.82589,1.18654,1.14006,10,52999,40.6497,2.14853
1776813469530681968,1.44233,-1.31445,-0.274711,0.834081,1.18868,1.0986,10,52989,40.6421,-0.460052
1776813469535679707,1.44233,4.33203,-0.282379,3.87198,1.18868,1.0986,10,52976,40.6321,-2.14767
1776813469540732853,1.44764,4.33203,-0.28704,2.18436,2.44772,4.34876,10,52975,40.6313,-0.460052
1776813469545699186,1.44764,5.10938,-0.287807,4.64932,2.44772,4.34876,10,52975,40.6313,-0.306702
1776813469550689147,1.47341,5.10938,-0.262031,4.80267,2.68581,4.94472,10,52981,40.6359,0.766754
1776813469555704127,1.47341,1.01758,-0.25743,1.78433,2.68581,4.94472,10,52996,40.6474,1.68695
1776813469560660330,1.51386,1.01758,-0.198573,3.01154,2.44344,2.61239,10,53011,40.6589,1.99396
1776813469565673310,1.51386,1.01758,-0.198573,3.01154,2.44344,2.61239,10,53011,40.6589,1.99396
1776813469570677771,1.51386,1.57617,-0.193973,3.57013,2.17465,3.16789,10,53037,40.6789,2.45389
1776813469575700936,1.52704,1.57617,-0.160846,4.03006,2.17465,3.16789,10,53048,40.6873,2.30103
1776813469580681676,1.52704,0.876953,-0.152412,3.17798,1.84339,2.84586,10,53066,40.7011,2.29965
1776813469585678341,1.53588,0.876953,-0.129768,3.1766,1.84339,2.84586,10,53074,40.7072,1.68864
1776813469590676062,1.53588,1.11719,-0.12363,2.80582,2.30841,3.03392,10,53088,40.718,1.68652
1776813469595689338,1.54759,1.11719,-0.101177,2.80371,2.30841,3.03392,10,53098,40.7257,1.99432
1776813469600679096,1.54759,1.05078,-0.0935091,3.04511,2.76475,3.06354,10,53118,40.741,2.30103
1776813469605681668,1.55403,1.05078,-0.0717348,3.35181,2.76475,3.06354,10,53130,40.7502,2.60773
1776813469610663297,1.55403,0.212891,-0.0625337,2.82062,3.56777,2.62288,10,53156,40.7701,2.9156
1776813469615675961,1.56248,0.212891,-0.0341409,3.12849,3.56777,2.62288,10,53171,40.7816,3.22125
1776813469620677367,1.56248,-0.15625,-0.0226358,3.065,3.61619,2.46087,10,53198,40.8024,3.22113
1776813469625743272,1.56249,-0.15625,-0.00191055,3.06488,3.61619,2.46087,10,53214,40.8146,3.37448
1776813469630769252,1.56249,-0.65625,0.0103613,2.71823,2.55376,2.17595,10,53241,40.8353,3.22189
1776813469635747176,1.55513,-0.65625,0.0359732,2.71891,2.55376,2.17595,10,53267,40.8553,3.37516
1776813469640711361,1.55513,-0.65625,0.0359732,2.71891,2.55376,2.17595,10,53267,40.8553,3.37516
1776813469645777043,1.55513,-0.597656,0.0436446,2.7775,2.08516,2.16718,10,53308,40.8867,3.5293
1776813469650728969,1.5485,-0.597656,0.068463,2.93164,1.81881,2.12913,10,53326,40.9005,3.37448
1776813469655692097,1.5485,-0.544922,0.0822684,2.82956,1.81881,2.12913,10,53350,40.9189,3.37457
1776813469660675318,1.54334,-0.544922,0.095513,2.82965,1.77882,2.1295,10,53375,40.9381,3.37516
1776813469665685206,1.54334,-0.753906,0.114689,2.62125,1.77882,2.1295,10,53397,40.955,3.52783
1776813469670695722,1.53392,-0.753906,0.122147,2.77393,2.13562,1.95606,10,53418,40.9711,3.8353
1776813469675683832,1.53392,-0.833984,0.138253,3.00131,2.13562,1.95606,10,53448,40.9933,3.98709
1776813469680689905,1.52985,-0.833984,0.157189,3.1531,2.46781,1.88688,10,53469,41.0102,3.83453
1776813469685697199,1.52985,-1.06445,0.173295,2.77008,2.46781,1.88688,10,53497,41.0317,3.68342
1776813469690694772,1.52051,-1.06445,0.185441,2.61897,2.33461,1.70141,10,53526,41.0539,4.14041
1776813469695690382,1.52051,-1.13281,0.207684,3.00759,2.33461,1.70141,10,53551,41.0731,4.14117
1776813469700705213,1.5093,-1.13281,0.215638,3.00836,2.20708,1.59719,10,53580,41.0953,4.14366
1776813469705679416,1.5093,-1.07031,0.237881,3.07334,2.20708,1.59719,10,53604,41.1138,3.98709
1776813469710666748,1.49309,-1.07031,0.258492,3.07169,1.58763,1.63282,10,53641,41.1421,4.142
1776813469715734264,1.49309,-1.08594,0.268464,3.05606,1.58763,1.63282,10,53661,41.1575,4.44959
1776813469720768873,1.48756,-1.08594,0.278271,3.36365,1.30572,1.49672,10,53687,41.1774,4.60037
1776813469725737909,1.48756,-1.20703,0.298215,3.39334,1.30572,1.49672,10,53720,41.2027,4.60021
1776813469730695371,1.47069,-1.20703,0.306653,3.39318,1.33768,1.32827,10,53751,41.2265,4.29707
1776813469735703092,1.47069,-1.21484,-0.297889,3.08222,1.33768,1.32827,10,53778,41.2472,4.44781
1776813469740686794,1.46468,-1.21484,-0.283191,3.23297,1.17805,1.28829,10,53806,41.2687,4.29707
1776813469745695237,1.46468,-0.894531,-0.261714,3.40254,1.17805,1.28829,10,53815,41.2756,2.60721
1776813469750687995,1.44697,-0.894531,-0.272521,1.71267,1.54515,1.36563,10,53795,41.2603,-1.3812
1776813469755691568,1.44697,1.18945,-0.28786,-0.191743,1.54515,1.36563,10,53788,41.2549,-2.45389
1776813469760665215,1.44767,1.18945,-0.292525,-1.26443,2.8499,2.55771,10,53788,41.2549,0
1776813469765684602,1.44767,2.75977,-0.292525,2.75977,2.8499,2.55771,10,53788,41.2549,0
1776813469770684378,1.5046,2.75977,-0.235595,2.75977,2.62453,3.78859,10,53798,41.2626,0.613526
1776813469775693599,1.5046,2.38086,-0.227923,2.99439,2.62453,3.78859,10,53808,41.2702,1.84097
1776813469780683671,1.5046,2.38086,-0.220256,4.22183,2.22585,3.57261,10,53820,41.2794,1.68762
1776813469785699503,1.51722,2.38086,-0.198432,4.06848,2.22585,3.57261,10,53831,41.2871,1.99432
1776813469790680798,1.51722,1.66797,-0.189994,3.66229,2.02941,3.23978,10,53845,41.2986,1.99197
1776813469795689796,1.53913,1.66797,-0.157344,3.65994,2.02941,3.23978,10,53854,41.3055,1.8395
1776813469800679443,1.53913,1.07812,-0.150443,2.91763,2.07391,3.03042,10,53871,41.3185,1.99712
1776813469805684553,1.55053,1.07812,-0.126014,3.07524,2.07391,3.03042,10,53877,41.3231,1.53458
1776813469810658441,1.55053,0.830078,-0.12141,2.36466,2.41113,2.95459,10,53891,41.3339,1.37988
1776813469815672680,1.56052,0.830078,-0.100677,2.20996,2.41113,2.95459,10,53901,41.3415,2.14767
1776813469820687104,1.56052,1.2168,-0.0930053,3.36447,2.87789,3.23233,10,53919,41.3554,2.1481
1776813469825678288,1.5715,1.2168,-0.068225,3.3649,2.87789,3.23233,10,53931,41.3646,2.45389
1776813469830710452,1.5715,0.634766,-0.0590201,3.08865,3.59873,2.96324,10,53954,41.3822,2.76163
1776813469835699821,1.58019,0.634766,-0.0326873,3.3964,3.59873,2.96324,10,53968,41.3929,2.76108
1776813469840694764,1.58019,-0.119141,-0.0219489,2.64194,3.66829,2.58297,10,53992,41.4113,2.91385
1776813469845682059,1.58241,-0.119141,-0.00132285,2.79471,3.66829,2.58297,10,54007,41.4229,3.06778
1776813469850687428,1.58241,-0.59375,0.0101823,2.47403,2.84066,2.32502,10,54035,41.4443,3.36985
1776813469855687149,1.57858,-0.59375,0.0393342,2.78208,2.84066,2.32502,10,54061,41.4643,3.37583
1776813469860660778,1.57858,-0.623047,0.0477723,2.75278,2.0194,2.28659,10,54084,41.4819,3.37998
1776813469865675646,1.56899,-0.623047,0.0558251,2.75693,2.0194,2.28659,10,54101,41.4949,3.52783
1776813469870687663,1.56899,-0.595703,0.0688638,2.93213,1.7365,2.24759,10,54125,41.5134,3.37313
1776813469875690050,1.56611,-0.595703,0.0843896,2.77743,1.7365,2.24759,10,54143,41.5272,3.68195
1776813469880704586,1.56611,-0.791016,0.098195,2.89093,2.03148,2.11981,10,54178,41.554,4.14289
1776813469885705269,1.55603,-0.791016,0.114957,3.35188,2.03148,2.11981,10,54198,41.5693,4.29363
1776813469890697416,1.55603,-0.933594,0.130292,3.36004,2.19772,1.98086,10,54233,41.5962,4.29707
1776813469895681544,1.55153,-0.933594,0.152642,3.36347,2.19772,1.98086,10,54253,41.6115,4.14034
1776813469900686728,1.55153,-1.26367,0.167981,2.87667,2.30034,1.7669,10,54287,41.6376,4.14206
1776813469905677134,1.53511,-1.26367,0.177644,2.87839,2.30034,1.7669,10,54307,41.6529,4.29535
1776813469910669188,1.53511,-1.27734,0.192983,3.01801,2.25898,1.6646,10,54341,41.679,4.14117
1776813469915677724,1.52858,-1.27734,0.212525,2.86383,2.25898,1.6646,10,54360,41.6936,3.98788
1776813469920678167,1.52858,-1.23828,0.227101,2.7496,2.01806,1.64908,10,54392,41.7181,3.83606
1776813469925702480,1.50981,-1.23828,0.247449,2.74881,2.01806,1.64908,10,54424,41.7427,3.98709
1776813469930692386,1.50981,-1.23828,0.247449,2.74881,2.01806,1.64908,10,54424,41.7427,3.98709
1776813469935724772,1.49761,-1.1875,0.278966,3.10871,1.57751,1.56903,10,54481,41.7864,4.29621
1776813469940700679,1.49761,-1.22266,0.288937,3.07355,1.70852,1.47772,10,54507,41.8063,4.142
1776813469945707048,1.48547,-1.22266,0.296739,2.91934,1.70852,1.47772,10,54529,41.8232,4.29287
1776813469950688991,1.48547,-1.28711,0.313611,3.00576,1.336,1.36976,10,54561,41.847,4.60389
1776813469955692526,1.47959,-1.28711,-0.296042,3.31678,1.336,1.36976,10,54583,41.8646,4.7554
1776813469960672859,1.47959,-1.35547,-0.27917,3.39993,1.20776,1.29621,10,54613,41.8876,3.8353
1776813469965694597,1.45984,-1.35547,-0.275908,2.47983,1.20776,1.29621,10,54622,41.8946,2.76053
1776813469970681615,1.45984,-0.966797,-0.269004,1.79373,1.70309,1.40099,10,54600,41.8777,-2.30057
1776813469975682558,1.4537,-0.966797,-0.292018,-3.26736,1.70309,1.40099,10,54595,41.8738,-1.6883
1776813469980720111,1.4537,4.50195,-0.295852,2.81366,2.83956,4.48172,10,54594,41.8731,-0.306702
1776813469985712850,1.48944,4.50195,-0.260886,4.19525,2.83956,4.48172,10,54596,41.8746,0.15329
1776813469990685479,1.48944,2.67578,-0.259353,2.82907,2.37553,3.65191,10,54608,41.8838,1.38147
1776813469995691200,1.48944,2.67578,-0.250148,4.05725,2.37553,3.65191,10,54619,41.8923,1.22681
1776813470000696661,1.50862,2.67578,-0.222529,3.90259,2.44817,3.76414,10,54631,41.9015,2.14725
1776813470005731289,1.50862,2.67578,-0.222529,3.90259,2.44817,3.76414,10,54631,41.9015,2.14725
1776813470010698510,1.53421,1.25391,-0.167792,3.25023,2.06694,2.95367,10,54663,41.926,1.99632
1776813470015676250,1.53421,1.03125,-0.163192,3.02757,2.06694,2.95367,10,54677,41.9367,2.14725
1776813470020697285,1.55033,1.03125,-0.136332,3.1785,2.31512,3.06815,10,54691,41.9475,2.60773
1776813470025681673,1.55033,0.955078,-0.125594,3.56281,2.31512,3.06815,10,54705,41.9582,2.14777
1776813470030683098,1.55568,0.955078,-0.109507,3.10285,2.59806,3.05541,10,54721,41.9705,2.45389
1776813470035680115,1.55568,0.585938,-0.0972355,3.03982,2.59806,3.05541,10,54738,41.9835,2.60849
1776813470040687780,1.56828,0.585938,-0.0715932,3.19443,3.53739,2.91707,10,54757,41.9981,2.60721
1776813470045683168,1.56828,0.291016,-0.057021,2.89822,3.53739,2.91707,10,54776,42.0127,3.06839
1776813470050712518,1.57029,0.291016,-0.0404385,3.35941,3.7511,2.76043,10,54798,42.0295,3.22177
1776813470055698054,1.57029,-0.492188,-0.0235623,2.72959,3.7511,2.76043,10,54818,42.0449,3.06717
1776813470060739848,1.56923,-0.492188,-0.0092877,2.57498,3.15697,2.30794,10,54841,42.0625,3.37524
1776813470065698403,1.56923,-0.642578,0.00835149,2.73267,3.15697,2.30794,10,54861,42.0779,3.37044
1776813470070697291,1.56923,-0.642578,0.0236942,2.72786,2.59321,2.22222,10,54883,42.0947,3.07208
1776813470075784325,1.56637,-0.642578,0.0377056,2.4295,2.59321,2.22222,10,54902,42.1093,3.22125
1776813470080712270,1.56637,-0.642578,0.0377056,2.4295,2.59321,2.22222,10,54902,42.1093,3.22125
1776813470085699565,1.55597,-0.716797,0.0748607,2.81104,1.92712,2.16357,10,54956,42.1507,3.52783
1776813470090715989,1.55597,-0.859375,0.083295,2.66846,1.84984,2.02282,10,54980,42.1691,3.68195
1776813470095684266,1.54507,-0.859375,0.09081,2.82257,1.84984,2.02282,10,54999,42.1837,3.8353
1776813470100689802,1.54507,-0.970703,0.105382,2.8646,2.16469,1.89681,10,55024,42.2029,3.83376
1776813470105685097,1.54009,-0.970703,0.119577,2.86306,2.16469,1.89681,10,55043,42.2175,3.98865
1776813470110689447,1.54009,-1.22461,0.134149,2.76404,2.29563,1.72339,10,55079,42.2451,4.14206
1776813470115678706,1.52911,-1.22461,0.150777,2.91745,2.29563,1.72339,10,55099,42.2604,4.29535
1776813470120682945,1.52911,-1.31836,0.166116,2.97699,2.24752,1.60652,10,55133,42.2865,4.14283
1776813470125679351,1.51609,-1.31836,0.17917,2.82447,2.24752,1.60652,10,55153,42.3018,4.14041
1776813470130689146,1.51609,-1.28906,0.194513,2.85134,2.1278,1.54766,10,55191,42.331,4.60205
1776813470135681404,1.49759,-1.28906,0.205156,3.31299,2.1278,1.54766,10,55213,42.3478,4.60297
1776813470140677866,1.49759,-1.26172,0.222028,3.34125,1.63587,1.45531,10,55251,42.377,4.59837
1776813470145689938,1.49759,-1.26172,0.251176,3.33665,1.63587,1.45531,10,55270,42.3916,4.14531
1776813470150681622,1.49047,-1.26172,0.258634,2.8836,1.41643,1.41361,10,55301,42.4153,4.44705
1776813470155687232,1.49047,-1.22461,0.282411,3.22244,1.41643,1.41361,10,55333,42.4399,4.29535
1776813470160661602,1.46686,-1.22461,0.283345,3.07074,1.23451,1.29562,10,55363,42.4629,4.29535
1776813470165696229,1.46686,-1.32031,0.306356,2.97504,1.23451,1.29562,10,55388,42.4821,4.29535
1776813470170681247,1.45319,-1.32031,0.311856,2.97504,1.08073,1.15997,10,55419,42.5058,4.29544
1776813470175686375,1.45319,-1.3457,-0.292685,2.94974,1.08073,1.15997,10,55445,42.5258,4.29449
1776813470180682522,1.43959,-1.3457,-0.286337,2.94879,0.96729,1.06446,10,55472,42.5465,4.14283
1776813470185687280,1.43959,-1.23047,-0.265631,2.91236,0.96729,1.06446,10,55485,42.5565,3.22113
1776813470190681445,1.42679,-1.23047,-0.268466,1.99066,1.12007,1.05345,10,55473,42.5473,-0.30664
1776813470195680963,1.42679,2.64648,-0.277674,2.33984,1.12007,1.05345,10,55462,42.5388,-2.45438
1776813470200679998,1.42915,2.64648,-0.283736,0.192108,2.45556,3.27753,10,55460,42.5373,-0.766754
1776813470205699737,1.42915,4.04688,-0.285269,3.28012,2.45556,3.27753,10,55458,42.5358,-0.153382
1776813470210663996,1.47205,4.04688,-0.24391,3.89349,2.58922,4.33104,10,55463,42.5396,0
1776813470215683013,1.47205,2.10547,-0.240077,2.10547,2.58922,4.33104,10,55473,42.5473,1.68652
1776813470220697530,1.47205,2.10547,-0.232409,3.79199,2.53834,3.22444,10,55480,42.5526,0.920868
1776813470225717176,1.5008,2.10547,-0.198283,3.02634,2.53834,3.22444,10,55491,42.5611,1.99316
1776813470230697064,1.5008,1.39258,-0.189845,3.38574,2.14346,2.98708,10,55508,42.5741,1.99432
1776813470235799265,1.52147,1.39258,-0.156138,3.3869,2.14346,2.98708,10,55514,42.5787,1.53458
1776813470240748135,1.52147,0.894531,-0.151537,2.42911,2.08563,2.82359,10,55532,42.5925,2.1481
1776813470245700672,1.52816,0.894531,-0.131045,3.04264,2.08563,2.82359,10,55544,42.6017,2.14682
1776813470250696411,1.52816,0.871094,-0.12184,3.01791,2.41706,2.849,10,55558,42.6125,1.84095
1776813470255686688,1.53734,0.871094,-0.10192,2.71204,2.41706,2.849,10,55569,42.6209,2.29781
1776813470260663631,1.53734,1.02148,-0.0934854,3.31929,2.69341,2.98779,10,55589,42.6362,2.30425
1776813470265682222,1.54711,1.02148,-0.0683771,3.32574,2.69341,2.98779,10,55605,42.6485,2.60773
1776813470270698313,1.54711,0.425781,-0.0561052,3.03351,3.39692,2.7045,10,55624,42.6631,2.75997
1776813470275697719,1.55352,0.425781,-0.0351243,3.18576,3.39692,2.7045,10,55637,42.673,2.76218
1776813470280701236,1.55352,0.00976562,-0.0251527,2.77195,3.53086,2.50417,10,55662,42.6922,2.91519
1776813470285683217,1.5555,0.00976562,-0.00400023,2.92496,3.53086,2.50417,10,55677,42.7037,3.06778
1776813470290682716,1.5555,-0.410156,0.00750488,2.65762,2.56679,2.27618,10,55706,42.726,3.37313
1776813470295678733,1.5555,-0.410156,0.0297484,2.96298,2.56679,2.27618,10,55722,42.7382,3.53001
1776813470300694824,1.55175,-0.410156,0.0382704,3.11985,1.98936,2.25466,10,55746,42.7566,3.37381
1776813470305681693,1.55175,-0.501953,0.0566763,2.87185,1.98936,2.25466,10,55772,42.7766,3.52783
1776813470310662137,1.54474,-0.501953,0.069612,3.02588,1.93758,2.16207,10,55797,42.7958,3.5293
1776813470315674524,1.54474,-0.525391,0.0887846,3.00391,1.93758,2.16207,10,55818,42.8119,3.52713
1776813470320678227,1.54225,-0.525391,0.102407,3.00174,1.88996,2.13439,10,55845,42.8326,3.83223
1776813470325690892,1.54225,-0.792969,0.123113,3.03926,1.88996,2.13439,10,55868,42.8502,3.8376
1776813470330692372,1.53248,-0.792969,0.130983,3.04464,2.20998,1.92547,10,55895,42.8709,3.8353
1776813470335688815,1.53248,-0.953125,0.151693,2.88217,2.20998,1.92547,10,55918,42.8886,3.68118
1776813470340678518,1.52363,-0.953125,0.160486,2.72806,2.34874,1.78296,10,55940,42.9054,3.83606
1776813470345688035,1.52363,-1.06055,0.177358,2.77552,2.34874,1.78296,10,55968,42.9269,3.98626
1776813470350678422,1.5131,-1.06055,0.188302,2.92571,2.26537,1.66054,10,55996,42.9476,3.83607
1776813470355683958,1.5131,-1.10742,0.209779,2.72865,2.26537,1.66054,10,56018,42.9653,3.83453
1776813470360680068,1.50246,-1.10742,0.216016,2.72711,1.82527,1.57178,10,56039,42.9814,3.68118
1776813470365704640,1.50246,-1.07617,0.232122,2.60501,1.82527,1.57178,10,56067,43.0028,3.68195
1776813470370685010,1.50246,-1.07617,0.253599,2.60577,1.42956,1.5896,10,56095,43.0243,3.98948
1776813470375681416,1.49135,-1.07617,0.263959,2.91331,1.42956,1.5896,10,56115,43.0397,4.14117
1776813470380686322,1.49135,-1.07617,0.263959,2.91331,1.42956,1.5896,10,56115,43.0397,4.14117
1776813470385700357,1.47529,-1.08008,0.306959,3.06116,1.36109,1.5223,10,56185,43.0934,4.14124
1776813470390684116,1.47529,-1.17188,-0.311388,2.96936,1.34287,1.37549,10,56215,43.1164,4.60205
1776813470395675337,1.46413,-1.17188,-0.299544,3.43018,1.34287,1.37549,10,56239,43.1348,4.7554
1776813470400675873,1.46413,-1.19922,-0.281134,3.55618,1.31044,1.29391,10,56267,43.1562,4.60205
1776813470405698056,1.45218,-1.19922,-0.271597,3.40283,1.31044,1.29391,10,56283,43.1685,3.68045
1776813470410658000,1.45218,-1.16602,-0.259325,2.51443,1.48708,1.24195,10,56263,43.1532,-1.22681
1776813470415692813,1.44658,-1.16602,-0.280272,-2.39282,1.48708,1.24195,10,56253,43.1455,-2.76218
1776813470420682052,1.44658,5.04688,-0.287939,2.28469,2.79567,4.74994,10,56252,43.1447,-0.460052
1776813470425684255,1.46961,5.04688,-0.265677,4.58682,2.79567,4.74994,10,56251,43.144,-0.153351
1776813470430682920,1.46961,3.86719,-0.266444,3.71384,2.87333,4.21422,10,56257,43.1486,0.15329
1776813470435686882,1.4908,3.86719,-0.240649,4.02048,2.87333,4.21422,10,56267,43.1562,1.99396
1776813470440697880,1.4908,0.859375,-0.232977,2.85333,2.64777,2.62459,10,56277,43.1639,1.07422
1776813470445694972,1.4908,0.859375,-0.22531,1.93359,2.64777,2.62459,10,56289,43.1731,2.30057
1776813470450678508,1.52571,0.859375,-0.1812,3.15994,2.05084,2.82815,10,56302,43.1831,1.84097
1776813470455679414,1.52571,0.859375,-0.1812,3.15994,2.05084,2.82815,10,56302,43.1831,1.84097
1776813470460660931,1.5441,0.808594,-0.132136,3.11008,1.86129,2.7992,10,56336,43.2092,2.30149
1776813470465674708,1.5441,0.869141,-0.126765,3.17063,1.86129,2.7992,10,56343,43.2145,2.30103
1776813470470687225,1.55352,0.869141,-0.111975,3.17017,2.43027,2.99405,10,56354,43.223,1.22757
1776813470475679890,1.55352,1.26758,-0.103537,2.49515,2.43027,2.99405,10,56365,43.2314,1.83984
1776813470480685407,1.56356,1.26758,-0.0850585,3.10742,2.81953,3.27864,10,56380,43.2429,1.99472
1776813470485692332,1.56356,0.873047,-0.0735534,2.86777,2.81953,3.27864,10,56394,43.2537,2.30103
1776813470490876975,1.57406,0.873047,-0.0523208,3.17407,3.69678,3.11364,10,56413,43.2682,2.60512
1776813470495721958,1.57406,0.347656,-0.0377448,2.95278,3.69678,3.11364,10,56428,43.2797,2.45683
1776813470500702050,1.58083,0.347656,-0.0194648,2.80449,3.65517,2.85269,10,56447,43.2943,2.60773
1776813470505758696,1.58083,-0.347656,-0.00489263,2.26007,3.65517,2.85269,10,56465,43.3081,2.91385
1776813470510741861,1.58069,-0.347656,0.00877162,2.56619,3.15329,2.45555,10,56487,43.325,3.06854
1776813470515690231,1.58069,-0.541016,0.025644,2.52753,3.15329,2.45555,10,56506,43.3396,3.2192
1776813470520715822,1.58069,-0.541016,0.0402162,2.67818,2.44079,2.34533,10,56527,43.3557,3.06962
1776813470525685784,1.57633,-0.541016,0.0519616,2.52861,2.44079,2.34533,10,56542,43.3672,3.06778
1776813470530681394,1.57633,-0.541016,0.0519616,2.52861,2.44079,2.34533,10,56542,43.3672,3.06778
1776813470535683652,1.57086,-0.535156,0.0917413,2.83932,2.11209,2.32387,10,56597,43.4094,3.37448
1776813470540688910,1.57086,-0.677734,0.100179,2.69675,2.2476,2.21146,10,56620,43.427,3.68268
1776813470545681020,1.56199,-0.677734,0.108957,3.00495,2.2476,2.21146,10,56634,43.4377,3.67971
1776813470550690130,1.55893,-0.759766,0.135801,3.0763,2.11123,2.1141,10,56671,43.4661,3.83606
1776813470555694369,1.55893,-0.96875,0.14501,2.86731,2.11123,2.1141,10,56694,43.4838,3.83377
1776813470560662424,1.54978,-0.96875,0.153497,2.86502,2.16116,1.92497,10,56717,43.5014,4.14366
1776813470565681682,1.54978,-1.08594,0.171137,3.05772,2.16116,1.92497,10,56744,43.5221,4.44159
1776813470570678551,1.54531,-1.08594,0.18738,3.35566,2.12847,1.83249,10,56775,43.5459,4.30061
1776813470575676901,1.54531,-1.18359,0.211157,3.11701,2.12847,1.83249,10,56805,43.5689,4.29363
1776813470580680955,1.52721,-1.18359,0.21607,3.11004,1.93617,1.67235,10,56829,43.5873,3.99024
1776813470585684917,1.52721,-1.13477,0.234476,2.85548,1.93617,1.67235,10,56855,43.6072,4.29544
1776813470590679786,1.52721,-1.13477,0.254419,3.16068,1.84804,1.70018,10,56885,43.6302,4.29535
1776813470595680489,1.52227,-1.13477,0.272489,3.16058,1.84804,1.70018,10,56911,43.6502,4.29449
1776813470600680080,1.52227,-1.17383,0.292429,3.12066,1.70408,1.64928,10,56939,43.6717,4.14283
1776813470605688393,1.49914,-1.17383,0.290769,2.969,1.70408,1.64928,10,56959,43.687,4.14041
1776813470610671540,1.49914,-1.2168,0.306108,2.92361,1.77394,1.49,10,56995,43.7146,4.44959
1776813470615683928,1.49392,-1.2168,-0.299818,3.23279,1.77394,1.49,10,57018,43.7323,4.60113
1776813470620680352,1.49392,-1.28516,-0.282179,3.31597,1.70026,1.42046,10,57053,43.7591,4.29449
1776813470625732554,1.47403,-1.28516,-0.275225,3.00933,1.70026,1.42046,10,57065,43.7683,3.22177
1776813470630684905,1.47403,-1.2832,-0.26602,1.93857,1.73712,1.30458,10,57061,43.7652,0.460052
1776813470635693922,1.46767,-1.2832,-0.275438,-0.823151,1.73712,1.30458,10,57052,43.7583,-1.99472
1776813470640679921,1.46767,1.33398,-0.282343,-0.660738,2.8309,2.75884,10,57049,43.756,-0.613158
1776813470645681327,1.46328,1.33398,-0.289038,0.720826,2.8309,2.75884,10,57049,43.756,0
1776813470650676530,1.46328,2.58789,-0.289038,2.58789,2.71846,3.44754,10,57054,43.7599,0.15332
1776813470655682640,1.5168,2.58789,-0.231684,2.74121,2.71846,3.44754,10,57063,43.7668,1.8406
1776813470660662417,1.5168,1.97656,-0.224779,3.81717,2.44749,3.41321,10,57073,43.7744,1.22681
1776813470665690359,1.5168,1.97656,-0.217108,3.20337,2.44749,3.41321,10,57084,43.7829,1.68796
1776813470670673358,1.52843,1.97656,-0.197046,3.66452,2.09633,3.48066,10,57099,43.7944,2.45438
1776813470675679079,1.52843,0.775391,-0.185541,3.22977,2.09633,3.48066,10,57114,43.8059,1.99472
1776813470680680615,1.55153,0.775391,-0.15093,2.77011,2.23689,2.9292,10,57131,43.8189,1.99353
1776813470685691465,1.55153,0.828125,-0.137892,2.82165,2.23689,2.9292,10,57145,43.8297,2.76053
1776813470690697408,1.55925,0.828125,-0.119432,3.58865,2.42665,3.0035,10,57158,43.8396,1.84095
1776813470695682092,1.55925,0.845703,-0.109461,2.68665,2.42665,3.0035,10,57172,43.8504,2.1481
1776813470700689554,1.5668,0.845703,-0.0911732,2.99381,2.974,3.05669,10,57190,43.8642,2.30103
1776813470705675831,1.5668,0.533203,-0.0773678,2.83423,2.974,3.05669,10,57207,43.8772,2.76053
1776813470710660607,1.57403,0.533203,-0.0571003,3.29373,3.68555,2.91977,10,57225,43.891,3.06916
1776813470715677476,1.57403,-0.171875,-0.0432949,2.89728,3.68555,2.91977,10,57250,43.9102,3.37448
1776813470720691456,1.57534,-0.171875,-0.0228138,3.20261,3.79215,2.52533,10,57274,43.9286,3.37448
1776813470725679325,1.57534,-0.726562,-0.00440411,2.64792,3.79215,2.52533,10,57301,43.9493,3.68195
1776813470730684083,1.5708,-0.726562,0.0117702,2.95538,2.82217,2.18331,10,57321,43.9647,3.52713
1776813470735718229,1.5708,-0.851562,0.0271091,2.67556,2.82217,2.18331,10,57343,43.9815,3.68195
1776813470740730006,1.5708,-0.851562,0.0439815,2.83038,2.1739,2.11206,10,57370,44.0022,3.68192
1776813470745688709,1.56282,-0.851562,0.0567074,2.83036,2.1739,2.11206,10,57389,44.016,3.98705
1776813470750775354,1.56282,-0.845703,0.0712795,3.14135,1.79679,2.06982,10,57420,44.0406,3.83453
1776813470755712613,1.55007,-0.845703,0.0823078,2.98883,1.79679,2.06982,10,57437,44.0536,3.68268
1776813470760665298,1.55007,-0.90625,0.0953464,2.77643,1.80647,1.96227,10,57468,44.0774,3.68192
1776813470765680667,1.54579,-0.90625,0.114847,2.77567,1.80647,1.96227,10,57487,44.092,3.83453
1776813470770685239,1.54579,-1.10352,0.129419,2.73101,1.92514,1.82524,10,57520,44.1173,4.13869
1776813470775703330,1.53087,-1.10352,0.139807,3.03517,1.92514,1.82524,10,57539,44.1319,3.83684
1776813470780681978,1.53087,-1.16211,0.154379,2.67473,1.98967,1.70577,10,57571,44.1564,3.98945
1776813470785689439,1.52522,-1.16211,0.173269,2.82734,1.98967,1.70577,10,57589,44.1702,3.8353
1776813470790678179,1.52522,-1.27148,0.187075,2.56382,1.98825,1.6107,10,57622,44.1955,3.83453
1776813470795704677,1.5066,-1.27148,0.193777,2.56305,1.98825,1.6107,10,57642,44.2109,4.2902
1776813470800683658,1.5066,-1.27539,0.209112,3.01481,1.79316,1.50023,10,57676,44.2369,4.14041
1776813470805687323,1.50049,-1.27539,0.229078,2.86502,1.79316,1.50023,10,57696,44.2523,3.99424
1776813470810654767,1.50049,-1.25195,0.244417,2.74229,1.70654,1.47788,10,57732,44.2799,4.29621
1776813470815673506,1.50049,-1.25195,0.272028,3.04426,1.70654,1.47788,10,57754,44.2968,4.60037
1776813470820677708,1.48159,-1.25195,0.270006,3.34841,1.63023,1.36699,10,57787,44.3221,4.60205
1776813470825687577,1.48159,-1.25195,0.270006,3.34841,1.63023,1.36699,10,57787,44.3221,4.60205
1776813470830692909,1.46238,-1.3125,-0.306204,3.2822,1.23879,1.33248,10,57861,44.3788,4.5947
1776813470835685760,1.46238,-1.29883,-0.295465,3.29587,1.23879,1.33248,10,57889,44.4003,4.76207
1776813470840681370,1.44926,-1.29883,-0.287107,3.46324,1.23407,1.14883,10,57914,44.4195,4.60205
1776813470845698090,1.44926,-1.26367,-0.267931,3.33838,1.23407,1.14883,10,57927,44.4295,3.22113
1776813470850685237,1.43674,-1.26367,-0.270483,1.95746,1.82883,1.09414,10,57919,44.4233,0.766908
1776813470855676699,1.43674,0.994141,-0.276617,1.76105,1.82883,1.09414,10,57905,44.4126,-2.76108
1776813470860657846,1.43101,0.994141,-0.293085,-1.76694,2.53642,2.34678,10,57904,44.4118,-0.920105
1776813470865683863,1.43101,4.87695,-0.293852,3.95685,2.53642,2.34678,10,57903,44.411,-0.153351
1776813470870679288,1.46974,4.87695,-0.255888,4.7236,2.51362,4.79052,10,57905,44.4126,-0.153351
1776813470875694194,1.46974,2.39453,-0.254354,2.24118,2.51362,4.79052,10,57919,44.4233,1.5332
1776813470880702451,1.50259,2.39453,-0.210764,3.92773,2.21692,3.56863,10,57927,44.4295,1.84097
1776813470885709487,1.50259,1.1875,-0.20463,3.02847,2.21692,3.56863,10,57939,44.4387,1.53458
1776813470890687912,1.50259,1.1875,-0.195425,2.72208,2.13688,2.88062,10,57953,44.4494,1.99393
1776813470895695022,1.51681,1.1875,-0.170469,3.18143,2.13688,2.88062,10,57961,44.4555,1.83984
1776813470900681058,1.51681,1.1875,-0.170469,3.18143,2.13688,2.88062,10,57961,44.4555,1.83984
1776813470905680538,1.53443,1.04297,-0.124468,3.1915,2.32738,2.88112,10,57994,44.4808,2.14853
1776813470910660018,1.53443,1.04297,-0.124468,3.1915,2.32738,2.88112,10,57994,44.4808,2.14853
1776813470915673091,1.54702,1.04883,-0.0942361,2.89017,2.43199,2.98658,10,58019,44.5,1.84134
1776813470920759403,1.54702,1.07227,-0.0896356,2.91361,2.94774,3.07248,10,58030,44.5085,2.14648
1776813470925697662,1.55381,1.07227,-0.0744035,3.21875,2.94774,3.07248,10,58040,44.5161,2.14596
1776813470930692383,1.55381,0.802734,-0.066736,2.94869,3.52866,2.95786,10,58061,44.5322,2.45585
1776813470935838657,1.55722,0.802734,-0.04722,3.25858,3.52866,2.95786,10,58074,44.5422,2.60773
1776813470940730898,1.55722,0.0234375,-0.0372484,2.63116,3.74443,2.5332,10,58097,44.5598,2.76218
1776813470945687750,1.56593,0.0234375,-0.0108964,2.78562,3.74443,2.5332,10,58112,44.5706,3.06793
1776813470950694285,1.56593,-0.384766,0.000608679,2.68316,3.08793,2.35035,10,58138,44.5913,3.06717
1776813470955683025,1.56505,-0.384766,0.0196631,2.6824,3.08793,2.35035,10,58154,44.6036,3.22113
1776813470960665839,1.56505,-0.673828,0.031935,2.5473,2.24425,2.18053,10,58181,44.6243,3.37659
1776813470965680059,1.56505,-0.673828,0.052645,2.70277,2.24425,2.18053,10,58197,44.6365,3.37381
1776813470970701669,1.56801,-0.673828,0.0678809,2.69998,1.79333,2.19746,10,58220,44.6542,3.37516
1776813470975695871,1.56801,-0.673828,0.0678809,2.69998,1.79333,2.19746,10,58220,44.6542,3.37516
1776813470980691537,1.5583,-0.609375,0.11339,3.07181,1.76688,2.2342,10,58281,44.701,3.68118
1776813470985686795,1.5583,-0.8125,0.122591,2.86868,1.76688,2.2342,10,58304,44.7186,3.98865
1776813470990774496,1.54899,-0.8125,0.130923,3.17615,1.94253,2.00947,10,58327,44.7362,4.14041
1776813470995703181,1.54899,-0.884766,0.148562,3.25564,1.94253,2.00947,10,58351,44.7547,3.98945
1776813471000686921,1.54345,-0.884766,0.16144,3.10468,2.15857,1.93646,10,58381,44.7777,4.13869
1776813471005696604,1.54345,-1.07812,0.18445,3.06056,2.15857,1.93646,10,58406,44.7968,4.14455
1776813471010679270,1.53353,-1.07812,0.193697,3.06643,2.01252,1.76899,10,58430,44.8153,4.29535
1776813471015687214,1.53353,-1.26367,0.212107,3.03168,2.01252,1.76899,10,58459,44.8375,4.14117
1776813471020680935,1.5212,-1.26367,0.222021,2.8775,2.00534,1.59184,10,58488,44.8597,3.98629
1776813471025690767,1.5212,-1.30469,0.244265,2.6816,2.00534,1.59184,10,58512,44.8781,3.99104
1776813471030680173,1.51522,-1.30469,0.256697,2.68635,1.72999,1.53374,10,58536,44.8965,4.14117
1776813471035686450,1.51522,-1.22461,0.275103,2.91656,1.72999,1.53374,10,58567,44.9203,4.29287
1776813471040697745,1.496,-1.22461,0.297301,2.76484,1.64146,1.57938,10,58602,44.9472,3.98945
1776813471045717410,1.496,-1.27539,0.306505,2.71405,1.64146,1.57938,10,58625,44.9648,3.99024
1776813471050701057,1.47973,-1.27539,0.307875,2.71485,1.38078,1.34268,10,58650,44.984,4.29373
1776813471055706982,1.47973,-1.30469,-0.301271,2.98904,1.38078,1.34268,10,58678,45.0055,4.5947
1776813471060673796,1.47129,-1.30469,-0.288236,3.29001,1.56603,1.27617,10,58703,45.0246,4.45494
1776813471065678332,1.47129,-1.30859,-0.269063,3.14634,1.56603,1.27617,10,58721,45.0384,3.37583
1776813471070678461,1.467,-1.30859,-0.259546,2.06724,1.34362,1.24856,10,58725,45.0415,1.38092
1776813471075704163,1.467,0.429688,-0.256479,1.81061,1.34362,1.24856,10,58707,45.0277,-2.76053
1776813471080696829,1.44995,0.429688,-0.287336,-2.33084,2.26653,2.13817,10,58705,45.0262,-0.766754
1776813471085714457,1.44995,3.52539,-0.288869,2.75864,2.26653,2.13817,10,58705,45.0262,0
1776813471090701419,1.45608,3.52539,-0.282732,3.52539,2.81347,3.93923,10,58706,45.0269,0
1776813471095694548,1.45608,2.34961,-0.281965,2.34961,2.81347,3.93923,10,58719,45.0369,1.53351
1776813471100682899,1.51903,2.34961,-0.209054,3.88312,2.17221,3.6388,10,58728,45.0438,1.68796
1776813471105690508,1.51903,1.24219,-0.20215,2.93015,2.17221,3.6388,10,58738,45.0515,1.53366
1776813471110669360,1.51903,1.24219,-0.194478,2.77585,2.06312,3.00757,10,58755,45.0645,2.45536
1776813471115674303,1.52468,1.24219,-0.175786,3.69755,2.06312,3.00757,10,58767,45.0737,1.99316
1776813471120689283,1.52468,0.816406,-0.166585,2.80957,2.34636,2.79767,10,58786,45.0883,2.1481
1776813471125689115,1.54295,0.816406,-0.133745,2.96451,2.34636,2.79767,10,58797,45.0967,2.30057
1776813471130703077,1.54295,0.683594,-0.12531,2.98416,2.52905,2.82751,10,58810,45.1067,1.84097
1776813471135687928,1.5549,0.683594,-0.103387,2.52457,2.52905,2.82751,10,58821,45.1151,1.8406
1776813471140695797,1.5574,1.00586,-0.0801787,3.46073,2.92978,3.07987,10,58845,45.1335,2.45487
1776813471145686722,1.5574,0.755859,-0.0740447,3.21073,2.92978,3.07987,10,58859,45.1443,2.30057
1776813471150746238,1.56959,0.755859,-0.0511069,3.05642,3.4548,3.0214,10,58876,45.1573,2.76163
1776813471155714849,1.56959,0.208984,-0.0380683,2.97061,3.4548,3.0214,10,58894,45.1711,3.06778
1776813471160664608,1.57395,0.208984,-0.0199103,3.27676,3.55922,2.73448,10,58912,45.1849,3.06778
1776813471165676273,1.57395,-0.0898438,-0.00610493,2.97794,3.55922,2.73448,10,58932,45.2003,3.37381
1776813471170710049,1.57413,-0.0898438,0.00942089,3.28396,3.14525,2.5652,10,58955,45.2179,3.37659
1776813471175698604,1.57413,-0.646484,0.02706,2.73011,3.14525,2.5652,10,58979,45.2363,3.2192
1776813471180695381,1.56653,-0.646484,0.0516801,2.42252,2.33878,2.24792,10,59006,45.257,3.06901
1776813471185694472,1.56653,-0.613281,0.0585771,2.45573,2.33878,2.24792,10,59026,45.2716,3.37457
1776813471190700175,1.56041,-0.613281,0.0677934,2.76129,2.32958,2.18852,10,59046,45.2877,3.37583
1776813471195686822,1.56041,-0.658203,0.0831361,2.71763,2.32958,2.18852,10,59067,45.3038,3.52859
1776813471200729265,1.55431,-0.658203,0.093142,2.87039,1.99611,2.12797,10,59087,45.3192,3.52713
1776813471205697912,1.55431,-0.761719,0.108481,2.76541,1.99611,2.12797,10,59109,45.336,3.68118
1776813471210692319,1.55216,-0.761719,0.123206,2.91946,1.91436,2.05664,10,59135,45.356,3.68268
1776813471215678336,1.55216,-1.08789,0.143145,2.59479,1.91436,2.05664,10,59165,45.379,3.98865
1776813471220686391,1.53645,-1.08789,0.15045,2.90076,1.94604,1.78033,10,59188,45.3966,3.98709
1776813471225699852,1.53645,-1.16406,0.168093,2.82302,1.94604,1.78033,10,59218,45.4196,4.14283
1776813471230697388,1.53326,-1.16406,0.187911,2.97876,1.97628,1.71849,10,59246,45.4411,3.98709
1776813471235690110,1.53326,-1.16406,0.187911,2.97876,1.97628,1.71849,10,59246,45.4411,3.98709
1776813471240806736,1.5095,-1.19922,0.222441,2.94195,1.73202,1.69845,10,59307,45.4879,4.14117
1776813471245716514,1.5095,-1.16211,0.232413,2.97906,1.73202,1.69845,10,59326,45.5025,4.29459
1776813471250684384,1.50095,-1.16211,0.256842,3.13324,1.76643,1.58168,10,59363,45.5308,4.29535
1776813471255680994,1.50095,-1.16211,0.256842,3.13324,1.76643,1.58168,10,59363,45.5308,4.29535
1776813471260662475,1.48638,-1.16602,0.285223,3.27735,1.74612,1.52954,10,59420,45.5746,4.44337
1776813471265760268,1.48638,-1.1875,0.295962,3.25587,1.74612,1.52954,10,59445,45.5937,4.29975
1776813471270699898,1.48034,-1.1875,0.309096,3.11225,1.73577,1.39637,10,59470,45.6129,4.4487
1776813471275704526,1.48034,-1.28711,-0.300046,3.16159,1.73577,1.39637,10,59501,45.6367,4.29449
1776813471280686248,1.46198,-1.28711,-0.294629,3.00738,1.70396,1.23111,10,59526,45.6559,4.29535
1776813471285683950,1.46198,-1.29688,-0.275457,2.99847,1.70396,1.23111,10,59552,45.6758,4.29459
1776813471290707838,1.45278,-1.29688,-0.264718,2.99771,1.4445,1.17088,10,59570,45.6896,3.68268
1776813471295699078,1.45278,-1.22656,-0.250913,2.45612,1.4445,1.17088,10,59571,45.6904,1.22656
1776813471300677355,1.43972,-1.22656,-0.263204,-1.07288e-06,1.92523,1.13314,10,59557,45.6796,-2.14691
1776813471305681428,1.43972,2.92969,-0.273942,0.782776,1.92523,1.13314,10,59551,45.675,-1.22732
1776813471310657945,1.44789,2.92969,-0.270368,1.70236,2.63536,3.55095,10,59549,45.6735,-0.306763
1776813471315678018,1.44789,3.68945,-0.271901,3.38269,2.63536,3.55095,10,59549,45.6735,-0.153351
1776813471320678795,1.44789,3.68945,-0.271901,3.5361,2.47516,3.98402,10,59563,45.6842,1.22656
1776813471325679905,1.49158,3.68945,-0.217473,4.91601,2.47516,3.98402,10,59570,45.6896,1.84097
1776813471330677459,1.49158,3.68945,-0.217473,4.91601,2.47516,3.98402,10,59570,45.6896,1.84097
1776813471335706309,1.52026,0.833984,-0.165792,2.97747,2.37173,2.6147,10,59598,45.7111,2.14348
1776813471340708105,1.52026,1.23242,-0.161958,3.3759,2.25344,3.00913,10,59610,45.7203,1.84429
1776813471345693159,1.53685,1.23242,-0.136159,3.07671,2.25344,3.00913,10,59621,45.7287,1.84024
1776813471350746361,1.53685,1.11914,-0.127725,2.95938,1.97281,3.04062,10,59634,45.7387,2.30149
1776813471355697231,1.54431,1.11914,-0.110296,3.42063,1.97281,3.04062,10,59642,45.7448,1.53382
1776813471360695082,1.54431,0.808594,-0.104158,2.34241,2.68511,2.9066,10,59660,45.7586,1.99393
1776813471365759154,1.55271,0.808594,-0.0819561,2.80252,2.68511,2.9066,10,59671,45.7671,2.30103
1776813471370706802,1.55271,0.746094,-0.073518,3.04712,3.55007,2.91923,10,59690,45.7817,2.30057
1776813471375684394,1.56168,0.746094,-0.0499661,3.04666,3.55007,2.91923,10,59704,45.7924,2.76218
1776813471380685504,1.56168,0.34375,-0.0392315,3.10593,3.77345,2.74133,10,59726,45.8093,2.76053
1776813471385681966,1.56693,0.34375,-0.0171139,3.10428,3.77345,2.74133,10,59740,45.82,2.76129
1776813471390703001,1.56693,-0.242188,-0.00637553,2.5191,3.29197,2.43729,10,59766,45.8399,3.06778
1776813471395683186,1.56693,-0.242188,0.0135639,2.82559,3.29197,2.43729,10,59781,45.8515,3.06839
1776813471400693851,1.56749,-0.242188,0.0256336,2.82621,2.44448,2.44051,10,59805,45.8699,3.52783
1776813471405693887,1.56749,-0.242188,0.0256336,2.82621,2.44448,2.44051,10,59805,45.8699,3.52783
1776813471410698182,1.55884,-0.617188,0.0699108,2.75797,2.08779,2.22676,10,59860,45.912,3.37516
1776813471415681292,1.55884,-0.611328,0.0775783,2.76383,2.08779,2.22676,10,59880,45.9274,3.52859
1776813471420685736,1.55273,-0.611328,0.0868061,2.91727,1.89923,2.14564,10,59901,45.9435,3.52713
1776813471425675105,1.55273,-0.652344,0.102916,2.87478,1.89923,2.14564,10,59923,45.9604,3.68268
1776813471430687493,1.54826,-0.652344,0.115321,3.03034,1.83563,2.09661,10,59945,45.9772,3.68118
1776813471435680362,1.54826,-0.859375,0.132193,2.82181,1.83563,2.09661,10,59975,46.0002,4.13869
1776813471440676398,1.54078,-0.859375,0.147723,3.27931,1.96402,1.93554,10,59997,46.0171,3.83684
1776813471445688749,1.54078,-1.0625,0.164599,2.77434,1.96402,1.93554,10,60025,46.0386,3.83606
1776813471450699562,1.53119,-1.0625,0.176482,2.77356,2.02844,1.7644,10,60047,46.0555,3.98709
1776813471455697950,1.53119,-1.19336,0.193358,2.79373,2.02844,1.7644,10,60077,46.0785,3.98466
1776813471460678357,1.5201,-1.19336,0.205279,2.7913,1.9267,1.62555,10,60099,46.0954,3.99344
1776813471465680078,1.5201,-1.21094,0.222152,2.7825,1.9267,1.62555,10,60123,46.1138,3.9831
1776813471470675428,1.50785,-1.21094,0.249785,2.62897,1.88422,1.61553,10,60163,46.1444,3.8399
1776813471475679575,1.50785,-1.17969,0.25899,2.66022,1.88422,1.61553,10,60187,46.1628,4.14041
1776813471480680722,1.4958,-1.17969,0.265345,2.96072,1.6516,1.49164,10,60211,46.1813,4.14283
1776813471485673703,1.4958,-1.13477,0.283755,3.00806,1.6516,1.49164,10,60237,46.2012,4.44337
1776813471490702516,1.48417,-1.13477,0.292064,3.3086,1.70827,1.44898,10,60261,46.2196,4.14698
1776813471495748348,1.48417,-1.19336,0.310473,2.95362,1.70827,1.44898,10,60294,46.2449,4.44705
1776813471500695755,1.4728,-1.19336,-0.303903,3.25369,1.62841,1.34857,10,60320,46.2649,4.60205
1776813471505707439,1.4728,-1.26758,-0.283959,3.33447,1.62841,1.34857,10,60356,46.2925,4.7554
1776813471510664716,1.46047,-1.26758,-0.268685,3.48782,1.64294,1.23326,10,60378,46.3093,4.29535
1776813471515687011,1.46047,-1.27539,-0.251813,3.01996,1.64294,1.23326,10,60392,46.3201,2.76163
1776813471520688028,1.44754,-1.27539,-0.254003,1.48624,1.81368,1.15195,10,60378,46.3093,-1.38092
1776813471525679416,1.44754,1.18945,-0.264741,-0.191467,1.81368,1.15195,10,60367,46.3009,-1.99356
1776813471530690619,1.44265,1.18945,-0.278062,-0.804108,2.52286,2.52778,10,60367,46.3009,-0.306579
1776813471535677081,1.44265,4.76953,-0.278062,4.46295,2.52286,2.52778,10,60366,46.3001,-0.154145
1776813471540680469,1.48176,4.76953,-0.234357,5.38382,2.60863,4.56843,10,60380,46.3109,0.614289
1776813471545684393,1.48176,4.76953,-0.234357,5.38382,2.60863,4.56843,10,60380,46.3109,0.614289
1776813471550686262,1.52064,0.8125,-0.177831,2.49936,2.1698,2.54469,10,60403,46.3285,1.68686
1776813471555692743,1.52064,1.33008,-0.17246,3.01694,2.1698,2.54469,10,60415,46.3377,1.99233
1776813471560671557,1.52824,1.33008,-0.155667,3.32241,2.05391,3.11106,10,60427,46.3469,2.14982
1776813471565682000,1.52824,0.681641,-0.146462,2.83147,2.05391,3.11106,10,60441,46.3577,2.1481
1776813471570700776,1.53654,0.681641,-0.127423,2.82974,1.65742,2.78944,10,60454,46.3676,2.45389
1776813471575684794,1.53654,0.822266,-0.117452,3.27615,1.65742,2.78944,10,60465,46.3761,1.68686
1776813471580686515,1.54522,0.822266,-0.100331,2.50912,2.2362,2.91963,10,60476,46.3845,1.68796
1776813471585677699,1.54522,1.12305,-0.0918969,2.81101,2.2362,2.91963,10,60491,46.396,1.99432
1776813471590688846,1.55413,1.12305,-0.0714769,3.11737,2.50555,3.14229,10,60502,46.4045,1.99472
1776813471595680216,1.55413,0.847656,-0.0630388,2.84238,2.50555,3.14229,10,60519,46.4175,2.29781
1776813471600684733,1.56438,0.847656,-0.03975,3.14546,3.57738,3.04399,10,60534,46.429,2.45782
1776813471605683176,1.56438,0.392578,-0.0282449,2.8504,3.57738,3.04399,10,60554,46.4443,2.60773
1776813471610657676,1.56438,0.392578,-0.012906,3.00031,3.63813,2.78459,10,60572,46.4581,3.06655
1776813471615670971,1.57107,0.392578,0.00758653,3.45913,3.63813,2.78459,10,60592,46.4735,3.37516
1776813471620679618,1.57107,-0.65625,0.0229254,2.71891,3.17505,2.22492,10,60620,46.495,3.37524
1776813471625756448,1.56857,-0.65625,0.0419035,2.71899,3.17505,2.22492,10,60636,46.5072,3.37381
1776813471630710985,1.56857,-0.8125,0.0541754,2.56131,2.2455,2.12162,10,60664,46.5287,3.22242
1776813471635685577,1.56084,-0.8125,0.067916,2.40992,2.2455,2.12162,10,60680,46.541,3.52859
1776813471640696465,1.56084,-0.773438,0.0801878,2.75516,1.99865,2.09968,10,60711,46.5648,3.68045
1776813471645683427,1.55275,-0.773438,0.0958815,2.90701,1.99865,2.09968,10,60729,46.5786,3.8353
1776813471650681370,1.55275,-0.839844,0.109687,2.99545,1.82234,2.01552,10,60761,46.6031,3.83453
1776813471655707017,1.54454,-0.839844,0.126014,2.99469,1.82234,2.01552,10,60780,46.6177,3.83606
1776813471660672627,1.54454,-0.980469,0.140586,2.8556,1.85583,1.88814,10,60814,46.6438,3.98788
1776813471665681719,1.53564,-0.980469,0.157764,3.00742,1.85583,1.88814,10,60835,46.6599,4.44603
1776813471670683440,1.53564,-1.15625,0.173873,3.28978,1.99073,1.73664,10,60872,46.6882,4.44514
1776813471675689605,1.52485,-1.15625,0.191459,3.28889,1.99073,1.73664,10,60892,46.7036,4.30051
1776813471680698363,1.52485,-1.23242,0.206801,3.06809,1.95377,1.63081,10,60926,46.7297,4.14206
1776813471685694603,1.52485,-1.23242,0.232879,2.90964,1.95377,1.63081,10,60946,46.745,4.142
1776813471690701528,1.51274,-1.23242,0.236106,2.90958,1.658,1.56047,10,60975,46.7672,4.28849
1776813471695690638,1.51274,-1.26562,0.258349,3.02286,1.658,1.56047,10,61006,46.791,4.14864
1776813471700684822,1.49413,-1.26562,0.263522,2.88301,1.48801,1.43286,10,61029,46.8087,3.98709
1776813471705707654,1.49413,-1.25195,0.281165,2.73513,1.48801,1.43286,10,61059,46.8317,4.13621
1776813471710682598,1.47597,-1.25195,0.286014,2.88425,1.44755,1.33388,10,61083,46.8501,4.14704
1776813471715679189,1.47597,-1.30469,0.304423,2.84235,1.44755,1.33388,10,61116,46.8746,4.44781
1776813471720679355,1.46961,-1.30469,-0.304951,3.14312,1.3699,1.26623,10,61140,46.8938,4.29707
1776813471725684391,1.46961,-1.35352,-0.286545,2.94355,1.3699,1.26623,10,61171,46.9176,4.14117
1776813471730688390,1.44961,-1.35352,-0.282761,2.78765,1.3948,1.11978,10,61192,46.9337,4.14124
1776813471735696981,1.44961,-1.33984,-0.266652,2.80139,1.3948,1.11978,10,61199,46.939,1.68796
1776813471740686721,1.443,-1.33984,-0.267899,0.348116,1.52539,1.08815,10,61191,46.9329,-0.766754
1776813471745695664,1.443,4.57422,-0.274033,3.80746,1.52539,1.08815,10,61180,46.9245,-1.99393
1776813471750722829,1.45065,4.57422,-0.274819,2.58029,2.67596,4.50477,10,61178,46.9229,-0.306763
1776813471755685995,1.45065,4.87109,-0.276353,4.56433,2.67596,4.50477,10,61178,46.9229,-0.153351
1776813471760670180,1.47388,4.87109,-0.246987,5.63785,2.49719,4.67399,10,61192,46.9337,0.766754
1776813471765678456,1.47388,2.36914,-0.242383,3.13589,2.49719,4.67399,10,61202,46.9413,1.99393
1776813471770680362,1.50613,2.36914,-0.202473,4.36307,2.61011,3.57482,10,61212,46.949,1.68762
1776813471775743490,1.50613,1.24023,-0.194802,2.92786,2.61011,3.57482,10,61225,46.959,2.14734
1776813471780797025,1.52106,1.24023,-0.169896,3.38758,2.10516,3.01826,10,61238,46.969,2.14553
1776813471785707525,1.52106,0.679688,-0.159928,2.82522,2.10516,3.01826,10,61254,46.9812,2.14982
1776813471790698784,1.5327,0.679688,-0.136021,2.82951,2.01484,2.76615,10,61269,46.9927,2.30103
1776813471795785003,1.5327,0.910156,-0.124516,3.21118,2.01484,2.76615,10,61279,47.0004,1.68762
1776813471800750762,1.54134,0.910156,-0.108197,2.59778,2.43956,2.94742,10,61289,47.0081,1.68618
1776813471805717687,1.54134,1.12695,-0.100526,2.81314,2.43956,2.94742,10,61305,47.0203,2.14767
1776813471810671502,1.55006,1.12695,-0.0795371,3.27463,2.84967,3.12113,10,61322,47.0334,2.30149
1776813471815674241,1.55006,0.490234,-0.0664984,2.79172,2.84967,3.12113,10,61338,47.0457,2.60825
1776813471820679370,1.56173,0.490234,-0.0425574,3.09848,3.59335,2.82509,10,61355,47.0587,2.91443
1776813471825679517,1.56173,0.191406,-0.0295188,3.10583,3.59335,2.82509,10,61378,47.0763,2.91519
1776813471830686960,1.56173,0.191406,-0.0118796,3.1066,3.37932,2.65475,10,61400,47.0932,3.22049
1776813471835683922,1.56337,0.191406,0.00663311,3.41189,3.37932,2.65475,10,61415,47.1047,3.21663
1776813471840690180,1.56337,-0.599609,0.0181382,2.61702,2.73899,2.21325,10,61442,47.1254,3.07147
1776813471845693753,1.55709,-0.599609,0.0325731,2.47186,2.73899,2.21325,10,61458,47.1377,3.37592
1776813471850703289,1.55709,-0.578125,0.0448449,2.79779,2.09315,2.18959,10,61486,47.1592,3.37448
1776813471855689214,1.55422,-0.578125,0.0634454,2.79636,2.09315,2.18959,10,61502,47.1714,3.5293
1776813471860660843,1.55422,-0.587891,0.0757173,2.94141,1.95976,2.16752,10,61530,47.1929,3.37381
1776813471865674342,1.54833,-0.587891,0.0913041,2.78592,1.95976,2.16752,10,61545,47.2044,3.22113
1776813471870683359,1.54833,-0.679688,0.102805,2.54144,2.14799,2.08139,10,61574,47.2267,3.37524
1776813471875703487,1.5421,-0.679688,0.118823,2.69556,2.14799,2.08139,10,61592,47.2405,3.68118
1776813471880700986,1.5421,-0.898438,0.132629,2.78275,2.38038,1.9209,10,61623,47.2642,3.8353
1776813471885684541,1.53057,-0.898438,0.14487,2.93686,2.38038,1.9209,10,61642,47.2781,3.8353
1776813471890690799,1.53057,-0.970703,0.159442,2.8646,2.29544,1.81311,10,61672,47.3018,3.68121
1776813471895697872,1.52563,-0.970703,0.177516,2.71051,2.29544,1.81311,10,61690,47.3156,3.68045
1776813471900695056,1.52563,-1.11133,0.191322,2.56912,1.89907,1.70438,10,61723,47.3409,3.98945
1776813471905708388,1.50986,-1.11133,0.215434,3.02991,1.89907,1.70438,10,61755,47.3655,4.14124
1776813471910664147,1.50986,-1.07227,0.225402,3.06897,1.6549,1.63497,10,61781,47.3854,3.98865
1776813471915681090,1.49886,-1.07227,0.234348,2.91638,1.6549,1.63497,10,61800,47.4,3.98705
1776813471920675274,1.49886,-1.04102,0.24892,2.94604,1.46322,1.58857,10,61828,47.4215,3.98948
1776813471925677458,1.48828,-1.04102,0.259818,2.94846,1.46322,1.58857,10,61849,47.4376,4.29535
1776813471930679420,1.48828,-1.06055,0.275924,3.2348,1.51937,1.51542,10,61886,47.466,4.44959
1776813471935684678,1.4831,-1.06055,0.299129,3.38904,1.51937,1.51542,10,61907,47.4821,4.4487
1776813471940679436,1.4831,-1.17773,-0.313084,3.27097,1.57247,1.4182,10,61943,47.5097,4.14041
1776813471945707083,1.46624,-1.17773,-0.302338,2.96267,1.57247,1.4182,10,61964,47.5258,4.44781
1776813471950700174,1.46624,-1.18164,-0.286232,3.26617,1.46393,1.31644,10,61999,47.5526,4.4487
1776813471955693173,1.46025,-1.18164,-0.265377,3.26706,1.46393,1.31644,10,62015,47.5649,3.833
1776813471960664191,1.46025,-1.15039,-0.253106,2.68261,1.61176,1.29875,10,62019,47.568,1.53519
1776813471965672912,1.4485,-1.15039,-0.261784,0.384802,1.61176,1.29875,10,62004,47.5565,-2.60773
1776813471970687170,1.4485,2.11328,-0.273289,-0.494446,2.56184,3.08923,10,61997,47.5511,-1.38092
1776813471975680984,1.44891,2.11328,-0.278248,2.11328,2.56184,3.08923,10,61997,47.5511,0
1776813471980685242,1.44891,4.29688,-0.278248,4.29688,2.90228,4.33632,10,61998,47.5519,0
1776813471985680741,1.48848,4.29688,-0.237912,4.29688,2.90228,4.33632,10,62007,47.5588,1.22708
1776813471990691703,1.48848,0.832031,-0.231011,2.05911,2.81902,2.59535,10,62020,47.5687,1.68796
1776813471995683461,1.52536,0.832031,-0.184155,2.51999,2.81902,2.59535,10,62029,47.5749,1.6872
1776813472000688386,1.52536,1.37891,-0.177254,3.0661,2.25782,3.12226,10,62046,47.5887,1.99393
1776813472005744699,1.53084,1.37891,-0.158741,3.37283,2.25782,3.12226,10,62055,47.5956,2.14767
1776813472010691439,1.53084,1.01367,-0.151837,3.16135,1.81781,2.94576,10,62072,47.6086,1.84134
1776813472015683939,1.54715,1.01367,-0.122483,2.85501,1.81781,2.94576,10,62080,47.6148,1.99432
1776813472020701752,1.54715,0.796875,-0.116345,2.7912,2.44634,2.91629,10,62095,47.6263,1.68652
1776813472025682381,1.55179,0.796875,-0.100205,2.4834,2.44634,2.91629,10,62105,47.6339,1.84097
1776813472030682047,1.55179,0.845703,-0.0925373,2.68668,3.01932,2.97075,10,62123,47.6477,2.30103
1776813472035679435,1.56484,0.845703,-0.0656742,3.14673,3.01932,2.97075,10,62135,47.6569,2.45487
1776813472040717933,1.56484,0.515625,-0.0564694,2.97049,3.71478,2.85736,10,62157,47.6738,2.45438
1776813472045682878,1.56827,0.515625,-0.0269703,3.27615,3.71478,2.85736,10,62177,47.6892,2.76053
1776813472050692173,1.56827,-0.234375,-0.0208325,2.52615,3.40317,2.4494,10,62196,47.7037,2.60773
1776813472055684487,1.57028,-0.234375,-0.00424997,2.37335,3.40317,2.4494,10,62212,47.716,3.06717
1776813472060664746,1.57028,-0.439453,0.00802192,2.62771,2.89071,2.34398,10,62233,47.7321,3.06977
1776813472065690707,1.56864,-0.439453,0.0224949,2.63032,2.89071,2.34398,10,62249,47.7444,3.37381
1776813472070680540,1.56864,-0.576172,0.0347668,2.79763,2.11316,2.25673,10,62277,47.7659,3.37516
1776813472075688039,1.56034,-0.576172,0.0479427,2.79898,2.11316,2.25673,10,62292,47.7774,3.22189
1776813472080684445,1.56034,-0.583984,0.0594479,2.63791,2.02702,2.20485,10,62320,47.7988,3.22049
1776813472085707185,1.55731,-0.583984,0.0778805,2.6365,2.02702,2.20485,10,62337,47.8119,3.52713
1776813472090699091,1.55731,-0.693359,0.0909229,2.83377,1.95905,2.12511,10,62369,47.8364,3.83606
1776813472095689794,1.54818,-0.693359,0.106342,3.1427,1.95905,2.12511,10,62387,47.8502,3.83453
1776813472100678849,1.54818,-0.767578,0.120147,3.06696,2.03144,2.03045,10,62420,47.8755,3.98945
1776813472105683793,1.54441,-0.767578,0.141689,3.22187,2.03144,2.03045,10,62437,47.8886,3.68118
1776813472110659348,1.54441,-0.767578,0.141689,3.22187,2.03144,2.03045,10,62437,47.8886,3.68118
