timestamp,torso_pitch,torso_pitch_rate,wheel_pos,wheel_vel,wheel_torque,wheel_cmd_torque,mot_drv_mode,encoder_steps,encoder_ang,encoder_speed
1776812876375664839,0,0,0,0,0,0,0,-3,-0.00230097,0
1776812876380464982,0,0,0.314159,0,0,0,0,-3,-0.00230097,0
1776812876385424505,0,0,0.314159,0,0,0,0,-3,-0.00230097,0
1776812876390396618,0,0,0.314159,0,0,0,0,-3,-0.00230097,0
1776812876395402508,0,0,0.314159,0,0,0,0,-3,-0.00230097,0
1776812876400393232,0,0,0.314159,0,0,0,0,-3,-0.00230097,0
1776812876405407917,0,0,0.314159,0,0,0,0,-3,-0.00230097,0
1776812876410409807,0,0,0.314159,0,0,0,0,-3,-0.00230097,0
1776812876415449546,0,0,0.314159,0,0,0,0,-3,-0.00230097,0
1776812876420381625,0,0,0.314159,0,0,0,0,-3,-0.00230097,0
1776812876425401570,0,0,0.314159,0,0,0,0,-3,-0.00230097,0
1776812876430392645,0,0,0.314159,0,0,0,0,-3,-0.00230097,0
1776812876435479437,0,0,0.314159,0,0,0,0,-3,-0.00230097,0
1776812876440431626,0,0,0.314159,0,0,0,0,-3,-0.00230097,0
1776812876445428924,0,0,0.314159,0,0,0,0,-3,-0.00230097,0
1776812876450394482,0,0,0.314159,0,0,0,0,-3,-0.00230097,0
1776812876455390947,0,0,0.314159,0,0,0,0,-3,-0.00230097,0
1776812876460388670,0,0,0.314159,0,0,0,0,-3,-0.00230097,0
1776812876465394819,0,0,0.314159,0,0,0,0,-3,-0.00230097,0
1776812876470367914,0,0,0.314159,0,0,0,0,-3,-0.00230097,0
1776812876475391599,0,0,0.314159,0,0,0,0,-3,-0.00230097,0
1776812876480398007,0,0,0.314159,0,0,0,0,-3,-0.00230097,0
1776812876485395508,0,0,0.314159,0,0,0,0,-3,-0.00230097,0
1776812876490388676,0,0,0.314159,0,0,0,0,-3,-0.00230097,0
1776812876495398306,0,0,0.314159,0,0,0,0,-3,-0.00230097,0
1776812876500389882,0,0,0.314159,0,0,0,0,-3,-0.00230097,0
1776812876505391901,0,0,0.314159,0,0,0,0,-3,-0.00230097,0
1776812876510391235,0,0,0.314159,0,0,0,0,-3,-0.00230097,0
1776812876515393866,0,0,0.314159,0,0,0,0,-3,-0.00230097,0
1776812876520370202,0,0,0.314159,0,0,0,0,-3,-0.00230097,0
1776812876525446994,0,0,0.314159,0,0,0,0,-3,-0.00230097,0
1776812876530423867,0,0,0.314159,0,0,0,0,-3,-0.00230097,0
1776812876535403980,0,0,0.314159,0,0,0,0,-3,-0.00230097,0
1776812876540395371,0,0,0.314159,0,0,0,0,-3,-0.00230097,0
1776812876545393705,0,0,0.314159,0,0,0,0,-3,-0.00230097,0
1776812876550400891,0,0,0.314159,0,0,0,0,-3,-0.00230097,0
1776812876555396226,0,0,0.314159,0,0,0,0,-3,-0.00230097,0
1776812876560469963,nan,0.00585938,inf,0.00585938,0,0,0,-3,-0.00230097,0
1776812876565393820,nan,0.00585938,inf,0.00585938,0,0,2,-3,-0.00230097,0
1776812876570377711,3.10605,0.00585938,0.314159,0.00585938,0,0,11,-3,-0.00230097,0
1776812876575388841,3.10605,0.00585938,0.314159,0.00585938,0,0,0,-3,-0.00230097,0
1776812876580395823,3.10605,0.00585938,0.314159,0.00585938,0,0,0,-3,-0.00230097,0
1776812876585406639,3.10605,-0.00195312,0.314159,-0.00195312,0,0,3,-3,-0.00230097,0
1776812876590415695,3.10593,-0.00195312,0.314159,-0.00195312,0,0,10,-3,-0.00230097,0
1776812876595398011,3.10593,-0.00195312,0.314159,-0.00195312,0,0,10,-3,-0.00230097,0
1776812876600403401,3.10593,0,0.314159,0,0,0,10,-3,-0.00230097,0
1776812876605392866,3.10593,0,0.314159,0,0,0,10,-3,-0.00230097,0
1776812876610422513,3.10593,-0.00195312,0.314159,-0.00195312,0,0,10,-3,-0.00230097,0
1776812876615394905,3.10593,-0.00195312,0.314159,-0.00195312,0,0,10,-3,-0.00230097,0
1776812876620371333,3.10593,-0.00195312,0.314159,-0.00195312,0,0,10,-3,-0.00230097,0
1776812876625391351,3.10593,0.00585938,0.314159,0.00585938,0,0,10,-3,-0.00230097,0
1776812876630395963,3.10593,0.00585938,0.314159,0.00585938,0,0,10,-3,-0.00230097,0
1776812876635452683,3.10593,0.00585938,0.314159,0.00585938,0,0,10,-3,-0.00230097,0
1776812876640399835,3.10593,0,0.314159,0,0,0,10,-3,-0.00230097,0
1776812876645403336,3.10593,0.00195312,0.314159,0.00195312,0,0,10,-3,-0.00230097,0
1776812876650390560,3.10593,0.00195312,0.314159,0.00195312,0,0,10,-3,-0.00230097,0
1776812876655397764,3.10593,-0.00195312,0.314159,-0.00195312,0,0,10,-3,-0.00230097,0
1776812876660389118,3.10593,-0.00195312,0.314159,-0.00195312,0,0,10,-3,-0.00230097,0
1776812876665395452,3.10593,0,0.314159,0,0,0,10,-3,-0.00230097,0
1776812876670371065,3.10593,0,0.314159,0,0,0,10,-3,-0.00230097,0
1776812876675386788,3.10593,0,0.314159,0,0,0,10,-3,-0.00230097,0
1776812876680390140,3.10593,0,0.314159,0,0,0,10,-3,-0.00230097,0
1776812876685485635,3.10593,-0.00195312,0.314159,-0.00195312,0,0,10,-3,-0.00230097,0
1776812876690412511,3.10593,-0.00195312,0.314159,-0.00195312,0,0,10,-3,-0.00230097,0
1776812876695429437,3.10593,-0.00390625,0.314159,-0.00390625,0,0,10,-3,-0.00230097,0
1776812876700430919,3.10593,-0.00390625,0.314159,-0.00390625,0,0,10,-3,-0.00230097,0
1776812876705395052,3.10593,0,0.314159,0,0,0,10,-3,-0.00230097,0
1776812876710392942,3.10593,0,0.314159,0,0,0,10,-3,-0.00230097,0
1776812876715394906,3.10593,0,0.314159,0,0,0,10,-3,-0.00230097,0
1776812876720391259,3.10593,0,0.314159,0,0,0,10,-3,-0.00230097,0
1776812876725410333,3.10593,0.00195312,0.314159,0.00195312,0,0,10,-3,-0.00230097,0
1776812876730406816,3.10593,0.00195312,0.314159,0.00195312,0,0,10,-3,-0.00230097,0
1776812876735402947,3.10593,0.00195312,0.314159,0.00195312,0,0,10,-3,-0.00230097,0
1776812876740413466,3.10593,0.00195312,0.314159,0.00195312,0,0,10,-3,-0.00230097,0
1776812876745412744,3.10593,0.00195312,0.314159,0.00195312,0,0,10,-3,-0.00230097,0
1776812876750402839,3.10593,0.00390625,0.314159,0.00390625,0,0,10,-3,-0.00230097,0
1776812876755395136,3.10605,0.00390625,0.314159,0.00390625,0,0,10,-3,-0.00230097,0
1776812876760400637,3.10605,0.00195312,0.314159,0.00195312,0,0,10,-3,-0.00230097,0
1776812876765404619,3.10605,0.00195312,0.314159,0.00195312,0,0,10,-3,-0.00230097,0
1776812876770377326,3.10593,0,0.314159,0,0,0,10,-3,-0.00230097,0
1776812876775388271,3.10605,0,0.314159,0,0,0,10,-3,-0.00230097,0
1776812876780416029,3.10605,-0.00195312,0.314159,-0.00195312,0,0,10,-3,-0.00230097,0
1776812876785398790,3.10605,-0.00390625,0.314159,-0.00390625,0,0,10,-3,-0.00230097,0
1776812876790404532,3.10593,-0.00390625,0.314159,-0.00390625,0,0,10,-3,-0.00230097,0
1776812876795735623,3.10593,-0.00195312,0.314159,-0.00195312,0,0,10,-3,-0.00230097,0
1776812876800429273,3.10593,-0.00195312,0.314159,-0.00195312,0,0,10,-3,-0.00230097,0
1776812876805407312,3.10593,-0.00195312,0.314159,-0.00195312,0,0,10,-3,-0.00230097,0
1776812876810405314,3.10593,-0.00195312,0.314159,-0.00195312,0,0,10,-3,-0.00230097,0
1776812876815415851,3.10593,0,0.314159,0,0,0,10,-3,-0.00230097,0
1776812876820384206,3.10593,0,0.314159,0,0,0,10,-3,-0.00230097,0
1776812876825393836,3.10593,-0.00195312,0.314159,-0.00195312,0,0,10,-3,-0.00230097,0
1776812876830401670,3.10593,-0.00195312,0.314159,-0.00195312,0,0,10,-3,-0.00230097,0
1776812876835409170,3.10593,0.00195312,0.314159,0.00195312,0,0,10,-3,-0.00230097,0
1776812876840401783,3.10593,0.00195312,0.314159,0.00195312,0,0,10,-3,-0.00230097,0
1776812876845407654,3.10593,-0.00390625,0.314159,-0.00390625,0,0,10,-3,-0.00230097,0
1776812876850411099,3.10593,-0.00195312,0.314159,-0.00195312,0,0,10,-3,-0.00230097,0
1776812876855481540,3.10593,-0.00195312,0.314159,-0.00195312,0,0,10,-3,-0.00230097,0
1776812876860419564,3.10593,0,0.314159,0,0,0,10,-3,-0.00230097,0
1776812876865405695,3.10593,0,0.314159,0,0,0,10,-3,-0.00230097,0
1776812876870371550,3.10593,-0.00390625,0.314159,-0.00390625,0,0,10,-3,-0.00230097,0
1776812876875399179,3.10593,-0.00390625,0.314159,-0.00390625,0,0,10,-3,-0.00230097,0
1776812876880391032,3.10593,0,0.314159,0,0,0,10,-3,-0.00230097,0
1776812876885396940,3.10593,0,0.314159,0,0,0,10,-3,-0.00230097,0
1776812876890452864,3.10593,-0.00195312,0.314159,-0.00195312,0,0,10,-3,-0.00230097,0
1776812876895416497,3.10593,-0.00195312,0.314159,-0.00195312,0,0,10,-3,-0.00230097,0
1776812876900397147,3.10593,-0.00195312,0.314159,-0.00195312,0,0,10,-3,-0.00230097,0
1776812876905414443,3.10593,0,0.314159,0,0,0,10,-3,-0.00230097,0
1776812876910396723,3.10593,0,0.314159,0,0,0,10,-3,-0.00230097,0
1776812876915420482,3.10593,-0.00195312,0.314159,-0.00195312,0,0,10,-3,-0.00230097,0
1776812876920386707,3.10593,-0.00195312,0.314159,-0.00195312,0,0,10,-3,-0.00230097,0
1776812876925413558,3.10593,0,0.314159,0,0,0,10,-3,-0.00230097,0
1776812876930401208,3.10581,0,0.314159,0,0,0,10,-3,-0.00230097,0
1776812876935404098,3.10581,-0.00195312,0.314159,-0.00195312,0,0,10,-3,-0.00230097,0
1776812876940412117,3.10593,-0.00195312,0.314159,-0.00195312,0,0,10,-3,-0.00230097,0
1776812876945401119,3.10593,-0.00195312,0.314159,-0.00195312,0,0,10,-3,-0.00230097,0
1776812876950435803,3.10593,-0.00195312,0.314159,-0.00195312,0,0,10,-3,-0.00230097,0
1776812876955412324,3.10593,0.00390625,0.314159,0.00390625,0,0,10,-3,-0.00230097,0
1776812876960421361,3.10593,0.00390625,0.314159,0.00390625,0,0,10,-3,-0.00230097,0
1776812876965399012,3.10593,0,0.314159,0,0,0,10,-3,-0.00230097,0
1776812876970377644,3.10593,0,0.314159,0,0,0,10,-3,-0.00230097,0
1776812876975391922,3.10593,0,0.314159,0,0,0,10,-3,-0.00230097,0
1776812876980394589,3.10593,-0.00195312,0.314159,-0.00195312,0,0,10,-3,-0.00230097,0
1776812876985392146,3.10581,-0.00195312,0.314159,-0.00195312,0,0,10,-3,-0.00230097,0
1776812876990398461,3.10581,0,0.314159,0,0,0,10,-3,-0.00230097,0
1776812876995394944,3.10581,0,0.314159,0,0,0,10,-3,-0.00230097,0
1776812877000404870,3.10581,-0.00195312,0.314159,-0.00195312,0,0,10,-3,-0.00230097,0
1776812877005400706,3.10581,-0.00195312,0.314159,-0.00195312,0,0,10,-3,-0.00230097,0
1776812877010396930,3.10581,-0.00195312,0.314159,-0.00195312,0,0,10,-3,-0.00230097,0
1776812877015406227,3.10581,-0.00195312,0.314159,-0.00195312,0,0,10,-3,-0.00230097,0
1776812877020374823,3.10581,0,0.314159,0,0,0,10,-3,-0.00230097,0
1776812877025475189,3.10581,0,0.314159,0,0,0,10,-3,-0.00230097,0
1776812877030428379,3.10581,-0.00390625,0.314159,-0.00390625,0,0,10,-3,-0.00230097,0
1776812877035402271,3.10581,-0.00390625,0.314159,-0.00390625,0,0,10,-3,-0.00230097,0
1776812877040555207,3.10581,-0.00195312,0.314159,-0.00195312,0,0,10,-3,-0.00230097,0
1776812877045440920,3.10581,-0.00195312,0.314159,-0.00195312,0,0,10,-3,-0.00230097,0
1776812877050404739,3.10581,0,0.314159,0,0,0,10,-3,-0.00230097,0
1776812877055414221,3.10581,0,0.314159,0,0,0,10,-3,-0.00230097,0
1776812877060420519,3.10581,0.00195312,0.314159,0.00195312,0,0,10,-3,-0.00230097,0
1776812877065404540,3.10569,0.00195312,0.314159,0.00195312,0,0,10,-3,-0.00230097,0
1776812877070385894,3.10569,0,0.314159,0,0,0,10,-3,-0.00230097,0
1776812877075396618,3.10569,0,0.314159,0,0,0,10,-3,-0.00230097,0
1776812877080405174,3.10569,0.00195312,0.314159,0.00195312,0,0,10,-3,-0.00230097,0
1776812877085417916,3.10569,0.00195312,0.314159,0.00195312,0,0,10,-3,-0.00230097,0
1776812877090413195,3.10569,0,0.314159,0,0,0,10,-3,-0.00230097,0
1776812877095406994,3.10569,0,0.314159,0,0,0,10,-3,-0.00230097,0
1776812877100391959,3.10569,0.00195312,0.314159,0.00195312,0,0,10,-3,-0.00230097,0
1776812877105397979,3.10581,0.00195312,0.314159,0.00195312,0,0,10,-3,-0.00230097,0
1776812877110404684,3.10581,0.00195312,0.314159,0.00195312,0,0,10,-3,-0.00230097,0
1776812877115407186,3.10581,0.00195312,0.314159,0.00195312,0,0,10,-3,-0.00230097,0
1776812877120383837,3.10569,0.00195312,0.314159,0.00195312,0,0,10,-3,-0.00230097,0
1776812877125384227,3.10569,-0.00195312,0.314159,-0.00195312,0,0,10,-3,-0.00230097,0
1776812877130428874,3.10581,-0.00390625,0.314159,-0.00390625,0,0,10,-3,-0.00230097,0
1776812877135407822,3.10581,-0.00390625,0.314159,-0.00390625,0,0,10,-3,-0.00230097,0
1776812877140449006,3.10581,0.00195312,0.314159,0.00195312,0,0,10,-3,-0.00230097,0
1776812877145421046,3.10581,0.00195312,0.314159,0.00195312,0,0,10,-3,-0.00230097,0
1776812877150406086,3.10581,-0.00195312,0.314159,-0.00195312,0,0,10,-3,-0.00230097,0
1776812877155397403,3.10581,-0.00195312,0.314159,-0.00195312,0,0,10,-3,-0.00230097,0
1776812877160416755,3.10581,-0.00585938,0.314159,-0.00585938,0,0,10,-3,-0.00230097,0
1776812877165404498,3.10569,-0.00585938,0.314159,-0.00585938,0,0,10,-3,-0.00230097,0
1776812877170386797,3.10569,-0.00195312,0.314159,-0.00195312,0,0,10,-3,-0.00230097,0
1776812877176674089,3.10569,-0.00195312,0.314159,-0.00195312,0,0,10,-3,-0.00230097,0
1776812877180725391,3.10569,-0.00195312,0.314159,-0.00195312,0,0,10,-3,-0.00230097,0
1776812877185397968,3.10569,0,0.314159,0,0,0,10,-3,-0.00230097,0
1776812877190380323,3.10569,0,0.314159,0,0,0,10,-3,-0.00230097,0
1776812877195404249,3.10569,0,0.314159,0,0,0,10,-3,-0.00230097,0
1776812877200481209,3.10569,0,0.314159,0,0,0,10,-3,-0.00230097,0
1776812877205423010,3.10569,0.00195312,0.314159,0.00195312,0,0,10,-3,-0.00230097,0
1776812877210443474,3.10569,0.00195312,0.314159,0.00195312,0,0,10,-3,-0.00230097,0
1776812877215403163,3.10569,0.00195312,0.314159,0.00195312,0,0,10,-3,-0.00230097,0
1776812877220377703,3.10569,0.00195312,0.314159,0.00195312,0,0,10,-3,-0.00230097,0
1776812877225395370,3.10581,0.00195312,0.314159,0.00195312,0,0,10,-3,-0.00230097,0
1776812877230426944,3.10581,0.00195312,0.314159,0.00195312,0,0,10,-3,-0.00230097,0
1776812877235411798,3.10581,0.00195312,0.314159,0.00195312,0,0,10,-3,-0.00230097,0
1776812877240409208,3.10581,0,0.314159,0,0,0,10,-3,-0.00230097,0
1776812877245413839,3.10581,0,0.314159,0,0,0,10,-3,-0.00230097,0
1776812877250442190,3.10569,0,0.314159,0,0,0,10,-3,-0.00230097,0
1776812877255415934,3.10569,0.00195312,0.314159,0.00195312,0,0,10,-3,-0.00230097,0
1776812877260402029,3.10569,-0.00390625,0.314159,-0.00390625,0,0,10,-3,-0.00230097,0
1776812877265423326,3.10569,-0.00390625,0.314159,-0.00390625,0,0,10,-3,-0.00230097,0
1776812877270375201,3.10569,-0.00195312,0.314159,-0.00195312,0,0,10,-3,-0.00230097,0
1776812877275394276,3.10569,-0.00195312,0.314159,-0.00195312,0,0,10,-3,-0.00230097,0
1776812877280394166,3.10569,0.00390625,0.314159,0.00390625,0,0,10,-3,-0.00230097,0
1776812877285397723,3.10569,0.00390625,0.314159,0.00390625,0,0,10,-3,-0.00230097,0
1776812877290403947,3.10569,-0.00195312,0.314159,-0.00195312,0,0,10,-3,-0.00230097,0
1776812877295412781,3.10569,-0.00195312,0.314159,-0.00195312,0,0,10,-3,-0.00230097,0
1776812877300396543,3.10569,0,0.314159,0,0,0,10,-3,-0.00230097,0
1776812877305458467,3.10569,0,0.314159,0,0,0,10,-3,-0.00230097,0
1776812877310484837,3.10569,-0.00195312,0.314159,-0.00195312,0,0,10,-3,-0.00230097,0
1776812877315417380,3.10569,-0.00195312,0.314159,-0.00195312,0,0,10,-3,-0.00230097,0
1776812877320456435,3.10569,0.00195312,0.314159,0.00195312,0,0,10,-3,-0.00230097,0
1776812877325471083,3.10569,0.00195312,0.314159,0.00195312,0,0,10,-3,-0.00230097,0
1776812877330441476,3.10569,0.00195312,0.314159,0.00195312,0,0,10,-3,-0.00230097,0
1776812877335404758,3.10569,0.00195312,0.314159,0.00195312,0,0,10,-3,-0.00230097,0
1776812877340409426,3.10569,0.00195312,0.314159,0.00195312,0,0,10,-3,-0.00230097,0
1776812877345409149,3.10569,0.00195312,0.314159,0.00195312,0,0,10,-3,-0.00230097,0
1776812877350409540,3.10569,0.00195312,0.314159,0.00195312,0,0,10,-3,-0.00230097,0
1776812877355403005,3.10569,0,0.314159,0,0,0,10,-3,-0.00230097,0
1776812877360417765,3.10569,0,0.314159,0,0,0,10,-3,-0.00230097,0
1776812877365420081,3.10569,-0.00195312,0.314159,-0.00195312,0,0,10,-3,-0.00230097,0
1776812877370413454,3.10569,-0.00195312,0.314159,-0.00195312,0,0,10,-3,-0.00230097,0
1776812877375401567,3.10569,-0.00390625,0.314159,-0.00390625,0,0,10,-3,-0.00230097,0
1776812877380422012,3.10569,-0.00390625,0.314159,-0.00390625,0,0,10,-3,-0.00230097,0
1776812877385401996,3.10557,-0.00390625,0.314159,-0.00390625,0,0,10,-3,-0.00230097,0
1776812877390399331,3.10557,0,0.314159,0,0,0,10,-3,-0.00230097,0
1776812877395432757,3.10557,0,0.314159,0,0,0,10,-3,-0.00230097,0
1776812877400414315,3.10557,0.00195312,0.314159,0.00195312,0,0,10,-3,-0.00230097,0
1776812877405397281,3.10557,0.00195312,0.314159,0.00195312,0,0,10,-3,-0.00230097,0
1776812877410401319,3.10557,0.00195312,0.314159,0.00195312,0,0,10,-3,-0.00230097,0
1776812877415402265,3.10557,0.00195312,0.314159,0.00195312,0,0,10,-3,-0.00230097,0
1776812877420399878,3.10557,0.00195312,0.314159,0.00195312,0,0,10,-3,-0.00230097,0
1776812877425389899,3.10557,0.00195312,0.314159,0.00195312,0,0,10,-3,-0.00230097,0
1776812877430407288,3.10557,0.00195312,0.314159,0.00195312,0,0,10,-3,-0.00230097,0
1776812877435396550,3.10557,-0.00195312,0.314159,-0.00195312,0,0,10,-3,-0.00230097,0
1776812877440401829,3.10557,-0.00195312,0.314159,-0.00195312,0,0,10,-3,-0.00230097,0
1776812877445401238,3.10557,0.00390625,0.314159,0.00390625,0,0,10,-3,-0.00230097,0
1776812877450407887,3.10557,0.00390625,0.314159,0.00390625,0,0,10,-3,-0.00230097,0
1776812877455399223,3.10557,0,0.314159,0,0,0,10,-3,-0.00230097,0
1776812877460407076,3.10557,0,0.314159,0,0,0,10,-3,-0.00230097,0
1776812877465402485,3.10557,0.00195312,0.314159,0.00195312,0,0,10,-3,-0.00230097,0
1776812877470393080,3.10557,0.00195312,0.314159,0.00195312,0,0,10,-3,-0.00230097,0
1776812877475400378,3.10557,-0.00195312,0.314159,-0.00195312,0,0,10,-3,-0.00230097,0
1776812877480396861,3.10557,-0.00195312,0.314159,-0.00195312,0,0,10,-3,-0.00230097,0
1776812877485400825,3.10557,0,0.314159,0,0,0,10,-3,-0.00230097,0
1776812877490399031,3.10557,0,0.314159,0,0,0,10,-3,-0.00230097,0
1776812877495407476,3.10557,-0.00195312,0.314159,-0.00195312,0,0,10,-3,-0.00230097,0
1776812877500397127,3.10557,-0.00195312,0.314159,-0.00195312,0,0,10,-3,-0.00230097,0
1776812877505401091,3.10557,-0.00390625,0.314159,-0.00390625,0,0,10,-3,-0.00230097,0
1776812877510399445,3.10557,-0.00390625,0.314159,-0.00390625,0,0,10,-3,-0.00230097,0
1776812877515412760,3.10557,0.00195312,0.314159,0.00195312,0,0,10,-3,-0.00230097,0
1776812877520397967,3.10557,0.00195312,0.314159,0.00195312,0,0,10,-3,-0.00230097,0
1776812877525400801,3.10557,0.00195312,0.314159,0.00195312,0,0,10,-3,-0.00230097,0
1776812877530421042,3.10557,0.00195312,0.314159,0.00195312,0,0,10,-3,-0.00230097,0
1776812877535420507,3.10557,0.00195312,0.314159,0.00195312,0,0,10,-3,-0.00230097,0
1776812877540401214,3.10557,0,0.314159,0,0,0,10,-3,-0.00230097,0
1776812877545403919,3.10557,0,0.314159,0,0,0,10,-3,-0.00230097,0
1776812877550405365,3.10557,-0.00195312,0.314159,-0.00195312,0,0,10,-3,-0.00230097,0
1776812877555407903,3.10557,-0.00195312,0.314159,-0.00195312,0,0,10,-3,-0.00230097,0
1776812877560409146,3.10557,-0.00195312,0.314159,-0.00195312,0,0,10,-3,-0.00230097,0
1776812877565406851,3.10557,0,0.314159,0,0,0,10,-3,-0.00230097,0
1776812877570393150,3.10557,0,0.314159,0,0,0,10,-3,-0.00230097,0
1776812877575389355,3.10557,0,0.314159,0,0,0,10,-3,-0.00230097,0
1776812877580403208,3.10557,0,0.314159,0,0,0,10,-3,-0.00230097,0
1776812877585413635,3.10557,0,0.314159,0,0,0,10,-3,-0.00230097,0
1776812877590402415,3.10557,0,0.314159,0,0,0,10,-3,-0.00230097,0
1776812877595474468,3.10557,0,0.314159,0,0,0,10,-3,-0.00230097,0
1776812877600414492,3.10557,0,0.314159,0,0,0,10,-3,-0.00230097,0
1776812877605441658,3.10557,0,0.314159,0,0,0,10,-3,-0.00230097,0
1776812877610546487,3.10557,0,0.314159,0,0,0,10,-3,-0.00230097,0
1776812877615433329,3.10557,0,0.314159,0,0,0,10,-3,-0.00230097,0
1776812877620388463,3.10557,0,0.314159,0,0,0,10,-3,-0.00230097,0
1776812877625391001,3.10557,0,0.314159,0,0,0,10,-3,-0.00230097,0
1776812877630414520,3.10557,0,0.314159,0,0,0,10,-3,-0.00230097,0
1776812877635408818,3.10557,0,0.314159,0,0,0,10,-3,-0.00230097,0
1776812877640420838,3.10557,0,0.314159,0,0,0,10,-3,-0.00230097,0
1776812877645431876,3.10557,0,0.314159,0,0,0,10,-3,-0.00230097,0
1776812877650421841,3.10557,0,0.314159,0,0,0,10,-3,-0.00230097,0
1776812877655399955,3.10557,0,0.314159,0,0,0,10,-3,-0.00230097,0
1776812877660406771,3.10557,0,0.314159,0,0,0,10,-3,-0.00230097,0
1776812877665402347,3.10557,0,0.314159,0,0,0,10,-3,-0.00230097,0
1776812877670387887,3.10557,0,0.314159,0,0,0,10,-3,-0.00230097,0
1776812877675388129,3.10557,0,0.314159,0,0,0,10,-3,-0.00230097,0
1776812877680404241,3.10557,0,0.314159,0,0,0,10,-3,-0.00230097,0
1776812877685402316,3.10557,0,0.314159,0,0,0,10,-3,-0.00230097,0
1776812877690410595,3.10557,0,0.314159,0,0,0,10,-3,-0.00230097,0
1776812877695414430,3.10557,0,0.314159,0,0,0,10,-3,-0.00230097,0
1776812877700413080,3.10557,0,0.314159,0,0,0,10,-3,-0.00230097,0
1776812877705400601,3.10557,0,0.314159,0,0,0,10,-3,-0.00230097,0
1776812877710424842,3.10557,0,0.314159,0,0,0,10,-3,-0.00230097,0
1776812877715480488,3.10557,0,0.314159,0,0,0,10,-3,-0.00230097,0
1776812877720396310,3.10557,0,0.314159,0,0,0,10,-3,-0.00230097,0
1776812877725402941,3.10557,0,0.314159,0,0,0,10,-3,-0.00230097,0
1776812877730406405,3.10557,0,0.314159,0,0,0,10,-3,-0.00230097,0
1776812877735417554,3.10557,0,0.314159,0,0,0,10,-3,-0.00230097,0
1776812877740434777,3.10557,0,0.314159,0,0,0,10,-3,-0.00230097,0
1776812877745409428,3.10557,0,0.314159,0,0,0,10,-3,-0.00230097,0
1776812877750406226,3.10557,0,0.314159,0,0,0,10,-3,-0.00230097,0
1776812877755396136,3.10557,0,0.314159,0,0,0,10,-3,-0.00230097,0
1776812877760393119,3.10557,0,0.314159,0,0,0,10,-3,-0.00230097,0
1776812877765396010,3.10557,0,0.314159,0,0,0,10,-3,-0.00230097,0
1776812877770376327,3.10557,0,0.314159,0,0,0,10,-3,-0.00230097,0
1776812877775388921,3.10557,0,0.314159,0,0,0,10,-3,-0.00230097,0
1776812877780396811,3.10557,0,0.314159,0,0,0,10,-3,-0.00230097,0
1776812877785407904,3.10557,0,0.314159,0,0,0,10,-3,-0.00230097,0
1776812877790410184,3.10557,0,0.314159,0,0,0,10,-3,-0.00230097,0
1776812877795404945,3.10557,0,0.314159,0,0,0,10,-3,-0.00230097,0
1776812877800402317,3.10557,0,0.314159,0,0,0,10,-3,-0.00230097,0
1776812877805407615,3.10557,0,0.314159,0,0,0,10,-3,-0.00230097,0
1776812877810395858,3.10557,0,0.314159,0,0,0,10,-3,-0.00230097,0
1776812877815405766,3.10557,0,0.314159,0,0,0,10,-3,-0.00230097,0
1776812877820385065,3.10557,0,0.314159,0,0,0,10,-3,-0.00230097,0
1776812877825389881,3.10557,0,0.314159,0,0,0,10,-3,-0.00230097,0
1776812877830396772,3.10557,0,0.314159,0,0,0,10,-3,-0.00230097,0
1776812877835404476,3.10557,0,0.314159,0,0,0,10,-3,-0.00230097,0
1776812877840405885,3.10557,0,0.314159,0,0,0,10,-3,-0.00230097,0
1776812877845401165,3.10557,0,0.314159,0,0,0,10,-3,-0.00230097,0
1776812877850408537,3.10557,0,0.314159,0,0,0,10,-3,-0.00230097,0
1776812877855451573,3.10557,0,0.314159,0,0,0,10,-3,-0.00230097,0
1776812877860418632,3.10557,0,0.314159,0,0,0,10,-3,-0.00230097,0
1776812877865395302,3.10557,0,0.314159,0,0,0,10,-3,-0.00230097,0
1776812877870412839,3.10557,0,0.314159,0,0,0,10,-3,-0.00230097,0
1776812877875398990,3.10557,0,0.314159,0,0,0,10,-3,-0.00230097,0
1776812877880421583,3.10557,0,0.314159,0,0,0,10,-3,-0.00230097,0
1776812877885398104,3.10557,0,0.314159,0,0,0,10,-3,-0.00230097,0
1776812877890409272,3.10557,0,0.314159,0,0,0,10,-3,-0.00230097,0
1776812877895452160,3.10557,0,0.314159,0,0,0,10,-3,-0.00230097,0
1776812877900415552,3.10557,0,0.314159,0,0,0,10,-3,-0.00230097,0
1776812877905405462,3.10557,0,0.314159,0,0,0,10,-3,-0.00230097,0
1776812877910419185,3.10557,0,0.314159,0,0,0,10,-3,-0.00230097,0
1776812877915417742,3.10557,0,0.314159,0,0,0,10,-3,-0.00230097,0
1776812877920384728,3.10557,0,0.314159,0,0,0,10,-3,-0.00230097,0
1776812877925392784,3.10557,0,0.314159,0,0,0,10,-3,-0.00230097,0
1776812877930403082,3.10557,0,0.314159,0,0,0,10,-3,-0.00230097,0
1776812877935406546,3.10557,0,0.314159,0,0,0,10,-3,-0.00230097,0
1776812877940413103,3.10557,0,0.314159,0,0,0,10,-3,-0.00230097,0
1776812877945401309,3.10557,0,0.314159,0,0,0,10,-3,-0.00230097,0
1776812877950407458,3.10557,0,0.314159,0,0,0,10,-3,-0.00230097,0
1776812877955405293,3.10557,0,0.314159,0,0,0,10,-3,-0.00230097,0
1776812877960426201,3.10557,0,0.314159,0,0,0,10,-3,-0.00230097,0
1776812877965406297,3.10557,0,0.314159,0,0,0,10,-3,-0.00230097,0
1776812877970400410,3.10557,0,0.314159,0,0,0,10,-3,-0.00230097,0
1776812877975392060,3.10557,0,0.314159,0,0,0,10,-3,-0.00230097,0
1776812877980392895,3.10557,0,0.314159,0,0,0,10,-3,-0.00230097,0
1776812877985401748,3.10557,0,0.314159,0,0,0,10,-3,-0.00230097,0
1776812877990393250,3.10557,0,0.314159,0,0,0,10,-3,-0.00230097,0
1776812877995396492,3.10557,0,0.314159,0,0,0,10,-3,-0.00230097,0
1776812878000396123,3.10557,0,0.314159,0,0,0,10,-3,-0.00230097,0
1776812878005405347,3.10557,0,0.314159,0,0,0,10,-3,-0.00230097,0
1776812878010395646,3.10557,0,0.314159,0,0,0,10,-3,-0.00230097,0
1776812878015399185,3.10557,0,0.314159,0,0,0,10,-3,-0.00230097,0
1776812878020379467,3.10557,0,0.314159,0,0,0,10,-3,-0.00230097,0
1776812878025414059,3.10557,0,0.314159,0,0,0,10,-3,-0.00230097,0
1776812878030407321,3.10557,0,0.314159,0,0,0,10,-3,-0.00230097,0
1776812878035399935,3.10557,0,0.314159,0,0,0,10,-3,-0.00230097,0
1776812878040397271,3.10557,0,0.314159,0,0,0,10,-3,-0.00230097,0
1776812878045406143,3.10557,0,0.314159,0,0,0,10,-3,-0.00230097,0
1776812878050394998,3.10557,0,0.314159,0,0,0,10,-3,-0.00230097,0
1776812878055393945,3.10557,0,0.314159,0,0,0,10,-3,-0.00230097,0
1776812878060394576,3.10557,0,0.314159,0,0,0,10,-3,-0.00230097,0
1776812878065415040,3.10557,0,0.314159,0,0,0,10,-3,-0.00230097,0
1776812878070377138,3.10557,0,0.314159,0,0,0,10,-3,-0.00230097,0
1776812878075420545,3.10557,0,0.314159,0,0,0,10,-3,-0.00230097,0
1776812878080413677,3.10557,0,0.314159,0,0,0,10,-3,-0.00230097,0
1776812878085411364,3.10557,0,0.314159,0,0,0,10,-3,-0.00230097,0
1776812878090397849,3.10557,0,0.314159,0,0,0,10,-3,-0.00230097,0
1776812878095399777,3.10557,0,0.314159,0,0,0,10,-3,-0.00230097,0
1776812878100400427,3.10557,0,0.314159,0,0,0,10,-3,-0.00230097,0
1776812878105443279,3.10557,0,0.314159,0,0,0,10,-3,-0.00230097,0
1776812878110414024,3.10557,0,0.314159,0,0,0,10,-3,-0.00230097,0
1776812878115395990,3.10557,0,0.314159,0,0,0,10,-3,-0.00230097,0
1776812878120379086,3.10557,0,0.314159,0,0,0,10,-3,-0.00230097,0
1776812878125392032,3.10557,0,0.314159,0,0,0,10,-3,-0.00230097,0
1776812878130417181,3.10557,0,0.314159,0,0,0,10,-3,-0.00230097,0
1776812878135411980,3.10557,0,0.314159,0,0,0,10,-3,-0.00230097,0
1776812878140403853,3.10557,0,0.314159,0,0,0,10,-3,-0.00230097,0
1776812878145396355,3.10557,0,0.314159,0,0,0,10,-3,-0.00230097,0
1776812878150609233,3.10557,0,0.314159,0,0,0,10,-3,-0.00230097,0
1776812878155453634,3.10557,0,0.314159,0,0,0,10,-3,-0.00230097,0
1776812878160411861,3.10557,0,0.314159,0,0,0,10,-3,-0.00230097,0
1776812878165501599,3.10557,0,0.314159,0,0,0,10,-3,-0.00230097,0
1776812878170440475,3.10557,0,0.314159,0,0,0,10,-3,-0.00230097,0
1776812878175403165,3.10557,0,0.314159,0,0,0,10,-3,-0.00230097,0
1776812878180433332,3.10557,0,0.314159,0,0,0,10,-3,-0.00230097,0
1776812878185400392,3.10557,0,0.314159,0,0,0,10,-3,-0.00230097,0
1776812878190415634,3.10557,0,0.314159,0,0,0,10,-3,-0.00230097,0
1776812878195405229,3.10557,0,0.314159,0,0,0,10,-3,-0.00230097,0
1776812878200406139,3.10557,0,0.314159,0,0,0,10,-3,-0.00230097,0
1776812878205396919,3.10557,0,0.314159,0,0,0,10,-3,-0.00230097,0
1776812878210408088,3.10557,0,0.314159,0,0,0,10,-3,-0.00230097,0
1776812878215401609,3.10557,0,0.314159,0,0,0,10,-3,-0.00230097,0
1776812878220383279,3.10557,0,0.314159,0,0,0,10,-3,-0.00230097,0
1776812878225434519,3.10557,0,0.314159,0,0,0,10,-3,-0.00230097,0
1776812878230471259,3.10557,0,0.314159,0,0,0,10,-3,-0.00230097,0
1776812878235413599,3.10557,0,0.314159,0,0,0,10,-3,-0.00230097,0
1776812878240405564,3.10557,0,0.314159,0,0,0,10,-3,-0.00230097,0
1776812878245396363,3.10557,0,0.314159,0,0,0,10,-3,-0.00230097,0
1776812878250398921,3.10557,0,0.314159,0,0,0,10,-3,-0.00230097,0
1776812878255413404,3.10557,0,0.314159,0,0,0,10,-3,-0.00230097,0
1776812878260400203,3.10557,0,0.314159,0,0,0,10,-3,-0.00230097,0
1776812878265405187,3.10557,0,0.314159,0,0,0,10,-3,-0.00230097,0
1776812878270383561,3.10557,0,0.314159,0,0,0,10,-3,-0.00230097,0
1776812878275401080,3.10557,0,0.314159,0,0,0,10,-3,-0.00230097,0
1776812878280397287,3.10557,0,0.314159,0,0,0,10,-3,-0.00230097,0
1776812878285393271,3.10557,0,0.314159,0,0,0,10,-3,-0.00230097,0
1776812878290412975,3.10557,0,0.314159,0,0,0,10,-3,-0.00230097,0
1776812878295430551,3.10557,0,0.314159,0,0,0,10,-3,-0.00230097,0
1776812878300388685,3.10557,0,0.314159,0,0,0,10,-3,-0.00230097,0
1776812878305390484,3.10557,0,0.314159,0,0,0,10,-3,-0.00230097,0
1776812878310392578,3.10557,0,0.314159,0,0,0,10,-3,-0.00230097,0
1776812878315408617,3.10557,0,0.314159,0,0,0,10,-3,-0.00230097,0
1776812878320375047,3.10557,0,0.314159,0,0,0,10,-3,-0.00230097,0
1776812878325396437,3.10557,0,0.314159,0,0,0,10,-3,-0.00230097,0
1776812878330413197,3.10557,0,0.314159,0,0,0,10,-3,-0.00230097,0
1776812878335402385,3.10557,0,0.314159,0,0,0,10,-3,-0.00230097,0
1776812878340398036,3.10557,0,0.314159,0,0,0,10,-3,-0.00230097,0
1776812878345405390,3.10557,0,0.314159,0,0,0,10,-3,-0.00230097,0
1776812878350403892,3.10557,0,0.314159,0,0,0,10,-3,-0.00230097,0
1776812878355437337,3.10557,0,0.314159,0,0,0,10,-3,-0.00230097,0
1776812878360426876,3.10557,0,0.314159,0,0,0,10,-3,-0.00230097,0
1776812878365400880,3.10557,0,0.314159,0,0,0,10,-3,-0.00230097,0
1776812878370417011,3.10557,0,0.314159,0,0,0,10,-3,-0.00230097,0
1776812878375415236,3.10557,0,0.314159,0,-0.0328735,8.82382,10,-3,-0.00230097,0
1776812878380409850,3.10557,0,0.314159,0,2.41522,8.82382,10,-3,-0.00230097,0
1776812878385398167,3.10557,0,0.314159,0,2.29531,8.82382,10,-3,-0.00230097,0
1776812878390402132,3.10557,0,0.314159,0,2.27975,8.82382,10,-1,-0.00076699,0.153398
1776812878395452465,3.10557,0,-0.312625,0.153398,2.52667,8.82382,10,2,0.00153398,0.460194
1776812878400434487,3.10495,-0.228516,-0.3071,0.538475,3.05824,8.69137,10,11,0.00843689,0.76699
1776812878405434507,3.10495,-0.685547,-0.304032,0.0814435,3.06273,8.43086,10,20,0.0153398,1.074
1776812878410397105,3.10056,-0.685547,-0.301526,0.388455,3.22238,8.41503,10,30,0.0230097,1.68704
1776812878415395940,3.10056,-1.16992,-0.293856,0.51712,3.59024,8.13893,10,50,0.0383495,2.14714
1776812878420367481,3.09603,-1.16992,-0.28304,0.977222,3.32241,8.12264,10,66,0.0506214,2.91515
1776812878425387779,3.09603,-2.90039,-0.270768,0.014756,3.0718,7.13627,10,91,0.0697961,3.22071
1776812878430393225,3.06622,-2.90039,-0.281406,0.320324,2.72331,7.02883,10,109,0.083602,3.22136
1776812878435398819,3.06622,-3.45703,-0.2676,-0.235672,2.81086,6.71154,10,133,0.10201,3.52886
1776812878440408062,3.04754,-3.45703,-0.252537,0.531319,2.75679,6.64414,10,162,0.124252,3.98835
1776812878445395139,3.04754,-4.07422,-0.245634,-0.0858681,2.52854,6.29235,10,189,0.144961,4.29515
1776812878450399400,3.00931,-4.07422,-0.26315,0.220926,2.63801,6.15422,10,217,0.166437,4.29515
1776812878455399032,3.00931,-4.39453,-0.241674,-0.0993848,2.47675,5.97164,10,245,0.187913,4.14258
1776812878460456216,2.94491,-4.39453,-0.284603,-0.251955,3.00287,5.73793,10,269,0.20632,4.60102
1776812878465385852,2.923,-4.46289,-0.264323,0.445847,2.97009,5.61912,10,318,0.243903,4.90874
1776812878470365134,2.923,-4.81055,-0.250517,0.0981908,3.33128,5.42096,10,349,0.26768,5.21449
1776812878475387949,2.87548,-4.81055,-0.274267,0.403944,2.85462,5.24694,10,379,0.290689,5.37108
1776812878480397821,2.87548,-5.07031,-0.251258,0.300772,3.1455,5.09887,10,418,0.320602,5.82796
1776812878485400953,2.85193,-5.32812,-0.219578,1.26799,3.2598,4.86526,10,472,0.362019,6.59612
1776812878490395048,2.82624,-5.32812,-0.229164,1.26799,2.71848,4.77032,10,503,0.385796,6.44272
1776812878495395347,2.82624,-5.92188,-0.205387,0.520844,2.81707,4.43188,10,555,0.42568,6.43371
1776812878500395793,2.82624,-5.92188,-0.165503,0.511837,2.92817,4.43188,10,599,0.459427,6.76033
1776812878505402295,2.76741,-5.92188,-0.190589,0.838452,2.40965,4.2128,10,633,0.485505,6.5948
1776812878510397761,2.76741,-6.58594,-0.164511,0.00886202,2.47554,3.83428,10,688,0.527689,6.74952
1776812878515400059,2.67537,-6.58594,-0.214369,0.163579,2.89402,3.48605,10,726,0.556835,7.20538
1776812878520372897,2.67537,-7.02344,-0.185223,0.181945,3.01732,3.23668,10,780,0.598253,6.90845
1776812878525387102,2.57324,-7.02344,-0.245932,-0.11499,3.28558,2.84088,10,821,0.629699,7.50899
1776812878530418639,2.57324,-7.18164,-0.214485,0.327353,3.12219,2.75071,10,881,0.675719,7.67451
1776812878535426844,2.53808,-7.18164,-0.203629,0.492866,2.73811,2.6118,10,924,0.708699,7.82487
1776812878540404515,2.53808,-7.79688,-0.170648,0.0279903,2.61725,2.26111,10,991,0.760087,8.58343
1776812878545420812,2.42581,-7.79688,-0.231525,0.786551,1.9826,1.8074,10,1033,0.792301,8.28515
1776812878550427814,2.42581,-7.9707,-0.199312,0.314449,1.50257,1.70832,10,1098,0.842155,8.28847
1776812878555408577,2.38685,-7.9707,-0.188419,0.317766,1.74381,1.54691,10,1140,0.874369,8.13172
1776812878560396487,2.38685,-8.19141,-0.156206,-0.0596828,1.61203,1.42111,10,1202,0.921922,7.97192
1776812878565411618,2.26474,-8.19141,-0.230762,-0.219491,1.79096,0.900704,10,1243,0.953369,7.98149
1776812878570374419,2.26474,-8.125,-0.199316,-0.143511,1.12399,0.938556,10,1304,1.00016,7.66838
1776812878575464119,2.26474,-8.125,-0.152529,-0.45662,0.715269,0.938556,10,1344,1.03084,7.97829
1776812878580395811,2.22288,-8.125,-0.163705,-0.146705,1.053,0.754767,10,1383,1.06075,7.6699
1776812878585402905,2.14209,-7.91602,-0.177005,-0.246114,1.1671,0.510761,10,1449,1.11137,7.6699
1776812878590396871,2.14209,-7.45898,-0.163966,0.210917,0.688666,0.771269,10,1497,1.14818,7.9767
1776812878595405576,2.02515,-7.45898,-0.244086,0.517715,0.558412,0.225154,10,1535,1.17733,7.3631
1776812878600410949,2.02515,-7.29883,-0.21494,0.0642767,0.967147,0.316443,10,1581,1.21261,7.19819
1776812878605449708,1.98999,-7.29883,-0.214821,-0.100639,0.397757,0.147253,10,1623,1.24483,6.76035
1776812878610425582,1.91571,-6.94141,-0.22621,-0.653348,0.300769,-0.0142798,10,1684,1.29161,6.28806
1776812878615397456,1.91571,-6.57031,-0.210103,-0.282255,0.199248,0.197244,10,1722,1.32076,6.43628
1776812878620382034,1.84881,-6.57031,-0.247861,-0.134035,0.240912,-0.141059,10,1753,1.34453,6.14329
1776812878625391109,1.84881,-6.3457,-0.224084,-0.202415,0.182427,-0.0130314,10,1796,1.37751,5.67008
1776812878630426628,1.81808,-6.3457,-0.221827,-0.675628,0.093136,-0.171403,10,1834,1.40666,5.52785
1776812878635413798,1.81808,-5.63867,-0.192681,-0.110821,0.12193,0.231604,10,1869,1.43351,5.66665
1776812878640417078,1.81808,-5.63867,-0.165836,0.0279827,0.443167,0.231604,10,1894,1.45268,5.06925
1776812878645402599,1.72814,-5.63867,-0.236606,-0.569424,0.178689,-0.243138,10,1919,1.47185,5.06111
1776812878650409768,1.72814,-5.13477,-0.217431,-0.0736508,-0.0507143,0.0440887,10,1965,1.50714,4.91072
1776812878655461063,1.67293,-5.13477,-0.237354,-0.224049,0.182988,-0.255577,10,1995,1.53015,4.60101
1776812878660454288,1.67293,-4.6543,-0.214344,-0.0532851,0.0278373,0.01829,10,2021,1.55009,4.44942
1776812878665405886,1.62548,-4.6543,-0.24186,-0.204874,0.115047,-0.244415,10,2041,1.56543,3.98836
1776812878670385834,1.62548,-3.9043,-0.22652,0.084064,-0.0258451,0.183085,10,2069,1.5869,3.68083
1776812878675390576,1.56247,-3.9043,-0.268049,-0.223469,0.237028,-0.172975,10,2087,1.60071,3.6808
1776812878680466370,1.56247,-3.6543,-0.254243,0.0265076,-1.63064e-09,-0.030475,10,2111,1.61912,3.06858
1776812878685415487,1.54242,-3.6543,-0.255888,-0.585713,0.166362,-0.145543,10,2125,1.62985,2.91513
1776812878690412100,1.54242,-2.875,-0.24515,0.0401309,0.0666154,0.298656,10,2143,1.64366,2.60777
1776812878695483432,1.49459,-2.875,-0.279176,-0.267225,0.343207,0.0207651,10,2153,1.65133,2.14586
1776812878700462472,1.49459,-2.60742,-0.271506,-0.46156,0.218159,0.173285,10,2167,1.66207,1.84189
1776812878705410607,1.47954,-2.60742,-0.275816,-0.765535,0.438472,0.0848651,10,2176,1.66897,1.68736
1776812878710396796,1.47954,-1.90625,-0.268913,-0.21889,0.223369,0.484533,10,2187,1.67741,1.53399
1776812878715400927,1.47954,-1.90625,-0.260476,-0.372265,0.540474,0.484533,10,2193,1.68201,1.38059
1776812878720382579,1.44707,-1.90625,-0.288344,-0.525663,0.528614,0.292141,10,2199,1.68661,1.074
1776812878725391803,1.44707,-1.5,-0.283742,-0.425996,0.459506,0.523703,10,2206,1.69198,0.920207
1776812878730414952,1.42985,-1.5,-0.295593,-0.579793,0.686182,0.420779,10,2210,1.69505,0.766993
1776812878735402566,1.42985,-1.11914,-0.292525,-0.352148,0.543187,0.637869,10,2212,1.69658,0.460288
1776812878740401920,1.41611,-1.11914,-0.304729,-0.658853,0.922047,0.555316,10,2213,1.69735,0.306674
1776812878745455289,1.41611,-0.691406,-0.303962,-0.384732,0.75248,0.799124,10,2213,1.69735,0
1776812878750450292,1.40712,-0.691406,-0.312958,-0.691406,0.894637,0.744854,10,2213,1.69735,0
1776812878755411389,1.40712,-0.265625,-0.312958,-0.265625,0.777666,0.987549,10,2211,1.69582,-0.153399
1776812878760412928,1.40248,-0.265625,0.309195,-0.419024,1.08954,0.959543,10,2209,1.69428,-0.306797
1776812878765414301,1.40248,0.150391,0.307662,-0.156406,1.08097,1.19667,10,2205,1.69121,-0.460196
1776812878770381009,1.402,0.150391,0.304107,-0.309805,1.14056,1.19373,10,2202,1.68891,-0.460288
1776812878775391936,1.402,0.347656,0.301806,-0.112631,1.20285,1.30617,10,2198,1.68584,-0.613471
1776812878780394031,1.40468,0.347656,0.301415,-0.265815,1.33556,1.32236,10,2195,1.68354,-0.460196
1776812878785407144,1.40468,0.466797,0.299114,0.00660133,1.28119,1.39027,10,2191,1.68048,-0.613471
1776812878790403368,1.40468,0.466797,0.296046,-0.146674,1.34425,1.39027,10,2187,1.67741,-0.61384
1776812878795395927,1.40869,0.466797,0.296991,-0.147043,1.48758,1.41452,10,2184,1.67511,-0.460196
1776812878800393244,1.40869,0.585938,0.29469,0.125742,1.48185,1.48243,10,2180,1.67204,-0.613594
1776812878805403005,1.41655,0.585938,0.299481,-0.0276566,1.49318,1.52983,10,2177,1.66974,-0.613594
1776812878810403266,1.41655,0.646484,0.29718,0.0328903,1.63825,1.56434,10,2172,1.6659,-0.460196
1776812878815407157,1.4256,0.646484,0.302397,0.186289,1.61233,1.61877,10,2169,1.6636,-0.613594
1776812878820371699,1.4256,0.673828,0.300096,0.0602341,1.57371,1.63436,10,2165,1.66053,-0.613594
1776812878825400607,1.42929,0.765625,0.298423,0.152055,1.61232,1.70886,10,2160,1.6567,-0.61357
1776812878830392887,1.43602,0.765625,0.303616,0.152055,1.66935,1.74915,10,2156,1.65363,-0.613471
1776812878835398222,1.43602,0.822266,0.300548,0.208794,1.79554,1.78143,10,2151,1.6498,-0.766839
1776812878840399817,1.44074,0.822266,0.301434,0.0554264,1.66948,1.80965,10,2147,1.64673,-0.767146
1776812878845403745,1.44074,0.910156,0.298366,0.14301,1.78749,1.85975,10,2141,1.64213,-0.766839
1776812878850406377,1.45311,0.910156,0.306129,0.143317,1.76966,1.93344,10,2137,1.63906,-0.613717
1776812878855398398,1.45311,0.919922,0.303061,0.306205,1.95246,1.939,10,2132,1.63522,-0.766839
1776812878860396845,1.45311,0.919922,0.299226,0.153083,1.98068,1.939,10,2129,1.63292,-0.613717
1776812878865421401,1.45821,0.919922,0.302029,0.306205,1.99239,1.96933,10,2124,1.62909,-0.766993
1776812878870381165,1.45821,0.835938,0.298194,0.0689449,2.16256,1.92145,10,2119,1.62525,-0.613717
1776812878875398740,1.4755,0.835938,0.311651,0.222221,2.11181,2.02379,10,2116,1.62295,-0.613594
1776812878880393465,1.4755,0.783203,0.30935,0.169609,2.01221,1.99373,10,2111,1.61912,-0.613471
1776812878885397467,1.48015,0.783203,0.310162,0.169732,2.05643,2.02112,10,2107,1.61605,-0.61357
1776812878890395377,1.48015,0.658203,0.307094,0.0446329,1.86177,1.94987,10,2104,1.61375,-0.613594
1776812878895395231,1.48723,0.658203,0.31187,0.0446091,1.98042,1.9915,10,2101,1.61145,-0.460104
1776812878900397011,1.48723,0.570312,0.309569,0.110209,1.9166,1.94141,10,2097,1.60838,-0.613717
1776812878905404828,1.49346,0.570312,0.312738,-0.0434043,1.90757,1.97801,10,2094,1.60608,-0.613594
1776812878910449549,1.49346,0.501953,0.310437,-0.111641,1.98673,1.93904,10,2090,1.60301,-0.460196
1776812878915409554,1.50112,0.501953,-0.313293,0.0417576,1.79101,1.98387,10,2087,1.60071,-0.460196
1776812878920380003,1.50112,0.486328,0.312724,0.0261326,1.83467,1.97496,10,2083,1.59764,-0.613717
1776812878925396430,1.50391,0.486328,0.312448,-0.127389,1.97467,1.99127,10,2081,1.59611,-0.306736
1776812878930406172,1.50391,0.408203,0.310914,0.101467,2.05908,1.94674,10,2078,1.59381,-0.613717
1776812878935397119,1.50391,0.408203,0.308613,-0.205514,1.90366,1.94674,10,2075,1.59151,-0.460104
1776812878940405769,1.5102,0.408203,0.312605,-0.0519004,1.93402,1.98345,10,2073,1.58997,-0.306858
1776812878945398809,1.5102,0.291016,0.311071,-0.0158428,1.99364,1.91665,10,2070,1.58767,-0.460196
1776812878950402422,1.51564,0.291016,-0.314114,-0.16918,1.89913,1.94829,10,2068,1.58614,-0.153399
1776812878955398739,1.51564,0.240234,0.312671,0.0868359,1.93527,1.91935,10,2067,1.58537,-0.306797
1776812878960405389,1.51722,0.240234,0.313486,-0.0665627,1.84695,1.92855,10,2066,1.5846,-0.153368
1776812878965396096,1.51722,0.0878906,0.312719,-0.0654772,1.83806,1.84171,10,2065,1.58384,-0.153368
1776812878970378655,1.51935,0.0878906,0.314078,-0.0654772,1.85454,1.85406,10,2065,1.58384,-0.153429
1776812878975408581,1.51935,0.0429688,0.314078,-0.11046,1.78282,1.82846,10,2064,1.58307,0
1776812878980411028,1.52006,0.0429688,0.314025,0.0429688,1.89423,1.8326,10,2064,1.58307,-0.153399
1776812878985396049,1.52006,0.0292969,0.314025,-0.124102,1.83879,1.82481,10,2064,1.58307,0
1776812878990395255,1.52042,0.0292969,-0.31394,0.0292969,1.75393,1.82687,10,2063,1.5823,0
1776812878995394221,1.52042,0.03125,0.313612,0.03125,1.8098,1.82798,10,2063,1.5823,-0.15346
1776812879000398556,1.52059,0.03125,0.313785,-0.12221,1.78944,1.82899,10,2063,1.5823,0
1776812879005391041,1.52059,0.0371094,0.313785,0.0371094,1.88667,1.83233,10,2063,1.5823,0
1776812879010398617,1.52059,0.0371094,0.313785,0.0371094,1.78928,1.83233,10,2063,1.5823,0
1776812879015396898,1.52094,0.0371094,0.314135,0.0371094,1.85116,1.83435,10,2063,1.5823,0
1776812879020372014,1.52094,0.0371094,0.314135,0.0371094,1.87496,1.83435,10,2063,1.5823,0
1776812879025407922,1.52163,0.0371094,-0.31349,0.0371094,1.84245,1.83838,10,2063,1.5823,0
1776812879030438830,1.52163,0.0429688,-0.31349,0.0429688,1.86268,1.84172,10,2063,1.5823,0
1776812879035427685,1.52198,0.0429688,-0.313146,0.0429688,1.94017,1.84372,10,2063,1.5823,0
1776812879040395616,1.52198,0.0527344,-0.313146,0.0527344,1.85491,1.84928,10,2063,1.5823,0
1776812879045415970,1.5225,0.0527344,-0.312623,0.0527344,1.8471,1.85232,10,2063,1.5823,0
1776812879050401992,1.5225,0.0625,-0.312623,0.0625,1.86704,1.85789,10,2063,1.5823,0
1776812879055402439,1.52303,0.0625,-0.312097,0.0625,1.80995,1.86094,10,2063,1.5823,0
1776812879060398387,1.52303,0.0664062,-0.312097,0.0664062,1.85104,1.86316,10,2062,1.58153,-0.153399
1776812879065399964,1.52373,0.0664062,-0.31216,-0.0869923,1.89522,1.86725,10,2062,1.58153,0
1776812879070374283,1.52373,0.0625,-0.31216,0.0625,1.85121,1.86502,10,2062,1.58153,0
1776812879075406080,1.52443,0.0625,-0.311457,0.0625,1.87283,1.86909,10,2061,1.58077,0
1776812879080395436,1.52443,0.0488281,-0.312224,0.0488281,1.84192,1.8613,10,2061,1.58077,-0.153368
1776812879085408734,1.52443,0.0488281,-0.312224,-0.10454,1.86461,1.8613,10,2061,1.58077,0
1776812879090415884,1.3937,0.0488281,0.185365,0.0488281,1.87938,1.08556,10,2061,1.58077,0
1776812879095410554,1.3937,0.00195312,0.185365,0.00195312,1.34017,1.05884,10,2060,1.58,0
1776812879100389744,1.39404,0.00195312,0.184931,0.00195312,1.18256,1.06086,10,2060,1.58,-0.153429
1776812879105402838,1.39404,-0.00390625,0.184931,-0.157335,1.22337,1.05752,10,2059,1.57923,-0.153429
1776812879110392212,1.39404,-0.00390625,0.184164,-0.157335,1.02607,1.05752,10,2056,1.57693,-0.306797
1776812879115409992,1.39404,0.160156,0.181863,-0.146641,0.94072,1.15103,10,2053,1.57463,-0.306773
1776812879120372923,1.39486,0.160156,0.18039,-0.146617,1.14987,1.15605,10,2050,1.57233,-0.460196
1776812879125396554,1.39486,0.275391,0.178089,-0.184805,1.10823,1.22174,10,2046,1.56926,-0.613349
1776812879130397131,1.39585,0.275391,0.176011,-0.337958,1.19175,1.22774,10,2041,1.56543,-0.61384
1776812879135398411,1.39585,0.619141,0.172176,0.005301,1.2424,1.42368,10,2036,1.56159,-0.613594
1776812879140400211,1.40266,0.619141,0.175149,0.00554657,1.31353,1.46493,10,2032,1.55852,-0.920207
1776812879145434471,1.40266,0.708984,0.172081,-0.211223,1.55778,1.51614,10,2025,1.55316,-0.767146
1776812879150481804,1.40599,0.708984,0.170037,-0.0581616,1.61952,1.53625,10,2021,1.55009,-0.920207
1776812879155484510,1.40599,0.818359,0.166969,-0.101848,1.59137,1.59859,10,2015,1.54549,-0.767146
1776812879160468310,1.40599,0.818359,0.162367,0.0512134,1.74146,1.59859,10,2010,1.54165,-0.766686
1776812879165581714,1.40466,0.787109,0.154137,-0.13365,1.61908,1.57275,10,2004,1.53705,-0.920759
1776812879170408412,1.41282,0.787109,0.16076,-0.13365,1.71554,1.62202,10,1999,1.53321,-0.766839
1776812879175393601,1.41282,0.775391,0.156925,0.00855142,1.71116,1.61534,10,1993,1.52861,-0.766969
1776812879180408381,1.42051,0.775391,0.160013,0.00842184,1.44511,1.66164,10,1989,1.52554,-0.920207
1776812879185396200,1.42051,0.78125,0.156945,-0.138957,1.76522,1.66498,10,1983,1.52094,-0.920759
1776812879190388851,1.42436,0.78125,0.156197,-0.139509,1.56805,1.68815,10,1976,1.51557,-0.920207
1776812879195396539,1.42436,0.880859,0.150828,-0.0393476,1.36601,1.74493,10,1968,1.50944,-1.07379
1776812879200408726,1.43699,0.880859,0.157317,-0.19293,1.73474,1.82059,10,1963,1.5056,-0.920575
1776812879205410581,1.43699,0.921875,0.153482,0.00129986,1.70344,1.84397,10,1957,1.501,-0.920391
1776812879210408436,1.44121,0.921875,0.153104,0.00148392,1.82209,1.86921,10,1951,1.4964,-1.07357
1776812879215401791,1.44121,0.945312,0.148502,-0.128262,1.99126,1.88257,10,1943,1.49026,-0.920207
1776812879220396479,1.45564,0.945312,0.156797,0.0251055,1.83779,1.96852,10,1939,1.48719,-0.920551
1776812879225389260,1.45564,0.917969,0.153729,-0.00258261,2.12361,1.95294,10,1934,1.48336,-0.766993
1776812879230393522,1.45564,0.917969,0.149894,0.150976,1.93217,1.95294,10,1929,1.47952,-0.766993
1776812879235395728,1.45139,0.917969,0.141806,0.150976,2.10997,1.92765,10,1924,1.47569,-0.766839
1776812879240409101,1.45139,0.755859,0.137971,-0.0109798,2.10997,1.92765,10,1919,1.47185,-0.767146
1776812879245399549,1.464,0.755859,0.146751,-0.0112866,1.8386,1.91014,10,1913,1.46725,-0.766379
1776812879250396941,1.464,0.662109,0.142149,-0.10427,1.8386,1.91014,10,1910,1.46495,-0.614208
1776812879255402332,1.47446,0.662109,0.15031,0.0479011,1.67314,1.91857,10,1904,1.46035,-0.766993
1776812879260429259,1.47446,0.65625,0.145708,-0.110743,1.67314,1.91857,10,1901,1.45805,-0.766839
1776812879265488240,1.47773,0.65625,0.146676,-0.110589,1.82688,1.93451,10,1896,1.45421,-0.613717
1776812879270405378,1.47773,0.664062,0.142841,0.0503457,1.82688,1.93451,10,1893,1.45191,-0.613594
1776812879275390770,1.48775,0.664062,0.150557,0.0504684,1.91503,1.99791,10,1889,1.44884,-0.460104
1776812879280395625,1.48775,0.638672,0.147489,0.178568,1.91503,1.99791,10,1886,1.44654,-0.61357
1776812879285397776,1.49069,0.638672,0.148132,0.0251017,2.08568,2.00072,10,1882,1.44348,-0.460196
1776812879290428647,1.49069,0.480469,0.145064,0.0202732,2.08568,2.00072,10,1881,1.44271,-0.306858
1776812879295419317,1.49938,0.480469,0.152979,0.17361,2.02609,1.96141,10,1878,1.44041,-0.460196
1776812879300412950,1.49938,0.417969,0.150679,-0.0422268,2.02609,1.96141,10,1876,1.43887,-0.306797
1776812879305395621,1.49938,0.417969,0.149145,0.111172,1.95457,1.92579,10,1874,1.43734,-0.306736
1776812879310407215,1.4952,0.417969,0.143438,0.111233,1.95457,1.92579,10,1872,1.43581,-0.306797
1776812879315414903,1.4952,0.417969,0.143438,0.111233,1.95457,1.92579,10,1872,1.43581,-0.306797
1776812879320379093,1.50199,0.257812,0.146391,-0.0490459,1.84957,1.81007,10,1868,1.43274,-0.306858
1776812879325397502,1.50199,0.257812,0.146391,-0.0490459,1.84957,1.81007,10,1868,1.43274,-0.306858
1776812879330408486,1.50461,0.248047,0.146709,-0.0587502,1.79363,1.84423,10,1866,1.4312,-0.306797
1776812879335400749,1.50461,0.248047,0.146709,-0.0587502,1.7767,1.85953,10,1864,1.42967,-0.153399
1776812879340393993,1.50565,0.248047,0.14622,0.0946484,1.7767,1.85953,10,1863,1.4289,-0.306858
1776812879345395699,1.50565,0.240234,0.145453,-0.066624,1.93118,1.86117,10,1861,1.42737,-0.153337
1776812879350393554,1.5095,0.240234,0.147761,0.0868972,1.93118,1.86117,10,1859,1.42584,-0.306858
1776812879355404260,1.5095,0.248047,0.146227,-0.0588115,1.85078,1.88804,10,1857,1.4243,-0.306858
1776812879360397041,1.51072,0.248047,0.145921,-0.0588115,1.85078,1.88804,10,1856,1.42353,-0.153399
1776812879365399229,1.51072,0.269531,0.145154,0.116133,1.89229,1.90744,10,1854,1.422,-0.306797
1776812879370415786,1.51458,0.269531,0.147475,-0.0372658,1.89229,1.90744,10,1853,1.42123,-0.306674
1776812879375408531,1.51458,0.267578,0.146708,-0.0390962,1.91988,1.92877,10,1850,1.41893,-0.153429
1776812879380397127,1.51458,0.267578,0.144407,0.114149,1.91988,1.92877,10,1850,1.41893,-0.306797
1776812879385401315,1.50898,0.267578,0.138807,-0.0392189,1.90754,1.89616,10,1848,1.4174,-0.306797
1776812879390399484,1.50898,0.267578,0.138807,-0.0392189,1.90754,1.89616,10,1848,1.4174,-0.306797
1776812879395403802,1.51423,0.251953,0.140226,0.0985546,1.84922,1.88725,10,1845,1.4151,-0.153399
1776812879400396657,1.51423,0.208984,0.140226,0.0555859,1.84922,1.88725,10,1844,1.41433,-0.153399
1776812879405396123,1.51651,0.208984,0.141738,0.0555859,1.82422,1.90661,10,1843,1.41356,-0.153399
1776812879410443734,1.51651,0.164062,0.140971,0.010664,1.82422,1.90661,10,1842,1.4128,-0.306674
1776812879415600023,1.51844,0.164062,0.142135,-0.142612,1.82388,1.89223,10,1841,1.41203,0
1776812879420412241,1.51844,0.140625,0.141368,0.140625,1.82388,1.89223,10,1840,1.41126,-0.153368
1776812879425399949,1.51985,0.140625,0.142011,-0.0127428,1.90034,1.88706,10,1840,1.41126,-0.153399
1776812879430419376,1.51985,0.107422,0.142011,-0.0459766,1.90034,1.88706,10,1839,1.4105,-0.153429
1776812879435394307,1.52109,0.107422,0.142477,-0.0460073,1.94717,1.87529,10,1839,1.4105,0
1776812879440405642,1.52109,0.0410156,0.142477,0.0410156,1.94717,1.87529,10,1839,1.4105,0
1776812879445397164,1.52197,0.0410156,0.143357,0.0410156,1.88138,1.84255,10,1839,1.4105,0
1776812879450400278,1.52197,-0.0273438,0.143357,-0.0273438,1.88138,1.84255,10,1839,1.4105,0
1776812879455422261,1.52197,-0.0273438,0.143357,-0.0273438,1.85942,1.80358,10,1839,1.4105,0
1776812879460413042,1.52179,-0.0273438,0.143181,-0.0273438,1.85942,1.80358,10,1839,1.4105,0
1776812879465393565,1.52179,-0.0273438,0.143181,-0.0273438,1.85942,1.80358,10,1839,1.4105,0
1776812879470377161,1.52056,-0.107422,0.142717,0.0459766,1.7935,1.75692,10,1840,1.41126,0.153399
1776812879475392478,1.52056,-0.107422,0.142717,0.0459766,1.7935,1.75692,10,1840,1.41126,0.153399
1776812879480412887,1.5195,-0.101562,0.142429,0.051836,1.78954,1.75311,10,1841,1.41203,0.153399
1776812879485403094,1.5195,-0.0585938,0.142429,0.0948048,1.73232,1.77148,10,1841,1.41203,0
1776812879490401505,1.5188,-0.0585938,0.141725,-0.0585938,1.73232,1.77148,10,1841,1.41203,0
1776812879495397249,1.5188,-0.0332031,0.141725,-0.0332031,1.80276,1.78186,10,1841,1.41203,0
1776812879500398399,1.51863,-0.0332031,0.141551,-0.0332031,1.80276,1.78186,10,1841,1.41203,0
1776812879505428752,1.51863,0.0136719,0.141551,0.0136719,1.718,1.80757,10,1841,1.41203,0
1776812879510426311,1.51845,0.0136719,0.141373,0.0136719,1.718,1.80757,10,1841,1.41203,0
1776812879515393705,1.51845,0.0175781,0.141373,0.0175781,1.84882,1.80876,10,1841,1.41203,0
1776812879520380949,1.51845,0.0175781,0.141373,0.0175781,1.84882,1.80876,10,1841,1.41203,0
1776812879525388248,1.51845,0.0292969,0.141373,0.0292969,1.8257,1.81544,10,1841,1.41203,0
1776812879530412768,1.51845,0.0292969,0.141373,0.0292969,1.8257,1.81544,10,1841,1.41203,0
1776812879535413937,1.5188,0.0292969,0.141722,0.0292969,1.85935,1.81747,10,1841,1.41203,0
1776812879540405478,1.5188,0.0390625,0.141722,0.0390625,1.85935,1.81747,10,1841,1.41203,0
1776812879545400296,1.51933,0.0390625,0.142252,0.0390625,1.82466,1.82611,10,1841,1.41203,0
1776812879550397243,1.51933,0.0351562,0.142252,0.0351562,1.82466,1.82611,10,1841,1.41203,0
1776812879555430151,1.51968,0.0351562,0.142606,0.0351562,1.8747,1.82594,10,1841,1.41203,0
1776812879560413748,1.51968,0.015625,0.142606,0.015625,1.8747,1.82594,10,1841,1.41203,0
1776812879565423713,1.51986,0.015625,0.142785,0.015625,1.7935,1.81585,10,1841,1.41203,0
1776812879570374645,1.51986,-0.015625,0.142785,-0.015625,1.7935,1.81585,10,1841,1.41203,0
1776812879575395461,1.51986,-0.015625,0.142783,-0.015625,1.79375,1.79802,10,1841,1.41203,0
1776812879580488921,1.51986,-0.0390625,0.142783,-0.0390625,1.79375,1.79802,10,1841,1.41203,0
1776812879585432428,1.51951,-0.0390625,0.142431,-0.0390625,1.81171,1.78262,10,1841,1.41203,0
1776812879590422505,1.51951,-0.0332031,0.142431,-0.0332031,1.81171,1.78262,10,1841,1.41203,0
1776812879595431193,1.51916,-0.0332031,0.14208,-0.0332031,1.84452,1.78392,10,1841,1.41203,0
1776812879600503636,1.51916,-0.0136719,0.14208,-0.0136719,1.84452,1.78392,10,1841,1.41203,0
1776812879605426643,1.51916,-0.0136719,0.14208,-0.0136719,1.82988,1.79505,10,1841,1.41203,0
1776812879610395352,1.5188,-0.0136719,0.141727,-0.0136719,1.82988,1.79505,10,1841,1.41203,0
1776812879615395947,1.5188,-0.0136719,0.141727,-0.0136719,1.82988,1.79505,10,1841,1.41203,0
1776812879620373915,1.51881,0.0175781,0.141733,0.0175781,1.82988,1.81082,10,1841,1.41203,0
1776812879625385972,1.51881,0.0214844,0.141733,0.0214844,1.8266,1.81308,10,1841,1.41203,0
1776812879630400196,1.51898,0.0214844,0.141905,0.0214844,1.8266,1.81308,10,1841,1.41203,0
1776812879635401347,1.51898,0.015625,0.141905,0.015625,1.75876,1.81074,10,1841,1.41203,0
1776812879640418553,1.51933,0.015625,0.142252,0.015625,1.75876,1.81074,10,1841,1.41203,0
1776812879645412260,1.51933,0.00585938,0.142252,0.00585938,1.81083,1.80719,10,1841,1.41203,0
1776812879650408337,1.51933,0.00585938,0.14225,0.00585938,1.81083,1.80719,10,1841,1.41203,0
1776812879655399229,1.51933,-0.00195312,0.14225,-0.00195312,1.87466,1.80272,10,1841,1.41203,0
1776812879660402380,1.51933,-0.00195312,0.142255,-0.00195312,1.87466,1.80272,10,1841,1.41203,0
1776812879665458232,1.51933,-0.00585938,0.142255,-0.00585938,1.80906,1.80053,10,1841,1.41203,0
1776812879670382869,1.51933,-0.00585938,0.142252,-0.00585938,1.80906,1.80053,10,1841,1.41203,0
1776812879675383779,1.51933,-0.00585938,0.142252,-0.00585938,1.84364,1.80051,10,1841,1.41203,0
1776812879680398503,1.51933,-0.00585938,0.142252,-0.00585938,1.84364,1.80051,10,1841,1.41203,0
1776812879685397747,1.51916,-0.00585938,0.142082,-0.00585938,1.80894,1.79952,10,1841,1.41203,0
1776812879690400120,1.51916,-0.0117188,0.142082,-0.0117188,1.80894,1.79952,10,1841,1.41203,0
1776812879695405974,1.51915,-0.0117188,0.142074,-0.0117188,1.75789,1.79613,10,1841,1.41203,0
1776812879700422347,1.51915,-0.0117188,0.142074,-0.0117188,1.75789,1.79613,10,1841,1.41203,0
1776812879705401703,1.51915,-0.0117188,0.142074,-0.0117188,1.79355,1.79613,10,1841,1.41203,0
1776812879710421223,1.51915,-0.00195312,0.142074,-0.00195312,1.79355,1.79613,10,1841,1.41203,0
1776812879715392153,1.51898,-0.00195312,0.141901,-0.00195312,1.85944,1.80069,10,1841,1.41203,0
1776812879720405192,1.51898,0.00976562,0.141901,0.00976562,1.85944,1.80069,10,1841,1.41203,0
1776812879725409991,1.51898,0.00976562,0.141901,0.00976562,1.8445,1.80737,10,1841,1.41203,0
1776812879730408124,1.51898,0.0214844,0.141901,0.0214844,1.8445,1.80737,10,1841,1.41203,0
1776812879735400609,1.51916,0.0214844,0.14208,0.0214844,1.74175,1.81509,10,1841,1.41203,0
1776812879740402297,1.51916,0.0195312,0.14208,0.0195312,1.74175,1.81509,10,1841,1.41203,0
1776812879745409225,1.51933,0.0195312,0.142252,0.0195312,1.7762,1.81498,10,1841,1.41203,0
1776812879750407432,1.51933,-0.00195312,0.142252,-0.00195312,1.7762,1.81498,10,1841,1.41203,0
1776812879755414879,1.5195,-0.00195312,0.142429,-0.00195312,1.89024,1.80274,10,1841,1.41203,0
1776812879760409678,1.5195,-0.0175781,0.142429,-0.0175781,1.89024,1.80274,10,1841,1.41203,0
1776812879765409848,1.51933,-0.0175781,0.142252,-0.0175781,1.82658,1.79383,10,1841,1.41203,0
1776812879770377649,1.51933,-0.0195312,0.142252,-0.0195312,1.82658,1.79383,10,1841,1.41203,0
1776812879775435741,1.51916,-0.0195312,0.14208,-0.0195312,1.81144,1.79171,10,1841,1.41203,0
1776812879780451095,1.51916,-0.0136719,0.14208,-0.0136719,1.81144,1.79171,10,1841,1.41203,0
1776812879785421673,1.51915,-0.0136719,0.142079,-0.0136719,1.79376,1.79505,10,1841,1.41203,0
1776812879790405881,1.51915,0.00585938,0.142079,0.00585938,1.79376,1.79505,10,1841,1.41203,0
1776812879795807137,1.51898,0.00585938,0.141906,0.00585938,1.79376,1.80518,10,1841,1.41203,0
1776812879800418460,1.51898,0.0117188,0.141906,0.0117188,1.79376,1.80518,10,1841,1.41203,0
1776812879805415482,1.51898,0.0117188,0.141906,0.0117188,1.74324,1.80852,10,1841,1.41203,0
1776812879810415188,1.51898,0.00585938,0.141906,0.00585938,1.74324,1.80852,10,1841,1.41203,0
1776812879815410765,1.51916,0.00585938,0.14208,0.00585938,1.82659,1.80619,10,1841,1.41203,0
1776812879820379863,1.51916,0.00195312,0.14208,0.00195312,1.82659,1.80619,10,1841,1.41203,0
1776812879825399290,1.51916,0.00195312,0.14208,0.00195312,1.76371,1.80396,10,1841,1.41203,0
1776812879830397960,1.51933,0.00195312,0.142252,0.00195312,1.76371,1.80396,10,1841,1.41203,0
1776812879835401981,1.51933,0.00390625,0.142252,0.00390625,1.7254,1.80608,10,1841,1.41203,0
1776812879840402928,1.51933,0.00390625,0.142257,0.00390625,1.7254,1.80608,10,1841,1.41203,0
1776812879845411486,1.51933,0.00390625,0.142257,0.00390625,1.79372,1.8061,10,1841,1.41203,0
1776812879850399453,1.51933,0.00390625,0.142258,0.00390625,1.79372,1.8061,10,1841,1.41203,0
1776812879855423176,1.51933,0.0078125,0.142258,0.0078125,1.81156,1.80834,10,1841,1.41203,0
1776812879860405903,1.51933,0.0078125,0.142258,0.0078125,1.81156,1.80834,10,1841,1.41203,0
1776812879865415275,1.51933,-0.00390625,0.142258,-0.00390625,1.79177,1.80166,10,1841,1.41203,0
1776812879870371411,1.51933,-0.00390625,0.142255,-0.00390625,1.79177,1.80166,10,1841,1.41203,0
1776812879875397042,1.51933,-0.00976562,0.142255,-0.00976562,1.82361,1.7983,10,1841,1.41203,0
1776812879880392859,1.51933,-0.00976562,0.142255,-0.00976562,1.82361,1.7983,10,1841,1.41203,0
1776812879885398066,1.51933,-0.0117188,0.142255,-0.0117188,1.85941,1.79719,10,1841,1.41203,0
1776812879890395717,1.51916,-0.0117188,0.142081,-0.0117188,1.85941,1.79719,10,1841,1.41203,0
1776812879895402053,1.51916,-0.0078125,0.142081,-0.0078125,1.84741,1.7984,10,1841,1.41203,0
1776812879900420166,1.51916,-0.0078125,0.142081,-0.0078125,1.84741,1.7984,10,1841,1.41203,0
1776812879905404855,1.51933,-0.0078125,0.142257,-0.0078125,1.82974,1.79942,10,1841,1.41203,0
1776812879910406431,1.51933,0.0136719,0.142257,0.0136719,1.82974,1.79942,10,1841,1.41203,0
1776812879915459524,1.51934,0.0136719,0.14226,0.0136719,1.76087,1.81169,10,1841,1.41203,0
1776812879920408789,1.51934,0.0136719,0.14226,0.0136719,1.76087,1.81169,10,1841,1.41203,0
1776812879925394459,1.51951,0.0136719,0.142433,0.0136719,1.80901,1.81269,10,1841,1.41203,0
1776812879930418313,1.51951,0.00390625,0.142433,0.00390625,1.80901,1.81269,10,1841,1.41203,0
1776812879935402520,1.51968,0.00390625,0.142609,0.00390625,1.94266,1.80815,10,1841,1.41203,0
1776812879940398153,1.51968,-0.0078125,0.142609,-0.0078125,1.94266,1.80815,10,1841,1.41203,0
1776812879945394749,1.51968,-0.0078125,0.142609,-0.0078125,1.89474,1.80147,10,1841,1.41203,0
1776812879950434360,1.51968,-0.0117188,0.142609,-0.0117188,1.89474,1.80147,10,1841,1.41203,0
1776812879955409161,1.51951,-0.0117188,0.142433,-0.0117188,1.8115,1.79822,10,1841,1.41203,0
1776812879960390591,1.51951,-0.0078125,0.142433,-0.0078125,1.8115,1.79822,10,1841,1.41203,0
1776812879965394927,1.51934,-0.0078125,0.14226,-0.0078125,1.78856,1.79944,10,1841,1.41203,0
1776812879970419484,1.51934,-0.00195312,0.14226,-0.00195312,1.78856,1.79944,10,1841,1.41203,0
1776812879975415765,1.52022,-0.00195312,0.143139,-0.00195312,1.78192,1.80278,10,1841,1.41203,0
1776812879980444006,1.52022,-0.00195312,0.143139,-0.00195312,1.78192,1.80278,10,1841,1.41203,0
1776812879985425825,1.52022,-0.00195312,0.143139,-0.00195312,1.79096,1.80789,10,1841,1.41203,0
1776812879990395367,1.52022,-0.00195312,0.143139,-0.00195312,1.79096,1.80789,10,1841,1.41203,0
1776812879995432590,1.52022,-0.00195312,0.143139,-0.00195312,1.79365,1.80789,10,1841,1.41203,0
1776812880000408946,1.52022,0.00195312,0.143139,0.00195312,1.79365,1.80789,10,1841,1.41203,0
1776812880005422356,1.52022,0.00195312,0.143139,0.00195312,1.77876,1.81012,10,1841,1.41203,0
1776812880010402676,1.52022,0.0078125,0.143139,0.0078125,1.77876,1.81012,10,1841,1.41203,0
1776812880015406771,1.52022,0.0078125,0.143139,0.0078125,1.82908,1.81345,10,1841,1.41203,0
1776812880020378851,1.52022,0.0117188,0.143139,0.0117188,1.82908,1.81345,10,1841,1.41203,0
1776812880025510457,1.52039,0.0117188,0.143312,0.0117188,1.84192,1.81668,10,1841,1.41203,0
1776812880030425910,1.52039,0.00585938,0.143312,0.00585938,1.84192,1.81668,10,1841,1.41203,0
1776812880035412526,1.52039,0.00585938,0.143315,0.00585938,1.70823,1.81336,10,1841,1.41203,0
1776812880040514745,1.52039,-0.00585938,0.143315,-0.00585938,1.70823,1.81336,10,1841,1.41203,0
1776812880045433309,1.52268,-0.00585938,0.145608,-0.00585938,1.76092,1.80668,10,1841,1.41203,0
1776812880050401963,1.52268,-0.0136719,0.145608,-0.0136719,1.76092,1.80668,10,1841,1.41203,0
1776812880055427928,1.52251,-0.0136719,0.145432,-0.0136719,1.8418,1.81451,10,1841,1.41203,0
1776812880060400988,1.52251,-0.00976562,0.145432,-0.00976562,1.8418,1.81451,10,1841,1.41203,0
1776812880065408658,1.52251,-0.00976562,0.145432,-0.00976562,1.83003,1.81674,10,1841,1.41203,0
1776812880070374293,1.52251,-0.0078125,0.145432,-0.0078125,1.83003,1.81674,10,1841,1.41203,0
1776812880075397351,1.52233,-0.0078125,0.145256,-0.0078125,1.81541,1.81683,10,1841,1.41203,0
1776812880080401799,1.52233,0.00976562,0.145256,0.00976562,1.81541,1.81683,10,1841,1.41203,0
1776812880085409746,1.52233,0.00976562,0.145256,0.00976562,1.8266,1.82685,10,1841,1.41203,0
1776812880090396084,1.52233,0.0136719,0.145256,0.0136719,1.8266,1.82685,10,1841,1.41203,0
1776812880095396198,1.52251,0.0136719,0.145432,0.0136719,1.7582,1.8301,10,1841,1.41203,0
1776812880100395517,1.52251,0.00585938,0.145432,0.00585938,1.7582,1.8301,10,1841,1.41203,0
1776812880105400261,1.52268,0.00585938,0.145608,0.00585938,1.89798,1.82667,10,1841,1.41203,0
1776812880110394487,1.52268,-0.00195312,0.145608,-0.00195312,1.89798,1.82667,10,1841,1.41203,0
1776812880115396824,1.5241,-0.00195312,0.147023,-0.00195312,1.79374,1.82222,10,1841,1.41203,0
1776812880120383495,1.5241,-0.0078125,0.147023,-0.0078125,1.79374,1.82222,10,1841,1.41203,0
1776812880125399830,1.5241,-0.0078125,0.147022,-0.0078125,1.82957,1.82708,10,1841,1.41203,0
1776812880130433832,1.5241,-0.00390625,0.147022,-0.00390625,1.82957,1.82708,10,1841,1.41203,0
1776812880135418058,1.5241,-0.00390625,0.147022,-0.00390625,1.86245,1.8293,10,1841,1.41203,0
1776812880140409914,1.5241,0.00195312,0.147022,0.00195312,1.86245,1.8293,10,1841,1.41203,0
1776812880145392715,1.5241,0.00195312,0.147019,0.00195312,1.80836,1.83263,10,1841,1.41203,0
1776812880150392589,1.5241,0.00195312,0.147019,0.00195312,1.80836,1.83263,10,1841,1.41203,0
1776812880155400425,1.5241,0.00195312,0.147019,0.00195312,1.8086,1.83263,10,1841,1.41203,0
1776812880160408428,1.5241,0.00195312,0.147019,0.00195312,1.8086,1.83263,10,1841,1.41203,0
1776812880165400247,1.5241,0.00195312,0.147023,0.00195312,1.82972,1.83265,10,1841,1.41203,0
1776812880170446600,1.5241,-0.00390625,0.147023,-0.00390625,1.82972,1.83265,10,1841,1.41203,0
1776812880175405180,1.5241,-0.00390625,0.147019,-0.00390625,1.87422,1.82929,10,1841,1.41203,0
1776812880180413794,1.5241,-0.00195312,0.147019,-0.00195312,1.87422,1.82929,10,1841,1.41203,0
1776812880185406298,1.52534,-0.00195312,0.148262,-0.00195312,1.77875,1.8376,10,1841,1.41203,0
1776812880190417338,1.52534,0.00585938,0.148262,0.00585938,1.77875,1.8376,10,1841,1.41203,0
1776812880195396046,1.52534,0.00585938,0.148262,0.00585938,1.76088,1.84206,10,1841,1.41203,0
1776812880200417845,1.52534,0.00390625,0.148262,0.00390625,1.76088,1.84206,10,1841,1.41203,0
1776812880205397627,1.52551,0.00390625,0.148432,0.00390625,1.77578,1.84193,10,1841,1.41203,0
1776812880210395038,1.52551,0.00390625,0.148432,0.00390625,1.77578,1.84193,10,1841,1.41203,0
1776812880215395079,1.52551,0.00390625,0.148436,0.00390625,1.84456,1.84195,10,1841,1.41203,0
1776812880220380194,1.52551,-0.00195312,0.148436,-0.00195312,1.84456,1.84195,10,1841,1.41203,0
1776812880225385142,1.52551,-0.00195312,0.148436,-0.00195312,1.79702,1.83861,10,1841,1.41203,0
1776812880230399959,1.52551,-0.00390625,0.148436,-0.00390625,1.79702,1.83861,10,1841,1.41203,0
1776812880235393167,1.52551,-0.00390625,0.148432,-0.00390625,1.87737,1.83748,10,1841,1.41203,0
1776812880240398374,1.52551,-0.0078125,0.148432,-0.0078125,1.87737,1.83748,10,1841,1.41203,0
1776812880245399766,1.52534,-0.0078125,0.14826,-0.0078125,1.79346,1.83425,10,1841,1.41203,0
1776812880250393492,1.52534,0.00195312,0.14826,0.00195312,1.79346,1.83425,10,1841,1.41203,0
1776812880255394829,1.52657,0.00195312,0.149497,0.00195312,1.96436,1.83982,10,1841,1.41203,0
1776812880260398369,1.52657,0.00390625,0.149497,0.00390625,1.96436,1.83982,10,1841,1.41203,0
1776812880265399688,1.52657,0.00390625,0.149497,0.00390625,1.8593,1.8481,10,1841,1.41203,0
1776812880270372063,1.52657,0.00390625,0.149497,0.00390625,1.8593,1.8481,10,1841,1.41203,0
1776812880275389306,1.52657,0.00390625,0.149497,0.00390625,1.77891,1.8481,10,1841,1.41203,0
1776812880280392273,1.52657,-0.00195312,0.149497,-0.00195312,1.77891,1.8481,10,1841,1.41203,0
1776812880285402683,1.52657,-0.00195312,0.149497,-0.00195312,1.81171,1.84476,10,1841,1.41203,0
1776812880290482441,1.52657,-0.00195312,0.149497,-0.00195312,1.81171,1.84476,10,1841,1.41203,0
1776812880295450817,1.52657,-0.00195312,0.149497,-0.00195312,1.83008,1.84476,10,1841,1.41203,0
1776812880300411230,1.52657,0.00195312,0.149497,0.00195312,1.83008,1.84476,10,1841,1.41203,0
1776812880305407974,1.52657,0.00195312,0.149494,0.00195312,1.92829,1.84697,10,1841,1.41203,0
1776812880310397090,1.52657,0.00390625,0.149494,0.00390625,1.92829,1.84697,10,1841,1.41203,0
1776812880315404722,1.52657,0.00390625,0.149497,0.00390625,1.87412,1.8481,10,1841,1.41203,0
1776812880320385764,1.52657,0.00585938,0.149497,0.00585938,1.87412,1.8481,10,1841,1.41203,0
1776812880325383953,1.52657,0.00585938,0.149497,0.00585938,1.84118,1.84921,10,1841,1.41203,0
1776812880330391734,1.53047,0.00585938,0.15339,0.00585938,1.84118,1.84921,10,1841,1.41203,0
1776812880335417976,1.53047,-0.00585938,0.15339,-0.00585938,1.82939,1.86507,10,1841,1.41203,0
1776812880340412499,1.53029,-0.00585938,0.153213,-0.00585938,1.82939,1.86507,10,1841,1.41203,0
1776812880345418317,1.53029,-0.00390625,0.153213,-0.00390625,1.9099,1.86516,10,1841,1.41203,0
1776812880350401377,1.53029,-0.00390625,0.153213,-0.00390625,1.9099,1.86516,10,1841,1.41203,0
1776812880355399751,1.53029,-0.00195312,0.153213,-0.00195312,1.89563,1.86627,10,1841,1.41203,0
1776812880360392921,1.53029,-0.00195312,0.153213,-0.00195312,1.89563,1.86627,10,1841,1.41203,0
1776812880365404665,1.53029,0.00195312,0.153213,0.00195312,1.77885,1.8685,10,1841,1.41203,0
1776812880370409816,1.53029,0.00195312,0.153213,0.00195312,1.77885,1.8685,10,1841,1.41203,0
1776812880375436651,1.53029,0.00195312,0.153213,0.00195312,1.92839,1.8685,10,1841,1.41203,0
1776812880380413545,1.53029,0.00195312,0.153213,0.00195312,1.92839,1.8685,10,1841,1.41203,0
1776812880385391254,1.53029,-0.00390625,0.153213,-0.00390625,1.84889,1.86516,10,1841,1.41203,0
1776812880390419459,1.53029,-0.00390625,0.153213,-0.00390625,1.84889,1.86516,10,1841,1.41203,0
1776812880395397834,1.53029,0.00390625,0.153213,0.00390625,1.86725,1.86961,10,1841,1.41203,0
1776812880400403801,1.53029,0.00390625,0.153213,0.00390625,1.86725,1.86961,10,1841,1.41203,0
1776812880405403415,1.53277,0.00390625,0.155694,0.00390625,1.82562,1.88396,10,1841,1.41203,0
1776812880410415122,1.53277,-0.00390625,0.155694,-0.00390625,1.82562,1.88396,10,1841,1.41203,0
1776812880415396811,1.53277,-0.00390625,0.155694,-0.00390625,1.92848,1.8795,10,1841,1.41203,0
1776812880420375187,1.53277,0.00390625,0.155694,0.00390625,1.92848,1.8795,10,1841,1.41203,0
1776812880425469814,1.53277,0.00390625,0.155698,0.00390625,1.81152,1.88398,10,1841,1.41203,0
1776812880430433672,1.53277,0.00195312,0.155698,0.00195312,1.81152,1.88398,10,1841,1.41203,0
1776812880435398436,1.53278,0.00195312,0.155701,0.00195312,1.94299,1.88288,10,1841,1.41203,0
1776812880440422013,1.53278,-0.00390625,0.155701,-0.00390625,1.94299,1.88288,10,1841,1.41203,0
1776812880445413128,1.53278,-0.00390625,0.155701,-0.00390625,1.87313,1.87954,10,1841,1.41203,0
1776812880450409761,1.53278,0.00195312,0.155701,0.00195312,1.87313,1.87954,10,1841,1.41203,0
1776812880455392821,1.53278,0.00195312,0.155701,0.00195312,1.81153,1.88288,10,1841,1.41203,0
1776812880460403954,1.53278,-0.0136719,0.155701,-0.0136719,1.81153,1.88288,10,1841,1.41203,0
1776812880465552170,1.5326,-0.0136719,0.155524,-0.0136719,1.86286,1.87295,10,1841,1.41203,0
1776812880470395109,1.5326,-0.00585938,0.155524,-0.00585938,1.86286,1.87295,10,1841,1.41203,0
1776812880475389743,1.53456,-0.00585938,0.15748,-0.00585938,1.89494,1.87741,10,1841,1.41203,0
1776812880480450391,1.53456,-0.00195312,0.15748,-0.00195312,1.89494,1.87741,10,1841,1.41203,0
1776812880485467486,1.53455,-0.00195312,0.157476,-0.00195312,1.91437,1.89091,10,1841,1.41203,0
1776812880490416511,1.53455,-0.00195312,0.157476,-0.00195312,1.91437,1.89091,10,1841,1.41203,0
1776812880495395701,1.53455,-0.00195312,0.157476,-0.00195312,1.93352,1.89091,10,1841,1.41203,0
1776812880500406741,1.53455,0.00585938,0.157476,0.00585938,1.93352,1.89091,10,1841,1.41203,0
1776812880505396856,1.53455,0.00585938,0.157473,0.00585938,1.85696,1.89535,10,1841,1.41203,0
1776812880510394786,1.53455,-0.00195312,0.157473,-0.00195312,1.85696,1.89535,10,1841,1.41203,0
1776812880515406955,1.53455,-0.00195312,0.157473,-0.00195312,1.87659,1.8909,10,1841,1.41203,0
1776812880520375460,1.53455,0,0.157473,0,1.87659,1.8909,10,1841,1.41203,0
1776812880525403314,1.53455,0,0.157473,0,1.95299,1.89201,10,1841,1.41203,0
1776812880530392189,1.53455,-0.00195312,0.157473,-0.00195312,1.95299,1.89201,10,1841,1.41203,0
1776812880535432338,1.53455,0.00195312,0.157473,0.00195312,1.88168,1.8909,10,1841,1.41203,0
1776812880540409139,1.53455,0.00195312,0.157473,0.00195312,1.88168,1.8909,10,1841,1.41203,0
1776812880545395254,1.53632,0.00195312,0.159247,0.00195312,1.88168,1.90337,10,1841,1.41203,0
1776812880550395647,1.53632,-0.00195312,0.159247,-0.00195312,1.88168,1.90337,10,1841,1.41203,0
1776812880555421519,1.53632,-0.00195312,0.159247,-0.00195312,1.82332,1.90114,10,1841,1.41203,0
1776812880560396894,1.53632,-0.00195312,0.159247,-0.00195312,1.82332,1.90114,10,1841,1.41203,0
1776812880565411156,1.53632,-0.00195312,0.159247,-0.00195312,1.90083,1.90114,10,1841,1.41203,0
1776812880570371292,1.53632,-0.00585938,0.159247,-0.00585938,1.90083,1.90114,10,1841,1.41203,0
1776812880575396164,1.53615,-0.00585938,0.159077,-0.00585938,1.90713,1.89793,10,1841,1.41203,0
1776812880580399427,1.53615,-0.00585938,0.159077,-0.00585938,1.90713,1.89793,10,1841,1.41203,0
1776812880585391968,1.53615,-0.00585938,0.159077,-0.00585938,1.92017,1.89793,10,1841,1.41203,0
1776812880590392916,1.53615,0,0.159077,0,1.92017,1.89793,10,1841,1.41203,0
1776812880595397215,1.53615,0,0.159077,0,1.86224,1.90127,10,1841,1.41203,0
1776812880600401515,1.53615,-0.00390625,0.159077,-0.00390625,1.86224,1.90127,10,1841,1.41203,0
1776812880605399241,1.53615,-0.00390625,0.159073,-0.00390625,1.86234,1.89902,10,1841,1.41203,0
1776812880610394541,1.53615,0.00585938,0.159073,0.00585938,1.86234,1.89902,10,1841,1.41203,0
1776812880615400988,1.53615,0.00585938,0.159073,0.00585938,1.84318,1.90459,10,1841,1.41203,0
1776812880620371957,1.53758,0.00585938,0.1605,0.00585938,1.84318,1.90459,10,1841,1.41203,0
1776812880625395533,1.53758,0.00585938,0.1605,0.00585938,1.90722,1.91283,10,1841,1.41203,0
1776812880630390740,1.53775,0.00585938,0.160673,0.00585938,1.90722,1.91283,10,1841,1.41203,0
1776812880635399521,1.53775,-0.00195312,0.160673,-0.00195312,1.84356,1.90937,10,1841,1.41203,0
1776812880640391469,1.53775,-0.00195312,0.160675,-0.00195312,1.84356,1.90937,10,1841,1.41203,0
1776812880645392491,1.53775,-0.00195312,0.160675,-0.00195312,1.90079,1.90938,10,1841,1.41203,0
1776812880650401124,1.53775,-0.00195312,0.160675,-0.00195312,1.90079,1.90938,10,1841,1.41203,0
1776812880655397609,1.53775,-0.00195312,0.160675,-0.00195312,1.88759,1.90938,10,1841,1.41203,0
1776812880660403464,1.53775,-0.00195312,0.160675,-0.00195312,1.88759,1.90938,10,1841,1.41203,0
1776812880665394894,1.53775,0,0.160675,0,1.82379,1.9105,10,1841,1.41203,0
1776812880670374899,1.53775,0,0.160675,0,1.82379,1.9105,10,1841,1.41203,0
1776812880675465100,1.53775,0,0.160675,0,1.90895,1.9105,10,1841,1.41203,0
1776812880680419625,1.53775,0,0.160675,0,1.90895,1.9105,10,1841,1.41203,0
1776812880685416814,1.53775,-0.00195312,0.160675,-0.00195312,1.83543,1.90938,10,1841,1.41203,0
1776812880690433243,1.54238,-0.00195312,0.165301,-0.00195312,1.83543,1.90938,10,1841,1.41203,0
1776812880695412562,1.54238,-0.00195312,0.165301,-0.00195312,2.02551,1.93605,10,1841,1.41203,0
1776812880700416565,1.54238,-0.00195312,0.165301,-0.00195312,2.02551,1.93605,10,1841,1.41203,0
1776812880705395737,1.54238,0.00195312,0.165301,0.00195312,1.82962,1.93827,10,1841,1.41203,0
1776812880710406888,1.54238,0.00195312,0.165301,0.00195312,1.82962,1.93827,10,1841,1.41203,0
1776812880715399429,1.54238,0.00195312,0.165301,0.00195312,1.86157,1.93827,10,1841,1.41203,0
1776812880720379174,1.54238,0.00195312,0.165301,0.00195312,1.86157,1.93827,10,1841,1.41203,0
1776812880725770820,1.54238,0.00390625,0.165301,0.00390625,1.90082,1.93939,10,1841,1.41203,0
1776812880730491637,1.54238,0.00390625,0.165306,0.00390625,1.90082,1.93939,10,1841,1.41203,0
1776812880735742995,1.54238,0.00585938,0.165306,0.00585938,1.98564,1.94053,10,1841,1.41203,0
1776812880740523290,1.54238,0.00585938,0.165306,0.00585938,1.98564,1.94053,10,1841,1.41203,0
1776812880745519368,1.54238,-0.00390625,0.165306,-0.00390625,1.8947,1.93497,10,1841,1.41203,0
1776812880750439543,1.54238,-0.00390625,0.165306,-0.00390625,1.8947,1.93497,10,1841,1.41203,0
1776812880755409901,1.54238,-0.0078125,0.165306,-0.0078125,1.97238,1.93274,10,1841,1.41203,0
1776812880760380869,1.54559,-0.0078125,0.16851,-0.0078125,1.97238,1.93274,10,1841,1.41203,0
1776812880765417018,1.54559,0,0.16851,0,2.00495,1.95563,10,1841,1.41203,0
1776812880770387727,1.54541,0,0.168338,0,2.00495,1.95563,10,1841,1.41203,0
1776812880775396804,1.54541,-0.00195312,0.168338,-0.00195312,1.99871,1.95353,10,1841,1.41203,0
1776812880780401196,1.54541,-0.00195312,0.168338,-0.00195312,1.99871,1.95353,10,1841,1.41203,0
1776812880785417662,1.54541,0.00390625,0.168338,0.00390625,1.90732,1.95687,10,1841,1.41203,0
1776812880790407685,1.54541,0.00390625,0.168338,0.00390625,1.90732,1.95687,10,1841,1.41203,0
1776812880795432131,1.54541,0.00585938,0.168338,0.00585938,2.00486,1.95798,10,1841,1.41203,0
1776812880800405007,1.54541,0.00585938,0.168338,0.00585938,2.00486,1.95798,10,1841,1.41203,0
1776812880805430138,1.54541,0.00195312,0.168338,0.00195312,1.86186,1.95576,10,1841,1.41203,0
1776812880810501526,1.54542,0.00195312,0.168341,0.00195312,1.86186,1.95576,10,1841,1.41203,0
1776812880815456736,1.54542,-0.00585938,0.168341,-0.00585938,2.0391,1.95132,10,1841,1.41203,0
1776812880820405058,1.54542,-0.00585938,0.168341,-0.00585938,2.0391,1.95132,10,1841,1.41203,0
1776812880825392210,1.54542,-0.00195312,0.168341,-0.00195312,1.91339,1.95354,10,1841,1.41203,0
1776812880830408027,1.54792,-0.00195312,0.170842,-0.00195312,1.91339,1.95354,10,1841,1.41203,0
1776812880835425308,1.54792,0.00195312,0.170842,0.00195312,1.9137,1.97016,10,1841,1.41203,0
1776812880840417367,1.54792,0.00195312,0.170842,0.00195312,1.9137,1.97016,10,1841,1.41203,0
1776812880845403075,1.54792,-0.00195312,0.170842,-0.00195312,2.05898,1.96793,10,1841,1.41203,0
1776812880850409338,1.54792,-0.00195312,0.170842,-0.00195312,2.05898,1.96793,10,1841,1.41203,0
1776812880855411619,1.54792,0.00195312,0.170842,0.00195312,1.95295,1.97016,10,1841,1.41203,0
1776812880860422029,1.54792,0.00195312,0.17084,0.00195312,1.95295,1.97016,10,1841,1.41203,0
1776812880865404311,1.54792,-0.00195312,0.17084,-0.00195312,1.94055,1.96791,10,1841,1.41203,0
1776812880870394649,1.54791,-0.00195312,0.170834,-0.00195312,1.94055,1.96791,10,1841,1.41203,0
1776812880875389042,1.54791,-0.00195312,0.170834,-0.00195312,1.96527,1.96788,10,1841,1.41203,0
1776812880880404970,1.54791,-0.00195312,0.170834,-0.00195312,1.96527,1.96788,10,1841,1.41203,0
1776812880885399363,1.54791,0,0.170834,0,1.9004,1.96899,10,1841,1.41203,0
1776812880890392256,1.54791,0,0.170834,0,1.9004,1.96899,10,1841,1.41203,0
1776812880895406258,1.54791,0.00390625,0.170834,0.00390625,1.93298,1.97122,10,1841,1.41203,0
1776812880900413335,1.54791,0.00390625,0.170834,0.00390625,1.93298,1.97122,10,1841,1.41203,0
1776812880905398451,1.54988,0.00390625,0.172809,0.00390625,1.94021,1.98257,10,1841,1.41203,0
1776812880910531187,1.54988,-0.00585938,0.172809,-0.00585938,1.94021,1.98257,10,1841,1.41203,0
1776812880915422234,1.54988,-0.00585938,0.172809,-0.00585938,1.89224,1.977,10,1841,1.41203,0
1776812880920375907,1.54988,-0.00585938,0.172809,-0.00585938,1.89224,1.977,10,1841,1.41203,0
1776812880925401576,1.54988,-0.00585938,0.172809,-0.00585938,2.00989,1.977,10,1841,1.41203,0
1776812880930538663,1.54988,-0.0078125,0.172809,-0.0078125,2.00989,1.977,10,1841,1.41203,0
1776812880935466579,1.54988,-0.0078125,0.172803,-0.0078125,1.89909,1.97586,10,1841,1.41203,0
1776812880940412215,1.54988,-0.00195312,0.172803,-0.00195312,1.89909,1.97586,10,1841,1.41203,0
1776812880945387868,1.54988,-0.00195312,0.172803,-0.00195312,1.92345,1.9792,10,1841,1.41203,0
1776812880950395668,1.54988,0.00195312,0.172803,0.00195312,1.92345,1.9792,10,1841,1.41203,0
1776812880955428577,1.54988,0.00195312,0.172803,0.00195312,1.89873,1.98142,10,1841,1.41203,0
1776812880960402878,1.54988,-0.00195312,0.172803,-0.00195312,1.89873,1.98142,10,1841,1.41203,0
1776812880965410455,1.54988,-0.00195312,0.172803,-0.00195312,2.06242,1.9792,10,1841,1.41203,0
1776812880970395571,1.54988,0.00390625,0.172803,0.00390625,2.06242,1.9792,10,1841,1.41203,0
1776812880975390334,1.54988,0.00390625,0.172803,0.00390625,1.82415,1.98254,10,1841,1.41203,0
1776812880980397189,1.55687,0.00390625,0.179796,0.00390625,1.82415,1.98254,10,1841,1.41203,0
1776812880985397414,1.55687,0,0.179796,0,2.07392,2.02043,10,1841,1.41203,0
1776812880990396307,1.55688,0,0.179799,0,2.07392,2.02043,10,1841,1.41203,0
1776812880995416457,1.55688,0,0.179799,0,2.03171,2.02045,10,1841,1.41203,0
1776812881000402295,1.55687,0,0.179799,0,2.03171,2.02045,10,1841,1.41203,0
1776812881005399151,1.55687,-0.00390625,0.179799,-0.00390625,1.99047,2.01822,10,1841,1.41203,0
1776812881010396933,1.55687,-0.00390625,0.179799,-0.00390625,1.99047,2.01822,10,1841,1.41203,0
1776812881015422324,1.55687,-0.00195312,0.179799,-0.00195312,2.06667,2.01933,10,1841,1.41203,0
1776812881020407755,1.55687,-0.00195312,0.179799,-0.00195312,2.06667,2.01933,10,1841,1.41203,0
1776812881025404019,1.55687,-0.0078125,0.179799,-0.0078125,2.00191,2.01599,10,1841,1.41203,0
1776812881030398857,1.5567,-0.0078125,0.179624,-0.0078125,2.00191,2.01599,10,1841,1.41203,0
1776812881035400231,1.5567,-0.00390625,0.179624,-0.00390625,1.90759,2.01721,10,1841,1.41203,0
1776812881040413216,1.5567,-0.00390625,0.17962,-0.00390625,1.90759,2.01721,10,1841,1.41203,0
1776812881045405924,1.5567,-0.00585938,0.17962,-0.00585938,2.02272,2.01608,10,1841,1.41203,0
1776812881050422909,1.5567,-0.00585938,0.17962,-0.00585938,2.02272,2.01608,10,1841,1.41203,0
1776812881055403007,1.56083,-0.00585938,0.183758,-0.00585938,2.066,2.03977,10,1841,1.41203,0
1776812881060408011,1.56083,0.00195312,0.183758,0.00195312,2.066,2.03977,10,1841,1.41203,0
1776812881065400645,1.56083,0.00195312,0.183758,0.00195312,2.02304,2.04422,10,1841,1.41203,0
1776812881070396038,1.56083,0.00195312,0.183758,0.00195312,2.02304,2.04422,10,1841,1.41203,0
1776812881075392931,1.56083,0.00195312,0.183758,0.00195312,2.03404,2.04422,10,1841,1.41203,0
1776812881080412453,1.56083,0.00195312,0.183758,0.00195312,2.03404,2.04422,10,1841,1.41203,0
1776812881085403976,1.56084,0.00195312,0.183765,0.00195312,2.06654,2.04426,10,1841,1.41203,0
1776812881090408017,1.56084,-0.00390625,0.183765,-0.00390625,2.06654,2.04426,10,1841,1.41203,0
1776812881095400299,1.56084,-0.00390625,0.183765,-0.00390625,2.03421,2.04092,10,1841,1.41203,0
1776812881100404044,1.56084,-0.00585938,0.183765,-0.00585938,2.03421,2.04092,10,1841,1.41203,0
1776812881105401622,1.56084,-0.00585938,0.183761,-0.00585938,1.95845,2.03979,10,1841,1.41203,0
1776812881110407422,1.56084,-0.0078125,0.183761,-0.0078125,1.95845,2.03979,10,1841,1.41203,0
1776812881115394335,1.56084,-0.0078125,0.183761,-0.0078125,1.91401,2.03867,10,1841,1.41203,0
1776812881120381469,1.56084,0.00195312,0.183761,0.00195312,1.91401,2.03867,10,1841,1.41203,0
1776812881125387214,1.56084,0.00195312,0.183761,0.00195312,2.04471,2.04424,10,1841,1.41203,0
1776812881130399976,1.5639,0.00195312,0.186827,0.00195312,2.04471,2.04424,10,1841,1.41203,0
1776812881135453662,1.5639,0.00195312,0.186827,0.00195312,1.89356,2.06177,10,1841,1.41203,0
1776812881140425261,1.5639,0.00195312,0.186827,0.00195312,1.89356,2.06177,10,1841,1.41203,0
1776812881145400285,1.5639,0.00195312,0.186827,0.00195312,2.01239,2.06177,10,1841,1.41203,0
1776812881150413251,1.5639,0.00195312,0.186827,0.00195312,2.01239,2.06177,10,1841,1.41203,0
1776812881155398349,1.5639,0,0.186827,0,2.06645,2.06066,10,1841,1.41203,0
1776812881160405593,1.5639,0,0.186827,0,2.06645,2.06066,10,1841,1.41203,0
1776812881165416226,1.5639,-0.00195312,0.186827,-0.00195312,2.02435,2.05954,10,1841,1.41203,0
1776812881170394287,1.5639,-0.00195312,0.186827,-0.00195312,2.02435,2.05954,10,1841,1.41203,0
1776812881175396551,1.5639,0.00390625,0.186827,0.00390625,2.05608,2.06288,10,1841,1.41203,0
1776812881180400091,1.5639,0.00390625,0.186827,0.00390625,2.05608,2.06288,10,1841,1.41203,0
1776812881185507737,1.5639,0.00195312,0.186827,0.00195312,1.99194,2.06177,10,1841,1.41203,0
1776812881190422302,1.5639,0.00195312,0.186827,0.00195312,1.99194,2.06177,10,1841,1.41203,0
1776812881195402141,1.5639,0,0.186827,0,2.00217,2.06066,10,1841,1.41203,0
1776812881200394664,1.5639,0,0.186827,0,2.00217,2.06066,10,1841,1.41203,0
1776812881205456386,1.56661,0,0.189531,0,2.04609,2.0761,10,1841,1.41203,0
1776812881210423244,1.56661,0.00390625,0.189531,0.00390625,2.04609,2.0761,10,1841,1.41203,0
1776812881215402972,1.56661,0.00390625,0.189531,0.00390625,2.03411,2.07833,10,1841,1.41203,0
1776812881220383737,1.56661,-0.00390625,0.189531,-0.00390625,2.03411,2.07833,10,1841,1.41203,0
1776812881225394907,1.56661,-0.00390625,0.189531,-0.00390625,2.05626,2.07388,10,1841,1.41203,0
1776812881230410299,1.56661,-0.00195312,0.189531,-0.00195312,2.05626,2.07388,10,1841,1.41203,0
1776812881235423654,1.56661,-0.00195312,0.189531,-0.00195312,2.14052,2.07499,10,1841,1.41203,0
1776812881240416029,1.56661,-0.00390625,0.189531,-0.00390625,2.14052,2.07499,10,1841,1.41203,0
1776812881245405422,1.56661,-0.00390625,0.189531,-0.00390625,2.1307,2.07388,10,1841,1.41203,0
1776812881250402371,1.56661,-0.00390625,0.189531,-0.00390625,2.1307,2.07388,10,1841,1.41203,0
1776812881255432281,1.5666,-0.00390625,0.189524,-0.00390625,2.04646,2.07383,10,1841,1.41203,0
1776812881260420656,1.5666,-0.00390625,0.189524,-0.00390625,2.04646,2.07383,10,1841,1.41203,0
1776812881265412531,1.5666,-0.00390625,0.189524,-0.00390625,2.0662,2.07383,10,1841,1.41203,0
1776812881270408406,1.5666,-0.00390625,0.189524,-0.00390625,2.0662,2.07383,10,1841,1.41203,0
1776812881275391078,1.5666,-0.00390625,0.189524,-0.00390625,2.09825,2.07383,10,1841,1.41203,0
1776812881280403526,1.5753,-0.00390625,0.198223,-0.00390625,2.09825,2.07383,10,1841,1.41203,0
1776812881285398604,1.5753,0,0.198223,0,2.07889,2.12564,10,1841,1.41203,0
1776812881290408774,1.5753,0,0.198226,0,2.07889,2.12564,10,1841,1.41203,0
1776812881295413463,1.5753,-0.00195312,0.198226,-0.00195312,2.07576,2.12455,10,1841,1.41203,0
1776812881300423689,1.5753,-0.00195312,0.198226,-0.00195312,2.07576,2.12455,10,1841,1.41203,0
1776812881305432193,1.5753,-0.00390625,0.198226,-0.00390625,2.04675,2.12343,10,1841,1.41203,0
1776812881310428752,1.5753,-0.00390625,0.198226,-0.00390625,2.04675,2.12343,10,1841,1.41203,0
1776812881315423516,1.5753,-0.00976562,0.198226,-0.00976562,2.10836,2.12009,10,1842,1.4128,0.153399
1776812881320379060,1.57529,-0.00976562,0.198985,0.143633,2.10836,2.12009,10,1842,1.4128,0
1776812881325392286,1.57529,-0.0292969,0.198985,-0.0292969,2.14337,2.10891,10,1842,1.4128,0
1776812881330479062,1.57493,-0.0292969,0.198624,-0.0292969,2.14337,2.10891,10,1842,1.4128,0
1776812881335437384,1.57493,-0.0371094,0.198624,-0.0371094,2.12704,2.10241,10,1843,1.41356,0.153399
1776812881340403353,1.57475,-0.0371094,0.199211,0.116289,2.12704,2.10241,10,1843,1.41356,0
1776812881345411208,1.57475,-0.0527344,0.199211,-0.0527344,2.06256,2.09247,10,1844,1.41433,0
1776812881350406713,1.57475,-0.0527344,0.199978,-0.0527344,2.06256,2.09247,10,1844,1.41433,0.153429
1776812881355400125,1.57893,-0.0527344,0.204153,0.100695,2.13501,2.11622,10,1844,1.41433,0
1776812881360470698,1.57893,-0.0625,0.204153,-0.0625,2.13501,2.11622,10,1845,1.4151,0.153399
1776812881365454463,1.57802,-0.0625,0.204016,0.0908985,1.99909,2.10552,10,1845,1.4151,0
1776812881370479558,1.57802,-0.078125,0.204016,-0.078125,1.99909,2.10552,10,1846,1.41586,0.153399
1776812881375515134,1.5773,-0.078125,0.204061,0.0752735,2.09661,2.09251,10,1847,1.41663,0
1776812881380421977,1.5773,-0.0859375,0.204828,-0.0859375,2.09661,2.09251,10,1847,1.41663,0.153429
1776812881385426907,1.57657,-0.0859375,0.204097,0.0674917,2.12871,2.0839,10,1847,1.41663,0
1776812881390401672,1.57657,-0.078125,0.204097,-0.078125,2.12871,2.0839,10,1848,1.4174,0.153368
1776812881395407065,1.57567,-0.078125,0.203962,0.0752428,2.08761,2.08322,10,1848,1.4174,0
1776812881400397014,1.57567,-0.0488281,0.203962,-0.0488281,2.08761,2.08322,10,1848,1.4174,0
1776812881405406091,1.57512,-0.0488281,0.203412,-0.0488281,2.08366,2.09679,10,1848,1.4174,0
1776812881410394985,1.57512,-0.0234375,0.203412,-0.0234375,2.08366,2.09679,10,1849,1.41817,0.153337
1776812881415388878,1.57476,-0.0234375,0.203819,0.1299,2.18171,2.10921,10,1849,1.41817,0
1776812881420373680,1.57476,0.00585938,0.203819,0.00585938,2.18171,2.10921,10,1849,1.41817,0
1776812881425403886,1.57476,0.00585938,0.203819,0.00585938,2.10319,2.12591,10,1849,1.41817,0
1776812881430407982,1.57803,0.00585938,0.207088,0.00585938,2.10319,2.12591,10,1849,1.41817,0
1776812881435433707,1.57803,0.0292969,0.207088,0.0292969,2.1231,2.15786,10,1849,1.41817,0
1776812881440427897,1.57821,0.0292969,0.207268,0.0292969,2.1231,2.15786,10,1849,1.41817,0
1776812881445401217,1.57821,0.0390625,0.207268,0.0390625,2.1232,2.16446,10,1849,1.41817,0
1776812881450403147,1.57875,0.0390625,0.20781,0.0390625,2.1232,2.16446,10,1849,1.41817,0
1776812881455395374,1.57893,0.0371094,0.207991,0.0371094,2.221,2.16642,10,1849,1.41817,0
1776812881460405229,1.57893,0.015625,0.207991,0.015625,2.221,2.16642,10,1849,1.41817,0
1776812881465392457,1.57929,0.015625,0.208352,0.015625,2.13571,2.15726,10,1849,1.41817,0
1776812881470369481,1.57929,0.0078125,0.208352,0.0078125,2.13571,2.15726,10,1849,1.41817,0
1776812881475384484,1.57929,0.0078125,0.208352,0.0078125,2.2388,2.1528,10,1849,1.41817,0
1776812881480409523,1.57929,-0.0292969,0.208352,-0.0292969,2.2388,2.1528,10,1849,1.41817,0
1776812881485393491,1.57911,-0.0292969,0.208172,-0.0292969,2.12298,2.13062,10,1849,1.41817,0
1776812881490392792,1.57911,-0.03125,0.208172,-0.03125,2.12298,2.13062,10,1849,1.41817,0
1776812881495393759,1.57911,-0.03125,0.208172,-0.03125,2.14901,2.12951,10,1849,1.41817,0
1776812881500399522,1.58166,-0.03125,0.210724,-0.03125,2.14901,2.12951,10,1849,1.41817,0
1776812881505392008,1.58166,-0.0136719,0.210724,-0.0136719,2.10286,2.15403,10,1849,1.41817,0
1776812881510396512,1.58112,-0.0136719,0.210181,-0.0136719,2.10286,2.15403,10,1849,1.41817,0
1776812881515406404,1.58112,-0.00585938,0.210181,-0.00585938,2.12973,2.1554,10,1849,1.41817,0
1776812881520375466,1.58111,-0.00585938,0.210172,-0.00585938,2.12973,2.1554,10,1849,1.41817,0
1776812881525386895,1.58111,0.0214844,0.210172,0.0214844,2.17108,2.17093,10,1849,1.41817,0
1776812881530393066,1.58112,0.0214844,0.210178,0.0214844,2.17108,2.17093,10,1849,1.41817,0
1776812881535409347,1.58112,0.0253906,0.210178,0.0253906,2.1881,2.1732,10,1849,1.41817,0
1776812881540409573,1.58147,0.0253906,0.210531,0.0253906,2.1881,2.1732,10,1849,1.41817,0
1776812881545404392,1.58147,0.0214844,0.210531,0.0214844,2.22086,2.17297,10,1849,1.41817,0
1776812881550394452,1.58166,0.0214844,0.210721,0.0214844,2.22086,2.17297,10,1849,1.41817,0
1776812881555395901,1.58166,0.0078125,0.210721,0.0078125,2.20811,2.16626,10,1849,1.41817,0
1776812881560395442,1.58184,0.0078125,0.210902,0.0078125,2.20811,2.16626,10,1849,1.41817,0
1776812881565404797,1.58184,-0.0078125,0.210902,-0.0078125,2.1884,2.15838,10,1849,1.41817,0
1776812881570372692,1.58184,-0.0078125,0.210902,-0.0078125,2.1884,2.15838,10,1849,1.41817,0
1776812881575387473,1.58421,-0.0078125,0.213267,-0.0078125,2.05771,2.1718,10,1849,1.41817,0
1776812881580391348,1.58421,-0.015625,0.213267,-0.015625,2.05771,2.1718,10,1849,1.41817,0
1776812881585412573,1.58385,-0.015625,0.212905,-0.015625,2.17559,2.16529,10,1849,1.41817,0
1776812881590390967,1.58385,-0.0175781,0.212905,-0.0175781,2.17559,2.16529,10,1849,1.41817,0
1776812881595398415,1.58385,-0.0175781,0.212905,-0.0175781,2.14902,2.16418,10,1849,1.41817,0
1776812881600389383,1.58385,-0.0078125,0.212905,-0.0078125,2.14902,2.16418,10,1849,1.41817,0
1776812881605399979,1.58366,-0.0078125,0.212724,-0.0078125,2.21438,2.16872,10,1849,1.41817,0
1776812881610394539,1.58366,-0.00390625,0.212724,-0.00390625,2.21438,2.16872,10,1849,1.41817,0
1776812881615395228,1.58365,-0.00390625,0.212715,-0.00390625,2.16842,2.17089,10,1849,1.41817,0
1776812881620371660,1.58365,0.015625,0.212715,0.015625,2.16842,2.17089,10,1849,1.41817,0
1776812881625394107,1.58367,0.015625,0.212727,0.015625,2.14347,2.18209,10,1849,1.41817,0
1776812881630388167,1.58367,0.0117188,0.212727,0.0117188,2.14347,2.18209,10,1849,1.41817,0
1776812881635396578,1.58367,0.0117188,0.212727,0.0117188,2.15534,2.17987,10,1849,1.41817,0
1776812881640394156,1.58367,0.015625,0.212727,0.015625,2.15534,2.17987,10,1849,1.41817,0
1776812881645431399,1.58367,0.015625,0.212727,0.015625,2.11633,2.18209,10,1849,1.41817,0
1776812881650426070,1.5917,0.015625,0.220763,0.015625,2.11633,2.18209,10,1849,1.41817,0
1776812881655395261,1.5917,0,0.220763,0,2.09629,2.21871,10,1849,1.41817,0
1776812881660397302,1.5917,0,0.220763,0,2.09629,2.21871,10,1849,1.41817,0
1776812881665395140,1.5917,-0.0136719,0.220763,-0.0136719,2.14897,2.21092,10,1849,1.41817,0
1776812881670378626,1.59169,-0.0136719,0.220753,-0.0136719,2.14897,2.21092,10,1849,1.41817,0
1776812881675388797,1.59169,-0.0175781,0.220753,-0.0175781,2.22791,2.20863,10,1849,1.41817,0
1776812881680395097,1.59152,-0.0175781,0.220581,-0.0175781,2.22791,2.20863,10,1849,1.41817,0
1776812881685419044,1.59152,-0.015625,0.220581,-0.015625,2.22804,2.20877,10,1849,1.41817,0
1776812881690436473,1.59134,-0.015625,0.2204,-0.015625,2.22804,2.20877,10,1849,1.41817,0
1776812881695430940,1.59134,-0.0078125,0.2204,-0.0078125,2.27481,2.2122,10,1849,1.41817,0
1776812881700409168,1.59116,-0.0078125,0.220218,-0.0078125,2.27481,2.2122,10,1849,1.41817,0
1776812881705396506,1.59116,-0.00195312,0.220218,-0.00195312,2.20922,2.21451,10,1849,1.41817,0
1776812881710391844,1.59115,-0.00195312,0.220208,-0.00195312,2.20922,2.21451,10,1849,1.41817,0
1776812881715390626,1.59115,-0.00195312,0.220208,-0.00195312,2.22025,2.21446,10,1849,1.41817,0
1776812881720389574,1.59115,-0.00195312,0.220208,-0.00195312,2.22025,2.21446,10,1849,1.41817,0
1776812881725388579,1.59556,-0.00195312,0.224619,-0.00195312,2.29714,2.23939,10,1849,1.41817,0
1776812881730396582,1.59556,0.0078125,0.224619,0.0078125,2.29714,2.23939,10,1849,1.41817,0
1776812881735418326,1.59573,0.0078125,0.224791,0.0078125,2.27465,2.24593,10,1849,1.41817,0
1776812881740403905,1.59573,0.00390625,0.224791,0.00390625,2.27465,2.24593,10,1849,1.41817,0
1776812881745394150,1.59573,0.00390625,0.224791,0.00390625,2.27482,2.2437,10,1849,1.41817,0
1776812881750395821,1.59573,0.00585938,0.224791,0.00585938,2.27482,2.2437,10,1849,1.41817,0
1776812881755396769,1.59574,0.00585938,0.224801,0.00585938,2.20917,2.24487,10,1849,1.41817,0
1776812881760406458,1.59574,-0.00390625,0.224801,-0.00390625,2.20917,2.24487,10,1849,1.41817,0
1776812881765406888,1.59574,-0.00390625,0.224801,-0.00390625,2.22771,2.23931,10,1849,1.41817,0
1776812881770379616,1.59574,-0.0078125,0.224801,-0.0078125,2.22771,2.23931,10,1849,1.41817,0
1776812881775389731,1.59573,-0.0078125,0.224791,-0.0078125,2.20907,2.23702,10,1849,1.41817,0
1776812881780412456,1.59573,-0.00976562,0.224791,-0.00976562,2.20907,2.23702,10,1849,1.41817,0
1776812881785404683,1.59573,-0.00976562,0.224791,-0.00976562,2.17591,2.23591,10,1849,1.41817,0
1776812881790405816,1.59573,-0.00195312,0.224791,-0.00195312,2.17591,2.23591,10,1849,1.41817,0
1776812881795406135,1.59573,-0.00195312,0.224791,-0.00195312,2.28907,2.24036,10,1849,1.41817,0
1776812881800396232,1.59885,-0.00195312,0.227912,-0.00195312,2.28907,2.24036,10,1849,1.41817,0
1776812881805399459,1.59885,0.00195312,0.227912,0.00195312,2.23845,2.2602,10,1849,1.41817,0
1776812881810483069,1.59885,0.00195312,0.227912,0.00195312,2.23845,2.2602,10,1849,1.41817,0
1776812881815436705,1.59885,-0.00195312,0.227912,-0.00195312,2.28925,2.25798,10,1849,1.41817,0
1776812881820377028,1.59885,-0.00195312,0.227912,-0.00195312,2.28925,2.25798,10,1849,1.41817,0
1776812881825486636,1.59885,0,0.227912,0,2.2384,2.25909,10,1849,1.41817,0
1776812881830422404,1.59885,0,0.227915,0,2.2384,2.25909,10,1849,1.41817,0
1776812881835408205,1.59885,0.00390625,0.227915,0.00390625,2.28433,2.26133,10,1849,1.41817,0
1776812881840463298,1.59885,0.00390625,0.227915,0.00390625,2.28433,2.26133,10,1849,1.41817,0
1776812881845468469,1.59885,-0.0078125,0.227915,-0.0078125,2.22073,2.25465,10,1849,1.41817,0
1776812881850410217,1.59885,-0.0078125,0.227915,-0.0078125,2.22073,2.25465,10,1849,1.41817,0
1776812881855423813,1.59885,-0.00195312,0.227915,-0.00195312,2.31489,2.25799,10,1849,1.41817,0
1776812881860400745,1.59885,-0.00195312,0.227915,-0.00195312,2.31489,2.25799,10,1849,1.41817,0
1776812881865409359,1.59885,-0.0078125,0.227915,-0.0078125,2.23624,2.25465,10,1849,1.41817,0
1776812881870383939,1.59885,-0.0078125,0.227915,-0.0078125,2.23624,2.25465,10,1849,1.41817,0
1776812881875417367,1.60125,-0.0078125,0.230308,-0.0078125,2.25336,2.26815,10,1849,1.41817,0
1776812881880396761,1.60125,-0.00390625,0.230308,-0.00390625,2.25336,2.26815,10,1849,1.41817,0
1776812881885392210,1.60125,-0.00390625,0.230308,-0.00390625,2.23621,2.27037,10,1849,1.41817,0
1776812881890388215,1.60125,-0.00585938,0.230308,-0.00585938,2.23621,2.27037,10,1849,1.41817,0
1776812881895411847,1.60125,-0.00585938,0.230308,-0.00585938,2.27022,2.26926,10,1849,1.41817,0
1776812881900399222,1.60125,0.00390625,0.230308,0.00390625,2.27022,2.26926,10,1849,1.41817,0
1776812881905398986,1.60125,0.00390625,0.230311,0.00390625,2.25213,2.27484,10,1849,1.41817,0
1776812881910393120,1.60125,0,0.230311,0,2.25213,2.27484,10,1849,1.41817,0
1776812881915437121,1.60125,0,0.230311,0,2.25301,2.27261,10,1849,1.41817,0
1776812881920384999,1.60125,0.00390625,0.230311,0.00390625,2.25301,2.27261,10,1849,1.41817,0
1776812881925393021,1.60125,0.00390625,0.230308,0.00390625,2.35146,2.27483,10,1849,1.41817,0
1776812881930420246,1.60125,0.00585938,0.230308,0.00585938,2.35146,2.27483,10,1849,1.41817,0
1776812881935420490,1.60125,0.00585938,0.230308,0.00585938,2.31788,2.27594,10,1849,1.41817,0
1776812881940460788,1.60125,-0.00195312,0.230308,-0.00195312,2.31788,2.27594,10,1849,1.41817,0
1776812881945407055,1.60125,-0.00195312,0.230308,-0.00195312,2.285,2.27149,10,1849,1.41817,0
1776812881950412577,1.60973,-0.00195312,0.238794,-0.00195312,2.285,2.27149,10,1849,1.41817,0
1776812881955397490,1.60973,-0.00585938,0.238794,-0.00585938,2.26896,2.31701,10,1849,1.41817,0
1776812881960399401,1.60974,-0.00585938,0.238797,-0.00585938,2.26896,2.31701,10,1849,1.41817,0
1776812881965391702,1.60974,-0.00390625,0.238797,-0.00390625,2.25205,2.31814,10,1849,1.41817,0
1776812881970371837,1.60955,-0.00390625,0.238614,-0.00390625,2.25205,2.31814,10,1849,1.41817,0
1776812881975388192,1.60955,-0.00585938,0.238614,-0.00585938,2.31886,2.316,10,1849,1.41817,0
1776812881980398881,1.60955,-0.00585938,0.238614,-0.00585938,2.31886,2.316,10,1849,1.41817,0
1776812881985393330,1.60955,-0.0175781,0.238614,-0.0175781,2.37303,2.30932,10,1849,1.41817,0
1776812881990402722,1.60937,-0.0175781,0.238431,-0.0175781,2.37303,2.30932,10,1849,1.41817,0
1776812881995394579,1.60937,-0.0214844,0.238431,-0.0214844,2.29254,2.30607,10,1849,1.41817,0
1776812882000399045,1.60937,-0.0214844,0.238431,-0.0214844,2.29254,2.30607,10,1850,1.41893,0.153337
1776812882005397032,1.60937,-0.0234375,0.239198,0.1299,2.25616,2.30495,10,1850,1.41893,0
1776812882010403166,1.60899,-0.0234375,0.238821,-0.0234375,2.25616,2.30495,10,1850,1.41893,0
1776812882015394856,1.60899,-0.0195312,0.238821,-0.0195312,2.27313,2.30506,10,1850,1.41893,0
1776812882020373881,1.60899,-0.0195312,0.238821,-0.0195312,2.27313,2.30506,10,1850,1.41893,0
1776812882025395921,1.61326,-0.0195312,0.243086,-0.0195312,2.25344,2.32901,10,1850,1.41893,0
1776812882030390833,1.61326,-0.015625,0.243086,-0.015625,2.25344,2.32901,10,1850,1.41893,0
1776812882035402745,1.61306,-0.015625,0.24289,-0.015625,2.30577,2.33014,10,1850,1.41893,0
1776812882040389565,1.61306,-0.00976562,0.24289,-0.00976562,2.30577,2.33014,10,1850,1.41893,0
1776812882045399977,1.61288,-0.00976562,0.242707,-0.00976562,2.32396,2.33245,10,1850,1.41893,0
1776812882050395074,1.61288,-0.0078125,0.242707,-0.0078125,2.32396,2.33245,10,1850,1.41893,0
1776812882055398542,1.61288,-0.0078125,0.242707,-0.0078125,2.39989,2.33356,10,1851,1.4197,0.153399
1776812882060395621,1.61288,-0.00976562,0.243474,0.143633,2.39989,2.33356,10,1851,1.4197,0
1776812882065405199,1.6127,-0.00976562,0.243294,-0.00976562,2.37937,2.33144,10,1851,1.4197,0
1776812882070396834,1.6127,-0.0136719,0.243294,-0.0136719,2.37937,2.33144,10,1851,1.4197,0
1776812882075391543,1.6127,-0.0136719,0.243294,-0.0136719,2.36732,2.32921,10,1851,1.4197,0
1776812882080392918,1.6127,-0.0078125,0.243294,-0.0078125,2.36732,2.32921,10,1851,1.4197,0
1776812882085419032,1.61252,-0.0078125,0.24311,-0.0078125,2.32957,2.33152,10,1851,1.4197,0
1776812882090404612,1.61252,-0.0175781,0.24311,-0.0175781,2.32957,2.33152,10,1851,1.4197,0
1776812882095399395,1.61549,-0.0175781,0.246085,-0.0175781,2.32998,2.32596,10,1851,1.4197,0
1776812882100386270,1.61549,-0.0175781,0.246085,-0.0175781,2.32998,2.32596,10,1851,1.4197,0
1776812882105396867,1.61529,-0.0195312,0.246654,0.133837,2.31678,2.34153,10,1852,1.42047,0.153368
1776812882110393465,1.61529,-0.0253906,0.246654,0.127977,2.31678,2.34153,10,1852,1.42047,0
1776812882115396951,1.61511,-0.0253906,0.24647,-0.0253906,2.33695,2.33605,10,1852,1.42047,0
1776812882120372642,1.61511,-0.0449219,0.24647,-0.0449219,2.33695,2.33605,10,1853,1.42123,0
1776812882125385053,1.61493,-0.0449219,0.247054,-0.0449219,2.25931,2.32389,10,1853,1.42123,0.153368
1776812882130414149,1.61493,-0.046875,0.247054,0.106493,2.25931,2.32389,10,1854,1.422,0
1776812882135403988,1.61456,-0.046875,0.247454,-0.046875,2.33449,2.32072,10,1854,1.422,0.153399
1776812882140402196,1.61456,-0.0976562,0.247454,0.0557423,2.33449,2.32072,10,1855,1.42277,0.153399
1776812882145406830,1.61326,-0.0976562,0.246924,0.0557423,2.34849,2.2845,10,1856,1.42353,0
1776812882150400873,1.61326,-0.113281,0.247691,-0.113281,2.34849,2.2845,10,1857,1.4243,0.153368
1776812882155394230,1.6127,-0.113281,0.247896,0.0400866,2.35183,2.27244,10,1857,1.4243,0.153429
1776812882160403419,1.6127,-0.125,0.247896,0.0284292,2.35183,2.27244,10,1858,1.42507,0.153429
1776812882165394165,1.61456,-0.125,0.251292,0.0283985,2.28753,2.26576,10,1859,1.42584,0.153399
1776812882170373597,1.61456,-0.123047,0.251292,0.0303516,2.28753,2.26576,10,1860,1.4266,0
1776812882175385508,1.61234,-0.123047,0.249837,-0.123047,2.20319,2.26485,10,1860,1.4266,0.153429
1776812882180413419,1.61234,-0.0859375,0.249837,0.0674917,2.20319,2.26485,10,1861,1.42737,0.153399
1776812882185403350,1.61122,-0.0859375,0.249489,0.067461,2.14029,2.27974,10,1861,1.42737,0
1776812882190476591,1.61122,-0.0820312,0.249489,-0.0820312,2.14029,2.27974,10,1862,1.42814,0.153368
1776812882195407730,1.6105,-0.0820312,0.249526,0.0713366,2.37493,2.27787,10,1862,1.42814,0
1776812882200410123,1.6105,-0.0859375,0.249526,-0.0859375,2.37493,2.27787,10,1863,1.4289,0.153337
1776812882205395221,1.60975,-0.0859375,0.249549,0.0673997,2.33681,2.27146,10,1864,1.42967,0.153429
1776812882210420706,1.60975,-0.113281,0.250316,0.0401479,2.33681,2.27146,10,1865,1.43044,0.153368
1776812882215394972,1.6105,-0.113281,0.252598,-0.113281,2.31844,2.25588,10,1866,1.4312,0
1776812882220377496,1.6105,-0.134766,0.252598,-0.134766,2.31844,2.25588,10,1867,1.43197,0.153399
1776812882225383630,1.60902,-0.134766,0.251888,0.0186329,2.18837,2.23953,10,1868,1.43274,0.153399
1776812882230399319,1.60902,-0.132812,0.252655,0.020586,2.18837,2.23953,10,1868,1.43274,0.153399
1776812882235395916,1.60829,-0.132812,0.251922,0.020586,2.27443,2.23653,10,1869,1.43351,0.153429
1776812882240396069,1.60829,-0.126953,0.252689,0.0264761,2.27443,2.23653,10,1870,1.43427,0.153368
1776812882245395333,1.60644,-0.126953,0.251604,0.0264147,2.23219,2.22945,10,1871,1.43504,0
1776812882250400838,1.60644,-0.121094,0.252371,-0.121094,2.23219,2.22945,10,1872,1.43581,0.153368
1776812882255512706,1.60588,-0.121094,0.252578,0.0322741,2.21622,2.22964,10,1872,1.43581,0.153429
1776812882260410013,1.60588,-0.113281,0.252578,0.0401479,2.21622,2.22964,10,1873,1.43657,0.153368
1776812882265398519,1.60404,-0.113281,0.251506,0.0400866,2.19336,2.22375,10,1874,1.43734,0.153399
1776812882270474093,1.60404,-0.119141,0.252273,0.0342579,2.19336,2.22375,10,1875,1.43811,0
1776812882275405472,1.60349,-0.119141,0.252495,-0.119141,2.1755,2.21734,10,1876,1.43887,0.306429
1776812882280430068,1.60349,-0.152344,0.253262,0.154086,2.1755,2.21734,10,1877,1.43964,0
1776812882285423610,1.6081,-0.152344,0.259408,0.154576,2.22888,2.19841,10,1878,1.44041,0.30692
1776812882290407857,1.6081,-0.158203,0.259408,0.148717,2.22888,2.19841,10,1879,1.44117,0.153399
1776812882295391214,1.60736,-0.158203,0.259431,-0.00480461,2.21928,2.21684,10,1880,1.44194,0.153399
1776812882300392552,1.60736,-0.169922,0.260198,-0.0165234,2.21928,2.21684,10,1881,1.44271,0.153368
1776812882305408001,1.6057,-0.169922,0.259308,-0.016554,2.19408,2.20084,10,1882,1.44348,0.153399
1776812882310402987,1.6057,-0.169922,0.260075,-0.0165234,2.19408,2.20084,10,1884,1.44501,0.153399
1776812882315397085,1.60405,-0.169922,0.259953,-0.0165234,2.1959,2.19152,10,1885,1.44578,0.306858
1776812882320372424,1.60405,-0.230469,0.26072,0.0763896,2.1959,2.19152,10,1887,1.44731,0.153399
1776812882325388632,1.6011,-0.230469,0.259311,-0.0770702,2.10127,2.14043,10,1888,1.44808,0.306736
1776812882330389951,1.59982,-0.261719,0.260324,0.0450783,2.10127,2.14043,10,1891,1.45038,0.306797
1776812882335404363,1.59982,-0.314453,0.261091,-0.0076561,2.22244,2.0853,10,1894,1.45268,0.306835
1776812882340403256,1.59688,-0.314453,0.260455,-0.00761858,2.22244,2.0853,10,1895,1.45345,0.306797
1776812882345403354,1.59688,-0.341797,0.261222,-0.0349998,2.04144,2.05314,10,1898,1.45575,0.460104
1776812882350400766,1.59688,-0.341797,0.263523,0.118307,2.04144,2.05314,10,1899,1.45651,0.306797
1776812882355468896,1.5989,-0.341797,0.266308,-0.0349998,2.1621,2.06453,10,1902,1.45882,0.306736
1776812882360487363,1.5989,-0.347656,0.268609,-0.0409206,2.1621,2.06453,10,1904,1.46035,0.30692
1776812882365421779,1.59176,-0.347656,0.263007,-0.0407364,2.11096,2.02088,10,1906,1.46188,0.306736
1776812882370420543,1.59176,-0.335938,0.264541,-0.0292018,2.11096,2.02088,10,1908,1.46342,0.306797
1776812882375399086,1.58994,-0.335938,0.264248,-0.0291405,2.05028,2.01723,10,1910,1.46495,0.306858
1776812882380407516,1.58994,-0.271484,0.265782,0.035374,2.05028,2.01723,10,1911,1.46572,0.306797
1776812882385397373,1.58537,-0.271484,0.261983,0.0353127,2.14252,2.0281,10,1912,1.46649,0.153368
1776812882390402193,1.58537,-0.222656,0.26275,-0.0692884,2.14252,2.0281,10,1913,1.46725,0.153368
1776812882395400235,1.58409,-0.222656,0.262239,-0.0692884,2.03155,2.04868,10,1914,1.46802,0
1776812882400408350,1.58409,-0.121094,0.263006,-0.121094,2.03155,2.04868,10,1914,1.46802,0.15346
1776812882405400337,1.58245,-0.121094,0.261368,0.0323662,1.99846,2.09728,10,1914,1.46802,0
1776812882410428025,1.58245,-0.0371094,0.261368,-0.0371094,1.99846,2.09728,10,1914,1.46802,0
1776812882415404179,1.58155,-0.0371094,0.260466,-0.0371094,1.9977,2.14003,10,1914,1.46802,0
1776812882420387870,1.58155,0.0253906,0.260466,0.0253906,1.9977,2.14003,10,1914,1.46802,0
1776812882425396652,1.58428,0.0253906,0.263194,0.0253906,2.20533,2.17566,10,1914,1.46802,0
1776812882430399805,1.58428,0.0507812,0.263194,0.0507812,2.20533,2.17566,10,1914,1.46802,0
1776812882435399365,1.58483,0.0507812,0.263747,0.0507812,2.05933,2.20874,10,1914,1.46802,0
1776812882440452144,1.58483,0.0410156,0.263747,0.0410156,2.05933,2.20874,10,1914,1.46802,0
1776812882445415059,1.58538,0.0410156,0.264291,0.0410156,2.25349,2.20626,10,1914,1.46802,0
1776812882450448654,1.58538,0.0410156,0.264291,0.0410156,2.25349,2.20626,10,1914,1.46802,0
1776812882455405754,1.58556,0.0410156,0.264472,0.0410156,2.14887,2.20729,10,1914,1.46802,0
1776812882460403166,1.58556,0.0214844,0.264472,0.0214844,2.14887,2.20729,10,1914,1.46802,0
1776812882465393968,1.58592,0.0214844,0.264834,0.0214844,2.19477,2.19821,10,1914,1.46802,0
1776812882470370159,1.58592,0.00390625,0.264834,0.00390625,2.19477,2.19821,10,1914,1.46802,0
1776812882475389126,1.58593,0.00390625,0.264847,0.00390625,2.14033,2.18826,10,1914,1.46802,0
1776812882480407963,1.58593,-0.0234375,0.264847,-0.0234375,2.14033,2.18826,10,1914,1.46802,0
1776812882485403875,1.58592,-0.0234375,0.264837,-0.0234375,2.09949,2.17262,10,1914,1.46802,0
1776812882490395880,1.58592,-0.0332031,0.264837,-0.0332031,2.09949,2.17262,10,1914,1.46802,0
1776812882495405144,1.58757,-0.0332031,0.266488,-0.0332031,2.17587,2.16705,10,1914,1.46802,0
1776812882500395075,1.58757,-0.0292969,0.266488,-0.0292969,2.17587,2.16705,10,1914,1.46802,0
1776812882505392580,1.58738,-0.0292969,0.266297,-0.0292969,2.24024,2.17755,10,1914,1.46802,0
1776812882510395696,1.58738,-0.00585938,0.266297,-0.00585938,2.24024,2.17755,10,1914,1.46802,0
1776812882515401459,1.58702,-0.00585938,0.265935,-0.00585938,2.21824,2.18886,10,1914,1.46802,0
1776812882520373651,1.58702,0.00976562,0.265935,0.00976562,2.21824,2.18886,10,1914,1.46802,0
1776812882525385859,1.58702,0.00976562,0.265935,0.00976562,2.17119,2.19777,10,1914,1.46802,0
1776812882530419121,1.58702,0.0195312,0.265935,0.0195312,2.17119,2.19777,10,1914,1.46802,0
1776812882535420385,1.5872,0.0195312,0.266116,0.0195312,2.19617,2.20436,10,1914,1.46802,0
1776812882540403557,1.5872,0.0117188,0.266116,0.0117188,2.19617,2.20436,10,1914,1.46802,0
1776812882545401080,1.58738,0.0117188,0.266297,0.0117188,2.16903,2.20093,10,1914,1.46802,0
1776812882550399548,1.58738,0.00195312,0.266297,0.00195312,2.16903,2.20093,10,1914,1.46802,0
1776812882555402201,1.58756,0.00195312,0.266479,0.00195312,2.14253,2.19639,10,1914,1.46802,0
1776812882560412020,1.58756,-0.0078125,0.266479,-0.0078125,2.14253,2.19639,10,1914,1.46802,0
1776812882565397822,1.59214,-0.0078125,0.271054,-0.0078125,2.16831,2.19083,10,1914,1.46802,0
1776812882570375087,1.59214,-0.015625,0.271054,-0.015625,2.16831,2.19083,10,1914,1.46802,0
1776812882575395702,1.59196,-0.015625,0.270875,-0.015625,2.16807,2.21126,10,1914,1.46802,0
1776812882580393892,1.59196,-0.0078125,0.270875,-0.0078125,2.16807,2.21126,10,1914,1.46802,0
1776812882585407081,1.59178,-0.0078125,0.270693,-0.0078125,2.19291,2.21468,10,1914,1.46802,0
1776812882590409197,1.59178,-0.00585938,0.270693,-0.00585938,2.19291,2.21468,10,1914,1.46802,0
1776812882595403757,1.59178,-0.00585938,0.270694,-0.00585938,2.17941,2.2158,10,1914,1.46802,0
1776812882600394189,1.59178,-0.00195312,0.270694,-0.00195312,2.17941,2.2158,10,1914,1.46802,0
1776812882605414896,1.59178,-0.00195312,0.270694,-0.00195312,2.25435,2.21803,10,1914,1.46802,0
1776812882610484174,1.59178,0.0078125,0.270694,0.0078125,2.25435,2.21803,10,1914,1.46802,0
1776812882615414276,1.59178,0.0078125,0.270691,0.0078125,2.17498,2.22357,10,1914,1.46802,0
1776812882620387726,1.59178,0.0136719,0.270691,0.0136719,2.17498,2.22357,10,1914,1.46802,0
1776812882625390601,1.59178,0.0136719,0.270691,0.0136719,2.29674,2.22691,10,1914,1.46802,0
1776812882630401161,1.59178,0.0175781,0.270691,0.0175781,2.29674,2.22691,10,1914,1.46802,0
1776812882635423757,1.59178,0.0175781,0.270691,0.0175781,2.26223,2.22914,10,1914,1.46802,0
1776812882640413022,1.59215,0.0175781,0.271067,0.0175781,2.26223,2.22914,10,1914,1.46802,0
1776812882645408971,1.59215,0.0078125,0.271067,0.0078125,2.28158,2.2257,10,1914,1.46802,0
1776812882650400328,1.59232,0.0078125,0.271236,0.0078125,2.28158,2.2257,10,1914,1.46802,0
1776812882655394018,1.59232,-0.00195312,0.271236,-0.00195312,2.24038,2.22109,10,1914,1.46802,0
1776812882660403967,1.59232,-0.00195312,0.271236,-0.00195312,2.24038,2.22109,10,1914,1.46802,0
1776812882665391361,1.59232,-0.00976562,0.271236,-0.00976562,2.31024,2.21664,10,1914,1.46802,0
1776812882670369756,1.59232,-0.00976562,0.271236,-0.00976562,2.31024,2.21664,10,1914,1.46802,0
1776812882675386427,1.59232,-0.0175781,0.271236,-0.0175781,2.22366,2.21219,10,1914,1.46802,0
1776812882680399616,1.59214,-0.0175781,0.271057,-0.0175781,2.22366,2.21219,10,1914,1.46802,0
1776812882685490430,1.59214,-0.0136719,0.271057,-0.0136719,2.21441,2.2134,10,1914,1.46802,0
1776812882690459307,1.59196,-0.0136719,0.270875,-0.0136719,2.21441,2.2134,10,1914,1.46802,0
1776812882695432110,1.59196,-0.00195312,0.270875,-0.00195312,2.24013,2.21905,10,1914,1.46802,0
1776812882700413486,1.59196,-0.00195312,0.270879,-0.00195312,2.24013,2.21905,10,1914,1.46802,0
1776812882705479449,1.59196,0.00390625,0.270879,0.00390625,2.24492,2.22241,10,1914,1.46802,0
1776812882710451937,1.59581,0.00390625,0.274722,0.00390625,2.24492,2.22241,10,1914,1.46802,0
1776812882715401742,1.59581,0.0078125,0.274722,0.0078125,2.25402,2.24636,10,1914,1.46802,0
1776812882720370526,1.59582,0.0078125,0.274733,0.0078125,2.25402,2.24636,10,1914,1.46802,0
1776812882725386252,1.59582,0.0078125,0.274733,0.0078125,2.2495,2.24642,10,1914,1.46802,0
1776812882730407941,1.596,0.0078125,0.274915,0.0078125,2.2495,2.24642,10,1914,1.46802,0
1776812882735427926,1.596,0.00585938,0.274915,0.00585938,2.17521,2.24634,10,1914,1.46802,0
1776812882740404302,1.596,0.00390625,0.274915,0.00390625,2.17521,2.24634,10,1914,1.46802,0
1776812882745409140,1.59617,0.00390625,0.275087,0.00390625,2.27497,2.24619,10,1914,1.46802,0
1776812882750412867,1.59617,0.00390625,0.275087,0.00390625,2.27497,2.24619,10,1914,1.46802,0
1776812882755427352,1.59618,0.00390625,0.275097,0.00390625,2.25937,2.24625,10,1914,1.46802,0
1776812882760404895,1.59618,-0.00585938,0.275097,-0.00585938,2.25937,2.24625,10,1914,1.46802,0
1776812882765418621,1.59617,-0.00585938,0.275087,-0.00585938,2.23558,2.24063,10,1914,1.46802,0
1776812882770378351,1.59617,-0.0078125,0.275087,-0.0078125,2.23558,2.24063,10,1914,1.46802,0
1776812882775386225,1.59617,-0.0078125,0.275087,-0.0078125,2.25523,2.23951,10,1914,1.46802,0
1776812882780392693,1.59618,-0.0078125,0.275097,-0.0078125,2.25523,2.23951,10,1914,1.46802,0
1776812882785400567,1.59618,-0.0078125,0.275097,-0.0078125,2.209,2.23957,10,1914,1.46802,0
1776812882790399554,1.596,-0.0078125,0.274915,-0.0078125,2.209,2.23957,10,1914,1.46802,0
1776812882795433686,1.596,-0.00585938,0.274915,-0.00585938,2.20349,2.23966,10,1914,1.46802,0
1776812882800427635,1.596,-0.00585938,0.274915,-0.00585938,2.20349,2.23966,10,1914,1.46802,0
1776812882805411345,1.596,0.00195312,0.274915,0.00195312,2.2299,2.24411,10,1914,1.46802,0
1776812882810405517,1.596,0.00195312,0.274918,0.00195312,2.2299,2.24411,10,1914,1.46802,0
1776812882815407558,1.596,0.00976562,0.274918,0.00976562,2.23992,2.24858,10,1914,1.46802,0
1776812882820371973,1.596,0.00976562,0.274918,0.00976562,2.23992,2.24858,10,1914,1.46802,0
1776812882825395420,1.596,0.0078125,0.274918,0.0078125,2.29552,2.24747,10,1914,1.46802,0
1776812882830391888,1.59619,0.0078125,0.2751,0.0078125,2.29552,2.24747,10,1914,1.46802,0
1776812882835390597,1.59619,0.00195312,0.2751,0.00195312,2.28045,2.24515,10,1914,1.46802,0
1776812882840391027,1.59619,0.00195312,0.2751,0.00195312,2.28045,2.24515,10,1914,1.46802,0
1776812882845398439,1.59619,-0.00976562,0.2751,-0.00976562,2.25593,2.23848,10,1914,1.46802,0
1776812882850391889,1.59637,-0.00976562,0.275282,-0.00976562,2.25593,2.23848,10,1914,1.46802,0
1776812882855389134,1.59637,-0.0136719,0.275282,-0.0136719,2.18861,2.23728,10,1914,1.46802,0
1776812882860392232,1.59619,-0.0136719,0.2751,-0.0136719,2.18861,2.23728,10,1914,1.46802,0
1776812882865397292,1.59619,-0.00976562,0.2751,-0.00976562,2.25535,2.23848,10,1914,1.46802,0
1776812882870426091,1.59619,-0.00976562,0.2751,-0.00976562,2.25535,2.23848,10,1914,1.46802,0
1776812882875451298,1.59619,0.00195312,0.2751,0.00195312,2.17241,2.24515,10,1914,1.46802,0
1776812882880407675,1.59619,0.00195312,0.2751,0.00195312,2.17241,2.24515,10,1914,1.46802,0
1776812882885395699,1.59619,0.00195312,0.2751,0.00195312,2.2513,2.24515,10,1914,1.46802,0
1776812882890401593,1.59619,0.00195312,0.2751,0.00195312,2.2513,2.24515,10,1914,1.46802,0
1776812882895401709,1.59619,0.00195312,0.2751,0.00195312,2.31686,2.24515,10,1914,1.46802,0
1776812882900409861,1.59619,0.00195312,0.2751,0.00195312,2.31686,2.24515,10,1914,1.46802,0
1776812882905389997,1.59619,0.00390625,0.2751,0.00390625,2.31161,2.24627,10,1914,1.46802,0
1776812882910397871,1.59619,0.00390625,0.275103,0.00390625,2.31161,2.24627,10,1914,1.46802,0
1776812882915403042,1.59619,0.00390625,0.275103,0.00390625,2.21923,2.24629,10,1914,1.46802,0
1776812882920381993,1.59619,0.00390625,0.275103,0.00390625,2.21923,2.24629,10,1914,1.46802,0
1776812882925384831,1.59655,0.00390625,0.275468,0.00390625,2.27558,2.24834,10,1914,1.46802,0
1776812882930392576,1.59655,0,0.275468,0,2.27558,2.24834,10,1914,1.46802,0
1776812882935416616,1.59654,0,0.275457,0,2.14785,2.24606,10,1914,1.46802,0
1776812882940411417,1.59654,-0.00390625,0.275457,-0.00390625,2.14785,2.24606,10,1914,1.46802,0
1776812882945436217,1.59637,-0.00390625,0.275285,-0.00390625,2.33124,2.24286,10,1914,1.46802,0
1776812882950400798,1.59637,-0.00195312,0.275285,-0.00195312,2.33124,2.24286,10,1914,1.46802,0
1776812882955398229,1.59637,-0.00195312,0.275285,-0.00195312,2.2297,2.24397,10,1914,1.46802,0
1776812882960431028,1.59637,0,0.275285,0,2.2297,2.24397,10,1914,1.46802,0
1776812882965401145,1.59637,0,0.275285,0,2.2082,2.24509,10,1914,1.46802,0
1776812882970388336,1.59637,-0.0078125,0.275285,-0.0078125,2.2082,2.24509,10,1914,1.46802,0
1776812882975389063,1.59637,-0.0078125,0.275285,-0.0078125,2.28077,2.24064,10,1914,1.46802,0
1776812882980394419,1.59637,0.00390625,0.275285,0.00390625,2.28077,2.24064,10,1914,1.46802,0
1776812882985385647,1.59637,0.00390625,0.275282,0.00390625,2.24686,2.2473,10,1914,1.46802,0
1776812882990390373,1.59637,0.00585938,0.275282,0.00585938,2.24686,2.2473,10,1914,1.46802,0
1776812882995403229,1.59637,0.00585938,0.275282,0.00585938,2.26476,2.24841,10,1914,1.46802,0
1776812883000396271,1.59655,0.00585938,0.275464,0.00585938,2.26476,2.24841,10,1914,1.46802,0
1776812883005398480,1.59655,0.00585938,0.275464,0.00585938,2.23498,2.24944,10,1914,1.46802,0
1776812883010401634,1.59673,0.00585938,0.275647,0.00585938,2.23498,2.24944,10,1914,1.46802,0
1776812883015413749,1.59673,0.00195312,0.275647,0.00195312,2.29187,2.24824,10,1914,1.46802,0
1776812883020374998,1.59673,0.00195312,0.275646,0.00195312,2.29187,2.24824,10,1914,1.46802,0
1776812883025392076,1.59673,-0.00195312,0.275646,-0.00195312,2.24526,2.24601,10,1914,1.46802,0
1776812883030392341,1.59673,-0.00195312,0.275646,-0.00195312,2.24526,2.24601,10,1914,1.46802,0
1776812883035413326,1.59673,-0.00195312,0.275646,-0.00195312,2.28074,2.24601,10,1914,1.46802,0
1776812883040397277,1.59655,-0.00195312,0.275464,-0.00195312,2.28074,2.24601,10,1914,1.46802,0
1776812883045398060,1.59655,-0.00390625,0.275464,-0.00390625,2.21367,2.24387,10,1914,1.46802,0
1776812883050396788,1.59655,-0.00390625,0.275464,-0.00390625,2.21367,2.24387,10,1914,1.46802,0
1776812883055398441,1.59655,0.00195312,0.275464,0.00195312,2.28627,2.24721,10,1914,1.46802,0
1776812883060417427,1.59655,0.00195312,0.275465,0.00195312,2.28627,2.24721,10,1914,1.46802,0
1776812883065400896,1.59655,-0.00195312,0.275465,-0.00195312,2.2724,2.24499,10,1914,1.46802,0
1776812883070373829,1.59655,-0.00195312,0.275465,-0.00195312,2.2724,2.24499,10,1914,1.46802,0
1776812883075397166,1.6028,-0.00195312,0.281714,-0.00195312,2.17375,2.28023,10,1914,1.46802,0
1776812883080398635,1.6028,-0.00195312,0.281714,-0.00195312,2.17375,2.28023,10,1914,1.46802,0
1776812883085397510,1.6028,-0.00195312,0.281714,-0.00195312,2.25553,2.28023,10,1914,1.46802,0
1776812883090396331,1.6028,-0.00195312,0.281714,-0.00195312,2.25553,2.28023,10,1914,1.46802,0
1776812883095408872,1.6028,-0.00195312,0.281714,-0.00195312,2.26151,2.28023,10,1914,1.46802,0
1776812883100396656,1.6028,-0.00390625,0.281714,-0.00390625,2.26151,2.28023,10,1914,1.46802,0
1776812883105386236,1.6028,-0.00390625,0.281718,-0.00390625,2.23041,2.27914,10,1914,1.46802,0
1776812883110395204,1.6028,-0.0078125,0.281718,-0.0078125,2.23041,2.27914,10,1914,1.46802,0
1776812883115395802,1.60262,-0.0078125,0.281535,-0.0078125,2.30411,2.27588,10,1914,1.46802,0
1776812883120371364,1.60262,-0.0136719,0.281535,-0.0136719,2.30411,2.27588,10,1914,1.46802,0
1776812883125386480,1.60262,-0.0136719,0.281535,-0.0136719,2.24793,2.27254,10,1914,1.46802,0
1776812883130399781,1.60262,-0.015625,0.281535,-0.015625,2.24793,2.27254,10,1914,1.46802,0
1776812883135521556,1.60244,-0.015625,0.281353,-0.015625,2.22169,2.2704,10,1914,1.46802,0
1776812883140416105,1.60244,-0.00976562,0.281353,-0.00976562,2.22169,2.2704,10,1914,1.46802,0
1776812883145411333,1.60244,-0.00976562,0.281353,-0.00976562,2.28216,2.27374,10,1914,1.46802,0
1776812883150491797,1.60244,-0.00976562,0.281353,-0.00976562,2.28216,2.27374,10,1914,1.46802,0
1776812883155411788,1.60244,-0.00585938,0.281353,-0.00585938,2.25086,2.27597,10,1914,1.46802,0
1776812883160406553,1.60244,-0.00585938,0.281353,-0.00585938,2.25086,2.27597,10,1914,1.46802,0
1776812883165422595,1.60244,0.00585938,0.281353,0.00585938,2.25076,2.28265,10,1914,1.46802,0
1776812883170379195,1.60244,0.00585938,0.281353,0.00585938,2.25076,2.28265,10,1914,1.46802,0
1776812883175385145,1.60244,0.00585938,0.281353,0.00585938,2.28156,2.28265,10,1914,1.46802,0
1776812883180405056,1.60244,0.00585938,0.281353,0.00585938,2.28156,2.28265,10,1914,1.46802,0
1776812883185399525,1.60244,0.00195312,0.281353,0.00195312,2.27486,2.28042,10,1914,1.46802,0
1776812883190411307,1.60244,0.00195312,0.281353,0.00195312,2.27486,2.28042,10,1914,1.46802,0
1776812883195394999,1.60244,-0.0078125,0.281353,-0.0078125,2.29706,2.27485,10,1914,1.46802,0
1776812883200460556,1.60244,-0.0078125,0.281353,-0.0078125,2.29706,2.27485,10,1914,1.46802,0
1776812883205428748,1.60244,0.00195312,0.281353,0.00195312,2.25726,2.28042,10,1914,1.46802,0
1776812883210399533,1.60244,0.00195312,0.281353,0.00195312,2.25726,2.28042,10,1914,1.46802,0
1776812883215413556,1.60244,-0.00195312,0.281353,-0.00195312,2.25036,2.27819,10,1914,1.46802,0
1776812883220375916,1.60244,-0.00195312,0.281353,-0.00195312,2.25036,2.27819,10,1914,1.46802,0
1776812883225394198,1.60262,-0.00195312,0.281535,-0.00195312,2.34526,2.27922,10,1914,1.46802,0
1776812883230395536,1.60262,-0.00390625,0.281535,-0.00390625,2.34526,2.27922,10,1914,1.46802,0
1776812883235402078,1.60262,-0.00390625,0.281535,-0.00390625,2.21115,2.27811,10,1914,1.46802,0
1776812883240394918,1.60262,0.00390625,0.281535,0.00390625,2.21115,2.27811,10,1914,1.46802,0
1776812883245401311,1.60262,0.00390625,0.281535,0.00390625,2.35326,2.28256,10,1914,1.46802,0
1776812883250389762,1.60262,0,0.281535,0,2.35326,2.28256,10,1914,1.46802,0
1776812883255400915,1.60262,0,0.281535,0,2.21871,2.28033,10,1914,1.46802,0
1776812883260399365,1.60262,0.00390625,0.281535,0.00390625,2.21871,2.28033,10,1914,1.46802,0
1776812883265402222,1.60262,0.00390625,0.281535,0.00390625,2.25827,2.28256,10,1914,1.46802,0
1776812883270380377,1.60262,0.00390625,0.281535,0.00390625,2.25827,2.28256,10,1914,1.46802,0
1776812883275399788,1.60262,0.00390625,0.281535,0.00390625,2.28233,2.28256,10,1914,1.46802,0
1776812883280392942,1.60262,-0.00195312,0.281535,-0.00195312,2.28233,2.28256,10,1914,1.46802,0
1776812883285392688,1.60262,-0.00195312,0.281535,-0.00195312,2.291,2.27922,10,1914,1.46802,0
1776812883290394416,1.60262,-0.00195312,0.281535,-0.00195312,2.291,2.27922,10,1914,1.46802,0
1776812883295405476,1.60262,-0.00195312,0.281535,-0.00195312,2.35327,2.27922,10,1914,1.46802,0
1776812883300391427,1.6028,-0.00195312,0.281718,-0.00195312,2.35327,2.27922,10,1914,1.46802,0
1776812883305397154,1.6028,-0.00390625,0.281718,-0.00390625,2.24281,2.27914,10,1914,1.46802,0
1776812883310396844,1.6028,-0.00390625,0.281714,-0.00390625,2.24281,2.27914,10,1914,1.46802,0
1776812883315396498,1.6028,-0.00195312,0.281714,-0.00195312,2.21883,2.28023,10,1914,1.46802,0
1776812883320378152,1.6028,-0.00195312,0.281714,-0.00195312,2.21883,2.28023,10,1914,1.46802,0
1776812883325387046,1.6028,0.00195312,0.281714,0.00195312,2.33817,2.28246,10,1914,1.46802,0
1776812883330398180,1.6028,0.00195312,0.281714,0.00195312,2.33817,2.28246,10,1914,1.46802,0
1776812883335409426,1.6028,0.00195312,0.281714,0.00195312,2.24294,2.28246,10,1914,1.46802,0
1776812883340405765,1.6028,0.00195312,0.281714,0.00195312,2.24294,2.28246,10,1914,1.46802,0
1776812883345398197,1.6028,0.00195312,0.281714,0.00195312,2.25831,2.28246,10,1914,1.46802,0
1776812883350406535,1.6028,0.00195312,0.281714,0.00195312,2.25831,2.28246,10,1914,1.46802,0
1776812883355403670,1.6028,-0.00585938,0.281714,-0.00585938,2.3038,2.278,10,1914,1.46802,0
1776812883360400805,1.6028,-0.00585938,0.281715,-0.00585938,2.3038,2.278,10,1914,1.46802,0
1776812883365399385,1.6028,-0.00976562,0.281715,-0.00976562,2.30101,2.27578,10,1914,1.46802,0
1776812883370398112,1.6028,-0.00976562,0.281715,-0.00976562,2.30101,2.27578,10,1914,1.46802,0
1776812883375397451,1.6028,-0.00976562,0.281715,-0.00976562,2.25196,2.27578,10,1914,1.46802,0
1776812883380404271,1.6028,-0.0078125,0.281715,-0.0078125,2.25196,2.27578,10,1914,1.46802,0
1776812883385441644,1.60262,-0.0078125,0.281532,-0.0078125,2.2884,2.27586,10,1914,1.46802,0
1776812883390500035,1.60262,-0.0117188,0.281532,-0.0117188,2.2884,2.27586,10,1914,1.46802,0
1776812883395423508,1.60262,-0.0117188,0.281532,-0.0117188,2.31604,2.27364,10,1914,1.46802,0
1776812883400425420,1.60262,-0.00585938,0.281532,-0.00585938,2.31604,2.27364,10,1914,1.46802,0
1776812883405405186,1.60243,-0.00585938,0.281349,-0.00585938,2.24856,2.27595,10,1914,1.46802,0
1776812883410417117,1.60243,-0.0078125,0.281349,-0.0078125,2.24856,2.27595,10,1914,1.46802,0
1776812883415419437,1.60243,-0.0078125,0.281349,-0.0078125,2.2615,2.27484,10,1914,1.46802,0
1776812883420384852,1.60243,0.00390625,0.281349,0.00390625,2.2615,2.27484,10,1914,1.46802,0
1776812883425397505,1.60243,0.00390625,0.281349,0.00390625,2.22921,2.28152,10,1914,1.46802,0
1776812883430399269,1.60243,-0.00195312,0.281349,-0.00195312,2.22921,2.28152,10,1914,1.46802,0
1776812883435402848,1.60243,-0.00195312,0.281349,-0.00195312,2.27374,2.27818,10,1914,1.46802,0
1776812883440400465,1.60243,0.00195312,0.281349,0.00195312,2.27374,2.27818,10,1914,1.46802,0
1776812883445400878,1.60243,0.00195312,0.281349,0.00195312,2.36418,2.2804,10,1914,1.46802,0
1776812883450467175,1.60262,0.00195312,0.281532,0.00195312,2.36418,2.2804,10,1914,1.46802,0
1776812883455417276,1.60262,0.00195312,0.281532,0.00195312,2.32557,2.28143,10,1914,1.46802,0
1776812883460407319,1.60262,0.00195312,0.281532,0.00195312,2.32557,2.28143,10,1914,1.46802,0
1776812883465410658,1.60262,-0.00390625,0.281532,-0.00390625,2.2634,2.27809,10,1914,1.46802,0
1776812883470392979,1.60262,-0.00390625,0.281532,-0.00390625,2.2634,2.27809,10,1914,1.46802,0
1776812883475389077,1.60262,-0.00585938,0.281532,-0.00585938,2.25406,2.27698,10,1914,1.46802,0
1776812883480400656,1.60262,-0.00585938,0.281532,-0.00585938,2.25406,2.27698,10,1914,1.46802,0
1776812883485422141,1.60262,-0.00390625,0.281532,-0.00390625,2.35295,2.27809,10,1915,1.46879,0.153368
1776812883490400130,1.60262,-0.00390625,0.282299,0.149462,2.35295,2.27809,10,1915,1.46879,0
1776812883495399783,1.60262,-0.00390625,0.282299,-0.00390625,2.1769,2.27809,10,1915,1.46879,0
1776812883500421954,1.60262,-0.00390625,0.282302,-0.00390625,2.1769,2.27809,10,1915,1.46879,0
1776812883505414886,1.60262,-0.00390625,0.282302,-0.00390625,2.26099,2.27811,10,1915,1.46879,0
1776812883510398447,1.60244,-0.00390625,0.28212,-0.00390625,2.26099,2.27811,10,1915,1.46879,0
1776812883515409323,1.60244,-0.00585938,0.28212,-0.00585938,2.37626,2.27597,10,1915,1.46879,0
1776812883520385422,1.60244,-0.00585938,0.28212,-0.00585938,2.37626,2.27597,10,1915,1.46879,0
1776812883525404222,1.60262,-0.00585938,0.282302,-0.00585938,2.27115,2.27699,10,1915,1.46879,0
1776812883530399061,1.60262,-0.00195312,0.282302,-0.00195312,2.27115,2.27699,10,1915,1.46879,0
1776812883535449693,1.60262,-0.00195312,0.282302,-0.00195312,2.34736,2.27922,10,1915,1.46879,0
1776812883540425219,1.60262,-0.00390625,0.282302,-0.00390625,2.34736,2.27922,10,1915,1.46879,0
1776812883545404744,1.60262,-0.00390625,0.282302,-0.00390625,2.33225,2.27811,10,1915,1.46879,0
1776812883550412267,1.60262,0.00195312,0.282302,0.00195312,2.33225,2.27811,10,1915,1.46879,0
1776812883555401218,1.60262,0.00195312,0.282302,0.00195312,2.25043,2.28145,10,1915,1.46879,0
1776812883560404390,1.60262,0,0.282302,0,2.25043,2.28145,10,1915,1.46879,0
1776812883565403858,1.60262,0,0.282306,0,2.31368,2.28035,10,1915,1.46879,0
1776812883570396604,1.60262,-0.00195312,0.282306,-0.00195312,2.31368,2.28035,10,1915,1.46879,0
1776812883575535231,1.60262,-0.00195312,0.282306,-0.00195312,2.30073,2.27924,10,1915,1.46879,0
1776812883580462370,1.60262,0,0.282306,0,2.30073,2.27924,10,1915,1.46879,0
1776812883585412805,1.60262,0,0.282306,0,2.19565,2.28035,10,1915,1.46879,0
1776812883590471566,1.60262,0.00195312,0.282306,0.00195312,2.19565,2.28035,10,1915,1.46879,0
1776812883595435110,1.60262,0.00195312,0.282306,0.00195312,2.35541,2.28147,10,1915,1.46879,0
1776812883600401433,1.60281,0.00195312,0.282488,0.00195312,2.35541,2.28147,10,1915,1.46879,0
1776812883605405030,1.60281,-0.00195312,0.282488,-0.00195312,2.25983,2.28027,10,1915,1.46879,0
1776812883610406091,1.60281,-0.00195312,0.282488,-0.00195312,2.25983,2.28027,10,1915,1.46879,0
1776812883615413448,1.60281,-0.00195312,0.282488,-0.00195312,2.22772,2.28027,10,1915,1.46879,0
1776812883620380474,1.60281,-0.00195312,0.282488,-0.00195312,2.22772,2.28027,10,1915,1.46879,0
1776812883625419088,1.60281,0.00195312,0.282488,0.00195312,2.34651,2.2825,10,1915,1.46879,0
1776812883630397447,1.60281,0.00195312,0.282488,0.00195312,2.34651,2.2825,10,1915,1.46879,0
1776812883635402674,1.60281,0.00195312,0.282488,0.00195312,2.31364,2.2825,10,1915,1.46879,0
1776812883640407531,1.6028,0.00195312,0.282485,0.00195312,2.31364,2.2825,10,1915,1.46879,0
1776812883645402333,1.6028,0.00195312,0.282485,0.00195312,2.37722,2.28248,10,1915,1.46879,0
1776812883650395931,1.6028,0.00195312,0.282485,0.00195312,2.37722,2.28248,10,1915,1.46879,0
1776812883655409510,1.6028,0,0.282485,0,2.33515,2.28136,10,1915,1.46879,0
1776812883660413755,1.6028,0,0.282485,0,2.33515,2.28136,10,1915,1.46879,0
1776812883665398299,1.6028,0,0.282485,0,2.31424,2.28136,10,1915,1.46879,0
1776812883670378342,1.6028,0,0.282485,0,2.31424,2.28136,10,1915,1.46879,0
1776812883675386218,1.603,0,0.282682,0,2.20573,2.28247,10,1915,1.46879,0
1776812883680394037,1.603,-0.00390625,0.282682,-0.00390625,2.20573,2.28247,10,1915,1.46879,0
1776812883685400098,1.603,-0.00390625,0.282679,-0.00390625,2.40987,2.28023,10,1915,1.46879,0
1776812883690410621,1.603,-0.00195312,0.282679,-0.00195312,2.40987,2.28023,10,1915,1.46879,0
1776812883695408793,1.60299,-0.00195312,0.282668,-0.00195312,2.3558,2.28128,10,1915,1.46879,0
1776812883700407539,1.60299,-0.00390625,0.282668,-0.00390625,2.3558,2.28128,10,1915,1.46879,0
1776812883705452746,1.60299,-0.00390625,0.282668,-0.00390625,2.16192,2.28017,10,1915,1.46879,0
1776812883710416476,1.60299,-0.00585938,0.282668,-0.00585938,2.16192,2.28017,10,1915,1.46879,0
1776812883715396315,1.60281,-0.00585938,0.282496,-0.00585938,2.16238,2.27809,10,1915,1.46879,0
1776812883720379859,1.60281,-0.00585938,0.282496,-0.00585938,2.16238,2.27809,10,1915,1.46879,0
1776812883725384697,1.6028,-0.00585938,0.282485,-0.00585938,2.28292,2.27803,10,1915,1.46879,0
1776812883730395776,1.6028,-0.00390625,0.282485,-0.00390625,2.28292,2.27803,10,1915,1.46879,0
1776812883735415688,1.6028,-0.00390625,0.282485,-0.00390625,2.32786,2.27914,10,1915,1.46879,0
1776812883740401175,1.6028,-0.00976562,0.282485,-0.00976562,2.32786,2.27914,10,1915,1.46879,0
1776812883745407606,1.60281,-0.00976562,0.282496,-0.00976562,2.31669,2.2758,10,1915,1.46879,0
1776812883750422388,1.60281,-0.00585938,0.282496,-0.00585938,2.31669,2.2758,10,1915,1.46879,0
1776812883755415098,1.6028,-0.00585938,0.282485,-0.00585938,2.34947,2.27803,10,1915,1.46879,0
1776812883760451490,1.6028,-0.0078125,0.282485,-0.0078125,2.34947,2.27803,10,1915,1.46879,0
1776812883765415609,1.6028,-0.0078125,0.282485,-0.0078125,2.24734,2.27691,10,1915,1.46879,0
1776812883770428095,1.6028,-0.00585938,0.282485,-0.00585938,2.24734,2.27691,10,1915,1.46879,0
1776812883775429600,1.60263,-0.00585938,0.282313,-0.00585938,2.24448,2.27706,10,1915,1.46879,0
1776812883780432790,1.60263,-0.00195312,0.282313,-0.00195312,2.24448,2.27706,10,1915,1.46879,0
1776812883785395742,1.60262,-0.00195312,0.282306,-0.00195312,2.28481,2.27924,10,1915,1.46879,0
1776812883790402747,1.60262,-0.00195312,0.282306,-0.00195312,2.28481,2.27924,10,1915,1.46879,0
1776812883795395327,1.60262,-0.00195312,0.282302,-0.00195312,2.25662,2.27922,10,1915,1.46879,0
1776812883800402499,1.60262,0.00390625,0.282302,0.00390625,2.25662,2.27922,10,1915,1.46879,0
1776812883805406411,1.60262,0.00390625,0.282302,0.00390625,2.21879,2.28256,10,1915,1.46879,0
1776812883810402213,1.60262,-0.00195312,0.282302,-0.00195312,2.21879,2.28256,10,1915,1.46879,0
1776812883815405274,1.60262,-0.00195312,0.282302,-0.00195312,2.20068,2.27922,10,1915,1.46879,0
1776812883820385725,1.60282,-0.00195312,0.282499,-0.00195312,2.20068,2.27922,10,1915,1.46879,0
1776812883825410377,1.60282,0,0.282499,0,2.27698,2.28145,10,1915,1.46879,0
1776812883830390087,1.60281,0,0.282496,0,2.27698,2.28145,10,1915,1.46879,0
1776812883835404314,1.60281,-0.00585938,0.282496,-0.00585938,2.30178,2.27809,10,1916,1.46955,0
1776812883840392209,1.6028,-0.00585938,0.283252,-0.00585938,2.30178,2.27809,10,1916,1.46955,0.153399
1776812883845403880,1.6028,-0.0078125,0.283252,0.145586,2.21589,2.27691,10,1916,1.46955,0
1776812883850394331,1.6028,-0.0078125,0.283252,-0.0078125,2.21589,2.27691,10,1916,1.46955,0
1776812883855408150,1.6028,-0.00390625,0.283252,-0.00390625,2.31812,2.27914,10,1916,1.46955,0
1776812883860405341,1.6028,-0.00390625,0.283252,-0.00390625,2.31812,2.27914,10,1916,1.46955,0
1776812883865402661,1.6028,-0.0078125,0.283252,-0.0078125,2.3696,2.27691,10,1916,1.46955,0
1776812883870373594,1.60262,-0.0078125,0.283069,-0.0078125,2.3696,2.27691,10,1916,1.46955,0
1776812883875387673,1.60262,-0.00976562,0.283069,-0.00976562,2.25951,2.27477,10,1916,1.46955,0
1776812883880399529,1.60262,-0.00976562,0.28307,-0.00976562,2.25951,2.27477,10,1916,1.46955,0
1776812883885396461,1.60262,-0.0136719,0.28307,-0.0136719,2.22089,2.27254,10,1916,1.46955,0
1776812883890406058,1.60262,-0.0136719,0.28307,-0.0136719,2.22089,2.27254,10,1916,1.46955,0
1776812883895417377,1.60262,-0.0136719,0.28307,-0.0136719,2.30162,2.27254,10,1916,1.46955,0
1776812883900414198,1.60262,-0.0136719,0.28307,-0.0136719,2.30162,2.27254,10,1916,1.46955,0
1776812883905508883,1.60244,-0.0136719,0.282884,-0.0136719,2.26568,2.2715,10,1917,1.47032,0
1776812883910477538,1.60244,-0.015625,0.283651,-0.015625,2.26568,2.2715,10,1917,1.47032,0.15346
1776812883915431287,1.60244,-0.015625,0.283651,0.137835,2.24398,2.27038,10,1917,1.47032,0
1776812883920379721,1.60244,-0.0195312,0.283651,-0.0195312,2.24398,2.27038,10,1917,1.47032,0
1776812883925391208,1.60207,-0.0195312,0.283289,-0.0195312,2.11899,2.26612,10,1917,1.47032,0
1776812883930408823,1.60207,-0.015625,0.283289,-0.015625,2.11899,2.26612,10,1918,1.47109,0
1776812883935397940,1.60207,-0.015625,0.284056,-0.015625,2.28285,2.26835,10,1918,1.47109,0.153399
1776812883940423388,1.60207,-0.0527344,0.284056,0.100664,2.28285,2.26835,10,1919,1.47185,0
1776812883945433560,1.60151,-0.0527344,0.284264,-0.0527344,2.3243,2.24405,10,1919,1.47185,0.153368
1776812883950438842,1.60151,-0.0683594,0.284264,0.0850085,2.3243,2.24405,10,1920,1.47262,0.15346
1776812883955460180,1.60133,-0.0683594,0.284849,0.0851005,2.26047,2.23411,10,1921,1.47339,0.153337
1776812883960430132,1.60133,-0.121094,0.285616,0.0322434,2.26047,2.23411,10,1922,1.47416,0.15346
1776812883965414193,1.60834,-0.121094,0.294154,0.0323048,2.22179,2.20405,10,1924,1.47569,0.153399
1776812883970409569,1.60834,-0.158203,0.294921,-0.00480461,2.22179,2.20405,10,1925,1.47646,0.153368
1776812883975394557,1.60687,-0.158203,0.294224,-0.00483529,2.20363,2.21409,10,1926,1.47722,0.153429
1776812883980404006,1.60687,-0.1875,0.294991,-0.0340708,2.20363,2.21409,10,1927,1.47799,0.306736
1776812883985398123,1.6052,-0.1875,0.29409,0.119236,2.2279,2.18801,10,1928,1.47876,0.153429
1776812883990404813,1.6052,-0.193359,0.294857,-0.0399302,2.2279,2.18801,10,1929,1.47952,0.153337
1776812883995399782,1.60465,-0.193359,0.295065,-0.0400222,2.16744,2.18152,10,1930,1.48029,0.153429
1776812884000402213,1.60465,-0.160156,0.295832,-0.00672705,2.16744,2.18152,10,1932,1.48183,0.153429
1776812884005398182,1.60152,-0.160156,0.294239,-0.00672705,2.17852,2.18284,10,1932,1.48183,0.153337
1776812884010409780,1.60152,-0.146484,0.294239,0.00685281,2.17852,2.18284,10,1934,1.48336,0.153429
1776812884015401601,1.60115,-0.146484,0.295408,0.00694482,2.13517,2.18857,10,1935,1.48413,0.306797
1776812884020525859,1.60115,-0.15625,0.296175,0.150547,2.13517,2.18857,10,1937,1.48566,0.153429
1776812884025434389,1.59858,-0.15625,0.295132,-0.0028208,2.14313,2.16847,10,1938,1.48643,0.153399
1776812884030411693,1.59858,-0.181641,0.295899,-0.0282421,2.14313,2.16847,10,1939,1.48719,0.306797
1776812884035471047,1.59858,-0.181641,0.296666,0.125156,2.115,2.154,10,1941,1.48873,0.153399
1776812884040420186,1.59821,-0.181641,0.297835,-0.0282421,2.115,2.154,10,1943,1.49026,0.306797
1776812884045417525,1.59821,-0.236328,0.299369,0.0704689,2.13731,2.12077,10,1945,1.4918,0.306674
1776812884050399125,1.59455,-0.236328,0.297241,0.0703462,2.13731,2.12077,10,1947,1.49333,0.306773
1776812884055402779,1.59455,-0.279297,0.298774,0.0274763,2.21657,2.0756,10,1950,1.49563,0.30692
1776812884060403859,1.5907,-0.279297,0.297231,0.0276229,2.21657,2.0756,10,1951,1.4964,0.460196
1776812884065405272,1.5907,-0.294922,0.297998,0.165274,2.12897,2.04496,10,1954,1.4987,0.306797
1776812884070400130,1.58997,-0.294922,0.299563,0.0118752,2.12897,2.04496,10,1957,1.501,0.460104
1776812884075395062,1.58997,-0.357422,0.301864,0.102682,1.9723,2.00517,10,1960,1.5033,0.306797
1776812884080399364,1.5845,-0.357422,0.298696,-0.0506248,1.9723,2.00517,10,1962,1.50484,0.460104
1776812884085398482,1.5845,-0.392578,0.30023,0.0675254,2.12349,1.95414,10,1966,1.5079,0.460288
1776812884090397302,1.57942,-0.392578,0.298214,0.0677094,2.12349,1.95414,10,1968,1.50944,0.306797
1776812884095422899,1.57942,-0.373047,0.299748,-0.0662498,1.9879,1.93642,10,1970,1.51097,0.460288
1776812884100402907,1.57669,-0.373047,0.298555,0.0872407,1.9879,1.93642,10,1972,1.51251,0.306674
1776812884105405672,1.57669,-0.345703,0.301623,-0.0387833,2.00983,1.9365,10,1974,1.51404,0.30692
1776812884110394604,1.57579,-0.345703,0.30072,-0.0387833,2.00983,1.9365,10,1975,1.51481,0.306797
1776812884115396943,1.57579,-0.271484,0.301487,0.0353127,2.01989,1.97367,10,1977,1.51634,0.153337
1776812884120372951,1.57107,-0.271484,0.298302,-0.118147,2.01989,1.97367,10,1978,1.51711,0.306858
1776812884125420250,1.57107,-0.232422,0.299069,0.0744365,1.89756,1.96906,10,1979,1.51787,0.153368
1776812884130433292,1.56981,-0.232422,0.298576,-0.079054,1.89756,1.96906,10,1980,1.51864,0.153429
1776812884135422373,1.56981,-0.152344,0.299343,0.00108545,2.08189,2.00753,10,1981,1.51941,0.153399
1776812884140405473,1.56638,-0.152344,0.296686,0.00105476,2.08189,2.00753,10,1981,1.51941,0
1776812884145397220,1.56638,-0.125,0.296686,-0.125,1.93075,2.00358,10,1982,1.52017,0.153399
1776812884150406281,1.56602,-0.125,0.297094,0.0283985,1.93075,2.00358,10,1982,1.52017,0
1776812884155404602,1.56602,-0.0605469,0.297094,-0.0605469,2.03399,2.03826,10,1982,1.52017,0
1776812884160410848,1.5644,-0.0605469,0.295474,-0.0605469,2.03399,2.03826,10,1982,1.52017,0
1776812884165413595,1.5644,-0.0292969,0.295474,-0.0292969,1.96788,2.04682,10,1982,1.52017,0
1776812884170374585,1.56422,-0.0292969,0.295287,-0.0292969,1.96788,2.04682,10,1982,1.52017,0
1776812884175388497,1.56422,0.00195312,0.295287,0.00195312,2.04584,2.06356,10,1982,1.52017,0
1776812884180406928,1.56422,0.00195312,0.295287,0.00195312,2.04584,2.06356,10,1982,1.52017,0
1776812884185398453,1.56422,0.00195312,0.29529,0.00195312,2.02277,2.06358,10,1982,1.52017,0
1776812884190410791,1.56422,0.0195312,0.29529,0.0195312,2.02277,2.06358,10,1982,1.52017,0
1776812884195400131,1.56441,0.0195312,0.295477,0.0195312,2.11092,2.07467,10,1982,1.52017,0
1776812884200403656,1.56441,0.0273438,0.295477,0.0273438,2.11092,2.07467,10,1982,1.52017,0
1776812884205398384,1.56459,0.0273438,0.295657,0.0273438,2.09909,2.08015,10,1982,1.52017,0
1776812884210448239,1.56459,0.0214844,0.295657,0.0214844,2.09909,2.08015,10,1982,1.52017,0
1776812884215400007,1.56495,0.0214844,0.296019,0.0214844,2.07401,2.07888,10,1982,1.52017,0
1776812884220378477,1.56495,0.00390625,0.296019,0.00390625,2.07401,2.07888,10,1982,1.52017,0
1776812884225390261,1.56495,0.00390625,0.296019,0.00390625,2.01345,2.06886,10,1982,1.52017,0
1776812884230396636,1.56495,-0.00976562,0.296019,-0.00976562,2.01345,2.06886,10,1982,1.52017,0
1776812884235401161,1.56495,-0.00976562,0.296019,-0.00976562,2.04278,2.06107,10,1982,1.52017,0
1776812884240398852,1.56495,-0.0253906,0.296019,-0.0253906,2.04278,2.06107,10,1982,1.52017,0
1776812884245414672,1.56477,-0.0253906,0.295836,-0.0253906,2.04597,2.05112,10,1982,1.52017,0
1776812884250400660,1.56477,-0.0214844,0.295836,-0.0214844,2.04597,2.05112,10,1982,1.52017,0
1776812884255396722,1.56458,-0.0214844,0.295653,-0.0214844,2.03431,2.05334,10,1982,1.52017,0
1776812884260397672,1.56458,-0.0214844,0.295653,-0.0214844,2.03431,2.05334,10,1982,1.52017,0
1776812884265396789,1.5644,-0.0117188,0.296241,-0.0117188,2.06572,2.05787,10,1983,1.52094,0
1776812884270368168,1.5644,-0.00390625,0.296241,-0.00390625,2.06572,2.05787,10,1983,1.52094,0
1776812884275387894,1.56441,-0.00390625,0.296244,-0.00390625,2.06647,2.06131,10,1983,1.52094,0
1776812884280395881,1.56441,-0.00195312,0.296244,-0.00195312,2.06647,2.06131,10,1983,1.52094,0
1776812884285420034,1.56441,-0.00195312,0.296244,-0.00195312,2.07676,2.06243,10,1983,1.52094,0
1776812884290399338,1.56441,-0.00195312,0.296244,-0.00195312,2.07676,2.06243,10,1983,1.52094,0
1776812884295411380,1.5644,-0.00195312,0.296237,-0.00195312,2.08829,2.06238,10,1983,1.52094,0
1776812884300412404,1.5644,-0.00585938,0.296237,-0.00585938,2.08829,2.06238,10,1983,1.52094,0
1776812884305410336,1.56423,-0.00585938,0.296065,-0.00585938,2.02233,2.05918,10,1983,1.52094,0
1776812884310395788,1.56423,-0.0136719,0.296065,-0.0136719,2.02233,2.05918,10,1983,1.52094,0
1776812884315403756,1.56423,-0.0136719,0.296065,-0.0136719,2.01447,2.05472,10,1983,1.52094,0
1776812884320365727,1.56423,-0.015625,0.296065,-0.015625,2.01447,2.05472,10,1983,1.52094,0
1776812884325387214,1.56422,-0.015625,0.296058,-0.015625,2.08304,2.05361,10,1983,1.52094,0
1776812884330404052,1.56422,-0.0195312,0.296058,-0.0195312,2.08304,2.05361,10,1983,1.52094,0
1776812884335412650,1.56387,-0.0195312,0.295709,-0.0195312,2.09292,2.04935,10,1984,1.52171,0
1776812884340407045,1.56387,-0.015625,0.296476,-0.015625,2.09292,2.04935,10,1984,1.52171,0.153429
1776812884345398940,1.56387,-0.015625,0.296476,0.137804,2.01402,2.05158,10,1984,1.52171,0
1776812884350412205,1.56387,-0.0234375,0.296476,-0.0234375,2.01402,2.05158,10,1984,1.52171,0
1776812884355409692,1.56368,-0.0234375,0.296286,-0.0234375,2.04432,2.04604,10,1984,1.52171,0
1776812884360402292,1.56368,-0.0332031,0.296286,-0.0332031,2.04432,2.04604,10,1985,1.52248,0.153399
1776812884365397853,1.56333,-0.0332031,0.296702,0.120195,2.0807,2.03846,10,1985,1.52248,0
1776812884370409025,1.56333,-0.0410156,0.296702,-0.0410156,2.0807,2.03846,10,1985,1.52248,0
1776812884375392403,1.56296,-0.0410156,0.296336,-0.0410156,2.02675,2.03192,10,1986,1.52324,0
1776812884380404723,1.56296,-0.046875,0.297103,-0.046875,2.02675,2.03192,10,1986,1.52324,0.153429
1776812884385393544,1.56261,-0.046875,0.296744,0.106554,1.96373,2.02652,10,1986,1.52324,0
1776812884390398087,1.56261,-0.0605469,0.297511,0.0928823,1.96373,2.02652,10,1987,1.52401,0.153429
1776812884395399685,1.56224,-0.0605469,0.297145,0.0928823,2.0563,2.01664,10,1987,1.52401,0
1776812884400401228,1.56224,-0.0683594,0.297145,-0.0683594,2.0563,2.01664,10,1988,1.52478,0.153368
1776812884405403197,1.56153,-0.0683594,0.297198,0.0850085,2.04046,2.0081,10,1988,1.52478,0
1776812884410408869,1.56153,-0.0761719,0.297198,-0.0761719,2.04046,2.0081,10,1989,1.52554,0.153399
1776812884415428374,1.56081,-0.0761719,0.297245,0.0772266,2.03808,1.99953,10,1989,1.52554,0
1776812884420393549,1.56081,-0.0703125,0.297245,-0.0703125,2.03808,1.99953,10,1990,1.52631,0
1776812884425392851,1.56009,-0.0703125,0.297295,-0.0703125,1.9731,1.99877,10,1990,1.52631,0.153368
1776812884430407208,1.56009,-0.0566406,0.297295,0.0967272,1.9731,1.99877,10,1990,1.52631,0
1776812884435481043,1.55954,-0.0566406,0.296751,-0.0566406,2.02536,2.00345,10,1991,1.52708,0
1776812884440421997,1.55954,-0.0429688,0.297518,-0.0429688,2.02536,2.00345,10,1991,1.52708,0.153368
1776812884445400671,1.55901,-0.0429688,0.296984,0.110399,1.98564,2.00819,10,1991,1.52708,0
1776812884450399659,1.55901,-0.03125,0.296984,-0.03125,1.98564,2.00819,10,1991,1.52708,0
1776812884455491455,1.55865,-0.03125,0.296626,-0.03125,1.9989,2.01281,10,1991,1.52708,0
1776812884460466740,1.55865,-0.00976562,0.296626,-0.00976562,1.9989,2.01281,10,1991,1.52708,0
1776812884465499355,1.55847,-0.00976562,0.296447,-0.00976562,2.07386,2.02506,10,1991,1.52708,0
1776812884470458660,1.55847,-0.00195312,0.296447,-0.00195312,2.07386,2.02506,10,1991,1.52708,0
1776812884475417076,1.55847,-0.00195312,0.296447,-0.00195312,2.00865,2.02849,10,1991,1.52708,0
1776812884480398509,1.55847,-0.00390625,0.296447,-0.00390625,2.00865,2.02849,10,1991,1.52708,0
1776812884485419181,1.55847,-0.00390625,0.296447,-0.00390625,2.08874,2.02738,10,1991,1.52708,0
1776812884490397114,1.55847,-0.00195312,0.296447,-0.00195312,2.08874,2.02738,10,1991,1.52708,0
1776812884495400397,1.55847,-0.00195312,0.296447,-0.00195312,2.02321,2.02849,10,1991,1.52708,0
1776812884500399033,1.55847,0.00195312,0.296447,0.00195312,2.02321,2.02849,10,1991,1.52708,0
1776812884505414927,1.55847,0.00195312,0.296447,0.00195312,2.01225,2.03072,10,1991,1.52708,0
1776812884510396767,1.55847,-0.0078125,0.296447,-0.0078125,2.01225,2.03072,10,1991,1.52708,0
1776812884515397829,1.55829,-0.0078125,0.296268,-0.0078125,2.10713,2.02412,10,1991,1.52708,0
1776812884520366244,1.55829,-0.0136719,0.296268,-0.0136719,2.10713,2.02412,10,1992,1.52784,0
1776812884525392934,1.55829,-0.0136719,0.297035,-0.0136719,2.13758,2.02078,10,1992,1.52784,0.153429
1776812884530392477,1.55829,-0.0253906,0.297035,0.128039,2.13758,2.02078,10,1992,1.52784,0
1776812884535400445,1.55812,-0.0253906,0.296856,-0.0253906,2.07106,2.0141,10,1992,1.52784,0
1776812884540402507,1.55812,-0.0234375,0.296856,-0.0234375,2.07106,2.0141,10,1992,1.52784,0
1776812884545397328,1.55776,-0.0234375,0.296498,-0.0234375,2.00532,2.01214,10,1992,1.52784,0
1776812884550392853,1.55776,-0.0195312,0.296498,-0.0195312,2.00532,2.01214,10,1992,1.52784,0
1776812884555406024,1.55758,-0.0195312,0.296319,-0.0195312,2.00808,2.01334,10,1993,1.52861,0
1776812884560396772,1.55758,-0.0195312,0.297086,-0.0195312,2.00808,2.01334,10,1993,1.52861,0.153399
1776812884565399463,1.55758,-0.0195312,0.297086,0.133867,2.00865,2.01334,10,1993,1.52861,0
1776812884570373118,1.55758,-0.0195312,0.297086,-0.0195312,2.00865,2.01334,10,1993,1.52861,0
1776812884575386457,1.55722,-0.0195312,0.296724,-0.0195312,1.99384,2.01127,10,1993,1.52861,0
1776812884580390944,1.55722,-0.0253906,0.296724,-0.0253906,1.99384,2.01127,10,1993,1.52861,0
1776812884585396968,1.55721,-0.0253906,0.296718,-0.0253906,2.07052,2.0079,10,1993,1.52861,0
1776812884590406844,1.55721,-0.0195312,0.296718,-0.0195312,2.07052,2.0079,10,1994,1.52938,0
1776812884595401202,1.55685,-0.0195312,0.297127,-0.0195312,1.99267,2.00919,10,1994,1.52938,0.153429
1776812884600393357,1.55685,-0.0214844,0.297127,0.131945,1.99267,2.00919,10,1994,1.52938,0
1776812884605394196,1.55685,-0.0214844,0.297127,-0.0214844,2.04597,2.00807,10,1994,1.52938,0
1776812884610405683,1.55685,-0.03125,0.297127,-0.03125,2.04597,2.00807,10,1994,1.52938,0
1776812884615397837,1.55668,-0.03125,0.296952,-0.03125,2.01241,2.0015,10,1995,1.53015,0
1776812884620375789,1.55668,-0.0332031,0.297719,-0.0332031,2.01241,2.0015,10,1995,1.53015,0.153368
1776812884625387276,1.55632,-0.0332031,0.297361,0.120165,1.97446,1.99834,10,1995,1.53015,0
1776812884630399911,1.55632,-0.0390625,0.297361,-0.0390625,1.97446,1.99834,10,1996,1.53091,0
1776812884635394417,1.55596,-0.0390625,0.29777,-0.0390625,1.90296,1.99295,10,1996,1.53091,0.153368
1776812884640400497,1.55596,-0.0546875,0.29777,0.0986803,1.90296,1.99295,10,1997,1.53168,0
1776812884645399021,1.5556,-0.0546875,0.298173,-0.0546875,1.99534,1.98196,10,1997,1.53168,0.153337
1776812884650408860,1.5556,-0.0839844,0.298173,0.0693528,1.99534,1.98196,10,1998,1.53245,0.15346
1776812884655388849,1.55488,-0.0839844,0.298225,0.0694755,1.99116,1.96116,10,1999,1.53321,0
1776812884660392262,1.55488,-0.128906,0.298992,-0.128906,1.99116,1.96116,10,2000,1.53398,0.153337
1776812884665390472,1.55328,-0.128906,0.298151,0.0244309,1.95838,1.92633,10,2001,1.53475,0.15346
1776812884670375090,1.55328,-0.138672,0.298918,0.014788,1.95838,1.92633,10,2002,1.53551,0.153344
1776812884675386373,1.55328,-0.138672,0.299685,0.0146721,1.87247,1.92077,10,2003,1.53628,0.153429
1776812884680395230,1.55274,-0.138672,0.299916,0.0147573,1.87247,1.92077,10,2003,1.53628,0.153368
1776812884685391162,1.55274,-0.126953,0.299916,0.0264147,1.92503,1.92437,10,2004,1.53705,0.153368
1776812884690391279,1.55005,-0.126953,0.297991,0.0264147,1.92503,1.92437,10,2005,1.53782,0.153429
1776812884695394637,1.55005,-0.121094,0.298758,0.0323354,1.9054,1.91226,10,2007,1.53935,0.153368
1776812884700401476,1.54934,-0.121094,0.299585,0.0322741,1.9054,1.91226,10,2008,1.54012,0.153429
1776812884705399574,1.54934,-0.181641,0.300352,-0.0282114,1.87391,1.87368,10,2010,1.54165,0.306858
1776812884710406006,1.54719,-0.181641,0.299739,0.125218,1.87391,1.87368,10,2011,1.54242,0.153368
1776812884715428936,1.54719,-0.214844,0.300506,-0.0614759,1.9611,1.84242,10,2013,1.54395,0.306797
1776812884720383741,1.54613,-0.214844,0.300972,0.0919533,1.9611,1.84242,10,2014,1.54472,0.306736
1776812884725391506,1.54613,-0.271484,0.301739,0.0352513,1.87619,1.80399,10,2016,1.54625,0.15346
1776812884730417177,1.54239,-0.271484,0.299533,-0.118024,1.87619,1.80399,10,2017,1.54702,0.306736
1776812884735409036,1.54239,-0.271484,0.3003,0.0352513,1.81031,1.78246,10,2020,1.54932,0.306858
1776812884740411393,1.54114,-0.271484,0.301352,0.035374,1.81031,1.78246,10,2021,1.55009,0.306797
1776812884745413121,1.54114,-0.277344,0.302119,0.0294533,1.70249,1.77193,10,2024,1.55239,0.306736
1776812884750398628,1.53723,-0.277344,0.301279,0.0293919,1.70249,1.77193,10,2026,1.55392,0.306736
1776812884755405097,1.53723,-0.291016,0.302046,0.01572,1.88447,1.7416,10,2028,1.55546,0.153399
1776812884760428212,1.53439,-0.291016,0.300744,-0.137617,1.88447,1.7416,10,2029,1.55622,0.306858
1776812884765403035,1.53439,-0.289062,0.301511,0.0177959,1.73454,1.72634,10,2031,1.55776,0.306797
1776812884770375357,1.53138,-0.289062,0.300034,0.0177345,1.73454,1.72634,10,2032,1.55852,0.306797
1776812884775393751,1.53138,-0.275391,0.300801,0.0314064,1.81735,1.71673,10,2034,1.56006,0.153399
1776812884780394498,1.52997,-0.275391,0.300921,-0.121992,1.81735,1.71673,10,2035,1.56083,0.153399
1776812884785392041,1.52997,-0.224609,0.301688,-0.0712109,1.70952,1.7375,10,2036,1.56159,0.153429
1776812884790393158,1.52749,-0.224609,0.299979,-0.0711802,1.70952,1.7375,10,2036,1.56159,0.153368
1776812884795401126,1.52749,-0.134766,0.299979,0.0186022,1.83531,1.77438,10,2036,1.56159,0
1776812884800391096,1.52573,-0.134766,0.298215,-0.134766,1.83531,1.77438,10,2036,1.56159,0
1776812884805399009,1.52573,-0.046875,0.298215,-0.046875,1.72011,1.81426,10,2036,1.56159,0
1776812884810419032,1.52485,-0.046875,0.297334,-0.046875,1.72011,1.81426,10,2036,1.56159,0
1776812884815400632,1.52485,0.0117188,0.297334,0.0117188,1.80864,1.84255,10,2036,1.56159,0
1776812884820371065,1.52484,0.0117188,0.29733,0.0117188,1.80864,1.84255,10,2036,1.56159,0
1776812884825385385,1.52484,0.0566406,0.29733,0.0566406,1.89319,1.86813,10,2036,1.56159,0
1776812884830392484,1.5252,0.0566406,0.297683,0.0566406,1.89319,1.86813,10,2036,1.56159,0
1776812884835405415,1.5252,0.0664062,0.297683,0.0664062,1.75689,1.87574,10,2036,1.56159,0
1776812884840395606,1.52608,0.0664062,0.298568,0.0664062,1.75689,1.87574,10,2036,1.56159,0
1776812884845404908,1.52608,0.0566406,0.298568,0.0566406,1.87731,1.87531,10,2036,1.56159,0
1776812884850396026,1.52644,0.0566406,0.298924,0.0566406,1.87731,1.87531,10,2036,1.56159,0
1776812884855400680,1.52644,0.015625,0.298924,0.015625,1.85944,1.85399,10,2036,1.56159,0
1776812884860396482,1.52715,0.015625,0.299637,0.015625,1.85944,1.85399,10,2036,1.56159,0
1776812884865432727,1.52715,0.00195312,0.299637,0.00195312,1.85939,1.85033,10,2036,1.56159,0
1776812884870407549,1.52715,0.00195312,0.299637,0.00195312,1.85939,1.85033,10,2036,1.56159,0
1776812884875391648,1.52715,-0.0410156,0.299637,-0.0410156,1.84835,1.82583,10,2036,1.56159,0
1776812884880404413,1.52679,-0.0410156,0.29928,-0.0410156,1.84835,1.82583,10,2036,1.56159,0
1776812884885465674,1.52679,-0.0429688,0.29928,-0.0429688,1.82964,1.82266,10,2036,1.56159,0
1776812884890417720,1.52662,-0.0429688,0.299108,-0.0429688,1.82964,1.82266,10,2036,1.56159,0
1776812884895398690,1.52662,-0.0175781,0.299108,-0.0175781,1.83528,1.83613,10,2036,1.56159,0
1776812884900527633,1.52626,-0.0175781,0.298748,-0.0175781,1.83528,1.83613,10,2036,1.56159,0
1776812884905428738,1.52626,0.00195312,0.298748,0.00195312,1.81577,1.84518,10,2036,1.56159,0
1776812884910414263,1.52626,0.00195312,0.298744,0.00195312,1.81577,1.84518,10,2036,1.56159,0
1776812884915392789,1.52626,0.0273438,0.298744,0.0273438,1.84206,1.85963,10,2036,1.56159,0
1776812884920400239,1.52644,0.0273438,0.298924,0.0273438,1.84206,1.85963,10,2036,1.56159,0
1776812884925396893,1.52644,0.03125,0.298924,0.03125,1.88671,1.8629,10,2036,1.56159,0
1776812884930400954,1.52661,0.03125,0.2991,0.03125,1.88671,1.8629,10,2036,1.56159,0
1776812884935393294,1.52661,0.015625,0.2991,0.015625,1.87168,1.85501,10,2036,1.56159,0
1776812884940410836,1.52696,0.015625,0.29945,0.015625,1.87168,1.85501,10,2036,1.56159,0
1776812884945398639,1.52696,0.00585938,0.29945,0.00585938,1.90053,1.85147,10,2036,1.56159,0
1776812884950392812,1.52696,0.00585938,0.29945,0.00585938,1.90053,1.85147,10,2036,1.56159,0
1776812884955480627,1.52696,-0.0117188,0.29945,-0.0117188,1.88151,1.84145,10,2036,1.56159,0
1776812884960421193,1.52696,-0.0117188,0.29945,-0.0117188,1.88151,1.84145,10,2036,1.56159,0
1776812884965443068,1.52696,-0.0234375,0.29945,-0.0234375,1.84398,1.83477,10,2036,1.56159,0
1776812884970382985,1.52679,-0.0234375,0.299277,-0.0234375,1.84398,1.83477,10,2036,1.56159,0
1776812884975398045,1.52679,-0.0292969,0.299277,-0.0292969,1.86809,1.83043,10,2036,1.56159,0
1776812884980403495,1.52644,-0.0292969,0.298924,-0.0292969,1.86809,1.83043,10,2036,1.56159,0
1776812884985395743,1.52644,-0.0195312,0.298924,-0.0195312,1.8549,1.83395,10,2036,1.56159,0
1776812884990394230,1.52644,-0.0195312,0.298924,-0.0195312,1.8549,1.83395,10,2036,1.56159,0
1776812884995404328,1.52644,-0.015625,0.298924,-0.015625,1.88246,1.83618,10,2036,1.56159,0
1776812885000396557,1.52608,-0.015625,0.298568,-0.015625,1.88246,1.83618,10,2036,1.56159,0
1776812885005397822,1.52608,-0.00585938,0.298568,-0.00585938,1.87498,1.83968,10,2036,1.56159,0
1776812885010392978,1.52608,-0.00585938,0.298568,-0.00585938,1.87498,1.83968,10,2036,1.56159,0
1776812885015402724,1.52608,0.0117188,0.298568,0.0117188,1.8425,1.8497,10,2036,1.56159,0
1776812885020371214,1.52608,0.0117188,0.298572,0.0117188,1.8425,1.8497,10,2036,1.56159,0
1776812885025389090,1.52608,0.0117188,0.298572,0.0117188,1.90048,1.84972,10,2036,1.56159,0
1776812885030393337,1.52626,0.0117188,0.298748,0.0117188,1.90048,1.84972,10,2036,1.56159,0
1776812885035406861,1.52626,0.00390625,0.298748,0.00390625,1.8224,1.84629,10,2036,1.56159,0
1776812885040392239,1.52644,0.00390625,0.298924,0.00390625,1.8224,1.84629,10,2036,1.56159,0
1776812885045395986,1.52644,-0.0136719,0.298924,-0.0136719,1.86784,1.83729,10,2036,1.56159,0
1776812885050396197,1.52643,-0.0136719,0.298921,-0.0136719,1.86784,1.83729,10,2036,1.56159,0
1776812885055403184,1.52643,-0.015625,0.298921,-0.015625,1.90763,1.83616,10,2036,1.56159,0
1776812885060395858,1.52625,-0.015625,0.298741,-0.015625,1.90763,1.83616,10,2036,1.56159,0
1776812885065400809,1.52625,-0.0136719,0.298741,-0.0136719,1.82243,1.83623,10,2036,1.56159,0
1776812885070370539,1.52626,-0.0136719,0.298744,-0.0136719,1.82243,1.83623,10,2036,1.56159,0
1776812885075386804,1.52626,-0.00976562,0.298744,-0.00976562,1.87506,1.83848,10,2036,1.56159,0
1776812885080391700,1.52608,-0.00976562,0.298571,-0.00976562,1.87506,1.83848,10,2036,1.56159,0
1776812885085395724,1.52608,-0.00195312,0.298571,-0.00195312,1.82232,1.84193,10,2036,1.56159,0
1776812885090401157,1.52608,-0.00195312,0.298571,-0.00195312,1.82232,1.84193,10,2036,1.56159,0
1776812885095395978,1.52608,-0.00390625,0.298571,-0.00390625,1.89542,1.84081,10,2036,1.56159,0
1776812885100394041,1.52608,-0.00390625,0.298571,-0.00390625,1.89542,1.84081,10,2036,1.56159,0
1776812885105421657,1.52608,-0.00390625,0.298568,-0.00390625,1.82213,1.84079,10,2036,1.56159,0
1776812885110400146,1.52608,-0.00585938,0.298568,-0.00585938,1.82213,1.84079,10,2036,1.56159,0
1776812885115406578,1.52608,-0.00585938,0.298568,-0.00585938,1.9319,1.83968,10,2036,1.56159,0
1776812885120373513,1.52608,-0.00585938,0.298568,-0.00585938,1.9319,1.83968,10,2036,1.56159,0
1776812885125394796,1.52608,-0.00585938,0.298568,-0.00585938,1.75651,1.83968,10,2036,1.56159,0
1776812885130407487,1.52608,0.00195312,0.298568,0.00195312,1.75651,1.83968,10,2036,1.56159,0
1776812885135405642,1.52608,0.00195312,0.298568,0.00195312,1.95168,1.84413,10,2036,1.56159,0
1776812885140413425,1.52608,-0.00390625,0.298568,-0.00390625,1.95168,1.84413,10,2036,1.56159,0
1776812885145429005,1.52608,-0.00390625,0.298568,-0.00390625,1.87469,1.84079,10,2036,1.56159,0
1776812885150415476,1.52608,-0.00585938,0.298568,-0.00585938,1.87469,1.84079,10,2036,1.56159,0
1776812885155401983,1.5259,-0.00585938,0.298392,-0.00585938,1.90439,1.83866,10,2036,1.56159,0
1776812885160407508,1.5259,-0.0078125,0.298392,-0.0078125,1.90439,1.83866,10,2036,1.56159,0
1776812885165407440,1.5259,-0.0078125,0.298384,-0.0078125,1.77722,1.8375,10,2036,1.56159,0
1776812885170386596,1.5259,-0.0136719,0.298384,-0.0136719,1.77722,1.8375,10,2036,1.56159,0
1776812885175404157,1.5259,-0.0136719,0.298384,-0.0136719,1.82832,1.83416,10,2036,1.56159,0
1776812885180407404,1.5259,-0.0136719,0.298388,-0.0136719,1.82832,1.83416,10,2036,1.56159,0
1776812885185400911,1.5259,-0.015625,0.298388,-0.015625,1.86176,1.83307,10,2037,1.56236,0.153429
1776812885190421732,1.52572,-0.015625,0.298978,0.137804,1.86176,1.83307,10,2037,1.56236,0
1776812885195401036,1.52572,-0.015625,0.298978,-0.015625,1.74536,1.83205,10,2037,1.56236,0
1776812885200400135,1.52555,-0.015625,0.298806,-0.015625,1.74536,1.83205,10,2037,1.56236,0
1776812885205413511,1.52555,-0.0273438,0.298806,-0.0273438,1.82358,1.82437,10,2037,1.56236,0
1776812885210406648,1.5252,-0.0273438,0.298453,-0.0273438,1.82358,1.82437,10,2037,1.56236,0
1776812885215393970,1.5252,-0.0273438,0.298453,-0.0273438,1.78453,1.82233,10,2038,1.56313,0
1776812885220422104,1.52502,-0.0273438,0.299041,-0.0273438,1.78453,1.82233,10,2038,1.56313,0.153368
1776812885225421000,1.52502,-0.0390625,0.299041,0.114305,1.83276,1.8146,10,2038,1.56313,0
1776812885230400971,1.52466,-0.0390625,0.298684,-0.0390625,1.83276,1.8146,10,2038,1.56313,0
1776812885235413347,1.52466,-0.0429688,0.298684,-0.0429688,1.8328,1.81031,10,2039,1.56389,0.15346
1776812885240401521,1.52449,-0.0429688,0.299275,0.110491,1.8328,1.81031,10,2039,1.56389,0
1776812885245396695,1.52449,-0.0644531,0.299275,-0.0644531,1.82245,1.79705,10,2040,1.56466,0.153429
1776812885250392961,1.52449,-0.0644531,0.300042,0.0889761,1.82245,1.79705,10,2041,1.56543,0
1776812885255418910,1.52378,-0.0644531,0.300105,-0.0644531,1.67626,1.79296,10,2041,1.56543,0.153399
1776812885260394659,1.52378,-0.113281,0.300105,0.0401173,1.67626,1.79296,10,2042,1.56619,0.153399
1776812885265407202,1.52237,-0.113281,0.299463,0.0401173,1.70009,1.75696,10,2044,1.56773,0.153368
1776812885270377988,1.52237,-0.128906,0.300997,0.0244616,1.70009,1.75696,10,2044,1.56773,0.153429
1776812885275386772,1.52167,-0.128906,0.300293,0.0245229,1.82869,1.74397,10,2046,1.56926,0.153399
1776812885280391315,1.52167,-0.171875,0.301827,-0.0184765,1.82869,1.74397,10,2047,1.57003,0.153368
1776812885285404728,1.51956,-0.171875,0.30048,-0.0185072,1.7983,1.7072,10,2048,1.5708,0.153399
1776812885290396680,1.51956,-0.162109,0.301247,-0.00871086,1.7983,1.7072,10,2049,1.57156,0.153429
1776812885295403001,1.51797,-0.162109,0.30043,-0.00868018,1.76968,1.70357,10,2050,1.57233,0.153337
1776812885300397637,1.51797,-0.136719,0.301197,0.0166184,1.76968,1.70357,10,2050,1.57233,0.15346
1776812885305403477,1.51639,-0.136719,0.299616,0.0167412,1.71318,1.70885,10,2051,1.5731,0.153368
1776812885310399113,1.51639,-0.125,0.300383,0.0283678,1.71318,1.70885,10,2052,1.57386,0.153429
1776812885315400305,1.51569,-0.125,0.300448,0.0284292,1.68918,1.71145,10,2053,1.57463,0
1776812885320372425,1.51569,-0.113281,0.301215,-0.113281,1.68918,1.71145,10,2053,1.57463,0.153429
1776812885325384356,1.51569,-0.113281,0.301215,0.0401479,1.69726,1.71813,10,2054,1.5754,0.153337
1776812885330474024,1.51411,-0.113281,0.300404,0.0400559,1.69726,1.71813,10,2054,1.5754,0
1776812885335411405,1.51411,-0.107422,0.300404,-0.107422,1.73174,1.71229,10,2055,1.57617,0.153399
1776812885340414430,1.51253,-0.107422,0.299591,0.0459766,1.73174,1.71229,10,2055,1.57617,0
1776812885345466229,1.51253,-0.078125,0.299591,-0.078125,1.66046,1.71979,10,2056,1.57693,0.153344
1776812885350458922,1.51148,-0.078125,0.299307,0.075219,1.66046,1.71979,10,2056,1.57693,0
1776812885355404043,1.51148,-0.0488281,0.299307,-0.0488281,1.69521,1.73037,10,2057,1.5777,0
1776812885360411623,1.51096,-0.0488281,0.29955,-0.0488281,1.69521,1.73037,10,2057,1.5777,0.153399
1776812885365405500,1.51096,-0.0273438,0.29955,0.126055,1.77389,1.73956,10,2057,1.5777,0
1776812885370401637,1.51061,-0.0273438,0.2992,-0.0273438,1.77389,1.73956,10,2057,1.5777,0
1776812885375398162,1.51061,-0.0214844,0.2992,-0.0214844,1.68922,1.74086,10,2057,1.5777,0
1776812885380398909,1.51026,-0.0214844,0.298852,-0.0214844,1.68922,1.74086,10,2057,1.5777,0
1776812885385405693,1.51026,-0.0195312,0.298852,-0.0195312,1.72013,1.73995,10,2057,1.5777,0
1776812885390410663,1.51008,-0.0195312,0.298677,-0.0195312,1.72013,1.73995,10,2057,1.5777,0
1776812885395398170,1.51008,-0.0117188,0.298677,-0.0117188,1.77799,1.74338,10,2058,1.57847,0.153399
1776812885400410491,1.51008,-0.0117188,0.299444,0.14168,1.77799,1.74338,10,2058,1.57847,0
1776812885405401757,1.51008,-0.0117188,0.299444,-0.0117188,1.76889,1.74338,10,2058,1.57847,0
1776812885410485351,1.51008,-0.0078125,0.299444,-0.0078125,1.76889,1.74338,10,2058,1.57847,0
1776812885415412307,1.50991,-0.0078125,0.299273,-0.0078125,1.70813,1.74461,10,2058,1.57847,0
1776812885420385278,1.50991,-0.0332031,0.299273,-0.0332031,1.70813,1.74461,10,2059,1.57923,0.153399
1776812885425397080,1.50973,-0.0332031,0.299862,0.120195,1.82295,1.72911,10,2059,1.57923,0
1776812885430394661,1.50973,-0.046875,0.299862,-0.046875,1.82295,1.72911,10,2060,1.58,0.153368
1776812885435399074,1.50956,-0.046875,0.300455,0.106493,1.76065,1.72029,10,2061,1.58077,0
1776812885440421987,1.50956,-0.0996094,0.301222,-0.0996094,1.76065,1.72029,10,2062,1.58153,0.153399
1776812885445395162,1.50851,-0.0996094,0.300936,0.0537891,1.70542,1.6841,10,2062,1.58153,0.153429
1776812885450398372,1.50851,-0.125,0.300936,0.0284292,1.70542,1.6841,10,2063,1.5823,0.153337
1776812885455394453,1.50729,-0.125,0.300485,0.0283372,1.82137,1.66252,10,2064,1.58307,0.153429
1776812885460397682,1.50729,-0.140625,0.301252,0.0128042,1.82137,1.66252,10,2065,1.58384,0.153399
1776812885465398077,1.50607,-0.140625,0.300797,0.0127735,1.72598,1.64649,10,2066,1.5846,0.153429
1776812885470518910,1.50607,-0.134766,0.301564,0.0186636,1.72598,1.64649,10,2067,1.58537,0
1776812885475419533,1.50607,-0.134766,0.302331,-0.134766,1.65919,1.64983,10,2068,1.58614,0.153399
1776812885480409318,1.50485,-0.134766,0.301876,0.0186329,1.65919,1.64983,10,2069,1.5869,0.153368
1776812885485397529,1.50485,-0.138672,0.302643,0.014696,1.61575,1.64047,10,2070,1.58767,0.153429
1776812885490389222,1.50345,-0.138672,0.302015,0.0147573,1.61575,1.64047,10,2071,1.58844,0.306797
1776812885495403339,1.50345,-0.171875,0.302782,0.134922,1.60586,1.61339,10,2073,1.58997,0.153368
1776812885500393772,1.50118,-0.171875,0.302048,-0.0185072,1.60586,1.61339,10,2074,1.59074,0.306736
1776812885505403426,1.50118,-0.193359,0.302815,0.113376,1.62591,1.5879,10,2076,1.59227,0.153429
1776812885510404525,1.50031,-0.193359,0.303478,-0.0399302,1.62591,1.5879,10,2077,1.59304,0.306797
1776812885515407939,1.50031,-0.251953,0.304245,0.0548439,1.62678,1.54941,10,2079,1.59457,0.153429
1776812885520374818,1.49684,-0.251953,0.302307,-0.0985239,1.62678,1.54941,10,2081,1.59611,0.306736
1776812885525391434,1.49684,-0.265625,0.303841,0.0411107,1.62288,1.52129,10,2083,1.59764,0.306797
1776812885530401255,1.49562,-0.265625,0.304158,0.041172,1.62288,1.52129,10,2084,1.59841,0.306797
1776812885535403151,1.49562,-0.283203,0.304925,0.0235939,1.57411,1.50415,10,2086,1.59994,0.153368
1776812885540411694,1.49163,-0.283203,0.30247,-0.129835,1.57411,1.50415,10,2087,1.60071,0.30692
1776812885545401719,1.49163,-0.287109,0.303237,0.0198104,1.58248,1.47854,10,2090,1.60301,0.306736
1776812885550397578,1.49163,-0.287109,0.305538,0.0196263,1.58248,1.47854,10,2091,1.60378,0.153368
1776812885555405714,1.49042,-0.287109,0.305092,-0.133742,1.39022,1.47142,10,2093,1.60531,0.306858
1776812885560397536,1.49042,-0.265625,0.306626,0.0412334,1.39022,1.47142,10,2094,1.60608,0.153368
1776812885565397598,1.48609,-0.265625,0.303066,-0.112257,1.49609,1.45825,10,2095,1.60684,0.306797
1776812885570370532,1.48609,-0.203125,0.303833,0.103672,1.49609,1.45825,10,2096,1.60761,0.15346
1776812885575385964,1.48264,-0.203125,0.301144,-0.0496651,1.48049,1.47356,10,2097,1.60838,0.153368
1776812885580393877,1.48264,-0.164062,0.301911,-0.0106947,1.48049,1.47356,10,2097,1.60838,0
1776812885585399161,1.48177,-0.164062,0.301048,-0.164062,1.54514,1.49074,10,2097,1.60838,0
1776812885590388872,1.48177,-0.0527344,0.301048,-0.0527344,1.54514,1.49074,10,2097,1.60838,0
1776812885595429580,1.48023,-0.0527344,0.2995,-0.0527344,1.47906,1.54508,10,2097,1.60838,0
1776812885600432105,1.48023,-0.00976562,0.2995,-0.00976562,1.47906,1.54508,10,2097,1.60838,0
1776812885605409668,1.48005,-0.00976562,0.299327,-0.00976562,1.46309,1.56856,10,2097,1.60838,0
1776812885610411823,1.48005,0.0566406,0.299327,0.0566406,1.46309,1.56856,10,2097,1.60838,0
1776812885615401608,1.48039,0.0566406,0.299668,0.0566406,1.51321,1.60842,10,2097,1.60838,0
1776812885620376690,1.48039,0.0664062,0.299668,0.0664062,1.51321,1.60842,10,2097,1.60838,0
1776812885625386955,1.48039,0.0664062,0.299668,0.0664062,1.52864,1.61399,10,2097,1.60838,0
1776812885630419664,1.48092,0.0664062,0.300189,0.0664062,1.52864,1.61399,10,2097,1.60838,0
1776812885635402394,1.48092,0.0410156,0.300189,0.0410156,1.66232,1.60258,10,2097,1.60838,0
1776812885640402178,1.48213,0.0410156,0.301404,0.0410156,1.66232,1.60258,10,2097,1.60838,0
1776812885645393907,1.48213,0.0253906,0.301404,0.0253906,1.63834,1.60083,10,2097,1.60838,0
1776812885650405024,1.48231,0.0253906,0.301581,0.0253906,1.63834,1.60083,10,2097,1.60838,0
1776812885655395198,1.48231,-0.0253906,0.301581,-0.0253906,1.63339,1.57292,10,2097,1.60838,0
1776812885660393538,1.48231,-0.0253906,0.301581,-0.0253906,1.63339,1.57292,10,2097,1.60838,0
1776812885665398267,1.48231,-0.0371094,0.301581,-0.0371094,1.58178,1.56624,10,2097,1.60838,0
1776812885670371090,1.48196,-0.0371094,0.301232,-0.0371094,1.58178,1.56624,10,2097,1.60838,0
1776812885675386114,1.48196,-0.0253906,0.301232,-0.0253906,1.57752,1.57087,10,2097,1.60838,0
1776812885680390805,1.48161,-0.0253906,0.300883,-0.0253906,1.57752,1.57087,10,2097,1.60838,0
1776812885685428550,1.48161,0.00195312,0.300883,0.00195312,1.59464,1.5844,10,2097,1.60838,0
1776812885690406966,1.48161,0.00195312,0.300887,0.00195312,1.59464,1.5844,10,2097,1.60838,0
1776812885695402491,1.48161,0.0273438,0.300887,0.0273438,1.59472,1.59889,10,2097,1.60838,0
1776812885700391406,1.48161,0.0273438,0.300887,0.0273438,1.59472,1.59889,10,2097,1.60838,0
1776812885705406430,1.48179,0.0273438,0.301059,0.0273438,1.67991,1.59991,10,2097,1.60838,0
1776812885710398067,1.48179,0.0292969,0.301059,0.0292969,1.67991,1.59991,10,2097,1.60838,0
1776812885715399166,1.4823,0.0292969,0.301577,0.0292969,1.6119,1.60407,10,2097,1.60838,0
1776812885720422097,1.4823,0.0078125,0.301577,0.0078125,1.6119,1.60407,10,2097,1.60838,0
1776812885725425270,1.48248,0.0078125,0.30175,0.0078125,1.56374,1.59284,10,2097,1.60838,0
1776812885730423332,1.48248,-0.015625,0.30175,-0.015625,1.56374,1.59284,10,2097,1.60838,0
1776812885735403099,1.48248,-0.015625,0.30175,-0.015625,1.51603,1.57948,10,2097,1.60838,0
1776812885740418753,1.48248,-0.0253906,0.30175,-0.0253906,1.51603,1.57948,10,2097,1.60838,0
1776812885745434796,1.4823,-0.0253906,0.301577,-0.0253906,1.59165,1.5729,10,2097,1.60838,0
1776812885750407489,1.4823,-0.0273438,0.301577,-0.0273438,1.59165,1.5729,10,2097,1.60838,0
1776812885755397459,1.48196,-0.0273438,0.301236,-0.0273438,1.56018,1.56978,10,2097,1.60838,0
1776812885760473684,1.48196,-0.0273438,0.301236,-0.0273438,1.56018,1.56978,10,2097,1.60838,0
1776812885765431322,1.48162,-0.0273438,0.300891,-0.0273438,1.56185,1.56774,10,2097,1.60838,0
1776812885770379017,1.48162,-0.0195312,0.300891,-0.0195312,1.56185,1.56774,10,2097,1.60838,0
1776812885775488721,1.48162,-0.0195312,0.300891,-0.0195312,1.59459,1.5722,10,2097,1.60838,0
1776812885780414639,1.48162,-0.0195312,0.300891,-0.0195312,1.59459,1.5722,10,2097,1.60838,0
1776812885785412961,1.48162,-0.00976562,0.300891,-0.00976562,1.51214,1.57776,10,2097,1.60838,0
1776812885790400320,1.48144,-0.00976562,0.300714,-0.00976562,1.51214,1.57776,10,2097,1.60838,0
1776812885795403771,1.48144,0.00195312,0.300714,0.00195312,1.57856,1.58341,10,2097,1.60838,0
1776812885800465589,1.48144,0.00195312,0.300718,0.00195312,1.57856,1.58341,10,2097,1.60838,0
1776812885805436690,1.48144,0.00976562,0.300718,0.00976562,1.57803,1.58788,10,2097,1.60838,0
1776812885810416272,1.48144,0.00976562,0.300718,0.00976562,1.57803,1.58788,10,2097,1.60838,0
1776812885815396557,1.48144,0.0078125,0.300718,0.0078125,1.6108,1.58677,10,2097,1.60838,0
1776812885820388305,1.48162,0.0078125,0.300891,0.0078125,1.6108,1.58677,10,2097,1.60838,0
1776812885825396718,1.48162,0.00585938,0.300891,0.00585938,1.59471,1.58667,10,2097,1.60838,0
1776812885830398817,1.48179,0.00585938,0.301059,0.00585938,1.59471,1.58667,10,2097,1.60838,0
1776812885835395991,1.48179,-0.00585938,0.301059,-0.00585938,1.59469,1.58099,10,2097,1.60838,0
1776812885840410108,1.48161,-0.00585938,0.300887,-0.00585938,1.59469,1.58099,10,2097,1.60838,0
1776812885845400059,1.48161,-0.0078125,0.300887,-0.0078125,1.64413,1.57886,10,2097,1.60838,0
1776812885850396659,1.48161,-0.0078125,0.300887,-0.0078125,1.64413,1.57886,10,2097,1.60838,0
1776812885855402258,1.48179,-0.0078125,0.301059,-0.0078125,1.62852,1.57987,10,2097,1.60838,0
1776812885860432577,1.48179,-0.00195312,0.301059,-0.00195312,1.62852,1.57987,10,2097,1.60838,0
1776812885865413363,1.48179,-0.00195312,0.301059,-0.00195312,1.62722,1.58321,10,2097,1.60838,0
1776812885870378446,1.48179,-0.00195312,0.301059,-0.00195312,1.62722,1.58321,10,2097,1.60838,0
1776812885875385026,1.48179,-0.00195312,0.301063,-0.00195312,1.59458,1.58323,10,2097,1.60838,0
1776812885880405864,1.48179,-0.00585938,0.301063,-0.00585938,1.59458,1.58323,10,2097,1.60838,0
1776812885885394946,1.48179,-0.00585938,0.301063,-0.00585938,1.5785,1.58101,10,2097,1.60838,0
1776812885890396304,1.48179,-0.0078125,0.301063,-0.0078125,1.5785,1.58101,10,2097,1.60838,0
1776812885895403773,1.48162,-0.0078125,0.300891,-0.0078125,1.59615,1.57888,10,2097,1.60838,0
1776812885900398947,1.48162,-0.015625,0.300891,-0.015625,1.59615,1.57888,10,2097,1.60838,0
1776812885905395361,1.48144,-0.015625,0.300718,-0.015625,1.59454,1.57341,10,2097,1.60838,0
1776812885910422903,1.48144,-0.0195312,0.300718,-0.0195312,1.59454,1.57341,10,2097,1.60838,0
1776812885915403781,1.48144,-0.0195312,0.300718,-0.0195312,1.54621,1.57118,10,2097,1.60838,0
1776812885920423472,1.48144,-0.015625,0.300718,-0.015625,1.54621,1.57118,10,2097,1.60838,0
1776812885925414071,1.48144,-0.015625,0.300718,-0.015625,1.56735,1.57341,10,2097,1.60838,0
1776812885930405079,1.48127,-0.015625,0.300546,-0.015625,1.56735,1.57341,10,2097,1.60838,0
1776812885935396975,1.48127,-0.015625,0.300546,-0.015625,1.59651,1.57239,10,2097,1.60838,0
1776812885940417202,1.4811,-0.015625,0.300373,-0.015625,1.59651,1.57239,10,2098,1.60915,0
1776812885945401506,1.4811,-0.0117188,0.30114,-0.0117188,1.56807,1.5736,10,2098,1.60915,0.153429
1776812885950400642,1.4811,-0.0117188,0.30114,0.14171,1.56807,1.5736,10,2098,1.60915,0
1776812885955405797,1.4811,-0.0136719,0.30114,-0.0136719,1.64642,1.57249,10,2098,1.60915,0
1776812885960407562,1.48075,-0.0136719,0.300791,-0.0136719,1.64642,1.57249,10,2098,1.60915,0
1776812885965425290,1.48075,-0.0117188,0.300791,-0.0117188,1.54154,1.57155,10,2098,1.60915,0
1776812885970439685,1.48075,-0.0117188,0.300791,-0.0117188,1.54154,1.57155,10,2098,1.60915,0
1776812885975409804,1.48075,-0.00976562,0.300791,-0.00976562,1.63154,1.57266,10,2098,1.60915,0
1776812885980403071,1.48058,-0.00976562,0.300623,-0.00976562,1.63154,1.57266,10,2098,1.60915,0
1776812885985504275,1.48058,-0.0078125,0.300623,-0.0078125,1.56184,1.57278,10,2098,1.60915,0
1776812885990461284,1.48058,-0.0078125,0.300623,-0.0078125,1.56184,1.57278,10,2098,1.60915,0
1776812885995409497,1.48058,-0.00585938,0.300623,-0.00585938,1.55,1.5739,10,2098,1.60915,0
1776812886000403467,1.48058,-0.00585938,0.300623,-0.00585938,1.55,1.5739,10,2098,1.60915,0
1776812886005437232,1.48058,-0.00585938,0.300619,-0.00585938,1.57024,1.57388,10,2098,1.60915,0
1776812886010413666,1.48058,-0.0078125,0.300619,-0.0078125,1.57024,1.57388,10,2098,1.60915,0
1776812886015418192,1.48058,-0.0078125,0.300619,-0.0078125,1.52922,1.57276,10,2098,1.60915,0
1776812886020399848,1.48058,-0.00390625,0.300619,-0.00390625,1.52922,1.57276,10,2099,1.60991,0
1776812886025399429,1.48041,-0.00390625,0.301213,-0.00390625,1.51693,1.57397,10,2099,1.60991,0.153368
1776812886030412639,1.48041,-0.00976562,0.301213,0.143602,1.51693,1.57397,10,2099,1.60991,0
1776812886035398073,1.48041,-0.00976562,0.301213,-0.00976562,1.60351,1.57063,10,2099,1.60991,0
1776812886040404154,1.48041,-0.00585938,0.301213,-0.00585938,1.60351,1.57063,10,2099,1.60991,0
1776812886045405291,1.48041,-0.00585938,0.301214,-0.00585938,1.53884,1.57286,10,2099,1.60991,0
1776812886050421760,1.48041,-0.0136719,0.301214,-0.0136719,1.53884,1.57286,10,2099,1.60991,0
1776812886055405287,1.48023,-0.0136719,0.301041,-0.0136719,1.5381,1.56739,10,2099,1.60991,0
1776812886060410035,1.48023,-0.0175781,0.301041,-0.0175781,1.5381,1.56739,10,2099,1.60991,0
1776812886065405042,1.48006,-0.0175781,0.300869,-0.0175781,1.58535,1.56415,10,2099,1.60991,0
1776812886070394587,1.48006,-0.0117188,0.300869,-0.0117188,1.58535,1.56415,10,2099,1.60991,0
1776812886075384317,1.48006,-0.0117188,0.300869,-0.0117188,1.6045,1.56749,10,2099,1.60991,0
1776812886080422081,1.48006,-0.0117188,0.300869,-0.0117188,1.6045,1.56749,10,2099,1.60991,0
1776812886085399608,1.47989,-0.0117188,0.300696,-0.0117188,1.56388,1.56647,10,2100,1.61068,0.153337
1776812886090403801,1.47989,-0.0078125,0.301463,0.145525,1.56388,1.56647,10,2100,1.61068,0
1776812886095396586,1.47989,-0.0078125,0.301467,-0.0078125,1.59517,1.56872,10,2100,1.61068,0
1776812886100399593,1.47989,-0.00585938,0.301467,-0.00585938,1.59517,1.56872,10,2100,1.61068,0
1776812886105397230,1.47989,-0.00585938,0.301467,-0.00585938,1.54796,1.56984,10,2100,1.61068,0
1776812886110405681,1.47989,-0.0117188,0.301467,-0.0117188,1.54796,1.56984,10,2100,1.61068,0
1776812886115394133,1.47972,-0.0117188,0.301291,-0.0117188,1.5722,1.56546,10,2100,1.61068,0
1776812886120374253,1.47972,-0.00976562,0.301291,-0.00976562,1.5722,1.56546,10,2100,1.61068,0
1776812886125386593,1.47954,-0.00976562,0.301118,-0.00976562,1.57893,1.56556,10,2100,1.61068,0
1776812886130425931,1.47954,-0.015625,0.301118,-0.015625,1.57893,1.56556,10,2100,1.61068,0
1776812886135464547,1.47937,-0.015625,0.300946,-0.015625,1.55976,1.5612,10,2101,1.61145,0
1776812886140416483,1.47937,-0.015625,0.301713,-0.015625,1.55976,1.5612,10,2101,1.61145,0.153429
1776812886145408583,1.47937,-0.015625,0.301713,0.137804,1.24525,1.5612,10,2101,1.61145,0
1776812886150403980,1.47954,-0.015625,0.301885,-0.015625,1.24525,1.5612,10,2101,1.61145,0
1776812886155402209,1.47954,-0.0253906,0.301885,-0.0253906,1.65549,1.55665,10,2101,1.61145,0
1776812886160425974,1.47903,-0.0253906,0.301372,-0.0253906,1.65549,1.55665,10,2101,1.61145,0
1776812886165406723,1.47903,-0.03125,0.301372,-0.03125,1.65415,1.55029,10,2102,1.61221,0.153368
1776812886170373325,1.47869,-0.03125,0.301795,0.122118,1.65415,1.55029,10,2102,1.61221,0
1776812886175399886,1.47869,-0.0527344,0.301795,-0.0527344,1.51447,1.53601,10,2103,1.61298,0.15346
1776812886180400801,1.47834,-0.0527344,0.302217,0.100726,1.51447,1.53601,10,2103,1.61298,0
1776812886185402326,1.47834,-0.0859375,0.302217,-0.0859375,1.55257,1.51505,10,2105,1.61451,0.153337
1776812886190408185,1.47834,-0.0859375,0.303751,0.0673997,1.55257,1.51505,10,2105,1.61451,0.15346
1776812886195406841,1.47782,-0.0859375,0.303234,0.0675224,1.51647,1.51201,10,2106,1.61528,0.153399
1776812886200397830,1.47782,-0.132812,0.304001,0.020586,1.51647,1.51201,10,2107,1.61605,0.153399
1776812886205510830,1.4761,-0.132812,0.303047,0.020586,1.49781,1.47514,10,2108,1.61682,0
1776812886210453619,1.4761,-0.130859,0.303814,-0.130859,1.49781,1.47514,10,2109,1.61758,0.153399
1776812886215416832,1.47473,-0.130859,0.303205,0.0225391,1.52463,1.46813,10,2109,1.61758,0.153368
1776812886220377027,1.47473,-0.117188,0.303205,0.0361803,1.52463,1.46813,10,2110,1.61835,0.153429
1776812886225553782,1.47352,-0.117188,0.302769,0.0362417,1.43578,1.46882,10,2110,1.61835,0
1776812886230448092,1.47352,-0.09375,0.302769,-0.09375,1.43578,1.46882,10,2111,1.61912,0.153405
1776812886235439730,1.47249,-0.09375,0.302505,0.0596554,1.45884,1.4761,10,2111,1.61912,0
1776812886240405535,1.47249,-0.0839844,0.302505,-0.0839844,1.45884,1.4761,10,2112,1.61988,0.153399
1776812886245403376,1.47163,-0.0839844,0.302414,0.0694141,1.42288,1.47659,10,2112,1.61988,0
1776812886250421363,1.47163,-0.0761719,0.302414,-0.0761719,1.42288,1.47659,10,2113,1.62065,0.153368
1776812886255407890,1.47078,-0.0761719,0.302322,0.077196,1.45457,1.47598,10,2113,1.62065,0
1776812886260398657,1.47078,-0.0625,0.302322,-0.0625,1.45457,1.47598,10,2114,1.62142,0
1776812886265411812,1.47026,-0.0625,0.302574,0.0909599,1.39827,1.48377,10,2114,1.62142,0.15346
1776812886270373173,1.47026,-0.0507812,0.302574,0.102679,1.39827,1.48377,10,2114,1.62142,0
1776812886275388642,1.46958,-0.0507812,0.301892,-0.0507812,1.4925,1.48337,10,2114,1.62142,0
1776812886280398038,1.46958,-0.0527344,0.301892,-0.0527344,1.4925,1.48337,10,2115,1.62218,0.153429
1776812886285396934,1.46924,-0.0527344,0.30232,0.100695,1.46745,1.48025,10,2115,1.62218,0
1776812886290407477,1.46924,-0.0449219,0.30232,-0.0449219,1.46745,1.48025,10,2115,1.62218,0
1776812886295399170,1.46907,-0.0449219,0.302149,-0.0449219,1.4981,1.48369,10,2115,1.62218,0
1776812886300406529,1.46907,-0.0253906,0.302149,-0.0253906,1.4981,1.48369,10,2116,1.62295,0.153399
1776812886305410647,1.46855,-0.0253906,0.302402,0.128008,1.42202,1.49178,10,2116,1.62295,0
1776812886310418765,1.46855,-0.0253906,0.302402,-0.0253906,1.42202,1.49178,10,2116,1.62295,0
1776812886315394866,1.46839,-0.0253906,0.302234,-0.0253906,1.48756,1.49079,10,2116,1.62295,0
1776812886320365764,1.46839,-0.0078125,0.302234,-0.0078125,1.48756,1.49079,10,2116,1.62295,0
1776812886325384918,1.46804,-0.0078125,0.30189,-0.0078125,1.45216,1.49878,10,2116,1.62295,0
1776812886330408035,1.46804,-0.00195312,0.30189,-0.00195312,1.49669,1.50212,10,2116,1.62295,0
1776812886335394765,1.46839,-0.00195312,0.302234,-0.00195312,1.49669,1.50212,10,2116,1.62295,0
1776812886340405309,1.46839,0.00976562,0.302234,0.00976562,1.49669,1.50212,10,2116,1.62295,0
1776812886345403501,1.46839,0.00976562,0.302234,0.00976562,1.47648,1.51083,10,2116,1.62295,0
1776812886350426266,1.46839,0.0078125,0.302234,0.0078125,1.47648,1.51083,10,2116,1.62295,0
1776812886355410293,1.46839,0.0078125,0.302234,0.0078125,1.46414,1.50972,10,2116,1.62295,0
1776812886360415522,1.46839,0.00585938,0.302234,0.00585938,1.46414,1.50972,10,2116,1.62295,0
1776812886365400327,1.46838,0.00585938,0.302229,0.00585938,1.54898,1.50858,10,2116,1.62295,0
1776812886370417851,1.46838,0,0.302229,0,1.54898,1.50858,10,2116,1.62295,0
1776812886375423229,1.46855,0,0.302402,0,1.52926,1.50626,10,2116,1.62295,0
1776812886380406089,1.46855,-0.00195312,0.302402,-0.00195312,1.52926,1.50626,10,2116,1.62295,0
1776812886385408299,1.46838,-0.00195312,0.302229,-0.00195312,1.52427,1.50412,10,2116,1.62295,0
1776812886390398752,1.46838,-0.00390625,0.302229,-0.00390625,1.52427,1.50412,10,2116,1.62295,0
1776812886395403333,1.46838,-0.00390625,0.30223,-0.00390625,1.44351,1.50302,10,2116,1.62295,0
1776812886400398655,1.46838,-0.00585938,0.30223,-0.00585938,1.44351,1.50302,10,2116,1.62295,0
1776812886405411717,1.46855,-0.00585938,0.302402,-0.00585938,1.53436,1.5019,10,2116,1.62295,0
1776812886410403614,1.46855,-0.0136719,0.302402,-0.0136719,1.53436,1.5019,10,2116,1.62295,0
1776812886415420953,1.46839,-0.0136719,0.302233,-0.0136719,1.48324,1.49747,10,2116,1.62295,0
1776812886420382703,1.46839,-0.0078125,0.302233,-0.0078125,1.48324,1.49747,10,2116,1.62295,0
1776812886425390932,1.46839,-0.0078125,0.302234,-0.0078125,1.48337,1.50081,10,2116,1.62295,0
1776812886430396495,1.46839,-0.0078125,0.302234,-0.0078125,1.48337,1.50081,10,2116,1.62295,0
1776812886435407853,1.46821,-0.0078125,0.302061,-0.0078125,1.45627,1.49979,10,2117,1.62372,0.153429
1776812886440397620,1.46821,-0.0136719,0.302828,0.139757,1.45627,1.49979,10,2117,1.62372,0
1776812886445409127,1.46822,-0.0136719,0.30283,-0.0136719,1.49723,1.49646,10,2117,1.62372,0
1776812886450396764,1.46822,-0.015625,0.30283,-0.015625,1.49723,1.49646,10,2117,1.62372,0
1776812886455419585,1.46805,-0.015625,0.302662,-0.015625,1.51624,1.49436,10,2117,1.62372,0
1776812886460404908,1.46805,-0.00976562,0.302662,-0.00976562,1.51624,1.49436,10,2117,1.62372,0
1776812886465403508,1.46805,-0.00976562,0.302662,-0.00976562,1.51641,1.4977,10,2117,1.62372,0
1776812886470392497,1.46805,-0.00976562,0.302662,-0.00976562,1.51641,1.4977,10,2117,1.62372,0
1776812886475399633,1.46805,-0.00976562,0.303429,0.143602,1.51642,1.4977,10,2118,1.62449,0.153368
1776812886480444156,1.46805,-0.015625,0.303429,0.137743,1.51642,1.4977,10,2118,1.62449,0
1776812886485408481,1.46788,-0.015625,0.303261,-0.015625,1.48019,1.49336,10,2118,1.62449,0
1776812886490397118,1.46788,-0.0214844,0.303261,-0.0214844,1.48019,1.49336,10,2118,1.62449,0
1776812886495505378,1.46771,-0.0214844,0.30309,-0.0214844,1.44558,1.48901,10,2118,1.62449,0
1776812886500420761,1.46771,-0.0175781,0.30309,-0.0175781,1.44558,1.48901,10,2118,1.62449,0
1776812886505402251,1.46754,-0.0175781,0.302923,-0.0175781,1.57893,1.49025,10,2118,1.62449,0
1776812886510409128,1.46754,-0.0234375,0.302923,-0.0234375,1.57893,1.49025,10,2119,1.62525,0.153399
1776812886515400228,1.46737,-0.0234375,0.303519,0.129961,1.49609,1.48589,10,2119,1.62525,0
1776812886520405124,1.46737,-0.0234375,0.303519,-0.0234375,1.49609,1.48589,10,2119,1.62525,0
1776812886525406520,1.46703,-0.0234375,0.303175,-0.0234375,1.4626,1.48386,10,2119,1.62525,0
1776812886530408046,1.46703,-0.0234375,0.303175,-0.0234375,1.4626,1.48386,10,2119,1.62525,0
1776812886535397720,1.46686,-0.0234375,0.303003,-0.0234375,1.43034,1.48285,10,2119,1.62525,0
1776812886540440206,1.46686,-0.0175781,0.303003,-0.0175781,1.5311,1.48619,10,2119,1.62525,0
1776812886545401827,1.46686,-0.0175781,0.303003,-0.0175781,1.5311,1.48619,10,2119,1.62525,0
1776812886550420962,1.46686,-0.0214844,0.303003,-0.0214844,1.5311,1.48619,10,2120,1.62602,0.153337
1776812886555401286,1.46669,-0.0214844,0.303604,0.131853,1.48701,1.48298,10,2120,1.62602,0
1776812886560399571,1.46669,-0.00976562,0.303604,-0.00976562,1.48701,1.48298,10,2120,1.62602,0
1776812886565398134,1.46652,-0.00976562,0.303433,-0.00976562,1.5026,1.48864,10,2120,1.62602,0
1776812886570391475,1.46652,-0.00976562,0.303433,-0.00976562,1.5026,1.48864,10,2120,1.62602,0
1776812886575394019,1.46635,-0.00976562,0.303261,-0.00976562,1.48924,1.48762,10,2120,1.62602,0
1776812886580416858,1.46635,-0.00390625,0.303261,-0.00390625,1.48924,1.48762,10,2120,1.62602,0
1776812886585392200,1.46635,-0.00390625,0.303262,-0.00390625,1.48916,1.49097,10,2120,1.62602,0
1776812886590405021,1.46635,-0.00390625,0.303262,-0.00390625,1.48916,1.49097,10,2120,1.62602,0
1776812886595398769,1.46617,-0.00390625,0.303089,-0.00390625,1.53781,1.48995,10,2120,1.62602,0
1776812886600400777,1.46617,-0.0136719,0.303089,-0.0136719,1.53781,1.48995,10,2120,1.62602,0
1776812886605398839,1.46618,-0.0136719,0.303091,-0.0136719,1.55005,1.48439,10,2120,1.62602,0
1776812886610409531,1.46618,-0.0136719,0.303091,-0.0136719,1.55005,1.48439,10,2121,1.62679,0.153429
1776812886615402391,1.46617,-0.0136719,0.303856,-0.0136719,1.47427,1.48439,10,2121,1.62679,0
1776812886620374288,1.46617,-0.0292969,0.303856,-0.0292969,1.47427,1.48439,10,2121,1.62679,0
1776812886625399813,1.46583,-0.0292969,0.303514,-0.0292969,1.5409,1.47345,10,2121,1.62679,0
1776812886630402264,1.46583,-0.0410156,0.303514,-0.0410156,1.5409,1.47345,10,2122,1.62755,0
1776812886635417344,1.46549,-0.0410156,0.303939,-0.0410156,1.44744,1.46474,10,2122,1.62755,0.15346
1776812886640403093,1.46549,-0.0507812,0.303939,0.102679,1.44744,1.46474,10,2122,1.62755,0
1776812886645483040,1.46532,-0.0507812,0.303768,-0.0507812,1.48954,1.45816,10,2123,1.62832,0.153368
1776812886650410441,1.46532,-0.0703125,0.304535,0.0830553,1.48954,1.45816,10,2124,1.62909,0
1776812886655410633,1.46463,-0.0703125,0.304617,-0.0703125,1.50684,1.44298,10,2124,1.62909,0.153337
1776812886660402215,1.46463,-0.113281,0.304617,0.0400559,1.50684,1.44298,10,2125,1.62985,0.153429
1776812886665422961,1.46327,-0.113281,0.304016,0.0401479,1.42876,1.41038,10,2126,1.63062,0.153368
1776812886670386860,1.46327,-0.125,0.304783,0.0283678,1.42876,1.41038,10,2127,1.63139,0
1776812886675393533,1.46258,-0.125,0.304867,-0.125,1.4188,1.39965,10,2128,1.63216,0.153368
1776812886680498664,1.46258,-0.150391,0.305634,0.00297721,1.4188,1.39965,10,2129,1.63292,0.15346
1776812886685428638,1.46258,-0.150391,0.306401,0.00306928,1.47616,1.38518,10,2130,1.63369,0.153368
1776812886690420590,1.46087,-0.150391,0.305456,0.00297721,1.47616,1.38518,10,2131,1.63446,0.153399
1776812886695418061,1.46087,-0.162109,0.306223,-0.00871086,1.40567,1.36835,10,2132,1.63522,0.153399
1776812886700402161,1.45916,-0.162109,0.305283,-0.00871086,1.40567,1.36835,10,2133,1.63599,0.306797
1776812886705401335,1.45916,-0.191406,0.30605,0.115391,1.43385,1.34153,10,2135,1.63752,0.153429
1776812886710409064,1.45763,-0.191406,0.30605,-0.0379771,1.43385,1.34153,10,2136,1.63829,0.306736
1776812886715403312,1.45763,-0.228516,0.306817,0.07822,1.35047,1.31127,10,2138,1.63983,0.153399
1776812886720390857,1.45542,-0.228516,0.306138,-0.0751171,1.35047,1.31127,10,2139,1.64059,0.306797
1776812886725386828,1.45542,-0.248047,0.306905,0.0587502,1.36571,1.28699,10,2141,1.64213,0.153399
1776812886730406315,1.45303,-0.248047,0.306054,-0.0946484,1.36571,1.28699,10,2143,1.64366,0.306858
1776812886735479725,1.45303,-0.267578,0.307588,0.0392803,1.34298,1.26168,10,2145,1.64519,0.306797
1776812886740445531,1.45048,-0.267578,0.306573,0.0392189,1.34298,1.26168,10,2146,1.64596,0.306736
1776812886745424614,1.45048,-0.277344,0.30734,0.0293919,1.32035,1.24095,10,2148,1.6475,0.153429
1776812886750396604,1.44777,-0.277344,0.30616,-0.123915,1.32035,1.24095,10,2150,1.64903,0.306797
1776812886755396519,1.44777,-0.289062,0.307694,0.0177345,1.32275,1.21811,10,2152,1.65056,0.306736
1776812886760419062,1.44523,-0.289062,0.307457,-0.135633,1.18182,1.20298,10,2154,1.6521,0.153429
1776812886765414699,1.44523,-0.300781,0.308224,-0.147352,1.18182,1.20298,10,2155,1.65286,0.306736
1776812886770413391,1.44236,-0.300781,0.306118,0.00595441,1.18182,1.20298,10,2157,1.6544,0.306797
1776812886775399492,1.44236,-0.263672,0.307652,0.0431252,1.21698,1.20031,10,2158,1.65517,0.153368
1776812886780404813,1.43796,-0.263672,0.304024,-0.110304,1.21698,1.20031,10,2159,1.65593,0.306797
1776812886785403617,1.43796,-0.236328,0.304791,0.0704689,1.16881,1.18965,10,2161,1.65747,0.153399
1776812886790409087,1.43678,-0.236328,0.305144,-0.0829296,1.16881,1.18965,10,2161,1.65747,0.153399
1776812886795408427,1.43678,-0.179688,0.305144,-0.026289,1.22437,1.21487,10,2162,1.65823,0.153399
1776812886800413749,1.43476,-0.179688,0.303889,-0.026289,1.22437,1.21487,10,2163,1.659,0.153429
1776812886805414775,1.43476,-0.126953,0.304656,0.0264761,1.24796,1.23283,10,2164,1.65977,0
1776812886810403209,1.43307,-0.126953,0.303735,-0.126953,1.24796,1.23283,10,2164,1.65977,0.153368
1776812886815406975,1.43307,-0.0859375,0.303735,0.0674303,1.2211,1.24611,10,2164,1.65977,0
1776812886820387668,1.43156,-0.0859375,0.302221,-0.0859375,1.2211,1.24611,10,2165,1.66053,0.153405
1776812886825420859,1.43156,-0.0722656,0.302988,-0.0722656,1.20007,1.24483,10,2165,1.66053,0
1776812886830406478,1.43139,-0.0722656,0.302819,-0.0722656,1.20007,1.24483,10,2165,1.66053,0
1776812886835414911,1.43139,-0.0253906,0.302819,-0.0253906,1.18411,1.27054,10,2165,1.66053,0
1776812886840361773,1.43072,-0.0253906,0.302151,-0.0253906,1.18411,1.27054,10,2166,1.6613,0.153368
1776812886845360817,1.43072,-0.0078125,0.302918,0.145555,1.21636,1.27656,10,2166,1.6613,0
1776812886850357714,1.43055,-0.0078125,0.302746,-0.0078125,1.21636,1.27656,10,2166,1.6613,0
1776812886855362369,1.43055,0.0136719,0.302746,0.0136719,1.30053,1.28777,10,2166,1.6613,0
1776812886860345229,1.43072,0.0136719,0.302918,0.0136719,1.30053,1.28777,10,2166,1.6613,0
1776812886865355791,1.43072,0.0136719,0.302918,0.0136719,1.26492,1.2888,10,2166,1.6613,0
1776812886870336984,1.43072,0.0136719,0.302914,0.0136719,1.26492,1.2888,10,2166,1.6613,0
1776812886875347343,1.43072,0,0.302914,0,1.28485,1.28098,10,2166,1.6613,0
1776812886880379570,1.43089,0,0.30309,0,1.28485,1.28098,10,2166,1.6613,0
1776812886885399447,1.43089,0.00195312,0.30309,0.00195312,1.26597,1.28315,10,2166,1.6613,0
1776812886890396343,1.43089,0.00195312,0.30309,0.00195312,1.26597,1.28315,10,2166,1.6613,0
1776812886895428607,1.43089,-0.00195312,0.30309,-0.00195312,1.28162,1.28093,10,2166,1.6613,0
1776812886900407338,1.43106,-0.00195312,0.303254,-0.00195312,1.26946,1.28191,10,2166,1.6613,0
1776812886905403975,1.43106,0.00195312,0.303254,0.00195312,1.26946,1.28191,10,2166,1.6613,0
1776812886910413611,1.43106,0.00195312,0.303258,0.00195312,1.26946,1.28191,10,2166,1.6613,0
1776812886915447135,1.43106,0,0.303258,0,1.24603,1.28305,10,2166,1.6613,0
1776812886920383091,1.43106,0,0.303254,0,1.24603,1.28305,10,2166,1.6613,0
1776812886925395190,1.43106,0.00585938,0.303254,0.00585938,1.12942,1.28636,10,2166,1.6613,0
1776812886930393530,1.43106,-0.00390625,0.303254,-0.00390625,1.12942,1.28636,10,2166,1.6613,0
1776812886935399982,1.43106,-0.00390625,0.303254,-0.00390625,1.29686,1.2808,10,2166,1.6613,0
1776812886940401915,1.43106,0.00390625,0.303254,0.00390625,1.29686,1.2808,10,2166,1.6613,0
1776812886945401107,1.43106,0.00390625,0.303254,0.00390625,1.49305,1.28525,10,2166,1.6613,0
1776812886950411595,1.43106,-0.00195312,0.303254,-0.00195312,1.49305,1.28525,10,2166,1.6613,0
1776812886955418120,1.43106,-0.00195312,0.303254,-0.00195312,1.26371,1.28191,10,2166,1.6613,0
1776812886960410461,1.43106,-0.00585938,0.303254,-0.00585938,1.26371,1.28191,10,2166,1.6613,0
1776812886965409858,1.43106,-0.00585938,0.303254,-0.00585938,1.30063,1.27968,10,2166,1.6613,0
1776812886970388403,1.43123,-0.00585938,0.303422,-0.00585938,1.30063,1.27968,10,2166,1.6613,0
1776812886975387873,1.43123,-0.0175781,0.303422,-0.0175781,1.3183,1.27401,10,2166,1.6613,0
1776812886980398195,1.43106,-0.0175781,0.303254,-0.0175781,1.3183,1.27401,10,2166,1.6613,0
1776812886985397258,1.43106,-0.0175781,0.303254,-0.0175781,1.3451,1.273,10,2166,1.6613,0
1776812886990459242,1.43089,-0.0175781,0.303082,-0.0175781,1.3451,1.273,10,2166,1.6613,0
1776812886995410901,1.43089,-0.0253906,0.303082,-0.0253906,1.26345,1.26752,10,2166,1.6613,0
1776812887000430296,1.43072,-0.0253906,0.302918,-0.0253906,1.26345,1.26752,10,2166,1.6613,0
1776812887005501669,1.43072,-0.0253906,0.302918,-0.0253906,1.22135,1.26654,10,2167,1.66207,0.153399
1776812887010438107,1.43039,-0.0253906,0.303349,0.128008,1.22135,1.26654,10,2167,1.66207,0
1776812887015409431,1.43039,-0.0136719,0.303349,-0.0136719,1.28125,1.2712,10,2167,1.66207,0
1776812887020394811,1.43022,-0.0136719,0.303181,-0.0136719,1.28125,1.2712,10,2167,1.66207,0
1776812887025391485,1.43022,-0.0136719,0.303181,-0.0136719,1.33769,1.27019,10,2167,1.66207,0
1776812887030400326,1.43005,-0.0136719,0.303013,-0.0136719,1.33769,1.27019,10,2167,1.66207,0
1776812887035404926,1.43005,-0.00976562,0.303013,-0.00976562,1.26958,1.27141,10,2167,1.66207,0
1776812887040403508,1.43022,-0.00976562,0.303181,-0.00976562,1.30222,1.27242,10,2167,1.66207,0
1776812887045406571,1.43022,-0.0136719,0.303181,-0.0136719,1.30222,1.27242,10,2167,1.66207,0
1776812887050399339,1.43005,-0.0136719,0.303009,-0.0136719,1.30222,1.27242,10,2167,1.66207,0
1776812887055407494,1.43005,-0.0136719,0.303009,-0.0136719,1.24857,1.26916,10,2167,1.66207,0
1776812887060399891,1.42988,-0.0136719,0.302841,-0.0136719,1.24857,1.26916,10,2167,1.66207,0
1776812887065417009,1.42988,-0.0136719,0.302841,-0.0136719,1.23746,1.26815,10,2168,1.66284,0.153337
1776812887070380204,1.42988,-0.0136719,0.303611,0.139665,1.23746,1.26815,10,2168,1.66284,0
1776812887075410507,1.42988,-0.0175781,0.303611,-0.0175781,1.21434,1.26595,10,2168,1.66284,0
1776812887080478492,1.42971,-0.0175781,0.303444,-0.0175781,1.21434,1.26595,10,2168,1.66284,0
1776812887085426095,1.42971,-0.0136719,0.303444,-0.0136719,1.42692,1.26717,10,2168,1.66284,0
1776812887090464619,1.42954,-0.0136719,0.303272,-0.0136719,1.42692,1.26717,10,2168,1.66284,0
1776812887095475497,1.42954,-0.0117188,0.303272,-0.0117188,1.22661,1.26725,10,2168,1.66284,0
1776812887100417249,1.42937,-0.0117188,0.303104,-0.0117188,1.22661,1.26725,10,2168,1.66284,0
1776812887105442515,1.42937,-0.0117188,0.303104,-0.0117188,1.28612,1.26624,10,2168,1.66284,0
1776812887110407080,1.42937,-0.0117188,0.303104,-0.0117188,1.18519,1.26624,10,2168,1.66284,0
1776812887115409458,1.42937,-0.0136719,0.303104,-0.0136719,1.18519,1.26624,10,2168,1.66284,0
1776812887120379486,1.42938,-0.0136719,0.303108,-0.0136719,1.18519,1.26624,10,2169,1.6636,0.153368
1776812887125394104,1.42938,-0.00976562,0.303875,0.143602,1.19321,1.26738,10,2169,1.6636,0
1776812887130409334,1.42921,-0.00976562,0.303707,-0.00976562,1.19321,1.26738,10,2169,1.6636,0
1776812887135389528,1.42921,-0.015625,0.303707,-0.015625,1.35277,1.26304,10,2169,1.6636,0
1776812887140412608,1.42904,-0.015625,0.303539,-0.015625,1.35277,1.26304,10,2169,1.6636,0
1776812887145402783,1.42904,-0.0175781,0.303539,-0.0175781,1.13285,1.26092,10,2169,1.6636,0
1776812887150404532,1.42887,-0.0175781,0.303371,-0.0175781,1.13285,1.26092,10,2169,1.6636,0
1776812887155399521,1.42887,-0.0175781,0.303371,-0.0175781,1.32128,1.25991,10,2169,1.6636,0
1776812887160409621,1.4287,-0.0175781,0.303198,-0.0175781,1.32128,1.25991,10,2169,1.6636,0
1776812887165424980,1.4287,-0.015625,0.303198,-0.015625,1.32288,1.25999,10,2169,1.6636,0
1776812887170391749,1.42853,-0.015625,0.303031,-0.015625,1.32288,1.25999,10,2170,1.66437,0
1776812887175404497,1.42853,-0.015625,0.303798,-0.015625,1.31781,1.25898,10,2170,1.66437,0.15346
1776812887180416967,1.42853,-0.015625,0.303797,-0.015625,1.31931,1.25898,10,2170,1.66437,0
1776812887185413253,1.42853,-0.00585938,0.303797,-0.00585938,1.31931,1.25898,10,2170,1.66437,0
1776812887190401817,1.42854,-0.00585938,0.303802,-0.00585938,1.31931,1.25898,10,2170,1.66437,0
1776812887195399306,1.42854,-0.0117188,0.303802,-0.0117188,1.10373,1.26123,10,2170,1.66437,0
1776812887200396647,1.42836,-0.0117188,0.303625,-0.0117188,1.10373,1.26123,10,2170,1.66437,0
1776812887205399766,1.42836,-0.0136719,0.303625,-0.0136719,1.35018,1.25906,10,2170,1.66437,0
1776812887210397682,1.42819,-0.0136719,0.303458,-0.0136719,1.35018,1.25906,10,2170,1.66437,0
1776812887215396949,1.42819,-0.00585938,0.303458,-0.00585938,1.18467,1.26251,10,2170,1.66437,0
1776812887220416659,1.42819,-0.00585938,0.303458,-0.00585938,1.18467,1.26251,10,2170,1.66437,0
1776812887225405297,1.42819,-0.0195312,0.303458,-0.0195312,1.31308,1.25472,10,2170,1.66437,0
1776812887230442951,1.42803,-0.0195312,0.303294,-0.0195312,1.31308,1.25472,10,2171,1.66514,0
1776812887235436663,1.42803,-0.0214844,0.304061,-0.0214844,1.12685,1.25262,10,2171,1.66514,0.153399
1776812887240439818,1.42787,-0.0214844,0.303897,0.131914,1.12685,1.25262,10,2171,1.66514,0
1776812887245412846,1.42787,-0.0253906,0.303897,-0.0253906,1.30755,1.24941,10,2171,1.66514,0
1776812887250403392,1.42787,-0.0253906,0.303897,-0.0253906,1.30755,1.24941,10,2171,1.66514,0
1776812887255403418,1.42769,-0.0253906,0.303725,-0.0253906,1.05717,1.24838,10,2171,1.66514,0
1776812887260400445,1.42769,-0.0273438,0.303725,-0.0273438,1.05717,1.24838,10,2172,1.6659,0.153399
1776812887265414526,1.42736,-0.0273438,0.304156,0.126055,1.22431,1.24525,10,2172,1.6659,0
1776812887270388387,1.42736,-0.0332031,0.304156,-0.0332031,1.22431,1.24525,10,2172,1.6659,0
1776812887275391006,1.42719,-0.0332031,0.303989,-0.0332031,1.25216,1.2409,10,2172,1.6659,0
1776812887280396421,1.42719,-0.0371094,0.303989,-0.0371094,1.25216,1.2409,10,2173,1.66667,0
1776812887285416001,1.42668,-0.0371094,0.304248,-0.0371094,1.20368,1.23563,10,2173,1.66667,0.15346
1776812887290410084,1.42668,-0.03125,0.304248,0.12221,1.20368,1.23563,10,2173,1.66667,0
1776812887295415702,1.42635,-0.03125,0.303913,-0.03125,1.237,1.23696,10,2173,1.66667,0
1776812887300397915,1.42635,-0.0273438,0.303913,-0.0273438,1.237,1.23696,10,2173,1.66667,0
1776812887305397867,1.42601,-0.0273438,0.303577,-0.0273438,1.18632,1.23717,10,2174,1.66744,0
1776812887310391598,1.42601,-0.0253906,0.304344,-0.0253906,1.18632,1.23717,10,2174,1.66744,0.153399
1776812887315396975,1.42584,-0.0253906,0.304177,0.128008,1.1305,1.23728,10,2174,1.66744,0
1776812887320372688,1.42584,-0.0332031,0.304177,-0.0332031,1.1305,1.23728,10,2174,1.66744,0
1776812887325396324,1.42584,-0.0332031,0.304177,-0.0332031,1.21565,1.23283,10,2174,1.66744,0
1776812887330394518,1.42567,-0.0332031,0.304005,-0.0332031,1.21565,1.23283,10,2174,1.66744,0
1776812887335394933,1.42567,-0.0332031,0.304005,-0.0332031,1.19991,1.2318,10,2175,1.6682,0
1776812887340401422,1.42517,-0.0332031,0.304269,-0.0332031,1.19991,1.2318,10,2175,1.6682,0.153399
1776812887345411873,1.42517,-0.03125,0.304269,0.122149,1.21485,1.22989,10,2175,1.6682,0
1776812887350413418,1.425,-0.03125,0.304102,-0.03125,1.21485,1.22989,10,2175,1.6682,0
1776812887355397205,1.425,-0.0292969,0.304102,-0.0292969,1.27019,1.23,10,2175,1.6682,0
1776812887360399453,1.4245,-0.0292969,0.303598,-0.0292969,1.27019,1.23,10,2175,1.6682,0
1776812887365399442,1.4245,-0.0292969,0.303598,-0.0292969,1.18369,1.22697,10,2176,1.66897,0.153368
1776812887370385396,1.42433,-0.0292969,0.304198,0.124071,1.18369,1.22697,10,2176,1.66897,0
1776812887375456177,1.42433,-0.03125,0.304198,-0.03125,1.15013,1.22485,10,2176,1.66897,0
1776812887380427964,1.424,-0.03125,0.303863,-0.03125,1.15013,1.22485,10,2176,1.66897,0
1776812887385402473,1.424,-0.0292969,0.303863,-0.0292969,1.20294,1.22396,10,2176,1.66897,0
1776812887390422999,1.42383,-0.0292969,0.303695,-0.0292969,1.20294,1.22396,10,2177,1.66974,0.153368
1776812887395412544,1.42383,-0.0332031,0.304462,0.120165,1.31624,1.22072,10,2177,1.66974,0
1776812887400420644,1.42383,-0.0332031,0.304462,-0.0332031,1.31624,1.22072,10,2177,1.66974,0
1776812887405413708,1.42349,-0.0332031,0.304127,-0.0332031,1.23302,1.21871,10,2177,1.66974,0
1776812887410414716,1.42349,-0.0332031,0.304127,-0.0332031,1.23302,1.21871,10,2177,1.66974,0
1776812887415404168,1.42316,-0.0332031,0.303788,-0.0332031,1.16744,1.21667,10,2177,1.66974,0
1776812887420382955,1.42316,-0.0234375,0.303788,-0.0234375,1.16744,1.21667,10,2178,1.67051,0.15346
1776812887425397018,1.42282,-0.0234375,0.304225,0.130022,1.28594,1.22025,10,2178,1.67051,0
1776812887430394267,1.42282,-0.0136719,0.304225,-0.0136719,1.28594,1.22025,10,2178,1.67051,0
1776812887435403070,1.42266,-0.0136719,0.304057,-0.0136719,1.18489,1.22481,10,2178,1.67051,0
1776812887440399356,1.42266,-0.00976562,0.304057,-0.00976562,1.18489,1.22481,10,2178,1.67051,0
1776812887445422881,1.42249,-0.00976562,0.30389,-0.00976562,1.26855,1.22603,10,2178,1.67051,0
1776812887450401372,1.42249,-0.00585938,0.30389,-0.00585938,1.26855,1.22603,10,2178,1.67051,0
1776812887455405138,1.42249,-0.00585938,0.30389,-0.00585938,1.20731,1.22826,10,2178,1.67051,0
1776812887460412368,1.42249,-0.00195312,0.30389,-0.00195312,1.20731,1.22826,10,2178,1.67051,0
1776812887465402636,1.42232,-0.00195312,0.303717,-0.00195312,1.20717,1.22945,10,2178,1.67051,0
1776812887470388644,1.42232,-0.00390625,0.303717,-0.00390625,1.20717,1.22945,10,2178,1.67051,0
1776812887475391967,1.42232,-0.00390625,0.303717,-0.00390625,1.18401,1.22834,10,2178,1.67051,0
1776812887480391771,1.42249,-0.00390625,0.30389,-0.00390625,1.18401,1.22834,10,2178,1.67051,0
1776812887485400278,1.42249,0,0.30389,0,1.30128,1.2316,10,2178,1.67051,0
1776812887490413730,1.42249,0,0.30389,0,1.30128,1.2316,10,2178,1.67051,0
1776812887495430255,1.42249,-0.00195312,0.30389,-0.00195312,1.22163,1.23049,10,2178,1.67051,0
1776812887500408375,1.42249,-0.00195312,0.303894,-0.00195312,1.22163,1.23049,10,2178,1.67051,0
1776812887505398124,1.42249,-0.00585938,0.303894,-0.00585938,1.2081,1.22828,10,2178,1.67051,0
1776812887510394540,1.42249,-0.00585938,0.30389,-0.00585938,1.2081,1.22828,10,2178,1.67051,0
1776812887515401084,1.42249,-0.00390625,0.30389,-0.00390625,1.27355,1.22937,10,2178,1.67051,0
1776812887520473051,1.42249,-0.00390625,0.30389,-0.00390625,1.27355,1.22937,10,2178,1.67051,0
1776812887525499279,1.42249,0.00195312,0.30389,0.00195312,1.26826,1.23271,10,2178,1.67051,0
1776812887530508749,1.42249,0.00195312,0.30389,0.00195312,1.26826,1.23271,10,2178,1.67051,0
1776812887535448520,1.42249,0.00390625,0.30389,0.00390625,1.20212,1.23383,10,2178,1.67051,0
1776812887540440862,1.42249,0.00390625,0.303894,0.00390625,1.20212,1.23383,10,2178,1.67051,0
1776812887545423315,1.42249,0.00390625,0.303894,0.00390625,1.32558,1.23385,10,2178,1.67051,0
1776812887550419545,1.42249,0.00390625,0.303894,0.00390625,1.32558,1.23385,10,2178,1.67051,0
1776812887555423201,1.42266,0.00390625,0.304061,0.00390625,1.23486,1.23486,10,2178,1.67051,0
1776812887560413228,1.42266,-0.00390625,0.304061,-0.00390625,1.23486,1.23486,10,2178,1.67051,0
1776812887565404533,1.42265,-0.00390625,0.304052,-0.00390625,1.20834,1.23035,10,2178,1.67051,0
1776812887570414299,1.42265,-0.00585938,0.304052,-0.00585938,1.20834,1.23035,10,2178,1.67051,0
1776812887575398382,1.42266,-0.00585938,0.304057,-0.00585938,1.20838,1.22927,10,2178,1.67051,0
1776812887580408704,1.42266,-0.00195312,0.304057,-0.00195312,1.20838,1.22927,10,2178,1.67051,0
1776812887585398175,1.42266,-0.00195312,0.304057,-0.00195312,1.27363,1.23149,10,2178,1.67051,0
1776812887590413627,1.42266,-0.00976562,0.304057,-0.00976562,1.27363,1.23149,10,2178,1.67051,0
1776812887595406654,1.42248,-0.00976562,0.303885,-0.00976562,1.22831,1.226,10,2178,1.67051,0
1776812887600419272,1.42248,-0.0078125,0.303885,-0.0078125,1.22831,1.226,10,2179,1.67127,0
1776812887605402151,1.42249,-0.0078125,0.304657,-0.0078125,1.24073,1.22715,10,2179,1.67127,0.153399
1776812887610465951,1.42249,-0.0078125,0.304657,0.145586,1.24073,1.22715,10,2179,1.67127,0
1776812887615436590,1.42232,-0.0078125,0.304484,-0.0078125,1.26067,1.22611,10,2179,1.67127,0
1776812887620386194,1.42232,-0.00976562,0.304484,-0.00976562,1.26067,1.22611,10,2179,1.67127,0
1776812887625394683,1.42232,-0.00976562,0.304484,-0.00976562,1.31135,1.225,10,2179,1.67127,0
1776812887630402134,1.42249,-0.00976562,0.304657,-0.00976562,1.31135,1.225,10,2179,1.67127,0
1776812887635437011,1.42249,-0.015625,0.304657,-0.015625,1.22704,1.22269,10,2179,1.67127,0
1776812887640414446,1.42232,-0.015625,0.304484,-0.015625,1.22704,1.22269,10,2179,1.67127,0
1776812887645428749,1.42232,-0.0195312,0.304484,-0.0195312,1.26831,1.21943,10,2179,1.67127,0
1776812887650406647,1.42198,-0.0195312,0.30415,-0.0195312,1.26831,1.21943,10,2180,1.67204,0.153368
1776812887655424783,1.42198,-0.0273438,0.304917,0.126024,1.16033,1.21297,10,2180,1.67204,0
1776812887660405459,1.42199,-0.0273438,0.304922,-0.0273438,1.16033,1.21297,10,2180,1.67204,0
1776812887665411596,1.42199,-0.03125,0.304922,-0.03125,1.1599,1.21077,10,2180,1.67204,0
1776812887670390105,1.42148,-0.03125,0.304415,-0.03125,1.1599,1.21077,10,2181,1.67281,0.153399
1776812887675416000,1.42148,-0.0371094,0.305182,0.116289,1.17654,1.20438,10,2181,1.67281,0
1776812887680402398,1.42131,-0.0371094,0.305015,-0.0371094,1.17654,1.20438,10,2181,1.67281,0
1776812887685416479,1.42131,-0.0488281,0.305015,-0.0488281,1.16807,1.1967,10,2182,1.67357,0.153399
1776812887690406709,1.42065,-0.0488281,0.305117,0.10457,1.16807,1.1967,10,2182,1.67357,0
1776812887695431549,1.42065,-0.0566406,0.305117,-0.0566406,1.30837,1.18825,10,2183,1.67434,0
1776812887700407984,1.42065,-0.0566406,0.305884,-0.0566406,1.30837,1.18825,10,2183,1.67434,0.153337
1776812887705417677,1.42065,-0.0566406,0.305884,0.0966966,1.06845,1.18825,10,2184,1.67511,0
1776812887710411592,1.42065,-0.0839844,0.306651,-0.0839844,1.06845,1.18825,10,2184,1.67511,0.153429
1776812887715402508,1.41914,-0.0839844,0.305141,0.0694448,1.01192,1.16358,10,2185,1.67587,0.153399
1776812887720383628,1.41914,-0.105469,0.305908,0.0479298,1.01192,1.16358,10,2186,1.67664,0.153429
1776812887725393043,1.41814,-0.105469,0.305677,0.0479604,1.26562,1.14533,10,2187,1.67741,0.153368
1776812887730395328,1.41814,-0.132812,0.306444,0.0205553,1.26562,1.14533,10,2188,1.67817,0
1776812887735402558,1.41697,-0.132812,0.306038,-0.132812,1.22628,1.12268,10,2189,1.67894,0.153337
1776812887740419417,1.41697,-0.150391,0.306805,0.00294656,1.22628,1.12268,10,2190,1.67971,0.15346
1776812887745446497,1.41564,-0.150391,0.306241,0.00306928,1.1867,1.10464,10,2191,1.68048,0.153368
1776812887750402415,1.41564,-0.15625,0.307008,-0.00288217,1.1867,1.10464,10,2192,1.68124,0.153368
1776812887755420570,1.41397,-0.15625,0.306107,-0.00288217,1.10676,1.09125,10,2193,1.68201,0.30692
1776812887760414800,1.41397,-0.167969,0.306874,0.138951,1.10676,1.09125,10,2194,1.68278,0.153399
1776812887765422918,1.4123,-0.167969,0.30597,-0.0145702,1.08574,1.07449,10,2195,1.68354,0.153368
1776812887770392780,1.4123,-0.183594,0.306737,-0.0302259,1.08574,1.07449,10,2196,1.68431,0.153399
1776812887775402195,1.4123,-0.183594,0.307504,-0.0301952,1.06828,1.06559,10,2198,1.68584,0.153399
1776812887780432330,1.4108,-0.183594,0.30754,-0.0301952,1.06828,1.06559,10,2199,1.68661,0.153429
1776812887785407580,1.4108,-0.183594,0.308307,-0.0301646,1.0264,1.05655,10,2200,1.68738,0.153399
1776812887790407866,1.40797,-0.183594,0.306243,-0.0301952,1.0264,1.05655,10,2201,1.68815,0.306736
1776812887795402874,1.40797,-0.1875,0.30701,0.119236,0.996234,1.03723,10,2202,1.68891,0.153399
1776812887800401234,1.40714,-0.1875,0.306951,-0.0341015,0.996234,1.03723,10,2203,1.68968,0.153429
1776812887805400742,1.40714,-0.185547,0.307718,-0.0321177,0.991346,1.03336,10,2205,1.69121,0.153399
1776812887810410341,1.40432,-0.185547,0.306426,-0.0321484,0.991346,1.03336,10,2206,1.69198,0.153337
1776812887815405479,1.40432,-0.183594,0.307193,-0.0302566,1.0552,1.01739,10,2207,1.69275,0.153429
1776812887820399543,1.40331,-0.183594,0.306953,-0.0301646,1.0552,1.01739,10,2208,1.69351,0.153368
1776812887825389588,1.40331,-0.175781,0.30772,-0.0224134,1.02369,1.01575,10,2209,1.69428,0.153429
1776812887830408354,1.40149,-0.175781,0.306665,-0.0223521,1.02369,1.01575,10,2210,1.69505,0.153399
1776812887835402788,1.40149,-0.152344,0.307432,0.00105476,1.04089,1.01808,10,2211,1.69582,0.153429
1776812887840399000,1.399,-0.152344,0.305707,0.00108545,1.04089,1.01808,10,2212,1.69658,0.153368
1776812887845401471,1.399,-0.146484,0.306474,0.00688346,0.994844,1.00633,10,2213,1.69735,0.153429
1776812887850409534,1.399,-0.146484,0.307241,0.00694482,0.994844,1.00633,10,2214,1.69812,0.153399
1776812887855397968,1.3985,-0.146484,0.307513,0.00691414,1.03904,1.00333,10,2215,1.69888,0.153399
1776812887860405216,1.3985,-0.160156,0.30828,-0.00675774,1.03904,1.00333,10,2216,1.69965,0.153368
1776812887865404706,1.39535,-0.160156,0.3059,-0.00678842,1.05191,0.976457,10,2216,1.69965,0.153399
1776812887870393973,1.39535,-0.134766,0.3059,0.0186329,1.05191,0.976457,10,2217,1.70042,0.153399
1776812887875402481,1.39387,-0.134766,0.30518,0.0186329,1.02413,0.981906,10,2217,1.70042,0
1776812887880409210,1.39387,-0.0878906,0.30518,-0.0878906,1.02413,0.981906,10,2218,1.70118,0
1776812887885405755,1.3927,-0.0878906,0.304782,-0.0878906,1.00606,1.00155,10,2218,1.70118,0.153399
1776812887890423984,1.3927,-0.0292969,0.304782,0.124102,1.00606,1.00155,10,2218,1.70118,0
1776812887895411456,1.3922,-0.0292969,0.30428,-0.0292969,1.03326,1.0319,10,2218,1.70118,0
1776812887900402946,1.3922,0.015625,0.30428,0.015625,1.03326,1.0319,10,2218,1.70118,0
1776812887905398157,1.3922,0.015625,0.304283,0.015625,1.0333,1.05753,10,2218,1.70118,0
1776812887910404961,1.3922,0.0410156,0.304283,0.0410156,1.0333,1.05753,10,2218,1.70118,0
1776812887915397340,1.39254,0.0410156,0.304617,0.0410156,0.979972,1.07402,10,2218,1.70118,0
1776812887920372719,1.39254,0.0507812,0.304617,0.0507812,0.979972,1.07402,10,2218,1.70118,0
1776812887925390819,1.39254,0.0507812,0.304617,0.0507812,1.05795,1.07959,10,2218,1.70118,0
1776812887930410325,1.39304,0.0507812,0.305115,0.0507812,1.05795,1.07959,10,2218,1.70118,0
1776812887935411278,1.39304,0.0292969,0.305115,0.0292969,1.05755,1.07037,10,2218,1.70118,0
1776812887940407434,1.3937,0.0292969,0.305778,0.0292969,1.05755,1.07037,10,2218,1.70118,0
1776812887945409904,1.3937,0.0214844,0.305778,0.0214844,1.07141,1.06994,10,2218,1.70118,0
1776812887950400487,1.39387,0.0214844,0.305954,0.0214844,1.07141,1.06994,10,2218,1.70118,0
1776812887955488397,1.39387,-0.0117188,0.305954,-0.0117188,1.05278,1.05209,10,2218,1.70118,0
1776812887960426279,1.39386,-0.0117188,0.305943,-0.0117188,1.05278,1.05209,10,2218,1.70118,0
1776812887965445989,1.39386,-0.0117188,0.305943,-0.0117188,1.07138,1.05202,10,2218,1.70118,0
1776812887970467496,1.39386,-0.0117188,0.305943,-0.0117188,1.07138,1.05202,10,2218,1.70118,0
1776812887975419284,1.39386,-0.00195312,0.305943,-0.00195312,1.04521,1.05758,10,2218,1.70118,0
1776812887980431310,1.3937,-0.00195312,0.305782,-0.00195312,1.04521,1.05758,10,2218,1.70118,0
1776812887985411504,1.3937,0.00390625,0.305782,0.00390625,1.13052,1.05995,10,2218,1.70118,0
1776812887990408493,1.3937,0.00390625,0.305782,0.00390625,1.13052,1.05995,10,2218,1.70118,0
1776812887995410334,1.3937,0.0175781,0.305782,0.0175781,1.00039,1.06774,10,2218,1.70118,0
1776812888000430378,1.3937,0.0175781,0.305782,0.0175781,1.00039,1.06774,10,2218,1.70118,0
1776812888005413832,1.39403,0.0175781,0.306112,0.0175781,1.10427,1.06974,10,2218,1.70118,0
1776812888010411433,1.39403,0.0117188,0.306112,0.0117188,1.10427,1.06974,10,2218,1.70118,0
1776812888015413534,1.39436,0.0117188,0.306444,0.0117188,1.13713,1.06842,10,2218,1.70118,0
1776812888020378563,1.39436,0.00976562,0.306444,0.00976562,1.13713,1.06842,10,2218,1.70118,0
1776812888025388571,1.39436,0.00976562,0.306437,0.00976562,1.00623,1.06726,10,2218,1.70118,0
1776812888030399690,1.39436,-0.00585938,0.306437,-0.00585938,1.00623,1.06726,10,2218,1.70118,0
1776812888035532135,1.39436,-0.00585938,0.306437,-0.00585938,1.01733,1.05836,10,2218,1.70118,0
1776812888040438686,1.39436,-0.00585938,0.306437,-0.00585938,1.01733,1.05836,10,2218,1.70118,0
1776812888045408233,1.39436,-0.00585938,0.306437,-0.00585938,1.0452,1.05836,10,2218,1.70118,0
1776812888050401057,1.39436,0,0.306437,0,1.0452,1.05836,10,2218,1.70118,0
1776812888055402658,1.39419,0,0.306272,0,1.07746,1.0607,10,2218,1.70118,0
1776812888060401907,1.39419,-0.00195312,0.306272,-0.00195312,1.07746,1.0607,10,2218,1.70118,0
1776812888065398638,1.39419,-0.00195312,0.306272,-0.00195312,1.05817,1.05958,10,2218,1.70118,0
1776812888070384480,1.39419,0.0078125,0.306272,0.0078125,1.05817,1.05958,10,2218,1.70118,0
1776812888075386341,1.39419,0.0078125,0.306272,0.0078125,1.05812,1.06515,10,2218,1.70118,0
1776812888080401181,1.39453,0.0078125,0.306609,0.0078125,1.05812,1.06515,10,2218,1.70118,0
1776812888085390635,1.39453,0.0195312,0.306609,0.0195312,1.10454,1.07387,10,2218,1.70118,0
1776812888090404013,1.39469,0.0195312,0.306767,0.0195312,1.10454,1.07387,10,2218,1.70118,0
1776812888095407966,1.39469,0.0214844,0.306767,0.0214844,1.12338,1.07594,10,2218,1.70118,0
1776812888100409011,1.39486,0.0214844,0.306939,0.0214844,1.12338,1.07594,10,2218,1.70118,0
1776812888105397205,1.39486,0.0195312,0.306939,0.0195312,1.10976,1.07587,10,2218,1.70118,0
1776812888110401084,1.39519,0.0195312,0.307273,0.0195312,1.10976,1.07587,10,2217,1.70042,-0.153399
1776812888115398111,1.39519,0.0273438,0.306506,-0.126055,1.04888,1.08236,10,2217,1.70042,0
1776812888120386361,1.39519,0.0273438,0.306506,0.0273438,1.04888,1.08236,10,2217,1.70042,0
1776812888125387999,1.39519,0.03125,0.306506,0.03125,1.1373,1.08458,10,2217,1.70042,0
1776812888130397562,1.39568,0.03125,0.306997,0.03125,1.1373,1.08458,10,2217,1.70042,0
1776812888135396589,1.39568,0.0292969,0.306997,0.0292969,1.04139,1.08644,10,2216,1.69965,0
1776812888140429077,1.39568,0.0292969,0.30623,0.0292969,1.04139,1.08644,10,2216,1.69965,-0.153399
1776812888145423827,1.39568,0.0390625,0.30623,-0.114336,1.1017,1.09201,10,2216,1.69965,0
1776812888150417521,1.39568,0.0390625,0.30623,0.0390625,1.1017,1.09201,10,2216,1.69965,0
1776812888155396641,1.39652,0.0390625,0.307066,0.0390625,1.08587,1.09708,10,2215,1.69888,-0.153399
1776812888160397576,1.39652,0.0488281,0.306299,-0.10457,1.08587,1.09708,10,2215,1.69888,0
1776812888165391862,1.39701,0.0488281,0.306792,0.0488281,1.08395,1.10564,10,2215,1.69888,0
1776812888170369057,1.39701,0.046875,0.306792,0.046875,1.08395,1.10564,10,2214,1.69812,0
1776812888175387231,1.39752,0.046875,0.306527,0.046875,1.11894,1.10757,10,2214,1.69812,-0.153399
1776812888180394887,1.39752,0.0449219,0.306527,-0.108477,1.11894,1.10757,10,2214,1.69812,0
1776812888185397729,1.39801,0.0449219,0.307022,0.0449219,1.14306,1.10946,10,2214,1.69812,0
1776812888190403978,1.39801,0.0410156,0.307022,0.0410156,1.14306,1.10946,10,2213,1.69735,-0.153429
1776812888195410504,1.39851,0.0410156,0.306758,-0.112414,1.1105,1.11028,10,2213,1.69735,0
1776812888200403921,1.39851,0.0390625,0.306758,0.0390625,1.1105,1.11028,10,2213,1.69735,0
1776812888205412132,1.39885,0.0390625,0.307093,0.0390625,1.16177,1.11119,10,2213,1.69735,0
1776812888210398030,1.39885,0.0429688,0.307093,0.0429688,1.16177,1.11119,10,2212,1.69658,-0.153368
1776812888215405168,1.39934,0.0429688,0.306822,-0.110399,1.09681,1.11642,10,2212,1.69658,0
1776812888220373456,1.39934,0.0429688,0.306822,0.0429688,1.09681,1.11642,10,2212,1.69658,0
1776812888225390464,1.39934,0.0429688,0.306822,0.0429688,1.10556,1.11642,10,2212,1.69658,0
1776812888230393583,1.39984,0.0429688,0.307318,0.0429688,1.10556,1.11642,10,2211,1.69582,-0.153399
1776812888235400295,1.39984,0.0371094,0.306551,-0.116289,1.1347,1.11609,10,2211,1.69582,0
1776812888240395303,1.40034,0.0371094,0.307054,0.0371094,1.1347,1.11609,10,2211,1.69582,0
1776812888245396756,1.40034,0.0332031,0.307054,0.0332031,1.08292,1.11691,10,2211,1.69582,0
1776812888250399820,1.40083,0.0332031,0.307543,0.0332031,1.08292,1.11691,10,2210,1.69505,-0.153429
1776812888255509748,1.40083,0.0390625,0.306776,-0.114367,1.183,1.12321,10,2210,1.69505,0
1776812888260438520,1.401,0.0390625,0.306948,0.0390625,1.183,1.12321,10,2209,1.69428,0
1776812888265410178,1.401,0.0527344,0.306181,0.0527344,1.0565,1.13205,10,2209,1.69428,-0.153429
1776812888270371911,1.40166,0.0527344,0.306837,-0.100695,1.0565,1.13205,10,2209,1.69428,0
1776812888275426157,1.40166,0.0605469,0.306837,0.0605469,1.20689,1.14047,10,2208,1.69351,-0.153337
1776812888280431387,1.40183,0.0605469,0.306242,-0.0927903,1.20689,1.14047,10,2208,1.69351,0
1776812888285429840,1.40183,0.0585938,0.306242,0.0585938,1.05939,1.1404,10,2207,1.69275,0
1776812888290430756,1.40299,0.0585938,0.306637,0.0585938,1.05939,1.1404,10,2207,1.69275,-0.153368
1776812888295414210,1.40299,0.0546875,0.306637,-0.0986803,1.19964,1.1452,10,2207,1.69275,0
1776812888300398367,1.40299,0.0546875,0.306637,0.0546875,1.19964,1.1452,10,2207,1.69275,0
1776812888305397931,1.40333,0.0546875,0.306968,0.0546875,1.11146,1.14721,10,2206,1.69198,-0.153399
1776812888310425808,1.40333,0.0429688,0.306201,-0.11043,1.11146,1.14721,10,2206,1.69198,0
1776812888315415836,1.40466,0.0429688,0.307533,0.0429688,1.08227,1.14859,10,2206,1.69198,0
1776812888320389957,1.40466,0.0488281,0.307533,0.0488281,1.08227,1.14859,10,2205,1.69121,0
1776812888325398410,1.40482,0.0488281,0.306926,0.0488281,1.14642,1.15289,10,2205,1.69121,-0.153368
1776812888330399733,1.40482,0.0566406,0.306926,-0.0967272,1.14642,1.15289,10,2204,1.69045,0
1776812888335398982,1.40549,0.0566406,0.306828,0.0566406,1.1687,1.16139,10,2204,1.69045,-0.15346
1776812888340438358,1.40549,0.0839844,0.306828,-0.0694755,1.1687,1.16139,10,2203,1.68968,-0.153368
1776812888345417775,1.40615,0.0839844,0.306725,-0.0693835,1.26071,1.18099,10,2202,1.68891,0
1776812888350431839,1.40615,0.105469,0.305958,0.105469,1.26071,1.18099,10,2202,1.68891,-0.153337
1776812888355397331,1.40715,0.105469,0.306954,-0.0478684,1.16663,1.19925,10,2201,1.68815,-0.153429
1776812888360418912,1.40715,0.134766,0.306187,-0.0186636,1.16663,1.19925,10,2200,1.68738,-0.153429
1776812888365410828,1.40848,0.134766,0.306754,-0.0186636,1.13956,1.22401,10,2199,1.68661,-0.153368
1776812888370425595,1.40848,0.144531,0.305987,-0.00883658,1.13956,1.22401,10,2198,1.68584,-0.153399
1776812888375402216,1.40998,0.144531,0.305955,0.144531,1.2003,1.22958,10,2197,1.68508,0
1776812888380405520,1.40998,0.138672,0.305955,0.138672,1.2003,1.22958,10,2196,1.68431,-0.153399
1776812888385399807,1.41148,0.138672,0.306691,-0.0147266,1.22906,1.24437,10,2196,1.68431,-0.153368
1776812888390408370,1.41148,0.111328,0.306691,-0.0420397,1.22906,1.24437,10,2195,1.68354,-0.15346
1776812888395400805,1.41265,0.111328,0.307089,-0.0421318,1.27867,1.23581,10,2195,1.68354,0
1776812888400476513,1.41265,0.0957031,0.307089,0.0957031,1.27867,1.23581,10,2194,1.68278,-0.153399
1776812888405426895,1.41365,0.0957031,0.307321,-0.0576954,1.18654,1.23293,10,2194,1.68278,0
1776812888410429218,1.41365,0.078125,0.307321,0.078125,1.18654,1.23293,10,2193,1.68201,-0.153399
1776812888415489445,1.41448,0.078125,0.307387,-0.0752735,1.20477,1.22794,10,2193,1.68201,0
1776812888420432586,1.41448,0.0820312,0.307387,0.0820312,1.20477,1.22794,10,2192,1.68124,-0.15346
1776812888425410466,1.41532,0.0820312,0.307459,-0.0714287,1.21338,1.23522,10,2191,1.68048,0
1776812888430398031,1.41532,0.0957031,0.306692,0.0957031,1.21338,1.23522,10,2191,1.68048,-0.153399
1776812888435396188,1.41632,0.0957031,0.307693,-0.0576954,1.10122,1.24904,10,2190,1.67971,-0.153368
1776812888440400511,1.41632,0.105469,0.306926,-0.0478991,1.10122,1.24904,10,2190,1.67971,0
1776812888445394057,1.41666,0.105469,0.306492,-0.0479298,1.23679,1.25461,10,2189,1.67894,-0.153399
1776812888450396583,1.41666,0.0996094,0.306492,-0.0537891,1.23679,1.25461,10,2188,1.67817,0
1776812888455396833,1.41849,0.0996094,0.307563,0.0996094,1.1942,1.26434,10,2188,1.67817,-0.153337
1776812888460402804,1.41849,0.0859375,0.307563,-0.0673997,1.1942,1.26434,10,2187,1.67741,0
1776812888465409330,1.41916,0.0859375,0.307464,0.0859375,1.28942,1.26057,10,2187,1.67741,-0.153368
1776812888470376859,1.41916,0.0664062,0.307464,-0.0869616,1.28942,1.26057,10,2187,1.67741,0
1776812888475394515,1.42,0.0664062,0.308299,0.0664062,1.1975,1.25446,10,2186,1.67664,-0.15346
1776812888480412466,1.42,0.0605469,0.307532,-0.092913,1.1975,1.25446,10,2186,1.67664,0
1776812888485400513,1.42016,0.0605469,0.307699,0.0605469,1.30939,1.25212,10,2186,1.67664,0
1776812888490396540,1.42016,0.0390625,0.307699,0.0390625,1.30939,1.25212,10,2186,1.67664,0
1776812888495407270,1.421,0.0390625,0.308541,0.0390625,1.22294,1.24494,10,2185,1.67587,-0.153368
1776812888500396557,1.421,0.0292969,0.307774,-0.124071,1.22294,1.24494,10,2185,1.67587,0
1776812888505390288,1.42117,0.0292969,0.307941,0.0292969,1.34241,1.24038,10,2185,1.67587,0
1776812888510441311,1.42117,0.0332031,0.307941,0.0332031,1.34241,1.24038,10,2185,1.67587,0
1776812888515410192,1.42184,0.0332031,0.307843,0.0332031,1.24271,1.2426,10,2184,1.67511,0
1776812888520380239,1.42184,0.0449219,0.307843,0.0449219,1.24271,1.2426,10,2184,1.67511,-0.15346
1776812888525393340,1.42252,0.0449219,0.308517,-0.108538,1.16867,1.25736,10,2184,1.67511,0
1776812888530402292,1.42252,0.0546875,0.308517,0.0546875,1.16867,1.25736,10,2183,1.67434,0
1776812888535410152,1.42268,0.0546875,0.307918,0.0546875,1.24923,1.26393,10,2183,1.67434,-0.153399
1776812888540415086,1.42268,0.0644531,0.307918,-0.0889454,1.24923,1.26393,10,2183,1.67434,0
1776812888545411483,1.42318,0.0644531,0.308415,0.0644531,1.27386,1.27249,10,2182,1.67357,-0.153399
1776812888550470581,1.42318,0.078125,0.307648,-0.0752735,1.27386,1.27249,10,2181,1.67281,0
1776812888555423018,1.42402,0.078125,0.307723,0.078125,1.21749,1.28534,10,2181,1.67281,-0.153399
1776812888560405176,1.42402,0.0898438,0.307723,-0.0635548,1.21749,1.28534,10,2180,1.67204,-0.153399
1776812888565447904,1.42486,0.0898438,0.307798,-0.0635548,1.25976,1.29708,10,2180,1.67204,0
1776812888570395564,1.42486,0.0957031,0.307798,0.0957031,1.25976,1.29708,10,2179,1.67127,-0.153429
1776812888575389258,1.4257,0.0957031,0.307865,-0.0577261,1.22783,1.30542,10,2179,1.67127,0
1776812888580421412,1.4257,0.0878906,0.307098,-0.0655693,1.35809,1.30097,10,2178,1.67051,-0.15346
1776812888585404866,1.42688,0.0878906,0.308276,-0.0655693,1.35809,1.30097,10,2177,1.66974,0
1776812888590422318,1.42688,0.078125,0.307509,0.078125,1.35809,1.30097,10,2177,1.66974,-0.153399
1776812888595402253,1.42755,0.078125,0.30818,-0.0752735,1.2897,1.3065,10,2176,1.66897,-0.153399
1776812888600402651,1.42755,0.0976562,0.307413,-0.0557423,1.2897,1.3065,10,2175,1.6682,0
1776812888605399974,1.42856,0.0976562,0.307658,0.0976562,1.24875,1.3237,10,2174,1.66744,-0.153337
1776812888610408667,1.42856,0.119141,0.306891,-0.0341966,1.24875,1.3237,10,2173,1.66667,-0.15346
1776812888615400676,1.42957,0.119141,0.307132,-0.0343193,1.32551,1.34199,10,2172,1.6659,-0.153368
1776812888620379630,1.42957,0.166016,0.306365,0.0126478,1.32551,1.34199,10,2171,1.66514,-0.153429
1776812888625391990,1.43108,0.166016,0.30711,0.0125864,1.35271,1.37778,10,2170,1.66437,-0.306797
1776812888630404127,1.43108,0.208984,0.306343,-0.0978127,1.35271,1.37778,10,2168,1.66284,-0.153368
1776812888635406043,1.43293,0.208984,0.306659,0.0556165,1.4357,1.41335,10,2167,1.66207,-0.153399
1776812888640404737,1.43293,0.228516,0.305892,0.0751171,1.4357,1.41335,10,2165,1.66053,-0.306797
1776812888645408560,1.43512,0.228516,0.306551,-0.0782814,1.4835,1.43761,10,2164,1.65977,-0.153429
1776812888650408420,1.43512,0.240234,0.305784,0.0868052,1.4835,1.43761,10,2162,1.65823,-0.306712
1776812888655396911,1.43512,0.240234,0.30425,-0.0664775,1.41166,1.44429,10,2161,1.65747,-0.306736
1776812888660408696,1.43748,0.25,0.305076,0.0965401,1.41166,1.44429,10,2159,1.65593,-0.15346
1776812888665402409,1.44001,0.25,0.306841,0.0965401,1.35021,1.4791,10,2158,1.65517,-0.153399
1776812888670373474,1.44001,0.230469,0.306074,0.0770702,1.35021,1.4791,10,2157,1.6544,-0.153368
1776812888675394426,1.44238,0.230469,0.307669,0.0771009,1.38012,1.48207,10,2157,1.6544,-0.153429
1776812888680393453,1.44238,0.146484,0.307669,-0.00694482,1.38012,1.48207,10,2156,1.65363,-0.153368
1776812888685396683,1.44526,0.146484,0.309782,-0.00688346,1.51011,1.45139,10,2155,1.65286,-0.153399
1776812888690397692,1.44526,0.111328,0.309015,-0.0420704,1.51011,1.45139,10,2154,1.6521,0
1776812888695409274,1.44593,0.111328,0.308925,0.111328,1.53293,1.43539,10,2154,1.6521,-0.153399
1776812888700407689,1.44593,0.0917969,0.308925,-0.0616016,1.53293,1.43539,10,2153,1.65133,-0.153368
1776812888705403143,1.44729,0.0917969,0.30951,-0.061571,1.42325,1.43231,10,2152,1.65056,0
1776812888710392689,1.44729,0.113281,0.308743,0.113281,1.42325,1.43231,10,2151,1.6498,-0.153399
1776812888715398086,1.44779,0.113281,0.308485,-0.0401173,1.42189,1.44759,10,2151,1.6498,-0.153337
1776812888720371799,1.44779,0.136719,0.308485,-0.0166184,1.42189,1.44759,10,2150,1.64903,-0.153399
1776812888725395492,1.44932,0.136719,0.309248,0.136719,1.45855,1.46095,10,2149,1.64826,0
1776812888730390556,1.44932,0.111328,0.308481,0.111328,1.45855,1.46095,10,2149,1.64826,-0.153337
1776812888735422081,1.45119,0.111328,0.310348,-0.0420091,1.56597,1.4667,10,2148,1.6475,-0.153399
1776812888740408387,1.45119,0.0996094,0.309581,-0.0537891,1.56597,1.4667,10,2148,1.6475,0
1776812888745412154,1.4517,0.0996094,0.310091,0.0996094,1.56528,1.46306,10,2147,1.64673,0
1776812888750400293,1.4517,0.0644531,0.309324,0.0644531,1.56528,1.46306,10,2147,1.64673,-0.153399
1776812888755425837,1.45255,0.0644531,0.310174,-0.0889454,1.20249,1.44807,10,2147,1.64673,0
1776812888760436363,1.45255,0.0644531,0.310174,0.0644531,1.20249,1.44807,10,2146,1.64596,-0.153399
1776812888765408206,1.45323,0.0644531,0.310083,-0.0889454,1.39142,1.4521,10,2146,1.64596,0
1776812888770379550,1.45323,0.0585938,0.310083,0.0585938,1.39142,1.4521,10,2146,1.64596,0
1776812888775440184,1.45391,0.0585938,0.310766,0.0585938,1.36061,1.45282,10,2146,1.64596,0
1776812888780419638,1.45391,0.03125,0.310766,0.03125,1.36061,1.45282,10,2145,1.64519,-0.153429
1776812888785394037,1.45425,0.03125,0.310337,-0.122179,1.38136,1.43924,10,2145,1.64519,0
1776812888790397786,1.45425,0.015625,0.310337,0.015625,1.38136,1.43924,10,2145,1.64519,0
1776812888795403739,1.45459,0.015625,0.310677,0.015625,1.43166,1.43033,10,2145,1.64519,0
1776812888800417802,1.45459,0.0136719,0.310677,0.0136719,1.43166,1.43033,10,2145,1.64519,0
1776812888805397534,1.45476,0.0136719,0.310846,0.0136719,1.41963,1.43224,10,2145,1.64519,0
1776812888810440373,1.45476,0.0332031,0.310846,0.0332031,1.41963,1.43224,10,2145,1.64519,0
1776812888815399995,1.4551,0.0332031,0.311186,0.0332031,1.46398,1.4454,10,2144,1.64443,0
1776812888820380912,1.4551,0.0410156,0.310419,0.0410156,1.46398,1.4454,10,2144,1.64443,-0.153399
1776812888825388809,1.45526,0.0410156,0.310587,-0.112383,1.4527,1.45085,10,2144,1.64443,0
1776812888830451221,1.45526,0.0507812,0.310587,0.0507812,1.4527,1.45085,10,2143,1.64366,0
1776812888835405343,1.45595,0.0507812,0.310508,0.0507812,1.39972,1.4605,10,2143,1.64366,-0.153368
1776812888840394760,1.45595,0.0566406,0.310508,-0.0967272,1.39972,1.4605,10,2143,1.64366,0
1776812888845399120,1.45629,0.0566406,0.310848,0.0566406,1.41365,1.46586,10,2142,1.64289,-0.153429
1776812888850469735,1.45629,0.0625,0.310081,-0.0909292,1.41365,1.46586,10,2142,1.64289,0
1776812888855417895,1.4568,0.0625,0.310588,0.0625,1.41692,1.47221,10,2142,1.64289,0
1776812888860419144,1.4568,0.0605469,0.310588,0.0605469,1.41692,1.47221,10,2141,1.64213,-0.153429
1776812888865396691,1.4568,0.0605469,0.309821,-0.0928823,1.48021,1.4711,10,2141,1.64213,0
1776812888870390459,1.45748,0.0605469,0.310503,0.0605469,1.48021,1.4711,10,2141,1.64213,0
1776812888875386782,1.45748,0.0371094,0.310503,0.0371094,1.41773,1.46179,10,2141,1.64213,0
1776812888880402956,1.4585,0.0371094,0.311526,0.0371094,1.41773,1.46179,10,2140,1.64136,0
1776812888885392576,1.4585,0.0214844,0.310759,0.0214844,1.49665,1.45896,10,2140,1.64136,-0.153368
1776812888890406640,1.45867,0.0214844,0.310929,-0.131883,1.49665,1.45896,10,2140,1.64136,0
1776812888895399963,1.45867,0.0175781,0.310929,0.0175781,1.45432,1.45774,10,2140,1.64136,0
1776812888900403194,1.45885,0.0175781,0.3111,0.0175781,1.45432,1.45774,10,2140,1.64136,0
1776812888905398851,1.45885,0.0117188,0.3111,0.0117188,1.42052,1.45541,10,2140,1.64136,0
1776812888910404155,1.45902,0.0117188,0.311272,0.0117188,1.42052,1.45541,10,2140,1.64136,0
1776812888915401534,1.45902,0,0.311272,0,1.32338,1.44976,10,2140,1.64136,0
1776812888920368063,1.45901,0,0.311266,0,1.32338,1.44976,10,2140,1.64136,0
1776812888925385885,1.45901,0.00195312,0.311266,0.00195312,1.3567,1.45084,10,2140,1.64136,0
1776812888930389893,1.45902,0.00195312,0.31127,0.00195312,1.3567,1.45084,10,2140,1.64136,0
1776812888935397438,1.45902,0.00976562,0.31127,0.00976562,1.44204,1.45531,10,2140,1.64136,0
1776812888940406650,1.45919,0.00976562,0.311441,0.00976562,1.43139,1.45632,10,2140,1.64136,0
1776812888945416361,1.45919,0.0195312,0.311441,0.0195312,1.43139,1.45632,10,2140,1.64136,0
1776812888950395093,1.45936,0.0195312,0.311612,0.0195312,1.43139,1.45632,10,2139,1.64059,0
1776812888955397491,1.45936,0.0234375,0.310845,0.0234375,1.51627,1.46513,10,2139,1.64059,-0.153337
1776812888960395314,1.45953,0.0234375,0.311015,-0.1299,1.51627,1.46513,10,2139,1.64059,0
1776812888965396693,1.45953,0.0273438,0.311015,0.0273438,1.43559,1.46837,10,2139,1.64059,0
1776812888970407626,1.45986,0.0273438,0.311352,0.0273438,1.43559,1.46837,10,2139,1.64059,0
1776812888975429874,1.45986,0.0273438,0.311352,0.0273438,1.5407,1.47037,10,2139,1.64059,0
1776812888980427531,1.46004,0.0273438,0.311529,0.0273438,1.5407,1.47037,10,2138,1.63983,0
1776812888985408207,1.46004,0.03125,0.310762,0.03125,1.46102,1.47364,10,2138,1.63983,-0.153337
1776812888990398142,1.46038,0.03125,0.311101,-0.122087,1.46102,1.47364,10,2138,1.63983,0
1776812888995398354,1.46038,0.03125,0.311101,0.03125,1.44764,1.47566,10,2137,1.63906,0
1776812889000397418,1.46056,0.03125,0.310509,0.03125,1.44764,1.47566,10,2137,1.63906,-0.153368
1776812889005403297,1.46056,0.0527344,0.310509,-0.100633,1.52847,1.48894,10,2137,1.63906,0
1776812889010399140,1.46141,0.0527344,0.311361,0.0527344,1.45658,1.49399,10,2136,1.63829,0
1776812889015452275,1.46141,0.0585938,0.310594,0.0585938,1.45658,1.49399,10,2136,1.63829,-0.153399
1776812889020392121,1.46175,0.0585938,0.310935,-0.0948048,1.45658,1.49399,10,2136,1.63829,0
1776812889025399482,1.46175,0.0722656,0.310935,0.0722656,1.56689,1.50715,10,2135,1.63752,-0.153429
1776812889030392658,1.4626,0.0722656,0.311018,-0.0811636,1.56689,1.50715,10,2135,1.63752,0
1776812889035394296,1.46294,0.078125,0.310593,-0.0753042,1.54223,1.51553,10,2134,1.63676,-0.153429
1776812889040392472,1.46294,0.107422,0.310593,-0.0460073,1.54223,1.51553,10,2133,1.63599,-0.153429
1776812889045395944,1.46397,0.107422,0.310852,-0.0460073,1.50509,1.54033,10,2132,1.63522,0
1776812889050405675,1.46397,0.126953,0.310085,0.126953,1.50509,1.54033,10,2131,1.63446,-0.306736
1776812889055399314,1.46448,0.126953,0.309831,-0.179783,1.51577,1.5545,10,2129,1.63292,-0.153399
1776812889060404193,1.46448,0.210938,0.308297,0.057539,1.51577,1.5545,10,2128,1.63216,-0.153368
1776812889065417183,1.46704,0.210938,0.310093,0.0575697,1.49249,1.61755,10,2127,1.63139,-0.30692
1776812889070450708,1.46704,0.220703,0.309326,-0.0862167,1.49249,1.61755,10,2125,1.62985,-0.153399
1776812889075409312,1.46704,0.220703,0.307792,0.0673046,1.56975,1.62311,10,2124,1.62909,-0.153337
1776812889080411358,1.46824,0.220703,0.308226,0.0673659,1.56975,1.62311,10,2123,1.62832,-0.30692
1776812889085395535,1.46824,0.21875,0.307459,-0.0881698,1.65403,1.6291,10,2121,1.62679,-0.153368
1776812889090396636,1.4727,0.21875,0.310385,0.0653822,1.65403,1.6291,10,2120,1.62602,-0.306797
1776812889095397905,1.4727,0.216797,0.309618,-0.0900002,1.68334,1.65435,10,2118,1.62449,-0.153429
1776812889100403654,1.47391,0.216797,0.309287,0.0633677,1.68334,1.65435,10,2116,1.62295,-0.306674
1776812889105433198,1.47391,0.257812,0.307753,-0.0488619,1.56761,1.68483,10,2114,1.62142,-0.30692
1776812889110405691,1.47717,0.257812,0.309483,-0.0491073,1.56761,1.68483,10,2113,1.62065,-0.306674
1776812889115397589,1.47717,0.283203,0.308716,-0.0234712,1.68242,1.71856,10,2110,1.61835,-0.306858
1776812889120398080,1.47872,0.283203,0.307965,-0.0236553,1.68242,1.71856,10,2108,1.61682,-0.306712
1776812889125387330,1.47872,0.355469,0.306431,0.0487569,1.69596,1.76889,10,2105,1.61451,-0.460012
1776812889130403912,1.48338,0.355469,0.308787,-0.104543,1.69596,1.76889,10,2103,1.61298,-0.306981
1776812889135398199,1.48338,0.373047,0.307253,0.0660657,1.73224,1.80633,10,2100,1.61068,-0.460196
1776812889140402856,1.48528,0.373047,0.306853,-0.0871487,1.73224,1.80633,10,2098,1.60915,-0.306797
1776812889145412568,1.48528,0.386719,0.305319,0.0799217,1.87113,1.8253,10,2094,1.60608,-0.460196
1776812889150405263,1.49099,0.386719,0.306425,-0.0734768,1.80077,1.85883,10,2091,1.60378,-0.460196
1776812889155397198,1.49099,0.410156,0.305658,-0.0500393,1.80077,1.85883,10,2089,1.60224,-0.306858
1776812889160416299,1.49514,0.410156,0.30828,0.103298,1.80077,1.85883,10,2086,1.59994,-0.460196
1776812889165396124,1.49514,0.423828,0.305979,-0.0363674,1.85127,1.90435,10,2083,1.59764,-0.460104
1776812889170393726,1.49932,0.423828,0.307851,-0.0362754,1.85127,1.90435,10,2082,1.59687,-0.306858
1776812889175401734,1.49932,0.431641,0.307084,0.124782,1.75542,1.93323,10,2079,1.59457,-0.460012
1776812889180397207,1.50141,0.431641,0.306874,-0.0283709,1.75542,1.93323,10,2077,1.59304,-0.306858
1776812889185401938,1.50141,0.378906,0.30534,0.0720479,1.90096,1.9154,10,2075,1.59151,-0.306858
1776812889190405206,1.50751,0.378906,0.309909,0.0720479,1.90096,1.9154,10,2073,1.58997,-0.306797
1776812889195415862,1.50751,0.326172,0.308375,0.0193748,1.93609,1.92098,10,2072,1.5892,-0.306736
1776812889200394817,1.50943,0.326172,0.309534,0.0194362,1.93609,1.92098,10,2071,1.58844,-0.153399
1776812889205417473,1.50943,0.148438,0.308767,-0.00496101,1.95131,1.8309,10,2070,1.58767,-0.153399
1776812889210401113,1.51276,0.148438,0.311321,-0.00496101,1.95131,1.8309,10,2070,1.58767,0
1776812889215408010,1.51276,0.0996094,0.311321,0.0996094,1.84083,1.82241,10,2069,1.5869,0
1776812889220372280,1.51363,0.0996094,0.311427,-0.0537585,1.82127,1.82749,10,2069,1.5869,-0.153368
1776812889225389751,1.51363,0.046875,0.311427,-0.106493,1.82127,1.82749,10,2069,1.5869,0
1776812889230393057,1.51433,0.046875,0.312129,0.046875,1.82127,1.82749,10,2069,1.5869,0
1776812889235399880,1.51433,0.00195312,0.312129,0.00195312,1.70921,1.77591,10,2069,1.5869,0
1776812889240394149,1.51468,0.00195312,0.312482,0.00195312,1.70921,1.77591,10,2069,1.5869,0
1776812889245403028,1.51468,-0.0117188,0.312482,-0.0117188,1.82219,1.77017,10,2069,1.5869,0
1776812889250391315,1.51468,-0.0117188,0.312479,-0.0117188,1.82219,1.77017,10,2069,1.5869,0
1776812889255403194,1.51468,-0.0449219,0.312479,-0.0449219,1.76547,1.75123,10,2069,1.5869,0
1776812889260395000,1.51433,-0.0449219,0.312131,-0.0449219,1.76547,1.75123,10,2069,1.5869,0
1776812889265456264,1.51433,-0.0507812,0.312131,-0.0507812,1.78624,1.74587,10,2069,1.5869,0
1776812889270457106,1.5138,-0.0507812,0.311599,-0.0507812,1.78624,1.74587,10,2069,1.5869,0
1776812889275436672,1.5138,-0.0253906,0.311599,-0.0253906,1.76344,1.75724,10,2069,1.5869,0
1776812889280405535,1.51328,-0.0253906,0.311073,-0.0253906,1.76344,1.75724,10,2069,1.5869,0
1776812889285403637,1.51328,-0.0078125,0.311073,-0.0078125,1.76366,1.7642,10,2069,1.5869,0
1776812889290498362,1.51328,-0.0078125,0.311073,-0.0078125,1.76366,1.7642,10,2069,1.5869,0
1776812889295437653,1.51328,-0.0078125,0.311073,-0.0078125,1.75721,1.7642,10,2069,1.5869,0
1776812889300448902,1.51328,0,0.311073,0,1.75721,1.7642,10,2069,1.5869,0
1776812889305409376,1.51328,0,0.31108,0,1.78983,1.76869,10,2069,1.5869,0
1776812889310414070,1.51328,0.00195312,0.31108,0.00195312,1.78983,1.76869,10,2069,1.5869,0
1776812889315403691,1.51328,0.00195312,0.311076,0.00195312,1.75716,1.76979,10,2069,1.5869,0
1776812889320379294,1.51328,0.00585938,0.311076,0.00585938,1.75716,1.76979,10,2069,1.5869,0
1776812889325394525,1.51328,0.00585938,0.311076,0.00585938,1.75012,1.77201,10,2069,1.5869,0
1776812889330404237,1.51328,0.015625,0.311076,0.015625,1.75012,1.77201,10,2069,1.5869,0
1776812889335400765,1.51345,0.015625,0.311251,0.015625,1.75724,1.7786,10,2069,1.5869,0
1776812889340414458,1.51345,0.0214844,0.311251,0.0214844,1.75724,1.7786,10,2069,1.5869,0
1776812889345413152,1.51363,0.0214844,0.311427,0.0214844,1.72461,1.78296,10,2069,1.5869,0
1776812889350414235,1.51363,0.015625,0.311427,0.015625,1.72461,1.78296,10,2069,1.5869,0
1776812889355412374,1.51381,0.015625,0.311605,0.015625,1.79758,1.78066,10,2069,1.5869,0
1776812889360413013,1.51381,0.0117188,0.311605,0.0117188,1.79758,1.78066,10,2069,1.5869,0
1776812889365402948,1.51381,0.0117188,0.311605,0.0117188,1.86285,1.77843,10,2069,1.5869,0
1776812889370434566,1.51415,0.0117188,0.311949,0.0117188,1.86285,1.77843,10,2069,1.5869,0
1776812889375405337,1.51415,0.0117188,0.311949,0.0117188,1.86285,1.77843,10,2069,1.5869,0
1776812889380399846,1.51415,-0.015625,0.311949,-0.015625,1.83495,1.76485,10,2069,1.5869,0
1776812889385416502,1.51397,-0.00976562,0.311771,-0.00976562,1.82242,1.76381,10,2069,1.5869,0
1776812889390408049,1.5138,-0.00976562,0.311598,-0.00976562,1.82242,1.76381,10,2069,1.5869,0
1776812889395403391,1.5138,0.0078125,0.311598,0.0078125,1.85507,1.77616,10,2069,1.5869,0
1776812889400401512,1.51381,0.0078125,0.311605,0.0078125,1.85507,1.77616,10,2069,1.5869,0
1776812889405431723,1.51381,0.00976562,0.311605,0.00976562,1.81786,1.77732,10,2069,1.5869,0
1776812889410406104,1.51398,0.00976562,0.311778,0.00976562,1.81786,1.77732,10,2069,1.5869,0
1776812889415424593,1.51398,0.00976562,0.311778,0.00976562,1.78981,1.77832,10,2069,1.5869,0
1776812889420376346,1.51398,0.00976562,0.311777,0.00976562,1.78981,1.77832,10,2069,1.5869,0
1776812889425388021,1.51398,-0.00976562,0.311777,-0.00976562,1.80995,1.76718,10,2069,1.5869,0
1776812889430394659,1.51397,-0.00976562,0.311771,-0.00976562,1.80995,1.76718,10,2069,1.5869,0
1776812889435400242,1.51397,-0.015625,0.311771,-0.015625,1.79774,1.76381,10,2069,1.5869,0
1776812889440394344,1.51397,-0.015625,0.311771,-0.015625,1.79774,1.76381,10,2069,1.5869,0
1776812889445404648,1.51397,-0.015625,0.31177,-0.015625,1.76517,1.76381,10,2069,1.5869,0
1776812889450399547,1.51397,0.00195312,0.31177,0.00195312,1.76517,1.76381,10,2069,1.5869,0
1776812889455399982,1.51381,0.00195312,0.311605,0.00195312,1.69971,1.77287,10,2069,1.5869,0
1776812889460398176,1.51381,0.00976562,0.311605,0.00976562,1.69971,1.77287,10,2069,1.5869,0
1776812889465400314,1.51381,0.00976562,0.311605,0.00976562,1.7371,1.77732,10,2069,1.5869,0
1776812889470383250,1.51381,0.015625,0.311605,0.015625,1.7371,1.77732,10,2069,1.5869,0
1776812889475393777,1.51398,0.015625,0.311777,0.015625,1.84236,1.78166,10,2069,1.5869,0
1776812889480395971,1.51398,0.00585938,0.311777,0.00585938,1.84236,1.78166,10,2069,1.5869,0
1776812889485400091,1.51415,0.00585938,0.311946,0.00585938,1.87502,1.77707,10,2069,1.5869,0
1776812889490396582,1.51415,0,0.311946,0,1.87502,1.77707,10,2069,1.5869,0
1776812889495398202,1.51415,0,0.311946,0,1.78435,1.77373,10,2069,1.5869,0
1776812889500396082,1.51415,-0.00195312,0.311946,-0.00195312,1.78435,1.77373,10,2069,1.5869,0
1776812889505396294,1.51415,-0.00195312,0.31195,-0.00195312,1.81784,1.77264,10,2069,1.5869,0
1776812889510425080,1.51415,0.00390625,0.31195,0.00390625,1.81784,1.77264,10,2069,1.5869,0
1776812889515434329,1.51415,0.00390625,0.31195,0.00390625,1.73677,1.77598,10,2069,1.5869,0
1776812889520403543,1.51433,0.00390625,0.312129,0.00390625,1.73677,1.77598,10,2069,1.5869,0
1776812889525404145,1.51433,-0.00195312,0.312129,-0.00195312,1.7773,1.77368,10,2069,1.5869,0
1776812889530404802,1.51433,-0.00195312,0.312128,-0.00195312,1.7773,1.77368,10,2069,1.5869,0
1776812889535392997,1.51433,-0.00585938,0.312128,-0.00585938,1.74488,1.77145,10,2069,1.5869,0
1776812889540422782,1.51432,-0.00585938,0.312121,-0.00585938,1.74488,1.77145,10,2069,1.5869,0
1776812889545420180,1.51432,-0.0117188,0.312121,-0.0117188,1.79496,1.76807,10,2069,1.5869,0
1776812889550414560,1.51415,-0.0117188,0.311949,-0.0117188,1.79496,1.76807,10,2069,1.5869,0
1776812889555399403,1.51415,-0.0136719,0.311949,-0.0136719,1.79735,1.76596,10,2069,1.5869,0
1776812889560421004,1.51415,-0.0136719,0.311949,-0.0136719,1.79735,1.76596,10,2069,1.5869,0
1776812889565399829,1.51415,0.00195312,0.311949,0.00195312,1.72464,1.77487,10,2069,1.5869,0
1776812889570417392,1.51398,0.00195312,0.311781,0.00195312,1.72464,1.77487,10,2069,1.5869,0
1776812889575398254,1.51398,0.00585938,0.311781,0.00585938,1.78223,1.77611,10,2069,1.5869,0
1776812889580416651,1.51398,0.00585938,0.311781,0.00585938,1.78223,1.77611,10,2069,1.5869,0
1776812889585681996,1.51398,0.00976562,0.311781,0.00976562,1.82234,1.77834,10,2069,1.5869,0
1776812889590435112,1.51398,0.00976562,0.311781,0.00976562,1.82234,1.77834,10,2069,1.5869,0
1776812889595426678,1.51433,0.00976562,0.312125,0.00976562,1.82245,1.78034,10,2069,1.5869,0
1776812889600415132,1.51433,0.00195312,0.312125,0.00195312,1.82245,1.78034,10,2069,1.5869,0
1776812889605413734,1.51433,0.00195312,0.312124,0.00195312,1.77732,1.77588,10,2069,1.5869,0
1776812889610404243,1.51433,-0.00585938,0.312124,-0.00585938,1.77732,1.77588,10,2069,1.5869,0
1776812889615406733,1.51433,-0.00585938,0.312125,-0.00585938,1.84766,1.77144,10,2069,1.5869,0
1776812889620380170,1.51433,-0.00195312,0.312125,-0.00195312,1.84766,1.77144,10,2069,1.5869,0
1776812889625392715,1.51416,-0.00195312,0.311956,-0.00195312,1.75721,1.77268,10,2069,1.5869,0
1776812889630405576,1.51416,0.00390625,0.311956,0.00390625,1.75721,1.77268,10,2069,1.5869,0
1776812889635423676,1.51415,0.00390625,0.311952,0.00390625,1.78242,1.776,10,2069,1.5869,0
1776812889640405945,1.51415,0.00390625,0.311952,0.00390625,1.78242,1.776,10,2069,1.5869,0
1776812889645428009,1.51433,0.00390625,0.312125,0.00390625,1.76953,1.777,10,2069,1.5869,0
1776812889650414833,1.51433,0.00976562,0.312125,0.00976562,1.76953,1.777,10,2069,1.5869,0
1776812889655430934,1.51433,0.00976562,0.312124,0.00976562,1.77733,1.78034,10,2069,1.5869,0
1776812889660395464,1.51433,0.00390625,0.312124,0.00390625,1.77733,1.78034,10,2069,1.5869,0
1776812889665397621,1.51433,0.00390625,0.312124,0.00390625,1.75721,1.777,10,2069,1.5869,0
1776812889670372446,1.5145,0.00390625,0.312299,0.00390625,1.75721,1.777,10,2069,1.5869,0
1776812889675388343,1.5145,-0.00195312,0.312299,-0.00195312,1.73726,1.77468,10,2069,1.5869,0
1776812889680393574,1.5145,-0.00195312,0.312303,-0.00195312,1.73726,1.77468,10,2069,1.5869,0
1776812889685405879,1.5145,-0.0078125,0.312303,-0.0078125,1.80992,1.77136,10,2069,1.5869,0
1776812889690409036,1.5145,-0.0078125,0.3123,-0.0078125,1.80992,1.77136,10,2069,1.5869,0
1776812889695442302,1.5145,0.00195312,0.3123,0.00195312,1.84247,1.77691,10,2069,1.5869,0
1776812889700409943,1.5145,0.00195312,0.3123,0.00195312,1.84247,1.77691,10,2069,1.5869,0
1776812889705394564,1.5145,0.00195312,0.3123,0.00195312,1.74469,1.77691,10,2069,1.5869,0
1776812889710435404,1.5145,0.00195312,0.312296,0.00195312,1.74469,1.77691,10,2069,1.5869,0
1776812889715408118,1.5145,0,0.312296,0,1.75723,1.77577,10,2069,1.5869,0
1776812889720468716,1.5145,0,0.312296,0,1.75723,1.77577,10,2069,1.5869,0
1776812889725413988,1.5145,-0.00585938,0.312296,-0.00585938,1.71692,1.77243,10,2069,1.5869,0
1776812889730414145,1.51433,-0.00585938,0.312128,-0.00585938,1.71692,1.77243,10,2069,1.5869,0
1776812889735504796,1.51433,0.00195312,0.312128,0.00195312,1.76984,1.77591,10,2069,1.5869,0
1776812889740460345,1.51433,0.00195312,0.312128,0.00195312,1.76984,1.77591,10,2069,1.5869,0
1776812889745420838,1.5145,0.00195312,0.312303,0.00195312,1.73231,1.77693,10,2069,1.5869,0
1776812889750424273,1.5145,0.0078125,0.312303,0.0078125,1.73231,1.77693,10,2069,1.5869,0
1776812889755395080,1.51468,0.0078125,0.312475,0.0078125,1.73264,1.78127,10,2069,1.5869,0
1776812889760402552,1.51468,0.00585938,0.312475,0.00585938,1.73264,1.78127,10,2069,1.5869,0
1776812889765409856,1.51468,0.00585938,0.312478,0.00585938,1.84244,1.78017,10,2069,1.5869,0
1776812889770433549,1.51468,-0.00390625,0.312478,-0.00390625,1.84244,1.78017,10,2069,1.5869,0
1776812889775417596,1.51468,-0.00390625,0.312478,-0.00390625,1.78983,1.77461,10,2069,1.5869,0
1776812889780404236,1.51468,-0.00976562,0.312478,-0.00976562,1.78983,1.77461,10,2069,1.5869,0
1776812889785392746,1.51468,-0.00976562,0.312478,-0.00976562,1.76949,1.77127,10,2069,1.5869,0
1776812889790397588,1.51468,-0.0136719,0.312478,-0.0136719,1.76949,1.77127,10,2069,1.5869,0
1776812889795433854,1.51451,-0.0136719,0.312307,-0.0136719,1.78239,1.76804,10,2069,1.5869,0
1776812889800418308,1.51451,0.00390625,0.312307,0.00390625,1.78239,1.76804,10,2069,1.5869,0
1776812889805410355,1.5145,0.00390625,0.3123,0.00390625,1.72464,1.77802,10,2069,1.5869,0
1776812889810400105,1.5145,0.0078125,0.3123,0.0078125,1.72464,1.77802,10,2069,1.5869,0
1776812889815407132,1.5145,0.0078125,0.3123,0.0078125,1.83488,1.78025,10,2069,1.5869,0
1776812889820368181,1.51468,0.0078125,0.312478,0.0078125,1.83488,1.78025,10,2069,1.5869,0
1776812889825389985,1.51468,0.00585938,0.312478,0.00585938,1.79743,1.78017,10,2069,1.5869,0
1776812889830410548,1.51485,0.00585938,0.312647,0.00585938,1.79743,1.78017,10,2069,1.5869,0
1776812889835408261,1.51485,-0.00390625,0.312647,-0.00390625,1.80254,1.77559,10,2069,1.5869,0
1776812889840405807,1.51486,-0.00390625,0.312654,-0.00390625,1.80254,1.77559,10,2069,1.5869,0
1776812889845404890,1.51486,-0.0078125,0.312654,-0.0078125,1.73263,1.7734,10,2069,1.5869,0
1776812889850402437,1.51485,-0.0078125,0.312651,-0.0078125,1.73263,1.7734,10,2069,1.5869,0
1776812889855392428,1.51485,-0.00585938,0.312651,-0.00585938,1.78976,1.7745,10,2069,1.5869,0
1776812889860394011,1.51468,-0.00585938,0.312478,-0.00585938,1.78976,1.7745,10,2069,1.5869,0
1776812889865410037,1.51468,0.00390625,0.312478,0.00390625,1.8099,1.77906,10,2069,1.5869,0
1776812889870370178,1.51468,0.00390625,0.312478,0.00390625,1.8099,1.77906,10,2069,1.5869,0
1776812889875386927,1.51468,0.00585938,0.312478,0.00585938,1.74489,1.78017,10,2069,1.5869,0
1776812889880393473,1.51468,0.00585938,0.312478,0.00585938,1.74489,1.78017,10,2069,1.5869,0
1776812889885398241,1.51468,0.00195312,0.312478,0.00195312,1.7293,1.77795,10,2069,1.5869,0
1776812889890393695,1.51468,0.00195312,0.312478,0.00195312,1.7293,1.77795,10,2069,1.5869,0
1776812889895405981,1.51486,0.00195312,0.312654,0.00195312,1.82241,1.77897,10,2069,1.5869,0
1776812889900402286,1.51486,-0.00390625,0.312654,-0.00390625,1.82241,1.77897,10,2069,1.5869,0
1776812889905407313,1.51486,-0.00390625,0.312654,-0.00390625,1.76474,1.77563,10,2069,1.5869,0
1776812889910395286,1.51486,-0.00390625,0.312654,-0.00390625,1.76474,1.77563,10,2069,1.5869,0
1776812889915403739,1.51486,-0.00390625,0.312654,-0.00390625,1.7324,1.77563,10,2069,1.5869,0
1776812889920372935,1.51486,-0.00195312,0.312654,-0.00195312,1.7324,1.77563,10,2069,1.5869,0
1776812889925386277,1.51486,-0.00195312,0.312654,-0.00195312,1.75723,1.77674,10,2069,1.5869,0
1776812889930399989,1.51486,0.00195312,0.312654,0.00195312,1.81824,1.77897,10,2069,1.5869,0
1776812889935394443,1.51486,0.00195312,0.312654,0.00195312,1.81824,1.77897,10,2069,1.5869,0
1776812889940411673,1.51486,0.00195312,0.312654,0.00195312,1.81824,1.77897,10,2069,1.5869,0
1776812889945405923,1.51486,0.00195312,0.312654,0.00195312,1.80995,1.77897,10,2069,1.5869,0
1776812889950403747,1.51486,-0.00390625,0.312654,-0.00390625,1.75716,1.77563,10,2069,1.5869,0
1776812889955392720,1.51486,-0.00390625,0.312654,-0.00390625,1.75716,1.77563,10,2069,1.5869,0
1776812889960393877,1.51486,-0.00390625,0.312654,-0.00390625,1.75716,1.77563,10,2069,1.5869,0
1776812889965389830,1.51503,-0.00390625,0.312826,-0.00390625,1.73234,1.77563,10,2069,1.5869,0
1776812889970387266,1.51503,-0.00390625,0.312826,-0.00390625,1.73234,1.77563,10,2069,1.5869,0
1776812889975390682,1.51486,0.00390625,0.312654,0.00390625,1.7041,1.78108,10,2069,1.5869,0
1776812889980394894,1.51486,0.00195312,0.312654,0.00195312,1.78506,1.77897,10,2069,1.5869,0
1776812889985395477,1.51486,0.00195312,0.312654,0.00195312,1.78506,1.77897,10,2069,1.5869,0
1776812889990404634,1.51486,0.00390625,0.312654,0.00390625,1.78506,1.77897,10,2069,1.5869,0
1776812889995396403,1.51503,0.00390625,0.312826,0.00390625,1.71684,1.78108,10,2069,1.5869,0
1776812890000399875,1.51503,0.00195312,0.312826,0.00195312,1.71684,1.78108,10,2069,1.5869,0
1776812890005395051,1.51503,0.00195312,0.312829,0.00195312,1.79775,1.77999,10,2069,1.5869,0
1776812890010394524,1.51503,-0.00585938,0.312829,-0.00585938,1.90277,1.77553,10,2069,1.5869,0
1776812890015398792,1.51503,-0.00585938,0.312826,-0.00585938,1.90277,1.77553,10,2069,1.5869,0
1776812890020438411,1.51503,0,0.312826,0,1.90277,1.77553,10,2069,1.5869,0
1776812890025400034,1.51503,0,0.312829,0,1.83482,1.77886,10,2069,1.5869,0
1776812890030404191,1.51503,0,0.312829,0,1.83482,1.77886,10,2069,1.5869,0
1776812890035398183,1.51503,0.0078125,0.312829,0.0078125,1.83004,1.78333,10,2069,1.5869,0
1776812890040421802,1.51503,0.00390625,0.312829,0.00390625,1.7822,1.7811,10,2069,1.5869,0
1776812890045413072,1.5152,0.00390625,0.313002,0.00390625,1.7822,1.7811,10,2069,1.5869,0
1776812890050402767,1.5152,0.00390625,0.313002,0.00390625,1.7822,1.7811,10,2069,1.5869,0
1776812890055392518,1.5152,0.00390625,0.313002,0.00390625,1.76946,1.7821,10,2069,1.5869,0
1776812890060398879,1.5152,0,0.313002,0,1.71234,1.77988,10,2069,1.5869,0
1776812890065400093,1.51521,0,0.313004,0,1.71234,1.77988,10,2069,1.5869,0
1776812890070374900,1.51521,-0.00585938,0.313004,-0.00585938,1.71234,1.77988,10,2069,1.5869,0
1776812890075390150,1.5152,-0.00585938,0.313002,-0.00585938,1.72464,1.77654,10,2069,1.5869,0
1776812890080392566,1.5152,-0.00390625,0.313002,-0.00390625,1.72464,1.77654,10,2069,1.5869,0
1776812890085396428,1.51503,-0.00390625,0.312829,-0.00390625,1.77716,1.77665,10,2069,1.5869,0
1776812890090395326,1.51503,0.00390625,0.312829,0.00390625,1.80243,1.7811,10,2069,1.5869,0
1776812890095411187,1.51503,0.00390625,0.312829,0.00390625,1.80243,1.7811,10,2069,1.5869,0
1776812890100450194,1.51521,0.00390625,0.313008,0.00390625,1.80243,1.7811,10,2069,1.5869,0
1776812890105459444,1.51521,0.00390625,0.313008,0.00390625,1.79766,1.78214,10,2069,1.5869,0
1776812890110406901,1.51521,0.00390625,0.313008,0.00390625,1.79766,1.78214,10,2069,1.5869,0
1776812890115404559,1.51521,-0.00195312,0.313008,-0.00195312,1.75711,1.7788,10,2069,1.5869,0
1776812890120371367,1.51521,-0.00195312,0.313008,-0.00195312,1.75711,1.7788,10,2069,1.5869,0
1776812890125395227,1.51521,-0.00195312,0.313008,-0.00195312,1.78284,1.7788,10,2069,1.5869,0
1776812890130389663,1.51521,-0.00195312,0.313004,-0.00195312,1.78284,1.7788,10,2069,1.5869,0
1776812890135414412,1.51521,-0.00195312,0.313004,-0.00195312,1.66454,1.77878,10,2069,1.5869,0
1776812890140415199,1.51521,-0.00195312,0.313004,-0.00195312,1.66454,1.77878,10,2069,1.5869,0
1776812890145411913,1.51521,0,0.313004,0,1.7323,1.77989,10,2069,1.5869,0
1776812890150395424,1.51521,0,0.313008,0,1.7323,1.77989,10,2069,1.5869,0
1776812890155404155,1.51521,0.00195312,0.313008,0.00195312,1.83497,1.78103,10,2069,1.5869,0
1776812890160391962,1.51521,0.00195312,0.313008,0.00195312,1.83497,1.78103,10,2069,1.5869,0
1776812890165403785,1.51521,0,0.313008,0,1.79754,1.77991,10,2069,1.5869,0
1776812890170448626,1.51521,0,0.313008,0,1.79754,1.77991,10,2069,1.5869,0
1776812890175426655,1.51538,0,0.31318,0,1.75724,1.78091,10,2069,1.5869,0
1776812890180423109,1.51538,-0.00195312,0.31318,-0.00195312,1.75724,1.78091,10,2069,1.5869,0
1776812890185510188,1.51538,-0.00195312,0.31318,-0.00195312,1.80988,1.7798,10,2069,1.5869,0
1776812890190423388,1.51538,0,0.31318,0,1.80988,1.7798,10,2069,1.5869,0
1776812890195402732,1.51538,0,0.31318,0,1.78981,1.78091,10,2069,1.5869,0
1776812890200410223,1.51538,0.00585938,0.31318,0.00585938,1.78981,1.78091,10,2069,1.5869,0
1776812890205402752,1.51538,0.00585938,0.31318,0.00585938,1.77739,1.78425,10,2069,1.5869,0
1776812890210404483,1.51538,0.00390625,0.31318,0.00390625,1.77739,1.78425,10,2069,1.5869,0
1776812890215401308,1.51538,0.00390625,0.31318,0.00390625,1.77721,1.78314,10,2069,1.5869,0
1776812890220384726,1.51538,0.00195312,0.31318,0.00195312,1.91303,1.78203,10,2069,1.5869,0
1776812890225393513,1.51538,0.00195312,0.31318,0.00195312,1.91303,1.78203,10,2069,1.5869,0
1776812890230405300,1.51538,0,0.31318,0,1.91303,1.78203,10,2069,1.5869,0
1776812890235408346,1.51538,0,0.31318,0,1.78508,1.78091,10,2069,1.5869,0
1776812890240418911,1.51538,-0.00585938,0.31318,-0.00585938,1.78508,1.78091,10,2069,1.5869,0
1776812890245404977,1.51555,-0.00585938,0.313352,-0.00585938,1.80982,1.77757,10,2069,1.5869,0
1776812890250422004,1.51555,0,0.313352,0,1.83535,1.78192,10,2069,1.5869,0
1776812890255400422,1.51538,0,0.31318,0,1.83535,1.78192,10,2069,1.5869,0
1776812890260400802,1.51538,0.00195312,0.31318,0.00195312,1.71188,1.78203,10,2069,1.5869,0
1776812890265394701,1.51538,0.00195312,0.31318,0.00195312,1.71188,1.78203,10,2069,1.5869,0
1776812890270372916,1.51538,0.00390625,0.31318,0.00390625,1.71188,1.78203,10,2069,1.5869,0
1776812890275424089,1.51555,0.00390625,0.313352,0.00390625,1.72996,1.78414,10,2069,1.5869,0
1776812890280439709,1.51555,0.00390625,0.313352,0.00390625,1.72996,1.78414,10,2069,1.5869,0
1776812890285434682,1.51556,0.00390625,0.313355,0.00390625,1.71717,1.78416,10,2069,1.5869,0
1776812890290417118,1.51556,0,0.313355,0,1.76981,1.78193,10,2069,1.5869,0
1776812890295414943,1.51555,0,0.313352,0,1.76981,1.78193,10,2069,1.5869,0
1776812890300394658,1.51555,-0.00195312,0.313352,-0.00195312,1.75723,1.7808,10,2069,1.5869,0
1776812890305398945,1.51556,-0.00195312,0.313355,-0.00195312,1.75723,1.7808,10,2069,1.5869,0
1776812890310399084,1.51556,0.00195312,0.313355,0.00195312,1.75723,1.7808,10,2069,1.5869,0
1776812890315403538,1.51573,0.00195312,0.313531,0.00195312,1.76974,1.78305,10,2069,1.5869,0
1776812890320375383,1.51573,-0.00195312,0.313531,-0.00195312,1.83518,1.78184,10,2069,1.5869,0
1776812890325396169,1.51573,-0.00195312,0.313531,-0.00195312,1.83518,1.78184,10,2069,1.5869,0
1776812890330393549,1.51573,0.00195312,0.313531,0.00195312,1.83518,1.78184,10,2069,1.5869,0
1776812890335399799,1.51573,0.00195312,0.313531,0.00195312,1.78984,1.78407,10,2069,1.5869,0
1776812890340423641,1.51573,0,0.313531,0,1.78984,1.78407,10,2069,1.5869,0
1776812890345426206,1.51573,0,0.313531,0,1.77737,1.78295,10,2069,1.5869,0
1776812890350406679,1.51573,-0.00195312,0.313531,-0.00195312,1.77737,1.78295,10,2069,1.5869,0
1776812890355412578,1.51573,-0.00195312,0.313531,-0.00195312,1.80984,1.78184,10,2069,1.5869,0
1776812890360397255,1.51573,0,0.313531,0,1.84989,1.78295,10,2069,1.5869,0
1776812890365409153,1.51573,0,0.313531,0,1.84989,1.78295,10,2069,1.5869,0
1776812890370518970,1.51573,0.00195312,0.313531,0.00195312,1.84989,1.78295,10,2069,1.5869,0
1776812890375475131,1.51573,0.00195312,0.313531,0.00195312,1.74466,1.78407,10,2069,1.5869,0
1776812890380433902,1.51573,0.0078125,0.313531,0.0078125,1.74466,1.78407,10,2069,1.5869,0
1776812890385426653,1.51591,0.0078125,0.313706,0.0078125,1.79559,1.78741,10,2069,1.5869,0
1776812890390410867,1.51591,0.00195312,0.313706,0.00195312,1.81736,1.78509,10,2069,1.5869,0
1776812890395405248,1.51591,0.00195312,0.313706,0.00195312,1.81736,1.78509,10,2069,1.5869,0
1776812890400405572,1.51591,-0.00195312,0.313706,-0.00195312,1.74474,1.78286,10,2069,1.5869,0
1776812890405411952,1.51591,-0.00195312,0.313706,-0.00195312,1.74474,1.78286,10,2069,1.5869,0
1776812890410400647,1.51591,0.00195312,0.313706,0.00195312,1.74474,1.78286,10,2069,1.5869,0
1776812890415399935,1.51591,0.00195312,0.313706,0.00195312,1.76444,1.78509,10,2069,1.5869,0
1776812890420393038,1.51591,-0.00585938,0.313706,-0.00585938,1.76444,1.78509,10,2069,1.5869,0
1776812890425386659,1.51591,-0.00585938,0.313706,-0.00585938,1.83514,1.78064,10,2069,1.5869,0
1776812890430399112,1.51591,0.00195312,0.313706,0.00195312,1.70467,1.78509,10,2069,1.5869,0
1776812890435400585,1.51591,0.00195312,0.313706,0.00195312,1.70467,1.78509,10,2069,1.5869,0
1776812890440408686,1.51591,0.00195312,0.313706,0.00195312,1.78981,1.78509,10,2069,1.5869,0
1776812890445399141,1.51591,0.00195312,0.313706,0.00195312,1.78981,1.78509,10,2069,1.5869,0
1776812890450404354,1.51591,0.00390625,0.313706,0.00390625,1.78981,1.78509,10,2069,1.5869,0
1776812890455403456,1.51608,0.00390625,0.313882,0.00390625,1.765,1.7862,10,2069,1.5869,0
1776812890460415836,1.51608,0.00390625,0.313882,0.00390625,1.75724,1.78722,10,2069,1.5869,0
1776812890465394884,1.51608,0.00390625,0.313882,0.00390625,1.75724,1.78722,10,2069,1.5869,0
1776812890470383005,1.51608,0,0.313882,0,1.75724,1.78722,10,2069,1.5869,0
1776812890475386311,1.51608,0,0.313882,0,1.81728,1.785,10,2069,1.5869,0
1776812890480398153,1.51608,-0.00390625,0.313882,-0.00390625,1.81728,1.785,10,2069,1.5869,0
1776812890485402699,1.51608,-0.00390625,0.313882,-0.00390625,1.76495,1.78277,10,2069,1.5869,0
1776812890490417264,1.51608,-0.00390625,0.313882,-0.00390625,1.76495,1.78277,10,2069,1.5869,0
1776812890495400515,1.51608,-0.00390625,0.313882,-0.00390625,1.78984,1.78277,10,2069,1.5869,0
1776812890500398506,1.51608,0.00195312,0.313882,0.00195312,1.78984,1.78277,10,2069,1.5869,0
1776812890505398831,1.51608,0.00195312,0.313882,0.00195312,1.68473,1.78611,10,2069,1.5869,0
1776812890510407118,1.51608,0.00195312,0.313882,0.00195312,1.68473,1.78611,10,2069,1.5869,0
1776812890515403035,1.51608,0.00195312,0.313882,0.00195312,1.78983,1.78611,10,2069,1.5869,0
1776812890520383361,1.51608,0,0.313882,0,1.78456,1.785,10,2069,1.5869,0
1776812890525447737,1.51626,0,0.314057,0,1.78456,1.785,10,2069,1.5869,0
1776812890530420470,1.51626,-0.00195312,0.314057,-0.00195312,1.78456,1.785,10,2069,1.5869,0
1776812890535402315,1.51626,-0.00195312,0.314057,-0.00195312,1.80267,1.7849,10,2069,1.5869,0
1776812890540410546,1.51626,0.00195312,0.314057,0.00195312,1.80267,1.7849,10,2069,1.5869,0
1776812890545421814,1.51626,0.00195312,0.314057,0.00195312,1.74466,1.78713,10,2069,1.5869,0
1776812890550412324,1.51626,-0.00195312,0.314057,-0.00195312,1.78984,1.7849,10,2069,1.5869,0
1776812890555399057,1.51626,-0.00195312,0.314057,-0.00195312,1.78984,1.7849,10,2069,1.5869,0
1776812890560411603,1.51626,-0.00195312,0.314057,-0.00195312,1.80257,1.7849,10,2069,1.5869,0
1776812890565404595,1.51626,-0.00195312,0.314057,-0.00195312,1.80257,1.7849,10,2069,1.5869,0
1776812890570389050,1.51626,-0.00390625,0.314057,-0.00390625,1.80257,1.7849,10,2069,1.5869,0
1776812890575388967,1.51626,-0.00390625,0.314057,-0.00390625,1.80981,1.78379,10,2069,1.5869,0
1776812890580399383,1.51626,-0.00585938,0.314057,-0.00585938,1.80981,1.78379,10,2069,1.5869,0
1776812890585407670,1.51626,-0.00585938,0.314054,-0.00585938,1.7969,1.78266,10,2069,1.5869,0
1776812890590402606,1.51626,0,0.314054,0,1.7969,1.78266,10,2069,1.5869,0
1776812890595411189,1.51626,0,0.314057,0,1.80232,1.786,10,2069,1.5869,0
1776812890600411588,1.51626,0.00390625,0.314057,0.00390625,1.8297,1.78824,10,2069,1.5869,0
1776812890605407727,1.51626,0.00390625,0.314057,0.00390625,1.8297,1.78824,10,2069,1.5869,0
1776812890610398256,1.51626,0.00390625,0.314057,0.00390625,1.8297,1.78824,10,2069,1.5869,0
1776812890615411172,1.51626,0.00390625,0.314057,0.00390625,1.78278,1.78824,10,2069,1.5869,0
1776812890620468734,1.51626,0.00390625,0.314057,0.00390625,1.78278,1.78824,10,2069,1.5869,0
1776812890625404951,1.51643,0.00390625,-0.314086,0.00390625,1.78984,1.78926,10,2069,1.5869,0
1776812890630400646,1.51643,0.00195312,-0.314086,0.00195312,1.78984,1.78926,10,2069,1.5869,0
1776812890635503872,1.51643,0.00195312,-0.314086,0.00195312,1.72464,1.78815,10,2069,1.5869,0
1776812890640420553,1.51643,-0.00390625,-0.314086,-0.00390625,1.72464,1.78815,10,2069,1.5869,0
1776812890645453987,1.51643,-0.00390625,-0.314086,-0.00390625,1.7771,1.78481,10,2069,1.5869,0
1776812890650464014,1.51643,0,-0.314086,0,1.7771,1.78481,10,2069,1.5869,0
1776812890655412768,1.51643,0,-0.314086,0,1.77007,1.78704,10,2069,1.5869,0
1776812890660399315,1.51643,-0.00585938,-0.314086,-0.00585938,1.77007,1.78704,10,2069,1.5869,0
1776812890665391733,1.51643,-0.00585938,-0.314086,-0.00585938,1.82236,1.7837,10,2069,1.5869,0
1776812890670374521,1.51643,0.00585938,-0.314086,0.00585938,1.71748,1.79038,10,2069,1.5869,0
1776812890675387234,1.51643,0.00585938,-0.314086,0.00585938,1.71748,1.79038,10,2069,1.5869,0
1776812890680400206,1.51643,0.00195312,-0.314086,0.00195312,1.71748,1.79038,10,2069,1.5869,0
1776812890685412770,1.51643,0.00195312,-0.314086,0.00195312,1.82243,1.78815,10,2069,1.5869,0
1776812890690403910,1.51661,-0.00390625,-0.31391,-0.00390625,1.77706,1.78583,10,2069,1.5869,0
1776812890695400142,1.51661,0.0078125,-0.31391,0.0078125,1.77706,1.78583,10,2069,1.5869,0
1776812890700409373,1.51661,0.0078125,-0.31391,0.0078125,1.77706,1.78583,10,2069,1.5869,0
1776812890705406198,1.51661,-0.00390625,-0.31391,-0.00390625,1.75722,1.78583,10,2069,1.5869,0
1776812890710393634,1.51643,-0.00390625,-0.314086,-0.00390625,1.75722,1.78583,10,2069,1.5869,0
1776812890715393440,1.51643,0,-0.314086,0,1.77706,1.78704,10,2069,1.5869,0
1776812890720400542,1.51643,0,-0.314086,0,1.77706,1.78704,10,2069,1.5869,0
1776812890725409681,1.51643,0.00195312,-0.314086,0.00195312,1.7047,1.78815,10,2069,1.5869,0
1776812890730396858,1.51643,0.00195312,-0.314086,0.00195312,1.7047,1.78815,10,2069,1.5869,0
1776812890735409385,1.51661,0.00195312,-0.31391,0.00195312,1.78984,1.78917,10,2069,1.5869,0
1776812890740404710,1.51661,-0.00195312,-0.31391,-0.00195312,1.78984,1.78917,10,2069,1.5869,0
1776812890745405498,1.51661,-0.00195312,-0.31391,-0.00195312,1.75713,1.78694,10,2069,1.5869,0
1776812890750398248,1.51661,-0.00390625,-0.31391,-0.00390625,1.75713,1.78694,10,2069,1.5869,0
1776812890755398073,1.51661,-0.00390625,-0.31391,-0.00390625,1.82244,1.78583,10,2069,1.5869,0
1776812890760408600,1.51661,0.00390625,-0.31391,0.00390625,1.82244,1.78583,10,2069,1.5869,0
1776812890765398388,1.51661,0.00390625,-0.31391,0.00390625,1.80988,1.79028,10,2069,1.5869,0
1776812890770373307,1.51661,-0.00195312,-0.31391,-0.00195312,1.80988,1.79028,10,2069,1.5869,0
1776812890775387631,1.51661,-0.00195312,-0.31391,-0.00195312,1.82981,1.78694,10,2069,1.5869,0
1776812890780450433,1.51661,0.00195312,-0.31391,0.00195312,1.82981,1.78694,10,2069,1.5869,0
1776812890785409075,1.51661,0.00195312,-0.31391,0.00195312,1.77004,1.78917,10,2069,1.5869,0
1776812890790402548,1.51661,-0.00195312,-0.31391,-0.00195312,1.77004,1.78917,10,2069,1.5869,0
1776812890795412131,1.51661,-0.00195312,-0.31391,-0.00195312,1.71173,1.78694,10,2069,1.5869,0
1776812890800397067,1.51661,-0.00195312,-0.31391,-0.00195312,1.71173,1.78694,10,2069,1.5869,0
1776812890805398466,1.51679,-0.00195312,-0.313735,-0.00195312,1.78984,1.78694,10,2069,1.5869,0
1776812890810400179,1.51679,-0.00390625,-0.313735,-0.00390625,1.78981,1.78685,10,2069,1.5869,0
1776812890815411466,1.51679,-0.00390625,-0.313735,-0.00390625,1.78981,1.78685,10,2069,1.5869,0
1776812890820369219,1.51679,-0.00195312,-0.313735,-0.00195312,1.78981,1.78685,10,2069,1.5869,0
1776812890825387709,1.51679,-0.00195312,-0.313735,-0.00195312,1.76988,1.78796,10,2069,1.5869,0
1776812890830394792,1.51679,0.00390625,-0.313735,0.00390625,1.76988,1.78796,10,2069,1.5869,0
1776812890835401505,1.51679,0.00390625,-0.313735,0.00390625,1.90764,1.7913,10,2069,1.5869,0
1776812890840397774,1.51679,0.0078125,-0.313735,0.0078125,1.90764,1.7913,10,2069,1.5869,0
1776812890845398395,1.51679,0.0078125,-0.313735,0.0078125,1.78984,1.79353,10,2069,1.5869,0
1776812890850398164,1.51679,0.00195312,-0.313735,0.00195312,1.78984,1.79353,10,2069,1.5869,0
1776812890855408099,1.51679,0.00195312,-0.313735,0.00195312,1.80274,1.79019,10,2069,1.5869,0
1776812890860399127,1.51679,0,-0.313735,0,1.80274,1.79019,10,2069,1.5869,0
1776812890865418210,1.51679,0,-0.313735,0,1.84778,1.78908,10,2069,1.5869,0
1776812890870377981,1.51679,0.00390625,-0.313735,0.00390625,1.84778,1.78908,10,2069,1.5869,0
1776812890875396434,1.51696,0.00390625,-0.313559,0.00390625,1.75723,1.7913,10,2069,1.5869,0
1776812890880389778,1.51696,-0.00195312,-0.313559,-0.00195312,1.76247,1.78898,10,2069,1.5869,0
1776812890885393509,1.51696,-0.00195312,-0.313559,-0.00195312,1.76247,1.78898,10,2069,1.5869,0
1776812890890394297,1.51696,0.00585938,-0.313559,0.00585938,1.76247,1.78898,10,2069,1.5869,0
1776812890895405954,1.51696,0.00585938,-0.313559,0.00585938,1.80984,1.79344,10,2069,1.5869,0
1776812890900397779,1.51696,0.00195312,-0.313559,0.00195312,1.80984,1.79344,10,2069,1.5869,0
1776812890905403140,1.51696,0.00195312,-0.313559,0.00195312,1.81539,1.79121,10,2069,1.5869,0
1776812890910393021,1.51696,0.00195312,-0.313559,0.00195312,1.81539,1.79121,10,2069,1.5869,0
1776812890915398437,1.51696,0.00195312,-0.313559,0.00195312,1.80239,1.79121,10,2069,1.5869,0
1776812890920373819,1.51696,0.00195312,-0.313559,0.00195312,1.80239,1.79121,10,2069,1.5869,0
1776812890925390883,1.51696,0.00195312,-0.313556,0.00195312,1.72464,1.79123,10,2069,1.5869,0
1776812890930407336,1.51696,-0.00390625,-0.313556,-0.00390625,1.72464,1.79123,10,2069,1.5869,0
1776812890935394106,1.51696,-0.00390625,-0.313556,-0.00390625,1.77006,1.78789,10,2069,1.5869,0
1776812890940396282,1.51696,0,-0.313556,0,1.77006,1.78789,10,2069,1.5869,0
1776812890945411439,1.51714,0,-0.313384,0,1.75724,1.79012,10,2069,1.5869,0
1776812890950405504,1.51714,-0.00195312,-0.313384,-0.00195312,1.75724,1.79012,10,2069,1.5869,0
1776812890955395626,1.51714,-0.00195312,-0.313384,-0.00195312,1.80248,1.79,10,2069,1.5869,0
1776812890960398839,1.51714,-0.00195312,-0.313384,-0.00195312,1.81482,1.79,10,2069,1.5869,0
1776812890965415959,1.51714,-0.00195312,-0.313384,-0.00195312,1.81482,1.79,10,2069,1.5869,0
1776812890970380193,1.51714,-0.00195312,-0.313384,-0.00195312,1.81482,1.79,10,2069,1.5869,0
1776812890975388072,1.51714,-0.00195312,-0.313384,-0.00195312,1.84989,1.79,10,2069,1.5869,0
1776812890980401488,1.51714,0.00390625,-0.313384,0.00390625,1.84989,1.79,10,2069,1.5869,0
1776812890985394758,1.51714,0.00390625,-0.313384,0.00390625,1.84213,1.79334,10,2069,1.5869,0
1776812890990390212,1.51714,-0.00195312,-0.313384,-0.00195312,1.84213,1.79334,10,2069,1.5869,0
1776812890995392722,1.51714,-0.00195312,-0.313384,-0.00195312,1.76985,1.79,10,2069,1.5869,0
1776812891000417322,1.51714,0,-0.313384,0,1.76985,1.79,10,2069,1.5869,0
1776812891005400111,1.51714,0,-0.313384,0,1.86787,1.79112,10,2069,1.5869,0
1776812891010395974,1.51714,-0.00195312,-0.313384,-0.00195312,1.7374,1.79,10,2069,1.5869,0
1776812891015416816,1.51731,-0.00195312,-0.313208,-0.00195312,1.7374,1.79,10,2069,1.5869,0
1776812891020387680,1.51731,0.00195312,-0.313208,0.00195312,1.7374,1.79,10,2069,1.5869,0
1776812891025390042,1.51731,0.00195312,-0.313208,0.00195312,1.83532,1.79325,10,2069,1.5869,0
1776812891030438123,1.51731,0.00195312,-0.313208,0.00195312,1.83532,1.79325,10,2069,1.5869,0
1776812891035412950,1.51731,0.00195312,-0.313208,0.00195312,1.71234,1.79325,10,2069,1.5869,0
1776812891040401479,1.51731,-0.00195312,-0.313208,-0.00195312,1.71234,1.79325,10,2069,1.5869,0
1776812891045427710,1.51731,-0.00195312,-0.313208,-0.00195312,1.76298,1.79103,10,2069,1.5869,0
1776812891050430609,1.51731,0.00390625,-0.313208,0.00390625,1.76298,1.79103,10,2069,1.5869,0
1776812891055415269,1.51731,0.00390625,-0.313208,0.00390625,1.73723,1.79437,10,2069,1.5869,0
1776812891060396076,1.51731,0.00195312,-0.313208,0.00195312,1.73723,1.79437,10,2069,1.5869,0
1776812891065399216,1.51731,0.00195312,-0.313208,0.00195312,1.80241,1.79325,10,2069,1.5869,0
1776812891070410115,1.51731,-0.00195312,-0.313208,-0.00195312,1.80241,1.79325,10,2069,1.5869,0
1776812891075397588,1.51731,-0.00195312,-0.313208,-0.00195312,1.79726,1.79103,10,2069,1.5869,0
1776812891080397858,1.51731,-0.00195312,-0.313208,-0.00195312,1.79726,1.79103,10,2069,1.5869,0
1776812891085403461,1.51731,-0.00195312,-0.313208,-0.00195312,1.79705,1.79103,10,2069,1.5869,0
1776812891090533259,1.51749,-0.00195312,-0.313033,-0.00195312,1.79705,1.79103,10,2069,1.5869,0
1776812891095455904,1.51749,-0.00390625,-0.313033,-0.00390625,1.74994,1.79093,10,2069,1.5869,0
1776812891100399714,1.51749,-0.00390625,-0.313033,-0.00390625,1.74994,1.79093,10,2069,1.5869,0
1776812891105406761,1.51749,-0.00195312,-0.313033,-0.00195312,1.83505,1.79205,10,2069,1.5869,0
1776812891110459175,1.51749,-0.00195312,-0.313033,-0.00195312,1.83505,1.79205,10,2069,1.5869,0
1776812891115428872,1.51749,-0.00195312,-0.313033,-0.00195312,1.80981,1.79205,10,2069,1.5869,0
1776812891120372238,1.51749,-0.00195312,-0.313033,-0.00195312,1.80981,1.79205,10,2069,1.5869,0
1776812891125395413,1.51749,-0.00195312,-0.313033,-0.00195312,1.78984,1.79205,10,2069,1.5869,0
1776812891130404516,1.51749,-0.00195312,-0.313033,-0.00195312,1.78984,1.79205,10,2069,1.5869,0
1776812891135472281,1.51749,0.00195312,-0.313033,0.00195312,1.69202,1.79427,10,2069,1.5869,0
1776812891140418943,1.51749,0.00195312,-0.313033,0.00195312,1.69202,1.79427,10,2069,1.5869,0
1776812891145473468,1.51749,-0.00195312,-0.313033,-0.00195312,1.77254,1.79205,10,2069,1.5869,0
1776812891150425870,1.51749,-0.00195312,-0.313033,-0.00195312,1.77254,1.79205,10,2069,1.5869,0
1776812891155399382,1.51749,-0.00390625,-0.313033,-0.00390625,1.69185,1.79093,10,2069,1.5869,0
1776812891160414169,1.51749,-0.00390625,-0.313033,-0.00390625,1.69185,1.79093,10,2069,1.5869,0
1776812891165413735,1.51766,-0.00390625,-0.312857,-0.00390625,1.76963,1.79195,10,2069,1.5869,0
1776812891170403487,1.51766,0.00195312,-0.312857,0.00195312,1.75724,1.79529,10,2069,1.5869,0
1776812891175407941,1.51766,0.00195312,-0.312861,0.00195312,1.75724,1.79529,10,2069,1.5869,0
1776812891180409600,1.51766,0.00585938,-0.312861,0.00585938,1.75724,1.79529,10,2069,1.5869,0
1776812891185404221,1.51766,0.00585938,-0.312861,0.00585938,1.77,1.7975,10,2069,1.5869,0
1776812891190404602,1.51766,0,-0.312861,0,1.77,1.7975,10,2069,1.5869,0
1776812891195415111,1.51766,0,-0.312861,0,1.83514,1.79416,10,2069,1.5869,0
1776812891200422214,1.51766,0.00195312,-0.312861,0.00195312,1.83514,1.79416,10,2069,1.5869,0
1776812891205411243,1.51766,0.00195312,-0.312861,0.00195312,1.74451,1.79527,10,2069,1.5869,0
1776812891210400014,1.51766,-0.00390625,-0.312861,-0.00390625,1.74451,1.79527,10,2069,1.5869,0
1776812891215397839,1.51766,-0.00390625,-0.312857,-0.00390625,1.85508,1.79195,10,2069,1.5869,0
1776812891220387776,1.51766,-0.00195312,-0.312857,-0.00195312,1.85508,1.79195,10,2069,1.5869,0
1776812891225387619,1.51766,-0.00195312,-0.312857,-0.00195312,1.86256,1.79307,10,2069,1.5869,0
1776812891230394981,1.51766,-0.00390625,-0.312857,-0.00390625,1.86256,1.79307,10,2069,1.5869,0
1776812891235426008,1.51766,-0.00390625,-0.312857,-0.00390625,1.75723,1.79195,10,2069,1.5869,0
1776812891240417685,1.51767,-0.00390625,-0.312854,-0.00390625,1.75723,1.79195,10,2069,1.5869,0
1776812891245429084,1.51767,0.00195312,-0.312854,0.00195312,1.82751,1.79531,10,2069,1.5869,0
1776812891250419520,1.51767,0.00195312,-0.312854,0.00195312,1.82751,1.79531,10,2069,1.5869,0
1776812891255411790,1.51767,0.0078125,-0.312854,0.0078125,1.77738,1.79865,10,2069,1.5869,0
1776812891260419059,1.51784,0.0078125,-0.312681,0.0078125,1.77738,1.79865,10,2069,1.5869,0
1776812891265404182,1.51784,0.00195312,-0.312681,0.00195312,1.85478,1.79631,10,2069,1.5869,0
1776812891270371416,1.51784,0.00195312,-0.312681,0.00195312,1.85478,1.79631,10,2069,1.5869,0
1776812891275389203,1.51784,-0.00195312,-0.312681,-0.00195312,1.83496,1.79409,10,2069,1.5869,0
1776812891280396843,1.51784,-0.00195312,-0.312681,-0.00195312,1.83496,1.79409,10,2069,1.5869,0
1776812891285436554,1.51784,0,-0.312681,0,1.74465,1.7952,10,2069,1.5869,0
1776812891290415455,1.51784,0,-0.312681,0,1.74465,1.7952,10,2069,1.5869,0
1776812891295410613,1.51784,-0.00195312,-0.312681,-0.00195312,1.78984,1.79409,10,2069,1.5869,0
1776812891300402402,1.51784,-0.00195312,-0.312685,-0.00195312,1.78984,1.79409,10,2069,1.5869,0
1776812891305414226,1.51784,-0.00390625,-0.312685,-0.00390625,1.78984,1.79295,10,2069,1.5869,0
1776812891310409996,1.51784,-0.00390625,-0.312682,-0.00390625,1.74481,1.79297,10,2069,1.5869,0
1776812891315415135,1.51784,0,-0.312682,0,1.74481,1.79297,10,2069,1.5869,0
1776812891320376741,1.51784,0,-0.312682,0,1.74481,1.79297,10,2069,1.5869,0
1776812891325397713,1.51784,0.00390625,-0.312682,0.00390625,1.78974,1.79742,10,2069,1.5869,0
1776812891330392908,1.51801,0.00390625,-0.312506,0.00390625,1.78974,1.79742,10,2069,1.5869,0
1776812891335398733,1.51801,-0.00195312,-0.312506,-0.00195312,1.76995,1.79511,10,2069,1.5869,0
1776812891340398984,1.51801,-0.00195312,-0.312509,-0.00195312,1.76995,1.79511,10,2069,1.5869,0
1776812891345430289,1.51801,-0.00195312,-0.312509,-0.00195312,1.76478,1.79509,10,2069,1.5869,0
1776812891350411930,1.51801,-0.00195312,-0.312506,-0.00195312,1.76478,1.79509,10,2069,1.5869,0
1776812891355427846,1.51801,0.00195312,-0.312506,0.00195312,1.82234,1.79733,10,2069,1.5869,0
1776812891360406377,1.51801,0.00195312,-0.312506,0.00195312,1.82234,1.79733,10,2069,1.5869,0
1776812891365405553,1.51801,-0.00390625,-0.312506,-0.00390625,1.80975,1.79399,10,2069,1.5869,0
1776812891370393083,1.51801,-0.00390625,-0.312506,-0.00390625,1.80975,1.79399,10,2069,1.5869,0
1776812891375462459,1.51801,-0.00390625,-0.312506,-0.00390625,1.82229,1.79399,10,2069,1.5869,0
1776812891380404973,1.51801,-0.00390625,-0.312506,-0.00390625,1.82229,1.79399,10,2069,1.5869,0
1776812891385400206,1.51801,-0.00390625,-0.312506,-0.00390625,1.69206,1.79399,10,2069,1.5869,0
1776812891390410642,1.51801,-0.00390625,-0.312506,-0.00390625,1.69206,1.79399,10,2069,1.5869,0
1776812891395397523,1.51802,-0.00390625,-0.312502,-0.00390625,1.73709,1.79402,10,2069,1.5869,0
1776812891400424606,1.51802,0.00195312,-0.312502,0.00195312,1.73709,1.79402,10,2069,1.5869,0
1776812891405396840,1.51802,0.00195312,-0.312502,0.00195312,1.72462,1.79736,10,2069,1.5869,0
1776812891410413831,1.51802,0.00585938,-0.312502,0.00585938,1.72462,1.79736,10,2069,1.5869,0
1776812891415426562,1.51802,0.00585938,-0.312502,0.00585938,1.8164,1.79958,10,2069,1.5869,0
1776812891420419814,1.51802,0.00390625,-0.312502,0.00390625,1.8164,1.79958,10,2069,1.5869,0
1776812891425406028,1.51802,0.00390625,-0.312499,0.00390625,1.84946,1.79849,10,2069,1.5869,0
1776812891430391540,1.51802,0.00390625,-0.312499,0.00390625,1.84946,1.79849,10,2069,1.5869,0
1776812891435395624,1.51819,0.00390625,-0.312326,0.00390625,1.78983,1.79949,10,2069,1.5869,0
1776812891440398282,1.51819,-0.00195312,-0.312326,-0.00195312,1.78983,1.79949,10,2069,1.5869,0
1776812891445396200,1.51819,-0.00195312,-0.312326,-0.00195312,1.72456,1.79615,10,2069,1.5869,0
1776812891450403876,1.51819,-0.00195312,-0.312326,-0.00195312,1.72456,1.79615,10,2069,1.5869,0
1776812891455396887,1.51819,-0.00195312,-0.312326,-0.00195312,1.81495,1.79615,10,2069,1.5869,0
1776812891460424784,1.5182,-0.00195312,-0.312323,-0.00195312,1.81495,1.79615,10,2069,1.5869,0
1776812891465402277,1.5182,0,-0.312323,0,1.79717,1.79728,10,2069,1.5869,0
1776812891470376845,1.51819,0,-0.312326,0,1.79717,1.79728,10,2069,1.5869,0
1776812891475395039,1.51819,0.00390625,-0.312326,0.00390625,1.85502,1.79949,10,2069,1.5869,0
1776812891480412993,1.51819,0.00390625,-0.312326,0.00390625,1.85502,1.79949,10,2069,1.5869,0
1776812891485400782,1.51819,0.00195312,-0.312326,0.00195312,1.75723,1.79838,10,2069,1.5869,0
1776812891490396514,1.5182,0.00195312,-0.312323,0.00195312,1.75723,1.79838,10,2069,1.5869,0
1776812891495398506,1.5182,0.00585938,-0.312323,0.00585938,1.74462,1.80062,10,2069,1.5869,0
1776812891500403720,1.5182,0.00585938,-0.312323,0.00585938,1.74462,1.80062,10,2069,1.5869,0
1776812891505392879,1.5182,-0.00195312,-0.312323,-0.00195312,1.86235,1.79617,10,2069,1.5869,0
1776812891510397185,1.5182,-0.00195312,-0.312319,-0.00195312,1.86235,1.79617,10,2069,1.5869,0
1776812891515393214,1.5182,0.00195312,-0.312319,0.00195312,1.8154,1.79842,10,2069,1.5869,0
1776812891520369689,1.5182,0.00195312,-0.312319,0.00195312,1.8154,1.79842,10,2069,1.5869,0
1776812891525388438,1.5182,-0.00585938,-0.312319,-0.00585938,1.89504,1.79396,10,2069,1.5869,0
1776812891530395133,1.5182,-0.00585938,-0.312319,-0.00585938,1.89504,1.79396,10,2069,1.5869,0
1776812891535577521,1.51837,-0.00585938,-0.312147,-0.00585938,1.82245,1.79497,10,2069,1.5869,0
1776812891540423134,1.51837,-0.00195312,-0.312147,-0.00195312,1.82245,1.79497,10,2069,1.5869,0
1776812891545457994,1.51837,-0.00195312,-0.312147,-0.00195312,1.79706,1.79719,10,2069,1.5869,0
1776812891550469429,1.51837,-0.00195312,-0.312147,-0.00195312,1.79706,1.79719,10,2069,1.5869,0
1776812891555448756,1.51837,-0.00195312,-0.312147,-0.00195312,1.74948,1.79719,10,2069,1.5869,0
1776812891560396880,1.51837,0.00390625,-0.312147,0.00390625,1.74948,1.79719,10,2069,1.5869,0
1776812891565418333,1.51837,0.00390625,-0.312147,0.00390625,1.81655,1.80053,10,2069,1.5869,0
1776812891570377994,1.51837,-0.00390625,-0.312147,-0.00390625,1.81655,1.80053,10,2069,1.5869,0
1776812891575397263,1.51837,-0.00390625,-0.312147,-0.00390625,1.82958,1.79608,10,2069,1.5869,0
1776812891580424901,1.51837,0,-0.312147,0,1.82958,1.79608,10,2069,1.5869,0
1776812891585411634,1.51837,0,-0.312147,0,1.76445,1.79831,10,2069,1.5869,0
1776812891590420014,1.51837,0.00585938,-0.312147,0.00585938,1.76445,1.79831,10,2069,1.5869,0
1776812891595412525,1.51837,0.00585938,-0.312147,0.00585938,1.73742,1.80165,10,2069,1.5869,0
1776812891600408424,1.51837,-0.00195312,-0.312147,-0.00195312,1.73742,1.80165,10,2069,1.5869,0
1776812891605404861,1.51837,-0.00195312,-0.312147,-0.00195312,1.70472,1.79719,10,2069,1.5869,0
1776812891610401038,1.51855,-0.00195312,-0.311971,-0.00195312,1.70472,1.79719,10,2069,1.5869,0
1776812891615414103,1.51855,-0.00390625,-0.311971,-0.00390625,1.85507,1.7971,10,2069,1.5869,0
1776812891620376060,1.51855,-0.00390625,-0.311971,-0.00390625,1.85507,1.7971,10,2069,1.5869,0
1776812891625394254,1.51855,-0.00390625,-0.311971,-0.00390625,1.72987,1.7971,10,2069,1.5869,0
1776812891630395505,1.51838,-0.00390625,-0.312144,-0.00390625,1.72987,1.7971,10,2069,1.5869,0
1776812891635395867,1.51838,0.00195312,-0.312144,0.00195312,1.78264,1.79944,10,2069,1.5869,0
1776812891640403711,1.51838,0.00195312,-0.312144,0.00195312,1.78264,1.79944,10,2069,1.5869,0
1776812891645413646,1.51838,0.00195312,-0.312144,0.00195312,1.80246,1.79944,10,2069,1.5869,0
1776812891650403101,1.51838,0.00195312,-0.312144,0.00195312,1.80246,1.79944,10,2069,1.5869,0
1776812891655485107,1.51838,0.00195312,-0.312144,0.00195312,1.76989,1.79944,10,2069,1.5869,0
1776812891660424121,1.51838,0.00195312,-0.312144,0.00195312,1.76989,1.79944,10,2069,1.5869,0
1776812891665402632,1.51838,-0.00195312,-0.312144,-0.00195312,1.85504,1.79721,10,2069,1.5869,0
1776812891670386366,1.51855,-0.00195312,-0.311971,-0.00195312,1.85504,1.79721,10,2069,1.5869,0
1776812891675389876,1.51855,-0.00195312,-0.311971,-0.00195312,1.80969,1.79821,10,2069,1.5869,0
1776812891680400534,1.51855,-0.00195312,-0.311971,-0.00195312,1.80969,1.79821,10,2069,1.5869,0
1776812891685397377,1.51855,-0.00195312,-0.311968,-0.00195312,1.78318,1.79823,10,2069,1.5869,0
1776812891690409257,1.51855,-0.00195312,-0.311968,-0.00195312,1.78318,1.79823,10,2069,1.5869,0
1776812891695409971,1.51855,-0.00195312,-0.311968,-0.00195312,1.85508,1.79823,10,2069,1.5869,0
1776812891700416666,1.51855,-0.00195312,-0.311968,-0.00195312,1.85508,1.79823,10,2069,1.5869,0
1776812891705401548,1.51855,-0.00195312,-0.311971,-0.00195312,1.78294,1.79821,10,2069,1.5869,0
1776812891710404132,1.51855,0.00390625,-0.311971,0.00390625,1.78294,1.79821,10,2069,1.5869,0
1776812891715394976,1.51855,0.00390625,-0.311971,0.00390625,1.74385,1.80155,10,2069,1.5869,0
1776812891720377099,1.51855,0.00390625,-0.311971,0.00390625,1.74385,1.80155,10,2069,1.5869,0
1776812891725385738,1.51855,0.00390625,-0.311972,0.00390625,1.78271,1.80155,10,2069,1.5869,0
1776812891730400803,1.51855,0.00195312,-0.311972,0.00195312,1.78271,1.80155,10,2069,1.5869,0
1776812891735394184,1.51855,0.00195312,-0.311972,0.00195312,1.82245,1.80044,10,2069,1.5869,0
1776812891740421341,1.51855,-0.00390625,-0.311972,-0.00390625,1.82245,1.80044,10,2069,1.5869,0
1776812891745414499,1.51855,-0.00390625,-0.311968,-0.00390625,1.7824,1.79712,10,2069,1.5869,0
1776812891750407843,1.51855,-0.00195312,-0.311968,-0.00195312,1.7824,1.79712,10,2069,1.5869,0
1776812891755409280,1.51855,-0.00195312,-0.311968,-0.00195312,1.8877,1.79823,10,2069,1.5869,0
1776812891760411530,1.51873,-0.00195312,-0.311792,-0.00195312,1.8877,1.79823,10,2069,1.5869,0
1776812891765409522,1.51873,0,-0.311792,0,1.78242,1.80037,10,2069,1.5869,0
1776812891770375627,1.51873,0,-0.311792,0,1.78242,1.80037,10,2069,1.5869,0
1776812891775386415,1.51873,-0.00390625,-0.311792,-0.00390625,1.8097,1.79814,10,2069,1.5869,0
1776812891780397498,1.51872,-0.00390625,-0.311796,-0.00390625,1.8097,1.79814,10,2069,1.5869,0
1776812891785407100,1.51872,-0.00195312,-0.311796,-0.00195312,1.75714,1.79923,10,2069,1.5869,0
1776812891790431757,1.51872,-0.00195312,-0.311796,-0.00195312,1.75714,1.79923,10,2069,1.5869,0
1776812891795418361,1.51872,-0.00195312,-0.311796,-0.00195312,1.80268,1.79923,10,2069,1.5869,0
1776812891800416020,1.51872,-0.00195312,-0.311796,-0.00195312,1.80268,1.79923,10,2069,1.5869,0
1776812891805406030,1.51872,0,-0.311796,0,1.72445,1.80035,10,2069,1.5869,0
1776812891810409726,1.51872,0,-0.311796,0,1.72445,1.80035,10,2069,1.5869,0
1776812891815400699,1.51872,0.00390625,-0.311796,0.00390625,1.80257,1.80257,10,2069,1.5869,0
1776812891820375415,1.51872,0.00390625,-0.311799,0.00390625,1.80257,1.80257,10,2069,1.5869,0
1776812891825401257,1.51872,0,-0.311799,0,1.76993,1.80032,10,2069,1.5869,0
1776812891830398860,1.51872,0,-0.311799,0,1.76993,1.80032,10,2069,1.5869,0
1776812891835407573,1.5189,0,-0.311624,0,1.79693,1.80135,10,2069,1.5869,0
1776812891840396307,1.5189,0,-0.311624,0,1.79693,1.80135,10,2069,1.5869,0
1776812891845403539,1.51872,0,-0.311796,0,1.85495,1.80034,10,2069,1.5869,0
1776812891850413974,1.51872,0.00585938,-0.311796,0.00585938,1.85495,1.80034,10,2069,1.5869,0
1776812891855402337,1.51873,0.00585938,-0.311792,0.00585938,1.80963,1.8037,10,2069,1.5869,0
1776812891860429716,1.51873,0,-0.311792,0,1.80963,1.8037,10,2069,1.5869,0
1776812891865415357,1.5189,0,-0.31162,0,1.79694,1.80137,10,2069,1.5869,0
1776812891870379351,1.5189,0,-0.31162,0,1.79694,1.80137,10,2069,1.5869,0
1776812891875396212,1.5189,0,-0.31162,0,1.80246,1.80137,10,2069,1.5869,0
1776812891880393518,1.5189,0,-0.31162,0,1.80246,1.80137,10,2069,1.5869,0
1776812891885403658,1.5189,0,-0.31162,0,1.83531,1.80137,10,2069,1.5869,0
1776812891890394465,1.5189,0,-0.31162,0,1.83531,1.80137,10,2069,1.5869,0
1776812891895398642,1.5189,0,-0.31162,0,1.80252,1.80137,10,2069,1.5869,0
1776812891900426706,1.5189,0,-0.31162,0,1.80252,1.80137,10,2069,1.5869,0
1776812891905401995,1.5189,0,-0.311617,0,1.73733,1.80137,10,2069,1.5869,0
1776812891910454910,1.5189,0,-0.311617,0,1.73743,1.80139,10,2069,1.5869,0
1776812891915438680,1.5189,0,-0.311617,0,1.73743,1.80139,10,2069,1.5869,0
1776812891920408803,1.5189,0,-0.311617,0,1.73743,1.80139,10,2069,1.5869,0
1776812891925391963,1.5189,0,-0.311617,0,1.80259,1.80139,10,2069,1.5869,0
1776812891930398584,1.5189,0,-0.311617,0,1.80259,1.80139,10,2069,1.5869,0
1776812891935399112,1.5189,0,-0.311617,0,1.82239,1.80139,10,2069,1.5869,0
1776812891940419677,1.5189,0,-0.311617,0,1.82239,1.80139,10,2069,1.5869,0
1776812891945412169,1.5189,0,-0.311617,0,1.80926,1.80139,10,2069,1.5869,0
1776812891950406476,1.5189,0,-0.311617,0,1.80926,1.80139,10,2069,1.5869,0
1776812891955401487,1.5189,0,-0.311617,0,1.80958,1.80139,10,2069,1.5869,0
1776812891960399090,1.5189,0,-0.311617,0,1.7897,1.80139,10,2069,1.5869,0
1776812891965400748,1.5189,0,-0.311617,0,1.7897,1.80139,10,2069,1.5869,0
1776812891970387037,1.5189,0,-0.311617,0,1.7897,1.80139,10,2069,1.5869,0
1776812891975402417,1.5189,0,-0.311617,0,1.80276,1.80139,10,2069,1.5869,0
1776812891980402945,1.51908,0,-0.311441,0,1.80276,1.80139,10,2069,1.5869,0
1776812891985492450,1.51908,0,-0.311441,0,1.80276,1.80139,10,2069,1.5869,0
1776812891990424020,1.51908,0,-0.311441,0,1.82972,1.80241,10,2069,1.5869,0
1776812891995460806,1.51908,0,-0.311441,0,1.78982,1.80241,10,2069,1.5869,0
1776812892000479259,1.51908,0,-0.311441,0,1.78982,1.80241,10,2069,1.5869,0
1776812892005407701,1.51908,0,-0.311441,0,1.80276,1.80241,10,2069,1.5869,0
1776812892010394472,1.51908,0,-0.311441,0,1.80276,1.80241,10,2069,1.5869,0
1776812892015405260,1.51908,0,-0.311441,0,1.77008,1.80241,10,2069,1.5869,0
1776812892020381290,1.51926,0,-0.311265,0,1.77008,1.80241,10,2069,1.5869,0
1776812892025400689,1.51926,0,-0.311265,0,1.8286,1.80343,10,2069,1.5869,0
1776812892030394571,1.51926,0,-0.311265,0,1.8286,1.80343,10,2069,1.5869,0
1776812892035402007,1.51926,0,-0.311265,0,1.77714,1.80343,10,2069,1.5869,0
1776812892040404055,1.51926,0,-0.311265,0,1.77714,1.80343,10,2069,1.5869,0
1776812892045441656,1.51926,0,-0.311265,0,1.82243,1.80343,10,2069,1.5869,0
1776812892050403188,1.51926,0,-0.311265,0,1.82243,1.80343,10,2069,1.5869,0
1776812892055399865,1.51926,0,-0.311265,0,1.7444,1.80343,10,2069,1.5869,0
1776812892060399080,1.51926,0,-0.311265,0,1.7444,1.80343,10,2069,1.5869,0
1776812892065430052,1.51926,0,-0.311265,0,1.82931,1.80343,10,2069,1.5869,0
1776812892070369400,1.51926,0,-0.311265,0,1.82931,1.80343,10,2069,1.5869,0
1776812892075398057,1.51926,0,-0.311265,0,1.83508,1.80343,10,2069,1.5869,0
1776812892080398438,1.51926,0,-0.311265,0,1.83508,1.80343,10,2069,1.5869,0
1776812892085417004,1.51926,0,-0.311265,0,1.75722,1.80343,10,2069,1.5869,0
1776812892090400238,1.51926,0,-0.311265,0,1.75722,1.80343,10,2069,1.5869,0
1776812892095413118,1.51943,0,-0.311093,0,1.74354,1.80443,10,2069,1.5869,0
1776812892100397334,1.51943,0,-0.311093,0,1.74354,1.80443,10,2069,1.5869,0
1776812892105439286,1.51943,0,-0.311093,0,1.7572,1.80443,10,2069,1.5869,0
1776812892110424095,1.51943,0,-0.311093,0,1.7572,1.80443,10,2069,1.5869,0
1776812892115399774,1.51943,0,-0.311093,0,1.80257,1.80443,10,2069,1.5869,0
1776812892120368194,1.51943,-0.00585938,-0.311093,-0.00585938,1.71732,1.80109,10,2069,1.5869,0
1776812892125388148,1.51942,-0.00585938,-0.311096,-0.00585938,1.71732,1.80109,10,2069,1.5869,0
1776812892130403084,1.51942,0,-0.311096,0,1.71732,1.80109,10,2069,1.5869,0
1776812892135396780,1.51942,0,-0.311096,0,1.76991,1.80441,10,2069,1.5869,0
1776812892140406198,1.51942,-0.00390625,-0.311096,-0.00390625,1.76991,1.80441,10,2069,1.5869,0
1776812892145403394,1.51943,-0.00390625,-0.311093,-0.00390625,1.78981,1.8022,10,2069,1.5869,0
1776812892150404979,1.51943,0,-0.311093,0,1.78981,1.8022,10,2069,1.5869,0
1776812892155391917,1.51926,0,-0.311265,0,1.81592,1.80343,10,2069,1.5869,0
1776812892160394094,1.51926,-0.00195312,-0.311265,-0.00195312,1.81592,1.80343,10,2069,1.5869,0
1776812892165395753,1.51926,-0.00195312,-0.311265,-0.00195312,1.71781,1.80231,10,2069,1.5869,0
1776812892170460649,1.51943,-0.00195312,-0.311086,-0.00195312,1.71781,1.80231,10,2069,1.5869,0
1776812892175407385,1.51943,-0.00195312,-0.311086,-0.00195312,1.79698,1.80336,10,2069,1.5869,0
1776812892180402433,1.51943,-0.00195312,-0.311086,-0.00195312,1.79698,1.80336,10,2069,1.5869,0
1776812892185402888,1.51943,-0.00195312,-0.311086,-0.00195312,1.77707,1.80336,10,2069,1.5869,0
1776812892190427620,1.51943,-0.00195312,-0.311089,-0.00195312,1.77707,1.80336,10,2069,1.5869,0
1776812892195399929,1.51943,-0.00195312,-0.311089,-0.00195312,1.80248,1.80334,10,2069,1.5869,0
1776812892200405439,1.51943,-0.00195312,-0.311089,-0.00195312,1.80248,1.80334,10,2069,1.5869,0
1776812892205395358,1.51943,0.00195312,-0.311089,0.00195312,1.75128,1.80556,10,2069,1.5869,0
1776812892210402554,1.51943,0.00195312,-0.311089,0.00195312,1.75128,1.80556,10,2069,1.5869,0
1776812892215397084,1.51943,-0.00195312,-0.311089,-0.00195312,1.83528,1.80334,10,2069,1.5869,0
1776812892220370985,1.51943,-0.00195312,-0.311093,-0.00195312,1.83528,1.80334,10,2069,1.5869,0
1776812892225386199,1.51943,-0.00195312,-0.311093,-0.00195312,1.82234,1.80332,10,2069,1.5869,0
1776812892230394265,1.51943,-0.00195312,-0.311093,-0.00195312,1.82234,1.80332,10,2069,1.5869,0
1776812892235390405,1.51943,-0.00585938,-0.311093,-0.00585938,1.82245,1.80109,10,2069,1.5869,0
1776812892240392435,1.51943,-0.00585938,-0.311093,-0.00585938,1.82245,1.80109,10,2069,1.5869,0
1776812892245405667,1.51943,-0.00585938,-0.311093,-0.00585938,1.83518,1.80109,10,2069,1.5869,0
1776812892250393308,1.51943,0.0117188,-0.311093,0.0117188,1.83518,1.80109,10,2069,1.5869,0
1776812892255398374,1.51943,0.0117188,-0.311093,0.0117188,1.71777,1.81111,10,2069,1.5869,0
1776812892260396219,1.51943,0.0078125,-0.311093,0.0078125,1.71777,1.81111,10,2069,1.5869,0
1776812892265402007,1.5196,0.0078125,-0.310917,0.0078125,1.71205,1.8099,10,2069,1.5869,0
1776812892270370983,1.5196,0.00976562,-0.310917,0.00976562,1.71205,1.8099,10,2069,1.5869,0
1776812892275407343,1.51961,0.00976562,-0.310914,0.00976562,1.78981,1.81104,10,2069,1.5869,0
1776812892280395632,1.51961,0.0078125,-0.310914,0.0078125,1.78981,1.81104,10,2069,1.5869,0
1776812892285393717,1.51978,0.0078125,-0.310741,0.0078125,1.80994,1.81092,10,2069,1.5869,0
1776812892290395487,1.51978,0.0078125,-0.310741,0.0078125,1.80994,1.81092,10,2069,1.5869,0
1776812892295412201,1.51978,0.0078125,-0.310738,0.0078125,1.80526,1.81094,10,2069,1.5869,0
1776812892300450969,1.51978,0,-0.310738,0,1.85497,1.80649,10,2069,1.5869,0
1776812892305423500,1.51978,0,-0.310742,0,1.85497,1.80649,10,2069,1.5869,0
1776812892310397401,1.51978,-0.0078125,-0.310742,-0.0078125,1.85497,1.80649,10,2069,1.5869,0
1776812892315403115,1.51978,-0.0078125,-0.310742,-0.0078125,1.74392,1.80202,10,2069,1.5869,0
1776812892320371721,1.51995,-0.0078125,-0.310566,-0.0078125,1.74392,1.80202,10,2069,1.5869,0
1776812892325397508,1.51995,-0.00195312,-0.310566,-0.00195312,1.763,1.80638,10,2069,1.5869,0
1776812892330388964,1.51995,-0.00195312,-0.310573,-0.00195312,1.763,1.80638,10,2069,1.5869,0
1776812892335396326,1.51995,0.00585938,-0.310573,0.00585938,1.77701,1.81079,10,2069,1.5869,0
1776812892340395429,1.51994,0.00585938,-0.31058,0.00585938,1.77701,1.81079,10,2069,1.5869,0
1776812892345454585,1.51994,0.015625,-0.31058,0.015625,1.8354,1.81631,10,2069,1.5869,0
1776812892350423672,1.51994,0.015625,-0.310577,0.015625,1.8354,1.81631,10,2069,1.5869,0
1776812892355409165,1.51994,0.0253906,-0.310577,0.0253906,1.80962,1.8219,10,2069,1.5869,0
1776812892360393992,1.52029,0.0253906,-0.310228,0.0253906,1.80962,1.8219,10,2069,1.5869,0
1776812892365396650,1.52029,0.0234375,-0.310228,0.0234375,1.80273,1.82281,10,2069,1.5869,0
1776812892370384718,1.5203,0.0234375,-0.310225,0.0234375,1.80273,1.82281,10,2069,1.5869,0
1776812892375414690,1.5203,0.0214844,-0.310225,0.0214844,1.85508,1.82171,10,2069,1.5869,0
1776812892380403905,1.52065,0.0214844,-0.309873,0.0214844,1.85508,1.82171,10,2069,1.5869,0
1776812892385401249,1.52065,0.0214844,-0.309873,0.0214844,1.85508,1.82375,10,2069,1.5869,0
1776812892390409778,1.52065,0.0214844,-0.309873,0.0214844,1.85508,1.82375,10,2069,1.5869,0
1776812892395400141,1.52082,0.0214844,-0.309698,0.0214844,1.82237,1.82478,10,2069,1.5869,0
1776812892400404522,1.52082,0.0332031,-0.309698,0.0332031,1.78929,1.83146,10,2069,1.5869,0
1776812892405414477,1.52135,0.0332031,-0.30917,0.0332031,1.78929,1.83146,10,2069,1.5869,0
1776812892410417173,1.52135,0.0390625,-0.30917,0.0390625,1.78929,1.83146,10,2069,1.5869,0
1776812892415395574,1.5217,0.0390625,-0.308818,0.0390625,1.82239,1.8399,10,2069,1.5869,0
1776812892420377456,1.5217,0.0605469,-0.308818,0.0605469,1.82239,1.8399,10,2069,1.5869,0
1776812892425391244,1.52223,0.0605469,-0.308294,0.0605469,1.78337,1.85519,10,2069,1.5869,0
1776812892430402551,1.52223,0.0859375,-0.308294,0.0859375,1.78337,1.85519,10,2069,1.5869,0
1776812892435395136,1.52292,0.0859375,-0.307601,0.0859375,1.82911,1.87368,10,2069,1.5869,0
1776812892440417664,1.52292,0.113281,-0.307601,0.113281,1.82911,1.87368,10,2069,1.5869,0
1776812892445397898,1.52379,0.113281,-0.306728,0.113281,1.84887,1.89433,10,2069,1.5869,0
1776812892450404409,1.52379,0.138672,-0.306728,0.138672,1.90993,1.9088,10,2069,1.5869,0
1776812892455399531,1.52519,0.138672,-0.305332,0.138672,1.90993,1.9088,10,2069,1.5869,0
1776812892460401060,1.52519,0.167969,-0.305332,0.167969,2.01219,1.93359,10,2069,1.5869,0
1776812892465400830,1.52519,0.167969,-0.305332,0.167969,2.01219,1.93359,10,2069,1.5869,0
1776812892470369084,1.52677,0.167969,-0.303752,0.167969,2.01219,1.93359,10,2070,1.58767,0.153399
1776812892475387131,1.52677,0.240234,-0.302985,0.393633,1.97323,1.98394,10,2070,1.58767,0
1776812892480471637,1.53047,0.240234,-0.299285,0.240234,1.97323,1.98394,10,2071,1.58844,0
1776812892485412670,1.53047,0.261719,-0.298518,0.261719,1.99362,2.0176,10,2071,1.58844,0.153429
1776812892490406718,1.53224,0.261719,-0.296746,0.415148,1.99362,2.0176,10,2072,1.5892,0.153337
1776812892495398562,1.53295,0.283203,-0.294504,0.283203,1.90585,2.0401,10,2073,1.58997,0
1776812892500429905,1.53295,0.326172,-0.294504,0.326172,2.05032,2.06868,10,2074,1.59074,0.153368
1776812892505463747,1.53667,0.326172,-0.290014,0.47954,2.05032,2.06868,10,2075,1.59151,0.153429
1776812892510413002,1.53667,0.355469,-0.289247,0.508898,2.05032,2.06868,10,2076,1.59227,0.306797
1776812892515431363,1.54005,0.355469,-0.285105,0.662266,1.96298,2.12635,10,2078,1.59381,0.153399
1776812892520379285,1.54005,0.367188,-0.283571,0.520586,1.96298,2.12635,10,2080,1.59534,0.306797
1776812892525386517,1.54378,0.367188,-0.278301,0.673985,2.05897,2.15455,10,2081,1.59611,0.153368
1776812892530394287,1.54378,0.396484,-0.277534,0.549852,2.05897,2.15455,10,2083,1.59764,0.30692
1776812892535405742,1.5477,0.396484,-0.271316,0.703281,2.10958,2.17125,10,2085,1.59917,0.306797
1776812892540397290,1.5477,0.443359,-0.270549,0.750156,2.15666,2.2205,10,2087,1.60071,0.153399
1776812892545424503,1.55199,0.443359,-0.264727,0.596758,2.15666,2.2205,10,2089,1.60224,0.45992
1776812892550446549,1.55199,0.488281,-0.263193,0.948201,2.15666,2.2205,10,2091,1.60378,0.306981
1776812892555405341,1.55557,0.488281,-0.25808,0.795262,2.25478,2.29127,10,2093,1.60531,0.306674
1776812892560397667,1.55557,0.529297,-0.256546,0.835971,2.25478,2.29127,10,2096,1.60761,0.306858
1776812892565432750,1.56186,0.529297,-0.247952,0.836155,2.22271,2.35068,10,2098,1.60915,0.460196
1776812892570379393,1.56186,0.564453,-0.246418,1.02465,2.22271,2.35068,10,2100,1.61068,0.306797
1776812892575397959,1.56329,0.564453,-0.243449,0.87125,2.20069,2.37892,10,2103,1.61298,0.460104
1776812892580387470,1.56329,0.660156,-0.241148,1.12026,2.20069,2.37892,10,2106,1.61528,0.460288
1776812892585401239,1.57395,0.660156,-0.228194,1.12044,2.32891,2.49424,10,2109,1.61758,0.460196
1776812892590390177,1.57395,0.673828,-0.225893,1.13402,2.32891,2.49424,10,2113,1.62065,0.460264
1776812892595397743,1.57559,0.673828,-0.221186,1.13409,2.38993,2.51137,10,2117,1.62372,0.613349
1776812892600395772,1.57559,0.628906,-0.218118,1.24225,2.38993,2.51137,10,2121,1.62679,0.613717
1776812892605402931,1.58721,0.628906,-0.200354,1.2425,2.3343,2.48576,10,2127,1.63139,0.613594
1776812892610425570,1.58721,0.53125,-0.19882,1.14484,2.36195,2.49611,10,2131,1.63446,0.613717
1776812892615409175,1.5947,0.53125,-0.188269,1.14497,2.36195,2.49611,10,2136,1.63829,0.766686
1776812892620375706,1.5947,0.474609,-0.184434,1.2413,2.36195,2.49611,10,2141,1.64213,0.766993
1776812892625384957,1.5971,0.474609,-0.178198,1.2416,2.60044,2.51973,10,2146,1.64596,0.920575
1776812892630403504,1.5971,0.404297,-0.174363,1.32487,2.60044,2.51973,10,2151,1.6498,0.920575
1776812892635391330,1.5993,0.404297,-0.168327,1.32487,2.63488,2.49207,10,2157,1.6544,0.920207
1776812892640390637,1.5993,0.224609,-0.163725,1.14482,2.63488,2.49207,10,2164,1.65977,0.920575
1776812892645392296,1.60466,0.224609,-0.153001,1.14518,2.39502,2.41982,10,2170,1.66437,0.919999
1776812892650395085,1.60466,0.214844,-0.148399,1.13484,2.39502,2.41982,10,2176,1.66897,0.920759
1776812892655394299,1.60521,0.214844,-0.143245,1.1356,2.31894,2.41736,10,2183,1.67434,1.07379
1776812892660401421,1.60521,0.162109,-0.137876,1.2359,2.31894,2.41736,10,2192,1.68124,1.22694
1776812892665393877,1.60874,0.162109,-0.127444,1.38905,2.38902,2.40715,10,2199,1.68661,1.07379
1776812892670373648,1.60874,0.107422,-0.122075,1.18121,2.38902,2.40715,10,2206,1.69198,1.22719
1776812892675385195,1.60874,0.107422,-0.116706,1.33461,2.62441,2.37598,10,2215,1.69888,1.22719
1776812892680419223,1.6091,0.107422,-0.109437,1.33461,2.62441,2.37598,10,2223,1.70502,1.37891
1776812892685515654,1.6091,-0.09375,-0.103302,1.28516,2.31784,2.26337,10,2235,1.71422,1.22866
1776812892690433132,1.60872,-0.09375,-0.0944779,1.13491,2.31784,2.26337,10,2241,1.71883,1.22694
1776812892695401701,1.60872,-0.0742188,-0.0898759,1.15272,2.13158,2.27236,10,2249,1.72496,1.22768
1776812892700406859,1.60817,-0.0742188,-0.0842959,1.15346,2.13158,2.27236,10,2255,1.72956,1.22694
1776812892705397019,1.60817,-0.0898438,-0.0796939,1.1371,2.39227,2.26033,10,2266,1.738,1.38059
1776812892710402530,1.60741,-0.0898438,-0.0720135,1.29074,2.39227,2.26033,10,2272,1.7426,1.22743
1776812892715398170,1.60741,-0.162109,-0.0674115,1.06532,2.36321,2.21489,10,2283,1.75104,1.38001
1776812892720373127,1.60629,-0.162109,-0.0600903,1.2179,2.36321,2.21489,10,2289,1.75564,1.38114
1776812892725389211,1.60629,-0.197266,-0.0554883,1.18387,2.17441,2.18857,10,2300,1.76408,1.22694
1776812892730390629,1.60444,-0.197266,-0.0489033,1.02968,2.17441,2.18857,10,2307,1.76945,1.38086
1776812892735398677,1.60444,-0.166016,-0.0435344,1.21485,2.21391,2.19596,10,2319,1.77865,1.2267
1776812892740404447,1.60258,-0.166016,-0.0361977,1.06068,2.21391,2.19596,10,2325,1.78325,1.5346
1776812892745426863,1.60258,-0.166016,-0.0315957,1.36858,2.10772,2.18545,10,2337,1.79246,1.38029
1776812892750402154,1.60258,-0.166016,-0.0223919,1.21427,2.10772,2.18545,10,2344,1.79783,1.53429
1776812892755406646,1.6009,-0.166016,-0.0186944,1.36828,2.02954,2.17603,10,2355,1.80626,1.53399
1776812892760392139,1.6009,-0.214844,-0.0102575,1.31914,2.02954,2.17603,10,2366,1.8147,1.38031
1776812892765407630,1.59812,-0.214844,-0.00460505,1.16547,2.13107,2.1325,10,2374,1.82084,1.53429
1776812892770370866,1.59812,-0.193359,0.00153089,1.34093,2.13107,2.1325,10,2385,1.82927,1.38059
1776812892775393023,1.59591,-0.193359,0.00776291,1.18723,2.28648,2.1323,10,2393,1.83541,1.53365
1776812892780397460,1.59591,-0.195312,0.0138988,1.33834,2.28648,2.1323,10,2404,1.84308,1.38059
1776812892785395823,1.59408,-0.195312,0.0205029,1.18527,2.16568,2.12083,10,2412,1.84998,1.53399
1776812892790408425,1.59408,-0.189453,0.0266389,1.34453,2.16568,2.12083,10,2422,1.85765,1.38059
1776812892795421213,1.59207,-0.189453,0.0322986,1.19113,2.134,2.1128,10,2431,1.86455,1.53429
1776812892800443538,1.59207,-0.167969,0.0392015,1.36632,2.134,2.1128,10,2443,1.87376,1.53399
1776812892805407625,1.59042,-0.167969,0.0467533,1.36602,2.15362,2.1157,10,2452,1.88066,1.53396
1776812892810401840,1.59042,-0.158203,0.0536562,1.37576,2.15362,2.1157,10,2464,1.88986,1.68705
1776812892815406739,1.58878,-0.158203,0.0612193,1.52884,1.99668,2.11198,10,2473,1.89677,1.53429
1776812892820376252,1.58878,-0.138672,0.0681223,1.39562,1.99668,2.11198,10,2485,1.90597,1.68671
1776812892825390595,1.58715,-0.138672,0.0826048,1.54905,2.07825,2.12312,10,2499,1.91671,1.68772
1776812892830399809,1.58715,-0.126953,0.0864397,1.56077,2.14109,2.1206,10,2510,1.92515,1.53427
1776812892835407282,1.58588,-0.126953,0.0936069,1.40732,2.14109,2.1206,10,2518,1.93128,1.68738
1776812892840422626,1.58588,-0.138672,0.0997429,1.54871,2.14109,2.1206,10,2528,1.93895,1.68705
1776812892845395583,1.58462,-0.138672,0.106147,1.54837,2.08143,2.09954,10,2537,1.94585,1.53399
1776812892850409315,1.58462,-0.148438,0.11305,1.38555,2.08143,2.09954,10,2549,1.95506,1.68705
1776812892855397975,1.58317,-0.148438,0.120805,1.53861,1.98989,2.08576,10,2559,1.96273,1.6877
1776812892860394375,1.58317,-0.126953,0.128475,1.56074,1.98989,2.08576,10,2571,1.97193,1.68671
1776812892865397682,1.58174,-0.126953,0.136246,1.55976,2.16286,2.08987,10,2581,1.9796,1.68806
1776812892870372250,1.58174,-0.125,0.143916,1.56306,2.16286,2.08987,10,2593,1.98881,1.68772
1776812892875384945,1.58047,-0.125,0.151857,1.56272,2.07746,2.08382,10,2603,1.99648,1.68738
1776812892880389955,1.58047,-0.111328,0.159527,1.57606,2.07746,2.08382,10,2616,2.00645,1.84039
1776812892885404391,1.57922,-0.111328,0.168246,1.72906,2.12493,2.0845,10,2626,2.01412,1.68738
1776812892890390329,1.57922,-0.0878906,0.175915,1.59949,2.12493,2.0845,10,2638,2.02332,1.68772
1776812892895408209,1.57814,-0.0878906,0.190941,1.59916,1.95064,2.09786,10,2653,2.03483,1.68705
1776812892900400757,1.57814,-0.105469,0.195543,1.58158,2.13612,2.08169,10,2664,2.04326,1.68772
1776812892905403305,1.57669,-0.105469,0.202526,1.58225,2.13612,2.08169,10,2672,2.0494,1.84078
1776812892910393039,1.57669,-0.111328,0.208662,1.72945,2.13612,2.08169,10,2684,2.0586,1.68738
1776812892915474952,1.57615,-0.111328,0.217324,1.57606,2.13911,2.067,10,2694,2.06627,1.84
1776812892920385783,1.57615,-0.142578,0.224994,1.69742,2.13911,2.067,10,2709,2.07778,1.84152
1776812892925430384,1.57487,-0.142578,0.235227,1.69894,2.00462,2.04196,10,2720,2.08621,1.99418
1776812892930454060,1.57487,-0.164062,0.243664,1.83012,2.00462,2.04196,10,2735,2.09772,1.99418
1776812892935421332,1.57342,-0.164062,0.253715,1.83012,2.18851,2.02143,10,2746,2.10616,1.99338
1776812892940404900,1.57342,-0.162109,0.262152,1.83127,2.18851,2.02143,10,2761,2.11766,1.99498
1776812892945442112,1.57105,-0.162109,0.271283,1.83287,1.9054,2.00902,10,2772,2.1261,2.14758
1776812892950405847,1.57105,-0.179688,0.27972,1.96789,1.9054,2.00902,10,2788,2.13837,1.99378
1776812892955408599,1.57014,-0.179688,0.291085,1.81409,2.19106,1.99383,10,2800,2.14757,1.99418
1776812892960405258,1.57014,-0.197266,0.300289,1.79691,2.19106,1.99383,10,2815,2.15908,2.14753
1776812892965405324,1.56724,-0.197266,-0.311759,1.95074,1.87663,1.98381,10,2830,2.17058,2.14801
1776812892970393892,1.56724,-0.197266,-0.307924,1.95074,1.87663,1.98381,10,2832,2.17212,1.38059
1776812892975389014,1.56614,-0.197266,-0.307482,1.18332,2.19447,1.96101,10,2832,2.17212,0.306797
1776812892980402876,1.56614,2.01758,-0.307482,2.32438,2.19447,1.96101,10,2826,2.16751,-0.459828
1776812892985396017,1.57317,2.01758,-0.305053,1.55775,2.64711,3.26357,10,2821,2.16368,-0.921128
1776812892990406675,1.57317,2.88672,-0.308888,1.96559,2.64711,3.26357,10,2818,2.16138,-0.613471
1776812892995399205,1.58663,2.88672,-0.297736,2.27325,2.8408,3.8354,10,2818,2.16138,-0.153399
1776812893000403104,1.58663,1.76172,-0.297736,1.60832,2.8408,3.8354,10,2819,2.16215,0
1776812893005398746,1.62157,1.76172,-0.262022,1.76172,2.86698,3.39091,10,2822,2.16445,0.306858
1776812893010411979,1.62157,1.3457,-0.259721,1.65256,2.86698,3.39091,10,2829,2.16982,0.766839
1776812893015407509,1.62922,1.3457,-0.246707,2.11254,2.46587,3.19648,10,2834,2.17365,0.920575
1776812893020398669,1.62922,0.746094,-0.242872,1.66667,2.46587,3.19648,10,2842,2.17979,1.07379
1776812893025389922,1.64363,0.705078,-0.217728,1.77865,2.56616,2.93484,10,2853,2.18822,1.07357
1776812893030404766,1.64363,0.705078,-0.213893,1.77865,2.56616,2.93484,10,2858,2.19206,1.38059
1776812893035398592,1.64739,0.705078,-0.206299,2.08566,2.67393,2.93229,10,2867,2.19896,1.22719
1776812893040402752,1.64739,0.53125,-0.199396,1.75844,2.67393,2.93229,10,2875,2.2051,1.22719
1776812893045400411,1.65665,0.53125,-0.183996,1.75844,3.24442,2.88443,10,2886,2.21353,1.38086
1776812893050408274,1.65665,0.421875,-0.175559,1.80274,3.24442,2.88443,10,2895,2.22044,1.53337
1776812893055456931,1.65911,0.421875,-0.166193,1.95525,3.22406,2.83568,10,2907,2.22964,1.68806
1776812893060426055,1.65911,-0.0878906,-0.15699,1.60017,3.22406,2.83568,10,2918,2.23808,1.687
1776812893065402828,1.6616,-0.0878906,-0.146066,1.59911,2.84313,2.55882,10,2931,2.24805,1.84115
1776812893070423930,1.6616,-0.1875,-0.136095,1.65365,2.84313,2.55882,10,2943,2.25725,1.99378
1776812893075401573,1.66084,-0.1875,-0.127647,1.80628,2.66496,2.49788,10,2958,2.26876,1.99418
1776812893080399566,1.66084,-0.349609,-0.116142,1.64457,2.66496,2.49788,10,2971,2.27873,2.14758
1776812893085405077,1.65681,-0.349609,-0.110199,1.79797,2.36247,2.38326,10,2988,2.29177,2.14715
1776812893090399200,1.65681,-0.378906,-0.0971604,1.76824,2.36247,2.38326,10,3002,2.30251,2.45487
1776812893095409470,1.65492,-0.378906,-0.0883198,2.07596,2.41555,2.35609,10,3019,2.31554,2.45487
1776812893100401852,1.65492,-0.560547,-0.0752811,1.89432,2.41555,2.35609,10,3034,2.32705,2.45433
1776812893105405345,1.65492,-0.560547,-0.0637762,1.89378,2.37409,2.25255,10,3051,2.34009,2.45241
1776812893110401561,1.64795,-0.560547,-0.0577047,1.89187,2.37409,2.25255,10,3062,2.34852,2.30236
1776812893115408701,1.64795,-0.716797,-0.0492678,1.58556,2.42444,2.12495,10,3082,2.36386,2.45487
1776812893120384344,1.63817,-0.716797,-0.0437096,1.73807,2.42444,2.12495,10,3093,2.3723,2.45389
1776812893125393799,1.63817,-0.726562,-0.0352727,1.72732,2.16158,2.06511,10,3113,2.38764,2.45095
1776812893130402532,1.6346,-0.726562,-0.0234964,1.72438,2.16158,2.06511,10,3125,2.39684,2.3042
1776812893135396266,1.6346,-0.646484,-0.0142927,1.65772,2.23311,2.09094,10,3144,2.41142,2.45482
1776812893140398000,1.62429,-0.646484,-0.0100307,1.80834,2.23311,2.09094,10,3156,2.42062,2.30098
1776812893145408955,1.62429,-0.628906,-0.000826818,1.67207,1.95472,2.04345,10,3174,2.43443,2.30052
1776812893150396579,1.62113,-0.628906,0.00981941,1.67161,1.95472,2.04345,10,3185,2.44286,2.2996
1776812893155399053,1.62113,-0.617188,0.0182563,1.68241,2.13976,2.03247,10,3204,2.45744,2.14844
1776812893160391157,1.61169,-0.617188,0.0233818,1.53125,2.13976,2.03247,10,3215,2.46587,2.30144
1776812893165395409,1.61169,-0.636719,0.0318188,1.66472,1.92631,1.96839,10,3235,2.48121,2.45487
1776812893170395736,1.60873,-0.636719,0.0441971,1.81815,1.92631,1.96839,10,3247,2.49042,2.45433
1776812893175402080,1.60873,-0.660156,0.053401,1.79417,2.13425,1.9384,10,3266,2.50499,2.30098
1776812893180400129,1.59862,-0.660156,0.0663098,1.79079,1.88557,1.88152,10,3285,2.51956,2.45095
1776812893185397066,1.59862,-0.609375,0.0724458,1.84157,1.88557,1.88152,10,3295,2.52723,2.15016
1776812893190397967,1.59238,-0.609375,0.0738732,1.54078,1.88557,1.88152,10,3306,2.53567,2.30144
1776812893195402681,1.59238,-0.580078,0.0823101,1.72136,2.0227,1.8919,10,3324,2.54948,2.14715
1776812893200504835,1.58928,-0.580078,0.0930129,1.56707,2.0227,1.8919,10,3335,2.55791,2.14758
1776812893205417333,1.58928,-0.503906,0.10145,1.64367,1.77463,1.91777,10,3353,2.57172,2.30139
1776812893210402716,1.58398,-0.503906,0.109958,1.79748,1.77463,1.91777,10,3365,2.58092,2.30052
1776812893215450502,1.58398,-0.4375,0.119162,1.86302,1.90501,1.9256,10,3384,2.5955,2.30098
1776812893220404924,1.57689,-0.4375,0.126644,1.86348,1.90501,1.9256,10,3395,2.60393,2.30098
1776812893225410120,1.57689,-0.447266,0.135081,1.85371,1.87405,1.87976,10,3415,2.61927,2.45438
1776812893230418539,1.57471,-0.447266,0.148239,2.00711,1.87405,1.87976,10,3426,2.62771,2.30144
1776812893235409069,1.57471,-0.460938,0.156676,1.8405,2.02146,1.85955,10,3445,2.64228,2.30052
1776812893240397470,1.56802,-0.460938,0.164559,1.83958,2.02146,1.85955,10,3457,2.65149,2.45438
1776812893245396482,1.56802,-0.449219,0.173763,2.00516,1.82208,1.82811,10,3478,2.66759,2.45433
1776812893250405530,1.5655,-0.449219,0.19655,2.15856,1.86627,1.8137,10,3500,2.68447,2.60777
1776812893255397319,1.5655,-0.396484,0.20422,2.21129,1.86627,1.8137,10,3512,2.69367,2.60777
1776812893260406978,1.56117,-0.396484,0.209096,2.21129,1.86627,1.8137,10,3528,2.70594,2.60777
1776812893265398398,1.56117,-0.330078,0.221368,2.2777,1.66048,1.85687,10,3546,2.71975,2.60777
1776812893270367856,1.55578,-0.330078,0.229782,2.2777,1.66048,1.85687,10,3558,2.72895,2.45389
1776812893275410309,1.55578,-0.314453,0.238985,2.13943,1.74008,1.83491,10,3578,2.74429,2.60825
1776812893280397914,1.55273,-0.314453,0.251275,2.2938,1.74008,1.83491,10,3591,2.75426,2.6083
1776812893285398351,1.55273,-0.324219,0.261246,2.28408,1.96839,1.81185,10,3613,2.77114,2.60777
1776812893290407992,1.55094,-0.324219,0.276335,2.28356,1.96839,1.81185,10,3626,2.78111,2.76007
1776812893295406040,1.55094,-0.335938,0.286306,2.42413,1.56256,1.79492,10,3649,2.79875,2.76007
1776812893300400478,1.54773,-0.335938,0.300734,2.42413,1.56256,1.79492,10,3662,2.80872,2.60934
1776812893305396008,1.54773,-0.341797,0.310704,2.26754,1.87068,1.77313,10,3683,2.82483,2.60725
1776812893310471015,1.54435,-0.341797,-0.304887,2.26546,1.87068,1.77313,10,3694,2.83326,2.45531
1776812893315412123,1.54435,-0.339844,-0.29645,2.11547,1.59913,1.7548,10,3704,2.84093,1.99418
1776812893320379025,1.53332,-0.339844,-0.301341,0.12026,2.23858,1.69121,10,3697,2.83556,0.460104
1776812893325393795,1.53332,2.14648,-0.305176,2.60659,2.23858,1.69121,10,3690,2.83019,-1.22719
1776812893330398936,1.53963,2.14648,-0.304239,0.919296,2.23858,1.69121,10,3687,2.82789,-1.07379
1776812893335438871,1.53963,3.32422,-0.30654,2.25043,2.60572,3.81612,10,3683,2.82483,-0.613594
1776812893340436975,1.5703,3.32422,-0.278931,2.71062,2.60572,3.81612,10,3683,2.82483,-0.306858
1776812893345448301,1.5703,2.49219,-0.278931,2.18533,2.17684,3.51774,10,3684,2.82559,0
1776812893350490013,1.58476,2.49219,-0.263709,2.49219,2.17684,3.51774,10,3686,2.82713,0.306797
1776812893355433065,1.58476,1.61328,-0.262175,1.92008,2.2277,3.09895,10,3692,2.83173,0.613349
1776812893360405708,1.60487,1.61328,-0.237465,2.22663,2.2277,3.09895,10,3695,2.83403,0.613717
1776812893365466790,1.60487,1.25586,-0.235164,1.86958,2.24095,3.00883,10,3703,2.84017,0.920391
1776812893370464431,1.62505,1.25586,-0.208847,2.17625,2.24095,3.00883,10,3708,2.844,0.920207
1776812893375444907,1.62505,1.23047,-0.205012,2.15068,2.7658,3.10751,10,3718,2.85167,1.07422
1776812893380406698,1.63179,1.23047,-0.190601,2.30469,2.7658,3.10751,10,3724,2.85627,1.38031
1776812893385410839,1.63179,0.84375,-0.185999,2.22406,3.05048,2.92469,10,3736,2.86548,1.38086
1776812893390416980,1.64721,0.84375,-0.15601,2.37774,3.45158,3.01034,10,3749,2.87545,1.53399
1776812893395420899,1.64721,0.6875,-0.151408,2.22149,3.45158,3.01034,10,3757,2.88158,1.53399
1776812893400409651,1.65139,0.6875,-0.141087,2.22149,3.45158,3.01034,10,3766,2.88849,1.84078
1776812893405412255,1.65139,0.0898438,-0.134185,1.93063,3.3529,2.60378,10,3781,2.89999,1.68705
1776812893410398194,1.65693,0.0898438,-0.117141,1.77689,3.3529,2.60378,10,3790,2.90689,1.99453
1776812893415430259,1.65693,-0.0117188,-0.110239,1.98281,2.5803,2.57649,10,3806,2.91917,1.84078
1776812893420394291,1.6571,-0.0117188,-0.0977921,1.82906,2.5803,2.57649,10,3815,2.92607,1.99219
1776812893425386340,1.6571,-0.121094,-0.0908892,1.87109,2.42398,2.51511,10,3832,2.93911,1.84262
1776812893430422701,1.65646,-0.121094,-0.0784979,1.72153,2.42398,2.51511,10,3842,2.94678,2.14758
1776812893435409084,1.65646,-0.166016,-0.0708279,1.98156,2.14909,2.48593,10,3862,2.96212,2.30098
1776812893440445426,1.65568,-0.166016,-0.0562609,2.13496,2.14909,2.48593,10,3874,2.97132,2.45389
1776812893445399607,1.65568,-0.449219,-0.047057,2.00467,2.62054,2.32024,10,3895,2.98743,2.45438
1776812893450408618,1.65137,-0.449219,-0.0352615,2.00516,2.62054,2.32024,10,3908,2.9974,2.60773
1776812893455401593,1.65137,-0.560547,-0.0252906,2.04718,2.48232,2.23295,10,3930,3.01427,2.76062
1776812893460398382,1.64836,-0.560547,-0.00222765,2.04775,2.31274,2.21627,10,3952,3.03115,2.6083
1776812893465399060,1.64836,-0.722656,0.0054423,1.88564,2.31274,2.21627,10,3964,3.04035,2.6083
1776812893470385165,1.63915,-0.722656,0.00543944,1.88564,2.31274,2.21627,10,3982,3.05416,2.91399
1776812893475385195,1.63915,-0.703125,0.0192453,2.21086,2.15604,2.08393,10,4003,3.07026,2.91457
1776812893480392373,1.63145,-0.703125,0.0276541,2.21145,2.15604,2.08393,10,4017,3.081,2.76113
1776812893485399977,1.63145,-0.683594,0.038392,2.07753,2.02441,2.05223,10,4041,3.09941,3.06797
1776812893490399859,1.62506,-0.683594,0.0504109,2.38438,2.02441,2.05223,10,4056,3.11091,2.91515
1776812893495399185,1.62506,-0.699219,0.0619158,2.21594,2.06643,2.00768,10,4080,3.12932,3.06736
1776812893500409399,1.62115,-0.699219,0.0764062,2.36814,2.06643,2.00768,10,4095,3.14083,2.91515
1776812893505401004,1.62115,-0.798828,0.087911,2.11633,2.0853,1.929,10,4120,3.16,3.06736
1776812893510401775,1.61059,-0.798828,0.0965306,2.26853,2.0853,1.929,10,4135,3.17151,3.22003
1776812893515392472,1.61059,-0.839844,0.108035,2.38019,1.86412,1.84646,10,4161,3.19145,3.0692
1776812893520380929,1.60581,-0.839844,0.123195,2.22935,1.86412,1.84646,10,4175,3.20218,3.06736
1776812893525397920,1.60581,-0.863281,0.133933,2.20408,1.94416,1.80621,10,4198,3.21983,2.91457
1776812893530393321,1.60581,-0.863281,0.151573,2.05129,1.94416,1.80621,10,4212,3.23056,2.76173
1776812893535404073,1.59353,-0.863281,0.150033,1.89844,1.82099,1.73697,10,4232,3.2459,2.76057
1776812893540405121,1.59353,-0.75,0.165372,2.01057,1.82099,1.73697,10,4253,3.26201,3.06552
1776812893545417891,1.58128,-0.75,0.169229,2.31552,1.82199,1.73214,10,4275,3.27888,2.91691
1776812893550402422,1.58128,-0.730469,0.186103,2.18644,1.82199,1.73214,10,4292,3.29192,2.91574
1776812893555396397,1.5769,-0.730469,0.194765,2.18527,1.69003,1.7184,10,4313,3.30803,2.91457
1776812893560440646,1.5769,-0.642578,0.210871,2.27199,1.69003,1.7184,10,4330,3.32107,2.91399
1776812893565411363,1.56657,-0.642578,0.213578,2.27141,1.71687,1.70963,10,4349,3.33564,2.76113
1776812893570391783,1.56657,-0.644531,0.228151,2.11659,1.71687,1.70963,10,4367,3.34945,2.91399
1776812893575386832,1.56334,-0.644531,0.238723,2.26946,1.57556,1.69004,10,4389,3.36555,2.91457
1776812893580399861,1.56334,-0.613281,0.255596,2.30129,1.57556,1.69004,10,4407,3.38013,3.0692
1776812893585424186,1.55402,-0.613281,0.260085,2.45592,1.48878,1.6545,10,4429,3.397,3.21751
1776812893590404421,1.55402,-0.609375,0.276959,2.60813,1.48878,1.6545,10,4447,3.41081,3.07104
1776812893595401173,1.55099,-0.609375,0.287735,2.46167,1.56926,1.63934,10,4469,3.42768,3.06854
1776812893600393741,1.55099,-0.572266,0.304608,2.49627,1.56926,1.63934,10,4489,3.44302,3.06736
1776812893605403326,1.55099,-0.572266,-0.30837,2.49509,1.4513,1.66049,10,4510,3.45913,3.37005
1776812893610394949,1.54171,-0.572266,-0.30154,2.79778,1.4513,1.66049,10,4518,3.46526,2.61091
1776812893615397183,1.54171,0.21875,-0.295404,2.82966,1.79607,2.05802,10,4513,3.46143,0.767299
1776812893620372177,1.53585,0.21875,-0.305106,0.986049,1.79607,2.05802,10,4504,3.45452,-1.68738
1776812893625384484,1.53585,3.60938,-0.312009,1.92199,2.73603,3.95684,10,4498,3.44992,-1.38059
1776812893630395643,1.55395,3.60938,-0.298509,2.22879,2.73603,3.95684,10,4497,3.44916,-0.460196
1776812893635395969,1.55395,2.64062,-0.299276,2.18043,2.95057,3.50882,10,4498,3.44992,0
1776812893640402666,1.58861,2.64062,-0.26385,2.64062,2.95057,3.50882,10,4504,3.45452,0.460104
1776812893645397548,1.58861,1.91406,-0.259248,2.37417,2.98799,3.2922,10,4517,3.4645,1.53399
1776812893650405762,1.60233,1.91406,-0.235556,3.44805,2.98799,3.2922,10,4524,3.46986,1.53429
1776812893655391071,1.60233,0.896484,-0.230187,2.43078,2.33479,2.78968,10,4537,3.47984,1.68671
1776812893660416377,1.61985,0.896484,-0.202692,2.58319,2.33479,2.78968,10,4544,3.4852,1.38059
1776812893665417370,1.61985,0.763672,-0.197323,2.14426,2.23442,2.81238,10,4556,3.49441,1.53424
1776812893670384810,1.62393,0.763672,-0.18404,2.29792,2.23442,2.81238,10,4563,3.49978,1.53399
1776812893675383784,1.62393,0.941406,-0.178671,2.47539,2.60182,2.93651,10,4577,3.51051,1.53399
1776812893680393925,1.62393,0.941406,-0.167933,2.47539,2.60182,2.93651,10,4585,3.51665,1.68772
1776812893685397399,1.63683,0.941406,-0.148895,2.62913,2.83031,3.00844,10,4599,3.52739,1.84041
1776812893690404576,1.63683,0.619141,-0.138157,2.45955,2.83031,3.00844,10,4614,3.53889,1.99458
1776812893695397737,1.64454,0.619141,-0.118944,2.61372,3.31393,2.86755,10,4631,3.55193,2.30098
1776812893700402211,1.64454,-0.0371094,-0.105905,2.26387,3.31393,2.86755,10,4645,3.56267,2.30098
1776812893705405592,1.64928,-0.0371094,-0.0904327,2.26387,2.80842,2.51972,10,4662,3.57571,2.45438
1776812893710425566,1.64928,-0.277344,-0.0773941,2.17703,2.80842,2.51972,10,4678,3.58798,2.45384
1776812893715402004,1.64739,-0.277344,-0.0670104,2.17649,2.70154,2.37233,10,4695,3.60102,2.45389
1776812893720405442,1.64739,-0.289062,-0.0539713,2.16482,2.70154,2.37233,10,4710,3.61252,2.45536
1776812893725467116,1.6445,-0.289062,-0.0453551,2.1663,2.17596,2.34964,10,4724,3.62326,2.60673
1776812893730426908,1.6445,-0.330078,-0.0346172,2.27665,2.17596,2.34964,10,4740,3.63553,2.6083
1776812893735408735,1.64297,-0.330078,-0.0238727,2.27822,2.26078,2.31779,10,4760,3.65087,2.76173
1776812893740401154,1.64297,-0.535156,-0.0085328,2.22657,2.26078,2.31779,10,4782,3.66775,2.91452
1776812893745417443,1.63662,-0.535156,0.00199264,2.37937,2.21987,2.16563,10,4803,3.68385,2.91399
1776812893750429953,1.63662,-0.71875,0.0180995,2.19524,2.21987,2.16563,10,4821,3.69766,3.06307
1776812893755404892,1.63662,-0.71875,0.0319053,2.34432,2.17129,2.06098,10,4841,3.713,2.91924
1776812893760412940,1.63027,-0.71875,0.0408906,2.20049,2.17129,2.06098,10,4854,3.72297,2.76173
1776812893765409378,1.63027,-0.810547,0.0508618,1.95118,2.2133,1.97327,10,4879,3.74215,2.91457
1776812893770376484,1.62246,-0.810547,0.0622312,2.10402,2.2133,1.97327,10,4894,3.75365,3.06731
1776812893775387421,1.62246,-0.796875,0.0737361,2.27043,2.18176,1.93749,10,4919,3.77283,3.06797
1776812893780399191,1.61026,-0.796875,0.0807046,2.2711,2.18176,1.93749,10,4934,3.78433,3.06736
1776812893785468235,1.61026,-0.785156,0.0922093,2.2822,1.8732,1.87576,10,4960,3.80427,3.22201
1776812893790412472,1.60655,-0.785156,0.108447,2.43686,1.8732,1.87576,10,4975,3.81578,3.06736
1776812893795405521,1.60655,-0.806641,0.119952,2.26072,2.0271,1.84269,10,5001,3.83572,3.0692
1776812893800494175,1.59442,-0.806641,0.127755,2.26256,2.0271,1.84269,10,5017,3.84799,3.37404
1776812893805423302,1.59442,-0.802734,0.140027,2.57131,1.87512,1.77649,10,5046,3.87023,3.37544
1776812893810440109,1.59039,-0.802734,0.158249,2.57271,1.87512,1.77649,10,5063,3.88327,3.68156
1776812893815433991,1.59039,-0.855469,0.171288,2.8261,1.67356,1.72369,10,5092,3.90552,3.52817
1776812893820376321,1.57786,-0.855469,0.180998,2.6727,1.67356,1.72369,10,5108,3.91779,3.37337
1776812893825394683,1.57786,-0.871094,0.19327,2.50228,1.64506,1.6437,10,5137,3.94003,3.37612
1776812893830393417,1.57786,-0.871094,0.215513,2.50502,1.64506,1.6437,10,5154,3.95307,3.52676
1776812893835425019,1.56253,-0.871094,0.213222,2.65566,1.80473,1.5563,10,5179,3.97224,3.52817
1776812893840403050,1.56253,-0.853516,0.232396,2.67465,1.80473,1.5563,10,5204,3.99142,3.52958
1776812893845405895,1.54927,-0.853516,0.23831,2.67606,1.82309,1.49032,10,5226,4.00829,3.37404
1776812893850396907,1.54927,-0.765625,0.255184,2.60842,1.82309,1.49032,10,5246,4.02363,3.22072
1776812893855402955,1.53717,-0.765625,0.258422,2.4551,1.47772,1.47074,10,5270,4.04204,3.22271
1776812893860399060,1.53717,-0.734375,0.27683,2.48833,1.47772,1.47074,10,5290,4.05738,3.37332
1776812893865415237,1.53345,-0.734375,0.288449,2.63895,1.43253,1.46706,10,5314,4.07579,3.37477
1776812893870383528,1.53345,-0.707031,0.306857,2.66774,1.43253,1.46706,10,5332,4.08959,3.37612
1776812893875389206,1.52284,-0.707031,0.310056,2.66909,1.51889,1.42124,10,5341,4.0965,2.6073
1776812893880392254,1.52284,-0.681641,-0.31136,1.92566,1.51889,1.42124,10,5337,4.09343,0.460148
1776812893885394543,1.51949,-0.681641,0.310541,-0.221493,2.12138,1.41627,10,5327,4.08576,-1.22694
1776812893890394499,1.51949,3.61133,0.302872,2.38439,2.12138,1.41627,10,5323,4.08269,-1.22719
1776812893895400825,1.53387,3.61133,-0.314137,2.38414,2.75704,3.94655,10,5319,4.07962,-0.46024
1776812893900396744,1.53387,4.20117,0.311113,3.74093,2.75704,3.94655,10,5318,4.07886,-0.613594
1776812893905397144,1.53387,4.20117,0.310346,3.58758,1.94393,4.28276,10,5325,4.08422,0.306858
1776812893910395989,1.5538,4.20117,-0.292673,4.50803,1.94393,4.28276,10,5329,4.08729,1.07374
1776812893915400686,1.5538,1.47461,-0.289605,2.54835,2.50759,2.84335,10,5337,4.09343,0.920391
1776812893920374162,1.60423,1.47461,-0.233041,2.395,2.50759,2.84335,10,5343,4.09803,1.07362
1776812893925403486,1.60423,1.28906,-0.228439,2.36269,2.26018,3.02416,10,5351,4.10417,1.07374
1776812893930387758,1.61919,1.28906,-0.207343,2.3628,2.26018,3.02416,10,5356,4.108,0.920391
1776812893935400120,1.61919,1.44336,-0.203507,2.36375,2.23707,3.1961,10,5366,4.11567,1.22694
1776812893940396947,1.63315,1.44336,-0.181878,2.6703,2.23707,3.1961,10,5371,4.11951,1.07405
1776812893945413476,1.63315,1.29492,-0.178043,2.36897,2.83971,3.18944,10,5384,4.12948,1.38054
1776812893950406636,1.64609,1.29492,-0.155127,2.67546,2.83971,3.18944,10,5392,4.13561,1.68767
1776812893955398852,1.64609,0.763672,-0.148991,2.45135,3.53925,2.95854,10,5408,4.14788,1.68709
1776812893960406714,1.65631,0.763672,-0.126502,2.45077,3.53925,2.95854,10,5417,4.15479,1.99413
1776812893965397393,1.65631,0.330078,-0.119599,2.32421,3.33223,2.76791,10,5435,4.16859,2.14801
1776812893970375424,1.66183,0.330078,-0.100279,2.47809,3.33223,2.76791,10,5446,4.17703,2.14672
1776812893975389713,1.66183,0.0527344,-0.0918421,2.19946,2.92905,2.64023,10,5465,4.1916,2.30103
1776812893980403668,1.66183,0.0527344,-0.077269,2.35376,2.92905,2.64023,10,5476,4.20004,2.30139
1776812893985396384,1.66352,0.0527344,-0.0671405,2.35412,2.5578,2.64955,10,5492,4.21231,2.30139
1776812893990401432,1.66352,-0.0195312,-0.0548686,2.28186,2.5578,2.64955,10,5511,4.22688,2.45438
1776812893995396388,1.66346,-0.0195312,-0.0403556,2.43484,2.29297,2.60803,10,5530,4.24146,2.6073
1776812894000393066,1.66346,-0.136719,-0.0257825,2.47058,2.29297,2.60803,10,5548,4.25526,2.91394
1776812894005395689,1.66269,-0.136719,-0.0127486,2.77722,2.44991,2.53698,10,5571,4.2729,3.0692
1776812894010419033,1.66269,-0.410156,0.00489194,2.65904,2.44991,2.53698,10,5591,4.28824,3.22077
1776812894015394047,1.65987,-0.410156,0.0174175,2.81062,2.71391,2.36562,10,5614,4.30588,3.37467
1776812894020379449,1.65987,-0.720703,0.0350581,2.65397,2.71391,2.36562,10,5634,4.32122,3.36938
1776812894025385220,1.65435,-0.720703,0.0448757,2.64867,2.36686,2.15813,10,5654,4.33656,3.38018
1776812894030398249,1.65435,-0.828125,0.0602155,2.55205,2.36686,2.15813,10,5675,4.35267,3.52821
1776812894035396799,1.65114,-0.828125,0.0731097,2.70009,2.46666,2.07914,10,5699,4.37108,3.37477
1776812894040392570,1.65114,-0.888672,0.0915175,2.4861,2.46666,2.07914,10,5724,4.39025,3.37535
1776812894045393064,1.63721,-0.888672,0.096768,2.48668,2.22201,1.9674,10,5747,4.40789,3.37409
1776812894050400335,1.63721,-0.849609,0.114409,2.52448,2.22201,1.9674,10,5766,4.42247,3.22206
1776812894055393921,1.63721,-0.849609,0.128982,2.37245,1.94716,1.98967,10,5790,4.44087,3.22068
1776812894060398655,1.63273,-0.849609,0.142904,2.37107,1.94716,1.98967,10,5807,4.45315,3.52892
1776812894065431443,1.63273,-0.916016,0.155943,2.6129,1.76341,1.92685,10,5836,4.47616,3.52812
1776812894070384569,1.61558,-0.916016,0.161038,2.6121,1.76341,1.92685,10,5852,4.48843,3.52671
1776812894075393396,1.61558,-1.04883,0.173309,2.47788,1.92334,1.75533,10,5881,4.51067,3.37477
1776812894080394741,1.60563,-1.04883,0.185603,2.32594,1.92334,1.75533,10,5898,4.52371,3.52821
1776812894085400438,1.60563,-1.12109,0.198642,2.40712,1.90829,1.65826,10,5930,4.54825,3.68304
1776812894090426726,1.595,-1.12109,0.212556,2.56194,1.90829,1.65826,10,5948,4.56206,3.83415
1776812894095404684,1.595,-1.12891,0.226362,2.70524,1.92358,1.59387,10,5980,4.5866,3.98836
1776812894100390308,1.5837,-1.12891,0.239609,2.85945,1.92358,1.59387,10,5997,4.59964,3.68083
1776812894105397394,1.5837,-1.13281,0.252647,2.54802,1.83193,1.5277,10,6030,4.62495,3.83645
1776812894110415979,1.57244,-1.13281,0.266698,2.70364,1.83193,1.5277,10,6049,4.63952,3.98756
1776812894115407899,1.57244,-1.06055,0.281271,2.92702,1.54723,1.50488,10,6084,4.66637,4.14088
1776812894120376227,1.56143,-1.06055,0.297105,3.08034,1.54723,1.50488,10,6103,4.68094,4.14264
1776812894125385980,1.56143,-0.980469,0.311678,3.16217,1.25129,1.48767,10,6129,4.70088,3.83568
1776812894130389232,1.56143,-0.980469,-0.296699,2.85521,1.25129,1.48767,10,6135,4.70549,2.30057
1776812894135414595,1.55103,-0.980469,-0.302497,1.3201,1.72032,1.42807,10,6124,4.69705,-0.460243
1776812894140415514,1.55103,2.48242,-0.310934,2.02218,1.72032,1.42807,10,6117,4.69168,-1.68767
1776812894145408397,1.55179,2.48242,0.312777,0.794748,2.7491,3.40629,10,6116,4.69091,-0.460243
1776812894150392873,1.55179,4.28125,0.31201,3.82101,2.7491,3.40629,10,6115,4.69015,-0.153351
1776812894155395903,1.56797,4.28125,-0.300903,4.1279,2.15581,4.52418,10,6122,4.69552,0.15332
1776812894160395878,1.56797,1.81836,-0.295534,1.97168,2.15581,4.52418,10,6132,4.70319,1.68709
1776812894165399464,1.61219,1.81836,-0.24364,3.50545,2.416,3.37062,10,6140,4.70932,1.22768
1776812894170377700,1.61219,1.02539,-0.237504,2.25307,2.416,3.37062,10,6154,4.72006,1.84069
1776812894175396618,1.61774,1.02539,-0.221216,2.86608,2.07604,2.94974,10,6168,4.7308,1.99423
1776812894180393297,1.61774,0.818359,-0.210478,2.81259,2.07604,2.94974,10,6180,4.74,1.84041
1776812894185398679,1.63572,0.818359,-0.183299,2.65877,2.28993,2.93209,10,6191,4.74844,1.99373
1776812894190397247,1.63572,0.880859,-0.174862,2.87459,2.28993,2.93209,10,6204,4.75841,1.84078
1776812894195429313,1.63907,0.880859,-0.161539,2.72164,2.54587,2.98635,10,6219,4.76991,1.84078
1776812894200438843,1.63907,0.787109,-0.150035,2.62789,2.54587,2.98635,10,6234,4.78142,2.45487
1776812894205396469,1.65206,0.787109,-0.116336,3.08813,3.27654,2.93291,10,6253,4.79599,2.30103
1776812894210411498,1.65206,0.0722656,-0.110967,2.37329,3.5787,2.59746,10,6269,4.80826,2.30093
1776812894215462026,1.65758,0.0722656,-0.0931722,2.3732,3.5787,2.59746,10,6281,4.81747,2.45389
1776812894220387487,1.65758,-0.0976562,-0.0839683,2.35623,3.5787,2.59746,10,6298,4.83051,2.60825
1776812894225394684,1.65742,-0.0976562,-0.0710937,2.51059,3.40824,2.5302,10,6318,4.84585,2.76062
1776812894230501726,1.65742,-0.402344,-0.0557539,2.35828,3.40824,2.5302,10,6335,4.85888,2.76117
1776812894235414984,1.65496,-0.402344,-0.0451771,2.35883,2.35803,2.34294,10,6355,4.87422,2.9152
1776812894240470086,1.65496,-0.445312,-0.0298373,2.46989,2.35803,2.34294,10,6372,4.88726,2.76053
1776812894245412972,1.65039,-0.445312,-0.0213668,2.31521,2.19111,2.29319,10,6388,4.89953,2.91345
1776812894250395726,1.65039,-0.472656,-0.00909488,2.4408,2.19111,2.29319,10,6406,4.91334,2.76338
1776812894255403793,1.64867,-0.472656,0.00299153,2.29073,2.07078,2.26809,10,6428,4.93021,3.06674
1776812894260395231,1.64867,-0.5,0.0198654,2.56674,2.07078,2.26809,10,6453,4.94939,3.37544
1776812894265389355,1.64318,-0.5,0.0335544,2.87544,2.05617,2.2221,10,6478,4.96856,3.37544
1776812894270369961,1.64318,-0.802734,0.052729,2.57271,2.05617,2.2221,10,6498,4.9839,3.52671
1776812894275391379,1.63379,-0.802734,0.0740126,2.72609,2.25709,2.04954,10,6529,5.00768,3.52882
1776812894280402187,1.63379,-1.06836,0.0824498,2.46046,2.29142,1.84591,10,6553,5.02609,3.6823
1776812894285408013,1.62096,-1.06836,0.0880359,2.61394,2.29142,1.84591,10,6572,5.04066,3.83424
1776812894290392989,1.62096,-1.06445,0.102609,2.76979,2.29142,1.84591,10,6597,5.05984,3.83492
1776812894295405871,1.61411,-1.06445,0.114933,2.77046,2.2261,1.7382,10,6618,5.07594,3.83492
1776812894300397568,1.61411,-1.02344,0.13104,2.81148,2.2261,1.7382,10,6640,5.09282,3.83578
1776812894305403988,1.61043,-1.02344,0.144234,2.81234,1.87003,1.74093,10,6667,5.11352,3.67715
1776812894310393722,1.61043,-0.962891,0.164943,2.71426,1.87003,1.74093,10,6695,5.135,3.68599
1776812894315429843,1.59407,-0.962891,0.17005,2.7231,1.54278,1.68322,10,6721,5.15494,3.83492
1776812894320381729,1.59407,-0.957031,0.189992,2.87788,1.54278,1.68322,10,6744,5.17258,3.83415
1776812894325390055,1.5893,-0.957031,0.202864,2.87712,1.5097,1.65959,10,6769,5.19176,3.6823
1776812894330390530,1.5893,-1.00781,0.222039,2.67449,1.48859,1.63064,10,6799,5.21477,3.67495
1776812894335395672,1.57491,-1.00781,0.230658,2.66714,1.48859,1.63064,10,6818,5.22934,3.68746
1776812894340395869,1.57491,-1.01758,0.245231,2.66989,1.48859,1.63064,10,6843,5.24852,3.98916
1776812894345392566,1.57491,-1.01758,0.264406,2.97158,1.84962,1.54339,10,6871,5.26999,3.98677
1776812894350397911,1.57111,-1.01758,0.282083,2.96919,1.84962,1.54339,10,6889,5.2838,3.83492
1776812894355403719,1.57111,-1.06641,0.295889,2.76851,1.73869,1.49393,10,6921,5.30834,3.83578
1776812894360399176,1.54873,-1.06641,0.298058,2.76937,1.73869,1.49393,10,6939,5.32215,3.98747
1776812894365458444,1.54873,-1.03711,0.311864,2.95036,1.48047,1.38258,10,6956,5.33519,3.22142
1776812894370403367,1.54536,-1.03711,-0.306795,2.18431,1.48047,1.38258,10,6952,5.33212,0.767098
1776812894375422526,1.54536,1.08008,-0.309862,1.84718,2.37389,2.56995,10,6939,5.32215,-1.84115
1776812894380412390,1.53502,1.08008,0.298153,-0.761072,2.37389,2.56995,10,6937,5.32061,-0.920207
1776812894385398866,1.53502,3.99805,0.296619,3.07784,2.84132,4.17363,10,6935,5.31908,-0.306797
1776812894390398304,1.54707,3.99805,0.307128,3.69125,2.84132,4.17363,10,6939,5.32215,0
1776812894395400039,1.54707,2.2207,0.310196,2.2207,2.98328,3.22995,10,6954,5.33365,1.38063
1776812894400409050,1.59977,2.2207,-0.253919,3.60134,2.98328,3.22995,10,6961,5.33902,1.84115
1776812894405401526,1.59977,1.04883,-0.248549,2.88998,2.24783,2.86208,10,6979,5.35283,1.84041
1776812894410406260,1.61327,1.04883,-0.221243,2.88924,2.24783,2.86208,10,6989,5.3605,2.30093
1776812894415438992,1.61327,0.619141,-0.213573,2.92007,2.18697,2.69309,10,7007,5.3743,2.14758
1776812894420406747,1.61327,0.619141,-0.199767,2.76672,2.18697,2.69309,10,7018,5.38274,2.14758
1776812894425394704,1.62338,0.619141,-0.181213,2.76672,2.26929,2.74975,10,7031,5.39271,2.14801
1776812894430400327,1.62338,0.673828,-0.171242,2.82184,2.26929,2.74975,10,7046,5.40421,1.84041
1776812894435399450,1.63322,0.673828,-0.149901,2.51424,2.70447,2.83581,10,7064,5.41802,2.30093
1776812894440408184,1.63322,0.564453,-0.136095,2.86538,3.25924,2.77346,10,7083,5.43259,2.45487
1776812894445402937,1.64035,0.564453,-0.114397,3.01932,3.25924,2.77346,10,7097,5.44333,2.60678
1776812894450406727,1.64035,0.222656,-0.103659,2.82944,3.30931,2.61827,10,7119,5.4602,2.76228
1776812894455399239,1.64373,0.222656,-0.0834054,2.98493,3.30931,2.61827,10,7134,5.47171,2.76117
1776812894460399899,1.64373,-0.158203,-0.0719008,2.60297,3.13123,2.41994,10,7158,5.49012,2.91394
1776812894465401208,1.64392,-0.158203,-0.0532993,2.75574,3.13123,2.41994,10,7173,5.50162,3.06797
1776812894470382850,1.64392,-0.591797,-0.0417942,2.47617,2.43935,2.17386,10,7199,5.52156,3.06797
1776812894475397436,1.63831,-0.591797,-0.0274634,2.47617,2.43935,2.17386,10,7216,5.5346,3.22132
1776812894480399114,1.63831,-0.611328,-0.0144247,2.60999,2.43935,2.17386,10,7236,5.54994,3.22206
1776812894485397219,1.634,-0.611328,-0.00339691,2.61073,2.10778,2.10759,10,7254,5.56375,3.37332
1776812894490399009,1.634,-0.621094,0.010409,2.75223,2.10778,2.10759,10,7273,5.57832,3.0692
1776812894495399113,1.62762,-0.621094,0.0354806,2.44565,1.76593,2.10202,10,7305,5.60286,3.06674
1776812894500405070,1.62762,-0.603516,0.0431505,2.46323,1.83111,2.07651,10,7326,5.61897,3.37342
1776812894505401156,1.62145,-0.603516,0.0530883,2.7699,1.83111,2.07651,10,7344,5.63201,3.37679
1776812894510451147,1.62145,-0.824219,0.0668942,2.55257,2.19715,1.91624,10,7372,5.65425,3.52882
1776812894515427438,1.61219,-0.824219,0.0791122,2.70461,2.19715,1.91624,10,7389,5.66729,3.52821
1776812894520377694,1.61219,-0.902344,0.0921513,2.62587,2.19715,1.91624,10,7411,5.68417,3.37409
1776812894525413889,1.60611,-0.902344,0.102936,2.47175,2.203,1.78562,10,7431,5.69951,3.52741
1776812894530407790,1.60611,-0.96875,0.118276,2.55866,2.203,1.78562,10,7454,5.71715,3.83655
1776812894535403599,1.60335,-0.96875,0.13316,2.8678,1.98428,1.73225,10,7482,5.73862,3.83415
1776812894540390834,1.60335,-1.02344,0.154636,2.81071,1.98428,1.73225,10,7510,5.7601,3.83415
1776812894545409234,1.5862,-1.02344,0.158959,2.81071,1.96412,1.60417,10,7531,5.7762,3.83578
1776812894550398783,1.5862,-0.998047,0.175066,2.83773,1.96412,1.60417,10,7560,5.79845,3.83492
1776812894555407962,1.58329,-0.998047,0.194403,2.83687,1.56053,1.60216,10,7583,5.81609,3.83492
1776812894560398511,1.58329,-1.02734,0.212043,2.80757,1.56053,1.60216,10,7614,5.83986,4.14181
1776812894565407041,1.56573,-1.02734,0.235902,3.26781,1.3038,1.58547,10,7649,5.86671,4.29516
1776812894570408424,1.56573,-1.05664,0.245106,3.23852,1.28214,1.46882,10,7674,5.88588,3.98836
1776812894575411880,1.55244,-1.05664,0.250991,2.93172,1.28214,1.46882,10,7694,5.90122,3.98747
1776812894580403856,1.55244,-1.04883,0.26633,2.93864,1.28214,1.46882,10,7720,5.92117,4.14347
1776812894585427922,1.54476,-1.04883,0.278594,3.09464,1.56276,1.35307,10,7744,5.93957,4.14006
1776812894590393973,1.54476,-1.04297,0.297001,3.09709,1.56276,1.35307,10,7768,5.95798,4.14181
1776812894595399836,1.54192,-1.04297,0.312563,3.09884,1.50566,1.34001,10,7786,5.97179,3.37544
1776812894600386905,1.54192,-0.849609,-0.301951,2.52583,1.50566,1.34001,10,7782,5.96872,1.22709
1776812894605389565,1.5244,-0.849609,0.305786,0.377483,1.875,1.34901,10,7770,5.95952,-2.14791
1776812894610392669,1.5244,0.654297,0.296582,-1.49362,1.875,1.34901,10,7767,5.95721,-1.07362
1776812894615409792,1.52424,0.654297,0.29412,-0.419326,2.78801,2.20531,10,7765,5.95568,-0.153351
1776812894620369899,1.52424,3.21875,0.292586,3.0654,2.78801,2.20531,10,7769,5.95875,-0.153446
1776812894625393483,1.5795,3.21875,-0.277403,3.0653,2.36425,3.98423,10,7777,5.96488,1.07384
1776812894630391107,1.5795,2.38477,-0.271268,3.4586,2.36425,3.98423,10,7785,5.97102,1.53429
1776812894635397304,1.58714,2.38477,-0.249056,3.61161,1.83143,3.50886,10,7801,5.98329,1.22685
1776812894640398464,1.58714,2.38477,-0.249056,3.61161,1.83143,3.50886,10,7801,5.98329,1.22685
1776812894645388828,1.6182,1.24023,-0.201886,2.92767,1.96168,2.89981,10,7821,5.99863,1.68743
1776812894650478428,1.6182,1.13672,-0.198818,2.82415,2.2583,3.01579,10,7831,6.0063,1.53215
1776812894655416703,1.62863,1.13672,-0.180724,2.66887,2.2583,3.01579,10,7838,6.01167,1.38192
1776812894660398623,1.62863,1.17773,-0.175356,2.55966,2.2583,3.01579,10,7845,6.01704,1.07384
1776812894665466057,1.6344,1.17773,-0.164212,2.25157,2.07836,3.12962,10,7855,6.02471,1.687
1776812894670467773,1.6344,1.4668,-0.156542,3.1538,2.07836,3.12962,10,7870,6.03621,1.68777
1776812894675419269,1.64114,1.4668,-0.138302,3.15457,3.33819,3.33183,10,7885,6.04772,2.14758
1776812894680404708,1.64114,0.777344,-0.126797,2.92492,3.70341,2.93884,10,7904,6.06229,2.30139
1776812894685399498,1.66214,0.777344,-0.0912214,3.07873,3.70341,2.93884,10,7916,6.0715,2.45438
1776812894690462007,1.66214,0.0742188,-0.0820175,2.52859,3.66682,2.65421,10,7939,6.08914,2.60721
1776812894695420206,1.66562,0.0742188,-0.0608922,2.68142,3.66682,2.65421,10,7954,6.10064,2.76173
1776812894700436569,1.66562,-0.458984,-0.0493871,2.30274,3.66682,2.65421,10,7973,6.11521,3.06797
1776812894705400084,1.66331,-0.458984,-0.0233255,2.76114,2.81088,2.36947,10,8001,6.13669,3.22013
1776812894710407743,1.66331,-0.5,-0.0156556,2.72013,2.13686,2.33333,10,8021,6.15203,3.22261
1776812894715391682,1.65626,-0.5,-0.00736342,2.72261,2.13686,2.33333,10,8037,6.1643,3.22132
1776812894720378658,1.65626,-0.503906,0.00490845,2.71741,2.13686,2.33333,10,8057,6.17964,3.22142
1776812894725387614,1.65398,-0.503906,0.0179681,2.71751,2.05163,2.27966,10,8077,6.19498,3.22132
1776812894730407421,1.65134,-0.521484,0.0475448,3.15861,2.14831,2.25506,10,8113,6.22259,3.68009
1776812894735391471,1.65134,-0.708984,0.0582823,2.97111,2.14831,2.25506,10,8136,6.24023,3.83492
1776812894740411853,1.64548,-0.708984,0.070062,3.12593,2.14831,2.25506,10,8155,6.25481,3.83655
1776812894745398977,1.64548,-0.894531,0.0846347,2.94201,2.33183,2.00997,10,8182,6.27552,3.83338
1776812894750413173,1.63758,-0.894531,0.0974373,2.93885,2.33183,2.00997,10,8200,6.28932,3.83501
1776812894755492754,1.63758,-1.06445,0.111243,2.77056,2.34305,1.86922,10,8234,6.3154,3.98916
1776812894760423049,1.62751,-1.06445,0.127255,2.92471,2.34305,1.86922,10,8253,6.32997,4.1384
1776812894765411728,1.62751,-1.17578,0.141828,2.96262,2.19984,1.7497,10,8285,6.35452,3.83799
1776812894770377057,1.62751,-1.17578,0.166372,2.6622,2.19984,1.7497,10,8308,6.37216,3.83578
1776812894775389976,1.616,-1.17578,0.172499,2.66,2.00935,1.6853,10,8335,6.39286,3.83415
1776812894780395784,1.616,-1.17969,0.193208,2.65446,1.41054,1.68308,10,8367,6.41741,3.98836
1776812894785403092,1.59279,-1.17969,0.194546,2.80867,1.41054,1.68308,10,8388,6.43352,4.14171
1776812894790396956,1.59279,-1.20117,0.210653,2.94054,1.41054,1.68308,10,8413,6.45269,4.14264
1776812894795398764,1.5866,-1.20117,0.223633,2.94146,1.67755,1.50513,10,8435,6.46956,3.83415
1776812894800445533,1.5866,-1.25977,0.240506,2.57438,1.67755,1.50513,10,8460,6.48874,4.14171
1776812894805403640,1.57463,-1.25977,0.247713,2.88195,1.35758,1.40376,10,8491,6.51252,4.14098
1776812894810396745,1.57463,-1.29883,0.27149,2.84215,1.35758,1.40376,10,8524,6.53783,4.60288
1776812894815402683,1.55822,-1.29883,0.280393,3.30405,1.21156,1.28782,10,8548,6.55623,4.29516
1776812894820426471,1.55822,-1.28906,0.298801,3.0061,1.21156,1.28782,10,8574,6.57618,4.13923
1776812894825399577,1.54891,-1.28906,0.309435,2.85017,1.3549,1.23999,10,8581,6.58154,2.60981
1776812894830395238,1.54891,-0.761719,-0.313515,1.8481,1.3549,1.23999,10,8576,6.57771,0.460243
1776812894835402231,1.53736,-0.761719,0.299412,-0.301476,1.90792,1.47404,10,8569,6.57234,-1.53399
1776812894840421353,1.53736,3.5625,0.293276,2.94915,2.61089,3.93884,10,8567,6.57081,-0.613349
1776812894845404681,1.54957,3.5625,0.304725,2.94915,2.61089,3.93884,10,8567,6.57081,-0.153477
1776812894850397230,1.54957,2.73633,0.304725,2.58285,2.61089,3.93884,10,8574,6.57618,0.306797
1776812894855400816,1.5881,2.73633,-0.279696,3.04313,2.48486,3.75802,10,8585,6.58461,1.53429
1776812894860407624,1.5881,1.25781,-0.27126,2.7921,2.48486,3.75802,10,8600,6.59612,1.99423
1776812894865441708,1.60831,1.25781,-0.239544,3.25204,2.37918,3.02931,10,8611,6.60455,1.99413
1776812894870401390,1.60831,1.25977,-0.231108,3.2539,2.37918,3.02931,10,8631,6.61989,2.45438
1776812894875388143,1.61919,1.25977,-0.204889,3.71414,2.23033,3.09145,10,8643,6.6291,2.45339
1776812894880401729,1.61919,0.673828,-0.195685,3.12722,2.23033,3.09145,10,8660,6.64214,2.14844
1776812894885400796,1.62741,0.673828,-0.17443,2.82227,2.14313,2.80339,10,8670,6.64981,2.14758
1776812894890409363,1.62741,0.574219,-0.16676,2.7218,2.14313,2.80339,10,8687,6.66285,1.99413
1776812894895405783,1.63374,0.574219,-0.147386,2.56835,2.55729,2.78193,10,8701,6.67358,2.30103
1776812894900403832,1.63374,0.617188,-0.136648,2.91821,2.55729,2.78193,10,8720,6.68816,2.60721
1776812894905400511,1.64065,0.617188,-0.115164,3.22439,3.10355,2.84485,10,8737,6.7012,2.76173
1776812894910410689,1.64065,0.03125,-0.102125,2.79298,3.10355,2.84485,10,8758,6.7173,2.91462
1776812894915405628,1.64345,0.03125,-0.0701851,2.94461,3.36508,2.51087,10,8784,6.73724,2.91336
1776812894920372049,1.64345,-0.365234,-0.0632819,2.54812,2.89361,2.30038,10,8803,6.75182,3.06858
1776812894925385375,1.64158,-0.365234,-0.0505742,2.70335,2.89361,2.30038,10,8818,6.76332,3.06797
1776812894930392091,1.64158,-0.636719,-0.039069,2.43125,2.89361,2.30038,10,8837,6.77789,3.06858
1776812894935392936,1.63346,-0.636719,-0.0326179,2.43187,2.50563,2.09013,10,8856,6.79247,3.06736
1776812894940410817,1.63346,-0.621094,-0.0180448,2.44626,2.50563,2.09013,10,8875,6.80704,3.22132
1776812894945413403,1.63027,-0.621094,-0.00666557,2.60023,1.91104,2.08125,10,8899,6.82545,3.37477
1776812894950405064,1.63027,-0.658203,0.0117423,2.71656,1.91104,2.08125,10,8924,6.84462,3.37409
1776812894955403076,1.62358,-0.658203,0.0242316,2.71589,1.8028,2.02278,10,8943,6.8592,3.37544
1776812894960420217,1.62358,-0.859375,0.0388047,2.51607,1.8028,2.02278,10,8969,6.87914,3.37477
1776812894965406508,1.61261,-0.859375,0.0477706,2.51539,1.97333,1.84664,10,8990,6.89524,3.6823
1776812894970390058,1.61261,-0.910156,0.0638772,2.77214,1.97333,1.84664,10,9018,6.91672,3.68073
1776812894975395773,1.60779,-0.910156,0.0805408,2.77058,2.08578,1.79066,10,9039,6.93283,3.83501
1776812894980396748,1.60779,-1.02539,0.0966474,2.80962,2.08578,1.79066,10,9066,6.95354,3.68156
1776812894985404001,1.59365,-1.02539,0.119321,2.65617,2.00536,1.72498,10,9099,6.97885,3.68156
1776812894990395513,1.59365,-0.988281,0.128525,2.69328,2.10336,1.66641,10,9123,6.99725,3.83492
1776812894995400469,1.58271,-0.988281,0.135994,2.84663,2.10336,1.66641,10,9143,7.01259,3.98916
1776812895000402389,1.58271,-0.923828,0.151333,3.06533,2.10336,1.66641,10,9168,7.03177,3.9812
1776812895005405938,1.57384,-0.923828,0.161634,3.05737,1.56077,1.59075,10,9189,7.04787,3.84106
1776812895010413173,1.57384,-0.886719,0.177741,2.95434,1.56077,1.59075,10,9217,7.06935,3.68156
1776812895015410352,1.56897,-0.886719,0.194348,2.79485,1.357,1.58416,10,9239,7.08622,3.83492
1776812895020390033,1.56897,-0.96875,0.211223,2.86617,1.357,1.58416,10,9268,7.10847,3.98756
1776812895025401267,1.55586,-0.96875,0.220358,3.01881,1.44641,1.46246,10,9291,7.12611,3.98916
1776812895030403187,1.55586,-1.00391,0.237999,2.98525,1.44641,1.46246,10,9320,7.14835,3.98916
1776812895035398718,1.55049,-1.00391,0.254871,2.98525,1.6196,1.41161,10,9341,7.16446,3.83415
1776812895040401435,1.55049,-1.04883,0.270978,2.78532,1.6196,1.41161,10,9371,7.18747,3.98517
1776812895045425076,1.53998,-1.04883,0.283478,2.93635,1.43668,1.32553,10,9395,7.20587,3.99235
1776812895050395831,1.53998,-1.01562,0.301886,2.97673,1.43668,1.32553,10,9416,7.22198,3.83501
1776812895055403269,1.53024,-1.01562,-0.313165,1.43875,1.47654,1.34446,10,9424,7.22812,2.45438
1776812895060396800,1.53024,-0.542969,-0.313932,1.91141,2.28367,1.55762,10,9412,7.21891,0
1776812895065397646,1.52091,-0.542969,0.295851,-0.542969,2.28367,1.55762,10,9406,7.21431,-1.84115
1776812895070373531,1.52091,4.58594,0.291249,2.74479,2.28367,1.55762,10,9404,7.21278,-0.920575
1776812895075466816,1.55563,4.58594,-0.303886,3.66536,2.77788,4.62728,10,9403,7.21201,-0.306736
1776812895080416128,1.55563,3.03125,-0.304653,2.72451,2.77788,4.62728,10,9408,7.21585,0
1776812895085484396,1.57652,3.03125,-0.279923,3.03125,1.76486,3.86041,10,9415,7.22121,1.22719
1776812895090458373,1.57652,1.63281,-0.274554,2.86,1.76486,3.86041,10,9426,7.22965,1.53429
1776812895095399315,1.59896,1.63281,-0.243679,3.1671,2.28863,3.1904,10,9435,7.23655,1.38054
1776812895100407457,1.59896,1.64453,-0.236776,3.02507,2.28863,3.1904,10,9447,7.24576,1.84078
1776812895105504649,1.61457,1.64453,-0.211962,3.48531,2.07758,3.28488,10,9455,7.25189,1.38054
1776812895110431888,1.61457,1.18164,-0.205826,2.56218,2.07758,3.28488,10,9468,7.26187,1.53399
1776812895115403125,1.62679,1.18164,-0.183632,2.71563,2.28421,3.08943,10,9476,7.268,1.68676
1776812895120380528,1.62679,1.06055,-0.177496,2.7473,2.28421,3.08943,10,9490,7.27874,1.53429
1776812895125392780,1.63892,1.06055,-0.145423,3.05468,2.5468,3.02041,10,9509,7.29331,1.99413
1776812895130408644,1.63892,0.634766,-0.140054,2.6289,3.23149,2.84528,10,9524,7.30482,2.30149
1776812895135406805,1.65293,0.634766,-0.114541,2.93625,3.23149,2.84528,10,9537,7.31479,2.45339
1776812895140414669,1.65293,0.298828,-0.10457,2.75222,3.23149,2.84528,10,9553,7.32706,2.60825
1776812895145429236,1.65558,0.298828,-0.0896488,2.90708,3.69846,2.74607,10,9568,7.33856,2.60773
1776812895150431545,1.65558,-0.126953,-0.0781442,2.48077,3.69846,2.74607,10,9589,7.3539,2.60834
1776812895155398801,1.65618,-0.126953,-0.061442,2.48139,2.82685,2.50666,10,9606,7.36771,2.91394
1776812895160398461,1.65618,-0.347656,-0.0484034,2.56628,2.82685,2.50666,10,9629,7.38535,3.21884
1776812895165391345,1.65373,-0.347656,-0.0332075,2.87119,2.52742,2.36735,10,9652,7.40299,3.07104
1776812895170374970,1.65373,-0.441406,-0.0155669,2.62964,2.52742,2.36735,10,9672,7.41833,3.374
1776812895175390148,1.64821,-0.441406,-0.00575171,2.93259,1.93831,2.28336,10,9691,7.4329,3.37544
1776812895180385865,1.64821,-0.488281,0.00882093,2.88716,1.93831,2.28336,10,9717,7.45285,3.37409
1776812895185393692,1.64592,-0.488281,0.0264763,2.88581,2.06614,2.24397,10,9742,7.47202,3.52892
1776812895190406963,1.64592,-0.847656,0.0456514,2.68126,2.06614,2.24397,10,9765,7.48966,3.68156
1776812895195414290,1.63614,-0.847656,0.0696177,2.98649,2.19031,2.03913,10,9798,7.51497,3.83415
1776812895200395378,1.63614,-0.962891,0.0788216,2.87126,2.19031,2.03913,10,9814,7.52724,3.83568
1776812895205397094,1.63145,-0.962891,0.0864061,2.87279,2.44868,1.89304,10,9834,7.54258,3.5268
1776812895210397607,1.63145,-1.0332,0.101746,2.4936,2.44868,1.89304,10,9861,7.56329,3.68304
1776812895215393064,1.61638,-1.0332,0.107381,2.64983,2.41061,1.76872,10,9886,7.58247,3.52812
1776812895220373523,1.61638,-1.0332,0.126556,2.49492,2.41061,1.76872,10,9909,7.60011,3.83032
1776812895225392034,1.61103,-1.0332,0.138845,2.79712,2.13108,1.7387,10,9935,7.62005,3.68599
1776812895230406601,1.61103,-1.04688,0.158787,2.63911,2.13108,1.7387,10,9957,7.63616,3.68083
1776812895235399115,1.59591,-1.04688,0.160547,2.63395,1.69254,1.64579,10,9983,7.65687,3.52751
1776812895240398738,1.59591,-1.0625,0.180489,2.46501,1.69254,1.64579,10,10006,7.67451,3.83492
1776812895245408639,1.59043,-1.0625,0.192649,2.77242,1.43908,1.6059,10,10035,7.69675,3.98996
1776812895250407504,1.59043,-1.09961,0.214892,2.89035,1.43908,1.6059,10,10060,7.71592,4.14006
1776812895255399258,1.57461,-1.09961,0.218246,3.04045,1.49209,1.49497,10,10090,7.73817,4.14347
1776812895260395549,1.57461,-1.09961,0.241256,3.04386,1.49209,1.49497,10,10114,7.75734,4.14006
1776812895265404931,1.57461,-1.09961,0.259664,3.04045,1.59713,1.49497,10,10145,7.78112,4.29688
1776812895270449182,1.56881,-1.09961,0.277637,3.19727,1.59713,1.49497,10,10173,7.80259,4.44762
1776812895275410586,1.56881,-1.10938,0.299113,3.33824,1.58051,1.45633,10,10203,7.8256,4.44949
1776812895280396433,1.5526,-1.10938,0.30591,3.34012,1.58051,1.45633,10,10223,7.84094,4.29506
1776812895285402093,1.5526,-1.0625,-0.307069,3.23256,1.66511,1.39029,10,10244,7.85705,3.52751
1776812895290393514,1.54154,-1.0625,-0.302019,2.46501,1.66511,1.39029,10,10226,7.84324,1.07374
1776812895295412359,1.54154,0.509766,0.312494,1.58351,2.42196,2.22291,10,10215,7.83481,-3.22132
1776812895300397798,1.53567,0.509766,0.298188,-2.71156,2.42196,2.22291,10,10214,7.83404,-1.07384
1776812895305408606,1.53567,4.86133,0.297421,3.78749,2.91341,4.66945,10,10214,7.83404,0
1776812895310394231,1.56711,4.86133,-0.299456,4.86133,2.91341,4.66945,10,10218,7.83711,0
1776812895315391799,1.56711,2.55273,-0.296388,2.55273,2.50273,3.53405,10,10230,7.84631,1.99423
1776812895320379461,1.60139,2.55273,-0.252912,4.54696,2.50273,3.53405,10,10241,7.85475,1.38026
1776812895325445451,1.60139,1.06055,-0.244475,2.44081,2.27039,2.87789,10,10257,7.86702,1.68777
1776812895330411762,1.61808,1.06055,-0.215507,2.74832,2.27039,2.87789,10,10268,7.87546,2.30139
1776812895335401424,1.61808,1.00781,-0.20707,3.3092,2.11726,2.94163,10,10283,7.88696,1.99423
1776812895340403066,1.63142,1.00781,-0.173787,3.1541,2.26015,3.01616,10,10300,7.9,2.14629
1776812895345397431,1.63142,0.794922,-0.169186,2.94121,2.26015,3.01616,10,10308,7.90614,1.84189
1776812895350418794,1.64484,0.794922,-0.149635,2.63681,2.26015,3.01616,10,10321,7.91611,1.84069
1776812895355398660,1.64484,1.05469,-0.139664,2.89537,2.3572,3.11745,10,10336,7.92761,2.14758
1776812895360407024,1.64972,1.05469,-0.123276,3.20227,2.3572,3.11745,10,10346,7.93528,2.14543
1776812895365392352,1.64972,0.357422,-0.115606,2.50286,3.67281,2.74706,10,10368,7.95216,2.30241
1776812895370373292,1.66035,0.357422,-0.0881017,2.65983,3.67281,2.74706,10,10381,7.96213,2.76173
1776812895375430116,1.66035,0.0957031,-0.078131,2.85743,3.70969,2.6566,10,10404,7.97977,2.76173
1776812895380429703,1.66152,0.0957031,-0.0593231,2.85743,3.70969,2.6566,10,10419,7.99127,2.91394
1776812895385401643,1.66152,-0.546875,-0.0478185,2.36707,2.95293,2.29676,10,10443,8.00968,3.06613
1776812895390407748,1.65779,-0.546875,-0.0331347,2.51926,2.95293,2.29676,10,10458,8.02119,2.91637
1776812895395413723,1.65779,-0.591797,-0.0216296,2.32457,2.20081,2.25062,10,10484,8.04113,3.06858
1776812895400404366,1.65493,-0.591797,-0.00455503,2.47679,2.20081,2.25062,10,10499,8.05263,3.21875
1776812895405397990,1.65493,-0.59375,0.00695008,2.625,1.99052,2.23368,10,10526,8.07334,3.21875
1776812895410425668,1.64577,-0.59375,0.0315425,2.78565,1.85335,2.18302,10,10556,8.09635,3.3794
1776812895415393571,1.64577,-0.697266,0.0415131,2.68214,1.85335,2.18302,10,10572,8.10862,3.52821
1776812895420369771,1.63917,-0.697266,0.0471823,2.83095,1.85335,2.18302,10,10595,8.12626,3.67789
1776812895425383449,1.63917,-0.851562,0.0648233,2.82632,1.94446,1.99942,10,10621,8.1462,3.68599
1776812895430394665,1.63146,-0.851562,0.0770575,2.83442,1.94446,1.99942,10,10640,8.16078,3.68083
1776812895435398733,1.63146,-0.919922,0.0916306,2.76091,2.06169,1.91757,10,10675,8.18762,4.14264
1776812895440396246,1.62715,-0.919922,0.114165,3.22271,2.06169,1.91757,10,10695,8.20296,4.2943
1776812895445423201,1.62715,-1.13281,0.129505,3.16149,2.05862,1.77219,10,10729,8.22904,4.14162
1776812895450392920,1.61191,-1.13281,0.140343,3.0088,2.05862,1.77219,10,10749,8.24438,4.14264
1776812895455393080,1.61191,-1.14453,0.155683,2.9981,1.93487,1.6802,10,10783,8.27046,3.98827
1776812895460398130,1.60583,-1.14453,0.175679,2.84373,1.93487,1.6802,10,10802,8.28503,4.14015
1776812895465400346,1.60583,-1.10938,0.190252,3.03078,1.8633,1.66606,10,10835,8.31034,4.14264
1776812895470376434,1.58914,-1.10938,0.198875,3.03326,1.8633,1.66606,10,10853,8.32415,3.83568
1776812895475386798,1.58914,-1.12305,0.21268,2.71264,1.71103,1.56408,10,10885,8.34869,3.83492
1776812895480397940,1.58313,-1.12305,0.245786,2.7111,1.64106,1.53001,10,10918,8.374,3.83415
1776812895485397767,1.58313,-1.14844,0.256524,2.68571,1.64106,1.53001,10,10937,8.38857,4.14264
1776812895490406650,1.57169,-1.14844,0.259657,2.9942,1.64106,1.53001,10,10963,8.40852,3.98846
1776812895495398885,1.57169,-1.20312,0.279599,2.78533,1.30555,1.41932,10,10990,8.42922,4.13748
1776812895500400546,1.55402,-1.20312,0.282637,2.93435,1.30555,1.41932,10,11009,8.4438,3.98607
1776812895505398170,1.55402,-1.19141,0.29721,2.79466,1.68338,1.32499,10,11041,8.46834,3.99386
1776812895510406534,1.54259,-1.19141,0.310324,2.80245,1.68338,1.32499,10,11052,8.47678,3.37554
1776812895515399991,1.54259,-1.12891,-0.309557,2.24663,1.82621,1.29492,10,11045,8.47141,0.920112
1776812895520462778,1.53619,-1.12891,0.306994,-0.208795,1.82621,1.29492,10,11036,8.46451,-1.84078
1776812895525409683,1.53619,4.60742,0.300091,2.76664,2.54461,4.52774,10,11032,8.46144,-1.22694
1776812895530400548,1.55781,4.60742,-0.309681,3.38048,2.54461,4.52774,10,11032,8.46144,-0.153351
1776812895535473167,1.55781,3.45117,-0.309681,3.29782,2.74441,3.99295,10,11039,8.46681,0.153412
1776812895540447941,1.57986,3.45117,-0.282262,3.60458,2.74441,3.99295,10,11046,8.47218,1.38054
1776812895545403567,1.57986,0.857422,-0.276894,2.23796,2.70441,2.64029,10,11061,8.48291,1.07341
1776812895550400950,1.6107,0.857422,-0.227643,3.15891,2.06943,2.81451,10,11078,8.49672,2.30149
1776812895555396519,1.6107,1.04883,-0.221507,3.35031,2.06943,2.81451,10,11088,8.50439,2.30083
1776812895560424234,1.62214,1.04883,-0.202397,3.34966,2.06943,2.81451,10,11098,8.51206,1.68743
1776812895565400081,1.62214,0.691406,-0.194727,2.37884,1.94893,2.784,10,11114,8.52433,2.14767
1776812895570381688,1.62715,0.691406,-0.177442,2.83908,1.94893,2.784,10,11123,8.53123,2.30083
1776812895575398921,1.62715,0.847656,-0.170539,3.14849,2.20495,2.90107,10,11139,8.54351,1.68777
1776812895580448450,1.63778,0.847656,-0.14764,2.53543,2.20495,2.90107,10,11149,8.55118,1.99413
1776812895585409928,1.63778,0.976562,-0.139969,2.9707,2.6597,3.03375,10,11169,8.56652,2.30011
1776812895590405070,1.64306,0.976562,-0.119355,3.27667,2.6597,3.03375,10,11182,8.57649,2.60825
1776812895595400083,1.64306,0.369141,-0.109385,2.97739,3.29826,2.71681,10,11206,8.59489,2.76127
1776812895600402318,1.65234,0.369141,-0.0816946,3.13041,3.29826,2.71681,10,11220,8.60487,2.91443
1776812895605395276,1.65234,0.09375,-0.0709572,3.00818,3.55128,2.61125,10,11245,8.62481,2.91462
1776812895610393288,1.65369,0.09375,-0.0504299,3.00837,3.55128,2.61125,10,11260,8.63631,3.21682
1776812895615403874,1.65369,-0.525391,-0.0389257,2.69143,2.573,2.26581,10,11286,8.65625,3.07166
1776812895620381777,1.65369,-0.525391,-0.0189834,2.54627,2.573,2.26581,10,11302,8.66853,3.37554
1776812895625394678,1.64956,-0.525391,-0.0108381,2.85015,2.29823,2.24299,10,11325,8.68617,3.22132
1776812895630396691,1.64956,-0.513672,0.00680204,2.70765,2.29823,2.24299,10,11348,8.70381,3.22068
1776812895635394926,1.6416,-0.513672,0.0164833,2.70701,1.82296,2.20555,10,11370,8.72068,3.0692
1776812895640387106,1.6416,-0.535156,0.0333576,2.53404,1.82296,2.20555,10,11390,8.73602,3.22132
1776812895645395155,1.63858,-0.535156,0.0456719,2.68616,1.93443,2.17649,10,11414,8.75443,3.37419
1776812895650394279,1.63858,-0.71875,0.0640788,2.65544,1.93443,2.17649,10,11436,8.7713,3.52873
1776812895655401920,1.62938,-0.71875,0.0717549,2.80998,2.14126,2.02064,10,11463,8.79201,3.68083
1776812895660394026,1.62938,-0.798828,0.0924639,2.882,2.14126,2.02064,10,11484,8.80812,3.68083
1776812895665397965,1.62546,-0.798828,0.104655,2.882,2.32756,1.95314,10,11509,8.82729,3.52892
1776812895670374016,1.62546,-1.0332,0.12383,2.49572,2.32756,1.95314,10,11531,8.84417,3.6823
1776812895675395472,1.61154,-1.0332,0.126779,2.6491,2.24607,1.74157,10,11558,8.86487,3.68083
1776812895680393096,1.61154,-1.06055,0.147488,2.62028,2.24607,1.74157,10,11581,8.88252,3.83492
1776812895685422421,1.60637,-1.06055,0.159957,2.77437,2.04043,1.69692,10,11608,8.90322,3.83415
1776812895690409935,1.60637,-1.00977,0.180666,2.82438,2.04043,1.69692,10,11631,8.92087,3.83587
1776812895695391874,1.60637,-1.00977,0.198306,2.82611,1.46842,1.72587,10,11659,8.94234,3.83568
1776812895700392943,1.59094,-1.00977,0.204354,2.82592,1.46842,1.72587,10,11681,8.95922,4.29516
1776812895705398696,1.59094,-1.0332,0.221228,3.26196,1.41,1.62547,10,11717,8.98683,4.44851
1776812895710391357,1.58074,-1.0332,0.238638,3.41531,1.41,1.62547,10,11737,9.00217,4.2943
1776812895715402721,1.58074,-1.11523,0.253977,3.17907,1.47508,1.52088,10,11771,9.02824,4.14245
1776812895720372624,1.56551,-1.11523,0.264829,3.02721,1.47508,1.52088,10,11792,9.04435,4.14098
1776812895725411264,1.55867,-1.12109,0.297102,3.32742,1.51099,1.43083,10,11836,9.0781,4.44851
1776812895730400759,1.55867,-1.14648,0.30784,3.30202,1.51099,1.43083,10,11855,9.09267,4.44959
1776812895735401457,1.54846,-1.14648,0.312205,3.30311,1.62053,1.31867,10,11878,9.11031,4.13583
1776812895740411191,1.54846,-1.14844,-0.298473,2.98739,1.62053,1.31867,10,11878,9.11031,2.15069
1776812895745395760,1.54151,-1.14844,-0.305426,1.00225,1.90561,1.27755,10,11863,9.09881,-1.07384
1776812895750414013,1.54151,3.80664,0.311388,2.7328,1.90561,1.27755,10,11860,9.09651,-1.68709
1776812895755399452,1.54831,3.80664,-0.312427,2.11955,2.94269,4.1411,10,11860,9.09651,-0.153351
1776812895760398668,1.54831,4.75,-0.312427,4.59665,2.94269,4.1411,10,11857,9.0942,-0.460335
1776812895765399792,1.54831,4.75,0.31359,4.28966,2.36487,4.67881,10,11871,9.10494,0.460151
1776812895770385713,1.57403,4.75,-0.278277,5.21015,2.36487,4.67881,10,11876,9.10878,1.84115
1776812895775390985,1.57403,1.07031,-0.274442,2.91146,2.59458,2.72847,10,11887,9.11722,1.38026
1776812895780395238,1.61802,1.07031,-0.222006,2.45058,2.59458,2.72847,10,11896,9.12412,1.53439
1776812895785408342,1.61802,1.63086,-0.215103,3.16525,2.02292,3.29645,10,11913,9.13716,1.99373
1776812895790487073,1.62469,1.63086,-0.195397,3.62459,2.02292,3.29645,10,11926,9.14713,1.99453
1776812895795423793,1.62469,0.927734,-0.185426,2.92227,1.90731,2.93297,10,11939,9.1571,2.14725
1776812895800410399,1.64098,0.927734,-0.159163,3.07498,1.90731,2.93297,10,11947,9.16323,1.83968
1776812895805402986,1.64098,0.851562,-0.153027,2.69124,2.62278,2.98029,10,11963,9.17551,1.68825
1776812895810421442,1.6453,0.851562,-0.136439,2.53982,2.62278,2.98029,10,11977,9.18624,2.14767
1776812895815399086,1.6453,0.716797,-0.125701,2.86447,3.1572,2.92743,10,11993,9.19852,2.14791
1776812895820369008,1.65949,0.716797,-0.0992434,2.86471,3.1572,2.92743,10,12005,9.20772,2.45438
1776812895825405351,1.65949,0.513672,-0.0900395,2.96805,3.84368,2.89007,10,12025,9.22306,2.45389
1776812895830412790,1.66254,0.513672,-0.0716503,2.96756,3.84368,2.89007,10,12038,9.23303,2.45438
1776812895835447300,1.66254,-0.345703,-0.0616796,2.10867,3.29862,2.41703,10,12063,9.2522,2.91462
1776812895840409019,1.66254,-0.345703,-0.0425051,2.56892,3.29862,2.41703,10,12078,9.26371,3.22132
1776812895845403421,1.66371,-0.345703,-0.0298279,2.87562,2.8085,2.42349,10,12101,9.28135,3.06858
1776812895850402563,1.66371,-0.621094,-0.0121868,2.44749,2.8085,2.42349,10,12125,9.29976,3.37467
1776812895855410075,1.65569,-0.621094,-0.00179843,2.75358,2.1272,2.2223,10,12148,9.3174,3.22087
1776812895860405625,1.65569,-0.660156,0.0158417,2.56071,2.1272,2.2223,10,12169,9.33351,3.37467
1776812895865394676,1.65263,-0.660156,0.0288942,2.71452,2.17058,2.18316,10,12196,9.35421,3.68083
1776812895870373227,1.65263,-0.751953,0.0496032,2.92887,2.17058,2.18316,10,12220,9.37262,3.83568
1776812895875400553,1.64244,-0.751953,0.0578162,3.08373,2.1936,2.07437,10,12242,9.3895,3.98925
1776812895880393825,1.64244,-0.830078,0.0746906,3.15918,2.1936,2.07437,10,12271,9.41174,3.98827
1776812895885397652,1.63831,-0.830078,0.0927994,3.15819,2.08469,2.00688,10,12299,9.43322,3.83415
1776812895890396072,1.63831,-1.04102,0.114275,2.79313,2.08469,2.00688,10,12324,9.45239,3.98846
1776812895895409362,1.62425,-1.04102,0.119393,2.94744,2.35711,1.8083,10,12353,9.47463,4.29258
1776812895900397209,1.62425,-1.125,0.141635,3.16758,2.35711,1.8083,10,12376,9.49227,3.99146
1776812895905404703,1.61347,-1.125,0.148497,2.86646,1.9922,1.70008,10,12403,9.51298,3.83415
1776812895910388253,1.61347,-1.15625,0.169205,2.6779,1.9922,1.70008,10,12427,9.53139,3.83568
1776812895915400469,1.61347,-1.15625,0.187613,2.67943,1.64339,1.68226,10,12455,9.55287,3.98846
1776812895920372465,1.60185,-1.15625,0.197471,2.83221,1.64339,1.68226,10,12474,9.56744,4.13437
1776812895925385421,1.60185,-1.10742,0.212044,3.02694,1.60841,1.64477,10,12506,9.59198,3.84029
1776812895930390415,1.58465,-1.10742,0.219389,2.73287,1.60841,1.64477,10,12525,9.60655,3.98667
1776812895935417685,1.58465,-1.12305,0.233962,2.86362,1.55393,1.53865,10,12558,9.63187,3.83722
1776812895940395310,1.57938,-1.12305,0.253997,2.71417,1.55393,1.53865,10,12578,9.64721,3.98766
1776812895945396934,1.57938,-1.17383,0.269337,2.81383,1.47979,1.47975,10,12614,9.67482,4.45029
1776812895950617656,1.56184,-1.17383,0.279408,3.27646,1.47979,1.47975,10,12634,9.69016,4.2943
1776812895955518230,1.56184,-1.18555,0.294748,3.10875,1.5289,1.37308,10,12668,9.71623,4.14098
1776812895960450154,1.55627,-1.18555,-0.313056,2.95543,1.5289,1.37308,10,12682,9.72697,3.83645
1776812895965423502,1.55627,-0.734375,-0.302318,3.10207,1.80297,1.5984,10,12678,9.7239,1.68709
1776812895970403349,1.53932,-0.734375,0.305976,0.952719,1.80297,1.5984,10,12666,9.7147,-2.30057
1776812895975399492,1.53932,1.52344,0.296771,-0.777128,2.69,2.78789,10,12663,9.7124,-1.22743
1776812895980409726,1.54129,1.52344,0.296441,0.296004,2.69,2.78789,10,12663,9.7124,0
1776812895985403591,1.54129,2.625,0.296441,2.625,2.90402,3.42714,10,12667,9.71547,0
1776812895990428232,1.54129,2.625,0.299509,2.625,2.90402,3.42714,10,12677,9.72314,1.22743
1776812895995400876,1.59437,2.625,-0.268058,3.85243,2.4413,3.73003,10,12690,9.73311,2.14705
1776812896000402555,1.59437,0.992188,-0.258087,3.13924,2.4413,3.73003,10,12707,9.74615,1.68777
1776812896005398920,1.61835,0.992188,-0.221064,2.67996,2.41392,2.93424,10,12726,9.76072,2.76127
1776812896010412173,1.61835,0.443359,-0.206492,3.20463,2.41392,2.93424,10,12740,9.77146,2.45419
1776812896015403761,1.62784,0.443359,-0.186269,2.89754,1.99502,2.67443,10,12758,9.78526,2.45487
1776812896020369313,1.62784,0.570312,-0.172464,3.02518,1.99502,2.67443,10,12772,9.796,2.60792
1776812896025387344,1.63399,0.570312,-0.155575,3.17823,2.4055,2.78108,10,12784,9.80521,1.99413
1776812896030408541,1.63399,0.990234,-0.146371,2.98437,2.4055,2.78108,10,12798,9.81594,1.99373
1776812896035394963,1.64016,0.990234,-0.129462,2.98397,2.61117,3.05475,10,12812,9.82668,2.45339
1776812896040393384,1.64016,0.5,-0.118723,2.95339,2.61117,3.05475,10,12832,9.84202,2.45585
1776812896045388694,1.64754,0.5,-0.0960049,2.95585,3.38428,2.81625,10,12853,9.85813,2.91171
1776812896050412798,1.64754,0.0214844,-0.0798983,2.93319,3.38428,2.81625,10,12872,9.87193,2.91676
1776812896055402849,1.6506,0.0214844,-0.0622668,2.93825,3.71879,2.56043,10,12889,9.88574,3.06858
1776812896060407454,1.6506,-0.634766,-0.0492282,2.43382,3.71879,2.56043,10,12912,9.90338,3.22087
1776812896065397357,1.6506,-0.634766,-0.0315871,2.5861,2.89443,2.18636,10,12934,9.92025,3.06797
1776812896070383445,1.64778,-0.634766,-0.017528,2.4332,2.89443,2.18636,10,12951,9.93329,3.374
1776812896075386366,1.64778,-0.78125,-0.0044894,2.59275,2.22125,2.08729,10,12979,9.95477,3.37602
1776812896080390675,1.63646,-0.78125,0.00566434,2.59477,2.22125,2.08729,10,12995,9.96704,3.37419
1776812896085393577,1.63646,-0.724609,0.0179362,2.64958,1.79917,2.05673,10,13023,9.98852,3.37535
1776812896090445069,1.62879,-0.724609,0.0317435,2.65074,1.79917,2.05673,10,13039,10.0008,3.37351
1776812896095408344,1.62879,-0.75,0.0440154,2.62351,1.87126,1.99954,10,13068,10.023,3.37535
1776812896100407450,1.62525,-0.75,0.0627122,2.62535,1.87126,1.99954,10,13085,10.0361,3.67642
1776812896105409481,1.62525,-0.880859,0.0757508,2.79556,1.97666,1.90516,10,13117,10.0606,3.68746
1776812896110410735,1.61705,-0.880859,0.0920987,2.8066,1.97666,1.90516,10,13136,10.0752,3.83415
1776812896115397027,1.61705,-1.05273,0.106672,2.78141,2.07195,1.76134,10,13168,10.0997,3.98607
1776812896120373227,1.60246,-1.05273,0.116625,2.93333,2.07195,1.76134,10,13187,10.1135,3.83722
1776812896125392758,1.60246,-1.10547,0.131198,2.73175,2.19529,1.64931,10,13222,10.1411,4.14181
1776812896130391493,1.59714,-1.10547,0.152717,3.03634,2.19529,1.64931,10,13242,10.1565,4.2943
1776812896135438059,1.59714,-1.1582,0.168058,3.1361,1.96997,1.58923,10,13277,10.1833,4.14245
1776812896140415722,1.59714,-1.1582,0.194902,2.98424,1.96997,1.58923,10,13296,10.1979,4.14181
1776812896145403588,1.57945,-1.1582,0.191787,2.9836,1.4834,1.48905,10,13324,10.2194,4.1385
1776812896150420748,1.57945,-1.05273,0.213263,3.08576,1.4834,1.48905,10,13356,10.2439,4.14576
1776812896155410151,1.56316,-1.05273,0.221519,3.09303,1.4036,1.45635,10,13385,10.2662,4.14098
1776812896160397499,1.56316,-1.08789,0.243762,3.05309,1.4036,1.45635,10,13409,10.2846,4.14264
1776812896165407770,1.55256,-1.08789,0.251575,3.05475,1.31827,1.37563,10,13437,10.3061,3.98747
1776812896170381137,1.55256,-1.14062,0.273051,2.84684,1.31827,1.37563,10,13462,10.3252,3.98925
1776812896175401186,1.54148,-1.14062,0.281142,2.84863,1.30235,1.28185,10,13486,10.3436,4.14162
1776812896180399848,1.54148,-1.09375,0.29955,3.04787,1.30235,1.28185,10,13512,10.3636,4.14181
1776812896185396084,1.5303,-1.09375,0.308307,3.04806,1.48172,1.244,10,13518,10.3682,2.60773
1776812896190395615,1.5303,-0.015625,0.31291,2.5921,1.48172,1.244,10,13506,10.359,-0.15332
1776812896195403350,1.52272,-0.015625,0.296127,-0.168945,2.24823,1.81462,10,13499,10.3536,-1.99413
1776812896200394309,1.52272,4.62891,0.290758,2.63477,2.24823,1.81462,10,13496,10.3513,-0.767289
1776812896205394878,1.54956,4.62891,-0.313016,3.86162,2.8431,4.61698,10,13494,10.3498,-0.30664
1776812896210422241,1.54956,2.64453,0.313769,2.33789,2.8431,4.61698,10,13500,10.3544,-0.153351
1776812896215419829,1.54956,2.64453,-0.309948,2.49118,2.1903,3.48589,10,13511,10.3628,1.68758
1776812896220379085,1.58706,2.64453,-0.264012,4.33211,2.1903,3.48589,10,13517,10.3674,1.22719
1776812896225409152,1.58706,1.03516,-0.25941,2.26234,2.22392,2.78249,10,13531,10.3781,1.53408
1776812896230399888,1.60727,1.03516,-0.22847,2.56924,2.22392,2.78249,10,13540,10.385,1.84078
1776812896235397735,1.60727,0.896484,-0.221567,2.73727,2.10918,2.81747,10,13553,10.395,1.53328
1776812896240401396,1.62673,0.896484,-0.192136,2.42976,2.10918,2.81747,10,13561,10.4012,1.84152
1776812896245436759,1.62673,1.15625,-0.186,2.99777,2.18403,3.07458,10,13572,10.4096,1.53377
1776812896250423884,1.63066,1.15625,-0.173628,2.69002,2.18403,3.07458,10,13579,10.415,1.22743
1776812896255406695,1.63066,1.39844,-0.168259,2.62587,2.86514,3.23458,10,13597,10.4288,1.84078
1776812896260412097,1.64904,1.39844,-0.136079,3.23922,2.86514,3.23458,10,13607,10.4364,2.14663
1776812896265399037,1.64904,0.988281,-0.128409,3.13491,3.75068,3.10286,10,13628,10.4525,2.30149
1776812896270398791,1.65491,0.988281,-0.106428,3.28977,3.75068,3.10286,10,13644,10.4648,2.60825
1776812896275389527,1.65491,0.167969,-0.0941565,2.77622,3.656,2.66776,10,13666,10.4817,2.60773
1776812896280390929,1.66312,0.167969,-0.0690729,2.7757,3.656,2.66776,10,13681,10.4924,2.76072
1776812896285394942,1.66312,-0.416016,-0.0575678,2.3447,3.11856,2.38017,10,13705,10.5116,2.9152
1776812896290400547,1.66312,-0.416016,-0.03916,2.49919,3.11856,2.38017,10,13721,10.5239,3.06778
1776812896295399098,1.66156,-0.416016,-0.0284464,2.65176,2.243,2.37159,10,13743,10.5407,3.22151
1776812896300398389,1.66156,-0.414062,-0.0115731,2.80745,2.243,2.37159,10,13763,10.5561,3.37467
1776812896305400976,1.65719,-0.414062,-0.000601036,2.96061,1.96575,2.34862,10,13783,10.5714,3.37419
1776812896310531611,1.65719,-0.484375,0.0147388,2.88981,1.96575,2.34862,10,13808,10.5906,3.52379
1776812896315426131,1.65056,-0.484375,0.0272815,3.03942,2.04525,2.27189,10,13834,10.6105,3.37892
1776812896320374055,1.65056,-0.546875,0.0472229,2.83204,2.04525,2.27189,10,13857,10.6282,3.6823
1776812896325394919,1.6481,-0.546875,0.0623987,3.13543,2.10519,2.22261,10,13884,10.6489,3.98667
1776812896330400820,1.6481,-0.894531,0.0831068,3.09214,2.16163,2.02445,10,13915,10.6727,3.83568
1776812896335399575,1.63717,-0.894531,0.0959623,2.94115,2.16163,2.02445,10,13934,10.6872,3.98925
1776812896340444548,1.63717,-1.00195,0.110535,2.9873,2.16163,2.02445,10,13957,10.7049,3.68083
1776812896345425433,1.63378,-1.00195,0.124784,2.67887,2.53425,1.88375,10,13979,10.7218,3.83568
1776812896350420335,1.63378,-1.13281,0.141659,2.70287,2.53425,1.88375,10,14008,10.744,3.83492
1776812896355405720,1.61572,-1.13281,0.145842,2.7021,2.19967,1.70826,10,14030,10.7609,3.98846
1776812896360396937,1.61572,-1.1543,0.162717,2.83416,2.19967,1.70826,10,14052,10.7777,3.6799
1776812896365407802,1.61572,-1.1543,0.17959,2.5256,1.99908,1.69602,10,14078,10.7977,3.83664
1776812896370374354,1.61165,-1.1543,0.19546,2.68234,1.99908,1.69602,10,14103,10.8169,3.83338
1776812896375443678,1.61165,-1.17188,0.214636,2.66151,1.44752,1.66316,10,14137,10.8429,3.98986
1776812896380407249,1.59272,-1.17188,0.221781,2.81799,1.44752,1.66316,10,14157,10.8583,4.2943
1776812896385493683,1.59272,-1.25977,0.23712,3.03453,1.36205,1.50639,10,14192,10.8851,4.14264
1776812896390413294,1.57452,-1.25977,0.245762,2.88287,1.36205,1.50639,10,14212,10.9005,4.14015
1776812896395400308,1.57452,-1.27734,0.261101,2.86281,1.44978,1.3931,10,14251,10.9304,4.44851
1776812896400406858,1.56836,-1.27734,0.28486,3.17117,1.44978,1.3931,10,14273,10.9473,4.75711
1776812896405402945,1.56836,-1.32031,0.301735,3.4368,1.32315,1.33355,10,14312,10.9772,4.7554
1776812896410399237,1.54861,-1.32031,0.311894,3.43509,1.32315,1.33355,10,14328,10.9894,4.2943
1776812896415574814,1.54861,-1.33008,-0.304152,2.96422,1.3655,1.21488,10,14331,10.9917,2.45438
1776812896420393208,1.54219,-1.33008,-0.308274,1.1243,1.3655,1.21488,10,14318,10.9818,-1.53389
1776812896425391981,1.54219,3.05078,0.310074,1.51689,2.47734,3.67502,10,14314,10.9787,-1.68777
1776812896430423733,1.54224,3.05078,0.307063,1.36301,2.47734,3.67502,10,14313,10.9779,-0.153351
1776812896435416691,1.54224,4.79297,0.306296,4.63962,2.59804,4.66839,10,14314,10.9787,0
1776812896440431444,1.54224,4.79297,0.307063,4.79297,2.59804,4.66839,10,14323,10.9856,0.766945
1776812896445398737,1.5551,4.79297,-0.301496,5.55991,2.92813,4.74228,10,14338,10.9971,2.14748
1776812896450408991,1.5551,0.634766,-0.28999,2.78225,2.92813,4.74228,10,14353,11.0086,1.99472
1776812896455411393,1.61022,0.634766,-0.223364,2.62949,2.27849,2.68492,10,14369,11.0209,2.30129
1776812896460419517,1.61022,1.20117,-0.211092,3.50247,2.27849,2.68492,10,14387,11.0347,2.60773
1776812896465408197,1.61318,1.20117,-0.194334,3.8089,2.2499,3.02435,10,14406,11.0493,2.60792
1776812896470407099,1.61318,0.326172,-0.179761,2.93409,2.18778,2.5256,10,14422,11.0615,2.75667
1776812896475391299,1.62542,0.326172,-0.155241,3.08284,2.18778,2.5256,10,14432,11.0692,1.84336
1776812896480408811,1.62542,0.681641,-0.147572,2.525,2.18778,2.5256,10,14446,11.0799,1.99413
1776812896485400751,1.62896,0.681641,-0.133297,2.67577,2.46034,2.81652,10,14459,11.0899,2.30103
1776812896490411300,1.62896,0.410156,-0.123326,2.71118,2.46034,2.81652,10,14477,11.1037,2.30149
1776812896495399963,1.63534,0.410156,-0.103142,2.71164,2.97621,2.69731,10,14497,11.1191,2.60773
1776812896500405568,1.63534,0.0429688,-0.0878029,2.6507,3.15618,2.48802,10,14519,11.1359,2.76053
1776812896505398286,1.63797,0.0429688,-0.0682945,2.80349,3.15618,2.48802,10,14534,11.1474,2.91462
1776812896510399021,1.63797,-0.570312,-0.0567903,2.34431,2.95848,2.15309,10,14559,11.1666,3.06797
1776812896515395701,1.63797,-0.570312,-0.0376148,2.49766,2.95848,2.15309,10,14573,11.1774,3.06858
1776812896520372160,1.6346,-0.570312,-0.0302505,2.49827,2.95848,2.15309,10,14593,11.1927,2.91462
1776812896525394783,1.6346,-0.621094,-0.0149107,2.29353,2.2884,2.10538,10,14615,11.2096,3.22068
1776812896530396889,1.6273,-0.621094,-0.00533293,2.59958,2.2884,2.10538,10,14631,11.2218,3.22197
1776812896535399643,1.6273,-0.609375,0.00693896,2.61259,1.94246,2.0714,10,14658,11.2425,3.22132
1776812896540403674,1.62524,-0.609375,0.0255871,2.61195,1.94246,2.0714,10,14674,11.2548,3.37419
1776812896545419853,1.62524,-0.595703,0.037859,2.77848,1.63774,2.06768,10,14702,11.2763,3.37063
1776812896550434236,1.6154,-0.595703,0.04949,2.77492,1.63774,2.06768,10,14719,11.2893,3.37959
1776812896555409084,1.6154,-0.634766,0.0625286,2.74483,1.79739,1.99033,10,14751,11.3139,3.68156
1776812896560396858,1.61261,-0.634766,0.0842848,3.0468,1.79739,1.99033,10,14769,11.3277,3.98587
1776812896565405963,1.61261,-0.871094,0.0980911,3.11478,1.9585,1.83998,10,14803,11.3538,3.99005
1776812896570373904,1.60081,-0.871094,0.112368,3.11896,1.9585,1.83998,10,14821,11.3676,3.98906
1776812896575386713,1.60081,-0.931641,0.126173,3.05742,2.10654,1.7391,10,14853,11.3921,3.83415
1776812896580394244,1.59641,-0.931641,0.146314,2.90251,2.10654,1.7391,10,14871,11.4059,3.83568
1776812896585418071,1.59641,-0.972656,0.16012,2.86303,2.01217,1.69088,10,14903,11.4305,3.83511
1776812896590444138,1.59641,-0.972656,0.184664,2.86245,2.01217,1.69088,10,14921,11.4443,3.83415
1776812896595426856,1.58182,-0.972656,0.183878,2.86149,1.83012,1.60827,10,14947,11.4642,3.83492
1776812896600417815,1.58182,-0.900391,0.20382,2.93452,1.83012,1.60827,10,14974,11.4849,3.52821
1776812896605414384,1.56786,-0.900391,0.210575,2.62782,1.52175,1.57005,10,14996,11.5018,3.83492
1776812896610396694,1.56786,-0.917969,0.227449,2.91695,1.52175,1.57005,10,15025,11.524,3.83568
1776812896615404837,1.55869,-0.917969,0.240517,2.91771,1.2824,1.50758,10,15053,11.5455,3.98747
1776812896620385759,1.55869,-0.982422,0.261992,3.00505,1.2824,1.50758,10,15077,11.5639,3.98925
1776812896625388901,1.54937,-0.982422,0.271082,3.00683,1.25087,1.4174,10,15099,11.5808,3.83415
1776812896630404710,1.54937,-1.01758,0.287956,2.81657,1.25087,1.4174,10,15128,11.603,3.98846
1776812896635399890,1.53922,-1.01758,0.300048,2.97088,1.33267,1.33894,10,15148,11.6184,3.83568
1776812896640406292,1.53922,-0.947266,-0.312931,2.88842,1.33267,1.33894,10,15146,11.6168,1.99373
1776812896645401731,1.52931,-0.947266,0.303941,1.04647,1.76577,1.32175,10,15134,11.6076,-1.53439
1776812896650409559,1.52931,3.10742,0.294737,1.57303,1.76577,1.32175,10,15126,11.6015,-1.68657
1776812896655414165,1.53938,3.10742,0.298676,1.42086,2.81999,3.69113,10,15124,11.6,-0.613717
1776812896660411697,1.53938,3.57812,0.297142,2.96441,2.81999,3.69113,10,15125,11.6007,-0.153351
1776812896665398507,1.53938,3.57812,0.297909,3.42477,2.37525,3.95943,10,15136,11.6092,0.766485
1776812896670396946,1.58271,3.57812,-0.278646,4.34461,2.37525,3.95943,10,15143,11.6145,1.53481
1776812896675385682,1.58271,1.0332,-0.273277,2.56801,2.48667,2.75667,10,15158,11.626,1.38082
1776812896680397084,1.61582,1.0332,-0.228655,2.41402,2.48667,2.75667,10,15166,11.6322,2.14767
1776812896685397597,1.61952,1.64453,-0.208091,3.33162,2.15189,3.29192,10,15187,11.6483,1.68709
1776812896690417350,1.61952,0.892578,-0.202722,2.57967,2.06371,2.88397,10,15199,11.6575,2.14791
1776812896695399901,1.63459,0.892578,-0.178447,3.04049,2.06371,2.88397,10,15207,11.6636,2.14725
1776812896700423265,1.63459,0.910156,-0.172311,3.0574,2.06371,2.88397,10,15217,11.6713,1.38054
1776812896705404705,1.64376,0.910156,-0.155466,2.2907,2.45034,3.0291,10,15227,11.679,1.68777
1776812896710413607,1.64376,1.19336,-0.147796,2.88113,2.45034,3.0291,10,15243,11.6912,1.99334
1776812896715390825,1.65509,1.19336,-0.1242,3.1867,3.27431,3.25321,10,15256,11.7012,2.14791
1776812896720412356,1.65509,0.791016,-0.114229,2.93893,3.27431,3.25321,10,15276,11.7165,2.60773
1776812896725394518,1.65792,0.791016,-0.0960538,3.39874,3.78978,3.03953,10,15291,11.7281,2.76182
1776812896730402494,1.65792,0.265625,-0.0845487,3.02745,3.78978,3.03953,10,15313,11.7449,2.76108
1776812896735398156,1.66825,0.265625,-0.0435436,3.3336,3.52692,2.74005,10,15340,11.7656,3.06797
1776812896740430001,1.66825,-0.566406,-0.0366409,2.50156,2.79078,2.32265,10,15360,11.781,3.22022
1776812896745391294,1.6654,-0.566406,-0.0241496,2.65382,2.79078,2.32265,10,15377,11.794,3.06839
1776812896750421065,1.6654,-0.621094,-0.011111,2.4473,2.79078,2.32265,10,15398,11.8101,3.37486
1776812896755407597,1.66084,-0.621094,0.000436109,2.75377,2.45348,2.25071,10,15417,11.8247,3.37535
1776812896760414740,1.66084,-0.693359,0.0150092,2.68199,2.45348,2.25071,10,15438,11.8408,3.5268
1776812896765400939,1.65929,-0.693359,0.029569,2.83344,2.08409,2.20099,10,15461,11.8584,3.22261
1776812896770379009,1.65929,-0.693359,0.04721,2.52925,2.08409,2.20099,10,15486,11.8776,3.37486
1776812896775394522,1.64735,-0.693359,0.0544389,2.6815,1.90385,2.13497,10,15506,11.893,3.374
1776812896780396479,1.64735,-0.748047,0.0697787,2.62595,1.90385,2.13497,10,15528,11.9098,3.6823
1776812896785403159,1.64545,-0.748047,0.08476,2.93425,1.95358,2.09331,10,15555,11.9305,3.83338
1776812896790400228,1.64545,-0.992188,0.105468,2.84119,1.95358,2.09331,10,15584,11.9528,3.83645
1776812896795421073,1.63023,-0.992188,0.112486,2.84426,2.00198,1.86951,10,15605,11.9689,3.83434
1776812896800403717,1.63023,-1.03906,0.128594,2.79528,2.00198,1.86951,10,15629,11.9873,3.83568
1776812896805403175,1.62762,-1.03906,0.165869,3.10109,2.00409,1.84279,10,15670,12.0187,4.14015
1776812896810402466,1.62762,-1.03906,0.165869,3.10109,2.00409,1.84279,10,15670,12.0187,4.14015
1776812896815510806,1.60522,-1.16406,0.184886,2.9794,1.90764,1.75699,10,15723,12.0594,4.14347
1776812896820396845,1.60522,-1.24414,0.19409,2.89932,1.87615,1.58581,10,15749,12.0793,3.98747
1776812896825497630,1.59312,-1.24414,0.201927,2.74333,1.87615,1.58581,10,15771,12.0962,4.14181
1776812896830483329,1.59312,-1.21484,0.218802,2.92696,1.87615,1.58581,10,15800,12.1184,4.60297
1776812896835478639,1.58726,-1.21484,0.235187,3.38813,1.63923,1.50109,10,15825,12.1376,4.44762
1776812896840458802,1.58726,-1.28125,0.254361,3.16637,1.63923,1.50109,10,15851,12.1576,4.44851
1776812896845420632,1.58106,-1.28125,0.268109,3.16726,1.73332,1.4281,10,15882,12.1813,4.29516
1776812896850404905,1.58106,-1.2832,0.291885,3.01196,1.73332,1.4281,10,15915,12.2067,4.4494
1776812896855396327,1.55827,-1.2832,0.294404,3.1662,1.6573,1.29702,10,15941,12.2266,4.44851
1776812896860398229,1.55827,-1.2832,-0.313972,3.16531,1.6573,1.29702,10,15968,12.2473,4.44052
1776812896865404334,1.55557,-1.2832,-0.295962,3.15731,1.80008,1.28156,10,15976,12.2534,2.91988
1776812896870386571,1.55557,-0.814453,-0.289826,2.10542,1.80008,1.28156,10,15963,12.2435,-0.153198
1776812896875439433,1.5351,-0.814453,0.302676,-2.96428,2.54863,1.54875,10,15955,12.2373,-2.14982
1776812896880424465,1.5351,4.39453,0.301909,2.24471,2.8319,4.40006,10,15955,12.2373,-0.613349
1776812896885401702,1.57145,4.39453,-0.290057,3.78118,2.8319,4.40006,10,15955,12.2373,0
1776812896890410678,1.57145,2.68164,-0.290057,2.68164,2.8319,4.40006,10,15966,12.2458,0.460151
1776812896895404118,1.58762,2.68164,-0.26545,3.14179,2.70715,3.72413,10,15974,12.2519,1.99453
1776812896900402890,1.58762,0.789062,-0.259314,2.78359,2.70715,3.72413,10,15984,12.2596,1.22694
1776812896905399885,1.60708,0.789062,-0.232182,2.01601,2.29699,2.75521,10,15998,12.2703,2.14767
1776812896910407305,1.60708,1.46094,-0.221445,3.60861,2.29699,2.75521,10,16013,12.2818,1.99373
1776812896915447057,1.61874,1.46094,-0.198283,3.45467,2.14328,3.20359,10,16026,12.2918,1.99373
1776812896920407702,1.61874,0.826172,-0.188312,2.81991,2.14328,3.20359,10,16041,12.3033,2.14896
1776812896925400586,1.62783,0.826172,-0.167715,2.97514,2.21825,2.8926,10,16049,12.3094,1.84078
1776812896930413377,1.62783,0.873047,-0.161579,2.71383,2.21825,2.8926,10,16063,12.3202,1.53389
1776812896935398817,1.63566,0.873047,-0.143008,2.40694,3.05631,2.96297,10,16075,12.3294,1.99373
1776812896940438476,1.63566,0.771484,-0.123065,3.07251,3.61296,2.90508,10,16097,12.3462,2.30103
1776812896945391955,1.6462,0.771484,-0.106397,3.07251,3.61296,2.90508,10,16109,12.3554,2.30103
1776812896950415189,1.6462,0.335938,-0.0971922,2.63696,3.61296,2.90508,10,16126,12.3685,2.60773
1776812896955399148,1.65152,0.335938,-0.0788302,2.94366,3.38859,2.74477,10,16143,12.3815,2.76108
1776812896960395069,1.65152,-0.269531,-0.0657915,2.49155,3.38859,2.74477,10,16167,12.3999,3.21701
1776812896965409007,1.65194,-0.269531,-0.0469698,2.94748,3.03311,2.40195,10,16186,12.4145,3.22519
1776812896970383152,1.65194,-0.636719,-0.0323958,2.58847,3.03311,2.40195,10,16211,12.4337,3.52751
1776812896975396090,1.647,-0.636719,-0.0181536,2.89079,2.31368,2.16535,10,16230,12.4483,3.22326
1776812896980400177,1.647,-0.654297,-0.00358145,2.56896,2.31368,2.16535,10,16255,12.4674,3.37467
1776812896985415393,1.64061,-0.654297,0.00920063,2.72037,2.08601,2.11987,10,16276,12.4835,3.52821
1776812896990404407,1.64061,-0.679688,0.0253072,2.84853,2.08601,2.11987,10,16304,12.505,3.68083
1776812896995416105,1.63368,-0.679688,0.0398489,3.00114,1.78957,2.06684,10,16326,12.5219,3.83415
1776812897000398934,1.63368,-0.794922,0.0567213,3.03923,1.78957,2.06684,10,16354,12.5434,3.98986
1776812897005401077,1.62638,-0.794922,0.0709024,3.19494,1.79727,1.96048,10,16375,12.5595,3.68156
1776812897010397091,1.62638,-0.947266,0.087009,2.7343,1.79727,1.96048,10,16405,12.5825,3.83511
1776812897015404179,1.61763,-0.947266,0.118146,3.19104,1.90764,1.87364,10,16440,12.6093,4.13831
1776812897020374417,1.61763,-1.08203,0.128117,3.05627,1.91329,1.74791,10,16464,12.6277,3.99165
1776812897025386023,1.60765,-1.08203,0.13654,2.90962,1.91329,1.74791,10,16483,12.6423,3.98827
1776812897030404443,1.60765,-1.17578,0.151113,2.81248,1.91329,1.74791,10,16507,12.6607,3.68156
1776812897035400809,1.59646,-1.17578,0.158327,2.50578,2.00637,1.57537,10,16529,12.6776,3.83338
1776812897040414063,1.59646,-1.1582,0.175201,2.67518,2.00637,1.57537,10,16558,12.6998,3.99005
1776812897045399559,1.58475,-1.1582,0.185737,2.83185,1.6705,1.51915,10,16581,12.7175,4.13996
1776812897050403591,1.58475,-1.11914,0.203377,3.02082,1.6705,1.51915,10,16610,12.7397,3.83664
1776812897055394476,1.57331,-1.11914,0.214182,2.7175,1.6009,1.47641,10,16633,12.7574,3.98827
1776812897060399489,1.57331,-1.13477,0.231823,2.8535,1.6009,1.47641,10,16663,12.7804,3.98846
1776812897065391319,1.56213,-1.13477,0.243655,2.85369,1.59549,1.40372,10,16687,12.7988,4.14079
1776812897070371167,1.56213,-1.18164,0.262063,2.95915,1.59549,1.40372,10,16719,12.8233,4.44851
1776812897075382865,1.55029,-1.18164,0.274763,3.26687,1.63736,1.30913,10,16743,12.8417,4.14181
1776812897080401397,1.55029,-1.16211,0.293171,2.9797,1.63736,1.30913,10,16774,12.8647,4.2943
1776812897085397855,1.53886,-1.16211,-0.308992,2.82695,1.67684,1.32026,10,16797,12.8831,3.98906
1776812897090423256,1.53886,-0.474609,-0.305156,3.51445,1.86794,1.64638,10,16799,12.8847,2.30103
1776812897095449806,1.52277,-0.474609,0.3086,1.82642,1.86794,1.64638,10,16785,12.8739,-0.153351
1776812897100410655,1.52277,1.88281,0.297863,1.72946,1.86794,1.64638,10,16778,12.8686,-2.60773
1776812897105401448,1.52577,1.88281,0.295495,-0.724915,2.42117,2.91442,10,16776,12.867,-0.460243
1776812897110406906,1.52577,4.33594,0.293961,3.87569,2.42117,2.91442,10,16777,12.8678,-0.153351
1776812897115402290,1.56551,4.33594,-0.293847,4.18259,2.91419,4.54133,10,16785,12.8739,0.613717
1776812897120412822,1.56551,2.22266,-0.287711,2.83637,2.91419,4.54133,10,16800,12.8854,1.84041
1776812897125396911,1.59516,2.22266,-0.246554,4.06307,2.65249,3.50519,10,16811,12.8939,1.99453
1776812897130399684,1.59516,1.29297,-0.238117,3.2875,2.65249,3.50519,10,16830,12.9084,2.30103
1776812897135408623,1.61339,1.29297,-0.205321,3.59399,1.98236,3.07786,10,16842,12.9177,2.45192
1776812897140403915,1.61339,0.511719,-0.196117,2.96364,1.98236,3.07786,10,16859,12.9307,1.99533
1776812897145406892,1.61837,0.511719,-0.1781,2.50705,2.30062,2.66045,10,16870,12.9391,2.30103
1776812897150422256,1.61837,0.800781,-0.169663,3.10181,2.30062,2.66045,10,16883,12.9491,1.84152
1776812897155401549,1.62913,0.800781,-0.140491,2.641,2.68269,2.82522,10,16901,12.9629,1.84022
1776812897160397841,1.62913,0.685547,-0.135122,2.52577,3.01879,2.81969,10,16915,12.9736,1.99393
1776812897165401503,1.63944,0.685547,-0.114076,2.67947,3.01879,2.81969,10,16928,12.9836,2.45487
1776812897170421238,1.63944,0.335938,-0.104106,2.7908,3.01879,2.81969,10,16945,12.9967,2.45438
1776812897175437325,1.64375,0.335938,-0.0867569,2.79031,3.05004,2.70172,10,16961,13.0089,2.91443
1776812897180413748,1.64471,0.0644531,-0.0604831,2.82627,3.22625,2.55231,10,16988,13.0296,2.76182
1776812897185393726,1.64471,-0.441406,-0.0528137,2.32041,3.22625,2.55231,10,17005,13.0427,2.91345
1776812897190409609,1.64244,-0.441406,-0.0420467,2.47205,3.22625,2.55231,10,17020,13.0542,2.9156
1776812897195416160,1.64244,-0.488281,-0.0305416,2.42731,2.73249,2.22466,10,17042,13.0711,3.06674
1776812897200424469,1.64018,-0.488281,-0.0159256,2.57846,2.73249,2.22466,10,17057,13.0826,3.06858
1776812897205402022,1.64018,-0.496094,-0.0044214,2.57249,2.16809,2.20766,10,17084,13.1033,3.22132
1776812897210395665,1.63568,-0.496094,0.0117825,2.72523,2.16809,2.20766,10,17100,13.1155,3.22087
1776812897215392087,1.63568,-0.509766,0.0240544,2.7111,2.03403,2.17483,10,17127,13.1362,3.37602
1776812897220372176,1.63568,-0.509766,0.0447634,2.86626,2.03403,2.17483,10,17143,13.1485,3.374
1776812897225385374,1.63063,-0.509766,0.0519913,2.86423,1.98562,2.14674,10,17168,13.1677,3.52751
1776812897230400795,1.63063,-0.875,0.0711659,2.65251,1.98562,2.14674,10,17197,13.1899,3.68304
1776812897235395994,1.61683,-0.875,0.0796049,2.80804,2.00393,1.86141,10,17224,13.2106,3.83415
1776812897240399008,1.61683,-0.939453,0.100314,2.8947,2.00393,1.86141,10,17247,13.2283,3.98925
1776812897245470943,1.61237,-0.939453,0.113498,3.0498,2.15255,1.79967,10,17273,13.2482,3.68156
1776812897250429219,1.61237,-1.06055,0.133439,2.62102,2.15255,1.79967,10,17297,13.2666,3.83415
1776812897255407864,1.59709,-1.06055,0.136568,2.7736,1.91163,1.64464,10,17326,13.2889,3.98827
1776812897260482058,1.59709,-1.04297,0.15881,2.9453,1.91163,1.64464,10,17351,13.3081,4.14264
1776812897265453074,1.59197,-1.04297,0.172866,3.09967,1.82119,1.62574,10,17379,13.3295,4.13602
1776812897270384759,1.59197,-0.974609,0.194342,3.16141,1.82119,1.62574,10,17402,13.3472,3.83952
1776812897275391143,1.5767,-0.974609,0.196715,2.86491,1.8146,1.57811,10,17430,13.3686,3.98906
1776812897280397045,1.5767,-0.974609,0.218191,3.01445,1.8146,1.57811,10,17455,13.3878,3.98846
1776812897285406429,1.57183,-0.974609,0.232488,3.01385,1.49612,1.55035,10,17484,13.4101,4.13996
1776812897290398943,1.57183,-1.06445,0.254731,3.07551,1.49612,1.55035,10,17508,13.4285,4.14264
1776812897295412197,1.57183,-1.06445,0.273139,3.07818,1.33799,1.49914,10,17536,13.4499,3.98846
1776812897300396915,1.56189,-1.06445,0.28468,2.924,1.33799,1.49914,10,17556,13.4653,4.14162
1776812897305408484,1.56189,-1.1582,0.30002,2.98341,1.34255,1.389,10,17591,13.4921,4.14181
1776812897310417072,1.53935,-1.1582,0.304323,2.9836,1.34255,1.389,10,17606,13.5036,3.98827
1776812897315416493,1.53935,-1.15039,-0.312491,2.83788,1.34235,1.26401,10,17616,13.5113,2.60844
1776812897320376602,1.53367,-1.15039,-0.310498,1.45805,1.34235,1.26401,10,17605,13.5029,-0.612492
1776812897325393448,1.53367,4.26562,0.309383,3.65313,2.3052,4.31836,10,17595,13.4952,-1.99792
1776812897330393147,1.54542,4.26562,0.313458,2.2677,2.3052,4.31836,10,17594,13.4944,-0.613349
1776812897335393476,1.54542,4.38867,0.312691,3.77532,2.77574,4.45621,10,17596,13.496,0
1776812897340470244,1.56677,4.38867,-0.292738,4.38867,2.77574,4.45621,10,17603,13.5013,0.767136
1776812897345465481,1.56677,0.964844,-0.287369,1.73198,3.15613,2.62702,10,17619,13.5136,1.6869
1776812897350435811,1.60529,0.964844,-0.236585,2.65175,3.15613,2.62702,10,17628,13.5205,1.99432
1776812897355403771,1.60529,1.10547,-0.229682,3.09979,2.44264,2.92547,10,17648,13.5358,2.14748
1776812897360401156,1.61043,1.10547,-0.209195,3.25295,2.44264,2.92547,10,17657,13.5427,2.30103
1776812897365407688,1.61043,0.740234,-0.202292,3.04126,1.98561,2.74622,10,17676,13.5573,1.99453
1776812897370388295,1.63379,0.740234,-0.156698,3.0408,2.29911,2.87681,10,17693,13.5704,2.30057
1776812897375430973,1.63379,0.654297,-0.151329,2.95486,2.29911,2.87681,10,17701,13.5765,1.99373
1776812897380411970,1.64034,0.654297,-0.138642,2.64803,2.29911,2.87681,10,17712,13.5849,1.99413
1776812897385401910,1.64034,1.01758,-0.130205,3.01171,2.35049,3.07132,10,17732,13.6003,2.29873
1776812897390394777,1.64467,1.01758,-0.110533,3.3163,2.35049,3.07132,10,17744,13.6095,2.45733
1776812897395400401,1.64467,0.392578,-0.101329,2.8499,3.00916,2.73911,10,17767,13.6271,2.60721
1776812897400397693,1.65091,0.392578,-0.0774459,2.99978,3.00916,2.73911,10,17780,13.6371,2.76163
1776812897405405966,1.65091,-0.285156,-0.0674752,2.47647,3.35048,2.38738,10,17807,13.6578,3.06429
1776812897410397758,1.65188,-0.285156,-0.0458011,2.77914,3.35048,2.38738,10,17823,13.6701,3.22603
1776812897415419104,1.65188,-0.529297,-0.0335292,2.69673,3.03916,2.25356,10,17852,13.6923,3.52802
1776812897420434432,1.6498,-0.529297,-0.0133599,2.99873,3.03916,2.25356,10,17868,13.7046,3.5268
1776812897425409484,1.6498,-0.636719,-0.00108807,2.89008,2.23096,2.18086,10,17896,13.7261,3.37467
1776812897430404443,1.64037,-0.636719,0.0109588,2.73795,2.23096,2.18086,10,17912,13.7383,3.2228
1776812897435396031,1.64037,-0.673828,0.0232306,2.54897,2.06731,2.10743,10,17941,13.7606,3.52802
1776812897440403767,1.63718,-0.673828,0.0553151,3.007,1.68444,2.08966,10,17971,13.7836,3.68083
1776812897445403651,1.63718,-0.753906,0.0652858,2.92692,1.68444,2.08966,10,17989,13.7974,3.68083
1776812897450409572,1.63006,-0.753906,0.0719729,2.92692,1.68444,2.08966,10,18013,13.8158,3.6823
1776812897455396716,1.63006,-1.01172,0.0903808,2.67058,1.88592,1.85743,10,18038,13.835,3.82879
1776812897460398119,1.61666,-1.01172,0.0961524,2.81707,1.88592,1.85743,10,18056,13.8488,3.68673
1776812897465397651,1.61666,-1.06445,0.109959,2.62227,1.73659,1.75245,10,18088,13.8733,3.83127
1776812897470374537,1.61164,-1.06445,0.129485,2.76682,1.73659,1.75245,10,18107,13.8879,3.83952
1776812897475393216,1.61164,-1.11133,0.144057,2.72819,1.83248,1.69759,10,18138,13.9117,3.83568
1776812897480402582,1.60059,-1.11133,0.156783,2.72435,1.83248,1.69759,10,18155,13.9247,3.68009
1776812897485393115,1.60059,-1.09961,0.169822,2.58048,1.70803,1.6421,10,18186,13.9485,3.68304
1776812897490400054,1.58977,-1.09961,0.182778,2.58343,1.70803,1.6421,10,18205,13.9631,3.83415
1776812897495396920,1.58977,-1.05273,0.197352,2.78141,1.80765,1.6077,10,18239,13.9891,3.98747
1776812897500397656,1.57885,-1.05273,0.212507,2.93473,1.80765,1.6077,10,18258,14.0037,4.14264
1776812897505395614,1.57885,-1.03516,0.22708,3.10748,1.78459,1.55577,10,18292,14.0298,4.14264
1776812897510403591,1.56871,-1.03516,0.259127,3.10665,1.65043,1.49805,10,18329,14.0582,4.14181
1776812897515398031,1.56871,-1.15234,0.271399,2.98946,1.65043,1.49805,10,18356,14.0789,4.44851
1776812897520370732,1.55199,-1.15234,0.275386,3.29617,1.65043,1.49805,10,18379,14.0965,4.60002
1776812897525388263,1.55199,-1.1543,0.293027,3.44572,1.32924,1.33446,10,18409,14.1195,4.59837
1776812897530411331,1.54056,-1.1543,0.30461,3.44408,1.32924,1.33446,10,18430,14.1356,4.29927
1776812897535411049,1.54056,-1.15234,-0.307602,3.14692,1.4588,1.26986,10,18464,14.1617,4.29516
1776812897540398545,1.53487,-1.15234,-0.287208,3.14281,1.4588,1.26986,10,18476,14.1709,3.83511
1776812897545405317,1.53487,-0.955078,-0.278004,2.88003,1.66848,1.3495,10,18453,14.1533,0.306763
1776812897550428811,1.52374,-0.955078,-0.30678,-0.648315,1.66848,1.3495,10,18447,14.1487,-3.68009
1776812897555411030,1.52374,5.06445,-0.311383,1.38436,2.58658,4.71619,10,18446,14.1479,-0.460335
1776812897560405007,1.55574,5.06445,-0.280154,4.60412,2.58658,4.71619,10,18444,14.1464,-0.306763
1776812897565398188,1.55574,3.26172,-0.281687,2.95496,2.59323,3.87309,10,18453,14.1533,0
1776812897570369593,1.57864,3.26172,-0.251877,3.26172,2.59323,3.87309,10,18461,14.1594,2.14748
1776812897575385606,1.57864,1.08594,-0.245742,3.23342,2.29859,2.76365,10,18474,14.1694,1.53224
1776812897580394693,1.60851,1.08594,-0.196698,2.9293,2.03876,2.93247,10,18495,14.1855,1.84336
1776812897585401670,1.60851,0.923828,-0.189794,2.76719,2.03876,2.93247,10,18504,14.1924,2.45438
1776812897590406091,1.62183,0.923828,-0.169572,3.3782,2.03876,2.93247,10,18512,14.1985,1.68743
1776812897595399346,1.62183,0.894531,-0.163437,2.58196,2.05121,2.89805,10,18531,14.2131,2.29991
1776812897600463559,1.63096,0.894531,-0.139731,3.19445,2.05121,2.89805,10,18538,14.2185,1.84152
1776812897605411391,1.63096,0.751953,-0.134362,2.59347,2.30263,2.86777,10,18553,14.23,1.53377
1776812897610494919,1.63545,0.751953,-0.118367,2.28573,2.30263,2.86777,10,18563,14.2376,1.99453
1776812897615428029,1.63545,0.552734,-0.110697,2.54727,2.84321,2.77922,10,18582,14.2522,2.14705
1776812897620375750,1.64918,0.552734,-0.0823952,2.69979,2.84321,2.77922,10,18595,14.2622,2.45487
1776812897625390448,1.64918,0.484375,-0.0724245,2.93924,3.32237,2.81645,10,18617,14.2791,2.76127
1776812897630398535,1.65203,0.484375,-0.0527063,3.24564,3.32237,2.81645,10,18631,14.2898,2.76053
1776812897635423140,1.65203,-0.335938,-0.0419689,2.42459,3.35366,2.36461,10,18655,14.3082,2.9152
1776812897640409674,1.65244,-0.335938,-0.0231529,2.57926,3.35366,2.36461,10,18669,14.3189,2.91404
1776812897645393503,1.65244,-0.517578,-0.0124146,2.39646,2.56432,2.26333,10,18694,14.3381,2.91443
1776812897650406794,1.65034,-0.517578,0.0169328,2.70393,2.11628,2.25172,10,18721,14.3588,3.22151
1776812897655398049,1.65034,-0.59375,0.02537,2.62776,2.11628,2.25172,10,18738,14.3719,3.2181
1776812897660400804,1.64222,-0.59375,0.0302871,2.62435,2.11628,2.25172,10,18759,14.388,3.53155
1776812897665396466,1.64222,-0.646484,0.0463937,2.88507,1.67816,2.13324,10,18784,14.4071,3.52539
1776812897670380333,1.63582,-0.646484,0.0591739,2.87891,1.67816,2.13324,10,18801,14.4202,3.53033
1776812897675456305,1.63582,-0.767578,0.0722126,2.76275,1.92832,2.02868,10,18833,14.4447,3.68304
1776812897680414692,1.62926,-0.767578,0.0901979,2.91546,1.92832,2.02868,10,18853,14.4601,3.98747
1776812897685403429,1.62926,-0.880859,0.105538,3.10661,1.9554,1.92758,10,18887,14.4861,4.14181
1776812897690568914,1.62459,-0.880859,0.126947,3.26095,1.9554,1.92758,10,18907,14.5015,4.14015
1776812897695443695,1.62459,-1.03125,0.142288,3.1089,2.03074,1.81579,10,18940,14.5268,4.14245
1776812897700389990,1.61068,-1.03125,0.153687,3.1112,2.03074,1.81579,10,18960,14.5421,3.98925
1776812897705417928,1.61068,-1.07031,0.169027,2.91894,2.0883,1.7156,10,18994,14.5682,4.28915
1776812897710397795,1.60477,-1.07031,0.18919,3.21884,2.0883,1.7156,10,19014,14.5828,3.99386
1776812897715425640,1.60477,-1.10352,0.20453,2.89034,1.93006,1.66343,10,19045,14.6073,3.98846
1776812897720383397,1.60477,-1.10352,0.228307,2.88494,1.93006,1.66343,10,19063,14.6211,3.83415
1776812897725391985,1.58918,-1.10352,0.226526,2.73063,1.96727,1.57544,10,19090,14.6418,3.83492
1776812897730396239,1.58918,-1.12891,0.247235,2.70601,1.96727,1.57544,10,19121,14.6656,3.98827
1776812897735406141,1.57264,-1.12891,0.25447,2.85936,1.44973,1.46703,10,19150,14.6879,4.14181
1776812897740401045,1.57264,-1.16016,0.276713,2.98165,1.44973,1.46703,10,19174,14.7063,3.98846
1776812897745419261,1.56595,-1.16016,0.28843,2.8283,1.30981,1.41106,10,19202,14.7277,3.98906
1776812897750412553,1.56595,-1.21875,0.309905,2.77031,1.30981,1.41106,10,19227,14.7469,4.14264
1776812897755397938,1.548,-1.21875,0.311131,2.92389,1.22846,1.27483,10,19256,14.7692,4.2883
1776812897760394156,1.548,-1.19531,-0.294945,3.09298,1.22846,1.27483,10,19266,14.7768,3.68673
1776812897765422427,1.54211,-1.19531,-0.293164,2.49141,1.42295,1.25431,10,19257,14.7699,0.613594
1776812897770378074,1.54211,2.75586,-0.300067,3.36945,1.42295,1.25431,10,19246,14.7615,-2.1481
1776812897775387198,1.53945,2.75586,-0.311167,0.607755,2.50244,3.49112,10,19242,14.7584,-1.22694
1776812897780391564,1.53945,4.8418,0.314084,3.61485,2.50244,3.49112,10,19242,14.7584,-0.306702
1776812897785421557,1.55821,4.8418,-0.295475,4.5351,2.87829,4.7879,10,19248,14.763,0
1776812897790397850,1.55821,1.89648,-0.290874,1.89648,2.87829,4.7879,10,19254,14.7676,1.53389
1776812897795406771,1.55821,1.89648,-0.286271,3.43037,2.53953,3.10907,10,19269,14.7791,1.22694
1776812897800429395,1.60736,1.89648,-0.225619,3.12343,2.53953,3.10907,10,19280,14.7876,1.84115
1776812897805404410,1.60736,1.18555,-0.217182,3.0267,2.01957,2.98275,10,19298,14.8014,2.45389
1776812897810394795,1.6259,1.18555,-0.184835,3.63943,2.01957,2.98275,10,19304,14.806,1.84115
1776812897815406956,1.6259,0.748047,-0.180232,2.5892,2.33435,2.83728,10,19325,14.8221,2.14791
1776812897820375176,1.63169,0.748047,-0.158336,2.89596,2.33435,2.83728,10,19334,14.829,2.30057
1776812897825388115,1.63169,0.826172,-0.151433,3.12674,2.23549,2.9141,10,19351,14.842,1.99413
1776812897830396165,1.64295,0.826172,-0.127131,2.8203,2.23549,2.9141,10,19363,14.8512,2.1481
1776812897835394309,1.64295,0.96875,-0.117927,3.11685,2.61819,3.058,10,19385,14.8681,2.60773
1776812897840405896,1.64825,0.96875,-0.0957578,3.57648,2.61819,3.058,10,19398,14.8781,2.60668
1776812897845395522,1.64825,0.216797,-0.0857872,2.82348,3.30884,2.65874,10,19423,14.8973,3.06613
1776812897850449366,1.65543,0.216797,-0.0594324,3.28293,3.30884,2.65874,10,19437,14.908,2.91695
1776812897855418511,1.65543,-0.0351562,-0.048694,2.8818,3.58757,2.55483,10,19463,14.9279,2.91229
1776812897860532999,1.65582,-0.0351562,-0.0283607,2.87713,3.58757,2.55483,10,19479,14.9402,3.37602
1776812897865417483,1.65582,-0.566406,-0.0160888,2.80962,2.56108,2.25419,10,19507,14.9617,3.22326
1776812897870378518,1.65582,-0.566406,0.00538696,2.65685,2.56108,2.25419,10,19522,14.9732,3.37419
1776812897875392309,1.65033,-0.566406,0.0114056,2.80778,2.23829,2.22386,10,19545,14.9908,3.37535
1776812897880405044,1.65033,-0.609375,0.0290467,2.76597,2.23829,2.22386,10,19569,15.0092,3.22132
1776812897885391614,1.64447,-0.609375,0.0415903,2.61195,1.74549,2.16688,10,19592,15.0269,3.22087
1776812897890393610,1.64447,-0.654297,0.0592305,2.56657,1.74549,2.16688,10,19614,15.0437,3.374
1776812897895404104,1.63544,-0.654297,0.0670801,2.7197,1.75955,2.09115,10,19640,15.0637,3.6823
1776812897900406803,1.63544,-0.806641,0.0870215,2.87566,1.75955,2.09115,10,19662,15.0806,3.68083
1776812897905394003,1.62832,-0.806641,0.0967728,2.87419,1.98585,1.96463,10,19687,15.0997,3.6823
1776812897910402979,1.62832,-0.990234,0.115947,2.69207,1.98585,1.96463,10,19709,15.1166,3.67936
1776812897915402716,1.61938,-0.990234,0.123885,2.68912,2.10687,1.81004,10,19736,15.1373,3.68377
1776812897920370676,1.61938,-1.13281,0.144594,2.55096,2.10687,1.81004,10,19761,15.1565,3.83568
1776812897925386041,1.60863,-1.13281,0.153018,2.70287,2.09773,1.66846,10,19789,15.178,3.98747
1776812897930422719,1.60863,-1.14453,0.174493,2.84294,2.09773,1.66846,10,19813,15.1964,3.98846
1776812897935398383,1.59723,-1.14453,0.181501,2.84393,1.93733,1.59757,10,19841,15.2179,3.98827
1776812897940406748,1.59723,-1.10938,0.202976,2.87889,1.93733,1.59757,10,19867,15.2378,4.14098
1776812897945395040,1.59723,-1.10938,0.222917,3.0316,1.68754,1.61761,10,19898,15.2616,4.44673
1776812897950411923,1.58607,-1.10938,0.235529,3.33736,1.68754,1.61761,10,19919,15.2777,4.45118
1776812897955400845,1.58607,-1.12305,0.251635,3.32813,1.30052,1.54666,10,19955,15.3053,4.29001
1776812897960409285,1.5748,-1.12305,0.267982,3.16696,1.30052,1.54666,10,19975,15.3206,4.30118
1776812897965399651,1.5748,-1.17578,0.283322,3.1254,1.29314,1.45262,10,20012,15.349,4.44673
1776812897970385999,1.55713,-1.17578,0.294032,3.27095,1.29314,1.45262,10,20034,15.3651,4.44959
1776812897975388994,1.55713,-1.18945,0.310906,3.26014,1.37202,1.34393,10,20069,15.3927,4.4414
1776812897980426117,1.55158,-1.18945,-0.296122,3.25195,1.37202,1.34393,10,20086,15.4058,4.14909
1776812897985399577,1.55158,-1.08984,-0.283082,3.05924,1.33836,1.36887,10,20095,15.4127,2.91462
1776812897990396869,1.53359,-1.08984,-0.294169,1.82478,1.33836,1.36887,10,20086,15.4058,-0.613594
1776812897995397420,1.53359,0.275391,-0.301071,-0.338203,2.20223,2.04344,10,20078,15.3996,-1.99334
1776812898000440598,1.53164,0.275391,-0.309154,-1.71795,2.20223,2.04344,10,20078,15.3996,-0.153382
1776812898005413077,1.53164,3.39258,-0.309154,3.2392,2.9047,3.80899,10,20077,15.3989,-0.153511
1776812898010394555,1.58153,3.39258,-0.260036,3.23907,2.9047,3.80899,10,20083,15.4035,0.153572
1776812898015434882,1.58153,2.29883,-0.255433,2.4524,2.32175,3.47139,10,20099,15.4157,1.99413
1776812898020388733,1.58153,2.29883,-0.243161,4.29296,2.32175,3.47139,10,20105,15.4203,1.53389
1776812898025421949,1.59576,2.29883,-0.224325,3.83272,2.31384,3.55199,10,20120,15.4318,1.84078
1776812898030420649,1.59576,1.43164,-0.21282,3.27242,2.31384,3.55199,10,20136,15.4441,2.1481
1776812898035414737,1.61642,1.43164,-0.179895,3.57974,2.21385,3.17389,10,20151,15.4556,2.14705
1776812898040398327,1.61642,0.851562,-0.168389,2.99862,2.21385,3.17389,10,20164,15.4656,1.99432
1776812898045406434,1.63056,0.851562,-0.144272,2.84589,2.10765,2.92232,10,20176,15.4748,2.30129
1776812898050399911,1.63056,0.662109,-0.135068,2.9634,2.10765,2.92232,10,20187,15.4832,1.53408
1776812898055418610,1.63449,0.662109,-0.122707,2.19619,2.56404,2.8362,10,20200,15.4932,2.14534
1776812898060400051,1.63449,0.746094,-0.112736,2.89143,2.56404,2.8362,10,20217,15.5062,2.14982
1776812898065405288,1.64805,0.746094,-0.0861407,2.89592,3.21527,2.95933,10,20235,15.5201,2.45438
1776812898070366990,1.64805,0.103516,-0.0723344,2.55789,3.21527,2.95933,10,20252,15.5331,2.60721
1776812898075389281,1.65258,0.103516,-0.0547639,2.71072,3.55119,2.61814,10,20274,15.55,3.06368
1776812898080397684,1.65258,-0.494141,-0.0378905,2.56954,3.55119,2.61814,10,20294,15.5653,3.07227
1776812898085398754,1.6507,-0.494141,-0.0244304,2.57813,3.16209,2.26708,10,20316,15.5822,3.37467
1776812898090393435,1.6507,-0.685547,-0.00755606,2.68912,3.16209,2.26708,10,20336,15.5975,3.22068
1776812898095397394,1.6507,-0.685547,0.0077838,2.53513,2.3664,2.15798,10,20359,15.6152,3.2228
1776812898100433499,1.64464,-0.685547,0.0193633,2.53725,2.3664,2.15798,10,20377,15.629,3.5245
1776812898105502398,1.64464,-0.646484,0.0331697,2.87801,1.88356,2.14668,10,20408,15.6527,3.68451
1776812898110425269,1.63468,-0.646484,0.0469884,3.03803,1.88356,2.14668,10,20426,15.6665,3.68156
1776812898115489094,1.63468,-0.648438,0.0607947,3.03313,1.56547,2.09025,10,20456,15.6896,3.6823
1776812898120447797,1.62816,-0.648438,0.07728,3.03386,1.56547,2.09025,10,20474,15.7034,3.68083
1776812898125399314,1.62816,-0.794922,0.0910863,2.88591,1.91271,1.97039,10,20506,15.7279,3.83415
1776812898130411957,1.62108,-0.794922,0.108552,3.03923,1.91271,1.97039,10,20525,15.7425,3.98846
1776812898135401713,1.62108,-0.919922,0.123124,3.06854,2.03382,1.85959,10,20558,15.7678,3.98906
1776812898140398043,1.61253,-0.919922,0.139887,3.06914,2.03382,1.85959,10,20575,15.7808,3.83492
1776812898145397520,1.61253,-1.02148,0.152925,2.81343,1.98809,1.7538,10,20606,15.8046,3.6823
1776812898150421311,1.60258,-1.02148,0.166752,2.66082,1.98809,1.7538,10,20625,15.8192,3.83415
1776812898155404401,1.60258,-1.02539,0.181324,2.80876,1.99736,1.69562,10,20658,15.8445,3.82822
1776812898160404730,1.59249,-1.02539,0.196542,2.80282,1.99736,1.69562,10,20676,15.8583,3.99466
1776812898165402596,1.59249,-0.986328,0.210348,3.00833,1.87903,1.66093,10,20708,15.8828,3.98925
1776812898170384779,1.59249,-0.986328,0.234892,3.00293,1.87903,1.66093,10,20726,15.8966,3.68156
1776812898175388719,1.58262,-0.986328,0.238831,2.69524,1.69533,1.60504,10,20753,15.9174,3.83492
1776812898180395214,1.58262,-0.994141,0.25954,2.84077,1.69533,1.60504,10,20783,15.9404,3.98747
1776812898185399469,1.57282,-0.994141,0.272749,2.99333,1.35343,1.54486,10,20807,15.9588,4.14181
1776812898190425445,1.57282,-1.06445,0.291157,3.07735,1.35343,1.54486,10,20838,15.9825,4.29688
1776812898195392925,1.55714,-1.06445,0.299257,3.23242,1.26602,1.41524,10,20868,16.0056,4.14079
1776812898200396735,1.55714,-1.07617,-0.306052,3.06462,1.26602,1.41524,10,20891,16.0232,4.29621
1776812898205393565,1.55194,-1.07617,-0.293615,3.22004,1.46215,1.37872,10,20900,16.0301,3.22113
1776812898210402042,1.55194,-0.00976562,-0.286712,3.21136,2.26123,1.98657,10,20880,16.0148,-0.153351
1776812898215401130,1.53838,-0.00976562,0.312709,-0.163116,2.26123,1.98657,10,20875,16.0109,-2.75612
1776812898220374220,1.53838,2.91016,0.308875,0.154039,2.26123,1.98657,10,20875,16.0109,-0.460882
1776812898225388178,1.54443,2.91016,-0.313391,2.44927,3.12696,3.6078,10,20875,16.0109,0
1776812898230392137,1.54443,2.46875,-0.313391,2.46875,3.12696,3.6078,10,20885,16.0186,0.306395
1776812898235406391,1.60513,2.46875,-0.245022,2.77515,2.51211,3.70168,10,20900,16.0301,2.15025
1776812898240399906,1.60513,1.73242,-0.233517,3.88268,2.51211,3.70168,10,20910,16.0378,1.68724
1776812898245406143,1.60513,1.73242,-0.225847,3.41966,2.36336,3.28197,10,20928,16.0516,2.30103
1776812898250397861,1.61512,1.73242,-0.202056,4.03345,2.36336,3.28197,10,20941,16.0615,2.60408
1776812898255402357,1.61512,0.609375,-0.192084,3.21346,2.27591,2.69793,10,20960,16.0761,1.99115
1776812898260404557,1.63674,0.609375,-0.155888,2.60053,2.27591,2.69793,10,20971,16.0846,2.61491
1776812898265398183,1.63674,0.564453,-0.147452,3.17936,2.01956,2.79307,10,20986,16.0961,2.14729
1776812898270374587,1.6439,0.564453,-0.128789,2.71175,2.01956,2.79307,10,20994,16.1022,1.68728
1776812898275403656,1.6439,1.24219,-0.122653,2.92947,2.01208,3.21914,10,21012,16.116,1.99235
1776812898280395115,1.65261,1.24219,-0.100141,3.23454,2.01208,3.21914,10,21023,16.1244,2.30103
1776812898285390982,1.65261,0.732422,-0.0917052,3.03345,3.01817,2.97677,10,21046,16.1421,2.30379
1776812898290413550,1.66209,0.732422,-0.0645808,3.03621,3.01817,2.97677,10,21060,16.1528,3.06717
1776812898295410417,1.66209,0.0253906,-0.0538443,3.09256,3.68534,2.6261,10,21084,16.1712,2.91423
1776812898300400747,1.6661,0.0253906,-0.0314253,2.93962,3.68534,2.6261,10,21099,16.1827,2.91501
1776812898305420593,1.6661,-0.710938,-0.0199202,2.20407,3.39621,2.22847,10,21125,16.2027,3.22022
1776812898310429737,1.66264,-0.710938,-0.00343404,2.50929,3.39621,2.22847,10,21141,16.2149,3.22242
1776812898315412623,1.66264,-0.771484,0.00883786,2.45094,2.31384,2.17493,10,21169,16.2364,3.37554
1776812898320376325,1.66264,-0.771484,0.0303127,2.60405,2.31384,2.17493,10,21185,16.2487,3.37419
1776812898325389746,1.65923,-0.771484,0.0391676,2.6027,1.92182,2.1561,10,21208,16.2663,3.37486
1776812898330430295,1.65923,-0.642578,0.0568086,2.73228,1.92182,2.1561,10,21232,16.2847,3.22049
1776812898335407107,1.64484,-0.642578,0.0608284,2.57791,1.62889,2.15002,10,21252,16.3001,3.37486
1776812898340425158,1.64484,-0.695312,0.0761673,2.67955,1.62889,2.15002,10,21275,16.3177,3.52892
1776812898345391433,1.64164,-0.695312,0.0906059,2.83361,1.70925,2.10219,10,21302,16.3384,3.83568
1776812898350430853,1.64164,-0.919922,0.111314,2.91576,1.70925,2.10219,10,21331,16.3607,3.83415
1776812898355457995,1.62946,-0.919922,0.121383,2.91423,1.96841,1.90642,10,21353,16.3775,3.97792
1776812898360403402,1.62946,-0.957031,0.138257,3.02089,1.96841,1.90642,10,21378,16.3967,3.99706
1776812898365407657,1.62496,-0.957031,0.152935,3.04003,2.09756,1.86017,10,21408,16.4197,4.14366
1776812898370477389,1.62496,-1.25781,0.175945,2.88584,2.09756,1.86017,10,21441,16.445,4.44832
1776812898375485329,1.60808,-1.25781,0.184374,3.19051,2.03923,1.59412,10,21471,16.4681,4.4487
1776812898380434365,1.60808,-1.27148,0.207382,3.17722,2.03923,1.59412,10,21497,16.488,4.29411
1776812898385396160,1.5954,-1.27148,0.214644,3.02262,1.82477,1.51487,10,21522,16.5072,4.29621
1776812898390415470,1.5954,-1.22266,0.233818,3.07355,1.82477,1.51487,10,21555,16.5325,4.44921
1776812898395403096,1.5954,-1.22266,0.259129,3.22655,1.53533,1.5427,10,21585,16.5555,4.44781
1776812898400395870,1.5828,-1.22266,0.269536,3.22515,1.53533,1.5427,10,21606,16.5708,4.44959
1776812898405417772,1.5828,-1.27734,0.285642,3.17225,1.31,1.44017,10,21640,16.5977,4.14079
1776812898410411583,1.56415,-1.27734,0.293069,2.86344,1.31,1.44017,10,21661,16.6138,4.29497
1776812898415392247,1.56415,-1.29492,0.309177,3.00005,1.70778,1.32396,10,21697,16.6414,4.29535
1776812898420373004,1.55803,-1.29492,-0.297645,3.00043,1.70778,1.32396,10,21714,16.6544,4.29583
1776812898425389424,1.55803,-1.13086,-0.284607,3.16497,1.42026,1.3825,10,21718,16.6575,2.14767
1776812898430390846,1.53892,-1.13086,-0.300647,1.01682,1.42026,1.3825,10,21708,16.6498,-0.766982
1776812898435402193,1.53892,0.193359,-0.308317,-0.573623,2.61833,2.02748,10,21702,16.6452,-1.5342
1776812898440396356,1.53679,0.193359,0.313262,-1.34084,2.61833,2.02748,10,21702,16.6452,-0.306702
1776812898445398871,1.53679,3.4375,0.313262,3.1308,2.96821,3.86431,10,21703,16.646,-0.15332
1776812898450396385,1.58554,3.4375,-0.26554,3.28418,2.96821,3.86431,10,21712,16.6529,0.766908
1776812898455439157,1.58554,2.34766,-0.258637,3.11456,1.88811,3.52196,10,21725,16.6629,1.83547
1776812898460408543,1.59981,2.34766,-0.234394,4.18312,1.88811,3.52196,10,21734,16.6698,1.53851
1776812898465404799,1.59981,1.42578,-0.227491,2.96429,2.27689,3.07718,10,21751,16.6828,2.14682
1776812898470372445,1.59981,1.42578,-0.214452,3.5726,2.27689,3.07718,10,21759,16.6889,1.84133
1776812898475387884,1.62069,1.42578,-0.187437,3.26711,2.00908,3.19447,10,21775,16.7012,1.99393
1776812898480391324,1.62069,0.919922,-0.175165,2.91385,2.00908,3.19447,10,21789,16.712,2.14767
1776812898485393746,1.63526,0.919922,-0.149851,3.0676,2.33866,2.98746,10,21799,16.7196,1.84022
1776812898490394983,1.63526,0.761719,-0.142182,2.60194,2.33866,2.98746,10,21812,16.7296,1.53427
1776812898495412959,1.63957,0.761719,-0.127902,2.29599,2.92241,2.92124,10,21830,16.7434,2.3011
1776812898500400419,1.63957,0.640625,-0.114096,2.94173,2.92241,2.92124,10,21846,16.7557,2.60825
1776812898505393212,1.65489,0.640625,-0.0865036,3.24887,3.52583,2.93709,10,21862,16.7679,2.60759
1776812898510396244,1.65489,0.373047,-0.0742317,2.98063,3.52583,2.93709,10,21880,16.7817,3.06778
1776812898515408610,1.6566,0.373047,-0.0587173,3.44083,3.80288,2.794,10,21903,16.7994,3.06755
1776812898520380904,1.6566,-0.582031,-0.0410762,2.48552,3.80288,2.794,10,21929,16.8193,3.37516
1776812898525415842,1.65563,-0.582031,-0.0221048,2.79313,2.95432,2.24425,10,21954,16.8385,3.52821
1776812898530464243,1.65563,-0.767578,-0.00293021,2.76064,2.95432,2.24425,10,21976,16.8554,3.6823
1776812898535440555,1.65241,-0.767578,0.0107264,2.91472,2.37452,2.12071,10,21996,16.87,3.52751
1776812898540405590,1.65241,-0.675781,0.0260653,2.85173,2.37452,2.12071,10,22022,16.8907,3.52751
1776812898545409234,1.64202,-0.675781,0.0517201,3.00726,1.85151,2.17304,10,22055,16.916,3.68304
1776812898550514909,1.64202,-0.765625,0.060925,2.91741,1.79736,2.06424,10,22079,16.9344,3.83338
1776812898555446168,1.63488,-0.765625,0.0721955,3.06776,1.79736,2.06424,10,22099,16.9497,3.83568
1776812898560408351,1.63488,-0.970703,0.0875344,2.86498,1.90086,1.90768,10,22130,16.9735,3.98906
1776812898565403977,1.62572,-0.970703,0.10215,3.01836,1.90086,1.90768,10,22150,16.9888,3.83492
1776812898570375142,1.62572,-1.1543,0.117489,2.68062,1.90086,1.90768,10,22175,17.008,3.98747
1776812898575389544,1.61477,-1.1543,0.125717,2.83317,1.91098,1.69069,10,22198,17.0257,4.14283
1776812898580396114,1.61477,-1.22461,0.143356,2.91822,1.91098,1.69069,10,22228,17.0487,3.98747
1776812898585392573,1.60295,-1.22461,0.154543,2.76286,2.22431,1.58417,10,22255,17.0694,3.98906
1776812898590403735,1.60295,-1.23438,0.175251,2.75469,1.90153,1.5786,10,22285,17.0924,3.83492
1776812898595397861,1.59066,-1.23438,0.185969,2.60054,1.90153,1.5786,10,22305,17.1077,3.83415
1776812898600404727,1.59066,-1.19141,0.20131,2.64274,1.51607,1.53369,10,22339,17.1338,4.14283
1776812898605464516,1.57809,-1.19141,0.214818,2.95142,1.51607,1.53369,10,22359,17.1491,4.14079
1776812898610427477,1.57809,-1.17773,0.230157,2.96305,1.51607,1.53369,10,22385,17.1691,4.14245
1776812898615405696,1.56668,-1.17773,0.256327,2.81012,1.39983,1.4702,10,22422,17.1975,3.98785
1776812898620383582,1.56668,-1.17773,0.256327,2.81012,1.39983,1.4702,10,22422,17.1975,3.98785
1776812898625388282,1.55087,-1.23047,0.286538,3.37066,1.18562,1.37513,10,22482,17.2435,4.60113
1776812898630407628,1.55087,-1.24219,0.297276,3.35894,1.11929,1.27794,10,22510,17.265,4.60481
1776812898635397773,1.54248,-1.24219,0.310364,3.36263,1.11929,1.27794,10,22532,17.2818,4.44743
1776812898640395806,1.54248,-1.23828,-0.30108,3.20915,1.42508,1.23193,10,22567,17.3087,4.60205
1776812898645399765,1.52599,-1.23828,-0.290723,3.36377,1.42508,1.23193,10,22580,17.3186,4.14245
1776812898650393095,1.52599,-1.0293,-0.280751,3.11315,1.42508,1.23193,10,22575,17.3148,1.84097
1776812898655392054,1.51807,-1.0293,-0.292511,0.811676,1.5199,1.20983,10,22560,17.3033,-2.14767
1776812898660418548,1.51807,0.541016,-0.304016,-1.60666,1.5199,1.20983,10,22556,17.3002,-1.53358
1776812898665411248,1.51736,0.541016,-0.307792,-0.992567,2.81211,2.1008,10,22553,17.2979,-0.306763
1776812898670409966,1.51736,3.36914,-0.310094,3.06238,2.81211,2.1008,10,22553,17.2979,-0.307083
1776812898675399259,1.57428,3.36914,-0.253179,3.06206,1.88456,4.04023,10,22562,17.3048,0.460342
1776812898680400163,1.57428,2.54688,-0.246274,3.00722,1.88456,4.04023,10,22571,17.3117,1.68758
1776812898685411417,1.58299,2.54688,-0.222984,3.92714,1.78313,3.57154,10,22587,17.324,1.38026
1776812898690417394,1.58299,2.54688,-0.222984,3.92714,1.78313,3.57154,10,22587,17.324,1.38026
1776812898695418760,1.61235,1.84375,-0.175983,3.68397,1.97125,3.2203,10,22610,17.3417,1.84022
1776812898700398480,1.61235,1.84375,-0.175983,3.68397,1.97125,3.2203,10,22610,17.3417,1.84022
1776812898705433826,1.62928,1.28125,-0.140646,3.12147,2.08752,3.06538,10,22632,17.3585,1.84022
1776812898710408471,1.62928,1.07227,-0.137579,2.91249,2.08752,3.06538,10,22638,17.3631,1.53389
1776812898715423040,1.63753,1.07227,-0.124733,2.60616,2.32364,3.08688,10,22647,17.37,1.22719
1776812898720373058,1.63753,1.21094,-0.117831,2.43813,2.32364,3.08688,10,22659,17.3792,1.84097
1776812898725394645,1.64091,1.21094,-0.105244,3.05191,3.38089,3.18471,10,22673,17.39,1.99434
1776812898730398271,1.64091,0.966797,-0.0945075,2.96114,3.38089,3.18471,10,22692,17.4045,2.30057
1776812898735402877,1.66116,0.966797,-0.0596831,3.26736,4.13867,3.15757,10,22707,17.416,2.76163
1776812898740408558,1.66116,0.677734,-0.0481799,3.43936,4.13867,3.15757,10,22727,17.4314,2.60811
1776812898745398888,1.66344,0.677734,-0.0305608,3.28584,3.81768,3.00535,10,22748,17.4475,2.76053
1776812898750400865,1.66344,-0.339844,-0.0144532,2.42068,2.82316,2.42533,10,22771,17.4651,2.91501
1776812898755416120,1.66344,-0.339844,0.00318595,2.57517,2.82316,2.42533,10,22788,17.4782,3.06693
1776812898760405135,1.66667,-0.339844,0.0194556,2.72709,2.82316,2.42533,10,22809,17.4943,3.37381
1776812898765407742,1.66667,-0.339844,0.0194556,2.72709,2.82316,2.42533,10,22809,17.4943,3.37381
1776812898770468530,1.66667,-0.603516,0.0355613,2.77029,2.57669,2.29281,10,22851,17.5265,3.52963
1776812898775476267,1.65905,-0.666016,0.0770328,2.85656,1.90679,2.25086,10,22884,17.5518,3.52258
1776812898780415711,1.65128,-0.666016,0.0777022,2.85656,1.90679,2.25086,10,22901,17.5648,3.68599
1776812898785405429,1.65128,-0.753906,0.0907428,2.93208,1.9632,2.12224,10,22933,17.5894,3.6823
1776812898790441497,1.64768,-0.753906,0.111682,2.92839,1.9632,2.12224,10,22949,17.6017,3.98747
1776812898795419921,1.64768,-0.890625,0.123954,3.09684,2.07784,2.02438,10,22990,17.6331,4.29583
1776812898800417787,1.64183,-0.890625,0.149552,3.4052,2.07784,2.02438,10,23005,17.6446,4.44781
1776812898805401062,1.64183,-1.09961,0.161055,3.3482,2.0144,1.87282,10,23044,17.6745,4.14245
1776812898810400780,1.62666,-1.09961,0.175803,3.04284,2.0144,1.87282,10,23060,17.6868,4.14283
1776812898815401183,1.62666,-1.16211,0.188075,2.98072,1.68674,1.75277,10,23100,17.7175,4.29497
1776812898820382273,1.62367,-1.16211,0.215764,3.13286,1.68674,1.75277,10,23116,17.729,4.29449
1776812898825385621,1.62367,-1.21484,0.228036,3.07965,1.59389,1.706,10,23154,17.7589,4.29583
1776812898830392690,1.62367,-1.21484,0.257182,3.08098,1.59389,1.706,10,23168,17.7696,3.98747
1776812898835411444,1.60293,-1.21484,0.247176,2.77262,1.52806,1.58961,10,23203,17.7965,4.14034
1776812898840405144,1.60293,-1.21484,0.247176,2.77262,1.52806,1.58961,10,23203,17.7965,4.14034
1776812898845397048,1.59082,-1.2207,0.300263,3.07512,1.56765,1.58627,10,23260,17.8402,4.29583
1776812898850404025,1.59082,-1.2207,0.300263,3.07512,1.56765,1.58627,10,23260,17.8402,4.29583
1776812898855467795,1.56865,-1.36719,-0.305741,3.07707,1.80162,1.43443,10,23320,17.8862,4.44426
1776812898860418924,1.56865,-1.41016,-0.298839,3.0341,1.80162,1.43443,10,23345,17.9054,4.60535
1776812898865399736,1.55786,-1.41016,-0.29046,3.1952,2.1816,1.22227,10,23356,17.9138,3.6823
1776812898870374011,1.55786,-1.08398,-0.282023,2.59832,2.1816,1.22227,10,23345,17.9054,0.613785
1776812898875383710,1.54532,-1.08398,-0.302991,-0.4702,2.93997,1.33626,10,23338,17.9,-2.1481
1776812898880408390,1.54532,0.992188,-0.30836,-1.15592,2.93997,1.33626,10,23338,17.9,-0.613403
1776812898885511768,1.54515,0.992188,-0.308532,0.378784,2.01459,2.51868,10,23338,17.9,0
1776812898890655922,1.54515,2.66602,-0.308532,2.66602,2.01459,2.51868,10,23348,17.9077,0.306702
1776812898895470022,1.60717,2.66602,-0.238847,2.97272,1.83985,3.82556,10,23362,17.9184,2.14767
1776812898900427502,1.60717,2.15625,-0.228108,4.30392,1.83985,3.82556,10,23371,17.9253,1.68758
1776812898905409629,1.61289,2.15625,-0.204743,4.30392,1.83985,3.53499,10,23389,17.9391,2.14767
1776812898910390792,1.61289,2.15625,-0.204743,4.30392,1.83985,3.53499,10,23389,17.9391,2.14767
1776812898915422527,1.6379,0.695312,-0.155961,2.84385,1.91992,2.73442,10,23424,17.966,2.14853
1776812898920367397,1.6379,0.847656,-0.149825,2.99619,2.29291,2.96092,10,23437,17.976,2.60668
1776812898925386688,1.64618,0.847656,-0.131574,3.45434,2.29291,2.96092,10,23447,17.9836,2.29597
1776812898930392276,1.64618,0.714844,-0.123904,3.01082,2.29291,2.96092,10,23460,17.9936,1.8454
1776812898935404160,1.64996,0.714844,-0.110154,2.56025,2.32224,2.95209,10,23473,18.0036,2.14729
1776812898940396268,1.64996,0.994141,-0.100186,3.14143,2.32224,2.95209,10,23490,18.0166,2.30149
1776812898945397597,1.66229,0.994141,-0.074811,3.29563,2.94348,3.1794,10,23506,18.0289,2.45389
1776812898950410778,1.66229,0.833984,-0.0625391,3.28787,2.94348,3.1794,10,23524,18.0419,2.91481
1776812898955413199,1.66439,0.833984,-0.0466376,3.74879,3.68342,3.09964,10,23544,18.058,2.91385
1776812898960516671,1.66439,-0.0664062,-0.0312987,2.84744,3.68342,3.09964,10,23569,18.0772,3.06839
1776812898965414617,1.67223,-0.0664062,-0.00427918,3.00199,3.71282,2.62953,10,23589,18.0925,3.52821
1776812898970392040,1.67223,-0.480469,0.0110616,3.04774,3.71282,2.62953,10,23612,18.1102,3.68156
1776812898975429756,1.67165,-0.480469,0.0480623,3.35445,2.84581,2.39351,10,23649,18.1386,3.83492
1776812898980461028,1.67165,-0.480469,0.0480623,3.35445,2.84581,2.39351,10,23649,18.1386,3.83492
1776812898985453562,1.65542,-0.980469,0.0678854,2.54563,2.29435,2.10532,10,23696,18.1746,3.5261
1776812898990407301,1.65542,-0.943359,0.0763216,2.58274,1.81163,2.03715,10,23720,18.193,3.68083
1776812898995410315,1.64597,-0.943359,0.0852728,2.73747,1.81163,2.03715,10,23739,18.2076,3.83568
1776812899000412182,1.64597,-0.966797,0.0998449,2.86889,1.81163,2.03715,10,23764,18.2268,3.98986
1776812899005402197,1.64163,-0.966797,0.114686,3.02306,1.88865,1.94743,10,23786,18.2436,3.83606
1776812899010403805,1.64163,-1.14453,0.13156,2.69153,1.88865,1.94743,10,23816,18.2666,3.83492
1776812899015406246,1.63095,-1.14453,0.143886,2.69038,1.8334,1.78668,10,23841,18.2858,4.29239
1776812899020382762,1.63095,-1.27344,0.16306,3.01895,1.8334,1.78668,10,23874,18.3111,4.44603
1776812899025391221,1.61902,-1.27344,0.17644,3.17259,1.87859,1.64656,10,23899,18.3303,4.45188
1776812899030399032,1.61902,-1.32422,0.195615,3.12766,1.87859,1.64656,10,23931,18.3548,4.45048
1776812899035391640,1.60588,-1.32422,0.207017,3.12626,1.79655,1.54386,10,23957,18.3748,4.44654
1776812899040413672,1.60588,-1.37891,0.226958,3.06763,1.79655,1.54386,10,23992,18.4016,4.60297
1776812899045395096,1.59247,-1.37891,0.260339,3.3765,1.53052,1.51269,10,24031,18.4315,4.7554
1776812899050403277,1.59247,-1.33398,0.270308,3.42142,1.3125,1.46267,10,24059,18.453,4.59837
1776812899055395663,1.57173,-1.33398,0.271047,3.26439,1.3125,1.46267,10,24082,18.4707,4.29841
1776812899060393549,1.57173,-1.2793,0.288688,3.01911,1.3125,1.46267,10,24111,18.4929,4.60205
1776812899065397953,1.56577,-1.2793,0.304969,3.32275,1.2803,1.34212,10,24137,18.5128,4.60113
1776812899070382080,1.55283,-1.32617,-0.295638,3.42505,1.23447,1.24134,10,24176,18.5428,4.75122
1776812899075387224,1.55283,-1.35352,-0.286435,3.3977,1.23447,1.24134,10,24187,18.5512,3.83606
1776812899080398201,1.54621,-1.35352,-0.284613,2.48255,1.23447,1.24134,10,24190,18.5535,2.14944
1776812899085388273,1.54621,-0.228516,-0.282313,1.92093,1.54018,1.829,10,24170,18.5382,-1.99354
1776812899090393121,1.53519,-0.228516,-0.308676,-2.22206,1.54018,1.829,10,24169,18.5374,-1.22719
1776812899095394451,1.53519,5.10156,-0.309443,3.87437,2.86965,4.8036,10,24169,18.5374,-0.153382
1776812899100400799,1.56433,5.10156,-0.280301,4.94818,2.86965,4.8036,10,24173,18.5405,0.153228
1776812899105395684,1.56433,2.38086,-0.277234,2.53409,2.47704,3.4202,10,24190,18.5535,1.38164
1776812899110456196,1.56433,2.38086,-0.264195,3.7625,2.47704,3.4202,10,24198,18.5596,2.14639
1776812899115408214,1.60017,2.38086,-0.22222,4.52725,2.39191,3.62362,10,24213,18.5711,1.99155
1776812899120412988,1.60017,1.4668,-0.210715,3.45835,2.39191,3.62362,10,24230,18.5842,2.30471
1776812899125404374,1.61864,1.4668,-0.179211,3.77151,1.93971,3.20636,10,24244,18.5949,2.45438
1776812899130391779,1.61864,0.714844,-0.168473,3.16922,1.93971,3.20636,10,24263,18.6095,2.45438
1776812899135407552,1.6302,0.714844,-0.14234,3.16922,2.4488,2.84233,10,24274,18.6179,2.30103
1776812899140397734,1.6302,0.59375,-0.133902,2.89478,2.4488,2.84233,10,24287,18.6279,1.68724
1776812899145410897,1.63357,0.59375,-0.12056,2.28099,2.71458,2.79211,10,24299,18.6371,1.99432
1776812899150398042,1.63357,0.511719,-0.111356,2.50604,2.71458,2.79211,10,24317,18.6509,2.30057
1776812899155423000,1.64617,0.511719,-0.0849483,2.81228,3.3585,2.81535,10,24333,18.6632,2.60877
1776812899160393091,1.64617,0.375,-0.0726764,2.98377,3.3585,2.81535,10,24357,18.6816,2.91326
1776812899165409235,1.64843,0.375,-0.0520065,3.28826,3.6055,2.74995,10,24375,18.6954,3.22216
1776812899170372289,1.64843,-0.669922,-0.0382011,2.55223,3.6055,2.74995,10,24401,18.7153,3.37448
1776812899175440060,1.64634,-0.669922,-0.020354,2.70456,3.06925,2.14275,10,24421,18.7307,3.5268
1776812899180410095,1.64634,-0.800781,-0.00501321,2.72602,3.06925,2.14275,10,24446,18.7498,3.37621
1776812899185427979,1.64221,-0.800781,0.0261338,2.88078,2.46709,2.06816,10,24478,18.7744,3.68156
1776812899190402922,1.64221,-0.800781,0.0261338,2.88078,2.46709,2.06816,10,24478,18.7744,3.68156
1776812899195403159,1.63413,-0.763672,0.0556462,2.91201,1.79747,2.06639,10,24528,18.8127,3.67568
1776812899200401489,1.63413,-0.763672,0.0556462,2.91201,1.79747,2.06639,10,24528,18.8127,3.67568
1776812899205397208,1.62311,-0.705078,0.0814335,2.97943,1.88647,2.05492,10,24576,18.8496,3.68451
1776812899210396075,1.62311,-0.792969,0.0906384,2.89154,1.88647,2.05492,10,24594,18.8634,3.83645
1776812899215403775,1.61994,-0.792969,0.101276,3.04348,2.06018,1.92558,10,24617,18.881,3.98906
1776812899220385106,1.61994,-1.04102,0.118917,2.94805,2.06018,1.92558,10,24648,18.9048,4.29363
1776812899225394954,1.60662,-1.04102,0.129375,3.25262,2.13441,1.70947,10,24670,18.9217,4.14245
1776812899230396969,1.60662,-1.11719,0.146249,3.02526,2.13441,1.70947,10,24699,18.9439,3.83645
1776812899235403706,1.60072,-1.11719,0.162589,2.71926,2.16146,1.63282,10,24722,18.9615,3.83492
1776812899240404332,1.60072,-1.24219,0.18023,2.59273,2.16146,1.63282,10,24753,18.9853,4.142
1776812899245401681,1.58937,-1.24219,0.192657,2.89981,2.156,1.49745,10,24777,19.0037,4.29497
1776812899250402844,1.58937,-1.24414,0.211065,3.05083,2.156,1.49745,10,24806,19.026,4.14162
1776812899255397267,1.57626,-1.24414,0.237073,2.59039,1.82588,1.49633,10,24841,19.0528,3.83453
1776812899260403837,1.57626,-1.24414,0.237073,2.59039,1.82588,1.49633,10,24841,19.0528,3.83453
1776812899265399537,1.57626,-1.13086,0.247045,2.70367,1.21769,1.48653,10,24890,19.0904,4.29411
1776812899270404515,1.55769,-1.13086,0.266053,3.16325,1.21769,1.48653,10,24911,19.1065,4.44781
1776812899275391494,1.55769,-1.14062,0.282159,3.30719,1.2112,1.37494,10,24946,19.1333,4.29583
1776812899280403638,1.54766,-1.14062,0.298974,3.1552,1.2112,1.37494,10,24967,19.1494,4.29621
1776812899285400561,1.54766,-1.20898,-0.313239,3.08722,1.21091,1.27842,10,25006,19.1794,4.60021
1776812899290408649,1.53006,-1.20898,-0.300927,3.39123,1.21091,1.27842,10,25023,19.1924,4.4501
1776812899295409831,1.53006,-1.19922,-0.287888,3.25088,1.22261,1.18248,10,25034,19.2008,2.45389
1776812899300415327,1.52422,-1.19922,-0.285284,1.25467,1.22261,1.18248,10,25016,19.187,-0.460052
1776812899305398047,1.52422,4.89844,-0.299092,4.43839,2.31116,4.62436,10,25007,19.1801,-2.60825
1776812899310416154,1.54088,4.89844,-0.289332,2.29019,2.31116,4.62436,10,25007,19.1801,-0.307083
1776812899315395929,1.54088,4.32812,-0.289332,4.02104,2.82945,4.39559,10,25009,19.1817,0
1776812899320419221,1.56361,4.32812,-0.26507,4.32812,2.82945,4.39559,10,25018,19.1886,0.919934
1776812899325409699,1.56361,0.761719,-0.258168,1.68165,2.94409,2.49316,10,25035,19.2016,1.84097
1776812899330395937,1.60054,0.761719,-0.201298,2.75726,2.33422,2.70278,10,25052,19.2146,1.99554
1776812899335404582,1.60054,1.33594,-0.195162,3.33148,2.33422,2.70278,10,25067,19.2261,2.29643
1776812899340399115,1.61401,1.33594,-0.170184,3.63237,2.33422,2.70278,10,25078,19.2346,2.45929
1776812899345412556,1.61401,0.867188,-0.161747,3.32648,1.76348,2.83866,10,25094,19.2469,2.14725
1776812899350404645,1.62144,0.867188,-0.142048,3.01443,1.76348,2.83866,10,25105,19.2553,2.45438
1776812899355411067,1.62144,0.775391,-0.133612,3.22977,1.99233,2.82794,10,25117,19.2645,1.84059
1776812899360445914,1.62553,0.775391,-0.120318,2.61598,1.99233,2.82794,10,25130,19.2745,1.99273
1776812899365406746,1.62553,0.824219,-0.110346,2.81695,2.32151,2.87863,10,25149,19.289,2.14982
1776812899370378041,1.63901,0.824219,-0.082293,2.97404,2.32151,2.87863,10,25161,19.2982,2.45438
1776812899375427830,1.63901,0.619141,-0.0730901,3.07352,3.05671,2.83684,10,25183,19.3151,2.45241
1776812899380402014,1.64258,0.619141,-0.0526452,3.07155,3.05671,2.83684,10,25199,19.3274,2.76163
1776812899385399733,1.64258,0.113281,-0.0403733,2.87491,3.40479,2.56833,10,25219,19.3427,2.60929
1776812899390417876,1.64691,0.113281,-0.020699,2.72257,3.40479,2.56833,10,25233,19.3535,3.06166
1776812899395520256,1.64691,-0.460938,-0.00996063,2.60072,3.19994,2.26505,10,25260,19.3742,3.07185
1776812899400430554,1.64691,-0.460938,0.0107494,2.61091,3.19994,2.26505,10,25280,19.3895,3.22242
1776812899405402959,1.64502,-0.460938,0.0241981,2.76148,2.25527,2.25458,10,25303,19.4072,3.2228
1776812899410498043,1.64502,-0.515625,0.0418391,2.70718,1.82245,2.22341,10,25327,19.4256,3.22022
1776812899415460820,1.63469,-0.515625,0.049911,2.7046,1.82245,2.22341,10,25344,19.4386,3.22242
1776812899420392931,1.63469,-0.564453,0.0629497,2.65797,1.82245,2.22341,10,25366,19.4555,3.22151
1776812899425391780,1.62964,-0.564453,0.0747752,2.65706,1.86357,2.11004,10,25393,19.4762,3.68083
1776812899430399424,1.62964,-0.634766,0.0954833,3.04606,1.86357,2.11004,10,25417,19.4946,3.98269
1776812899435397421,1.62665,-0.634766,0.110897,3.34792,1.88363,2.05325,10,25444,19.5153,3.99466
1776812899440486079,1.62665,-0.996094,0.131605,2.99856,1.88363,2.05325,10,25468,19.5337,3.98587
1776812899445442596,1.61438,-0.996094,0.137743,2.98978,2.12233,1.77863,10,25499,19.5575,3.99024
1776812899450416613,1.61438,-1.11133,0.16152,2.87892,2.12233,1.77863,10,25525,19.5774,4.29411
1776812899455432942,1.60919,-1.11133,0.176282,3.18278,1.94424,1.68386,10,25555,19.6004,4.45048
1776812899460404940,1.60919,-1.15234,0.199291,3.29814,1.94424,1.68386,10,25580,19.6196,4.14079
1776812899465402455,1.59191,-1.15234,0.201183,2.98844,1.80972,1.56306,10,25608,19.6411,4.14162
1776812899470386879,1.59191,-1.15039,0.22266,2.99123,1.80972,1.56306,10,25633,19.6603,3.98945
1776812899475390246,1.59191,-1.15039,0.241836,2.83905,1.75909,1.56418,10,25662,19.6825,4.14079
1776812899480408074,1.5859,-1.15039,0.258058,2.9904,1.75909,1.56418,10,25688,19.7024,4.44781
1776812899485402331,1.5859,-1.0918,0.278001,3.35601,1.7382,1.5635,10,25716,19.7239,3.98827
1776812899490412271,1.56921,-1.0918,0.282791,2.89647,1.7382,1.5635,10,25736,19.7393,4.14327
1776812899495400268,1.56921,-1.14453,0.298131,2.99874,1.64255,1.43857,10,25773,19.7676,4.14117
1776812899500415579,1.55822,-1.14453,-0.312794,2.99664,1.64255,1.43857,10,25794,19.7838,4.60259
1776812899505401465,1.55822,-1.23047,-0.296686,3.37212,1.74348,1.3268,10,25827,19.8091,4.29449
1776812899510400128,1.54623,-1.23047,-0.283375,3.06402,1.74348,1.3268,10,25838,19.8175,3.52821
1776812899515396495,1.54623,-0.0664062,-0.274939,3.46181,1.92006,1.92146,10,25835,19.8152,1.84096
1776812899520393955,1.53094,-0.0664062,-0.292525,1.77455,1.92006,1.92146,10,25825,19.8075,-1.99393
1776812899525387063,1.53094,2.56836,-0.300194,0.574434,2.74897,3.33512,10,25820,19.8037,-1.38082
1776812899530399133,1.53734,2.56836,-0.297634,1.18754,2.74897,3.33512,10,25820,19.8037,-0.30664
1776812899535402963,1.53734,2.50391,-0.297634,2.19727,3.33427,3.33533,10,25828,19.8098,0.306579
1776812899540414440,1.59266,2.50391,-0.236174,2.81049,3.33427,3.33533,10,25836,19.816,1.38082
1776812899545408715,1.59266,1.82227,-0.230038,3.20308,2.84385,3.26282,10,25853,19.829,1.84097
1776812899550413211,1.59102,1.82227,-0.210968,3.9708,2.2421,3.25354,10,25872,19.8436,2.14853
1776812899555414837,1.59102,0.960938,-0.204067,3.10947,2.2421,3.25354,10,25888,19.8558,2.45389
1776812899560421130,1.60755,0.960938,-0.175265,3.41482,2.2421,3.25354,10,25900,19.8651,2.45487
1776812899565402016,1.60755,0.466797,-0.16606,2.92166,2.13053,2.57415,10,25917,19.8781,2.45389
1776812899570389958,1.61107,0.466797,-0.149506,2.92068,2.13053,2.57415,10,25928,19.8865,2.45095
1776812899575385010,1.61107,0.662109,-0.14107,3.11305,2.36533,2.70523,10,25946,19.9003,2.15073
1776812899580404580,1.61958,0.662109,-0.118752,2.81284,2.36533,2.70523,10,25958,19.9095,2.44899
1776812899585397447,1.61958,0.767578,-0.109549,3.21657,2.51523,2.81307,10,25980,19.9264,2.45929
1776812899590403758,1.62331,0.767578,-0.0889437,3.22687,2.51523,2.81307,10,25995,19.9379,2.91481
1776812899595405421,1.62331,-0.166016,-0.0774386,2.74879,3.10937,2.30178,10,26023,19.9594,3.22177
1776812899600412325,1.62684,-0.166016,-0.0524351,3.05576,3.10937,2.30178,10,26039,19.9717,3.37486
1776812899605398637,1.62684,-0.265625,-0.0401633,3.10924,3.20395,2.26473,10,26067,19.9931,3.37486
1776812899610402763,1.62572,-0.265625,-0.0198042,3.10924,3.20395,2.26473,10,26082,20.0046,3.37313
1776812899615447979,1.62572,-0.568359,-0.00829909,2.80477,2.34469,2.08593,10,26108,20.0246,3.06816
1776812899620394423,1.61846,-0.568359,0.0166548,2.65342,2.06109,2.04532,10,26135,20.0453,3.22177
1776812899625386235,1.61846,-0.568359,0.0166548,2.65342,2.06109,2.04532,10,26135,20.0453,3.22177
1776812899630397935,1.61846,-0.511719,0.025091,2.71006,2.06109,2.04532,10,26172,20.0737,3.37486
1776812899635405153,1.6129,-0.511719,0.0479124,2.86314,1.93445,2.04645,10,26197,20.0928,3.37419
1776812899640397965,1.6129,-0.632812,0.067087,2.74138,1.93445,2.04645,10,26218,20.109,3.52783
1776812899645401110,1.60496,-0.632812,0.0752542,2.89502,1.86316,1.93282,10,26238,20.1235,3.37486
1776812899650405106,1.60496,-0.693359,0.090595,2.6815,1.86316,1.93282,10,26265,20.145,3.68083
1776812899655418250,1.60165,-0.693359,0.107992,2.98747,1.9065,1.87966,10,26293,20.1665,3.83568
1776812899660397822,1.60165,-0.832031,0.129469,3.00365,1.9065,1.87966,10,26316,20.1841,3.83568
1776812899665399800,1.59411,-0.832031,0.139568,3.00365,1.98742,1.75807,10,26336,20.1995,3.83492
1776812899670385445,1.59411,-0.917969,0.154909,2.91695,1.98742,1.75807,10,26363,20.2202,3.68083
1776812899675385571,1.58098,-0.917969,0.162489,2.76286,2.1293,1.63471,10,26389,20.2401,3.52821
1776812899680394845,1.58098,-0.900391,0.182432,2.62782,2.1293,1.63471,10,26413,20.2585,3.83492
1776812899685416007,1.57608,-0.900391,0.195936,2.93452,2.08508,1.61686,10,26441,20.28,3.98865
1776812899690398486,1.57608,-0.855469,0.217411,3.13318,2.08508,1.61686,10,26464,20.2976,3.83492
1776812899695416685,1.57608,-0.855469,0.235052,2.97945,1.64155,1.64246,10,26492,20.3191,3.98906
1776812899700403794,1.56272,-0.855469,0.243164,3.13359,1.64155,1.64246,10,26513,20.3352,4.14079
1776812899705402772,1.56272,-0.855469,0.243164,3.13359,1.64155,1.64246,10,26513,20.3352,4.14079
1776812899710420768,1.56272,-0.957031,0.259271,3.18376,1.38168,1.50837,10,26573,20.3812,4.60021
1776812899715399747,1.54999,-1.00195,0.314035,3.29301,1.31044,1.43541,10,26608,20.4081,4.29497
1776812899720373504,1.54516,-1.00195,-0.313736,3.29301,1.31044,1.43541,10,26635,20.4288,4.45137
1776812899725382130,1.54516,-1.05078,-0.293028,3.40059,1.73816,1.35425,10,26666,20.4526,4.14079
1776812899730401551,1.529,-1.05078,-0.285414,3.09001,1.73816,1.35425,10,26671,20.4564,3.6823
1776812899735396678,1.529,-0.744141,-0.28158,2.93816,2.93062,1.43577,10,26640,20.4326,-0.767136
1776812899740400989,1.52458,-0.744141,-0.309771,-1.51128,2.93062,1.43577,10,26637,20.4303,-3.52751
1776812899745423243,1.52458,5.21484,-0.312073,1.68734,2.58169,4.80681,10,26634,20.428,-0.306702
1776812899750426129,1.56344,5.21484,-0.275522,4.90814,2.58169,4.80681,10,26634,20.428,-0.460145
1776812899755409200,1.56344,3.12891,-0.275522,2.66876,2.49099,3.84147,10,26649,20.4395,0.306457
1776812899760414900,1.58408,3.12891,-0.243376,3.43536,2.49099,3.84147,10,26653,20.4426,2.30241
1776812899765420711,1.58408,1.29102,-0.240309,3.59342,2.17716,2.91139,10,26669,20.4549,1.07405
1776812899770382303,1.58408,1.29102,-0.228037,2.36507,2.17716,2.91139,10,26679,20.4625,1.99354
1776812899775384355,1.6142,1.29102,-0.190239,3.28456,1.94569,3.08133,10,26695,20.4748,2.45487
1776812899780392388,1.6142,1.29102,-0.190239,3.28456,1.94569,3.08133,10,26695,20.4748,2.45487
1776812899785390070,1.6142,1.05664,-0.177967,3.51151,2.51423,2.94774,10,26721,20.4948,2.30149
1776812899790402417,1.63338,1.05664,-0.138845,3.35813,2.51423,2.94774,10,26727,20.4994,1.53389
1776812899795421265,1.63338,0.853516,-0.134245,2.38741,3.03811,2.93914,10,26745,20.5132,1.53358
1776812899800407318,1.64296,0.853516,-0.110857,2.3871,3.03811,2.93914,10,26752,20.5185,1.99432
1776812899805394445,1.64296,0.683594,-0.10549,2.67792,3.53424,2.89554,10,26774,20.5354,1.99394
1776812899810420551,1.65979,0.683594,-0.0717925,2.67754,3.53424,2.89554,10,26784,20.5431,2.60721
1776812899815409048,1.65979,0.613281,-0.0641231,3.22049,3.45803,2.94851,10,26810,20.563,2.76201
1776812899820473448,1.66343,0.613281,-0.0405406,3.37529,3.45803,2.94851,10,26825,20.5745,2.76108
1776812899825416133,1.66343,-0.355469,-0.0290355,2.40561,2.83417,2.41637,10,26849,20.5929,2.91443
1776812899830445054,1.66457,-0.355469,-0.00948135,2.55896,2.83417,2.41637,10,26860,20.6014,3.06755
1776812899835418145,1.66457,-0.513672,-0.00104515,2.55388,2.02393,2.3325,10,26890,20.6244,3.06839
1776812899840467138,1.66248,-0.513672,0.0198708,2.55472,2.02393,2.3325,10,26907,20.6374,3.22216
1776812899845426545,1.66248,-0.568359,0.0329094,2.6538,1.92785,2.2898,10,26935,20.6589,3.37486
1776812899850402024,1.66248,-0.568359,0.0543843,2.8065,1.92785,2.2898,10,26949,20.6696,3.68156
1776812899855406206,1.6541,-0.568359,0.0567456,3.1132,2.18433,2.2436,10,26979,20.6926,3.52713
1776812899860405388,1.6541,-0.773438,0.0797558,2.75369,2.18433,2.2436,10,27002,20.7103,3.82955
1776812899865466658,1.64502,-0.773438,0.088316,3.05612,2.29283,2.07645,10,27036,20.7364,3.84067
1776812899870396696,1.64502,-0.851562,0.114395,2.98911,2.29283,2.07645,10,27057,20.7525,4.29583
1776812899875407711,1.64031,-0.851562,0.125784,3.44426,2.21531,2.00574,10,27092,20.7793,4.29535
1776812899880403689,1.64031,-1.07812,0.15263,3.21722,2.21531,2.00574,10,27113,20.7954,4.29411
1776812899885404204,1.62516,-1.07812,0.153589,3.21598,2.1827,1.79223,10,27149,20.823,4.29583
1776812899890402515,1.62516,-1.14062,0.181202,3.1552,2.1827,1.79223,10,27171,20.8399,4.29449
1776812899895419233,1.61957,-1.14062,0.192484,3.15387,2.10183,1.72535,10,27206,20.8667,4.59745
1776812899900408138,1.61957,-1.22266,0.21933,3.3748,2.10183,1.72535,10,27226,20.8821,4.29927
1776812899905412005,1.60182,-1.22266,0.216923,3.07661,1.80119,1.57893,10,27259,20.9074,3.98906
1776812899910399539,1.60182,-1.25391,0.242233,2.73516,1.80119,1.57893,10,27280,20.9235,4.142
1776812899915407702,1.59558,-1.25391,0.2521,2.88809,1.3354,1.52591,10,27316,20.9511,4.14162
1776812899920375793,1.59558,-1.28125,0.279711,2.86037,1.3354,1.52591,10,27337,20.9672,4.44781
1776812899925393751,1.59558,-1.28125,0.295818,3.16656,1.19311,1.51032,10,27371,20.9933,4.29497
1776812899930412691,1.5779,-1.28125,0.304209,3.01372,1.19311,1.51032,10,27387,21.0056,4.29535
1776812899935398670,1.5779,-1.34961,-0.311838,2.94574,1.36669,1.37113,10,27426,21.0355,4.44832
1776812899940402611,1.56468,-1.34961,-0.295137,3.09871,1.36669,1.37113,10,27437,21.0439,3.98827
1776812899945476232,1.56468,-1.32617,-0.286701,2.66209,2.40235,1.3092,10,27427,21.0362,1.22743
1776812899950443175,1.55122,-1.32617,-0.30783,-0.0987383,2.40235,1.3092,10,27420,21.0309,-1.83986
1776812899955427154,1.55122,2.21875,-0.3132,0.378895,2.79061,3.25272,10,27415,21.027,-1.38082
1776812899960406208,1.54908,2.21875,0.309137,0.837935,2.79061,3.25272,10,27416,21.0278,-0.153382
1776812899965409112,1.54908,2.77344,0.309904,2.62006,2.72967,3.55656,10,27426,21.0355,0.30664
1776812899970390220,1.60533,2.77344,-0.254491,3.08008,2.72967,3.55656,10,27433,21.0408,1.53389
1776812899975395809,1.60533,1.9043,-0.249122,3.43819,2.32965,3.38103,10,27449,21.0531,1.53389
1776812899980416342,1.61734,1.9043,-0.224842,3.43819,2.32965,3.38103,10,27464,21.0646,2.14767
1776812899985407024,1.61734,1.10938,-0.213337,3.25705,2.14738,2.99535,10,27480,21.0769,2.76163
1776812899990417816,1.63449,1.10938,-0.183908,3.87101,2.14738,2.99535,10,27490,21.0846,1.84097
1776812899995401110,1.63449,0.449219,-0.176239,2.29019,2.57031,2.71487,10,27513,21.1022,2.60721
1776812900000411402,1.63449,0.449219,-0.158598,3.05642,2.57031,2.71487,10,27525,21.1114,3.06717
1776812900005398456,1.63825,0.449219,-0.145635,3.51638,2.68373,2.73579,10,27542,21.1244,2.14767
1776812900010399453,1.63825,0.564453,-0.132597,2.71213,2.68373,2.73579,10,27559,21.1375,2.30195
1776812900015395635,1.64691,0.564453,-0.110899,2.8664,3.43468,2.84952,10,27577,21.1513,2.76108
1776812900020372023,1.64691,0.396484,-0.0970914,3.15756,3.43468,2.84952,10,27596,21.1659,2.76053
1776812900025386278,1.65714,0.396484,-0.0722939,3.15701,3.389,2.81033,10,27622,21.1858,3.06816
1776812900030395294,1.65714,0.107422,-0.0523526,3.17558,3.389,2.81033,10,27638,21.1981,3.22177
1776812900035408160,1.65829,0.107422,-0.0389268,3.3292,2.84502,2.65192,10,27666,21.2196,3.36947
1776812900040410509,1.65829,-0.648438,-0.01745,2.72103,2.84502,2.65192,10,27683,21.2326,3.37959
1776812900045403785,1.65468,-0.648438,-0.0080239,2.73116,2.22118,2.20114,10,27712,21.2548,3.52821
1776812900050395023,1.65468,-0.669922,0.0142177,2.85829,2.22118,2.20114,10,27729,21.2679,3.52821
1776812900055399779,1.64805,-0.669922,0.0206245,2.85829,1.83677,2.1522,10,27757,21.2894,3.52854
1776812900060396721,1.64805,-0.701172,0.0420993,2.82737,1.83677,2.1522,10,27774,21.3024,3.37419
1776812900065396662,1.64108,-0.701172,0.0481685,2.67302,1.94127,2.09575,10,27804,21.3254,3.52821
1776812900070371754,1.64108,-0.816406,0.0711787,2.71181,1.94127,2.09575,10,27823,21.34,3.6823
1776812900075391768,1.64108,-0.816406,0.0857509,2.86589,2.0523,2.03006,10,27855,21.3645,3.83415
1776812900080395024,1.63355,-0.816406,0.102768,3.01774,2.0523,2.03006,10,27874,21.3791,3.98827
1776812900085400114,1.63355,-1.11133,0.11734,2.87694,2.06281,1.82011,10,27904,21.4021,3.83415
1776812900090403129,1.61938,-1.11133,0.126185,2.72282,2.06281,1.82011,10,27919,21.4136,3.6823
1776812900095415218,1.61938,-1.17969,0.13769,2.50261,2.03093,1.70205,10,27958,21.4435,4.14117
1776812900100399050,1.60753,-1.17969,0.155752,2.96148,2.03093,1.70205,10,27979,21.4596,4.29325
1776812900105406010,1.60753,-1.20312,0.171858,3.09013,1.81267,1.62221,10,28012,21.4849,3.99146
1776812900110398341,1.60182,-1.20312,0.19146,2.78833,1.81267,1.62221,10,28027,21.4964,4.14117
1776812900115453242,1.60182,-1.21875,0.202963,2.92242,1.81438,1.58116,10,28069,21.5287,4.29497
1776812900120384058,1.58335,-1.21875,0.216704,3.07622,1.81438,1.58116,10,28092,21.5463,4.60205
1776812900125416368,1.58335,-1.20703,0.234343,3.39502,1.43049,1.48338,10,28130,21.5754,4.75635
1776812900130401551,1.57735,-1.20703,0.257494,3.54932,1.43049,1.48338,10,28146,21.5877,4.60113
1776812900135397104,1.57735,-1.2168,0.269766,3.38433,1.32966,1.44376,10,28188,21.6199,4.44743
1776812900140410471,1.55929,-1.2168,0.283915,3.23063,1.32966,1.44376,10,28205,21.633,4.44959
1776812900145403228,1.55929,-1.23633,0.296953,3.21326,1.43657,1.32956,10,28247,21.6652,4.60167
1776812900150427631,1.55929,-1.23633,-0.29915,3.36534,1.43657,1.32956,10,28263,21.6775,4.44337
1776812900155409259,1.55319,-1.23633,-0.29298,3.20704,2.37882,1.2946,10,28261,21.6759,2.30379
1776812900160418811,1.55319,-1.23633,-0.29298,3.20704,2.37882,1.2946,10,28261,21.6759,2.30379
1776812900165409290,1.53253,0.398438,0.30241,-1.5955,2.94028,2.22641,10,28247,21.6652,-1.99394
1776812900170376715,1.53253,4.94727,0.30241,2.95332,2.94028,2.22641,10,28247,21.6652,0
1776812900175414006,1.56632,4.94727,-0.292121,4.94727,2.38589,4.89439,10,28247,21.6652,-0.153382
1776812900180408763,1.56632,2.36914,-0.292121,2.21576,2.38589,4.89439,10,28260,21.6751,0.30664
1776812900185401761,1.59926,2.36914,-0.24921,2.67578,2.36189,3.6118,10,28270,21.6828,2.30103
1776812900190399832,1.59926,0.849609,-0.241538,3.15063,2.36189,3.6118,10,28281,21.6913,1.38054
1776812900195410995,1.61382,0.849609,-0.218538,2.23015,2.12885,2.82759,10,28298,21.7043,1.99434
1776812900200412918,1.61382,0.722656,-0.205499,2.717,2.12885,2.82759,10,28309,21.7127,2.14767
1776812900205412360,1.62534,0.722656,-0.185546,2.87033,2.149,2.8197,10,28325,21.725,2.30103
1776812900210395988,1.62534,0.744141,-0.173274,3.04517,2.149,2.8197,10,28339,21.7357,2.45389
1776812900215398244,1.63264,0.744141,-0.155237,3.19803,2.67388,2.87265,10,28354,21.7472,1.99393
1776812900220416481,1.63264,0.925781,-0.143732,2.91971,2.67388,2.87265,10,28364,21.7549,1.84133
1776812900225404275,1.63264,0.925781,-0.136062,2.76711,3.59043,2.97619,10,28381,21.768,2.14725
1776812900230402217,1.63976,0.925781,-0.115905,3.07303,3.59043,2.97619,10,28393,21.7772,2.1481
1776812900235393937,1.63976,0.505859,-0.1067,2.65396,3.64466,2.77643,10,28415,21.794,2.45056
1776812900240401952,1.65164,0.505859,-0.0779471,2.95642,3.64466,2.77643,10,28424,21.8009,2.61176
1776812900245391357,1.65164,0.273438,-0.0710425,2.8852,2.92536,2.7098,10,28453,21.8232,2.91385
1776812900250488126,1.65355,0.273438,-0.0468935,3.18728,2.92536,2.7098,10,28465,21.8324,3.06778
1776812900255424053,1.65355,-0.613281,-0.0376887,2.4545,2.17223,2.21492,10,28496,21.8562,3.37082
1776812900260408625,1.65033,-0.613281,-0.0171293,2.75754,2.17223,2.21492,10,28507,21.8646,3.22474
1776812900265426455,1.65033,-0.626953,-0.00869314,2.59778,1.90679,2.18933,10,28539,21.8891,3.22242
1776812900270373881,1.64409,-0.626953,0.00960787,2.59547,1.90679,2.18933,10,28551,21.8983,3.37486
1776812900275389988,1.64409,-0.646484,0.0188108,2.72838,1.8869,2.14361,10,28586,21.9252,3.52751
1776812900280458500,1.6409,-0.646484,0.0424715,2.88102,1.8869,2.14361,10,28600,21.9359,3.83185
1776812900285458423,1.6409,-0.658203,0.053208,3.17365,1.91958,2.11926,10,28636,21.9635,3.83722
1776812900290406516,1.63133,-0.658203,0.0712496,3.17901,1.91958,2.11926,10,28649,21.9735,3.6823
1776812900295398939,1.63133,-0.708984,0.0812193,2.97332,1.99053,2.03707,10,28680,21.9973,3.83492
1776812900300393863,1.63133,-0.708984,0.104996,3.12593,1.99053,2.03707,10,28700,22.0126,3.83492
1776812900305419025,1.62815,-0.708984,0.117161,3.12593,1.98399,2.01936,10,28733,22.0379,4.142
1776812900310399375,1.62815,-1.00586,0.142472,3.13614,1.98399,2.01936,10,28758,22.0571,3.98906
1776812900315412594,1.6109,-1.00586,0.144389,2.9832,1.85125,1.75354,10,28790,22.0817,3.98827
1776812900320370464,1.6109,-1.0957,0.168933,2.89256,1.85125,1.75354,10,28809,22.0962,3.83492
1776812900325385886,1.60039,-1.0957,0.172997,2.73921,1.67814,1.6432,10,28843,22.1223,3.98827
1776812900330394198,1.60039,-1.12305,0.199074,2.86522,1.67814,1.6432,10,28863,22.1376,4.14117
1776812900335399935,1.58939,-1.12305,0.203419,3.01812,1.57278,1.5655,10,28896,22.163,4.14162
1776812900340400469,1.58939,-1.12305,0.203419,3.01812,1.57278,1.5655,10,28896,22.163,4.14162
1776812900345394189,1.57809,-1.12891,0.24811,2.85974,1.31923,1.56216,10,28943,22.199,3.98865
1776812900350447961,1.57809,-1.14258,0.25348,2.84607,1.31923,1.56216,10,28969,22.2189,3.98827
1776812900355442143,1.56651,-1.14258,0.261836,2.84569,1.43114,1.42427,10,29005,22.2466,4.44387
1776812900360412513,1.56651,-1.14258,0.261836,2.84569,1.43114,1.42427,10,29005,22.2466,4.44387
1776812900365462951,1.555,-1.16797,0.310155,3.12786,1.35342,1.40979,10,29054,22.2841,4.29583
1776812900370405193,1.555,-1.17969,-0.312795,3.11614,1.35342,1.40979,10,29075,22.3002,3.98747
1776812900375453891,1.555,-1.17969,-0.296689,2.80778,2.58555,1.33728,10,29072,22.2979,2.76146
1776812900380414316,1.55034,-1.17969,-0.303651,1.58177,2.58555,1.33728,10,29058,22.2872,-1.53304
1776812900385407110,1.55034,-1.17969,-0.303651,1.58177,2.58555,1.33728,10,29058,22.2872,-1.53304
1776812900390415051,1.55034,4.99219,0.313929,3.45914,2.63674,4.8285,10,29054,22.2841,-0.153382
1776812900395406623,1.56435,3.17578,-0.303447,3.17578,2.81075,4.90875,10,29057,22.2864,0
1776812900400410194,1.58902,3.17578,-0.276479,3.17578,2.81075,4.90875,10,29067,22.2941,0.613281
1776812900405404673,1.58902,1.25586,-0.268809,1.86914,2.23688,2.91935,10,29080,22.3041,2.1481
1776812900410414058,1.61161,1.25586,-0.236243,3.40396,2.23688,2.91935,10,29088,22.3102,1.53389
1776812900415430795,1.61161,0.949219,-0.230107,2.48311,2.07632,2.87196,10,29112,22.3286,2.45389
1776812900420383573,1.61734,0.949219,-0.205974,3.4031,2.07632,2.87196,10,29122,22.3363,2.45438
1776812900425400199,1.61734,0.949219,-0.205974,3.4031,2.07632,2.87196,10,29122,22.3363,2.45438
1776812900430407825,1.63339,0.796875,-0.159246,3.40565,2.16318,2.81723,10,29156,22.3624,2.60877
1776812900435390249,1.63339,0.796875,-0.159246,3.40565,2.16318,2.81723,10,29156,22.3624,2.60877
1776812900440410060,1.64093,0.597656,-0.132522,2.43825,2.48333,2.79331,10,29181,22.3815,1.84059
1776812900445401947,1.64093,1.03711,-0.129455,2.8777,3.19936,3.08578,10,29198,22.3946,2.14725
1776812900450403573,1.64093,1.03711,-0.116416,3.18435,3.19936,3.08578,10,29207,22.4015,2.14725
1776812900455401997,1.65018,1.03711,-0.10027,3.18435,3.86505,3.13701,10,29231,22.4199,2.76163
1776812900460410493,1.65018,0.333984,-0.0818626,3.09561,3.86505,3.13701,10,29250,22.4345,3.06778
1776812900465483930,1.66003,0.333984,-0.0574409,3.40176,3.21374,2.79063,10,29275,22.4536,3.06571
1776812900470439504,1.66003,-0.0117188,-0.0382663,3.05399,3.21374,2.79063,10,29290,22.4651,2.91735
1776812900475413429,1.66096,-0.0117188,-0.0258323,2.90563,2.51481,2.5987,10,29312,22.482,3.22151
1776812900480414463,1.66096,-0.78125,-0.00895802,2.44026,2.51481,2.5987,10,29334,22.4989,3.22113
1776812900485401980,1.65337,-0.78125,0.000325065,2.43988,2.07662,2.11818,10,29362,22.5204,3.52751
1776812900490401755,1.65337,-0.826172,0.0218018,2.70134,2.07662,2.11818,10,29379,22.5334,3.52751
1776812900495411584,1.64958,-0.826172,0.0310525,2.70134,1.67014,2.07162,10,29403,22.5518,3.52821
1776812900500409415,1.64958,-0.826172,0.0494603,2.70204,1.67014,2.07162,10,29425,22.5687,3.52892
1776812900505407338,1.63697,-0.826172,0.053727,2.70275,1.86673,2.00167,10,29455,22.5917,3.52892
1776812900510403280,1.63697,-0.896484,0.0767334,2.63243,1.86673,2.00167,10,29475,22.607,3.68156
1776812900515412184,1.63302,-0.896484,0.0881299,2.78508,2.16394,1.93964,10,29502,22.6278,3.98827
1776812900520382405,1.63302,-1.0918,0.108838,2.89647,2.16394,1.93964,10,29527,22.6469,3.98747
1776812900525388717,1.63302,-1.0918,0.128013,2.89567,2.1577,1.82831,10,29559,22.6715,3.98827
1776812900530402473,1.61758,-1.0918,0.137111,2.89647,2.1577,1.82831,10,29574,22.683,3.98827
1776812900535421580,1.61758,-1.22461,0.148616,2.76366,1.97097,1.66633,10,29616,22.7152,4.44959
1776812900540402504,1.6002,-1.22461,0.163455,3.22498,1.97097,1.66633,10,29639,22.7328,4.4487
1776812900545400168,1.6002,-1.26172,0.181096,3.18698,1.95823,1.54753,10,29674,22.7597,4.44743
1776812900550416201,1.59413,-1.26172,0.201869,3.18571,1.95823,1.54753,10,29689,22.7712,4.29449
1776812900555430512,1.59413,-1.22852,0.213374,3.06597,1.40571,1.53219,10,29731,22.8034,4.29669
1776812900560410881,1.57519,-1.22852,0.226647,3.06817,1.40571,1.53219,10,29747,22.8157,4.4487
1776812900565406786,1.57519,-1.2168,0.238919,3.2319,1.26951,1.43147,10,29787,22.8463,4.44743
1776812900570389747,1.56922,-1.2168,0.263621,3.23063,1.26951,1.43147,10,29801,22.8571,4.142
1776812900575389077,1.56922,-1.20312,0.27436,2.93887,1.10309,1.4052,10,29840,22.887,4.14079
1776812900580406203,1.55088,-1.20312,0.285939,2.93766,1.10309,1.4052,10,29862,22.9039,4.14327
1776812900585400497,1.55088,-1.22461,0.302813,2.91866,1.17631,1.28804,10,29896,22.9299,4.29449
1776812900590420678,1.54517,-1.22461,-0.305138,3.06988,1.17631,1.28804,10,29909,22.9399,4.14245
1776812900595405047,1.54517,-1.14844,-0.295167,2.99401,2.10581,1.29863,10,29915,22.9445,2.76053
1776812900600405785,1.54517,-1.14844,-0.290566,1.61209,2.10581,1.29863,10,29907,22.9384,-0.306702
1776812900605424336,1.52708,-1.14844,0.313519,-1.45514,2.91986,1.19417,10,29899,22.9322,-1.84059
1776812900610417778,1.52708,4.87891,0.307385,3.03831,2.91986,1.19417,10,29898,22.9315,-0.460434
1776812900615449496,1.54891,4.87891,-0.299867,4.41847,1.82648,4.75572,10,29898,22.9315,-0.153351
1776812900620400607,1.54891,2.62109,-0.299867,2.46774,1.82648,4.75572,10,29907,22.9384,0
1776812900625390290,1.58536,2.62109,-0.256516,2.62109,2.19281,3.6768,10,29919,22.9476,1.99472
1776812900630405342,1.58536,0.804688,-0.247311,2.79941,2.19281,3.6768,10,29927,22.9537,1.37751
1776812900635422708,1.60348,0.804688,-0.223054,2.1822,2.35993,2.74384,10,29940,22.9637,1.84465
1776812900640411724,1.60348,1.33789,-0.213084,3.18254,2.35993,2.74384,10,29952,22.9729,1.84097
1776812900645408777,1.61699,1.33789,-0.190371,3.17886,1.87554,3.12364,10,29969,22.9859,1.84059
1776812900650404534,1.61699,1.10938,-0.177333,2.94997,1.87554,3.12364,10,29977,22.9921,2.1481
1776812900655399272,1.62704,1.10938,-0.161145,3.25748,2.57218,3.04961,10,29986,22.999,1.6869
1776812900660413065,1.62704,1.10742,-0.154242,2.79433,2.57218,3.04961,10,29997,23.0074,1.22694
1776812900665399711,1.63716,1.10742,-0.13568,2.33436,3.35404,3.10491,10,30014,23.0205,1.84171
1776812900670414115,1.63716,1.16797,-0.12264,3.00968,3.35404,3.10491,10,30026,23.0297,2.14725
1776812900675394613,1.63716,1.16797,-0.113437,3.31521,3.87131,3.13942,10,30043,23.0427,2.45487
1776812900680483235,1.65036,1.16797,-0.0871991,3.62284,3.87131,3.13942,10,30057,23.0534,2.76108
1776812900685423809,1.65036,1.16797,-0.0871991,3.62284,3.87131,3.13942,10,30057,23.0534,2.76108
1776812900690432658,1.65849,0.568359,-0.0376519,3.63529,3.25036,2.87085,10,30103,23.0887,3.06693
1776812900695405749,1.65849,0.568359,-0.0376519,3.63529,3.25036,2.87085,10,30103,23.0887,3.06693
1776812900700438930,1.65849,-0.646484,-0.0330494,2.42045,2.45856,2.2233,10,30148,23.1232,3.52892
1776812900705408003,1.65545,-0.644531,0.0122234,2.88298,1.70965,2.20649,10,30172,23.1409,3.52751
1776812900710494198,1.65108,-0.644531,0.012458,2.88298,1.70965,2.20649,10,30188,23.1539,3.52892
1776812900715418237,1.65108,-0.667969,0.0247298,2.86095,1.83589,2.1701,10,30222,23.18,3.37486
1776812900720381773,1.64447,-0.667969,0.044202,2.70689,1.83589,2.1701,10,30236,23.1907,3.6823
1776812900725418120,1.64447,-0.699219,0.0549403,2.98308,1.98392,2.1157,10,30273,23.2191,3.83415
1776812900730432561,1.64108,-0.699219,0.0799304,3.13493,1.98392,2.1157,10,30287,23.2298,3.98906
1776812900735406560,1.64108,-1.00195,0.0906669,2.98711,2.06533,1.92434,10,30323,23.2575,3.9819
1776812900740391150,1.62834,-1.00195,0.105538,2.97994,2.06533,1.92434,10,30337,23.2682,3.68746
1776812900745399684,1.62834,-1.05859,0.116277,2.62887,2.07328,1.82114,10,30375,23.2973,3.98827
1776812900750436549,1.62834,-1.05859,0.145421,2.92967,2.07328,1.82114,10,30389,23.3081,3.98747
1776812900755434121,1.62535,-1.05859,0.153169,2.92887,2.07804,1.80444,10,30422,23.3334,4.142
1776812900760406434,1.62535,-1.05859,0.153169,2.92887,2.07804,1.80444,10,30422,23.3334,4.142
1776812900765409376,1.60055,-1.1875,0.192798,2.64818,2.06407,1.73097,10,30480,23.3779,3.83568
1776812900770384023,1.60055,-1.1875,0.192798,2.64818,2.06407,1.73097,10,30480,23.3779,3.83568
1776812900775390853,1.58864,-1.2207,0.218467,3.07551,1.5356,1.57289,10,30529,23.4154,4.29621
1776812900780394257,1.58864,-1.2168,0.223836,3.07941,1.5356,1.57289,10,30555,23.4354,4.29411
1776812900785402143,1.57626,-1.2168,0.231397,3.07731,1.30944,1.43753,10,30585,23.4584,4.29621
1776812900790396325,1.57626,-1.29102,0.254405,3.00519,1.30944,1.43753,10,30612,23.4791,4.29497
1776812900795407303,1.56379,-1.29102,0.262647,3.00395,1.20112,1.32413,10,30651,23.509,4.4487
1776812900800402375,1.56379,-1.3418,0.292558,3.1069,1.20112,1.32413,10,30675,23.5274,4.90679
1776812900805404057,1.55069,-1.3418,0.29786,3.56499,1.10147,1.22012,10,30705,23.5504,4.7554
1776812900810408202,1.55069,-1.33398,-0.307448,3.42142,1.10147,1.22012,10,30729,23.5688,4.29583
1776812900815403478,1.53715,-1.33398,-0.302579,2.96184,2.19961,1.14664,10,30737,23.575,3.37419
1776812900820373384,1.53715,-0.669922,-0.296443,2.70427,2.19961,1.14664,10,30723,23.5642,0.153382
1776812900825396935,1.53715,-0.669922,-0.307181,-0.51654,2.82744,1.52516,10,30715,23.5581,-2.60773
1776812900830402377,1.52617,-0.669922,0.304023,-3.27765,2.82744,1.52516,10,30715,23.5581,-0.613662
1776812900835401040,1.52617,-0.669922,0.304023,-3.27765,2.82744,1.52516,10,30715,23.5581,-0.613662
1776812900840400371,1.52617,4.93555,0.304023,4.32188,1.51563,4.65679,10,30721,23.5627,-0.153382
1776812900845396072,1.55214,4.93555,-0.293727,4.78217,2.85296,4.80653,10,30729,23.5688,1.6869
1776812900850408624,1.55214,0.904297,-0.287591,2.5912,2.85296,4.80653,10,30740,23.5773,1.68661
1776812900855397826,1.60663,0.904297,-0.224663,2.59091,2.09088,2.81833,10,30754,23.588,1.68893
1776812900860405359,1.60663,1.60742,-0.213925,3.29635,2.09088,2.81833,10,30766,23.5972,1.84097
1776812900865412726,1.62333,1.60742,-0.188021,3.44839,2.08141,3.31275,10,30780,23.6072,1.6869
1776812900870416427,1.62333,0.925781,-0.177285,2.61268,2.08141,3.31275,10,30792,23.6172,2.30057
1776812900875396314,1.62688,0.925781,-0.164527,3.22635,2.35855,2.94406,10,30804,23.6264,1.84096
1776812900880407755,1.62688,0.925781,-0.164527,3.22635,2.35855,2.94406,10,30804,23.6264,1.84096
1776812900885403679,1.64606,1.08789,-0.123105,2.77248,2.35855,3.03646,10,30824,23.6417,1.68459
1776812900890397509,1.64606,1.08203,-0.120803,2.76662,3.01277,3.13981,10,30840,23.654,1.99794
1776812900895396859,1.66235,1.08203,-0.09224,3.07997,3.01277,3.13981,10,30852,23.6632,1.99313
1776812900900403763,1.66235,0.910156,-0.083037,2.90328,3.01277,3.13981,10,30869,23.6762,2.45192
1776812900905396742,1.67823,0.910156,-0.0433832,3.52206,4.0911,3.13185,10,30892,23.6939,2.61191
1776812900910407183,1.67823,-0.294922,-0.0364805,2.31698,3.73054,2.53214,10,30911,23.7084,2.76053
1776812900915404291,1.68225,-0.294922,-0.0178858,2.4656,3.73054,2.53214,10,30926,23.7199,3.0651
1776812900920430009,1.68225,-0.480469,-0.00638257,2.58463,3.73054,2.53214,10,30945,23.7345,3.07147
1776812900925411878,1.67936,-0.480469,0.00530566,2.591,3.07531,2.43258,10,30963,23.7483,3.06816
1776812900930392987,1.67936,-0.576172,0.0191111,2.49199,3.07531,2.43258,10,30982,23.7629,3.22049
1776812900935402798,1.67801,-0.576172,0.032329,2.64431,2.06174,2.37062,10,31005,23.7805,3.06877
1776812900940399462,1.67801,-0.507812,0.04997,2.56096,2.06174,2.37062,10,31030,23.7997,3.37351
1776812900945409218,1.66805,-0.507812,0.0591864,2.8657,2.06254,2.35496,10,31050,23.8151,3.52431
1776812900950410067,1.66805,-0.513672,0.0745272,3.01064,2.06254,2.35496,10,31072,23.8319,3.53316
1776812900955440303,1.66672,-0.513672,0.0900701,3.01949,1.99879,2.34431,10,31099,23.8526,3.68083
1776812900960406247,1.66672,-0.78125,0.11078,2.89958,1.99879,2.34431,10,31129,23.8756,3.98827
1776812900965408059,1.65587,-0.78125,0.122939,3.20702,2.4697,2.132,10,31154,23.8948,4.14283
1776812900970389502,1.65587,-0.876953,0.142114,3.26587,2.4697,2.132,10,31181,23.9155,4.44832
1776812900975398146,1.65587,-0.876953,0.162822,3.57137,2.72565,2.07745,10,31211,23.9385,4.4487
1776812900980481620,1.65414,-0.876953,0.184104,3.57175,2.72565,2.07745,10,31236,23.9577,4.29411
1776812900985429954,1.65414,-1.30078,0.203279,2.99333,2.51008,1.82632,10,31279,23.9907,4.29535
1776812900990436506,1.62909,-1.30078,0.21121,2.99457,2.51008,1.82632,10,31301,24.0076,4.43501
1776812900995412227,1.62909,-1.3457,0.228082,3.08931,2.21007,1.66165,10,31330,24.0298,4.30914
1776812901000402336,1.61939,-1.3457,0.240623,2.96344,2.21007,1.66165,10,31350,24.0451,4.29411
1776812901005401667,1.61939,-1.36133,0.255962,2.93278,1.59341,1.59852,10,31386,24.0728,4.29449
1776812901010407349,1.6057,-1.36133,0.269882,2.93316,1.59341,1.59852,10,31408,24.0896,4.4501
1776812901015405551,1.6057,-1.41602,0.286756,3.03408,1.31202,1.49052,10,31446,24.1188,4.60113
1776812901020404234,1.59174,-1.41602,0.30195,3.18512,1.31202,1.49052,10,31467,24.1349,4.44959
1776812901025395640,1.59174,-1.53125,-0.310263,2.91834,1.30028,1.34613,10,31495,24.1564,4.14162
1776812901030416506,1.57698,-1.53125,-0.303551,2.61037,1.30028,1.34613,10,31497,24.1579,2.60773
1776812901035400524,1.57698,-0.417969,-0.302018,2.18976,1.71417,1.89696,10,31484,24.1479,-1.07191
1776812901040433408,1.56504,-0.417969,0.304397,-1.48988,1.71417,1.89696,10,31483,24.1472,-1.07556
1776812901045406371,1.56504,4.61328,0.303628,3.53772,2.78491,4.69674,10,31484,24.1479,0
1776812901050424053,1.56504,4.61328,0.304397,4.61328,2.78491,4.69674,10,31487,24.1502,0.153732
1776812901055407811,1.58681,4.61328,-0.299855,4.76701,2.88885,4.82058,10,31503,24.1625,1.5345
1776812901060412475,1.58681,1.45117,-0.287583,2.98568,2.88885,4.82058,10,31519,24.1748,2.45389
1776812901065405862,1.63807,1.45117,-0.224053,3.90506,2.42456,3.30587,10,31532,24.1847,1.99434
1776812901070387157,1.63807,0.287109,-0.214081,2.28145,2.42456,3.30587,10,31548,24.197,2.60707
1776812901075390173,1.63995,0.287109,-0.199925,2.89418,2.12716,2.65282,10,31567,24.2116,2.76108
1776812901080402115,1.63995,0.257812,-0.185353,3.01889,2.12716,2.65282,10,31588,24.2277,2.76163
1776812901085423722,1.64978,0.257812,-0.15942,3.01944,2.09793,2.69061,10,31602,24.2384,2.76108
1776812901090403054,1.64978,0.345703,-0.148682,3.10678,2.09793,2.69061,10,31619,24.2515,2.45487
1776812901095405052,1.65357,0.345703,-0.131855,2.80057,2.24814,2.76166,10,31633,24.2622,2.14767
1776812901100401457,1.65357,0.666016,-0.121117,2.81369,2.24814,2.76166,10,31653,24.2775,2.75777
1776812901105409418,1.65849,0.666016,-0.100855,3.42378,2.69439,2.9714,10,31669,24.2898,2.61034
1776812901110399472,1.65849,0.330078,-0.0885833,2.94042,2.69439,2.9714,10,31693,24.3082,3.06816
1776812901115485316,1.66288,0.330078,-0.0657886,3.39824,3.3678,2.80411,10,31711,24.322,3.22049
1776812901120440557,1.66288,-0.248047,-0.0519813,2.97244,3.3678,2.80411,10,31735,24.3404,3.22022
1776812901125397724,1.66326,-0.248047,-0.0178493,3.12884,3.6084,2.47458,10,31766,24.3642,3.37689
1776812901130421924,1.66326,-0.814453,-0.0094112,2.56244,2.58409,2.15384,10,31789,24.3819,3.52821
1776812901135469975,1.65792,-0.814453,0.00288931,2.71376,2.58409,2.15384,10,31809,24.3972,3.83415
1776812901140423049,1.65792,-1.00977,0.0182301,2.82438,2.58409,2.15384,10,31832,24.4148,3.6823
1776812901145454175,1.64863,-1.00977,0.0265748,2.67253,2.18788,1.96171,10,31852,24.4302,3.68156
1776812901150480338,1.64863,-0.972656,0.0419137,2.70891,2.18788,1.96171,10,31878,24.4501,3.52854
1776812901155437616,1.63864,-0.972656,0.05187,2.55588,1.60334,1.92748,10,31899,24.4662,3.68083
1776812901160412356,1.63864,-0.972656,0.0679776,2.70817,1.60334,1.92748,10,31927,24.4877,3.68083
1776812901165419650,1.62926,-0.972656,0.0800683,2.70817,1.55551,1.87524,10,31949,24.5046,3.83645
1776812901170395649,1.62926,-1.05469,0.0969426,2.78176,1.55551,1.87524,10,31977,24.5261,3.83453
1776812901175417164,1.6192,-1.05469,0.108364,2.77984,1.64667,1.77228,10,31998,24.5422,3.82955
1776812901180405255,1.6192,-1.13086,0.124469,2.69869,1.64667,1.77228,10,32028,24.5652,3.84029
1776812901185408400,1.60828,-1.13086,0.136556,2.70943,1.76949,1.66759,10,32053,24.5843,4.29497
1776812901190413398,1.60828,-1.20898,0.155731,3.08598,1.76949,1.66759,10,32084,24.6081,4.14117
1776812901195453134,1.5965,-1.20898,0.185373,3.08684,1.7389,1.62306,10,32120,24.6357,4.29583
1776812901200414727,1.5965,-1.22461,0.195343,3.07122,1.60101,1.54781,10,32147,24.6564,4.14162
1776812901205400725,1.57771,-1.22461,0.197263,2.91701,1.60101,1.54781,10,32169,24.6733,4.44337
1776812901210399853,1.57771,-1.22266,0.214136,3.22071,1.60101,1.54781,10,32197,24.6948,4.30013
1776812901215428553,1.5721,-1.22266,0.229995,3.07747,1.73753,1.41049,10,32221,24.7132,4.4487
1776812901220389886,1.5721,-1.14258,0.248403,3.30612,1.73753,1.41049,10,32252,24.737,4.29497
1776812901225386958,1.56019,-1.14258,0.260276,3.15239,1.52206,1.38817,10,32277,24.7561,4.14283
1776812901230395326,1.56019,-1.16406,0.279451,2.97876,1.52206,1.38817,10,32309,24.7807,4.44832
1776812901235393379,1.54889,-1.16406,0.292696,3.28426,1.29876,1.31114,10,32334,24.7999,4.29535
1776812901240411505,1.54889,-1.22266,0.31187,3.07269,1.29876,1.31114,10,32362,24.8213,4.29411
1776812901245404985,1.53147,-1.22266,-0.312395,3.07145,1.4017,1.17731,10,32373,24.8298,3.37554
1776812901250415556,1.53147,-1.06055,-0.303957,2.31499,1.4017,1.17731,10,32364,24.8229,0.766982
1776812901255437553,1.52564,-1.06055,0.311624,-0.293565,1.87683,1.23595,10,32355,24.816,-2.1451
1776812901260418422,1.52564,4.92969,0.30472,2.78459,1.87683,1.23595,10,32355,24.816,-0.614522
1776812901265392921,1.55643,4.92969,-0.293575,4.92969,2.62847,4.65038,10,32355,24.816,0
1776812901270383956,1.55643,2.92188,-0.292809,2.92188,2.10445,3.68336,10,32365,24.8236,0
1776812901275385510,1.57735,2.92188,-0.264212,2.92188,2.10445,3.68336,10,32373,24.8298,1.53489
1776812901280390859,1.57735,0.925781,-0.258076,2.46067,2.10445,3.68336,10,32383,24.8375,1.68724
1776812901285401745,1.6033,0.925781,-0.224459,2.61302,2.19157,2.81186,10,32394,24.8459,1.68758
1776812901290424149,1.6033,1.55859,-0.216023,3.24617,2.19157,2.81186,10,32408,24.8566,1.99393
1776812901295411203,1.60976,1.55859,-0.198828,3.55252,1.99379,3.20889,10,32419,24.8651,1.84134
1776812901300405664,1.60976,0.964844,-0.190392,2.80618,1.99379,3.20889,10,32432,24.875,1.99394
1776812901305412309,1.62404,0.964844,-0.16614,2.95879,2.13006,2.95046,10,32440,24.8812,1.53266
1776812901310405511,1.62404,0.935547,-0.160004,2.46821,2.13006,2.95046,10,32452,24.8904,1.53519
1776812901315404509,1.62907,0.935547,-0.145767,2.47074,2.76852,2.96187,10,32464,24.8996,1.84059
1776812901320377897,1.62907,0.667969,-0.136562,2.50856,2.76852,2.96187,10,32480,24.9118,1.99432
1776812901325385006,1.64541,0.667969,-0.107952,2.66229,3.46127,2.90019,10,32494,24.9226,2.30103
1776812901330396244,1.64541,0.550781,-0.0972138,2.85181,3.46127,2.90019,10,32513,24.9372,2.60512
1776812901335406296,1.64845,0.550781,-0.0665665,3.31518,3.89419,2.8334,10,32540,24.9579,2.76439
1776812901340397461,1.64845,0.550781,-0.0665665,3.31518,3.89419,2.8334,10,32540,24.9579,2.76439
1776812901345402866,1.64845,-0.248047,-0.0588971,2.51635,3.07346,2.39489,10,32578,24.987,3.3823
1776812901350405549,1.64994,-0.248047,-0.0282593,3.13426,3.07346,2.39489,10,32593,24.9985,3.22151
1776812901355428397,1.64994,-0.568359,-0.0167542,2.65315,2.42457,2.22057,10,32620,25.0192,3.22049
1776812901360425710,1.6392,-0.568359,-0.0067883,2.65213,2.42457,2.22057,10,32635,25.0307,3.22151
1776812901365403931,1.6392,-0.580078,0.0047168,2.64143,2.06784,2.15432,10,32665,25.0537,3.37554
1776812901370374412,1.63582,-0.580078,0.0243472,2.79546,2.06784,2.15432,10,32683,25.0675,3.68156
1776812901375517402,1.63582,-0.800781,0.0381526,2.88078,2.10298,2.00973,10,32715,25.0921,3.83338
1776812901380421275,1.62648,-0.800781,0.0533599,3.0326,2.10298,2.00973,10,32733,25.1059,3.98827
1776812901385417496,1.62648,-0.896484,0.0671653,3.09178,2.21653,1.90314,10,32764,25.1297,3.67789
1776812901390402365,1.62162,-0.896484,0.0860824,2.7814,2.21653,1.90314,10,32783,25.1442,3.83875
1776812901395425991,1.62162,-1.10547,0.100655,2.73328,2.24209,1.75687,10,32816,25.1696,3.83645
1776812901400401323,1.60699,-1.10547,0.111336,2.73098,2.24209,1.75687,10,32836,25.1849,4.14079
1776812901405402173,1.60699,-1.125,0.126675,3.01579,1.98275,1.66366,10,32867,25.2087,4.142
1776812901410403596,1.60699,-1.125,0.150452,3.017,1.98275,1.66366,10,32885,25.2225,3.67568
1776812901415411927,1.60037,-1.125,0.157637,2.55068,1.77486,1.62639,10,32911,25.2424,3.68156
1776812901420392870,1.60037,-1.125,0.157637,2.55068,1.77486,1.62639,10,32911,25.2424,3.68156
1776812901425422181,1.58408,-1.07617,0.200411,2.75951,1.59262,1.65422,10,32973,25.29,3.83568
1776812901430396403,1.58408,-1.05078,0.208847,2.7849,1.55867,1.5766,10,32997,25.3084,3.97951
1776812901435398011,1.56903,-1.05078,0.212206,2.92873,1.55867,1.5766,10,33016,25.323,3.83492
1776812901440396324,1.56903,-1.08203,0.226778,2.75288,1.55867,1.5766,10,33041,25.3421,3.68968
1776812901445395859,1.56308,-1.08203,0.24,2.60765,1.45771,1.43921,10,33071,25.3651,4.14117
1776812901450398819,1.56308,-1.125,0.26301,3.01617,1.45771,1.43921,10,33095,25.3835,4.14079
1776812901455399502,1.55266,-1.125,0.270996,3.01579,1.73747,1.35503,10,33125,25.4066,4.14245
1776812901460396611,1.55266,-1.11914,0.294006,3.0233,1.73747,1.35503,10,33149,25.425,4.14034
1776812901465403590,1.54159,-1.11914,0.301346,3.0212,1.65651,1.29472,10,33180,25.4487,4.14327
1776812901470404292,1.54159,-1.08984,-0.303196,3.05343,1.65651,1.29472,10,33206,25.4687,4.4487
1776812901475396531,1.52494,-1.08984,-0.299907,3.35886,1.66761,1.21519,10,33224,25.4825,3.98906
1776812901480392380,1.52494,-1.00586,-0.286102,2.9832,1.66761,1.21519,10,33224,25.4825,1.84022
1776812901485408081,1.52494,-1.00586,-0.286102,0.834364,2.08184,1.26306,10,33204,25.4671,-1.38054
1776812901490398079,1.51983,-1.00586,-0.306549,-2.3864,2.08184,1.26306,10,33201,25.4648,-1.99275
1776812901495407836,1.51983,-1.00586,-0.306549,-2.3864,2.08184,1.26306,10,33201,25.4648,-1.99275
1776812901500522827,1.51983,4.06445,-0.308851,2.07171,2.68619,4.1235,10,33198,25.4625,-0.306824
1776812901505478586,1.5647,2.27344,-0.260916,2.73321,2.98722,4.38193,10,33209,25.471,0.459777
1776812901510421088,1.59486,2.27344,-0.227684,2.73321,2.98722,4.38193,10,33216,25.4764,1.38164
1776812901515431437,1.59486,1.77539,-0.222315,3.15703,1.95082,3.24853,10,33228,25.4856,1.22719
1776812901520404362,1.6105,1.77539,-0.197468,3.00258,1.95082,3.24853,10,33234,25.4902,1.6856
1776812901525398249,1.6105,1.90625,-0.192867,3.59185,2.10785,3.41124,10,33248,25.5009,1.38164
1776812901530406098,1.61958,1.90625,-0.17305,3.28789,2.10785,3.41124,10,33254,25.5055,1.6869
1776812901535398837,1.61958,1.33398,-0.168447,3.02089,2.55814,3.13595,10,33269,25.517,1.6883
1776812901540407575,1.64108,1.33398,-0.135448,3.02228,2.55814,3.13595,10,33274,25.5208,1.52991
1776812901545495808,1.64108,1.28711,-0.131614,2.81702,3.37442,3.22907,10,33290,25.5331,1.38442
1776812901550441420,1.64749,1.28711,-0.112932,2.67152,3.37442,3.22907,10,33297,25.5385,1.84059
1776812901555414105,1.64749,1.03125,-0.107563,2.87184,4.04969,3.11878,10,33318,25.5546,1.99393
1776812901560421047,1.64749,1.03125,-0.0914553,3.02518,4.04969,3.11878,10,33326,25.5607,2.29643
1776812901565471227,1.66687,0.369141,-0.0528963,2.82844,4.04969,3.22575,10,33347,25.5768,2.45929
1776812901570439356,1.67394,0.369141,-0.0427607,2.82844,4.04969,3.22575,10,33363,25.5891,2.45438
1776812901575409448,1.67394,-0.171875,-0.0304888,2.2825,3.80514,2.57878,10,33382,25.6037,2.75887
1776812901580417519,1.6749,-0.171875,-0.0149572,2.587,3.80514,2.57878,10,33395,25.6136,2.60929
1776812901585398611,1.67375,-0.28125,0.00920696,2.63181,2.82235,2.52169,10,33425,25.6367,2.91385
1776812901590398794,1.67375,-0.421875,0.0168764,2.49197,2.36536,2.43525,10,33444,25.6512,2.91385
1776812901595411439,1.66992,-0.421875,0.0276186,2.49197,2.36536,2.43525,10,33460,25.6635,3.22242
1776812901600402085,1.66992,-0.4375,0.0398905,2.78492,2.36536,2.43525,10,33481,25.6796,3.22345
1776812901605403953,1.66799,-0.4375,0.0540697,2.78595,1.96411,2.39473,10,33504,25.6972,3.37554
1776812901610405322,1.66799,-0.632812,0.0717108,2.74273,1.96411,2.39473,10,33525,25.7134,3.37419
1776812901615415596,1.66019,-0.632812,0.0800173,2.74138,1.99285,2.24047,10,33551,25.7333,3.52783
1776812901620379819,1.66019,-0.765625,0.0999605,2.76221,1.99285,2.24047,10,33575,25.7517,3.68009
1776812901625401204,1.66019,-0.765625,0.118368,2.91447,2.04967,2.16477,10,33603,25.7732,3.99024
1776812901630455550,1.65695,-0.765625,0.136599,3.22462,2.04967,2.16477,10,33622,25.7878,4.13913
1776812901635451048,1.65695,-1.08594,0.151171,3.0532,2.16039,1.9643,10,33655,25.8131,3.98986
1776812901640398883,1.64296,-1.08594,0.162495,2.90392,2.16039,1.9643,10,33675,25.8276,3.98906
1776812901645418861,1.64296,-1.18945,0.177836,2.79961,2.21296,1.82789,10,33711,25.856,4.142
1776812901650405044,1.63152,-1.18945,0.194,2.95255,2.21296,1.82789,10,33731,25.8714,4.44743
1776812901655405709,1.63152,-1.24805,0.209341,3.19938,1.98111,1.73084,10,33767,25.899,4.29707
1776812901660396244,1.61957,-1.24805,0.225008,3.04902,1.98111,1.73084,10,33786,25.9135,4.13996
1776812901665403297,1.61957,-1.2207,0.239582,2.91926,1.66613,1.67973,10,33822,25.9411,4.29449
1776812901670371426,1.60718,-1.2207,0.254795,3.07379,1.66613,1.67973,10,33843,25.9573,4.29755
1776812901675394534,1.60718,-1.2793,0.270903,3.01825,1.82361,1.57677,10,33880,25.9856,4.5947
1776812901680396939,1.5945,-1.2793,0.286604,3.3154,1.82361,1.57677,10,33900,26.001,4.30099
1776812901685403732,1.5945,-1.38477,0.301945,2.91622,1.79994,1.44519,10,33936,26.0286,4.28336
1776812901690411137,1.58135,-1.38477,-0.311916,2.89859,1.79994,1.44519,10,33958,26.0455,4.46081
1776812901695406080,1.58135,-1.44531,-0.295042,3.0155,1.79064,1.33619,10,33990,26.07,4.44959
1776812901700397596,1.56704,-1.44531,-0.277133,1.77453,1.81086,1.25475,10,34000,26.0777,0.919751
1776812901705413945,1.56704,0.373047,-0.277133,1.2928,1.81086,1.25475,10,33991,26.0708,0.919751
1776812901710397092,1.55124,0.373047,-0.299839,1.2928,1.81086,1.25475,10,33984,26.0654,-1.99594
1776812901715396145,1.55124,4.5332,-0.305208,2.53726,2.35447,4.57204,10,33983,26.0646,-0.613785
1776812901720407920,1.57901,4.5332,-0.278198,3.91942,2.35447,4.57204,10,33984,26.0654,0
1776812901725392419,1.57901,2.25391,-0.277431,2.25391,2.29169,3.4315,10,33995,26.0738,0.613662
1776812901730417656,1.60958,2.25391,-0.238431,2.86757,2.29169,3.4315,10,34003,26.08,1.68724
1776812901735393433,1.60958,1.35938,-0.232296,3.04662,2.44292,3.09431,10,34019,26.0922,1.84096
1776812901740408596,1.61905,1.35938,-0.210548,3.20033,2.44292,3.09431,10,34030,26.1007,1.99432
1776812901745412761,1.61905,0.875,-0.202112,2.86932,2.14837,2.87136,10,34048,26.1145,2.30103
1776812901750421202,1.63469,0.875,-0.172664,3.17603,2.14837,2.87136,10,34058,26.1222,2.14682
1776812901755414182,1.63469,0.654297,-0.164995,2.80111,2.18983,2.83288,10,34078,26.1375,2.14858
1776812901760418568,1.63901,0.654297,-0.145334,2.80288,2.18983,2.83288,10,34089,26.1459,2.45241
1776812901765408974,1.63901,0.720703,-0.136898,3.17312,2.37049,2.89476,10,34108,26.1605,2.14896
1776812901770379474,1.64844,0.720703,-0.104465,3.17508,2.86986,2.94702,10,34129,26.1766,2.60408
1776812901775384656,1.64844,0.261719,-0.0967956,2.8658,2.86986,2.94702,10,34142,26.1866,2.60408
1776812901780401172,1.65413,0.261719,-0.0811344,2.8658,2.86986,2.94702,10,34156,26.1973,2.76495
1776812901785394503,1.65413,-0.228516,-0.070396,2.53643,3.48566,2.43744,10,34182,26.2173,3.06387
1776812901790410944,1.65469,-0.228516,-0.0498958,2.83536,3.48566,2.43744,10,34198,26.2295,3.07024
1776812901795417627,1.65469,-0.341797,-0.0376239,2.72844,3.41634,2.37596,10,34227,26.251,3.37689
1776812901800409681,1.65299,-0.341797,-0.0170761,3.03509,3.41634,2.37596,10,34243,26.2641,3.52751
1776812901805398716,1.65299,-0.660156,-0.00480418,2.86735,2.38953,2.18513,10,34270,26.2848,3.37554
1776812901810402621,1.64484,-0.660156,0.00775954,2.71538,2.38953,2.18513,10,34286,26.297,3.37448
1776812901815396286,1.64484,-0.623047,0.0200314,2.75143,2.04898,2.16119,10,34314,26.3185,3.22216
1776812901820373100,1.64127,-0.623047,0.0379319,2.59911,2.04898,2.16119,10,34331,26.3315,3.52751
1776812901825406614,1.64127,-0.707031,0.0509705,2.82048,1.73039,2.09349,10,34362,26.3553,3.52751
1776812901830409093,1.63188,-0.707031,0.0653615,2.82048,1.73039,2.09349,10,34379,26.3684,3.83568
1776812901835401943,1.63188,-0.814453,0.0784001,3.02123,1.908,1.98005,10,34410,26.3921,3.6823
1776812901840396071,1.62797,-0.814453,0.112065,2.86711,1.97333,1.95821,10,34441,26.4159,3.83338
1776812901845406087,1.62797,-1.05078,0.122036,2.7826,1.97333,1.95821,10,34459,26.4297,3.83338
1776812901850427120,1.61403,-1.05078,0.121901,2.7826,1.97333,1.95821,10,34484,26.4489,3.83645
1776812901855413397,1.61403,-1.09766,0.141076,2.73879,2.30731,1.71878,10,34512,26.4696,3.98747
1776812901860398377,1.60259,-1.09766,0.151112,2.88981,2.30731,1.71878,10,34529,26.4834,3.83568
1776812901865402615,1.60259,-1.10938,0.164151,2.72631,2.08819,1.6478,10,34560,26.5072,3.68083
1776812901870373059,1.59213,-1.10938,0.17747,2.57145,2.08819,1.6478,10,34578,26.521,3.83415
1776812901875389574,1.59213,-1.0957,0.191275,2.73845,1.80459,1.59656,10,34612,26.5471,3.98785
1776812901880394516,1.58592,-1.0957,0.211142,2.89215,1.80459,1.59656,10,34632,26.5624,4.1441
1776812901885447603,1.58592,-1.09961,0.226483,3.04449,1.75031,1.55917,10,34666,26.5885,4.14079
1776812901890402104,1.57031,-1.09961,0.236952,3.04118,1.75031,1.55917,10,34686,26.6038,4.14117
1776812901895418841,1.57031,-1.11719,0.252291,3.02398,1.33631,1.46043,10,34724,26.633,4.29497
1776812901900435079,1.564,-1.11719,0.275128,3.17778,1.33631,1.46043,10,34746,26.6498,4.75635
1776812901905421226,1.564,-1.23242,0.292002,3.52393,1.24881,1.35874,10,34784,26.679,4.60297
1776812901910414520,1.564,-1.23242,-0.307172,3.37055,1.24881,1.35874,10,34806,26.6959,4.44832
1776812901915431609,1.54732,-1.23242,-0.306974,3.2159,1.12997,1.26315,10,34837,26.7196,4.75065
1776812901920384017,1.54732,-1.17578,-0.283197,3.57487,1.12997,1.26315,10,34863,26.7396,3.99146
1776812901925394885,1.52902,-1.17578,-0.281556,2.81568,1.1497,1.18987,10,34865,26.7411,2.91539
1776812901930391661,1.52902,-0.78125,-0.280023,2.13414,1.1497,1.18987,10,34844,26.725,-1.53427
1776812901935404121,1.52355,-0.78125,-0.301599,-2.31552,2.23356,1.38306,10,34841,26.7227,-2.30018
1776812901940397748,1.52355,4.73438,-0.303901,2.43419,2.23356,1.38306,10,34839,26.7212,-0.153732
1776812901945401153,1.56183,4.73438,-0.267154,4.58064,2.76105,4.74742,10,34840,26.7219,-0.306763
1776812901950416428,1.56183,2.85938,-0.266387,2.55261,2.76105,4.74742,10,34854,26.7327,0.613539
1776812901955438980,1.58118,2.85938,-0.236299,3.47291,1.61114,3.78894,10,34862,26.7388,1.84133
1776812901960410553,1.58118,1.07422,-0.230163,2.91555,1.61114,3.78894,10,34874,26.748,1.37999
1776812901965414847,1.60296,1.07422,-0.199184,2.45421,1.99057,2.89455,10,34888,26.7588,2.14767
1776812901970383810,1.60296,0.916016,-0.188445,3.06369,1.99057,2.89455,10,34897,26.7657,2.14767
1776812901975464710,1.62275,0.916016,-0.161758,3.06369,2.13455,2.9154,10,34913,26.7779,1.5342
1776812901980414748,1.62275,1.05664,-0.149486,2.59084,2.13455,2.9154,10,34923,26.7856,2.30103
1776812901985402117,1.62275,1.05664,-0.141814,3.35767,2.11954,2.99556,10,34931,26.7917,1.22719
1776812901990509756,1.62777,1.05664,-0.130651,2.28383,2.11954,2.99556,10,34939,26.7979,1.38082
1776812901995429092,1.62777,1.23633,-0.124515,2.61714,2.51866,3.12607,10,34955,26.8102,1.84022
1776812902000405925,1.64843,1.23633,-0.0915826,3.07655,2.51866,3.12607,10,34966,26.8186,1.99393
1776812902005405275,1.64843,0.921875,-0.0831464,2.9158,3.37692,3.06167,10,34987,26.8347,2.45487
1776812902010408791,1.65505,0.921875,-0.0604222,3.37674,3.37692,3.06167,10,35001,26.8454,2.60825
1776812902015412104,1.65505,-0.0449219,-0.0496839,2.56333,3.92875,2.5472,10,35024,26.8631,2.75997
1776812902020404011,1.66171,-0.0449219,-0.0253804,2.71505,3.92875,2.5472,10,35038,26.8738,2.91598
1776812902025441785,1.66171,-0.408203,-0.014642,2.50777,3.25993,2.37688,10,35063,26.893,2.91385
1776812902030454153,1.66038,-0.408203,0.00319551,2.50564,3.25993,2.37688,10,35079,26.9045,3.06877
1776812902035413709,1.66038,-0.642578,0.0154674,2.4262,2.30317,2.23592,10,35107,26.9267,3.37381
1776812902040428447,1.65202,-0.642578,0.028588,2.73123,2.30317,2.23592,10,35123,26.939,3.37554
1776812902045406706,1.65202,-0.644531,0.0408599,2.73101,1.89382,2.18868,10,35152,26.9612,3.37486
1776812902050413074,1.64881,-0.644531,0.0598876,2.73033,1.89382,2.18868,10,35168,26.9735,3.52751
1776812902055400055,1.64881,-0.748047,0.0721595,2.77946,1.65946,2.11189,10,35199,26.9973,3.52783
1776812902060402961,1.64881,-0.748047,0.0959365,2.77979,1.65946,2.11189,10,35217,27.0111,3.68083
1776812902065397959,1.65068,-0.748047,0.111617,2.93278,2.10631,2.12227,10,35245,27.0326,3.99024
1776812902070421493,1.65068,-0.748047,0.111617,2.93278,2.10631,2.12227,10,35245,27.0326,3.99024
1776812902075414159,1.63807,-0.935547,0.161126,3.20607,2.31242,2.01539,10,35310,27.0824,4.14162
1776812902080403213,1.63807,-1.01758,0.170329,3.12404,2.44828,1.89866,10,35336,27.1024,3.98508
1776812902085408730,1.62833,-1.01758,0.180541,2.9675,2.44828,1.89866,10,35357,27.1185,4.14531
1776812902090400173,1.62833,-1.12109,0.196646,3.02422,2.44828,1.89866,10,35384,27.1392,4.29583
1776812902095437503,1.61753,-1.12109,0.206555,3.17473,2.1098,1.72508,10,35413,27.1614,4.29363
1776812902100412262,1.61753,-1.20117,0.228797,3.09246,2.1098,1.72508,10,35437,27.1798,3.98906
1776812902105399853,1.60606,-1.20117,0.235732,2.78789,2.02597,1.61502,10,35465,27.2013,3.98827
1776812902110395241,1.60606,-1.22656,0.257209,2.7617,2.02597,1.61502,10,35490,27.2205,3.98827
1776812902115405035,1.59412,-1.22656,0.264439,2.7617,1.48003,1.53321,10,35519,27.2427,4.142
1776812902120373794,1.59412,-1.24414,0.286681,2.89786,1.48003,1.53321,10,35545,27.2627,4.29411
1776812902125395625,1.58772,-1.24414,0.300227,3.04997,1.25483,1.48699,10,35573,27.2841,4.142
1776812902130405789,1.58772,-1.26953,-0.306617,2.87247,1.25483,1.48699,10,35599,27.3041,4.14327
1776812902135437934,1.58772,-1.26953,-0.286675,2.87374,1.13457,1.47252,10,35629,27.3271,4.28896
1776812902140403379,1.57553,-1.26953,-0.275853,3.01943,1.13457,1.47252,10,35647,27.3409,4.14698
1776812902145409395,1.57553,-1.26953,-0.275853,3.01943,1.13457,1.47252,10,35647,27.3409,4.14698
1776812902150405931,1.57553,-1.07617,-0.262048,3.0708,1.20436,1.51354,10,35643,27.3378,-0.613526
1776812902155425076,1.55015,3.51172,-0.295869,1.52771,2.74842,1.36843,10,35635,27.3317,-1.98401
1776812902160411483,1.55983,3.51172,-0.286946,1.52771,2.74842,1.36843,10,35634,27.3309,-0.61661
1776812902165409963,1.55983,4.73047,-0.287713,4.11386,3.04802,4.73376,10,35638,27.334,0.153382
1776812902170368093,1.58099,4.73047,-0.263494,4.88385,3.04802,4.73376,10,35645,27.3394,0.766754
1776812902175388794,1.58099,1.24023,-0.258124,2.00699,1.78901,2.86491,10,35656,27.3478,1.68762
1776812902180400069,1.62219,1.24023,-0.208489,2.92786,1.78901,2.86491,10,35667,27.3562,1.53236
1776812902185407734,1.62219,0.742188,-0.200051,2.27454,1.91825,2.8132,10,35687,27.3716,2.45634
1776812902190407362,1.6272,0.742188,-0.179694,3.19853,1.91825,2.8132,10,35696,27.3785,1.99432
1776812902195394324,1.6272,0.693359,-0.172791,2.68768,2.03136,2.8134,10,35714,27.3923,1.84059
1776812902200401452,1.64126,0.693359,-0.144925,2.53395,2.03136,2.8134,10,35725,27.4007,2.45487
1776812902205395321,1.64126,0.847656,-0.136489,3.30252,1.93739,2.97961,10,35737,27.4099,2.14725
1776812902210400985,1.64126,0.847656,-0.127286,2.9949,1.93739,2.97961,10,35745,27.4161,1.22694
1776812902215396077,1.64522,0.847656,-0.11719,2.0746,2.26552,3.00158,10,35760,27.4276,1.84133
1776812902220373317,1.64522,1.27734,-0.105685,3.11867,2.26552,3.00158,10,35778,27.4414,2.30103
1776812902225383056,1.65999,1.27734,-0.0771112,3.57837,3.2137,3.32815,10,35797,27.456,2.60668
1776812902230413608,1.65999,0.423828,-0.0625372,3.03051,3.2137,3.32815,10,35815,27.4698,2.76218
1776812902235403996,1.67279,0.423828,-0.0359297,3.18601,3.83125,2.91205,10,35837,27.4866,3.06448
1776812902240409160,1.67279,-0.40625,-0.0190553,2.65823,3.83125,2.91205,10,35857,27.502,3.07085
1776812902245398067,1.67299,-0.40625,-0.00351999,2.6646,3.36392,2.43998,10,35881,27.5204,3.37419
1776812902250401546,1.67299,-0.724609,0.0148878,2.64958,3.36392,2.43998,10,35902,27.5365,3.52892
1776812902255394638,1.66667,-0.724609,0.0246763,2.80431,2.62329,2.22381,10,35927,27.5557,3.37486
1776812902260395747,1.66667,-0.714844,0.0438509,2.66002,2.62329,2.22381,10,35947,27.571,3.52398
1776812902265396486,1.65942,-0.714844,0.0519361,2.80914,1.97339,2.18943,10,35971,27.5894,3.37921
1776812902270370671,1.65942,-0.791016,0.070344,2.5882,1.97339,2.18943,10,35992,27.6055,3.37351
1776812902275384595,1.65183,-0.791016,0.0788679,2.5825,1.7082,2.10415,10,36019,27.6262,3.6823
1776812902280412684,1.65183,-0.935547,0.099576,2.74675,1.7082,2.10415,10,36041,27.6431,3.6823
1776812902285406757,1.65183,-0.935547,0.11645,2.74675,1.98499,2.02176,10,36067,27.663,3.83415
1776812902290398626,1.64315,-0.935547,0.127707,2.8986,1.98499,2.02176,10,36085,27.6768,3.68156
1776812902295416438,1.64315,-1.17773,0.141513,2.50383,2.08462,1.83561,10,36118,27.7022,3.83415
1776812902300394271,1.62702,-1.17773,0.150691,2.65641,2.08462,1.83561,10,36138,27.7167,3.98827
1776812902305403528,1.62702,-1.26172,0.16603,2.72655,2.17429,1.69795,10,36172,27.7436,4.14283
1776812902310395286,1.61494,-1.26172,0.18003,2.88111,2.17429,1.69795,10,36191,27.7582,4.14245
1776812902315396803,1.61494,-1.27148,0.194604,2.87096,1.93343,1.62481,10,36225,27.7842,3.98827
1776812902320372673,1.6022,-1.27148,0.207944,2.71678,1.93343,1.62481,10,36246,27.8003,4.29363
1776812902325385226,1.6022,-1.27734,0.22405,3.01629,1.83137,1.54988,10,36284,27.8295,4.4501
1776812902330417371,1.58972,-1.27734,0.24072,3.17275,1.83137,1.54988,10,36306,27.8464,4.60205
1776812902335418795,1.58972,-1.28516,0.257594,3.31689,1.70289,1.47497,10,36342,27.874,4.4487
1776812902340396591,1.5768,-1.28516,0.272285,3.16354,1.70289,1.47497,10,36363,27.8901,4.44743
1776812902345398275,1.5768,-1.29883,0.288392,3.1486,1.3013,1.39387,10,36401,27.9192,4.44781
1776812902350414142,1.56379,-1.29883,0.304526,3.14898,1.3013,1.39387,10,36422,27.9353,4.60167
1776812902355415307,1.56379,-1.29492,-0.307687,3.30675,1.24459,1.32192,10,36456,27.9614,4.29535
1776812902360428175,1.56379,-1.29492,-0.281609,3.00043,1.24459,1.32192,10,36475,27.976,3.98906
1776812902365404694,1.55104,-1.29492,-0.279784,2.69414,1.40697,1.2489,10,36500,27.9951,4.142
1776812902370372138,1.55104,-1.24219,-0.260609,2.89981,1.40697,1.2489,10,36500,27.9951,2.14772
1776812902375426504,1.53821,-1.24219,-0.273446,0.905535,1.64827,1.20507,10,36487,27.9852,-1.22694
1776812902380406429,1.53821,3.68359,-0.283417,2.45665,1.64827,1.20507,10,36483,27.9821,-1.84059
1776812902385437185,1.54373,3.68359,-0.280961,1.843,2.84316,4.0446,10,36481,27.9806,0
1776812902390405778,1.54373,4.89453,-0.282494,4.89453,2.84316,4.0446,10,36481,27.9806,-0.306702
1776812902395404480,1.56416,4.89453,-0.262067,4.58783,2.2024,4.85201,10,36493,27.9898,0.30664
1776812902400408960,1.56416,1.50977,-0.252864,1.81641,2.2024,4.85201,10,36500,27.9951,1.84059
1776812902405491712,1.60864,1.50977,-0.203009,3.35036,2.46234,3.17479,10,36509,28.0021,1.22719
1776812902410414271,1.60864,0.980469,-0.196107,2.20766,2.46234,3.17479,10,36520,28.0105,1.68796
1776812902415418287,1.61382,0.980469,-0.182492,2.66843,2.14133,2.90217,10,36533,28.0205,1.68657
1776812902420440247,1.61382,0.998047,-0.17252,2.68461,2.14133,2.90217,10,36547,28.0312,1.99472
1776812902425403452,1.63507,0.998047,-0.140532,2.99277,2.01147,3.03092,10,36561,28.0419,1.99434
1776812902430401691,1.63507,1.12109,-0.129796,3.11543,2.01147,3.03092,10,36570,28.0488,1.99432
1776812902435395412,1.63507,1.12109,-0.122891,3.11542,2.27145,3.10106,10,36582,28.058,1.38026
1776812902440403558,1.64033,1.12109,-0.108426,2.50136,2.27145,3.10106,10,36591,28.0649,1.84059
1776812902445394168,1.64033,0.896484,-0.101523,2.73708,3.05591,3.00228,10,36609,28.0788,1.99432
1776812902450402203,1.66152,0.896484,-0.0665309,2.89081,3.05591,3.00228,10,36621,28.088,2.30103
1776812902455405756,1.66152,0.376953,-0.0573261,2.67798,3.67081,2.82336,10,36643,28.1048,2.45487
1776812902460422291,1.66782,0.376953,-0.0341518,2.83182,3.67081,2.82336,10,36657,28.1156,2.75997
1776812902465404846,1.66782,0.0976562,-0.0234153,2.85763,3.62435,2.69883,10,36682,28.1347,3.06448
1776812902470387679,1.66898,0.0976562,-0.00307916,3.16214,3.62435,2.69883,10,36696,28.1455,2.91793
1776812902475391177,1.66898,-0.503906,0.00765922,2.41402,2.68172,2.36232,10,36721,28.1647,3.06901
1776812902480392342,1.66438,-0.503906,0.0222314,2.5651,2.68172,2.36232,10,36736,28.1762,3.06693
1776812902485393655,1.66438,-0.515625,0.0337365,2.55131,2.19083,2.33033,10,36765,28.1984,3.37621
1776812902490416929,1.66191,-0.515625,0.0535138,2.86059,2.19083,2.33033,10,36783,28.2122,3.52713
1776812902495408502,1.66191,-0.529297,0.0673192,2.99783,1.96437,2.30896,10,36813,28.2352,3.68156
1776812902500403242,1.65393,-0.529297,0.0823491,3.15227,1.96437,2.30896,10,36830,28.2483,3.68083
1776812902505399722,1.65393,-0.583984,0.0953877,3.09684,2.16778,2.23376,10,36862,28.2728,3.6823
1776812902510405924,1.65393,-0.583984,0.119931,3.09832,2.16778,2.23376,10,36881,28.2866,3.83492
1776812902515396941,1.65146,-0.583984,0.132032,3.25093,2.46408,2.22009,10,36909,28.3088,3.98785
1776812902520372496,1.65146,-0.931641,0.153508,3.05621,2.46408,2.22009,10,36938,28.3311,4.14079
1776812902525386179,1.63639,-0.931641,0.160674,3.20915,2.63341,1.93831,10,36965,28.3518,3.83722
1776812902530418009,1.63639,-1.08398,0.181382,2.75323,2.63341,1.93831,10,36988,28.3694,3.83415
1776812902535408619,1.62629,-1.08398,0.188928,2.75016,2.52697,1.79522,10,37017,28.3917,3.83492
1776812902540424987,1.62629,-1.18555,0.211171,2.64937,2.52697,1.79522,10,37042,28.4109,4.142
1776812902545412504,1.61477,-1.18555,0.218822,2.95645,1.93212,1.67284,10,37070,28.4323,4.14162
1776812902550408373,1.61477,-1.22852,0.240297,2.9131,1.93212,1.67284,10,37094,28.4507,3.98906
1776812902555518643,1.60276,-1.22852,0.246696,2.76055,1.4579,1.58085,10,37117,28.4684,3.98747
1776812902560441664,1.60276,-1.27344,0.264337,2.71403,1.4579,1.58085,10,37147,28.4914,3.98865
1776812902565412238,1.58991,-1.27344,0.274503,2.71521,1.42959,1.48273,10,37178,28.5152,4.29583
1776812902570389497,1.58991,-1.30078,0.29828,2.99505,1.42959,1.48273,10,37204,28.5351,4.29449
1776812902575392570,1.57717,-1.30078,0.30548,2.99371,1.28092,1.39485,10,37228,28.5535,4.29583
1776812902580396679,1.57717,-1.2832,-0.30443,3.01262,1.28092,1.39485,10,37256,28.575,4.4487
1776812902585410547,1.57228,-1.2832,-0.264075,3.47182,1.34106,1.40487,10,37297,28.6064,3.82535
1776812902590404546,1.57228,-1.2832,-0.264075,3.47182,1.34106,1.40487,10,37297,28.6064,3.82535
1776812902595413784,1.54801,-0.576172,-0.286036,0.0387071,1.47148,1.78001,10,37283,28.5957,-2.75502
1776812902600393487,1.54801,-0.576172,-0.286036,0.0387071,1.47148,1.78001,10,37283,28.5957,-2.75502
1776812902605405207,1.56506,4.75781,-0.278964,3.8353,2.68863,4.68154,10,37277,28.5911,0
1776812902610475609,1.56506,4.0957,-0.278964,4.0957,3.06138,4.4018,10,37279,28.5926,0
1776812902615432832,1.56506,4.0957,-0.27743,4.0957,3.06138,4.4018,10,37288,28.5995,0.30707
1776812902620378148,1.59341,4.0957,-0.242176,4.40277,3.06138,4.4018,10,37303,28.611,2.14725
1776812902625400294,1.59341,0.521484,-0.230671,2.66873,3.02052,2.52559,10,37320,28.6241,1.99472
1776812902630400310,1.62592,0.521484,-0.185126,2.51621,2.09502,2.70824,10,37337,28.6371,2.30103
1776812902635409716,1.62592,0.929688,-0.172085,3.23071,2.09502,2.70824,10,37351,28.6479,2.91501
1776812902640431009,1.63563,0.929688,-0.151633,3.8447,2.09502,2.70824,10,37364,28.6578,2.60564
1776812902645435118,1.63563,0.232422,-0.141661,2.83806,1.81523,2.59762,10,37388,28.6762,2.45585
1776812902650406248,1.63768,0.232422,-0.121203,2.68827,1.81523,2.59762,10,37398,28.6839,2.91326
1776812902655434930,1.63768,0.433594,-0.113533,3.34686,2.08157,2.7237,10,37414,28.6962,1.6883
1776812902660426373,1.64411,0.433594,-0.0948338,2.12189,2.08157,2.7237,10,37424,28.7038,2.14729
1776812902665403039,1.64411,0.925781,-0.0871644,3.07307,2.30737,3.03994,10,37444,28.7192,2.30103
1776812902670382835,1.64749,0.925781,-0.0684438,3.22681,2.30737,3.03994,10,37456,28.7284,2.30149
1776812902675388944,1.64749,0.460938,-0.0592408,2.76242,3.05604,2.79371,10,37479,28.746,2.76053
1776812902680399479,1.65754,0.460938,-0.0315461,3.22146,3.05604,2.79371,10,37493,28.7568,2.91539
1776812902685399292,1.65754,0.0683594,-0.0208077,2.98375,3.52483,2.62553,10,37519,28.7767,2.91385
1776812902690401587,1.65754,0.0683594,-0.000866396,2.98221,3.52483,2.62553,10,37536,28.7898,3.37554
1776812902695399734,1.65905,0.0683594,0.0136848,3.4439,2.99415,2.63386,10,37559,28.8074,3.37486
1776812902700408194,1.65905,-0.816406,0.0313259,2.55846,2.99415,2.63386,10,37585,28.8273,3.37381
1776812902705405841,1.65297,-0.816406,0.0451789,2.5574,2.33635,2.09594,10,37603,28.8411,3.37554
1776812902710420913,1.65297,-0.789062,0.0589843,2.58648,2.33635,2.09594,10,37628,28.8603,3.22151
1776812902715403208,1.64033,-0.789062,0.0655284,2.43245,2.30129,2.04152,10,37653,28.8795,3.52783
1776812902720386356,1.64033,-0.830078,0.084703,2.69775,2.30129,2.04152,10,37675,28.8964,3.52821
1776812902725388539,1.63245,-0.830078,0.0936942,2.69814,1.78641,1.97431,10,37697,28.9132,3.83338
1776812902730395389,1.63245,-0.978516,0.110569,2.85487,1.78641,1.97431,10,37726,28.9355,3.83683
1776812902735399183,1.6233,-0.978516,0.123661,2.85832,1.77795,1.83863,10,37754,28.957,3.98827
1776812902740408237,1.6233,-1.11328,0.145134,2.87498,1.93851,1.76181,10,37787,28.9823,3.98827
1776812902745397717,1.61291,-1.11328,0.160051,2.87498,1.93851,1.76181,10,37809,28.9991,4.29411
1776812902750423010,1.61291,-1.23438,0.176925,3.05973,2.00542,1.63457,10,37843,29.0252,4.29449
1776812902755419046,1.60073,-1.23438,0.190822,3.06012,2.00542,1.63457,10,37865,29.0421,4.4421
1776812902760449561,1.60073,-1.22266,0.207696,3.21944,2.00542,1.63457,10,37891,29.062,4.14698
1776812902765412025,1.58845,-1.22266,0.233005,2.92145,1.82528,1.57275,10,37927,29.0896,4.29535
1776812902770392117,1.58845,-1.22266,0.233005,2.92145,1.82528,1.57275,10,37927,29.0896,4.29535
1776812902775393152,1.57336,-1.14258,0.260862,3.15153,1.59598,1.54904,10,37982,29.1318,4.13252
1776812902780410075,1.57336,-1.12305,0.270065,3.00948,1.59152,1.47446,10,38007,29.151,4.13252
1776812902785397797,1.5656,-1.12305,0.281478,3.00948,1.59152,1.47446,10,38027,29.1663,3.99744
1776812902790397054,1.5656,-1.18164,0.296817,2.8158,1.50742,1.39679,10,38062,29.1932,4.14245
1776812902795405015,1.55033,-1.18164,0.308397,2.9608,1.50742,1.39679,10,38083,29.2093,4.28982
1776812902800413180,1.55033,-1.17969,-0.303814,3.11013,1.50742,1.39679,10,38110,29.23,4.14614
1776812902805400253,1.54212,-1.17969,-0.291313,2.96646,1.35333,1.26328,10,38131,29.2461,4.14245
1776812902810400085,1.54212,-1.20508,-0.275206,2.93737,1.35333,1.26328,10,38147,29.2584,3.52821
1776812902815404249,1.53023,-1.20508,-0.274826,2.32314,1.45254,1.18015,10,38138,29.2515,1.07341
1776812902820422099,1.53023,1.08398,-0.281729,2.15739,2.64825,2.48492,10,38129,29.2446,-1.99273
1776812902825401191,1.52564,1.08398,-0.293219,-0.908745,2.64825,2.48492,10,38127,29.243,-0.767675
1776812902830409040,1.52564,2.89062,-0.294754,2.12295,2.72915,3.48815,10,38127,29.243,-0.307022
1776812902835473591,1.52564,2.89062,-0.294754,2.5836,2.72915,3.48815,10,38132,29.2469,0
1776812902840410574,1.57591,2.89062,-0.240652,2.89062,2.72915,3.48815,10,38144,29.2561,1.38147
1776812902845410776,1.57591,1.08789,-0.231447,2.46936,2.71542,2.74921,10,38155,29.2645,1.6869
1776812902850411737,1.60239,1.08789,-0.196535,2.77479,2.71542,2.74921,10,38166,29.273,1.68724
1776812902855468362,1.60239,1.42969,-0.188099,3.11693,2.17318,3.09393,10,38184,29.2868,2.30103
1776812902860451528,1.61402,1.42969,-0.162659,3.73071,2.17318,3.09393,10,38194,29.2944,2.1481
1776812902865411177,1.61402,0.814453,-0.154988,2.96256,1.93559,2.80865,10,38213,29.309,2.30057
1776812902870389751,1.62275,0.814453,-0.131687,3.11502,1.93559,2.80865,10,38222,29.3159,2.14729
1776812902875413692,1.62275,0.685547,-0.124785,2.83284,2.46446,2.78406,10,38235,29.3259,1.68796
1776812902880399636,1.63021,0.685547,-0.107355,2.37351,2.46446,2.78406,10,38246,29.3343,1.84022
1776812902885419633,1.63021,0.884766,-0.0989191,2.72499,2.81452,2.93925,10,38266,29.3497,2.30103
1776812902890397503,1.63995,0.884766,-0.0738355,3.18579,2.81452,2.93925,10,38279,29.3596,2.45438
1776812902895454461,1.63995,0.328125,-0.0638658,2.7825,3.23525,2.67618,10,38304,29.3788,2.91385
1776812902900405740,1.64541,0.328125,-0.0392324,3.24197,3.23525,2.67618,10,38319,29.3903,3.06816
1776812902905405498,1.64541,-0.208984,-0.0277273,2.85918,3.42955,2.40032,10,38347,29.4118,3.22151
1776812902910396848,1.64541,-0.208984,-0.00625054,3.01253,3.42955,2.40032,10,38363,29.4241,3.37448
1776812902915395236,1.64505,-0.208984,0.00566655,3.1655,2.79013,2.39835,10,38386,29.4417,3.37554
1776812902920377124,1.64505,-0.615234,0.0233057,2.7603,2.79013,2.39835,10,38410,29.4601,3.22151
1776812902925431230,1.63732,-0.615234,0.033983,2.60628,2.08242,2.12387,10,38430,29.4754,3.37448
1776812902930428673,1.63732,-0.552734,0.0493239,2.82175,2.08242,2.12387,10,38450,29.4908,3.37554
1776812902935393414,1.63564,-0.552734,0.0629824,2.8228,1.94856,2.15015,10,38476,29.5107,3.67642
1776812902940403819,1.63564,-0.628906,0.0829256,3.04751,1.94856,2.15015,10,38501,29.5299,3.53175
1776812902945400985,1.62572,-0.628906,0.0921801,2.90284,2.07797,2.05144,10,38522,29.546,3.37486
1776812902950404131,1.62572,-0.716797,0.108286,2.65807,2.07797,2.05144,10,38549,29.5667,3.68304
1776812902955419554,1.62368,-0.716797,0.126955,2.96624,2.10171,1.98994,10,38571,29.5836,3.83492
1776812902960431033,1.62368,-0.974609,0.143827,2.86031,2.10171,1.98994,10,38600,29.6058,3.83492
1776812902965405144,1.60903,-0.974609,0.151422,2.86031,2.40427,1.76089,10,38621,29.6219,3.98827
1776812902970385403,1.60903,-1.05859,0.16753,2.92967,2.40427,1.76089,10,38649,29.6434,3.68009
1776812902975394920,1.60626,-1.05859,0.186237,2.6215,2.18749,1.69745,10,38676,29.6641,3.83492
1776812902980408139,1.60626,-1.13672,0.206943,2.6982,2.18749,1.69745,10,38700,29.6825,3.83645
1776812902985397861,1.58736,-1.13672,0.223326,2.85155,1.73328,1.65292,10,38734,29.7086,3.98626
1776812902990412303,1.58736,-1.08008,0.23253,2.90618,1.6758,1.5785,10,38758,29.727,3.98626
1776812902995397617,1.57627,-1.08008,0.239845,2.90618,1.6758,1.5785,10,38778,29.7424,3.83645
1776812903000404170,1.57627,-1.09375,0.255184,2.7427,1.6758,1.5785,10,38804,29.7623,3.98906
1776812903005395818,1.56542,-1.09375,0.264271,2.89531,1.73681,1.44586,10,38829,29.7815,4.29325
1776812903010400779,1.56235,-1.11719,0.301855,3.33151,1.57724,1.41498,10,38872,29.8145,4.60297
1776812903015397889,1.56235,-1.17188,0.31336,3.4311,1.57724,1.41498,10,38899,29.8352,4.60297
1776812903020391741,1.55105,-1.17188,-0.30555,3.4311,1.57724,1.41498,10,38920,29.8513,4.29411
1776812903025389406,1.55105,-1.15625,-0.289442,3.13786,1.47929,1.32797,10,38951,29.875,4.44959
1776812903030392812,1.53945,-1.15625,-0.277264,3.29334,1.47929,1.32797,10,38970,29.8896,4.29497
1776812903035399663,1.53945,-1.14062,-0.26269,3.15434,1.45773,1.27016,10,38985,29.9011,3.52751
1776812903040403810,1.52811,-1.14062,-0.262531,2.38688,1.45773,1.27016,10,38975,29.8934,0.767289
1776812903045393809,1.52811,-0.75,-0.270203,0.0172891,2.30932,1.42725,10,38960,29.8819,-2.76146
1776812903050395753,1.52811,-0.75,-0.281706,-3.51146,2.30932,1.42725,10,38959,29.8812,-1.07367
1776812903055395177,1.52352,-0.75,-0.287064,-1.82367,2.88615,1.40066,10,38956,29.8789,-0.46025
1776812903060397213,1.52352,2.43359,-0.289364,1.97334,2.28134,3.21531,10,38964,29.885,-0.153412
1776812903065394898,1.58863,2.43359,-0.218111,2.28018,2.28134,3.21531,10,38971,29.8904,1.22694
1776812903070371046,1.58863,1.22266,-0.212742,2.4496,2.28134,3.21531,10,38981,29.8981,1.38054
1776812903075385341,1.60202,1.22266,-0.191688,2.6032,1.25035,2.97385,10,38989,29.9042,1.68762
1776812903080392950,1.60202,1.44922,-0.185553,3.13684,1.25035,2.97385,10,39000,29.9126,1.53389
1776812903085462223,1.60551,1.44922,-0.17362,2.98311,1.98261,3.12266,10,39011,29.9211,1.68724
1776812903090458611,1.60551,1.33398,-0.165184,3.02122,1.98261,3.12266,10,39023,29.9303,1.68728
1776812903095425871,1.63021,1.33398,-0.131281,3.02127,1.98039,3.19534,10,39030,29.9356,1.5342
1776812903100401223,1.63021,1.38672,-0.125912,2.92092,1.98039,3.19534,10,39036,29.9402,1.07362
1776812903105397482,1.63357,1.38672,-0.117952,2.46034,2.38938,3.2441,10,39047,29.9487,1.22719
1776812903110401166,1.63357,1.52539,-0.109516,2.75258,2.38938,3.2441,10,39060,29.9586,1.68758
1776812903115404535,1.65791,1.52539,-0.0752067,3.21297,3.14619,3.45803,10,39072,29.9678,1.84096
1776812903120374924,1.65791,1.36914,-0.0660037,3.2101,3.14619,3.45803,10,39087,29.9794,2.29689
1776812903125396959,1.66134,1.36914,-0.0380286,3.82794,3.96735,3.36897,10,39112,29.9985,2.60773
1776812903130392032,1.66134,1.36914,-0.0380286,3.82794,3.96735,3.36897,10,39112,29.9985,2.60773
1776812903135396235,1.67857,-0.0957031,0.00681121,2.66465,3.88916,2.55293,10,39148,30.0261,2.75832
1776812903140407252,1.67857,-0.480469,0.0129472,2.27785,3.07785,2.42823,10,39167,30.0407,2.75832
1776812903145513078,1.67569,-0.480469,0.0246411,2.27785,3.07785,2.42823,10,39183,30.053,3.07208
1776812903150426730,1.67569,-0.521484,0.036913,2.5506,3.07785,2.42823,10,39203,30.0683,3.22151
1776812903155418618,1.67337,-0.521484,0.0499421,2.70003,2.36333,2.37641,10,39222,30.0829,3.06717
1776812903160459652,1.67337,-0.519531,0.0645142,2.54763,2.36333,2.37641,10,39241,30.0975,3.37216
1776812903165401710,1.67086,-0.519531,0.0765725,2.85263,1.95043,2.36373,10,39265,30.1159,3.22474
1776812903170387006,1.67086,-0.525391,0.0949803,2.69935,1.95043,2.36373,10,39291,30.1351,3.37381
1776812903175403263,1.6621,-0.525391,0.106159,2.84842,1.83484,2.3122,10,39312,30.1519,3.68156
1776812903180405725,1.6621,-0.591797,0.122265,3.08977,1.83484,2.3122,10,39341,30.1742,3.83606
1776812903185401113,1.66077,-0.591797,0.143183,3.24427,2.01799,2.26704,10,39366,30.1933,4.14162
1776812903190419463,1.66077,-0.884766,0.162357,3.25685,2.01799,2.26704,10,39397,30.2171,4.14079
1776812903195402833,1.65012,-0.884766,0.192358,3.40372,2.33948,2.10005,10,39432,30.244,3.99546
1776812903200410942,1.65012,-1.2168,0.20233,2.77866,2.35106,1.85198,10,39459,30.2647,3.99546
1776812903205395665,1.63377,-1.2168,0.20669,2.77866,2.35106,1.85198,10,39480,30.2808,4.44781
1776812903210401830,1.63377,-1.26367,0.222797,3.18414,2.35106,1.85198,10,39507,30.3015,4.29411
1776812903215401829,1.62815,-1.26367,0.237883,3.03044,2.12862,1.70318,10,39530,30.3191,4.14162
1776812903220385032,1.62815,-1.34766,0.255524,2.79396,2.12862,1.70318,10,39555,30.3383,4.14034
1776812903225385883,1.61532,-1.34766,0.261864,2.79269,1.70461,1.58353,10,39585,30.3613,4.1441
1776812903230415473,1.61532,-1.32617,0.284874,2.81793,1.70461,1.58353,10,39618,30.3866,4.4487
1776812903235398880,1.60184,-1.32617,0.296703,3.12253,1.53253,1.52,10,39643,30.4058,4.44832
1776812903240398564,1.60184,-1.4082,-0.312441,3.04012,1.53253,1.52,10,39675,30.4303,4.29535
1776812903245395360,1.58828,-1.4082,-0.301458,2.88715,1.45796,1.39663,10,39701,30.4503,4.44832
1776812903250403395,1.58828,-1.48242,-0.281517,2.9659,1.45796,1.39663,10,39734,30.4756,4.75445
1776812903255403691,1.57355,-1.48242,-0.270933,3.27203,1.40148,1.2707,10,39749,30.4871,4.13996
1776812903260402634,1.57355,-1.32031,-0.263261,-0.0923877,1.82011,1.3631,10,39737,30.4779,-1.99434
1776812903265487146,1.55912,-1.32031,-0.28306,-3.31465,1.82011,1.3631,10,39731,30.4733,-1.99434
1776812903270393484,1.55912,3.77539,-0.287662,1.78105,1.82011,1.3631,10,39731,30.4733,-0.920302
1776812903275390613,1.56686,3.77539,-0.279922,2.85509,2.78179,4.22952,10,39731,30.4733,0
1776812903280397463,1.56686,2.82031,-0.279922,2.82031,2.78179,4.22952,10,39739,30.4794,0.15332
1776812903285487698,1.60754,2.82031,-0.233108,2.97363,2.10737,3.91559,10,39752,30.4894,1.68796
1776812903290416442,1.60754,0.917969,-0.223137,2.60593,2.10737,3.91559,10,39765,30.4994,2.14686
1776812903295424014,1.62778,0.917969,-0.192922,3.06483,2.52666,2.94465,10,39779,30.5101,1.99432
1776812903300393682,1.62778,1.32812,-0.182184,3.32245,2.52666,2.94465,10,39795,30.5224,2.14767
1776812903305398032,1.6377,1.32812,-0.15999,3.4758,2.07061,3.23371,10,39809,30.5331,2.30018
1776812903310404809,1.6377,0.582031,-0.149252,2.88222,2.07061,3.23371,10,39829,30.5485,2.76201
1776812903315392845,1.6456,0.582031,-0.12602,3.34404,2.04439,2.85225,10,39840,30.5569,2.45438
1776812903320373679,1.6456,0.609375,-0.117582,3.06375,2.04439,2.85225,10,39854,30.5676,1.68758
1776812903325389843,1.65165,0.609375,-0.100795,2.29695,2.28361,2.90133,10,39868,30.5784,2.30057
1776812903330396249,1.65165,0.964844,-0.0900571,3.26541,2.28361,2.90133,10,39886,30.5922,2.30149
1776812903335398600,1.66037,0.964844,-0.0560261,3.57153,2.83086,3.10395,10,39909,30.6098,2.76163
1776812903340397599,1.66037,0.527344,-0.0498902,3.28897,3.52618,2.90272,10,39928,30.6244,2.76163
1776812903345398265,1.66725,0.527344,-0.0284402,3.28897,3.52618,2.90272,10,39943,30.6359,2.91443
1776812903350400171,1.66725,-0.505859,-0.016935,2.40857,3.52618,2.90272,10,39964,30.652,3.22087
1776812903355428631,1.6682,-0.505859,0.000124305,2.71501,3.73411,2.35689,10,39985,30.6681,3.37554
1776812903360418742,1.66475,-0.779297,0.0288948,2.90227,2.66179,2.1821,10,40019,30.6942,3.52821
1776812903365416445,1.66475,-0.884766,0.0388664,2.64345,2.66179,2.1821,10,40035,30.7065,3.52821
1776812903370392000,1.66096,-0.884766,0.0473426,2.64345,2.66179,2.1821,10,40052,30.7195,3.52783
1776812903375436997,1.66096,-0.871094,0.0603813,2.65674,2.15264,2.10887,10,40080,30.741,3.37554
1776812903380405553,1.6522,-0.871094,0.0731033,2.50444,2.15264,2.10887,10,40097,30.754,3.37486
1776812903385398497,1.6522,-0.789062,0.0861419,2.5858,1.7833,2.10731,10,40128,30.7778,3.83032
1776812903390428920,1.64352,-0.789062,0.101233,3.04126,1.7833,2.10731,10,40145,30.7908,3.68599
1776812903395455084,1.64352,-0.941406,0.114271,2.74458,1.78453,1.97237,10,40176,30.8146,3.52821
1776812903400406586,1.64352,-0.941406,0.138048,2.58681,1.78453,1.97237,10,40194,30.8284,3.82802
1776812903405404085,1.6315,-0.941406,0.139836,2.88662,1.99539,1.90555,10,40223,30.8507,3.84029
1776812903410436304,1.6315,-1.07617,0.162079,2.76412,1.99539,1.90555,10,40255,30.8752,4.29669
1776812903415451228,1.62105,-1.07617,0.176174,3.22051,1.99321,1.77039,10,40279,30.8936,4.44071
1776812903420405378,1.62105,-1.19141,0.194582,3.2493,1.99321,1.77039,10,40311,30.9181,4.14825
1776812903425391600,1.60974,-1.19141,0.207815,2.95685,1.92733,1.6413,10,40335,30.9366,4.29535
1776812903430398765,1.60974,-1.23242,0.226223,3.06293,1.92733,1.6413,10,40368,30.9619,4.44743
1776812903435397894,1.59156,-1.23242,0.233357,3.21501,1.65162,1.51545,10,40394,30.9818,4.44959
1776812903440405170,1.59156,-1.24023,0.253298,3.20936,1.65162,1.51545,10,40426,31.0064,4.60205
1776812903445398670,1.58482,-1.24023,0.271094,3.36182,1.41966,1.47278,10,40450,31.0248,4.14079
1776812903450402446,1.58482,-1.26562,0.289502,2.87516,1.41966,1.47278,10,40484,31.0508,4.45048
1776812903455398945,1.56669,-1.26562,0.297448,3.18485,1.41206,1.35514,10,40510,31.0708,4.44743
1776812903460396204,1.56669,-1.30664,-0.310928,3.14079,1.41206,1.35514,10,40542,31.0953,4.60297
1776812903465394610,1.55966,-1.30664,-0.293405,3.29633,1.38283,1.29163,10,40566,31.1137,4.29449
1776812903470374962,1.55966,-1.33203,-0.274999,2.96246,1.38283,1.29163,10,40591,31.1329,4.14245
1776812903475393071,1.54054,-1.33203,-0.269584,1.12185,1.42293,1.27716,10,40590,31.1321,-0.460526
1776812903480394125,1.54054,-0.771484,-0.275722,-1.23201,1.42293,1.27716,10,40578,31.1229,-0.460526
1776812903485398587,1.53467,-0.771484,-0.290786,-1.23201,2.2849,1.45299,10,40575,31.1206,-2.14686
1776812903490397531,1.53467,4.29492,-0.293086,2.14806,2.2849,1.45299,10,40575,31.1206,-0.153351
1776812903495408047,1.57357,4.29492,-0.25419,4.14157,2.87934,4.5639,10,40576,31.1214,0
1776812903500395177,1.57357,2.50586,-0.253423,2.50586,2.87934,4.5639,10,40590,31.1321,0.766908
1776812903505388343,1.59288,2.50586,-0.223379,3.27277,2.01872,3.65369,10,40600,31.1398,2.14767
1776812903510390971,1.59288,1.36719,-0.215707,3.51486,2.01872,3.65369,10,40615,31.1513,1.68758
1776812903515403043,1.61367,1.36719,-0.183412,3.05477,2.28149,3.12174,10,40630,31.1628,1.99432
1776812903520371322,1.61367,1.27344,-0.171909,3.26776,2.28149,3.12174,10,40642,31.172,2.30011
1776812903525387876,1.62034,1.27344,-0.156026,3.57354,2.21645,3.10571,10,40655,31.182,1.99434
1776812903530401189,1.62034,0.785156,-0.146055,2.7795,2.21645,3.10571,10,40666,31.1904,2.14767
1776812903535403243,1.63247,0.785156,-0.125497,2.93283,2.13931,2.89507,10,40677,31.1989,1.53389
1776812903540399242,1.63247,0.951172,-0.117061,2.48506,2.13931,2.89507,10,40688,31.2073,1.38026
1776812903545396593,1.63247,0.951172,-0.108623,2.33143,2.56314,2.98969,10,40703,31.2188,1.99432
1776812903550395722,1.63695,0.951172,-0.0926394,2.9455,2.56314,2.98969,10,40718,31.2303,2.30195
1776812903555427163,1.63695,0.701172,-0.0811342,3.00312,3.25236,2.87213,10,40740,31.2472,2.60721
1776812903560424533,1.65277,0.701172,-0.0484347,3.30838,3.25236,2.87213,10,40754,31.2579,3.06877
1776812903565409125,1.65277,-0.046875,-0.0376963,3.0219,3.68316,2.53349,10,40781,31.2786,3.06717
1776812903570388607,1.65641,-0.046875,-0.0133509,3.02029,3.68316,2.53349,10,40802,31.2947,3.37486
1776812903575387143,1.65641,-0.720703,0.0027567,2.65416,2.98538,2.1695,10,40824,31.3116,3.37516
1776812903580397438,1.65242,-0.720703,0.015637,2.65445,2.98538,2.1695,10,40841,31.3247,3.37149
1776812903585401918,1.65242,-0.722656,0.0286776,2.64883,2.2909,2.14633,10,40871,31.3477,3.37756
1776812903590395491,1.64486,-0.722656,0.0441271,2.65491,2.2909,2.14633,10,40893,31.3645,3.6823
1776812903595409249,1.64486,-0.621094,0.0610014,3.06121,1.69409,2.16237,10,40918,31.3837,3.67862
1776812903600398804,1.63846,-0.621094,0.0737749,3.05753,1.69409,2.16237,10,40935,31.3968,3.53033
1776812903605449300,1.63846,-0.675781,0.0868136,2.85455,1.7773,2.09567,10,40966,31.4205,3.67715
1776812903610495981,1.63208,-0.675781,0.104216,3.00137,1.7773,2.09567,10,40984,31.4343,3.68673
1776812903615423762,1.63208,-0.828125,0.118022,2.8586,1.96483,1.97336,10,41018,31.4604,3.98827
1776812903620415502,1.62463,-0.828125,0.151215,3.31349,2.00318,1.93175,10,41051,31.4857,3.98827
1776812903625392780,1.62463,-1.10156,0.161954,2.8867,2.00318,1.93175,10,41073,31.5026,3.98827
1776812903630402112,1.61014,-1.10156,0.164345,2.8867,2.00318,1.93175,10,41093,31.5179,3.8353
1776812903635427591,1.61014,-1.17773,0.179684,2.65756,2.2221,1.65135,10,41121,31.5394,3.83415
1776812903640417016,1.60443,-1.17773,0.195449,2.65641,2.2221,1.65135,10,41141,31.5548,4.14162
1776812903645396146,1.60443,-1.20508,0.210789,2.93654,2.13622,1.60364,10,41174,31.5801,4.14245
1776812903650444902,1.5925,-1.20508,0.224169,2.93737,2.13622,1.60364,10,41193,31.5946,3.98785
1776812903655403551,1.5925,-1.16211,0.238742,2.82574,1.58162,1.56083,10,41226,31.6199,3.98906
1776812903660409772,1.58065,-1.16211,0.252196,2.82695,1.58162,1.56083,10,41246,31.6353,3.98667
1776812903665418641,1.58065,-1.14844,0.267537,2.83823,1.62759,1.50143,10,41283,31.6637,4.4487
1776812903670382753,1.56329,-1.14844,0.278557,3.30026,1.62759,1.50143,10,41303,31.679,4.29669
1776812903675386937,1.56329,-1.16211,0.293898,3.13458,1.24527,1.39474,10,41338,31.7058,4.29535
1776812903680396546,1.55771,-1.16211,-0.313157,3.13324,1.24527,1.39474,10,41360,31.7227,4.29411
1776812903685396971,1.55771,-1.20508,-0.296283,3.08903,1.41207,1.33833,10,41397,31.7511,4.75445
1776812903690407118,1.54002,-1.20508,-0.274093,2.9382,1.6501,1.23666,10,41416,31.7657,1.99393
1776812903695531535,1.54002,-0.0957031,-0.271024,1.89822,1.6501,1.23666,10,41406,31.758,1.99393
1776812903700415282,1.53099,-0.0957031,-0.287717,1.89822,1.6501,1.23666,10,41395,31.7496,-1.68796
1776812903705398800,1.53099,4.98633,-0.296155,3.29837,2.15803,4.71366,10,41393,31.748,-1.6869
1776812903710489479,1.55559,4.98633,-0.273093,3.29942,2.15803,4.71366,10,41393,31.748,-0.15332
1776812903715451425,1.55559,3.94141,-0.273093,3.78809,2.89285,4.25966,10,41397,31.7511,0
1776812903720388816,1.57847,3.94141,-0.24714,3.94141,2.89285,4.25966,10,41408,31.7595,1.22768
1776812903725391741,1.57847,0.673828,-0.238702,1.90151,2.7603,2.52778,10,41422,31.7703,1.84022
1776812903730404572,1.61145,0.673828,-0.194989,2.51405,2.7603,2.52778,10,41434,31.7795,1.84097
1776812903735432755,1.61145,1.42773,-0.185786,3.26871,2.11028,3.14378,10,41453,31.7941,2.45438
1776812903740401163,1.61682,1.42773,-0.165845,3.88211,2.11028,3.14378,10,41462,31.801,2.30103
1776812903745400699,1.61682,0.908203,-0.158942,3.20923,1.82992,2.87777,10,41481,31.8155,1.99434
1776812903750420919,1.63153,0.908203,-0.129657,2.90254,1.82992,2.87777,10,41490,31.8224,2.30103
1776812903755421233,1.63153,0.765625,-0.122756,3.06665,2.48986,2.8787,10,41506,31.8347,1.8384
1776812903760410232,1.63583,0.765625,-0.0992728,2.60843,2.76567,2.90268,10,41524,31.8485,2.30149
1776812903765411972,1.63583,0.722656,-0.092372,3.02414,2.76567,2.90268,10,41536,31.8577,2.30149
1776812903770379214,1.64995,0.722656,-0.0690528,3.02414,2.76567,2.90268,10,41552,31.87,2.60304
1776812903775397100,1.64995,0.546875,-0.0567809,3.14992,3.12074,2.85631,10,41571,31.8846,2.76329
1776812903780392840,1.65316,0.546875,-0.038993,3.31016,3.12074,2.85631,10,41585,31.8953,2.61034
1776812903785395747,1.65316,-0.390625,-0.0282546,2.21971,3.46084,2.33972,10,41609,31.9137,2.91364
1776812903790402578,1.65432,-0.390625,-0.00868712,2.52302,3.46084,2.33972,10,41624,31.9252,3.06533
1776812903795408577,1.65432,-0.603516,0.00281799,2.46181,2.90814,2.22478,10,41651,31.9459,3.07123
1776812903800419316,1.65185,-0.603516,0.0210522,2.46772,2.90814,2.22478,10,41671,31.9613,3.37516
1776812903805410186,1.65185,-0.626953,0.0363911,2.7482,2.0168,2.19774,10,41693,31.9781,3.22087
1776812903810430276,1.6456,-0.626953,0.0470132,2.59391,2.0168,2.19774,10,41708,31.9896,3.22216
1776812903815415813,1.6456,-0.611328,0.0585183,2.61083,1.87627,2.17203,10,41736,32.0111,3.22113
1776812903820387721,1.6394,-0.611328,0.0738,2.6098,1.87627,2.17203,10,41753,32.0242,3.37419
1776812903825384943,1.6394,-0.763672,0.0868386,2.61052,1.70822,2.05082,10,41785,32.0487,3.68192
1776812903830411181,1.62986,-0.763672,0.116412,3.22338,1.80895,1.9977,10,41818,32.074,3.98865
1776812903835402754,1.62986,-0.96875,0.12715,3.0199,1.80895,1.9977,10,41836,32.0878,3.98865
1776812903840408216,1.6209,-0.96875,0.131997,3.0199,1.80895,1.9977,10,41862,32.1078,3.98948
1776812903845399845,1.6209,-1.06445,0.15194,2.92503,2.09596,1.77622,10,41892,32.1308,4.14117
1776812903850405121,1.61552,-1.06445,0.169564,3.07672,2.09596,1.77622,10,41912,32.1461,4.29535
1776812903855398139,1.61552,-1.19336,0.184907,3.10199,2.05651,1.67259,10,41947,32.1729,4.29459
1776812903860411489,1.60444,-1.19336,0.200669,3.10123,2.05651,1.67259,10,41965,32.1868,3.98945
1776812903865396600,1.60444,-1.14648,0.214475,2.84296,1.67226,1.63706,10,41999,32.2128,3.8353
1776812903870385285,1.59269,-1.14648,0.22881,2.68881,1.67226,1.63706,10,42019,32.2282,4.29373
1776812903875387487,1.59269,-1.10547,0.244149,3.18826,1.67098,1.5942,10,42052,32.2535,4.14283
1776812903880405115,1.58157,-1.10547,0.25833,3.03736,1.67098,1.5942,10,42072,32.2688,4.14034
1776812903885396818,1.58157,-1.10156,0.273673,3.03878,1.49453,1.53337,10,42105,32.2941,3.98948
1776812903890401206,1.57053,-1.10156,0.287944,2.88792,1.49453,1.53337,10,42125,32.3095,3.98785
1776812903895411445,1.57053,-1.20117,0.303283,2.78668,1.60798,1.41379,10,42161,32.3371,4.29449
1776812903900451164,1.55396,-1.20117,-0.298652,3.09513,1.64065,1.31907,10,42195,32.3632,4.142
1776812903905409924,1.55396,-1.21484,-0.287913,2.92715,1.64065,1.31907,10,42212,32.3762,4.142
1776812903910407368,1.54734,-1.21484,-0.281499,2.92715,1.64065,1.31907,10,42229,32.3892,3.52642
1776812903915409237,1.54734,-0.28125,-0.26846,3.24517,1.22924,1.80539,10,42222,32.3839,1.84134
1776812903920379219,1.53134,-0.28125,-0.289828,1.56009,1.22924,1.80539,10,42212,32.3762,-1.6872
1776812903925390143,1.5363,2.27148,-0.296365,0.891116,2.79153,3.16819,10,42207,32.3724,-0.306824
1776812903930398660,1.5363,3.92578,-0.296365,3.61896,3.25156,4.13983,10,42208,32.3731,-0.306824
1776812903935402455,1.5734,3.92578,-0.258504,3.61896,3.25156,4.13983,10,42214,32.3777,0.153351
1776812903940399269,1.5734,2.52734,-0.253903,2.68069,3.25156,4.13983,10,42224,32.3854,1.37961
1776812903945407083,1.59051,2.52734,-0.229121,3.90695,2.95748,3.65253,10,42238,32.3961,1.53458
1776812903950401489,1.59051,1.32227,-0.218383,2.85684,2.95748,3.65253,10,42251,32.4061,1.99472
1776812903955422857,1.61427,1.32227,-0.184649,3.31699,2.2117,3.09951,10,42268,32.4192,2.45438
1776812903960415505,1.61427,1.16016,-0.171611,3.61453,2.2117,3.09951,10,42280,32.4284,2.14725
1776812903965405467,1.61427,1.16016,-0.16241,3.3074,2.06983,3.0071,10,42296,32.4406,2.29735
1776812903970411522,1.62074,1.16016,-0.143664,3.45751,2.06983,3.0071,10,42308,32.4498,2.30517
1776812903975407465,1.62074,0.787109,-0.134459,3.09228,2.488,2.83073,10,42325,32.4629,2.14691
1776812903980398743,1.63584,0.787109,-0.106324,2.93402,2.488,2.83073,10,42336,32.4713,2.30103
1776812903985399649,1.63584,0.943359,-0.097886,3.24438,3.10354,3.00402,10,42359,32.4889,2.45438
1776812903990399851,1.64072,0.943359,-0.0753716,3.39774,3.10354,3.00402,10,42373,32.4997,2.76184
1776812903995427386,1.64072,-0.179688,-0.0646332,2.58215,3.30411,2.39099,10,42400,32.5204,3.06778
1776812904000415089,1.64448,-0.179688,-0.0401581,2.88809,3.30411,2.39099,10,42416,32.5327,3.37313
1776812904005403126,1.64448,-0.359375,-0.0278863,3.01376,3.45326,2.30946,10,42444,32.5541,3.37448
1776812904010393608,1.64298,-0.359375,-0.00790678,3.01511,3.45326,2.30946,10,42459,32.5656,3.37659
1776812904015395996,1.64298,-0.599609,0.00359454,2.77699,2.34241,2.16422,10,42486,32.5864,3.22113
1776812904020375719,1.63492,-0.599609,0.0162384,2.62152,2.34241,2.16422,10,42501,32.5979,3.06778
1776812904025392125,1.63492,-0.515625,0.0277435,2.55215,1.96282,2.16727,10,42528,32.6186,3.22125
1776812904030409587,1.63155,-0.515625,0.0450851,2.70562,1.96282,2.16727,10,42544,32.6308,3.22113
1776812904035406105,1.63155,-0.578125,0.057357,2.64301,1.67969,2.11289,10,42573,32.6531,3.52713
1776812904040393420,1.63155,-0.578125,0.0796005,2.949,1.67969,2.11289,10,42590,32.6661,3.5293
1776812904045392753,1.6241,-0.578125,0.0851852,2.95118,1.96083,2.07129,10,42614,32.6845,3.52783
1776812904050409122,1.6241,-0.923828,0.103591,2.604,1.96083,2.07129,10,42642,32.706,3.68268
1776812904055398252,1.61296,-0.923828,0.113931,2.75885,2.16255,1.81187,10,42670,32.7275,3.68045
1776812904060395918,1.61296,-0.992188,0.135408,2.68826,2.16255,1.81187,10,42693,32.7451,3.98865
1776812904065395381,1.60742,-0.992188,0.147504,2.99646,2.26729,1.74178,10,42719,32.7651,3.83377
1776812904070376826,1.60742,-1.08398,0.167447,2.74978,2.26729,1.74178,10,42741,32.7819,3.68195
1776812904075387102,1.59146,-1.08398,0.168363,2.59796,2.13305,1.59945,10,42767,32.8019,3.52854
1776812904080407397,1.59146,-1.08203,0.188306,2.44651,2.13305,1.59945,10,42790,32.8195,3.8353
1776812904085392157,1.58616,-1.08203,0.200648,2.75327,2.00832,1.57057,10,42818,32.841,3.98788
1776812904090394582,1.58616,-1.01172,0.222125,2.97617,2.00832,1.57057,10,42842,32.8594,3.98865
1776812904095394767,1.57056,-1.01172,0.224929,2.97693,1.4575,1.52197,10,42871,32.8816,3.98307
1776812904100417450,1.57056,-1.02539,0.247172,2.95768,1.4575,1.52197,10,42896,32.9008,3.99268
1776812904105398562,1.56552,-1.02539,0.261308,2.96729,1.30957,1.48541,10,42928,32.9254,4.44959
1776812904110402598,1.56552,-1.14062,0.285852,3.30897,1.30957,1.48541,10,42956,32.9468,4.60021
1776812904115397672,1.56552,-1.14062,0.307325,3.45959,1.28968,1.41973,10,42986,32.9698,4.45048
1776812904120417911,1.54955,-1.14062,-0.313948,3.30985,1.28968,1.41973,10,43007,32.986,4.29544
1776812904125544403,1.54955,-1.1543,-0.297843,3.14115,1.36012,1.32049,10,43042,33.0128,4.4487
1776812904130467074,1.53335,-1.1543,-0.287203,3.2944,1.36012,1.32049,10,43060,33.0266,4.14117
1776812904135435779,1.53335,-0.902344,-0.273398,3.23883,1.35485,1.37072,10,43071,33.035,3.37448
1776812904140490461,1.52239,-0.902344,-0.275923,2.47214,1.35485,1.37072,10,43052,33.0205,-0.766908
1776812904145419872,1.52239,0.808594,-0.290495,0.0416862,2.39679,2.2825,10,43044,33.0143,-2.91385
1776812904150456573,1.52204,0.808594,-0.296973,-2.10525,2.39679,2.2825,10,43043,33.0136,-0.306702
1776812904155444703,1.52204,3.11133,-0.29774,2.80463,2.89798,3.59306,10,43044,33.0143,-0.153382
1776812904160422981,1.57706,3.11133,-0.241957,2.95795,2.89798,3.59306,10,43052,33.0205,0.306702
1776812904165406963,1.57706,2.51953,-0.235823,2.82623,2.39877,3.57179,10,43065,33.0304,2.30103
1776812904170373169,1.59091,2.51953,-0.212004,4.82056,2.39877,3.57179,10,43074,33.0373,1.37823
1776812904175392352,1.59091,1.02734,-0.2051,2.40557,2.23236,2.79979,10,43095,33.0535,2.14767
1776812904180374760,1.60635,1.02734,-0.173546,3.17502,2.23236,2.79979,10,43104,33.0604,2.30333
1776812904185395425,1.60635,0.800781,-0.166646,3.10411,2.13551,2.7578,10,43120,33.0726,1.53489
1776812904190374796,1.60635,0.800781,-0.154374,2.33567,2.13551,2.7578,10,43130,33.0803,2.45438
1776812904195361593,1.62223,0.800781,-0.130822,3.25516,2.00932,2.84686,10,43139,33.0872,1.5332
1776812904200349815,1.62223,0.728516,-0.123917,2.26172,2.00932,2.84686,10,43154,33.0987,1.53396
1776812904205345352,1.62985,0.728516,-0.104792,2.26248,2.47769,2.84822,10,43169,33.1102,2.14767
1776812904210348537,1.62985,0.550781,-0.0932909,2.69846,2.47769,2.84822,10,43184,33.1217,2.1481
1776812904215363832,1.64353,0.550781,-0.0681082,2.69889,3.22753,2.82298,10,43202,33.1355,2.60825
1776812904220350684,1.64353,0.0917969,-0.0543028,2.70005,3.22753,2.82298,10,43218,33.1478,2.60721
1776812904225399699,1.64715,0.0917969,-0.0384108,2.699,3.58328,2.58143,10,43238,33.1631,2.76108
1776812904230394199,1.64715,-0.40625,-0.0230681,2.35483,3.58328,2.58143,10,43256,33.1769,2.76053
1776812904235407327,1.64584,-0.40625,-0.0105768,2.35428,2.94912,2.29026,10,43277,33.193,2.9156
1776812904240395365,1.64584,-0.550781,0.00552885,2.36481,2.94912,2.29026,10,43296,33.2076,3.06655
1776812904245418492,1.64075,-0.550781,0.0150179,2.51577,2.2901,2.17967,10,43319,33.2253,3.37659
1776812904250408344,1.64075,-0.552734,0.0326609,2.82386,2.2901,2.17967,10,43340,33.2414,3.22113
1776812904255403289,1.63546,-0.552734,0.0434717,2.6684,1.90732,2.14913,10,43363,33.259,3.37313
1776812904260393456,1.63546,-0.65625,0.0611109,2.71688,1.90732,2.14913,10,43384,33.2751,3.37389
1776812904265393511,1.63546,-0.65625,0.0772204,2.71764,1.95225,2.09013,10,43410,33.2951,3.52854
1776812904270366864,1.62948,-0.65625,0.0911841,2.87229,1.95225,2.09013,10,43428,33.3089,3.83223
1776812904275394250,1.62948,-0.779297,0.104989,3.05293,2.1977,1.9867,10,43462,33.3349,3.83991
1776812904280390546,1.62219,-0.779297,0.123779,3.06061,2.1977,1.9867,10,43480,33.3487,4.14117
1776812904285404860,1.62219,-0.951172,0.137584,3.19,2.34075,1.84801,10,43512,33.3733,3.83606
1776812904290397712,1.60884,-0.951172,0.148776,2.88489,2.34075,1.84801,10,43531,33.3879,3.83453
1776812904295434209,1.60884,-0.962891,0.163349,2.87164,2.28109,1.76649,10,43564,33.4132,3.98466
1776812904300419839,1.60422,-0.962891,0.184043,3.02177,2.28109,1.76649,10,43589,33.4323,3.99188
1776812904305403081,1.60422,-0.998047,0.203216,2.99383,1.84539,1.72048,10,43615,33.4523,3.98785
1776812904310399988,1.58938,-0.998047,0.20832,2.9898,1.84539,1.72048,10,43632,33.4653,3.68118
1776812904315412098,1.58938,-1.00781,0.221359,2.67337,1.64969,1.63114,10,43663,33.4891,3.68195
1776812904320370396,1.58445,-1.00781,0.240201,2.67413,1.64969,1.63114,10,43682,33.5029,3.68118
1776812904325385432,1.58445,-1.01758,0.254774,2.6636,1.64905,1.59762,10,43714,33.5282,3.98945
1776812904330397986,1.56923,-1.01758,0.264091,2.97187,1.64905,1.59762,10,43732,33.542,3.98785
1776812904335392893,1.56923,-1.04102,0.277898,2.94683,1.66451,1.49766,10,43764,33.5666,3.83377
1776812904340399226,1.56923,-1.04102,0.302442,2.79275,1.66451,1.49766,10,43783,33.5811,3.83683
1776812904345387670,1.56436,-1.04102,0.312143,2.79582,1.70565,1.46986,10,43812,33.6034,3.98788
1776812904350403484,1.56436,-1.07422,-0.293932,2.91367,1.70565,1.46986,10,43842,33.6264,4.28763
1776812904355422501,1.54268,-1.07422,-0.292601,3.21341,1.5462,1.32658,10,43859,33.6394,3.68413
1776812904360417056,1.54268,-0.654297,-0.279562,3.02983,1.5462,1.32658,10,43854,33.6356,1.68897
1776812904365401871,1.53309,-0.654297,-0.292979,1.03468,2.33548,1.51065,10,43840,33.6249,-1.38043
1776812904370380113,1.53309,4.14453,-0.303717,2.7641,2.33548,1.51065,10,43836,33.6218,-1.68762
1776812904375417073,1.54949,4.14453,-0.290392,2.45691,2.84804,4.34043,10,43836,33.6218,-0.460052
1776812904380406629,1.54949,2.79688,-0.290392,2.33682,2.84804,4.34043,10,43839,33.6241,0
1776812904385400981,1.59014,2.79688,-0.247443,2.79688,2.46285,3.80406,10,43848,33.631,0.920289
1776812904390407980,1.59014,1.15625,-0.240542,2.07654,2.46285,3.80406,10,43856,33.6371,1.22732
1776812904395397795,1.61091,1.15625,-0.213625,2.38357,2.31852,2.98604,10,43869,33.6471,1.53412
1776812904400400887,1.61091,1.48242,-0.203654,3.01654,2.31852,2.98604,10,43884,33.6586,2.30057
1776812904405450050,1.62332,1.48242,-0.179739,3.78299,1.95459,3.24148,10,43896,33.6678,2.1481
1776812904410419588,1.62332,0.978516,-0.170538,3.12662,1.95459,3.24148,10,43910,33.6785,1.53427
1776812904415449697,1.62332,0.978516,-0.1598,2.51279,2.33097,2.95426,10,43924,33.6893,2.30057
1776812904420392756,1.63359,0.978516,-0.138792,3.27908,2.33097,2.95426,10,43931,33.6947,1.84021
1776812904425392774,1.63359,0.791016,-0.133421,2.63123,2.70071,2.90467,10,43950,33.7092,1.8406
1776812904430411883,1.64259,0.791016,-0.109846,2.63162,2.70071,2.90467,10,43963,33.7192,2.45536
1776812904435400958,1.64259,0.544922,-0.0998748,3.00028,3.48177,2.81444,10,43985,33.7361,2.60773
1776812904440393143,1.65564,0.544922,-0.0699599,3.15265,3.48177,2.81444,10,43999,33.7468,2.76053
1776812904445405660,1.65564,0.263672,-0.0592215,3.0242,3.51813,2.72634,10,44019,33.7621,2.91443
1776812904450394975,1.65756,0.263672,-0.0419562,3.1781,3.51813,2.72634,10,44038,33.776,2.91577
1776812904455398049,1.65756,-0.474609,-0.0273841,2.44117,3.21994,2.31615,10,44065,33.7974,3.22049
1776812904460388715,1.65551,-0.474609,-0.00873022,2.74588,3.21994,2.31615,10,44079,33.8082,3.21791
1776812904465406899,1.65551,-0.519531,0.00200814,2.69838,2.41096,2.27918,10,44105,33.8281,3.07085
1776812904470385863,1.65304,-0.519531,0.0194871,2.55132,2.41096,2.27918,10,44120,33.8396,3.21867
1776812904475388436,1.65304,-0.556641,0.0309922,2.66203,2.02591,2.24443,10,44144,33.858,2.91793
1776812904480416230,1.64508,-0.556641,0.041433,2.36129,2.02591,2.24443,10,44159,33.8695,3.06655
1776812904485393213,1.64508,-0.556641,0.0529382,2.50991,1.72931,2.20033,10,44183,33.8879,3.22113
1776812904490389194,1.64508,-0.556641,0.0713441,2.66449,1.72931,2.20033,10,44204,33.904,3.37592
1776812904495429710,1.64261,-0.556641,0.0849892,2.81928,2.07831,2.18667,10,44230,33.924,3.68045
1776812904500399433,1.64261,-0.863281,0.104929,2.81717,2.07831,2.18667,10,44256,33.9439,3.5293
1776812904505400803,1.62872,-0.863281,0.110979,2.66602,2.22311,1.93457,10,44280,33.9623,3.52854
1776812904510393285,1.62872,-1.02539,0.129385,2.50315,2.31031,1.84217,10,44305,33.9815,3.52718
1776812904515398302,1.61943,-1.02539,0.139272,2.50179,2.31031,1.84217,10,44323,33.9945,3.83453
1776812904520376137,1.61943,-1.11523,0.153078,2.7193,2.31031,1.84217,10,44353,34.0183,3.83683
1776812904525429633,1.6085,-1.11523,0.165155,2.7216,2.05324,1.67773,10,44379,34.0383,3.83453
1776812904530412152,1.6085,-1.10938,0.185095,2.72516,2.05324,1.67773,10,44402,34.0559,3.83223
1776812904535399560,1.59763,-1.10938,0.191866,2.72286,1.93855,1.61984,10,44430,34.0774,3.83453
1776812904540403800,1.59763,-1.0957,0.213342,2.73883,1.93855,1.61984,10,44456,34.0973,3.99184
1776812904545396892,1.58665,-1.0957,0.222303,2.89614,1.41153,1.56554,10,44486,34.1203,4.29363
1776812904550406354,1.58665,-1.09766,0.245313,3.19598,1.26539,1.56443,10,44519,34.1456,4.29459
1776812904555478201,1.57556,-1.09766,0.259535,3.19693,1.26539,1.56443,10,44540,34.1618,4.14283
1776812904560438444,1.57556,-1.10742,0.27564,3.03541,1.26539,1.56443,10,44566,34.1817,4.14283
1776812904565413112,1.57556,-1.10742,0.295583,3.03541,1.58885,1.49588,10,44596,34.2047,4.29287
1776812904570385076,1.5712,-1.10742,-0.314081,3.18545,1.58885,1.49588,10,44616,34.22,4.29621
1776812904575393945,1.5712,-1.07227,-0.298742,3.22394,1.36358,1.49113,10,44649,34.2454,3.98865
1776812904580519752,1.54819,-1.07227,-0.296442,2.91638,1.36358,1.49113,10,44668,34.2599,4.14124
1776812904585410795,1.54819,-1.06445,-0.28187,3.07678,1.47913,1.36388,10,44689,34.276,3.8307
1776812904590423590,1.54284,-1.06445,-0.271112,2.76625,1.47913,1.36388,10,44686,34.2737,1.38258
1776812904595400276,1.54284,1.27734,-0.273417,2.65992,2.25078,2.66793,10,44669,34.2607,-1.68728
1776812904600404850,1.53433,1.27734,-0.294966,-0.409941,2.25078,2.66793,10,44668,34.2599,-1.38147
1776812904605395980,1.53433,3.97656,-0.295733,2.59509,2.87402,4.15738,10,44668,34.2599,-0.15329
1776812904610394312,1.54732,3.97656,-0.28274,3.82327,2.87402,4.15738,10,44671,34.2622,0
1776812904615394571,1.54732,2.14062,-0.280439,2.14062,3.33263,3.18577,10,44685,34.273,0.920868
1776812904620377516,1.60055,2.14062,-0.216467,3.06149,3.33263,3.18577,10,44692,34.2783,1.99316
1776812904625389645,1.60055,1.12891,-0.211096,3.12207,2.33302,2.91217,10,44709,34.2914,1.68796
1776812904630398199,1.60682,1.12891,-0.191797,2.81687,2.33302,2.91217,10,44719,34.299,2.14725
1776812904635416568,1.60682,0.650391,-0.18413,2.79764,2.19651,2.67468,10,44738,34.3136,1.99432
1776812904640399865,1.60682,0.650391,-0.169554,2.64471,2.19651,2.67468,10,44748,34.3213,2.45487
1776812904645402790,1.62386,0.650391,-0.144842,3.10526,1.93786,2.77024,10,44761,34.3313,1.99393
1776812904650506228,1.62386,0.65625,-0.134871,2.65018,1.93786,2.77024,10,44772,34.3397,1.6872
1776812904655454731,1.63433,0.65625,-0.115965,2.34345,2.4204,2.83197,10,44787,34.3512,1.53366
1776812904660393086,1.63433,0.888672,-0.10446,2.42233,2.4204,2.83197,10,44799,34.3604,2.1481
1776812904665421658,1.64352,0.888672,-0.0860692,3.03678,3.19252,3.0155,10,44813,34.3711,2.14767
1776812904670388641,1.64352,0.369141,-0.0753308,2.51682,3.19252,3.0155,10,44832,34.3857,2.45438
1776812904675389177,1.64901,0.369141,-0.0552617,2.82352,3.66438,2.74983,10,44851,34.4003,2.76108
1776812904680398343,1.64901,-0.136719,-0.0406857,2.62436,3.66438,2.74983,10,44869,34.4141,2.76108
1776812904685409527,1.64978,-0.136719,-0.0261136,2.62436,3.06844,2.46574,10,44886,34.4271,3.06778
1776812904690394750,1.64978,-0.509766,-0.0130749,2.55801,3.06844,2.46574,10,44909,34.4448,3.06839
1776812904695407082,1.6458,-0.509766,0.000585512,2.55863,2.3895,2.23106,10,44931,34.4616,2.91519
1776812904700398045,1.6458,-0.496094,0.0174617,2.4191,2.10616,2.23885,10,44957,34.4816,3.2192
1776812904705401322,1.64072,-0.496094,0.0323162,2.72311,2.10616,2.23885,10,44975,34.4954,3.52572
1776812904710398340,1.64072,-0.552734,0.0461216,2.97298,2.10616,2.23885,10,44999,34.5138,3.53213
1776812904715407598,1.63526,-0.552734,0.0744075,3.2818,1.93919,2.17836,10,45031,34.5383,3.68268
1776812904720383933,1.63526,-0.6875,0.0836124,2.99518,2.20105,2.07118,10,45054,34.556,3.68268
1776812904725385432,1.62908,-0.6875,0.0950794,2.99518,2.20105,2.07118,10,45074,34.5713,3.82841
1776812904730394616,1.62908,-0.896484,0.110418,2.93192,2.20105,2.07118,10,45099,34.5905,3.99264
1776812904735419948,1.62088,-0.896484,0.121393,3.09616,1.96397,1.87186,10,45120,34.6066,3.83607
1776812904740403041,1.62088,-0.966797,0.137499,2.86927,1.96397,1.87186,10,45142,34.6235,3.83606
1776812904745392411,1.61755,-0.966797,0.151041,2.86927,2.01973,1.81311,10,45167,34.6427,3.52713
1776812904750403540,1.61755,-1.05078,0.170214,2.47635,2.01973,1.81311,10,45195,34.6641,3.52789
1776812904755409335,1.60074,-1.05078,0.174887,2.47711,1.7616,1.6708,10,45222,34.6848,3.83223
1776812904760409094,1.60074,-1.05078,0.195597,2.78145,1.7616,1.6708,10,45245,34.7025,3.8353
1776812904765413853,1.59029,-1.05078,0.20278,2.78452,1.68416,1.61176,10,45267,34.7194,3.83837
1776812904770377503,1.59029,-1.06445,0.219652,2.77392,1.68416,1.61176,10,45294,34.7401,3.8353
1776812904775393835,1.57971,-1.06445,0.229788,2.77084,1.60462,1.54401,10,45320,34.76,3.52642
1776812904780393186,1.57971,-1.08984,0.249731,2.43658,1.60462,1.54401,10,45344,34.7784,3.83606
1776812904785394945,1.57971,-1.08984,0.268137,2.74622,1.45436,1.52954,10,45367,34.7961,4.13621
1776812904790395963,1.56903,-1.08984,0.275095,3.04636,1.45436,1.52954,10,45391,34.8145,3.99348
1776812904795413406,1.56903,-1.11914,0.293501,2.87433,1.54958,1.452,10,45425,34.8405,3.98945
1776812904800403887,1.55769,-1.11914,0.308241,2.8703,1.54958,1.452,10,45445,34.8559,4.14117
1776812904805397776,1.55769,-1.0918,-0.304739,3.04937,1.73218,1.4028,10,45482,34.8843,4.29544
1776812904810397868,1.54125,-1.0918,-0.292799,3.20365,1.73218,1.4028,10,45502,34.8996,4.59745
1776812904815395571,1.54125,-1.09766,-0.27746,3.4998,1.71999,1.305,10,45514,34.9088,3.22435
1776812904820379961,1.53574,-1.09766,-0.273763,2.1267,1.71999,1.305,10,45500,34.8981,0.153351
1776812904825381590,1.53574,2.37695,-0.284502,2.5303,2.49462,3.25376,10,45487,34.8881,-2.75997
1776812904830388682,1.53255,2.37695,-0.297662,-0.383021,2.49462,3.25376,10,45487,34.8881,-0.920289
1776812904835395384,1.53255,4.75977,-0.297662,3.83948,2.86858,4.59353,10,45487,34.8881,0
1776812904840403328,1.54946,4.75977,-0.28076,4.75977,2.86858,4.59353,10,45493,34.8927,0
1776812904845396569,1.54946,2.07422,-0.276159,2.07422,2.94552,3.16019,10,45510,34.9057,1.99432
1776812904850408642,1.6002,2.07422,-0.212374,4.06854,2.94552,3.16019,10,45518,34.9111,1.8406
1776812904855395235,1.6002,0.75,-0.206236,2.5906,2.35536,2.6942,10,45538,34.9272,1.99356
1776812904860396919,1.6002,0.75,-0.190897,2.74356,2.35536,2.6942,10,45550,34.9364,2.45438
1776812904865420917,1.60685,0.75,-0.175047,3.20438,2.12588,2.73161,10,45565,34.9479,2.30149
1776812904870419528,1.60685,0.775391,-0.163542,3.07688,2.12588,2.73161,10,45584,34.9625,2.60668
1776812904875401751,1.6248,0.775391,-0.131017,3.38208,2.16336,2.84673,10,45595,34.9709,2.30103
1776812904880403510,1.6248,0.589844,-0.122579,2.89087,2.16336,2.84673,10,45609,34.9817,1.68796
1776812904885400917,1.63058,0.589844,-0.106066,2.2778,2.5077,2.7732,10,45625,34.9939,2.1481
1776812904890404805,1.63058,0.662109,-0.0937937,2.81021,2.5077,2.7732,10,45640,35.0054,2.30011
1776812904895405415,1.63865,0.662109,-0.0742205,2.96221,3.49526,2.85931,10,45655,35.0169,2.45536
1776812904900403785,1.63865,0.253906,-0.0627153,2.70926,3.49526,2.85931,10,45674,35.0315,2.76108
1776812904905406100,1.64316,0.253906,-0.0436228,3.01498,3.27596,2.65172,10,45690,35.0438,2.60773
1776812904910471466,1.64316,-0.271484,-0.0313509,2.33624,3.27596,2.65172,10,45712,35.0607,2.91443
1776812904915426412,1.64316,-0.271484,-0.0144861,2.64294,2.99498,2.35221,10,45734,35.0775,3.06655
1776812904920391303,1.64316,-0.628906,0.0023863,2.43765,2.34006,2.14848,10,45759,35.0967,3.06977
1776812904925394506,1.63809,-0.628906,0.0164931,2.44086,2.34006,2.14848,10,45774,35.1082,3.21984
1776812904930404431,1.63809,-0.574219,0.0279982,2.64562,2.34006,2.14848,10,45793,35.1228,3.06901
1776812904935413115,1.63207,-0.574219,0.0495932,2.49356,1.9386,2.1515,10,45820,35.1435,3.06854
1776812904940401449,1.63207,-0.558594,0.0572645,2.50995,1.71684,2.12693,10,45840,35.1588,3.06854
1776812904945404818,1.62629,-0.558594,0.0668242,2.50995,1.71684,2.12693,10,45858,35.1726,3.22049
1776812904950402281,1.62629,-0.650391,0.0806296,2.5701,1.71684,2.12693,10,45880,35.1895,3.52783
1776812904955411187,1.62014,-0.650391,0.0913527,2.87744,1.96851,2.00799,10,45901,35.2056,3.68268
1776812904960436241,1.62014,-0.816406,0.107462,2.86628,1.96851,2.00799,10,45923,35.2225,3.68045
1776812904965405631,1.61253,-0.816406,0.116728,2.86404,2.08528,1.87073,10,45948,35.2417,3.52789
1776812904970386558,1.61253,-0.976562,0.135905,2.55133,2.08528,1.87073,10,45977,35.2639,3.82994
1776812904975395464,1.6035,-0.976562,0.149107,2.85338,2.16149,1.72863,10,46000,35.2816,3.99504
1776812904980398186,1.6035,-1.04297,0.16675,2.95207,2.16149,1.72863,10,46031,35.3053,4.14117
1776812904985398482,1.5934,-1.04297,0.180433,3.0982,1.96474,1.63383,10,46058,35.326,3.98788
1776812904990484310,1.5934,-0.994141,0.20114,2.99374,1.84621,1.66167,10,46089,35.3498,3.833
1776812904995419813,1.58336,-0.994141,0.214869,2.83886,1.84621,1.66167,10,46110,35.3659,3.99108
1776812905000390333,1.58336,-0.947266,0.230978,3.04381,1.84621,1.66167,10,46135,35.3851,4.14117
1776812905005389796,1.57337,-0.947266,0.257036,3.04138,1.42199,1.63149,10,46169,35.4112,3.98709
1776812905010494438,1.57337,-0.982422,0.266241,3.00467,1.4111,1.55468,10,46192,35.4288,3.98709
1776812905015421257,1.56381,-0.982422,0.274325,3.00467,1.4111,1.55468,10,46212,35.4442,3.67313
1776812905020379167,1.56381,-1.02734,0.289664,2.64579,1.4111,1.55468,10,46238,35.4641,3.99908
1776812905025397722,1.56093,-1.02734,0.306723,2.97174,1.57002,1.45805,10,46261,35.4817,4.14117
1776812905030391704,1.56093,-1.08594,-0.303957,3.05523,1.57002,1.45805,10,46292,35.5055,4.29449
1776812905035397704,1.54285,-1.08594,-0.298257,3.20855,1.34862,1.3209,10,46312,35.5209,3.98868
1776812905040387815,1.54285,-1.0918,-0.282918,2.89689,1.34862,1.3209,10,46325,35.5308,3.21996
1776812905045393186,1.53965,-1.0918,-0.276147,2.12816,1.47642,1.29911,10,46319,35.5262,0.920657
1776812905050407000,1.53965,1.04688,-0.280748,1.96753,1.47642,1.29911,10,46308,35.5178,-1.84134
1776812905055404796,1.52762,1.04688,-0.301214,-0.794466,2.59485,2.44866,10,46306,35.5163,-0.919921
1776812905060403796,1.52762,3.9082,-0.302747,2.98828,2.59485,2.44866,10,46305,35.5155,-0.306763
1776812905065395834,1.53488,3.9082,-0.296251,3.60144,2.84234,4.12161,10,46307,35.517,-0.15329
1776812905070380520,1.53488,2.39062,-0.294717,2.23734,2.84234,4.12161,10,46319,35.5262,1.07367
1776812905075401038,1.59818,2.39062,-0.216844,3.77182,2.18614,3.25659,10,46330,35.5347,1.38016
1776812905080418278,1.59818,1.63672,-0.213777,3.01688,2.19164,3.18825,10,46342,35.5439,1.38016
1776812905085397723,1.61589,1.63672,-0.186864,3.01688,2.19164,3.18825,10,46351,35.5508,1.99313
1776812905090392983,1.61589,0.949219,-0.17996,2.94235,2.19164,3.18825,10,46364,35.5607,1.84171
1776812905095393205,1.62537,0.949219,-0.160516,2.79093,2.06573,2.94899,10,46376,35.5699,1.99432
1776812905100401483,1.62537,1.00391,-0.151311,2.99823,2.06573,2.94899,10,46387,35.5784,2.14648
1776812905105393187,1.62799,1.00391,-0.140253,3.15039,2.50085,2.99479,10,46399,35.5876,1.53458
1776812905110394798,1.62799,1.09961,-0.131052,2.63419,2.50085,2.99479,10,46416,35.6006,1.99432
1776812905115394613,1.6441,1.09961,-0.101896,3.09393,2.94578,3.13898,10,46429,35.6106,2.30149
1776812905120373948,1.6441,0.873047,-0.091928,3.17453,2.94578,3.13898,10,46444,35.6221,2.30011
1776812905125393003,1.64675,0.873047,-0.0777716,3.17315,3.52598,3.02453,10,46463,35.6367,2.60773
1776812905130405317,1.64675,-0.0136719,-0.0631995,2.59406,3.52598,3.02453,10,46485,35.6535,2.91501
1776812905135395262,1.65489,-0.0136719,-0.0381827,2.90134,3.6533,2.56413,10,46504,35.6681,3.06717
1776812905140440556,1.65489,-0.228516,-0.0236106,2.83865,3.6533,2.56413,10,46524,35.6835,3.37659
1776812905145420372,1.65489,-0.228516,-0.00827168,3.14808,2.99041,2.44167,10,46548,35.7019,3.52149
1776812905150404503,1.65432,-0.228516,0.00956582,3.29298,2.99041,2.44167,10,46570,35.7187,3.38057
1776812905155432557,1.65432,-0.753906,0.0264382,2.62666,2.15294,2.13903,10,46604,35.7448,3.5236
1776812905160452222,1.64016,-0.753906,0.0383515,2.7697,2.00216,2.06058,10,46624,35.7602,3.5236
1776812905165479887,1.64016,-0.777344,0.0536904,2.74626,2.00216,2.06058,10,46646,35.777,3.68637
1776812905170424446,1.63451,-0.777344,0.0649209,2.90903,2.00216,2.06058,10,46665,35.7916,3.833
1776812905175420336,1.63246,-0.847656,0.0973878,2.8365,1.81124,1.97575,10,46702,35.82,3.68045
1776812905180421169,1.63246,-0.978516,0.105822,2.70193,2.13537,1.88975,10,46725,35.8376,3.68045
1776812905185412762,1.62125,-0.978516,0.112254,2.70193,2.13537,1.88975,10,46744,35.8522,3.67974
1776812905190405818,1.62125,-1.07422,0.126826,2.60552,2.13537,1.88975,10,46768,35.8706,3.83684
1776812905195403282,1.61329,-1.07422,0.137267,2.76262,1.90293,1.72799,10,46790,35.8875,3.98865
1776812905200394819,1.61329,-1.11914,0.154143,2.86951,1.90293,1.72799,10,46818,35.909,3.8353
1776812905205413596,1.60792,-1.11914,0.170252,2.71616,2.28053,1.67227,10,46844,35.9289,3.68195
1776812905210396505,1.60792,-1.14062,0.190196,2.54132,1.9144,1.66003,10,46874,35.9519,3.67677
1776812905215415578,1.60792,-1.14062,0.213206,2.53615,1.9144,1.66003,10,46893,35.9665,3.83453
1776812905220374173,1.57755,-1.14062,0.197402,2.6939,1.9144,1.66003,10,46912,35.9811,3.83837
1776812905225392079,1.57755,-1.08008,0.211974,2.75829,1.68433,1.52278,10,46944,36.0056,3.98945
1776812905230392246,1.56633,-1.08008,0.225302,2.90937,1.68433,1.52278,10,46963,36.0202,3.8353
1776812905235395024,1.56633,-1.0957,0.239874,2.73959,1.37129,1.44997,10,46997,36.0462,3.9847
1776812905240403505,1.55554,-1.0957,0.255167,2.88899,1.37129,1.44997,10,47018,36.0624,4.14448
1776812905245400135,1.55554,-1.14258,0.271273,3.00191,1.4508,1.36154,10,47055,36.0907,4.45048
1776812905250391525,1.54411,-1.14258,0.288214,3.3079,1.4508,1.36154,10,47076,36.1068,4.44794
1776812905255406005,1.54411,-1.1543,0.30432,3.29364,1.46097,1.28917,10,47112,36.1345,4.29449
1776812905260394099,1.53291,-1.1543,-0.307584,3.14019,1.46097,1.28917,10,47132,36.1498,4.29535
1776812905265389414,1.53291,-1.11328,-0.292245,3.18207,1.44212,1.24794,10,47163,36.1736,4.14117
1776812905270371415,1.52161,-1.11328,-0.279771,3.02789,1.44212,1.24794,10,47170,36.1789,3.37516
1776812905275385989,1.52161,-0.599609,-0.274404,2.77555,1.71359,1.47529,10,47154,36.1667,0.460052
1776812905280396432,1.51177,-0.599609,-0.296506,-0.139557,1.71359,1.47529,10,47146,36.1605,-2.76108
1776812905285392266,1.51177,4.35938,-0.30264,1.5983,2.73596,4.24475,10,47142,36.1575,-1.07367
1776812905290420265,1.51177,4.35938,-0.305711,3.2857,2.73596,4.24475,10,47141,36.1567,-0.460263
1776812905295425431,1.52868,4.35938,-0.289571,3.89911,2.44887,4.34292,10,47144,36.159,0
1776812905300405766,1.52868,2.4082,-0.287267,2.4082,2.44887,4.34292,10,47157,36.169,1.3812
1776812905305395193,1.59159,2.4082,-0.214383,3.7894,2.60464,3.59077,10,47166,36.1759,1.38064
1776812905310399729,1.59159,1.25781,-0.207479,2.63846,2.60464,3.59077,10,47180,36.1866,1.84021
1776812905315395082,1.60185,1.25781,-0.186483,3.09802,2.12907,2.99297,10,47191,36.195,1.99432
1776812905320372028,1.60185,0.873047,-0.178045,2.86737,2.12907,2.99297,10,47207,36.2073,1.84097
1776812905325387508,1.61532,0.873047,-0.152307,2.71402,2.13996,2.84933,10,47219,36.2165,2.30103
1776812905330396730,1.61532,0.929688,-0.143106,3.23071,2.13996,2.84933,10,47232,36.2265,1.99432
1776812905335397434,1.62498,0.929688,-0.123471,2.92401,2.53231,2.93571,10,47243,36.2349,1.6872
1776812905340400675,1.62498,1.05273,-0.115033,2.73993,2.53231,2.93571,10,47259,36.2472,1.99432
1776812905345417174,1.63376,1.05273,-0.0939801,3.04706,3.07034,3.05481,10,47271,36.2564,2.14725
1776812905350419155,1.63376,0.582031,-0.084779,2.72928,3.07034,3.05481,10,47289,36.2702,2.30149
1776812905355443432,1.64186,0.582031,-0.0628712,2.88352,3.3646,2.83153,10,47304,36.2817,2.60721
1776812905360413378,1.64186,0.228516,-0.0513661,2.83572,3.3646,2.83153,10,47323,36.2963,2.60773
1776812905365402712,1.64618,0.228516,-0.0209706,2.83676,3.45319,2.63002,10,47347,36.3147,2.76053
1776812905370394268,1.64618,-0.386719,-0.0140698,2.37381,2.59273,2.3033,10,47365,36.3285,2.76053
1776812905375419082,1.64433,-0.386719,-0.00211452,2.37381,2.59273,2.3033,10,47381,36.3408,2.9121
1776812905380404213,1.64433,-0.519531,0.0101574,2.39257,2.59273,2.3033,10,47401,36.3561,3.22447
1776812905385391565,1.64226,-0.519531,0.0234249,2.70494,2.39701,2.20583,10,47420,36.3707,3.22113
1776812905390408416,1.63679,-0.615234,0.0471027,2.75857,1.75232,2.1209,10,47451,36.3945,3.22254
1776812905395399213,1.63679,-0.556641,0.0563076,2.6659,1.75232,2.1209,10,47467,36.4067,3.22254
1776812905400402509,1.63397,-0.556641,0.0657604,2.6659,1.75232,2.1209,10,47484,36.4198,3.37516
1776812905405403954,1.63397,-0.667969,0.078799,2.70719,1.93316,2.07515,10,47514,36.4428,3.52642
1776812905410404121,1.62762,-0.667969,0.0954654,2.85845,1.93316,2.07515,10,47533,36.4574,3.83376
1776812905415435452,1.62762,-0.810547,0.110038,3.02322,2.00905,1.95852,10,47565,36.4819,3.8376
1776812905420479468,1.62018,-0.810547,0.127135,3.02706,2.00905,1.95852,10,47583,36.4957,3.83376
1776812905425404492,1.62018,-0.908203,0.14094,2.92556,2.15709,1.86125,10,47615,36.5202,3.83683
1776812905430446730,1.62018,-0.908203,0.165484,2.92863,2.15709,1.86125,10,47633,36.5341,3.83377
1776812905435420824,1.60667,-0.908203,0.165778,2.92556,2.22176,1.78545,10,47660,36.5548,3.8353
1776812905440399548,1.60667,-1.00977,0.186488,2.82553,2.07596,1.72756,10,47691,36.5785,3.98709
1776812905445472210,1.59255,-1.00977,0.196143,2.97732,2.07596,1.72756,10,47709,36.5923,3.83453
1776812905450470988,1.59255,-0.998047,0.209952,2.83648,2.07596,1.72756,10,47738,36.6146,3.68339
1776812905455439379,1.57762,-0.998047,0.217257,2.68535,1.64751,1.56993,10,47760,36.6315,3.82993
1776812905460400641,1.57762,-0.988281,0.234133,2.84165,1.38955,1.5755,10,47790,36.6545,3.83377
1776812905465405178,1.57236,-0.988281,0.251887,2.84549,1.38955,1.5755,10,47809,36.669,3.84144
1776812905470376494,1.57236,-1.05859,0.266459,2.78285,1.38955,1.5755,10,47840,36.6928,4.13621
1776812905475400123,1.55759,-1.05859,0.27547,3.07761,1.47533,1.42116,10,47862,36.7097,3.83991
1776812905480397605,1.55759,-1.0957,0.292346,2.74421,1.47533,1.42116,10,47892,36.7327,3.98785
1776812905485416604,1.55185,-1.0957,0.309615,2.89215,1.50838,1.36711,10,47917,36.7519,4.14206
1776812905490404901,1.55185,-1.06641,-0.299531,3.07566,1.50838,1.36711,10,47942,36.7711,4.142
1776812905495395975,1.53581,-1.06641,-0.296395,3.07559,1.35982,1.29146,10,47946,36.7741,2.91443
1776812905500400179,1.53581,-0.539062,-0.293328,2.37537,1.35982,1.29146,10,47931,36.7626,-0.766601
1776812905505394754,1.53122,-0.539062,-0.314031,-2.53339,2.44029,1.59204,10,47924,36.7572,-0.613403
1776812905510395680,1.53122,4.71289,0.313521,4.09949,2.7881,4.55911,10,47922,36.7557,-0.613403
1776812905515410012,1.5506,4.71289,-0.296945,4.09949,2.7881,4.55911,10,47922,36.7557,-0.306579
1776812905520385236,1.5506,2.81055,-0.296945,2.50397,2.7881,4.55911,10,47931,36.7626,0.153382
1776812905525397032,1.59271,2.81055,-0.247933,2.96393,2.32936,3.82644,10,47939,36.7688,1.68796
1776812905530399032,1.59271,1.07227,-0.241796,2.76023,2.32936,3.82644,10,47951,36.778,1.38043
1776812905535399217,1.61354,1.07227,-0.211762,2.4527,2.19556,2.95292,10,47962,36.7864,1.84097
1776812905540400310,1.61354,1.70312,-0.203328,3.5441,2.21867,3.31251,10,47976,36.7971,1.68728
1776812905545402754,1.6275,1.70312,-0.178632,3.39041,2.21867,3.31251,10,47986,36.8048,1.99316
1776812905550396292,1.6275,1.13086,-0.17096,3.12402,2.19093,3.06443,10,48004,36.8186,2.1481
1776812905555403347,1.64022,1.13086,-0.144429,3.27896,2.19093,3.06443,10,48013,36.8255,1.99353
1776812905560412532,1.64022,0.951172,-0.137528,2.9447,2.47839,3.03285,10,48030,36.8385,1.99552
1776812905565412050,1.64943,0.951172,-0.115285,2.94669,2.47839,3.03285,10,48041,36.847,2.14725
1776812905570388071,1.64943,0.765625,-0.106847,2.91287,3.0746,2.97814,10,48062,36.8631,2.45487
1776812905575387089,1.64943,0.765625,-0.0907411,3.22049,3.0746,2.97814,10,48076,36.8738,2.60512
1776812905580407070,1.65208,0.765625,-0.0773516,3.37075,3.0746,2.97814,10,48093,36.8869,2.76329
1776812905585399422,1.65208,-0.125,-0.0643129,2.63829,3.55346,2.48515,10,48117,36.9053,2.76108
1776812905590403811,1.65854,-0.125,-0.0394449,2.63608,3.55346,2.48515,10,48132,36.9168,2.9121
1776812905595407607,1.65854,-0.380859,-0.0279398,2.53124,3.04749,2.37497,10,48159,36.9375,3.22306
1776812905600407607,1.65739,-0.380859,-0.00838564,2.8422,3.04749,2.37497,10,48175,36.9498,3.22254
1776812905605398682,1.65739,-0.675781,0.00388625,2.54676,2.1354,2.2005,10,48203,36.9712,3.37516
1776812905610403515,1.64904,-0.675781,0.0170164,2.69938,2.1354,2.2005,10,48218,36.9827,3.37044
1776812905615401478,1.64904,-0.693359,0.0285216,2.67708,1.98133,2.14435,10,48245,37.0035,3.22512
1776812905620385813,1.64564,-0.693359,0.0458327,2.53176,1.98133,2.14435,10,48260,37.015,3.22177
1776812905625387017,1.64564,-0.630859,0.0573378,2.59092,1.86044,2.16116,10,48288,37.0364,3.21984
1776812905630396868,1.63588,-0.630859,0.0690489,2.58898,1.86044,2.16116,10,48305,37.0495,3.53001
1776812905635415885,1.63588,-0.683594,0.0820914,2.84641,1.9183,2.07689,10,48335,37.0725,3.67457
1776812905640412534,1.63269,-0.683594,0.101909,2.99097,1.9183,2.07689,10,48353,37.0863,3.53496
1776812905645398572,1.63269,-0.984375,0.115714,2.55058,2.15818,1.88769,10,48383,37.1093,3.68045
1776812905650411960,1.62036,-0.984375,0.140971,2.69463,2.05081,1.81886,10,48416,37.1346,4.1272
1776812905655397850,1.62036,-1.11914,0.151706,3.00806,2.05081,1.81886,10,48436,37.1499,4.1272
1776812905660399313,1.6089,-1.11914,0.155585,3.00806,2.05081,1.81886,10,48456,37.1653,4.1603
1776812905665436292,1.6043,-1.16016,0.187804,2.98101,1.98082,1.65437,10,48496,37.196,3.98709
1776812905670413072,1.6043,-1.17773,0.197005,2.80935,1.84249,1.6185,10,48516,37.2113,3.98709
1776812905675424293,1.59842,-1.17773,0.20647,2.80935,1.84249,1.6185,10,48536,37.2266,4.14283
1776812905680502678,1.59842,-1.14844,0.221808,2.99439,1.84249,1.6185,10,48570,37.2527,4.28934
1776812905685419627,1.5871,-1.14844,0.236564,3.14091,1.56443,1.53806,10,48601,37.2765,4.30061
1776812905690413554,1.5871,-1.15039,0.260341,3.15022,1.4228,1.53695,10,48628,37.2972,4.29621
1776812905695415591,1.57548,-1.15039,0.269424,3.14582,1.4228,1.53695,10,48649,37.3133,4.29449
1776812905700404592,1.57548,-1.21875,0.285529,3.07574,1.22811,1.43196,10,48686,37.3417,4.29449
1776812905705410147,1.56373,-1.21875,0.302157,3.07574,1.22811,1.43196,10,48707,37.3578,4.60129
1776812905710396870,1.56373,-1.27344,-0.310055,3.32785,1.25123,1.33378,10,48742,37.3846,4.29707
1776812905715413851,1.55099,-1.27344,-0.284436,2.86773,1.25123,1.33378,10,48759,37.3977,4.14117
1776812905720372705,1.55099,-1.28516,-0.282902,2.85601,1.30825,1.25418,10,48759,37.3977,1.84097
1776812905725429646,1.53835,-1.28516,-0.295544,0.555817,1.30825,1.25418,10,48746,37.3877,-0.614043
1776812905730407518,1.53835,1.94531,-0.305516,1.33127,2.33713,3.02278,10,48742,37.3846,-1.99396
1776812905735403352,1.5348,1.94531,-0.312134,-0.048647,2.33713,3.02278,10,48742,37.3846,0
1776812905740395852,1.5348,2.43945,-0.312134,2.43945,2.70327,3.28393,10,48747,37.3885,0
1776812905745398760,1.58951,2.43945,-0.253586,2.43945,2.70327,3.28393,10,48757,37.3962,1.22681
1776812905750400834,1.58951,1.76172,-0.245915,2.98853,2.80712,3.2105,10,48773,37.4084,2.14725
1776812905755428869,1.59997,1.76172,-0.223183,3.90896,2.80712,3.2105,10,48784,37.4169,1.68695
1776812905760419666,1.59997,0.820312,-0.214749,2.50726,2.31039,2.73299,10,48805,37.433,2.45487
1776812905765422037,1.61453,0.820312,-0.184083,3.27518,2.31039,2.73299,10,48815,37.4406,2.60877
1776812905770388409,1.61453,0.238281,-0.176411,2.84705,2.30782,2.48311,10,48835,37.456,2.30057
1776812905775429537,1.61711,0.238281,-0.158494,2.53885,2.30782,2.48311,10,48843,37.4621,2.29735
1776812905780423426,1.61711,0.757812,-0.152356,3.05516,2.44752,2.7937,10,48858,37.4736,1.53597
1776812905785403316,1.62374,0.757812,-0.12732,2.59621,2.44752,2.7937,10,48873,37.4851,1.8384
1776812905790409372,1.62374,0.541016,-0.122716,2.37941,2.55843,2.70724,10,48889,37.4974,2.30149
1776812905795409798,1.63197,0.541016,-0.102212,2.8425,2.55843,2.70724,10,48901,37.5066,2.30149
1776812905800404113,1.63197,0.273438,-0.0930106,2.57492,3.39465,2.60065,10,48920,37.5212,2.60721
1776812905805397984,1.63632,0.273438,-0.0740936,2.88064,3.39465,2.60065,10,48934,37.5319,2.76163
1776812905810424760,1.63632,0.0175781,-0.063359,2.77921,3.07894,2.47898,10,48961,37.5526,3.06778
1776812905815403373,1.63708,0.0175781,-0.0418899,3.08536,3.07894,2.47898,10,48977,37.5649,3.22113
1776812905820380430,1.63708,-0.638672,-0.029618,2.58246,2.69427,2.10914,10,49003,37.5848,3.22189
1776812905825394688,1.6313,-0.638672,-0.0154464,2.58322,2.69427,2.10914,10,49018,37.5963,3.21984
1776812905830398207,1.6313,-0.621094,-0.00394128,2.59875,2.078,2.08702,10,49046,37.6178,3.22242
1776812905835386707,1.62795,-0.621094,0.0141786,2.60133,2.078,2.08702,10,49063,37.6308,3.37457
1776812905840387189,1.62795,-0.59375,0.0272172,2.78082,2.03841,2.08392,10,49093,37.6539,3.68118
1776812905845392707,1.61899,-0.59375,0.0412705,3.08743,2.03841,2.08392,10,49110,37.6669,3.68268
1776812905850471703,1.61899,-0.636719,0.0543092,3.04596,1.65653,2.00936,10,49139,37.6891,3.37381
1776812905855414762,1.61899,-0.636719,0.0765527,2.73709,1.65653,2.00936,10,49161,37.706,3.67824
1776812905860394060,1.61582,-0.636719,0.0902513,3.04152,1.78735,1.99156,10,49188,37.7267,3.53213
1776812905865402707,1.61582,-0.871094,0.110957,2.66103,1.78735,1.99156,10,49216,37.7482,3.83377
1776812905870384097,1.60086,-0.871094,0.117481,2.96267,1.77509,1.7739,10,49238,37.7643,3.8353
1776812905875474111,1.60086,-1.00391,0.134353,2.83139,1.77509,1.7739,10,49259,37.7812,3.8353
1776812905880417485,1.59135,-1.00391,0.140949,2.83139,2.05617,1.64448,10,49284,37.8004,3.52783
1776812905885405152,1.59135,-0.998047,0.160121,2.52979,2.05617,1.64448,10,49307,37.818,3.68045
1776812905890403115,1.58132,-0.998047,0.167732,2.6824,1.91497,1.59096,10,49334,37.8387,3.83683
1776812905895408393,1.58132,-0.941406,0.188438,2.89542,1.91497,1.59096,10,49357,37.8563,3.83376
1776812905900391376,1.57169,-0.941406,0.19646,2.89236,1.87296,1.56851,10,49383,37.8763,3.68192
1776812905905421022,1.57169,-0.927734,0.216399,2.75418,1.87296,1.56851,10,49405,37.8932,3.68268
1776812905910396209,1.56232,-0.927734,0.223899,2.75495,1.87296,1.56851,10,49425,37.9085,3.83377
1776812905915410616,1.56232,-0.962891,0.239238,2.87088,1.40228,1.50275,10,49459,37.9346,3.98865
1776812905920408579,1.55316,-0.962891,0.25616,3.02576,1.40228,1.50275,10,49479,37.9499,4.14206
1776812905925454502,1.55316,-0.980469,0.271499,3.1616,1.3974,1.44029,10,49512,37.9752,3.98865
1776812905930410523,1.54779,-0.980469,0.306011,3.00181,1.67979,1.40945,10,49546,38.0013,4.28858
1776812905935393210,1.54779,-0.984375,-0.310803,3.30421,1.67979,1.40945,10,49566,38.0166,4.28858
1776812905940394210,1.53302,-0.984375,-0.310227,3.30421,1.28076,1.32211,10,49591,38.0358,4.30827
1776812905945399339,1.53302,-0.847656,-0.291054,3.46062,1.28076,1.32211,10,49601,38.0435,3.22049
1776812905950438559,1.52368,-0.847656,-0.292733,2.37283,1.28076,1.32211,10,49591,38.0358,1.22757
1776812905955412283,1.52368,3.77148,-0.300404,4.99905,1.64555,3.97883,10,49574,38.0228,-3.22177
1776812905960434282,1.53322,3.77148,-0.303902,0.54971,1.64555,3.97883,10,49572,38.0212,-1.22708
1776812905965396599,1.53322,5.1875,-0.305436,3.96042,2.92211,4.84118,10,49572,38.0212,-0.153351
1776812905970384119,1.55781,5.1875,-0.280842,5.03415,2.92211,4.84118,10,49576,38.0243,0
1776812905975392415,1.55781,1.5625,-0.277775,1.5625,3.01847,2.91642,10,49591,38.0358,1.53366
1776812905980406173,1.60181,1.5625,-0.222275,3.09616,3.01847,2.91642,10,49601,38.0435,1.84095
1776812905985396655,1.60181,0.960938,-0.214604,2.80188,2.31326,2.82347,10,49621,38.0588,2.14767
1776812905990415821,1.60861,0.960938,-0.192463,3.10861,2.31326,2.82347,10,49631,38.0665,2.60721
1776812905995401952,1.60861,0.689453,-0.184792,3.29666,2.20971,2.707,10,49648,38.0795,1.84097
1776812906000396452,1.62414,0.689453,-0.148552,2.83756,2.28478,2.79405,10,49665,38.0926,1.99432
1776812906005396731,1.62414,0.763672,-0.143181,2.758,2.28478,2.79405,10,49673,38.0987,1.99432
1776812906010398935,1.63195,0.763672,-0.129239,2.758,2.17116,2.87994,10,49687,38.1095,1.83984
1776812906015398306,1.63195,1.0293,-0.1185,2.86914,2.17116,2.87994,10,49700,38.1194,1.99393
1776812906020385178,1.63718,1.0293,-0.103295,3.02322,2.91358,3.06046,10,49718,38.1332,2.45389
1776812906025387215,1.63718,0.498047,-0.0894894,2.95193,2.91358,3.06046,10,49734,38.1455,2.45585
1776812906030398475,1.64812,0.498047,-0.0662731,2.9539,3.35757,2.81838,10,49753,38.1601,2.75997
1776812906035406234,1.64812,0.1875,-0.051701,2.94747,3.35757,2.81838,10,49769,38.1723,2.60877
1776812906040395680,1.64983,0.1875,-0.0377239,2.79627,3.45812,2.65081,10,49790,38.1884,2.76108
1776812906045406125,1.64983,-0.525391,-0.0216183,2.23569,3.45812,2.65081,10,49809,38.203,3.06793
1776812906050419680,1.6468,-0.525391,-0.0100712,2.54254,2.78293,2.2277,10,49832,38.2207,3.21727
1776812906055414274,1.6468,-0.626953,0.00756794,2.59032,2.78293,2.2277,10,49853,38.2368,3.22565
1776812906060403090,1.64397,-0.626953,0.0208431,2.59869,2.13895,2.15411,10,49875,38.2536,3.37457
1776812906065410646,1.64397,-0.644531,0.0377193,2.73004,2.13895,2.15411,10,49895,38.269,3.37044
1776812906070384685,1.64397,-0.644531,0.0530582,2.72591,1.87467,2.14409,10,49919,38.2874,3.225
1776812906075385612,1.63403,-0.644531,0.0615192,2.58047,1.87467,2.14409,10,49936,38.3004,3.52437
1776812906080396853,1.63403,-0.767578,0.0745617,2.75679,1.9564,2.01869,10,49969,38.3257,3.68634
1776812906085417908,1.6271,-0.767578,0.0929447,2.91877,1.9564,2.01869,10,49993,38.3442,3.98785
1776812906090405928,1.6271,-0.939453,0.111351,3.0484,2.13445,1.8821,10,50020,38.3649,3.98709
1776812906095406076,1.61852,-0.939453,0.123478,3.04763,2.13445,1.8821,10,50038,38.3787,3.83606
1776812906100393448,1.61852,-1.10938,0.137283,2.72669,2.30969,1.73728,10,50072,38.4047,3.98865
1776812906105395153,1.60796,-1.10938,0.152801,2.87927,2.30969,1.73728,10,50098,38.4247,4.14124
1776812906110399875,1.60796,-1.17188,0.172744,2.96936,2.19409,1.64239,10,50128,38.4477,4.28934
1776812906115400839,1.59675,-1.17188,0.184539,3.11747,2.19409,1.64239,10,50146,38.4615,4.14698
1776812906120374119,1.59675,-1.15234,0.198349,2.99463,1.71167,1.59037,10,50179,38.4868,3.83607
1776812906125397211,1.58489,-1.15234,0.211807,2.68372,1.71167,1.59037,10,50204,38.506,3.98785
1776812906130394749,1.58489,-1.07812,0.23098,2.90973,1.44061,1.56561,10,50233,38.5282,4.14283
1776812906135451691,1.57418,-1.07812,0.242511,3.0647,1.44061,1.56561,10,50253,38.5436,4.14124
1776812906140413638,1.57418,-1.10742,0.25785,3.03381,1.35372,1.48805,10,50286,38.5689,4.142
1776812906145408287,1.57418,-1.10742,0.283161,3.03458,1.35372,1.48805,10,50305,38.5835,3.98865
1776812906150397122,1.56299,-1.10742,0.286541,2.88123,1.35372,1.48805,10,50333,38.6049,4.14041
1776812906155414529,1.56299,-1.17188,0.308017,2.96853,1.36152,1.38746,10,50369,38.6325,4.29449
1776812906160426566,1.54683,-1.17188,-0.308846,3.12262,1.36152,1.38746,10,50388,38.6471,4.29707
1776812906165419067,1.54683,-1.17578,-0.29427,3.12129,1.62332,1.29261,10,50413,38.6663,3.83453
1776812906170419661,1.52923,-1.17578,-0.292698,2.65875,1.62332,1.29261,10,50416,38.6686,2.60668
1776812906175393385,1.52923,-0.726562,-0.290398,1.88012,2.12206,1.44714,10,50398,38.6548,-1.07389
1776812906180404626,1.52377,-0.726562,-0.30967,-1.80045,2.12206,1.44714,10,50394,38.6517,-1.8406
1776812906185395405,1.52377,4.59766,-0.312737,2.75705,2.84507,4.45028,10,50392,38.6502,-0.613403
1776812906190463550,1.55939,4.59766,-0.278649,3.98425,2.84507,4.45028,10,50393,38.6509,-0.153382
1776812906195452273,1.55939,2.88672,-0.277882,2.73334,2.49724,3.68028,10,50403,38.6586,0.613403
1776812906200424276,1.58145,2.88672,-0.248154,3.50012,2.49724,3.68028,10,50410,38.664,1.22757
1776812906205459552,1.58145,1.37891,-0.242783,2.60648,2.33455,2.94659,10,50424,38.6747,1.68652
1776812906210411445,1.60897,1.37891,-0.204521,3.06543,2.33455,2.94659,10,50434,38.6824,1.84134
1776812906215397594,1.60897,1.70508,-0.187649,3.699,2.04083,3.28796,10,50452,38.6962,1.68652
1776812906220384188,1.61801,1.70508,-0.174008,3.3916,2.15776,3.33868,10,50463,38.7046,1.68652
1776812906225385893,1.61801,1.01953,-0.165569,2.70605,2.15776,3.33868,10,50476,38.7146,2.30103
1776812906230396060,1.63435,1.01953,-0.139256,3.32056,2.38529,3.03917,10,50489,38.7246,1.99432
1776812906235400949,1.63435,1.23828,-0.129284,3.23261,2.38529,3.03917,10,50502,38.7346,1.84097
1776812906240407171,1.64431,1.23828,-0.10936,3.07925,2.94136,3.21917,10,50518,38.7468,2.1481
1776812906245441170,1.64431,0.464844,-0.097088,2.61295,2.94136,3.21917,10,50533,38.7583,2.45438
1776812906250425820,1.65305,0.464844,-0.0768434,2.91922,3.61753,2.82669,10,50553,38.7737,2.60773
1776812906255412525,1.65305,-0.046875,-0.0615045,2.56085,3.61753,2.82669,10,50571,38.7875,2.91385
1776812906260393712,1.65571,-0.046875,-0.0450365,2.86697,3.68099,2.54971,10,50593,38.8043,2.91501
1776812906265398527,1.65571,-0.435547,-0.0281641,2.47946,3.68099,2.54971,10,50614,38.8205,3.22177
1776812906270416620,1.65325,-0.435547,-0.0145151,2.78623,2.82989,2.31457,10,50637,38.8381,3.37457
1776812906275404621,1.65325,-0.517578,0.00312408,2.85699,2.82989,2.31457,10,50657,38.8534,3.37448
1776812906280478303,1.64835,-0.517578,0.0135611,2.8569,2.07057,2.24071,10,50679,38.8703,3.22177
1776812906285414029,1.64835,-0.556641,0.0304373,2.66513,2.07057,2.24071,10,50700,38.8864,3.22189
1776812906290405438,1.64835,-0.556641,0.046543,2.66525,1.89608,2.21844,10,50725,38.9056,3.37448
1776812906295505526,1.64286,-0.556641,0.0602339,2.81784,1.89608,2.21844,10,50742,38.9186,3.68121
1776812906300434068,1.64286,-0.746094,0.0732725,2.93512,2.19261,2.08006,10,50773,38.9424,3.68045
1776812906305439883,1.63349,-0.746094,0.087673,2.93435,2.19261,2.08006,10,50790,38.9554,3.833
1776812906310400701,1.63349,-0.851562,0.100712,2.98143,2.14315,1.96782,10,50821,38.9792,3.53066
1776812906315393442,1.62957,-0.851562,0.120567,2.67909,2.14315,1.96782,10,50839,38.993,3.83453
1776812906320371944,1.62957,-1.09375,0.134373,2.74078,2.3612,1.80792,10,50872,39.0183,3.8353
1776812906325394333,1.61451,-1.09375,0.144626,2.74155,2.3612,1.80792,10,50890,39.0321,3.98945
1776812906330393463,1.61451,-1.11914,0.158436,2.8703,2.31102,1.70926,10,50921,39.0559,3.83377
1776812906335398315,1.60915,-1.11914,0.176857,2.71463,2.31102,1.70926,10,50939,39.0697,3.68195
1776812906340398594,1.60915,-1.12695,0.190662,2.55499,1.85665,1.67473,10,50971,39.0943,3.8307
1776812906345395817,1.59206,-1.12695,0.198116,2.70375,1.85665,1.67473,10,50991,39.1096,3.8399
1776812906350392781,1.59206,-1.09766,0.213455,2.74225,1.5094,1.59509,10,51025,39.1357,4.29277
1776812906355413836,1.58641,-1.09766,0.233879,3.19512,1.5094,1.59509,10,51046,39.1518,4.14372
1776812906360402041,1.58641,-1.13477,0.249985,3.00896,1.42202,1.54193,10,51082,39.1786,4.14034
1776812906365406153,1.58641,-1.13477,0.277595,3.00558,1.42202,1.54193,10,51103,39.1955,4.44959
1776812906370369304,1.56973,-1.13477,0.277023,3.31482,1.42202,1.54193,10,51135,39.2201,4.75635
1776812906375445855,1.56973,-1.26562,0.301567,3.49073,1.46037,1.3725,10,51173,39.2492,4.75445
1776812906380414840,1.55137,-1.26562,0.312351,3.48883,1.46037,1.3725,10,51194,39.2653,4.44705
1776812906385411340,1.55137,-1.27148,-0.299862,3.17556,1.41185,1.26413,10,51229,39.2922,4.45048
1776812906390395268,1.53852,-1.27148,-0.285862,3.179,1.41185,1.26413,10,51238,39.2991,3.98785
1776812906395404083,1.53852,0.0644531,-0.278961,4.0523,1.94906,1.95168,10,51218,39.2837,0.613526
1776812906400398954,1.52984,0.0644531,-0.302982,0.677979,1.94906,1.95168,10,51213,39.2799,-3.21984
1776812906405432138,1.52984,5.08984,-0.306816,1.87,2.72774,4.76599,10,51212,39.2791,-0.613649
1776812906410421806,1.55868,5.08984,-0.27874,4.47619,2.72774,4.76599,10,51212,39.2791,0
1776812906415401882,1.55868,2.51758,-0.27874,2.51758,3.10931,3.46581,10,51225,39.2891,0.153351
1776812906420383662,1.59495,2.51758,-0.232502,2.67093,3.10931,3.46581,10,51235,39.2968,2.45487
1776812906425439196,1.59495,0.650391,-0.224831,3.10526,2.6955,2.6078,10,51250,39.3083,1.5332
1776812906430417310,1.61026,0.650391,-0.198013,2.18359,2.6955,2.6078,10,51264,39.319,2.30103
1776812906435402089,1.61026,0.771484,-0.187275,3.07251,2.01909,2.76307,10,51283,39.3336,2.60825
1776812906440406534,1.61026,0.771484,-0.172703,3.37973,2.01909,2.76307,10,51291,39.3397,2.14767
1776812906445395054,1.62078,0.771484,-0.156048,2.91916,1.85928,2.82206,10,51307,39.352,2.14725
1776812906450411535,1.62078,0.529297,-0.143776,2.67654,2.06005,2.68401,10,51321,39.3627,2.30103
1776812906455392352,1.62969,0.529297,-0.12413,2.83032,2.06005,2.68401,10,51330,39.3696,1.38043
1776812906460404481,1.62969,0.896484,-0.117226,2.27692,2.30602,2.94306,10,51347,39.3827,1.99432
1776812906465396649,1.63322,0.896484,-0.100658,2.89081,2.30602,2.94306,10,51359,39.3919,2.14682
1776812906470378003,1.63322,0.537109,-0.0914497,2.68393,2.94264,2.7579,10,51381,39.4087,2.45487
1776812906475393929,1.64563,0.537109,-0.0621757,2.99198,2.94264,2.7579,10,51394,39.4187,2.76108
1776812906480398225,1.64563,0.257812,-0.0522041,3.01889,3.65539,2.66761,10,51417,39.4363,2.76108
1776812906485393930,1.64752,0.257812,-0.0326728,3.01889,3.65539,2.66761,10,51431,39.4471,2.91501
1776812906490397338,1.64752,-0.572266,-0.0219344,2.34275,3.05617,2.20496,10,51456,39.4663,2.91519
1776812906495408301,1.64528,-0.572266,-0.00500099,2.34293,3.05617,2.20496,10,51471,39.4778,3.06717
1776812906500401302,1.64528,-0.621094,0.00650415,2.44607,2.43139,2.1647,10,51499,39.4992,3.22113
1776812906505390933,1.64225,-0.621094,0.024952,2.60004,2.43139,2.1647,10,51515,39.5115,3.37524
1776812906510391989,1.64225,-0.564453,0.0372239,2.81079,1.7597,2.1802,10,51544,39.5338,3.52501
1776812906515403156,1.64225,-0.564453,0.0594674,2.96056,1.7597,2.1802,10,51559,39.5453,3.37381
1776812906520371918,1.63341,-0.564453,0.0621301,2.80935,1.7597,2.1802,10,51582,39.5629,3.22576
1776812906525391473,1.63341,-0.699219,0.0797692,2.52655,1.75911,2.05422,10,51614,39.5874,3.68045
1776812906530397677,1.62407,-0.699219,0.0949708,2.98123,1.75911,2.05422,10,51633,39.602,3.98865
1776812906535390493,1.62407,-0.849609,0.109547,3.13904,1.8955,1.91638,10,51667,39.6281,4.14124
1776812906540394290,1.61624,-0.849609,0.127796,3.29163,1.8955,1.91638,10,51686,39.6427,3.98945
1776812906545404475,1.61624,-0.978516,0.142368,3.01093,1.92403,1.7991,10,51719,39.668,3.98865
1776812906550396625,1.60699,-0.978516,0.158428,3.01013,1.92403,1.7991,10,51738,39.6825,3.98709
1776812906555411550,1.60699,-1.02344,0.173,2.96365,1.87085,1.72157,10,51773,39.7094,3.98865
1776812906560403718,1.59706,-1.02344,0.189915,2.96521,1.87085,1.72157,10,51791,39.7232,4.28934
1776812906565402626,1.59706,-1.01562,0.20372,3.27372,1.71035,1.67007,10,51823,39.7477,3.84068
1776812906570373518,1.58666,-1.01562,0.217861,2.82505,1.71035,1.67007,10,51840,39.7608,3.68121
1776812906575395739,1.58666,-1.00586,0.2309,2.67535,1.77524,1.61679,10,51873,39.7861,3.8353
1776812906580393555,1.58191,-1.00586,0.251469,2.82944,1.77524,1.61679,10,51892,39.7999,3.98546
1776812906585430313,1.58191,-1.04102,0.266045,2.94444,1.71575,1.56985,10,51925,39.826,3.99108
1776812906590390946,1.58191,-1.04102,0.291355,2.95006,1.71575,1.56985,10,51943,39.8398,3.98785
1776812906595393613,1.56653,-1.04102,0.289772,2.94683,1.76986,1.48227,10,51971,39.8613,3.83606
1776812906600394076,1.56653,-1.11328,0.311249,2.72278,1.54823,1.44108,10,52004,39.8866,4.14041
1776812906605402595,1.55573,-1.11328,-0.302555,3.02713,1.54823,1.44108,10,52022,39.9004,4.142
1776812906610397004,1.55573,-1.10742,-0.288749,3.03458,1.38256,1.38265,10,52034,39.9096,3.37516
1776812906615397375,1.53877,-1.10742,-0.296505,2.26773,1.38256,1.38265,10,52026,39.9034,0.30664
1776812906620372118,1.53877,-0.146484,-0.302639,0.160156,1.38256,1.38265,10,52015,39.895,-2.14691
1776812906625386581,1.53575,-0.146484,-0.314094,-2.2934,2.33531,1.81548,10,52013,39.8935,-0.921052
1776812906630396747,1.53575,3.83789,0.312691,2.91684,2.94192,4.08657,10,52013,39.8935,0
1776812906635423117,1.58339,3.83789,-0.267997,3.83789,2.94192,4.08657,10,52019,39.8981,0.153351
1776812906640410396,1.58339,2.54492,-0.263393,2.69827,2.22867,3.62221,10,52031,39.9073,1.53396
1776812906645389768,1.59875,2.54492,-0.238834,4.07889,2.22867,3.62221,10,52043,39.9165,1.38016
1776812906650400306,1.59875,1.43164,-0.229629,2.8118,2.09458,3.07453,10,52062,39.9311,2.14767
1776812906655413009,1.62206,1.43164,-0.191742,3.57932,2.09458,3.07453,10,52073,39.9395,2.14767
1776812906660408862,1.62206,0.773438,-0.183303,2.92111,2.21251,2.8303,10,52086,39.9495,1.68796
1776812906665395438,1.62206,0.773438,-0.173332,2.4614,2.21251,2.8303,10,52097,39.9579,2.45438
1776812906670395587,1.63341,0.773438,-0.153549,3.22781,2.21251,2.8303,10,52109,39.9671,2.14767
1776812906675390551,1.63341,0.787109,-0.144344,2.93478,2.26423,2.90143,10,52126,39.9801,1.84021
1776812906680443993,1.64183,0.787109,-0.122886,2.62732,2.26423,2.90143,10,52138,39.9886,2.14725
1776812906685407755,1.64183,0.748047,-0.113681,2.89529,3.00862,2.92598,10,52159,40.0055,2.45487
1776812906690403941,1.65581,0.748047,-0.0835911,3.20291,3.00862,2.92598,10,52173,40.0154,2.60721
1776812906695409293,1.65581,0.558594,-0.0728489,3.1658,3.8691,2.89542,10,52197,40.0346,3.06486
1776812906700396461,1.65906,0.558594,-0.051189,3.62346,3.8691,2.89542,10,52212,40.0461,2.91793
1776812906705473754,1.65906,-0.371094,-0.0396877,2.54684,3.46019,2.38343,10,52239,40.0668,3.06717
1776812906710482198,1.66043,-0.371094,-0.0176083,2.69607,3.46019,2.38343,10,52255,40.0791,3.37516
1776812906715415518,1.66043,-0.566406,-0.00533639,2.80875,2.63407,2.27966,10,52283,40.1006,3.22189
1776812906720427481,1.65833,-0.566406,0.0140384,2.65549,2.63407,2.27966,10,52299,40.1128,3.52783
1776812906725476960,1.65833,-0.673828,0.0263103,2.854,2.05199,2.20683,10,52325,40.1328,3.22113
1776812906730406539,1.64866,-0.673828,0.0365795,2.5473,2.05199,2.20683,10,52340,40.1443,3.22254
1776812906735417113,1.64866,-0.677734,0.0480846,2.5448,1.90094,2.15118,10,52369,40.1665,3.22113
1776812906740403244,1.64866,-0.677734,0.0703281,2.5434,1.90094,2.15118,10,52386,40.1796,3.52783
1776812906745409634,1.64543,-0.677734,0.0801357,2.8501,1.67702,2.13327,10,52412,40.1995,3.68195
1776812906750410227,1.64543,-0.779297,0.100079,2.90265,1.86615,2.07538,10,52441,40.2217,3.67971
1776812906755412061,1.63451,-0.779297,0.111405,2.90041,1.86615,2.07538,10,52459,40.2355,3.83606
1776812906760427376,1.63451,-1.02734,0.12521,2.80872,2.24963,1.87334,10,52490,40.2593,3.68192
1776812906765418581,1.62089,-1.02734,0.135365,2.65458,2.24963,1.87334,10,52509,40.2739,3.83453
1776812906770390268,1.62089,-1.11328,0.149937,2.72125,2.37366,1.74835,10,52543,40.3,3.98785
1776812906775414008,1.6157,-1.11328,0.170819,2.87457,2.37366,1.74835,10,52562,40.3145,4.14206
1776812906780398139,1.6157,-1.22461,0.185391,2.91745,2.32943,1.6558,10,52594,40.3391,3.8353
1776812906785405436,1.59781,-1.22461,0.192047,2.61069,2.32943,1.6558,10,52614,40.3544,3.98788
1776812906790412603,1.59781,-1.1875,0.207386,2.80038,1.6569,1.57634,10,52650,40.382,4.29535
1776812906795415196,1.59177,-1.1875,0.228962,3.10785,1.6569,1.57634,10,52671,40.3982,4.29449
1776812906800432974,1.59177,-1.11914,0.245068,3.17535,1.2696,1.58119,10,52706,40.425,4.44959
1776812906805415531,1.57465,-1.11914,0.254788,3.33045,1.2696,1.58119,10,52726,40.4403,4.14124
1776812906810399718,1.57465,-1.12305,0.270127,3.01819,1.1412,1.48179,10,52763,40.4687,4.29621
1776812906815409329,1.57465,-1.12305,0.298508,3.17316,1.1412,1.48179,10,52783,40.4841,4.4487
1776812906820378628,1.56886,-1.12305,0.30806,3.32565,1.1412,1.48179,10,52811,40.5055,4.29449
1776812906825418404,1.56886,-1.16406,-0.298782,3.13043,1.28297,1.42545,10,52845,40.5316,4.44261
1776812906830396943,1.54605,-1.16406,-0.295513,3.27854,1.28297,1.42545,10,52860,40.5431,3.83914
1776812906835394148,1.54605,-0.884766,-0.284007,2.95437,1.81664,1.45399,10,52855,40.5393,1.84134
1776812906840389686,1.5352,-0.884766,-0.298698,0.956576,1.81664,1.45399,10,52846,40.5324,-1.3812
1776812906845401871,1.5352,3.71289,-0.305599,2.33169,2.64651,4.01212,10,52843,40.5301,-1.5332
1776812906850398816,1.54733,3.71289,-0.295772,2.17969,2.64651,4.01212,10,52843,40.5301,0
1776812906855398798,1.54733,2.94727,-0.295772,2.94727,2.72754,3.64559,10,52846,40.5324,-0.154145
1776812906860400929,1.58882,2.94727,-0.251979,2.79312,2.72754,3.64559,10,52857,40.5408,0.920684
1776812906865433076,1.58882,1.16602,-0.243545,2.0867,2.70815,2.86701,10,52870,40.5508,1.99432
1776812906870387709,1.60958,1.16602,-0.212814,3.16034,2.70815,2.86701,10,52878,40.5569,1.53382
1776812906875390376,1.60958,1.45312,-0.206676,2.98694,2.30594,3.14775,10,52896,40.5707,1.99393
1776812906880398413,1.61995,1.45312,-0.182502,3.44705,2.30594,3.14775,10,52908,40.5799,2.30103
1776812906885394636,1.61995,0.697266,-0.173297,2.99829,1.9778,2.77507,10,52925,40.593,2.30149
1776812906890404618,1.61995,0.697266,-0.160259,2.99875,1.9778,2.77507,10,52935,40.6006,2.14767
1776812906895400230,1.62909,0.697266,-0.143447,2.84494,2.52638,2.82614,10,52946,40.6091,1.8406
1776812906900402601,1.62909,1.08008,-0.135009,2.92068,2.89499,3.04434,10,52962,40.6213,1.6872
1776812906905397621,1.6409,1.08008,-0.110927,2.76727,2.89499,3.04434,10,52972,40.629,2.14682
1776812906910409565,1.6409,1.0293,-0.103256,3.17611,2.98059,3.08113,10,52993,40.6451,2.30195
1776812906915444675,1.64597,1.0293,-0.0820802,3.33124,2.98059,3.08113,10,53006,40.6551,2.45339
1776812906920401586,1.64597,0.0410156,-0.0721086,2.49441,3.60537,2.54595,10,53030,40.6735,2.76218
1776812906925391531,1.65374,0.0410156,-0.0459283,2.8032,3.60537,2.54595,10,53045,40.685,3.06717
1776812906930454825,1.65374,-0.205078,-0.0344232,2.86209,3.37461,2.44869,10,53072,40.7057,3.22254
1776812906935408365,1.65336,-0.205078,-0.0140985,3.01746,3.37461,2.44869,10,53087,40.7172,3.21598
1776812906940397644,1.65336,-0.667969,-0.00259338,2.54802,2.30055,2.18271,10,53113,40.7372,3.07208
1776812906945398552,1.64824,-0.667969,0.0122267,2.40411,2.30055,2.18271,10,53130,40.7502,3.37524
1776812906950408201,1.64824,-0.646484,0.0252653,2.72876,1.84583,2.16665,10,53161,40.774,3.52783
1776812906955397109,1.63844,-0.646484,0.0392424,2.88135,1.84583,2.16665,10,53179,40.7878,3.68192
1776812906960417924,1.63844,-0.644531,0.0530478,3.03739,1.84583,2.16665,10,53204,40.807,3.83376
1776812906965405018,1.63637,-0.644531,0.0908667,3.33934,1.70406,2.11339,10,53243,40.8369,3.83991
1776812906970391056,1.63637,-0.644531,0.0908667,3.33934,1.70406,2.11339,10,53243,40.8369,3.83991
1776812906975398538,1.62441,-0.824219,0.118786,3.16523,1.96692,1.99947,10,53295,40.8768,4.14041
1776812906980396002,1.62441,-0.824219,0.118786,3.16523,1.96692,1.99947,10,53295,40.8768,4.14041
1776812906985394392,1.61179,-1.06641,0.14528,2.92224,1.99148,1.79474,10,53346,40.9151,3.68195
1776812906990394929,1.61179,-1.11133,0.154484,2.57062,2.0183,1.69843,10,53364,40.9297,3.68195
1776812906995404522,1.60441,-1.11133,0.160912,2.57062,2.0183,1.69843,10,53382,40.9435,3.68118
1776812907000393283,1.60441,-1.12891,0.174718,2.55228,1.97406,1.64692,10,53415,40.9688,3.98865
1776812907005398636,1.6009,-1.12891,0.196522,2.85974,1.97406,1.64692,10,53434,40.9834,3.98868
1776812907010396822,1.6009,-1.13086,0.211095,2.85782,1.88652,1.62608,10,53467,41.0087,3.98785
1776812907015417619,1.5817,-1.13086,0.217206,2.85699,1.88652,1.62608,10,53485,41.0225,3.8353
1776812907020375308,1.5817,-1.125,0.231011,2.7103,1.47428,1.5208,10,53517,41.047,3.83453
1776812907025392975,1.57808,-1.125,0.251931,2.70953,1.47428,1.5208,10,53537,41.0624,3.98945
1776812907030391439,1.57808,-1.16406,0.267274,2.82538,1.35363,1.47794,10,53572,41.0892,4.29201
1776812907035408643,1.57808,-1.16406,0.294118,3.12795,1.35363,1.47794,10,53592,41.1045,4.14448
1776812907040398478,1.55876,-1.16406,0.290135,2.98042,1.35363,1.47794,10,53619,41.1253,4.14034
1776812907045403627,1.55876,-1.17188,0.310845,2.96847,1.25368,1.36326,10,53657,41.1544,4.29544
1776812907050395314,1.54106,-1.17188,-0.306029,3.12357,1.25368,1.36326,10,53677,41.1697,4.60297
1776812907055396316,1.54106,-1.16797,-0.290691,3.435,1.5328,1.26383,10,53695,41.1835,3.98865
1776812907060398428,1.5375,-1.16797,-0.280444,2.82068,1.5328,1.26383,10,53682,41.1736,0.920105
1776812907065419150,1.5375,1.75977,-0.290412,2.67987,2.37066,2.91212,10,53668,41.1628,-2.91443
1776812907070376821,1.52759,1.75977,-0.311061,-1.15466,2.37066,2.91212,10,53667,41.1621,-1.07324
1776812907075389414,1.52759,4.53711,-0.311828,3.46387,2.85426,4.4379,10,53668,41.1628,0
1776812907080399674,1.53679,4.53711,-0.301856,4.53711,2.85426,4.4379,10,53673,41.1667,0
1776812907085389416,1.53679,2.15234,-0.298022,2.15234,3.16627,3.13181,10,53689,41.1789,1.84095
1776812907090391270,1.59798,2.15234,-0.224563,3.99329,3.16627,3.13181,10,53697,41.1851,1.68728
1776812907095394974,1.59798,0.816406,-0.218429,2.50369,2.26692,2.71952,10,53719,41.202,2.14767
1776812907100396735,1.60238,0.816406,-0.19715,2.96408,2.26692,2.71952,10,53731,41.2112,2.60721
1776812907105417290,1.60238,0.492188,-0.187945,3.09939,2.25983,2.55955,10,53750,41.2257,2.30149
1776812907110400015,1.60238,0.492188,-0.173373,2.79367,2.25983,2.55955,10,53763,41.2357,2.45438
1776812907115407238,1.6194,0.492188,-0.146388,2.94656,2.01187,2.6551,10,53779,41.248,2.60773
1776812907120371075,1.6194,0.583984,-0.134116,3.19171,2.30303,2.70743,10,53794,41.2595,1.99432
1776812907125391297,1.62592,0.583984,-0.116096,2.57831,2.30303,2.70743,10,53805,41.2679,2.1481
1776812907130394039,1.62592,0.751953,-0.107658,2.90006,2.54376,2.83961,10,53825,41.2833,2.30103
1776812907135408354,1.63695,0.751953,-0.0812903,3.05298,2.54376,2.83961,10,53837,41.2925,2.45389
1776812907140462241,1.63695,0.535156,-0.0720855,2.98904,2.54376,2.83961,10,53855,41.3063,2.75832
1776812907145423319,1.63864,0.535156,-0.0565826,3.29348,3.08811,2.78694,10,53873,41.3201,2.61086
1776812907150400155,1.63864,-0.0839844,-0.0427772,2.52688,3.06915,2.43403,10,53897,41.3385,2.76108
1776812907155401342,1.6441,-0.0839844,-0.0189124,2.67709,3.06915,2.43403,10,53912,41.35,3.06594
1776812907160485356,1.6441,-0.457031,-0.00740729,2.60891,2.51795,2.25168,10,53938,41.3699,3.06901
1776812907165458989,1.64336,-0.457031,0.0117921,2.61198,2.51795,2.25168,10,53954,41.3822,3.22254
1776812907170395438,1.64336,-0.578125,0.024064,2.64441,2.17391,2.17854,10,53980,41.4021,3.22113
1776812907175388051,1.63677,-0.578125,0.0374192,2.64301,2.17391,2.17854,10,53995,41.4136,3.21727
1776812907180409144,1.63677,-0.517578,0.0489244,2.69969,1.78735,2.17646,10,54022,41.4344,3.07147
1776812907185441180,1.63677,-0.517578,0.0696343,2.55389,1.78735,2.17646,10,54038,41.4466,3.37457
1776812907190416887,1.62834,-0.517578,0.0734719,2.85699,1.78735,2.17646,10,54062,41.465,3.52854
1776812907195470144,1.62834,-0.636719,0.0918778,2.89182,1.70827,2.06157,10,54098,41.4926,3.67677
1776812907200418964,1.62238,-0.636719,0.113538,3.04005,2.40793,2.02833,10,54119,41.5088,3.67677
1776812907205419983,1.62238,-1.01562,0.129647,2.66115,2.40793,2.02833,10,54146,41.5295,3.68563
1776812907210402375,1.60792,-1.01562,0.135888,2.67001,2.0344,1.73125,10,54170,41.5479,3.98788
1776812907215461798,1.60792,-1.07812,0.154298,2.90976,2.0344,1.73125,10,54197,41.5686,4.14283
1776812907220443245,1.60038,-1.07812,0.167466,3.0647,2.0344,1.73125,10,54219,41.5855,4.4487
1776812907225429858,1.60038,-1.15625,0.184342,3.29245,2.10681,1.60865,10,54253,41.6115,4.29621
1776812907230433767,1.58867,-1.15625,0.198708,3.13996,2.10681,1.60865,10,54273,41.6269,3.98709
1776812907235427269,1.58867,-1.13086,0.214047,2.85623,1.56225,1.55696,10,54308,41.6537,4.29535
1776812907240411197,1.58867,-1.13086,0.240891,3.16449,1.56225,1.55696,10,54329,41.6698,4.142
1776812907245411809,1.58574,-1.13086,0.254067,3.01114,1.44401,1.54034,10,54358,41.6921,4.29373
1776812907250419754,1.58574,-1.13086,0.254067,3.01114,1.44401,1.54034,10,54358,41.6921,4.29373
1776812907255407942,1.55825,-1.15234,0.290238,2.98883,1.5182,1.5281,10,54425,41.7435,4.28858
1776812907260401332,1.55825,-1.19922,0.30021,3.08936,1.47311,1.34475,10,54451,41.7634,4.14781
1776812907265407815,1.54625,-1.19922,0.308152,2.94859,1.47311,1.34475,10,54473,41.7803,4.14781
1776812907270377503,1.54625,-1.20117,-0.30329,2.94663,1.5655,1.27478,10,54499,41.8002,3.06962
1776812907275398170,1.53451,-1.20117,-0.295092,1.86845,1.5655,1.27478,10,54504,41.804,3.06962
1776812907280396338,1.53451,-0.753906,-0.291259,2.31572,1.94928,1.46205,10,54494,41.7964,0.766908
1776812907285402339,1.52973,-0.753906,-0.303702,0.0130013,1.94928,1.46205,10,54488,41.7918,-1.84095
1776812907290401488,1.52973,3.90234,-0.308307,2.0614,2.64826,4.0885,10,54486,41.7902,-0.76721
1776812907295424414,1.54416,3.90234,-0.295409,3.13513,2.64826,4.0885,10,54486,41.7902,-0.153382
1776812907300412101,1.54416,2.85352,-0.295409,2.70013,2.67725,3.57395,10,54493,41.7956,0
1776812907305416214,1.54416,2.85352,-0.290038,2.85352,2.67725,3.57395,10,54501,41.8017,1.53489
1776812907310403401,1.58428,2.85352,-0.243789,4.3884,2.67725,3.57395,10,54512,41.8102,1.68728
1776812907315414031,1.58428,2.85352,-0.243789,4.3884,2.67725,3.57395,10,54512,41.8102,1.68728
1776812907320431476,1.58428,0.90625,-0.23535,2.59353,2.72947,2.69323,10,54540,41.8317,2.30103
1776812907325391924,1.61312,0.763672,-0.174292,2.90877,1.94922,2.85594,10,54562,41.8485,2.30333
1776812907330391685,1.62483,0.763672,-0.156447,3.067,2.6148,2.84023,10,54575,41.8585,2.1481
1776812907335392797,1.62483,0.675781,-0.146476,2.82389,2.6148,2.84023,10,54584,41.8654,2.1481
1776812907340394020,1.6282,0.675781,-0.136203,2.82389,3.20121,2.80896,10,54600,41.8777,1.84024
1776812907345398688,1.6282,0.816406,-0.123931,2.65664,3.20121,2.80896,10,54615,41.8892,1.99436
1776812907350395079,1.64015,0.816406,-0.100478,2.81076,3.48468,2.95563,10,54632,41.9022,2.45389
1776812907355402302,1.64015,0.439453,-0.0874394,2.89334,3.48468,2.95563,10,54646,41.913,2.45389
1776812907360418580,1.64317,0.439453,-0.0736874,2.89334,3.48468,2.95563,10,54661,41.9245,2.76163
1776812907365447728,1.64317,-0.0800781,-0.0621823,2.68155,2.93625,2.46136,10,54691,41.9475,3.22049
1776812907370394732,1.64546,-0.0800781,-0.0368832,3.14041,2.93625,2.46136,10,54703,41.9567,3.22049
1776812907375413751,1.64546,-0.541016,-0.0276784,2.67947,2.36617,2.21133,10,54736,41.982,3.52642
1776812907380409808,1.64546,-0.541016,-0.00236784,2.98541,2.36617,2.21133,10,54748,41.9912,3.37795
1776812907385400236,1.643,-0.541016,0.00438421,2.83693,1.80166,2.19772,10,54776,42.0127,3.52572
1776812907390405625,1.643,-0.59375,0.0258571,2.93197,2.14941,2.16766,10,54804,42.0341,3.37795
1776812907395400701,1.63246,-0.59375,0.0367939,2.7842,2.14941,2.16766,10,54817,42.0441,3.52783
1776812907400407202,1.63246,-0.630859,0.0467655,2.89697,1.80195,2.08791,10,54852,42.071,3.68118
1776812907405400630,1.62779,-0.630859,0.0689365,3.05032,1.80195,2.08791,10,54865,42.0809,3.68195
1776812907410425370,1.62779,-0.730469,0.0789081,2.95148,1.82247,2.00509,10,54899,42.107,3.67971
1776812907415416002,1.62109,-0.730469,0.0982868,2.94924,1.82247,2.00509,10,54912,42.117,3.5293
1776812907420390634,1.62109,-0.898438,0.108258,2.63086,1.88267,1.87191,10,54948,42.1446,3.68192
1776812907425387858,1.61291,-0.898438,0.127687,2.78348,1.88267,1.87191,10,54963,42.1561,3.8353
1776812907430392711,1.61291,-1.01562,0.139192,2.81967,1.84202,1.75928,10,54999,42.1837,3.98785
1776812907435394971,1.60331,-1.01562,0.157201,2.97223,1.84202,1.75928,10,55012,42.1937,3.83453
1776812907440438563,1.60331,-1.05664,0.167173,2.77789,1.71291,1.68192,10,55046,42.2198,3.68268
1776812907445432231,1.59303,-1.05664,0.182969,2.62604,1.71291,1.68192,10,55060,42.2305,3.5236
1776812907450460434,1.59303,-1.02148,0.193708,2.50212,1.70527,1.64394,10,55096,42.2581,3.8399
1776812907455410624,1.59303,-1.02148,0.221318,2.81842,1.70527,1.64394,10,55111,42.2696,3.83147
1776812907460406199,1.58244,-1.02148,0.222242,2.80998,1.70527,1.64394,10,55136,42.2888,3.99104
1776812907465401868,1.58244,-0.998047,0.241418,2.993,1.43896,1.59736,10,55173,42.3172,3.98865
1776812907470363242,1.56326,-0.998047,0.250615,2.9906,1.43896,1.59736,10,55188,42.3287,3.98865
1776812907475385168,1.56326,-1.03711,0.26212,2.95154,1.27699,1.46585,10,55230,42.3609,4.29621
1776812907480391150,1.55769,-1.03711,0.288758,3.2591,1.27699,1.46585,10,55247,42.3739,4.60221
1776812907485396670,1.55769,-1.10938,0.301797,3.49283,1.41667,1.39277,10,55288,42.4054,4.4487
1776812907490405189,1.54213,-1.10938,-0.310629,3.33933,1.41667,1.39277,10,55304,42.4176,4.42569
1776812907495431985,1.54213,-1.12305,-0.298358,3.30264,1.82641,1.29562,10,55335,42.4414,4.16198
1776812907500399340,1.53592,-1.12305,-0.280798,3.03893,1.82641,1.29562,10,55336,42.4422,2.91443
1776812907505399323,1.53592,2.1875,-0.280032,5.10193,2.96007,3.14679,10,55314,42.4253,-2.45389
1776812907510397528,1.53115,2.1875,-0.301676,-0.266385,2.96007,3.14679,10,55312,42.4238,-2.45389
1776812907515405695,1.53115,4.96875,-0.303214,2.51486,3.71342,4.70453,10,55311,42.423,-0.15329
1776812907520380791,1.55072,4.96875,-0.284403,4.81546,3.71342,4.70453,10,55311,42.423,-0.15329
1776812907525387458,1.55072,1.92578,-0.284403,1.77249,2.6096,3.08284,10,55329,42.4368,0.461
1776812907530406533,1.55072,1.92578,-0.270594,2.38678,2.6096,3.08284,10,55336,42.4422,2.45192
1776812907535418089,1.60039,1.92578,-0.215556,4.37771,2.07529,3.36547,10,55355,42.4568,1.84168
1776812907540402036,1.60039,0.878906,-0.200984,2.72059,2.16705,2.76875,10,55376,42.4729,2.60773
1776812907545408740,1.61625,0.878906,-0.16902,3.48663,2.16705,2.76875,10,55385,42.4798,2.60616
1776812907550394909,1.61625,0.261719,-0.162116,2.86788,2.16798,2.50611,10,55408,42.4974,2.45389
1776812907555397336,1.6194,0.261719,-0.141329,2.7156,2.16798,2.50611,10,55416,42.5035,2.45389
1776812907560410096,1.6194,0.642578,-0.135191,3.09646,2.56325,2.74081,10,55433,42.5166,1.68695
1776812907565403635,1.62665,0.642578,-0.114901,2.32953,2.56325,2.74081,10,55441,42.5227,1.68695
1776812907570450059,1.62665,0.996094,-0.108767,2.68304,3.35425,2.98287,10,55464,42.5404,2.45438
1776812907575422284,1.63133,0.996094,-0.0864473,3.45047,3.35425,2.98287,10,55473,42.5473,2.29873
1776812907580414823,1.63133,0.210938,-0.0795465,2.50966,3.61363,2.5614,10,55501,42.5687,2.76053
1776812907585495634,1.63848,0.210938,-0.0509172,2.97146,3.61363,2.5614,10,55511,42.5764,2.91501
1776812907590414437,1.63848,-0.0957031,-0.0432458,2.81931,2.65189,2.42643,10,55540,42.5986,2.91851
1776812907595399976,1.63886,-0.0957031,-0.0206247,2.82281,2.65189,2.42643,10,55551,42.6071,3.06486
1776812907600408681,1.63886,-0.671875,-0.0121904,2.39299,2.01607,2.10011,10,55581,42.6301,3.22113
1776812907605425736,1.63886,-0.671875,0.0108199,2.54926,2.01607,2.10011,10,55593,42.6393,3.22113
1776812907610429034,1.6323,-0.671875,0.0134711,2.54926,2.01607,2.10011,10,55615,42.6562,3.37583
1776812907615407018,1.6323,-0.671875,0.0134711,2.54926,2.01607,2.10011,10,55615,42.6562,3.37583
1776812907620387428,1.62556,-0.623047,0.0565771,2.5968,1.73167,2.05384,10,55666,42.6953,3.21984
1776812907625410872,1.62556,-0.574219,0.0627112,2.64562,1.73167,2.05384,10,55686,42.7106,3.5293
1776812907630426836,1.61942,-0.574219,0.0719237,2.95508,1.73167,2.05384,10,55706,42.726,3.52854
1776812907635416263,1.61942,-0.728516,0.0872626,2.80002,1.99859,1.95944,10,55739,42.7513,3.83453
1776812907640411024,1.61275,-0.728516,0.105901,3.10601,1.99859,1.95944,10,55758,42.7659,4.14041
1776812907645401822,1.61275,-0.921875,0.120473,3.21853,1.92477,1.81183,10,55791,42.7912,3.99024
1776812907650404416,1.60481,-0.921875,0.137838,3.06837,1.92477,1.81183,10,55810,42.8057,3.98788
1776812907655399159,1.60481,-1.00586,0.15241,2.98203,1.96663,1.7193,10,55844,42.8318,3.98705
1776812907660418807,1.59543,-1.00586,0.169111,2.98119,1.96663,1.7193,10,55863,42.8464,3.98945
1776812907665400902,1.59543,-1.05664,0.183687,2.9328,1.93888,1.63749,10,55896,42.8717,4.14124
1776812907670371720,1.58412,-1.05664,0.197687,3.08459,1.93888,1.63749,10,55914,42.8847,3.83606
1776812907675387498,1.58412,-1.03906,0.211492,2.797,1.66047,1.58348,10,55945,42.9093,3.68045
1776812907680395239,1.58412,-1.03906,0.235269,2.64138,1.66047,1.58348,10,55963,42.9231,3.98785
1776812907685401426,1.57468,-1.03906,0.239633,2.94879,1.78231,1.52985,10,55991,42.9446,3.83606
1776812907690436795,1.57468,-1.03906,0.239633,2.94879,1.78231,1.52985,10,55991,42.9446,3.83606
1776812907695413242,1.55898,-0.996094,0.286058,3.1459,1.36654,1.55434,10,56056,42.9944,3.98868
1776812907700395541,1.55898,-1.06641,0.295263,2.92228,1.33406,1.42462,10,56082,43.0144,4.142
1776812907705405820,1.54412,-1.06641,0.300344,3.07559,1.33406,1.42462,10,56103,43.0305,4.142
1776812907710400303,1.54412,-1.08789,-0.311869,3.05411,1.45495,1.32709,10,56131,43.0519,4.29621
1776812907715396212,1.53824,-1.08789,-0.296271,3.20832,1.45495,1.32709,10,56144,43.0619,3.9839
1776812907720374566,1.53824,-1.02734,-0.286299,2.95656,1.59574,1.32773,10,56137,43.0565,1.84245
1776812907725395399,1.52796,-1.02734,-0.301947,0.815103,1.59574,1.32773,10,56128,43.0496,-1.84097
1776812907730487099,1.52796,2.85547,-0.308852,1.0145,2.71607,3.48152,10,56123,43.0458,-1.6872
1776812907735468102,1.53204,2.85547,-0.308607,1.16827,2.71607,3.48152,10,56121,43.0443,-0.15332
1776812907740415069,1.53204,3.90039,-0.310141,3.74707,3.05075,4.10072,10,56125,43.0473,-0.306763
1776812907745405923,1.5761,3.90039,-0.263014,3.59363,3.05075,4.10072,10,56134,43.0542,0.920105
1776812907750401443,1.5761,1.88281,-0.256113,2.80292,2.59006,3.20338,10,56147,43.0642,1.84097
1776812907755425535,1.58427,1.88281,-0.229525,3.41632,2.59006,3.20338,10,56164,43.0772,2.14682
1776812907760410075,1.58427,1.88281,-0.229525,3.41632,2.59006,3.20338,10,56164,43.0772,2.14682
1776812907765406058,1.58427,1.7168,-0.224924,3.86361,2.27442,3.15521,10,56188,43.0957,1.99472
1776812907770382542,1.59744,1.7168,-0.193354,3.71152,2.27442,3.15521,10,56201,43.1056,2.45438
1776812907775416041,1.59744,0.785156,-0.183382,3.23953,2.1847,2.69864,10,56219,43.1194,2.30149
1776812907780395803,1.61866,0.785156,-0.148352,3.08664,2.1847,2.69864,10,56229,43.1271,2.14682
1776812907785394156,1.61866,0.953125,-0.140684,3.09994,2.47552,2.91371,10,56249,43.1424,2.30103
1776812907790395491,1.6231,0.953125,-0.120901,3.25415,2.47552,2.91371,10,56261,43.1516,2.30103
1776812907795415065,1.6231,0.480469,-0.111697,2.78149,2.95657,2.66915,10,56283,43.1685,2.60877
1776812907800397049,1.6347,0.480469,-0.0832236,3.08924,2.95657,2.66915,10,56296,43.1785,2.75997
1776812907805404698,1.6347,0.197266,-0.0732558,2.95724,3.45926,2.57242,10,56319,43.1961,2.76108
1776812907810390385,1.63638,0.197266,-0.0539344,2.95834,3.45926,2.57242,10,56334,43.2076,2.91501
1776812907815422977,1.63638,-0.402344,-0.0424292,2.51267,3.05942,2.23999,10,56361,43.2283,3.06717
1776812907820394739,1.6347,-0.402344,-0.0234015,2.66482,3.05942,2.23999,10,56376,43.2398,3.22318
1776812907825398037,1.6347,-0.523438,-0.0118964,2.69975,2.32011,2.16162,10,56404,43.2613,3.37448
1776812907830408408,1.63769,-0.523438,0.0240762,2.85037,1.87572,2.17826,10,56430,43.2813,3.06854
1776812907835393669,1.63769,-0.523438,0.0240762,2.85037,1.87572,2.17826,10,56430,43.2813,3.06854
1776812907840397633,1.63769,-0.53125,0.0325143,2.53729,1.87572,2.17826,10,56460,43.3043,3.22177
1776812907845398375,1.62964,-0.53125,0.0474717,2.69052,1.7785,2.12896,10,56484,43.3227,3.21984
1776812907850407635,1.62964,-0.556641,0.0658776,2.6632,1.95417,2.11449,10,56512,43.3442,3.52859
1776812907855393508,1.62163,-0.556641,0.0793435,2.97195,1.95417,2.11449,10,56529,43.3572,3.52783
1776812907860400750,1.62163,-0.697266,0.0923822,2.83057,2.15151,1.9896,10,56559,43.3802,3.52854
1776812907865399325,1.61848,-0.697266,0.112241,2.83127,2.15151,1.9896,10,56576,43.3932,3.68195
1776812907870382605,1.61848,-0.992188,0.12528,2.68976,2.37258,1.80385,10,56609,43.4186,3.8353
1776812907875405272,1.60607,-0.992188,0.138181,2.84311,2.37258,1.80385,10,56629,43.4339,3.98865
1776812907880402866,1.60607,-1.04883,0.15352,2.93982,2.16175,1.70192,10,56663,43.46,4.2902
1776812907885395090,1.60092,-1.04883,0.174452,3.24137,2.16175,1.70192,10,56682,43.4745,3.99268
1776812907890401313,1.60092,-1.10938,0.189024,2.8833,1.72409,1.63841,10,56716,43.5006,3.98785
1776812907895393426,1.58463,-1.10938,0.198808,2.87848,1.72409,1.63841,10,56737,43.5167,4.14117
1776812907900410445,1.58463,-1.08203,0.214918,3.05914,1.52322,1.56188,10,56773,43.5443,4.2963
1776812907905394447,1.58282,-1.08203,0.256056,3.36489,1.52322,1.56188,10,56806,43.5697,4.29621
1776812907910416669,1.58282,-1.10742,0.266027,3.18879,1.53907,1.53715,10,56835,43.5919,4.29621
1776812907915392764,1.5665,-1.10742,0.271951,3.18879,1.53907,1.53715,10,56857,43.6088,4.29621
1776812907920370934,1.5665,-1.19141,0.288824,3.1048,1.41077,1.39639,10,56887,43.6318,4.44781
1776812907925412266,1.55481,-1.19141,0.30015,3.2564,1.41077,1.39639,10,56908,43.6479,4.44794
1776812907930391972,1.55481,-1.25,-0.312063,3.19794,1.52477,1.29613,10,56934,43.6678,4.14117
1776812907935399677,1.54285,-1.25,-0.304087,2.89117,1.52477,1.29613,10,56937,43.6701,2.60825
1776812907940394104,1.54285,-0.677734,-0.301786,1.93051,1.93916,1.55356,10,56915,43.6533,-1.38092
1776812907945436436,1.53787,-0.677734,0.304678,-2.05865,1.93916,1.55356,10,56914,43.6525,-1.99396
1776812907950405847,1.53787,4.29102,0.303911,2.29706,2.88221,4.35705,10,56914,43.6525,0
1776812907955408941,1.58011,4.29102,-0.282167,4.29102,2.88221,4.35705,10,56916,43.654,0
1776812907960408849,1.58011,2.52148,-0.280634,2.52148,2.29969,3.59022,10,56932,43.6663,1.07346
1776812907965400148,1.59763,2.52148,-0.250841,3.59494,2.29969,3.59022,10,56940,43.6724,1.99472
1776812907970373910,1.59763,1.29883,-0.244707,3.29355,2.52942,2.99252,10,56956,43.6847,1.68796
1776812907975395521,1.61961,1.29883,-0.202009,3.44574,2.52942,2.99252,10,56974,43.6985,2.30103
1776812907980395615,1.61961,0.517578,-0.196642,2.8186,1.93345,2.67078,10,56988,43.7092,2.14424
1776812907985397357,1.63041,0.517578,-0.175104,2.66182,1.93345,2.67078,10,57000,43.7185,2.14424
1776812907990396784,1.63041,0.775391,-0.165899,2.91963,2.14316,2.87806,10,57010,43.7261,2.15112
1776812907995392674,1.6336,0.775391,-0.155043,2.92651,2.14316,2.87806,10,57018,43.7323,1.53366
1776812908000477782,1.6336,0.886719,-0.148909,2.42038,2.16082,2.95927,10,57035,43.7453,1.68686
1776812908005416769,1.64127,0.886719,-0.128195,2.57358,2.16082,2.95927,10,57048,43.7553,2.14767
1776812908010396790,1.64127,0.798828,-0.118223,2.9465,3.03822,2.95184,10,57065,43.7683,2.1481
1776812908015422698,1.65166,0.798828,-0.0948048,2.94693,3.03822,2.95184,10,57077,43.7775,2.45143
1776812908020411238,1.65166,0.363281,-0.0855999,2.81472,3.55442,2.76111,10,57101,43.7959,2.76495
1776812908025455515,1.65773,0.363281,-0.061121,3.12823,3.55442,2.76111,10,57116,43.8074,2.91443
1776812908030417649,1.65773,-0.625,-0.0496159,2.28943,3.26809,2.23132,10,57144,43.8289,3.37524
1776812908035406892,1.65584,-0.625,-0.0300274,2.75024,3.26809,2.23132,10,57160,43.8412,3.37313
1776812908040413967,1.65584,-0.650391,-0.0177556,2.72274,2.59118,2.20643,10,57188,43.8626,3.37524
1776812908045405803,1.65509,-0.650391,0.0152416,2.72409,2.59118,2.20643,10,57214,43.8826,3.22177
1776812908050407546,1.65509,-0.650391,0.0152416,2.72409,2.59118,2.20643,10,57214,43.8826,3.22177
1776812908055399956,1.64864,-0.619141,0.0456066,2.90945,1.79649,2.22009,10,57263,43.9202,3.8353
1776812908060406994,1.64864,-0.648438,0.0540409,3.18686,1.6985,2.16772,10,57287,43.9386,3.8353
1776812908065401181,1.6396,-0.648438,0.0634136,3.18686,1.6985,2.16772,10,57306,43.9532,3.8353
1776812908070384536,1.6396,-0.720703,0.0779857,3.11459,1.98727,2.07642,10,57331,43.9723,3.82764
1776812908075393612,1.63602,-0.720703,0.0935802,3.10694,1.98727,2.07642,10,57349,43.9861,3.68859
1776812908080414835,1.63602,-0.951172,0.107389,2.73741,2.12742,1.92514,10,57382,44.0114,3.9831
1776812908085399911,1.62369,-0.951172,0.120363,3.03193,2.12742,1.92514,10,57402,44.0268,3.99344
1776812908090405487,1.62369,-1.04492,0.135702,2.94852,2.26089,1.80293,10,57436,44.0529,4.142
1776812908095395823,1.61829,-1.04492,0.156382,3.09708,2.26089,1.80293,10,57454,44.0667,3.98788
1776812908100395621,1.61829,-1.14844,0.170187,2.83945,2.10574,1.71372,10,57485,44.0904,3.83147
1776812908105395734,1.60203,-1.14844,0.17771,2.68303,2.10574,1.71372,10,57505,44.1058,3.83837
1776812908110409698,1.60203,-1.11523,0.193048,2.72314,2.093,1.64135,10,57538,44.1311,3.98865
1776812908115396997,1.60203,-1.11523,0.218359,2.87341,2.093,1.64135,10,57557,44.1457,4.142
1776812908120401943,1.59799,-1.11523,0.228884,3.02676,2.093,1.64135,10,57583,44.1656,3.83453
1776812908125418907,1.59799,-1.11523,0.228884,3.02676,2.093,1.64135,10,57583,44.1656,3.83453
1776812908130460740,1.59799,-1.12109,0.248827,2.71344,1.56856,1.61518,10,57640,44.2093,4.29535
1776812908135394116,1.57648,-1.20898,0.29328,3.23895,1.33812,1.49334,10,57676,44.2369,4.44794
1776812908140402210,1.56491,-1.20898,0.287081,3.23895,1.21406,1.37727,10,57709,44.2622,4.29535
1776812908145394620,1.56491,-1.22852,0.312391,3.06683,1.21406,1.37727,10,57729,44.2776,4.29535
1776812908150398825,1.55753,-1.22852,-0.307966,3.06683,1.77599,1.32395,10,57750,44.2937,2.45192
1776812908155393938,1.55753,-0.5,-0.29186,1.95192,1.77599,1.32395,10,57744,44.2891,2.45192
1776812908160410384,1.54128,-0.5,-0.312715,1.95192,2.89293,1.64582,10,57730,44.2784,-1.38064
1776812908165403923,1.54128,2.03906,0.304865,0.658418,2.89293,1.64582,10,57728,44.2768,-1.38064
1776812908170367983,1.54503,2.03906,0.307089,0.658418,2.15014,3.11471,10,57728,44.2768,0
1776812908175389132,1.54503,2.46289,0.307089,2.46289,2.15014,3.11471,10,57732,44.2799,0
1776812908180399170,1.60058,2.46289,-0.262617,2.46289,2.41152,3.67269,10,57747,44.2914,1.84058
1776812908185397172,1.60058,2.01562,-0.251112,3.8562,2.41152,3.67269,10,57757,44.2991,1.84058
1776812908190390582,1.60058,2.01562,-0.24344,3.8562,2.11623,3.41775,10,57778,44.3152,2.60773
1776812908195396842,1.61385,2.01562,-0.214063,4.62335,2.11623,3.41775,10,57787,44.3221,2.60773
1776812908200431157,1.61385,2.01562,-0.214063,4.62335,2.11623,3.41775,10,57787,44.3221,2.60773
1776812908205408660,1.63602,0.517578,-0.159681,2.81768,2.3636,2.63849,10,57823,44.3497,2.45241
1776812908210405644,1.63602,0.71875,-0.157381,3.17116,2.10248,2.87699,10,57835,44.3589,1.8406
1776812908215408960,1.64335,0.71875,-0.140848,2.55935,2.10248,2.87699,10,57841,44.3635,1.8406
1776812908220376223,1.64335,1.10547,-0.136247,2.94607,2.98976,3.13812,10,57862,44.3796,2.14391
1776812908225389039,1.65163,1.10547,-0.111852,3.24938,2.98976,3.13812,10,57871,44.3865,2.14391
1776812908230396856,1.65163,0.595703,-0.104948,2.73961,3.50103,2.89347,10,57897,44.4064,2.76018
1776812908235396543,1.65658,0.595703,-0.0800569,3.35589,3.50103,2.89347,10,57908,44.4149,2.76018
1776812908240392860,1.65658,-0.101562,-0.0716226,2.65862,3.29544,2.52337,10,57936,44.4364,2.91326
1776812908245401546,1.66097,-0.101562,-0.0457628,2.8117,3.29544,2.52337,10,57947,44.4448,2.91326
1776812908250398956,1.66097,-0.394531,-0.0373246,2.51873,2.31838,2.38055,10,57976,44.467,3.06778
1776812908255476398,1.65944,-0.394531,-0.0166108,2.67325,2.31838,2.38055,10,57992,44.4793,3.06778
1776812908260414144,1.65944,-0.710938,-0.00433896,2.35684,2.10978,2.19178,10,58020,44.5008,3.37044
1776812908265428849,1.65944,-0.710938,0.0171378,2.6595,2.10978,2.19178,10,58032,44.51,3.37044
1776812908270404259,1.65525,-0.710938,0.0221503,2.6595,2.10978,2.19178,10,58053,44.5261,3.37854
1776812908275390373,1.65525,-0.642578,0.0382559,2.73596,2.02022,2.20761,10,58085,44.5506,3.37516
1776812908280396967,1.64185,-0.642578,0.0493987,2.73258,2.02022,2.20761,10,58097,44.5598,3.37516
1776812908285399025,1.64185,-0.732422,0.0586035,2.64273,2.35088,2.0822,10,58132,44.5867,3.83147
1776812908290417674,1.63789,-0.732422,0.0814917,3.09905,2.35088,2.0822,10,58147,44.5982,3.83147
1776812908295402917,1.63789,-0.974609,0.0929968,2.85686,2.46232,1.9222,10,58185,44.6273,3.97596
1776812908300396179,1.6261,-0.974609,0.110346,3.00135,1.9799,1.85647,10,58211,44.6473,3.84452
1776812908305417716,1.6261,-1.0293,0.130289,2.81523,1.9799,1.85647,10,58230,44.6618,3.84452
1776812908310409256,1.62013,-1.0293,0.138899,2.81523,1.9077,1.79197,10,58262,44.6864,3.98549
1776812908315397425,1.62013,-1.1875,0.163443,2.79799,1.9077,1.79197,10,58283,44.7025,3.98549
1776812908320375410,1.60293,-1.1875,0.162348,2.79799,1.84506,1.60522,10,58317,44.7286,4.14283
1776812908325389948,1.60293,-1.16992,0.188429,2.97291,1.84506,1.60522,10,58337,44.7439,4.14283
1776812908330398616,1.59706,-1.16992,0.19789,2.97291,1.72274,1.5821,10,58369,44.7685,3.98785
1776812908335396081,1.59706,-1.05859,0.222433,2.92926,1.72274,1.5821,10,58389,44.7838,3.98785
1776812908340401971,1.59706,-1.05859,0.237776,2.92926,1.47485,1.64556,10,58422,44.8091,4.13792
1776812908345404455,1.58336,-1.05859,0.249384,3.07933,1.47485,1.64556,10,58438,44.8214,4.13126
1776812908350405086,1.58336,-1.125,0.261656,3.00626,1.33226,1.53017,10,58476,44.8505,3.98788
1776812908355423031,1.56705,-1.125,0.274493,2.86288,1.33226,1.53017,10,58491,44.862,3.98788
1776812908360428015,1.56705,-1.15625,0.285998,2.83163,1.34574,1.41956,10,58531,44.8927,4.29277
1776812908365396648,1.55553,-1.15625,0.305163,3.13652,1.34574,1.41956,10,58546,44.9042,4.29277
1776812908370380132,1.55553,-1.15234,-0.311651,3.14043,1.68856,1.35591,10,58579,44.9295,3.22125
1776812908375432835,1.55015,-1.15234,-0.291719,2.06891,1.68856,1.35591,10,58585,44.9341,3.22125
1776812908380406357,1.55015,0.179688,-0.287118,3.40094,2.64724,2.08431,10,58570,44.9226,-2.29506
1776812908385397785,1.53644,0.179688,-0.312337,-2.11537,2.64724,2.08431,10,58565,44.9188,-2.29506
1776812908390392658,1.53644,4.90625,0.312147,2.61119,3.30149,4.69948,10,58563,44.9173,0
1776812908395402437,1.56433,4.90625,-0.289812,4.90625,3.30149,4.69948,10,58563,44.9173,0
1776812908400402050,1.56433,2.54492,-0.289812,2.54492,2.61473,3.51372,10,58574,44.9257,1.5332
1776812908405397404,1.60019,2.54492,-0.245519,4.07812,2.61473,3.51372,10,58580,44.9303,1.5332
1776812908410402850,1.60019,0.779297,-0.240915,2.3125,2.04145,2.71084,10,58598,44.9441,1.99074
1776812908415406815,1.60019,0.779297,-0.227109,2.77004,2.04145,2.71084,10,58606,44.9502,1.99074
1776812908420368115,1.62462,0.779297,-0.19655,2.77004,2.04145,2.71084,10,58621,44.9617,2.30517
1776812908425390264,1.62462,0.669922,-0.185045,2.9751,1.9315,2.78559,10,58641,44.9771,2.14725
1776812908430468687,1.63975,0.669922,-0.154565,2.81717,1.9315,2.78559,10,58649,44.9832,2.14725
1776812908435425747,1.63975,0.597656,-0.148431,2.7449,2.53876,2.82872,10,58668,44.9978,1.8406
1776812908440394991,1.64691,0.597656,-0.126699,2.43826,2.53876,2.82872,10,58674,45.0024,1.8406
1776812908445397215,1.64691,0.998047,-0.122095,2.83865,3.16973,3.09667,10,58698,45.0208,2.30149
1776812908450401476,1.65087,0.998047,-0.0997329,3.29953,3.16973,3.09667,10,58706,45.0269,2.30149
1776812908455471141,1.65087,0.376953,-0.093595,2.67844,3.73746,2.76455,10,58732,45.0469,2.75997
1776812908460406684,1.66133,0.376953,-0.0631881,3.13693,3.73746,2.76455,10,58741,45.0538,2.75997
1776812908465399908,1.66133,0.103516,-0.0562835,2.86349,2.81999,2.66647,10,58770,45.076,3.06793
1776812908470369375,1.66248,0.103516,-0.0328994,3.17144,2.81999,2.66647,10,58782,45.0852,3.06793
1776812908475387709,1.66248,-0.515625,-0.0236983,2.5523,2.65014,2.31985,10,58815,45.1105,3.52572
1776812908480394192,1.65924,-0.515625,-0.00162647,3.01009,2.65014,2.31985,10,58826,45.119,3.52572
1776812908485398027,1.65924,-0.542969,0.00681163,2.98275,1.88008,2.28642,10,58859,45.1443,3.37448
1776812908490418861,1.65924,-0.542969,0.0321222,2.83151,1.88008,2.28642,10,58869,45.152,3.37448
1776812908495399845,1.65944,-0.542969,0.0399995,2.83151,2.03749,2.28755,10,58898,45.1742,3.22049
1776812908500399088,1.65944,-0.542969,0.0399995,2.83151,2.03749,2.28755,10,58898,45.1742,3.22049
1776812908505395053,1.65944,-0.689453,0.062243,2.53103,2.31713,2.20405,10,58946,45.211,3.68045
1776812908510403740,1.64767,-0.689453,0.0872903,2.99099,2.31713,2.20405,10,58965,45.2256,3.8353
1776812908515396538,1.64767,-0.904297,0.101862,2.931,2.2186,2.01655,10,59000,45.2524,3.68268
1776812908520370394,1.6396,-0.904297,0.120627,2.77839,2.2186,2.01655,10,59013,45.2624,3.68268
1776812908525387302,1.6396,-1.15234,0.130599,2.53034,2.18407,1.83036,10,59050,45.2908,3.99024
1776812908530395174,1.62368,-1.15234,0.143057,2.8379,2.18407,1.83036,10,59064,45.3015,3.99024
1776812908535393935,1.62368,-1.16406,0.153796,2.82618,2.19193,1.73498,10,59101,45.3299,3.82841
1776812908540410436,1.61811,-1.16406,0.176604,2.66435,2.19193,1.73498,10,59114,45.3399,3.82841
1776812908545393217,1.61811,-1.22266,0.186575,2.60575,1.85506,1.67042,10,59151,45.3682,3.83453
1776812908550399700,1.59982,-1.22266,0.196669,2.61188,1.85506,1.67042,10,59165,45.379,3.83453
1776812908555396924,1.59982,-1.20117,0.207407,2.63336,1.58028,1.5799,10,59206,45.4104,4.29535
1776812908560415314,1.59396,-1.20117,0.232996,3.09418,1.58028,1.5799,10,59221,45.4212,4.29535
1776812908565401520,1.59396,-1.23633,0.244502,3.05902,1.25309,1.52679,10,59262,45.4534,4.44781
1776812908570380690,1.59396,-1.23633,0.275946,3.21148,1.25309,1.52679,10,59278,45.4657,4.44781
1776812908575386747,1.57774,-1.23633,0.271998,3.21148,1.27725,1.43484,10,59317,45.4956,4.60481
1776812908580394045,1.57774,-1.23633,0.271998,3.21148,1.27725,1.43484,10,59317,45.4956,4.60481
1776812908585394176,1.55806,-1.36133,-0.301606,3.24072,1.21078,1.36359,10,59383,45.5462,4.44959
1776812908590406733,1.55806,-1.34375,-0.295469,3.10584,1.66505,1.26131,10,59412,45.5684,4.44083
1776812908595402643,1.54463,-1.34375,-0.286657,3.09708,1.66505,1.26131,10,59427,45.5799,4.44083
1776812908600397089,1.54463,-1.24414,-0.275151,3.19669,2.27772,1.24099,10,59451,45.5983,1.99114
1776812908605395110,1.53166,-1.24414,-0.269716,0.746997,2.27772,1.24099,10,59444,45.593,1.99114
1776812908610449720,1.53166,-0.550781,-0.275087,1.44036,2.81214,1.56136,10,59427,45.5799,-1.07443
1776812908615451481,1.52707,-0.550781,-0.292718,-1.62521,2.81214,1.56136,10,59427,45.5799,-1.07443
1776812908620383320,1.52707,4.28711,-0.292718,3.21268,2.30501,4.29239,10,59425,45.5784,-0.15329
1776812908625390433,1.56903,4.28711,-0.25229,4.13382,2.30501,4.29239,10,59426,45.5792,-0.15329
1776812908630392323,1.56903,2.64648,-0.251519,2.49319,2.44698,3.59842,10,59444,45.593,1.68618
1776812908635401769,1.58571,2.64648,-0.221032,4.33267,2.44698,3.59842,10,59450,45.5976,1.68618
1776812908640396068,1.58571,1.32031,-0.216428,3.0065,2.13987,2.93736,10,59469,45.6122,2.14725
1776812908645403513,1.58571,1.32031,-0.201856,3.46756,2.13987,2.93736,10,59476,45.6175,2.14725
1776812908650404367,1.61328,1.32031,-0.168924,3.46756,2.13987,2.93736,10,59488,45.6267,2.14767
1776812908655401499,1.61328,1.32031,-0.168924,3.46756,2.13987,2.93736,10,59488,45.6267,2.14767
1776812908660397279,1.61328,0.748047,-0.159719,2.89572,2.57994,2.76663,10,59516,45.6482,1.99472
1776812908665416854,1.62553,0.748047,-0.125989,2.74277,2.50835,2.83523,10,59528,45.6574,1.68796
1776812908670378969,1.62553,0.794922,-0.116784,2.48288,3.41201,2.86195,10,59545,45.6704,2.13827
1776812908675392118,1.63787,0.794922,-0.0914128,2.93319,3.41201,2.86195,10,59553,45.6766,2.13827
1776812908680395250,1.63787,0.515625,-0.0852787,2.65389,3.7584,2.77148,10,59577,45.695,2.60825
1776812908685400066,1.65126,0.515625,-0.0534756,3.12387,3.7584,2.77148,10,59586,45.7019,2.60825
1776812908690390902,1.65126,0.339844,-0.0465748,2.94809,3.18109,2.74555,10,59612,45.7218,2.75502
1776812908695385460,1.65334,0.339844,-0.0245488,3.09486,3.18109,2.74555,10,59622,45.7295,2.75502
1776812908700389424,1.65334,-0.414062,-0.0168812,2.34095,2.48961,2.32733,10,59649,45.7502,2.90745
1776812908705396463,1.6526,-0.414062,0.00308493,2.49339,2.48961,2.32733,10,59660,45.7586,2.90745
1776812908710451387,1.6526,-0.490234,0.011523,2.41722,2.1472,2.2798,10,59692,45.7832,3.22447
1776812908715410947,1.6505,-0.490234,0.0339687,2.73424,2.1472,2.2798,10,59704,45.7924,3.22447
1776812908720372414,1.6505,-0.580078,0.0431698,2.64439,1.87431,2.21698,10,59736,45.8169,3.5229
1776812908725435542,1.6505,-0.580078,0.0677135,2.94282,1.87431,2.21698,10,59748,45.8261,3.5229
1776812908730416027,1.64636,-0.580078,0.0727756,2.94282,1.87431,2.21698,10,59771,45.8438,3.38065
1776812908735420973,1.64636,-0.732422,0.0904186,2.64823,2.11668,2.10722,10,59808,45.8722,3.9791
1776812908740399531,1.63694,-0.732422,0.109381,3.24668,2.11668,2.10722,10,59823,45.8837,3.9791
1776812908745432254,1.63694,-0.804688,0.120887,3.17441,2.18587,2.01376,10,59861,45.9128,4.13627
1776812908750409331,1.6332,-0.804688,0.146285,3.33158,2.18587,2.01376,10,59876,45.9243,4.13627
1776812908755416258,1.6332,-0.986328,0.15779,3.14994,2.28081,1.88938,10,59914,45.9535,3.98868
1776812908760414816,1.61939,-0.986328,0.173129,3.00235,2.28081,1.88938,10,59928,45.9642,3.98868
1776812908765429613,1.61939,-1.01758,0.183867,2.9711,2.19307,1.79447,10,59968,45.9949,3.98945
1776812908770384507,1.61456,-1.01758,0.209719,2.97187,2.19307,1.79447,10,59982,46.0056,3.98945
1776812908775387712,1.61456,-1.12305,0.220458,2.8664,1.65209,1.70731,10,60018,46.0332,3.82688
1776812908780416157,1.59834,-1.12305,0.231845,2.70383,1.56035,1.61604,10,60043,46.0524,3.84299
1776812908785423843,1.59834,-1.13477,0.251017,2.70822,1.56035,1.61604,10,60063,46.0677,3.84299
1776812908790410124,1.59283,-1.13477,0.260855,2.70822,1.56035,1.61604,10,60084,46.0839,3.98785
1776812908795407089,1.59283,-1.20312,0.276961,2.78473,1.37645,1.53931,10,60123,46.1138,3.98709
1776812908800406665,1.59283,-1.20312,0.306872,2.78396,1.37645,1.53931,10,60137,46.1245,3.98709
1776812908805398056,1.57879,-1.20312,0.303569,2.78396,1.39521,1.45971,10,60172,46.1513,4.13621
1776812908810490682,1.57879,-1.28516,-0.297906,2.85105,1.60191,1.41296,10,60204,46.1759,4.44705
1776812908815434873,1.56,-1.28516,-0.292146,3.16189,1.60191,1.41296,10,60220,46.1882,4.44705
1776812908820376434,1.56,-1.25,-0.279874,3.19705,2.14114,1.32587,10,60248,46.2096,2.60148
1776812908825394249,1.54711,-1.25,-0.271295,1.35148,2.14114,1.32587,10,60250,46.2112,2.60148
1776812908830395936,1.54711,-1.12109,-0.269761,1.48039,2.71432,1.32538,10,60232,46.1974,-2.14253
1776812908835411567,1.5414,-1.12109,-0.289273,-3.26363,2.71432,1.32538,10,60229,46.1951,-2.14253
1776812908840398940,1.5414,4.83008,-0.291573,2.68755,2.67417,4.68469,10,60229,46.1951,0.153136
1776812908845404812,1.5692,4.83008,-0.263776,4.98321,2.67417,4.68469,10,60230,46.1958,0.153136
1776812908850400370,1.5692,3.3418,-0.263009,3.49493,2.38696,3.99573,10,60242,46.205,1.22708
1776812908855410575,1.58936,3.3418,-0.233643,4.56888,2.38696,3.99573,10,60248,46.2096,1.22708
1776812908860477276,1.58936,0.816406,-0.229043,2.04348,2.06991,2.6708,10,60271,46.2273,2.76184
1776812908865425355,1.61957,0.816406,-0.181188,3.57825,2.06991,2.6708,10,60279,46.2334,2.76184
1776812908870391507,1.61957,0.914062,-0.175054,3.6759,1.77437,2.89655,10,60297,46.2472,1.53382
1776812908875392639,1.61957,0.914062,-0.161248,2.44788,1.77437,2.89655,10,60308,46.2557,1.53382
1776812908880397177,1.63337,0.914062,-0.139016,2.44788,1.77437,2.89655,10,60325,46.2687,2.91443
1776812908885419048,1.63337,0.808594,-0.125977,3.72302,2.48498,2.91343,10,60342,46.2817,1.68493
1776812908890401274,1.64125,0.808594,-0.105058,2.49352,2.48498,2.91343,10,60350,46.2879,1.68493
1776812908895404590,1.64125,1.04102,-0.0989236,2.72594,3.08944,3.08975,10,60373,46.3055,2.45487
1776812908900525029,1.65353,1.04102,-0.0690011,3.49588,3.88151,3.15776,10,60390,46.3186,2.60721
1776812908905441499,1.65353,0.525391,-0.0559625,3.1326,3.88151,3.15776,10,60405,46.3301,2.60721
1776812908910406874,1.66055,0.525391,-0.0374345,3.1326,3.88151,3.15776,10,60421,46.3423,3.06839
1776812908915404042,1.66055,-0.136719,-0.0251626,2.93167,3.16264,2.52522,10,60451,46.3653,3.22189
1776812908920374898,1.6619,-0.136719,-0.000801963,3.08517,3.16264,2.52522,10,60463,46.3745,3.22189
1776812908925398620,1.6619,-0.445312,0.00839906,2.77658,2.20561,2.35675,10,60494,46.3983,3.37111
1776812908930396086,1.66058,-0.445312,0.0308524,2.9258,2.20561,2.35675,10,60506,46.4075,3.37111
1776812908935404494,1.66058,-0.757812,0.0400572,2.6133,1.81041,2.17133,10,60536,46.4305,3.21856
1776812908940398737,1.65033,-0.757812,0.0528212,2.46074,1.81041,2.17133,10,60548,46.4397,3.21856
1776812908945398813,1.65033,-0.755859,0.0620261,2.4627,1.70859,2.11588,10,60581,46.465,3.52789
1776812908950433517,1.65033,-0.755859,0.0873366,2.77203,1.70859,2.11588,10,60594,46.475,3.52789
1776812908955406057,1.64844,-0.755859,0.0954123,2.77203,1.93096,2.10538,10,60624,46.498,3.52924
1776812908960508794,1.64844,-0.755859,0.0954123,2.77203,1.93096,2.10538,10,60624,46.498,3.52924
1776812908965410783,1.64844,-0.853516,0.118419,2.67573,2.1451,2.04972,10,60670,46.5333,3.52783
1776812908970387823,1.63263,-0.853516,0.137893,2.67432,2.1451,2.04972,10,60689,46.5479,3.68342
1776812908975415861,1.63263,-0.96875,0.152465,2.71467,2.26562,1.89622,10,60726,46.5763,3.98785
1776812908980418048,1.62347,-0.96875,0.171691,3.0191,2.26562,1.89622,10,60741,46.5878,3.98785
1776812908985395125,1.62347,-1.17383,0.183196,2.81402,2.11204,1.72826,10,60778,46.6161,3.97197
1776812908990398886,1.60735,-1.17383,0.195453,2.79814,2.11204,1.72826,10,60792,46.6269,3.97197
1776812908995396351,1.60735,-1.20312,0.206191,2.76884,1.90345,1.62118,10,60832,46.6576,4.14124
1776812909000395371,1.60146,-1.20312,0.230975,2.93811,1.90345,1.62118,10,60848,46.6698,4.14124
1776812909005395189,1.60146,-1.125,0.243247,3.01624,1.46267,1.63253,10,60889,46.7013,4.29449
1776812909010417616,1.58406,-1.125,0.2573,3.16949,1.46267,1.63253,10,60904,46.7128,4.29449
1776812909015401434,1.58406,-1.12305,0.268806,3.17144,1.34536,1.5353,10,60944,46.7435,4.1371
1776812909020415473,1.57843,-1.12305,0.293849,3.01405,1.34536,1.5353,10,60960,46.7557,4.1371
1776812909025400235,1.57843,-1.13086,0.306121,3.00624,1.29651,1.49885,10,61000,46.7864,4.2902
1776812909030445883,1.57843,-1.13086,-0.291516,3.15934,1.29651,1.49885,10,61015,46.7979,4.2902
1776812909035428442,1.56307,-1.13086,-0.295369,3.15934,1.22886,1.4113,10,61048,46.8232,4.14621
1776812909040397058,1.56307,-1.13086,-0.295369,3.15934,1.22886,1.4113,10,61048,46.8232,4.14621
1776812909045408152,1.54569,-1.1582,-0.255231,2.82965,1.73209,1.39571,10,61091,46.8562,1.84021
1776812909050403081,1.54569,-1.1582,-0.255231,2.82965,1.73209,1.39571,10,61091,46.8562,1.84021
1776812909055403546,1.53518,0.861328,-0.278771,-0.668509,2.83933,2.44718,10,61071,46.8409,-1.52984
1776812909060397697,1.53518,3.83398,-0.280305,2.30415,3.70008,4.08105,10,61070,46.8401,0
1776812909065408792,1.55104,3.83398,-0.265217,3.83398,3.70008,4.08105,10,61070,46.8401,0
1776812909070378574,1.55104,2.93945,-0.265217,2.93945,2.91037,3.66246,10,61077,46.8455,1.07346
1776812909075389779,1.59137,2.93945,-0.219521,4.01291,2.91037,3.66246,10,61087,46.8531,1.07346
1776812909080395745,1.59137,1.00391,-0.21185,2.07736,2.18868,2.78904,10,61104,46.8662,1.8406
1776812909085423634,1.6116,1.00391,-0.178582,2.84451,2.18868,2.78904,10,61113,46.8731,1.8406
1776812909090404453,1.6116,0.683594,-0.171677,2.5242,1.99204,2.72047,10,61134,46.8884,2.14682
1776812909095397437,1.6116,0.683594,-0.171677,2.5242,1.99204,2.72047,10,61134,46.8884,2.14682
1776812909100394088,1.6116,0.683594,-0.171677,2.5242,1.99204,2.72047,10,61134,46.8884,2.14682
1776812909105393887,1.6116,0.683594,-0.171677,2.5242,1.99204,2.72047,10,61134,46.8884,2.14682
1776812909110391797,1.6116,0.683594,-0.171677,2.5242,1.99204,2.72047,10,61134,46.8884,2.14682
1776812909115398410,1.6116,0.683594,-0.171677,2.5242,1.99204,2.72047,10,61134,46.8884,2.14682
1776812909120370340,1.6116,0.683594,-0.171677,2.5242,1.99204,2.72047,10,61134,46.8884,2.14682
