timestamp,torso_pitch,torso_pitch_rate,wheel_pos,wheel_vel,wheel_torque,wheel_cmd_torque,mot_drv_mode,encoder_steps,encoder_ang,encoder_speed
1776902907543777218,0,0,0,0,0,0,0,-2,-0.00153398,0
1776902907548695584,0,0,0,0,0,0,0,-2,-0.00153398,0
1776902907553596040,0,0,0.314159,0,0,0,0,-2,-0.00153398,0
1776902907558556988,0,0,0.314159,0,0,0,0,-2,-0.00153398,0
1776902907563589764,0,0,0.314159,0,0,0,0,-2,-0.00153398,0
1776902907568560362,0,0,0.314159,0,0,0,0,-2,-0.00153398,0
1776902907573560910,0,0,0.314159,0,0,0,0,-2,-0.00153398,0
1776902907578547863,0,0,0.314159,0,0,0,0,-2,-0.00153398,0
1776902907583556357,0,0,0.314159,0,0,0,0,-2,-0.00153398,0
1776902907588559832,0,0,0.314159,0,0,0,0,-2,-0.00153398,0
1776902907593540654,0,0,0.314159,0,0,0,0,-2,-0.00153398,0
1776902907598558372,0,0,0.314159,0,0,0,0,-2,-0.00153398,0
1776902907603554253,0,0,0.314159,0,0,0,0,-2,-0.00153398,0
1776902907608553301,0,0,0.314159,0,0,0,0,-2,-0.00153398,0
1776902907613649774,0,0,0.314159,0,0,0,0,-2,-0.00153398,0
1776902907618607222,0,0,0.314159,0,0,0,0,-2,-0.00153398,0
1776902907623573504,0,0,0.314159,0,0,0,0,-2,-0.00153398,0
1776902907628577812,0,0,0.314159,0,0,0,0,-2,-0.00153398,0
1776902907633555708,0,0,0.314159,0,0,0,0,-2,-0.00153398,0
1776902907638561887,0,0,0.314159,0,0,0,0,-2,-0.00153398,0
1776902907643543246,0,0,0.314159,0,0,0,0,-2,-0.00153398,0
1776902907648583672,0,0,0.314159,0,0,0,0,-2,-0.00153398,0
1776902907653639823,0,0,0.314159,0,0,0,0,-2,-0.00153398,0
1776902907658580156,0,0,0.314159,0,0,0,0,-2,-0.00153398,0
1776902907663551829,0,0,0.314159,0,0,0,0,-2,-0.00153398,0
1776902907668592421,0,0,0.314159,0,0,0,0,-2,-0.00153398,0
1776902907673582116,0,0,0.314159,0,0,0,0,-2,-0.00153398,0
1776902907678608465,0,0,0.314159,0,0,0,0,-2,-0.00153398,0
1776902907683594103,0,0,0.314159,0,0,0,0,-2,-0.00153398,0
1776902907688559756,0,0,0.314159,0,0,0,0,-2,-0.00153398,0
1776902907693537614,0,0,0.314159,0,0,0,0,-2,-0.00153398,0
1776902907698551146,0,0,0.314159,0,0,0,0,-2,-0.00153398,0
1776902907703555806,0,0,0.314159,0,0,0,0,-2,-0.00153398,0
1776902907708549575,0,0,0.314159,0,0,0,0,-2,-0.00153398,0
1776902907713560162,0,0,0.314159,0,0,0,0,-2,-0.00153398,0
1776902907718550801,0,0,0.314159,0,0,0,0,-2,-0.00153398,0
1776902907723553424,0,0,0.314159,0,0,0,0,-2,-0.00153398,0
1776902907728547212,0,0,0.314159,0,0,0,0,-2,-0.00153398,0
1776902907733554428,nan,0.00585938,inf,0.00585938,0,0,2,-2,-0.00153398,0
1776902907738546141,nan,0.00585938,inf,0.00585938,0,0,11,-2,-0.00153398,0
1776902907743537798,nan,0.00585938,inf,0.00585938,0,0,0,-2,-0.00153398,0
1776902907748555516,nan,0.00585938,inf,0.00585938,0,0,3,-2,-0.00153398,0
1776902907753560491,nan,0.00585938,inf,0.00585938,0,0,3,-2,-0.00153398,0
1776902907758554279,3.15259,-0.00195312,0.314159,-0.00195312,0,0,10,-2,-0.00153398,0
1776902907763572349,3.15259,-0.00195312,0.314159,-0.00195312,0,0,10,-2,-0.00153398,0
1776902907768548392,3.15259,-0.00390625,0.314159,-0.00390625,0,0,10,-2,-0.00153398,0
1776902907773554571,3.15259,-0.00195312,0.314159,-0.00195312,0,0,10,-2,-0.00153398,0
1776902907778548655,3.15259,-0.00195312,0.314159,-0.00195312,0,0,10,-2,-0.00153398,0
1776902907783550815,3.15259,0.00390625,0.314159,0.00390625,0,0,10,-2,-0.00153398,0
1776902907788548492,3.15259,0.00390625,0.314159,0.00390625,0,0,10,-2,-0.00153398,0
1776902907793517849,3.15259,0.0078125,0.314159,0.0078125,0,0,10,-2,-0.00153398,0
1776902907798549403,3.15259,0.0078125,0.314159,0.0078125,0,0,10,-2,-0.00153398,0
1776902907803635708,3.15259,0.0078125,0.314159,0.0078125,0,0,10,-2,-0.00153398,0
1776902907808628940,3.15259,0.0078125,0.314159,0.0078125,0,0,10,-2,-0.00153398,0
1776902907813633989,3.15271,0.0078125,0.314159,0.0078125,0,0,10,-2,-0.00153398,0
1776902907818561449,3.15271,0.00390625,0.314159,0.00390625,0,0,10,-2,-0.00153398,0
1776902907823577389,3.15271,0.00390625,0.314159,0.00390625,0,0,10,-2,-0.00153398,0
1776902907828573992,3.15283,-0.00195312,0.314159,-0.00195312,0,0,10,-2,-0.00153398,0
1776902907833554166,3.15283,-0.00390625,0.314159,-0.00390625,0,0,10,-2,-0.00153398,0
1776902907838582997,3.15283,-0.00390625,0.314159,-0.00390625,0,0,10,-2,-0.00153398,0
1776902907843523516,3.15283,-0.00195312,0.314159,-0.00195312,0,0,10,-2,-0.00153398,0
1776902907848540270,3.15271,-0.00195312,0.314159,-0.00195312,0,0,10,-2,-0.00153398,0
1776902907853547913,3.15271,-0.00195312,0.314159,-0.00195312,0,0,10,-2,-0.00153398,0
1776902907858553980,3.15271,-0.00390625,0.314159,-0.00390625,0,0,10,-2,-0.00153398,0
1776902907863552917,3.15271,-0.00390625,0.314159,-0.00390625,0,0,10,-2,-0.00153398,0
1776902907868576988,3.15271,-0.00195312,0.314159,-0.00195312,0,0,10,-2,-0.00153398,0
1776902907873552809,3.15271,0.00195312,0.314159,0.00195312,0,0,10,-2,-0.00153398,0
1776902907878574435,3.15271,0.00195312,0.314159,0.00195312,0,0,10,-2,-0.00153398,0
1776902907883550183,3.15271,0.00195312,0.314159,0.00195312,0,0,10,-2,-0.00153398,0
1776902907888549916,3.15271,0.00195312,0.314159,0.00195312,0,0,10,-2,-0.00153398,0
1776902907893518699,3.15271,0.00195312,0.314159,0.00195312,0,0,10,-2,-0.00153398,0
1776902907898537936,3.15271,0.00390625,0.314159,0.00390625,0,0,10,-2,-0.00153398,0
1776902907903550727,3.15271,0.00390625,0.314159,0.00390625,0,0,10,-2,-0.00153398,0
1776902907908546533,3.15271,-0.00195312,0.314159,-0.00195312,0,0,10,-2,-0.00153398,0
1776902907913548878,3.15271,-0.00195312,0.314159,-0.00195312,0,0,10,-2,-0.00153398,0
1776902907918547166,3.15271,-0.00390625,0.314159,-0.00390625,0,0,10,-2,-0.00153398,0
1776902907923581017,3.15271,-0.00390625,0.314159,-0.00390625,0,0,10,-2,-0.00153398,0
1776902907928548596,3.15271,-0.00390625,0.314159,-0.00390625,0,0,10,-2,-0.00153398,0
1776902907933555164,3.15271,-0.00390625,0.314159,-0.00390625,0,0,10,-2,-0.00153398,0
1776902907938550044,3.15271,-0.00390625,0.314159,-0.00390625,0,0,10,-2,-0.00153398,0
1776902907943525736,3.15271,-0.00390625,0.314159,-0.00390625,0,0,10,-2,-0.00153398,0
1776902907948538564,3.15271,0,0.314159,0,0,0,10,-2,-0.00153398,0
1776902907953587455,3.15271,0,0.314159,0,0,0,10,-2,-0.00153398,0
1776902907958594411,3.15271,0,0.314159,0,0,0,10,-2,-0.00153398,0
1776902907963586643,3.15271,0.00195312,0.314159,0.00195312,0,0,10,-2,-0.00153398,0
1776902907968559149,3.15271,0.00195312,0.314159,0.00195312,0,0,10,-2,-0.00153398,0
1776902907973593185,3.15271,-0.00195312,0.314159,-0.00195312,0,0,10,-2,-0.00153398,0
1776902907978595641,3.15271,-0.00195312,0.314159,-0.00195312,0,0,10,-2,-0.00153398,0
1776902907983556515,3.15271,-0.00195312,0.314159,-0.00195312,0,0,10,-2,-0.00153398,0
1776902907988558934,3.15271,-0.00195312,0.314159,-0.00195312,0,0,10,-2,-0.00153398,0
1776902907993534162,3.15271,-0.00195312,0.314159,-0.00195312,0,0,10,-2,-0.00153398,0
1776902907998546287,3.15271,-0.00390625,0.314159,-0.00390625,0,0,10,-2,-0.00153398,0
1776902908003553926,3.15271,-0.00390625,0.314159,-0.00390625,0,0,10,-2,-0.00153398,0
1776902908008560804,3.15271,-0.00195312,0.314159,-0.00195312,0,0,10,-2,-0.00153398,0
1776902908013553382,3.15259,-0.00195312,0.314159,-0.00195312,0,0,10,-2,-0.00153398,0
1776902908018557036,3.15259,0.00390625,0.314159,0.00390625,0,0,10,-2,-0.00153398,0
1776902908023560042,3.15259,0.00390625,0.314159,0.00390625,0,0,10,-2,-0.00153398,0
1776902908028582514,3.15259,0.00390625,0.314159,0.00390625,0,0,10,-2,-0.00153398,0
1776902908033572111,3.15259,0,0.314159,0,0,0,10,-2,-0.00153398,0
1776902908038557410,3.15259,0,0.314159,0,0,0,10,-2,-0.00153398,0
1776902908043540023,3.15259,0.00195312,0.314159,0.00195312,0,0,10,-2,-0.00153398,0
1776902908048552123,3.15259,0.00195312,0.314159,0.00195312,0,0,10,-2,-0.00153398,0
1776902908053548461,3.15259,-0.00195312,0.314159,-0.00195312,0,0,10,-2,-0.00153398,0
1776902908058594123,3.15259,-0.00195312,0.314159,-0.00195312,0,0,10,-2,-0.00153398,0
1776902908063553992,3.15259,0,0.314159,0,0,0,10,-2,-0.00153398,0
1776902908068604618,3.15259,0,0.314159,0,0,0,10,-2,-0.00153398,0
1776902908073604753,3.15259,0,0.314159,0,0,0,10,-2,-0.00153398,0
1776902908078559398,3.15259,0,0.314159,0,0,0,10,-2,-0.00153398,0
1776902908083562441,3.15259,0,0.314159,0,0,0,10,-2,-0.00153398,0
1776902908088574763,3.15259,-0.00390625,0.314159,-0.00390625,0,0,10,-2,-0.00153398,0
1776902908093559210,3.15259,-0.00390625,0.314159,-0.00390625,0,0,10,-2,-0.00153398,0
1776902908098575145,3.15259,-0.00390625,0.314159,-0.00390625,0,0,10,-2,-0.00153398,0
1776902908103581818,3.15259,-0.00390625,0.314159,-0.00390625,0,0,10,-2,-0.00153398,0
1776902908108599641,3.15247,-0.00195312,0.314159,-0.00195312,0,0,10,-2,-0.00153398,0
1776902908113578347,3.15247,0.00195312,0.314159,0.00195312,0,0,10,-2,-0.00153398,0
1776902908118575259,3.15247,0.00195312,0.314159,0.00195312,0,0,10,-2,-0.00153398,0
1776902908123573412,3.15247,0.00195312,0.314159,0.00195312,0,0,10,-2,-0.00153398,0
1776902908128556229,3.15247,0.00195312,0.314159,0.00195312,0,0,10,-2,-0.00153398,0
1776902908133573627,3.15247,0.00195312,0.314159,0.00195312,0,0,10,-2,-0.00153398,0
1776902908138556925,3.15259,0.00195312,0.314159,0.00195312,0,0,10,-2,-0.00153398,0
1776902908143552986,3.15259,0.00195312,0.314159,0.00195312,0,0,10,-2,-0.00153398,0
1776902908148553287,3.15259,0.00195312,0.314159,0.00195312,0,0,10,-2,-0.00153398,0
1776902908153550200,3.15259,-0.00195312,0.314159,-0.00195312,0,0,10,-2,-0.00153398,0
1776902908158548927,3.15259,-0.00195312,0.314159,-0.00195312,0,0,10,-2,-0.00153398,0
1776902908163552340,3.15259,0.00195312,0.314159,0.00195312,0,0,10,-2,-0.00153398,0
1776902908168621322,3.15259,0.00195312,0.314159,0.00195312,0,0,10,-2,-0.00153398,0
1776902908173582987,3.15259,0,0.314159,0,0,0,10,-2,-0.00153398,0
1776902908178556098,3.15247,0,0.314159,0,0,0,10,-2,-0.00153398,0
1776902908183655141,3.15247,-0.00195312,0.314159,-0.00195312,0,0,10,-2,-0.00153398,0
1776902908188587633,3.15247,-0.00195312,0.314159,-0.00195312,0,0,10,-2,-0.00153398,0
1776902908193614625,3.15247,0.00195312,0.314159,0.00195312,0,0,10,-2,-0.00153398,0
1776902908198610056,3.15247,0,0.314159,0,0,0,10,-2,-0.00153398,0
1776902908203583130,3.15247,0,0.314159,0,0,0,10,-2,-0.00153398,0
1776902908208573949,3.15247,0.00585938,0.314159,0.00585938,0,0,10,-2,-0.00153398,0
1776902908213582104,3.15247,0.00585938,0.314159,0.00585938,0,0,10,-2,-0.00153398,0
1776902908218575478,3.15247,0.00195312,0.314159,0.00195312,0,0,10,-2,-0.00153398,0
1776902908223547608,3.15247,0.00195312,0.314159,0.00195312,0,0,10,-2,-0.00153398,0
1776902908228555504,3.15247,-0.00390625,0.314159,-0.00390625,0,0,10,-2,-0.00153398,0
1776902908233550064,3.15247,-0.00390625,0.314159,-0.00390625,0,0,10,-2,-0.00153398,0
1776902908238573833,3.15247,-0.00390625,0.314159,-0.00390625,0,0,10,-2,-0.00153398,0
1776902908243531720,3.15247,-0.0078125,0.314159,-0.0078125,0,0,10,-2,-0.00153398,0
1776902908248581308,3.15247,-0.0078125,0.314159,-0.0078125,0,0,10,-2,-0.00153398,0
1776902908253576776,3.15247,-0.00195312,0.314159,-0.00195312,0,0,10,-2,-0.00153398,0
1776902908258588080,3.15247,-0.00195312,0.314159,-0.00195312,0,0,10,-2,-0.00153398,0
1776902908263559080,3.15247,0,0.314159,0,0,0,10,-2,-0.00153398,0
1776902908268601056,3.15247,0.00390625,0.314159,0.00390625,0,0,10,-2,-0.00153398,0
1776902908273587466,3.15247,0.00390625,0.314159,0.00390625,0,0,10,-2,-0.00153398,0
1776902908278557522,3.15247,0,0.314159,0,0,0,10,-2,-0.00153398,0
1776902908283549285,3.15247,0,0.314159,0,0,0,10,-2,-0.00153398,0
1776902908288549253,3.15247,0.00390625,0.314159,0.00390625,0,0,10,-2,-0.00153398,0
1776902908293576949,3.15247,0.00585938,0.314159,0.00585938,0,0,10,-2,-0.00153398,0
1776902908298558358,3.15247,0.00585938,0.314159,0.00585938,0,0,10,-2,-0.00153398,0
1776902908303642398,3.15247,0.00585938,0.314159,0.00585938,0,0,10,-2,-0.00153398,0
1776902908308630660,3.15247,-0.00390625,0.314159,-0.00390625,0,0,10,-2,-0.00153398,0
1776902908313579434,3.15247,-0.00390625,0.314159,-0.00390625,0,0,10,-2,-0.00153398,0
1776902908318561918,3.15247,-0.00585938,0.314159,-0.00585938,0,0,10,-2,-0.00153398,0
1776902908323573907,3.15235,-0.00585938,0.314159,-0.00585938,0,0,10,-2,-0.00153398,0
1776902908328555742,3.15235,-0.00390625,0.314159,-0.00390625,0,0,10,-2,-0.00153398,0
1776902908333585364,3.15234,-0.00390625,0.314159,-0.00390625,0,0,10,-2,-0.00153398,0
1776902908338553882,3.15234,-0.00390625,0.314159,-0.00390625,0,0,10,-2,-0.00153398,0
1776902908343523012,3.15234,-0.00390625,0.314159,-0.00390625,0,0,10,-2,-0.00153398,0
1776902908349848264,3.15234,-0.00195312,0.314159,-0.00195312,0,0,10,-2,-0.00153398,0
1776902908353911095,3.15235,-0.00195312,0.314159,-0.00195312,0,0,10,-2,-0.00153398,0
1776902908358602061,3.15235,0.00195312,0.314159,0.00195312,0,0,10,-2,-0.00153398,0
1776902908363542426,3.15234,0.00195312,0.314159,0.00195312,0,0,10,-2,-0.00153398,0
1776902908368552655,3.15234,0.00390625,0.314159,0.00390625,0,0,10,-2,-0.00153398,0
1776902908373557884,3.15234,0.00390625,0.314159,0.00390625,0,0,10,-2,-0.00153398,0
1776902908378562316,3.15234,0.00390625,0.314159,0.00390625,0,0,10,-2,-0.00153398,0
1776902908383548226,3.15234,0.00195312,0.314159,0.00195312,0,0,10,-2,-0.00153398,0
1776902908388547676,3.15234,0,0.314159,0,0,0,10,-2,-0.00153398,0
1776902908393523196,3.15234,0,0.314159,0,0,0,10,-2,-0.00153398,0
1776902908398557337,3.15234,0,0.314159,0,0,0,10,-2,-0.00153398,0
1776902908403592868,3.15234,0,0.314159,0,0,0,10,-2,-0.00153398,0
1776902908408601319,3.15234,-0.00390625,0.314159,-0.00390625,0,0,10,-2,-0.00153398,0
1776902908413557983,3.15234,-0.00390625,0.314159,-0.00390625,0,0,10,-2,-0.00153398,0
1776902908418560600,3.15234,0,0.314159,0,0,0,10,-2,-0.00153398,0
1776902908423551400,3.15234,0,0.314159,0,0,0,10,-2,-0.00153398,0
1776902908428559759,3.15234,-0.00195312,0.314159,-0.00195312,0,0,10,-2,-0.00153398,0
1776902908433548688,3.15235,-0.00195312,0.314159,-0.00195312,0,0,10,-2,-0.00153398,0
1776902908438548027,3.15235,0.00585938,0.314159,0.00585938,0,0,10,-2,-0.00153398,0
1776902908443531918,3.15235,0.00585938,0.314159,0.00585938,0,0,10,-2,-0.00153398,0
1776902908448539925,3.15235,0.00585938,0.314159,0.00585938,0,0,10,-2,-0.00153398,0
1776902908453554859,3.15235,0.00390625,0.314159,0.00390625,0,0,10,-2,-0.00153398,0
1776902908458554550,3.15234,0.00390625,0.314159,0.00390625,0,0,10,-2,-0.00153398,0
1776902908463553888,3.15234,-0.00195312,0.314159,-0.00195312,0,0,10,-2,-0.00153398,0
1776902908468573675,3.15235,-0.00195312,0.314159,-0.00195312,0,0,10,-2,-0.00153398,0
1776902908473575774,3.15235,-0.00195312,0.314159,-0.00195312,0,0,10,-2,-0.00153398,0
1776902908478670852,3.15235,-0.00195312,0.314159,-0.00195312,0,0,10,-2,-0.00153398,0
1776902908483653077,3.15235,-0.00195312,0.314159,-0.00195312,0,0,10,-2,-0.00153398,0
1776902908488596090,3.15234,-0.00195312,0.314159,-0.00195312,0,0,10,-2,-0.00153398,0
1776902908493543289,3.15234,0,0.314159,0,0,0,10,-2,-0.00153398,0
1776902908498642980,3.15235,0,0.314159,0,0,0,10,-2,-0.00153398,0
1776902908503584789,3.15235,-0.00195312,0.314159,-0.00195312,0,0,10,-2,-0.00153398,0
1776902908508582239,3.15234,-0.00195312,0.314159,-0.00195312,0,0,10,-2,-0.00153398,0
1776902908513555369,3.15234,-0.00390625,0.314159,-0.00390625,0,0,10,-2,-0.00153398,0
1776902908518560838,3.15234,-0.00390625,0.314159,-0.00390625,0,0,10,-2,-0.00153398,0
1776902908523556454,3.15235,-0.00390625,0.314159,-0.00390625,0,0,10,-2,-0.00153398,0
1776902908528596356,3.15234,-0.00195312,0.314159,-0.00195312,0,0,10,-2,-0.00153398,0
1776902908533575857,3.15234,-0.00195312,0.314159,-0.00195312,0,0,10,-2,-0.00153398,0
1776902908538570917,3.15234,-0.00195312,0.314159,-0.00195312,0,0,10,-2,-0.00153398,0
1776902908543536083,3.15234,-0.00195312,0.314159,-0.00195312,0,0,10,-2,-0.00153398,0
1776902908548550295,3.15222,-0.00195312,0.314159,-0.00195312,0,0,10,-2,-0.00153398,0
1776902908553550893,3.15222,0.00195312,0.314159,0.00195312,0,0,10,-2,-0.00153398,0
1776902908558562641,3.15222,0.00195312,0.314159,0.00195312,0,0,10,-2,-0.00153398,0
1776902908563598468,3.15222,0.00390625,0.314159,0.00390625,0,0,10,-2,-0.00153398,0
1776902908568560263,3.15222,0.00390625,0.314159,0.00390625,0,0,10,-2,-0.00153398,0
1776902908573552007,3.15222,0.00195312,0.314159,0.00195312,0,0,10,-2,-0.00153398,0
1776902908578553976,3.15234,0.00195312,0.314159,0.00195312,0,0,10,-2,-0.00153398,0
1776902908583558501,3.15234,-0.00195312,0.314159,-0.00195312,0,0,10,-2,-0.00153398,0
1776902908588580955,3.15234,-0.00195312,0.314159,-0.00195312,0,0,10,-2,-0.00153398,0
1776902908593527876,3.15234,-0.00195312,0.314159,-0.00195312,0,0,10,-2,-0.00153398,0
1776902908598546218,3.15234,-0.00195312,0.314159,-0.00195312,0,0,10,-2,-0.00153398,0
1776902908603549613,3.15234,-0.00390625,0.314159,-0.00390625,0,0,10,-2,-0.00153398,0
1776902908608549322,3.15222,-0.00390625,0.314159,-0.00390625,0,0,10,-2,-0.00153398,0
1776902908613584816,3.15222,0.00195312,0.314159,0.00195312,0,0,10,-2,-0.00153398,0
1776902908618585359,3.15222,0.00195312,0.314159,0.00195312,0,0,10,-2,-0.00153398,0
1776902908623574973,3.15222,-0.00195312,0.314159,-0.00195312,0,0,10,-2,-0.00153398,0
1776902908628555697,3.15222,-0.00195312,0.314159,-0.00195312,0,0,10,-2,-0.00153398,0
1776902908633555462,3.15222,0.00195312,0.314159,0.00195312,0,0,10,-2,-0.00153398,0
1776902908638553689,3.15222,0.00195312,0.314159,0.00195312,0,0,10,-2,-0.00153398,0
1776902908643542211,3.15222,-0.00195312,0.314159,-0.00195312,0,0,10,-2,-0.00153398,0
1776902908648544680,3.15234,-0.00195312,0.314159,-0.00195312,0,0,10,-2,-0.00153398,0
1776902908653557836,3.15234,0.00390625,0.314159,0.00390625,0,0,10,-2,-0.00153398,0
1776902908658557878,3.15234,0.00390625,0.314159,0.00390625,0,0,10,-2,-0.00153398,0
1776902908663629805,3.15222,0.00390625,0.314159,0.00390625,0,0,10,-2,-0.00153398,0
1776902908668579393,3.15222,0.00195312,0.314159,0.00195312,0,0,10,-2,-0.00153398,0
1776902908673589586,3.15222,-0.00195312,0.314159,-0.00195312,0,0,10,-2,-0.00153398,0
1776902908678562623,3.15234,-0.00195312,0.314159,-0.00195312,0,0,10,-2,-0.00153398,0
1776902908683648330,3.15234,-0.00195312,0.314159,-0.00195312,0,0,10,-2,-0.00153398,0
1776902908688596585,3.15222,-0.00195312,0.314159,-0.00195312,0,0,10,-2,-0.00153398,0
1776902908693562528,3.15222,-0.00195312,0.314159,-0.00195312,0,0,10,-2,-0.00153398,0
1776902908698579981,3.15222,-0.00195312,0.314159,-0.00195312,0,0,10,-2,-0.00153398,0
1776902908703554852,3.15222,0,0.314159,0,0,0,10,-2,-0.00153398,0
1776902908708557451,3.15222,0,0.314159,0,0,0,10,-2,-0.00153398,0
1776902908713553622,3.15222,-0.00585938,0.314159,-0.00585938,0,0,10,-2,-0.00153398,0
1776902908718574817,3.15222,-0.00585938,0.314159,-0.00585938,0,0,10,-2,-0.00153398,0
1776902908723551540,3.15222,0.00195312,0.314159,0.00195312,0,0,10,-2,-0.00153398,0
1776902908728572735,3.15222,0.00195312,0.314159,0.00195312,0,0,10,-2,-0.00153398,0
1776902908733555422,3.15222,0.00195312,0.314159,0.00195312,0,0,10,-2,-0.00153398,0
1776902908738629052,3.15222,0,0.314159,0,0,0,10,-2,-0.00153398,0
1776902908743575066,3.15222,-0.00195312,0.314159,-0.00195312,0,0,10,-2,-0.00153398,0
1776902908748601836,3.15222,-0.00195312,0.314159,-0.00195312,0,0,10,-2,-0.00153398,0
1776902908753692673,3.15222,0,0.314159,0,0,0,10,-2,-0.00153398,0
1776902908758624666,3.15222,0,0.314159,0,0,0,10,-2,-0.00153398,0
1776902908763560030,3.15222,0,0.314159,0,0,0,10,-2,-0.00153398,0
1776902908768619305,3.15222,0,0.314159,0,0,0,10,-2,-0.00153398,0
1776902908773602548,3.15222,0,0.314159,0,0,0,10,-2,-0.00153398,0
1776902908778590718,3.15222,0,0.314159,0,0,0,10,-2,-0.00153398,0
1776902908783557995,3.15222,0,0.314159,0,0,0,10,-2,-0.00153398,0
1776902908788553796,3.15222,0,0.314159,0,0,0,10,-2,-0.00153398,0
1776902908793590234,3.15222,0,0.314159,0,0,0,10,-2,-0.00153398,0
1776902908798576145,3.15222,0,0.314159,0,0,0,10,-2,-0.00153398,0
1776902908803690116,3.15222,0,0.314159,0,0,0,10,-2,-0.00153398,0
1776902908808587065,3.15222,0,0.314159,0,0,0,10,-2,-0.00153398,0
1776902908813621558,3.15222,0,0.314159,0,0,0,10,-2,-0.00153398,0
1776902908818574796,3.15222,0,0.314159,0,0,0,10,-2,-0.00153398,0
1776902908823599306,3.15222,0,0.314159,0,0,0,10,-2,-0.00153398,0
1776902908828549080,3.15222,0,0.314159,0,0,0,10,-2,-0.00153398,0
1776902908833586055,3.15222,0,0.314159,0,0,0,10,-2,-0.00153398,0
1776902908838551276,3.15222,0,0.314159,0,0,0,10,-2,-0.00153398,0
1776902908843522239,3.15222,0,0.314159,0,0,0,10,-2,-0.00153398,0
1776902908848540303,3.15222,0,0.314159,0,0,0,10,-2,-0.00153398,0
1776902908853549533,3.15222,0,0.314159,0,0,0,10,-2,-0.00153398,0
1776902908858556651,3.15222,0,0.314159,0,0,0,10,-2,-0.00153398,0
1776902908863553785,3.15222,0,0.314159,0,0,0,10,-2,-0.00153398,0
1776902908868559903,3.15222,0,0.314159,0,0,0,10,-2,-0.00153398,0
1776902908873581023,3.15222,0,0.314159,0,0,0,10,-2,-0.00153398,0
1776902908878552431,3.15222,0,0.314159,0,0,0,10,-2,-0.00153398,0
1776902908883548528,3.15222,0,0.314159,0,0,0,10,-2,-0.00153398,0
1776902908888553312,3.15222,0,0.314159,0,0,0,10,-2,-0.00153398,0
1776902908893521589,3.15222,0,0.314159,0,0,0,10,-2,-0.00153398,0
1776902908898543025,3.15222,0,0.314159,0,0,0,10,-2,-0.00153398,0
1776902908903546105,3.15222,0,0.314159,0,0,0,10,-2,-0.00153398,0
1776902908908553186,3.15222,0,0.314159,0,0,0,10,-2,-0.00153398,0
1776902908913578807,3.15222,0,0.314159,0,0,0,10,-2,-0.00153398,0
1776902908918556734,3.15222,0,0.314159,0,0,0,10,-2,-0.00153398,0
1776902908923561666,3.15222,0,0.314159,0,0,0,10,-2,-0.00153398,0
1776902908928559245,3.15222,0,0.314159,0,0,0,10,-2,-0.00153398,0
1776902908933584589,3.1521,0,0.314159,0,0,0,10,-2,-0.00153398,0
1776902908938545735,3.1521,0,0.314159,0,0,0,10,-2,-0.00153398,0
1776902908943520291,3.1521,0,0.314159,0,0,0,10,-2,-0.00153398,0
1776902908948546042,3.1521,0,0.314159,0,0,0,10,-2,-0.00153398,0
1776902908953578517,3.1521,0,0.314159,0,0,0,10,-2,-0.00153398,0
1776902908958547276,3.1521,0,0.314159,0,0,0,10,-2,-0.00153398,0
1776902908963545911,3.1521,0,0.314159,0,0,0,10,-2,-0.00153398,0
1776902908968544768,3.1521,0,0.314159,0,0,0,10,-2,-0.00153398,0
1776902908973551960,3.1521,0,0.314159,0,0,0,10,-2,-0.00153398,0
1776902908978560818,3.1521,0,0.314159,0,0,0,10,-2,-0.00153398,0
1776902908983592867,3.1521,0,0.314159,0,0,0,10,-2,-0.00153398,0
1776902908988552772,3.1521,0,0.314159,0,0,0,10,-2,-0.00153398,0
1776902908993520753,3.1521,0,0.314159,0,0,0,10,-2,-0.00153398,0
1776902908998542929,3.1521,0,0.314159,0,0,0,10,-2,-0.00153398,0
1776902909003550305,3.1521,0,0.314159,0,0,0,10,-2,-0.00153398,0
1776902909008553824,3.1521,0,0.314159,0,0,0,10,-2,-0.00153398,0
1776902909013543396,3.1521,0,0.314159,0,0,0,10,-2,-0.00153398,0
1776902909018547581,3.1521,0,0.314159,0,0,0,10,-2,-0.00153398,0
1776902909023546526,3.1521,0,0.314159,0,0,0,10,-2,-0.00153398,0
1776902909028559287,3.1521,0,0.314159,0,0,0,10,-2,-0.00153398,0
1776902909033555860,3.1521,0,0.314159,0,0,0,10,-2,-0.00153398,0
1776902909038574919,3.1521,0,0.314159,0,0,0,10,-2,-0.00153398,0
1776902909043522576,3.1521,0,0.314159,0,0,0,10,-2,-0.00153398,0
1776902909048547988,3.1521,0,0.314159,0,0,0,10,-2,-0.00153398,0
1776902909053547988,3.1521,0,0.314159,0,0,0,10,-2,-0.00153398,0
1776902909058549488,3.1521,0,0.314159,0,0,0,10,-2,-0.00153398,0
1776902909063575956,3.1521,0,0.314159,0,0,0,10,-2,-0.00153398,0
1776902909068626688,3.1521,0,0.314159,0,0,0,10,-2,-0.00153398,0
1776902909073603609,3.1521,0,0.314159,0,0,0,10,-2,-0.00153398,0
1776902909078559490,3.1521,0,0.314159,0,0,0,10,-2,-0.00153398,0
1776902909083559582,3.1521,0,0.314159,0,0,0,10,-2,-0.00153398,0
1776902909088556711,3.1521,0,0.314159,0,0,0,10,-2,-0.00153398,0
1776902909093537152,3.1521,0,0.314159,0,0,0,10,-2,-0.00153398,0
1776902909098554118,3.1521,0,0.314159,0,0,0,10,-2,-0.00153398,0
1776902909103562175,3.1521,0,0.314159,0,0,0,10,-2,-0.00153398,0
1776902909108553896,3.1521,0,0.314159,0,0,0,10,-2,-0.00153398,0
1776902909113574973,3.1521,0,0.314159,0,0,0,10,-2,-0.00153398,0
1776902909118554914,3.1521,0,0.314159,0,0,0,10,-2,-0.00153398,0
1776902909123562193,3.1521,0,0.314159,0,0,0,10,-2,-0.00153398,0
1776902909128553580,3.1521,0,0.314159,0,0,0,10,-2,-0.00153398,0
1776902909133581307,3.1521,0,0.314159,0,0,0,10,-2,-0.00153398,0
1776902909138554969,3.1521,0,0.314159,0,0,0,10,-2,-0.00153398,0
1776902909143520592,3.1521,0,0.314159,0,0,0,10,-2,-0.00153398,0
1776902909148547097,3.1521,0,0.314159,0,0,0,10,-2,-0.00153398,0
1776902909153546226,3.1521,0,0.314159,0,0,0,10,-2,-0.00153398,0
1776902909158572342,3.1521,0,0.314159,0,0,0,10,-2,-0.00153398,0
1776902909163548227,3.1521,0,0.314159,0,0,0,10,-2,-0.00153398,0
1776902909168548690,3.1521,0,0.314159,0,0,0,10,-2,-0.00153398,0
1776902909173546911,3.1521,0,0.314159,0,0,0,10,-2,-0.00153398,0
1776902909178555783,3.1521,0,0.314159,0,0,0,10,-2,-0.00153398,0
1776902909183549245,3.1521,0,0.314159,0,0,0,10,-2,-0.00153398,0
1776902909188562599,3.1521,0,0.314159,0,0,0,10,-2,-0.00153398,0
1776902909193551578,3.1521,0,0.314159,0,0,0,10,-2,-0.00153398,0
1776902909198657931,3.1521,0,0.314159,0,0,0,10,-2,-0.00153398,0
1776902909203592660,3.15198,0,0.314159,0,0,0,10,-2,-0.00153398,0
1776902909208609719,3.15198,0,0.314159,0,0,0,10,-2,-0.00153398,0
1776902909213554708,3.15198,0,0.314159,0,0,0,10,-2,-0.00153398,0
1776902909218560468,3.15198,0,0.314159,0,0,0,10,-2,-0.00153398,0
1776902909223548281,3.15198,0,0.314159,0,0,0,10,-2,-0.00153398,0
1776902909228585621,3.15198,0,0.314159,0,0,0,10,-2,-0.00153398,0
1776902909233561042,3.15198,0,0.314159,0,0,0,10,-2,-0.00153398,0
1776902909238551615,3.15198,0,0.314159,0,0,0,10,-2,-0.00153398,0
1776902909243522868,3.15198,0,0.314159,0,0,0,10,-2,-0.00153398,0
1776902909248552170,3.15198,0,0.314159,0,0,0,10,-2,-0.00153398,0
1776902909253559375,3.15198,0,0.314159,0,0,0,10,-2,-0.00153398,0
1776902909258549299,3.15198,0,0.314159,0,0,0,10,-2,-0.00153398,0
1776902909263549021,3.15198,0,0.314159,0,0,0,10,-2,-0.00153398,0
1776902909268553966,3.15198,0,0.314159,0,0,0,10,-2,-0.00153398,0
1776902909273584787,3.15198,0,0.314159,0,0,0,10,-2,-0.00153398,0
1776902909278556003,3.15198,0,0.314159,0,0,0,10,-2,-0.00153398,0
1776902909283648557,3.15198,0,0.314159,0,0,0,10,-2,-0.00153398,0
1776902909288574840,3.15198,0,0.314159,0,0,0,10,-2,-0.00153398,0
1776902909293525034,3.15198,0,0.314159,0,0,0,10,-2,-0.00153398,0
1776902909298624571,3.15198,0,0.314159,0,0,0,10,-2,-0.00153398,0
1776902909303644945,3.15198,0,0.314159,0,0,0,10,-2,-0.00153398,0
1776902909308598900,3.15198,0,0.314159,0,0,0,10,-2,-0.00153398,0
1776902909313555095,3.15198,0,0.314159,0,0,0,10,-2,-0.00153398,0
1776902909318555391,3.15198,0,0.314159,0,0,0,10,-2,-0.00153398,0
1776902909323606493,3.15198,0,0.314159,0,0,0,10,-2,-0.00153398,0
1776902909328590861,3.15198,0,0.314159,0,0,0,10,-2,-0.00153398,0
1776902909333576210,3.15198,0,0.314159,0,0,0,10,-2,-0.00153398,0
1776902909338593305,3.15198,0,0.314159,0,0,0,10,-2,-0.00153398,0
1776902909343544444,3.15198,0,0.314159,0,0,0,10,-2,-0.00153398,0
1776902909348610067,3.15198,0,0.314159,0,0,0,10,-2,-0.00153398,0
1776902909353605104,3.15198,0,0.314159,0,0,0,10,-2,-0.00153398,0
1776902909358597065,3.15198,0,0.314159,0,0,0,10,-2,-0.00153398,0
1776902909363576654,3.15198,0,0.314159,0,0,0,10,-2,-0.00153398,0
1776902909368553427,3.15198,0,0.314159,0,0,0,10,-2,-0.00153398,0
1776902909373552964,3.15198,0,0.314159,0,0,0,10,-2,-0.00153398,0
1776902909378553334,3.15198,0,0.314159,0,0,0,10,-2,-0.00153398,0
1776902909383557501,3.15198,0,0.314159,0,0,0,10,-2,-0.00153398,0
1776902909388554075,3.15198,0,0.314159,0,0,0,10,-2,-0.00153398,0
1776902909393535738,3.15198,0,0.314159,0,0,0,10,-2,-0.00153398,0
1776902909398548092,3.15198,0,0.314159,0,0,0,10,-2,-0.00153398,0
1776902909403581135,3.15198,0,0.314159,0,0,0,10,-2,-0.00153398,0
1776902909408555038,3.15198,0,0.314159,0,0,0,10,-2,-0.00153398,0
1776902909413586710,3.15198,0,0.314159,0,0,0,10,-2,-0.00153398,0
1776902909418585117,3.15198,0,0.314159,0,0,0,10,-2,-0.00153398,0
1776902909423572355,3.15198,0,0.314159,0,0,0,10,-2,-0.00153398,0
1776902909428548073,3.15198,0,0.314159,0,0,0,10,-2,-0.00153398,0
1776902909433553796,3.15198,0,0.314159,0,0,0,10,-2,-0.00153398,0
1776902909438545091,3.15198,0,0.314159,0,0,0,10,-2,-0.00153398,0
1776902909443516826,3.15198,0,0.314159,0,0,0,10,-2,-0.00153398,0
1776902909448546239,3.15198,0,0.314159,0,0,0,10,-2,-0.00153398,0
1776902909453548369,3.15198,0,0.314159,0,0,0,10,-2,-0.00153398,0
1776902909458593006,3.15198,0,0.314159,0,0,0,10,-2,-0.00153398,0
1776902909463560371,3.15198,0,0.314159,0,0,0,10,-2,-0.00153398,0
1776902909468557351,3.15198,0,0.314159,0,0,0,10,-2,-0.00153398,0
1776902909473577892,3.15198,0,0.314159,0,0,0,10,-2,-0.00153398,0
1776902909478575632,3.15198,0,0.314159,0,0,0,10,-2,-0.00153398,0
1776902909483549016,3.15198,0,0.314159,0,0,0,10,-2,-0.00153398,0
1776902909488552702,3.15198,0,0.314159,0,0,0,10,-2,-0.00153398,0
1776902909493520770,3.15198,0,0.314159,0,0,0,10,-2,-0.00153398,0
1776902909498576632,3.15198,0,0.314159,0,0,0,10,-2,-0.00153398,0
1776902909503552479,3.15198,0,0.314159,0,0,0,10,-2,-0.00153398,0
1776902909508547423,3.15198,0,0.314159,0,0,0,10,-2,-0.00153398,0
1776902909513560777,3.15198,0,0.314159,0,0,0,10,-2,-0.00153398,0
1776902909518577373,3.15198,0,0.314159,0,0,0,10,-2,-0.00153398,0
1776902909523586356,3.15198,0,0.314159,0,0,0,10,-2,-0.00153398,0
1776902909528584503,3.15198,0,0.314159,0,0,0,10,-2,-0.00153398,0
1776902909533548923,3.15198,0,0.314159,0,0,0,10,-2,-0.00153398,0
1776902909538560054,3.15198,0,0.314159,0,0,0,10,-2,-0.00153398,0
1776902909543650571,3.15198,0,0.314159,0,0,0,10,-2,-0.00153398,0
1776902909548548978,3.15186,0,0.314159,0,2.50876,4.0163,10,-2,-0.00153398,0
1776902909553547737,3.15186,0,0.314159,0,2.2961,4.0163,10,-2,-0.00153398,0
1776902909558546644,3.15186,0,0.314159,0,2.35105,4.0163,10,0,0,0.306735
1776902909563548088,3.15186,0,-0.312625,0.306735,2.46829,4.0163,10,3,0.00230097,0.460286
1776902909568548181,3.15186,-0.236328,-0.310324,0.223958,2.85647,3.8816,10,9,0.00690291,0.76699
1776902909573602728,3.15076,-0.236328,-0.306817,0.530662,2.86779,3.87765,10,15,0.0115049,0.76699
1776902909578575223,3.15076,-0.740234,-0.302215,0.026756,3.38839,3.59043,10,29,0.0222427,1.84115
1776902909583588466,3.14599,-0.740234,-0.29625,1.10091,3.3355,3.57325,10,41,0.0314466,1.84115
1776902909588557256,3.14599,-1.17188,-0.287046,0.66927,3.33981,3.32721,10,61,0.0467864,2.60777
1776902909593532529,3.14134,-1.17188,-0.276359,1.43589,3.38205,3.31046,10,78,0.0598252,2.60777
1776902909598543068,3.14134,-2.85547,-0.26332,-0.247701,3.10434,2.35081,10,106,0.081301,3.67641
1776902909603562035,3.11102,-2.85547,-0.272159,0.820938,2.20771,2.24167,10,126,0.0966408,3.67641
1776902909608549903,3.11102,-3.4082,-0.256819,0.268204,1.98776,1.92661,10,151,0.115816,3.83956
1776902909613549106,3.09307,-3.4082,-0.240255,0.425981,1.68231,1.86196,10,184,0.141126,3.98915
1776902909618546531,3.09307,-4.07617,-0.230284,-0.087023,1.29842,1.48122,10,209,0.160301,4.13431
1776902909623556552,3.05424,-4.07617,-0.249945,0.0581341,1.22822,1.34122,10,230,0.176408,4.13431
1776902909628548902,3.05424,-4.26953,-0.233838,-0.135225,1.1505,1.231,10,263,0.201718,4.14092
1776902909633551921,2.99073,-4.26953,-0.272036,-0.128611,0.972806,1.0014,10,283,0.217058,4.14092
1776902909638562256,2.99073,-4.17188,-0.256696,-0.0309548,0.867383,1.05707,10,308,0.236233,3.98995
1776902909643577277,2.97069,-4.17188,-0.257563,-0.181929,0.824024,0.984372,10,333,0.255408,3.83342
1776902909648574499,2.97069,-3.93945,-0.238389,-0.106033,1.18381,1.11685,10,365,0.279951,3.98915
1776902909653573313,2.90916,-3.93945,-0.275375,0.0496943,0.953576,0.892706,10,386,0.296058,3.98915
1776902909658584760,2.90916,-3.88672,-0.259268,0.102429,1.09939,0.922764,10,412,0.316,4.14258
1776902909663561756,2.89056,-3.88672,-0.257923,0.255857,0.824994,0.85468,10,438,0.335942,3.98835
1776902909668552939,2.89056,-3.86328,-0.237982,0.125068,1.08025,0.868039,10,470,0.360485,4.14092
1776902909673577277,2.83188,-3.86328,-0.272117,0.277639,0.809366,0.651965,10,492,0.377359,4.14092
1776902909678555791,2.83188,-3.88086,-0.255243,0.260061,0.859229,0.641946,10,521,0.399602,4.29171
1776902909683656328,2.83188,-3.88086,-0.233001,0.410854,0.600576,0.641946,10,549,0.421078,4.29945
1776902909688576628,2.81235,-3.88086,-0.231055,0.418587,0.573065,0.569561,10,569,0.436418,4.28829
1776902909693545196,2.81235,-3.97852,-0.215715,0.30977,0.633196,0.513897,10,601,0.460961,3.99314
1776902909698555606,2.75183,-3.98828,-0.236351,0.0016644,0.39835,0.28232,10,635,0.487039,3.98835
1776902909703553494,2.73503,-3.98828,-0.242409,6.81877e-05,0.599537,0.219095,10,653,0.500845,3.98835
1776902909708579276,2.73503,-3.85742,-0.228603,0.130928,0.26149,0.293685,10,682,0.523087,3.68155
1776902909713637454,2.67368,-3.85742,-0.267718,-0.175869,0.280674,0.0606549,10,700,0.536893,3.68155
1776902909718635527,2.67368,-3.79102,-0.253913,-0.109463,0.0608839,0.0985065,10,726,0.556835,3.38018
1776902909723583129,2.65476,-3.79102,-0.252888,-0.41084,0.0951715,0.0259631,10,744,0.570641,3.38018
1776902909728597279,2.65476,-3.51172,-0.239082,-0.131543,0.114297,0.185162,10,770,0.590583,3.22071
1776902909733575034,2.5993,-3.51172,-0.274601,-0.291006,0.0925212,-0.0295898,10,786,0.602854,3.22071
1776902909738557031,2.5993,-3.41016,-0.262329,-0.189444,-0.00369611,0.0283008,10,808,0.619728,2.76117
1776902909743535045,2.58285,-3.41016,-0.261903,-0.648983,0.152359,-0.0360138,10,826,0.633534,2.76116
1776902909748607985,2.58285,-2.98438,-0.248097,-0.223214,0.0456504,0.206682,10,842,0.645806,2.60568
1776902909753561031,2.58285,-2.98438,-0.235825,-0.378697,0.236672,0.206682,10,855,0.655777,2.60568
1776902909758556419,2.53348,-2.98438,-0.275225,-0.378697,0.280111,0.0117865,10,867,0.664981,2.30282
1776902909763551770,2.50506,-2.65039,-0.283708,-0.196517,0.426313,0.0886381,10,888,0.681087,2.14844
1776902909768557808,2.50506,-2.31641,-0.278339,-0.167968,0.058499,0.279009,10,901,0.691058,1.99337
1776902909773555030,2.4797,-2.31641,-0.293723,-0.323035,0.341331,0.176896,10,910,0.697961,1.99337
1776902909778581146,2.4797,-2.14844,-0.28682,-0.155066,0.332592,0.272638,10,921,0.706398,1.84115
1776902909783548547,2.46949,-2.14844,-0.288594,-0.307287,0.721606,0.231285,10,931,0.714068,1.68771
1776902909788547769,2.46949,-1.67188,-0.280924,0.0158342,0.432226,0.502926,10,942,0.722505,1.38059
1776902909793520227,2.44038,-1.67188,-0.301593,-0.291288,0.568982,0.384292,10,948,0.727107,1.38059
1776902909798554122,2.44038,-1.52344,-0.296991,-0.142851,0.482348,0.468901,10,956,0.733243,1.22718
1776902909803548509,2.43251,-1.52344,-0.298734,-0.296261,0.528615,0.436593,10,963,0.738612,1.074
1776902909808551973,2.43251,-1.10742,-0.293365,-0.0334175,0.532812,0.673721,10,970,0.743981,0.920391
1776902909813555455,2.41274,-1.10742,-0.307757,-0.187031,0.682445,0.59231,10,974,0.747049,0.920391
1776902909818559659,2.41274,-0.966797,-0.304689,-0.0464058,0.7563,0.672466,10,978,0.750117,0.766981
1776902909823740841,2.41274,-0.966797,-0.301621,-0.199816,0.751842,0.672466,10,982,0.753185,0.613594
1776902909828601908,2.40657,-0.966797,-0.304731,-0.353203,0.882659,0.6469,10,985,0.755486,0.613594
1776902909833584108,2.40657,-0.966797,-0.304731,-0.353203,0.882659,0.6469,10,985,0.755486,0.613594
1776902909838674754,2.39481,-0.582031,-0.311114,-0.121836,0.999639,0.81744,10,989,0.758554,0.153399
1776902909843553954,2.39481,-0.289062,-0.311114,-0.135664,0.902404,0.984432,10,990,0.75932,0.153368
1776902909848552491,2.38847,-0.289062,0.311624,-0.135695,0.997586,0.958008,10,990,0.75932,0.153368
1776902909853662085,2.38847,-0.185547,0.311624,-0.032179,0.9958,1.01701,10,990,0.75932,0
1776902909858592201,2.38752,-0.185547,0.310675,-0.185547,0.996544,1.01306,10,990,0.75932,0
1776902909863575513,2.38655,0.0175781,0.309706,0.0175781,1.13686,1.1248,10,989,0.758554,-0.153429
1776902909868553453,2.38655,0.201172,0.308939,0.0477427,1.1199,1.22944,10,987,0.75702,-0.306858
1776902909873584607,2.38779,0.201172,0.308648,-0.105687,1.21717,1.23463,10,985,0.755486,-0.306858
1776902909878571901,2.38779,0.265625,0.307114,-0.0412334,1.23754,1.27136,10,982,0.753185,-0.460288
1776902909883559658,2.38885,0.265625,0.305874,-0.194663,1.30139,1.27579,10,979,0.750884,-0.306858
1776902909888560195,2.38885,0.376953,0.303573,0.0700947,1.30632,1.33924,10,976,0.748583,-0.460196
1776902909893535449,2.38885,0.376953,0.301272,-0.0832424,1.28513,1.33924,10,974,0.747049,-0.460196
1776902909898550360,2.39387,0.376953,0.30475,-0.0832424,1.37863,1.36011,10,972,0.745515,-0.460012
1776902909903561713,2.39387,0.408203,0.303216,-0.0518084,1.33888,1.37793,10,969,0.743214,-0.460368
1776902909908553193,2.39789,0.40625,0.303409,0.0995756,1.33934,1.39356,10,966,0.740913,-0.46038
1776902909913586255,2.39963,0.40625,0.304382,-0.0541297,1.36265,1.40079,10,964,0.739379,-0.46038
1776902909918551656,2.39963,0.361328,0.302848,-0.0990515,1.31549,1.37518,10,961,0.737078,-0.306797
1776902909923554860,2.4057,0.361328,0.306614,0.0545311,1.32435,1.40034,10,959,0.735544,-0.306552
1776902909928553193,2.4057,0.341797,0.30508,0.0352451,1.43255,1.38921,10,958,0.734777,-0.307104
1776902909933556916,2.40743,0.341797,0.30604,0.0346927,1.30942,1.39636,10,957,0.73401,-0.307104
1776902909938547321,2.40743,0.265625,0.305273,-0.0414791,1.42453,1.35295,10,955,0.732476,-0.306797
1776902909943520464,2.41197,0.265625,0.308281,-0.041172,1.34991,1.37174,10,955,0.732476,-0.306797
1776902909948550562,2.41197,0.216797,0.308281,-0.0900002,1.34264,1.34391,10,954,0.731709,-0.153184
1776902909953548210,2.41322,0.216797,0.308767,0.0636128,1.39052,1.34908,10,954,0.731709,-0.153184
1776902909958548895,2.41322,0.0585938,0.308767,-0.0945903,1.24006,1.25891,10,954,0.731709,0
1776902909963553377,2.41322,0.0585938,0.308767,0.0585938,1.16966,1.25891,10,954,0.731709,0
1776902909968579845,2.41525,0.0585938,0.310793,0.0585938,1.20297,1.26728,10,954,0.731709,0
1776902909973546450,2.41545,-0.0175781,0.310993,-0.0175781,1.21429,1.22469,10,954,0.731709,0
1776902909978550284,2.41545,-0.03125,0.310993,-0.03125,1.23489,1.2169,10,954,0.731709,0
1776902909983549432,2.41515,-0.03125,0.3107,-0.03125,1.28047,1.21568,10,954,0.731709,0
1776902909988553617,2.41515,-0.0332031,0.3107,-0.0332031,1.1919,1.21457,10,954,0.731709,0
1776902909993518037,2.41506,-0.0332031,0.310607,-0.0332031,1.20722,1.21419,10,954,0.731709,0
1776902909998544171,2.41468,-0.0234375,0.310222,-0.0234375,1.22846,1.21817,10,954,0.731709,0
1776902910003544816,2.41468,-0.00585938,0.310222,-0.00585938,1.20517,1.22819,10,954,0.731709,0
1776902910008556646,2.41459,-0.00585938,0.310131,-0.00585938,1.17711,1.22781,10,954,0.731709,0
1776902910013549676,2.41459,-0.00390625,0.310131,-0.00390625,1.16314,1.22892,10,954,0.731709,0
1776902910018549708,2.41459,-0.00390625,0.310131,-0.00390625,1.18389,1.22892,10,954,0.731709,0
1776902910023545775,2.41459,-0.00390625,0.310131,-0.00390625,1.18296,1.22892,10,954,0.731709,0
1776902910028559309,2.41459,-0.00390625,0.310131,-0.00390625,1.22822,1.22892,10,954,0.731709,0
1776902910033557877,2.41459,-0.00390625,0.310132,-0.00390625,1.15155,1.22893,10,954,0.731709,0
1776902910038554482,2.41448,-0.00390625,0.310024,-0.00390625,1.18386,1.22848,10,954,0.731709,0
1776902910043520433,2.41448,-0.00195312,0.310024,-0.00195312,1.29091,1.22959,10,954,0.731709,0
1776902910048542913,2.41448,-0.00195312,0.310023,-0.00195312,1.28131,1.22959,10,954,0.731709,0
1776902910053554169,2.41448,0.0136719,0.310023,0.0136719,1.25855,1.2385,10,954,0.731709,0
1776902910058546588,2.41459,0.0136719,0.310131,0.0136719,1.21441,1.23894,10,954,0.731709,0
1776902910063552084,2.41459,0.0078125,0.310131,0.0078125,1.16324,1.2356,10,954,0.731709,0
1776902910068547855,2.41468,0.0078125,0.310223,0.0078125,1.22829,1.23598,10,954,0.731709,0
1776902910073589876,2.41468,0.0117188,0.310223,0.0117188,1.19944,1.23821,10,954,0.731709,0
1776902910078606614,2.41477,0.0117188,0.310315,0.0117188,1.25389,1.23859,10,954,0.731709,0
1776902910083586234,2.41477,0.0175781,0.310315,0.0175781,1.2737,1.24193,10,954,0.731709,0
1776902910088582487,2.41486,0.0175781,0.310408,0.0175781,1.26074,1.24231,10,954,0.731709,0
1776902910093549179,2.41486,0.0136719,0.310408,0.0136719,1.20203,1.24008,10,954,0.731709,0
1776902910098558953,2.41486,0.0136719,0.310408,0.0136719,1.24101,1.24008,10,954,0.731709,0
1776902910103561374,2.41506,0.0136719,0.310608,0.0136719,1.22773,1.24091,10,954,0.731709,0
1776902910108558016,2.41506,-0.0136719,0.310608,-0.0136719,1.18175,1.22533,10,954,0.731709,0
1776902910113581292,2.41507,-0.0136719,0.310611,-0.0136719,1.24103,1.22534,10,954,0.731709,0
1776902910118549744,2.41507,-0.0234375,0.310611,-0.0234375,1.20812,1.21977,10,954,0.731709,0
1776902910123554758,2.41497,-0.0234375,0.310517,-0.0234375,1.17553,1.21938,10,954,0.731709,0
1776902910128553381,2.41497,-0.0214844,0.310517,-0.0214844,1.2692,1.2205,10,954,0.731709,0
1776902910133551524,2.41468,-0.0214844,0.310223,-0.0214844,1.21633,1.21928,10,954,0.731709,0
1776902910138543850,2.41468,-0.0136719,0.310223,-0.0136719,1.25837,1.22373,10,954,0.731709,0
1776902910143518821,2.41448,-0.0136719,0.310022,-0.0136719,1.16304,1.22291,10,954,0.731709,0
1776902910148554433,2.41448,0,0.310022,0,1.27702,1.2307,10,954,0.731709,0
1776902910153550686,2.41438,0,0.309929,0,1.13075,1.23031,10,954,0.731709,0
1776902910158560442,2.41438,0.0175781,0.309929,0.0175781,1.26079,1.24033,10,954,0.731709,0
1776902910163553787,2.41448,0.0175781,0.310022,0.0175781,1.20391,1.24072,10,954,0.731709,0
1776902910168556782,2.41448,0.0175781,0.310022,0.0175781,1.20391,1.24072,10,954,0.731709,0
1776902910173547867,2.41448,0.0273438,0.310022,0.0273438,1.22834,1.24628,10,954,0.731709,0
1776902910178606113,2.41486,0.0273438,0.31041,0.0273438,1.26088,1.24789,10,954,0.731709,0
1776902910183587789,2.41486,-0.00195312,0.31041,-0.00195312,1.3057,1.23119,10,954,0.731709,0
1776902910188576708,2.41506,-0.00195312,0.310609,-0.00195312,1.32604,1.23201,10,954,0.731709,0
1776902910193525044,2.41506,-0.0234375,0.310609,-0.0234375,1.1878,1.21977,10,954,0.731709,0
1776902910198587365,2.41497,-0.0234375,0.310516,-0.0234375,1.23712,1.21938,10,954,0.731709,0
1776902910203556891,2.41497,-0.03125,0.310516,-0.03125,1.22811,1.21493,10,954,0.731709,0
1776902910208574092,2.41468,-0.03125,0.310223,-0.03125,1.20757,1.21371,10,954,0.731709,0
1776902910213547989,2.41468,-0.0117188,0.310223,-0.0117188,1.23674,1.22485,10,954,0.731709,0
1776902910218552762,2.41438,-0.0117188,0.309929,-0.0117188,1.24869,1.22363,10,954,0.731709,0
1776902910223548052,2.41438,0.0117188,0.309929,0.0117188,1.24084,1.23699,10,954,0.731709,0
1776902910228585720,2.41448,0.0117188,0.310023,0.0117188,1.2609,1.23738,10,954,0.731709,0
1776902910233660098,2.41448,0.0253906,0.310023,0.0253906,1.29848,1.24517,10,954,0.731709,0
1776902910238591691,2.41468,0.0253906,0.310224,0.0253906,1.1957,1.246,10,954,0.731709,0
1776902910243547863,2.41468,0.0273438,0.310224,0.0273438,1.28017,1.24712,10,954,0.731709,0
1776902910248547746,2.41468,0.0273438,0.310224,0.0273438,1.18863,1.24712,10,954,0.731709,0
1776902910253574283,2.31702,0.0273438,0.212569,0.0273438,1.24095,0.836829,10,954,0.731709,0
1776902910258555403,2.31711,-0.00390625,0.212652,-0.00390625,0.888596,0.819374,10,954,0.731709,0
1776902910263575142,2.31711,-0.00976562,0.212652,-0.00976562,0.815735,0.816034,10,954,0.731709,0
1776902910268550132,2.31711,-0.00976562,0.212652,-0.00976562,0.781184,0.816034,10,954,0.731709,0
1776902910273572612,2.31711,0.0195312,0.212652,0.0195312,0.776545,0.832733,10,953,0.730942,-0.15346
1776902910278550528,2.31711,0.0195312,0.211885,-0.133929,0.797811,0.832733,10,953,0.730942,-0.15346
1776902910283549633,2.31711,0.0976562,0.211885,-0.0558037,0.740976,0.877265,10,952,0.730175,-0.15346
1776902910288545905,2.31777,0.0976562,0.211781,-0.0558037,0.803177,0.880098,10,951,0.729408,-0.15346
1776902910293526636,2.31777,0.136719,0.211014,-0.0167412,0.913216,0.902364,10,949,0.727874,-0.306858
1776902910298602589,2.31806,0.136719,0.20977,-0.17014,0.852673,0.9036,10,948,0.727107,-0.306858
1776902910303669892,2.31806,0.232422,0.209003,-0.0744365,0.838815,0.95815,10,946,0.725573,-0.306797
1776902910308593539,2.32126,0.232422,0.210666,-0.0743752,0.9547,0.971802,10,945,0.724806,-0.306797
1776902910313593571,2.32126,0.248047,0.209899,-0.0587502,0.994876,0.980709,10,943,0.723272,-0.306846
1776902910318661930,2.30269,0.248047,0.189031,0.0946177,1.02855,0.901201,10,941,0.721738,-0.306797
1776902910323579446,2.30269,0.248047,0.189031,0.0946177,1.02855,0.901201,10,941,0.721738,-0.306797
1776902910328611835,2.30702,0.259766,0.190296,0.106428,1.06377,0.926485,10,938,0.719437,-0.153337
1776902910333584454,2.30702,0.255859,0.190296,0.102522,0.990363,0.924259,10,936,0.717903,-0.30692
1776902910338552424,2.30777,0.255859,0.189507,-0.0510604,1.04416,0.927451,10,934,0.716369,-0.306736
1776902910343527766,2.30777,0.269531,0.187973,-0.0372044,1.04798,0.935244,10,932,0.714835,-0.306797
1776902910348594106,2.31211,0.269531,0.190779,-0.0372658,0.89359,0.953844,10,930,0.713301,-0.306797
1776902910353577431,2.31211,0.300781,0.189245,-0.00601578,0.82169,0.971657,10,926,0.710233,-0.460288
1776902910358554699,2.31297,0.300781,0.187044,-0.159506,0.916291,0.975368,10,924,0.708699,-0.460104
1776902910363556119,2.31297,0.445312,0.18551,-0.014791,0.99176,1.05775,10,920,0.705631,-0.460288
1776902910368580340,2.31919,0.445312,0.188658,-0.0149751,0.99176,1.05775,10,917,0.70333,-0.613471
1776902910373574500,2.31919,0.494141,0.186357,-0.119331,1.01602,1.11216,10,912,0.699495,-0.460184
1776902910378549157,2.32052,0.494141,0.183849,0.033957,1.01602,1.11216,10,909,0.697194,-0.612981
1776902910383546836,2.32052,0.619141,0.181548,0.00615954,0.930554,1.18908,10,904,0.693359,-0.614085
1776902910388550238,2.32052,0.619141,0.177713,0.00505531,0.930554,1.18908,10,902,0.691825,-0.612736
1776902910393527636,2.31882,0.619141,0.174484,0.00640434,0.930554,1.18908,10,898,0.688757,-0.614577
1776902910398550153,2.31882,0.607422,0.171416,-0.00715548,1.00235,1.17516,10,894,0.685689,-0.460196
1776902910403549721,2.32829,0.607422,0.177817,0.147226,1.00235,1.17516,10,891,0.683388,-0.613594
1776902910408552309,2.32829,0.519531,0.175516,-0.0940628,1.24703,1.16544,10,888,0.681087,-0.460276
1776902910413546839,2.33387,0.519531,0.178798,0.0592556,1.24703,1.16544,10,886,0.679554,-0.306736
1776902910418549593,2.33387,0.462891,0.177264,0.156155,1.17678,1.1569,10,883,0.677253,-0.460288
1776902910423550310,2.33625,0.462891,0.177338,0.00260305,1.17678,1.1569,10,881,0.675719,-0.306674
1776902910428585607,2.33625,0.355469,0.175804,0.0487944,1.19944,1.10576,10,879,0.674185,-0.306858
1776902910433593363,2.34031,0.355469,0.178329,0.0486104,1.19944,1.10576,10,877,0.672651,-0.306368
1776902910438553238,2.34031,0.291016,0.176795,-0.0153525,1.1842,1.08623,10,874,0.67035,-0.460841
1776902910443524561,2.34498,0.291016,0.179169,-0.169825,1.1842,1.08623,10,872,0.668816,-0.460012
1776902910448545170,2.34498,0.300781,0.177635,-0.15923,0.981651,1.1116,10,869,0.666515,-0.306981
1776902910453554759,2.34583,0.300781,0.176176,-0.00619996,0.981651,1.1116,10,867,0.664981,-0.306797
1776902910458560995,2.34583,0.380859,0.174642,0.0740623,1.10618,1.16081,10,864,0.66268,-0.460196
1776902910463559749,2.34583,0.380859,0.172341,-0.0793362,1.10618,1.16081,10,862,0.661146,-0.306674
1776902910468551130,2.34319,0.380859,0.16817,0.074185,1.16084,1.14965,10,859,0.658845,-0.460276
1776902910473581742,2.34319,0.416016,0.165869,-0.0442601,1.20079,1.16969,10,856,0.656544,-0.460196
1776902910478579847,2.34717,0.416016,0.167549,-0.0441799,1.20079,1.16969,10,854,0.65501,-0.306736
1776902910483581119,2.34717,0.427734,0.166015,0.120999,1.08091,1.19321,10,851,0.652709,-0.460196
1776902910488553238,2.35354,0.427734,0.17009,-0.0324612,1.08091,1.19321,10,849,0.651175,-0.460288
1776902910493527783,2.35354,0.425781,0.168556,-0.0345063,1.1459,1.21903,10,846,0.648874,-0.306797
1776902910498550449,2.35468,0.425781,0.167392,0.118984,1.1459,1.21903,10,845,0.648107,-0.306797
1776902910503591488,2.35468,0.363281,0.166625,0.0564842,1.18105,1.1882,10,843,0.646573,-0.306797
1776902910508549659,2.36174,0.363281,0.172152,0.0564842,1.18105,1.1882,10,842,0.645806,-0.153399
1776902910513550599,2.36174,0.314453,0.171385,0.161055,1.20132,1.19011,10,841,0.645039,-0.306797
1776902910518544759,2.36259,0.314453,0.171467,0.0076561,1.20132,1.19011,10,840,0.644272,0
1776902910523548939,2.36259,0.105469,0.1707,0.105469,1.19347,1.07456,10,840,0.644272,-0.153368
1776902910528544581,2.3666,0.105469,0.174708,-0.0478991,1.19347,1.07456,10,840,0.644272,0
1776902910533551150,2.3666,0.0273438,0.174708,0.0273438,1.19347,1.07456,10,840,0.644272,0
1776902910538555349,2.3666,0.0273438,0.174708,0.0273438,1.19307,1.04687,10,840,0.644272,0
1776902910543523190,2.36032,0.0273438,0.168425,0.0273438,1.19307,1.04687,10,840,0.644272,0
1776902910548542039,2.36032,-0.101562,0.168425,-0.101562,0.967979,0.946977,10,840,0.644272,0
1776902910553544034,2.3588,-0.101562,0.166905,-0.101562,0.967979,0.946977,10,840,0.644272,0
1776902910558554790,2.3588,-0.0878906,0.166905,-0.0878906,1.0581,0.948373,10,840,0.644272,0
1776902910563547060,2.35813,-0.0878906,0.166235,-0.0878906,1.0581,0.948373,10,840,0.644272,0
1776902910568550259,2.35813,-0.0644531,0.166235,-0.0644531,0.935974,0.95891,10,840,0.644272,0
1776902910573547123,2.35775,-0.0644531,0.165856,-0.0644531,0.935974,0.95891,10,840,0.644272,0
1776902910578552434,2.35775,0.00976562,0.165856,0.00976562,0.935667,0.999615,10,840,0.644272,0
1776902910583606660,2.35737,0.00976562,0.165476,0.00976562,0.935667,0.999615,10,840,0.644272,0
1776902910588586873,2.35737,0.0507812,0.165476,0.0507812,0.978537,1.0214,10,840,0.644272,0
1776902910593547527,2.35754,0.0507812,0.165652,0.0507812,0.978537,1.0214,10,840,0.644272,0
1776902910598580324,2.35754,0.0683594,0.165652,0.0683594,0.936062,1.03216,10,840,0.644272,0
1776902910603550813,2.35822,0.0683594,0.166324,0.0683594,0.936062,1.03216,10,840,0.644272,0
1776902910608583869,2.35822,0.0546875,0.166324,0.0546875,1.07331,1.02719,10,840,0.644272,0
1776902910613555265,2.35822,0.0546875,0.166324,0.0546875,1.07331,1.02719,10,840,0.644272,0
1776902910618594193,2.35137,0.0546875,0.159478,0.0546875,1.0384,0.998325,10,840,0.644272,0
1776902910623554902,2.35137,-0.0175781,0.159478,-0.0175781,1.07158,0.957133,10,840,0.644272,0
1776902910628599423,2.35184,-0.0175781,0.159945,-0.0175781,1.07158,0.957133,10,840,0.644272,0
1776902910633583952,2.35184,-0.0332031,0.159945,-0.0332031,1.01242,0.950197,10,840,0.644272,0
1776902910638554608,2.35175,-0.0332031,0.159857,-0.0332031,1.01242,0.950197,10,840,0.644272,0
1776902910643530301,2.35175,-0.0488281,0.159857,-0.0488281,0.940664,0.940921,10,840,0.644272,0
1776902910648548725,2.35137,-0.0488281,0.159478,-0.0488281,0.940664,0.940921,10,840,0.644272,0
1776902910653551775,2.35137,-0.03125,0.159478,-0.03125,0.980007,0.949339,10,840,0.644272,0
1776902910658577200,2.35099,-0.03125,0.1591,-0.03125,0.980007,0.949339,10,840,0.644272,0
1776902910663641577,2.35099,0.00390625,0.1591,0.00390625,0.992753,0.96778,10,840,0.644272,0
1776902910668574207,2.3507,0.00390625,0.158808,0.00390625,0.992753,0.96778,10,840,0.644272,0
1776902910673585259,2.3507,0.0292969,0.158808,0.0292969,0.960153,0.981023,10,840,0.644272,0
1776902910678554304,2.3507,0.0292969,0.158808,0.0292969,0.960153,0.981023,10,840,0.644272,0
1776902910683556280,2.34852,0.0292969,0.156628,0.0292969,0.960153,0.981023,10,840,0.644272,0
1776902910688605839,2.34852,0.0390625,0.156628,0.0390625,0.959992,0.977379,10,840,0.644272,0
1776902910693573864,2.34907,0.0390625,0.157181,0.0390625,0.959992,0.977379,10,840,0.644272,0
1776902910698559152,2.34907,0.0175781,0.157181,0.0175781,0.907774,0.967468,10,840,0.644272,0
1776902910703560166,2.34928,0.0175781,0.157385,0.0175781,0.907774,0.967468,10,840,0.644272,0
1776902910708550362,2.34928,0.00390625,0.157385,0.00390625,0.967987,0.960538,10,840,0.644272,0
1776902910713559488,2.34936,0.00390625,0.157472,0.00390625,0.967987,0.960538,10,840,0.644272,0
1776902910718552833,2.34936,-0.00390625,0.157472,-0.00390625,1.02021,0.956451,10,840,0.644272,0
1776902910723580388,2.34936,-0.00390625,0.157472,-0.00390625,1.02021,0.956451,10,840,0.644272,0
1776902910728555081,2.34936,0,0.157472,0,0.904531,0.958678,10,840,0.644272,0
1776902910733691008,2.34936,0,0.157472,0,0.904531,0.958678,10,840,0.644272,0
1776902910738589761,2.34936,-0.00195312,0.157472,-0.00195312,1.00483,0.957565,10,840,0.644272,0
1776902910743593294,2.34936,-0.00195312,0.157472,-0.00195312,1.00483,0.957565,10,840,0.644272,0
1776902910748666431,2.34936,-0.00195312,0.157472,-0.00195312,0.937295,0.957565,10,840,0.644272,0
1776902910753629233,2.34936,-0.00195312,0.157472,-0.00195312,0.937295,0.957565,10,840,0.644272,0
1776902910758589795,2.34919,-0.00195312,0.157297,-0.00195312,0.951276,0.956825,10,840,0.644272,0
1776902910763557654,2.34919,-0.00390625,0.157297,-0.00390625,0.954763,0.955712,10,840,0.644272,0
1776902910768560056,2.34919,-0.00390625,0.157297,-0.00390625,0.954763,0.955712,10,840,0.644272,0
1776902910773556142,2.34919,-0.00585938,0.157297,-0.00585938,0.954763,0.955712,10,840,0.644272,0
1776902910778581863,2.34907,-0.00585938,0.157181,-0.00585938,0.937389,0.954109,10,840,0.644272,0
1776902910783553464,2.34907,0.00390625,0.157181,0.00390625,0.935941,0.959675,10,840,0.644272,0
1776902910788556885,2.34907,0.00390625,0.157181,0.00390625,0.935941,0.959675,10,840,0.644272,0
1776902910793527300,2.34907,0.00585938,0.157181,0.00585938,0.971207,0.960789,10,840,0.644272,0
1776902910798558763,2.34907,0.00585938,0.157181,0.00585938,0.971207,0.960789,10,840,0.644272,0
1776902910803550237,2.34907,0.00976562,0.157181,0.00976562,0.920353,0.963015,10,840,0.644272,0
1776902910808588702,2.34928,0.00976562,0.157385,0.00976562,0.920353,0.963015,10,840,0.644272,0
1776902910813582435,2.34928,0.00976562,0.157385,0.00976562,0.970195,0.963877,10,840,0.644272,0
1776902910818585449,2.34928,0.00976562,0.157385,0.00976562,0.970195,0.963877,10,840,0.644272,0
1776902910823586999,2.34928,0.00195312,0.157385,0.00195312,1.01912,0.959424,10,840,0.644272,0
1776902910828591143,2.34928,0.00195312,0.157385,0.00195312,1.01912,0.959424,10,840,0.644272,0
1776902910833580302,2.34928,0.00195312,0.157385,0.00195312,1.01912,0.959424,10,840,0.644272,0
1776902910838600244,2.34928,-0.0136719,0.157385,-0.0136719,0.887484,0.950518,10,840,0.644272,0
1776902910843542728,2.34919,-0.0136719,0.157297,-0.0136719,0.887484,0.950518,10,840,0.644272,0
1776902910848553539,2.34919,-0.0078125,0.157297,-0.0078125,0.95245,0.953487,10,840,0.644272,0
1776902910853552144,2.34899,-0.0078125,0.157094,-0.0078125,0.95245,0.953487,10,840,0.644272,0
1776902910858591850,2.34899,-0.00195312,0.157094,-0.00195312,0.937309,0.955967,10,840,0.644272,0
1776902910863577175,2.34899,-0.00195312,0.157094,-0.00195312,0.937309,0.955967,10,840,0.644272,0
1776902910868558907,2.34899,0.00585938,0.157094,0.00585938,0.98627,0.96042,10,840,0.644272,0
1776902910873576219,2.34899,0.00585938,0.157094,0.00585938,0.98627,0.96042,10,840,0.644272,0
1776902910878552005,2.34899,0.00585938,0.157094,0.00585938,1.002,0.96042,10,840,0.644272,0
1776902910883554019,2.34907,0.00585938,0.157182,0.00585938,1.002,0.96042,10,840,0.644272,0
1776902910888545567,2.34907,0.00585938,0.157182,0.00585938,0.93798,0.960792,10,840,0.644272,0
1776902910893522872,2.34919,0.00585938,0.157298,0.00585938,0.93798,0.960792,10,840,0.644272,0
1776902910898546778,2.34919,0.00195312,0.157298,0.00195312,1.00285,0.959057,10,840,0.644272,0
1776902910903543828,2.34919,0.00195312,0.157298,0.00195312,1.00285,0.959057,10,840,0.644272,0
1776902910908541433,2.34919,0.00195312,0.157298,0.00195312,0.921029,0.959057,10,840,0.644272,0
1776902910913581546,2.34919,-0.0078125,0.157298,-0.0078125,1.00301,0.95349,10,840,0.644272,0
1776902910918556054,2.34907,-0.0078125,0.157182,-0.0078125,1.00301,0.95349,10,840,0.644272,0
1776902910923551159,2.34907,-0.00585938,0.157182,-0.00585938,0.953385,0.954112,10,840,0.644272,0
1776902910928545726,2.34899,-0.00585938,0.157094,-0.00585938,0.953385,0.954112,10,840,0.644272,0
1776902910933576708,2.34899,-0.00195312,0.157094,-0.00195312,1.03588,0.95597,10,840,0.644272,0
1776902910938586167,2.34899,-0.00195312,0.157094,-0.00195312,1.03588,0.95597,10,840,0.644272,0
1776902910943523001,2.34899,-0.00390625,0.157094,-0.00390625,0.953274,0.954856,10,840,0.644272,0
1776902910948596324,2.3489,-0.00390625,0.157008,-0.00390625,0.953274,0.954856,10,840,0.644272,0
1776902910953575222,2.3489,-0.00195312,0.157008,-0.00195312,0.954277,0.955603,10,840,0.644272,0
1776902910958558695,2.3489,-0.00195312,0.157008,-0.00195312,0.954277,0.955603,10,840,0.644272,0
1776902910963590010,2.3489,-0.00390625,0.157008,-0.00390625,0.920934,0.954491,10,840,0.644272,0
1776902910968580299,2.3489,-0.00390625,0.157008,-0.00390625,0.920934,0.954491,10,840,0.644272,0
1776902910973562142,2.3489,-0.00585938,0.157008,-0.00585938,0.920516,0.953377,10,840,0.644272,0
1776902910978573323,2.3489,-0.00585938,0.157008,-0.00585938,0.920516,0.953377,10,840,0.644272,0
1776902910983548276,2.3489,-0.00585938,0.157008,-0.00585938,0.920516,0.953377,10,840,0.644272,0
1776902910988553679,2.3489,-0.0078125,0.157008,-0.0078125,0.937374,0.952264,10,840,0.644272,0
1776902910993518797,2.34881,-0.0078125,0.15692,-0.0078125,0.937374,0.952264,10,840,0.644272,0
1776902910998550704,2.34881,-0.0117188,0.15692,-0.0117188,0.985783,0.949668,10,840,0.644272,0
1776902911003552566,2.34861,-0.0117188,0.156717,-0.0117188,0.985783,0.949668,10,840,0.644272,0
1776902911008547350,2.34861,-0.0117188,0.156717,-0.0117188,0.938818,0.948808,10,840,0.644272,0
1776902911013542394,2.34852,-0.0117188,0.156629,-0.0117188,0.938818,0.948808,10,840,0.644272,0
1776902911018544272,2.34852,-0.00976562,0.156629,-0.00976562,0.922186,0.949552,10,840,0.644272,0
1776902911023547317,2.34852,-0.00976562,0.15663,-0.00976562,0.922186,0.949552,10,840,0.644272,0
1776902911028554622,2.34852,-0.00390625,0.15663,-0.00390625,0.937322,0.952893,10,840,0.644272,0
1776902911033560890,2.34832,-0.00390625,0.156426,-0.00390625,0.937322,0.952893,10,840,0.644272,0
1776902911038549118,2.34832,0.00390625,0.156426,0.00390625,0.952833,0.956486,10,840,0.644272,0
1776902911043559164,2.34832,0.00390625,0.156426,0.00390625,0.952833,0.956486,10,840,0.644272,0
1776902911048544836,2.34832,0.0078125,0.156426,0.0078125,0.935527,0.958713,10,840,0.644272,0
1776902911053547270,2.34852,0.0078125,0.15663,0.0078125,0.952819,0.959573,10,840,0.644272,0
1776902911058544925,2.34852,0.00195312,0.15663,0.00195312,0.952819,0.959573,10,840,0.644272,0
1776902911063547692,2.34861,0.00195312,0.156717,0.00195312,0.968857,0.956603,10,840,0.644272,0
1776902911068541532,2.34861,-0.00195312,0.156717,-0.00195312,0.968857,0.956603,10,840,0.644272,0
1776902911073559802,2.34861,-0.00195312,0.156717,-0.00195312,0.968857,0.956603,10,840,0.644272,0
1776902911078552549,2.34861,-0.00390625,0.156717,-0.00390625,0.937391,0.953263,10,840,0.644272,0
1776902911083547277,2.34861,-0.00390625,0.156717,-0.00390625,0.937391,0.953263,10,840,0.644272,0
1776902911088602276,2.34861,-0.0078125,0.156717,-0.0078125,0.920122,0.951037,10,840,0.644272,0
1776902911093581965,2.34852,-0.0078125,0.15663,-0.0078125,0.920122,0.951037,10,840,0.644272,0
1776902911098559654,2.34852,-0.0078125,0.15663,-0.0078125,0.952535,0.950667,10,840,0.644272,0
1776902911103594983,2.34852,-0.0078125,0.15663,-0.0078125,0.952535,0.950667,10,840,0.644272,0
1776902911108551260,2.34852,-0.0078125,0.15663,-0.0078125,0.939426,0.950667,10,840,0.644272,0
1776902911113548693,2.34832,-0.0078125,0.156427,-0.0078125,0.939426,0.950667,10,840,0.644272,0
1776902911118551071,2.34832,-0.0117188,0.156427,-0.0117188,0.886793,0.947583,10,840,0.644272,0
1776902911123555413,2.34852,-0.0117188,0.156631,-0.0117188,1.00307,0.948443,10,840,0.644272,0
1776902911128544974,2.34852,-0.0195312,0.156631,-0.0195312,1.00307,0.948443,10,840,0.644272,0
1776902911133546241,2.34823,-0.0195312,0.15634,-0.0195312,0.919206,0.942762,10,840,0.644272,0
1776902911138549582,2.34823,-0.0234375,0.15634,-0.0234375,0.919206,0.942762,10,840,0.644272,0
1776902911143521066,2.34794,-0.0234375,0.156049,-0.0234375,0.94048,0.939305,10,840,0.644272,0
1776902911148545337,2.34794,-0.0273438,0.156049,-0.0273438,0.94048,0.939305,10,841,0.645039,0
1776902911153561366,2.34777,-0.0273438,0.156642,-0.0273438,0.94048,0.939305,10,841,0.645039,0.153399
1776902911158558855,2.34777,-0.03125,0.156642,0.122149,0.973577,0.934118,10,841,0.645039,0
1776902911163544934,2.34756,-0.03125,0.156439,-0.03125,0.973577,0.934118,10,841,0.645039,0
1776902911168667093,2.34756,-0.03125,0.156439,-0.03125,1.00562,0.933257,10,841,0.645039,0
1776902911173590753,2.34739,-0.03125,0.156264,-0.03125,1.00562,0.933257,10,841,0.645039,0
1776902911178573980,2.34739,-0.0292969,0.156264,-0.0292969,0.96848,0.933633,10,842,0.645806,0.153399
1776902911183553928,2.3471,-0.0292969,0.156741,0.124102,0.96848,0.933633,10,842,0.645806,0
1776902911188773550,2.3471,-0.0292969,0.156741,-0.0292969,0.989998,0.932407,10,842,0.645806,0
1776902911193638551,2.3469,-0.0292969,0.156537,-0.0292969,0.905817,0.931544,10,842,0.645806,0
1776902911198561452,2.3469,-0.0214844,0.156537,-0.0214844,0.905817,0.931544,10,842,0.645806,0
1776902911203538196,2.34652,-0.0214844,0.15616,-0.0214844,0.871084,0.9344,10,842,0.645806,0
1776902911208533832,2.34652,-0.0273438,0.15616,-0.0273438,0.871084,0.9344,10,843,0.646573,0
1776902911213543731,2.34634,-0.0273438,0.156752,-0.0273438,0.907914,0.930323,10,843,0.646573,0.15346
1776902911218558852,2.34634,-0.0253906,0.156752,0.128069,0.907914,0.930323,10,843,0.646573,0
1776902911223551395,2.34614,-0.0253906,0.156549,-0.0253906,0.90803,0.930577,10,843,0.646573,0
1776902911228585650,2.34614,-0.0371094,0.156549,-0.0371094,0.90803,0.930577,10,843,0.646573,0
1776902911233554059,2.34576,-0.0371094,0.156172,-0.0371094,0.981468,0.922302,10,844,0.64734,0
1776902911238560271,2.34576,-0.0410156,0.156939,-0.0410156,0.981468,0.922302,10,844,0.64734,0.153399
1776902911243543572,2.34547,-0.0410156,0.156648,0.112383,0.946552,0.918845,10,845,0.648107,0
1776902911248557878,2.34547,-0.0664062,0.157415,-0.0664062,0.946552,0.918845,10,845,0.648107,0.153399
1776902911253549718,2.34472,-0.0664062,0.15666,0.0869923,0.93777,0.901175,10,846,0.648874,0
1776902911258550466,2.34472,-0.0996094,0.157427,-0.0996094,0.93777,0.901175,10,847,0.649641,0.153429
1776902911263639453,2.34472,-0.0996094,0.158194,0.0538198,0.826173,0.88225,10,848,0.650408,0.153429
1776902911268606787,2.34576,-0.0996094,0.160009,0.0538198,0.826173,0.88225,10,848,0.650408,0.153368
1776902911273596682,2.34576,-0.140625,0.160009,0.0127428,0.873744,0.863307,10,850,0.651942,0.153399
1776902911278559794,2.34455,-0.140625,0.160324,0.0127735,0.873744,0.863307,10,851,0.652709,0.153368
1776902911283558634,2.34455,-0.179688,0.161091,-0.0263197,0.840404,0.835881,10,852,0.653476,0.153429
1776902911288552474,2.34292,-0.179688,0.160231,-0.0262583,0.840404,0.835881,10,853,0.654243,0.306797
1776902911293524680,2.34292,-0.191406,0.160998,0.115391,0.929712,0.822316,10,854,0.65501,0.153399
1776902911298553341,2.34112,-0.191406,0.159966,-0.0380077,0.929712,0.822316,10,855,0.655777,0.153368
1776902911303558553,2.34112,-0.167969,0.160733,-0.0146009,0.790107,0.828054,10,856,0.656544,0
1776902911308549318,2.33912,-0.167969,0.159498,-0.167969,0.790107,0.828054,10,856,0.656544,0.153399
1776902911313562180,2.33912,-0.119141,0.159498,0.0342579,0.693363,0.8474,10,857,0.657311,0.153368
1776902911318584191,2.3377,-0.119141,0.158846,0.0342272,0.693363,0.8474,10,857,0.657311,0
1776902911323581976,2.3377,-0.0214844,0.158846,-0.0214844,0.717479,0.897043,10,857,0.657311,0
1776902911328548515,2.33674,-0.0214844,0.15789,-0.0214844,0.717479,0.897043,10,857,0.657311,0
1776902911333547559,2.33674,0.00585938,0.15789,0.00585938,0.939226,0.90857,10,857,0.657311,0
1776902911338551160,2.33816,0.00585938,0.159311,0.00585938,0.939226,0.90857,10,857,0.657311,0
1776902911343594601,2.33816,0.0449219,0.159311,0.0449219,0.967444,0.936866,10,857,0.657311,0
1776902911348586015,2.33866,0.0449219,0.159806,0.0449219,0.967444,0.936866,10,857,0.657311,0
1776902911353588893,2.33866,0.0449219,0.159806,0.0449219,0.860045,0.938966,10,857,0.657311,0
1776902911358560895,2.33883,0.0449219,0.159979,0.0449219,0.860045,0.938966,10,857,0.657311,0
1776902911363549864,2.33883,0.0195312,0.159979,0.0195312,0.925357,0.925226,10,857,0.657311,0
1776902911368549112,2.33941,0.0195312,0.160559,0.0195312,0.925357,0.925226,10,857,0.657311,0
1776902911373545656,2.33941,-0.00585938,0.160559,-0.00585938,0.990097,0.913217,10,857,0.657311,0
1776902911378549164,2.33941,-0.00585938,0.160559,-0.00585938,0.990097,0.913217,10,857,0.657311,0
1776902911383544578,2.33941,-0.0429688,0.160559,-0.0429688,0.892251,0.892064,10,857,0.657311,0
1776902911388548530,2.33904,-0.0429688,0.160183,-0.0429688,0.892251,0.892064,10,857,0.657311,0
1776902911393526441,2.33904,-0.0527344,0.160183,-0.0527344,0.883906,0.884903,10,857,0.657311,0
1776902911398549490,2.33875,-0.0527344,0.159893,-0.0527344,0.883906,0.884903,10,857,0.657311,0
1776902911403574113,2.33875,-0.0449219,0.159893,-0.0449219,0.956491,0.888124,10,858,0.658078,0
1776902911408604311,2.33921,-0.0449219,0.161123,0.108477,0.956491,0.888124,10,858,0.658078,0
1776902911413578407,2.33921,-0.0214844,0.161123,-0.0214844,0.884484,0.903449,10,858,0.658078,0
1776902911418549094,2.33883,-0.0214844,0.160746,-0.0214844,0.884484,0.903449,10,858,0.658078,0
1776902911423552565,2.33883,-0.00195312,0.160746,-0.00195312,0.884566,0.912983,10,858,0.658078,0
1776902911428553536,2.33875,-0.00195312,0.16066,-0.00195312,0.884566,0.912983,10,858,0.658078,0
1776902911433548542,2.33875,0.00390625,0.16066,0.00390625,0.924058,0.915957,10,858,0.658078,0
1776902911438585668,2.33875,0.00390625,0.16066,0.00390625,0.924058,0.915957,10,858,0.658078,0
1776902911443547483,2.33875,0.00390625,0.16066,0.00390625,0.924543,0.915957,10,858,0.658078,0
1776902911448548843,2.33883,0.00390625,0.160747,0.00390625,0.924543,0.915957,10,858,0.658078,0
1776902911453553295,2.33883,-0.00390625,0.160747,-0.00390625,0.900928,0.911873,10,858,0.658078,0
1776902911458557266,2.33883,-0.00390625,0.160747,-0.00390625,0.900928,0.911873,10,858,0.658078,0
1776902911463639400,2.33883,-0.0253906,0.160747,-0.0253906,0.907556,0.899627,10,858,0.658078,0
1776902911468581730,2.33875,-0.0253906,0.160661,-0.0253906,0.907556,0.899627,10,858,0.658078,0
1776902911473593925,2.33875,-0.0292969,0.160661,-0.0292969,0.875554,0.897034,10,859,0.658845,0.153337
1776902911478575429,2.33875,-0.0292969,0.161428,0.12404,0.875554,0.897034,10,859,0.658845,0
1776902911483575770,2.33979,-0.0292969,0.162472,-0.0292969,0.802794,0.901465,10,860,0.659612,0
1776902911488548606,2.33979,-0.0546875,0.163239,-0.0546875,0.802794,0.901465,10,860,0.659612,0
1776902911493522924,2.33883,-0.0546875,0.162282,-0.0546875,0.85665,0.882934,10,861,0.660379,0
1776902911498545528,2.33883,-0.0761719,0.163049,-0.0761719,0.85665,0.882934,10,861,0.660379,0.153337
1776902911503556315,2.33817,-0.0761719,0.162382,0.0771653,0.909023,0.867857,10,862,0.661146,0
1776902911508557990,2.33817,-0.0917969,0.163149,-0.0917969,0.909023,0.867857,10,863,0.661913,0.153337
1776902911513552403,2.33779,-0.0917969,0.163539,0.0615403,0.813252,0.857353,10,864,0.66268,0.15346
1776902911518548540,2.33779,-0.140625,0.164306,0.0128349,0.813252,0.857353,10,865,0.663447,0.153356
1776902911523590796,2.33599,-0.140625,0.163277,0.0127309,0.967144,0.821897,10,866,0.664214,0.153429
1776902911528584654,2.33599,-0.146484,0.164044,0.00694482,0.967144,0.821897,10,867,0.664981,0.153368
1776902911533561843,2.33533,-0.146484,0.164145,0.00688346,0.855684,0.815729,10,867,0.664981,0.153429
1776902911538549422,2.33533,-0.134766,0.164145,0.0186636,0.855684,0.815729,10,868,0.665748,0.153399
1776902911543519053,2.33316,-0.134766,0.16274,0.0186329,0.823856,0.813183,10,869,0.666515,0
1776902911548541824,2.33316,-0.121094,0.163507,-0.121094,0.823856,0.813183,10,869,0.666515,0.153399
1776902911553548481,2.33316,-0.121094,0.163507,0.0323048,0.848019,0.820976,10,870,0.667282,0
1776902911558552730,2.33591,-0.121094,0.167027,-0.121094,0.848019,0.820976,10,870,0.667282,0.153399
1776902911563547255,2.33591,-0.0605469,0.167027,0.0928516,0.836789,0.867181,10,870,0.667282,0
1776902911568550485,2.33458,-0.0605469,0.165694,-0.0605469,0.836789,0.867181,10,870,0.667282,0
1776902911573546011,2.33458,-0.0117188,0.165694,-0.0117188,0.875069,0.889352,10,870,0.667282,0
1776902911578556705,2.3342,-0.0117188,0.165317,-0.0117188,0.875069,0.889352,10,870,0.667282,0
1776902911583559528,2.3342,0.0078125,0.165317,0.0078125,0.935758,0.898884,10,870,0.667282,0
1776902911588554220,2.3342,0.0078125,0.165317,0.0078125,0.935758,0.898884,10,870,0.667282,0
1776902911593584196,2.3342,0.00390625,0.165317,0.00390625,0.83883,0.896657,10,870,0.667282,0
1776902911598663181,2.3342,0.00390625,0.165318,0.00390625,0.83883,0.896657,10,871,0.668049,0
1776902911603599195,2.3342,-0.0175781,0.166085,-0.0175781,0.893688,0.884414,10,871,0.668049,0.153399
1776902911608643099,2.3342,-0.0175781,0.166085,0.13582,0.893688,0.884414,10,871,0.668049,0
1776902911613608878,2.3342,-0.0585938,0.166085,-0.0585938,0.87818,0.861035,10,872,0.668816,0.153399
1776902911618581362,2.33374,-0.0585938,0.166389,0.0948048,0.87818,0.861035,10,873,0.669583,0
1776902911623550123,2.33374,-0.0722656,0.167156,-0.0722656,0.925779,0.851277,10,873,0.669583,0.153399
1776902911628561077,2.33374,-0.0722656,0.167156,0.0811329,0.925779,0.851277,10,874,0.67035,0
1776902911633558547,2.3357,-0.0722656,0.16989,-0.0722656,0.925779,0.851277,10,875,0.671117,0.153552
1776902911638574650,2.3357,-0.138672,0.170657,0.0148802,0.829601,0.82178,10,877,0.672651,0.153399
1776902911643526834,2.33362,-0.138672,0.170106,0.0147266,0.829601,0.82178,10,878,0.673418,0.306858
1776902911648545475,2.33362,-0.148438,0.170873,0.158421,0.882028,0.807357,10,879,0.674185,0.153399
1776902911653558540,2.33278,-0.148438,0.170802,0.00496101,0.882028,0.807357,10,881,0.675719,0.306674
1776902911658555158,2.33278,-0.201172,0.172336,0.105502,0.739343,0.773737,10,882,0.676486,0.153399
1776902911663555277,2.33041,-0.201172,0.17073,-0.0477734,0.739343,0.773737,10,884,0.67802,0.306797
1776902911668548783,2.33041,-0.21875,0.172264,0.088047,0.791085,0.753627,10,886,0.679554,0.153399
1776902911673559737,2.32908,-0.21875,0.172467,-0.0653515,0.791085,0.753627,10,887,0.680321,0.306797
1776902911678552873,2.32908,-0.289062,0.173234,0.0177345,0.701422,0.707889,10,890,0.682621,0.30692
1776902911683552639,2.32558,-0.289062,0.172041,0.0178573,0.701422,0.707889,10,892,0.684155,0.306736
1776902911688555296,2.32558,-0.310547,0.173575,-0.00381121,0.634536,0.680761,10,895,0.686456,0.306785
1776902911693530373,2.32379,-0.310547,0.174087,-0.00376177,0.634536,0.680761,10,896,0.687223,0.460196
1776902911698541160,2.32379,-0.355469,0.174854,0.104727,0.560703,0.64753,10,899,0.689524,0.306858
1776902911703587379,2.32379,-0.355469,0.177155,-0.0486104,0.560703,0.64753,10,901,0.691058,0.460104
1776902911708552418,2.32106,-0.355469,0.17595,0.104635,0.654869,0.635847,10,904,0.693359,0.306736
1776902911713551369,2.32106,-0.392578,0.178251,-0.0858425,0.653127,0.614694,10,907,0.69566,0.460288
1776902911718561916,2.31538,-0.392578,0.174875,0.0677094,0.653127,0.614694,10,909,0.697194,0.460288
1776902911723553977,2.31538,-0.402344,0.176409,0.0579438,0.580289,0.584872,10,913,0.700262,0.306797
1776902911728546409,2.31302,-0.402344,0.177118,-0.0955467,0.580289,0.584872,10,915,0.701796,0.460012
1776902911733581701,2.31302,-0.427734,0.178652,0.0322772,0.624335,0.560306,10,918,0.704097,0.460288
1776902911738582394,2.30719,-0.427734,0.175123,0.0325532,0.624335,0.560306,10,920,0.705631,0.460184
1776902911743530910,2.30719,-0.427734,0.176656,0.0324492,0.527053,0.535323,10,924,0.708699,0.306736
1776902911748575537,2.30463,-0.427734,0.177166,-0.120999,0.527053,0.535323,10,926,0.710233,0.45992
1776902911753557097,2.30463,-0.427734,0.1787,0.0321852,0.743987,0.524344,10,929,0.712534,0.460564
1776902911758561012,2.3003,-0.427734,0.176673,0.0328296,0.743987,0.524344,10,931,0.714068,0.306613
1776902911763555278,2.3003,-0.421875,0.178207,-0.115262,0.624379,0.509086,10,934,0.716369,0.460472
1776902911768556415,2.29606,-0.421875,0.176267,0.0385968,0.624379,0.509086,10,936,0.717903,0.306797
1776902911773559312,2.29606,-0.378906,0.177801,-0.0721092,0.46026,0.515328,10,939,0.720204,0.460104
1776902911778610162,2.29606,-0.378906,0.180102,0.0811973,0.46026,0.515328,10,940,0.720971,0.306858
1776902911783591148,2.29212,-0.378906,0.176923,-0.0720479,0.46026,0.515328,10,942,0.722505,0.306797
1776902911788574115,2.29212,-0.332031,0.178457,-0.0252342,0.473146,0.525036,10,945,0.724806,0.306858
1776902911793525669,2.28686,-0.332031,0.175505,-0.0251729,0.473146,0.525036,10,946,0.725573,0.306736
1776902911798583762,2.28686,-0.292969,0.176272,0.0137669,0.519041,0.524625,10,948,0.727107,0.306785
1776902911803557783,2.28387,-0.292969,0.174815,0.0138164,0.519041,0.524625,10,950,0.728641,0.306797
1776902911808561217,2.28387,-0.277344,0.176349,0.0294533,0.371671,0.520598,10,952,0.730175,0.306858
1776902911813548667,2.28096,-0.277344,0.174976,0.0295146,0.371671,0.520598,10,953,0.730942,0.153276
1776902911818579346,2.28096,-0.275391,0.175743,-0.122115,0.456972,0.509127,10,956,0.733243,0.306981
1776902911823578539,2.27814,-0.275391,0.17522,0.0315906,0.456972,0.509127,10,957,0.73401,0.306736
1776902911828552449,2.27814,-0.302734,0.175987,0.00400129,0.434782,0.481305,10,960,0.736311,0.306858
1776902911833550697,2.27537,-0.302734,0.175512,0.00412402,0.434782,0.481305,10,962,0.737845,0.306858
1776902911838551019,2.27537,-0.316406,0.177046,-0.00954786,0.547838,0.461474,10,964,0.739379,0.459552
1776902911843542303,2.27226,-0.316406,0.175476,0.143146,0.547838,0.461474,10,966,0.740913,0.307227
1776902911848605915,2.27226,-0.347656,0.17701,-0.0404291,0.451752,0.43018,10,969,0.743214,0.306674
1776902911853614979,2.27226,-0.347656,0.179311,-0.0409819,0.451752,0.43018,10,970,0.743981,0.306797
1776902911858579591,2.27451,-0.347656,0.182325,-0.0408592,0.427384,0.439939,10,973,0.746282,0.306858
1776902911863556854,2.27451,-0.335938,0.184626,-0.0290791,0.423636,0.446619,10,975,0.747816,0.306846
1776902911868554194,2.26937,-0.335938,0.181019,-0.029091,0.423636,0.446619,10,976,0.748583,0.306797
1776902911873561203,2.26937,-0.294922,0.181786,0.0118752,0.456301,0.447658,10,979,0.750884,0.306797
1776902911878556080,2.26627,-0.294922,0.180989,0.0118752,0.456301,0.447658,10,980,0.751651,0.306674
1776902911883558051,2.26627,-0.269531,0.181756,0.0371431,0.416363,0.44865,10,982,0.753185,0.15346
1776902911888579747,2.26489,-0.269531,0.181908,-0.116071,0.416363,0.44865,10,983,0.753952,0.306797
1776902911893536340,2.26489,-0.240234,0.182675,0.0665627,0.466022,0.45933,10,985,0.755486,0.306736
1776902911898550442,2.26237,-0.240234,0.181687,0.0665013,0.466022,0.45933,10,986,0.756253,0.153337
1776902911903587660,2.26237,-0.205078,0.182454,-0.0517409,0.39731,0.468377,10,987,0.75702,0.153429
1776902911908561756,2.25899,-0.205078,0.179845,-0.0516489,0.39731,0.468377,10,988,0.757787,0.30692
1776902911913557762,2.25899,-0.197266,0.180612,0.109654,0.569248,0.458099,10,990,0.75932,0.153337
1776902911918551621,2.25798,-0.197266,0.181132,-0.0439284,0.569248,0.458099,10,991,0.760087,0.15346
1776902911923557926,2.25798,-0.166016,0.181899,-0.0125557,0.411464,0.471485,10,992,0.760854,0.153337
1776902911928549802,2.25798,-0.166016,0.182666,-0.0126784,0.411464,0.471485,10,993,0.761621,0.153368
1776902911933555940,2.25883,-0.166016,0.18429,-0.0126478,0.411464,0.471485,10,994,0.762388,0.306981
1776902911938588472,2.25883,-0.154297,0.185057,0.152684,0.701212,0.481906,10,996,0.763922,0.153399
1776902911943535711,2.25639,-0.154297,0.184152,-0.000898361,0.701212,0.481906,10,996,0.763922,0.153368
1776902911948547091,2.25639,-0.162109,0.184152,-0.00874154,0.455378,0.466798,10,998,0.765456,0.153429
1776902911953550525,2.25481,-0.162109,0.184105,-0.00868018,0.455378,0.466798,10,998,0.765456,0.153368
1776902911958553996,2.25481,-0.146484,0.184105,0.00688346,0.420352,0.468792,10,1000,0.76699,0.153429
1776902911963553151,2.25331,-0.146484,0.184136,0.00694482,0.420352,0.468792,10,1000,0.76699,0.153368
1776902911968553455,2.25331,-0.136719,0.184136,0.0166491,0.49597,0.467784,10,1001,0.767757,0.153356
1776902911973548517,2.25201,-0.136719,0.183606,0.0166372,0.49597,0.467784,10,1002,0.768524,0.15346
1776902911978551562,2.25201,-0.103516,0.184373,0.0499443,0.462196,0.481033,10,1003,0.769291,0
1776902911983545457,2.2508,-0.103516,0.183924,-0.103516,0.462196,0.481033,10,1003,0.769291,0.153399
1776902911988548243,2.2508,-0.0703125,0.183924,0.083086,0.426316,0.494635,10,1004,0.770058,0
1776902911993528618,2.24986,-0.0703125,0.183759,-0.0703125,0.426316,0.494635,10,1004,0.770058,0.153399
1776902911998557260,2.24986,-0.0351562,0.183759,0.118242,0.444143,0.510592,10,1004,0.770058,0
1776902912003554819,2.24986,-0.0351562,0.183759,-0.0351562,0.444143,0.510592,10,1004,0.770058,0
1776902912008547876,2.25194,-0.0351562,0.18583,-0.0351562,0.504431,0.519661,10,1004,0.770058,0
1776902912013637820,2.25194,-0.00976562,0.18583,-0.00976562,0.557907,0.534134,10,1004,0.770058,0
1776902912018617281,2.25173,-0.00976562,0.185623,-0.00976562,0.557907,0.534134,10,1004,0.770058,0
1776902912023580721,2.25173,0.0292969,0.185623,0.0292969,0.558098,0.555495,10,1004,0.770058,0
1776902912028587132,2.25181,0.0292969,0.185701,0.0292969,0.558098,0.555495,10,1004,0.770058,0
1776902912033581948,2.25181,0.0371094,0.185701,0.0371094,0.558098,0.555495,10,1004,0.770058,0
1776902912038556223,2.25201,0.0371094,0.185908,0.0371094,0.496194,0.561195,10,1004,0.770058,0
1776902912043526016,2.25201,0.0390625,0.185908,0.0390625,0.48388,0.562308,10,1004,0.770058,0
1776902912048545299,2.25258,0.0390625,0.186478,0.0390625,0.48388,0.562308,10,1004,0.770058,0
1776902912053641986,2.25258,0.0371094,0.186478,0.0371094,0.601504,0.563692,10,1004,0.770058,0
1776902912058562140,2.25266,0.0371094,0.186558,0.0371094,0.601504,0.563692,10,1004,0.770058,0
1776902912063558771,2.25266,0.0332031,0.186558,0.0332031,0.581257,0.561812,10,1003,0.769291,0
1776902912068616432,2.25323,0.0332031,0.186359,0.0332031,0.581257,0.561812,10,1003,0.769291,-0.153429
1776902912073599282,2.25323,0.0292969,0.186359,-0.124132,0.581257,0.561812,10,1003,0.769291,0
1776902912078606564,2.25546,0.0292969,0.188589,0.0292969,0.673871,0.562074,10,1003,0.769291,0
1776902912083554760,2.25546,0.0292969,0.188589,0.0292969,0.673871,0.562074,10,1003,0.769291,0
1776902912088552169,2.25603,0.0292969,0.189159,0.0292969,0.561405,0.571828,10,1002,0.768524,-0.153399
1776902912093527055,2.25603,0.0332031,0.188392,-0.120195,0.528199,0.576546,10,1002,0.768524,-0.153399
1776902912098544172,2.25619,0.0332031,0.18855,-0.120195,0.528199,0.576546,10,1002,0.768524,0
1776902912103620447,2.25619,0.0429688,0.18855,0.0429688,0.593269,0.5828,10,1002,0.768524,0
1776902912108578941,2.2566,0.0429688,0.188963,0.0429688,0.593269,0.5828,10,1001,0.767757,0
1776902912113605263,2.2566,0.0449219,0.188196,0.0449219,0.591375,0.585722,10,1001,0.767757,-0.15346
1776902912118575649,2.25676,0.0449219,0.188354,-0.108538,0.591375,0.585722,10,1000,0.76699,0
1776902912123551128,2.25676,0.0625,0.187587,0.0625,0.608503,0.596429,10,1000,0.76699,-0.153356
1776902912128561910,2.25761,0.0625,0.188441,-0.0908559,0.608503,0.596429,10,999,0.766223,0
1776902912133559985,2.25761,0.0683594,0.187674,0.0683594,0.645481,0.603502,10,999,0.766223,-0.153429
1776902912138558432,2.25798,0.0683594,0.188038,-0.0850698,0.645481,0.603502,10,998,0.765456,0
1776902912143525706,2.25798,0.0839844,0.187271,0.0839844,0.593885,0.613999,10,998,0.765456,-0.153368
1776902912148543229,2.25798,0.0839844,0.187271,-0.0693835,0.593885,0.613999,10,997,0.764689,-0.153429
1776902912153547251,2.26611,0.0839844,0.194639,-0.0694448,0.593885,0.613999,10,997,0.764689,0
1776902912158550846,2.26611,0.0898438,0.194639,0.0898438,0.570248,0.652817,10,996,0.763922,-0.153399
1776902912163549089,2.26742,0.0898438,0.195174,-0.0635548,0.570248,0.652817,10,995,0.763155,0
1776902912168548035,2.26742,0.0898438,0.194407,0.0898438,0.584135,0.658484,10,995,0.763155,-0.153429
1776902912173551223,2.26786,0.0898438,0.194852,-0.0635854,0.603509,0.660422,10,994,0.762388,-0.153337
1776902912178553262,2.26786,0.078125,0.194085,-0.0752122,0.603509,0.660422,10,993,0.761621,0
1776902912183561155,2.26908,0.078125,0.194542,0.078125,0.795063,0.659067,10,993,0.761621,-0.153429
1776902912188591236,2.26908,0.078125,0.194542,-0.0753042,0.795063,0.659067,10,992,0.760854,0
1776902912193531672,2.26982,0.078125,0.194507,0.078125,0.509448,0.662251,10,991,0.760087,-0.15346
1776902912198555530,2.26982,0.09375,0.19374,-0.0597099,0.509448,0.662251,10,990,0.75932,-0.153337
1776902912203555458,2.27067,0.09375,0.193831,-0.0595872,0.552177,0.674886,10,990,0.75932,-0.153429
1776902912208547144,2.27067,0.126953,0.193831,-0.0264761,0.552177,0.674886,10,988,0.757787,-0.153399
1776902912213547183,2.27169,0.126953,0.193316,-0.0264454,0.552177,0.674886,10,988,0.757787,-0.153399
1776902912218557428,2.27169,0.164062,0.193316,0.010664,0.605108,0.719392,10,986,0.756253,-0.153399
1776902912223548465,2.27169,0.164062,0.191782,0.010664,0.605108,0.719392,10,985,0.755486,-0.153429
1776902912228602570,2.2772,0.164062,0.196526,0.0106333,0.678285,0.74332,10,984,0.754719,-0.153399
1776902912233562694,2.2772,0.191406,0.195759,0.0380077,0.714158,0.758906,10,982,0.753185,-0.306674
1776902912238591146,2.27995,0.191406,0.196968,-0.115268,0.714158,0.758906,10,981,0.752418,-0.15346
1776902912243558901,2.27995,0.189453,0.196201,0.0359932,0.769239,0.769683,10,980,0.751651,-0.153368
1776902912248586686,2.28089,0.189453,0.196376,0.0360853,0.769239,0.769683,10,979,0.750884,-0.153429
1776902912253589670,2.28089,0.175781,0.195609,0.0223521,0.824261,0.765967,10,977,0.74935,-0.306674
1776902912258557500,2.28359,0.175781,0.196776,-0.130893,0.824261,0.765967,10,976,0.748583,-0.153429
1776902912263558169,2.28359,0.177734,0.196009,0.0243052,0.723736,0.778774,10,975,0.747816,-0.153399
1776902912268558301,2.28453,0.177734,0.196185,0.0243359,0.723736,0.778774,10,974,0.747049,-0.153399
1776902912273559933,2.28453,0.191406,0.195418,0.0380077,0.724391,0.790645,10,972,0.745515,-0.306736
1776902912278549785,2.28724,0.191406,0.196588,-0.115329,0.724391,0.790645,10,972,0.745515,-0.153448
1776902912283558029,2.28724,0.191406,0.196588,0.0379583,0.828838,0.802335,10,970,0.743981,-0.153399
1776902912288555197,2.28818,0.191406,0.195999,0.0380077,0.828838,0.802335,10,970,0.743981,-0.153368
1776902912293588854,2.28818,0.144531,0.195999,-0.00883658,0.787735,0.779699,10,969,0.743214,-0.153399
1776902912298594431,2.28818,0.144531,0.195232,-0.00886726,0.787735,0.779699,10,969,0.743214,0
1776902912303586005,2.29372,0.144531,0.200775,0.144531,0.787735,0.779699,10,968,0.742447,-0.153429
1776902912308591138,2.29372,0.0605469,0.200008,-0.0928823,0.829097,0.755746,10,968,0.742447,0
1776902912313589195,2.29533,0.0605469,0.201611,0.0605469,0.829097,0.755746,10,968,0.742447,0
1776902912318549153,2.29533,0.0175781,0.201611,0.0175781,0.86234,0.738164,10,967,0.74168,0
1776902912323576901,2.29562,0.0175781,0.201132,0.0175781,0.86234,0.738164,10,967,0.74168,-0.153399
1776902912328547990,2.29562,0.0214844,0.201132,-0.131914,0.740198,0.74163,10,967,0.74168,0
1776902912333559013,2.29578,0.0214844,0.201297,0.0214844,0.740198,0.74163,10,967,0.74168,0
1776902912338545235,2.29578,0.0332031,0.201297,0.0332031,0.713115,0.749021,10,967,0.74168,0
1776902912343520140,2.29607,0.0332031,0.201585,0.0332031,0.713115,0.749021,10,966,0.740913,0
1776902912348638052,2.29607,0.0585938,0.200818,0.0585938,0.745819,0.764734,10,966,0.740913,-0.153399
1776902912353633720,2.29644,0.0585938,0.201189,-0.0948048,0.745819,0.764734,10,965,0.740146,0
1776902912358621294,2.29644,0.0742188,0.200422,0.0742188,0.751745,0.775236,10,965,0.740146,-0.153491
1776902912363574232,2.2971,0.0742188,0.20108,-0.0792719,0.751745,0.775236,10,964,0.739379,0
1776902912368551934,2.2971,0.0957031,0.200313,0.0957031,0.765975,0.790316,10,963,0.738612,-0.153368
1776902912373549269,2.2971,0.0957031,0.199546,-0.0576647,0.765975,0.790316,10,963,0.738612,-0.153429
1776902912378586926,2.30031,0.0957031,0.202757,-0.0577261,0.737648,0.804132,10,962,0.737845,-0.153368
1776902912383555422,2.30031,0.146484,0.20199,-0.00688346,0.744615,0.833077,10,960,0.736311,-0.153399
1776902912388552924,2.30208,0.146484,0.202228,-0.00691414,0.744615,0.833077,10,960,0.736311,-0.153429
1776902912393519364,2.30208,0.169922,0.202228,0.0164927,0.806434,0.854057,10,958,0.734777,-0.153337
1776902912398546056,2.30369,0.169922,0.202302,0.0165847,0.806434,0.854057,10,958,0.734777,-0.153429
1776902912403555097,2.30369,0.169922,0.202302,0.0164927,0.813965,0.860965,10,956,0.733243,-0.153429
1776902912408589457,2.30455,0.169922,0.201634,0.0164927,0.813965,0.860965,10,956,0.733243,-0.153337
1776902912413546433,2.30455,0.150391,0.201634,-0.00294656,0.880954,0.853548,10,955,0.732476,-0.153429
1776902912418547935,2.30699,0.150391,0.203303,-0.00303857,0.880954,0.853548,10,954,0.731709,-0.153399
1776902912423547567,2.30699,0.138672,0.202536,-0.0147266,0.833539,0.857324,10,953,0.730942,0
1776902912428547421,2.30773,0.138672,0.202512,0.138672,0.833539,0.857324,10,952,0.730175,-0.153368
1776902912433648571,2.30773,0.123047,0.201745,-0.030321,0.803578,0.851606,10,951,0.729408,-0.153429
1776902912438587192,2.30906,0.123047,0.202299,-0.0303823,0.803578,0.851606,10,950,0.728641,-0.153307
1776902912443547686,2.30906,0.150391,0.201532,-0.00291592,0.802131,0.872856,10,949,0.727874,-0.15346
1776902912448619683,2.30906,0.150391,0.200765,-0.00306928,0.802131,0.872856,10,948,0.727107,-0.153399
1776902912453617648,2.31311,0.150391,0.204052,-0.00300789,0.802131,0.872856,10,947,0.72634,-0.153429
1776902912458597980,2.31311,0.158203,0.203285,0.00477393,0.838065,0.894672,10,946,0.725573,-0.153368
1776902912463586980,2.31547,0.158203,0.204878,0.00483529,0.838065,0.894672,10,946,0.725573,-0.15346
1776902912468552068,2.31547,0.128906,0.204878,-0.0245537,0.944884,0.888073,10,945,0.724806,-0.153387
1776902912473548866,2.317,0.128906,0.20564,-0.0244803,0.944884,0.888073,10,944,0.724039,0
1776902912478548572,2.317,0.0820312,0.204873,0.0820312,0.91871,0.867889,10,944,0.724039,-0.153399
1776902912483554241,2.31803,0.0820312,0.205908,-0.0713673,0.91871,0.867889,10,944,0.724039,0
1776902912488546853,2.31803,0.0527344,0.205908,0.0527344,1.03408,0.855615,10,943,0.723272,-0.15346
1776902912493532371,2.31869,0.0527344,0.205803,-0.100726,1.03408,0.855615,10,942,0.722505,0
1776902912498544579,2.31869,0.0585938,0.205036,0.0585938,0.797854,0.861782,10,942,0.722505,-0.153429
1776902912503586515,2.31915,0.0585938,0.205494,-0.0948354,0.797854,0.861782,10,941,0.721738,-0.153429
1776902912508556585,2.31915,0.119141,0.204727,-0.0342886,0.790969,0.898251,10,939,0.720204,-0.153429
1776902912513555143,2.3199,0.119141,0.20394,-0.0342886,0.790969,0.898251,10,938,0.719437,-0.153307
1776902912518551181,2.3199,0.1875,0.203173,0.0341935,0.863837,0.940407,10,937,0.71867,-0.15346
1776902912523584152,2.3199,0.1875,0.202406,0.0340401,0.863837,0.940407,10,936,0.717903,-0.306858
1776902912528589470,2.32804,0.1875,0.209781,-0.119358,0.880876,0.975119,10,934,0.716369,-0.153399
1776902912533555688,2.32804,0.248047,0.208247,0.0946484,0.968363,1.00963,10,932,0.714835,-0.306797
1776902912538550430,2.33021,0.248047,0.208879,-0.0587502,0.968363,1.00963,10,931,0.714068,-0.153399
1776902912543523890,2.33021,0.265625,0.208112,0.112226,1.02507,1.02887,10,928,0.711767,-0.306674
1776902912548555157,2.3342,0.265625,0.209805,-0.0410494,1.02507,1.02887,10,927,0.711,-0.306858
1776902912553575830,2.3342,0.271484,0.209038,-0.035374,1.02507,1.02887,10,925,0.709466,-0.306858
1776902912558580574,2.33553,0.271484,0.208835,-0.035374,1.07772,1.05484,10,922,0.707165,-0.306797
1776902912563562165,2.33553,0.333984,0.206534,0.0271873,0.94195,1.09047,10,919,0.704864,-0.460104
1776902912568578689,2.33988,0.333984,0.208579,-0.126119,0.94195,1.09047,10,917,0.70333,-0.459724
1776902912573576561,2.33988,0.375,0.207045,-0.0847239,1.08069,1.13228,10,913,0.700262,-0.307104
1776902912578551632,2.34113,0.375,0.205226,0.0678959,1.08069,1.13228,10,911,0.698728,-0.460196
1776902912583546430,2.34113,0.476562,0.203692,0.016367,0.874831,1.19547,10,907,0.69566,-0.460196
1776902912588549284,2.34825,0.476562,0.207743,0.016367,0.874831,1.19547,10,905,0.694126,-0.460196
1776902912593531672,2.34825,0.482422,0.206209,0.0222263,0.874831,1.19547,10,903,0.692592,-0.460196
1776902912598546677,2.35387,0.482422,0.207993,0.175625,1.16135,1.22894,10,899,0.689524,-0.460104
1776902912603550124,2.35387,0.482422,0.207993,0.175625,1.16135,1.22894,10,899,0.689524,-0.460104
1776902912608614841,2.36253,0.335938,0.214355,0.182478,1.16302,1.16917,10,896,0.687223,-0.306674
1776902912613578670,2.36253,0.275391,0.213588,-0.0312837,1.24693,1.17115,10,894,0.685689,-0.153399
1776902912618590267,2.36463,0.275391,0.214157,0.121992,1.24693,1.17115,10,894,0.685689,-0.153399
1776902912623559523,2.36463,0.181641,0.214157,0.0282421,1.1921,1.12655,10,893,0.684922,-0.30692
1776902912628552264,2.36683,0.181641,0.215586,-0.125279,1.1921,1.12655,10,892,0.684155,-0.153337
1776902912633548784,2.36683,0.15625,0.214819,0.00291282,1.11341,1.1213,10,891,0.683388,0
1776902912638582107,2.3673,0.15625,0.214522,0.15625,1.11341,1.1213,10,890,0.682621,-0.153368
1776902912643546714,2.3673,0.115234,0.213755,-0.0381335,1.07609,1.0999,10,889,0.681854,-0.153387
1776902912648551013,2.3697,0.115234,0.215387,-0.0381522,1.07609,1.0999,10,889,0.681854,-0.153399
1776902912653558794,2.3697,0.115234,0.215387,-0.0381641,1.0534,1.10996,10,888,0.681087,0
1776902912658555314,2.37017,0.115234,0.21509,0.115234,1.0534,1.10996,10,888,0.681087,-0.153429
1776902912663572264,2.37017,0.09375,0.21509,-0.0596792,1.03908,1.09969,10,887,0.680321,-0.153368
1776902912668551410,2.37017,0.09375,0.214323,-0.0596178,1.03908,1.09969,10,887,0.680321,0
1776902912673554950,2.37486,0.09375,0.219012,0.09375,1.03908,1.09969,10,887,0.680321,0
1776902912678580883,2.37486,0.0566406,0.219012,0.0566406,1.0489,1.09819,10,887,0.680321,0
1776902912683561863,2.376,0.0566406,0.220158,0.0566406,1.0489,1.09819,10,887,0.680321,0
1776902912688551919,2.376,0.0371094,0.220158,0.0371094,1.28975,1.09186,10,887,0.680321,0
1776902912693543271,2.37609,0.0371094,0.220248,0.0371094,1.28975,1.09186,10,887,0.680321,0
1776902912698545774,2.37609,-0.0195312,0.220248,-0.0195312,1.11922,1.05995,10,887,0.680321,0
1776902912703559149,2.37629,-0.0195312,0.220451,-0.0195312,1.11922,1.05995,10,887,0.680321,0
1776902912708581414,2.37629,-0.0390625,0.220451,-0.0390625,1.26195,1.04966,10,887,0.680321,0
1776902912713551726,2.37609,-0.0390625,0.220248,-0.0390625,1.26195,1.04966,10,887,0.680321,0
1776902912718549709,2.37609,-0.0605469,0.220248,-0.0605469,1.12256,1.03657,10,887,0.680321,0
1776902912723554378,2.37524,-0.0605469,0.219395,-0.0605469,1.12256,1.03657,10,887,0.680321,0
1776902912728542526,2.37524,-0.0566406,0.219395,-0.0566406,1.03795,1.03522,10,887,0.680321,0
1776902912733579850,2.37515,-0.0566406,0.219305,-0.0566406,1.03795,1.03522,10,887,0.680321,0
1776902912738550884,2.37515,-0.0214844,0.219305,-0.0214844,0.934923,1.05489,10,887,0.680321,0
1776902912743521640,2.37515,-0.0214844,0.219305,-0.0214844,0.934923,1.05489,10,887,0.680321,0
1776902912748551333,2.37685,-0.0214844,0.221011,-0.0214844,0.927494,1.06203,10,887,0.680321,0
1776902912753548445,2.37685,0.0273438,0.221011,0.0273438,1.02549,1.08986,10,887,0.680321,0
1776902912758549762,2.37706,0.0273438,0.221213,0.0273438,1.02549,1.08986,10,887,0.680321,0
1776902912763551098,2.37706,0.0332031,0.221213,0.0332031,1.06495,1.09404,10,887,0.680321,0
1776902912768548674,2.37706,0.0332031,0.221215,0.0332031,1.06495,1.09404,10,887,0.680321,0
1776902912773546694,2.37706,0.0371094,0.221215,0.0371094,1.07773,1.09628,10,887,0.680321,0
1776902912778543251,2.37773,0.0371094,0.221889,0.0371094,1.07773,1.09628,10,887,0.680321,0
1776902912783586483,2.37773,0.0292969,0.221889,0.0292969,0.992482,1.09464,10,887,0.680321,0
1776902912788573798,2.37782,0.0292969,0.221978,0.0292969,0.992482,1.09464,10,887,0.680321,0
1776902912793520642,2.37782,0.00390625,0.221978,0.00390625,1.1148,1.08054,10,887,0.680321,0
1776902912798543741,2.37811,0.00390625,0.222271,0.00390625,1.1148,1.08054,10,887,0.680321,0
1776902912803550355,2.37811,-0.0117188,0.222271,-0.0117188,1.09043,1.07286,10,887,0.680321,0
1776902912808549357,2.37811,-0.0117188,0.22227,-0.0117188,1.09043,1.07286,10,887,0.680321,0
1776902912813614501,2.37811,-0.0253906,0.22227,-0.0253906,1.11834,1.06507,10,887,0.680321,0
1776902912818612540,2.37811,-0.0253906,0.22227,-0.0253906,1.11834,1.06507,10,887,0.680321,0
1776902912823594427,2.38644,-0.0253906,0.230598,-0.0253906,1.11834,1.06507,10,887,0.680321,0
1776902912828547977,2.38644,-0.0234375,0.230598,-0.0234375,1.03775,1.10097,10,887,0.680321,0
1776902912833550016,2.38615,-0.0234375,0.230305,-0.0234375,1.03775,1.10097,10,887,0.680321,0
1776902912838550037,2.38615,-0.00976562,0.230305,-0.00976562,1.01264,1.10754,10,887,0.680321,0
1776902912843540352,2.38597,-0.00976562,0.230124,-0.00976562,1.01264,1.10754,10,887,0.680321,0
1776902912848548874,2.38597,0.00390625,0.230124,0.00390625,1.07113,1.11457,10,887,0.680321,0
1776902912853555488,2.38597,0.00390625,0.230124,0.00390625,1.07113,1.11457,10,887,0.680321,0
1776902912858650656,2.38597,0.0214844,0.230124,0.0214844,1.01264,1.1246,10,887,0.680321,0
1776902912863647991,2.38606,0.0214844,0.230215,0.0214844,1.01264,1.1246,10,887,0.680321,0
1776902912868578369,2.38606,0.0234375,0.230215,0.0234375,1.24758,1.12609,10,887,0.680321,0
1776902912873697096,2.38635,0.0234375,0.230507,0.0234375,1.24758,1.12609,10,887,0.680321,0
1776902912878593524,2.38635,0.0136719,0.230507,0.0136719,1.08263,1.12174,10,887,0.680321,0
1776902912883555816,2.38664,0.0136719,0.230801,0.0136719,1.08263,1.12174,10,887,0.680321,0
1776902912888551113,2.38664,0.00390625,0.230801,0.00390625,1.23882,1.1174,10,887,0.680321,0
1776902912893533131,2.38664,0.00390625,0.230801,0.00390625,1.23882,1.1174,10,887,0.680321,0
1776902912898541041,2.39145,0.00390625,0.235603,0.00390625,1.20838,1.13741,10,887,0.680321,0
1776902912903561825,2.39145,-0.0253906,0.235603,-0.0253906,1.15599,1.12071,10,887,0.680321,0
1776902912908546584,2.39124,-0.0253906,0.235401,-0.0253906,1.15599,1.12071,10,887,0.680321,0
1776902912913548401,2.39124,-0.0292969,0.235401,-0.0292969,1.18203,1.11764,10,887,0.680321,0
1776902912918548440,2.39095,-0.0292969,0.235109,-0.0292969,1.18203,1.11764,10,887,0.680321,0
1776902912923561519,2.39095,-0.015625,0.235109,-0.015625,1.30821,1.12422,10,887,0.680321,0
1776902912928551797,2.39077,-0.015625,0.234927,-0.015625,1.30821,1.12422,10,887,0.680321,0
1776902912933554521,2.39077,0.00585938,0.234927,0.00585938,1.13231,1.13571,10,887,0.680321,0
1776902912938550060,2.39057,0.00585938,0.234725,0.00585938,1.13231,1.13571,10,887,0.680321,0
1776902912943534003,2.39057,0.0273438,0.234725,0.0273438,1.10427,1.14711,10,887,0.680321,0
1776902912948547026,2.39086,0.0273438,0.235018,0.0273438,1.10427,1.14711,10,887,0.680321,0
1776902912953550122,2.39086,0.0253906,0.235018,0.0253906,1.31912,1.14722,10,887,0.680321,0
1776902912958550679,2.39115,0.0253906,0.23531,0.0253906,1.31912,1.14722,10,887,0.680321,0
1776902912963548088,2.39115,0.0136719,0.23531,0.0136719,1.17573,1.14176,10,887,0.680321,0
1776902912968554462,2.39115,0.0136719,0.23531,0.0136719,1.17573,1.14176,10,887,0.680321,0
1776902912973547037,2.39461,0.0136719,0.238766,0.0136719,1.17573,1.14176,10,887,0.680321,0
1776902912978583194,2.39461,-0.0234375,0.238766,-0.0234375,1.19511,1.13498,10,887,0.680321,0
1776902912983551708,2.39452,-0.0234375,0.238675,-0.0234375,1.19511,1.13498,10,887,0.680321,0
1776902912988551007,2.39452,-0.0214844,0.238675,-0.0214844,1.08366,1.13572,10,887,0.680321,0
1776902912993518651,2.39432,-0.0214844,0.238474,-0.0214844,1.08366,1.13572,10,887,0.680321,0
1776902912998545843,2.39432,-0.015625,0.238474,-0.015625,1.11834,1.13822,10,887,0.680321,0
1776902913003553048,2.39422,-0.015625,0.238381,-0.015625,1.11834,1.13822,10,887,0.680321,0
1776902913008553082,2.39422,0.00195312,0.238381,0.00195312,1.18474,1.14786,10,887,0.680321,0
1776902913013543540,2.39413,0.00195312,0.23829,0.00195312,1.18474,1.14786,10,887,0.680321,0
1776902913018542814,2.39413,0.0117188,0.23829,0.0117188,1.11008,1.15305,10,887,0.680321,0
1776902913023546201,2.39422,0.0117188,0.238381,0.0117188,1.11008,1.15305,10,887,0.680321,0
1776902913028545975,2.39422,0.015625,0.238381,0.015625,1.12942,1.15565,10,887,0.680321,0
1776902913033550917,2.39432,0.015625,0.238473,0.015625,1.12942,1.15565,10,887,0.680321,0
1776902913038576085,2.39432,0.00585938,0.238473,0.00585938,1.35539,1.15047,10,887,0.680321,0
1776902913043533704,2.39432,0.00585938,0.238473,0.00585938,1.35539,1.15047,10,887,0.680321,0
1776902913048543424,2.39712,0.00585938,0.241274,0.00585938,1.04477,1.16211,10,887,0.680321,0
1776902913053555627,2.39712,-0.00976562,0.241274,-0.00976562,1.23217,1.15321,10,887,0.680321,0
1776902913058552068,2.39701,-0.00976562,0.241164,-0.00976562,1.23217,1.15321,10,887,0.680321,0
1776902913063545600,2.39701,-0.00976562,0.241164,-0.00976562,1.1476,1.15275,10,887,0.680321,0
1776902913068551672,2.39692,-0.00976562,0.241073,-0.00976562,1.1476,1.15275,10,887,0.680321,0
1776902913073554966,2.39692,-0.0078125,0.241073,-0.0078125,1.22172,1.15348,10,887,0.680321,0
1776902913078576281,2.39692,-0.0078125,0.241073,-0.0078125,1.22172,1.15348,10,887,0.680321,0
1776902913083556348,2.39692,0.00195312,0.241073,0.00195312,1.32297,1.15905,10,887,0.680321,0
1776902913088547177,2.39682,0.00195312,0.240981,0.00195312,1.32297,1.15905,10,887,0.680321,0
1776902913093558861,2.39682,0.00390625,0.240981,0.00390625,1.0812,1.15978,10,887,0.680321,0
1776902913098558450,2.39692,0.00390625,0.241073,0.00390625,1.0812,1.15978,10,887,0.680321,0
1776902913103551871,2.39692,0.00585938,0.241073,0.00585938,1.1755,1.16127,10,887,0.680321,0
1776902913108557165,2.39692,0.00585938,0.241073,0.00585938,1.1755,1.16127,10,887,0.680321,0
1776902913113547068,2.39692,0.00390625,0.241073,0.00390625,1.21568,1.16016,10,887,0.680321,0
1776902913118612965,2.39692,0.00390625,0.241073,0.00390625,1.21568,1.16016,10,887,0.680321,0
1776902913123579085,2.40606,0.00390625,0.250221,0.00390625,1.21568,1.16016,10,887,0.680321,0
1776902913128558245,2.40606,0.00390625,0.250221,0.00390625,1.14482,1.19812,10,887,0.680321,0
1776902913133547962,2.40606,0.00390625,0.25022,0.00390625,1.14482,1.19812,10,887,0.680321,0
1776902913138548051,2.40606,0.00390625,0.25022,0.00390625,1.10442,1.19812,10,887,0.680321,0
1776902913143523359,2.40606,0.00390625,0.25022,0.00390625,1.10442,1.19812,10,887,0.680321,0
1776902913148548767,2.40606,-0.00390625,0.25022,-0.00390625,1.2217,1.19367,10,887,0.680321,0
1776902913153556599,2.40606,-0.00390625,0.25022,-0.00390625,1.2217,1.19367,10,887,0.680321,0
1776902913158549279,2.40606,-0.0078125,0.25022,-0.0078125,1.16642,1.19144,10,887,0.680321,0
1776902913163550295,2.40606,-0.0078125,0.25022,-0.0078125,1.16642,1.19144,10,887,0.680321,0
1776902913168547513,2.40606,-0.0117188,0.25022,-0.0117188,1.13281,1.18921,10,887,0.680321,0
1776902913173543935,2.40597,-0.0117188,0.250128,-0.0117188,1.13281,1.18921,10,887,0.680321,0
1776902913178598868,2.40597,-0.00976562,0.250128,-0.00976562,1.18433,1.18994,10,887,0.680321,0
1776902913183553745,2.40577,-0.00976562,0.249926,-0.00976562,1.18433,1.18994,10,887,0.680321,0
1776902913188583766,2.40577,-0.00195312,0.249926,-0.00195312,1.13047,1.19356,10,887,0.680321,0
1776902913193546756,2.40577,-0.00195312,0.249926,-0.00195312,1.13047,1.19356,10,887,0.680321,0
1776902913198547364,2.41021,-0.00195312,0.254371,-0.00195312,1.20299,1.21196,10,887,0.680321,0
1776902913203557085,2.41021,-0.00195312,0.254371,-0.00195312,1.15205,1.21196,10,887,0.680321,0
1776902913208556600,2.41021,-0.00195312,0.254371,-0.00195312,1.15205,1.21196,10,887,0.680321,0
1776902913213551503,2.41021,0.00195312,0.254371,0.00195312,1.2177,1.21419,10,887,0.680321,0
1776902913218579708,2.41021,0.00195312,0.254371,0.00195312,1.2177,1.21419,10,887,0.680321,0
1776902913223577983,2.41021,0.00195312,0.254371,0.00195312,1.2177,1.21419,10,887,0.680321,0
1776902913228583406,2.41021,0.00195312,0.254371,0.00195312,1.22591,1.21419,10,887,0.680321,0
1776902913233561992,2.41021,0.00390625,0.254371,0.00390625,1.30621,1.2153,10,887,0.680321,0
1776902913238551876,2.41021,0.00390625,0.254371,0.00390625,1.30621,1.2153,10,887,0.680321,0
1776902913243529294,2.41021,0.00585938,0.254371,0.00585938,1.19946,1.21642,10,887,0.680321,0
1776902913248545016,2.41031,0.00585938,0.254464,0.00585938,1.19946,1.21642,10,887,0.680321,0
1776902913253559663,2.41031,-0.00195312,0.254464,-0.00195312,1.13725,1.21235,10,887,0.680321,0
1776902913258553066,2.41031,-0.00195312,0.254464,-0.00195312,1.13725,1.21235,10,887,0.680321,0
1776902913263585532,2.41031,-0.00976562,0.254464,-0.00976562,1.22089,1.20789,10,887,0.680321,0
1776902913268556931,2.41031,-0.00976562,0.254464,-0.00976562,1.22089,1.20789,10,887,0.680321,0
1776902913273553205,2.4131,-0.00976562,0.25726,-0.00976562,1.22089,1.20789,10,887,0.680321,0
1776902913278577021,2.4131,-0.015625,0.25726,-0.015625,1.21773,1.21612,10,887,0.680321,0
1776902913283583537,2.41301,-0.015625,0.257167,-0.015625,1.21773,1.21612,10,887,0.680321,0
1776902913288581978,2.41301,-0.0078125,0.257167,-0.0078125,1.27093,1.22018,10,887,0.680321,0
1776902913293525927,2.41292,-0.0078125,0.257074,-0.0078125,1.27093,1.22018,10,887,0.680321,0
1776902913298546076,2.41292,0,0.257074,0,1.18486,1.22425,10,887,0.680321,0
1776902913303637552,2.41272,0,0.256874,0,1.18486,1.22425,10,887,0.680321,0
1776902913308582150,2.41272,0.0117188,0.256874,0.0117188,1.16735,1.2301,10,887,0.680321,0
1776902913313559587,2.41292,0.0117188,0.257074,0.0117188,1.16735,1.2301,10,887,0.680321,0
1776902913318674957,2.41292,0.0136719,0.257074,0.0136719,1.17973,1.23205,10,887,0.680321,0
1776902913323591734,2.41301,0.0136719,0.257167,0.0136719,1.17973,1.23205,10,887,0.680321,0
1776902913328582229,2.41301,0.00585938,0.257167,0.00585938,1.2984,1.22798,10,887,0.680321,0
1776902913333552295,2.4131,0.00585938,0.257259,0.00585938,1.2984,1.22798,10,887,0.680321,0
1776902913338608042,2.4131,0,0.257259,0,1.25057,1.22502,10,887,0.680321,0
1776902913343556715,2.4131,0,0.257259,0,1.25057,1.22502,10,887,0.680321,0
1776902913348595886,2.41562,0,0.259779,0,1.32057,1.23543,10,887,0.680321,0
1776902913353577916,2.41562,-0.0136719,0.259779,-0.0136719,1.25335,1.22764,10,887,0.680321,0
1776902913358559298,2.41542,-0.0136719,0.259579,-0.0136719,1.25335,1.22764,10,887,0.680321,0
1776902913363549534,2.41542,-0.0078125,0.259579,-0.0078125,1.27071,1.23015,10,887,0.680321,0
1776902913368587093,2.41533,-0.0078125,0.259486,-0.0078125,1.27071,1.23015,10,887,0.680321,0
1776902913373656028,2.41533,0.00195312,0.259486,0.00195312,1.28503,1.23533,10,887,0.680321,0
1776902913378578418,2.41533,0.00195312,0.259486,0.00195312,1.28503,1.23533,10,887,0.680321,0
1776902913383560134,2.41533,0.00390625,0.259486,0.00390625,1.30069,1.23644,10,887,0.680321,0
1776902913388574522,2.41533,0.00390625,0.259486,0.00390625,1.30069,1.23644,10,887,0.680321,0
1776902913393529529,2.41533,0.00976562,0.259486,0.00976562,1.26809,1.23978,10,887,0.680321,0
1776902913398586018,2.41542,0.00976562,0.259579,0.00976562,1.26809,1.23978,10,887,0.680321,0
1776902913403577587,2.41542,-0.00195312,0.259579,-0.00195312,1.22034,1.23349,10,887,0.680321,0
1776902913408575657,2.41542,-0.00195312,0.259579,-0.00195312,1.22034,1.23349,10,887,0.680321,0
1776902913413589379,2.41542,-0.00390625,0.259579,-0.00390625,1.1801,1.23237,10,887,0.680321,0
1776902913418553313,2.41745,-0.00390625,0.261607,-0.00390625,1.1801,1.23237,10,887,0.680321,0
1776902913423574610,2.41745,-0.0078125,0.261607,-0.0078125,1.25599,1.23852,10,887,0.680321,0
1776902913428575792,2.41736,-0.0078125,0.261514,-0.0078125,1.25599,1.23852,10,887,0.680321,0
1776902913433571714,2.41736,-0.00390625,0.261514,-0.00390625,1.31976,1.24036,10,887,0.680321,0
1776902913438551356,2.41736,-0.00390625,0.261514,-0.00390625,1.31976,1.24036,10,887,0.680321,0
1776902913443531589,2.41736,0.00195312,0.261514,0.00195312,1.31847,1.2437,10,887,0.680321,0
1776902913448544940,2.41736,-0.00195312,0.261514,-0.00195312,1.31847,1.2437,10,887,0.680321,0
1776902913453551160,2.41736,-0.00195312,0.261514,-0.00195312,1.33678,1.24148,10,887,0.680321,0
1776902913458581422,2.41736,0.00585938,0.261514,0.00585938,1.33678,1.24148,10,887,0.680321,0
1776902913463575547,2.41736,0.00585938,0.261514,0.00585938,1.33678,1.24148,10,887,0.680321,0
1776902913468548724,2.41736,0.00195312,0.261514,0.00195312,1.20242,1.2437,10,887,0.680321,0
1776902913473549851,2.41736,0.00195312,0.261513,0.00195312,1.20242,1.2437,10,887,0.680321,0
1776902913478579094,2.41736,-0.00195312,0.261513,-0.00195312,1.11459,1.24147,10,887,0.680321,0
1776902913483561495,2.42346,-0.00195312,0.267615,-0.00195312,1.23121,1.26663,10,887,0.680321,0
1776902913488551675,2.42346,-0.00585938,0.267615,-0.00585938,1.23121,1.26663,10,887,0.680321,0
1776902913493529260,2.42326,-0.00585938,0.267415,-0.00585938,1.25293,1.26358,10,887,0.680321,0
1776902913498538221,2.42326,-0.00390625,0.267415,-0.00390625,1.25293,1.26358,10,887,0.680321,0
1776902913503557981,2.42326,-0.00390625,0.267414,-0.00390625,1.25293,1.26358,10,887,0.680321,0
1776902913508546957,2.42326,-0.00195312,0.267414,-0.00195312,1.33168,1.2658,10,887,0.680321,0
1776902913513547658,2.42326,-0.00195312,0.267414,-0.00195312,1.33168,1.2658,10,887,0.680321,0
1776902913518552266,2.42316,-0.00585938,0.267321,-0.00585938,1.18459,1.26358,10,887,0.680321,0
1776902913523545021,2.42316,-0.00976562,0.267321,-0.00976562,1.31417,1.26097,10,887,0.680321,0
1776902913528548055,2.42307,-0.00976562,0.267227,-0.00976562,1.31417,1.26097,10,887,0.680321,0
1776902913533547052,2.42307,-0.00585938,0.267227,-0.00585938,1.26554,1.2628,10,887,0.680321,0
1776902913538559569,2.42307,-0.00585938,0.267227,-0.00585938,1.26554,1.2628,10,887,0.680321,0
1776902913543535154,2.42307,-0.00585938,0.267227,-0.00585938,1.23283,1.2628,10,887,0.680321,0
1776902913548543597,2.42606,-0.00585938,0.270222,-0.00585938,1.23283,1.2628,10,887,0.680321,0
1776902913553548224,2.42606,0.00195312,0.270222,0.00195312,1.28117,1.27959,10,887,0.680321,0
1776902913558554889,2.42606,0.00195312,0.270221,0.00195312,1.28117,1.27959,10,887,0.680321,0
1776902913563547736,2.42606,0.00585938,0.270221,0.00585938,1.1842,1.28181,10,887,0.680321,0
1776902913568548881,2.42606,0.00585938,0.270222,0.00585938,1.1842,1.28181,10,887,0.680321,0
1776902913573544321,2.42606,0.00585938,0.270222,0.00585938,1.31563,1.28181,10,887,0.680321,0
1776902913578547578,2.42617,0.00585938,0.270327,0.00585938,1.31563,1.28181,10,887,0.680321,0
1776902913583546037,2.42617,0.00585938,0.270327,0.00585938,1.2511,1.28225,10,887,0.680321,0
1776902913588573595,2.42626,0.00585938,0.270421,0.00585938,1.2511,1.28225,10,887,0.680321,0
1776902913593547364,2.42626,-0.00390625,0.270421,-0.00390625,1.31354,1.27707,10,887,0.680321,0
1776902913598552436,2.42626,-0.00390625,0.270421,-0.00390625,1.31354,1.27707,10,887,0.680321,0
1776902913603555748,2.42626,-0.00390625,0.270421,-0.00390625,1.23219,1.27707,10,887,0.680321,0
1776902913608552652,2.42606,-0.00390625,0.270222,-0.00390625,1.23219,1.27707,10,887,0.680321,0
1776902913613552148,2.42606,0,0.270222,0,1.20178,1.27848,10,887,0.680321,0
1776902913618551312,2.42839,0,0.272549,0,1.20178,1.27848,10,887,0.680321,0
1776902913623586648,2.42839,-0.00390625,0.272549,-0.00390625,1.29889,1.28582,10,887,0.680321,0
1776902913628624800,2.42839,-0.00390625,0.272549,-0.00390625,1.29889,1.28582,10,887,0.680321,0
1776902913633621129,2.42839,0.00195312,0.272549,0.00195312,1.28172,1.28916,10,887,0.680321,0
1776902913638562412,2.42839,0.00195312,0.272549,0.00195312,1.28172,1.28916,10,887,0.680321,0
1776902913643529051,2.42839,0.00195312,0.272549,0.00195312,1.32981,1.28916,10,887,0.680321,0
1776902913648547921,2.42839,0.00195312,0.272549,0.00195312,1.32981,1.28916,10,887,0.680321,0
1776902913653560216,2.42839,-0.00390625,0.272549,-0.00390625,1.31625,1.28582,10,887,0.680321,0
1776902913658549470,2.42839,-0.00390625,0.272549,-0.00390625,1.31625,1.28582,10,887,0.680321,0
1776902913663555024,2.42839,-0.00195312,0.272549,-0.00195312,1.36426,1.28693,10,887,0.680321,0
1776902913668551983,2.4283,-0.00195312,0.272455,-0.00195312,1.36426,1.28693,10,887,0.680321,0
1776902913673586652,2.4283,-0.00390625,0.272455,-0.00390625,1.349,1.28543,10,887,0.680321,0
1776902913678575555,2.4283,-0.00390625,0.272455,-0.00390625,1.349,1.28543,10,887,0.680321,0
1776902913683590109,2.4283,-0.00390625,0.272455,-0.00390625,1.29838,1.28544,10,887,0.680321,0
1776902913688551803,2.43004,-0.00390625,0.274196,-0.00390625,1.29838,1.28544,10,887,0.680321,0
1776902913693528036,2.43004,0.00195312,0.274196,0.00195312,1.21768,1.29593,10,887,0.680321,0
1776902913698544128,2.42994,0.00195312,0.274101,0.00195312,1.21768,1.29593,10,887,0.680321,0
1776902913703554794,2.42994,0.00390625,0.274101,0.00390625,1.21768,1.29593,10,887,0.680321,0
1776902913708557180,2.43004,0.00390625,0.274195,0.00390625,1.22392,1.29704,10,887,0.680321,0
1776902913713551953,2.43004,-0.00390625,0.274195,-0.00390625,1.21766,1.29259,10,887,0.680321,0
1776902913718552043,2.42994,-0.00390625,0.274101,-0.00390625,1.21766,1.29259,10,887,0.680321,0
1776902913723546094,2.42994,0.00195312,0.274101,0.00195312,1.21766,1.29259,10,887,0.680321,0
1776902913728543368,2.42994,0.00195312,0.274101,0.00195312,1.20946,1.29554,10,887,0.680321,0
1776902913733544161,2.42994,0.00390625,0.274101,0.00390625,1.20946,1.29554,10,887,0.680321,0
1776902913738551326,2.43004,0.00390625,0.274195,0.00390625,1.33132,1.29704,10,887,0.680321,0
1776902913743527670,2.43004,0.00585938,0.274195,0.00585938,1.33132,1.29704,10,887,0.680321,0
1776902913748608144,2.43004,0.00585938,0.274195,0.00585938,1.33101,1.29816,10,887,0.680321,0
1776902913753586415,2.43004,0,0.274195,0,1.33101,1.29816,10,887,0.680321,0
1776902913758589319,2.43004,0,0.274195,0,1.25633,1.29482,10,887,0.680321,0
1776902913763703615,2.43383,0,0.277984,0,1.25633,1.29482,10,887,0.680321,0
1776902913768616781,2.43383,-0.00195312,0.277984,-0.00195312,1.31877,1.30926,10,887,0.680321,0
1776902913773581753,2.43383,-0.00195312,0.277984,-0.00195312,1.38193,1.30926,10,887,0.680321,0
1776902913778579916,2.43383,-0.00390625,0.277984,-0.00390625,1.38193,1.30926,10,887,0.680321,0
1776902913783550889,2.43383,-0.00390625,0.277984,-0.00390625,1.26526,1.30815,10,887,0.680321,0
1776902913788559406,2.43383,0.00195312,0.277984,0.00195312,1.26526,1.30815,10,887,0.680321,0
1776902913793522784,2.43373,0.00195312,0.27789,0.00195312,1.36694,1.31111,10,887,0.680321,0
1776902913798548527,2.43373,-0.00390625,0.27789,-0.00390625,1.36694,1.31111,10,887,0.680321,0
1776902913803558321,2.43373,-0.00390625,0.27789,-0.00390625,1.36701,1.30777,10,887,0.680321,0
1776902913808594306,2.43373,0.00195312,0.27789,0.00195312,1.36701,1.30777,10,887,0.680321,0
1776902913813590154,2.43383,0.00195312,0.277984,0.00195312,1.19107,1.31149,10,887,0.680321,0
1776902913818556663,2.43383,0.00195312,0.277984,0.00195312,1.19107,1.31149,10,887,0.680321,0
1776902913823557567,2.43383,0.00195312,0.277984,0.00195312,1.30137,1.31149,10,887,0.680321,0
1776902913828553304,2.43383,0.00195312,0.277984,0.00195312,1.30137,1.31149,10,887,0.680321,0
1776902913833558413,2.43383,0.00195312,0.277984,0.00195312,1.30137,1.31149,10,887,0.680321,0
1776902913838548519,2.43392,0.00195312,0.278079,0.00195312,1.25017,1.31188,10,887,0.680321,0
1776902913843528568,2.43392,-0.0078125,0.278079,-0.0078125,1.25017,1.31188,10,887,0.680321,0
1776902913848547642,2.43392,-0.0078125,0.278079,-0.0078125,1.36352,1.30631,10,887,0.680321,0
1776902913853551343,2.43392,-0.00976562,0.278079,-0.00976562,1.36352,1.30631,10,887,0.680321,0
1776902913858620148,2.43392,-0.00976562,0.278079,-0.00976562,1.18479,1.3052,10,887,0.680321,0
1776902913863584305,2.43392,-0.00585938,0.278079,-0.00585938,1.18479,1.3052,10,887,0.680321,0
1776902913868550926,2.43383,-0.00585938,0.277984,-0.00585938,1.25024,1.30704,10,887,0.680321,0
1776902913873573538,2.43383,-0.00390625,0.277984,-0.00390625,1.25024,1.30704,10,887,0.680321,0
1776902913878575312,2.43383,-0.00390625,0.277984,-0.00390625,1.27294,1.30815,10,887,0.680321,0
1776902913883625652,2.43383,-0.00195312,0.277984,-0.00195312,1.27294,1.30815,10,887,0.680321,0
1776902913888578992,2.43383,-0.00195312,0.277984,-0.00195312,1.25443,1.30927,10,887,0.680321,0
1776902913893537666,2.43383,-0.00390625,0.277984,-0.00390625,1.25443,1.30927,10,887,0.680321,0
1776902913898554666,2.43383,-0.00390625,0.277984,-0.00390625,1.3199,1.30815,10,887,0.680321,0
1776902913903554218,2.43383,-0.00195312,0.277984,-0.00195312,1.3199,1.30815,10,887,0.680321,0
1776902913908550751,2.43383,-0.00195312,0.277984,-0.00195312,1.31994,1.30927,10,887,0.680321,0
1776902913913550544,2.43392,-0.00195312,0.278079,-0.00195312,1.31994,1.30927,10,887,0.680321,0
1776902913918543818,2.43392,-0.00390625,0.278079,-0.00390625,1.31995,1.30854,10,887,0.680321,0
1776902913923547000,2.43392,-0.00390625,0.278079,-0.00390625,1.31995,1.30854,10,887,0.680321,0
1776902913928549053,2.43392,-0.00585938,0.278079,-0.00585938,1.27878,1.30743,10,887,0.680321,0
1776902913933626934,2.43392,-0.00585938,0.278079,-0.00585938,1.27878,1.30743,10,887,0.680321,0
1776902913938583237,2.43392,0.00195312,0.278079,0.00195312,1.30125,1.31188,10,887,0.680321,0
1776902913943526391,2.43383,0.00195312,0.277984,0.00195312,1.30125,1.31188,10,887,0.680321,0
1776902913948546873,2.43383,0.00195312,0.277984,0.00195312,1.24567,1.31149,10,887,0.680321,0
1776902913953549536,2.43383,0.00195312,0.277984,0.00195312,1.24567,1.31149,10,887,0.680321,0
1776902913958556331,2.43383,0.00195312,0.277984,0.00195312,1.34712,1.31149,10,887,0.680321,0
1776902913963573960,2.43383,0.00195312,0.277984,0.00195312,1.34712,1.31149,10,887,0.680321,0
1776902913968573068,2.43383,0.00195312,0.277984,0.00195312,1.27352,1.31149,10,887,0.680321,0
1776902913973548412,2.43383,0.00195312,0.277984,0.00195312,1.27352,1.31149,10,887,0.680321,0
1776902913978560244,2.43383,0,0.277984,0,1.29589,1.31038,10,887,0.680321,0
1776902913983550980,2.43383,0,0.277984,0,1.29589,1.31038,10,887,0.680321,0
1776902913988579371,2.43402,0,0.278174,0,1.25246,1.31116,10,887,0.680321,0
1776902913993525635,2.43402,-0.00195312,0.278174,-0.00195312,1.25246,1.31116,10,887,0.680321,0
1776902913998548173,2.43402,-0.00195312,0.278174,-0.00195312,1.29508,1.31004,10,887,0.680321,0
1776902914003550409,2.43402,-0.00390625,0.278174,-0.00390625,1.29508,1.31004,10,887,0.680321,0
1776902914008551623,2.43402,-0.00390625,0.278173,-0.00390625,1.27355,1.30892,10,887,0.680321,0
1776902914013546095,2.43402,-0.00390625,0.278173,-0.00390625,1.27355,1.30892,10,887,0.680321,0
1776902914018553347,2.43402,-0.00390625,0.278173,-0.00390625,1.27882,1.30892,10,887,0.680321,0
1776902914023546041,2.43402,0.00195312,0.278173,0.00195312,1.27882,1.30892,10,887,0.680321,0
1776902914028543476,2.43402,0.00195312,0.278174,0.00195312,1.38524,1.31227,10,887,0.680321,0
1776902914033551172,2.43402,0.00390625,0.278174,0.00390625,1.38524,1.31227,10,887,0.680321,0
1776902914038545163,2.43402,0.00390625,0.278174,0.00390625,1.30084,1.31338,10,887,0.680321,0
1776902914043521650,2.43402,0.00390625,0.278174,0.00390625,1.30084,1.31338,10,887,0.680321,0
1776902914048559648,2.43402,0.00390625,0.278174,0.00390625,1.34762,1.31338,10,887,0.680321,0
1776902914053562344,2.43402,0.00195312,0.278174,0.00195312,1.34762,1.31338,10,887,0.680321,0
1776902914058546592,2.43402,0.00195312,0.278174,0.00195312,1.35849,1.31227,10,887,0.680321,0
1776902914063560789,2.43995,0.00195312,0.284103,0.00195312,1.35849,1.31227,10,887,0.680321,0
1776902914068555280,2.43995,-0.00390625,0.284103,-0.00390625,1.37173,1.33324,10,887,0.680321,0
1776902914073549029,2.43995,-0.00390625,0.284103,-0.00390625,1.37173,1.33324,10,887,0.680321,0
1776902914078557004,2.43995,-0.00390625,0.284103,-0.00390625,1.26639,1.33324,10,887,0.680321,0
1776902914083562107,2.43995,-0.00390625,0.284103,-0.00390625,1.26639,1.33324,10,887,0.680321,0
1776902914088548022,2.43995,-0.00585938,0.284103,-0.00585938,1.37997,1.33212,10,887,0.680321,0
1776902914093525139,2.43985,-0.00585938,0.284008,-0.00585938,1.37997,1.33212,10,887,0.680321,0
1776902914098546764,2.43985,-0.00390625,0.284008,-0.00390625,1.39646,1.33285,10,887,0.680321,0
1776902914103557072,2.43985,-0.00390625,0.284008,-0.00390625,1.39646,1.33285,10,887,0.680321,0
1776902914108550062,2.43985,-0.0117188,0.284008,-0.0117188,1.30875,1.3284,10,887,0.680321,0
1776902914113594487,2.43965,-0.0117188,0.283808,-0.0117188,1.30875,1.3284,10,888,0.681087,0.15346
1776902914118558620,2.43965,-0.0175781,0.284575,0.135882,1.30485,1.32424,10,888,0.681087,0
1776902914123587858,2.43965,-0.0175781,0.284575,-0.0175781,1.30485,1.32424,10,888,0.681087,0
1776902914128597240,2.43965,-0.0273438,0.284575,-0.0273438,1.29245,1.31867,10,888,0.681087,0
1776902914133553353,2.43965,-0.0273438,0.284575,-0.0273438,1.29245,1.31867,10,888,0.681087,0
1776902914138605131,2.43956,-0.0273438,0.284479,-0.0273438,1.25371,1.31828,10,888,0.681087,0
1776902914143543686,2.43956,-0.0351562,0.284479,-0.0351562,1.25371,1.31828,10,889,0.681854,0.15346
1776902914148578998,2.43907,-0.0351562,0.284762,0.118304,1.31872,1.31184,10,889,0.681854,0
1776902914153550744,2.43907,-0.0507812,0.284762,-0.0507812,1.31872,1.31184,10,890,0.682621,0
1776902914158582741,2.43868,-0.0507812,0.285141,-0.0507812,1.36019,1.30135,10,890,0.682621,0.153399
1776902914163549541,2.43868,-0.0527344,0.285141,0.100664,1.36019,1.30135,10,890,0.682621,0
1776902914168548996,2.4382,-0.0527344,0.284657,-0.0527344,1.31076,1.29825,10,891,0.683388,0.153356
1776902914173543986,2.4382,-0.0664062,0.285424,0.0869497,1.31076,1.29825,10,891,0.683388,0
1776902914178556406,2.43751,-0.0664062,0.284739,-0.0664062,1.25316,1.28765,10,892,0.684155,0.153399
1776902914183559861,2.43751,-0.0839844,0.285506,0.0694141,1.28964,1.27763,10,893,0.684922,0
1776902914188639941,2.43674,-0.0839844,0.285495,-0.0839844,1.28964,1.27763,10,893,0.684922,0.153337
1776902914193545156,2.43674,-0.0917969,0.285495,0.0615403,1.28964,1.27763,10,894,0.685689,0
1776902914198607325,2.43586,-0.0917969,0.285389,-0.0917969,1.26732,1.26641,10,894,0.685689,0.153429
1776902914203618226,2.43586,-0.0976562,0.285389,0.0557729,1.26732,1.26641,10,895,0.686456,0
1776902914208594324,2.43586,-0.0976562,0.286156,-0.0976562,1.30222,1.26307,10,895,0.686456,0.153429
1776902914213574534,2.43509,-0.0976562,0.285379,0.0557729,1.30222,1.26307,10,896,0.687223,0
1776902914218550058,2.43509,-0.0742188,0.286146,-0.0742188,1.23541,1.27324,10,896,0.687223,0.153368
1776902914223545641,2.43383,-0.0742188,0.284885,0.0791491,1.23541,1.27324,10,897,0.68799,0
1776902914228560117,2.43383,-0.0664062,0.285652,-0.0664062,1.24959,1.27252,10,897,0.68799,0.153337
1776902914233589706,2.43344,-0.0664062,0.285263,0.0869309,1.24959,1.27252,10,897,0.68799,0
1776902914238560211,2.43344,-0.046875,0.285263,-0.046875,1.27343,1.28205,10,898,0.688757,0
1776902914243533586,2.43266,-0.046875,0.285253,-0.046875,1.27343,1.28205,10,898,0.688757,0.153399
1776902914248561323,2.43266,-0.0410156,0.285253,0.112383,1.29268,1.2822,10,898,0.688757,0
1776902914253559759,2.43237,-0.0410156,0.284959,-0.0410156,1.29268,1.2822,10,898,0.688757,0
1776902914258551767,2.43237,-0.0253906,0.284959,-0.0253906,1.34523,1.2899,10,898,0.688757,0
1776902914263555519,2.43188,-0.0253906,0.284476,-0.0253906,1.34523,1.2899,10,898,0.688757,0
1776902914268552584,2.43188,-0.0214844,0.284476,-0.0214844,1.30368,1.29015,10,898,0.688757,0
1776902914273559113,2.43188,-0.0214844,0.284476,-0.0214844,1.30368,1.29015,10,898,0.688757,0
1776902914278575348,2.43188,-0.00390625,0.284476,-0.00390625,1.29507,1.30017,10,898,0.688757,0
1776902914283573025,2.43188,-0.00390625,0.284476,-0.00390625,1.29507,1.30017,10,898,0.688757,0
1776902914288547308,2.43188,-0.00390625,0.284476,-0.00390625,1.29509,1.30017,10,898,0.688757,0
1776902914293520424,2.43188,0.00585938,0.284476,0.00585938,1.29509,1.30017,10,898,0.688757,0
1776902914298540530,2.43188,0.00585938,0.284476,0.00585938,1.21718,1.30573,10,898,0.688757,0
1776902914303561081,2.43188,0.0078125,0.284476,0.0078125,1.21718,1.30573,10,898,0.688757,0
1776902914308550922,2.43188,0.0078125,0.284476,0.0078125,1.32684,1.30684,10,898,0.688757,0
1776902914313554914,2.43188,0.00195312,0.284476,0.00195312,1.32684,1.30684,10,898,0.688757,0
1776902914318555554,2.43198,0.00195312,0.284571,0.00195312,1.30983,1.3039,10,898,0.688757,0
1776902914323587125,2.43198,0.00195312,0.284571,0.00195312,1.30983,1.3039,10,898,0.688757,0
1776902914328551906,2.43198,0.00195312,0.284571,0.00195312,1.24011,1.3039,10,898,0.688757,0
1776902914333558010,2.43198,-0.00390625,0.284571,-0.00390625,1.24011,1.3039,10,898,0.688757,0
1776902914338546407,2.43198,-0.00390625,0.284571,-0.00390625,1.36747,1.30056,10,898,0.688757,0
1776902914343518449,2.43198,-0.00195312,0.284571,-0.00195312,1.36747,1.30056,10,898,0.688757,0
1776902914348593157,2.43198,-0.00195312,0.284571,-0.00195312,1.26345,1.30167,10,898,0.688757,0
1776902914353629785,2.43198,-0.00585938,0.284571,-0.00585938,1.26345,1.30167,10,898,0.688757,0
1776902914358578526,2.43198,-0.00585938,0.284571,-0.00585938,1.25756,1.29944,10,898,0.688757,0
1776902914363552087,2.43207,-0.00585938,0.284665,-0.00585938,1.25756,1.29944,10,898,0.688757,0
1776902914368554801,2.43207,-0.00390625,0.284665,-0.00390625,1.30373,1.30094,10,898,0.688757,0
1776902914373614155,2.43198,-0.00390625,0.28457,-0.00390625,1.30373,1.30094,10,898,0.688757,0
1776902914378613572,2.43198,0.00195312,0.28457,0.00195312,1.35864,1.30389,10,898,0.688757,0
1776902914383557776,2.43198,0.00195312,0.284571,0.00195312,1.35864,1.30389,10,898,0.688757,0
1776902914388594441,2.43198,0,0.284571,0,1.31908,1.30278,10,898,0.688757,0
1776902914393543201,2.43198,0,0.284571,0,1.31908,1.30278,10,898,0.688757,0
1776902914398559880,2.43198,-0.00195312,0.284571,-0.00195312,1.28713,1.30167,10,898,0.688757,0
1776902914403555278,2.43198,-0.00195312,0.28457,-0.00195312,1.28713,1.30167,10,898,0.688757,0
1776902914408555455,2.43198,-0.00390625,0.28457,-0.00390625,1.3187,1.30055,10,898,0.688757,0
1776902914413551186,2.43198,-0.00390625,0.28457,-0.00390625,1.3187,1.30055,10,898,0.688757,0
1776902914418547973,2.43198,-0.00976562,0.28457,-0.00976562,1.31098,1.29721,10,899,0.689524,0
1776902914423547113,2.43188,-0.00976562,0.285243,-0.00976562,1.31098,1.29721,10,899,0.689524,0.153429
1776902914428554809,2.43188,-0.00390625,0.285243,0.149523,1.32563,1.30017,10,899,0.689524,0
1776902914433573934,2.43188,-0.00390625,0.285243,-0.00390625,1.32563,1.30017,10,899,0.689524,0
1776902914438554088,2.43198,-0.00390625,0.285337,-0.00390625,1.31121,1.30055,10,899,0.689524,0
1776902914443540281,2.43198,-0.0078125,0.285337,-0.0078125,1.31121,1.30055,10,899,0.689524,0
1776902914448542421,2.43188,-0.0078125,0.285243,-0.0078125,1.31789,1.29794,10,899,0.689524,0
1776902914453557674,2.43188,-0.015625,0.285243,-0.015625,1.31789,1.29794,10,899,0.689524,0
1776902914458578762,2.43179,-0.015625,0.285149,-0.015625,1.31109,1.2931,10,899,0.689524,0
1776902914463561435,2.43179,-0.0078125,0.285149,-0.0078125,1.31109,1.2931,10,899,0.689524,0
1776902914468551166,2.43159,-0.0078125,0.284949,-0.0078125,1.26803,1.29673,10,899,0.689524,0
1776902914473557103,2.43159,-0.00976562,0.284949,-0.00976562,1.26803,1.29673,10,899,0.689524,0
1776902914478578061,2.43149,-0.00976562,0.284855,-0.00976562,1.31913,1.29523,10,899,0.689524,0
1776902914483575367,2.43149,-0.0117188,0.284855,-0.0117188,1.31913,1.29523,10,899,0.689524,0
1776902914488558744,2.4314,-0.0117188,0.284761,-0.0117188,1.31992,1.29373,10,899,0.689524,0
1776902914493529637,2.4314,-0.0117188,0.284761,-0.0117188,1.31992,1.29373,10,900,0.690291,0.153399
1776902914498542390,2.43129,-0.0117188,0.285422,0.14168,1.29301,1.2933,10,900,0.690291,0
1776902914503588260,2.43129,-0.0214844,0.285422,-0.0214844,1.29301,1.2933,10,900,0.690291,0
1776902914508561173,2.43129,-0.0214844,0.285422,-0.0214844,1.22433,1.28773,10,900,0.690291,0
1776902914513588317,2.438,-0.0214844,0.292123,-0.0214844,1.22433,1.28773,10,900,0.690291,0
1776902914518554747,2.438,-0.0273438,0.292123,-0.0273438,1.3112,1.31189,10,901,0.691058,0
1776902914523559184,2.4377,-0.0273438,0.292596,-0.0273438,1.3112,1.31189,10,901,0.691058,0.153368
1776902914528545728,2.4377,-0.0351562,0.292596,0.118212,1.30862,1.30623,10,901,0.691058,0
1776902914533594395,2.43722,-0.0351562,0.292112,-0.0351562,1.30862,1.30623,10,901,0.691058,0
1776902914538586644,2.43722,-0.0390625,0.292112,-0.0390625,1.221,1.30202,10,902,0.691825,0
1776902914543548092,2.43712,-0.0390625,0.292784,-0.0390625,1.221,1.30202,10,902,0.691825,0.153368
1776902914548550084,2.43712,-0.0507812,0.292784,0.102587,1.19971,1.29495,10,902,0.691825,0
1776902914553583007,2.43634,-0.0507812,0.292006,-0.0507812,1.19971,1.29495,10,903,0.692592,0.153399
1776902914558559494,2.43634,-0.0605469,0.292773,0.0928516,1.29471,1.28619,10,903,0.692592,0
1776902914563552595,2.43605,-0.0605469,0.292479,-0.0605469,1.29471,1.28619,10,904,0.693359,0
1776902914568554754,2.43605,-0.0605469,0.293246,-0.0605469,1.39001,1.28499,10,904,0.693359,0.153399
1776902914573552134,2.43518,-0.0605469,0.292374,0.0928516,1.39001,1.28499,10,904,0.693359,0
1776902914578575629,2.43518,-0.0527344,0.292374,-0.0527344,1.33723,1.28586,10,904,0.693359,0
1776902914583555024,2.43518,-0.0527344,0.292374,-0.0527344,1.33723,1.28586,10,904,0.693359,0
1776902914588555220,2.43508,-0.0527344,0.292279,-0.0527344,1.20437,1.28547,10,905,0.694126,0
1776902914593528725,2.43508,-0.0136719,0.293046,-0.0136719,1.20437,1.28547,10,905,0.694126,0.153429
1776902914598559166,2.43431,-0.0136719,0.292269,0.139757,1.4169,1.30455,10,905,0.694126,0
1776902914603554860,2.43431,0.00195312,0.292269,0.00195312,1.4169,1.30455,10,905,0.694126,0
1776902914608561094,2.43431,0.00195312,0.292269,0.00195312,1.36517,1.31345,10,905,0.694126,0
1776902914613550787,2.43431,0.015625,0.292269,0.015625,1.36517,1.31345,10,905,0.694126,0
1776902914618551464,2.43431,0.015625,0.292269,0.015625,1.29169,1.32125,10,905,0.694126,0
1776902914623549288,2.43431,0.0214844,0.292269,0.0214844,1.29169,1.32125,10,905,0.694126,0
1776902914628636832,2.4346,0.0214844,0.292563,0.0214844,1.36253,1.32579,10,905,0.694126,0
1776902914633589130,2.4346,0.0195312,0.292563,0.0195312,1.36253,1.32579,10,905,0.694126,0
1776902914638614904,2.43479,0.0195312,0.292752,0.0195312,1.22419,1.32546,10,905,0.694126,0
1776902914643669794,2.43479,0.00976562,0.292752,0.00976562,1.22419,1.32546,10,905,0.694126,0
1776902914648603347,2.43488,0.00976562,0.292847,0.00976562,1.27297,1.32028,10,905,0.694126,0
1776902914653591559,2.43488,-0.00585938,0.292847,-0.00585938,1.27297,1.32028,10,905,0.694126,0
1776902914658556025,2.43488,-0.00585938,0.292847,-0.00585938,1.3885,1.31137,10,905,0.694126,0
1776902914663554165,2.43508,-0.00585938,0.293046,-0.00585938,1.3885,1.31137,10,905,0.694126,0
1776902914668547210,2.43508,-0.0175781,0.293046,-0.0175781,1.29669,1.30551,10,905,0.694126,0
1776902914673559593,2.43479,-0.0175781,0.292752,-0.0175781,1.29669,1.30551,10,905,0.694126,0
1776902914678583903,2.43479,-0.0175781,0.292752,-0.0175781,1.22302,1.3043,10,905,0.694126,0
1776902914683560983,2.43479,-0.0175781,0.292752,-0.0175781,1.22302,1.3043,10,905,0.694126,0
1776902914688552677,2.43479,-0.00585938,0.292752,-0.00585938,1.23126,1.31098,10,905,0.694126,0
1776902914693525145,2.4346,-0.00585938,0.292562,-0.00585938,1.23126,1.31098,10,905,0.694126,0
1776902914698549789,2.4346,0.00195312,0.292562,0.00195312,1.30855,1.31466,10,905,0.694126,0
1776902914703556800,2.4346,0.00195312,0.292562,0.00195312,1.30855,1.31466,10,905,0.694126,0
1776902914708574146,2.4346,0.0136719,0.292562,0.0136719,1.38397,1.32134,10,905,0.694126,0
1776902914713552727,2.43469,0.0136719,0.292657,0.0136719,1.38397,1.32134,10,905,0.694126,0
1776902914718548495,2.43469,0.015625,0.292657,0.015625,1.29647,1.32284,10,905,0.694126,0
1776902914723553765,2.43488,0.015625,0.292846,0.015625,1.29647,1.32284,10,905,0.694126,0
1776902914728627492,2.43488,0.0078125,0.292846,0.0078125,1.415,1.31916,10,905,0.694126,0
1776902914733595033,2.43508,0.0078125,0.293045,0.0078125,1.415,1.31916,10,905,0.694126,0
1776902914738556203,2.43508,-0.00390625,0.293045,-0.00390625,1.41536,1.3133,10,905,0.694126,0
1776902914743523596,2.43518,-0.00390625,0.293139,-0.00390625,1.41536,1.3133,10,905,0.694126,0
1776902914748578041,2.43518,-0.00585938,0.293139,-0.00585938,1.27725,1.31257,10,905,0.694126,0
1776902914753560548,2.43518,-0.00585938,0.293139,-0.00585938,1.27725,1.31257,10,905,0.694126,0
1776902914758577802,2.43518,-0.015625,0.293139,-0.015625,1.37698,1.30701,10,905,0.694126,0
1776902914763559623,2.43508,-0.015625,0.293045,-0.015625,1.37698,1.30701,10,905,0.694126,0
1776902914768557318,2.43508,-0.0117188,0.293045,-0.0117188,1.31727,1.30885,10,905,0.694126,0
1776902914773557698,2.43488,-0.0117188,0.292846,-0.0117188,1.31727,1.30885,10,905,0.694126,0
1776902914778557894,2.43488,-0.00585938,0.292846,-0.00585938,1.19645,1.31137,10,905,0.694126,0
1776902914783553254,2.43479,-0.00585938,0.292751,-0.00585938,1.19645,1.31137,10,905,0.694126,0
1776902914788577861,2.43479,0.00195312,0.292751,0.00195312,1.31938,1.31543,10,905,0.694126,0
1776902914793522269,2.43479,0.00195312,0.292751,0.00195312,1.31938,1.31543,10,905,0.694126,0
1776902914798554822,2.43479,0.0136719,0.292751,0.0136719,1.3254,1.32211,10,905,0.694126,0
1776902914803549219,2.43479,0.0136719,0.292751,0.0136719,1.3254,1.32211,10,905,0.694126,0
1776902914808554082,2.43508,0.0136719,0.293045,0.0136719,1.3713,1.32332,10,905,0.694126,0
1776902914813552703,2.43508,0.00390625,0.293045,0.00390625,1.3713,1.32332,10,905,0.694126,0
1776902914818551046,2.43518,0.00390625,0.293139,0.00390625,1.35744,1.31814,10,905,0.694126,0
1776902914823545036,2.43518,0.00195312,0.293139,0.00195312,1.35744,1.31814,10,905,0.694126,0
1776902914828542786,2.43527,0.00195312,0.293234,0.00195312,1.38783,1.31742,10,905,0.694126,0
1776902914833547834,2.43527,-0.00585938,0.293234,-0.00585938,1.38783,1.31742,10,905,0.694126,0
1776902914838544621,2.43518,-0.00585938,0.293139,-0.00585938,1.16513,1.31257,10,905,0.694126,0
1776902914843519201,2.43518,-0.0078125,0.293139,-0.0078125,1.16513,1.31257,10,905,0.694126,0
1776902914848540585,2.43518,-0.0078125,0.293139,-0.0078125,1.34432,1.31146,10,905,0.694126,0
1776902914853551708,2.43518,-0.0078125,0.293139,-0.0078125,1.34432,1.31146,10,905,0.694126,0
1776902914858546847,2.43508,-0.0078125,0.293045,-0.0078125,1.22648,1.31107,10,905,0.694126,0
1776902914863552283,2.43508,-0.00390625,0.293045,-0.00390625,1.22648,1.31107,10,905,0.694126,0
1776902914868548348,2.43508,-0.00390625,0.293045,-0.00390625,1.46269,1.3133,10,905,0.694126,0
1776902914873543024,2.43508,0.00390625,0.293045,0.00390625,1.46269,1.3133,10,905,0.694126,0
1776902914878556462,2.43508,0.00390625,0.293045,0.00390625,1.33243,1.31775,10,905,0.694126,0
1776902914883560399,2.43518,0.00390625,0.293139,0.00390625,1.33243,1.31775,10,905,0.694126,0
1776902914888550703,2.43518,0.00585938,0.293139,0.00585938,1.27596,1.31925,10,905,0.694126,0
1776902914893711927,2.43527,0.00585938,0.293234,0.00585938,1.27596,1.31925,10,905,0.694126,0
1776902914898576431,2.43527,0.00195312,0.293234,0.00195312,1.36406,1.31742,10,905,0.694126,0
1776902914903558957,2.43538,0.00195312,0.293339,0.00195312,1.36406,1.31742,10,905,0.694126,0
1776902914908554966,2.43538,0,0.293339,0,1.34397,1.31673,10,905,0.694126,0
1776902914913594520,2.43547,0,0.293433,0,1.34397,1.31673,10,905,0.694126,0
1776902914918597345,2.43547,-0.00195312,0.293433,-0.00195312,1.35134,1.316,10,905,0.694126,0
1776902914923593688,2.43538,-0.00195312,0.293339,-0.00195312,1.35134,1.316,10,905,0.694126,0
1776902914928583918,2.43538,-0.0078125,0.293339,-0.0078125,1.25579,1.31228,10,905,0.694126,0
1776902914933582317,2.43538,-0.0078125,0.293339,-0.0078125,1.25579,1.31228,10,905,0.694126,0
1776902914938550080,2.43538,-0.00585938,0.293339,-0.00585938,1.29763,1.31339,10,905,0.694126,0
1776902914943518640,2.43518,-0.00585938,0.293139,-0.00585938,1.29763,1.31339,10,905,0.694126,0
1776902914948550841,2.43518,-0.00390625,0.293139,-0.00390625,1.32287,1.31369,10,905,0.694126,0
1776902914953546406,2.43518,-0.00390625,0.293139,-0.00390625,1.32287,1.31369,10,905,0.694126,0
1776902914958559659,2.43547,-0.00390625,0.293434,-0.00390625,1.3515,1.3149,10,905,0.694126,0
1776902914963551574,2.43547,-0.00195312,0.293434,-0.00195312,1.3515,1.3149,10,905,0.694126,0
1776902914968551140,2.43547,-0.00195312,0.293434,-0.00195312,1.23702,1.31601,10,905,0.694126,0
1776902914973545853,2.43547,0.0078125,0.293434,0.0078125,1.23702,1.31601,10,905,0.694126,0
1776902914978560291,2.43547,0.0078125,0.293434,0.0078125,1.37731,1.32157,10,905,0.694126,0
1776902914983547947,2.43547,0.00390625,0.293434,0.00390625,1.37731,1.32157,10,905,0.694126,0
1776902914988552532,2.43547,0.00390625,0.293434,0.00390625,1.32974,1.31935,10,905,0.694126,0
1776902914993521332,2.43547,0.00195312,0.293434,0.00195312,1.32974,1.31935,10,905,0.694126,0
1776902914998578723,2.43547,0.00195312,0.293434,0.00195312,1.28055,1.31823,10,905,0.694126,0
1776902915003557911,2.43547,0.00585938,0.293434,0.00585938,1.28055,1.31823,10,905,0.694126,0
1776902915008576104,2.43547,0.00585938,0.293434,0.00585938,1.23108,1.32046,10,905,0.694126,0
1776902915013548085,2.43547,-0.00585938,0.293434,-0.00585938,1.23108,1.32046,10,905,0.694126,0
1776902915018557129,2.43547,-0.00585938,0.293434,-0.00585938,1.429,1.31378,10,905,0.694126,0
1776902915023545483,2.43547,0.00195312,0.293434,0.00195312,1.429,1.31378,10,905,0.694126,0
1776902915028554952,2.43547,0.00195312,0.293434,0.00195312,1.33146,1.31823,10,905,0.694126,0
1776902915033550919,2.43566,0.00195312,0.293623,0.00195312,1.33146,1.31823,10,905,0.694126,0
1776902915038545867,2.43566,-0.00195312,0.293623,-0.00195312,1.29206,1.31679,10,905,0.694126,0
1776902915043515848,2.43566,-0.00195312,0.293624,-0.00195312,1.29206,1.31679,10,905,0.694126,0
1776902915048545951,2.43566,0.00585938,0.293624,0.00585938,1.30109,1.32124,10,905,0.694126,0
1776902915053545381,2.43566,0.00585938,0.293624,0.00585938,1.30109,1.32124,10,905,0.694126,0
1776902915058547275,2.43566,0.00195312,0.293624,0.00195312,1.2433,1.31902,10,905,0.694126,0
1776902915063552188,2.43566,0.00195312,0.293624,0.00195312,1.2433,1.31902,10,905,0.694126,0
1776902915068546710,2.43566,0.0078125,0.293624,0.0078125,1.36476,1.32236,10,905,0.694126,0
1776902915073618524,2.43586,0.0078125,0.293823,0.0078125,1.36476,1.32236,10,905,0.694126,0
1776902915078595951,2.43586,0.00195312,0.293823,0.00195312,1.31002,1.31983,10,905,0.694126,0
1776902915083581582,2.43586,0.00195312,0.293823,0.00195312,1.31002,1.31983,10,905,0.694126,0
1776902915088673085,2.43586,-0.00195312,0.293823,-0.00195312,1.39131,1.31761,10,905,0.694126,0
1776902915093575220,2.43586,-0.00195312,0.293823,-0.00195312,1.39131,1.31761,10,905,0.694126,0
1776902915098551239,2.43586,-0.00585938,0.293823,-0.00585938,1.36403,1.31538,10,905,0.694126,0
1776902915103553596,2.43586,-0.00585938,0.293823,-0.00585938,1.36403,1.31538,10,905,0.694126,0
1776902915108547322,2.43595,-0.00585938,0.293917,-0.00585938,1.25163,1.31577,10,905,0.694126,0
1776902915113544178,2.43595,-0.00390625,0.293917,-0.00390625,1.35164,1.31688,10,905,0.694126,0
1776902915118547331,2.43595,-0.00390625,0.293917,-0.00390625,1.35164,1.31688,10,905,0.694126,0
1776902915123544150,2.43595,-0.00390625,0.293917,-0.00390625,1.35164,1.31688,10,905,0.694126,0
1776902915128548933,2.43595,-0.00390625,0.293917,-0.00390625,1.26851,1.31688,10,905,0.694126,0
1776902915133555458,2.43595,0.00585938,0.293917,0.00585938,1.26851,1.31688,10,905,0.694126,0
1776902915138549646,2.43596,0.00585938,0.293918,0.00585938,1.28866,1.32245,10,905,0.694126,0
1776902915143534148,2.43596,-0.00390625,0.293918,-0.00390625,1.26779,1.31688,10,905,0.694126,0
1776902915148601721,2.43596,-0.00390625,0.293918,-0.00390625,1.26779,1.31688,10,905,0.694126,0
1776902915153623488,2.43596,-0.00390625,0.293918,-0.00390625,1.23572,1.31688,10,905,0.694126,0
1776902915158597785,2.43596,-0.00390625,0.293918,-0.00390625,1.23572,1.31688,10,905,0.694126,0
1776902915163556504,2.43596,-0.00195312,0.293918,-0.00195312,1.23572,1.31688,10,905,0.694126,0
1776902915168554175,2.43596,-0.00195312,0.293918,-0.00195312,1.29393,1.318,10,905,0.694126,0
1776902915173557254,2.43596,-0.00195312,0.293918,-0.00195312,1.29393,1.318,10,905,0.694126,0
1776902915178551073,2.43596,-0.00195312,0.293918,-0.00195312,1.25126,1.318,10,905,0.694126,0
1776902915183553300,2.43605,-0.00195312,0.294013,-0.00195312,1.25126,1.318,10,905,0.694126,0
1776902915188561565,2.43605,0.00390625,0.294013,0.00390625,1.25599,1.32172,10,905,0.694126,0
1776902915193523841,2.43605,0.00390625,0.294013,0.00390625,1.25599,1.32172,10,905,0.694126,0
1776902915198552573,2.43605,-0.00195312,0.294013,-0.00195312,1.35681,1.31838,10,905,0.694126,0
1776902915203556523,2.43605,-0.00195312,0.294013,-0.00195312,1.35681,1.31838,10,905,0.694126,0
1776902915208578457,2.43605,0.00390625,0.294013,0.00390625,1.29529,1.32172,10,905,0.694126,0
1776902915213547957,2.43605,0.00390625,0.294013,0.00390625,1.29529,1.32172,10,905,0.694126,0
1776902915218546646,2.43605,-0.00195312,0.294013,-0.00195312,1.38981,1.31838,10,905,0.694126,0
1776902915223546429,2.43605,-0.00195312,0.294013,-0.00195312,1.38981,1.31838,10,905,0.694126,0
1776902915228553509,2.43605,0.00195312,0.294013,0.00195312,1.27602,1.32061,10,905,0.694126,0
1776902915233545271,2.43605,0.00195312,0.294014,0.00195312,1.27602,1.32061,10,905,0.694126,0
1776902915238544961,2.43605,0,0.294014,0,1.19931,1.3195,10,905,0.694126,0
1776902915243517831,2.43605,0,0.294014,0,1.19931,1.3195,10,905,0.694126,0
1776902915248594794,2.43605,0.00195312,0.294014,0.00195312,1.43065,1.32062,10,905,0.694126,0
1776902915253589890,2.43605,0.00195312,0.294014,0.00195312,1.43065,1.32062,10,905,0.694126,0
1776902915258578837,2.43635,0.00195312,0.294308,0.00195312,1.39685,1.32182,10,905,0.694126,0
1776902915263559246,2.43635,0.00195312,0.294308,0.00195312,1.39685,1.32182,10,905,0.694126,0
1776902915268550101,2.43635,0.00195312,0.294308,0.00195312,1.26264,1.32182,10,905,0.694126,0
1776902915273560867,2.43635,-0.00195312,0.294308,-0.00195312,1.26264,1.32182,10,905,0.694126,0
1776902915278576893,2.43635,-0.00195312,0.294308,-0.00195312,1.28184,1.31959,10,905,0.694126,0
1776902915283559746,2.43635,0.00195312,0.294308,0.00195312,1.28184,1.31959,10,905,0.694126,0
1776902915288549953,2.43635,0.00195312,0.294308,0.00195312,1.26212,1.32182,10,905,0.694126,0
1776902915293530269,2.43635,0,0.294308,0,1.26212,1.32182,10,905,0.694126,0
1776902915298547684,2.43635,0,0.294308,0,1.21085,1.32071,10,905,0.694126,0
1776902915303557135,2.43635,0,0.294308,0,1.21085,1.32071,10,905,0.694126,0
1776902915308553583,2.43635,0,0.294308,0,1.3066,1.32071,10,905,0.694126,0
1776902915313556347,2.43635,0.00390625,0.294308,0.00390625,1.3066,1.32071,10,905,0.694126,0
1776902915318561723,2.43635,0.00390625,0.294308,0.00390625,1.38464,1.32293,10,905,0.694126,0
1776902915323554764,2.43635,0.00195312,0.294308,0.00195312,1.38464,1.32293,10,905,0.694126,0
1776902915328545508,2.43654,0.00195312,0.294498,0.00195312,1.2626,1.32182,10,905,0.694126,0
1776902915333562219,2.43654,-0.00390625,0.294498,-0.00390625,1.33281,1.31926,10,905,0.694126,0
1776902915338590358,2.43644,-0.00390625,0.294403,-0.00390625,1.33281,1.31926,10,905,0.694126,0
1776902915343522684,2.43644,0.00585938,0.294403,0.00585938,1.33281,1.31926,10,905,0.694126,0
1776902915348583885,2.43654,0.00585938,0.294498,0.00585938,1.268,1.32483,10,905,0.694126,0
1776902915353562423,2.43654,0,0.294498,0,1.268,1.32483,10,905,0.694126,0
1776902915358557723,2.43664,0,0.294602,0,1.23512,1.32191,10,905,0.694126,0
1776902915363550726,2.43664,0,0.294602,0,1.23512,1.32191,10,905,0.694126,0
1776902915368557528,2.43664,0,0.294602,0,1.35802,1.32191,10,905,0.694126,0
1776902915373549235,2.43664,-0.00195312,0.294602,-0.00195312,1.35802,1.32191,10,905,0.694126,0
1776902915378558260,2.43664,-0.00195312,0.294602,-0.00195312,1.37187,1.3208,10,905,0.694126,0
1776902915383549059,2.43664,0.00195312,0.294602,0.00195312,1.37187,1.3208,10,905,0.694126,0
1776902915388575902,2.43664,0.00195312,0.294602,0.00195312,1.25509,1.32303,10,905,0.694126,0
1776902915393543846,2.43664,0,0.294602,0,1.25509,1.32303,10,905,0.694126,0
1776902915398591155,2.43673,0,0.294697,0,1.29409,1.32191,10,905,0.694126,0
1776902915403561580,2.43673,0.00390625,0.294697,0.00390625,1.39774,1.32453,10,905,0.694126,0
1776902915408662955,2.43673,0.00390625,0.294697,0.00390625,1.39774,1.32453,10,905,0.694126,0
1776902915413586909,2.43673,0.00390625,0.294697,0.00390625,1.39774,1.32453,10,905,0.694126,0
1776902915418584728,2.43673,0.00390625,0.294697,0.00390625,1.38445,1.32453,10,905,0.694126,0
1776902915423574583,2.43673,0,0.294697,0,1.38442,1.3223,10,905,0.694126,0
1776902915428558473,2.43673,-0.00195312,0.294697,-0.00195312,1.38442,1.3223,10,905,0.694126,0
1776902915433633862,2.43673,-0.00195312,0.294697,-0.00195312,1.38442,1.3223,10,905,0.694126,0
1776902915438583357,2.43673,0.00195312,0.294697,0.00195312,1.36471,1.32341,10,905,0.694126,0
1776902915443574157,2.43673,0.00195312,0.294697,0.00195312,1.36471,1.32341,10,905,0.694126,0
1776902915448550731,2.43673,0.00195312,0.294697,0.00195312,1.36415,1.32341,10,905,0.694126,0
1776902915453559719,2.43673,0.00195312,0.294697,0.00195312,1.36415,1.32341,10,905,0.694126,0
1776902915458558427,2.43673,0.00195312,0.294697,0.00195312,1.29487,1.32341,10,905,0.694126,0
1776902915463559654,2.43703,0.00195312,0.294991,0.00195312,1.29487,1.32341,10,905,0.694126,0
1776902915468553713,2.43703,0.00390625,0.294991,0.00390625,1.28803,1.32573,10,905,0.694126,0
1776902915473583742,2.43703,0.00390625,0.294991,0.00390625,1.28803,1.32573,10,905,0.694126,0
1776902915478580876,2.43703,0,0.294991,0,1.31315,1.32351,10,905,0.694126,0
1776902915483575231,2.43703,0,0.294991,0,1.31315,1.32351,10,905,0.694126,0
1776902915488548805,2.43703,0,0.294991,0,1.21524,1.32351,10,905,0.694126,0
1776902915493526398,2.43703,0,0.294991,0,1.21524,1.32351,10,905,0.694126,0
1776902915498541961,2.43703,-0.00390625,0.294991,-0.00390625,1.33763,1.32128,10,905,0.694126,0
1776902915503547782,2.43703,-0.00390625,0.294991,-0.00390625,1.33763,1.32128,10,905,0.694126,0
1776902915508545027,2.43703,-0.00585938,0.294991,-0.00585938,1.27989,1.32017,10,905,0.694126,0
1776902915513545272,2.43692,-0.00585938,0.294886,-0.00585938,1.27989,1.32017,10,905,0.694126,0
1776902915518605528,2.43692,-0.00585938,0.294886,-0.00585938,1.33906,1.31974,10,905,0.694126,0
1776902915523584807,2.43692,-0.00585938,0.294887,-0.00585938,1.33906,1.31974,10,905,0.694126,0
1776902915528581052,2.43692,-0.00195312,0.294887,-0.00195312,1.27557,1.32197,10,905,0.694126,0
1776902915533661460,2.43692,-0.00195312,0.294887,-0.00195312,1.27557,1.32197,10,905,0.694126,0
1776902915538601620,2.43712,-0.00195312,0.295086,-0.00195312,1.22975,1.32278,10,905,0.694126,0
1776902915543539744,2.43712,0.00390625,0.295086,0.00390625,1.22975,1.32278,10,905,0.694126,0
1776902915548555195,2.43712,0.00390625,0.295086,0.00390625,1.26173,1.32612,10,905,0.694126,0
1776902915553553274,2.43712,0.00195312,0.295086,0.00195312,1.26173,1.32612,10,905,0.694126,0
1776902915558576209,2.43712,0.00195312,0.295086,0.00195312,1.2417,1.32501,10,905,0.694126,0
1776902915563550635,2.43712,-0.00390625,0.295086,-0.00390625,1.2417,1.32501,10,905,0.694126,0
1776902915568580033,2.43722,-0.00390625,0.295181,-0.00390625,1.30027,1.32206,10,905,0.694126,0
1776902915573551792,2.43722,0,0.295181,0,1.30027,1.32206,10,905,0.694126,0
1776902915578560095,2.43712,0,0.295086,0,1.32564,1.3239,10,905,0.694126,0
1776902915583552320,2.43712,-0.00195312,0.295086,-0.00195312,1.32564,1.3239,10,905,0.694126,0
1776902915588555029,2.43712,-0.00195312,0.295086,-0.00195312,1.3784,1.32278,10,905,0.694126,0
1776902915593540179,2.43712,-0.00195312,0.295086,-0.00195312,1.3784,1.32278,10,905,0.694126,0
1776902915598549685,2.43712,-0.00195312,0.295086,-0.00195312,1.32612,1.32278,10,905,0.694126,0
1776902915603551450,2.43712,-0.00195312,0.295086,-0.00195312,1.32612,1.32278,10,905,0.694126,0
1776902915608584219,2.44646,-0.00195312,0.304424,-0.00195312,1.26893,1.32278,10,905,0.694126,0
1776902915613581353,2.44646,0.00195312,0.304424,0.00195312,1.43009,1.36324,10,905,0.694126,0
1776902915618585525,2.44646,0.00195312,0.304424,0.00195312,1.43009,1.36324,10,905,0.694126,0
1776902915623558729,2.44646,0.00390625,0.304424,0.00390625,1.43009,1.36324,10,905,0.694126,0
1776902915628552436,2.44646,0.00390625,0.304424,0.00390625,1.36564,1.36435,10,905,0.694126,0
1776902915633573611,2.44646,0.00195312,0.304424,0.00195312,1.3035,1.36324,10,905,0.694126,0
1776902915638575190,2.44646,-0.00585938,0.304424,-0.00585938,1.3035,1.36324,10,905,0.694126,0
1776902915643557432,2.44646,-0.00585938,0.304424,-0.00585938,1.3035,1.36324,10,905,0.694126,0
1776902915648603723,2.44646,-0.0078125,0.304424,-0.0078125,1.39852,1.35767,10,905,0.694126,0
1776902915653582298,2.44646,-0.0078125,0.304424,-0.0078125,1.39852,1.35767,10,905,0.694126,0
1776902915658574023,2.44646,-0.00976562,0.304424,-0.00976562,1.3623,1.35656,10,905,0.694126,0
1776902915663573695,2.44637,-0.00976562,0.304329,-0.00976562,1.3623,1.35656,10,905,0.694126,0
1776902915668550232,2.44637,-0.00976562,0.304329,-0.00976562,1.41403,1.35617,10,905,0.694126,0
1776902915673550366,2.44637,-0.00976562,0.304329,-0.00976562,1.41403,1.35617,10,905,0.694126,0
1776902915678574894,2.44637,-0.00976562,0.304329,-0.00976562,1.334,1.35617,10,905,0.694126,0
1776902915683573676,2.44637,0.00195312,0.304329,0.00195312,1.334,1.35617,10,905,0.694126,0
1776902915688551103,2.44637,0.00195312,0.304329,0.00195312,1.40425,1.36285,10,905,0.694126,0
1776902915693531826,2.44637,0.00390625,0.304329,0.00390625,1.40425,1.36285,10,905,0.694126,0
1776902915698597954,2.44637,0.00390625,0.304329,0.00390625,1.35271,1.36396,10,905,0.694126,0
1776902915703579677,2.44637,0.00390625,0.304329,0.00390625,1.35271,1.36396,10,905,0.694126,0
1776902915708574385,2.44637,0.00390625,0.304329,0.00390625,1.38547,1.36396,10,905,0.694126,0
1776902915713547718,2.44637,0.00585938,0.304329,0.00585938,1.38547,1.36396,10,905,0.694126,0
1776902915718559558,2.44646,0.00585938,0.304424,0.00585938,1.31995,1.36546,10,905,0.694126,0
1776902915723551413,2.44646,0.00585938,0.304424,0.00585938,1.31995,1.36546,10,905,0.694126,0
1776902915728554770,2.44646,0.00585938,0.304424,0.00585938,1.41819,1.36546,10,905,0.694126,0
1776902915733550774,2.44646,-0.00390625,0.304424,-0.00390625,1.41819,1.36546,10,905,0.694126,0
1776902915738589156,2.44646,-0.00390625,0.304424,-0.00390625,1.3997,1.3599,10,905,0.694126,0
1776902915743555062,2.44646,-0.00195312,0.304424,-0.00195312,1.3997,1.3599,10,905,0.694126,0
1776902915748549844,2.44646,-0.00195312,0.304424,-0.00195312,1.37123,1.36101,10,905,0.694126,0
1776902915753551219,2.44656,-0.00195312,0.30452,-0.00195312,1.37123,1.36101,10,905,0.694126,0
1776902915758558651,2.44656,-0.00390625,0.30452,-0.00390625,1.37714,1.36029,10,905,0.694126,0
1776902915763551524,2.44646,-0.00390625,0.304424,-0.00390625,1.37714,1.36029,10,905,0.694126,0
1776902915768562124,2.44646,0.00195312,0.304424,0.00195312,1.29515,1.36324,10,905,0.694126,0
1776902915773556387,2.44646,0.00195312,0.304424,0.00195312,1.29515,1.36324,10,905,0.694126,0
1776902915778553057,2.44646,-0.00390625,0.304424,-0.00390625,1.33419,1.3599,10,905,0.694126,0
1776902915783548005,2.44646,-0.00390625,0.304424,-0.00390625,1.33419,1.3599,10,905,0.694126,0
1776902915788546602,2.44646,-0.00195312,0.304424,-0.00195312,1.38536,1.36101,10,905,0.694126,0
1776902915793539884,2.44646,-0.00195312,0.304424,-0.00195312,1.38536,1.36101,10,905,0.694126,0
1776902915798543963,2.44646,0.00195312,0.304424,0.00195312,1.29049,1.36324,10,905,0.694126,0
1776902915803575214,2.44646,0.00195312,0.304424,0.00195312,1.29049,1.36324,10,905,0.694126,0
1776902915808551807,2.44646,0,0.304424,0,1.20437,1.36212,10,905,0.694126,0
1776902915813556776,2.44646,0,0.304424,0,1.20437,1.36212,10,905,0.694126,0
1776902915818555317,2.44646,-0.00195312,0.304424,-0.00195312,1.43264,1.36101,10,905,0.694126,0
1776902915823558267,2.44656,-0.00195312,0.304519,-0.00195312,1.3486,1.3614,10,905,0.694126,0
1776902915828551696,2.44656,-0.00195312,0.304519,-0.00195312,1.3486,1.3614,10,905,0.694126,0
1776902915833553257,2.44656,-0.00195312,0.304519,-0.00195312,1.3486,1.3614,10,905,0.694126,0
1776902915838549964,2.44656,0,0.304519,0,1.33016,1.36251,10,905,0.694126,0
1776902915843545876,2.44656,0,0.304519,0,1.33016,1.36251,10,905,0.694126,0
1776902915848546769,2.44656,-0.00195312,0.304519,-0.00195312,1.34887,1.3614,10,905,0.694126,0
1776902915853587003,2.44656,-0.00195312,0.304519,-0.00195312,1.34887,1.3614,10,905,0.694126,0
1776902915858554891,2.44656,-0.00195312,0.304519,-0.00195312,1.31589,1.3614,10,905,0.694126,0
1776902915863560323,2.44656,-0.00195312,0.30452,-0.00195312,1.31589,1.3614,10,905,0.694126,0
1776902915868552196,2.44656,0.00195312,0.30452,0.00195312,1.39633,1.36363,10,905,0.694126,0
1776902915873556665,2.44656,0.00195312,0.30452,0.00195312,1.39633,1.36363,10,905,0.694126,0
1776902915878551854,2.44656,0.00195312,0.30452,0.00195312,1.28096,1.36363,10,905,0.694126,0
1776902915883560656,2.44656,0.00195312,0.30452,0.00195312,1.28096,1.36363,10,905,0.694126,0
1776902915888547973,2.44656,0,0.30452,0,1.36701,1.36252,10,905,0.694126,0
1776902915893556183,2.44665,0,0.304616,0,1.4181,1.36291,10,905,0.694126,0
1776902915898608086,2.44665,0,0.304616,0,1.4181,1.36291,10,905,0.694126,0
1776902915903583457,2.44665,0,0.304616,0,1.4181,1.36291,10,905,0.694126,0
1776902915908550289,2.44665,0,0.304616,0,1.43261,1.36291,10,905,0.694126,0
1776902915913548404,2.44665,-0.00195312,0.304616,-0.00195312,1.3817,1.36179,10,905,0.694126,0
1776902915918557059,2.44665,-0.00195312,0.304616,-0.00195312,1.3817,1.36179,10,905,0.694126,0
1776902915923619797,2.44665,-0.00390625,0.304616,-0.00390625,1.3817,1.36179,10,905,0.694126,0
1776902915928594593,2.44665,-0.00390625,0.304616,-0.00390625,1.31123,1.36068,10,905,0.694126,0
1776902915933552294,2.44665,-0.00585938,0.304616,-0.00585938,1.31123,1.36068,10,905,0.694126,0
1776902915938556559,2.44656,-0.00585938,0.30452,-0.00585938,1.35247,1.35918,10,905,0.694126,0
1776902915943520890,2.44656,-0.00195312,0.30452,-0.00195312,1.35247,1.35918,10,905,0.694126,0
1776902915948589055,2.44656,-0.00195312,0.30452,-0.00195312,1.39983,1.3614,10,905,0.694126,0
1776902915953562462,2.44656,0.00390625,0.30452,0.00390625,1.39983,1.3614,10,905,0.694126,0
1776902915958557188,2.44656,0.00390625,0.30452,0.00390625,1.36701,1.36474,10,905,0.694126,0
1776902915963550914,2.44685,0.00390625,0.304815,0.00390625,1.36701,1.36474,10,905,0.694126,0
1776902915968627081,2.44685,0.00390625,0.304815,0.00390625,1.33416,1.36595,10,905,0.694126,0
1776902915973574817,2.44685,0.00390625,0.304815,0.00390625,1.33416,1.36595,10,905,0.694126,0
1776902915978639574,2.44685,0.00390625,0.304815,0.00390625,1.39972,1.36595,10,905,0.694126,0
1776902915983588921,2.44685,0.00390625,0.304815,0.00390625,1.39972,1.36595,10,905,0.694126,0
1776902915988582036,2.44685,-0.00390625,0.304815,-0.00390625,1.27273,1.3615,10,905,0.694126,0
1776902915993531124,2.44685,-0.00390625,0.304815,-0.00390625,1.27273,1.3615,10,905,0.694126,0
1776902915998548206,2.44685,-0.00195312,0.304815,-0.00195312,1.38524,1.36261,10,905,0.694126,0
1776902916003575082,2.44685,-0.00195312,0.304815,-0.00195312,1.38524,1.36261,10,905,0.694126,0
1776902916008553930,2.44685,-0.00390625,0.304815,-0.00390625,1.367,1.3615,10,905,0.694126,0
1776902916013556004,2.44685,-0.00390625,0.304816,-0.00390625,1.367,1.3615,10,905,0.694126,0
1776902916018554021,2.44685,-0.00390625,0.304816,-0.00390625,1.38164,1.3615,10,905,0.694126,0
1776902916023576488,2.44685,-0.00390625,0.304816,-0.00390625,1.38164,1.3615,10,905,0.694126,0
1776902916028549741,2.44685,0.00390625,0.304816,0.00390625,1.24778,1.36595,10,905,0.694126,0
1776902916033601306,2.44685,0.00390625,0.304816,0.00390625,1.39975,1.36595,10,905,0.694126,0
1776902916038582209,2.44685,0.00585938,0.304816,0.00585938,1.39975,1.36595,10,905,0.694126,0
1776902916043524828,2.44695,0.00585938,0.304911,0.00585938,1.39975,1.36595,10,905,0.694126,0
1776902916048548517,2.44695,-0.00195312,0.304911,-0.00195312,1.39605,1.363,10,905,0.694126,0
1776902916053551165,2.44695,-0.00195312,0.304911,-0.00195312,1.39605,1.363,10,905,0.694126,0
1776902916058577113,2.44695,0.00195312,0.304911,0.00195312,1.38122,1.36523,10,905,0.694126,0
1776902916063561517,2.44695,0.00195312,0.304911,0.00195312,1.38122,1.36523,10,905,0.694126,0
1776902916068558868,2.44695,0.00195312,0.304911,0.00195312,1.33415,1.36523,10,905,0.694126,0
1776902916073550885,2.44695,0.00195312,0.304911,0.00195312,1.33415,1.36523,10,905,0.694126,0
1776902916078572740,2.44695,-0.00585938,0.304911,-0.00585938,1.43259,1.36078,10,905,0.694126,0
1776902916083555644,2.44695,-0.00585938,0.304911,-0.00585938,1.43259,1.36078,10,905,0.694126,0
1776902916088558884,2.44695,0.00195312,0.304911,0.00195312,1.34872,1.36523,10,905,0.694126,0
1776902916093529823,2.44695,0.00195312,0.304911,0.00195312,1.34872,1.36523,10,905,0.694126,0
1776902916098550215,2.44695,0.00195312,0.304911,0.00195312,1.38137,1.36523,10,905,0.694126,0
1776902916103553919,2.44704,0.00195312,0.305007,0.00195312,1.34509,1.36562,10,905,0.694126,0
1776902916108572847,2.44704,0.00390625,0.305007,0.00390625,1.34509,1.36562,10,905,0.694126,0
1776902916113551954,2.44704,0.00390625,0.305007,0.00390625,1.34509,1.36562,10,905,0.694126,0
1776902916118578940,2.44704,0.00390625,0.305007,0.00390625,1.35264,1.36673,10,905,0.694126,0
1776902916123557639,2.44704,0.00390625,0.305007,0.00390625,1.35264,1.36673,10,905,0.694126,0
1776902916128555231,2.44704,-0.00390625,0.305007,-0.00390625,1.3776,1.36228,10,905,0.694126,0
1776902916133555841,2.44704,-0.00390625,0.305007,-0.00390625,1.3776,1.36228,10,905,0.694126,0
1776902916138552618,2.44704,-0.00195312,0.305007,-0.00195312,1.3819,1.36339,10,905,0.694126,0
1776902916143544153,2.44704,-0.00195312,0.305007,-0.00195312,1.3819,1.36339,10,905,0.694126,0
1776902916148598736,2.44704,0.00390625,0.305007,0.00390625,1.36701,1.36673,10,905,0.694126,0
1776902916153608645,2.44704,0.00390625,0.305007,0.00390625,1.36701,1.36673,10,905,0.694126,0
1776902916158588826,2.44704,0.00390625,0.305007,0.00390625,1.36696,1.36673,10,905,0.694126,0
1776902916163573119,2.44704,0.00390625,0.305007,0.00390625,1.36696,1.36673,10,905,0.694126,0
1776902916168558134,2.44704,0.00390625,0.305007,0.00390625,1.30127,1.36673,10,905,0.694126,0
1776902916173557337,2.44724,0.00390625,0.305207,0.00390625,1.32698,1.36755,10,905,0.694126,0
1776902916178549391,2.44724,-0.00195312,0.305207,-0.00195312,1.32698,1.36755,10,905,0.694126,0
1776902916183560911,2.44724,-0.00195312,0.305207,-0.00195312,1.32698,1.36755,10,905,0.694126,0
1776902916188562318,2.44724,-0.00390625,0.305207,-0.00390625,1.17688,1.3631,10,905,0.694126,0
1776902916193527552,2.44724,-0.00390625,0.305207,-0.00390625,1.17688,1.3631,10,905,0.694126,0
1776902916198549388,2.44724,0,0.305207,0,1.39982,1.36532,10,905,0.694126,0
1776902916203562612,2.44724,0,0.305207,0,1.39982,1.36532,10,905,0.694126,0
1776902916208551591,2.44724,0,0.305207,0,1.38184,1.36532,10,905,0.694126,0
1776902916213551387,2.44715,0,0.305111,0,1.38184,1.36532,10,905,0.694126,0
1776902916218548886,2.44715,-0.00390625,0.305111,-0.00390625,1.36698,1.3627,10,905,0.694126,0
1776902916223551904,2.44715,-0.00390625,0.30511,-0.00390625,1.36698,1.3627,10,905,0.694126,0
1776902916228549422,2.44715,0.00195312,0.30511,0.00195312,1.38186,1.36604,10,905,0.694126,0
1776902916233551107,2.44715,0.00195312,0.305111,0.00195312,1.38186,1.36604,10,905,0.694126,0
1776902916238552940,2.44715,-0.00195312,0.305111,-0.00195312,1.44752,1.36382,10,905,0.694126,0
1776902916243533640,2.44715,-0.00195312,0.305111,-0.00195312,1.44752,1.36382,10,905,0.694126,0
1776902916248548253,2.44724,-0.00195312,0.305207,-0.00195312,1.35236,1.36421,10,905,0.694126,0
1776902916253552382,2.44724,-0.00195312,0.305207,-0.00195312,1.35236,1.36421,10,905,0.694126,0
1776902916258555123,2.44734,-0.00195312,0.305302,-0.00195312,1.40294,1.3646,10,905,0.694126,0
1776902916263551029,2.44734,-0.00585938,0.305302,-0.00585938,1.40294,1.3646,10,905,0.694126,0
1776902916268550584,2.44724,-0.00585938,0.305206,-0.00585938,1.36699,1.36198,10,905,0.694126,0
1776902916273557381,2.44724,-0.00390625,0.305206,-0.00390625,1.36699,1.36198,10,905,0.694126,0
1776902916278576791,2.44724,-0.00390625,0.305207,-0.00390625,1.36692,1.3631,10,905,0.694126,0
1776902916283575383,2.44724,-0.00585938,0.305207,-0.00585938,1.36692,1.3631,10,905,0.694126,0
1776902916288592941,2.44724,-0.00585938,0.305207,-0.00585938,1.44743,1.36198,10,905,0.694126,0
1776902916293557805,2.44724,-0.00195312,0.305207,-0.00195312,1.44743,1.36198,10,905,0.694126,0
1776902916298583123,2.44715,-0.00195312,0.305111,-0.00195312,1.39692,1.36382,10,905,0.694126,0
1776902916303554488,2.44715,0,0.305111,0,1.39692,1.36382,10,905,0.694126,0
1776902916308556432,2.44715,0,0.305111,0,1.29645,1.36493,10,905,0.694126,0
1776902916313552153,2.44715,0.00390625,0.305111,0.00390625,1.29645,1.36493,10,905,0.694126,0
1776902916318578287,2.44715,0.00390625,0.305111,0.00390625,1.25996,1.36716,10,905,0.694126,0
1776902916323580527,2.44724,0.00390625,0.305207,0.00390625,1.25996,1.36716,10,905,0.694126,0
1776902916328551318,2.44724,0.00390625,0.305207,0.00390625,1.36418,1.36755,10,905,0.694126,0
1776902916333634314,2.44734,0.00390625,0.305302,0.00390625,1.36418,1.36755,10,905,0.694126,0
1776902916338578766,2.44734,0.00585938,0.305302,0.00585938,1.36382,1.36905,10,905,0.694126,0
1776902916343560207,2.44734,0.00585938,0.305301,0.00585938,1.36382,1.36905,10,905,0.694126,0
1776902916348581932,2.44734,0.00390625,0.305301,0.00390625,1.41792,1.36794,10,905,0.694126,0
1776902916353574893,2.44743,0.00390625,0.305397,0.00390625,1.41792,1.36794,10,905,0.694126,0
1776902916358550036,2.44743,-0.00195312,0.305397,-0.00195312,1.3816,1.36499,10,905,0.694126,0
1776902916363557426,2.44744,-0.00195312,0.305398,-0.00195312,1.3816,1.36499,10,905,0.694126,0
1776902916368555796,2.44744,-0.0078125,0.305398,-0.0078125,1.32512,1.36165,10,905,0.694126,0
1776902916373584226,2.44734,-0.0078125,0.305302,-0.0078125,1.32512,1.36165,10,905,0.694126,0
1776902916378587874,2.44734,-0.0078125,0.305302,-0.0078125,1.36689,1.36126,10,905,0.694126,0
1776902916383554553,2.44734,-0.0078125,0.305302,-0.0078125,1.36689,1.36126,10,905,0.694126,0
1776902916388554460,2.44734,-0.00195312,0.305302,-0.00195312,1.24471,1.3646,10,905,0.694126,0
1776902916393523954,2.44734,-0.00195312,0.305302,-0.00195312,1.24471,1.3646,10,905,0.694126,0
1776902916398548309,2.44743,-0.00195312,0.305397,-0.00195312,1.31626,1.36499,10,905,0.694126,0
1776902916403555662,2.44743,0.00390625,0.305397,0.00390625,1.31626,1.36499,10,905,0.694126,0
1776902916408641065,2.44744,0.00390625,0.305398,0.00390625,1.42635,1.36833,10,905,0.694126,0
1776902916413587148,2.44744,0.0078125,0.305398,0.0078125,1.42635,1.36833,10,905,0.694126,0
1776902916418661179,2.44744,0.0078125,0.305399,0.0078125,1.36687,1.37056,10,905,0.694126,0
1776902916423592444,2.44744,0.00390625,0.305399,0.00390625,1.36687,1.37056,10,905,0.694126,0
1776902916428643656,2.44743,0.00390625,0.305398,0.00390625,1.19798,1.36833,10,905,0.694126,0
1776902916433613298,2.44743,-0.00585938,0.305398,-0.00585938,1.19798,1.36833,10,905,0.694126,0
1776902916438577458,2.44743,-0.00585938,0.305398,-0.00585938,1.41242,1.36276,10,905,0.694126,0
1776902916443653304,2.44743,-0.00390625,0.305398,-0.00390625,1.41242,1.36276,10,905,0.694126,0
1776902916448615260,2.44744,-0.00390625,0.305398,-0.00390625,1.31619,1.36388,10,905,0.694126,0
1776902916453561564,2.44744,-0.00195312,0.305398,-0.00195312,1.31619,1.36388,10,905,0.694126,0
1776902916458589273,2.44734,-0.00195312,0.305303,-0.00195312,1.27434,1.3646,10,905,0.694126,0
1776902916463551487,2.44734,0.00390625,0.305303,0.00390625,1.27434,1.3646,10,905,0.694126,0
1776902916468554339,2.44734,0.00390625,0.305303,0.00390625,1.38191,1.36794,10,905,0.694126,0
1776902916473551523,2.44744,0.00390625,0.305398,0.00390625,1.38191,1.36794,10,905,0.694126,0
1776902916478562006,2.44744,0.015625,0.305398,0.015625,1.16967,1.37501,10,905,0.694126,0
1776902916483561154,2.44773,0.015625,0.305693,0.015625,1.16967,1.37501,10,905,0.694126,0
1776902916488560338,2.44773,0.015625,0.305693,0.015625,1.34642,1.37621,10,905,0.694126,0
1776902916493528128,2.44783,0.015625,0.305789,0.015625,1.34642,1.37621,10,905,0.694126,0
1776902916498545334,2.44783,0.0117188,0.305789,0.0117188,1.39971,1.37438,10,905,0.694126,0
1776902916503551779,2.44802,0.0117188,0.305988,0.0117188,1.39971,1.37438,10,905,0.694126,0
1776902916508550241,2.44802,0.00976562,0.305988,0.00976562,1.31355,1.37408,10,905,0.694126,0
1776902916513556760,2.44812,0.00976562,0.306084,0.00976562,1.31355,1.37408,10,905,0.694126,0
1776902916518558649,2.44812,0.00585938,0.306084,0.00585938,1.42683,1.37225,10,905,0.694126,0
1776902916523587617,2.44812,0.00585938,0.306084,0.00585938,1.42683,1.37225,10,905,0.694126,0
1776902916528554110,2.44812,0.00585938,0.306084,0.00585938,1.3315,1.37225,10,905,0.694126,0
1776902916533552739,2.44822,0.00585938,0.30618,0.00585938,1.3315,1.37225,10,905,0.694126,0
1776902916538556294,2.44822,0.0136719,0.30618,0.0136719,1.46278,1.37709,10,905,0.694126,0
1776902916543525048,2.44822,0.0136719,0.30618,0.0136719,1.46278,1.37709,10,905,0.694126,0
1776902916548542606,2.44851,0.0136719,0.306475,0.0136719,1.33142,1.3783,10,905,0.694126,0
1776902916553551051,2.44851,0.0292969,0.306475,0.0292969,1.33142,1.3783,10,905,0.694126,0
1776902916558548457,2.4489,0.0292969,0.306865,0.0292969,1.38194,1.3888,10,905,0.694126,0
1776902916563545716,2.4489,0.0371094,0.306865,0.0371094,1.38194,1.3888,10,905,0.694126,0
1776902916568549790,2.449,0.0371094,0.306962,0.0371094,1.38195,1.39364,10,905,0.694126,0
1776902916573546863,2.449,0.0429688,0.306962,0.0429688,1.38195,1.39364,10,905,0.694126,0
1776902916578553586,2.44949,0.0429688,0.307448,0.0429688,1.36413,1.39897,10,905,0.694126,0
1776902916583551844,2.44949,0.0429688,0.307448,0.0429688,1.36413,1.39897,10,905,0.694126,0
1776902916588549658,2.44978,0.0429688,0.307742,0.0429688,1.4476,1.40017,10,905,0.694126,0
1776902916593530246,2.44978,0.0488281,0.307742,0.0488281,1.4476,1.40017,10,905,0.694126,0
1776902916598548601,2.45056,0.0488281,0.308524,0.0488281,1.41741,1.4067,10,905,0.694126,0
1776902916603549452,2.45056,0.0585938,0.308524,0.0585938,1.41741,1.4067,10,905,0.694126,0
1776902916608547692,2.45105,0.0585938,0.309012,0.0585938,1.41176,1.41426,10,905,0.694126,0
1776902916613544506,2.45105,0.0839844,0.309012,0.0839844,1.41176,1.41426,10,905,0.694126,0
1776902916618554600,2.45105,0.0839844,0.309012,0.0839844,1.39978,1.42873,10,905,0.694126,0
1776902916623551561,2.45183,0.0839844,0.309795,0.0839844,1.39978,1.42873,10,905,0.694126,0
1776902916628551709,2.45183,0.128906,0.309795,0.128906,1.34902,1.45753,10,905,0.694126,0
1776902916633545022,2.45349,0.128906,0.311455,0.128906,1.34902,1.45753,10,905,0.694126,0
1776902916638544670,2.45349,0.150391,0.311455,0.150391,1.51634,1.47655,10,905,0.694126,0
1776902916643524814,2.45408,0.150391,0.31204,0.150391,1.51634,1.47655,10,905,0.694126,0
1776902916648573340,2.45408,0.195312,0.31204,0.195312,1.46865,1.50454,10,905,0.694126,0
1776902916653560041,2.45662,0.195312,-0.313735,0.195312,1.46865,1.50454,10,905,0.694126,0
1776902916658612476,2.45662,0.214844,-0.313735,0.214844,1.51631,1.52604,10,905,0.694126,0
1776902916663561188,2.4577,0.214844,-0.312657,0.214844,1.51631,1.52604,10,905,0.694126,0
1776902916668553779,2.4577,0.267578,-0.312657,0.267578,1.42947,1.56049,10,905,0.694126,0
1776902916673560131,2.46122,0.267578,-0.309137,0.267578,1.42947,1.56049,10,905,0.694126,0
1776902916678552333,2.46122,0.289062,-0.309137,0.289062,1.48322,1.58706,10,905,0.694126,0
1776902916683582578,2.46269,0.289062,-0.307667,0.289062,1.48322,1.58706,10,905,0.694126,0
1776902916688556518,2.46269,0.357422,-0.307667,0.357422,1.59641,1.632,10,905,0.694126,0
1776902916693523159,2.46269,0.357422,-0.307667,0.357422,1.59641,1.632,10,905,0.694126,0
1776902916698553720,2.46768,0.357422,-0.302674,0.357422,1.56182,1.65229,10,905,0.694126,0
1776902916703578020,2.46768,0.419922,-0.302674,0.419922,1.56182,1.65229,10,905,0.694126,0
1776902916708548736,2.47347,0.419922,-0.296891,0.419922,1.62791,1.71137,10,905,0.694126,0
1776902916713554125,2.47347,0.447266,-0.296891,0.447266,1.62791,1.71137,10,905,0.694126,0
1776902916718545216,2.47553,0.447266,-0.29483,0.447266,1.64762,1.7353,10,905,0.694126,0
1776902916723543308,2.47553,0.513672,-0.29483,0.513672,1.64762,1.7353,10,905,0.694126,0
1776902916728549030,2.4828,0.513672,-0.287558,0.513672,1.75269,1.80256,10,905,0.694126,0
1776902916733546826,2.4828,0.541016,-0.287558,0.541016,1.75269,1.80256,10,905,0.694126,0
1776902916738549529,2.48535,0.541016,-0.285001,0.541016,1.80744,1.82847,10,905,0.694126,0
1776902916743557493,2.48535,0.615234,-0.285001,0.615234,1.80744,1.82847,10,905,0.694126,0
1776902916748559400,2.49403,0.615234,-0.276328,0.615234,1.85635,1.90573,10,906,0.694893,0
1776902916753582441,2.49403,0.636719,-0.275561,0.636719,1.85635,1.90573,10,907,0.69566,0.153399
1776902916758581125,2.49719,0.636719,-0.271635,0.790117,1.82711,1.93069,10,908,0.696427,0.153368
1776902916763549989,2.49719,0.693359,-0.270868,0.846727,1.82711,1.93069,10,909,0.697194,0.153429
1776902916768545099,2.49719,0.693359,-0.270101,0.846789,1.93927,1.96297,10,910,0.697961,0.153368
1776902916773543561,2.50718,0.693359,-0.259345,0.846727,1.93927,1.96297,10,911,0.698728,0.306858
1776902916778557341,2.50718,0.769531,-0.258578,1.07639,1.9798,2.04649,10,913,0.700262,0.153399
1776902916783546394,2.51819,0.769531,-0.246033,0.92293,1.9798,2.04649,10,913,0.700262,0.153399
1776902916788546152,2.51819,0.869141,-0.246033,1.02254,1.96031,2.14733,10,915,0.701796,0.153368
1776902916793555394,2.52644,0.869141,-0.236246,1.02251,1.96031,2.14733,10,916,0.702563,0.153429
1776902916798559154,2.52644,0.921875,-0.235479,1.0753,1.96511,2.21032,10,918,0.704097,0.306797
1776902916803551226,2.53073,0.921875,-0.229659,1.22867,1.96511,2.21032,10,919,0.704864,0.153399
1776902916808559634,2.53073,1.01367,-0.228892,1.16707,2.10828,2.27972,10,921,0.706398,0.306662
1776902916813581267,2.54562,1.01367,-0.212466,1.32033,2.10828,2.27972,10,923,0.707932,0.306858
1776902916818560929,2.54562,1.01367,-0.210932,1.32053,2.1579,2.33885,10,927,0.711,0.460104
1776902916823550834,2.55053,1.01367,-0.202953,1.47378,2.1579,2.33885,10,929,0.712534,0.460196
1776902916828542962,2.55053,0.933594,-0.201419,1.39379,2.29651,2.31265,10,934,0.716369,0.460196
1776902916833543554,2.5653,0.933594,-0.182814,1.39379,2.29651,2.31265,10,937,0.71867,0.613717
1776902916838548184,2.5653,0.888672,-0.180513,1.50239,2.25011,2.34535,10,944,0.724039,0.766993
1776902916843521919,2.5653,0.888672,-0.175144,1.65566,2.25011,2.34535,10,948,0.727107,0.766993
1776902916848538033,2.56994,0.888672,-0.167437,1.65566,2.16551,2.36361,10,955,0.732476,1.07378
1776902916853552590,2.56994,0.546875,-0.162068,1.62065,2.44121,2.16879,10,966,0.740913,1.074
1776902916858546774,2.585,0.546875,-0.138565,1.62088,2.44121,2.16879,10,973,0.746282,1.22719
1776902916863556534,2.585,0.261719,-0.133196,1.48891,2.44121,2.16879,10,982,0.753185,1.38057
1776902916868653773,2.58895,0.261719,-0.122352,1.64229,2.44454,2.08082,10,991,0.760087,1.53337
1776902916873595485,2.58895,0.121094,-0.115449,1.65447,2.44454,2.08082,10,1002,0.768524,1.68772
1776902916878554995,2.58988,0.121094,-0.106081,1.80882,1.94079,2.00431,10,1015,0.778495,1.84114
1776902916883693964,2.58988,-0.230469,-0.0961098,1.61067,1.94079,2.00431,10,1030,0.79,1.99378
1776902916888594835,2.58876,-0.230469,-0.0857236,1.76331,1.99293,1.79954,10,1041,0.798437,1.99417
1776902916893550141,2.58876,-0.308594,-0.0772867,1.68558,1.99293,1.79954,10,1054,0.808408,1.99418
1776902916898543565,2.58753,-0.308594,-0.0685394,1.68559,1.99207,1.75022,10,1069,0.819913,2.14757
1776902916903547417,2.58753,-0.548828,-0.0570346,1.59874,1.99207,1.75022,10,1085,0.832185,2.14801
1776902916908547398,2.58104,-0.548828,-0.0512527,1.59918,1.75262,1.58786,10,1097,0.841388,2.14714
1776902916913644063,2.58104,-0.626953,-0.0420488,1.52018,1.75262,1.58786,10,1111,0.852126,2.30144
1776902916918599647,2.57823,-0.626953,-0.0210912,1.82496,1.82952,1.54333,10,1135,0.870534,2.45191
1776902916923594831,2.57823,-0.626953,-0.0210912,1.82496,1.82952,1.54333,10,1135,0.870534,2.45191
1776902916928553767,2.5639,-0.84375,-0.0124109,1.45768,1.41812,1.4087,10,1166,0.894311,2.30143
1776902916933549118,2.5639,-0.851562,-0.006275,1.44986,1.57066,1.34789,10,1180,0.905049,2.30097
1776902916938545320,2.55866,-0.851562,-0.000777304,1.4494,1.57066,1.34789,10,1191,0.913486,2.30052
1776902916943516407,2.55866,-0.837891,0.00765961,1.46263,1.57066,1.34789,10,1205,0.924223,2.30143
1776902916948554283,2.55033,-0.837891,0.0100673,1.46354,1.19962,1.3021,10,1217,0.933427,2.14715
1776902916953543170,2.55033,-0.814453,0.0192713,1.3327,1.19962,1.3021,10,1233,0.945699,2.14757
1776902916958632518,2.54721,-0.814453,0.0284312,1.33311,1.26653,1.30314,10,1248,0.957204,2.14758
1776902916963617737,2.54721,-0.744141,0.0399361,1.40344,1.26653,1.30314,10,1261,0.967175,2.30051
1776902916968587935,2.53472,-0.744141,0.0374098,1.55637,1.20196,1.29364,10,1277,0.979447,2.14801
1776902916973558540,2.53472,-0.710938,0.0496816,1.43707,1.45005,1.31256,10,1294,0.992486,2.14757
1776902916978576728,2.52734,-0.710938,0.0553469,1.43663,1.45005,1.31256,10,1304,1.00016,2.14758
1776902916983550075,2.52734,-0.693359,0.0630168,1.45422,1.45005,1.31256,10,1317,1.01013,2.14757
1776902916988552186,2.52475,-0.693359,0.0788308,1.30122,1.07893,1.29324,10,1334,1.02317,1.99458
1776902916993519420,2.52475,-0.693359,0.0788308,1.30122,1.07893,1.29324,10,1334,1.02317,1.99458
1776902916998553981,2.51422,-0.585938,0.0874767,1.25408,1.37057,1.34413,10,1359,1.04234,1.84002
1776902917003547291,2.51422,-0.486328,0.0920787,1.35369,1.174,1.35887,10,1371,1.05154,1.99458
1776902917008541655,2.50887,-0.486328,0.0959303,1.50825,1.174,1.35887,10,1382,1.05998,1.99378
1776902917013541649,2.50887,-0.394531,0.104367,1.59925,1.174,1.35887,10,1394,1.06918,1.99458
1776902917018548404,2.50461,-0.394531,0.109311,1.60005,1.53164,1.37268,10,1408,1.07992,1.99416
1776902917023557492,2.50461,-0.357422,0.120049,1.63674,1.53164,1.37268,10,1420,1.08913,1.99378
1776902917028552837,2.50263,-0.357422,0.127278,1.63636,1.35712,1.38591,10,1434,1.09986,1.99418
1776902917033559944,2.50263,-0.289062,0.138016,1.70512,1.50808,1.42488,10,1448,1.1106,1.84115
1776902917038555215,2.49789,-0.289062,0.144008,1.55209,1.50808,1.42488,10,1458,1.11827,1.99418
1776902917043520648,2.49789,-0.255859,0.151678,1.73832,1.50808,1.42488,10,1470,1.12748,1.84113
1776902917048541497,2.49681,-0.255859,0.159799,1.58527,1.34611,1.42038,10,1481,1.13591,1.99418
1776902917053554364,2.49681,-0.169922,0.168236,1.82426,1.34611,1.42038,10,1495,1.14665,1.84078
1776902917058544134,2.49681,-0.169922,0.178974,1.67086,1.50365,1.46937,10,1509,1.15739,1.99418
1776902917063545203,2.49325,-0.169922,0.186159,1.82426,1.50365,1.46937,10,1518,1.16429,1.99376
1776902917068547494,2.49325,-0.0605469,0.193061,1.93321,1.42993,1.51741,10,1535,1.17733,1.99418
1776902917073589514,2.49158,-0.0605469,0.204425,1.93363,1.42993,1.51741,10,1545,1.185,1.99418
1776902917078548334,2.49158,0.00390625,0.212095,1.99809,1.38617,1.5474,10,1561,1.19727,1.99418
1776902917083584891,2.49128,0.00390625,0.224072,1.99809,1.38617,1.5474,10,1571,1.20494,2.14798
1776902917088556509,2.49128,0.0371094,0.231742,2.18509,1.52324,1.56515,10,1587,1.21721,1.84078
1776902917093521220,2.49148,0.0371094,0.24421,1.87789,1.52324,1.56515,10,1597,1.22488,1.99378
1776902917098546774,2.49148,0.0390625,0.25188,2.03284,1.53479,1.56705,10,1613,1.23716,1.99418
1776902917103548305,2.49158,0.0390625,0.264251,2.03324,1.53479,1.56705,10,1623,1.24483,2.14713
1776902917108549189,2.49158,0.0449219,0.271921,2.19205,1.55762,1.57079,10,1641,1.25863,1.99418
1776902917113547757,2.49217,0.0449219,0.286322,2.0391,1.55762,1.57079,10,1651,1.2663,2.14844
1776902917118555901,2.49217,0.0332031,0.293992,2.18164,1.49152,1.5665,10,1669,1.28011,2.14715
1776902917123548097,2.49237,0.0332031,0.307992,2.18035,1.49152,1.5665,10,1677,1.28624,2.14798
1776902917128546813,2.49237,0.078125,0.314128,2.22611,1.59261,1.59289,10,1685,1.29238,1.38003
1776902917133550419,2.49237,0.078125,-0.308055,1.45816,1.59261,1.59289,10,1687,1.29391,0.613717
1776902917138553321,2.49306,0.078125,-0.305825,0.691842,1.63491,1.59569,10,1691,1.29698,0.460104
1776902917143533312,2.49306,0.742188,-0.302757,1.20229,1.63491,1.59569,10,1696,1.30082,0.61384
1776902917148556273,2.49683,0.742188,-0.295152,1.35603,1.93989,1.98938,10,1702,1.30542,0.766993
1776902917153546544,2.49683,1.30273,-0.29055,2.06973,1.75997,2.30889,10,1711,1.31232,0.920391
1776902917158545501,2.5149,1.30273,-0.265585,2.22313,1.75997,2.30889,10,1719,1.31846,1.22694
1776902917163545791,2.5149,0.525391,-0.259449,1.75233,1.77458,1.93824,10,1732,1.32843,1.53399
1776902917168600406,2.52314,0.525391,-0.241234,2.05938,1.77458,1.93824,10,1741,1.33533,1.84076
1776902917173596715,2.52314,0.0742188,-0.234331,1.91498,1.77458,1.93824,10,1753,1.34453,1.84078
1776902917178584410,2.52634,0.0742188,-0.221925,1.915,1.94053,1.72677,10,1765,1.35374,1.99259
1776902917183558752,2.52634,-0.00390625,-0.212721,1.98868,1.94053,1.72677,10,1777,1.36294,1.99578
1776902917188549763,2.52645,-0.00390625,-0.203408,1.99187,1.49187,1.68267,10,1792,1.37445,2.14756
1776902917193539181,2.52645,-0.261719,-0.191903,1.88584,1.49187,1.68267,10,1807,1.38595,1.99458
1776902917198562124,2.52406,-0.261719,-0.182789,1.73286,1.68108,1.52619,10,1817,1.39362,1.99418
1776902917203561396,2.52406,-0.292969,-0.175119,1.70121,1.68108,1.52619,10,1830,1.40359,1.99418
1776902917208547777,2.52297,-0.292969,-0.154737,1.70079,1.88373,1.50838,10,1851,1.4197,1.99376
1776902917213547382,2.52297,-0.292969,-0.154737,1.70079,1.88373,1.50838,10,1851,1.4197,1.99376
1776902917218544950,2.51474,-0.625,-0.14456,1.06543,1.67953,1.31475,10,1876,1.43887,1.69043
1776902917223581339,2.51474,-0.582031,-0.139191,1.1084,1.49873,1.30637,10,1890,1.44961,2.14715
1776902917228595577,2.51057,-0.582031,-0.132622,1.56512,1.49873,1.30637,10,1901,1.45805,2.30187
1776902917233558435,2.51057,-0.529297,-0.124185,1.77258,1.49873,1.30637,10,1914,1.46802,2.14543
1776902917238548446,2.50878,-0.529297,-0.116002,1.61614,1.41635,1.31259,10,1929,1.47952,1.99578
1776902917243537716,2.50878,-0.515625,-0.104497,1.48015,1.13768,1.32038,10,1946,1.49256,2.14758
1776902917248553250,2.49938,-0.515625,-0.100857,1.63195,1.13768,1.32038,10,1957,1.501,2.14713
1776902917253561375,2.49938,-0.525391,-0.09242,1.62174,1.13768,1.32038,10,1970,1.51097,2.14801
1776902917258562277,2.4976,-0.525391,-0.0842255,1.62262,1.30236,1.26996,10,1981,1.51941,2.14801
1776902917263546398,2.4976,-0.527344,-0.0757886,1.62067,1.30236,1.26996,10,1997,1.53168,1.99378
1776902917268550782,2.48833,-0.527344,-0.0727941,1.46644,1.23456,1.23149,10,2009,1.54088,2.29728
1776902917273544164,2.48833,-0.523438,-0.0635903,1.77384,1.23456,1.23149,10,2022,1.55085,2.15102
1776902917278556772,2.48636,-0.523438,-0.0440838,1.62457,1.38689,1.23372,10,2044,1.56773,2.14801
1776902917283579066,2.48636,-0.523438,-0.0440838,1.62457,1.38689,1.23372,10,2044,1.56773,2.14801
1776902917288561705,2.47576,-0.478516,-0.033202,1.66947,1.31009,1.25138,10,2071,1.58844,2.14798
1776902917293520155,2.47576,-0.421875,-0.0286001,1.72611,1.47246,1.24085,10,2084,1.59841,1.99418
1776902917298641004,2.47125,-0.421875,-0.023146,1.57231,1.47246,1.24085,10,2093,1.60531,1.99458
1776902917303595694,2.47125,-0.392578,-0.0162431,1.602,1.47246,1.24085,10,2106,1.61528,1.99378
1776902917308626953,2.46839,-0.392578,-0.00912557,1.6012,1.28799,1.22768,10,2116,1.62295,1.99416
1776902917313659694,2.46839,-0.359375,-0.00145577,1.63478,1.28799,1.22768,10,2128,1.63216,1.84078
1776902917318583860,2.46712,-0.359375,0.0064738,1.48141,1.28331,1.24143,10,2141,1.64213,1.84115
1776902917323553423,2.46712,-0.275391,0.0164447,1.56576,1.28331,1.24143,10,2155,1.65286,1.99338
1776902917328550083,2.46174,-0.275391,0.0218055,1.71799,1.27242,1.26745,10,2165,1.66053,1.84115
1776902917333548336,2.46174,-0.25,0.0294753,1.59115,1.27242,1.26745,10,2177,1.66974,1.84076
1776902917338544959,2.46086,-0.25,0.0470046,1.59115,1.08966,1.28192,10,2195,1.68354,1.84115
1776902917343531470,2.46086,-0.25,0.0470046,1.59115,1.08966,1.28192,10,2195,1.68354,1.84115
1776902917348590623,2.45657,-0.152344,0.0603508,1.5347,1.30717,1.33401,10,2217,1.70042,1.68705
1776902917353578744,2.45657,-0.0664062,0.0641858,1.62064,1.10225,1.36552,10,2228,1.70885,1.68806
1776902917358576016,2.4554,-0.0664062,0.07145,1.62165,1.10225,1.36552,10,2235,1.71422,1.68736
1776902917363575843,2.4554,-0.0273438,0.076819,1.66002,1.10225,1.36552,10,2246,1.72266,1.53337
1776902917368546184,2.455,-0.0273438,0.0848634,1.50603,1.29145,1.3814,10,2255,1.72956,1.68806
1776902917373556180,2.455,0.0175781,0.0917664,1.70564,1.29145,1.3814,10,2264,1.73647,1.53368
1776902917378585883,2.455,0.0175781,0.0986684,1.55126,1.38816,1.40701,10,2275,1.7449,1.68772
1776902917383571857,2.455,0.119141,0.107105,1.80686,1.38816,1.40701,10,2288,1.75487,1.53335
1776902917388549643,2.45627,0.119141,0.118345,1.65249,1.24953,1.47007,10,2297,1.76178,1.68772
1776902917393526337,2.45627,0.134766,0.125248,1.82249,1.24953,1.47007,10,2309,1.77098,1.68705
1776902917398543686,2.45666,0.134766,0.134842,1.82181,1.53658,1.48056,10,2321,1.78018,1.5346
1776902917403561146,2.45666,0.126953,0.144046,1.66155,1.53658,1.48056,10,2331,1.78785,1.68705
1776902917408591405,2.45862,0.126953,0.159806,1.81465,1.45658,1.47611,10,2344,1.79783,1.6877
1776902917413613848,2.45862,0.144531,0.163641,1.83223,1.45076,1.49409,10,2354,1.8055,1.53399
1776902917418625122,2.46008,0.144531,0.172779,1.67852,1.45076,1.49409,10,2362,1.81163,1.53399
1776902917423592536,2.46008,0.195312,0.178915,1.7293,1.56629,1.52901,10,2375,1.8216,1.68705
1776902917428559599,2.46185,0.195312,0.190647,1.88236,1.56629,1.52901,10,2384,1.82851,1.53429
1776902917433551314,2.46185,0.248047,0.19755,1.78234,1.56629,1.52901,10,2394,1.83617,1.68736
1776902917438550697,2.4641,0.248047,0.207475,1.93541,1.43242,1.5754,10,2404,1.84384,1.84078
1776902917443520112,2.4641,0.302734,0.215145,2.14352,1.43242,1.5754,10,2417,1.85382,1.68705
1776902917448541721,2.46694,0.302734,0.227958,1.98978,1.65725,1.61811,10,2427,1.86149,1.84115
1776902917453551161,2.46694,0.3125,0.235628,2.15365,1.65725,1.61811,10,2438,1.86992,1.83894
1776902917458557693,2.46782,0.3125,0.244945,2.15144,1.51638,1.62725,10,2451,1.87989,1.8426
1776902917463553613,2.46782,0.287109,0.254916,2.12971,1.51638,1.62725,10,2466,1.8914,1.84078
1776902917468559756,2.47292,0.287109,0.271515,2.12789,1.53659,1.63344,10,2476,1.89907,1.84078
1776902917473554175,2.47292,0.269531,0.279185,2.11031,1.53659,1.63344,10,2488,1.90827,1.99418
1776902917478671450,2.47361,0.269531,0.299815,2.26369,1.6419,1.62342,10,2508,1.92361,1.99416
1776902917483594152,2.47361,0.269531,0.299815,2.26369,1.6419,1.62342,10,2508,1.92361,1.99416
1776902917488585886,2.47852,0.246094,-0.307483,1.93348,1.28755,1.61285,10,2525,1.93665,1.68738
1776902917493527703,2.47852,0.328125,-0.305949,2.01551,1.89192,1.6795,10,2527,1.93818,0.766993
1776902917498550072,2.48069,0.328125,-0.302248,1.09512,1.89192,1.6795,10,2528,1.93895,0.306797
1776902917503552863,2.48069,1.61133,-0.301481,1.91813,2.02486,2.41969,10,2532,1.94202,0.306674
1776902917508586104,2.4943,1.61133,-0.284796,1.918,2.02486,2.41969,10,2536,1.94509,0.61384
1776902917513555315,2.4943,1.61523,-0.281728,2.22907,2.02486,2.41969,10,2543,1.95046,0.766839
1776902917518552382,2.50641,1.61523,-0.264252,2.38207,2.03619,2.52548,10,2550,1.95583,1.22743
1776902917523552488,2.50641,1.40625,-0.258883,2.63368,2.03619,2.52548,10,2561,1.96426,1.53365
1776902917528560558,2.51036,1.40625,-0.2465,2.9399,2.05825,2.42217,10,2575,1.975,1.84115
1776902917533550291,2.51036,0.371094,-0.235763,2.21224,2.05825,2.42217,10,2591,1.98727,2.14672
1776902917538547803,2.52427,0.371094,-0.20958,2.51781,2.07483,1.88772,10,2605,1.99801,2.3019
1776902917543519663,2.52427,0.0214844,-0.198842,2.32338,2.07483,1.88772,10,2621,2.01028,2.60775
1776902917548543142,2.52447,0.0214844,-0.171791,2.78266,2.02007,1.68844,10,2648,2.03099,2.76117
1776902917553546582,2.52447,-0.541016,-0.165655,2.22016,1.96407,1.36864,10,2665,2.04403,2.76117
1776902917558546280,2.5206,-0.541016,-0.156488,2.22016,1.96407,1.36864,10,2678,2.054,2.76007
1776902917563550775,2.5206,-0.828125,-0.146517,1.93194,1.70795,1.18954,10,2698,2.06934,2.45536
1776902917568544712,2.51139,-0.828125,-0.140386,1.62723,1.70795,1.18954,10,2711,2.07931,2.45433
1776902917573550319,2.51139,-0.837891,-0.130415,1.61644,1.70795,1.18954,10,2726,2.09082,2.45339
1776902917578552887,2.50517,-0.837891,-0.125133,1.6155,1.64771,1.12222,10,2738,2.10002,2.45487
1776902917583553511,2.50517,-0.953125,-0.115929,1.50174,1.64771,1.12222,10,2755,2.11229,2.14758
1776902917588547430,2.50289,-0.953125,-0.105166,1.19445,1.1683,1.04741,10,2768,2.12303,2.30052
1776902917593518957,2.50289,-0.710938,-0.0951949,1.58958,1.1683,1.04741,10,2785,2.13607,2.30098
1776902917598543029,2.4877,-0.710938,-0.0973474,1.59004,1.00454,1.12433,10,2798,2.14604,2.3019
1776902917603575085,2.4877,-0.630859,-0.0873767,1.67104,1.00454,1.12433,10,2814,2.15831,2.14753
1776902917608559984,2.48613,-0.630859,-0.0766755,1.51667,0.823762,1.16364,10,2827,2.16828,2.30098
1776902917613559718,2.48613,-0.539062,-0.0667046,1.76192,0.823762,1.16364,10,2843,2.18055,2.30052
1776902917618550081,2.47553,-0.539062,-0.0558272,1.60852,1.05565,1.21596,10,2861,2.19436,2.14758
1776902917623560263,2.47553,-0.574219,-0.0512253,1.57336,1.04995,1.15309,10,2875,2.2051,2.14758
1776902917628551829,2.46835,-0.574219,-0.0476695,1.57336,1.04995,1.15309,10,2885,2.21277,1.99458
1776902917633555584,2.46835,-0.574219,-0.0399996,1.42036,1.04995,1.15309,10,2898,2.22274,2.14715
1776902917638549910,2.4657,-0.574219,-0.0326787,1.57293,1.32683,1.11321,10,2911,2.23271,2.30093
1776902917643521566,2.4657,-0.431641,-0.022708,1.86929,1.32683,1.11321,10,2927,2.24498,1.99418
1776902917648543805,2.45789,-0.431641,-0.0182468,1.56254,1.15275,1.16272,10,2939,2.25418,2.14801
1776902917653552041,2.45789,-0.382812,-0.00904284,1.7652,1.15275,1.16272,10,2951,2.26339,2.14672
1776902917658592858,2.45479,-0.382812,-0.00294505,1.76391,1.28055,1.1779,10,2965,2.27413,1.99498
1776902917663554586,2.45479,-0.337891,0.00779287,1.65709,1.28055,1.1779,10,2977,2.28333,1.99298
1776902917668556506,2.45391,-0.337891,0.0161223,1.65509,1.15122,1.19994,10,2990,2.2933,1.84152
1776902917673601934,2.45391,-0.203125,0.0260932,1.63839,1.15122,1.19994,10,3003,2.30327,1.84078
1776902917678587370,2.44912,-0.203125,0.0312747,1.63766,1.25184,1.25721,10,3014,2.31171,1.84041
1776902917683583864,2.44912,-0.0761719,0.0397116,1.76424,1.25184,1.25721,10,3028,2.32245,1.8411
1776902917688588248,2.44745,-0.0761719,0.0572123,1.91841,1.0897,1.32957,10,3044,2.33472,1.99458
1776902917693526620,2.44745,-0.0625,0.0610472,1.93208,1.0897,1.32957,10,3053,2.34162,1.99378
1776902917698554360,2.44705,-0.0625,0.0675561,1.93128,1.30565,1.32892,10,3064,2.35006,1.84115
1776902917703554317,2.44705,-0.0410156,0.075993,1.80013,1.30565,1.32892,10,3079,2.36156,1.99418
1776902917708547514,2.44657,-0.0410156,0.087017,1.95316,1.3368,1.3392,10,3089,2.36923,1.99418
1776902917713542656,2.44657,0.0292969,0.0946869,2.02348,1.3368,1.3392,10,3103,2.37997,1.84041
1776902917718548855,2.44647,0.0292969,0.105327,1.86971,1.36641,1.37888,10,3113,2.38764,1.84041
1776902917723546293,2.44647,0.125,0.112996,1.96541,1.36641,1.37888,10,3126,2.39761,1.68772
1776902917728544120,2.44764,0.125,0.124131,1.81272,1.4377,1.43818,10,3136,2.40528,1.68734
1776902917733654967,2.44842,0.167969,0.140251,2.00838,1.38633,1.46586,10,3152,2.41755,1.84041
1776902917738595840,2.44842,0.238281,0.144853,2.0787,1.38633,1.46586,10,3162,2.42522,1.68772
1776902917743583424,2.45046,0.238281,0.154566,1.926,1.38633,1.46586,10,3171,2.43213,1.68738
1776902917748553265,2.45046,0.263672,0.161469,1.95106,1.43192,1.52876,10,3183,2.44133,1.84078
1776902917753772946,2.45046,0.263672,0.170673,2.10445,1.43192,1.52876,10,3192,2.44823,1.68738
1776902917758596835,2.45143,0.263672,0.178548,1.95106,1.42429,1.53272,10,3205,2.4582,1.84078
1776902917763561990,2.45143,0.224609,0.188519,2.06539,1.42429,1.53272,10,3219,2.46894,1.84078
1776902917768588859,2.45515,0.224609,0.202969,2.06539,1.36648,1.5256,10,3229,2.47661,1.99418
1776902917773553922,2.45515,0.207031,0.210639,2.20121,1.36648,1.5256,10,3242,2.48658,1.84037
1776902917778552138,2.4572,0.207031,0.222666,2.0474,1.58142,1.52396,10,3252,2.49425,1.68772
1776902917783552651,2.4572,0.242188,0.230336,1.92991,1.58142,1.52396,10,3265,2.50422,1.68772
1776902917788545792,2.45935,0.242188,0.242454,1.92991,1.39088,1.55274,10,3275,2.51189,1.84078
1776902917793525671,2.45935,0.289062,0.250124,2.12984,1.39088,1.55274,10,3289,2.52263,1.84005
1776902917798548077,2.46209,0.289062,0.263604,2.12911,1.59024,1.59061,10,3300,2.53107,1.84152
1776902917803600358,2.46209,0.314453,0.272041,2.15597,1.59024,1.59061,10,3314,2.54181,1.99338
1776902917808573848,2.46513,0.314453,0.28582,2.30784,1.41905,1.61744,10,3325,2.55024,1.84152
1776902917813602828,2.46513,0.324219,0.294257,2.16574,1.41905,1.61744,10,3339,2.56098,1.99338
1776902917818560000,2.46827,0.324219,0.308129,2.3176,1.7198,1.63574,10,3346,2.56635,1.68738
1776902917823547214,2.46827,0.292969,0.313497,1.98035,1.7198,1.63574,10,3351,2.57018,0.920528
1776902917828553395,2.47111,0.292969,-0.306611,0.753164,1.70062,1.61792,10,3354,2.57249,0.460196
1776902917833544962,2.47111,1.5625,-0.305844,2.0227,1.9666,2.35308,10,3357,2.57479,0.306858
1776902917838544919,2.4849,1.5625,-0.289751,1.86936,1.9666,2.35308,10,3360,2.57709,0.460196
1776902917843516686,2.4849,1.61719,-0.28745,2.07738,1.9666,2.35308,10,3365,2.58092,0.766993
1776902917848556613,2.5001,1.61719,-0.268412,2.38418,2.07614,2.50127,10,3371,2.58552,0.920391
1776902917853552773,2.50692,1.0293,-0.250094,2.40961,2.14294,2.19352,10,3386,2.59703,1.38031
1776902917858561010,2.50692,0.746094,-0.245492,2.1264,2.14294,2.19352,10,3395,2.60393,1.68671
1776902917863548613,2.5111,0.746094,-0.234403,2.4328,2.14294,2.19352,10,3405,2.6116,1.84189
1776902917868543217,2.5111,0.146484,-0.226733,1.98837,2.23793,1.70709,10,3424,2.62618,2.14672
1776902917873548157,2.51636,0.146484,-0.206903,2.29321,2.23793,1.70709,10,3437,2.63615,2.45536
1776902917878551170,2.51636,-0.244141,-0.196932,2.21122,1.77763,1.50546,10,3457,2.65149,2.45339
1776902917883575298,2.51588,-0.244141,-0.182074,2.20925,1.77763,1.50546,10,3468,2.65992,2.45433
1776902917888553455,2.51588,-0.292969,-0.173637,2.16136,1.64938,1.47571,10,3487,2.6745,2.45487
1776902917893519351,2.51588,-0.292969,-0.159064,2.1619,1.64938,1.47571,10,3497,2.68217,2.14801
1776902917898552110,2.51418,-0.292969,-0.153088,1.85504,1.75085,1.46893,10,3513,2.69444,2.14715
1776902917903547918,2.51418,-0.408203,-0.140816,1.73895,1.75085,1.46893,10,3531,2.70824,2.30052
1776902917908550950,2.50888,-0.408203,-0.132311,1.89231,1.56658,1.38203,10,3544,2.71821,2.45536
1776902917913555501,2.50888,-0.583984,-0.12234,1.87137,1.56658,1.38203,10,3561,2.73125,2.30098
1776902917918549698,2.50066,-0.583984,-0.117529,1.71699,1.58924,1.24883,10,3575,2.74199,2.30093
1776902917923547358,2.50066,-0.505859,-0.106792,1.79507,1.58924,1.24883,10,3593,2.7558,2.45438
1776902917928612345,2.4976,-0.505859,-0.0960405,1.94852,1.39354,1.28108,10,3606,2.76577,2.45339
1776902917933576926,2.4976,-0.462891,-0.0860696,1.9905,1.39354,1.28108,10,3622,2.77804,2.30098
1776902917938555453,2.49053,-0.462891,-0.0808673,1.83809,1.16683,1.27712,10,3634,2.78724,1.99498
1776902917943540908,2.49053,-0.375,-0.0716634,1.61998,1.16683,1.27712,10,3650,2.79952,2.29776
1776902917948544051,2.48818,-0.375,-0.0617431,1.92276,1.33332,1.31774,10,3663,2.80949,2.15016
1776902917953550120,2.48818,-0.457031,-0.0517722,1.69313,1.33332,1.31774,10,3679,2.82176,2.30144
1776902917958545151,2.48196,-0.457031,-0.0457249,1.84441,1.18205,1.24585,10,3692,2.83173,2.30047
1776902917963560444,2.48196,-0.484375,-0.035754,1.81609,1.18205,1.24585,10,3709,2.84477,2.14758
1776902917968579016,2.47919,-0.484375,-0.0162759,1.8166,1.28296,1.23027,10,3728,2.85934,2.30098
1776902917973549782,2.47919,-0.490234,-0.010907,1.81074,1.28134,1.21575,10,3741,2.86931,2.14801
1776902917978544887,2.47419,-0.490234,-0.00593953,1.65777,1.28134,1.21575,10,3751,2.87698,2.14715
1776902917983543677,2.47419,-0.384766,0.00173038,1.76238,1.28134,1.21575,10,3763,2.88618,1.99458
1776902917988548302,2.46777,-0.384766,0.00451558,1.60981,1.47588,1.22959,10,3774,2.89462,1.84041
1776902917993595101,2.46777,-0.308594,0.0129525,1.53182,1.47588,1.22959,10,3788,2.90536,1.99458
1776902917998601318,2.46591,-0.308594,0.0218367,1.68599,1.22683,1.26548,10,3799,2.9138,1.84037
1776902918003582436,2.46591,-0.199219,0.0302736,1.64115,1.22683,1.26548,10,3813,2.92453,1.99378
1776902918008558513,2.46355,-0.199219,0.038644,1.79456,1.3594,1.31821,10,3823,2.9322,1.84152
1776902918013554316,2.46355,-0.0976562,0.0463139,1.74386,1.3594,1.31821,10,3838,2.94371,1.99338
1776902918018558325,2.46137,-0.0976562,0.0556437,1.89573,1.15086,1.36726,10,3849,2.95215,1.84115
1776902918023560055,2.46137,-0.123047,0.0640806,1.7181,1.15086,1.36726,10,3863,2.96288,1.99418
1776902918028557414,2.46088,-0.123047,0.074331,1.87113,1.33853,1.3508,10,3874,2.97132,1.84115
1776902918033548068,2.46088,-0.138672,0.0827679,1.70248,1.33853,1.3508,10,3887,2.98129,1.84041
1776902918038579340,2.45853,-0.138672,0.0988211,1.70206,1.20734,1.34189,10,3903,2.99356,1.84073
1776902918043532265,2.45853,-0.0566406,0.102656,1.78409,1.57564,1.37907,10,3914,3.002,1.84115
1776902918048547368,2.45766,-0.0566406,0.110219,1.78451,1.57564,1.37907,10,3924,3.00967,1.84041
1776902918053548098,2.45766,0.0410156,0.117889,1.88143,1.57564,1.37907,10,3936,3.01887,1.99418
1776902918058551903,2.45746,0.0410156,0.126899,2.0352,1.37561,1.43039,10,3949,3.02885,1.84041
1776902918063550706,2.45746,0.09375,0.13687,1.93416,1.37561,1.43039,10,3961,3.03805,1.99458
1776902918068556993,2.45785,0.09375,0.146462,2.08833,1.58841,1.46202,10,3972,3.04649,1.84078
1776902918073550462,2.45785,0.1875,0.154898,2.02828,1.58841,1.46202,10,3986,3.05722,1.84115
1776902918078578252,2.4593,0.1875,0.16709,2.02865,1.54178,1.52138,10,3999,3.06719,1.99418
1776902918083578019,2.4593,0.175781,0.177061,2.16996,1.54178,1.52138,10,4010,3.07563,1.84
1776902918088592122,2.46204,0.175781,0.188229,2.01578,1.45114,1.52581,10,4021,3.08407,1.84115
1776902918093575460,2.46204,0.152344,0.196666,1.99349,1.45114,1.52581,10,4036,3.09557,1.99418
1776902918098558446,2.46292,0.152344,0.209059,2.14652,1.50229,1.51606,10,4050,3.10631,1.99458
1776902918103556990,2.46292,0.134766,0.219797,2.12935,1.50229,1.51606,10,4063,3.11628,2.14715
1776902918108546496,2.46479,0.134766,0.240836,2.28192,1.3148,1.50604,10,4081,3.13009,2.14715
1776902918113552042,2.46479,0.167969,0.245438,2.31512,1.3148,1.50604,10,4091,3.13776,2.14801
1776902918118585055,2.46557,0.167969,0.253894,2.31598,1.56905,1.53574,10,4106,3.14926,2.14758
1776902918123574209,2.46557,0.271484,0.265398,2.41906,1.56905,1.53574,10,4119,3.15923,2.14753
1776902918128574976,2.46862,0.318359,0.287621,2.46465,1.35916,1.60712,10,4137,3.17304,2.14629
1776902918133581837,2.47019,0.318359,0.293792,2.46465,1.35916,1.60712,10,4145,3.17918,1.99578
1776902918138554469,2.47019,0.341797,0.299928,2.33757,1.67663,1.65356,10,4155,3.18685,1.68738
1776902918143522916,2.47185,0.341797,0.309262,2.02918,1.67663,1.65356,10,4161,3.19145,1.53337
1776902918148543760,2.47185,0.988281,0.313864,2.52165,1.76099,2.0288,10,4162,3.19221,0.460288
1776902918153547305,2.47969,0.988281,-0.305849,1.44857,1.76099,2.0288,10,4163,3.19298,0
1776902918158545627,2.47969,1.46289,-0.305081,1.46289,2.02349,2.33107,10,4168,3.19682,0.460196
1776902918163621611,2.4858,1.46289,-0.295142,1.92309,2.02349,2.33107,10,4171,3.19912,0.613594
1776902918168579723,2.4858,1.02148,-0.292841,1.63508,2.17091,2.10413,10,4182,3.20755,1.07379
1776902918173561394,2.50727,1.02148,-0.257568,2.40179,2.21517,2.19047,10,4195,3.21752,1.38031
1776902918178817835,2.50727,0.546875,-0.252966,1.92719,2.21517,2.19047,10,4204,3.22443,1.84041
1776902918183619864,2.51475,0.546875,-0.238575,2.38729,2.21517,2.19047,10,4216,3.23363,1.6884
1776902918188607628,2.51475,0.162109,-0.229371,1.85051,1.83941,1.7306,10,4231,3.24514,2.14667
1776902918193522602,2.51773,0.162109,-0.214891,2.30878,1.83941,1.7306,10,4242,3.25357,2.14801
1776902918198541502,2.51813,-0.0136719,-0.194548,2.28731,1.65706,1.6423,10,4264,3.27045,2.30098
1776902918203553475,2.51813,-0.150391,-0.189179,2.15059,1.73583,1.56598,10,4278,3.28118,2.30098
1776902918208557891,2.51715,-0.150391,-0.17942,2.15059,1.73583,1.56598,10,4288,3.28885,2.30144
1776902918213545711,2.51715,-0.318359,-0.17175,1.98308,1.73583,1.56598,10,4301,3.29883,1.84005
1776902918218552553,2.51579,-0.318359,-0.163142,1.52169,1.5819,1.46088,10,4316,3.31033,2.14801
1776902918223579695,2.51579,-0.386719,-0.151637,1.76129,1.5819,1.46088,10,4330,3.32107,2.14801
1776902918228558032,2.51021,-0.386719,-0.146473,1.76129,1.71287,1.39961,10,4346,3.33334,2.30093
1776902918233552743,2.51021,-0.515625,-0.134201,1.78531,1.71287,1.39961,10,4359,3.34331,2.14758
1776902918238557770,2.51021,-0.515625,-0.12423,1.63195,1.5623,1.32613,10,4374,3.35482,2.30098
1776902918243532810,2.5077,-0.515625,-0.115242,1.78535,1.5623,1.32613,10,4384,3.36249,2.14715
1776902918248550821,2.5077,-0.470703,-0.107572,1.67645,1.48397,1.34166,10,4400,3.37476,1.99418
1776902918253548105,2.4974,-0.470703,-0.1056,1.52348,1.48397,1.34166,10,4410,3.38243,1.99418
1776902918258545501,2.4974,-0.470703,-0.0979304,1.52348,1.05279,1.30031,10,4428,3.39623,2.14758
1776902918263544194,2.49496,-0.470703,-0.0865602,1.67688,1.05279,1.30031,10,4438,3.4039,2.14801
1776902918268562649,2.49496,-0.449219,-0.0788902,1.69879,1.30298,1.30276,10,4457,3.41848,2.30001
1776902918273551673,2.48818,-0.449219,-0.0711035,1.85079,1.30298,1.30276,10,4468,3.42691,2.14844
1776902918278558386,2.48818,-0.460938,-0.0626668,1.6875,1.02215,1.26874,10,4487,3.44149,2.30006
1776902918283578175,2.4858,-0.460938,-0.0504727,1.83912,1.02215,1.26874,10,4501,3.45222,2.3019
1776902918288557531,2.4858,-0.494141,-0.0397348,1.80776,1.4005,1.24022,10,4516,3.46373,2.30098
1776902918293524755,2.48096,-0.494141,-0.0330667,1.80684,1.4005,1.24022,10,4526,3.4714,2.14758
1776902918298561343,2.48096,-0.507812,-0.0253967,1.63977,1.19428,1.21289,10,4544,3.4852,2.14758
1776902918303551126,2.47597,-0.507812,-0.0165791,1.63977,1.19428,1.21289,10,4557,3.49518,2.14758
1776902918308557746,2.47597,-0.445312,-0.00660841,1.70227,1.32491,1.22834,10,4573,3.50745,2.30001
1776902918313552623,2.4709,-0.445312,0.00825841,1.7027,1.19946,1.20778,10,4590,3.52049,2.14801
1776902918318547760,2.4709,-0.275391,0.0136276,1.87262,1.19946,1.20778,10,4603,3.53046,2.14801
1776902918323545063,2.46549,-0.275391,0.0181947,1.87262,1.19946,1.20778,10,4613,3.53813,1.99378
1776902918328548534,2.46549,-0.222656,0.0258647,1.77113,1.38131,1.31276,10,4627,3.54886,2.14758
1776902918333556043,2.46421,-0.222656,0.0353184,1.92492,1.38131,1.31276,10,4637,3.55577,1.99458
1776902918338546994,2.46421,-0.144531,0.0429884,1.85005,1.14586,1.35207,10,4653,3.56881,1.99418
1776902918343522904,2.46244,-0.144531,0.0534926,1.84965,1.14586,1.35207,10,4664,3.57724,1.84041
1776902918348576181,2.46244,-0.134766,0.0619293,1.70565,1.44511,1.35046,10,4678,3.58798,1.99453
1776902918353579948,2.46106,-0.134766,0.0712872,1.85977,1.44511,1.35046,10,4688,3.59565,1.99418
1776902918358547635,2.46106,-0.144531,0.0789571,1.84965,1.24831,1.33928,10,4705,3.60869,1.99418
1776902918363580185,2.45979,-0.144531,0.0907236,1.84965,1.24831,1.33928,10,4714,3.61559,1.99378
1776902918368554763,2.45979,-0.113281,0.0976268,1.8805,1.45109,1.35191,10,4731,3.62863,2.14801
1776902918373548417,2.45843,-0.113281,0.109309,2.03473,1.45109,1.35191,10,4740,3.63553,1.99338
1776902918378545017,2.45843,-0.0292969,0.116211,1.96409,1.37673,1.39426,10,4755,3.64704,1.84078
1776902918383548155,2.45756,-0.0292969,0.132976,1.81185,1.31102,1.39069,10,4770,3.65854,1.84115
1776902918388548459,2.45756,0.128906,0.138345,1.97006,1.31102,1.39069,10,4780,3.66621,1.68498
1776902918393517831,2.45831,0.128906,0.146769,1.81388,1.31102,1.39069,10,4788,3.67235,1.68806
1776902918398545455,2.45831,0.175781,0.152905,1.86384,1.60961,1.51066,10,4800,3.68155,1.68907
1776902918403547666,2.45997,0.175781,0.163768,1.86485,1.60961,1.51066,10,4808,3.68769,1.68738
1776902918408572271,2.45997,0.171875,0.169904,1.85926,1.33355,1.51518,10,4823,3.69919,1.68772
1776902918413548126,2.46085,0.171875,0.18229,1.8596,1.33355,1.51518,10,4833,3.7061,1.99418
1776902918418548337,2.46085,0.148438,0.18996,2.14262,1.60742,1.50541,10,4848,3.71837,1.99179
1776902918423546252,2.46331,0.148438,0.203923,2.14023,1.60742,1.50541,10,4858,3.72604,1.84262
1776902918428552187,2.46331,0.150391,0.211593,1.99302,1.42228,1.51652,10,4874,3.73831,1.99378
1776902918433597962,2.4641,0.150391,0.22465,2.14417,1.42228,1.51652,10,4883,3.74521,1.99453
1776902918438556166,2.4641,0.203125,0.231553,2.19766,1.6051,1.54977,10,4899,3.75749,1.84041
1776902918443524797,2.46656,0.203125,0.246285,2.04354,1.6051,1.54977,10,4908,3.76439,1.84115
1776902918448562182,2.46656,0.230469,0.253188,2.07162,1.51367,1.57535,10,4923,3.77589,1.84078
1776902918453555688,2.46753,0.230469,0.272573,2.22465,1.50327,1.57932,10,4939,3.78817,1.99418
1776902918458554677,2.46753,0.287109,0.277942,2.28129,1.50327,1.57932,10,4949,3.79584,1.99139
1776902918463560908,2.47145,0.287109,0.289527,2.2785,1.50327,1.57932,10,4961,3.80504,1.99738
1776902918468560934,2.47145,0.28125,0.29873,2.27863,1.6462,1.62414,10,4971,3.81271,1.84041
1776902918473575222,2.47302,0.28125,0.30797,2.12166,1.6462,1.62414,10,4977,3.81731,1.38086
1776902918478599401,2.47302,0.736328,0.312572,2.11719,1.61059,1.8899,10,4982,3.82115,0.766993
1776902918483595926,2.47854,0.736328,-0.306393,1.50332,1.61059,1.8899,10,4983,3.82191,0.306736
1776902918488561279,2.47854,1.32227,-0.305627,1.629,2.10661,2.24623,10,4988,3.82575,0.460288
1776902918493522725,2.48416,1.32227,-0.296169,1.78255,2.10661,2.24623,10,4991,3.82805,0.613546
1776902918498544014,2.48416,1.23438,-0.293868,1.84792,2.23962,2.21885,10,5000,3.83495,0.766839
1776902918503558283,2.50501,1.23438,-0.266114,2.00121,2.23962,2.21885,10,5007,3.84032,1.53429
1776902918508556679,2.50501,0.808594,-0.260745,2.34289,2.05594,2.06007,10,5022,3.85183,1.68738
1776902918513682320,2.51077,0.808594,-0.243479,2.49598,2.05594,2.06007,10,5031,3.85873,1.84041
1776902918518587941,2.51077,0.208984,-0.236576,2.0494,1.83226,1.74138,10,5047,3.871,1.68772
1776902918523580132,2.51808,0.208984,-0.208557,2.5095,1.73167,1.77062,10,5067,3.88634,2.30052
1776902918528561210,2.51808,-0.119141,-0.201654,2.18138,1.73167,1.77062,10,5080,3.89631,2.45487
1776902918533586019,2.51874,-0.119141,-0.191019,2.33573,1.73167,1.77062,10,5096,3.90858,2.76007
1776902918538557799,2.51874,-0.328125,-0.178747,2.43194,1.70093,1.46712,10,5114,3.92239,2.60877
1776902918543558770,2.51672,-0.328125,-0.166967,2.28065,1.70093,1.46712,10,5126,3.93159,2.45389
1776902918548548609,2.51672,-0.480469,-0.157763,1.97342,1.78701,1.37219,10,5146,3.94693,2.45438
1776902918553561008,2.5147,-0.480469,-0.144447,1.97391,1.78701,1.37219,10,5157,3.95537,2.30098
1776902918558551291,2.5147,-0.595703,-0.136009,1.70527,1.70859,1.29842,10,5176,3.96994,2.45389
1776902918563552206,2.50676,-0.595703,-0.129377,1.85818,1.70859,1.29842,10,5187,3.97838,2.3019
1776902918568550343,2.50676,-0.646484,-0.120939,1.65541,1.59137,1.23768,10,5206,3.99295,2.30052
1776902918573594525,2.50325,-0.646484,-0.109874,1.65403,1.59137,1.23768,10,5220,4.00369,2.1471
1776902918578573863,2.50325,-0.583984,-0.099137,1.56312,1.2028,1.25924,10,5236,4.01596,2.3019
1776902918583552718,2.49686,-0.583984,-0.0932538,1.71791,1.2028,1.25924,10,5246,4.02363,2.30057
1776902918588555097,2.49686,-0.445312,-0.0855839,1.85525,1.25647,1.31261,10,5264,4.03744,2.14801
1776902918593520358,2.49143,-0.445312,-0.0695383,1.70217,1.02004,1.29076,10,5282,4.05124,2.14748
1776902918598602824,2.49143,-0.474609,-0.0634023,1.67287,1.02004,1.29076,10,5292,4.05891,2.14758
1776902918603573734,2.48479,-0.474609,-0.0623695,1.67297,1.02004,1.29076,10,5305,4.06888,2.14758
1776902918608571000,2.48479,-0.505859,-0.0523988,1.64172,1.31376,1.22948,10,5320,4.08039,2.14715
1776902918613553820,2.47982,-0.505859,-0.0458705,1.64129,1.31376,1.22948,10,5330,4.08806,2.14801
1776902918618625636,2.47982,-0.498047,-0.0382005,1.64996,1.16541,1.21382,10,5348,4.10186,2.14758
1776902918623579191,2.47503,-0.498047,-0.0291812,1.64953,1.16541,1.21382,10,5359,4.1103,2.30057
1776902918628579495,2.47503,-0.492188,-0.0207445,1.80838,1.32917,1.1978,10,5377,4.12411,2.14758
1776902918633562296,2.47216,-0.492188,-0.00980393,1.65539,1.32917,1.1978,10,5387,4.13178,2.14705
1776902918638561544,2.47216,-0.373047,-0.00213401,1.77401,1.2659,1.2541,10,5404,4.14482,2.14801
1776902918643526712,2.46595,-0.373047,0.00469526,1.77496,1.2659,1.2541,10,5413,4.15172,1.99463
1776902918648551021,2.46595,-0.339844,0.0115984,1.65478,1.36627,1.24783,10,5429,4.16399,1.84041
1776902918653585719,2.46391,-0.339844,0.021828,1.50057,1.36627,1.24783,10,5438,4.17089,1.99453
1776902918658582856,2.46391,-0.208984,0.0287307,1.78555,1.08184,1.31412,10,5454,4.18317,1.84078
1776902918663552581,2.46391,-0.208984,0.0410026,1.6318,1.08184,1.31412,10,5464,4.19084,1.99423
1776902918668549662,2.45975,-0.208984,0.0445093,1.78524,1.35886,1.29719,10,5477,4.20081,1.99373
1776902918673548484,2.45975,-0.144531,0.0544804,1.8492,1.35886,1.29719,10,5492,4.21231,1.99453
1776902918678574885,2.45727,-0.144531,0.0635065,1.85,1.30442,1.32384,10,5506,4.22305,1.99383
1776902918683624939,2.45727,-0.130859,0.0742444,1.86297,1.30442,1.32384,10,5518,4.23225,1.99453
1776902918688588866,2.45648,-0.130859,0.0826577,1.86367,1.46712,1.32841,10,5532,4.24299,1.99423
1776902918693526677,2.45648,-0.126953,0.0933956,1.86728,1.46712,1.32841,10,5544,4.25219,1.99373
1776902918698561098,2.4551,-0.126953,0.101223,1.86678,1.31052,1.32503,10,5557,4.26217,1.84078
1776902918703551549,2.4551,-0.0527344,0.111194,1.78805,1.31052,1.32503,10,5569,4.27137,1.99383
1776902918708555724,2.45372,-0.0527344,0.119012,1.9411,1.33199,1.36169,10,5582,4.28134,1.99214
1776902918713555657,2.45372,-0.0078125,0.128983,1.98433,1.33199,1.36169,10,5594,4.29054,1.84262
1776902918718599395,2.45353,-0.0078125,0.137995,1.83481,1.48619,1.38651,10,5608,4.30128,1.99453
1776902918723583733,2.45353,0.134766,0.148733,2.1293,1.48619,1.38651,10,5620,4.31049,1.99383
1776902918728552642,2.45461,0.134766,0.159018,2.1286,1.28527,1.47219,10,5634,4.32122,1.99493
1776902918733550112,2.45461,0.173828,0.169756,2.16876,1.28527,1.47219,10,5646,4.33043,1.99383
1776902918738547990,2.45461,0.173828,0.17896,2.16766,1.48337,1.49446,10,5659,4.3404,1.84041
1776902918743528920,2.45576,0.173828,0.190088,2.01424,1.48337,1.49446,10,5669,4.3473,1.99493
1776902918748546579,2.45576,0.173828,0.197758,2.16876,1.39487,1.49917,10,5684,4.35957,1.99383
1776902918753574851,2.45851,0.173828,0.212005,2.16766,1.39487,1.49917,10,5694,4.36724,1.84115
1776902918758549484,2.45851,0.179688,0.219675,2.02084,1.56778,1.51368,10,5710,4.37952,1.99373
1776902918763556678,2.45958,0.179688,0.233023,2.17342,1.56778,1.51368,10,5719,4.38642,1.99453
1776902918768573966,2.45958,0.195312,0.239926,2.18984,1.42139,1.52697,10,5736,4.39946,1.99423
1776902918773560008,2.46213,0.195312,0.255516,2.18954,1.42139,1.52697,10,5746,4.40713,1.99413
1776902918778557571,2.46213,0.222656,0.263186,2.21679,1.62846,1.55293,10,5763,4.42017,2.14758
1776902918783556634,2.46322,0.222656,0.277307,2.37024,1.62846,1.55293,10,5772,4.42707,1.99423
1776902918788546529,2.46322,0.287109,0.28421,2.28134,1.53407,1.59407,10,5789,4.44011,1.99413
1776902918793516994,2.46694,0.287109,0.30097,2.28124,1.53407,1.59407,10,5798,4.44701,1.84041
1776902918798547859,2.46694,0.287109,0.307873,2.12752,1.53785,1.60919,10,5808,4.45468,1.84115
1776902918803549552,2.46841,0.287109,-0.311303,2.12826,1.53785,1.60919,10,5811,4.45698,0.766638
1776902918808561450,2.46841,1.07617,-0.309002,1.84281,1.87374,2.06493,10,5811,4.45698,0.153508
1776902918813553938,2.46841,1.07617,-0.309002,1.22968,1.87374,2.06493,10,5813,4.45852,0.15332
1776902918818554927,2.476,1.07617,-0.299875,1.22949,1.97929,2.09571,10,5817,4.46158,0.460335
1776902918823556380,2.476,1.49219,-0.296807,1.95252,1.97929,2.09571,10,5823,4.46619,0.766945
1776902918828560796,2.49802,1.49219,-0.270187,2.25913,2.15138,2.42166,10,5833,4.47386,1.07362
1776902918833549005,2.49802,0.972656,-0.262517,2.04628,2.15138,2.42166,10,5843,4.48152,1.53368
1776902918838552254,2.50385,0.972656,-0.249021,2.50633,1.68491,2.14893,10,5857,4.49226,1.68767
1776902918843514829,2.50385,0.1875,-0.238284,1.87517,1.68491,2.14893,10,5869,4.50147,1.99463
1776902918848547824,2.51312,0.1875,-0.219809,2.18213,2.09144,1.73853,10,5886,4.51451,2.30047
1776902918853547109,2.51312,0.0703125,-0.206771,2.37078,2.09144,1.73853,10,5902,4.52678,2.60782
1776902918858547931,2.51375,0.0703125,-0.193869,2.67813,1.73879,1.67425,10,5920,4.54058,2.60512
1776902918863551088,2.51375,-0.4375,-0.180063,2.16762,1.73879,1.67425,10,5934,4.55132,2.45683
1776902918868544113,2.51099,-0.4375,-0.172084,2.01933,1.67381,1.37376,10,5951,4.56436,2.30093
1776902918873547158,2.51099,-0.619141,-0.159045,1.68179,1.67381,1.37376,10,5964,4.57433,2.30149
1776902918878548203,2.50835,-0.619141,-0.15171,1.68235,1.81149,1.25967,10,5982,4.58814,2.30093
1776902918883576789,2.50835,-0.695312,-0.137905,1.60562,1.81149,1.25967,10,5997,4.59964,2.6073
1776902918888576112,2.50835,-0.695312,-0.1264,1.91199,1.54086,1.21625,10,6014,4.61268,2.60825
1776902918893538538,2.49833,-0.695312,-0.123382,1.91294,1.54086,1.21625,10,6025,4.62112,2.30103
1776902918898541398,2.49833,-0.78125,-0.114945,1.51978,1.41278,1.12705,10,6044,4.63569,2.29955
1776902918903586988,2.49075,-0.78125,-0.107957,1.5183,1.41278,1.12705,10,6055,4.64413,2.30231
1776902918908559621,2.49075,-0.574219,-0.0995201,1.72809,1.20384,1.21453,10,6075,4.65947,2.30011
1776902918913556479,2.48086,-0.574219,-0.0940623,1.72589,1.20384,1.21453,10,6085,4.66714,2.30185
1776902918918552097,2.48086,-0.570312,-0.0863923,1.73154,1.05206,1.17687,10,6102,4.68018,2.30057
1776902918923552383,2.47812,-0.570312,-0.0760946,1.73025,1.05206,1.17687,10,6117,4.69168,2.45438
1776902918928551798,2.47812,-0.558594,-0.0645894,1.89578,1.21653,1.17247,10,6137,4.70702,2.45438
1776902918933615668,2.46958,-0.558594,-0.0577892,1.89578,1.21653,1.17247,10,6148,4.71546,2.30139
1776902918938559592,2.46958,-0.541016,-0.049353,1.76037,1.05115,1.1479,10,6167,4.73003,2.45339
1776902918943537966,2.4669,-0.541016,-0.037466,1.91238,1.05115,1.1479,10,6178,4.73847,2.30093
1776902918948546735,2.4669,-0.476562,-0.0290288,1.82437,1.19824,1.17373,10,6195,4.75151,2.14801
1776902918953558466,2.46169,-0.476562,-0.0212006,1.67145,1.19824,1.17373,10,6205,4.75918,2.14758
1776902918958551510,2.46169,-0.357422,-0.0135307,1.79016,1.37642,1.22047,10,6223,4.77298,2.14801
1776902918963552258,2.46169,-0.357422,0.00027524,1.79059,1.37642,1.22047,10,6233,4.78065,2.14715
1776902918968555896,2.45514,-0.357422,0.00139962,1.78973,1.1736,1.19382,10,6248,4.79216,1.99463
1776902918973558108,2.45514,-0.335938,0.0129047,1.65869,1.1736,1.19382,10,6264,4.80443,2.14705
1776902918978551540,2.45181,-0.335938,0.0218445,1.81112,1.16835,1.19248,10,6278,4.81517,2.14801
1776902918983552252,2.45181,-0.248047,0.0325819,1.89996,1.16835,1.19248,10,6290,4.82437,1.99423
1776902918988554389,2.4473,-0.248047,0.0372759,1.74618,1.27619,1.22416,10,6303,4.83434,1.84041
1776902918993520039,2.4473,-0.169922,0.0472466,1.67049,1.27619,1.22416,10,6314,4.84278,1.84115
1776902918998542458,2.44531,-0.169922,0.0536953,1.67123,1.07553,1.26057,10,6327,4.85275,1.99373
1776902919003550039,2.44531,-0.0859375,0.0636669,1.9078,1.07553,1.26057,10,6337,4.86042,1.68709
1776902919008554412,2.44402,-0.0859375,0.070048,1.60116,1.28094,1.30317,10,6350,4.87039,1.68767
1776902919013542617,2.44402,-0.00390625,0.0800186,1.68377,1.28094,1.30317,10,6360,4.87806,1.84078
1776902919018546472,2.44353,-0.00390625,0.0871965,1.83688,1.13157,1.34791,10,6373,4.88803,1.84115
1776902919023550845,2.44353,0.0820312,0.0971671,1.92318,1.13157,1.34791,10,6384,4.89647,1.83821
1776902919028710487,2.44391,0.0820312,0.105988,1.92024,1.4808,1.39847,10,6396,4.90567,1.6897
1776902919033598488,2.44391,0.126953,0.115192,1.81665,1.4808,1.39847,10,6407,4.91411,1.68743
1776902919038603566,2.44391,0.126953,0.123628,1.81438,1.36176,1.42407,10,6418,4.92254,1.68734
1776902919043628665,2.44489,0.126953,0.133038,1.81429,1.36176,1.42407,10,6426,4.92868,1.68709
1776902919048560248,2.44489,0.195312,0.139174,1.88241,1.45218,1.46701,10,6439,4.93865,1.68734
1776902919053554342,2.44645,0.195312,0.150706,1.88265,1.45218,1.46701,10,6447,4.94479,1.53399
1776902919058554659,2.44645,0.289062,0.156842,1.82305,1.53714,1.52684,10,6460,4.95476,1.68642
1776902919063552643,2.45024,0.289062,0.170607,1.97548,1.53714,1.52684,10,6468,4.96089,1.53521
1776902919068587337,2.45024,0.298828,0.176743,1.83404,1.33734,1.5479,10,6482,4.97163,1.68734
1776902919073595452,2.4516,0.298828,0.188843,1.98616,1.33734,1.5479,10,6490,4.97777,1.68666
1776902919078556021,2.4516,0.322266,0.194979,2.00893,1.56399,1.56682,10,6505,4.98927,1.84152
1776902919083580121,2.4565,0.322266,0.211382,2.16378,1.56399,1.56682,10,6514,4.99618,1.84005
1776902919088558453,2.4565,0.328125,0.218284,2.16817,1.50871,1.59013,10,6529,5.00768,1.84152
1776902919093558289,2.45807,0.328125,0.231361,2.16964,1.50871,1.59013,10,6538,5.01458,1.84041
1776902919098552698,2.45807,0.357422,0.238264,2.19784,1.52231,1.61323,10,6553,5.02609,1.84115
1776902919103559738,2.46325,0.357422,0.254949,2.19857,1.52231,1.61323,10,6562,5.03299,1.84041
1776902919108555258,2.46325,0.363281,0.261851,2.2037,1.6361,1.63764,10,6577,5.0445,1.84078
1776902919113557502,2.46325,0.363281,0.273356,2.20406,1.6361,1.63764,10,6586,5.0514,1.84078
1776902919118552967,2.46492,0.363281,0.281924,2.20406,1.44082,1.64441,10,6599,5.06137,1.84115
1776902919123579789,2.46492,0.382812,0.291895,2.22396,1.44082,1.64441,10,6613,5.07211,1.99373
1776902919128547230,2.47257,0.382812,0.310281,2.37655,1.68079,1.68658,10,6615,5.07364,1.22743
1776902919133556178,2.47257,0.957031,0.311815,2.18446,1.68079,1.68658,10,6616,5.07441,0.153385
1776902919138561034,2.4785,0.957031,-0.309802,1.11042,1.87205,2.03791,10,6618,5.07594,0.153382
1776902919143542903,2.4785,1.77344,-0.308268,1.92682,1.87205,2.03791,10,6620,5.07748,0.306246
1776902919148547332,2.49223,1.77344,-0.293005,2.07968,1.95061,2.55867,10,6626,5.08208,0.461166
1776902919153560874,2.49223,1.40625,-0.288403,1.86742,1.95061,2.55867,10,6634,5.08821,1.07374
1776902919158549282,2.50906,1.40625,-0.265441,2.47999,1.9744,2.41696,10,6646,5.09742,1.53399
1776902919163582457,2.50906,0.732422,-0.256237,2.26641,1.9744,2.41696,10,6658,5.10662,1.83894
1776902919168581515,2.51823,0.732422,-0.237855,2.57137,1.97716,2.0696,10,6670,5.11583,1.99582
1776902919173549345,2.51823,0.0625,-0.228651,2.05832,1.97716,2.0696,10,6688,5.12963,2.30093
1776902919178576815,2.52237,0.0625,-0.210712,2.36343,2.02108,1.70425,10,6706,5.14344,2.45487
1776902919183562649,2.52237,-0.203125,-0.196906,2.25174,2.02108,1.70425,10,6721,5.15494,2.76007
1776902919188622773,2.52177,-0.203125,-0.174498,2.40096,1.86229,1.55284,10,6744,5.17258,2.60408
1776902919193553337,2.52177,-0.435547,-0.168362,2.16853,1.72474,1.41796,10,6758,5.18332,2.4588
1776902919198554192,2.51828,-0.435547,-0.161116,2.02326,1.72474,1.41796,10,6769,5.19176,2.30103
1776902919203560195,2.51828,-0.501953,-0.152679,1.79907,1.72474,1.41796,10,6785,5.20403,2.44997
1776902919208574385,2.51293,-0.501953,-0.145753,1.94801,1.8061,1.34479,10,6800,5.21553,2.45831
1776902919213551347,2.51293,-0.787109,-0.134249,1.6712,1.8061,1.34479,10,6816,5.22781,2.45477
1776902919218560129,2.50672,-0.787109,-0.128185,1.66766,1.41823,1.15738,10,6831,5.23931,2.14715
1776902919223551296,2.50672,-0.607422,-0.11668,1.53973,1.41823,1.15738,10,6844,5.24928,2.14715
1776902919228548724,2.49989,-0.607422,-0.113536,1.53973,1.42613,1.23241,10,6857,5.25925,2.14844
1776902919233549542,2.49989,-0.53125,-0.103565,1.61719,1.42613,1.23241,10,6873,5.27152,2.30057
1776902919238616926,2.4942,-0.53125,-0.0969897,1.76932,1.08188,1.25292,10,6888,5.28303,2.14801
1776902919243547380,2.4942,-0.412109,-0.0854846,1.7359,1.1303,1.32083,10,6905,5.29607,2.14758
1776902919248556291,2.48957,-0.412109,-0.0770732,1.73547,1.1303,1.32083,10,6917,5.30527,2.14748
1776902919253553867,2.48957,-0.505859,-0.0678693,1.64162,1.1303,1.32083,10,6930,5.31524,2.30057
1776902919258595136,2.48957,-0.505859,-0.0578986,1.79471,1.22018,1.24875,10,6945,5.32675,2.14801
1776902919263582710,2.48447,-0.505859,-0.0514942,1.64215,1.22018,1.24875,10,6955,5.33442,1.99334
1776902919268554189,2.48447,-0.46875,-0.0438243,1.52459,1.43859,1.24933,10,6971,5.34669,1.99463
1776902919273561545,2.4799,-0.46875,-0.0361243,1.52588,1.43859,1.24933,10,6981,5.35436,1.99373
1776902919278574050,2.4799,-0.429688,-0.0284544,1.56405,1.27929,1.25312,10,6997,5.36663,1.99463
1776902919283588018,2.4753,-0.429688,-0.0207797,1.56494,1.27929,1.25312,10,7007,5.3743,2.14758
1776902919288558033,2.4753,-0.333984,-0.0131093,1.81359,1.42019,1.28907,10,7024,5.38734,1.99413
1776902919293531087,2.4696,-0.333984,-0.00577174,1.66015,1.42019,1.28907,10,7033,5.39424,1.99413
1776902919298544017,2.4696,-0.310547,0.00113094,1.68359,1.23494,1.27933,10,7050,5.40728,1.99423
1776902919303574451,2.46815,-0.310547,0.0127248,1.68368,1.23494,1.27933,10,7059,5.41419,1.99413
1776902919308551450,2.46815,-0.230469,0.0196275,1.76366,1.32888,1.31911,10,7075,5.42646,1.99423
1776902919313555064,2.46404,-0.230469,0.027788,1.76376,1.32888,1.31911,10,7084,5.43336,1.84115
1776902919318550010,2.46404,-0.179688,0.0346907,1.66146,1.3631,1.33136,10,7100,5.44563,1.99413
1776902919323583426,2.46304,-0.179688,0.0459627,1.81445,1.3631,1.33136,10,7109,5.45253,1.84041
1776902919328583873,2.46304,-0.169922,0.0528654,1.67049,1.07609,1.33286,10,7127,5.46634,1.99463
1776902919333575207,2.46304,-0.169922,0.0666713,1.82471,1.07609,1.33286,10,7137,5.47401,2.14748
1776902919338575858,2.46028,-0.169922,0.0715817,1.97756,1.42034,1.32164,10,7151,5.48475,2.14715
1776902919343534316,2.46028,-0.0800781,0.0823201,2.06707,1.42034,1.32164,10,7166,5.49625,1.99423
1776902919348625908,2.45851,-0.0800781,0.0920495,1.91415,1.13733,1.36562,10,7180,5.50699,1.99373
1776902919353581199,2.45851,0.0273438,0.102787,2.02108,1.13733,1.36562,10,7192,5.51619,1.99423
1776902919358562643,2.4583,0.0273438,0.11178,2.02157,1.44254,1.42599,10,7205,5.52617,1.99493
1776902919363514433,2.4583,0.0957031,0.121751,2.09063,1.44254,1.42599,10,7216,5.5346,1.84041
1776902919368534569,2.45892,0.0957031,0.130811,1.93612,1.33309,1.46749,10,7226,5.54227,1.84041
1776902919373509956,2.45892,0.136719,0.138481,1.97713,1.33309,1.46749,10,7237,5.55071,1.68777
1776902919378511051,2.45932,0.136719,0.147319,1.82449,1.44914,1.49251,10,7250,5.56068,1.84069
1776902919383518777,2.45932,0.193359,0.15729,2.03405,1.44914,1.49251,10,7264,5.57142,1.99383
1776902919388505759,2.46196,0.193359,0.170664,2.18719,1.50795,1.53551,10,7278,5.58216,1.84115
1776902919393497575,2.46196,0.162109,0.181401,2.00326,1.50795,1.53551,10,7290,5.59136,1.99373
1776902919398517136,2.46285,0.162109,0.191495,2.15584,1.23742,1.52132,10,7303,5.60133,1.99503
1776902919403538383,2.46285,0.167969,0.201465,2.163,1.23742,1.52132,10,7317,5.61207,1.84041
1776902919408572466,2.46285,0.167969,0.212203,2.00838,1.56925,1.52466,10,7328,5.62051,1.99413
1776902919413555002,2.46514,0.167969,0.222931,2.1621,1.56925,1.52466,10,7337,5.62741,1.84115
1776902919418577638,2.46514,0.216797,0.229833,2.05795,1.27678,1.5618,10,7352,5.63891,1.84078
1776902919423556545,2.46698,0.216797,0.243183,2.05758,1.27678,1.5618,10,7361,5.64582,1.84005
1776902919428585441,2.46698,0.279297,0.250086,2.11934,1.62292,1.60491,10,7377,5.65809,1.84152
1776902919433553753,2.47071,0.279297,0.266091,2.12082,1.62292,1.60491,10,7387,5.66576,1.99373
1776902919438558923,2.4721,0.287109,0.28588,2.43469,1.36146,1.62451,10,7407,5.6811,2.14758
1776902919443593931,2.4721,0.265625,0.290482,2.4132,1.78786,1.61787,10,7420,5.69107,2.14672
1776902919448588637,2.47485,0.265625,0.303209,2.41235,1.78786,1.61787,10,7427,5.69644,1.84152
1776902919453587435,2.47485,0.244141,0.308578,2.08566,1.78786,1.61787,10,7431,5.69951,1.07405
1776902919458632594,2.47573,0.244141,0.312528,1.31819,1.64295,1.62036,10,7433,5.70104,0.460056
1776902919463603850,2.47573,1.08594,0.314063,1.54599,1.64295,1.62036,10,7436,5.70334,0.306797
1776902919468624468,2.48362,1.08594,-0.304075,1.39273,2.02776,2.13205,10,7439,5.70564,0.460335
1776902919473614524,2.48362,1.52148,-0.301773,1.98182,2.02776,2.13205,10,7444,5.70948,0.613594
1776902919478580835,2.48362,1.52148,-0.297939,2.13508,1.88567,2.38031,10,7451,5.71485,1.07374
1776902919483591710,2.4881,1.52148,-0.288082,2.59523,1.88567,2.38031,10,7460,5.72175,1.38026
1776902919488558318,2.4881,0.810547,-0.28118,2.19081,1.99493,1.99319,10,7472,5.73095,1.38036
1776902919493522555,2.51189,0.810547,-0.248184,2.19091,1.99493,1.99319,10,7481,5.73785,1.68767
1776902919498541579,2.51189,0.0292969,-0.241281,1.71697,1.99273,1.64346,10,7495,5.74859,1.68743
1776902919503555732,2.51918,0.0292969,-0.223259,1.71673,1.99273,1.64346,10,7506,5.75703,1.99413
1776902919508552141,2.51918,-0.0488281,-0.214822,1.9453,1.56141,1.62806,10,7529,5.77467,2.45487
1776902919513553126,2.51911,-0.0488281,-0.197245,2.40604,1.56141,1.62806,10,7540,5.78311,2.91404
1776902919518549053,2.51911,-0.277344,-0.188808,2.63669,1.67166,1.49754,10,7558,5.79691,1.99453
1776902919523553686,2.51613,-0.277344,-0.177984,1.71719,1.67166,1.49754,10,7568,5.80458,2.30047
1776902919528549206,2.51613,-0.351562,-0.170314,1.94891,1.7006,1.44333,10,7586,5.81839,1.99463
1776902919533552321,2.51504,-0.351562,-0.157597,1.64306,1.7006,1.44333,10,7597,5.82683,2.14758
1776902919538547970,2.51504,-0.634766,-0.14916,1.51281,1.72886,1.27755,10,7615,5.84063,2.30093
1776902919543521357,2.50811,-0.634766,-0.14229,1.66616,1.72886,1.27755,10,7627,5.84984,2.45438
1776902919548539974,2.50811,-0.607422,-0.133086,1.84695,1.50259,1.26537,10,7646,5.86441,2.30057
1776902919553547015,2.50811,-0.607422,-0.118513,1.69314,1.50259,1.26537,10,7658,5.87361,2.45438
1776902919558653758,2.50593,-0.607422,-0.111486,1.84695,1.36763,1.25664,10,7675,5.88665,2.45487
1776902919563639240,2.50593,-0.5,-0.0984477,1.95487,1.36763,1.25664,10,7693,5.90046,2.14663
1776902919568583510,2.49474,-0.5,-0.0958351,1.64663,0.9869,1.27291,10,7706,5.91043,2.14801
1776902919573552766,2.49474,-0.382812,-0.0858639,1.7652,0.9869,1.27291,10,7719,5.9204,2.30057
1776902919578550787,2.49072,-0.382812,-0.0799168,1.91775,1.34275,1.3235,10,7732,5.93037,2.30093
1776902919583547344,2.49072,-0.435547,-0.0699452,1.86538,1.34275,1.3235,10,7748,5.94264,2.14758
1776902919588552718,2.4862,-0.435547,-0.0621861,1.71203,1.11868,1.27525,10,7764,5.95491,2.14844
1776902919593532495,2.4862,-0.423828,-0.0499142,1.72461,1.11868,1.27525,10,7781,5.96795,2.30103
1776902919598544518,2.48213,-0.423828,-0.0409487,1.8772,1.4191,1.26548,10,7793,5.97716,2.30047
1776902919603551392,2.48213,-0.474609,-0.0317448,1.82586,1.4191,1.26548,10,7807,5.98789,2.30001
1776902919608553691,2.47748,-0.474609,-0.0256556,1.8254,1.25336,1.21774,10,7819,5.9971,2.14844
1776902919613547526,2.47748,-0.4375,-0.0164517,1.71094,1.25336,1.21774,10,7835,6.00937,2.14758
1776902919618544195,2.4759,-0.4375,-0.00576006,1.71008,1.37811,1.2325,10,7849,6.02011,1.99463
1776902919623546790,2.4759,-0.304688,0.00497737,1.68994,1.37811,1.2325,10,7863,6.03085,1.99413
1776902919628552516,2.4759,-0.304688,0.0157157,1.68945,1.07898,1.3082,10,7874,6.03928,1.84041
1776902919633547795,2.46775,-0.304688,0.0160066,1.53573,1.07898,1.3082,10,7882,6.04542,1.84041
1776902919638554058,2.46775,-0.205078,0.0221425,1.63534,1.31156,1.33196,10,7900,6.05922,1.99503
1776902919643523852,2.46465,-0.205078,0.0328423,1.78995,1.31156,1.33196,10,7910,6.06689,1.83995
1776902919648556841,2.46465,-0.169922,0.0405122,1.67003,1.17461,1.33938,10,7926,6.07917,1.99463
1776902919653551843,2.46298,-0.169922,0.0511185,1.82471,1.17461,1.33938,10,7936,6.08684,1.99453
1776902919658585888,2.46298,-0.1875,0.0587884,1.80703,1.30452,1.3226,10,7950,6.09757,1.99423
1776902919663573907,2.46122,-0.1875,0.0677587,1.80673,1.30452,1.3226,10,7959,6.10448,1.99373
1776902919668576762,2.46122,-0.191406,0.0746614,1.80233,1.37074,1.31318,10,7974,6.11598,1.84041
1776902919673560929,2.46062,-0.191406,0.0855705,1.64901,1.37074,1.31318,10,7983,6.12288,1.84115
1776902919678549762,2.46062,-0.105469,0.0924732,1.73568,1.27748,1.35974,10,7997,6.13362,1.84115
1776902919683576436,2.45781,-0.105469,0.100399,1.73568,1.27748,1.35974,10,8005,6.13976,1.687
1776902919688554176,2.45781,-0.0625,0.106535,1.6245,1.38199,1.37279,10,8020,6.15126,1.68743
1776902919693541509,2.45761,-0.0625,0.117846,1.62493,1.38199,1.37279,10,8028,6.1574,1.68734
1776902919698656161,2.45761,0.0761719,0.123982,1.76351,1.29178,1.45104,10,8043,6.1689,1.84078
1776902919703623547,2.45761,0.0761719,0.135487,1.91695,1.29178,1.45104,10,8051,6.17504,1.84041
1776902919708559483,2.45761,0.0761719,0.141617,1.91659,1.51166,1.45102,10,8064,6.18501,1.68743
1776902919713561800,2.45761,0.0761719,0.141617,1.91659,1.51166,1.45102,10,8064,6.18501,1.68743
1776902919718549078,2.45954,0.138672,0.171928,2.13241,1.42165,1.48664,10,8094,6.20802,1.99373
1776902919723554600,2.45954,0.105469,0.17653,2.0992,1.42165,1.48664,10,8104,6.21569,1.84115
1776902919728597925,2.46104,0.105469,0.1857,1.94662,1.33992,1.48169,10,8115,6.22413,1.84115
1776902919733562162,2.46104,0.101562,0.194137,1.94271,1.33992,1.48169,10,8127,6.23333,1.84041
1776902919738552756,2.46183,0.101562,0.204129,1.94198,1.41114,1.48267,10,8138,6.24177,1.99174
1776902919743524290,2.46183,0.152344,0.212567,2.14409,1.41114,1.48267,10,8153,6.25327,1.99662
1776902919748542055,2.463,0.152344,0.225237,2.14897,1.31265,1.51635,10,8164,6.26171,1.99373
1776902919753581194,2.463,0.203125,0.233674,2.19686,1.31265,1.51635,10,8180,6.27398,2.14801
1776902919758548876,2.46476,0.203125,0.247714,2.35113,1.44203,1.55249,10,8191,6.28242,1.99423
1776902919763557806,2.46476,0.271484,0.256151,2.26571,1.44203,1.55249,10,8207,6.29469,2.14758
1776902919768587517,2.46724,0.271484,0.270901,2.41906,1.44992,1.60151,10,8219,6.30389,2.14758
1776902919773600893,2.46724,0.302734,0.280105,2.45031,1.44992,1.60151,10,8234,6.3154,2.14705
1776902919778577872,2.46724,0.302734,0.291609,2.44979,1.62449,1.61933,10,8247,6.32537,1.84078
1776902919783554130,2.47009,0.302734,0.304433,2.14352,1.62449,1.61933,10,8252,6.3292,1.68777
1776902919788551780,2.47009,0.494141,0.308268,2.18191,1.65152,1.74,10,8254,6.33074,0.306858
1776902919793516943,2.47504,0.494141,-0.31357,0.800999,1.65152,1.74,10,8256,6.33227,0.306797
1776902919798540709,2.47695,0.931641,-0.307056,1.3917,2.1674,2.00943,10,8262,6.33687,0.460056
1776902919803562586,2.47695,1.59375,-0.305522,2.05381,2.1674,2.00943,10,8267,6.34071,0.613717
1776902919808574183,2.49305,1.59375,-0.285591,2.20747,2.1881,2.45954,10,8273,6.34531,1.07384
1776902919813548940,2.49305,1.04492,-0.280989,2.11876,2.1881,2.45954,10,8283,6.35298,1.22694
1776902919818579430,2.5036,1.04492,-0.262766,2.27186,1.82539,2.18913,10,8293,6.36065,1.68734
1776902919823549242,2.5036,0.609375,-0.255096,2.29671,1.82539,2.18913,10,8306,6.37062,1.84115
1776902919828585158,2.51252,0.609375,-0.236203,2.45053,1.96519,1.97663,10,8318,6.37983,1.84005
1776902919833552395,2.51252,0.203125,-0.226999,2.04317,1.96519,1.97663,10,8334,6.3921,2.29919
1776902919838553083,2.51544,0.203125,-0.21181,2.50231,1.54648,1.75673,10,8345,6.40053,1.99573
1776902919843528600,2.51544,-0.0371094,-0.203373,1.95862,1.54648,1.75673,10,8360,6.41204,1.99493
1776902919848538752,2.51544,-0.0371094,-0.191867,1.95782,1.87243,1.6198,10,8374,6.42278,1.99423
1776902919853555461,2.51599,-0.0371094,-0.180584,1.95712,1.87243,1.6198,10,8384,6.43045,2.14715
1776902919858550648,2.51599,-0.216797,-0.172913,1.93035,1.96587,1.51956,10,8403,6.44502,2.14715
1776902919863557485,2.51465,-0.216797,-0.159678,1.93035,1.96587,1.51956,10,8415,6.45422,2.45487
1776902919868551061,2.51465,-0.707031,-0.150474,1.74784,1.7525,1.23478,10,8434,6.4688,2.45438
1776902919873561898,2.50944,-0.707031,-0.141111,1.74734,1.7525,1.23478,10,8445,6.47723,2.14758
1776902919878549695,2.50944,-0.677734,-0.132675,1.46984,1.641,1.23063,10,8464,6.49181,2.30093
1776902919883574665,2.50204,-0.677734,-0.125498,1.6232,1.641,1.23063,10,8475,6.50024,2.45095
1776902919888557053,2.50204,-0.638672,-0.117061,1.81227,1.24754,1.22323,10,8492,6.51328,1.99733
1776902919893633439,2.49565,-0.638672,-0.110422,1.35866,1.24754,1.22323,10,8502,6.52095,2.14672
1776902919898560096,2.49565,-0.509766,-0.102751,1.63696,1.10483,1.27099,10,8518,6.53322,1.99503
1776902919903575471,2.48955,-0.509766,-0.0965754,1.48526,1.10483,1.27099,10,8528,6.54089,1.99373
1776902919908731093,2.48955,-0.525391,-0.088905,1.46834,1.29972,1.23754,10,8546,6.5547,2.14758
1776902919913693571,2.48503,-0.525391,-0.0796186,1.62219,1.29972,1.23754,10,8557,6.56314,2.29863
1776902919918603780,2.48503,-0.533203,-0.0711819,1.76543,1.10677,1.21486,10,8576,6.57771,2.15016
1776902919923577944,2.48503,-0.533203,-0.0566088,1.61696,1.10677,1.21486,10,8586,6.58538,2.30057
1776902919928592449,2.47954,-0.533203,-0.0544272,1.76736,1.2369,1.19268,10,8602,6.59765,2.14758
1776902919933549241,2.47954,-0.525391,-0.0421554,1.62219,1.2369,1.19268,10,8617,6.60916,2.14758
1776902919938623812,2.46862,-0.525391,-0.0415684,1.62219,1.26883,1.15291,10,8629,6.61836,2.14758
1776902919943539614,2.46862,-0.503906,-0.0323645,1.64367,1.26883,1.15291,10,8644,6.62987,2.14629
1776902919948553397,2.46479,-0.503906,-0.024696,1.64239,1.29539,1.14958,10,8656,6.63907,1.99573
1776902919953603297,2.46479,-0.458984,-0.0154921,1.53675,1.29539,1.14958,10,8669,6.64904,1.99413
1776902919958562403,2.4636,-0.458984,-0.00670729,1.53515,1.19067,1.17036,10,8683,6.65978,2.14758
1776902919963595023,2.4636,-0.242188,0.00403062,1.90539,1.19067,1.17036,10,8698,6.67128,2.14458
1776902919968581782,2.45746,-0.242188,0.00938932,1.90239,1.23051,1.26894,10,8709,6.67972,1.99503
1776902919973552076,2.45746,-0.181641,0.0178265,1.81339,1.23051,1.26894,10,8721,6.68892,1.99453
1776902919978561080,2.45698,-0.181641,0.0265516,1.81289,1.11974,1.3015,10,8735,6.69966,1.84152
1776902919983552284,2.45698,-0.126953,0.03729,1.71457,1.11974,1.3015,10,8749,6.7104,1.99463
1776902919988547027,2.45438,-0.126953,0.0454311,1.86767,1.35447,1.32209,10,8760,6.71884,1.84078
1776902919993518561,2.45438,-0.105469,0.0538677,1.73531,1.35447,1.32209,10,8771,6.72727,1.84041
1776902919998555663,2.4541,-0.105469,0.0719909,1.73595,1.19548,1.33433,10,8789,6.74108,1.84142
1776902920003553237,2.4541,-0.105469,0.0719909,1.73595,1.19548,1.33433,10,8789,6.74108,1.84142
1776902920008552975,2.45285,0.015625,0.0891532,1.85641,1.36555,1.4022,10,8813,6.75949,1.84078
1776902920013549287,2.45285,0.09375,0.0929879,1.93453,1.36555,1.4022,10,8823,6.76716,1.84115
1776902920018551247,2.45325,0.09375,0.101053,1.9349,1.38932,1.44326,10,8833,6.77483,1.68709
1776902920023549467,2.45325,0.164062,0.108723,1.85116,1.38932,1.44326,10,8843,6.7825,1.68767
1776902920028593453,2.45396,0.164062,0.117102,1.85174,1.41384,1.48623,10,8852,6.7894,1.68709
1776902920033589617,2.45396,0.265625,0.124005,1.95272,1.41384,1.48623,10,8864,6.7986,1.53429
1776902920038554812,2.45612,0.265625,0.135379,1.79992,1.50351,1.55296,10,8873,6.80551,1.68666
1776902920043531768,2.45612,0.287109,0.142281,1.97377,1.50351,1.55296,10,8885,6.81471,1.5346
1776902920048550380,2.45904,0.287109,0.154404,1.82171,1.50896,1.5771,10,8894,6.82161,1.68666
1776902920053562491,2.45904,0.251953,0.161307,1.93861,1.50896,1.5771,10,8908,6.83235,1.68811
1776902920058549763,2.46167,0.251953,0.174674,1.94006,1.45203,1.56776,10,8917,6.83925,1.84078
1776902920063554373,2.46167,0.214844,0.181578,2.05563,1.45203,1.56776,10,8931,6.84999,1.84041
1776902920068553240,2.46392,0.214844,0.202232,2.05563,1.61222,1.54661,10,8947,6.86226,1.84078
1776902920073558368,2.46392,0.236328,0.206834,2.07711,1.61222,1.54661,10,8958,6.8707,1.84078
1776902920078652604,2.46745,0.236328,0.218799,2.07711,1.49546,1.58231,10,8968,6.87837,1.84078
1776902920083600093,2.46745,0.261719,0.226468,2.1025,1.49546,1.58231,10,8979,6.88681,1.84078
1776902920088595034,2.46852,0.261719,0.235981,2.1025,1.74983,1.60115,10,8989,6.89448,1.84078
1776902920093532650,2.47146,0.322266,0.254259,2.00994,1.4709,1.64758,10,9006,6.90752,1.68767
1776902920098548594,2.47146,0.337891,0.259628,2.02556,1.4709,1.64758,10,9017,6.91595,1.84005
1776902920103555093,2.47314,0.337891,0.26974,2.17794,1.4709,1.64758,10,9025,6.92209,1.68767
1776902920108548534,2.47314,0.328125,0.275875,2.0158,1.6259,1.65771,10,9039,6.93283,1.99463
1776902920113547235,2.47657,0.328125,0.29005,2.32275,1.6259,1.65771,10,9048,6.93973,1.99373
1776902920118547547,2.47657,0.265625,0.296954,2.25936,1.52109,1.636,10,9059,6.94817,1.53429
1776902920123582087,2.47953,0.265625,0.308345,1.79992,1.52109,1.636,10,9062,6.95047,0.920207
1776902920128551320,2.47953,0.552734,0.310646,1.47294,1.83602,1.81161,10,9065,6.95277,0.306736
1776902920133558448,2.47953,0.552734,0.312947,0.85947,1.83602,1.81161,10,9067,6.9543,0.460427
1776902920138552352,2.48299,0.552734,-0.310376,1.01316,2.22042,1.8256,10,9071,6.95737,0.613349
1776902920143547367,2.48299,1.61133,-0.307308,2.22468,2.22042,1.8256,10,9076,6.96121,0.460332
1776902920148548939,2.50155,1.61133,-0.284908,2.07166,2.06955,2.50377,10,9083,6.96657,1.07384
1776902920153549399,2.50155,0.845703,-0.279539,1.91954,2.06955,2.50377,10,9094,6.97501,1.38026
1776902920158545433,2.51472,0.845703,-0.257941,2.22597,1.60621,2.1201,10,9105,6.98345,1.68734
1776902920163545986,2.51472,0.478516,-0.249504,2.16585,1.60621,2.1201,10,9118,6.99342,1.84115
1776902920168545650,2.52154,0.478516,-0.232711,2.31967,2.02184,1.93806,10,9130,7.00262,1.84041
1776902920173556390,2.52154,0.150391,-0.223507,1.9908,2.02184,1.93806,10,9147,7.01566,2.30057
1776902920178551276,2.52433,0.150391,-0.207681,2.45096,1.80909,1.76215,10,9160,7.02563,2.30185
1776902920183550477,2.52433,-0.0957031,-0.19771,2.20615,1.80909,1.76215,10,9177,7.03867,2.45438
1776902920188577071,2.52444,-0.0957031,-0.184554,2.35867,1.68918,1.62234,10,9191,7.04941,2.30057
1776902920193544674,2.52444,-0.400391,-0.173816,1.90017,1.68918,1.62234,10,9209,7.06321,2.30093
1776902920198560878,2.52213,-0.400391,-0.162321,1.90054,1.86292,1.43946,10,9223,7.07395,2.60721
1776902920203592418,2.52213,-0.478516,-0.151583,2.12869,1.86292,1.43946,10,9243,7.08929,2.60887
1776902920208618661,2.51746,-0.478516,-0.130942,2.12869,1.8023,1.39492,10,9263,7.10463,2.60721
1776902920213575317,2.51746,-0.757812,-0.125573,1.84939,1.8023,1.39492,10,9276,7.1146,2.30103
1776902920218561979,2.51126,-0.757812,-0.121806,1.54321,1.61322,1.19226,10,9290,7.12534,2.30139
1776902920223553771,2.51126,-0.644531,-0.111069,1.65686,1.61322,1.19226,10,9305,7.13685,2.45438
1776902920228557806,2.50418,-0.644531,-0.10664,1.80984,1.21153,1.22847,10,9319,7.14758,2.45339
1776902920233551173,2.50418,-0.691406,-0.0959022,1.76199,1.21153,1.22847,10,9336,7.16062,2.30139
1776902920238556634,2.49752,-0.691406,-0.0895274,1.60998,1.33879,1.17499,10,9349,7.17059,2.30103
1776902920243537573,2.49752,-0.546875,-0.0795567,1.75415,1.33879,1.17499,10,9366,7.18363,2.30139
1776902920248554462,2.4912,-0.546875,-0.0728386,1.75452,1.09485,1.23193,10,9379,7.1936,2.45241
1776902920253602394,2.4912,-0.570312,-0.0628674,1.8821,1.09485,1.23193,10,9394,7.20511,1.99543
1776902920258580665,2.48548,-0.570312,-0.0570796,1.42511,1.21934,1.19552,10,9406,7.21431,2.14758
1776902920263547564,2.48548,-0.488281,-0.0478757,1.6593,1.21934,1.19552,10,9422,7.22658,2.14758
1776902920268545172,2.48044,-0.488281,-0.0406449,1.6593,1.0714,1.22191,10,9434,7.23579,2.14791
1776902920273548522,2.48044,-0.480469,-0.031441,1.66744,1.0714,1.22191,10,9449,7.24729,2.14715
1776902920278562541,2.4753,-0.480469,-0.0158666,1.51416,1.22697,1.22637,10,9467,7.2611,1.99463
1776902920283550369,2.4753,-0.416016,-0.0112651,1.57861,1.22697,1.22637,10,9478,7.26954,1.99373
1776902920288585428,2.46848,-0.416016,-0.00965337,1.57772,1.28116,1.21466,10,9490,7.27874,1.99423
1776902920293533009,2.46848,-0.375,-0.000449461,1.61923,1.28116,1.21466,10,9502,7.28794,1.99413
1776902920298541119,2.46676,-0.375,0.00703209,1.61913,1.24686,1.23105,10,9512,7.29561,1.99383
1776902920303558601,2.46676,-0.310547,0.0147015,1.68328,1.24686,1.23105,10,9526,7.30635,1.84078
1776902920308576027,2.46355,-0.310547,0.0222327,1.53024,1.22522,1.25476,10,9536,7.31402,1.84152
1776902920313557355,2.46355,-0.210938,0.0299031,1.63058,1.22522,1.25476,10,9549,7.32399,1.687
1776902920318550555,2.46077,-0.210938,0.0370919,1.47606,1.33024,1.30023,10,9559,7.33166,1.84041
1776902920323553293,2.46077,-0.115234,0.0447614,1.72518,1.33024,1.30023,10,9573,7.3424,1.84115
1776902920328632045,2.45852,-0.115234,0.0532519,1.72592,1.1907,1.34563,10,9584,7.35084,1.84078
1776902920333576940,2.45852,-0.0917969,0.0616881,1.74899,1.1907,1.34563,10,9597,7.36081,1.99214
1776902920338555693,2.45795,-0.0917969,0.0710923,1.90034,1.32249,1.35668,10,9608,7.36924,1.84262
1776902920343632815,2.45795,-0.0390625,0.0795285,1.80356,1.32249,1.35668,10,9622,7.37998,1.84115
1776902920348612791,2.45694,-0.0390625,0.096924,1.80098,1.40457,1.38674,10,9638,7.39225,1.84005
1776902920353582931,2.45694,-0.0175781,0.101526,1.82247,1.40457,1.38674,10,9646,7.39839,1.84115
1776902920358558054,2.45672,-0.0175781,0.107438,1.82357,1.39759,1.39395,10,9656,7.40606,1.84078
1776902920363575647,2.45672,0.0898438,0.115107,1.93063,1.39759,1.39395,10,9669,7.41603,1.68767
1776902920368549658,2.45716,0.0898438,0.125523,1.77752,1.43256,1.45699,10,9679,7.4237,1.84041
1776902920373556212,2.45716,0.121094,0.133194,1.96151,1.43256,1.45699,10,9693,7.43444,1.84115
1776902920378548857,2.45777,0.121094,0.144543,1.96224,1.45332,1.47729,10,9704,7.44287,1.84078
1776902920383552892,2.45777,0.164062,0.152981,2.00484,1.45332,1.47729,10,9719,7.45361,1.99383
1776902920388552111,2.46,0.164062,0.166712,2.15789,1.57894,1.51085,10,9730,7.46282,1.99413
1776902920393527808,2.46,0.152344,0.175149,2.14648,1.57894,1.51085,10,9745,7.47432,1.99383
1776902920398542049,2.46078,0.152344,0.187436,2.14617,1.30964,1.50735,10,9756,7.48276,1.99493
1776902920403544787,2.46078,0.15625,0.195872,2.15118,1.30964,1.50735,10,9771,7.49426,2.14715
1776902920408583643,2.46311,0.15625,0.209709,2.3034,1.51622,1.51906,10,9785,7.505,1.99373
1776902920413558007,2.46311,0.169922,0.220447,2.16366,1.51622,1.51906,10,9797,7.5142,1.99463
1776902920418576841,2.46311,0.169922,0.229651,2.16455,1.46089,1.52686,10,9811,7.52494,1.99413
1776902920423551130,2.46388,0.169922,0.241151,2.16405,1.46089,1.52686,10,9820,7.53185,1.84078
1776902920428553739,2.46388,0.230469,0.248053,2.07125,1.51581,1.56446,10,9837,7.54488,1.99383
1776902920433547106,2.4668,0.230469,0.264015,2.2243,1.51581,1.56446,10,9847,7.55255,2.14844
1776902920438544454,2.4668,0.267578,0.271685,2.41602,1.5371,1.59749,10,9864,7.56559,1.99334
1776902920443532857,2.46933,0.267578,0.287261,2.26091,1.5371,1.59749,10,9873,7.5725,2.14844
1776902920448546301,2.46933,0.306641,0.294163,2.45508,1.42302,1.63005,10,9885,7.5817,1.68666
1776902920453550225,2.47221,0.306641,0.306241,1.9933,1.42302,1.63005,10,9889,7.58477,1.07427
1776902920458595379,2.47221,0.445312,0.309309,1.51958,1.77889,1.72075,10,9893,7.58784,0.613471
1776902920463622825,2.47559,0.445312,-0.312557,1.05878,1.77889,1.72075,10,9894,7.5886,0.306858
1776902920468588873,2.47559,1.46875,-0.31179,1.77561,2.01152,2.31782,10,9900,7.5932,0.306674
1776902920473579720,2.4847,1.46875,-0.298085,1.77542,2.01152,2.31782,10,9903,7.59551,0.919288
1776902920478604240,2.4847,1.23047,-0.295784,2.14976,1.98351,2.2188,10,9911,7.60164,0.767866
1776902920483581252,2.50691,1.23047,-0.267431,1.99834,1.98351,2.2188,10,9917,7.60624,1.22743
1776902920488561820,2.50691,0.732422,-0.253625,2.26641,1.99441,2.02429,10,9934,7.61928,1.53399
1776902920493537832,2.51168,0.732422,-0.24502,2.26641,1.99441,2.02429,10,9942,7.62542,1.84078
1776902920498548980,2.51168,0.123047,-0.238884,1.96383,1.81887,1.69605,10,9956,7.63616,1.84041
1776902920503559108,2.51874,0.123047,-0.221087,1.96346,1.81887,1.69605,10,9966,7.64383,1.99503
1776902920508555920,2.51874,0.0488281,-0.213416,2.04385,1.73252,1.68198,10,9986,7.65917,2.30047
1776902920513556381,2.51929,0.0488281,-0.197534,2.3493,1.73252,1.68198,10,9997,7.6676,2.45389
1776902920518556137,2.51929,-0.382812,-0.189096,2.07107,1.55578,1.43812,10,10017,7.68294,2.45339
1776902920523574805,2.51686,-0.382812,-0.176182,2.07058,1.55578,1.43812,10,10027,7.69061,2.14844
1776902920528577302,2.51686,-0.542969,-0.168512,1.60547,1.7065,1.33714,10,10043,7.70288,1.84115
1776902920533582115,2.51446,-0.542969,-0.158641,1.29818,1.7065,1.33714,10,10053,7.71055,2.14758
1776902920538550663,2.51446,-0.470703,-0.150971,1.67688,1.68383,1.36873,10,10070,7.72359,1.99413
1776902920543519748,2.5074,-0.470703,-0.14499,1.52343,1.68383,1.36873,10,10080,7.73126,2.14801
1776902920548539711,2.5074,-0.509766,-0.13732,1.63824,1.36135,1.31821,10,10097,7.7443,1.99413
1776902920553546488,2.50503,-0.509766,-0.126656,1.48437,1.36135,1.31821,10,10107,7.75197,2.14758
1776902920558554357,2.50503,-0.369141,-0.118986,1.77844,1.39185,1.38884,10,10125,7.76578,2.14672
1776902920563548890,2.49886,-0.369141,-0.103684,1.77887,1.31381,1.36405,10,10142,7.77882,2.14801
1776902920568551722,2.49886,-0.449219,-0.0983143,1.69879,1.31381,1.36405,10,10153,7.78725,2.14801
1776902920573554590,2.49471,-0.449219,-0.0940247,1.69879,1.31381,1.36405,10,10164,7.79569,2.30103
1776902920578560885,2.49471,-0.478516,-0.0855875,1.82251,1.22389,1.28503,10,10182,7.8095,2.14758
1776902920583572755,2.49228,-0.478516,-0.0742083,1.66906,1.22389,1.28503,10,10192,7.81717,2.14715
1776902920588550896,2.49228,-0.533203,-0.0665384,1.61395,1.35855,1.24409,10,10211,7.83174,2.30047
1776902920593618091,2.48742,-0.533203,-0.0568266,1.76727,1.35855,1.24409,10,10222,7.84018,2.30185
1776902920598592824,2.48742,-0.498047,-0.0483904,1.8038,1.32231,1.24454,10,10241,7.85475,2.30011
1776902920603555482,2.47962,-0.498047,-0.0416127,1.80206,1.32231,1.24454,10,10252,7.86319,2.30185
1776902920608572038,2.47962,-0.449219,-0.033176,1.85263,1.31338,1.24089,10,10270,7.87699,2.14758
1776902920613550254,2.47718,-0.449219,-0.0218125,1.69836,1.31338,1.24089,10,10280,7.88466,2.14672
1776902920618579978,2.47718,-0.357422,-0.014143,1.7893,1.23661,1.28333,10,10298,7.89847,2.14844
1776902920623554768,2.47126,-0.357422,-0.00625996,1.79102,1.23661,1.28333,10,10308,7.90614,2.14672
1776902920628600773,2.47126,-0.359375,0.00140996,1.78735,1.35833,1.25823,10,10326,7.91994,2.14844
1776902920633604512,2.46922,-0.359375,0.0208444,1.78777,1.18254,1.24995,10,10343,7.93298,2.14715
1776902920638558816,2.46922,-0.326172,0.0262131,1.82098,1.18254,1.24995,10,10356,7.94295,2.14758
1776902920643527975,2.464,-0.326172,0.0309648,1.82141,1.18254,1.24995,10,10366,7.95062,2.14715
1776902920648547290,2.464,-0.287109,0.0386352,1.86004,1.37122,1.26994,10,10380,7.96136,1.99453
1776902920653561290,2.46252,-0.287109,0.0478954,1.70742,1.37122,1.26994,10,10390,7.96903,1.99423
1776902920658553212,2.46252,-0.167969,0.0555658,1.82626,1.22579,1.33185,10,10406,7.9813,1.99453
1776902920663555154,2.45902,-0.167969,0.0643339,1.82656,1.22579,1.33185,10,10415,7.9882,1.99343
1776902920668556189,2.45902,-0.128906,0.0712366,1.86452,1.36662,1.33986,10,10430,7.99971,1.68767
1776902920673552723,2.45832,-0.128906,0.0820407,1.55877,1.36662,1.33986,10,10439,8.00661,1.99334
1776902920678551609,2.45832,-0.0839844,0.0889434,1.90935,1.24203,1.36262,10,10455,8.01888,1.84189
1776902920683594558,2.45668,-0.0839844,0.0995812,1.7579,1.24203,1.36262,10,10463,8.02502,1.84078
1776902920688596334,2.45668,-0.0664062,0.105717,1.77438,1.54645,1.36598,10,10479,8.03729,1.84078
1776902920693552453,2.4563,-0.0664062,0.117606,1.77438,1.54645,1.36598,10,10488,8.0442,1.99334
1776902920698549932,2.4563,0.00195312,0.124509,1.99529,1.34008,1.40339,10,10503,8.0557,1.84152
1776902920703603142,2.45554,0.00195312,0.142157,1.84274,1.30806,1.40029,10,10519,8.06797,1.84078
1776902920708585081,2.45554,0.0859375,0.147526,1.92672,1.30806,1.40029,10,10527,8.07411,1.84078
1776902920713608064,2.45599,0.0859375,0.15411,1.92672,1.30806,1.40029,10,10538,8.08254,1.68709
1776902920718587113,2.45599,0.117188,0.162546,1.80428,1.50653,1.4678,10,10550,8.09175,1.84078
1776902920723561532,2.45707,0.117188,0.172835,1.95797,1.50653,1.4678,10,10559,8.09865,1.84078
1776902920728552972,2.45707,0.132812,0.179738,1.97359,1.17249,1.48112,10,10575,8.11092,1.84078
1776902920733552507,2.45766,0.132812,0.192599,1.97359,1.17249,1.48112,10,10584,8.11783,1.99453
1776902920738580583,2.45766,0.158203,0.199502,2.15273,1.44065,1.49799,10,10601,8.13087,1.99373
1776902920743603214,2.45922,0.158203,0.214099,2.15194,1.44065,1.49799,10,10610,8.13777,1.99472
1776902920748587449,2.45922,0.158203,0.221002,2.15293,1.39592,1.50434,10,10627,8.15081,1.84078
1776902920753561183,2.46074,0.158203,0.235565,1.99899,1.39592,1.50434,10,10636,8.15771,1.99413
1776902920758656604,2.46074,0.189453,0.242468,2.18359,1.71127,1.52835,10,10652,8.16998,1.99373
1776902920763588831,2.46242,0.189453,0.256416,2.18319,1.71127,1.52835,10,10662,8.17765,1.99453
1776902920768692550,2.46242,0.199219,0.264086,2.19375,1.43396,1.54074,10,10679,8.19069,1.99413
1776902920773586510,2.46242,0.199219,0.277124,2.19335,1.43396,1.54074,10,10689,8.19836,2.14725
1776902920778585878,2.46424,0.199219,0.286618,2.34646,1.6028,1.54815,10,10702,8.20833,1.99453
1776902920783552425,2.46424,0.25,0.296588,2.24453,1.6028,1.54815,10,10711,8.21523,1.38054
1776902920788592985,2.46763,0.25,0.306873,1.63054,1.56129,1.59083,10,10714,8.21754,0.767136
1776902920793532528,2.46763,1.19531,0.309174,1.96245,1.56129,1.59083,10,10716,8.21907,0.45996
1776902920798551788,2.47588,1.19531,-0.30936,1.65527,1.87096,2.1631,10,10719,8.22137,0.306892
1776902920803561768,2.47588,1.60742,-0.30706,1.91431,1.87096,2.1631,10,10723,8.22444,0.613717
1776902920808571749,2.48306,1.60742,-0.296812,2.22114,1.99406,2.42704,10,10732,8.23134,0.766792
1776902920813545612,2.48306,0.869141,-0.289908,1.63593,1.99406,2.42704,10,10741,8.23824,1.53439
1776902920818560445,2.50503,0.869141,-0.261031,2.40353,2.16778,2.09467,10,10754,8.24821,1.53358
1776902920823555016,2.50503,0.634766,-0.251061,2.16835,2.16778,2.09467,10,10766,8.25742,2.14705
1776902920828556940,2.5088,0.634766,-0.238084,2.78182,1.90356,1.9762,10,10782,8.26969,2.1481
1776902920833547824,2.5088,0.109375,-0.225812,2.25748,1.90356,1.9762,10,10796,8.28043,2.14791
1776902920838551100,2.5131,0.109375,-0.210776,2.25729,1.43907,1.69394,10,10813,8.29347,2.45389
1776902920843518332,2.5131,-0.1875,-0.197737,2.26639,1.43907,1.69394,10,10828,8.30497,2.45487
1776902920848540371,2.5131,-0.1875,-0.186232,2.26737,1.7468,1.52472,10,10845,8.31801,2.45339
1776902920853559260,2.51262,-0.1875,-0.17367,2.26589,1.7468,1.52472,10,10856,8.32645,2.45487
1776902920858556183,2.51262,-0.458984,-0.165234,1.99588,1.85901,1.36806,10,10874,8.34025,2.14767
1776902920863552958,2.50797,-0.458984,-0.156077,1.68869,1.85901,1.36806,10,10885,8.34869,2.30037
1776902920868548677,2.50797,-0.566406,-0.147641,1.73397,1.72883,1.28821,10,10905,8.36403,2.45536
1776902920873553119,2.50335,-0.566406,-0.136924,1.88895,1.72883,1.28821,10,10916,8.37247,2.30057
1776902920878544449,2.50335,-0.695312,-0.128487,1.60525,1.65358,1.19619,10,10932,8.38474,1.99413
1776902920883550706,2.49973,-0.695312,-0.119837,1.29882,1.65358,1.19619,10,10943,8.39318,2.14767
1776902920888577560,2.49973,-0.552734,-0.111399,1.59494,1.29995,1.26292,10,10961,8.40698,2.14748
1776902920893544404,2.49024,-0.552734,-0.10708,1.59475,1.29995,1.26292,10,10971,8.41465,2.1481
1776902920898538659,2.49024,-0.560547,-0.0994099,1.58756,1.06029,1.22029,10,10989,8.42846,2.14705
1776902920903556067,2.48702,-0.560547,-0.0888279,1.58651,1.06029,1.22029,10,11000,8.43689,2.1481
1776902920908575142,2.48702,-0.447266,-0.0803907,1.70084,1.19044,1.27187,10,11018,8.4507,2.30037
1776902920913558414,2.48003,-0.447266,-0.0735786,1.85311,1.19044,1.27187,10,11028,8.45837,2.14725
1776902920918554337,2.48003,-0.458984,-0.0659082,1.68826,1.04523,1.23695,10,11045,8.47141,2.14834
1776902920923551315,2.48003,-0.458984,-0.0528696,1.68936,1.04523,1.23695,10,11054,8.47831,1.99393
1776902920928545960,2.47717,-0.458984,-0.0488222,1.53494,1.36379,1.2254,10,11069,8.48982,1.99453
1776902920933555903,2.47717,-0.416016,-0.0373171,1.57852,1.36379,1.2254,10,11084,8.50132,1.99413
1776902920938546047,2.47104,-0.416016,-0.0319403,1.57812,1.2837,1.22507,10,11098,8.51206,2.14748
1776902920943519022,2.47104,-0.359375,-0.0212028,1.78811,1.2837,1.22507,10,11111,8.52203,1.99432
1776902920948588068,2.46489,-0.359375,-0.0173886,1.63495,1.30641,1.23236,10,11125,8.53277,2.14705
1776902920953588047,2.46489,-0.326172,-0.00665025,1.82088,1.30641,1.23236,10,11138,8.54274,1.99453
1776902920958584488,2.46306,-0.326172,0.001497,1.66836,1.21764,1.24388,10,11152,8.55348,2.14682
1776902920963576595,2.46306,-0.228516,0.0122354,1.9183,1.21764,1.24388,10,11164,8.56268,1.99453
1776902920968647864,2.45895,-0.228516,0.0173237,1.76602,1.26533,1.2828,10,11178,8.57342,1.99413
1776902920973591648,2.45895,-0.203125,0.0280611,1.79101,1.26533,1.2828,10,11189,8.58186,1.84115
1776902920978560251,2.45793,-0.203125,0.0354845,1.63803,1.1059,1.29315,10,11203,8.59259,1.99373
1776902920983549988,2.45793,-0.0800781,0.0462219,1.91366,1.1059,1.29315,10,11214,8.60103,1.84115
1776902920988550152,2.45587,-0.0800781,0.0525953,1.76107,1.36336,1.35487,10,11229,8.61254,1.99432
1776902920993530164,2.45587,-0.0917969,0.0641005,1.90253,1.36336,1.35487,10,11241,8.62174,2.14491
1776902920998555110,2.45587,-0.0917969,0.0733044,2.05311,1.20407,1.3482,10,11255,8.63248,1.99613
1776902921003553642,2.45527,-0.0917969,0.08344,1.90433,1.20407,1.3482,10,11264,8.63938,1.99393
1776902921008555023,2.45527,-0.0136719,0.0903427,1.98025,1.44011,1.39028,10,11281,8.65242,1.99493
1776902921013552293,2.45416,-0.0136719,0.102278,1.98126,1.44011,1.39028,10,11290,8.65932,1.99373
1776902921018583679,2.45416,0.0214844,0.109181,2.01522,1.3701,1.40581,10,11306,8.67159,1.84115
1776902921023554000,2.45416,0.0214844,0.121448,1.86263,1.3701,1.40581,10,11314,8.67773,1.84041
1776902921028560679,2.45416,0.113281,0.127584,1.9537,1.3989,1.45812,10,11330,8.69,1.84115
1776902921033546632,2.45491,0.113281,0.140609,1.95443,1.3989,1.45812,10,11338,8.69614,1.84041
1776902921038551884,2.45491,0.162109,0.146745,2.00252,1.5551,1.48902,10,11354,8.70841,1.84078
1776902921043521742,2.45636,0.162109,0.160469,2.00289,1.5551,1.48902,10,11362,8.71455,1.84115
1776902921048543201,2.45636,0.185547,0.166605,2.0267,1.42904,1.5083,10,11378,8.72682,1.84078
1776902921053550083,2.45811,0.185547,0.180621,2.02633,1.42904,1.5083,10,11387,8.73372,1.99254
1776902921058546686,2.45811,0.179688,0.187524,2.17223,1.55321,1.51206,10,11402,8.74522,1.84189
1776902921063582629,2.45999,0.179688,0.20091,2.02157,1.55321,1.51206,10,11412,8.75289,1.84078
1776902921068560655,2.45999,0.162109,0.208581,2.00289,1.42448,1.5097,10,11427,8.7644,1.99373
1776902921073575576,2.45999,0.162109,0.220086,2.15584,1.42448,1.5097,10,11436,8.7713,1.84152
1776902921078547600,2.46151,0.162109,0.228509,2.00363,1.52689,1.51589,10,11449,8.78127,1.84078
1776902921083550389,2.46151,0.228516,0.238479,2.0693,1.52689,1.51589,10,11462,8.79124,1.84041
1776902921088576516,2.46435,0.228516,0.251288,2.06893,1.53738,1.56528,10,11476,8.80198,1.84078
1776902921093533612,2.46435,0.236328,0.262026,2.07711,1.53738,1.56528,10,11488,8.81119,1.99135
1776902921098545051,2.46553,0.236328,0.272408,2.22767,1.57266,1.57452,10,11502,8.82192,1.99672
1776902921103551767,2.46553,0.277344,0.283145,2.27406,1.57266,1.57452,10,11513,8.83036,1.99453
1776902921108556778,2.46938,0.277344,0.29543,2.27188,1.61228,1.61352,10,11521,8.8365,1.53389
1776902921113701351,2.46938,0.263672,0.301566,1.79756,1.61228,1.61352,10,11525,8.83956,0.767098
1776902921118590195,2.47075,0.263672,0.306012,1.03077,1.69464,1.61131,10,11527,8.8411,0.460059
1776902921123560997,2.47075,1.38477,0.307546,1.84482,1.69464,1.61131,10,11531,8.84417,0.460427
1776902921128558748,2.48153,1.38477,-0.30693,1.84519,2.09749,2.29395,10,11536,8.848,0.613471
1776902921133559759,2.48153,1.55859,-0.303094,2.17207,2.09749,2.29395,10,11541,8.85184,0.766945
1776902921138548527,2.49699,1.55859,-0.283802,2.32554,1.79296,2.45535,10,11550,8.85874,1.07405
1776902921143520404,2.49699,0.728516,-0.276899,1.80257,1.79296,2.45535,10,11558,8.86487,1.38026
1776902921148543215,2.49699,0.728516,-0.270763,2.10878,1.88654,1.9822,10,11571,8.87485,1.53408
1776902921153548338,2.50837,0.728516,-0.249403,2.2626,1.88654,1.9822,10,11579,8.88098,1.84115
1776902921158546311,2.50837,0.189453,-0.243268,2.0306,1.91818,1.72065,10,11596,8.89402,1.84041
1776902921163548674,2.51605,0.189453,-0.222548,2.02987,1.91818,1.72065,10,11607,8.90246,2.30037
1776902921168548611,2.51605,0.113281,-0.214112,2.41366,1.7973,1.70798,10,11627,8.9178,2.45536
1776902921173546640,2.51681,0.113281,-0.198013,2.56864,1.7973,1.70798,10,11638,8.92623,2.30057
1776902921178557283,2.51681,-0.283203,-0.189576,2.01736,1.50055,1.48501,10,11657,8.94081,2.30103
1776902921183551348,2.51543,-0.283203,-0.176384,2.01782,1.50055,1.48501,10,11667,8.94848,2.14748
1776902921188641504,2.51543,-0.371094,-0.168714,1.77639,1.92073,1.42939,10,11686,8.96305,2.14767
1776902921193543480,2.51381,-0.371094,-0.155762,1.77658,1.92073,1.42939,10,11697,8.97149,2.45438
1776902921198551251,2.51381,-0.625,-0.147326,1.82938,1.61488,1.27818,10,11715,8.98529,2.30129
1776902921203637129,2.50748,-0.625,-0.139852,1.67629,1.61488,1.27818,10,11725,8.99296,2.14596
1776902921208601615,2.50748,-0.662109,-0.132182,1.48385,1.64821,1.23168,10,11744,9.00753,2.14877
1776902921213557359,2.50448,-0.662109,-0.120612,1.48666,1.64821,1.23168,10,11756,9.01674,2.45095
1776902921218560389,2.50448,-0.490234,-0.111408,1.96071,1.21194,1.31761,10,11775,9.03131,2.30379
1776902921223598592,2.50448,-0.490234,-0.0968346,1.81356,1.21194,1.31761,10,11785,9.03898,2.14791
1776902921228573061,2.49624,-0.490234,-0.0974059,1.65768,1.17865,1.2845,10,11800,9.05049,2.30103
1776902921233573868,2.49624,-0.341797,-0.0859008,1.95923,1.17865,1.2845,10,11816,9.06276,2.14725
1776902921238557858,2.48965,-0.341797,-0.0802121,1.80545,1.29296,1.3426,10,11832,9.07503,2.14791
1776902921243530234,2.48965,-0.400391,-0.0679402,1.74752,1.29296,1.3426,10,11844,9.08423,2.1481
1776902921248555157,2.48597,-0.400391,-0.0624203,1.74771,1.36206,1.29435,10,11860,9.09651,2.14705
1776902921253551964,2.48597,-0.439453,-0.0501485,1.7076,1.36206,1.29435,10,11873,9.10648,2.14791
1776902921258545122,2.48191,-0.439453,-0.0442357,1.70846,1.33694,1.2557,10,11888,9.11798,2.14767
1776902921263550708,2.48191,-0.435547,-0.0327306,1.71213,1.33694,1.2557,10,11901,9.12795,2.29735
1776902921268544773,2.47958,-0.435547,-0.0250945,1.8618,1.48632,1.24848,10,11916,9.13946,1.99653
1776902921273543654,2.47958,-0.388672,-0.0135894,1.60786,1.48632,1.24848,10,11928,9.14866,2.14748
1776902921278552852,2.47325,-0.388672,-0.0107093,1.75881,1.31193,1.24961,10,11941,9.15863,1.99472
1776902921283556363,2.47325,-0.347656,-0.000738603,1.64707,1.31193,1.24961,10,11953,9.16784,1.84115
1776902921288572988,2.47147,-0.347656,0.00667905,1.49349,1.27933,1.26575,10,11966,9.17781,1.84022
1776902921293541012,2.47147,-0.207031,0.0166497,1.63319,1.27933,1.26575,10,11976,9.18548,1.84078
1776902921298546357,2.47147,-0.207031,0.0243201,1.63375,1.35303,1.3459,10,11989,9.19545,1.84078
1776902921303582282,2.46712,-0.207031,0.0299458,1.63375,1.35303,1.3459,10,11998,9.20235,1.84041
1776902921308552547,2.46712,-0.126953,0.0368485,1.71346,1.14817,1.37392,10,12014,9.21462,1.84152
1776902921313553298,2.46462,-0.126953,0.0466227,1.71457,1.14817,1.37392,10,12023,9.22153,1.99393
1776902921318548549,2.46462,-0.162109,0.0535254,1.83182,1.40822,1.34374,10,12039,9.2338,1.84078
1776902921323552987,2.46325,-0.162109,0.0644193,1.67867,1.40822,1.34374,10,12048,9.2407,1.99413
1776902921328547571,2.46325,-0.164062,0.0713229,1.83007,1.19813,1.33702,10,12064,9.25297,1.84041
1776902921333543711,2.46247,-0.164062,0.0828137,1.67635,1.19813,1.33702,10,12072,9.25911,1.84115
1776902921338541166,2.46247,-0.0742188,0.0889497,1.76693,1.46126,1.38506,10,12087,9.27061,1.84078
1776902921343528063,2.46042,-0.0742188,0.0984063,1.76656,1.46126,1.38506,10,12095,9.27675,1.6869
1776902921348625183,2.46042,-0.0234375,0.104542,1.66347,1.32038,1.40568,10,12109,9.28749,1.68811
1776902921353578482,2.46022,-0.0234375,0.115088,1.66467,1.32038,1.40568,10,12118,9.29439,1.84041
1776902921358553267,2.46022,0.150391,0.121991,1.9908,1.42541,1.50397,10,12133,9.30589,1.68777
1776902921363548536,2.46116,0.150391,0.134435,1.83816,1.42541,1.50397,10,12141,9.31203,1.84078
1776902921368553826,2.46116,0.195312,0.140571,2.03609,1.46421,1.5334,10,12157,9.3243,1.84078
1776902921373546095,2.46116,0.195312,0.152843,2.03609,1.46421,1.5334,10,12165,9.33044,1.84078
1776902921378547717,2.46193,0.195312,0.159745,2.03609,1.36964,1.53651,10,12179,9.34118,1.99373
1776902921383546190,2.46193,0.164062,0.170482,2.1578,1.36964,1.53651,10,12193,9.35191,1.84115
1776902921388558407,2.46573,0.164062,0.185021,2.00521,1.57066,1.53415,10,12206,9.36189,1.99413
1776902921393519763,2.46573,0.132812,0.194993,2.12695,1.57066,1.53415,10,12218,9.37109,1.84078
1776902921398545723,2.46721,0.132812,0.205674,1.97359,1.50588,1.52234,10,12231,9.38106,1.99055
1776902921403573090,2.46721,0.169922,0.215644,2.16047,1.50588,1.52234,10,12244,9.39103,1.84336
1776902921408562470,2.4687,0.169922,0.227111,2.01328,1.66152,1.54956,10,12258,9.40177,2.1481
1776902921413549812,2.4687,0.251953,0.23785,2.40006,1.66152,1.54956,10,12270,9.41097,1.99413
1776902921418544377,2.47078,0.251953,0.249133,2.24609,1.45193,1.60475,10,12285,9.42248,1.99413
1776902921423545277,2.47078,0.324219,0.260637,2.31835,1.45193,1.60475,10,12297,9.43168,2.1481
1776902921428574516,2.4737,0.324219,0.272756,2.47232,1.66744,1.65776,10,12312,9.44319,1.99334
1776902921433552041,2.4737,0.341797,0.284261,2.33513,1.66744,1.65776,10,12322,9.45086,1.99453
1776902921438549515,2.4771,0.341797,0.295333,2.33633,1.63451,1.68156,10,12331,9.45776,1.68642
1776902921443517687,2.4771,0.515625,0.302237,2.20204,1.63451,1.68156,10,12334,9.46006,0.767559
1776902921448542831,2.4771,0.515625,0.304537,1.28318,1.84659,1.78064,10,12337,9.46236,0.460243
1776902921453551770,2.48055,0.515625,0.310292,0.975868,1.84659,1.78064,10,12340,9.46466,0.460243
1776902921458555652,2.48055,1.4375,0.312593,1.89774,2.12151,2.32008,10,12347,9.47003,0.766792
1776902921463558719,2.49687,1.4375,-0.294038,2.20429,2.12151,2.32008,10,12351,9.4731,0.766792
1776902921468550136,2.49687,0.980469,-0.29097,1.74726,1.94288,2.12536,10,12362,9.48153,1.22743
1776902921473553332,2.50974,0.980469,-0.269664,2.2079,1.94288,2.12536,10,12370,9.48767,1.53408
1776902921478595295,2.50974,0.679688,-0.263528,2.21377,1.87143,2.00557,10,12384,9.49841,1.68758
1776902921483573672,2.51748,0.679688,-0.245051,2.36727,1.87143,2.00557,10,12393,9.50531,1.84041
1776902921488597835,2.51748,0.289062,-0.238148,2.12948,1.67986,1.81388,10,12410,9.51835,1.99413
1776902921493543281,2.52176,0.289062,-0.220833,2.2832,1.67986,1.81388,10,12421,9.52679,2.14767
1776902921498549756,2.52176,-0.0234375,-0.212396,2.12424,1.65902,1.65283,10,12440,9.54136,2.30057
1776902921503550341,2.52281,-0.0234375,-0.196766,2.27713,1.65902,1.65283,10,12451,9.5498,2.30176
1776902921508559947,2.52281,-0.263672,-0.18833,2.03808,1.62427,1.52011,10,12468,9.56284,2.14767
1776902921513554642,2.52166,-0.263672,-0.176445,1.884,1.62427,1.52011,10,12478,9.57051,2.14663
1776902921518548522,2.52166,-0.435547,-0.168776,1.71108,1.85228,1.41753,10,12496,9.58431,1.99512
1776902921523543810,2.52166,-0.435547,-0.15497,1.55957,1.85228,1.41753,10,12507,9.59275,2.30083
1776902921528546673,2.51762,-0.435547,-0.150574,1.86529,1.58691,1.4014,10,12523,9.60502,2.30103
1776902921533583820,2.51762,-0.634766,-0.138302,1.66626,1.58691,1.4014,10,12538,9.61653,2.14705
1776902921538593018,2.51245,-0.634766,-0.131972,1.51229,1.68418,1.26715,10,12551,9.6265,2.1481
1776902921543543520,2.51245,-0.525391,-0.122,1.62271,1.68418,1.26715,10,12567,9.63877,2.14705
1776902921548544272,2.50265,-0.525391,-0.119524,1.62166,1.21499,1.29023,10,12581,9.64951,2.1481
1776902921553573362,2.50265,-0.535156,-0.108786,1.61295,1.21499,1.29023,10,12593,9.65871,1.99373
1776902921558551110,2.50021,-0.535156,-0.102024,1.45858,1.28405,1.27486,10,12607,9.66945,1.99413
1776902921563551991,2.50021,-0.447266,-0.0912869,1.54687,1.28405,1.27486,10,12623,9.68172,2.14725
1776902921568550372,2.49287,-0.447266,-0.0863545,1.69998,1.19738,1.29544,10,12636,9.69169,2.14748
1776902921573542252,2.49287,-0.480469,-0.0763838,1.66702,1.19738,1.29544,10,12649,9.70166,2.1481
1776902921578543541,2.49089,-0.480469,-0.0683949,1.66764,1.31575,1.26853,10,12662,9.71163,2.30129
1776902921583548719,2.49089,-0.568359,-0.0584233,1.73294,1.31575,1.26853,10,12679,9.72467,2.30057
1776902921588545396,2.4824,-0.568359,-0.0538714,1.73221,1.19259,1.18419,10,12695,9.73694,2.30103
1776902921593517532,2.4824,-0.599609,-0.0415995,1.70142,1.19259,1.18419,10,12708,9.74691,2.14748
1776902921598546326,2.4824,-0.599609,-0.0316288,1.54787,1.47349,1.16638,10,12722,9.75765,2.14725
1776902921603548281,2.47917,-0.599609,-0.0241215,1.54764,1.47349,1.16638,10,12733,9.76609,2.14791
1776902921608554775,2.47917,-0.492188,-0.0156843,1.65573,1.17986,1.21455,10,12750,9.77913,2.1481
1776902921613636114,2.46782,-0.492188,-0.0139906,1.65592,1.17986,1.21455,10,12760,9.7868,2.14748
1776902921618584172,2.46782,-0.361328,-0.00632117,1.78616,1.36807,1.24318,10,12778,9.8006,2.14725
1776902921623552881,2.46364,-0.361328,0.0033052,1.78592,1.36807,1.24318,10,12788,9.80827,1.99413
1776902921628638351,2.46364,-0.265625,0.0109766,1.72851,1.2211,1.28075,10,12805,9.82131,2.14748
1776902921633588650,2.46055,-0.265625,0.0209158,1.88186,1.2211,1.28075,10,12815,9.82898,1.99393
1776902921638639651,2.46055,-0.248047,0.0285862,1.74588,1.27297,1.27817,10,12832,9.84202,2.14748
1776902921643559185,2.45799,-0.248047,0.0390718,1.89944,1.27297,1.27817,10,12841,9.84892,1.99493
1776902921648549361,2.45799,-0.25,0.0459745,1.74493,1.31001,1.26667,10,12858,9.86196,1.99413
1776902921653549224,2.45691,-0.25,0.0579317,1.74413,1.31001,1.26667,10,12867,9.86887,1.99393
1776902921658545604,2.45691,-0.240234,0.0648344,1.75369,1.15576,1.26783,10,12884,9.8819,1.99413
1776902921663550042,2.4531,-0.240234,0.0740583,1.7539,1.15576,1.26783,10,12894,9.88957,1.99453
1776902921668554739,2.4531,-0.205078,0.0817278,1.78945,1.38113,1.27232,10,12909,9.90108,1.99413
1776902921673546971,2.4531,-0.205078,0.0932329,1.78905,1.38113,1.27232,10,12918,9.90798,1.84078
1776902921678574616,2.45213,-0.205078,0.0991647,1.6357,1.23907,1.26836,10,12931,9.91795,1.84078
1776902921683548937,2.45213,0.0390625,0.109135,1.87984,1.23907,1.26836,10,12944,9.92792,1.84078
1776902921688559431,2.45,0.0390625,0.116985,1.87984,1.49573,1.39886,10,12956,9.93713,1.68676
1776902921693529085,2.45,0.138672,0.126188,1.82543,1.49573,1.39886,10,12965,9.94403,1.68743
1776902921698580105,2.45102,0.138672,0.134108,1.8261,1.25264,1.45978,10,12975,9.9517,1.5342
1776902921703586765,2.45102,0.158203,0.141778,1.6924,1.25264,1.45978,10,12987,9.9609,1.68743
1776902921708559753,2.4525,0.158203,0.152458,1.84563,1.34035,1.47694,10,12999,9.97011,1.68777
1776902921713550169,2.4525,0.146484,0.161662,1.83425,1.34035,1.47694,10,13010,9.97855,1.84041
1776902921718556774,2.4541,0.146484,0.171706,1.9869,1.29333,1.47681,10,13021,9.98698,1.84115
1776902921723558470,2.4541,0.148438,0.180143,1.98959,1.29333,1.47681,10,13035,9.99695,1.84078
1776902921728549313,2.45548,0.148438,0.192261,1.98922,1.36665,1.48356,10,13048,10.0077,1.84078
1776902921733604704,2.45548,0.181641,0.202232,2.02242,1.36665,1.48356,10,13061,10.0177,1.84022
1776902921738575858,2.45704,0.181641,0.213759,2.02186,1.56508,1.50882,10,13072,10.0261,1.99432
1776902921743534436,2.45704,0.224609,0.222196,2.21893,1.56508,1.50882,10,13082,10.0338,1.68724
1776902921748553283,2.45704,0.224609,0.229867,1.91185,1.43642,1.53331,10,13095,10.0437,1.84078
1776902921753561073,2.45881,0.224609,0.24161,2.06539,1.43642,1.53331,10,13103,10.0499,1.68743
1776902921758578550,2.45881,0.296875,0.247746,1.98431,1.57938,1.58173,10,13118,10.0614,1.84115
1776902921763554946,2.46291,0.296875,0.263345,2.13803,1.57938,1.58173,10,13127,10.0683,1.84005
1776902921768543047,2.46291,0.289062,0.270248,2.12911,1.50595,1.59393,10,13143,10.0806,1.84115
1776902921773554171,2.46428,0.289062,0.28389,2.13021,1.50595,1.59393,10,13152,10.0875,1.99373
1776902921778551385,2.46428,0.242188,0.290793,2.23592,1.42652,1.57278,10,13163,10.0959,1.53439
1776902921783548062,2.46836,0.242188,0.303308,1.77657,1.42652,1.57278,10,13166,10.0982,1.07365
1776902921788543869,2.46836,0.394531,0.305609,1.46818,1.87376,1.67617,10,13169,10.1005,0.306954
1776902921793516116,2.46985,0.394531,0.309404,0.701485,1.87376,1.67617,10,13171,10.102,0.460151
1776902921798545002,2.46985,1.52148,0.31094,1.98164,1.99179,2.3246,10,13176,10.1059,0.45996
1776902921803552218,2.48498,1.52148,-0.298414,1.98144,1.99179,2.3246,10,13180,10.1089,0.767289
1776902921808554266,2.48498,1.49414,-0.295346,2.26143,1.8514,2.37024,10,13191,10.1174,1.22719
1776902921813548776,2.49238,1.49414,-0.27951,2.72133,1.8514,2.37024,10,13199,10.1235,1.38054
1776902921818554288,2.49238,0.679688,-0.273375,2.06023,1.99198,1.93583,10,13214,10.135,1.84078
1776902921823545260,2.49238,0.679688,-0.26187,2.52047,1.99198,1.93583,10,13224,10.1427,1.99453
1776902921828551365,2.50748,0.679688,-0.239099,2.67422,2.01937,1.9965,10,13241,10.1557,2.30057
1776902921833543115,2.50748,-0.0625,-0.226061,2.23807,2.01937,1.9965,10,13259,10.1695,2.30103
1776902921838541385,2.51114,-0.0625,-0.20859,2.23853,1.63069,1.58814,10,13280,10.1856,2.91501
1776902921843517688,2.51114,-0.294922,-0.192483,2.62009,1.63069,1.58814,10,13297,10.1987,2.91462
1776902921848543888,2.5106,-0.294922,-0.17999,2.6197,1.84902,1.45347,10,13311,10.2094,2.60721
1776902921853546400,2.5106,-0.664062,-0.169252,1.94314,1.84902,1.45347,10,13329,10.2232,2.45192
1776902921858552245,2.50237,-0.664062,-0.163679,1.78786,1.67981,1.21005,10,13346,10.2363,2.45634
1776902921863546218,2.50237,-0.699219,-0.15064,1.75712,1.67981,1.21005,10,13361,10.2478,2.45536
1776902921868588717,2.49897,-0.699219,-0.14253,1.75614,1.67207,1.17638,10,13375,10.2585,2.45339
1776902921873586765,2.49897,-0.884766,-0.131792,1.56863,1.67207,1.17638,10,13391,10.2708,2.29965
1776902921878558993,2.48725,-0.884766,-0.131245,1.41488,1.2958,1.02341,10,13403,10.28,2.14963
1776902921883550799,2.48725,-0.767578,-0.122041,1.38206,1.2958,1.02341,10,13420,10.293,2.30057
1776902921888573314,2.48459,-0.767578,-0.111659,1.53299,1.2558,1.07949,10,13436,10.3053,2.30057
1776902921893539060,2.48459,-0.515625,-0.0993872,1.78494,1.2558,1.07949,10,13449,10.3153,2.14791
1776902921898548424,2.47418,-0.515625,-0.0913915,1.47891,0.854048,1.2231,10,13467,10.3291,1.99453
1776902921903558196,2.47418,-0.457031,-0.0860224,1.5375,0.854048,1.2231,10,13479,10.3383,2.14767
1776902921908556743,2.46945,-0.457031,-0.081543,1.69064,1.10791,1.19524,10,13490,10.3467,2.14705
1776902921913558218,2.46945,-0.488281,-0.0731058,1.65877,1.10791,1.19524,10,13502,10.3559,1.84115
1776902921918588456,2.4647,-0.488281,-0.0686531,1.35287,1.02692,1.15814,10,13514,10.3651,2.14725
1776902921923573927,2.4647,-0.484375,-0.0594492,1.66287,1.02692,1.15814,10,13527,10.3751,2.14748
1776902921928553824,2.4631,-0.484375,-0.0510835,1.66311,1.2477,1.15384,10,13541,10.3858,1.99453
1776902921933553149,2.4631,-0.429688,-0.0403461,1.56484,1.2477,1.15384,10,13556,10.3973,1.99393
1776902921938549974,2.4553,-0.429688,-0.0366411,1.56424,1.07006,1.15327,10,13567,10.4058,1.99453
1776902921943530167,2.4553,-0.392578,-0.0282039,1.60195,1.07006,1.15327,10,13579,10.415,1.99413
1776902921948541828,2.45405,-0.392578,-0.0202522,1.60155,1.312,1.16931,10,13592,10.4242,1.84041
1776902921953555804,2.45405,-0.261719,-0.0102815,1.5787,1.312,1.16931,10,13605,10.4349,1.84078
1776902921958550611,2.44858,-0.261719,-0.00577162,1.57906,1.04856,1.22162,10,13615,10.4426,1.68777
1776902921963550492,2.44858,-0.226562,0.00189879,1.46121,1.04856,1.22162,10,13625,10.4502,1.68724
1776902921968583731,2.44759,-0.226562,0.0177765,1.61348,1.26955,1.24166,10,13643,10.4641,1.84005
1776902921973558052,2.44759,-0.226562,0.0177765,1.61348,1.26955,1.24166,10,13643,10.4641,1.84005
1776902921978548746,2.44437,-0.111328,0.0321942,1.73019,1.26577,1.30328,10,13666,10.4817,1.84152
1776902921983612954,2.44437,-0.0839844,0.0367956,1.75753,1.26577,1.30328,10,13676,10.4894,1.84078
1776902921988560141,2.44377,-0.0839844,0.04387,1.7568,1.11898,1.30325,10,13687,10.4978,1.84078
1776902921993524793,2.44377,-0.046875,0.0523072,1.79391,1.11898,1.30325,10,13697,10.5055,1.68676
1776902921998543233,2.44318,-0.046875,0.0593872,1.63988,1.41354,1.32199,10,13707,10.5131,1.68792
1776902922003550372,2.44318,-0.0136719,0.0670567,1.67424,1.41354,1.32199,10,13717,10.5208,1.84041
1776902922008556731,2.44307,-0.0136719,0.0746126,1.82674,1.28347,1.34044,10,13729,10.53,1.68777
1776902922013549199,2.44307,0.0839844,0.0838166,1.77175,1.28347,1.34044,10,13741,10.5392,1.68608
1776902922018549871,2.44357,0.0839844,0.0935259,1.77007,1.49234,1.39818,10,13750,10.5461,1.5345
1776902922023542469,2.44357,0.121094,0.100429,1.6556,1.49234,1.39818,10,13763,10.5561,1.68777
1776902922028558829,2.44387,0.121094,0.110693,1.80886,1.39003,1.42053,10,13775,10.5653,1.68743
1776902922033548611,2.44387,0.242188,0.119897,1.92962,1.39003,1.42053,10,13787,10.5745,1.68777
1776902922038546394,2.44387,0.242188,0.129101,1.92996,1.29276,1.48956,10,13797,10.5822,1.68657
1776902922043611986,2.44736,0.242188,0.140268,1.92875,1.29276,1.48956,10,13806,10.5891,1.84115
1776902922048581283,2.44736,0.244141,0.147171,2.08529,1.4322,1.50496,10,13821,10.6006,1.84041
1776902922053547727,2.45019,0.244141,0.161507,2.08455,1.4322,1.50496,10,13830,10.6075,1.84152
1776902922058625617,2.45019,0.228516,0.168409,2.07003,1.4302,1.50762,10,13845,10.619,1.84041
1776902922063575244,2.45266,0.228516,0.18238,2.06893,1.4302,1.50762,10,13854,10.6259,1.84115
1776902922068574120,2.45266,0.246094,0.189282,2.08724,1.46646,1.5277,10,13868,10.6366,1.68709
1776902922073550844,2.45511,0.246094,0.202473,1.93319,1.46646,1.5277,10,13877,10.6435,1.84041
1776902922078545997,2.45511,0.275391,0.209376,2.1158,1.52594,1.5544,10,13891,10.6543,1.68777
1776902922083559357,2.45768,0.275391,0.222685,1.96316,1.52594,1.5544,10,13899,10.6604,1.84078
1776902922088577144,2.45768,0.318359,0.228821,2.15914,1.49863,1.58937,10,13915,10.6727,1.68758
1776902922093548497,2.46063,0.318359,0.244036,2.00594,1.49863,1.58937,10,13924,10.6796,1.99393
1776902922098551892,2.46063,0.341797,0.250938,2.33572,1.61816,1.61471,10,13939,10.6911,1.84059
1776902922103557454,2.46396,0.341797,0.265775,2.18239,1.61816,1.61471,10,13948,10.698,1.99393
1776902922108551015,2.46396,0.310547,0.272677,2.30447,1.39971,1.61044,10,13965,10.711,1.84152
1776902922113551558,2.46396,0.310547,0.285716,2.15207,1.39971,1.61044,10,13974,10.7179,1.99334
1776902922118546878,2.46702,0.310547,0.295683,2.30388,1.65538,1.62288,10,13986,10.7271,1.99453
1776902922123548143,2.46702,0.357422,0.304887,2.35195,1.65538,1.62288,10,13989,10.7294,0.613594
1776902922128548964,2.47147,0.357422,0.311634,0.971016,1.77729,1.66764,10,13990,10.7302,0.306954
1776902922133545988,2.47147,0.695312,0.312401,1.00227,1.77729,1.66764,10,13990,10.7302,0
1776902922138549494,2.47287,0.695312,0.313804,0.695312,1.95773,1.86592,10,13994,10.7333,0.306702
1776902922143522662,2.47287,1.59766,-0.311447,1.90436,1.95773,1.86592,10,13998,10.7363,0.766792
1776902922148641633,2.49494,1.59766,-0.286307,2.36445,1.93567,2.46938,10,14005,10.7417,0.767443
1776902922153559532,2.49494,1.36133,-0.280939,2.12877,1.93567,2.46938,10,14016,10.7501,1.53389
1776902922158550981,2.49881,1.36133,-0.268632,2.89522,1.75525,2.35024,10,14029,10.7601,1.53377
1776902922163555192,2.49881,0.371094,-0.258661,1.90487,1.75525,2.35024,10,14043,10.7708,1.99413
1776902922168547215,2.51317,0.371094,-0.233568,2.36523,2.01024,1.84337,10,14056,10.7808,2.14705
1776902922173553851,2.51317,-0.160156,-0.223596,1.9869,2.01024,1.84337,10,14074,10.7946,2.30149
1776902922178556246,2.51395,-0.160156,-0.209003,2.14133,1.7513,1.54371,10,14088,10.8054,2.45438
1776902922183551677,2.51395,-0.267578,-0.198265,2.1868,1.7513,1.54371,10,14102,10.8161,2.30103
1776902922188549164,2.51271,-0.267578,-0.17957,2.0328,1.82012,1.48248,10,14121,10.8307,2.30037
1776902922193517035,2.51271,-0.591797,-0.174201,1.70858,1.82012,1.48248,10,14133,10.8399,2.14853
1776902922198552343,2.50613,-0.591797,-0.17157,1.55674,1.64793,1.26636,10,14147,10.8506,2.30011
1776902922203598857,2.50613,-0.654297,-0.160833,1.64581,1.64793,1.26636,10,14161,10.8614,2.30129
1776902922208577730,2.50295,-0.654297,-0.153282,1.647,1.62265,1.21795,10,14175,10.8721,2.45438
1776902922213551435,2.50295,-0.767578,-0.142544,1.6868,1.62265,1.21795,10,14189,10.8828,2.30149
1776902922218555442,2.49944,-0.767578,-0.135313,1.53391,1.31165,1.13929,10,14204,10.8943,2.30057
1776902922223550336,2.49944,-0.638672,-0.123808,1.66189,1.31165,1.13929,10,14220,10.9066,2.14748
1776902922228608796,2.48639,-0.638672,-0.124584,1.50881,1.21688,1.16023,10,14233,10.9166,2.14725
1776902922233612654,2.48639,-0.552734,-0.114613,1.59451,1.21688,1.16023,10,14245,10.9258,2.14748
1776902922238590656,2.48493,-0.552734,-0.106874,1.59475,0.98004,1.2033,10,14259,10.9365,1.99413
1776902922243542951,2.48493,-0.478516,-0.0961377,1.51562,0.98004,1.2033,10,14275,10.9488,2.14853
1776902922248558329,2.47608,-0.478516,-0.0927083,1.67002,1.24966,1.20986,10,14287,10.958,2.14705
1776902922253549167,2.47608,-0.527344,-0.0735338,1.62033,1.24966,1.20986,10,14307,10.9733,2.14767
1776902922258557230,2.47472,-0.527344,-0.0695274,1.62033,0.997969,1.17651,10,14319,10.9825,2.30083
1776902922263553068,2.47472,-0.505859,-0.0603235,1.79498,0.997969,1.17651,10,14333,10.9933,2.14767
1776902922268546962,2.46716,-0.505859,-0.0571496,1.64182,1.14454,1.15808,10,14345,11.0025,2.30103
1776902922273549746,2.46716,-0.480469,-0.0479467,1.82056,1.14454,1.15808,10,14358,11.0124,2.14705
1776902922278551808,2.46464,-0.480469,-0.0404908,1.66659,1.13394,1.16234,10,14372,11.0232,1.99493
1776902922283547332,2.46464,-0.337891,-0.0297534,1.65704,1.13394,1.16234,10,14387,11.0347,1.99413
1776902922288558858,2.45742,-0.337891,-0.0254705,1.65624,1.25707,1.21423,10,14398,11.0431,1.99432
1776902922293538342,2.45742,-0.306641,-0.0170333,1.68768,1.25707,1.21423,10,14412,11.0539,1.99413
1776902922298542200,2.45667,-0.306641,-0.00703881,1.68749,1.10688,1.22901,10,14423,11.0623,1.84078
1776902922303547281,2.45667,-0.205078,0.00139837,1.6357,1.10688,1.22901,10,14436,11.0723,1.84078
1776902922308548621,2.45213,-0.205078,0.00682668,1.6357,1.28374,1.26839,10,14446,11.0799,1.84041
1776902922313549238,2.45213,-0.175781,0.0144961,1.66463,1.28374,1.26839,10,14459,11.0899,1.83968
1776902922318548910,2.45163,-0.175781,0.0239623,1.6639,1.27262,1.28302,10,14469,11.0976,1.68844
1776902922323552213,2.45163,-0.0996094,0.0316317,1.58884,1.27262,1.28302,10,14482,11.1076,1.68724
1776902922328548830,2.44999,-0.0996094,0.0468677,1.58748,1.16151,1.32644,10,14496,11.1183,1.68709
1776902922333552447,2.44999,-0.0996094,0.0468677,1.58748,1.16151,1.32644,10,14496,11.1183,1.68709
1776902922338543415,2.44915,0.015625,0.0621312,1.70306,1.34981,1.38544,10,14516,11.1336,1.68743
1776902922343557034,2.44915,0.0996094,0.0651992,1.78704,1.34981,1.38544,10,14526,11.1413,1.53408
1776902922348594583,2.44969,0.0996094,0.0734113,1.63369,1.2217,1.43208,10,14535,11.1482,1.68758
1776902922353585180,2.44969,0.134766,0.0803149,1.82234,1.2217,1.43208,10,14544,11.1551,1.53377
1776902922358547717,2.45017,0.134766,0.0876983,1.66854,1.52389,1.45408,10,14554,11.1628,1.53358
1776902922363546574,2.45017,0.193359,0.0953677,1.72694,1.52389,1.45408,10,14565,11.1712,1.68777
1776902922368551877,2.45184,0.193359,0.105471,1.88113,1.50429,1.49428,10,14574,11.1781,1.53408
1776902922373546994,2.45184,0.230469,0.112374,1.76455,1.50429,1.49428,10,14585,11.1866,1.53389
1776902922378610677,2.45397,0.230469,0.122947,1.76436,1.30912,1.52415,10,14595,11.1942,1.5342
1776902922383577436,2.45397,0.259766,0.130616,1.79396,1.30912,1.52415,10,14606,11.2027,1.68709
1776902922388556476,2.45647,0.259766,0.141551,1.94686,1.57566,1.55103,10,14615,11.2096,1.53439
1776902922393558945,2.45647,0.244141,0.148454,1.77853,1.57566,1.55103,10,14627,11.2188,1.53389
1776902922398549412,2.45883,0.244141,0.16615,1.93157,1.50543,1.54212,10,14640,11.2287,1.68743
1776902922403547103,2.45883,0.269531,0.169986,1.95696,1.50543,1.54212,10,14649,11.2356,1.53358
1776902922408587097,2.46271,0.269531,0.180771,1.80311,1.50917,1.58199,10,14659,11.2433,1.53408
1776902922413549208,2.46271,0.298828,0.188441,1.83291,1.50917,1.58199,10,14669,11.251,1.68777
1776902922418550807,2.46396,0.298828,0.197366,1.9866,1.54256,1.60379,10,14679,11.2587,1.6869
1776902922423548960,2.4671,0.328125,0.215842,2.01522,1.54256,1.60379,10,14694,11.2702,1.68709
1776902922428581064,2.4671,0.355469,0.219676,2.04256,1.56034,1.64881,10,14704,11.2778,1.84115
1776902922433581385,2.46878,0.355469,0.229027,2.19662,1.56034,1.64881,10,14712,11.284,1.84115
1776902922438550478,2.46878,0.371094,0.235163,2.21224,1.68898,1.66454,10,14728,11.2962,1.83968
1776902922443520775,2.47266,0.371094,0.251318,2.21077,1.68898,1.66454,10,14736,11.3024,1.84152
1776902922448547693,2.47266,0.322266,0.257454,2.16378,1.56509,1.65245,10,14752,11.3146,1.84115
1776902922453558368,2.47611,0.322266,0.273171,2.16342,1.56509,1.65245,10,14761,11.3215,1.99174
1776902922458556855,2.47611,0.257812,0.280074,2.24956,1.67415,1.62967,10,14778,11.3346,1.84226
1776902922463559861,2.47611,0.257812,0.293113,2.10007,1.67415,1.62967,10,14788,11.3423,2.14853
1776902922468662774,2.47878,0.257812,0.30345,2.40635,1.61588,1.64046,10,14794,11.3469,1.22719
1776902922473600435,2.47878,0.583984,0.308052,1.81117,1.61588,1.64046,10,14796,11.3484,0.306702
1776902922478593533,2.48326,0.583984,0.314068,0.890686,1.8734,1.84449,10,14797,11.3492,0.306892
1776902922483758752,2.48326,1.62305,-0.313483,1.92994,1.8734,1.84449,10,14799,11.3507,0
1776902922488630940,2.50103,1.62305,-0.294172,1.62305,2.22085,2.50836,10,14804,11.3545,0.613281
1776902922493580771,2.50103,1.5,-0.290338,2.11328,2.22085,2.50836,10,14814,11.3622,1.53408
1776902922498561273,2.50923,1.5,-0.274476,3.03408,1.92791,2.47107,10,14822,11.3683,1.22694
1776902922503560390,2.50923,0.564453,-0.268341,1.7914,1.92791,2.47107,10,14837,11.3798,1.68743
1776902922508556951,2.51853,0.564453,-0.247535,2.25188,2.13554,1.97502,10,14848,11.3883,2.14791
1776902922513559383,2.51853,0.0605469,-0.239098,2.20846,2.13554,1.97502,10,14864,11.4005,2.1481
1776902922518552721,2.52256,0.0605469,-0.222787,2.20865,2.01949,1.70392,10,14879,11.4121,2.45339
1776902922523577768,2.52256,-0.138672,-0.211282,2.31472,2.01949,1.70392,10,14898,11.4266,2.60877
1776902922528562049,2.52195,-0.138672,-0.197323,2.4701,1.84703,1.58791,10,14913,11.4381,2.60721
1776902922533596820,2.52195,-0.357422,-0.185819,2.24978,1.84703,1.58791,10,14930,11.4512,2.45438
1776902922538575545,2.51891,-0.357422,-0.165849,1.9436,1.49566,1.46322,10,14951,11.4673,2.30103
1776902922543525098,2.51891,-0.53125,-0.159713,1.76978,1.49566,1.46322,10,14965,11.478,2.45438
1776902922548548571,2.51434,-0.53125,-0.153547,1.92313,1.86325,1.33373,10,14980,11.4895,2.45438
1776902922553549169,2.51434,-0.820312,-0.142042,1.63406,1.86325,1.33373,10,14994,11.5003,2.60721
1776902922558552879,2.50479,-0.820312,-0.140851,1.78689,1.67883,1.13073,10,15007,11.5102,2.29965
1776902922563546718,2.50479,-0.685547,-0.13088,1.6141,1.67883,1.13073,10,15023,11.5225,2.1492
1776902922568553039,2.50064,-0.685547,-0.122759,1.46366,1.4743,1.19088,10,15035,11.5317,2.14791
1776902922573547193,2.50064,-0.667969,-0.113555,1.47994,1.4743,1.19088,10,15052,11.5447,2.14767
1776902922578562238,2.49406,-0.667969,-0.107101,1.47971,1.00311,1.17443,10,15063,11.5532,2.14748
1776902922583552446,2.49406,-0.503906,-0.0986647,1.64358,1.00311,1.17443,10,15079,11.5654,2.14767
1776902922588552081,2.48526,-0.503906,-0.0951895,1.64377,1.22583,1.23248,10,15092,11.5754,2.30057
1776902922593542826,2.48526,-0.578125,-0.0852179,1.72244,1.22583,1.23248,10,15108,11.5877,2.14791
1776902922598592063,2.48239,-0.578125,-0.0758185,1.56979,1.17594,1.17858,10,15120,11.5969,2.14725
1776902922603585697,2.48239,-0.527344,-0.0666155,1.6199,1.17594,1.17858,10,15135,11.6084,2.14748
1776902922608575183,2.47422,-0.527344,-0.0540785,1.46719,1.38535,1.20752,10,15153,11.6222,1.99453
1776902922613549110,2.47422,-0.480469,-0.0494761,1.51406,1.38535,1.20752,10,15163,11.6299,1.99413
1776902922618547209,2.46854,-0.480469,-0.047481,1.51366,1.17295,1.17818,10,15175,11.6391,1.84041
1776902922623543899,2.46854,-0.380859,-0.0382761,1.45955,1.17295,1.17818,10,15186,11.6475,1.99393
1776902922628546628,2.46463,-0.380859,-0.03375,1.61307,1.28237,1.21908,10,15198,11.6567,1.99453
1776902922633546948,2.46463,-0.339844,-0.0245461,1.65469,1.28237,1.21908,10,15212,11.6675,1.84041
1776902922638549177,2.46298,-0.339844,-0.0154623,1.50057,1.0661,1.23574,10,15223,11.6759,1.99493
1776902922643534810,2.46298,-0.253906,-0.00702516,1.74102,1.0661,1.23574,10,15237,11.6866,1.99413
1776902922648555745,2.45845,-0.253906,-0.000813884,1.74023,1.39513,1.26631,10,15247,11.6943,1.83821
1776902922653560141,2.45845,-0.220703,0.0068565,1.61751,1.39513,1.26631,10,15260,11.7043,1.84336
1776902922658549515,2.45733,-0.220703,0.0157056,1.62266,1.19045,1.28067,10,15271,11.7127,1.68743
1776902922663643667,2.45733,-0.166016,0.0241428,1.52142,1.19045,1.28067,10,15284,11.7227,1.84041
1776902922668597184,2.45543,-0.166016,0.0322176,1.6744,1.2234,1.30412,10,15295,11.7311,1.84115
1776902922673561887,2.45543,-0.146484,0.0406547,1.69467,1.2234,1.30412,10,15309,11.7419,1.84078
1776902922678548335,2.4538,-0.146484,0.0581957,1.84765,1.1997,1.31525,10,15326,11.7541,1.99413
1776902922683546100,2.4538,-0.0917969,0.0627981,1.90234,1.1997,1.31525,10,15337,11.7633,1.99413
1776902922688576833,2.45252,-0.0917969,0.0699564,1.90234,1.26117,1.33455,10,15348,11.7718,1.99393
1776902922693553817,2.45252,0.0351562,0.0783926,2.02908,1.26117,1.33455,10,15359,11.7802,1.84022
1776902922698560342,2.452,0.0351562,0.08631,1.87538,1.40474,1.40479,10,15370,11.7886,1.84152
1776902922703578685,2.452,0.0703125,0.0947462,1.91183,1.40474,1.40479,10,15383,11.7986,1.84078
1776902922708554205,2.45225,0.0703125,0.104964,1.91109,1.2731,1.42583,10,15395,11.8078,1.84078
1776902922713546024,2.45225,0.175781,0.114167,2.01656,1.2731,1.42583,10,15406,11.8163,1.68709
1776902922718549420,2.45423,0.175781,0.124586,1.86288,1.543,1.49403,10,15416,11.8239,1.68777
1776902922723550648,2.45423,0.195312,0.132256,1.88308,1.543,1.49403,10,15429,11.8339,1.84041
1776902922728552765,2.4551,0.195312,0.143095,2.03573,1.53296,1.5087,10,15441,11.8431,1.84115
1776902922733546252,2.4551,0.15625,0.152299,1.9974,1.53296,1.5087,10,15455,11.8538,1.68709
1776902922738603471,2.4577,0.15625,0.165638,1.84334,1.45649,1.49703,10,15466,11.8623,1.99413
1776902922743541744,2.4577,0.152344,0.174074,2.14648,1.45649,1.49703,10,15477,11.8707,1.84115
1776902922748577460,2.4577,0.152344,0.182511,1.99349,1.54878,1.4948,10,15490,11.8807,1.84078
1776902922753559907,2.45843,0.152344,0.193215,1.99313,1.54878,1.4948,10,15499,11.8876,1.84005
1776902922758581528,2.45843,0.234375,0.200118,2.07442,1.31745,1.54455,10,15513,11.8983,1.84152
1776902922763556455,2.46216,0.234375,0.214587,2.07589,1.31745,1.54455,10,15522,11.9052,1.83858
1776902922768552424,2.46216,0.259766,0.221489,2.09834,1.58743,1.5742,10,15536,11.916,1.68859
1776902922773583027,2.46345,0.259766,0.233517,1.94836,1.58743,1.5742,10,15545,11.9229,1.68743
1776902922778581162,2.46345,0.314453,0.24042,2.00188,1.478,1.61061,10,15560,11.9344,1.84115
1776902922783553497,2.46789,0.314453,0.256364,2.1556,1.478,1.61061,10,15569,11.9413,1.84078
1776902922788546502,2.46789,0.304688,0.263267,2.14547,1.58284,1.62308,10,15586,11.9543,1.99413
1776902922793518540,2.46936,0.304688,0.277771,2.29882,1.58284,1.62308,10,15595,11.9612,2.1481
1776902922798547291,2.46936,0.242188,0.284673,2.39029,1.62022,1.5934,10,15611,11.9735,1.84078
1776902922803556336,2.47351,0.242188,0.301096,2.08297,1.62022,1.5934,10,15616,11.9773,1.53389
1776902922808562491,2.47351,0.275391,0.304932,1.80928,1.51331,1.62916,10,15620,11.9804,0.613471
1776902922813576092,2.4748,0.275391,0.309294,0.888862,1.51331,1.62916,10,15621,11.9812,0.306892
1776902922818594545,2.4748,1.59375,0.310062,1.90064,2.15567,2.38587,10,15625,11.9842,0.306702
1776902922823612962,2.48841,1.59375,-0.300044,2.05409,2.15567,2.38587,10,15629,11.9873,0.460335
1776902922828599891,2.48841,1.50391,-0.29851,1.96424,2.16404,2.38966,10,15634,11.9911,0.766945
1776902922833556890,2.50481,1.50391,-0.278274,2.27085,2.16404,2.38966,10,15641,11.9965,1.22719
1776902922838551673,2.50481,0.820312,-0.272905,2.0475,2.2518,2.06597,10,15650,12.0034,1.22498
1776902922843528971,2.51046,0.820312,-0.260354,2.0453,2.2518,2.06597,10,15659,12.0103,1.38303
1776902922848547684,2.51046,0.507812,-0.253451,1.89084,1.91834,1.91048,10,15671,12.0195,1.68676
1776902922853557210,2.51698,0.507812,-0.237729,2.19457,1.91834,1.91048,10,15682,12.0279,1.5345
1776902922858553993,2.51698,0.0449219,-0.229292,1.57943,1.50529,1.67271,10,15699,12.041,2.14682
1776902922863559852,2.51894,0.0449219,-0.214299,2.19174,1.50529,1.67271,10,15712,12.051,2.76163
1776902922868574694,2.51894,-0.169922,-0.204328,2.59171,1.75063,1.55806,10,15729,12.064,1.99393
1776902922873554400,2.51846,-0.169922,-0.191768,1.824,1.75063,1.55806,10,15742,12.074,2.30083
1776902922878555572,2.51846,-0.292969,-0.181796,2.00787,1.84888,1.48601,10,15757,12.0855,1.99472
1776902922883575193,2.51634,-0.292969,-0.172409,1.70175,1.84888,1.48601,10,15768,12.0939,2.30083
1776902922888579625,2.51634,-0.455078,-0.163972,1.84576,1.75066,1.38515,10,15787,12.1085,2.30103
1776902922893543755,2.51634,-0.455078,-0.149399,1.84595,1.75066,1.38515,10,15800,12.1184,2.14791
1776902922898639555,2.5127,-0.455078,-0.143066,1.69284,1.62272,1.3706,10,15817,12.1315,2.45339
1776902922903607518,2.5127,-0.564453,-0.130027,1.88894,1.62272,1.3706,10,15831,12.1422,2.30195
1776902922908585835,2.50068,-0.564453,-0.131309,1.73749,1.49164,1.26007,10,15845,12.153,2.45438
1776902922913777930,2.50068,-0.583984,-0.120571,1.87039,1.49164,1.26007,10,15861,12.1652,2.14767
1776902922918604609,2.495,-0.583984,-0.113983,1.56369,1.11661,1.22608,10,15877,12.1775,2.30083
1776902922923583278,2.495,-0.476562,-0.101711,1.82427,1.11661,1.22608,10,15891,12.1882,2.30103
1776902922928555613,2.49227,-0.476562,-0.0937053,1.82446,1.11938,1.27631,10,15908,12.2013,2.30057
1776902922933556286,2.49227,-0.537109,-0.0806667,1.76346,1.11938,1.27631,10,15921,12.2113,2.30129
1776902922938553958,2.48458,-0.537109,-0.0783874,1.76419,1.16473,1.21079,10,15937,12.2235,2.30103
1776902922943539220,2.48458,-0.523438,-0.0661155,1.77759,1.16473,1.21079,10,15951,12.2343,2.30057
1776902922948550191,2.48196,-0.523438,-0.0579979,1.77713,1.30348,1.208,10,15967,12.2465,2.29919
1776902922953584332,2.48196,-0.580078,-0.045726,1.71911,1.30348,1.208,10,15981,12.2573,2.30268
1776902922958551240,2.47334,-0.580078,-0.0435974,1.7226,1.27428,1.14088,10,15996,12.2688,2.1481
1776902922963587048,2.47334,-0.542969,-0.0320923,1.60514,1.27428,1.14088,10,16009,12.2787,2.30037
1776902922968559142,2.47334,-0.542969,-0.0221225,1.75741,1.28836,1.16203,10,16024,12.2903,2.14725
1776902922973556537,2.4706,-0.542969,-0.0133602,1.60428,1.28836,1.16203,10,16036,12.2995,1.99453
1776902922978571767,2.4706,-0.423828,-0.00415627,1.5707,1.0812,1.21882,10,16050,12.3102,1.99453
1776902922983552788,2.46311,-0.423828,-0.000907106,1.5707,1.0812,1.21882,10,16058,12.3163,1.84041
1776902922988605692,2.46311,-0.238281,0.00522883,1.60213,1.249,1.29418,10,16073,12.3278,1.68777
1776902922993544799,2.45815,-0.238281,0.0117701,1.44949,1.249,1.29418,10,16082,12.3347,1.99413
1776902922998549713,2.45815,-0.201172,0.0186728,1.79296,1.19452,1.29514,10,16098,12.347,1.84005
1776902923003552735,2.45696,-0.201172,0.0297602,1.63887,1.19452,1.29514,10,16108,12.3547,1.99472
1776902923008551977,2.45696,-0.216797,0.0374296,1.77793,1.35298,1.28141,10,16124,12.367,1.99453
1776902923013550477,2.45399,-0.216797,0.0467232,1.77773,1.35298,1.28141,10,16133,12.3739,1.99334
1776902923018543607,2.45399,-0.226562,0.0536259,1.76677,1.02155,1.2637,10,16149,12.3861,1.84115
1776902923023542459,2.4528,-0.226562,0.0647076,1.61459,1.02155,1.2637,10,16157,12.3923,1.84115
1776902923028553444,2.4528,-0.150391,0.0708435,1.69076,1.32921,1.30227,10,16172,12.4038,1.68743
1776902923033562039,2.45,-0.150391,0.0795544,1.53704,1.32921,1.30227,10,16180,12.4099,1.83894
1776902923038608529,2.45,-0.103516,0.0856903,1.73543,1.23692,1.31758,10,16193,12.4199,1.53512
1776902923043557058,2.44926,-0.103516,0.101054,1.58358,1.23692,1.31758,10,16206,12.4298,1.68709
1776902923048557911,2.44926,0.0761719,0.10489,1.76327,1.30988,1.41697,10,16217,12.4383,1.68575
1776902923053556523,2.44919,0.0761719,0.113259,1.76192,1.30988,1.41697,10,16225,12.4444,1.53573
1776902923058576620,2.44919,0.138672,0.119395,1.6744,1.42195,1.45232,10,16237,12.4536,1.68743
1776902923063578028,2.44967,0.138672,0.129077,1.8261,1.42195,1.45232,10,16245,12.4598,1.84041
1776902923068554414,2.44967,0.154297,0.135213,1.99471,1.33892,1.46318,10,16260,12.4713,1.68792
1776902923073558397,2.45207,0.154297,0.149113,1.84221,1.33892,1.46318,10,16268,12.4774,1.84041
1776902923078553064,2.45207,0.132812,0.155249,1.97323,1.51601,1.46071,10,16283,12.4889,1.84115
1776902923083573754,2.45288,0.132812,0.16757,1.97396,1.51601,1.46071,10,16292,12.4958,1.68709
1776902923088582571,2.45288,0.130859,0.174473,1.81795,1.4201,1.46293,10,16307,12.5073,1.84078
1776902923093598093,2.45465,0.130859,0.187741,1.97164,1.4201,1.46293,10,16315,12.5134,1.84078
1776902923098573423,2.45465,0.160156,0.193877,2.00094,1.52456,1.48682,10,16330,12.525,1.84041
1776902923103588167,2.45541,0.160156,0.206147,2.00057,1.52456,1.48682,10,16340,12.5326,1.84115
1776902923108559682,2.45541,0.271484,0.213817,2.11263,1.58903,1.55339,10,16355,12.5441,1.84115
1776902923113552274,2.4584,0.271484,0.235978,2.26522,1.58903,1.55339,10,16371,12.5564,1.99373
1776902923118619398,2.4584,0.328125,0.240579,2.32186,1.4208,1.59784,10,16385,12.5671,2.14596
1776902923123600896,2.46137,0.328125,0.254294,2.47408,1.4208,1.59784,10,16395,12.5748,1.99613
1776902923128581375,2.46137,0.341797,0.261964,2.33793,1.75753,1.61774,10,16409,12.5855,2.14405
1776902923133560428,2.46323,0.341797,0.274557,2.48585,1.75753,1.61774,10,16419,12.5932,1.99752
1776902923138558465,2.46323,0.294922,0.282226,2.29244,1.36676,1.59857,10,16435,12.6055,1.99373
1776902923143548483,2.46659,0.294922,0.297856,2.28866,1.36676,1.59857,10,16445,12.6132,1.84078
1776902923148554115,2.46659,0.255859,0.305527,2.09664,1.7908,1.58995,10,16447,12.6147,0.92048
1776902923153551652,2.46926,0.255859,0.309734,1.17634,1.7908,1.58995,10,16449,12.6162,0.153351
1776902923158557432,2.46926,0.958984,0.311269,1.11234,1.93092,2.00158,10,16452,12.6185,0.460243
1776902923163550080,2.47468,0.958984,-0.309326,1.41923,1.93092,2.00158,10,16455,12.6208,0.460151
1776902923168555433,2.47468,1.5,-0.307025,1.96015,2.02412,2.33194,10,16463,12.627,0.767098
1776902923173550508,2.49502,1.5,-0.280553,2.2671,2.02412,2.33194,10,16469,12.6316,1.22719
1776902923178556195,2.49502,1.05469,-0.27595,2.28188,1.90752,2.16021,10,16483,12.6423,1.53377
1776902923183590405,2.50224,1.05469,-0.25109,3.04842,1.90752,2.16021,10,16499,12.6546,1.99373
1776902923188672939,2.50224,0.167969,-0.245721,2.1617,1.93956,1.6838,10,16513,12.6653,1.99413
1776902923193560846,2.51113,0.167969,-0.22609,2.1621,1.93956,1.6838,10,16525,12.6745,2.30195
1776902923198584444,2.51113,-0.132812,-0.216887,2.16913,1.76462,1.548,10,16541,12.6868,2.45339
1776902923203590020,2.51132,-0.132812,-0.204427,2.32058,1.76462,1.548,10,16551,12.6945,2.30195
1776902923208587928,2.51132,-0.339844,-0.196757,1.9621,1.48283,1.43075,10,16569,12.7083,1.99373
1776902923213552756,2.50903,-0.339844,-0.185242,1.65389,1.48283,1.43075,10,16578,12.7152,2.14748
1776902923218550460,2.50903,-0.404297,-0.178338,1.74319,1.61629,1.38484,10,16597,12.7297,1.99453
1776902923223548813,2.50691,-0.404297,-0.165883,1.59023,1.61629,1.38484,10,16608,12.7382,2.45389
1776902923228543220,2.50691,-0.476562,-0.157445,1.97732,1.77598,1.33517,10,16628,12.7535,2.45487
1776902923233585451,2.5026,-0.476562,-0.146415,1.9783,1.77598,1.33517,10,16638,12.7612,2.14682
1776902923238614883,2.5026,-0.621094,-0.138744,1.52572,1.45275,1.2355,10,16655,12.7742,2.14791
1776902923243585027,2.49285,-0.621094,-0.135456,1.52682,1.45275,1.2355,10,16666,12.7827,2.14767
1776902923248558782,2.49285,-0.501953,-0.12702,1.64572,1.36462,1.26421,10,16680,12.7934,2.14748
1776902923253606236,2.49285,-0.501953,-0.116281,1.64553,1.36462,1.26421,10,16692,12.8026,1.99373
1776902923258580177,2.48963,-0.501953,-0.110297,1.49178,1.25266,1.25124,10,16705,12.8126,1.84078
1776902923263552451,2.48963,-0.365234,-0.100326,1.47555,1.25266,1.25124,10,16720,12.8241,1.99432
1776902923268561509,2.48027,-0.365234,-0.0981855,1.62909,1.09823,1.29136,10,16735,12.8356,2.1462
1776902923273595868,2.48027,-0.478516,-0.0866803,1.66768,1.09823,1.29136,10,16748,12.8456,1.99613
1776902923278554973,2.47781,-0.478516,-0.0791673,1.51761,1.3112,1.21685,10,16764,12.8578,2.30057
1776902923283553214,2.47781,-0.527344,-0.0668954,1.77322,1.3112,1.21685,10,16777,12.8678,2.14767
1776902923288551511,2.4727,-0.527344,-0.0620403,1.62033,1.22332,1.16831,10,16792,12.8793,2.30129
1776902923293521303,2.4727,-0.542969,-0.0505351,1.75833,1.22332,1.16831,10,16805,12.8893,2.14725
1776902923298552402,2.46472,-0.542969,-0.048541,1.60428,1.2184,1.12704,10,16819,12.9,1.99453
1776902923303557830,2.46472,-0.5,-0.0378026,1.49453,1.2184,1.12704,10,16831,12.9092,1.99413
1776902923308554367,2.46215,-0.5,-0.031165,1.49413,1.28401,1.1411,10,16846,12.9207,1.99413
1776902923313550312,2.46215,-0.306641,-0.0196599,1.68749,1.28401,1.1411,10,16858,12.9299,1.99432
1776902923318549813,2.45585,-0.306641,-0.0167588,1.68768,1.30624,1.22566,10,16871,12.9399,1.99413
1776902923323544239,2.45585,-0.234375,-0.00678722,1.75976,1.30624,1.22566,10,16883,12.9491,1.99373
1776902923328689653,2.45585,-0.234375,0.00241575,1.75936,1.03393,1.26685,10,16897,12.9598,1.99373
1776902923333607825,2.45459,-0.234375,0.0118962,1.75936,1.03393,1.26685,10,16906,12.9667,1.99493
1776902923338573802,2.45459,-0.107422,0.0187989,1.88751,1.31731,1.33409,10,16923,12.9798,1.99432
1776902923343527517,2.45208,-0.107422,0.0293218,1.8869,1.31731,1.33409,10,16932,12.9867,1.84078
1776902923348601290,2.45208,-0.126953,0.0362245,1.71383,1.21303,1.3127,10,16947,12.9982,1.99373
1776902923353579232,2.45132,-0.126953,0.0469724,1.86678,1.21303,1.3127,10,16956,13.0051,1.84115
1776902923358776303,2.45132,-0.0859375,0.0538751,1.75521,1.40835,1.33299,10,16972,13.0174,1.84041
1776902923363595681,2.4497,-0.0859375,0.0645305,1.75448,1.40835,1.33299,10,16981,13.0243,1.99413
1776902923368559064,2.4497,-0.0644531,0.0714341,1.92968,1.37737,1.33863,10,16997,13.0365,1.84115
1776902923373592423,2.44929,-0.0644531,0.0832854,1.7767,1.37737,1.33863,10,17005,13.0427,1.84005
1776902923378554306,2.44929,0.0625,0.0894214,1.90255,1.45064,1.40928,10,17019,13.0534,1.68777
1776902923383554289,2.44919,0.0625,0.100064,1.75027,1.45064,1.40928,10,17028,13.0603,1.68758
1776902923388550622,2.44919,0.128906,0.106967,1.81648,1.57232,1.44675,10,17042,13.0711,1.84078
1776902923393520526,2.44962,0.128906,0.118132,1.96969,1.57232,1.44675,10,17052,13.078,1.53408
1776902923398541938,2.44962,0.238281,0.125801,1.77236,1.20056,1.51083,10,17063,13.0872,1.68709
1776902923403575833,2.44962,0.238281,0.134238,1.92538,1.20056,1.51083,10,17071,13.0933,1.68758
1776902923408596245,2.45259,0.238281,0.14335,1.92586,1.47027,1.52297,10,17083,13.1025,1.68709
1776902923413575502,2.45259,0.193359,0.152554,1.88045,1.47027,1.52297,10,17096,13.1125,1.68777
1776902923418554499,2.4559,0.193359,0.165832,1.88113,1.53759,1.51085,10,17108,13.1217,1.83894
1776902923423575466,2.4559,0.183594,0.175037,2.02254,1.53759,1.51085,10,17119,13.1301,1.84262
1776902923428551797,2.45676,0.183594,0.184335,2.02622,1.41754,1.5088,10,17133,13.1408,1.68657
1776902923433558947,2.45676,0.207031,0.195071,1.8936,1.41754,1.5088,10,17143,13.1485,1.99193
1776902923438558244,2.45967,0.207031,0.205651,2.19896,1.76423,1.534,10,17156,13.1585,1.68927
1776902923443526703,2.45967,0.228516,0.215622,1.91778,1.76423,1.534,10,17167,13.1669,1.84115
1776902923448550726,2.46065,0.228516,0.225041,2.06967,1.50634,1.55024,10,17179,13.1761,1.84078
1776902923453546245,2.46065,0.339844,0.234244,2.18063,1.50634,1.55024,10,17190,13.1846,1.68777
1776902923458577492,2.46498,0.339844,0.247014,2.02761,1.71658,1.63132,10,17202,13.1938,1.68709
1776902923463558416,2.46498,0.361328,0.256219,2.04842,1.71658,1.63132,10,17212,13.2014,1.68709
1776902923468557787,2.46676,0.361328,0.265661,2.04842,1.48074,1.65076,10,17225,13.2114,1.84133
1776902923473552731,2.46676,0.326172,0.275632,2.1675,1.48074,1.65076,10,17237,13.2206,1.84041
1776902923478573514,2.46676,0.326172,0.284836,2.16659,1.55415,1.63072,10,17250,13.2306,1.99472
1776902923483552141,2.47196,0.326172,0.300009,2.32089,1.55415,1.63072,10,17257,13.236,1.6869
1776902923488560847,2.47196,0.396484,0.305378,2.08339,1.58071,1.6919,10,17262,13.2398,0.920671
1776902923493593057,2.47677,0.396484,0.314025,1.31715,1.58071,1.6919,10,17264,13.2406,0.30664
1776902923498614598,2.47677,1.41992,-0.312759,1.72656,1.95606,2.29476,10,17266,13.2429,0.306892
1776902923503584965,2.48548,1.41992,-0.302521,1.72681,1.95606,2.29476,10,17269,13.2452,0.460335
1776902923508556942,2.49314,1.76367,-0.288725,2.37727,2.15758,2.52587,10,17277,13.2513,0.613594
1776902923513549868,2.49314,1.18359,-0.286424,1.79719,2.15758,2.52587,10,17283,13.2559,1.07365
1776902923518547406,2.50898,1.18359,-0.265982,2.25724,2.35322,2.28973,10,17295,13.2651,1.53347
1776902923523557001,2.50898,0.681641,-0.256778,2.21511,2.35322,2.28973,10,17307,13.2743,1.99453
1776902923528556353,2.5135,0.681641,-0.24305,2.67617,2.21442,2.02172,10,17318,13.2827,1.99413
1776902923533553298,2.5135,-0.0136719,-0.234614,1.98046,2.21442,2.02172,10,17335,13.2958,1.99373
1776902923538549243,2.51871,-0.0136719,-0.216367,1.98006,1.70696,1.64621,10,17353,13.3096,2.60844
1776902923543526073,2.51871,-0.136719,-0.202561,2.47172,1.70696,1.64621,10,17368,13.3211,2.60825
1776902923548540929,2.51871,-0.136719,-0.191057,2.47153,1.82018,1.57608,10,17386,13.3349,2.45339
1776902923553552339,2.51833,-0.136719,-0.177624,2.31668,1.82018,1.57608,10,17397,13.3433,2.45536
1776902923558549636,2.51833,-0.427734,-0.169187,2.02762,1.51304,1.4087,10,17417,13.3587,2.30011
1776902923563546044,2.5139,-0.427734,-0.15828,1.87237,1.51304,1.4087,10,17429,13.3679,2.60825
1776902923568544285,2.5139,-0.515625,-0.149077,2.09262,1.73099,1.34088,10,17451,13.3847,2.60825
1776902923573544934,2.50719,-0.515625,-0.138917,2.09262,1.73099,1.34088,10,17462,13.3932,2.45438
1776902923578546991,2.50719,-0.708984,-0.130479,1.74539,1.68377,1.20379,10,17480,13.407,2.14663
1776902923583557753,2.50418,-0.708984,-0.119682,1.43764,1.68377,1.20379,10,17491,13.4154,2.30149
1776902923588548234,2.50418,-0.517578,-0.111245,1.78391,1.50894,1.30083,10,17512,13.4315,2.45487
1776902923593518730,2.4943,-0.517578,-0.105021,1.93729,1.50894,1.30083,10,17523,13.4392,2.45389
1776902923598540846,2.4943,-0.636719,-0.096583,1.81717,0.963541,1.1932,10,17541,13.4538,2.30149
1776902923603549830,2.49148,-0.636719,-0.0855948,1.66477,0.963541,1.1932,10,17552,13.4622,2.14748
1776902923608554609,2.49148,-0.421875,-0.0771576,1.72561,1.28812,1.30432,10,17570,13.476,2.30103
1776902923613546831,2.4831,-0.421875,-0.0717302,1.87915,1.28812,1.30432,10,17580,13.4837,2.14705
1776902923618553815,2.4831,-0.478516,-0.0640598,1.66854,1.02616,1.23824,10,17597,13.4967,1.99432
1776902923623546555,2.4831,-0.478516,-0.0510212,1.51581,1.02616,1.23824,10,17606,13.5036,1.99413
1776902923628552242,2.48114,-0.478516,-0.0460821,1.51562,1.4551,1.23031,10,17621,13.5151,1.99413
1776902923633577025,2.48114,-0.423828,-0.034577,1.5703,1.4551,1.23031,10,17636,13.5266,2.14767
1776902923638561597,2.47254,-0.423828,-0.0316702,1.72385,1.22525,1.22668,10,17651,13.5381,2.14791
1776902923643536779,2.47254,-0.380859,-0.020167,1.76705,1.22525,1.22668,10,17663,13.5474,1.99413
1776902923648588474,2.46851,-0.380859,-0.0149885,1.61327,1.37029,1.23484,10,17677,13.5581,1.99413
1776902923653554025,2.46851,-0.318359,-0.00425015,1.67577,1.37029,1.23484,10,17689,13.5673,1.99353
1776902923658548062,2.46498,-0.318359,0.00142323,1.67517,1.24496,1.25613,10,17702,13.5773,1.84078
1776902923663545933,2.46498,-0.242188,0.0113939,1.59859,1.24496,1.25613,10,17712,13.5849,1.84115
1776902923668547323,2.46205,-0.242188,0.0161356,1.59896,1.33103,1.28765,10,17725,13.5949,1.84041
1776902923673546027,2.46205,-0.148438,0.0261062,1.69198,1.33103,1.28765,10,17735,13.6026,1.68758
1776902923678555215,2.4601,-0.148438,0.0318226,1.53914,1.21716,1.33314,10,17748,13.6125,1.68709
1776902923683575738,2.4601,-0.0957031,0.0417942,1.59139,1.21716,1.33314,10,17759,13.621,1.84152
1776902923688585074,2.45884,-0.0957031,0.0489706,1.74582,1.28816,1.35807,10,17771,13.6302,1.84078
1776902923693535881,2.45884,-0.0917969,0.0581745,1.74899,1.28816,1.35807,10,17783,13.6394,1.84041
1776902923698546680,2.45884,-0.0917969,0.0673784,1.74862,1.26654,1.3603,10,17796,13.6494,1.84115
1776902923703577223,2.45807,-0.0917969,0.0765728,1.74935,1.26654,1.3603,10,17805,13.6563,1.99214
1776902923708660776,2.45807,-0.0175781,0.0834764,1.97456,1.3098,1.39944,10,17820,13.6678,1.84262
1776902923713586597,2.45728,-0.0175781,0.0941986,1.82505,1.3098,1.39944,10,17829,13.6747,1.84078
1776902923718558982,2.45728,0.00390625,0.101102,1.84469,1.39367,1.40851,10,17843,13.6854,1.68709
1776902923723560150,2.45712,0.00390625,0.111672,1.691,1.39367,1.40851,10,17851,13.6915,1.68777
1776902923728550631,2.45712,0.128906,0.117808,1.81668,1.32435,1.47907,10,17866,13.7031,1.84041
1776902923733546965,2.45802,0.128906,0.130217,1.96932,1.32435,1.47907,10,17874,13.7092,1.68758
1776902923738548484,2.45802,0.158203,0.136353,1.84578,1.54664,1.49945,10,17890,13.7215,1.99174
1776902923743616460,2.45877,0.158203,0.149376,2.14995,1.54664,1.49945,10,17899,13.7284,1.84262
1776902923748561211,2.45877,0.203125,0.156279,2.04575,1.39606,1.52812,10,17916,13.7414,1.99472
1776902923753574436,2.4615,0.203125,0.172046,2.19785,1.39606,1.52812,10,17925,13.7483,1.99413
1776902923758624038,2.4615,0.1875,0.178949,2.18163,1.42721,1.53031,10,17942,13.7613,1.99373
1776902923763578754,2.46256,0.1875,0.193048,2.18123,1.42721,1.53031,10,17952,13.769,1.99453
1776902923768558696,2.46256,0.199219,0.200717,2.19375,1.4963,1.5413,10,17968,13.7813,1.99393
1776902923773670419,2.46256,0.199219,0.212989,2.19314,1.4963,1.5413,10,17978,13.789,1.99373
1776902923778593629,2.46545,0.199219,0.223553,2.19295,1.41389,1.55306,10,17992,13.7997,2.14577
1776902923783555272,2.46545,0.228516,0.234291,2.37428,1.41389,1.55306,10,18007,13.8112,1.84299
1776902923788556384,2.46883,0.228516,0.24917,2.07151,1.70482,1.58346,10,18021,13.8219,2.14467
1776902923793529251,2.46883,0.273438,0.259906,2.41811,1.70482,1.58346,10,18033,13.8311,1.99653
1776902923798552663,2.47129,0.273438,0.271576,2.26997,1.566,1.61906,10,18045,13.8403,2.14791
1776902923803559388,2.47129,0.298828,0.28078,2.44674,1.566,1.61906,10,18061,13.8526,2.14767
1776902923808560129,2.47429,0.298828,0.29605,2.4465,1.72677,1.64569,10,18074,13.8626,1.99413
1776902923813550184,2.47429,0.300781,0.306022,2.29491,1.72677,1.64569,10,18080,13.8672,1.38026
1776902923818554890,2.47722,0.300781,0.313554,1.68104,1.56779,1.65866,10,18083,13.8695,0.613717
1776902923823554502,2.47722,0.859375,-0.312463,1.47309,1.56779,1.65866,10,18086,13.8718,0.460151
1776902923828553428,2.48271,0.859375,-0.304674,1.31953,1.99351,1.99925,10,18090,13.8749,0.460335
1776902923833546576,2.48271,1.57617,-0.301607,2.03651,1.99351,1.99925,10,18095,13.8787,0.766792
1776902923838546447,2.49603,1.57617,-0.284453,2.34296,2.17845,2.46151,10,18099,13.8818,0.766179
1776902923843520314,2.49603,1.18359,-0.281386,1.94977,2.17845,2.46151,10,18108,13.8887,1.07491
1776902923848550543,2.49603,1.18359,-0.274481,2.25851,1.97004,2.23774,10,18119,13.8971,1.38082
1776902923853550247,2.51062,1.18359,-0.251452,2.56441,1.97004,2.23774,10,18127,13.9032,1.68743
1776902923858553434,2.51062,0.347656,-0.245316,2.03509,2.05358,1.81983,10,18142,13.9147,1.84078
1776902923863548304,2.52115,0.347656,-0.22328,2.18844,2.05358,1.81983,10,18152,13.9224,1.84041
1776902923868552139,2.52115,0.210938,-0.215609,2.05135,1.69776,1.784,10,18170,13.9362,2.14748
1776902923873547732,2.52253,0.210938,-0.200425,2.35842,1.69776,1.784,10,18181,13.9447,2.30149
1776902923878545899,2.52253,-0.0761719,-0.191988,2.22531,1.68331,1.62585,10,18201,13.96,2.45438
1776902923883545122,2.52324,-0.0761719,-0.175936,2.3782,1.68331,1.62585,10,18212,13.9684,2.30057
1776902923888548179,2.52324,-0.267578,-0.1675,2.03299,1.70551,1.51959,10,18229,13.9815,2.14748
1776902923893554589,2.52238,-0.267578,-0.15532,1.87991,1.70551,1.51959,10,18239,13.9891,2.14767
1776902923898550052,2.52238,-0.513672,-0.14765,1.634,1.72024,1.37589,10,18258,14.0037,2.14748
1776902923903556665,2.51539,-0.513672,-0.140071,1.63381,1.72024,1.37589,10,18269,14.0121,2.30057
1776902923908556055,2.51539,-0.597656,-0.131634,1.70291,1.68776,1.30008,10,18287,14.026,2.14748
1776902923913581597,2.51255,-0.597656,-0.120665,1.54983,1.68776,1.30008,10,18298,14.0344,2.30149
1776902923918558335,2.51255,-0.53125,-0.112228,1.77024,1.41576,1.32659,10,18317,14.049,2.30103
1776902923923555632,2.51255,-0.53125,-0.0976556,1.76978,1.41576,1.32659,10,18327,14.0566,2.30083
1776902923928547983,2.50348,-0.53125,-0.0990547,1.76958,1.14641,1.29024,10,18344,14.0697,2.30103
1776902923933584602,2.50348,-0.529297,-0.086016,1.77173,1.14641,1.29024,10,18361,14.0827,2.30103
1776902923938549504,2.49536,-0.529297,-0.0811008,1.77173,1.25906,1.25871,10,18377,14.095,2.30057
1776902923943519315,2.49536,-0.595703,-0.0688289,1.70486,1.25906,1.25871,10,18391,14.1057,2.30129
1776902923948543023,2.49004,-0.595703,-0.0634073,1.70559,1.11048,1.19945,10,18407,14.118,2.30057
1776902923953551878,2.49004,-0.570312,-0.0511354,1.73025,1.11048,1.19945,10,18423,14.1303,2.45536
1776902923958554416,2.48421,-0.570312,-0.0446933,1.88505,1.28034,1.19041,10,18436,14.1402,2.60721
1776902923963548860,2.48421,-0.546875,-0.0347227,2.06033,1.28034,1.19041,10,18454,14.154,2.30103
1776902923968550788,2.48199,-0.546875,-0.0231422,1.75415,1.30089,1.19478,10,18470,14.1663,2.30057
1776902923973545251,2.48199,-0.484375,-0.0108703,1.81619,1.30089,1.19478,10,18483,14.1763,2.30176
1776902923978547289,2.47349,-0.484375,-0.00939689,1.81738,1.22318,1.19602,10,18496,14.1863,2.14725
1776902923983547049,2.47349,-0.433594,0.000573764,1.71365,1.22318,1.19602,10,18512,14.1985,2.30149
1776902923988556922,2.47172,-0.433594,0.0110766,1.86789,1.35777,1.2178,10,18528,14.2108,2.14748
1776902923993522639,2.47172,-0.382812,0.0233485,1.76467,1.35777,1.2178,10,18541,14.2208,2.30103
1776902923998619453,2.46495,-0.382812,0.0357481,1.76424,1.20171,1.24674,10,18559,14.2346,2.14705
1776902924003588188,2.46495,-0.330078,0.0403496,1.81698,1.20171,1.24674,10,18572,14.2445,2.14725
1776902924008561586,2.46125,-0.330078,0.0466191,1.81717,1.12796,1.23426,10,18583,14.253,2.14748
1776902924013554433,2.46125,-0.222656,0.0550553,1.92483,1.12796,1.23426,10,18596,14.263,1.99453
1776902924018550836,2.45866,-0.222656,0.0624405,1.77188,1.26888,1.28496,10,18609,14.2729,1.99472
1776902924023555555,2.45866,-0.1875,0.0724102,1.80722,1.26888,1.28496,10,18621,14.2821,1.84005
1776902924028552939,2.45766,-0.1875,0.0806195,1.65255,1.16714,1.30095,10,18634,14.2921,1.99373
1776902924033557955,2.45766,-0.107422,0.0905901,1.88631,1.16714,1.30095,10,18648,14.3028,1.84152
1776902924038552098,2.45558,-0.107422,0.0992438,1.7341,1.42378,1.3381,10,18659,14.3113,1.99453
1776902924043523978,2.45558,-0.0957031,0.107681,1.89883,1.42378,1.3381,10,18671,14.3205,1.84078
1776902924048546330,2.4552,-0.0957031,0.11651,1.74508,1.28718,1.34326,10,18684,14.3304,1.99373
1776902924053573108,2.4552,-0.03125,0.126481,1.96248,1.28718,1.34326,10,18698,14.3412,1.84115
1776902924058583421,2.45416,-0.03125,0.136177,1.8099,1.45867,1.37575,10,18709,14.3496,1.99135
1776902924063558209,2.45416,0.00585938,0.144614,1.9972,1.45867,1.37575,10,18720,14.3581,1.84299
1776902924068550815,2.45416,0.00585938,0.15305,1.84885,1.21698,1.3969,10,18732,14.3673,1.68777
1776902924073588706,2.45416,0.00585938,0.162248,1.69363,1.21698,1.3969,10,18741,14.3742,1.84078
1776902924078557215,2.45416,0.140625,0.169152,1.98141,1.44576,1.47369,10,18756,14.3857,1.84041
1776902924083559953,2.45545,0.140625,0.181945,1.98104,1.44576,1.47369,10,18765,14.3926,1.84041
1776902924088548373,2.45545,0.177734,0.188848,2.01815,1.31168,1.5001,10,18781,14.4048,1.84115
1776902924093590783,2.45798,0.177734,0.203651,2.01888,1.31168,1.5001,10,18791,14.4125,2.14791
1776902924098575406,2.45798,0.195312,0.211321,2.34323,1.53824,1.52043,10,18808,14.4256,1.99393
1776902924103552750,2.45886,0.195312,0.225244,2.18924,1.53824,1.52043,10,18817,14.4325,1.99453
1776902924108576880,2.45886,0.197266,0.232147,2.1918,1.51909,1.52514,10,18835,14.4463,2.14748
1776902924113552853,2.46183,0.197266,0.248924,2.34475,1.51909,1.52514,10,18844,14.4532,1.99393
1776902924118560258,2.46183,0.205078,0.255827,2.199,1.493,1.54168,10,18861,14.4662,1.99373
1776902924123555383,2.4627,0.205078,0.269738,2.19881,1.493,1.54168,10,18871,14.4739,2.14834
1776902924128554564,2.4627,0.207031,0.277408,2.35537,1.58866,1.54634,10,18889,14.4877,2.14725
1776902924133555190,2.46584,0.207031,0.294347,2.35428,1.58866,1.54634,10,18899,14.4954,2.1462
1776902924138559742,2.46584,0.214844,0.302018,2.36104,1.4646,1.56353,10,18909,14.503,1.22792
1776902924143522899,2.46584,0.214844,0.309687,1.44277,1.4646,1.56353,10,18911,14.5046,0.920486
1776902924148556215,2.46666,0.214844,0.312048,1.13533,1.96998,1.56688,10,18914,14.5069,0.30664
1776902924153560860,2.46666,1.44336,-0.313971,1.75,1.96998,1.56688,10,18917,14.5092,0.306954
1776902924158553799,2.47881,1.44336,-0.299522,1.75031,1.97117,2.31636,10,18920,14.5115,0.613594
1776902924163549332,2.47881,1.65039,-0.297221,2.26398,1.97117,2.31636,10,18926,14.5161,0.919376
1776902924168554606,2.48379,1.65039,-0.287644,2.56977,1.7526,2.45448,10,18936,14.5237,1.3822
1776902924173543323,2.48379,0.679688,-0.279974,2.06188,1.7526,2.45448,10,18948,14.5329,1.53377
1776902924178551468,2.50751,0.679688,-0.247042,2.21346,1.93241,1.99664,10,18963,14.5444,1.99453
1776902924183643832,2.50751,0.427734,-0.235537,2.42227,1.93241,1.99664,10,18975,14.5536,1.99373
1776902924188599635,2.51407,0.427734,-0.219773,2.42147,1.9196,1.87929,10,18988,14.5636,2.14767
1776902924193542399,2.51407,0.105469,-0.209802,2.25314,1.9196,1.87929,10,19007,14.5782,2.60773
1776902924198550915,2.51596,0.105469,-0.193344,2.7132,1.79438,1.70314,10,19026,14.5928,2.60721
1776902924203669357,2.51596,-0.283203,-0.178771,2.324,1.79438,1.70314,10,19046,14.6081,2.76182
1776902924208589173,2.51496,-0.283203,-0.164431,2.47862,1.87741,1.4776,10,19061,14.6196,2.76053
1776902924213578260,2.51496,-0.660156,-0.152926,2.10037,1.87741,1.4776,10,19075,14.6303,2.45192
1776902924218554919,2.50998,-0.660156,-0.137202,1.48948,1.83864,1.26274,10,19095,14.6457,2.14963
1776902924223573844,2.50998,-0.558594,-0.131833,1.59104,1.83864,1.26274,10,19109,14.6564,2.45536
1776902924228613828,2.50386,-0.558594,-0.127208,1.89676,1.7504,1.27618,10,19123,14.6672,2.45339
1776902924233596988,2.50386,-0.771484,-0.11647,1.68191,1.7504,1.27618,10,19135,14.6764,2.14853
1776902924238558551,2.49688,-0.771484,-0.114246,1.37705,1.28238,1.12679,10,19148,14.6863,2.14748
1776902924243533543,2.49688,-0.572266,-0.104275,1.57522,1.28238,1.12679,10,19165,14.6994,2.30103
1776902924248641039,2.49015,-0.572266,-0.0979644,1.72876,1.21443,1.21326,10,19181,14.7116,2.30103
1776902924253601121,2.49015,-0.523438,-0.0856925,1.77759,1.21443,1.21326,10,19194,14.7216,2.30083
1776902924258559091,2.4848,-0.523438,-0.0810748,1.7774,0.994198,1.2195,10,19207,14.7316,2.14725
1776902924263596316,2.4848,-0.433594,-0.0711042,1.71365,0.994198,1.2195,10,19223,14.7439,2.30149
1776902924268552953,2.48017,-0.433594,-0.0634633,1.86789,1.25427,1.252,10,19239,14.7561,2.29945
1776902924273560857,2.48017,-0.488281,-0.0511914,1.81117,1.25427,1.252,10,19255,14.7684,2.14896
1776902924278560113,2.47381,-0.488281,-0.0452767,1.66068,1.0084,1.1951,10,19267,14.7776,2.14663
1776902924283558053,2.47381,-0.490234,-0.0360728,1.65639,1.0084,1.1951,10,19280,14.7876,2.1481
1776902924288548029,2.47049,-0.490234,-0.0202228,1.80941,1.35149,1.19399,10,19299,14.8021,2.29965
1776902924293561249,2.47049,-0.400391,-0.0148536,1.89925,1.35149,1.19399,10,19312,14.8121,2.14534
1776902924298554707,2.4647,-0.400391,-0.0106717,1.74495,1.25138,1.20823,10,19324,14.8213,2.15093
1776902924303582634,2.4647,-0.357422,-0.00146781,1.7935,1.25138,1.20823,10,19337,14.8313,2.14767
1776902924308551513,2.46211,-0.357422,0.00590887,1.79025,1.32538,1.22217,10,19349,14.8405,2.14705
1776902924313547342,2.46211,-0.314453,0.0151128,1.8326,1.32538,1.22217,10,19365,14.8528,2.14853
1776902924318542356,2.45872,-0.314453,0.0239972,1.83408,1.19258,1.23288,10,19379,14.8635,1.99334
1776902924323544519,2.45872,-0.248047,0.0347356,1.74529,1.19258,1.23288,10,19391,14.8727,2.1481
1776902924328545589,2.45596,-0.248047,0.0411786,1.90006,1.20765,1.25949,10,19403,14.8819,1.99373
1776902924333549271,2.45596,-0.144531,0.0503816,1.8492,1.20765,1.25949,10,19419,14.8942,2.14577
1776902924338551323,2.4539,-0.144531,0.0605935,2.00124,1.11487,1.3101,10,19433,14.9049,2.14896
1776902924343517183,2.4539,-0.125,0.0713319,2.02396,1.11487,1.3101,10,19446,14.9149,1.99493
1776902924348592618,2.45268,-0.125,0.0800819,1.86993,1.27651,1.31625,10,19458,14.9241,2.14748
1776902924353592336,2.45268,-0.103516,0.0892848,2.04397,1.27651,1.31625,10,19474,14.9364,2.14767
1776902924358593870,2.45268,-0.103516,0.101557,2.04416,1.16738,1.3285,10,19488,14.9471,1.99373
1776902924363548414,2.45166,-0.103516,0.111275,1.89022,1.16738,1.3285,10,19497,14.954,1.99453
1776902924368545520,2.45166,-0.0390625,0.118177,1.95547,1.37794,1.36107,10,19514,14.9671,1.99472
1776902924373546627,2.45091,-0.0390625,0.130466,1.95566,1.37794,1.36107,10,19523,14.974,1.99413
1776902924378550939,2.45091,0.0605469,0.137369,2.05468,1.25046,1.41479,10,19538,14.9855,1.84041
1776902924383546157,2.45124,0.0605469,0.149212,1.90096,1.25046,1.41479,10,19548,14.9931,1.99413
1776902924388553320,2.45134,0.105469,0.166949,1.94588,1.54518,1.44177,10,19566,15.0069,1.84041
1776902924393518051,2.45134,0.171875,0.170784,2.01229,1.54518,1.44177,10,19578,15.0161,1.84115
1776902924398538458,2.4532,0.171875,0.181848,2.01303,1.43233,1.48761,10,19588,15.0238,1.99413
1776902924403574794,2.4532,0.207031,0.189518,2.20116,1.43233,1.48761,10,19600,15.033,1.99413
1776902924408578216,2.45514,0.207031,0.200663,2.20116,1.31117,1.51556,10,19611,15.0414,1.84078
1776902924413589103,2.45514,0.212891,0.209099,2.05367,1.31117,1.51556,10,19625,15.0522,1.84078
1776902924418559168,2.45731,0.212891,0.222008,2.05367,1.48224,1.52774,10,19636,15.0606,1.99413
1776902924423552830,2.45731,0.181641,0.230446,2.17577,1.48224,1.52774,10,19650,15.0714,1.99432
1776902924428547565,2.45731,0.181641,0.241184,2.17596,1.39753,1.50993,10,19664,15.0821,1.84078
1776902924433544283,2.45922,0.181641,0.25383,2.02242,1.39753,1.50993,10,19674,15.0898,2.14791
1776902924438543668,2.45922,0.220703,0.261499,2.36862,1.69102,1.53997,10,19691,15.1028,1.99413
1776902924443530699,2.46178,0.220703,0.277101,2.21484,1.69102,1.53997,10,19701,15.1097,1.99393
1776902924448550143,2.46178,0.246094,0.284771,2.24002,1.44647,1.56487,10,19717,15.1227,2.14748
1776902924453554602,2.46296,0.246094,0.298221,2.39358,1.44647,1.56487,10,19723,15.1274,1.53439
1776902924458553895,2.46296,0.322266,0.302824,1.85665,1.56392,1.61308,10,19727,15.1304,0.613594
1776902924463558854,2.46751,0.322266,0.310437,0.93586,1.56392,1.61308,10,19728,15.1312,0.306702
1776902924468583669,2.46751,0.705078,0.311204,1.01178,1.86787,1.84975,10,19732,15.1343,0.460243
1776902924473578294,2.4689,0.705078,-0.312657,1.16532,1.86787,1.84975,10,19736,15.1373,0.613349
1776902924478546581,2.4689,1.70117,-0.309589,2.31452,2.02685,2.42316,10,19743,15.1427,0.766945
1776902924483553467,2.4919,1.70117,-0.281222,2.46812,2.02685,2.42316,10,19749,15.1473,1.07384
1776902924488582264,2.4919,1.5918,-0.276621,2.66563,1.77982,2.45379,10,19762,15.1573,1.5345
1776902924493558423,2.4962,1.5918,-0.262343,3.1263,1.77982,2.45379,10,19771,15.1642,1.84041
1776902924498550622,2.4962,0.541016,-0.25544,2.38143,2.08123,1.87218,10,19788,15.1772,1.99413
1776902924503615721,2.4962,0.541016,-0.242401,2.53515,2.08123,1.87218,10,19799,15.1856,2.1481
1776902924508608531,2.51228,0.541016,-0.217882,2.68912,1.94016,1.9367,10,19817,15.1994,2.60721
1776902924513590487,2.51228,-0.113281,-0.204077,2.49392,1.94016,1.9367,10,19837,15.2148,2.76182
1776902924518559292,2.51331,-0.113281,-0.187707,2.64854,1.79287,1.56787,10,19852,15.2263,2.60721
1776902924523553917,2.51331,-0.275391,-0.176202,2.33182,1.79287,1.56787,10,19867,15.2378,2.60773
1776902924528573916,2.5127,-0.275391,-0.165311,2.33234,1.73346,1.47302,10,19884,15.2508,2.30149
1776902924533553205,2.5127,-0.537109,-0.152271,1.76438,1.73346,1.47302,10,19901,15.2639,2.30037
1776902924538588856,2.50511,-0.537109,-0.146821,1.76327,1.81807,1.29343,10,19916,15.2754,2.60844
1776902924543534676,2.50511,-0.5,-0.135316,2.10844,1.81807,1.29343,10,19932,15.2877,2.75832
1776902924548553360,2.50385,-0.5,-0.124303,2.25832,1.73961,1.30953,10,19949,15.3007,2.45536
1776902924553549707,2.50385,-0.802734,-0.111264,1.65262,1.73961,1.30953,10,19968,15.3153,2.45585
1776902924558553334,2.49144,-0.802734,-0.109101,1.65312,1.40726,1.08709,10,19983,15.3268,2.60668
1776902924563544958,2.49144,-0.675781,-0.097596,1.9309,1.40726,1.08709,10,19998,15.3383,2.60825
1776902924568556122,2.48958,-0.675781,-0.0879572,1.93247,1.12231,1.15193,10,20015,15.3513,2.45438
1776902924573553748,2.48958,-0.638672,-0.0749186,1.8157,1.12231,1.15193,10,20032,15.3644,2.1481
1776902924578597584,2.47778,-0.638672,-0.0637053,1.66189,0.934437,1.17308,10,20052,15.3797,2.30057
1776902924583596247,2.47778,-0.529297,-0.0583371,1.77127,0.934437,1.17308,10,20066,15.3904,2.45487
1776902924588557144,2.47106,-0.529297,-0.0543164,1.92557,0.953391,1.16057,10,20079,15.4004,2.4532
1776902924593525116,2.47106,-0.519531,-0.0443457,1.93367,0.953391,1.16057,10,20093,15.4111,2.14853
1776902924598542726,2.46865,-0.519531,-0.0360201,1.629,1.12623,1.15636,10,20106,15.4211,2.45389
1776902924603552650,2.46865,-0.501953,-0.0260485,1.95193,1.12623,1.15636,10,20119,15.4311,2.14791
1776902924608551868,2.46617,-0.501953,-0.0185612,1.64596,1.20339,1.1563,10,20134,15.4426,2.14767
1776902924613649362,2.46617,-0.443359,-0.0070561,1.70432,1.20339,1.1563,10,20149,15.4541,1.99413
1776902924618595497,2.45769,-0.443359,-0.00403104,1.55077,1.28188,1.15521,10,20160,15.4625,2.14725
1776902924623639482,2.45769,-0.402344,0.00440614,1.7449,1.28188,1.15521,10,20172,15.4717,1.84059
1776902924628660333,2.45663,-0.402344,0.0125534,1.43825,1.30964,1.17429,10,20186,15.4825,1.99393
1776902924633598504,2.45663,-0.25,0.0232908,1.74393,1.30964,1.17429,10,20200,15.4932,1.99453
1776902924638555863,2.45163,-0.25,0.0290271,1.74453,1.28502,1.24073,10,20211,15.5016,1.84078
1776902924643534263,2.45163,-0.123047,0.0374643,1.71774,1.28502,1.24073,10,20222,15.5101,1.99453
1776902924648548317,2.45163,-0.123047,0.0459005,1.87148,1.06591,1.3131,10,20236,15.5208,1.84041
1776902924653590283,2.44982,-0.123047,0.0548269,1.71737,1.06591,1.3131,10,20247,15.5293,1.84115
1776902924658555180,2.44982,-0.015625,0.0632641,1.82553,1.38891,1.36693,10,20262,15.5408,1.84041
1776902924663550472,2.44866,-0.015625,0.0736086,1.82479,1.38891,1.36693,10,20271,15.5477,1.84041
1776902924668549838,2.44866,-0.00585938,0.0805113,1.83455,1.16704,1.36776,10,20286,15.5592,1.84115
1776902924673555020,2.44864,-0.00585938,0.0920002,1.83529,1.16704,1.36776,10,20295,15.5661,1.84078
1776902924678552979,2.44864,0.0273438,0.0989029,1.86813,1.38842,1.38662,10,20310,15.5776,1.84115
1776902924683598205,2.44874,0.0273438,0.11051,1.86849,1.38842,1.38662,10,20319,15.5845,1.84078
1776902924688584013,2.44874,0.0917969,0.117413,1.93258,1.25057,1.42378,10,20335,15.5967,1.84005
1776902924693554227,2.44934,0.0917969,0.13028,1.93184,1.25057,1.42378,10,20344,15.6037,1.99493
1776902924698554334,2.44934,0.175781,0.137183,2.17071,1.55768,1.47408,10,20360,15.6159,1.99413
1776902924703560238,2.45067,0.175781,0.150781,2.16991,1.55768,1.47408,10,20369,15.6228,1.84005
1776902924708580330,2.45067,0.251953,0.157684,2.092,1.54792,1.52291,10,20384,15.6343,1.84115
1776902924713554377,2.45283,0.251953,0.171353,2.0931,1.54792,1.52291,10,20393,15.6412,1.84078
1776902924718561152,2.45283,0.267578,0.178255,2.10836,1.41995,1.54064,10,20408,15.6527,1.84078
1776902924723555870,2.45283,0.267578,0.189759,2.10836,1.41995,1.54064,10,20418,15.6604,1.99413
1776902924728590575,2.45552,0.267578,0.200125,2.26171,1.40571,1.55163,10,20432,15.6711,1.99432
1776902924733572383,2.45552,0.210938,0.210863,2.20526,1.40571,1.55163,10,20447,15.6827,2.14791
1776902924738575028,2.45897,0.210938,0.225816,2.35885,1.36111,1.53339,10,20460,15.6926,1.99334
1776902924743635293,2.45897,0.201172,0.235787,2.19451,1.36111,1.53339,10,20476,15.7049,2.30195
1776902924748593819,2.46104,0.201172,0.250121,2.50312,1.62422,1.53622,10,20488,15.7141,2.14767
1776902924753608077,2.46104,0.230469,0.259325,2.37814,1.62422,1.53622,10,20504,15.7264,2.14663
1776902924758587273,2.46333,0.230469,0.27389,2.37709,1.3187,1.56224,10,20516,15.7356,2.14834
1776902924763578953,2.46333,0.285156,0.283093,2.4335,1.3187,1.56224,10,20532,15.7478,2.14767
1776902924768550203,2.4658,0.285156,0.297836,2.43283,1.69005,1.60345,10,20542,15.7555,1.84041
1776902924773550533,2.4658,0.316406,0.305508,2.15682,1.69005,1.60345,10,20548,15.7601,1.22743
1776902924778562068,2.46891,0.316406,0.313215,1.54384,1.5039,1.63387,10,20550,15.7617,0.306702
1776902924783553192,2.46891,0.964844,-0.31357,1.27155,1.5039,1.63387,10,20552,15.7632,0.460243
1776902924788559374,2.47465,0.964844,-0.306288,1.42509,2.08065,2.02678,10,20555,15.7655,0.460243
1776902924793522697,2.47465,1.62305,-0.303987,2.08329,2.08065,2.02678,10,20561,15.7701,0.613594
1776902924798541085,2.48873,1.62305,-0.279937,2.69667,1.98079,2.40196,10,20572,15.7785,1.07362
1776902924803545601,2.48873,1.11133,-0.276869,2.18495,1.98079,2.40196,10,20581,15.7854,1.38054
1776902924808550672,2.50312,1.11133,-0.255579,2.49187,1.83211,2.22505,10,20590,15.7923,1.68709
1776902924813550001,2.50312,0.714844,-0.248675,2.40194,1.83211,2.22505,10,20602,15.8015,1.84115
1776902924818549164,2.51143,0.714844,-0.231161,2.55599,1.96682,2.03236,10,20614,15.8107,1.99413
1776902924823550160,2.51143,0.277344,-0.221958,2.27148,1.96682,2.03236,10,20630,15.823,2.14705
1776902924828545433,2.51583,0.277344,-0.205283,2.4244,1.69754,1.80061,10,20643,15.833,2.30149
1776902924833546559,2.51583,-0.00195312,-0.195311,2.29953,1.69754,1.80061,10,20661,15.8468,2.30057
1776902924838546851,2.51713,-0.00195312,-0.180208,2.29861,1.807,1.6466,10,20674,15.8568,2.30129
1776902924843525473,2.51713,-0.289062,-0.170236,2.01223,1.807,1.6466,10,20690,15.869,2.30149
1776902924848540416,2.51575,-0.289062,-0.159347,2.01242,1.9162,1.47742,10,20703,15.879,2.29827
1776902924853549784,2.51575,-0.515625,-0.149376,1.78264,1.9162,1.47742,10,20721,15.8928,2.30379
1776902924858546557,2.51118,-0.515625,-0.140136,1.78816,1.77076,1.33001,10,20735,15.9035,2.60668
1776902924863545609,2.51118,-0.730469,-0.129399,1.87622,1.77076,1.33001,10,20753,15.9174,2.30176
1776902924868546531,2.48923,-0.730469,-0.128339,1.56964,1.72271,1.20755,10,20772,15.9319,2.30011
1776902924873559344,2.48923,-0.597656,-0.12297,1.70245,1.72271,1.20755,10,20785,15.9419,2.30195
1776902924878554728,2.47764,-0.597656,-0.124592,1.70429,1.28416,1.14825,10,20797,15.9511,2.14705
1776902924883553316,2.47764,-0.601562,-0.115388,1.54549,1.28416,1.14825,10,20811,15.9618,2.30103
1776902924888548626,2.4749,-0.601562,-0.107386,1.69946,1.16581,1.13495,10,20824,15.9718,2.14767
1776902924893597427,2.4749,-0.478516,-0.0974145,1.66916,1.16581,1.13495,10,20841,15.9848,2.30037
1776902924898584902,2.46947,-0.478516,-0.0898157,1.82186,1.14596,1.18304,10,20854,15.9948,2.45536
1776902924903561302,2.46947,-0.476562,-0.079845,1.9788,1.14596,1.18304,10,20871,16.0079,2.30037
1776902924908556649,2.46466,-0.476562,-0.0716081,1.82381,1.0643,1.16466,10,20884,16.0178,2.30057
1776902924913553570,2.46466,-0.478516,-0.0616365,1.82205,1.0643,1.16466,10,20900,16.0301,2.14853
1776902924918579663,2.4573,-0.478516,-0.0567251,1.67002,1.1694,1.1336,10,20913,16.0401,2.30057
1776902924923556267,2.4573,-0.476562,-0.0467554,1.824,1.1694,1.1336,10,20929,16.0523,2.14767
1776902924928573877,2.45444,-0.476562,-0.0373464,1.67111,1.27198,1.12305,10,20942,16.0623,2.3011
1776902924933552128,2.45444,-0.380859,-0.0273748,1.92024,1.27198,1.12305,10,20958,16.0746,2.14767
1776902924938556940,2.44443,-0.380859,-0.0159126,1.92017,1.03866,1.1776,10,20977,16.0892,2.30103
1776902924943525394,2.44443,-0.304688,-0.0105434,1.99634,1.03866,1.1776,10,20986,16.0961,2.14767
1776902924948551783,2.44259,-0.304688,-0.00547652,1.84299,1.26628,1.17262,10,20998,16.1053,1.99394
1776902924953551390,2.44259,-0.128906,0.00372833,1.86504,1.26628,1.17262,10,21013,16.1168,2.14682
1776902924958553238,2.43959,-0.128906,0.0122275,2.01791,1.18658,1.26051,10,21024,16.1252,1.84134
1776902924963552845,2.43959,-0.0878906,0.0206637,1.75345,1.18658,1.26051,10,21038,16.1359,1.99394
1776902924968558620,2.43896,-0.0878906,0.0307812,1.90605,1.13592,1.28135,10,21049,16.1444,1.84097
1776902924973550430,2.43896,-0.0527344,0.0392174,1.78824,1.13592,1.28135,10,21063,16.1551,1.99394
1776902924978557742,2.4381,-0.0527344,0.0490889,1.94121,1.33255,1.29783,10,21074,16.1636,1.99353
1776902924983551200,2.43791,-0.0449219,0.0665459,1.9506,1.33255,1.29783,10,21093,16.1781,1.99552
1776902924988553807,2.43791,-0.0292969,0.0719151,1.96622,1.14275,1.31044,10,21106,16.1873,1.99354
1776902924993520001,2.43745,-0.0292969,0.0814213,1.96425,1.14275,1.31044,10,21116,16.1958,1.99472
1776902924998541779,2.43745,0.00195312,0.0890908,1.99668,1.36617,1.32635,10,21128,16.205,1.84022
1776902925003555386,2.43576,0.00195312,0.103512,1.99668,1.36617,1.32635,10,21142,16.2157,1.99472
1776902925008613443,2.43576,0.167969,0.107348,2.16269,1.27782,1.41407,10,21154,16.2249,1.68657
1776902925013576446,2.43729,0.167969,0.118073,1.85453,1.27782,1.41407,10,21162,16.2311,1.68762
1776902925018572807,2.43729,0.222656,0.124209,1.91028,1.50811,1.45148,10,21174,16.2403,1.68758
1776902925023550276,2.43827,0.222656,0.134401,1.91023,1.50811,1.45148,10,21181,16.2456,1.6869
1776902925028549489,2.43827,0.283203,0.139768,1.97011,1.40138,1.49004,10,21196,16.2571,1.6883
1776902925033544683,2.4408,0.283203,0.153798,1.9715,1.40138,1.49004,10,21204,16.2633,1.83986
1776902925038555232,2.4408,0.25,0.159934,2.08986,1.44986,1.48145,10,21220,16.2755,1.84097
1776902925043640182,2.44345,0.25,0.174855,2.09097,1.44986,1.48145,10,21229,16.2824,1.99314
1776902925048579088,2.44345,0.203125,0.181757,2.19627,1.52225,1.46558,10,21246,16.2955,1.99552
1776902925053604769,2.44575,0.203125,0.1971,2.19865,1.52225,1.46558,10,21255,16.3024,1.99472
1776902925058607427,2.44575,0.197266,0.204003,2.19199,1.38609,1.47165,10,21271,16.3147,1.99235
1776902925063588323,2.44766,0.197266,0.218184,2.18961,1.38609,1.47165,10,21281,16.3223,1.84245
1776902925068561828,2.44766,0.28125,0.225853,2.1237,1.51948,1.52733,10,21296,16.3338,1.84022
1776902925073590472,2.44766,0.28125,0.237359,2.12147,1.51948,1.52733,10,21305,16.3407,1.8406
1776902925078558513,2.45026,0.28125,0.24686,2.12185,1.35012,1.53794,10,21318,16.3507,1.99434
1776902925083558838,2.45026,0.349609,0.25683,2.34395,1.35012,1.53794,10,21333,16.3622,1.99472
1776902925088548883,2.45382,0.349609,0.271903,2.34433,1.58737,1.59146,10,21347,16.3729,1.99394
1776902925093561209,2.45382,0.359375,0.282641,2.35332,1.58737,1.59146,10,21354,16.3783,1.53427
1776902925098552755,2.4589,0.359375,0.29309,1.89365,1.50258,1.61772,10,21360,16.3829,0.919921
1776902925103594049,2.4589,0.632812,0.297693,1.55273,1.50258,1.61772,10,21362,16.3844,0.613908
1776902925108587484,2.46126,0.632812,0.301583,1.24672,2.07773,1.78317,10,21364,16.386,0.15332
1776902925113554247,2.46126,1.60742,0.303116,1.76074,2.07773,1.78317,10,21368,16.3891,0.460145
1776902925118552960,2.4723,1.60742,-0.31109,2.06757,2.08374,2.38354,10,21373,16.3929,0.767136
1776902925123553081,2.4723,1.62109,-0.307256,2.38823,2.08374,2.38354,10,21379,16.3975,0.920486
1776902925128645921,2.48799,1.62109,-0.286964,2.54158,1.7726,2.45476,10,21390,16.4059,1.38026
1776902925133582253,2.48799,0.882812,-0.278528,2.26308,1.7726,2.45476,10,21400,16.4136,1.53389
1776902925138626437,2.49996,0.882812,-0.258891,2.4167,1.98082,2.0821,10,21412,16.4228,1.84097
1776902925143529838,2.49996,0.412109,-0.249688,2.25308,1.98082,2.0821,10,21425,16.4328,1.84059
1776902925148556259,2.49996,0.412109,-0.239717,2.2527,1.69768,1.8138,10,21440,16.4443,2.1481
1776902925153549286,2.51024,0.412109,-0.217935,2.56021,1.69768,1.8138,10,21453,16.4542,2.60512
1776902925158552482,2.51024,0.101562,-0.207965,2.70668,1.89602,1.67802,10,21476,16.4719,2.61034
1776902925163548602,2.51293,0.101562,-0.187625,2.7119,1.89602,1.67802,10,21490,16.4826,3.06655
1776902925168544574,2.51293,-0.59375,-0.176887,2.4728,1.64238,1.29249,10,21512,16.4995,2.76036
1776902925173544732,2.50948,-0.59375,-0.163472,2.16661,1.64238,1.29249,10,21524,16.5087,2.45634
1776902925178552465,2.50624,-0.611328,-0.145235,1.6897,1.70496,1.26863,10,21547,16.5263,2.30103
1776902925183549882,2.50624,-0.572266,-0.139866,1.72876,1.70496,1.26863,10,21561,16.5371,2.30018
1776902925188551799,2.49975,-0.572266,-0.135615,1.72792,1.72233,1.25187,10,21575,16.5478,2.45487
1776902925193518822,2.49975,-0.625,-0.124878,1.82987,1.72233,1.25187,10,21588,16.5578,2.30011
1776902925198539316,2.4963,-0.625,-0.118358,1.67511,1.28201,1.20794,10,21603,16.5693,2.14853
1776902925203554032,2.4963,-0.361328,-0.106853,1.78721,1.28201,1.20794,10,21616,16.5793,2.29873
1776902925208551134,2.48896,-0.361328,-0.104223,1.9374,1.21658,1.32868,10,21632,16.5915,2.14896
1776902925213622193,2.48896,-0.332031,-0.0919507,1.81693,1.21658,1.32868,10,21646,16.6023,2.30064
1776902925218560747,2.48896,-0.332031,-0.0812123,1.96861,1.34628,1.34537,10,21660,16.613,2.1481
1776902925223559572,2.48733,-0.332031,-0.0721076,1.81607,1.34628,1.34537,10,21671,16.6214,2.14767
1776902925228547876,2.48733,-0.410156,-0.0636714,1.73752,1.22054,1.29425,10,21689,16.6353,2.14767
1776902925233551923,2.4803,-0.410156,-0.0568955,1.73752,1.22054,1.29425,10,21699,16.6429,2.14772
1776902925238556230,2.4803,-0.421875,-0.0492242,1.72585,1.16433,1.25919,10,21717,16.6567,2.29781
1776902925243558314,2.47789,-0.421875,-0.0378297,1.87593,1.16433,1.25919,10,21728,16.6652,2.30379
1776902925248549359,2.47789,-0.453125,-0.0293935,1.85066,1.43967,1.23163,10,21747,16.6797,2.30057
1776902925253551610,2.47039,-0.453125,-0.0223144,1.84744,1.43967,1.23163,10,21758,16.6882,2.14853
1776902925258659101,2.47039,-0.441406,-0.0138791,1.70713,1.32752,1.20795,10,21776,16.702,2.30057
1776902925263653295,2.46812,-0.441406,-0.00233964,1.85916,1.32752,1.20795,10,21786,16.7097,1.99394
1776902925268608019,2.46812,-0.318359,0.00532981,1.67558,1.40283,1.26889,10,21803,16.7227,2.1481
1776902925273581561,2.46264,-0.318359,0.0128867,1.82974,1.40283,1.26889,10,21813,16.7304,1.99353
1776902925278585386,2.46264,-0.285156,0.0205562,1.70837,1.26569,1.26554,10,21830,16.7434,1.99394
1776902925283572801,2.46105,-0.285156,0.0320022,1.70879,1.26569,1.26554,10,21839,16.7503,1.99512
1776902925288562179,2.46105,-0.185547,0.0389049,1.80957,1.14231,1.31584,10,21857,16.7641,2.14643
1776902925293559022,2.45787,-0.185547,0.0572002,1.96256,1.14231,1.31584,10,21874,16.7771,2.1481
1776902925298559680,2.45787,-0.181641,0.0625712,1.96646,1.24423,1.30513,10,21888,16.7879,2.30149
1776902925303555967,2.45627,-0.181641,0.0717094,2.11985,1.24423,1.30513,10,21899,16.7963,1.99353
1776902925308574683,2.45627,-0.15625,0.0801456,1.83728,1.38663,1.31308,10,21913,16.8071,2.14815
1776902925313555523,2.45474,-0.15625,0.0893542,1.9919,1.38663,1.31308,10,21923,16.8147,2.14767
1776902925318596391,2.45474,-0.136719,0.0970256,2.01096,1.35299,1.31799,10,21940,16.8278,1.99432
1776902925323573175,2.45402,-0.136719,0.109345,1.85761,1.35299,1.31799,10,21949,16.8347,2.14729
1776902925328558127,2.45402,-0.0800781,0.11625,2.06721,1.33508,1.34735,10,21967,16.8485,2.14725
1776902925333546912,2.45286,-0.0800781,0.128888,2.06717,1.33508,1.34735,10,21977,16.8561,2.1481
1776902925338551089,2.45286,0.00390625,0.136557,2.15201,1.42473,1.39046,10,21995,16.87,2.14725
1776902925343554025,2.45272,0.00390625,0.150229,2.15115,1.42473,1.39046,10,22005,16.8776,2.14729
1776902925348603099,2.45272,0.0859375,0.157901,2.23323,1.29348,1.43667,10,22024,16.8922,2.14725
1776902925353600145,2.45342,0.0859375,0.173165,2.23318,1.29348,1.43667,10,22034,16.8999,2.1481
1776902925358556721,2.45342,0.126953,0.180834,2.27506,1.43284,1.46288,10,22051,16.9129,2.14725
1776902925363555527,2.45463,0.126953,0.202756,2.12169,1.43284,1.46288,10,22067,16.9252,1.99474
1776902925368551666,2.45463,0.136719,0.207358,2.13146,1.28166,1.47339,10,22079,16.9344,2.14767
1776902925373582551,2.45601,0.136719,0.217942,2.28439,1.28166,1.47339,10,22089,16.9421,2.14767
1776902925378575319,2.45601,0.123047,0.225611,2.27072,1.52334,1.47121,10,22107,16.9559,2.14643
1776902925383558863,2.45781,0.123047,0.241225,2.26948,1.52334,1.47121,10,22117,16.9635,2.30103
1776902925388552890,2.45781,0.126953,0.248894,2.42798,1.28915,1.4808,10,22136,16.9781,2.1481
1776902925393555196,2.4584,0.126953,0.26405,2.27506,1.28915,1.4808,10,22147,16.9865,2.30057
1776902925398551520,2.4584,0.207031,0.272486,2.5076,1.52787,1.52881,10,22164,16.9996,2.14853
1776902925403554364,2.46073,0.207031,0.287862,2.35557,1.52787,1.52881,10,22171,17.0049,1.68724
1776902925408579896,2.46073,0.244141,0.293231,1.93138,1.53089,1.55948,10,22175,17.008,0.766829
1776902925413576646,2.46192,0.244141,0.297488,1.01097,1.53089,1.55948,10,22176,17.0088,0.153412
1776902925418550744,2.46192,1.58594,0.298255,1.73935,1.96913,2.32914,10,22180,17.0118,0.460052
1776902925423550290,2.47402,1.58594,0.31342,2.04599,1.96913,2.32914,10,22183,17.0141,0.45996
1776902925428547929,2.47402,1.60547,-0.312596,2.06543,2.0628,2.38937,10,22190,17.0195,0.920486
1776902925433602393,2.48253,1.60547,-0.293345,2.67909,2.0628,2.38937,10,22201,17.028,1.07362
1776902925438579973,2.48253,0.597656,-0.290277,1.67128,2.20099,1.84937,10,22212,17.0364,1.5345
1776902925443528307,2.50007,0.597656,-0.264306,2.13216,2.20099,1.84937,10,22223,17.0448,1.99432
1776902925448548690,2.50007,0.164062,-0.255868,2.15839,1.77602,1.67285,10,22237,17.0556,1.99432
1776902925453546255,2.50538,0.164062,-0.239818,2.15839,1.77602,1.67285,10,22247,17.0632,2.29697
1776902925458550451,2.50538,-0.0546875,-0.232146,2.24228,1.59957,1.5695,10,22268,17.0793,2.45634
1776902925463557054,2.5057,-0.0546875,-0.215724,2.40165,1.59957,1.5695,10,22280,17.0885,2.45536
1776902925468625779,2.5057,-0.179688,-0.206519,2.27567,1.42002,1.49952,10,22302,17.1054,2.60825
1776902925473580226,2.50502,-0.179688,-0.190328,2.42856,1.42002,1.49952,10,22314,17.1146,2.60811
1776902925478555787,2.50502,-0.480469,-0.181123,2.12764,1.59262,1.32534,10,22331,17.1277,2.14686
1776902925483612991,2.5,-0.480469,-0.173102,1.66639,1.59262,1.32534,10,22341,17.1353,1.99512
1776902925488619280,2.5,-0.376953,-0.165433,1.61817,1.51087,1.3642,10,22360,17.1499,2.30103
1776902925493582950,2.49736,-0.376953,-0.153497,1.92407,1.51087,1.3642,10,22372,17.1591,2.45339
1776902925498576866,2.49736,-0.544922,-0.144294,1.90847,1.54814,1.25786,10,22391,17.1737,2.30149
1776902925503549519,2.49736,-0.544922,-0.129722,1.75656,1.54814,1.25786,10,22402,17.1821,2.30064
1776902925508556493,2.49065,-0.544922,-0.127999,1.75572,1.42201,1.23082,10,22418,17.1944,2.30103
1776902925513550854,2.49065,-0.478516,-0.115727,1.82251,1.42201,1.23082,10,22435,17.2074,2.30057
1776902925518604039,2.48279,-0.478516,-0.110547,1.82205,1.29727,1.23697,10,22451,17.2197,2.30103
1776902925523554207,2.48279,-0.5,-0.0982752,1.80103,1.29727,1.23697,10,22464,17.2297,2.1481
1776902925528555828,2.48012,-0.5,-0.0909777,1.6481,1.0753,1.21393,10,22480,17.2419,2.30149
1776902925533555893,2.48012,-0.462891,-0.0787058,1.8386,1.0753,1.21393,10,22494,17.2527,2.30018
1776902925538556977,2.47323,-0.462891,-0.0748549,1.83729,1.19425,1.2072,10,22512,17.2665,2.45438
1776902925543537354,2.47323,-0.492188,-0.0610495,1.96219,1.19425,1.2072,10,22525,17.2765,2.45095
1776902925548598188,2.47072,-0.492188,-0.0535822,1.95876,1.05937,1.18035,10,22541,17.2887,2.30425
1776902925553588326,2.47072,-0.339844,-0.0413104,1.96441,1.05937,1.18035,10,22555,17.2995,2.1481
1776902925558553422,2.46457,-0.339844,-0.0367251,1.80826,1.29307,1.24221,10,22570,17.311,2.30057
1776902925563555766,2.46457,-0.263672,-0.02522,2.03689,1.29307,1.24221,10,22583,17.3209,1.99393
1776902925568553294,2.46295,-0.263672,-0.0168696,1.73025,1.30386,1.27904,10,22598,17.3324,2.14772
1776902925573555007,2.46295,-0.228516,-0.00536446,1.91921,1.30386,1.27904,10,22611,17.3424,2.1481
1776902925578553943,2.46295,-0.228516,0.00460718,1.91959,1.35629,1.29908,10,22625,17.3532,2.14767
1776902925583560750,2.45948,-0.228516,0.0118704,1.91916,1.35629,1.29908,10,22635,17.3608,2.14686
1776902925588553888,2.45948,-0.171875,0.0195417,1.97499,1.2293,1.31724,10,22652,17.3739,1.99472
1776902925593532616,2.45702,-0.171875,0.0301218,1.82285,1.2293,1.31724,10,22662,17.3815,1.99432
1776902925598559297,2.45702,-0.123047,0.0377912,1.87128,1.30991,1.33506,10,22678,17.3938,1.99354
1776902925603572846,2.45573,-0.123047,0.0487699,1.8705,1.30991,1.33506,10,22687,17.4007,1.99432
1776902925608552908,2.45573,-0.0859375,0.0556726,1.90839,1.11918,1.35095,10,22703,17.413,1.84096
1776902925613554585,2.45525,-0.0859375,0.0674677,1.75502,1.11918,1.35095,10,22711,17.4191,1.8406
1776902925618576376,2.45525,-0.0273438,0.0736036,1.81326,1.38383,1.3824,10,22727,17.4314,1.84059
1776902925623596148,2.45456,-0.0273438,0.0851812,1.81325,1.38383,1.3824,10,22736,17.4383,1.99472
1776902925628592639,2.45456,-0.00195312,0.0920858,1.99277,1.30973,1.39405,10,22753,17.4513,1.99432
1776902925633560143,2.45444,-0.00195312,0.105006,1.99237,1.30973,1.39405,10,22762,17.4582,1.99235
1776902925638550521,2.45444,0.0429688,0.111909,2.03532,1.60253,1.41918,10,22778,17.4705,1.84171
1776902925643527638,2.45492,0.0429688,0.124661,1.88468,1.60253,1.41918,10,22787,17.4774,1.99474
1776902925648553541,2.45492,0.0683594,0.131564,2.0631,1.44009,1.43561,10,22803,17.4897,1.8406
1776902925653578592,2.45492,0.0683594,0.143836,1.90896,1.44009,1.43561,10,22812,17.4966,1.84059
1776902925658560710,2.45537,0.0683594,0.151193,1.90895,1.39097,1.43746,10,22825,17.5066,1.99432
1776902925663552311,2.45537,0.140625,0.161164,2.13495,1.39097,1.43746,10,22838,17.5165,1.84096
1776902925668560266,2.45693,0.140625,0.172696,1.98158,1.57425,1.48501,10,22849,17.525,1.84097
1776902925673552182,2.45693,0.175781,0.181132,2.01675,1.57425,1.48501,10,22863,17.5357,1.84022
1776902925678559285,2.45926,0.175781,0.194192,2.016,1.30062,1.5145,10,22877,17.5464,1.99393
1776902925683550849,2.45926,0.179688,0.20493,2.17361,1.30062,1.5145,10,22890,17.5564,2.1481
1776902925688550266,2.46024,0.179688,0.21589,2.32779,1.46666,1.52076,10,22905,17.5679,2.14601
1776902925693546034,2.46024,0.203125,0.227395,2.34913,1.46666,1.52076,10,22918,17.5779,1.99552
1776902925698594033,2.46193,0.203125,0.239055,2.19865,1.31236,1.54098,10,22932,17.5886,2.14767
1776902925703592247,2.46193,0.240234,0.249791,2.38791,1.31236,1.54098,10,22945,17.5986,2.14772
1776902925708608426,2.46502,0.240234,0.262845,2.38796,1.63402,1.57466,10,22960,17.6101,1.99393
1776902925713575522,2.46502,0.246094,0.27435,2.24002,1.63402,1.57466,10,22972,17.6193,2.14725
1776902925718558548,2.46737,0.246094,0.285911,2.39334,1.44233,1.58757,10,22977,17.6231,1.22719
1776902925723556501,2.46737,0.808594,0.289746,2.03578,1.44233,1.58757,10,22979,17.6247,0.306763
1776902925728560141,2.46737,0.808594,0.29128,1.11536,2.10363,1.9082,10,22980,17.6254,0.306763
1776902925733559984,2.47166,0.808594,0.296338,1.11536,2.10363,1.9082,10,22982,17.627,0.15332
1776902925738552734,2.47166,1.61914,0.297873,1.77246,2.07841,2.38762,10,22989,17.6323,0.767136
1776902925743532981,2.48394,1.61914,-0.312798,2.38628,2.07841,2.38762,10,22997,17.6385,1.38054
1776902925748600335,2.48394,0.617188,-0.306662,1.99773,1.85252,1.86619,10,23009,17.6477,1.53389
1776902925753587991,2.50423,0.617188,-0.277167,2.15108,1.85252,1.86619,10,23018,17.6546,1.84134
1776902925758584629,2.50423,0.578125,-0.270264,2.41947,1.96922,1.92559,10,23035,17.6676,1.99354
1776902925763579379,2.507,0.578125,-0.254462,2.57167,1.96922,1.92559,10,23044,17.6745,1.99393
1776902925768678479,2.507,0.109375,-0.247559,2.1033,1.33395,1.66949,10,23065,17.6906,2.30149
1776902925773624350,2.51164,0.109375,-0.226805,2.41086,1.33395,1.66949,10,23077,17.6998,2.60721
1776902925778581945,2.51164,-0.0273438,-0.217603,2.57986,1.63102,1.61018,10,23098,17.7159,2.60877
1776902925783556840,2.51159,-0.0273438,-0.201546,2.58143,1.63102,1.61018,10,23110,17.7251,2.45389
1776902925788555960,2.51159,-0.353516,-0.192343,2.10037,1.62725,1.42405,10,23128,17.739,2.30103
1776902925793526873,2.50886,-0.353516,-0.181268,1.94751,1.62725,1.42405,10,23139,17.7474,2.1481
1776902925798574613,2.50886,-0.363281,-0.172831,1.78482,1.73605,1.40754,10,23160,17.7635,2.45438
1776902925803557638,2.50886,-0.363281,-0.156724,2.09109,1.73605,1.40754,10,23171,17.7719,2.60668
1776902925808561463,2.50698,-0.363281,-0.150172,2.2434,1.7113,1.39999,10,23187,17.7842,2.1481
1776902925813557528,2.50698,-0.634766,-0.1379,1.51334,1.7113,1.39999,10,23203,17.7965,2.30018
1776902925818583153,2.49965,-0.634766,-0.132951,1.66542,1.46112,1.21586,10,23218,17.808,2.14853
1776902925823596905,2.49965,-0.46875,-0.121445,1.67978,1.46112,1.21586,10,23232,17.8187,2.14767
1776902925828586210,2.49156,-0.46875,-0.118804,1.67892,1.39818,1.27791,10,23247,17.8302,2.30057
1776902925833550472,2.49156,-0.542969,-0.107301,1.7576,1.39818,1.27791,10,23261,17.841,2.14686
1776902925838555613,2.48917,-0.542969,-0.0989463,1.60389,1.08628,1.226,10,23277,17.8532,2.30195
1776902925843522858,2.48917,-0.490234,-0.0866744,1.81171,1.08628,1.226,10,23291,17.864,2.30103
1776902925848545315,2.48169,-0.490234,-0.0834224,1.81079,1.3448,1.22584,10,23308,17.877,2.45389
1776902925853546640,2.48169,-0.5625,-0.0703838,1.89139,1.3448,1.22584,10,23321,17.887,2.29873
1776902925858553707,2.47921,-0.5625,-0.0628917,1.73623,1.09354,1.17463,10,23336,17.8985,2.14982
1776902925863549197,2.47921,-0.460938,-0.0513885,1.68889,1.09354,1.17463,10,23349,17.9085,2.14725
1776902925868554319,2.47116,-0.460938,-0.0494602,1.68631,1.44655,1.19995,10,23364,17.92,1.99474
1776902925873561163,2.47116,-0.46875,-0.037955,1.52599,1.44655,1.19995,10,23376,17.9292,2.14767
1776902925878551875,2.47116,-0.46875,-0.0287521,1.67892,1.22657,1.1955,10,23390,17.9399,1.99394
1776902925883547291,2.46886,-0.46875,-0.020314,1.52519,1.22657,1.1955,10,23400,17.9476,2.14682
1776902925888546152,2.46886,-0.326172,-0.0126445,1.82064,1.42394,1.26743,10,23418,17.9614,2.1481
1776902925893546347,2.46138,-0.326172,-0.00631974,1.82193,1.42394,1.26743,10,23428,17.9691,2.14725
1776902925898625629,2.46138,-0.306641,0.00134968,1.8406,1.01865,1.24817,10,23445,17.9821,1.99394
1776902925903594763,2.45992,-0.306641,0.0129254,1.6873,1.01865,1.24817,10,23455,17.9898,2.14767
1776902925908561453,2.45992,-0.238281,0.0205948,1.90939,1.26984,1.28119,10,23472,18.0028,1.99512
1776902925913609674,2.45598,-0.238281,0.0296986,1.75684,1.26984,1.28119,10,23482,18.0105,2.14729
1776902925918592422,2.45598,-0.246094,0.0373681,1.9012,1.15714,1.26071,10,23500,18.0243,2.14725
1776902925923585060,2.45481,-0.246094,0.0500004,1.90115,1.15714,1.26071,10,23511,18.0327,2.14767
1776902925928575383,2.45481,-0.193359,0.0584366,1.95432,1.34579,1.28598,10,23529,18.0465,2.30149
1776902925933555111,2.45148,-0.193359,0.0689137,2.10813,1.34579,1.28598,10,23540,18.055,2.14686
1776902925938553102,2.45148,-0.167969,0.0773518,1.97889,1.18785,1.28688,10,23558,18.0688,2.29873
1776902925943522014,2.45069,-0.167969,0.0903618,2.13076,1.18785,1.28688,10,23568,18.0764,1.99592
1776902925948594295,2.45069,-0.0292969,0.0980332,1.96662,1.48061,1.36268,10,23585,18.0895,2.1481
1776902925953610956,2.45069,-0.0292969,0.111072,2.11881,1.48061,1.36268,10,23595,18.0971,1.99434
1776902925958587332,2.44916,-0.0292969,0.117215,1.96504,1.34055,1.35645,10,23609,18.1079,1.99432
1776902925963599214,2.44916,0.0507812,0.127954,2.04511,1.34055,1.35645,10,23623,18.1186,1.99394
1776902925968579553,2.44933,0.0507812,0.138866,2.04472,1.39496,1.4028,10,23635,18.1278,1.99432
1776902925973556300,2.44933,0.078125,0.148067,2.07245,1.39496,1.4028,10,23648,18.1378,2.14725
1776902925978555976,2.44953,0.078125,0.158233,2.22537,1.46251,1.41918,10,23662,18.1485,2.14767
1776902925983562302,2.44953,0.0859375,0.168971,2.23361,1.46251,1.41918,10,23678,18.1608,1.99394
1776902925988559570,2.45089,0.0859375,0.182609,2.07988,1.25412,1.4292,10,23689,18.1692,2.14767
1776902925993523351,2.45089,0.0957031,0.191043,2.24338,1.25412,1.4292,10,23702,18.1792,1.99394
1776902925998552811,2.45131,0.0957031,0.201432,2.08965,1.42268,1.43647,10,23716,18.1899,2.1481
1776902926003549151,2.45131,0.175781,0.212169,2.32389,1.42268,1.43647,10,23730,18.2007,1.84024
1776902926008548526,2.45303,0.175781,0.224632,2.01602,1.28384,1.48915,10,23742,18.2099,1.99474
1776902926013548161,2.45303,0.214844,0.233836,2.20958,1.28384,1.48915,10,23756,18.2206,1.99432
1776902926018548240,2.45397,0.214844,0.245513,2.20917,1.62252,1.51525,10,23771,18.2321,1.99393
1776902926023597401,2.45397,0.273438,0.257018,2.26736,1.62252,1.51525,10,23784,18.2421,2.14772
1776902926028580143,2.45397,0.273438,0.26699,2.42116,1.45241,1.54865,10,23798,18.2528,2.14767
1776902926033560515,2.45745,0.273438,0.281207,2.42111,1.45241,1.54865,10,23806,18.259,1.83986
1776902926038570151,2.45745,0.337891,0.287343,2.17775,1.64329,1.59956,10,23813,18.2643,1.07384
1776902926043544096,2.46164,0.337891,0.296901,1.41173,1.64329,1.59956,10,23814,18.2651,0.307206
1776902926048543064,2.46164,1.22266,0.29767,1.52986,1.77128,2.12094,10,23817,18.2674,0.30664
1776902926053552959,2.46913,1.22266,0.307452,1.5293,1.77128,2.12094,10,23820,18.2697,0.460052
1776902926058550371,2.46913,1.72656,0.309753,2.18661,2.02528,2.43855,10,23827,18.2751,0.920671
1776902926063550691,2.48511,1.72656,-0.297207,2.64723,2.02528,2.43855,10,23834,18.2804,1.22694
1776902926068548195,2.48511,0.726562,-0.291838,1.95351,2.01984,1.93326,10,23847,18.2904,1.53389
1776902926073554312,2.49853,0.726562,-0.268456,2.26045,2.01984,1.93326,10,23854,18.2958,1.5342
1776902926078545204,2.49853,0.375,-0.263087,1.9092,2.19113,1.78689,10,23871,18.3088,1.99393
1776902926083586753,2.50342,0.375,-0.245152,2.36893,2.19113,1.78689,10,23878,18.3142,1.68724
1776902926088559883,2.50342,-0.210938,-0.239783,1.4763,1.55938,1.47257,10,23897,18.3288,1.99472
1776902926093593746,2.50337,-0.210938,-0.225258,1.78379,1.55938,1.47257,10,23910,18.3387,2.76108
1776902926098577600,2.50337,-0.320312,-0.215289,2.44077,1.6149,1.41003,10,23934,18.3571,3.06693
1776902926103560231,2.50337,-0.320312,-0.196881,2.74662,1.6149,1.41003,10,23945,18.3656,2.30149
1776902926108552864,2.50058,-0.320312,-0.191237,1.98117,1.26596,1.39881,10,23959,18.3763,2.14772
1776902926113549369,2.50058,-0.431641,-0.180499,1.71608,1.26596,1.39881,10,23976,18.3894,2.14725
1776902926118556523,2.49504,-0.431641,-0.173001,1.7156,1.67951,1.31308,10,23992,18.4016,2.45438
1776902926123548489,2.49504,-0.441406,-0.160729,2.01297,1.67951,1.31308,10,24006,18.4124,2.30103
1776902926128559755,2.49279,-0.441406,-0.152237,1.85962,1.45067,1.29848,10,24023,18.4254,2.30103
1776902926133552463,2.49279,-0.554688,-0.139199,1.74634,1.45067,1.29848,10,24040,18.4384,2.75997
1776902926138557413,2.48407,-0.554688,-0.134877,2.20529,1.47225,1.19875,10,24057,18.4515,2.45536
1776902926143528542,2.48407,-0.466797,-0.121838,1.98856,1.47225,1.19875,10,24072,18.463,2.45487
1776902926148557033,2.48155,-0.466797,-0.112853,1.98807,1.10485,1.23867,10,24088,18.4753,2.30103
1776902926153555723,2.48155,-0.490234,-0.100581,1.81079,1.10485,1.23867,10,24101,18.4852,2.30011
1776902926158554339,2.47477,-0.490234,-0.0973973,1.80987,1.23711,1.19785,10,24115,18.496,2.45487
1776902926163549343,2.47477,-0.392578,-0.0866589,2.06229,1.23711,1.19785,10,24133,18.5098,2.30064
1776902926168552682,2.47291,-0.392578,-0.0747113,1.90807,1.05239,1.246,10,24150,18.5228,2.45389
1776902926173545370,2.47291,-0.488281,-0.0616727,1.9656,1.05239,1.246,10,24164,18.5336,2.30149
1776902926178580048,2.47291,-0.488281,-0.0509343,1.8132,1.26773,1.19145,10,24181,18.5466,2.45389
1776902926183570199,2.43476,-0.488281,-0.0760465,1.9656,1.26773,1.19145,10,24192,18.555,2.45536
1776902926188587688,2.43476,-0.478516,-0.0676102,1.97684,1.22618,1.04145,10,24212,18.5704,2.30057
1776902926193555669,2.42753,-0.478516,-0.0595021,1.82205,1.22618,1.04145,10,24222,18.578,2.14725
1776902926198584920,2.42753,-0.398438,-0.0518327,1.74881,1.07377,1.05738,10,24239,18.5911,2.1481
1776902926203560754,2.42316,-0.398438,-0.0431599,1.74967,1.07377,1.05738,10,24248,18.598,1.99434
1776902926208553739,2.42316,-0.302734,-0.0362572,1.69161,1.01276,1.09397,10,24265,18.611,1.99393
1776902926213556355,2.41955,-0.302734,-0.026833,1.69119,1.01276,1.09397,10,24274,18.6179,1.99434
1776902926218546414,2.41955,-0.230469,-0.0199284,1.76387,1.20295,1.12026,10,24290,18.6302,1.99273
1776902926223549919,2.4184,-0.230469,-0.00880097,1.76226,1.20295,1.12026,10,24300,18.6379,1.84171
1776902926228543942,2.4184,-0.0488281,-0.00113152,1.79288,0.956528,1.21908,10,24316,18.6501,1.99434
1776902926233574174,2.4164,-0.0488281,0.00913764,1.94551,0.956528,1.21908,10,24325,18.657,1.99114
1776902926238550397,2.4164,-0.0273438,0.0160403,1.96379,1.19488,1.22305,10,24341,18.6693,1.84354
1776902926243532269,2.41621,-0.0273438,0.0281196,1.8162,1.19488,1.22305,10,24349,18.6754,1.84097
1776902926248556111,2.41621,-0.00585938,0.0342555,1.83511,1.16793,1.2345,10,24364,18.687,1.84096
1776902926253576694,2.41621,-0.00585938,0.0457606,1.8351,1.16793,1.2345,10,24372,18.6931,1.68762
1776902926258571883,2.39807,-0.00585938,0.0337615,1.68176,1.27602,1.1594,10,24384,18.7023,1.6869
1776902926263552496,2.39807,0.0742188,0.0429645,1.76112,1.27602,1.1594,10,24397,18.7123,1.68758
1776902926268551148,2.39838,0.0742188,0.0532394,1.7618,1.39706,1.20631,10,24408,18.7207,1.68695
1776902926273595976,2.39838,0.228516,0.0616756,1.91546,1.39706,1.20631,10,24421,18.7307,1.68792
1776902926278579311,2.40047,0.228516,0.0737453,1.91643,1.16152,1.30297,10,24430,18.7376,1.68657
1776902926283679481,2.40047,0.339844,0.080648,2.02641,1.16152,1.30297,10,24442,18.7468,1.68796
1776902926288588211,2.40341,0.339844,0.0927844,2.0278,1.31838,1.3786,10,24452,18.7544,1.68724
1776902926293560693,2.40341,0.429688,0.100456,2.11693,1.31838,1.3786,10,24462,18.7621,1.68724
1776902926298556660,2.4073,0.429688,0.112018,2.11693,1.30141,1.44594,10,24474,18.7713,1.68762
1776902926303571408,2.4073,0.4375,0.121221,2.12512,1.30141,1.44594,10,24484,18.779,1.68724
1776902926308571894,2.41173,0.4375,0.133319,2.12474,1.36084,1.46871,10,24494,18.7867,1.84134
1776902926313571510,2.41173,0.431641,0.140989,2.27298,1.36084,1.46871,10,24508,18.7974,1.6869
1776902926318570033,2.41605,0.431641,0.156047,2.11854,1.44812,1.48322,10,24521,18.8074,1.84134
1776902926323622232,2.41605,0.433594,0.166019,2.27493,1.44812,1.48322,10,24533,18.8166,1.99354
1776902926328590713,2.41605,0.433594,0.175224,2.42714,1.37656,1.48434,10,24547,18.8273,1.99393
1776902926333562546,2.40882,0.433594,0.178728,2.42752,1.37656,1.48434,10,24557,18.835,1.99394
1776902926338637619,2.40882,0.455078,0.186399,2.44902,1.49016,1.46669,10,24574,18.848,2.1481
1776902926343561000,2.41307,0.455078,0.203691,2.60318,1.49016,1.46669,10,24584,18.8557,1.99472
1776902926348588176,2.41307,0.505859,0.21136,2.50058,1.45585,1.51323,10,24598,18.8664,1.84059
1776902926353577679,2.42031,0.505859,0.229339,2.34645,1.45585,1.51323,10,24601,18.8687,1.07362
1776902926358579370,2.42031,0.589844,0.231639,1.66347,1.76004,1.59098,10,24602,18.8695,0
1776902926363575837,2.42297,0.589844,0.235069,0.589844,1.76004,1.59098,10,24602,18.8695,0.153351
1776902926368579768,2.42297,1.79492,0.235069,1.94827,1.9071,2.28885,10,24605,18.8718,0.306702
1776902926373556214,2.44076,1.79492,0.255163,2.10162,1.9071,2.28885,10,24609,18.8749,0.61403
1776902926378554570,2.44076,1.73047,0.25823,2.3445,1.82799,2.32518,10,24619,18.8825,1.07384
1776902926383557631,2.44947,1.73047,0.274601,2.80431,1.82799,2.32518,10,24625,18.8871,1.38026
1776902926388555673,2.44947,0.746094,0.279203,2.12636,1.88994,1.79967,10,24638,18.8971,1.53358
1776902926393532340,2.46976,0.746094,0.309467,2.27968,1.88994,1.79967,10,24647,18.904,1.84134
1776902926398549903,2.46976,0.726562,-0.311949,2.5679,1.71382,1.87113,10,24664,18.9171,1.99354
1776902926403554261,2.46976,0.726562,-0.29891,2.72011,1.71382,1.87113,10,24676,18.9263,2.30195
1776902926408554469,2.4656,0.726562,-0.293865,3.02851,1.66415,1.85424,10,24692,18.9385,2.45438
1776902926413550937,2.4656,0.208984,-0.281594,2.66336,1.66415,1.85424,10,24709,18.9516,2.14767
1776902926418554201,2.47194,0.208984,-0.262217,2.35666,1.64229,1.58494,10,24725,18.9638,2.30011
1776902926423577358,2.47194,-0.230469,-0.249945,2.06964,1.64229,1.58494,10,24741,18.9761,2.30149
1776902926428552007,2.47184,-0.230469,-0.237772,2.07102,1.93632,1.33405,10,24754,18.9861,2.14729
1776902926433545511,2.47184,-0.40625,-0.227801,1.74104,1.93632,1.33405,10,24768,18.9968,2.45438
1776902926438544386,2.47083,-0.40625,-0.218073,2.04813,1.90451,1.22976,10,24784,19.0091,2.30057
1776902926443522813,2.47083,-0.6875,-0.205801,1.61307,1.90451,1.22976,10,24798,19.0198,2.30195
1776902926448545247,2.46276,-0.6875,-0.203135,1.61445,1.47979,1.03668,10,24810,19.029,2.14682
1776902926453550234,2.46276,-0.671875,-0.19393,1.47494,1.47979,1.03668,10,24824,19.0398,2.30149
1776902926458553851,2.46034,-0.671875,-0.185608,1.62961,1.17616,1.03576,10,24840,19.052,2.30064
1776902926463552893,2.46034,-0.373047,-0.173336,1.9276,1.17616,1.03576,10,24855,19.0635,1.99432
1776902926468559991,2.45197,-0.373047,-0.170206,1.62128,1.09369,1.17197,10,24868,19.0735,1.99472
1776902926473554792,2.45197,-0.417969,-0.160237,1.57675,1.09369,1.17197,10,24880,19.0827,1.84059
1776902926478578300,2.45197,-0.417969,-0.151032,1.42262,0.810045,1.14636,10,24894,19.0935,1.99432
1776902926483550597,2.43297,-0.417969,-0.159289,1.57636,0.810045,1.14636,10,24903,19.1004,1.99394
1776902926488582811,2.43297,-0.28125,-0.152386,1.71269,1.16639,1.14656,10,24921,19.1142,2.14725
1776902926493551977,2.42648,-0.28125,-0.145071,1.866,1.16639,1.14656,10,24931,19.1218,2.14725
1776902926498558224,2.42648,-0.25,-0.137402,1.89725,1.00922,1.13769,10,24949,19.1356,2.1481
1776902926503548912,2.42377,-0.25,-0.126303,1.8981,1.00922,1.13769,10,24959,19.1425,1.99434
1776902926508555751,2.42377,-0.25,-0.118633,1.74434,1.35486,1.12654,10,24975,19.1556,2.14596
1776902926513550737,2.42134,-0.25,-0.108799,1.89596,1.35486,1.12654,10,24984,19.1625,1.8417
1776902926518555113,2.42134,-0.132812,-0.101895,1.70888,1.11568,1.1833,10,24999,19.174,1.84134
1776902926523549098,2.41958,-0.132812,-0.0921442,1.70853,1.11568,1.1833,10,25008,19.1809,1.84022
1776902926528653417,2.41958,-0.0410156,-0.0852415,1.79921,1.26854,1.2284,10,25023,19.1924,1.84097
1776902926533584392,2.41865,-0.0410156,-0.0746672,1.79996,1.26854,1.2284,10,25032,19.1993,1.84096
1776902926538556595,2.41865,0.0292969,-0.0677645,1.87026,1.17035,1.26464,10,25048,19.2116,1.84024
1776902926543537893,2.41861,0.0292969,-0.0555327,1.86953,1.17035,1.26464,10,25057,19.2185,1.99474
1776902926548544770,2.41861,0.0566406,-0.0486281,2.05138,1.16574,1.28006,10,25074,19.2315,1.99393
1776902926553558962,2.41861,0.0566406,-0.0355894,2.05057,1.16574,1.28006,10,25083,19.2384,1.99472
1776902926558552077,2.40863,0.0566406,-0.038666,2.05136,1.13281,1.23882,10,25097,19.2492,2.14686
1776902926563553026,2.40863,0.0839844,-0.0279276,2.23085,1.13281,1.23882,10,25112,19.2607,1.99472
1776902926568577313,2.4096,0.0839844,-0.0154631,2.07871,1.18773,1.25839,10,25126,19.2714,1.99393
1776902926573558352,2.4096,0.115234,-0.00472472,2.10916,1.18773,1.25839,10,25140,19.2821,1.84059
1776902926578549300,2.41059,0.115234,0.00701121,1.95583,1.30997,1.28033,10,25151,19.2906,1.84097
1776902926583551175,2.41059,0.220703,0.0154493,2.06168,1.30997,1.28033,10,25164,19.3005,1.84096
1776902926588560422,2.41261,0.220703,0.0274332,2.06166,1.11813,1.34877,10,25175,19.309,1.84097
1776902926593524180,2.41261,0.261719,0.0358694,2.10269,1.11813,1.34877,10,25186,19.3174,1.84059
1776902926598541577,2.41414,0.261719,0.045841,2.10231,1.38539,1.37848,10,25196,19.3251,1.84097
1776902926603548101,2.41414,0.332031,0.0535105,2.173,1.38539,1.37848,10,25210,19.3358,1.84022
1776902926608556978,2.41711,0.332031,0.0672186,2.17225,1.39287,1.43083,10,25220,19.3435,1.84096
1776902926613546518,2.41711,0.363281,0.074888,2.20424,1.39287,1.43083,10,25234,19.3542,1.99393
1776902926618551339,2.42074,0.363281,0.0892542,2.35721,1.20811,1.46361,10,25245,19.3627,1.84134
1776902926623547972,2.42074,0.357422,0.0976923,2.19876,1.20811,1.46361,10,25256,19.3711,1.84022
1776902926628591003,2.41505,0.357422,0.110412,2.19839,1.42226,1.46027,10,25274,19.3849,1.84097
1776902926633557687,2.41505,0.357422,0.110412,2.19839,1.42226,1.46027,10,25274,19.3849,1.84097
1776902926638550617,2.42098,0.335938,0.134752,2.32986,1.39499,1.42456,10,25299,19.4041,1.99393
1776902926643537360,2.42098,0.335938,0.134752,2.32986,1.39499,1.42456,10,25299,19.4041,1.99393
1776902926648594690,2.42546,0.347656,0.159172,2.34278,1.54642,1.45571,10,25325,19.424,1.99512
1776902926653583396,2.42546,0.359375,0.163774,2.3545,1.54642,1.45571,10,25334,19.4309,2.14643
1776902926658549377,2.42793,0.359375,0.173141,2.50581,1.39956,1.49097,10,25345,19.4394,1.99512
1776902926663545603,2.42793,0.375,0.181576,2.37012,1.39956,1.49097,10,25352,19.4447,1.22719
1776902926668547386,2.42899,0.375,0.188009,1.60219,1.6836,1.50425,10,25357,19.4486,0.613662
1776902926673548539,2.42899,0.806641,0.191845,1.4203,1.6836,1.50425,10,25361,19.4516,0.613281
1776902926678575030,2.43731,0.806641,0.203232,1.41992,1.95126,1.78444,10,25364,19.4539,0.613785
1776902926683557458,2.43731,1.1582,0.205534,1.77199,1.95126,1.78444,10,25370,19.4585,0.766908
1776902926688551628,2.44001,1.1582,0.212839,1.92511,1.81958,1.99592,10,25377,19.4639,0.767136
1776902926693554467,2.44001,1.4043,0.218208,2.17143,1.81958,1.99592,10,25386,19.4708,1.22719
1776902926698554379,2.44001,1.4043,0.225111,2.63148,1.66741,2.13619,10,25395,19.4777,1.38026
1776902926703558255,2.46059,1.4043,0.252592,2.78456,1.66741,2.13619,10,25404,19.4846,1.84096
1776902926708551777,2.46059,0.394531,0.259496,2.23549,1.5156,1.64463,10,25420,19.4969,1.99472
1776902926713547652,2.47096,0.394531,0.282137,2.38925,1.5156,1.64463,10,25430,19.5046,1.99393
1776902926718545156,2.47096,0.0449219,0.289806,2.03885,1.76174,1.48746,10,25450,19.5199,2.30064
1776902926723551033,2.47276,0.0449219,0.306949,2.34557,1.76174,1.48746,10,25463,19.5291,2.60811
1776902926728548722,2.47276,-0.146484,-0.311397,2.46162,1.41066,1.38568,10,25485,19.5468,2.60825
1776902926733585548,2.47224,-0.146484,-0.295048,2.46176,1.41066,1.38568,10,25498,19.5567,2.76108
1776902926738572662,2.47224,-0.271484,-0.285078,2.48959,1.34443,1.3123,10,25518,19.5721,2.60773
1776902926743524362,2.47162,-0.271484,-0.270359,2.33624,1.34443,1.3123,10,25529,19.5805,2.29781
1776902926748548260,2.47162,-0.517578,-0.261923,1.78023,1.50645,1.1695,10,25547,19.5943,1.99634
1776902926753644151,2.46302,-0.517578,-0.256712,1.47876,1.50645,1.1695,10,25559,19.6035,2.60811
1776902926758600760,2.46302,-0.388672,-0.247507,2.21944,1.3963,1.20809,10,25580,19.6196,2.60773
1776902926763583855,2.46178,-0.388672,-0.232643,2.21906,1.3963,1.20809,10,25591,19.6281,2.30103
1776902926768656668,2.46178,-0.548828,-0.224205,1.7522,1.30964,1.11176,10,25611,19.6434,2.30018
1776902926773586513,2.46178,-0.548828,-0.208866,1.75136,1.30964,1.11176,10,25623,19.6526,2.60863
1776902926778633062,2.45301,-0.548828,-0.208435,2.0598,1.19701,1.07602,10,25639,19.6649,2.30064
1776902926783587189,2.45301,-0.318359,-0.196163,1.98228,1.19701,1.07602,10,25653,19.6756,2.30103
1776902926788578248,2.44942,-0.318359,-0.189018,1.98267,1.08686,1.19273,10,25669,19.6879,2.30103
1776902926793524114,2.44942,-0.392578,-0.176746,1.90845,1.08686,1.19273,10,25686,19.7009,2.30103
1776902926798621728,2.44287,-0.392578,-0.17025,1.90845,0.790569,1.12368,10,25700,19.7117,2.45438
1776902926803659776,2.44287,-0.457031,-0.159512,1.99734,0.790569,1.12368,10,25714,19.7224,2.30149
1776902926808600938,2.44172,-0.457031,-0.149925,1.84445,1.22497,1.08223,10,25729,19.7339,2.14767
1776902926813574309,2.44172,-0.382812,-0.13842,1.76486,1.22497,1.08223,10,25746,19.7469,2.30064
1776902926818588705,2.43413,-0.382812,-0.132976,1.91783,0.993389,1.09341,10,25758,19.7561,2.14767
1776902926823552574,2.43413,-0.382812,-0.123774,1.76486,0.993389,1.09341,10,25771,19.7661,2.14725
1776902926828557969,2.43309,-0.382812,-0.114834,1.76443,1.30413,1.08917,10,25785,19.7768,1.99434
1776902926833546509,2.43309,-0.246094,-0.104095,1.74825,1.30413,1.08917,10,25800,19.7884,1.99432
1776902926838545624,2.42734,-0.246094,-0.0983428,1.74823,1.07687,1.14346,10,25811,19.7968,1.99353
1776902926843523199,2.42734,-0.193359,-0.0807037,1.64797,1.07687,1.14346,10,25828,19.8098,1.84133
1776902926848546653,2.41829,-0.193359,-0.0859184,1.64797,1.27827,1.13624,10,25839,19.8183,1.99432
1776902926853549176,2.41829,-0.126953,-0.0774802,1.86737,1.27827,1.13624,10,25851,19.8275,1.99394
1776902926858549663,2.41596,-0.126953,-0.0706119,1.86699,1.06196,1.16445,10,25862,19.8359,1.99432
1776902926863548464,2.41596,-0.119141,-0.0621757,1.87518,1.06196,1.16445,10,25876,19.8466,1.84059
1776902926868545338,2.41536,-0.119141,-0.0520324,1.72145,1.18031,1.16645,10,25887,19.8551,1.99432
1776902926873554141,2.41536,-0.078125,-0.0435962,1.9162,1.18031,1.16645,10,25900,19.8651,1.84097
1776902926878550238,2.41422,-0.078125,-0.034769,1.76285,1.16974,1.1851,10,25910,19.8727,1.6869
1776902926883549205,2.41422,-0.00390625,-0.0270995,1.683,1.16974,1.1851,10,25924,19.8835,1.84096
1776902926888546247,2.41347,-0.00390625,-0.0171088,1.83705,1.13927,1.22431,10,25934,19.8911,1.84097
1776902926893545992,2.41347,0.0488281,-0.00943939,1.8898,1.13927,1.22431,10,25945,19.8996,1.84022
1776902926898550479,2.41354,0.0488281,-0.000930709,1.88905,1.39127,1.25466,10,25957,19.9088,1.84097
1776902926903554022,2.41354,0.1875,0.00827222,2.02847,1.39127,1.25466,10,25971,19.9195,1.68724
1776902926908551434,2.41564,0.1875,0.0211049,1.87474,1.21734,1.34236,10,25981,19.9272,1.99353
1776902926913551401,2.41564,0.234375,0.0287743,2.2279,1.21734,1.34236,10,25992,19.9356,1.84133
1776902926918545609,2.41062,0.234375,0.0421639,2.07572,1.35834,1.36908,10,26011,19.9502,1.84134
1776902926923549114,2.41062,0.234375,0.0421639,2.07572,1.35834,1.36908,10,26011,19.9502,1.84134
1776902926928547304,2.41634,0.322266,0.0662938,2.16361,1.19159,1.39843,10,26035,19.9686,1.84134
1776902926933557163,2.41634,0.310547,0.0708962,2.15189,1.19159,1.39843,10,26046,19.977,1.83986
1776902926938550407,2.41966,0.310547,0.0826474,2.1504,1.45205,1.42908,10,26057,19.9855,1.99472
1776902926943520814,2.41966,0.3125,0.0910836,2.30722,1.45205,1.42908,10,26070,19.9954,1.99393
1776902926948540452,2.42098,0.3125,0.102379,2.30643,1.33692,1.43565,10,26081,20.0039,1.99474
1776902926953546976,2.42098,0.314453,0.110815,2.30919,1.33692,1.43565,10,26094,20.0138,2.29873
1776902926958556724,2.42257,0.314453,0.122379,2.61318,1.34055,1.44333,10,26110,20.0261,2.14896
1776902926963549616,2.42257,0.355469,0.134651,2.50443,1.34055,1.44333,10,26124,20.0369,1.99434
1776902926968556141,2.42847,0.355469,0.151283,2.34981,1.4604,1.49097,10,26131,20.0422,1.38082
1776902926973548755,2.42847,0.484375,0.156654,1.86519,1.4604,1.49097,10,26136,20.0461,0.767136
1776902926978559188,2.43151,0.484375,0.163534,1.25151,1.73666,1.57696,10,26139,20.0484,0.460052
1776902926983547598,2.43151,1.24219,0.165836,1.70224,1.73666,1.57696,10,26146,20.0537,0.920486
1776902926988576441,2.43587,1.24219,0.180164,2.31581,1.99639,2.00892,10,26155,20.0606,1.07362
1776902926993529123,2.43587,1.09375,0.182467,2.16737,1.99639,2.00892,10,26164,20.0675,1.22743
1776902926998549669,2.45543,1.09375,0.208927,2.32118,1.68634,2.02216,10,26173,20.0744,1.38054
1776902927003548393,2.45543,0.355469,0.21583,1.73601,1.68634,2.02216,10,26184,20.0829,1.84097
1776902927008549430,2.45883,0.355469,0.227669,2.19644,1.73863,1.6152,10,26195,20.0913,1.99354
1776902927013546522,2.45883,0.279297,0.236107,2.27284,1.73863,1.6152,10,26207,20.1005,2.1481
1776902927018585640,2.46249,0.279297,0.248972,2.4274,1.51851,1.58668,10,26223,20.1128,2.14467
1776902927023583584,2.46249,0.0507812,0.261244,2.19545,1.51851,1.58668,10,26240,20.1258,2.30425
1776902927028552727,2.46363,0.0507812,0.275423,2.35503,1.4879,1.46106,10,26254,20.1366,2.45438
1776902927033607773,2.46363,-0.136719,0.286161,2.31766,1.4879,1.46106,10,26273,20.1511,2.60721
1776902927038575323,2.46285,-0.136719,0.29995,2.47049,1.22253,1.351,10,26288,20.1626,2.60773
1776902927043533279,2.46285,-0.458984,0.311455,2.14874,1.22253,1.351,10,26305,20.1757,2.30103
1776902927048555727,2.46047,-0.458984,-0.306205,1.84204,1.43952,1.15763,10,26318,20.1857,2.30064
1776902927053574064,2.46047,-0.570312,-0.286264,1.72841,1.43952,1.15763,10,26338,20.201,2.29873
1776902927058586677,2.45527,-0.570312,-0.286094,1.72841,1.71078,1.073,10,26351,20.211,2.14982
1776902927063576990,2.45527,-0.542969,-0.276123,1.60686,1.71078,1.073,10,26364,20.2209,2.45438
1776902927068554505,2.44923,-0.542969,-0.272197,1.91141,1.25717,1.06393,10,26374,20.2286,1.84097
1776902927073559543,2.44923,-0.634766,-0.264526,1.20621,1.25717,1.06393,10,26391,20.2416,2.14729
1776902927078554894,2.44306,-0.634766,-0.257656,1.51253,1.20232,0.986391,10,26403,20.2508,2.1481
1776902927083552653,2.44306,-0.453125,-0.248451,1.69498,1.20232,0.986391,10,26418,20.2624,1.99393
1776902927088553709,2.43795,-0.453125,-0.242057,1.5408,0.894902,1.069,10,26430,20.2716,2.14686
1776902927093556598,2.43795,-0.505859,-0.232853,1.641,0.894902,1.069,10,26444,20.2823,1.99472
1776902927098555302,2.43301,-0.505859,-0.22705,1.48886,0.819218,1.0187,10,26457,20.2923,2.14767
1776902927103580825,2.43301,-0.482422,-0.217079,1.66525,0.819218,1.0187,10,26473,20.3045,2.14729
1776902927108596494,2.42836,-0.482422,-0.209463,1.66487,1.0453,1.01293,10,26484,20.313,1.99432
1776902927113579046,2.42836,-0.414062,-0.201027,1.58026,1.0453,1.01293,10,26499,20.3245,2.14725
1776902927118549894,2.42362,-0.414062,-0.194263,1.73318,0.875278,1.03238,10,26511,20.3337,1.99434
1776902927123554580,2.42362,-0.392578,-0.185058,1.60176,0.875278,1.03238,10,26526,20.3452,2.14767
1776902927128548097,2.41107,-0.392578,-0.177663,1.44803,1.15518,1.04462,10,26543,20.3582,1.8406
1776902927133556265,2.41107,-0.285156,-0.173061,1.55545,1.15518,1.04462,10,26554,20.3667,1.99474
1776902927138550005,2.40778,-0.285156,-0.167917,1.70958,1.01234,1.04045,10,26565,20.3751,1.84097
1776902927143521074,2.40778,-0.246094,-0.159481,1.59488,1.01234,1.04045,10,26576,20.3835,1.99314
1776902927148539725,2.40412,-0.246094,-0.154705,1.74705,1.04299,1.04754,10,26587,20.392,1.99432
1776902927153548486,2.40412,-0.220703,-0.146269,1.77362,1.04299,1.04754,10,26600,20.4019,1.99432
1776902927158546652,2.40278,-0.220703,-0.137634,1.77362,0.840447,1.05647,10,26614,20.4127,1.99434
1776902927163543633,2.40278,-0.148438,-0.126897,1.8459,0.840447,1.05647,10,26628,20.4234,1.99432
1776902927168549486,2.40099,-0.148438,-0.117948,1.84589,1.08484,1.09024,10,26639,20.4319,1.99394
1776902927173546819,2.40099,-0.0078125,-0.109512,1.98613,1.08484,1.09024,10,26653,20.4426,1.68796
1776902927178558229,2.39986,-0.0078125,-0.099899,1.68015,0.818009,1.16572,10,26663,20.4503,1.84022
1776902927183646225,2.39986,0.0371094,-0.0922295,1.87733,0.818009,1.16572,10,26676,20.4602,1.84134
1776902927188599958,2.39989,0.0371094,-0.0822293,1.87845,1.04515,1.19145,10,26686,20.4679,1.84022
1776902927193526316,2.39989,0.111328,-0.0745599,1.95155,1.04515,1.19145,10,26700,20.4786,1.84097
1776902927198598995,2.39536,0.111328,-0.0606801,1.79857,1.31272,1.23376,10,26715,20.4901,1.68724
1776902927203623314,2.39536,0.138672,-0.0568444,1.82591,1.31272,1.23376,10,26725,20.4978,1.84097
1776902927208593124,2.39731,0.138672,-0.0472256,1.97964,1.15001,1.23863,10,26736,20.5063,1.84059
1776902927213557358,2.39731,0.167969,-0.0387875,2.00856,1.15001,1.23863,10,26746,20.5139,1.68758
1776902927218550098,2.39792,0.167969,-0.0305154,1.85555,1.3123,1.25784,10,26756,20.5216,1.8384
1776902927223553376,2.39792,0.228516,-0.0228459,2.06691,1.3123,1.25784,10,26769,20.5316,1.68893
1776902927228582733,2.39977,0.228516,-0.0110184,1.91745,1.23115,1.30005,10,26778,20.5385,1.68796
1776902927233560766,2.39977,0.302734,-0.00411574,1.99069,1.23115,1.30005,10,26790,20.5477,1.6869
1776902927238553691,2.40248,0.302734,0.00779564,1.98964,1.28108,1.3536,10,26800,20.5553,1.5345
1776902927243549598,2.40248,0.314453,0.0154651,1.84896,1.28108,1.3536,10,26812,20.5645,1.84097
1776902927248551543,2.40556,0.314453,0.0277522,2.15543,1.18913,1.37306,10,26822,20.5722,1.6869
1776902927253557377,2.40556,0.333984,0.0354236,2.02089,1.18913,1.37306,10,26835,20.5822,1.68724
1776902927258549654,2.40899,0.333984,0.048817,2.02122,1.25793,1.39837,10,26845,20.5899,1.68796
1776902927263551710,2.40899,0.339844,0.0564864,2.0278,1.25793,1.39837,10,26858,20.5998,1.84022
1776902927268549617,2.40859,0.339844,0.0737289,2.18082,1.36506,1.40171,10,26873,20.6113,1.84097
1776902927273547264,2.40859,0.357422,0.0775626,2.19839,1.36506,1.40171,10,26884,20.6198,1.83949
1776902927278552580,2.4123,0.357422,0.0897182,2.19691,1.31053,1.42545,10,26894,20.6274,1.68897
1776902927283605089,2.4123,0.373047,0.0973876,2.06202,1.31053,1.42545,10,26906,20.6366,1.84059
1776902927288560822,2.41761,0.373047,0.111901,2.21364,1.44965,1.45629,10,26916,20.6443,1.84097
1776902927293575584,2.41761,0.375,0.11957,2.21597,1.44965,1.45629,10,26926,20.652,1.53358
1776902927298560730,2.41967,0.375,0.129299,1.90858,1.48009,1.4659,10,26930,20.6551,0.920671
1776902927303551914,2.41967,0.730469,0.132368,1.65114,1.48009,1.4659,10,26935,20.6589,0.613403
1776902927308553025,2.42648,0.730469,0.143004,1.34387,1.50604,1.69653,10,26939,20.662,0.766982
1776902927313641540,2.42648,1.08203,0.146073,1.84901,1.50604,1.69653,10,26947,20.6681,0.920289
1776902927318590513,2.43165,1.08203,0.157385,2.00232,1.7289,1.9182,10,26953,20.6727,1.07384
1776902927323593902,2.43165,1.09766,0.161986,2.17149,1.7289,1.9182,10,26962,20.6796,1.22719
1776902927328589790,2.44749,1.09766,0.184729,2.32484,1.81918,1.99199,10,26972,20.6873,1.53358
1776902927333556100,2.44749,0.353516,0.192398,1.8871,1.81918,1.99199,10,26985,20.6972,1.68762
1776902927338559397,2.45111,0.353516,0.214428,2.50119,1.64052,1.56783,10,27003,20.711,2.14767
1776902927343526632,2.45111,-0.0195312,0.219797,2.12814,1.64052,1.56783,10,27014,20.7195,1.99394
1776902927348593143,2.4553,-0.0195312,0.23242,1.97441,1.50975,1.38706,10,27027,20.7295,2.1481
1776902927353579474,2.4553,-0.0292969,0.242392,2.11881,1.50975,1.38706,10,27042,20.741,2.45438
1776902927358553303,2.45513,-0.0292969,0.253723,2.42508,1.38647,1.3808,10,27058,20.7532,2.30057
1776902927363550617,2.45513,-0.316406,0.265995,1.98416,1.38647,1.3808,10,27073,20.7647,2.45487
1776902927368558526,2.45147,-0.316406,0.273838,2.13846,1.36428,1.20221,10,27088,20.7762,2.60668
1776902927373552229,2.45147,-0.511719,0.285343,2.09497,1.36428,1.20221,10,27106,20.79,2.45438
1776902927378595069,2.44946,-0.511719,0.297142,1.94266,1.44118,1.08268,10,27122,20.8023,2.30103
1776902927383578196,2.44946,-0.644531,0.309414,1.65649,1.44118,1.08268,10,27137,20.8131,2.45339
1776902927388573492,2.44056,-0.644531,0.312023,1.80886,1.54057,0.970608,10,27153,20.8261,2.30241
1776902927393525891,2.44056,-0.621094,-0.304023,1.68131,1.54057,0.970608,10,27166,20.8361,2.14729
1776902927398545450,2.43744,-0.621094,-0.297176,1.5262,1.19543,0.971164,10,27181,20.8476,2.1481
1776902927403587772,2.43744,-0.466797,-0.285671,1.68131,1.19543,0.971164,10,27194,20.8575,2.14682
1776902927408559656,2.43744,-0.466797,-0.275701,1.68002,0.967244,1.05911,10,27208,20.8683,2.14772
1776902927413553340,2.42824,-0.466797,-0.27416,1.68093,0.967244,1.05911,10,27218,20.8759,2.14767
1776902927418549247,2.42824,-0.349609,-0.26649,1.79807,1.00823,1.08815,10,27236,20.8897,1.99472
1776902927423549062,2.42436,-0.349609,-0.256568,1.64511,1.00823,1.08815,10,27249,20.8997,2.14767
1776902927428546339,2.42436,-0.412109,-0.246597,1.73557,0.852598,1.03655,10,27264,20.9112,2.14686
1776902927433548377,2.42067,-0.412109,-0.238779,1.73475,0.852598,1.03655,10,27274,20.9189,2.14767
1776902927438546432,2.42067,-0.40625,-0.231109,1.74142,1.09948,1.0247,10,27291,20.9319,2.14767
1776902927443527892,2.41637,-0.40625,-0.222375,1.74142,1.09948,1.0247,10,27303,20.9411,1.99394
1776902927448545580,2.41637,-0.382812,-0.21317,1.61113,0.958004,1.0203,10,27316,20.9511,1.99472
1776902927453555452,2.41263,-0.382812,-0.206941,1.61191,0.958004,1.0203,10,27325,20.958,1.83839
1776902927458553359,2.41263,-0.351562,-0.200038,1.48682,1.15161,1.02266,10,27340,20.9695,1.68897
1776902927463576159,2.40912,-0.351562,-0.192039,1.33741,1.15161,1.02266,10,27350,20.9772,1.68758
1776902927468548581,2.40912,-0.267578,-0.184368,1.42,1.09232,1.05603,10,27363,20.9872,1.84097
1776902927473548692,2.40601,-0.267578,-0.177503,1.57339,1.09232,1.05603,10,27372,20.9941,1.84096
1776902927478549396,2.40601,-0.238281,-0.1706,1.60268,1.21307,1.05987,10,27387,21.0056,1.8406
1776902927483598997,2.40601,-0.238281,-0.159095,1.60232,1.21307,1.05987,10,27398,21.014,1.84096
1776902927488580438,2.40354,-0.238281,-0.153131,1.60268,1.06377,1.04962,10,27411,21.024,1.8406
1776902927493592310,2.40354,-0.125,-0.143161,1.7156,1.06377,1.04962,10,27424,21.0339,1.84096
1776902927498580660,2.39998,-0.125,-0.136756,1.71596,0.996586,1.09939,10,27433,21.0408,1.6869
1776902927503557008,2.39998,-0.00585938,-0.129854,1.68104,0.996586,1.09939,10,27443,21.0485,1.53458
1776902927508554638,2.39913,-0.00585938,-0.123033,1.52872,1.08538,1.16377,10,27454,21.057,1.68724
1776902927513550396,2.39913,0.00195312,-0.114597,1.68919,1.08538,1.16377,10,27464,21.0646,1.53358
1776902927518561417,2.39911,0.00195312,-0.106941,1.53554,0.938829,1.16816,10,27476,21.0738,1.68762
1776902927523547266,2.39911,0.115234,-0.0977377,1.80286,0.938829,1.16816,10,27486,21.0815,1.6869
1776902927528559490,2.40001,0.115234,-0.0891718,1.80214,1.34083,1.23646,10,27498,21.0907,1.68758
1776902927533643967,2.40001,0.136719,-0.0799669,1.8243,1.34083,1.23646,10,27508,21.0984,1.68762
1776902927538591903,2.40068,0.136719,-0.0716204,1.82434,1.19982,1.25151,10,27518,21.106,1.68724
1776902927543541413,2.40068,0.183594,-0.0639509,1.87083,1.19982,1.25151,10,27530,21.1152,1.68758
1776902927548555453,2.40292,0.183594,-0.0525126,1.87117,1.25778,1.2875,10,27542,21.1244,1.83693
1776902927553556194,2.40292,0.222656,-0.0433096,2.05959,1.25778,1.2875,10,27552,21.1321,1.53727
1776902927558571326,2.40292,0.222656,-0.0356383,1.75993,1.32002,1.30977,10,27563,21.1406,1.68762
1776902927563551267,2.40398,0.222656,-0.0261358,1.91028,1.32002,1.30977,10,27571,21.1467,1.53328
1776902927568586791,2.40398,0.275391,-0.0199999,1.80867,1.15234,1.34425,10,27584,21.1567,1.68792
1776902927573558213,2.40754,0.275391,-0.00646917,1.96331,1.15234,1.34425,10,27592,21.1628,1.68728
1776902927578582661,2.40754,0.298828,-0.000333232,1.98611,1.22971,1.37235,10,27607,21.1743,1.68724
1776902927583587032,2.41194,0.298828,0.0155683,1.98607,1.22971,1.37235,10,27615,21.1804,1.84059
1776902927588553749,2.41194,0.294922,0.0217062,2.13551,1.33166,1.38833,10,27630,21.1919,1.68762
1776902927593524226,2.4135,0.294922,0.0347715,1.98254,1.33166,1.38833,10,27639,21.1988,1.84022
1776902927598545192,2.4135,0.341797,0.0416761,2.18202,1.33263,1.4215,10,27654,21.2104,1.8406
1776902927603551767,2.41813,0.341797,0.0578104,2.1824,1.33263,1.4215,10,27663,21.2173,1.84133
1776902927608640764,2.41813,0.363281,0.0647131,2.20461,1.50149,1.45286,10,27678,21.2288,1.84134
1776902927613584236,2.42003,0.363281,0.0781103,2.20462,1.50149,1.45286,10,27686,21.2349,1.6869
1776902927618553971,2.42003,0.410156,0.0842462,2.09706,1.40947,1.48739,10,27701,21.2464,1.84097
1776902927623631114,2.42578,0.410156,0.101506,2.25113,1.40947,1.48739,10,27710,21.2533,1.84059
1776902927628600720,2.42578,0.408203,0.108409,2.24879,1.52745,1.50998,10,27725,21.2648,1.84134
1776902927633597164,2.42788,0.408203,0.128914,2.24806,1.52745,1.50998,10,27739,21.2755,1.83986
1776902927638548267,2.42788,0.363281,0.13275,2.20314,1.49453,1.49301,10,27746,21.2809,1.38082
1776902927643533320,2.43369,0.363281,0.143931,1.7441,1.49453,1.49301,10,27749,21.2832,0.919751
1776902927648549508,2.43369,0.552734,0.146231,1.47249,1.7284,1.62487,10,27754,21.2871,0.767368
1776902927653591922,2.43586,0.552734,0.152238,1.3201,1.7284,1.62487,10,27757,21.2894,0.613908
1776902927658578013,2.43586,1.06055,0.154538,1.67445,1.83402,1.92323,10,27766,21.2963,1.07298
1776902927663562418,2.4495,1.06055,0.175078,2.13353,1.83402,1.92323,10,27772,21.3009,1.07384
1776902927668547897,2.4495,1.11719,0.17968,2.19102,1.75524,2.01133,10,27785,21.3108,1.53481
1776902927673552935,2.4554,1.11719,0.195551,2.652,1.75524,2.01133,10,27795,21.3185,1.68724
1776902927678551916,2.4554,0.267578,0.203223,1.95482,1.61039,1.55112,10,27809,21.3292,1.99393
1776902927683556491,2.46172,0.267578,0.220278,2.2615,1.61039,1.55112,10,27818,21.3361,1.99432
1776902927688548360,2.46172,-0.03125,0.227183,1.96307,1.49136,1.40652,10,27837,21.3507,2.14044
1776902927693545619,2.46405,-0.03125,0.244084,2.10919,1.49136,1.40652,10,27848,21.3591,2.30795
1776902927698545008,2.46405,-0.392578,0.25252,1.91537,1.39695,1.21003,10,27867,21.3737,2.30241
1776902927703561362,2.4614,-0.392578,0.272885,1.90753,1.39695,1.21003,10,27885,21.3875,2.30011
1776902927708575828,2.4614,-0.525391,0.278254,1.77471,1.16719,1.12357,10,27900,21.399,2.44948
1776902927713557899,2.45683,-0.525391,0.285184,1.92409,1.16719,1.12357,10,27911,21.4075,2.15284
1776902927718557936,2.45683,-0.583984,0.29362,1.56886,1.16893,1.07154,10,27925,21.4182,1.98837
1776902927723549212,2.45389,-0.583984,0.301417,1.40439,1.16893,1.07154,10,27935,21.4259,2.30749
1776902927728554602,2.45389,-0.511719,0.309086,1.79577,1.44158,1.10075,10,27951,21.4381,1.98915
1776902927733549360,2.44849,-0.511719,-0.312356,1.47743,1.44158,1.10075,10,27960,21.4451,1.84465
1776902927738575328,2.44849,-0.550781,-0.305453,1.29387,1.09314,1.05646,10,27977,21.4581,1.99233
1776902927743523930,2.44004,-0.550781,-0.300864,1.44155,1.09314,1.05646,10,27987,21.4658,1.99594
1776902927748543452,2.44004,-0.462891,-0.293193,1.53305,1.05162,1.07201,10,28004,21.4788,2.1481
1776902927753546582,2.4373,-0.462891,-0.282899,1.68521,1.05162,1.07201,10,28014,21.4865,1.99432
1776902927758552379,2.4373,-0.417969,-0.27523,1.57636,1.11439,1.08636,10,28031,21.4995,2.14601
1776902927763580440,2.43293,-0.417969,-0.266557,1.72804,1.11439,1.08636,10,28042,21.5079,2.14896
1776902927768597387,2.43293,-0.439453,-0.258121,1.70951,0.907943,1.0562,10,28059,21.521,2.14596
1776902927773584607,2.42684,-0.439453,-0.243497,1.55649,0.907943,1.0562,10,28075,21.5333,1.99594
1776902927778560344,2.42684,-0.412109,-0.238897,1.58383,1.12945,1.04678,10,28086,21.5417,2.13954
1776902927783612056,2.42455,-0.412109,-0.232747,1.72743,1.12945,1.04678,10,28095,21.5486,2.00153
1776902927788578680,2.42455,-0.443359,-0.225845,1.55817,1.01088,1.01955,10,28112,21.5616,1.99076
1776902927793539989,2.41812,-0.443359,-0.219243,1.5474,1.01088,1.01955,10,28122,21.5693,1.99752
1776902927798546971,2.41812,-0.392578,-0.211574,1.60494,1.20353,1.02196,10,28138,21.5816,1.99432
1776902927803560603,2.41578,-0.392578,-0.201636,1.60175,1.20353,1.02196,10,28147,21.5885,1.84059
1776902927808558122,2.41578,-0.251953,-0.194736,1.58864,1.0176,1.09247,10,28163,21.6007,1.99313
1776902927813558807,2.41117,-0.251953,-0.187072,1.74117,1.0176,1.09247,10,28172,21.6077,1.99514
1776902927818558548,2.41117,-0.222656,-0.180169,1.77248,1.12459,1.09012,10,28187,21.6192,1.8395
1776902927823572087,2.40982,-0.222656,-0.170018,1.61685,1.12459,1.09012,10,28196,21.6261,1.68893
1776902927828557233,2.40982,-0.0996094,-0.163116,1.58932,1.07481,1.15466,10,28210,21.6368,1.68728
1776902927833620762,2.4076,-0.0996094,-0.154596,1.58768,1.07481,1.15466,10,28218,21.6429,1.68758
1776902927838595054,2.4076,-0.0546875,-0.14846,1.63289,0.904103,1.17109,10,28232,21.6537,1.6869
1776902927843543027,2.4076,-0.0546875,-0.137721,1.63222,0.904103,1.17109,10,28239,21.659,1.68762
1776902927848550065,2.40707,-0.0546875,-0.132878,1.63293,1.22958,1.16891,10,28252,21.669,1.6869
1776902927853554899,2.40707,-0.0292969,-0.122909,1.65761,1.22958,1.16891,10,28264,21.6782,1.68724
1776902927858560604,2.40618,-0.0292969,-0.114597,1.65794,1.11049,1.17968,10,28275,21.6867,1.6883
1776902927863555232,2.40618,0.0585938,-0.10616,1.74689,1.11049,1.17968,10,28285,21.6943,1.68724
1776902927868561511,2.40636,0.0585938,-0.0983154,1.74583,1.16885,1.2305,10,28296,21.7028,1.53358
1776902927873562604,2.40636,0.0996094,-0.0898773,1.63319,1.16885,1.2305,10,28306,21.7104,1.53458
1776902927878561826,2.40672,0.0996094,-0.0818474,1.63419,1.41261,1.25537,10,28316,21.7181,1.53389
1776902927883555640,2.40672,0.251953,-0.0741779,1.78584,1.41261,1.25537,10,28324,21.7242,1.38054
1776902927888557455,2.40933,0.251953,-0.0654308,1.63249,1.2378,1.35302,10,28334,21.7319,1.38054
1776902927893546787,2.40933,0.316406,-0.0577614,1.69695,1.2378,1.35302,10,28342,21.738,1.38054
1776902927898574328,2.41067,0.316406,-0.0502845,1.69695,1.40117,1.39531,10,28352,21.7457,1.37999
1776902927903551862,2.41067,0.353516,-0.0426132,1.7335,1.40117,1.39531,10,28360,21.7518,1.38054
1776902927908561826,2.41599,0.353516,-0.0311538,1.73405,1.38059,1.43846,10,28370,21.7595,1.38147
1776902927913560789,2.41599,0.341797,-0.0234844,1.72327,1.38059,1.43846,10,28380,21.7672,1.53389
1776902927918560215,2.41599,0.341797,-0.0158149,1.87569,1.25066,1.43178,10,28390,21.7749,1.53358
1776902927923551843,2.41765,0.341797,-0.00649182,1.87538,1.25066,1.43178,10,28398,21.781,1.68758
1776902927928587979,2.41765,0.316406,-0.000355882,2.00398,1.44793,1.42413,10,28411,21.791,1.53427
1776902927933585145,2.42382,0.316406,0.0157879,1.85068,1.44793,1.42413,10,28419,21.7971,1.6869
1776902927938555307,2.42382,0.316406,0.0219239,2.00331,1.47022,1.44958,10,28432,21.8071,1.53358
1776902927943576348,2.42568,0.316406,0.0337609,1.84999,1.47022,1.44958,10,28441,21.814,1.5345
1776902927948557104,2.42568,0.367188,0.0406636,1.90169,1.3667,1.4862,10,28452,21.8224,1.53427
1776902927953645304,2.42898,0.367188,0.0523976,1.90146,1.3667,1.4862,10,28459,21.8278,1.53328
1776902927958555140,2.42898,0.423828,0.0577668,1.9571,1.5418,1.53206,10,28473,21.8385,1.68758
1776902927963589998,2.43312,0.423828,0.0726441,2.11141,1.5418,1.53206,10,28483,21.8462,1.53396
1776902927968555826,2.43312,0.429688,0.0803135,1.96365,1.44208,1.5524,10,28495,21.8554,1.68758
1776902927973556122,2.43703,0.429688,0.0934285,2.11727,1.44208,1.5524,10,28503,21.8615,1.84059
1776902927978548065,2.43703,0.382812,0.0995644,2.2234,1.4262,1.54173,10,28519,21.8738,1.8406
1776902927983554696,2.44147,0.382812,0.116275,2.22342,1.4262,1.54173,10,28531,21.883,1.99354
1776902927988558012,2.44147,0.324219,0.12548,2.31776,1.53727,1.52651,10,28539,21.8891,1.38147
1776902927993527340,2.44147,0.324219,0.131616,1.70569,1.53727,1.52651,10,28544,21.893,1.07346
1776902927998542027,2.4447,0.324219,0.138675,1.39767,1.58188,1.53971,10,28550,21.8976,0.767289
1776902928003553804,2.4447,0.908203,0.143277,1.67549,1.58188,1.53971,10,28557,21.9029,0.920486
1776902928008548947,2.45475,0.908203,0.158702,1.82869,1.99138,1.91364,10,28565,21.9091,1.22694
1776902928013549628,2.45475,0.966797,0.164838,2.19374,1.99138,1.91364,10,28572,21.9144,1.07384
1776902928018548975,2.46048,0.966797,0.175938,2.04063,1.7127,1.97038,10,28582,21.9221,1.38026
1776902928023553452,2.46048,0.195312,0.183608,1.57558,1.7127,1.97038,10,28593,21.9306,1.68792
1776902928028545039,2.47021,0.195312,0.201768,1.88323,1.64278,1.57012,10,28606,21.9405,1.8406
1776902928033545886,2.47021,0.232422,0.211737,2.07303,1.64278,1.57012,10,28619,21.9505,2.14729
1776902928038846486,2.47126,0.232422,0.222762,2.37971,1.59201,1.59554,10,28635,21.9628,2.14767
1776902928043693234,2.47126,-0.208984,0.235034,1.93869,1.59201,1.59554,10,28650,21.9743,2.4529
1776902928048858442,2.471,-0.208984,0.246281,2.24392,1.51621,1.3429,10,28669,21.9888,2.60981
1776902928053706523,2.471,-0.380859,0.260854,2.22896,1.51621,1.3429,10,28684,21.9996,2.60668
1776902928058594037,2.46955,-0.380859,0.270911,2.22583,1.32766,1.23906,10,28697,22.0103,2.45536
1776902928063526632,2.46955,-0.679688,0.280881,1.77567,1.32766,1.23906,10,28714,22.0234,2.14767
1776902928068637071,2.46955,-0.679688,0.293921,1.46799,1.42863,1.06873,10,28730,22.0356,2.30103
1776902928073570630,2.46229,-0.679688,0.298926,1.62134,1.42863,1.06873,10,28742,22.0448,2.60721
1776902928078556512,2.46229,-0.90625,0.308131,1.70096,1.48372,0.910079,10,28762,22.0602,2.45389
1776902928083551099,2.45166,-0.90625,0.312844,1.54764,1.48372,0.910079,10,28773,22.0686,2.29873
1776902928088552983,2.45166,-0.916016,-0.307036,1.38271,1.14289,0.861227,10,28792,22.0832,2.30379
1776902928093584298,2.44735,-0.916016,-0.296775,1.38777,1.14289,0.861227,10,28802,22.0909,2.14729
1776902928098603426,2.44735,-0.658203,-0.289105,1.48909,0.906152,0.990586,10,28820,22.1047,2.14767
1776902928103581529,2.43562,-0.658203,-0.287024,1.48947,0.906152,0.990586,10,28830,22.1123,1.99393
1776902928108581747,2.43562,-0.613281,-0.279355,1.38064,0.859878,0.96818,10,28846,22.1246,1.99434
1776902928113554404,2.43261,-0.613281,-0.270102,1.38106,0.859878,0.96818,10,28855,22.1315,1.99432
1776902928118582034,2.43261,-0.541016,-0.2632,1.45331,0.843215,0.996983,10,28871,22.1438,1.84059
1776902928123553080,2.42423,-0.541016,-0.259299,1.29958,0.843215,0.996983,10,28881,22.1514,1.99472
1776902928128554279,2.42423,-0.527344,-0.25163,1.46738,1.00132,0.970355,10,28898,22.1645,1.99393
1776902928133551885,2.42165,-0.527344,-0.241174,1.46658,1.00132,0.970355,10,28907,22.1714,2.14729
1776902928138583182,2.42165,-0.539062,-0.234271,1.60823,0.804728,0.953035,10,28924,22.1844,1.99393
1776902928143528223,2.42165,-0.539062,-0.22123,1.45486,0.804728,0.953035,10,28933,22.1913,1.99472
1776902928148553593,2.41387,-0.539062,-0.222106,1.45566,1.05019,0.920934,10,28946,22.2013,1.84096
1776902928153554663,2.41387,-0.460938,-0.212138,1.38002,1.05019,0.920934,10,28960,22.212,1.84097
1776902928158574272,2.406,-0.460938,-0.209271,1.38004,1.0251,0.932893,10,28972,22.2212,1.6869
1776902928163554301,2.406,-0.322266,-0.200068,1.36464,1.0251,0.932893,10,28982,22.2289,1.68758
1776902928168547221,2.40212,-0.322266,-0.196273,1.36531,1.11088,0.995865,10,28993,22.2374,1.68728
1776902928173623507,2.40212,-0.1875,-0.187837,1.49978,1.11088,0.995865,10,29003,22.245,1.6869
1776902928178574161,2.39957,-0.1875,-0.182719,1.4994,0.728807,1.06209,10,29015,22.2542,1.5345
1776902928183561358,2.39957,-0.111328,-0.173514,1.42318,0.728807,1.06209,10,29025,22.2619,1.68728
1776902928188548221,2.39819,-0.111328,-0.167224,1.57596,0.949576,1.09978,10,29037,22.2711,1.68589
1776902928193525157,2.39819,-0.0898438,-0.158019,1.59605,0.949576,1.09978,10,29047,22.2788,1.68859
1776902928198574697,2.39718,-0.0898438,-0.15136,1.59875,1.08148,1.10783,10,29059,22.288,1.68728
1776902928203573304,2.39718,-0.0742188,-0.142157,1.61307,1.08148,1.10783,10,29069,22.2956,1.68758
1776902928208557148,2.39622,-0.0742188,-0.135449,1.61336,0.880076,1.11274,10,29080,22.3041,1.68724
1776902928213575572,2.39622,-0.00585938,-0.127011,1.68138,0.880076,1.11274,10,29089,22.311,1.53458
1776902928218554527,2.39622,-0.00585938,-0.120108,1.52872,1.27974,1.15171,10,29100,22.3194,1.53358
1776902928223561616,2.43997,-0.00585938,-0.0679234,1.52772,1.27974,1.15171,10,29107,22.3248,1.38082
1776902928228553184,2.43997,0.0898438,-0.0625542,1.47066,1.32407,1.38677,10,29119,22.334,1.53328
1776902928233574294,2.44034,0.0898438,-0.0529755,1.62312,1.32407,1.38677,10,29125,22.3386,1.38082
1776902928238584402,2.44034,0.257812,-0.048375,1.63863,1.11574,1.48404,10,29137,22.3478,1.38092
1776902928243552836,2.44301,0.257812,-0.0365075,1.63873,1.11574,1.48404,10,29144,22.3532,1.5342
1776902928248552646,2.44301,0.28125,-0.0311383,1.81545,1.48931,1.5083,10,29158,22.3639,1.53389
1776902928253552790,2.44432,0.28125,-0.0190877,1.81514,1.48931,1.5083,10,29165,22.3693,1.6869
1776902928258573622,2.44432,0.183594,-0.0137185,1.8705,1.52836,1.45802,10,29180,22.3808,1.68762
1776902928263579840,2.44811,0.183594,0.00157273,1.87122,1.52836,1.45802,10,29188,22.3869,1.84059
1776902928268582392,2.44811,0.142578,0.00770867,1.98317,1.30361,1.45011,10,29203,22.3984,1.84097
1776902928273556605,2.44887,0.142578,0.0199729,1.98355,1.30361,1.45011,10,29211,22.4046,1.68758
1776902928278549803,2.44887,0.0976562,0.0261089,1.78523,1.5316,1.42761,10,29226,22.4161,1.68724
1776902928283546001,2.45057,0.0976562,0.0393211,1.7849,1.5316,1.42761,10,29234,22.4222,1.83987
1776902928288575668,2.45057,0.0976562,0.045457,1.93753,1.45102,1.43458,10,29248,22.4329,1.5345
1776902928293602482,2.45057,0.0976562,0.0561954,1.63216,1.45102,1.43458,10,29256,22.4391,1.68728
1776902928298575788,2.47092,0.0976562,0.0826751,1.78494,1.46052,1.51734,10,29268,22.4483,1.84096
1776902928303552743,2.47092,0.191406,0.0918781,2.03237,1.46052,1.51734,10,29283,22.4598,1.83912
1776902928308561647,2.47383,0.191406,0.106296,2.03053,1.44555,1.58259,10,29294,22.4682,1.68897
1776902928313546343,2.47383,0.171875,0.114732,1.86085,1.44555,1.58259,10,29305,22.4767,1.84059
1776902928318561174,2.47558,0.171875,0.124925,2.01247,1.42548,1.57856,10,29319,22.4874,1.99313
1776902928323559891,2.47558,0.128906,0.135663,2.12203,1.42548,1.57856,10,29330,22.4958,1.8417
1776902928328550163,2.47721,0.128906,0.14573,1.9706,1.62423,1.56067,10,29342,22.505,1.99393
1776902928333547510,2.47721,0.0820312,0.154933,2.07596,1.62423,1.56067,10,29356,22.5158,1.99432
1776902928338586845,2.47828,0.0820312,0.166736,2.07636,1.44715,1.53825,10,29370,22.5265,1.99394
1776902928343528682,2.47828,0.0488281,0.177474,2.04277,1.44715,1.53825,10,29382,22.5357,1.84134
1776902928348679369,2.47885,0.0488281,0.187244,1.89017,1.61061,1.52162,10,29395,22.5457,2.14772
1776902928353635264,2.47885,0.0625,0.197215,2.21022,1.61061,1.52162,10,29405,22.5534,1.68762
1776902928358586215,2.47932,0.0625,0.205356,1.75012,1.52598,1.53132,10,29411,22.558,0.920486
1776902928363561595,2.47932,0.429688,0.209958,1.35017,1.52598,1.53132,10,29417,22.5626,0.919737
1776902928368558386,2.47932,0.429688,0.214561,1.34942,2.00434,1.74061,10,29424,22.5679,1.07405
1776902928373558529,2.49314,0.429688,0.233752,1.50374,2.00434,1.74061,10,29430,22.5725,1.22694
1776902928378578565,2.49314,0.833984,0.238355,2.06093,1.79099,2.02684,10,29441,22.581,1.22743
1776902928383575615,2.49974,0.833984,0.253396,2.06142,1.79099,2.02684,10,29449,22.5871,1.53389
1776902928388582889,2.49974,0.207031,0.259532,1.74092,1.67441,1.69604,10,29462,22.5971,1.68762
1776902928393549842,2.50892,0.207031,0.27868,1.89465,1.67441,1.69604,10,29472,22.6047,1.99354
1776902928398546503,2.50973,0.158203,0.297124,1.99954,1.66037,1.70503,10,29491,22.6193,1.84134
1776902928403555204,2.50973,-0.195312,0.301728,1.64603,1.66037,1.70503,10,29503,22.6285,1.99354
1776902928408572480,2.50983,-0.195312,0.311032,1.79823,1.51807,1.50716,10,29517,22.6393,2.30103
1776902928413552120,2.50983,-0.404297,-0.306548,1.89673,1.51807,1.50716,10,29532,22.65,2.45438
1776902928418548300,2.50705,-0.404297,-0.297822,2.05008,1.34798,1.37691,10,29550,22.6646,2.45536
1776902928423549721,2.50705,-0.611328,-0.284016,1.84403,1.34798,1.37691,10,29568,22.6784,2.60668
1776902928428553587,2.50178,-0.611328,-0.275477,1.99536,1.56143,1.23777,10,29581,22.6883,2.45487
1776902928433556602,2.50178,-0.800781,-0.265505,1.65409,1.56143,1.23777,10,29596,22.6998,2.30057
1776902928438553504,2.50178,-0.800781,-0.254,1.49978,1.4968,1.12978,10,29613,22.7129,2.45487
1776902928443522790,2.50192,-0.800781,-0.240821,1.65409,1.4968,1.12978,10,29625,22.7221,2.45487
1776902928448539177,2.50192,-1.05078,-0.231618,1.40409,1.39677,0.987849,10,29644,22.7367,2.45389
1776902928453546248,2.48754,-1.05078,-0.231431,1.4031,1.39677,0.987849,10,29656,22.7459,2.30149
1776902928458553355,2.48754,-0.923828,-0.222228,1.37766,1.19544,1.00231,10,29675,22.7604,2.45389
1776902928463627566,2.48286,-0.923828,-0.212329,1.53006,1.19544,1.00231,10,29687,22.7696,2.30103
1776902928468585592,2.48286,-0.712891,-0.203126,1.58813,0.97312,1.10368,10,29706,22.7842,2.30057
1776902928473549989,2.47121,-0.712891,-0.200204,1.58767,0.97312,1.10368,10,29716,22.7919,2.30149
1776902928478654390,2.47121,-0.617188,-0.192532,1.6843,0.827873,1.11108,10,29735,22.8065,2.30064
1776902928483591523,2.46795,-0.617188,-0.181227,1.68346,0.827873,1.11108,10,29748,22.8164,2.14767
1776902928488583832,2.46795,-0.701172,-0.171256,1.4465,1.02409,1.04996,10,29763,22.8279,2.1481
1776902928493532763,2.45821,-0.701172,-0.169488,1.44693,1.02409,1.04996,10,29774,22.8364,2.30057
1776902928498545316,2.45821,-0.714844,-0.161049,1.58572,1.01949,1.00259,10,29793,22.8509,2.30103
1776902928503550016,2.45539,-0.714844,-0.149294,1.58618,1.01949,1.00259,10,29808,22.8624,2.30103
1776902928508577812,2.45539,-0.746094,-0.137789,1.55493,1.31355,0.973298,10,29823,22.874,2.3011
1776902928513553322,2.45539,-0.746094,-0.126284,1.55501,1.31355,0.973298,10,29832,22.8809,1.99432
1776902928518588156,2.46044,-0.746094,-0.114335,1.24823,0.98608,0.993854,10,29846,22.8916,1.99353
1776902928523555664,2.46044,-0.5,-0.103596,1.49353,0.98608,0.993854,10,29859,22.9016,1.68758
1776902928528561309,2.45097,-0.5,-0.103097,1.18758,1.03693,1.09553,10,29871,22.9108,1.84022
1776902928533557396,2.45097,-0.417969,-0.0938917,1.42225,1.03693,1.09553,10,29881,22.9184,1.68796
1776902928538556150,2.44872,-0.417969,-0.0884691,1.26999,0.996974,1.13312,10,29893,22.9276,1.6869
1776902928543536328,2.44872,-0.269531,-0.0792643,1.41737,0.996974,1.13312,10,29904,22.9361,1.6883
1776902928548591184,2.44373,-0.269531,-0.0758253,1.41877,1.21973,1.1973,10,29913,22.943,1.68724
1776902928553560118,2.44373,-0.265625,-0.0689226,1.42162,1.21973,1.1973,10,29924,22.9514,1.84022
1776902928558557984,2.44274,-0.265625,-0.0614763,1.5746,1.16914,1.19548,10,29937,22.9614,1.84097
1776902928563546532,2.44274,-0.246094,-0.0515047,1.59488,1.16914,1.19548,10,29950,22.9714,1.68758
1776902928568561419,2.43863,-0.246094,-0.0456396,1.44148,1.11898,1.1898,10,29962,22.9806,1.84097
1776902928573559747,2.43863,-0.244141,-0.0364367,1.59683,1.11898,1.1898,10,29972,22.9882,1.53389
1776902928578553853,2.43746,-0.244141,-0.0299307,1.28975,1.22787,1.18614,10,29980,22.9944,1.68724
1776902928583555885,2.43746,-0.0898438,-0.0237948,1.5974,1.22787,1.18614,10,29991,23.0028,1.38054
1776902928588552454,2.43746,-0.0898438,-0.0153566,1.2907,1.11589,1.27409,10,30001,23.0105,1.53366
1776902928593536058,2.44383,-0.0898438,-0.00132046,1.44381,1.11589,1.27409,10,30009,23.0158,1.38054
1776902928598554853,2.44383,0.0761719,0.00481548,1.45671,1.31228,1.39479,10,30020,23.0251,1.38109
1776902928603561442,2.44369,0.0761719,0.0131105,1.45726,1.31228,1.39479,10,30027,23.0304,1.53358
1776902928608551139,2.44369,0.125,0.0184797,1.65858,1.37495,1.42204,10,30040,23.0404,1.5342
1776902928613547522,2.44472,0.125,0.0294813,1.6592,1.37495,1.42204,10,30047,23.0458,1.53396
1776902928618546240,2.44472,0.128906,0.0348505,1.66287,1.22968,1.42848,10,30061,23.0565,1.68758
1776902928623558904,2.44533,0.128906,0.0461973,1.81648,1.22968,1.42848,10,30068,23.0619,1.53389
1776902928628548323,2.44533,0.111328,0.0515665,1.64522,1.56208,1.42096,10,30082,23.0726,1.68728
1776902928633587121,2.44653,0.111328,0.0635046,1.79861,1.56208,1.42096,10,30089,23.078,1.53389
1776902928638585727,2.44653,0.125,0.0688738,1.65889,1.4204,1.43365,10,30102,23.0879,1.53389
1776902928643529602,2.44829,0.125,0.0806002,1.65889,1.4204,1.43365,10,30110,23.0941,1.68556
1776902928648576642,2.44829,0.146484,0.0867361,1.83204,1.4557,1.45308,10,30122,23.1033,1.53581
1776902928653561394,2.44887,0.146484,0.0965246,1.68229,1.4557,1.45308,10,30130,23.1094,1.53389
1776902928658551832,2.44887,0.230469,0.102661,1.76436,1.53326,1.50333,10,30143,23.1194,1.53389
1776902928663548142,2.44887,0.230469,0.112632,1.76436,1.53326,1.50333,10,30150,23.1248,1.53389
1776902928668553879,2.4575,0.230469,0.126632,1.76436,1.41412,1.53854,10,30162,23.134,1.68762
1776902928673548206,2.4575,0.292969,0.135837,1.98059,1.41412,1.53854,10,30175,23.1439,1.68758
1776902928678551406,2.46148,0.292969,0.14978,1.98055,1.45032,1.59034,10,30187,23.1531,1.84024
1776902928683546697,2.46148,0.292969,0.158985,2.13321,1.45032,1.59034,10,30198,23.1616,1.84096
1776902928688553415,2.46448,0.292969,0.170421,2.13393,1.61969,1.60254,10,30209,23.17,1.84097
1776902928693532796,2.46448,0.273438,0.178859,2.11441,1.61969,1.60254,10,30220,23.1784,1.84059
1776902928698550757,2.46546,0.273438,0.188281,2.11403,1.37023,1.59541,10,30233,23.1884,1.84097
1776902928703552234,2.46546,0.25,0.198253,2.09097,1.37023,1.59541,10,30247,23.1992,1.84059
1776902928708562379,2.46968,0.25,0.213209,2.09059,1.54032,1.59918,10,30260,23.2091,1.99432
1776902928713554614,2.46968,0.259766,0.22318,2.25409,1.54032,1.59918,10,30271,23.2176,1.68724
1776902928718558499,2.47223,0.259766,0.234165,1.94701,1.50571,1.61507,10,30279,23.2237,1.68724
1776902928723549715,2.47223,0.322266,0.240301,2.00951,1.50571,1.61507,10,30285,23.2283,0.767289
1776902928728583142,2.47518,0.322266,0.247848,1.08955,1.77215,1.66263,10,30289,23.2314,0.613281
1776902928733581729,2.47518,0.955078,0.250917,1.56836,1.77215,1.66263,10,30293,23.2344,0.613662
1776902928738555924,2.48563,0.955078,0.267509,1.72237,2.05575,2.02333,10,30300,23.2398,0.767289
1776902928743524321,2.48563,0.953125,0.269809,1.72041,2.05575,2.02333,10,30307,23.2452,0.919921
1776902928748543875,2.50002,0.953125,0.289565,1.87305,1.83135,2.12242,10,30314,23.2505,1.22768
1776902928753561133,2.50002,0.494141,0.294935,1.72182,1.83135,2.12242,10,30324,23.2582,1.53396
1776902928758573797,2.50485,0.494141,0.307434,2.02811,1.7973,1.88019,10,30336,23.2674,1.68758
1776902928763585776,2.50485,0.220703,-0.311682,1.90828,1.7973,1.88019,10,30347,23.2759,1.84022
1776902928768591290,2.50879,0.220703,-0.2993,2.06093,1.62964,1.74014,10,30358,23.2843,1.99432
1776902928773561984,2.50879,-0.105469,-0.290865,1.88886,1.62964,1.74014,10,30374,23.2966,2.14767
1776902928778550626,2.50848,-0.105469,-0.278899,2.04221,1.74337,1.55299,10,30389,23.3081,2.14729
1776902928783573662,2.50848,-0.394531,-0.267393,1.75276,1.74337,1.55299,10,30402,23.318,2.14767
1776902928788552339,2.50602,-0.394531,-0.259892,1.75314,1.46683,1.37833,10,30414,23.3272,2.1481
1776902928793530386,2.50602,-0.5625,-0.250689,1.5856,1.46683,1.37833,10,30430,23.3395,2.14682
1776902928798542013,2.50115,-0.5625,-0.243279,1.58432,1.65055,1.26307,10,30446,23.3518,2.30149
1776902928803596851,2.50115,-0.726562,-0.231007,1.57492,1.65055,1.26307,10,30461,23.3633,2.3011
1776902928808587030,2.49753,-0.726562,-0.213927,1.57354,1.75066,1.16956,10,30480,23.3779,2.30011
1776902928813582357,2.49753,-0.908203,-0.208556,1.3919,1.75066,1.16956,10,30492,23.3871,2.14767
1776902928818596688,2.48876,-0.908203,-0.208123,1.23947,1.37694,1.01613,10,30504,23.3963,2.1481
1776902928823558548,2.48876,-0.765625,-0.19892,1.38248,1.37694,1.01613,10,30515,23.4047,1.84096
1776902928828557135,2.4807,-0.765625,-0.198532,1.07533,1.10464,1.0649,10,30527,23.4139,2.14424
1776902928833550778,2.4807,-0.658203,-0.189329,1.48604,1.10464,1.0649,10,30542,23.4254,1.99672
1776902928838582056,2.47385,-0.658203,-0.184679,1.33852,0.976756,1.0984,10,30555,23.4354,1.84133
1776902928843526005,2.47385,-0.572266,-0.174708,1.26906,0.976756,1.0984,10,30567,23.4446,2.14682
1776902928848545744,2.46835,-0.572266,-0.171007,1.57455,0.923726,1.12507,10,30580,23.4538,2.14382
1776902928853546184,2.46835,-0.607422,-0.161036,1.53639,0.923726,1.12507,10,30594,23.4653,1.99794
1776902928858552088,2.46202,-0.607422,-0.156624,1.39052,1.02959,1.07933,10,30608,23.476,1.99432
1776902928863646747,2.46202,-0.560547,-0.145886,1.43378,1.02959,1.07933,10,30622,23.4868,1.84059
1776902928868654354,2.45645,-0.560547,-0.140717,1.28004,0.997374,1.08338,10,30633,23.4952,1.99472
1776902928873595247,2.45645,-0.486328,-0.132281,1.50839,0.997374,1.08338,10,30644,23.5037,1.84022
1776902928878549531,2.45645,-0.486328,-0.123843,1.3539,1.36821,1.12569,10,30654,23.5113,1.68796
1776902928883548545,2.45825,-0.486328,-0.114378,1.20163,1.36821,1.12569,10,30666,23.5205,1.84022
1776902928888544706,2.45825,-0.357422,-0.105175,1.4828,1.19371,1.20647,10,30681,23.532,1.84134
1776902928893608193,2.45206,-0.357422,-0.0998615,1.48392,1.19371,1.20647,10,30689,23.5382,1.84022
1776902928898590223,2.45111,-0.324219,-0.0854705,1.51565,1.16657,1.20017,10,30707,23.552,1.83987
1776902928903619612,2.45111,-0.251953,-0.08087,1.58792,1.16657,1.20017,10,30717,23.5596,1.68825
1776902928908587491,2.44765,-0.251953,-0.0766548,1.4363,1.29634,1.22337,10,30727,23.5673,1.84096
1776902928913555703,2.44765,-0.197266,-0.0689853,1.64369,1.29634,1.22337,10,30737,23.575,1.68728
1776902928918556235,2.4456,-0.197266,-0.0633625,1.49002,1.03334,1.24618,10,30747,23.5827,1.68488
1776902928923557694,2.4456,-0.160156,-0.055693,1.52473,1.03334,1.24618,10,30759,23.5919,1.69033
1776902928928573062,2.44375,-0.160156,-0.0483421,1.53017,1.20082,1.25974,10,30770,23.6003,1.53328
1776902928933555036,2.44375,-0.126953,-0.0399059,1.40632,1.20082,1.25974,10,30781,23.6087,1.53389
1776902928938547844,2.44234,-0.126953,-0.0328735,1.40694,1.33883,1.27292,10,30790,23.6156,1.5342
1776902928943518483,2.44234,-0.0644531,-0.0259708,1.46974,1.33883,1.27292,10,30799,23.6225,1.53396
1776902928948548391,2.44584,-0.0644531,-0.00943409,1.31388,1.15309,1.30854,10,30812,23.6325,1.37833
1776902928953551442,2.44584,0.0175781,-0.00560032,1.39591,1.15309,1.30854,10,30820,23.6386,1.53666
1776902928958558012,2.44561,0.0175781,0.000302944,1.55423,1.44044,1.36866,10,30828,23.6448,1.53389
1776902928963582252,2.44561,0.0546875,0.00643888,1.58858,1.44044,1.36866,10,30837,23.6517,1.38082
1776902928968561485,2.44589,0.0546875,0.0136239,1.4355,1.34181,1.39097,10,30844,23.6571,1.22621
1776902928973550052,2.44589,0.128906,0.0189931,1.35511,1.34181,1.39097,10,30853,23.664,1.53389
1776902928978558734,2.44698,0.128906,0.026981,1.6628,1.2882,1.43771,10,30862,23.6709,1.38037
1776902928983558785,2.44698,0.171875,0.0338856,1.55224,1.2882,1.43771,10,30872,23.6785,1.22817
1776902928988553539,2.44843,0.171875,0.0430085,1.40005,1.40584,1.46814,10,30880,23.6847,1.38082
1776902928993519880,2.44843,0.185547,0.0491444,1.56636,1.40584,1.46814,10,30889,23.6916,1.22719
1776902928998548047,2.45024,0.185547,0.0578572,1.41273,1.35766,1.48332,10,30899,23.6992,1.38026
1776902929003545020,2.45024,0.183594,0.0655266,1.56386,1.35766,1.48332,10,30908,23.7061,1.38054
1776902929008551086,2.45209,0.183594,0.0742775,1.56413,1.33774,1.48975,10,30916,23.7123,1.22768
1776902929013546224,2.45209,0.228516,0.0804135,1.45619,1.33774,1.48975,10,30924,23.7184,1.38026
1776902929018580035,2.45209,0.228516,0.0865494,1.60878,1.58016,1.51536,10,30932,23.7245,1.52961
1776902929023549002,2.45724,0.228516,0.0978409,1.75812,1.58016,1.51536,10,30941,23.7314,1.23014
1776902929028549400,2.45724,0.283203,0.104744,1.51334,1.55647,1.56754,10,30953,23.7407,1.5345
1776902929033547872,2.46122,0.283203,0.117923,1.81771,1.55647,1.56754,10,30959,23.7453,1.37899
1776902929038573552,2.46204,0.292969,0.131012,1.67517,1.53056,1.58929,10,30973,23.756,1.3822
1776902929043522811,2.46204,0.302734,0.134079,1.68493,1.53056,1.58929,10,30982,23.7629,1.5342
1776902929048583312,2.46571,0.302734,0.144657,1.83693,1.60778,1.61311,10,30990,23.769,1.38054
1776902929053582969,2.46571,0.298828,0.150793,1.67937,1.60778,1.61311,10,30999,23.7759,1.53358
1776902929058583645,2.4666,0.298828,0.158582,1.83241,1.6041,1.61448,10,31007,23.7821,1.37559
1776902929063574986,2.4666,0.265625,0.164718,1.64121,1.6041,1.61448,10,31018,23.7905,1.54012
1776902929068557122,2.47131,0.265625,0.177866,1.80575,1.46588,1.61467,10,31026,23.7966,1.53389
1776902929073550741,2.47131,0.271484,0.184002,1.80537,1.46588,1.61467,10,31036,23.8043,1.53236
1776902929078553899,2.4721,0.271484,0.192461,1.80384,1.63242,1.62121,10,31047,23.8127,1.53022
1776902929083561964,2.4721,0.304688,0.200897,1.8349,1.63242,1.62121,10,31059,23.822,1.69304
1776902929088576143,2.47946,0.304688,0.22513,1.99159,1.68461,1.64014,10,31074,23.8335,1.6869
1776902929093535960,2.47946,0.306641,0.228965,1.99354,1.68461,1.64014,10,31084,23.8411,1.68792
1776902929098582865,2.4835,0.306641,0.240675,1.99456,1.54109,1.68737,10,31095,23.8496,1.84134
1776902929103580578,2.4835,0.292969,0.249111,2.13431,1.54109,1.68737,10,31106,23.858,1.99114
1776902929108557824,2.48571,0.292969,0.259761,2.28411,1.67876,1.68851,10,31116,23.8657,1.68556
1776902929113575632,2.48571,0.267578,0.267431,1.95313,1.67876,1.68851,10,31124,23.8718,1.68556
1776902929118547340,2.4865,0.267578,0.274364,1.95313,1.61133,1.67725,10,31128,23.8749,0.615138
1776902929123548553,2.4865,0.632812,0.277433,1.24795,1.61133,1.67725,10,31133,23.8787,0.613772
1776902929128544080,2.49225,0.632812,0.287012,1.24658,1.97178,1.9086,10,31136,23.881,0.611935
1776902929133562000,2.49225,1.00391,0.289312,1.61584,1.97178,1.9086,10,31138,23.8825,0.307884
1776902929138553192,2.49432,1.00391,0.292921,1.31179,2.13614,2.12846,10,31144,23.8871,0.917536
1776902929143522289,2.49432,0.947266,0.297521,1.8648,2.13614,2.12846,10,31153,23.8941,1.07707
1776902929148554711,2.51322,0.947266,-0.304997,2.02433,1.84775,2.17201,10,31162,23.901,1.53304
1776902929153547200,2.51322,0.486328,-0.298094,2.01937,1.84775,2.17201,10,31173,23.9094,1.53304
1776902929158550580,2.51322,0.486328,-0.289658,2.01937,1.76318,1.90927,10,31186,23.9194,1.99632
1776902929163546422,2.52196,0.486328,-0.270943,2.48265,1.76318,1.90927,10,31201,23.9309,2.29231
1776902929168545338,2.52196,-0.214844,-0.259438,2.07747,1.53195,1.54454,10,31224,23.9485,2.46275
1776902929173543939,2.52537,-0.214844,-0.23839,2.24791,1.53195,1.54454,10,31235,23.9569,2.30156
1776902929178551302,2.52537,-0.3125,-0.229952,1.98906,1.70825,1.50247,10,31250,23.9685,2.14725
1776902929183543476,2.52403,-0.3125,-0.219791,1.83475,1.70825,1.50247,10,31261,23.9769,2.29369
1776902929188560543,2.52403,-0.449219,-0.211355,1.84447,1.79198,1.41918,10,31280,23.9915,2.30888
1776902929193550106,2.52035,-0.449219,-0.200459,1.85966,1.79198,1.41918,10,31291,23.9999,2.29827
1776902929198557320,2.52035,-0.697266,-0.19202,1.601,1.65221,1.26313,10,31311,24.0152,2.30333
1776902929203558552,2.51469,-0.697266,-0.182341,1.60606,1.65221,1.26313,10,31322,24.0237,2.45143
1776902929208552523,2.51469,-0.779297,-0.173903,1.67214,1.59872,1.19375,10,31341,24.0382,2.30341
1776902929213546623,2.50697,-0.779297,-0.167055,1.52411,1.59872,1.19375,10,31351,24.0451,1.99074
1776902929218587880,2.50697,-0.712891,-0.159386,1.27785,1.36668,1.20068,10,31369,24.0597,2.30564
1776902929223577276,2.49923,-0.712891,-0.15332,1.59275,1.36668,1.20068,10,31379,24.0674,2.14725
1776902929228551466,2.49923,-0.632812,-0.145649,1.51443,1.01963,1.21525,10,31396,24.0804,1.99394
1776902929233549827,2.49923,-0.632812,-0.13261,1.36113,1.01963,1.21525,10,31405,24.0873,1.99394
1776902929238551040,2.49649,-0.632812,-0.128445,1.36113,1.23306,1.20425,10,31419,24.0981,1.99314
1776902929243551605,2.49649,-0.625,-0.117706,1.36814,1.23306,1.20425,10,31433,24.1088,1.84208
1776902929248552225,2.48548,-0.625,-0.117977,1.21708,0.922184,1.16436,10,31445,24.118,2.14553
1776902929253592759,2.48548,-0.554688,-0.108772,1.59084,0.922184,1.16436,10,31457,24.1272,2.14553
1776902929258574784,2.48412,-0.554688,-0.100933,1.59084,1.25948,1.19893,10,31471,24.138,2.14211
1776902929263552178,2.48412,-0.5625,-0.0901947,1.57961,1.25948,1.19893,10,31486,24.1495,1.84613
1776902929268550965,2.47543,-0.5625,-0.0873776,1.28363,1.19582,1.15935,10,31497,24.1579,1.99233
1776902929273550548,2.47543,-0.53125,-0.0789395,1.46108,1.19582,1.15935,10,31511,24.1686,1.99552
1776902929278557002,2.46995,-0.53125,-0.0736828,1.46427,1.35159,1.15495,10,31521,24.1763,1.83509
1776902929283573792,2.46995,-0.523438,-0.0660134,1.31165,1.35159,1.15495,10,31535,24.187,1.69338
1776902929288552853,2.46473,-0.523438,-0.0604935,1.16994,1.13501,1.13822,10,31545,24.1947,1.83949
1776902929293532136,2.46473,-0.425781,-0.0528241,1.41371,1.13501,1.13822,10,31557,24.2039,1.68825
1776902929298578598,2.46009,-0.425781,-0.0482636,1.26247,1.10881,1.175,10,31566,24.2108,1.68358
1776902929303571531,2.46009,-0.333984,-0.0413609,1.3496,1.10881,1.175,10,31579,24.2208,1.69164
1776902929308627235,2.4591,-0.333984,-0.0254727,1.19868,1.08089,1.22733,10,31593,24.2315,1.53266
1776902929313585274,2.4591,-0.255859,-0.021637,1.2768,1.08089,1.22733,10,31603,24.2392,1.83987
1776902929318651516,2.4562,-0.255859,-0.0168705,1.58401,1.1042,1.25602,10,31612,24.2461,1.53573
1776902929323621391,2.4562,-0.181641,-0.00996975,1.35409,1.1042,1.25602,10,31623,24.2545,1.68724
1776902929328598637,2.45406,-0.181641,-0.00367169,1.5056,1.28059,1.28961,10,31632,24.2614,1.68796
1776902929333613074,2.45406,-0.128906,0.00323098,1.55905,1.28059,1.28961,10,31644,24.2706,1.68724
1776902929338645014,2.45249,-0.128906,0.0108661,1.55833,1.23227,1.31327,10,31653,24.2775,1.53358
1776902929343553008,2.45249,-0.0742188,0.0177707,1.45936,1.23227,1.31327,10,31664,24.286,1.53458
1776902929348589357,2.45145,-0.0742188,0.0251674,1.46036,1.28117,1.3402,10,31672,24.2921,1.53113
1776902929353576234,2.45145,-0.0117188,0.0313033,1.51942,1.28117,1.3402,10,31683,24.3006,1.38303
1776902929358603710,2.45116,-0.0117188,0.0394477,1.37131,1.39399,1.37464,10,31691,24.3067,1.53297
1776902929363560694,2.45116,0.078125,0.0455837,1.61109,1.39399,1.37464,10,31703,24.3159,1.53481
1776902929368574816,2.4516,0.078125,0.055231,1.61294,1.25247,1.42765,10,31711,24.322,1.53335
1776902929373550395,2.4516,0.160156,0.061367,1.69351,1.25247,1.42765,10,31723,24.3312,1.5345
1776902929378548682,2.45475,0.160156,0.0798511,1.68976,1.33527,1.47441,10,31736,24.3412,1.52961
1776902929383548135,2.45475,0.160156,0.0798511,1.68976,1.33527,1.47441,10,31736,24.3412,1.52961
1776902929388615896,2.45785,0.222656,0.0990657,1.90725,1.39415,1.52286,10,31757,24.3573,1.68459
1776902929393538041,2.45785,0.214844,0.102899,1.89943,1.39415,1.52286,10,31764,24.3627,1.53696
1776902929398553497,2.4595,0.214844,0.109909,1.75181,1.57721,1.53774,10,31772,24.3688,1.53266
1776902929403555506,2.4595,0.240234,0.116045,1.7729,1.57721,1.53774,10,31783,24.3773,1.53489
1776902929408580927,2.46102,0.240234,0.126011,1.77512,1.52416,1.55843,10,31792,24.3842,1.37944
1776902929413561618,2.46102,0.275391,0.132914,1.65483,1.52416,1.55843,10,31803,24.3926,1.53543
1776902929418554274,2.46361,0.275391,0.143938,1.81082,1.53419,1.58899,10,31811,24.3987,1.53389
1776902929423560247,2.46361,0.345703,0.150074,1.87959,1.53419,1.58899,10,31823,24.4072,1.5342
1776902929428558459,2.46816,0.345703,0.163832,1.8799,1.50136,1.64756,10,31832,24.4148,1.53243
1776902929433548541,2.46816,0.365234,0.170734,1.89767,1.50136,1.64756,10,31844,24.424,1.68927
1776902929438547568,2.47,0.365234,0.18177,2.0545,1.57877,1.66613,10,31852,24.4302,1.53083
1776902929443515609,2.47,0.335938,0.187906,1.86677,1.57877,1.66613,10,31865,24.4401,1.69067
1776902929448553106,2.47687,0.335938,0.211651,2.02284,1.67464,1.64943,10,31880,24.4517,1.6869
1776902929453552356,2.47687,0.308594,0.216253,1.9955,1.67464,1.64943,10,31888,24.4578,1.68758
1776902929458578702,2.47862,0.308594,0.22414,1.99617,1.531,1.66877,10,31897,24.4647,1.83877
1776902929463576322,2.47862,0.269531,0.231043,2.1083,1.531,1.66877,10,31910,24.4747,1.68961
1776902929468598094,2.4826,0.269531,0.244995,1.95914,1.68056,1.6626,10,31920,24.4823,1.68421
1776902929473595436,2.4826,0.277344,0.252666,1.96155,1.68056,1.6626,10,31933,24.4923,1.84392
1776902929478557754,2.48415,0.277344,0.264183,2.12127,1.61988,1.6733,10,31943,24.5,1.68758
1776902929483550095,2.48415,0.298828,0.271852,1.98641,1.61988,1.6733,10,31957,24.5107,1.8406
1776902929488548400,2.48826,0.298828,0.286705,2.13943,1.63335,1.70215,10,31967,24.5184,1.83949
1776902929493544834,2.48826,0.287109,0.294374,2.1266,1.63335,1.70215,10,31976,24.5253,1.38164
1776902929498575348,2.48988,0.287109,0.302895,1.66875,1.73156,1.70198,10,31979,24.5276,0.613417
1776902929503558947,2.48988,1,0.305195,1.61342,1.73156,1.70198,10,31982,24.5299,0.306886
1776902929508552974,2.49769,1,-0.313009,1.30689,2.03386,2.13979,10,31985,24.5322,0.613172
1776902929513552798,2.49769,1.35938,-0.306873,1.97255,2.03386,2.13979,10,31993,24.5383,0.767368
1776902929518551714,2.50876,1.35938,-0.293503,2.12674,1.92141,2.38905,10,32001,24.5445,1.22719
1776902929523554446,2.50876,0.585938,-0.287367,1.81313,1.92141,2.38905,10,32010,24.5514,1.38082
1776902929528548621,2.52584,0.585938,-0.263387,1.96675,2.00545,2.01644,10,32020,24.559,1.83877
1776902929533556872,2.52584,0.375,-0.255716,2.21377,2.00545,2.01644,10,32034,24.5698,1.99634
1776902929538555158,2.52849,0.375,-0.242327,2.37134,1.98911,1.90677,10,32045,24.5782,1.83803
1776902929543527700,2.52849,-0.267578,-0.23389,1.57045,1.98911,1.90677,10,32058,24.5882,1.84317
1776902929548541859,2.52917,-0.267578,-0.223238,1.57559,1.58998,1.54321,10,32071,24.5981,2.29552
1776902929553554537,2.52917,-0.341797,-0.213268,1.95372,1.58998,1.54321,10,32089,24.612,2.30702
1776902929558547101,2.5276,-0.341797,-0.201027,1.96523,1.85562,1.49467,10,32101,24.6212,2.14682
1776902929563601822,2.5276,-0.478516,-0.191824,1.6683,1.85562,1.49467,10,32117,24.6334,2.1481
1776902929568554138,2.52105,-0.478516,-0.186106,1.66959,1.48601,1.39061,10,32130,24.6434,2.44899
1776902929573573132,2.52105,-0.5625,-0.176134,1.88649,1.48601,1.39061,10,32148,24.6572,2.30618
1776902929578549822,2.51837,-0.5625,-0.165012,1.74368,1.69285,1.33202,10,32161,24.6672,2.30011
1776902929583552387,2.51837,-0.845703,-0.155042,1.4544,1.69285,1.33202,10,32179,24.681,2.45487
1776902929588549229,2.50957,-0.845703,-0.139293,1.60916,1.48087,1.17059,10,32200,24.6971,2.45487
1776902929593529365,2.50957,-0.794922,-0.133924,1.65995,1.48087,1.17059,10,32214,24.7078,2.45389
1776902929598542617,2.50123,-0.794922,-0.131532,1.65896,1.32875,1.13088,10,32228,24.7186,2.45487
1776902929603549571,2.50123,-0.673828,-0.120794,1.78104,1.32875,1.13088,10,32241,24.7285,2.14725
1776902929608556359,2.49471,-0.583984,-0.108137,1.56412,0.953569,1.1737,10,32260,24.7431,2.1481
1776902929613548700,2.49169,-0.583984,-0.105791,1.56412,0.953569,1.1737,10,32270,24.7508,2.30057
1776902929618551525,2.49169,-0.621094,-0.0981214,1.67947,1.13459,1.19159,10,32286,24.7631,2.45241
1776902929623581817,2.48563,-0.621094,-0.0919016,1.83132,1.13459,1.19159,10,32297,24.7715,2.45241
1776902929628562545,2.48563,-0.591797,-0.0834673,1.86062,1.05177,1.18389,10,32315,24.7853,2.14682
1776902929633553867,2.48263,-0.591797,-0.0726622,1.55502,1.05177,1.18389,10,32325,24.793,2.14682
1776902929638557377,2.48263,-0.587891,-0.0649927,1.55893,1.32664,1.17399,10,32343,24.8068,2.30011
1776902929643522769,2.474,-0.587891,-0.0598219,1.71221,1.32664,1.17399,10,32353,24.8144,2.30011
1776902929648542856,2.474,-0.568359,-0.0521524,1.73175,1.23578,1.15019,10,32371,24.8282,2.14424
1776902929653548551,2.47325,-0.568359,-0.0314196,1.57588,1.23578,1.15019,10,32387,24.8405,1.99672
1776902929658547356,2.47325,-0.505859,-0.026819,1.49086,1.25204,1.1828,10,32400,24.8505,1.99474
1776902929663548810,2.46789,-0.505859,-0.0222109,1.48888,1.25204,1.1828,10,32409,24.8574,1.99393
1776902929668554005,2.46789,-0.421875,-0.0153082,1.57205,1.11632,1.20893,10,32421,24.8666,1.68724
1776902929673613635,2.46297,-0.421875,-0.0110186,1.26537,1.11632,1.20893,10,32430,24.8735,1.68724
1776902929678594548,2.46297,-0.212891,-0.00411777,1.47435,1.33738,1.30807,10,32443,24.8835,1.68724
1776902929683552513,2.45854,-0.212891,0.00141735,1.47435,1.33738,1.30807,10,32452,24.8904,1.68724
1776902929688587102,2.45854,-0.167969,0.00832004,1.51927,1.14046,1.31563,10,32466,24.9011,1.68762
1776902929693542993,2.45757,-0.167969,0.0180914,1.51965,1.14046,1.31563,10,32474,24.9072,1.68762
1776902929698578859,2.45757,-0.15625,0.0242254,1.53137,1.3067,1.31837,10,32489,24.9188,1.84097
1776902929703561014,2.45519,-0.15625,0.0333578,1.68472,1.3067,1.31837,10,32498,24.9257,1.84097
1776902929708553762,2.45519,-0.15625,0.0402605,1.68472,1.49761,1.3087,10,32512,24.9364,1.68762
1776902929713556439,2.4544,-0.15625,0.0501997,1.53137,1.49761,1.3087,10,32520,24.9425,1.68762
1776902929718549632,2.4544,-0.0878906,0.0563356,1.59973,1.33502,1.34441,10,32534,24.9533,1.53358
1776902929723553456,2.4538,-0.0878906,0.0718519,1.44569,1.33502,1.34441,10,32546,24.9625,1.6883
1776902929728579469,2.4538,0.0214844,0.0756857,1.70978,1.45121,1.40434,10,32556,24.9701,1.53144
1776902929733578404,2.45332,0.0214844,0.0828669,1.55292,1.45121,1.40434,10,32563,24.9755,1.38275
1776902929738551001,2.45332,0.132812,0.088236,1.51556,1.42374,1.46581,10,32573,24.9832,1.53328
1776902929743528970,2.45398,0.132812,0.0965731,1.66609,1.42374,1.46581,10,32580,24.9885,1.53328
1776902929748709231,2.45466,0.166016,0.111057,1.54887,1.39573,1.48746,10,32595,25.0001,1.38286
1776902929753612724,2.45466,0.193359,0.114124,1.57622,1.39573,1.48746,10,32604,25.007,1.53389
1776902929758584432,2.45652,0.193359,0.122891,1.72725,1.56757,1.51339,10,32613,25.0139,1.6869
1776902929763582070,2.45652,0.177734,0.129793,1.86464,1.56757,1.51339,10,32623,25.0215,1.68728
1776902929768556872,2.45763,0.177734,0.138575,1.86502,1.37886,1.50901,10,32635,25.0307,1.53481
1776902929773603222,2.45763,0.146484,0.147776,1.6813,1.37886,1.50901,10,32646,25.0392,1.84096
1776902929779114445,2.45979,0.146484,0.158373,1.98744,1.44846,1.49998,10,32657,25.0476,1.53396
1776902929783673770,2.45979,0.152344,0.166809,1.68631,1.44846,1.49998,10,32668,25.056,1.68724
1776902929788580986,2.45979,0.152344,0.175245,1.83958,1.59744,1.50332,10,32679,25.0645,1.84059
1776902929793504538,2.46631,0.152344,0.190199,1.99294,1.59744,1.50332,10,32687,25.0706,1.84059
1776902929798589691,2.46631,0.253906,0.196335,2.0945,1.41773,1.5877,10,32701,25.0814,1.6869
1776902929803580995,2.47019,0.253906,0.210957,1.94081,1.41773,1.5877,10,32709,25.0875,1.6869
1776902929808613176,2.47019,0.277344,0.217093,1.96425,1.61595,1.61683,10,32724,25.099,1.68762
1776902929813625687,2.47141,0.277344,0.22982,1.96497,1.61595,1.61683,10,32733,25.1059,1.68762
1776902929818605026,2.47141,0.298828,0.236723,1.98645,1.50799,1.63403,10,32749,25.1182,1.99432
1776902929823559953,2.4745,0.298828,0.252085,2.29315,1.50799,1.63403,10,32759,25.1258,1.99432
1776902929828560555,2.4745,0.304688,0.259756,2.29901,1.63489,1.64989,10,32776,25.1389,2.14215
1776902929833550599,2.4776,0.304688,0.275896,2.44684,1.63489,1.64989,10,32786,25.1465,2.14215
1776902929838552868,2.4776,0.242188,0.283566,2.38434,1.678,1.62682,10,32803,25.1596,1.99434
1776902929843519001,2.48055,0.242188,0.299544,2.23653,1.678,1.62682,10,32811,25.1657,1.99434
1776902929848540847,2.48055,0.226562,0.30568,2.2209,1.53138,1.6298,10,32820,25.1726,1.38054
1776902929853545579,2.48291,0.226562,-0.313375,1.6071,1.53138,1.6298,10,32823,25.1749,1.38054
1776902929858584613,2.48291,0.65625,-0.311075,2.03679,2.00443,1.88426,10,32827,25.178,0.460618
1776902929863559544,2.4898,0.65625,-0.299583,1.11687,2.00443,1.88426,10,32831,25.1811,0.460052
1776902929868559720,2.4898,1.49023,-0.298049,1.95029,2.07843,2.38743,10,32836,25.1849,0.766982
1776902929873548801,2.50787,1.49023,-0.276134,2.25722,2.07843,2.38743,10,32841,25.1887,0.920486
1776902929878555367,2.50787,0.859375,-0.272298,1.77986,1.85039,2.10051,10,32850,25.1956,1.22719
1776902929883547893,2.52056,0.859375,-0.252708,2.08656,1.85039,2.10051,10,32859,25.2025,1.22719
1776902929888551403,2.52056,0.642578,-0.245805,1.86977,1.9573,2.02768,10,32875,25.2148,1.83986
1776902929893533742,2.52424,0.642578,-0.22986,2.48243,1.9573,2.02768,10,32883,25.2209,1.83986
1776902929898559015,2.52424,0.173828,-0.223724,2.01368,1.67228,1.77515,10,32902,25.2355,2.30149
1776902929903554190,2.52868,0.173828,-0.204711,2.47531,1.67228,1.77515,10,32914,25.2447,2.30149
1776902929908549902,2.52868,-0.119141,-0.195507,2.18235,1.75342,1.62586,10,32931,25.2578,2.14725
1776902929913632517,2.52916,-0.119141,-0.181982,2.0281,1.75342,1.62586,10,32941,25.2654,2.14725
1776902929918595057,2.52916,-0.318359,-0.174312,1.82889,1.84299,1.51424,10,32958,25.2785,2.14553
1776902929923585305,2.52665,-0.318359,-0.163791,1.82717,1.84299,1.51424,10,32968,25.2861,2.14553
1776902929928552957,2.52665,-0.529297,-0.156122,1.61623,1.63841,1.38397,10,32987,25.3007,2.30057
1776902929933549669,2.52261,-0.529297,-0.137144,1.77127,1.63841,1.38397,10,33005,25.3145,2.45487
1776902929938546789,2.52261,-0.804688,-0.131776,1.65018,1.79738,1.21092,10,33019,25.3253,2.14767
1776902929943519182,2.51519,-0.804688,-0.128461,1.34299,1.79738,1.21092,10,33030,25.3337,2.14767
1776902929948546974,2.51519,-0.568359,-0.120025,1.57932,1.21683,1.31597,10,33045,25.3452,2.29919
1776902929953549706,2.50852,-0.568359,-0.11519,1.73083,1.21683,1.31597,10,33054,25.3521,2.29919
1776902929958552160,2.50852,-0.560547,-0.108287,1.73864,1.09461,1.29373,10,33070,25.3644,1.84097
1776902929963546705,2.50591,-0.560547,-0.0986209,1.28043,1.09461,1.29373,10,33080,25.372,1.84097
1776902929968554585,2.50591,-0.416016,-0.0909515,1.42496,1.34494,1.36567,10,33096,25.3843,1.99472
1776902929973551261,2.49866,-0.416016,-0.0859294,1.57871,1.34494,1.36567,10,33106,25.392,1.99472
1776902929978562586,2.49866,-0.533203,-0.07826,1.46152,1.14065,1.26976,10,33124,25.4058,1.99434
1776902929983553094,2.49611,-0.533203,-0.0670028,1.46114,1.14065,1.26976,10,33134,25.4135,1.99434
1776902929988580181,2.49611,-0.605469,-0.0593334,1.38887,1.32887,1.21832,10,33153,25.428,2.14767
1776902929993524959,2.48787,-0.605469,-0.0530067,1.54221,1.32887,1.21832,10,33163,25.4357,2.14767
1776902929998550528,2.48787,-0.621094,-0.0453353,1.52658,1.44213,1.1762,10,33181,25.4495,2.14729
1776902930003547942,2.48603,-0.621094,-0.0257011,1.5262,1.44213,1.1762,10,33197,25.4618,1.99393
1776902930008546872,2.48603,-0.539062,-0.0210987,1.45486,1.36176,1.21553,10,33210,25.4718,1.99472
1776902930013551266,2.47697,-0.539062,-0.0201812,1.45566,1.36176,1.21553,10,33220,25.4794,1.99394
1776902930018556253,2.47697,-0.40625,-0.0125099,1.58769,1.27887,1.25465,10,33233,25.4894,1.99432
1776902930023551405,2.47223,-0.40625,-0.00728182,1.58807,1.27887,1.25465,10,33243,25.4971,1.99432
1776902930028555688,2.47223,-0.285156,0.000387635,1.70917,1.18655,1.30447,10,33259,25.5093,1.99432
1776902930033560804,2.46898,-0.285156,0.00940749,1.70917,1.18655,1.30447,10,33269,25.517,1.99432
1776902930038554381,2.46898,-0.257812,0.0170788,1.73651,1.12792,1.30687,10,33285,25.5293,1.99474
1776902930043523158,2.46741,-0.257812,0.0277772,1.73693,1.12792,1.30687,10,33295,25.5369,1.99474
1776902930048550426,2.46741,-0.246094,0.0354466,1.74865,1.36933,1.30716,10,33311,25.5492,1.99432
1776902930053551135,2.46384,-0.246094,0.0441498,1.74823,1.36933,1.30716,10,33320,25.5561,1.99432
1776902930058546953,2.46384,-0.240234,0.0510506,1.75409,1.13389,1.29601,10,33336,25.5684,1.84355
1776902930063615691,2.46255,-0.240234,0.0620408,1.60332,1.13389,1.29601,10,33345,25.5753,1.84355
1776902930068611806,2.46255,-0.175781,0.0689435,1.66777,1.3577,1.32753,10,33360,25.5868,1.84097
1776902930073589973,2.46255,-0.175781,0.0804486,1.66519,1.3577,1.32753,10,33369,25.5937,1.84097
1776902930078577883,2.46048,-0.175781,0.0852742,1.66519,1.22806,1.31908,10,33381,25.6029,1.83693
1776902930083581166,2.46048,0.00390625,0.0944791,1.84084,1.22806,1.31908,10,33394,25.6129,1.69096
1776902930088580818,2.45909,0.00390625,0.103056,1.69487,1.39247,1.41584,10,33406,25.6221,1.6869
1776902930093534222,2.45909,0.0527344,0.112261,1.73964,1.39247,1.41584,10,33416,25.6298,1.68762
1776902930098595589,2.45914,0.0527344,0.119984,1.74036,1.42207,1.44389,10,33428,25.639,1.68724
1776902930103604891,2.45914,0.148438,0.129187,1.83568,1.42207,1.44389,10,33437,25.6459,1.53358
1776902930108551683,2.4608,0.148438,0.137751,1.68202,1.28211,1.5052,10,33448,25.6543,1.6883
1776902930113560133,2.4608,0.160156,0.146189,1.84845,1.28211,1.5052,10,33458,25.662,1.68589
1776902930118547228,2.4616,0.160156,0.154662,1.84605,1.50779,1.51515,10,33470,25.6712,1.5345
1776902930123584979,2.4616,0.175781,0.163866,1.71028,1.50779,1.51515,10,33479,25.6781,1.6883
1776902930128582316,2.46406,0.175781,0.173228,1.86408,1.51467,1.53404,10,33491,25.6873,1.6832
1776902930133558317,2.46406,0.191406,0.182431,1.87461,1.51467,1.53404,10,33501,25.6949,1.53758
1776902930138559377,2.46492,0.191406,0.19096,1.72899,1.46812,1.54645,10,33514,25.7049,1.8406
1776902930143576014,2.46492,0.259766,0.200932,2.10037,1.46812,1.54645,10,33524,25.7126,1.68724
1776902930148551384,2.46492,0.259766,0.208601,1.94701,1.57595,1.58541,10,33535,25.721,1.68724
1776902930153551500,2.4719,0.259766,0.224019,1.94701,1.57595,1.58541,10,33543,25.7272,1.68724
1776902930158576879,2.4719,0.335938,0.230154,2.02318,1.49612,1.65716,10,33557,25.7379,1.68724
1776902930163554287,2.47618,0.335938,0.245173,2.02318,1.49612,1.65716,10,33565,25.744,1.68724
1776902930168555847,2.47618,0.347656,0.251309,2.0349,1.66154,1.68118,10,33579,25.7548,1.53366
1776902930173619325,2.47966,0.347656,0.265524,1.88131,1.66154,1.68118,10,33587,25.7609,1.53366
1776902930178595455,2.47966,0.328125,0.271658,1.86178,1.76076,1.68411,10,33602,25.7724,1.68796
1776902930183581939,2.48166,0.328125,0.285168,2.01608,1.76076,1.68411,10,33611,25.7793,1.68796
1776902930188633877,2.48166,0.291016,0.292071,1.97898,1.49828,1.67105,10,33628,25.7924,1.99472
1776902930193599506,2.48483,0.291016,0.308279,2.28574,1.49828,1.67105,10,33636,25.7985,1.99472
1776902930198577229,2.48483,0.28125,-0.313901,2.27597,1.66382,1.6783,10,33647,25.8069,1.38026
1776902930203555118,2.48874,0.28125,-0.301557,1.66151,1.66382,1.6783,10,33650,25.8092,1.38026
1776902930208561327,2.48874,0.480469,-0.299257,1.86073,1.75475,1.80761,10,33652,25.8108,0.306334
1776902930213557313,2.49103,0.480469,-0.295434,0.786803,1.75475,1.80761,10,33654,25.8123,0.306334
1776902930218551520,2.49103,1.71484,-0.293901,2.02118,2.26648,2.52044,10,33659,25.8161,0.460434
1776902930223552839,2.49103,1.71484,-0.290063,2.17528,2.26648,2.52044,10,33662,25.8184,0.460434
1776902930228552825,2.5098,1.71484,-0.268996,2.17528,2.24263,2.59583,10,33670,25.8246,1.07405
1776902930233573166,2.5098,1.11523,-0.262861,2.18929,2.24263,2.59583,10,33681,25.833,1.5342
1776902930238560372,2.5247,1.11523,-0.239517,2.64943,2.22695,2.31362,10,33694,25.843,1.84097
1776902930243533279,2.5247,0.519531,-0.229547,2.3605,2.22695,2.31362,10,33705,25.8514,1.84059
1776902930248561381,2.53263,0.519531,-0.213184,2.36012,2.19139,2.00562,10,33721,25.8637,2.14767
1776902930253580388,2.53263,-0.0820312,-0.200912,2.06564,2.19139,2.00562,10,33736,25.8752,2.60773
1776902930258556593,2.53541,-0.0820312,-0.186628,2.5257,1.73887,1.67379,10,33755,25.8898,2.60668
1776902930263559042,2.53541,-0.257812,-0.172055,2.34887,1.73887,1.67379,10,33771,25.902,2.60825
1776902930268553582,2.53459,-0.257812,-0.160604,2.35044,1.76463,1.57033,10,33789,25.9158,2.60811
1776902930273562051,2.53459,-0.623047,-0.146798,1.98506,1.76463,1.57033,10,33803,25.9266,2.45487
1776902930278553350,2.52765,-0.623047,-0.143001,1.83182,1.873,1.33453,10,33822,25.9411,2.60668
1776902930283584489,2.52765,-0.605469,-0.128429,2.00122,1.873,1.33453,10,33838,25.9534,2.60773
1776902930288548284,2.52448,-0.605469,-0.119319,2.00226,1.77161,1.33194,10,33855,25.9665,2.45487
1776902930293517839,2.52448,-0.941406,-0.106281,1.51346,1.77161,1.33194,10,33869,25.9772,2.30103
1776902930298554220,2.52448,-0.941406,-0.0955422,1.35962,1.56134,1.14046,10,33886,25.9902,2.45438
1776902930303558373,2.51489,-0.941406,-0.0920918,1.51297,1.56134,1.14046,10,33898,25.9994,2.45438
1776902930308573583,2.51489,-0.679688,-0.082887,1.77469,1.19966,1.25135,10,33917,26.014,2.30195
1776902930313553325,2.50613,-0.679688,-0.0770829,1.62226,1.19966,1.25135,10,33928,26.0224,2.30195
1776902930318551385,2.50613,-0.597656,-0.0686467,1.70429,1.21207,1.263,10,33947,26.037,2.29827
1776902930323600360,2.4963,-0.597656,-0.0639012,1.70061,1.21207,1.263,10,33957,26.0447,2.29827
1776902930328579398,2.4963,-0.568359,-0.0562318,1.72991,0.962785,1.24022,10,33976,26.0593,2.14725
1776902930333554713,2.49339,-0.568359,-0.0445683,1.57889,0.962785,1.24022,10,33986,26.0669,2.14725
1776902930338562034,2.49339,-0.599609,-0.0368989,1.54764,1.27968,1.2107,10,34003,26.08,2.1481
1776902930343527125,2.48415,-0.599609,-0.0330975,1.54849,1.27968,1.2107,10,34014,26.0884,2.1481
1776902930348606902,2.48415,-0.578125,-0.0246613,1.56998,1.14008,1.1857,10,34031,26.1014,2.14725
1776902930353592107,2.48121,-0.578125,-0.0145638,1.56912,1.14008,1.1857,10,34042,26.1099,2.14725
1776902930358574609,2.48121,-0.507812,-0.00612764,1.63943,1.41658,1.2139,10,34058,26.1222,2.14725
1776902930363573428,2.47266,-0.507812,-0.00241022,1.63943,1.41658,1.2139,10,34068,26.1298,2.14725
1776902930368552929,2.47266,-0.464844,0.00526117,1.6824,1.25204,1.20377,10,34084,26.1421,1.99394
1776902930373546803,2.47266,-0.464844,0.017533,1.5291,1.25204,1.20377,10,34092,26.1482,1.99394
1776902930378552697,2.47125,-0.464844,0.0222671,1.5291,1.32467,1.19808,10,34105,26.1582,1.84022
1776902930383544904,2.47125,-0.318359,0.0322368,1.52186,1.32467,1.19808,10,34119,26.1689,1.84097
1776902930388553391,2.46532,-0.318359,0.0370395,1.52261,1.10621,1.2575,10,34131,26.1781,1.6869
1776902930393518149,2.46532,-0.175781,0.0462425,1.51112,1.10621,1.2575,10,34142,26.1866,1.84097
1776902930398541342,2.46146,-0.175781,0.050822,1.66519,1.18034,1.32308,10,34154,26.1958,1.84133
1776902930403549237,2.46146,-0.148438,0.060025,1.69289,1.18034,1.32308,10,34166,26.205,1.84097
1776902930408546870,2.46066,-0.148438,0.0684306,1.69254,1.19465,1.33542,10,34179,26.215,1.83986
1776902930413663912,2.46066,-0.0976562,0.0784004,1.7422,1.19465,1.33542,10,34190,26.2234,1.84097
1776902930418593109,2.45884,-0.0976562,0.0850189,1.74332,1.21704,1.35696,10,34203,26.2334,1.84096
1776902930423593669,2.45884,-0.0820312,0.0949886,1.75893,1.21704,1.35696,10,34213,26.241,1.68724
1776902930428619103,2.45841,-0.0820312,0.102233,1.60521,1.41182,1.36412,10,34225,26.2502,1.84134
1776902930433597660,2.45841,0.0273438,0.111436,1.86868,1.41182,1.36412,10,34236,26.2587,1.68724
1776902930438556880,2.45781,0.0273438,0.119263,1.71458,1.28214,1.42399,10,34247,26.2671,1.68762
1776902930443544011,2.45781,0.0722656,0.127702,1.75989,1.28214,1.42399,10,34258,26.2756,1.6869
1776902930448546350,2.45781,0.0722656,0.136138,1.75917,1.474,1.4496,10,34270,26.2848,1.84096
1776902930453550799,2.46092,0.0722656,0.148453,1.91323,1.474,1.4496,10,34279,26.2917,1.84096
1776902930458547099,2.46092,0.199219,0.155356,2.04018,1.37579,1.53462,10,34294,26.3032,1.84022
1776902930463562384,2.46386,0.199219,0.16981,2.03944,1.37579,1.53462,10,34303,26.3101,1.84022
1776902930468555980,2.46386,0.191406,0.176713,2.03163,1.41478,1.54215,10,34319,26.3223,1.99394
1776902930473561300,2.46473,0.191406,0.189854,2.18535,1.41478,1.54215,10,34328,26.3285,1.99394
1776902930478589383,2.46473,0.195312,0.196757,2.18925,1.45737,1.54791,10,34343,26.3408,1.99195
1776902930483607742,2.46769,0.195312,0.211219,2.18726,1.45737,1.54791,10,34352,26.3477,1.99195
1776902930488590651,2.46769,0.195312,0.218121,2.18726,1.45213,1.55992,10,34368,26.3599,1.84096
1776902930493528942,2.46957,0.195312,0.23227,2.03627,1.45213,1.55992,10,34377,26.3668,1.84096
1776902930498559525,2.46957,0.205078,0.239173,2.04604,1.65881,1.5731,10,34392,26.3783,1.99393
1776902930503556121,2.47153,0.205078,0.252635,2.199,1.65881,1.5731,10,34401,26.3852,1.99393
1776902930508560441,2.47153,0.251953,0.259539,2.24588,1.566,1.60776,10,34418,26.3983,1.99432
1776902930513552556,2.47393,0.251953,0.274977,2.24628,1.566,1.60776,10,34427,26.4052,1.99432
1776902930518561747,2.47393,0.269531,0.281878,2.26386,1.54149,1.62751,10,34444,26.4182,1.99472
1776902930523554472,2.47393,0.269531,0.294917,2.26425,1.54149,1.62751,10,34454,26.4259,1.99472
1776902930528594705,2.47809,0.269531,0.306756,2.26425,1.62215,1.64438,10,34468,26.4366,1.99353
1776902930533578596,2.47809,0.242188,-0.310824,2.23571,1.62215,1.64438,10,34482,26.4474,1.99512
1776902930538573470,2.48213,0.242188,-0.296054,2.23731,1.45066,1.64509,10,34488,26.452,1.22719
1776902930543548933,2.48213,0.220703,-0.291451,1.44789,1.45066,1.64509,10,34492,26.455,1.22719
1776902930548559384,2.4833,0.220703,-0.287211,1.44789,1.90517,1.63759,10,34495,26.4573,0.46025
1776902930553547812,2.4833,1.45117,-0.284909,1.91142,1.90517,1.63759,10,34498,26.4596,0.460237
1776902930558549020,2.49326,1.45117,-0.272647,1.91141,2.05631,2.37913,10,34503,26.4635,0.767289
1776902930563548543,2.49326,1.59961,-0.268811,2.3669,2.05631,2.37913,10,34508,26.4673,0.767289
1776902930568598982,2.50072,1.59961,-0.25752,2.3669,1.79233,2.49373,10,34516,26.4734,1.22719
1776902930573584335,2.50072,0.685547,-0.251384,1.91273,1.79233,2.49373,10,34528,26.4826,1.53389
1776902930578606529,2.5201,0.685547,-0.222798,2.21944,2.03785,2.05032,10,34539,26.4911,1.99432
1776902930583588178,2.5201,0.621094,-0.214362,2.61542,2.03785,2.05032,10,34555,26.5034,2.14767
1776902930588598092,2.52327,0.621094,-0.19892,2.76877,2.09809,2.02624,10,34571,26.5156,2.30057
1776902930593538197,2.52327,-0.136719,-0.186648,2.16385,2.09809,2.02624,10,34586,26.5271,2.30064
1776902930598556593,2.52327,-0.136719,-0.175143,2.16393,1.7315,1.59428,10,34603,26.5402,2.60498
1776902930603624702,2.52603,-0.136719,-0.159339,2.46826,1.7315,1.59428,10,34615,26.5494,2.60498
1776902930608588885,2.52603,-0.613281,-0.150136,1.9917,1.90501,1.33367,10,34634,26.5639,2.30156
1776902930613622136,2.52028,-0.613281,-0.141318,1.68828,1.90501,1.33367,10,34645,26.5724,2.30156
1776902930618734492,2.52028,-0.697266,-0.132882,1.6043,1.76984,1.26284,10,34665,26.5877,2.30103
1776902930623593751,2.51336,-0.697266,-0.124457,1.60376,1.76984,1.26284,10,34678,26.5977,2.30103
1776902930628570474,2.51336,-0.863281,-0.114488,1.43774,1.55881,1.14057,10,34697,26.6123,2.45487
1776902930633554346,2.50561,-0.863281,-0.107665,1.59159,1.55881,1.14057,10,34707,26.6199,2.45487
1776902930638556888,2.50561,-0.720703,-0.0999956,1.73416,1.4774,1.19079,10,34727,26.6345,2.30149
1776902930643538445,2.49726,-0.720703,-0.093009,1.58078,1.4774,1.19079,10,34737,26.6429,2.30149
1776902930648543524,2.49726,-0.605469,-0.0853376,1.69602,1.30837,1.22293,10,34756,26.6568,2.14729
1776902930653551993,2.49094,-0.605469,-0.0770845,1.54182,1.30837,1.22293,10,34766,26.6652,2.14729
1776902930658561165,2.49094,-0.503906,-0.0694151,1.64339,1.00286,1.25538,10,34785,26.6798,2.30103
1776902930663552427,2.48483,-0.503906,-0.060956,1.79712,1.00286,1.25538,10,34796,26.6882,2.30103
1776902930668546431,2.48483,-0.533203,-0.0525179,1.76782,1.24135,1.21403,10,34816,26.7035,2.30103
1776902930673557863,2.48483,-0.533203,-0.037179,1.76782,1.24135,1.21403,10,34827,26.712,2.30103
1776902930678546477,2.47985,-0.533203,-0.033719,1.76782,1.14643,1.19392,10,34843,26.7242,2.45095
1776902930683555501,2.47985,-0.478516,-0.0214472,1.97243,1.14643,1.19392,10,34859,26.7365,2.1503
1776902930688547356,2.47216,-0.478516,-0.0168676,1.67179,1.38167,1.19395,10,34875,26.7488,2.14767
1776902930693520856,2.47216,-0.488281,-0.00459574,1.65939,1.38167,1.19395,10,34887,26.758,2.14767
1776902930698581111,2.46964,-0.488281,0.00208759,1.65939,1.29367,1.17817,10,34902,26.7695,2.14725
1776902930703552740,2.46964,-0.410156,0.0135927,1.73709,1.29367,1.17817,10,34915,26.7795,2.14772
1776902930708558746,2.4629,-0.410156,0.0168257,1.73757,1.33894,1.19533,10,34929,26.7902,1.99353
1776902930713556657,2.4629,-0.380859,0.0275621,1.61267,1.33894,1.19533,10,34942,26.8002,1.99512
1776902930718595612,2.46092,-0.380859,0.0355539,1.61426,1.10021,1.20398,10,34955,26.8102,2.14729
1776902930723577836,2.46092,-0.230469,0.0455256,1.91682,1.10021,1.20398,10,34967,26.8194,1.8406
1776902930728551354,2.45638,-0.230469,0.050189,1.61014,1.24619,1.27123,10,34980,26.8293,1.84022
1776902930733547469,2.45638,-0.166016,0.0601606,1.67421,1.24619,1.27123,10,34990,26.837,1.84171
1776902930738548974,2.45544,-0.166016,0.0668879,1.67569,0.943306,1.30412,10,35002,26.8462,1.68724
1776902930743520566,2.45544,-0.0585938,0.0760908,1.62865,0.943306,1.30412,10,35013,26.8546,1.6869
1776902930748546741,2.45544,-0.0585938,0.0845289,1.62831,1.3586,1.36535,10,35025,26.8638,1.84134
1776902930753549135,2.45381,-0.0585938,0.0921087,1.78275,1.3586,1.36535,10,35034,26.8707,1.84134
1776902930758608520,2.45381,-0.0292969,0.0990114,1.81204,1.28345,1.37543,10,35049,26.8815,1.68796
1776902930763592744,2.45325,-0.0292969,0.109958,1.65866,1.28345,1.37543,10,35057,26.8884,1.68796
1776902930768585395,2.45325,-0.0136719,0.116094,1.67429,1.4021,1.38207,10,35072,26.8999,1.83913
1776902930773553820,2.45315,-0.0136719,0.127496,1.82546,1.4021,1.38207,10,35080,26.906,1.83913
1776902930778601721,2.45315,0.0703125,0.133632,1.90945,1.43704,1.42952,10,35094,26.9168,1.68758
1776902930783579852,2.45371,0.0703125,0.144931,1.75789,1.43704,1.42952,10,35102,26.9229,1.68758
1776902930788553222,2.45371,0.123047,0.151065,1.81063,1.36607,1.46186,10,35116,26.9336,1.5342
1776902930793574897,2.45436,0.123047,0.162448,1.65724,1.36607,1.46186,10,35123,26.939,1.5342
1776902930798585514,2.45436,0.257812,0.167817,1.79201,1.56538,1.5413,10,35136,26.949,1.53458
1776902930803553105,2.45729,0.257812,0.180724,1.79239,1.56538,1.5413,10,35144,26.9551,1.53458
1776902930808547701,2.45729,0.277344,0.186858,1.81192,1.47427,1.5644,10,35159,26.9666,1.68758
1776902930813549688,2.45857,0.277344,0.199639,1.96492,1.47427,1.5644,10,35167,26.9728,1.68758
1776902930818545154,2.45857,0.269531,0.205775,1.95711,1.53694,1.56514,10,35183,26.985,1.84059
1776902930823554105,2.45857,0.269531,0.218047,2.11012,1.53694,1.56514,10,35191,26.9912,1.84059
1776902930828550701,2.4627,0.269531,0.228316,2.11012,1.5214,1.58195,10,35204,27.0011,1.84059
1776902930833610419,2.4627,0.271484,0.238286,2.11208,1.5214,1.58195,10,35218,27.0119,1.84134
1776902930838553395,2.46541,0.271484,0.251737,2.11283,1.47473,1.59408,10,35231,27.0218,1.84059
1776902930843527247,2.46541,0.298828,0.261708,2.13942,1.47473,1.59408,10,35245,27.0326,1.84097
1776902930848540198,2.46971,0.298828,0.276744,2.1398,1.72103,1.62712,10,35255,27.0402,1.99354
1776902930853548556,2.46971,0.341797,0.284415,2.33534,1.72103,1.62712,10,35267,27.0494,1.84134
1776902930858543207,2.47293,0.341797,0.296836,2.18314,1.54494,1.66466,10,35278,27.0579,1.99393
1776902930863549657,2.47293,0.375,0.305274,2.36893,1.54494,1.66466,10,35293,27.0694,1.99354
1776902930868544365,2.47653,0.375,-0.307936,2.36854,1.59913,1.69819,10,35305,27.0786,1.84171
1776902930873549592,2.47653,0.388672,-0.298732,2.23038,1.59913,1.69819,10,35309,27.0817,0.920105
1776902930878555338,2.48022,0.388672,-0.291976,1.30878,1.68129,1.7209,10,35311,27.0832,0.307022
1776902930883559047,2.48022,1.18164,-0.29044,1.48866,1.68129,1.7209,10,35313,27.0847,0.30664
1776902930888552957,2.48797,1.18164,-0.281157,1.48828,2.00171,2.20418,10,35315,27.0863,0.306579
1776902930893521068,2.48797,1.64258,-0.279624,1.94916,2.00171,2.20418,10,35319,27.0893,0.306579
1776902930898552633,2.49364,1.64258,-0.265525,2.41017,2.09696,2.46692,10,35330,27.0978,0.919553
1776902930903546821,2.49364,1.64258,-0.265525,2.41017,2.09696,2.46692,10,35330,27.0978,0.919553
1776902930908587018,2.52137,0.667969,-0.220143,2.35424,1.96526,1.93421,10,35355,27.1169,1.84317
1776902930913559943,2.52137,0.564453,-0.215541,2.40762,1.96526,1.93421,10,35368,27.1269,2.1481
1776902930918554558,2.52532,0.564453,-0.201625,2.71256,2.11061,2.00213,10,35381,27.1369,2.14682
1776902930923549728,2.52532,0.136719,-0.191655,2.28353,2.11061,2.00213,10,35396,27.1484,2.45536
1776902930928556882,2.52655,0.136719,-0.178916,2.59208,1.59095,1.76324,10,35414,27.1622,2.60721
1776902930933554516,2.52655,-0.255859,-0.16511,2.35135,1.59095,1.76324,10,35429,27.1737,2.45438
1776902930938572578,2.52598,-0.255859,-0.154179,2.19852,1.93854,1.53718,10,35442,27.1837,2.45192
1776902930943604977,2.52598,-0.341797,-0.144208,2.11013,1.93854,1.53718,10,35456,27.1936,2.45192
1776902930948608926,2.52482,-0.341797,-0.134629,2.11013,1.8301,1.48357,10,35471,27.2059,2.29972
1776902930953577685,2.52482,-0.458984,-0.123126,1.84074,1.8301,1.48357,10,35489,27.2197,2.45487
1776902930958627772,2.51796,-0.458984,-0.116175,1.99588,1.78661,1.38941,10,35505,27.232,2.30103
1776902930963558746,2.51796,-0.675781,-0.103904,1.62524,1.78661,1.38941,10,35517,27.2412,1.99472
1776902930968545397,2.51796,-0.675781,-0.0947006,1.31894,1.59449,1.26584,10,35533,27.2535,2.30103
1776902930973542567,2.51513,-0.675781,-0.0852592,1.62524,1.59449,1.26584,10,35544,27.2619,2.30103
1776902930978548684,2.51513,-0.607422,-0.076823,1.6936,1.44221,1.29348,10,35563,27.2765,2.14729
1776902930983572581,2.50091,-0.607422,-0.0764739,1.53987,1.44221,1.29348,10,35573,27.2841,2.14729
1776902930988544062,2.50091,-0.628906,-0.0688026,1.51839,1.12324,1.22424,10,35592,27.2987,2.30195
1776902930993517636,2.49786,-0.628906,-0.0572784,1.67304,1.12324,1.22424,10,35602,27.3064,2.30195
1776902930998539162,2.49786,-0.550781,-0.049607,1.75116,1.2536,1.25653,10,35620,27.3202,2.30195
1776902931003560391,2.48966,-0.550781,-0.0440032,1.75116,1.2536,1.25653,10,35631,27.3286,2.30195
1776902931008546351,2.48966,-0.570312,-0.035567,1.73163,1.08483,1.21238,10,35649,27.3424,2.14725
1776902931013547147,2.48695,-0.570312,-0.0244663,1.57693,1.08483,1.21238,10,35659,27.3501,2.14725
1776902931018545962,2.48695,-0.53125,-0.0167949,1.616,1.36537,1.22373,10,35676,27.3631,2.14682
1776902931023559778,2.47878,-0.53125,-0.0119293,1.61557,1.36537,1.22373,10,35687,27.3716,2.14682
1776902931028549962,2.47878,-0.449219,-0.00349305,1.6976,1.28515,1.23748,10,35705,27.3854,2.30149
1776902931033648552,2.47377,-0.449219,0.00530364,1.85227,1.28515,1.23748,10,35715,27.3931,2.30149
1776902931038598876,2.47377,-0.376953,0.012975,1.92453,1.33638,1.2584,10,35732,27.4061,1.99434
1776902931043542608,2.47377,-0.376953,0.0260136,1.61739,1.33638,1.2584,10,35742,27.4138,1.99434
1776902931048547849,2.46966,-0.376953,0.029567,1.61739,1.21573,1.24171,10,35756,27.4245,1.99154
1776902931053639919,2.46966,-0.269531,0.0403054,1.722,1.21573,1.24171,10,35771,27.436,1.99634
1776902931058594689,2.46473,-0.269531,0.0468877,1.72681,1.45427,1.28295,10,35785,27.4468,1.99393
1776902931063586114,2.46473,-0.203125,0.0576241,1.7908,1.45427,1.28295,10,35797,27.456,1.99512
1776902931068555127,2.46246,-0.203125,0.0645592,1.792,1.16195,1.31158,10,35808,27.4644,1.99354
1776902931073547903,2.46246,-0.101562,0.0729954,1.89198,1.16195,1.31158,10,35820,27.4736,1.99354
1776902931078551811,2.461,-0.101562,0.0807355,1.89198,1.34022,1.36351,10,35834,27.4843,1.99394
1776902931083606079,2.461,-0.0957031,0.0914719,1.89824,1.34022,1.36351,10,35846,27.4935,1.99394
1776902931088562053,2.4606,-0.0957031,0.100276,1.89824,1.18747,1.36522,10,35859,27.5035,1.83986
1776902931093541975,2.4606,-0.0273438,0.110246,1.81251,1.18747,1.36522,10,35873,27.5142,1.99512
1776902931098604615,2.45967,-0.0273438,0.120057,1.96778,1.46297,1.40042,10,35886,27.5242,1.8406
1776902931103557681,2.45967,0.0410156,0.130029,1.88162,1.46297,1.40042,10,35900,27.535,1.84096
1776902931108557477,2.45973,0.0410156,0.140823,1.88198,1.33745,1.43961,10,35909,27.5419,1.68724
1776902931113545678,2.45973,0.101562,0.147725,1.7888,1.33745,1.43961,10,35920,27.5503,1.84134
1776902931118554902,2.46037,0.101562,0.164468,1.9429,1.41145,1.47412,10,35936,27.5626,1.68724
1776902931123547641,2.46037,0.175781,0.16907,1.86302,1.41145,1.47412,10,35946,27.5702,1.8406
1776902931128548882,2.46193,0.175781,0.178304,2.01639,1.50926,1.52538,10,35956,27.5779,1.68724
1776902931133545140,2.46193,0.246094,0.185973,1.93333,1.50926,1.52538,10,35969,27.5879,1.8406
1776902931138544473,2.46493,0.246094,0.198949,2.0867,1.38472,1.57767,10,35979,27.5955,1.84133
1776902931143526674,2.46493,0.253906,0.206619,2.09523,1.38472,1.57767,10,35990,27.604,1.8406
1776902931148579441,2.46652,0.253906,0.216644,2.09451,1.59369,1.58856,10,36003,27.614,1.83765
1776902931153557252,2.46652,0.226562,0.226613,2.06421,1.59369,1.58856,10,36014,27.6224,1.68961
1776902931158547991,2.46887,0.226562,0.237401,1.91617,1.47527,1.58252,10,36024,27.6301,1.84097
1776902931163555122,2.46887,0.222656,0.245071,2.06363,1.47527,1.58252,10,36037,27.64,1.68792
1776902931168546805,2.47111,0.222656,0.257283,1.91057,1.53871,1.58938,10,36050,27.65,1.99432
1776902931173549657,2.47111,0.253906,0.267253,2.24823,1.53871,1.58938,10,36062,27.6592,1.83986
1776902931178545934,2.47221,0.253906,0.277559,2.09376,1.64497,1.61165,10,36073,27.6676,1.99233
1776902931183549768,2.47221,0.277344,0.285995,2.26968,1.64497,1.61165,10,36087,27.6784,1.99672
1776902931188562251,2.47221,0.277344,0.296733,2.27406,1.5175,1.62501,10,36102,27.6899,1.99394
1776902931193535728,2.47614,0.277344,0.312166,2.27129,1.5175,1.62501,10,36111,27.6968,1.99394
1776902931198544896,2.47614,0.28125,-0.30925,2.27519,1.62677,1.64315,10,36122,27.7052,1.38054
1776902931203553841,2.48027,0.28125,-0.296683,1.66179,1.62677,1.64315,10,36124,27.7068,1.38054
1776902931208546970,2.48027,0.667969,-0.295149,2.04851,1.5924,1.88029,10,36127,27.7091,0.307022
1776902931213553192,2.48455,0.667969,-0.288569,0.97499,1.5924,1.88029,10,36129,27.7106,0.307022
1776902931218544191,2.48455,1.63867,-0.287035,1.94569,2.13447,2.45087,10,36134,27.7144,0.460052
1776902931223553840,2.49614,1.63867,-0.271609,2.09872,2.13447,2.45087,10,36138,27.7175,0.460052
1776902931228548543,2.49614,1.56445,-0.268542,2.02451,2.28355,2.45528,10,36147,27.7244,1.22694
1776902931233544801,2.51235,1.56445,-0.245427,2.7914,2.28355,2.45528,10,36154,27.7298,1.22694
1776902931238545097,2.51235,0.695312,-0.240057,1.92226,2.21096,2.02492,10,36169,27.7413,1.8406
1776902931243534817,2.52272,0.695312,-0.218186,2.53592,2.21096,2.02492,10,36178,27.7482,1.8406
1776902931248555154,2.52272,0.158203,-0.211283,1.99881,1.94125,1.76019,10,36196,27.762,2.14767
1776902931253549153,2.52706,0.158203,-0.193135,2.30588,1.94125,1.76019,10,36208,27.7712,2.14767
1776902931258555857,2.52706,-0.0175781,-0.18393,2.1301,1.517,1.67731,10,36229,27.7873,2.30195
1776902931263558579,2.52706,-0.0175781,-0.167824,2.28437,1.517,1.67731,10,36239,27.795,2.30195
1776902931268546836,2.52778,-0.0175781,-0.15943,2.28437,1.66736,1.68019,10,36254,27.8065,2.30195
1776902931273546151,2.52778,-0.205078,-0.147927,2.09687,1.66736,1.68019,10,36269,27.818,1.99632
1776902931278573396,2.5261,-0.205078,-0.138102,1.79124,1.8151,1.56662,10,36285,27.8302,2.30149
1776902931283549706,2.5261,-0.298828,-0.12583,2.00266,1.8151,1.56662,10,36303,27.8441,2.30103
1776902931288579304,2.522,-0.298828,-0.116131,2.0022,1.82124,1.49681,10,36315,27.8533,2.30011
1776902931293519053,2.522,-0.548828,-0.106926,1.75128,1.82124,1.49681,10,36332,27.8663,2.3011
1776902931298562597,2.51484,-0.548828,-0.101046,1.75228,1.75283,1.32571,10,36346,27.877,2.45438
1776902931303548427,2.51484,-0.484375,-0.0903077,1.97,1.75283,1.32571,10,36361,27.8885,2.4529
1776902931308546464,2.51118,-0.484375,-0.0824647,1.96853,1.33867,1.3478,10,36374,27.8985,2.4529
1776902931313545556,2.51118,-0.503906,-0.072495,1.949,1.33867,1.3478,10,36387,27.9085,2.30149
1776902931318554465,2.50977,-0.503906,-0.0639329,1.79758,1.25322,1.33102,10,36401,27.9192,1.99552
1776902931323544926,2.50977,-0.324219,-0.0531945,1.6713,1.25322,1.33102,10,36417,27.9315,2.14643
1776902931328554242,2.50186,-0.324219,-0.0488305,1.82222,1.33657,1.40173,10,36429,27.9407,2.14643
1776902931333540869,2.50186,-0.357422,-0.0396275,1.78901,1.33657,1.40173,10,36442,27.9507,2.1481
1776902931338632069,2.50096,-0.357422,-0.019053,1.79025,1.23049,1.3828,10,36463,27.9668,2.1481
1776902931343562001,2.50096,-0.357422,-0.019053,1.79025,1.23049,1.3828,10,36463,27.9668,2.1481
1776902931348613973,2.49375,-0.320312,-0.00632141,1.67323,1.47997,1.40033,10,36489,27.9867,2.14596
1776902931353599007,2.49375,-0.304688,-0.00171898,1.84127,1.47997,1.40033,10,36501,27.9959,1.84243
1776902931358561723,2.49137,-0.304688,0.00511125,1.53775,1.36413,1.37069,10,36511,28.0036,1.84097
1776902931363555759,2.49137,-0.203125,0.0127807,1.63785,1.36413,1.37069,10,36521,28.0113,1.83986
1776902931368553147,2.49137,-0.203125,0.0127807,1.63785,1.36413,1.37069,10,36521,28.0113,1.83986
1776902931373549775,2.49137,-0.203125,0.0127807,1.63785,1.36413,1.37069,10,36521,28.0113,1.83986
1776902931378543626,2.49137,-0.203125,0.0127807,1.63785,1.36413,1.37069,10,36521,28.0113,1.83986
1776902931383548367,2.49137,-0.203125,0.0127807,1.63785,1.36413,1.37069,10,36521,28.0113,1.83986
1776902931388585151,2.49137,-0.203125,0.0127807,1.63785,1.36413,1.37069,10,36521,28.0113,1.83986
1776902931393528586,2.49137,-0.203125,0.0127807,1.63785,1.36413,1.37069,10,36521,28.0113,1.83986
