timestamp,torso_pitch,torso_pitch_rate,wheel_pos,wheel_vel,wheel_torque,wheel_cmd_torque,mot_drv_mode,encoder_steps,encoder_ang,encoder_speed
1776813167394997043,0,0,0,0,0,0,0,-1,-0.00076699,0
1776813167399857003,0,0,0.314159,0,0,0,0,-1,-0.00076699,0
1776813167404801848,0,0,0.314159,0,0,0,0,-1,-0.00076699,0
1776813167409809877,0,0,0.314159,0,0,0,0,-1,-0.00076699,0
1776813167414834331,0,0,0.314159,0,0,0,0,-1,-0.00076699,0
1776813167419792694,0,0,0.314159,0,0,0,0,-1,-0.00076699,0
1776813167424816611,0,0,0.314159,0,0,0,0,-1,-0.00076699,0
1776813167429784511,0,0,0.314159,0,0,0,0,-1,-0.00076699,0
1776813167434782614,0,0,0.314159,0,0,0,0,-1,-0.00076699,0
1776813167439790291,0,0,0.314159,0,0,0,0,-1,-0.00076699,0
1776813167444904649,0,0,0.314159,0,0,0,0,-1,-0.00076699,0
1776813167449832755,0,0,0.314159,0,0,0,0,-1,-0.00076699,0
1776813167454790637,0,0,0.314159,0,0,0,0,-1,-0.00076699,0
1776813167459783629,0,0,0.314159,0,0,0,0,-1,-0.00076699,0
1776813167464773325,0,0,0.314159,0,0,0,0,-1,-0.00076699,0
1776813167469777353,0,0,0.314159,0,0,0,0,-1,-0.00076699,0
1776813167474777123,0,0,0.314159,0,0,0,0,-1,-0.00076699,0
1776813167479763133,0,0,0.314159,0,0,0,0,-1,-0.00076699,0
1776813167484792124,0,0,0.314159,0,0,0,0,-1,-0.00076699,0
1776813167489782079,0,0,0.314159,0,0,0,0,-1,-0.00076699,0
1776813167494806459,0,0,0.314159,0,0,0,0,-1,-0.00076699,0
1776813167499837431,0,0,0.314159,0,0,0,0,-1,-0.00076699,0
1776813167504780888,0,0,0.314159,0,0,0,0,-1,-0.00076699,0
1776813167509772399,0,0,0.314159,0,0,0,0,-1,-0.00076699,0
1776813167514773372,0,0,0.314159,0,0,0,0,-1,-0.00076699,0
1776813167519783400,0,0,0.314159,0,0,0,0,-1,-0.00076699,0
1776813167524774707,0,0,0.314159,0,0,0,0,-1,-0.00076699,0
1776813167529752663,0,0,0.314159,0,0,0,0,-1,-0.00076699,0
1776813167534762673,0,0,0.314159,0,0,0,0,-1,-0.00076699,0
1776813167539769664,0,0,0.314159,0,0,0,0,-1,-0.00076699,0
1776813167544779100,0,0,0.314159,0,0,0,0,-1,-0.00076699,0
1776813167549776814,0,0,0.314159,0,0,0,0,-1,-0.00076699,0
1776813167554783306,0,0,0.314159,0,0,0,0,-1,-0.00076699,0
1776813167559783464,0,0,0.314159,0,0,0,0,-1,-0.00076699,0
1776813167564781178,0,0,0.314159,0,0,0,0,-1,-0.00076699,0
1776813167569773392,0,0,0.314159,0,0,0,0,-1,-0.00076699,0
1776813167574777847,0,0,0.314159,0,0,0,0,-1,-0.00076699,0
1776813167579763987,0,0,0.314159,0,0,0,0,-1,-0.00076699,0
1776813167584770849,nan,-0.00195312,inf,-0.00195312,0,0,11,-1,-0.00076699,0
1776813167589772470,nan,-0.00195312,inf,-0.00195312,0,0,0,-1,-0.00076699,0
1776813167594774684,nan,-0.00195312,inf,-0.00195312,0,0,3,-1,-0.00076699,0
1776813167599780824,nan,-0.00195312,inf,-0.00195312,0,0,3,-1,-0.00076699,0
1776813167604778409,3.09812,0,0.314159,0,0,0,10,-1,-0.00076699,0
1776813167609774900,3.09812,0.00195312,0.314159,0.00195312,0,0,10,-1,-0.00076699,0
1776813167614783299,3.09812,0.00195312,0.314159,0.00195312,0,0,10,-1,-0.00076699,0
1776813167619771921,3.09812,0,0.314159,0,0,0,10,-1,-0.00076699,0
1776813167624793171,3.09812,0,0.314159,0,0,0,10,-1,-0.00076699,0
1776813167629800589,3.09812,0,0.314159,0,0,0,10,-1,-0.00076699,0
1776813167634779248,3.09812,0,0.314159,0,0,0,10,-1,-0.00076699,0
1776813167639777443,3.09812,0.00195312,0.314159,0.00195312,0,0,10,-1,-0.00076699,0
1776813167644779546,3.09812,0.00195312,0.314159,0.00195312,0,0,10,-1,-0.00076699,0
1776813167649783612,3.09812,-0.00195312,0.314159,-0.00195312,0,0,10,-1,-0.00076699,0
1776813167654814788,3.09812,-0.00195312,0.314159,-0.00195312,0,0,10,-1,-0.00076699,0
1776813167659787447,3.09812,0.00195312,0.314159,0.00195312,0,0,10,-1,-0.00076699,0
1776813167664790494,3.09812,0.00195312,0.314159,0.00195312,0,0,10,-1,-0.00076699,0
1776813167669781505,3.09812,0.00390625,0.314159,0.00390625,0,0,10,-1,-0.00076699,0
1776813167674782534,3.09812,0.00390625,0.314159,0.00390625,0,0,10,-1,-0.00076699,0
1776813167679750175,3.09812,0,0.314159,0,0,0,10,-1,-0.00076699,0
1776813167684761351,3.09812,0,0.314159,0,0,0,10,-1,-0.00076699,0
1776813167689771602,3.09812,0.00195312,0.314159,0.00195312,0,0,10,-1,-0.00076699,0
1776813167694771186,3.09812,0.00195312,0.314159,0.00195312,0,0,10,-1,-0.00076699,0
1776813167699795696,3.09812,0.00195312,0.314159,0.00195312,0,0,10,-1,-0.00076699,0
1776813167704769670,3.09812,0.00195312,0.314159,0.00195312,0,0,10,-1,-0.00076699,0
1776813167709786513,3.09812,-0.00195312,0.314159,-0.00195312,0,0,10,-1,-0.00076699,0
1776813167714776598,3.09812,-0.00195312,0.314159,-0.00195312,0,0,10,-1,-0.00076699,0
1776813167719786997,3.09812,-0.00195312,0.314159,-0.00195312,0,0,10,-1,-0.00076699,0
1776813167724790822,3.09812,-0.00195312,0.314159,-0.00195312,0,0,10,-1,-0.00076699,0
1776813167729750037,3.09824,-0.00390625,0.314159,-0.00390625,0,0,10,-1,-0.00076699,0
1776813167734758343,3.09811,-0.00390625,0.314159,-0.00390625,0,0,10,-1,-0.00076699,0
1776813167739792408,3.09811,0.00390625,0.314159,0.00390625,0,0,10,-1,-0.00076699,0
1776813167744774585,3.09811,0.00390625,0.314159,0.00390625,0,0,10,-1,-0.00076699,0
1776813167749785614,3.09811,0.00195312,0.314159,0.00195312,0,0,10,-1,-0.00076699,0
1776813167754869732,3.09812,0.00195312,0.314159,0.00195312,0,0,10,-1,-0.00076699,0
1776813167759792338,3.09812,0.00195312,0.314159,0.00195312,0,0,10,-1,-0.00076699,0
1776813167764774590,3.09812,0.00195312,0.314159,0.00195312,0,0,10,-1,-0.00076699,0
1776813167769780044,3.09812,-0.00195312,0.314159,-0.00195312,0,0,10,-1,-0.00076699,0
1776813167774784536,3.09812,-0.00195312,0.314159,-0.00195312,0,0,10,-1,-0.00076699,0
1776813167779766232,3.09812,0.00585938,0.314159,0.00585938,0,0,10,-1,-0.00076699,0
1776813167784767779,3.09812,0.00585938,0.314159,0.00585938,0,0,10,-1,-0.00076699,0
1776813167789768197,3.09812,0.00195312,0.314159,0.00195312,0,0,10,-1,-0.00076699,0
1776813167794771540,3.09812,0.00195312,0.314159,0.00195312,0,0,10,-1,-0.00076699,0
1776813167799772069,3.09824,0.00195312,0.314159,0.00195312,0,0,10,-1,-0.00076699,0
1776813167804795930,3.09824,0,0.314159,0,0,0,10,-1,-0.00076699,0
1776813167809775867,3.09824,0,0.314159,0,0,0,10,-1,-0.00076699,0
1776813167814780803,3.09824,0.00195312,0.314159,0.00195312,0,0,10,-1,-0.00076699,0
1776813167819775277,3.09824,0.00195312,0.314159,0.00195312,0,0,10,-1,-0.00076699,0
1776813167824797879,3.09824,-0.00585938,0.314159,-0.00585938,0,0,10,-1,-0.00076699,0
1776813167829769297,3.09824,-0.00585938,0.314159,-0.00585938,0,0,10,-1,-0.00076699,0
1776813167834772882,3.09824,-0.00390625,0.314159,-0.00390625,0,0,10,-1,-0.00076699,0
1776813167839766226,3.09811,-0.00390625,0.314159,-0.00390625,0,0,10,-1,-0.00076699,0
1776813167844794272,3.09811,-0.00390625,0.314159,-0.00390625,0,0,10,-1,-0.00076699,0
1776813167849772690,3.09811,-0.00390625,0.314159,-0.00390625,0,0,10,-1,-0.00076699,0
1776813167854771960,3.09811,0,0.314159,0,0,0,10,-1,-0.00076699,0
1776813167859771692,3.09811,0,0.314159,0,0,0,10,-1,-0.00076699,0
1776813167864780702,3.09811,0,0.314159,0,0,0,10,-1,-0.00076699,0
1776813167869778194,3.09811,0,0.314159,0,0,0,10,-1,-0.00076699,0
1776813167874776408,3.09811,0,0.314159,0,0,0,10,-1,-0.00076699,0
1776813167879757419,3.09811,0.00195312,0.314159,0.00195312,0,0,10,-1,-0.00076699,0
1776813167884775984,3.09812,0.00195312,0.314159,0.00195312,0,0,10,-1,-0.00076699,0
1776813167889778161,3.09812,0.00390625,0.314159,0.00390625,0,0,10,-1,-0.00076699,0
1776813167894771635,3.09824,0.00390625,0.314159,0.00390625,0,0,10,-1,-0.00076699,0
1776813167899782571,3.09824,0.00390625,0.314159,0.00390625,0,0,10,-1,-0.00076699,0
1776813167904845505,3.09824,0.00390625,0.314159,0.00390625,0,0,10,-1,-0.00076699,0
1776813167909805053,3.09824,-0.00195312,0.314159,-0.00195312,0,0,10,-1,-0.00076699,0
1776813167914783583,3.09824,-0.00195312,0.314159,-0.00195312,0,0,10,-1,-0.00076699,0
1776813167919778112,3.09824,-0.00195312,0.314159,-0.00195312,0,0,10,-1,-0.00076699,0
1776813167924777530,3.09824,-0.00195312,0.314159,-0.00195312,0,0,10,-1,-0.00076699,0
1776813167929763114,3.09824,-0.00195312,0.314159,-0.00195312,0,0,10,-1,-0.00076699,0
1776813167934768791,3.09824,-0.00195312,0.314159,-0.00195312,0,0,10,-1,-0.00076699,0
1776813167939781801,3.09824,-0.00390625,0.314159,-0.00390625,0,0,10,-1,-0.00076699,0
1776813167944783774,3.09824,-0.00390625,0.314159,-0.00390625,0,0,10,-1,-0.00076699,0
1776813167949782951,3.09824,-0.00195312,0.314159,-0.00195312,0,0,10,-1,-0.00076699,0
1776813167954770610,3.09824,-0.00195312,0.314159,-0.00195312,0,0,10,-1,-0.00076699,0
1776813167959793397,3.09824,-0.00390625,0.314159,-0.00390625,0,0,10,-1,-0.00076699,0
1776813167964774445,3.09824,-0.00390625,0.314159,-0.00390625,0,0,10,-1,-0.00076699,0
1776813167969787955,3.09824,-0.00585938,0.314159,-0.00585938,0,0,10,-1,-0.00076699,0
1776813167974774058,3.09811,-0.00585938,0.314159,-0.00585938,0,0,10,-1,-0.00076699,0
1776813167979758977,3.09811,0.00195312,0.314159,0.00195312,0,0,10,-1,-0.00076699,0
1776813167984761116,3.09811,0.00195312,0.314159,0.00195312,0,0,10,-1,-0.00076699,0
1776813167989766738,3.09811,0.00195312,0.314159,0.00195312,0,0,10,-1,-0.00076699,0
1776813167994776340,3.09811,0.00195312,0.314159,0.00195312,0,0,10,-1,-0.00076699,0
1776813167999785961,3.09811,0.00195312,0.314159,0.00195312,0,0,10,-1,-0.00076699,0
1776813168004769584,3.09811,0.00195312,0.314159,0.00195312,0,0,10,-1,-0.00076699,0
1776813168009771705,3.09811,0,0.314159,0,0,0,10,-1,-0.00076699,0
1776813168014768586,3.09811,0,0.314159,0,0,0,10,-1,-0.00076699,0
1776813168019779893,3.09824,0,0.314159,0,0,0,10,-1,-0.00076699,0
1776813168024769441,3.09824,-0.00390625,0.314159,-0.00390625,0,0,10,-1,-0.00076699,0
1776813168029782933,3.09811,-0.00390625,0.314159,-0.00390625,0,0,10,-1,-0.00076699,0
1776813168034847145,3.09811,0.00195312,0.314159,0.00195312,0,0,10,-1,-0.00076699,0
1776813168039785380,3.09811,0.00195312,0.314159,0.00195312,0,0,10,-1,-0.00076699,0
1776813168044800186,3.09811,-0.00195312,0.314159,-0.00195312,0,0,10,-1,-0.00076699,0
1776813168049775716,3.09811,-0.00195312,0.314159,-0.00195312,0,0,10,-1,-0.00076699,0
1776813168054886612,3.09811,0.00195312,0.314159,0.00195312,0,0,10,-1,-0.00076699,0
1776813168059876012,3.09811,0.00195312,0.314159,0.00195312,0,0,10,-1,-0.00076699,0
1776813168064801543,3.09811,0.00195312,0.314159,0.00195312,0,0,10,-1,-0.00076699,0
1776813168069781184,3.09811,0.00195312,0.314159,0.00195312,0,0,10,-1,-0.00076699,0
1776813168074800824,3.09811,-0.00195312,0.314159,-0.00195312,0,0,10,-1,-0.00076699,0
1776813168079768484,3.09811,-0.00195312,0.314159,-0.00195312,0,0,10,-1,-0.00076699,0
1776813168084775309,3.09811,0.00195312,0.314159,0.00195312,0,0,10,-1,-0.00076699,0
1776813168089776023,3.09811,0.00195312,0.314159,0.00195312,0,0,10,-1,-0.00076699,0
1776813168094775404,3.09824,0.00195312,0.314159,0.00195312,0,0,10,-1,-0.00076699,0
1776813168099798896,3.09824,-0.00195312,0.314159,-0.00195312,0,0,10,-1,-0.00076699,0
1776813168104785222,3.09824,-0.00195312,0.314159,-0.00195312,0,0,10,-1,-0.00076699,0
1776813168109776418,3.09824,0.00195312,0.314159,0.00195312,0,0,10,-1,-0.00076699,0
1776813168114781002,3.09824,0.00195312,0.314159,0.00195312,0,0,10,-1,-0.00076699,0
1776813168119773143,3.09824,-0.00390625,0.314159,-0.00390625,0,0,10,-1,-0.00076699,0
1776813168124781635,3.09811,-0.00390625,0.314159,-0.00390625,0,0,10,-1,-0.00076699,0
1776813168129756572,3.09811,-0.00195312,0.314159,-0.00195312,0,0,10,-1,-0.00076699,0
1776813168134760120,3.09811,-0.00195312,0.314159,-0.00195312,0,0,10,-1,-0.00076699,0
1776813168139780963,3.09811,-0.00390625,0.314159,-0.00390625,0,0,10,-1,-0.00076699,0
1776813168144776251,3.09799,-0.00390625,0.314159,-0.00390625,0,0,10,-1,-0.00076699,0
1776813168149779503,3.09799,-0.00195312,0.314159,-0.00195312,0,0,10,-1,-0.00076699,0
1776813168154778217,3.09799,-0.00195312,0.314159,-0.00195312,0,0,10,-1,-0.00076699,0
1776813168159841133,3.09799,0.00390625,0.314159,0.00390625,0,0,10,-1,-0.00076699,0
1776813168164799367,3.09799,0.00390625,0.314159,0.00390625,0,0,10,-1,-0.00076699,0
1776813168169786712,3.09799,0.00390625,0.314159,0.00390625,0,0,10,-1,-0.00076699,0
1776813168174777241,3.09799,0.00390625,0.314159,0.00390625,0,0,10,-1,-0.00076699,0
1776813168179760586,3.09799,-0.00195312,0.314159,-0.00195312,0,0,10,-1,-0.00076699,0
1776813168186045422,3.09799,-0.00195312,0.314159,-0.00195312,0,0,10,-1,-0.00076699,0
1776813168230201454,3.09799,0.00390625,0.314159,0.00390625,0,0,10,-1,-0.00076699,0
1776813168230224046,3.09799,0.00390625,0.314159,0.00390625,0,0,10,-1,-0.00076699,0
1776813168230235342,3.09799,-0.00390625,0.314159,-0.00390625,0,0,10,-1,-0.00076699,0
1776813168230246175,3.09811,-0.00390625,0.314159,-0.00390625,0,0,10,-1,-0.00076699,0
1776813168230256693,3.09811,-0.00195312,0.314159,-0.00195312,0,0,10,-1,-0.00076699,0
1776813168230267211,3.09811,-0.00195312,0.314159,-0.00195312,0,0,10,-1,-0.00076699,0
1776813168230277767,3.09811,-0.00195312,0.314159,-0.00195312,0,0,10,-1,-0.00076699,0
1776813168230288507,3.09811,-0.00195312,0.314159,-0.00195312,0,0,10,-1,-0.00076699,0
1776813168230300155,3.09811,-0.00195312,0.314159,-0.00195312,0,0,10,-1,-0.00076699,0
1776813168234733833,3.09811,-0.00195312,0.314159,-0.00195312,0,0,10,-1,-0.00076699,0
1776813168239760880,3.09811,-0.00195312,0.314159,-0.00195312,0,0,10,-1,-0.00076699,0
1776813168244779816,3.09811,0.00390625,0.314159,0.00390625,0,0,10,-1,-0.00076699,0
1776813168249773364,3.09799,0.00390625,0.314159,0.00390625,0,0,10,-1,-0.00076699,0
1776813168254785152,3.09799,0.00390625,0.314159,0.00390625,0,0,10,-1,-0.00076699,0
1776813168259774126,3.09811,0.00390625,0.314159,0.00390625,0,0,10,-1,-0.00076699,0
1776813168264783414,3.09811,0.00390625,0.314159,0.00390625,0,0,10,-1,-0.00076699,0
1776813168269899365,3.09811,0.00390625,0.314159,0.00390625,0,0,10,-1,-0.00076699,0
1776813168274805194,3.09811,-0.00195312,0.314159,-0.00195312,0,0,10,-1,-0.00076699,0
1776813168279755132,3.09811,-0.00195312,0.314159,-0.00195312,0,0,10,-1,-0.00076699,0
1776813168284793419,3.09811,0.00390625,0.314159,0.00390625,0,0,10,-1,-0.00076699,0
1776813168289781986,3.09811,0.00390625,0.314159,0.00390625,0,0,10,-1,-0.00076699,0
1776813168294787829,3.09811,0,0.314159,0,0,0,10,-1,-0.00076699,0
1776813168299801710,3.09811,0,0.314159,0,0,0,10,-1,-0.00076699,0
1776813168304786962,3.09811,-0.00195312,0.314159,-0.00195312,0,0,10,-1,-0.00076699,0
1776813168309772899,3.09811,-0.00195312,0.314159,-0.00195312,0,0,10,-1,-0.00076699,0
1776813168314837352,3.09811,-0.00195312,0.314159,-0.00195312,0,0,10,-1,-0.00076699,0
1776813168319856399,3.09811,-0.00195312,0.314159,-0.00195312,0,0,10,-1,-0.00076699,0
1776813168324850502,3.09811,-0.00195312,0.314159,-0.00195312,0,0,10,-1,-0.00076699,0
1776813168329760794,3.09811,-0.00195312,0.314159,-0.00195312,0,0,10,-1,-0.00076699,0
1776813168334835635,3.09799,-0.00195312,0.314159,-0.00195312,0,0,10,-1,-0.00076699,0
1776813168339845127,3.09799,0.00390625,0.314159,0.00390625,0,0,10,-1,-0.00076699,0
1776813168344782566,3.09799,0.00390625,0.314159,0.00390625,0,0,10,-1,-0.00076699,0
1776813168349772502,3.09799,0.00195312,0.314159,0.00195312,0,0,10,-1,-0.00076699,0
1776813168354775309,3.09811,0.00195312,0.314159,0.00195312,0,0,10,-1,-0.00076699,0
1776813168359781190,3.09811,0.00390625,0.314159,0.00390625,0,0,10,-1,-0.00076699,0
1776813168364776442,3.09811,0.00390625,0.314159,0.00390625,0,0,10,-1,-0.00076699,0
1776813168369782526,3.09811,-0.00390625,0.314159,-0.00390625,0,0,10,-1,-0.00076699,0
1776813168374823017,3.09811,-0.00390625,0.314159,-0.00390625,0,0,10,-1,-0.00076699,0
1776813168379803732,3.09811,0.00195312,0.314159,0.00195312,0,0,10,-1,-0.00076699,0
1776813168384786391,3.09811,0.00195312,0.314159,0.00195312,0,0,10,-1,-0.00076699,0
1776813168389787828,3.09811,0,0.314159,0,0,0,10,-1,-0.00076699,0
1776813168394795523,3.09811,0,0.314159,0,0,0,10,-1,-0.00076699,0
1776813168399829996,3.09811,-0.00390625,0.314159,-0.00390625,0,0,10,-1,-0.00076699,0
1776813168404771416,3.09811,-0.00390625,0.314159,-0.00390625,0,0,10,-1,-0.00076699,0
1776813168409773297,3.09811,0.00195312,0.314159,0.00195312,0,0,10,-1,-0.00076699,0
1776813168414830083,3.09811,-0.00390625,0.314159,-0.00390625,0,0,10,-1,-0.00076699,0
1776813168419822057,3.09811,-0.00390625,0.314159,-0.00390625,0,0,10,-1,-0.00076699,0
1776813168424791717,3.09811,0.00390625,0.314159,0.00390625,0,0,10,-1,-0.00076699,0
1776813168429767858,3.09811,0.00390625,0.314159,0.00390625,0,0,10,-1,-0.00076699,0
1776813168434777776,3.09811,-0.00390625,0.314159,-0.00390625,0,0,10,-1,-0.00076699,0
1776813168439793008,3.09811,-0.00390625,0.314159,-0.00390625,0,0,10,-1,-0.00076699,0
1776813168444783889,3.09811,-0.00390625,0.314159,-0.00390625,0,0,10,-1,-0.00076699,0
1776813168449770734,3.09811,-0.00195312,0.314159,-0.00195312,0,0,10,-1,-0.00076699,0
1776813168454804503,3.09811,0,0.314159,0,0,0,10,-1,-0.00076699,0
1776813168459781051,3.09811,0,0.314159,0,0,0,10,-1,-0.00076699,0
1776813168464777154,3.09811,-0.00195312,0.314159,-0.00195312,0,0,10,-1,-0.00076699,0
1776813168469774369,3.09811,-0.00195312,0.314159,-0.00195312,0,0,10,-1,-0.00076699,0
1776813168474780379,3.09811,-0.00195312,0.314159,-0.00195312,0,0,10,-1,-0.00076699,0
1776813168479753335,3.09811,-0.00195312,0.314159,-0.00195312,0,0,10,-1,-0.00076699,0
1776813168484772271,3.09811,0.00195312,0.314159,0.00195312,0,0,10,-1,-0.00076699,0
1776813168489778226,3.09811,0.00195312,0.314159,0.00195312,0,0,10,-1,-0.00076699,0
1776813168494817995,3.09811,0.00195312,0.314159,0.00195312,0,0,10,-1,-0.00076699,0
1776813168499800321,3.09811,0.00195312,0.314159,0.00195312,0,0,10,-1,-0.00076699,0
1776813168504807572,3.09811,-0.00195312,0.314159,-0.00195312,0,0,10,-1,-0.00076699,0
1776813168509773287,3.09811,-0.00195312,0.314159,-0.00195312,0,0,10,-1,-0.00076699,0
1776813168514774650,3.09811,-0.00195312,0.314159,-0.00195312,0,0,10,-1,-0.00076699,0
1776813168519778197,3.09811,0,0.314159,0,0,0,10,-1,-0.00076699,0
1776813168524800781,3.09811,0.00195312,0.314159,0.00195312,0,0,10,-1,-0.00076699,0
1776813168529769626,3.09811,0.00195312,0.314159,0.00195312,0,0,10,-1,-0.00076699,0
1776813168534767841,3.09811,0.00195312,0.314159,0.00195312,0,0,10,-1,-0.00076699,0
1776813168539774462,3.09811,0.00195312,0.314159,0.00195312,0,0,10,-1,-0.00076699,0
1776813168544783287,3.09811,0.00195312,0.314159,0.00195312,0,0,10,-1,-0.00076699,0
1776813168549792020,3.09811,0.00195312,0.314159,0.00195312,0,0,10,-1,-0.00076699,0
1776813168554780383,3.09811,0.00195312,0.314159,0.00195312,0,0,10,-1,-0.00076699,0
1776813168559773412,3.09811,0.00195312,0.314159,0.00195312,0,0,10,-1,-0.00076699,0
1776813168564785256,3.09811,0.00585938,0.314159,0.00585938,0,0,10,-1,-0.00076699,0
1776813168569774693,3.09811,0.00585938,0.314159,0.00585938,0,0,10,-1,-0.00076699,0
1776813168574786870,3.09811,-0.00390625,0.314159,-0.00390625,0,0,10,-1,-0.00076699,0
1776813168579832675,3.09811,-0.00390625,0.314159,-0.00390625,0,0,10,-1,-0.00076699,0
1776813168584786724,3.09811,-0.00390625,0.314159,-0.00390625,0,0,10,-1,-0.00076699,0
1776813168589779235,3.09811,0.00195312,0.314159,0.00195312,0,0,10,-1,-0.00076699,0
1776813168594778468,3.09811,0,0.314159,0,0,0,10,-1,-0.00076699,0
1776813168599887456,3.09811,0,0.314159,0,0,0,10,-1,-0.00076699,0
1776813168604851505,3.09811,0,0.314159,0,0,0,10,-1,-0.00076699,0
1776813168609803499,3.09811,0,0.314159,0,0,0,10,-1,-0.00076699,0
1776813168614785047,3.09811,0,0.314159,0,0,0,10,-1,-0.00076699,0
1776813168619779614,3.09811,0,0.314159,0,0,0,10,-1,-0.00076699,0
1776813168624782402,3.09811,0,0.314159,0,0,0,10,-1,-0.00076699,0
1776813168629781876,3.09811,0,0.314159,0,0,0,10,-1,-0.00076699,0
1776813168634764368,3.09811,0,0.314159,0,0,0,10,-1,-0.00076699,0
1776813168639779101,3.09811,0,0.314159,0,0,0,10,-1,-0.00076699,0
1776813168644767797,3.09811,0,0.314159,0,0,0,10,-1,-0.00076699,0
1776813168649782844,3.09811,0,0.314159,0,0,0,10,-1,-0.00076699,0
1776813168654778318,3.09811,0,0.314159,0,0,0,10,-1,-0.00076699,0
1776813168659783180,3.09811,0,0.314159,0,0,0,10,-1,-0.00076699,0
1776813168664770950,3.09811,0,0.314159,0,0,0,10,-1,-0.00076699,0
1776813168669803923,3.09811,0,0.314159,0,0,0,10,-1,-0.00076699,0
1776813168674790971,3.09811,0,0.314159,0,0,0,10,-1,-0.00076699,0
1776813168679757686,3.09811,0,0.314159,0,0,0,10,-1,-0.00076699,0
1776813168684765271,3.09811,0,0.314159,0,0,0,10,-1,-0.00076699,0
1776813168689771670,3.09811,0,0.314159,0,0,0,10,-1,-0.00076699,0
1776813168694777310,3.09811,0,0.314159,0,0,0,10,-1,-0.00076699,0
1776813168699793469,3.09811,0,0.314159,0,0,0,10,-1,-0.00076699,0
1776813168704787165,3.09811,0,0.314159,0,0,0,10,-1,-0.00076699,0
1776813168709781861,3.09811,0,0.314159,0,0,0,10,-1,-0.00076699,0
1776813168714793149,3.09811,0,0.314159,0,0,0,10,-1,-0.00076699,0
1776813168719778882,3.09811,0,0.314159,0,0,0,10,-1,-0.00076699,0
1776813168724783892,3.09811,0,0.314159,0,0,0,10,-1,-0.00076699,0
1776813168729795273,3.09811,0,0.314159,0,0,0,10,-1,-0.00076699,0
1776813168734784062,3.09811,0,0.314159,0,0,0,10,-1,-0.00076699,0
1776813168739771832,3.09811,0,0.314159,0,0,0,10,-1,-0.00076699,0
1776813168744771602,3.09811,0,0.314159,0,0,0,10,-1,-0.00076699,0
1776813168749773113,3.09811,0,0.314159,0,0,0,10,-1,-0.00076699,0
1776813168754774957,3.09811,0,0.314159,0,0,0,10,-1,-0.00076699,0
1776813168759772115,3.09811,0,0.314159,0,0,0,10,-1,-0.00076699,0
1776813168764777144,3.09811,0,0.314159,0,0,0,10,-1,-0.00076699,0
1776813168769786007,3.09811,0,0.314159,0,0,0,10,-1,-0.00076699,0
1776813168774775943,3.09811,0,0.314159,0,0,0,10,-1,-0.00076699,0
1776813168779751733,3.09811,0,0.314159,0,0,0,10,-1,-0.00076699,0
1776813168784808056,3.09811,0,0.314159,0,0,0,10,-1,-0.00076699,0
1776813168789853787,3.09811,0,0.314159,0,0,0,10,-1,-0.00076699,0
1776813168794797652,3.09823,0,0.314159,0,0,0,10,-1,-0.00076699,0
1776813168799782348,3.09823,0,0.314159,0,0,0,10,-1,-0.00076699,0
1776813168804776896,3.09823,0,0.314159,0,0,0,10,-1,-0.00076699,0
1776813168809786814,3.09823,0,0.314159,0,0,0,10,-1,-0.00076699,0
1776813168814780288,3.09823,0,0.314159,0,0,0,10,-1,-0.00076699,0
1776813168819782132,3.09823,0,0.314159,0,0,0,10,-1,-0.00076699,0
1776813168824797679,3.09823,0,0.314159,0,0,0,10,-1,-0.00076699,0
1776813168829774023,3.09823,0,0.314159,0,0,0,10,-1,-0.00076699,0
1776813168834763386,3.09823,0,0.314159,0,0,0,10,-1,-0.00076699,0
1776813168839770582,3.09823,0,0.314159,0,0,0,10,-1,-0.00076699,0
1776813168844779685,3.09823,0,0.314159,0,0,0,10,-1,-0.00076699,0
1776813168849777881,3.09823,0,0.314159,0,0,0,10,-1,-0.00076699,0
1776813168854771373,3.09823,0,0.314159,0,0,0,10,-1,-0.00076699,0
1776813168859771699,3.09823,0,0.314159,0,0,0,10,-1,-0.00076699,0
1776813168864772505,3.09823,0,0.314159,0,0,0,10,-1,-0.00076699,0
1776813168869778183,3.09823,0,0.314159,0,0,0,10,-1,-0.00076699,0
1776813168874776878,3.09823,0,0.314159,0,0,0,10,-1,-0.00076699,0
1776813168879764223,3.09823,0,0.314159,0,0,0,10,-1,-0.00076699,0
1776813168884766030,3.09823,0,0.314159,0,0,0,10,-1,-0.00076699,0
1776813168889767281,3.09823,0,0.314159,0,0,0,10,-1,-0.00076699,0
1776813168894776643,3.09823,0,0.314159,0,0,0,10,-1,-0.00076699,0
1776813168899786524,3.09823,0,0.314159,0,0,0,10,-1,-0.00076699,0
1776813168904781609,3.09823,0,0.314159,0,0,0,10,-1,-0.00076699,0
1776813168909768583,3.09823,0,0.314159,0,0,0,10,-1,-0.00076699,0
1776813168914781834,3.09823,0,0.314159,0,0,0,10,-1,-0.00076699,0
1776813168919815232,3.09823,0,0.314159,0,0,0,10,-1,-0.00076699,0
1776813168924800299,3.09823,0,0.314159,0,0,0,10,-1,-0.00076699,0
1776813168929765440,3.09823,0,0.314159,0,0,0,10,-1,-0.00076699,0
1776813168934786487,3.09823,0,0.314159,0,0,0,10,-1,-0.00076699,0
1776813168939791053,3.09823,0,0.314159,0,0,0,10,-1,-0.00076699,0
1776813168944785860,3.09823,0,0.314159,0,0,0,10,-1,-0.00076699,0
1776813168949771020,3.09823,0,0.314159,0,0,0,10,-1,-0.00076699,0
1776813168954772826,3.09823,0,0.314159,0,0,0,10,-1,-0.00076699,0
1776813168959773893,3.09823,0,0.314159,0,0,0,10,-1,-0.00076699,0
1776813168964774348,3.09823,0,0.314159,0,0,0,10,-1,-0.00076699,0
1776813168969773377,3.09823,0,0.314159,0,0,0,10,-1,-0.00076699,0
1776813168974800294,3.09823,0,0.314159,0,0,0,10,-1,-0.00076699,0
1776813168979768343,3.09823,0,0.314159,0,0,0,10,-1,-0.00076699,0
1776813168984790797,3.09823,0,0.314159,0,0,0,10,-1,-0.00076699,0
1776813168989781493,3.09823,0,0.314159,0,0,0,10,-1,-0.00076699,0
1776813168994812947,3.09823,0,0.314159,0,0,0,10,-1,-0.00076699,0
1776813168999810588,3.09823,0,0.314159,0,0,0,10,-1,-0.00076699,0
1776813169004777526,3.09823,0,0.314159,0,0,0,10,-1,-0.00076699,0
1776813169009776463,3.09823,0,0.314159,0,0,0,10,-1,-0.00076699,0
1776813169014775066,3.09823,0,0.314159,0,0,0,10,-1,-0.00076699,0
1776813169019782429,3.09823,0,0.314159,0,0,0,10,-1,-0.00076699,0
1776813169024770885,3.09823,0,0.314159,0,0,0,10,-1,-0.00076699,0
1776813169029751841,3.09823,0,0.314159,0,0,0,10,-1,-0.00076699,0
1776813169034781202,3.09823,0,0.314159,0,0,0,10,-1,-0.00076699,0
1776813169039788250,3.09823,0,0.314159,0,0,0,10,-1,-0.00076699,0
1776813169044790206,3.09823,0,0.314159,0,0,0,10,-1,-0.00076699,0
1776813169049804272,3.09823,0,0.314159,0,0,0,10,-1,-0.00076699,0
1776813169054788672,3.09823,0,0.314159,0,0,0,10,-1,-0.00076699,0
1776813169059803423,3.09823,0,0.314159,0,0,0,10,-1,-0.00076699,0
1776813169064774083,3.09823,0,0.314159,0,0,0,10,-1,-0.00076699,0
1776813169069775650,3.09823,0,0.314159,0,0,0,10,-1,-0.00076699,0
1776813169074772661,3.09823,0,0.314159,0,0,0,10,-1,-0.00076699,0
1776813169079750321,3.09823,0,0.314159,0,0,0,10,-1,-0.00076699,0
1776813169084763054,3.09823,0,0.314159,0,0,0,10,-1,-0.00076699,0
1776813169089801730,3.09823,0,0.314159,0,0,0,10,-1,-0.00076699,0
1776813169094801593,3.09823,0,0.314159,0,0,0,10,-1,-0.00076699,0
1776813169099798826,3.09823,0,0.314159,0,0,0,10,-1,-0.00076699,0
1776813169104779282,3.09823,0,0.314159,0,0,0,10,-1,-0.00076699,0
1776813169109773645,3.09823,0,0.314159,0,0,0,10,-1,-0.00076699,0
1776813169114783230,3.09823,0,0.314159,0,0,0,10,-1,-0.00076699,0
1776813169119776334,3.09823,0,0.314159,0,0,0,10,-1,-0.00076699,0
1776813169124850065,3.09823,0,0.314159,0,0,0,10,-1,-0.00076699,0
1776813169129777356,3.09823,0,0.314159,0,0,0,10,-1,-0.00076699,0
1776813169134774219,3.09823,0,0.314159,0,0,0,10,-1,-0.00076699,0
1776813169139874152,3.09823,0,0.314159,0,0,0,10,-1,-0.00076699,0
1776813169144805703,3.09823,0,0.314159,0,0,0,10,-1,-0.00076699,0
1776813169149798862,3.09823,0,0.314159,0,0,0,10,-1,-0.00076699,0
1776813169154792114,3.09823,0,0.314159,0,0,0,10,-1,-0.00076699,0
1776813169159780533,3.09823,0,0.314159,0,0,0,10,-1,-0.00076699,0
1776813169164784081,3.09823,0,0.314159,0,0,0,10,-1,-0.00076699,0
1776813169169777962,3.09823,0,0.314159,0,0,0,10,-1,-0.00076699,0
1776813169174821972,3.09823,0,0.314159,0,0,0,10,-1,-0.00076699,0
1776813169179769485,3.09823,0,0.314159,0,0,0,10,-1,-0.00076699,0
1776813169184776106,3.09823,0,0.314159,0,0,0,10,-1,-0.00076699,0
1776813169189782247,3.09823,0,0.314159,0,0,0,10,-1,-0.00076699,0
1776813169194776054,3.09823,0,0.314159,0,0,0,10,-1,-0.00076699,0
1776813169199789528,3.09823,0,0.314159,0,0,0,10,-1,-0.00076699,0
1776813169204784835,3.09823,0,0.314159,0,0,0,10,-1,-0.00076699,0
1776813169209796531,3.09823,0,0.314159,0,0,0,10,-1,-0.00076699,0
1776813169214780672,3.09823,0,0.314159,0,0,0,10,-1,-0.00076699,0
1776813169219796072,3.09823,0,0.314159,0,0,0,10,-1,-0.00076699,0
1776813169224772806,3.09823,0,0.314159,0,0,0,10,-1,-0.00076699,0
1776813169229761391,3.09823,0,0.314159,0,0,0,10,-1,-0.00076699,0
1776813169234760995,3.09823,0,0.314159,0,0,0,10,-1,-0.00076699,0
1776813169239772783,3.09823,0,0.314159,0,0,0,10,-1,-0.00076699,0
1776813169244771535,3.09823,0,0.314159,0,0,0,10,-1,-0.00076699,0
1776813169249776546,3.09823,0,0.314159,0,0,0,10,-1,-0.00076699,0
1776813169254774927,3.09823,0,0.314159,0,0,0,10,-1,-0.00076699,0
1776813169259780604,3.09823,0,0.314159,0,0,0,10,-1,-0.00076699,0
1776813169264785319,3.09823,0,0.314159,0,0,0,10,-1,-0.00076699,0
1776813169269784034,3.09823,0,0.314159,0,0,0,10,-1,-0.00076699,0
1776813169274771767,3.09823,0,0.314159,0,0,0,10,-1,-0.00076699,0
1776813169279752075,3.09823,0,0.314159,0,0,0,10,-1,-0.00076699,0
1776813169284762975,3.09823,0,0.314159,0,0,0,10,-1,-0.00076699,0
1776813169289769726,3.09823,0,0.314159,0,0,0,10,-1,-0.00076699,0
1776813169294772756,3.09823,0,0.314159,0,0,0,10,-1,-0.00076699,0
1776813169299799155,3.09823,0,0.314159,0,0,0,10,-1,-0.00076699,0
1776813169304866108,3.09823,0,0.314159,0,0,0,10,-1,-0.00076699,0
1776813169309795436,3.09823,0,0.314159,0,0,0,10,-1,-0.00076699,0
1776813169314787984,3.09823,0,0.314159,0,0,0,10,-1,-0.00076699,0
1776813169319791866,3.09823,0,0.314159,0,0,0,10,-1,-0.00076699,0
1776813169324774859,3.09823,0,0.314159,0,0,0,10,-1,-0.00076699,0
1776813169329764074,3.09823,0,0.314159,0,0,0,10,-1,-0.00076699,0
1776813169334784899,3.09823,0,0.314159,0,0,0,10,-1,-0.00076699,0
1776813169339772540,3.09823,0,0.314159,0,0,0,10,-1,-0.00076699,0
1776813169344774180,3.09823,0,0.314159,0,0,0,10,-1,-0.00076699,0
1776813169349775506,3.09823,0,0.314159,0,0,0,10,-1,-0.00076699,0
1776813169354785498,3.09823,0,0.314159,0,0,0,10,-1,-0.00076699,0
1776813169359780676,3.09823,0,0.314159,0,0,0,10,-1,-0.00076699,0
1776813169364782057,3.09823,0,0.314159,0,0,0,10,-1,-0.00076699,0
1776813169369782531,3.09823,0,0.314159,0,0,0,10,-1,-0.00076699,0
1776813169374795190,3.09823,0,0.314159,0,0,0,10,-1,-0.00076699,0
1776813169379757962,3.09823,0,0.314159,0,0,0,10,-1,-0.00076699,0
1776813169384762806,3.09823,0,0.314159,0,0,0,10,-1,-0.00076699,0
1776813169389773353,3.09823,0,0.314159,0,0,0,10,-1,-0.00076699,0
1776813169394773920,3.09823,0,0.314159,0,0.015235,5.81291,10,-1,-0.00076699,0
1776813169399779764,3.09823,0,0.314159,0,0.0672058,5.81291,10,-1,-0.00076699,0
1776813169404773534,3.09823,0,0.314159,0,2.19776,5.81291,10,-1,-0.00076699,0
1776813169409770842,3.09823,0,0.314159,0,2.20697,5.81291,10,1,0.00076699,0.153429
1776813169414773168,3.09823,0,-0.312625,0.153429,2.55932,5.81291,10,3,0.00230097,0.460102
1776813169419783030,3.09823,0,-0.311091,0.460102,2.64067,5.81291,10,10,0.0076699,0.61347
1776813169424850057,3.09823,0,-0.305722,0.61347,2.96095,5.81291,10,16,0.0122718,1.07422
1776813169429772812,3.09823,0,-0.292684,1.68603,3.1472,5.81291,10,34,0.0260777,1.68603
1776813169434770878,3.09823,0,-0.287315,1.68603,3.60537,5.81291,10,46,0.0352816,2.14843
1776813169439790537,3.09823,0,-0.278111,2.14843,3.46501,5.81291,10,69,0.0529223,2.60829
1776813169444771993,3.09823,0,-0.26047,2.60829,3.20433,5.81291,10,86,0.0659612,3.06735
1776813169449771133,3.09823,-2.81641,-0.247431,0.250942,2.93279,4.20756,10,113,0.0866699,3.37611
1776813169454773700,3.08015,-2.81641,-0.24481,0.559701,2.7788,4.14239,10,132,0.101243,3.52675
1776813169459784155,3.08015,-3.85742,-0.230237,-0.330676,2.5643,3.54901,10,165,0.126553,3.98995
1776813169464773426,3.04669,-3.85742,-0.238388,0.132524,2.62631,3.42833,10,188,0.144194,4.29515
1776813169469778085,3.04669,-4.32812,-0.220747,-0.03298,2.43591,3.16003,10,221,0.169505,4.29515
1776813169474773929,3.00529,-4.32812,-0.236836,-0.0329785,2.81739,3.0104,10,243,0.186379,4.29515
1776813169479814865,3.00529,-4.47461,-0.219963,-0.179463,2.54299,2.92691,10,280,0.214757,4.44854
1776813169484781729,2.96165,-4.47461,-0.235218,-0.0260644,2.9336,2.76868,10,307,0.235466,5.06011
1776813169489772425,2.96165,-4.60938,-0.214509,0.450737,3.17682,2.69186,10,349,0.26768,5.21762
1776813169494829860,2.96165,-4.60938,-0.182295,0.608247,2.59646,2.69186,10,376,0.288388,5.36464
1776813169499819705,2.91603,-4.60938,-0.207204,0.75527,2.65024,2.52567,10,406,0.311398,5.52564
1776813169504784124,2.8421,-5.26758,-0.226681,1.02174,2.38052,1.87898,10,467,0.358185,6.28932
1776813169509774395,2.8421,-5.79297,-0.211341,0.496353,1.72552,1.5795,10,504,0.386563,6.13592
1776813169514776350,2.78628,-5.79297,-0.238789,0.342954,1.72196,1.37229,10,536,0.411107,6.12734
1776813169519780509,2.78628,-5.94141,-0.214245,0.185938,1.0849,1.28768,10,578,0.44332,6.45175
1776813169524772909,2.7584,-6.02148,-0.186899,0.115666,1.22834,1.13773,10,627,0.480903,6.13715
1776813169529753032,2.72773,-6.02148,-0.202994,0.115666,0.853743,1.02227,10,656,0.503146,5.82913
1776813169534764117,2.72773,-6.02148,-0.180751,-0.192359,0.846246,1.02227,10,702,0.538427,5.98133
1776813169539768739,2.66682,-6.02148,-0.206376,-0.0401564,1.0519,0.790576,10,739,0.566806,5.82913
1776813169544791656,2.66682,-5.85156,-0.177997,-0.0224309,0.596588,0.887432,10,776,0.595185,5.52233
1776813169549791797,2.60798,-5.85156,-0.20846,-0.329228,0.866417,0.660211,10,806,0.618194,5.67005
1776813169554785456,2.60798,-5.65039,-0.18545,0.0196605,0.907893,0.774879,10,849,0.651175,5.68141
1776813169559845428,2.60798,-5.65039,-0.15247,0.031024,0.68643,0.774879,10,884,0.67802,5.67573
1776813169564781553,2.5511,-5.65039,-0.182512,0.0253425,0.890165,0.551696,10,915,0.701796,5.21657
1776813169569773175,2.5511,-5.41602,-0.158735,-0.199447,0.91785,0.68529,10,958,0.734777,5.67573
1776813169574796037,2.46821,-5.41602,-0.20864,0.259717,0.692599,0.353247,10,988,0.757787,5.98132
1776813169579779974,2.46821,-5.26758,-0.18563,0.713744,0.680745,0.437856,10,1029,0.789233,5.21658
1776813169584767208,2.38894,-5.26758,-0.23345,-0.0509973,0.414092,0.111914,10,1056,0.809942,5.21449
1776813169589781200,2.38894,-5.20117,-0.212741,0.0133228,0.328396,0.149765,10,1095,0.839854,5.06214
1776813169594800636,2.36213,-5.20117,-0.209642,-0.139033,0.274678,0.0375077,10,1119,0.858262,4.90776
1776813169599788018,2.36213,-4.83203,-0.191234,0.0757275,0.0569324,0.247918,10,1154,0.885107,4.60194
1776813169604793492,2.28737,-4.83203,-0.239147,-0.230087,0.260844,-0.0707607,10,1176,0.901981,4.29601
1776813169609792855,2.28737,-4.66602,-0.222273,-0.37001,0.04275,0.0238683,10,1209,0.927291,4.29601
1776813169614775107,2.26314,-4.66602,-0.221194,-0.37001,0.195669,-0.0812978,10,1229,0.942631,3.98755
1776813169619773859,2.26314,-4.07227,-0.205854,-0.0847139,0.0657278,0.25714,10,1257,0.964107,3.83265
1776813169624771500,2.19811,-4.07227,-0.24941,-0.239614,0.200827,-0.0298401,10,1274,0.977146,3.22265
1776813169629752752,2.19811,-3.86133,-0.236371,-0.638682,0.0786305,0.0903942,10,1300,0.997088,3.37543
1776813169634768207,2.19811,-3.86133,-0.216429,-0.485898,0.179514,0.0903942,10,1316,1.00936,3.222
1776813169639779810,2.17769,-3.44141,-0.213068,-0.374049,0.22907,0.23819,10,1340,1.02777,3.06736
1776813169644772729,2.14092,-3.44141,-0.242941,-0.374049,0.305059,0.0714362,10,1353,1.03774,2.91513
1776813169649771351,2.14092,-2.80469,-0.23297,0.110443,0.396221,0.434366,10,1372,1.05231,2.45438
1776813169654785750,2.09458,-2.80469,-0.264733,-0.350311,0.714311,0.220856,10,1383,1.06075,2.30052
1776813169659782891,2.09458,-2.60352,-0.256296,-0.302998,0.387253,0.335524,10,1397,1.07149,2.14801
1776813169664784124,2.08065,-2.60352,-0.259489,-0.455507,0.512225,0.270573,10,1406,1.07839,1.99376
1776813169669872539,2.05612,-2.20117,-0.269447,-0.513788,0.662583,0.384671,10,1422,1.09066,1.68738
1776813169674832459,2.05612,-1.80273,-0.264845,-0.115351,0.622046,0.611781,10,1432,1.09833,1.68738
1776813169679759491,2.03621,-1.80273,-0.277088,-0.115351,0.711725,0.517415,10,1439,1.1037,1.38086
1776813169684763521,2.03621,-1.625,-0.271719,-0.244137,0.686244,0.618724,10,1448,1.1106,1.37893
1776813169689764828,2.02811,-1.625,-0.272917,-0.246068,0.780319,0.580123,10,1454,1.1152,1.07508
1776813169694785208,2.02811,-1.08594,-0.268315,-0.0108578,0.677644,0.887389,10,1460,1.11981,0.920367
1776813169699923400,2.02811,-1.08594,-0.263713,-0.16557,1.0059,0.887389,10,1463,1.12211,0.613471
1776813169704823896,2.00793,-1.08594,-0.281589,-0.472466,0.972408,0.790705,10,1465,1.12364,0.613471
1776813169709779094,1.9984,-0.697266,-0.287289,-0.390346,1.17815,0.966287,10,1469,1.12671,0.30692
1776813169714786678,1.9984,-0.533203,-0.286522,-0.226283,0.967365,1.0598,10,1470,1.12748,0.306797
1776813169719790356,1.99552,-0.533203,-0.288633,-0.226406,1.09783,1.0459,10,1470,1.12748,0.153368
1776813169724779682,1.99552,-0.236328,-0.288633,-0.0829603,1.20244,1.21512,10,1470,1.12748,0
1776813169729753712,1.99167,-0.236328,-0.292482,-0.236328,1.22172,1.19649,10,1470,1.12748,0
1776813169734771964,1.99167,0.0839844,-0.292482,0.0839844,1.2268,1.37907,10,1470,1.12748,0
1776813169739771863,1.99065,0.0839844,-0.293506,0.0839844,1.15514,1.37411,10,1469,1.12671,0
1776813169744864871,1.99065,0.179688,-0.294273,0.179688,1.48631,1.42866,10,1467,1.12517,-0.306797
1776813169749776904,1.99121,0.332031,-0.296009,0.0251114,1.31334,1.51823,10,1464,1.12287,-0.30692
1776813169754769285,1.99383,0.332031,-0.294928,0.0251114,1.40637,1.53089,10,1462,1.12134,-0.306797
1776813169759783574,1.99383,0.400391,-0.296462,0.0935936,1.56299,1.56986,10,1459,1.11904,-0.460196
1776813169764773381,1.99583,0.400391,-0.298294,-0.0597129,1.56197,1.57954,10,1456,1.11674,-0.460104
1776813169769781059,1.99583,0.496094,-0.299061,0.0359902,1.56109,1.6341,10,1453,1.11444,-0.460288
1776813169774781347,2.00277,0.496094,-0.294417,0.0358062,1.69777,1.66762,10,1450,1.11214,-0.46008
1776813169779763766,2.00277,0.5,-0.296718,0.0399203,1.70058,1.66985,10,1447,1.10984,-0.460196
1776813169784762370,2.00504,0.5,-0.296749,0.0398045,1.61034,1.68078,10,1445,1.1083,-0.460196
1776813169789771121,2.00504,0.433594,-0.298283,-0.0266018,1.76567,1.64293,10,1442,1.106,-0.460196
1776813169794773355,2.01207,0.433594,-0.29356,-0.0266018,1.75314,1.67672,10,1440,1.10447,-0.306797
1776813169799780939,2.01207,0.388672,-0.295094,0.0818748,1.62124,1.65111,10,1437,1.10217,-0.306797
1776813169804773228,2.01424,0.388672,-0.295222,0.0818748,1.6464,1.66154,10,1435,1.10063,-0.460104
1776813169809773684,2.01424,0.298828,-0.296756,-0.161275,1.6956,1.61033,10,1433,1.0991,-0.30692
1776813169814797583,2.01922,0.298828,-0.293311,-0.00809169,1.62437,1.6342,10,1431,1.09756,-0.306736
1776813169819787520,2.01922,0.28125,-0.294845,-0.0254857,1.69345,1.62418,10,1429,1.09603,-0.306797
1776813169824905657,2.02073,0.28125,-0.294872,-0.025547,1.6698,1.6314,10,1427,1.0945,-0.306797
1776813169829793135,2.02073,0.259766,-0.296406,-0.0470314,1.63548,1.61915,10,1425,1.09296,-0.306858
1776813169834781257,2.02073,0.259766,-0.29794,-0.0470928,1.67656,1.61915,10,1423,1.09143,-0.306736
1776813169839768528,2.02468,0.279297,-0.297057,-0.180899,1.73942,1.64918,10,1420,1.08913,-0.460196
1776813169844772113,2.02723,0.279297,-0.295269,-0.180899,1.67927,1.66139,10,1418,1.08759,-0.306858
1776813169849796530,2.02723,0.3125,-0.296803,0.00564161,1.5967,1.68031,10,1415,1.08529,-0.460196
1776813169854777523,2.0302,0.3125,-0.296133,-0.147696,1.50944,1.69449,10,1413,1.08376,-0.306797
1776813169859773183,2.0302,0.330078,-0.297667,0.0232811,1.79986,1.70451,10,1410,1.08146,-0.460104
1776813169864774768,2.03198,0.365234,-0.299726,0.0584373,1.74474,1.73301,10,1407,1.07916,-0.306797
1776813169869783315,2.03537,0.365234,-0.297104,0.0584373,1.73117,1.74915,10,1405,1.07762,-0.460196
1776813169874775549,2.03537,0.382812,-0.298638,-0.077383,1.77918,1.75917,10,1402,1.07532,-0.460196
1776813169879769023,2.03762,0.382812,-0.29869,-0.077383,1.73095,1.76987,10,1400,1.07379,-0.306797
1776813169884778274,2.03762,0.408203,-0.300224,0.101406,1.75563,1.78434,10,1397,1.07149,-0.460104
1776813169889774249,2.04317,0.408203,-0.296969,-0.0519004,1.58254,1.81074,10,1395,1.06995,-0.460172
1776813169894773889,2.04317,0.412109,-0.298503,-0.0480623,1.59489,1.81296,10,1392,1.06765,-0.30692
1776813169899792548,2.04549,0.412109,-0.300024,0.105312,1.6709,1.82393,10,1389,1.06535,-0.306797
1776813169904789762,2.04549,0.384766,-0.300791,0.0779686,1.7676,1.80835,10,1388,1.06458,-0.306736
1776813169909774033,2.05159,0.384766,-0.295454,0.07803,1.83644,1.83725,10,1386,1.06305,-0.306736
1776813169914788784,2.05159,0.361328,-0.296988,0.0545925,1.76748,1.82389,10,1385,1.06228,-0.306797
1776813169919771722,2.05338,0.361328,-0.295962,0.0545311,1.90811,1.83236,10,1384,1.06151,-0.153429
1776813169924776362,2.05338,0.220703,-0.296729,0.0672739,1.84888,1.75221,10,1383,1.06075,-0.153368
1776813169929803891,2.05765,0.220703,-0.293227,0.0673353,1.85535,1.77236,10,1382,1.05998,-0.153429
1776813169934795995,2.05765,0.160156,-0.293994,0.00672705,1.78374,1.73785,10,1382,1.05998,0
1776813169939797876,2.05871,0.0390625,-0.292934,0.0390625,1.68532,1.67383,10,1382,1.05998,0
1776813169944784369,2.05951,0.0390625,-0.292138,0.0390625,1.70853,1.67758,10,1382,1.05998,0
1776813169949774992,2.05951,-0.0273438,-0.292138,-0.0273438,1.5636,1.63973,10,1382,1.05998,0
1776813169954798761,2.05971,-0.0273438,-0.291932,-0.0273438,1.60113,1.6407,10,1382,1.05998,0
1776813169959794457,2.05971,-0.0410156,-0.291932,-0.0410156,1.59416,1.63291,10,1382,1.05998,0
1776813169964774080,2.05945,-0.0410156,-0.292198,-0.0410156,1.64384,1.63165,10,1382,1.05998,0
1776813169969769739,2.05945,-0.0390625,-0.292198,-0.0390625,1.65254,1.63277,10,1382,1.05998,0
1776813169974775880,2.05877,-0.0390625,-0.292876,-0.0390625,1.68511,1.62957,10,1382,1.05998,0
1776813169979752021,2.05877,-0.0371094,-0.292876,-0.0371094,1.6791,1.63068,10,1382,1.05998,0
1776813169984782327,2.05865,-0.0371094,-0.292993,-0.0371094,1.58185,1.63013,10,1382,1.05998,0
1776813169989780301,2.05865,-0.0175781,-0.292993,-0.0175781,1.64731,1.64126,10,1382,1.05998,0
1776813169994785849,2.05824,-0.0175781,-0.293406,-0.0175781,1.65751,1.63932,10,1382,1.05998,0
1776813169999775898,2.05824,0.0214844,-0.293406,0.0214844,1.69494,1.66158,10,1382,1.05998,0
1776813170004775465,2.05845,0.0214844,-0.2932,0.0214844,1.7026,1.66255,10,1382,1.05998,0
1776813170009772606,2.05845,0.03125,-0.2932,0.03125,1.72492,1.66812,10,1382,1.05998,0
1776813170014791561,2.0585,0.03125,-0.293142,0.03125,1.6465,1.6684,10,1382,1.05998,0
1776813170019785220,2.0585,0.0332031,-0.293142,0.0332031,1.64333,1.66951,10,1382,1.05998,0
1776813170024774306,2.05904,0.0332031,-0.292611,0.0332031,1.67739,1.67201,10,1382,1.05998,0
1776813170029755170,2.05904,0.0136719,-0.292611,0.0136719,1.62926,1.66088,10,1382,1.05998,0
1776813170034781606,2.05904,0.0136719,-0.292611,0.0136719,1.62755,1.66088,10,1382,1.05998,0
1776813170039783858,2.0593,0.0136719,-0.292346,0.0136719,1.70953,1.66213,10,1382,1.05998,0
1776813170044786055,2.0593,-0.015625,-0.292346,-0.015625,1.64364,1.64543,10,1382,1.05998,0
1776813170049793436,2.05924,-0.015625,-0.292404,-0.015625,1.64282,1.64516,10,1382,1.05998,0
1776813170054775967,2.05924,-0.0253906,-0.292404,-0.0253906,1.64362,1.63959,10,1382,1.05998,0
1776813170059789033,2.05924,-0.0253906,-0.292404,-0.0253906,1.61083,1.63959,10,1382,1.05998,0
1776813170064798952,2.05924,-0.0078125,-0.292404,-0.0078125,1.64357,1.64961,10,1382,1.05998,0
1776813170069794611,2.05898,-0.0078125,-0.29267,-0.0078125,1.67662,1.64836,10,1382,1.05998,0
1776813170074774957,2.05898,0.00390625,-0.29267,0.00390625,1.628,1.65504,10,1382,1.05998,0
1776813170079758209,2.05898,0.00390625,-0.292669,0.00390625,1.66044,1.65504,10,1382,1.05998,0
1776813170084762350,2.05898,0.015625,-0.292669,0.015625,1.67636,1.66172,10,1382,1.05998,0
1776813170089772806,2.05918,0.015625,-0.292463,0.015625,1.64406,1.66269,10,1382,1.05998,0
1776813170094772539,2.05918,0.0117188,-0.292463,0.0117188,1.62735,1.66046,10,1382,1.05998,0
1776813170099791254,2.05924,0.0117188,-0.292404,0.0117188,1.66007,1.66074,10,1382,1.05998,0
1776813170104789932,2.05924,0.00390625,-0.292404,0.00390625,1.6771,1.65629,10,1382,1.05998,0
1776813170109806831,2.05924,0.00390625,-0.292404,0.00390625,1.6928,1.65629,10,1382,1.05998,0
1776813170114777955,2.03468,0.00195312,0.311352,0.00195312,1.64375,1.53881,10,1382,1.05998,0
1776813170119778985,2.03468,0.00195312,0.311352,0.00195312,1.56181,1.53881,10,1382,1.05998,0
1776813170124772348,2.03468,-0.00390625,0.311352,-0.00390625,1.59878,1.53547,10,1382,1.05998,0
1776813170129751749,2.03468,-0.00390625,0.311352,-0.00390625,1.62609,1.53547,10,1382,1.05998,0
1776813170134761945,2.03468,0.00585938,0.311352,0.00585938,1.54933,1.54104,10,1382,1.05998,0
1776813170139853749,2.03468,0.00585938,0.311352,0.00585938,1.54065,1.54104,10,1381,1.05921,0
1776813170144847094,2.03468,0.0175781,0.310585,0.0175781,1.49758,1.54772,10,1381,1.05921,-0.153399
1776813170149795682,2.03468,0.0175781,0.310585,-0.13582,1.53533,1.54772,10,1381,1.05921,0
1776813170154910522,2.03468,0.0292969,0.310585,0.0292969,1.55417,1.5544,10,1381,1.05921,0
1776813170159812852,2.03515,0.0292969,0.311054,0.0292969,1.53522,1.55663,10,1381,1.05921,0
1776813170164785031,2.03515,0.0332031,0.311054,0.0332031,1.56663,1.55885,10,1380,1.05845,-0.153399
1776813170169779728,2.0352,0.0332031,0.310343,-0.120195,1.59253,1.55912,10,1380,1.05845,0
1776813170174787016,2.0352,0.03125,0.310343,0.03125,1.62484,1.55801,10,1380,1.05845,0
1776813170179802175,2.0352,0.03125,0.310343,0.03125,1.52803,1.55801,10,1380,1.05845,0
1776813170184781150,2.02076,0.0292969,0.295903,0.0292969,1.49197,1.48797,10,1379,1.05768,0
1776813170189783051,2.02102,0.0292969,0.295396,0.0292969,1.57156,1.48922,10,1379,1.05768,-0.153399
1776813170194784377,2.02102,0.03125,0.295396,-0.122149,1.52828,1.49033,10,1379,1.05768,0
1776813170199807924,2.02128,0.03125,0.295656,0.03125,1.46702,1.49158,10,1379,1.05768,0
1776813170204806528,2.02128,0.0273438,0.295656,0.0273438,1.49819,1.48935,10,1379,1.05768,0
1776813170209784170,2.02149,0.0273438,0.295862,0.0273438,1.45846,1.49034,10,1379,1.05768,0
1776813170214790977,2.02149,0.0371094,0.295862,0.0371094,1.51977,1.4959,10,1378,1.05691,-0.153399
1776813170219780545,2.02201,0.0371094,0.295616,-0.116289,1.49315,1.4984,10,1378,1.05691,0
1776813170224779575,2.02201,0.0351562,0.295616,0.0351562,1.57611,1.49728,10,1378,1.05691,0
1776813170229766438,2.02222,0.0351562,0.295822,0.0351562,1.51335,1.49827,10,1378,1.05691,0
1776813170234760135,2.02222,0.0371094,0.295822,0.0371094,1.53885,1.49938,10,1377,1.05615,-0.15297
1776813170239776238,2.02274,0.0371094,0.295576,-0.115861,1.48085,1.50187,10,1377,1.05615,0
1776813170244790175,2.02274,0.0410156,0.295576,0.0410156,1.53779,1.5041,10,1377,1.05615,0
1776813170249777742,2.02274,0.0410156,0.295576,0.0410156,1.53779,1.5041,10,1377,1.05615,0
1776813170254780846,2.01335,0.0410156,0.286184,0.0410156,1.45417,1.45909,10,1377,1.05615,0
1776813170259775469,2.01335,0.0292969,0.286184,0.0292969,1.45417,1.45909,10,1377,1.05615,0
1776813170264780961,2.01387,0.0292969,0.286703,0.0292969,1.402,1.45491,10,1376,1.05538,-0.153368
1776813170269782473,2.01387,0.0253906,0.285936,-0.127977,1.402,1.45491,10,1376,1.05538,0
1776813170274795891,2.01413,0.0253906,0.286197,0.0253906,1.45398,1.45393,10,1376,1.05538,0
1776813170279752608,2.01413,0.0273438,0.286197,0.0273438,1.45398,1.45393,10,1375,1.05461,0
1776813170284762637,2.01433,0.0273438,0.285635,0.0273438,1.43399,1.45603,10,1375,1.05461,-0.15346
1776813170289778203,2.01433,0.0527344,0.285635,-0.100726,1.43399,1.45603,10,1375,1.05461,0
1776813170294771826,2.0149,0.0527344,0.286208,0.0527344,1.43251,1.47325,10,1374,1.05384,-0.153429
1776813170299783115,2.0149,0.0722656,0.285441,-0.0811636,1.43251,1.47325,10,1373,1.05308,-0.153399
1776813170304779793,2.01532,0.0722656,0.285086,-0.0811329,1.54605,1.48636,10,1372,1.05231,0
1776813170309781934,2.01532,0.121094,0.284319,0.121094,1.54605,1.48636,10,1371,1.05154,-0.153429
1776813170314776316,2.01677,0.121094,0.285002,-0.0323354,1.52403,1.52115,10,1370,1.05078,-0.153399
1776813170319790623,2.01677,0.136719,0.284235,-0.0166798,1.52403,1.52115,10,1369,1.05001,-0.153399
1776813170324784079,2.01677,0.136719,0.283468,-0.0166798,1.56339,1.53005,10,1368,1.04924,-0.153368
1776813170329760110,2.01071,0.136719,0.276647,-0.0166491,1.56339,1.53005,10,1367,1.04848,-0.153399
1776813170334768065,2.01071,0.136719,0.276647,-0.0166491,1.56339,1.53005,10,1367,1.04848,-0.153399
1776813170339872517,2.01387,0.167969,0.277502,0.0145702,1.45395,1.5188,10,1365,1.04694,-0.153399
1776813170344806624,2.01387,0.171875,0.277502,0.0184765,1.61269,1.53619,10,1363,1.04541,-0.30692
1776813170349781784,2.01558,0.171875,0.277678,-0.135045,1.61269,1.53619,10,1362,1.04464,-0.153368
1776813170354778962,2.01558,0.185547,0.276911,0.032179,1.56911,1.55218,10,1360,1.04311,-0.306797
1776813170359781955,2.01636,0.185547,0.276155,-0.12125,1.56911,1.55218,10,1359,1.04234,-0.306858
1776813170364777096,2.01636,0.271484,0.275388,-0.035374,1.57214,1.6049,10,1356,1.04004,-0.306674
1776813170369780570,2.01983,0.271484,0.276565,-0.03519,1.57214,1.6049,10,1354,1.0385,-0.30692
1776813170374783952,2.01983,0.304688,0.275031,-0.00223231,1.78566,1.64049,10,1352,1.03697,-0.306797
1776813170379762649,2.02129,0.304688,0.27495,-0.00210953,1.78566,1.64049,10,1350,1.03544,-0.306736
1776813170384759901,2.02129,0.351562,0.273416,0.0448268,1.73478,1.67416,10,1347,1.03314,-0.306797
1776813170389792041,2.02623,0.351562,0.276057,0.0447655,1.73478,1.67416,10,1346,1.03237,-0.460288
1776813170394777460,2.02623,0.353516,0.27529,-0.106772,1.75863,1.69891,10,1343,1.03007,-0.306797
1776813170399774286,2.02623,0.353516,0.272989,0.0467186,1.75863,1.69891,10,1342,1.0293,-0.306773
1776813170404779390,2.01289,0.353516,0.258882,0.0467424,1.6798,1.63502,10,1339,1.027,-0.306674
1776813170409790309,2.01289,0.326172,0.256581,0.0194975,1.6798,1.63502,10,1337,1.02547,-0.46038
1776813170414780283,2.01958,0.326172,0.261738,-0.134208,1.56382,1.65152,10,1334,1.02317,-0.306674
1776813170419782535,2.01958,0.34375,0.259437,0.0370756,1.56382,1.65152,10,1332,1.02163,-0.30692
1776813170424775454,2.02286,0.34375,0.26118,0.0368302,1.61561,1.67722,10,1330,1.0201,-0.306797
1776813170429770040,2.02286,0.318359,0.259646,0.0115623,1.61561,1.67722,10,1329,1.01933,-0.306797
1776813170434827123,2.02608,0.318359,0.262105,0.0115623,1.7132,1.67817,10,1327,1.0178,-0.153368
1776813170439786821,2.02608,0.251953,0.260571,0.0985853,1.7132,1.67817,10,1326,1.01703,-0.306858
1776813170444776907,2.029,0.251953,0.262719,-0.0549053,1.75776,1.65423,10,1325,1.01626,-0.153399
1776813170449778585,2.029,0.164062,0.261952,0.010664,1.75776,1.65423,10,1324,1.0155,0
1776813170454800725,2.03104,0.164062,0.263223,0.164062,1.61726,1.61385,10,1324,1.0155,-0.153429
1776813170459786867,2.03104,0.0761719,0.263223,-0.0772573,1.61726,1.61385,10,1323,1.01473,0
1776813170464777267,2.03229,0.0761719,0.26371,0.0761719,1.59477,1.56973,10,1323,1.01473,-0.153399
1776813170469774408,2.03229,0.0390625,0.26371,-0.114336,1.59477,1.56973,10,1323,1.01473,0
1776813170474814455,2.03229,0.0390625,0.26371,0.0390625,1.61155,1.54858,10,1323,1.01473,0
1776813170479766431,2.0238,0.0390625,0.255216,0.0390625,1.61155,1.54858,10,1323,1.01473,0
1776813170484799034,2.0238,0.0253906,0.255216,0.0253906,1.49357,1.50025,10,1323,1.01473,0
1776813170489788675,2.02411,0.0253906,0.255532,0.0253906,1.49357,1.50025,10,1323,1.01473,0
1776813170494851647,2.02411,0.0136719,0.255532,0.0136719,1.43598,1.49508,10,1323,1.01473,0
1776813170499835104,2.02432,0.0136719,0.255738,0.0136719,1.43598,1.49508,10,1323,1.01473,0
1776813170504837652,2.02432,-0.00585938,0.255738,-0.00585938,1.46497,1.48493,10,1323,1.01473,0
1776813170509814738,2.02432,-0.00585938,0.25574,-0.00585938,1.46497,1.48493,10,1323,1.01473,0
1776813170514788825,2.02432,-0.00585938,0.25574,-0.00585938,1.46497,1.48493,10,1323,1.01473,0
1776813170519791169,2.02432,-0.00195312,0.255741,-0.00195312,1.46912,1.48717,10,1323,1.01473,0
1776813170524780348,2.02432,0.00195312,0.255741,0.00195312,1.58214,1.4894,10,1323,1.01473,0
1776813170529767119,2.02427,0.00195312,0.255687,0.00195312,1.58214,1.4894,10,1323,1.01473,0
1776813170534769815,2.02427,0.0117188,0.255687,0.0117188,1.45572,1.49471,10,1323,1.01473,0
1776813170539806936,2.02432,0.0117188,0.255742,0.0117188,1.45572,1.49471,10,1323,1.01473,0
1776813170544790781,2.02432,0.0175781,0.255742,0.0175781,1.4557,1.49831,10,1323,1.01473,0
1776813170549786108,2.02432,0.0175781,0.255742,0.0175781,1.4557,1.49831,10,1323,1.01473,0
1776813170554781730,2.0184,0.0175781,0.249821,0.0175781,1.51646,1.46997,10,1323,1.01473,0
1776813170559787945,2.0184,-0.0078125,0.249821,-0.0078125,1.51646,1.46997,10,1323,1.01473,0
1776813170564781494,2.0184,-0.0078125,0.249821,-0.0078125,1.54931,1.4555,10,1323,1.01473,0
1776813170569785190,2.0184,-0.0078125,0.249821,-0.0078125,1.54931,1.4555,10,1323,1.01473,0
1776813170574780165,2.0184,-0.0078125,0.249822,-0.0078125,1.50252,1.45551,10,1323,1.01473,0
1776813170579832563,2.0184,0.00195312,0.249822,0.00195312,1.50252,1.45551,10,1322,1.01396,-0.153337
1776813170584795224,2.01835,0.00195312,0.249,-0.151384,1.4892,1.46081,10,1322,1.01396,0
1776813170589873399,2.01835,0.0117188,0.249,0.0117188,1.4892,1.46081,10,1322,1.01396,0
1776813170594810487,2.0184,0.0117188,0.249054,0.0117188,1.40422,1.46663,10,1322,1.01396,0
1776813170599798147,2.0184,0.015625,0.249054,0.015625,1.40422,1.46663,10,1322,1.01396,0
1776813170604793788,2.0184,0.015625,0.249054,0.015625,1.42354,1.46886,10,1322,1.01396,0
1776813170609781726,2.0184,0.0195312,0.249054,0.0195312,1.42354,1.46886,10,1322,1.01396,0
1776813170614779922,2.01866,0.0195312,0.249314,0.0195312,1.46401,1.47233,10,1322,1.01396,0
1776813170619781415,2.01866,0.00976562,0.249314,0.00976562,1.46401,1.47233,10,1322,1.01396,0
1776813170624785074,2.01866,0.00976562,0.249314,0.00976562,1.44244,1.46677,10,1322,1.01396,0
1776813170629770734,2.01446,0.00976562,0.245116,0.00976562,1.44244,1.46677,10,1322,1.01396,0
1776813170634793615,2.01446,0.00976562,0.245116,0.00976562,1.44244,1.46677,10,1322,1.01396,0
1776813170639769701,2.01467,0.0117188,0.244555,0.0117188,1.45545,1.44775,10,1321,1.01319,0
1776813170644771972,2.01467,0.0175781,0.244555,0.0175781,1.42237,1.45208,10,1321,1.01319,0
1776813170649775205,2.01472,0.0175781,0.244608,0.0175781,1.42237,1.45208,10,1321,1.01319,0
1776813170654784846,2.01472,0.0214844,0.244608,0.0214844,1.52403,1.45456,10,1321,1.01319,0
1776813170659777487,2.01498,0.0214844,0.244865,0.0214844,1.52403,1.45456,10,1321,1.01319,0
1776813170664782461,2.01498,0.0234375,0.244865,0.0234375,1.38857,1.45691,10,1320,1.01243,0
1776813170669775325,2.01518,0.0234375,0.244304,0.0234375,1.38857,1.45691,10,1320,1.01243,-0.153429
1776813170674777169,2.01518,0.0214844,0.244304,-0.131945,1.4052,1.45678,10,1320,1.01243,0
1776813170679754219,2.01544,0.0214844,0.244564,0.0214844,1.4052,1.45678,10,1320,1.01243,0
1776813170684774581,2.01544,0.0234375,0.244564,0.0234375,1.53463,1.45914,10,1320,1.01243,0
1776813170689826276,2.01565,0.0234375,0.244771,0.0234375,1.53463,1.45914,10,1320,1.01243,0
1776813170694788844,2.01565,0.0136719,0.244771,0.0136719,1.47741,1.45457,10,1320,1.01243,0
1776813170699786837,2.01565,0.0136719,0.244771,0.0136719,1.47741,1.45457,10,1320,1.01243,0
1776813170704817384,2.01591,0.0136719,0.24503,0.0136719,1.42482,1.45581,10,1320,1.01243,0
1776813170709795470,2.01591,0.0175781,0.24503,0.0175781,1.42482,1.45581,10,1319,1.01166,-0.153399
1776813170714774038,2.01617,0.0175781,0.244523,-0.13582,1.3994,1.45929,10,1319,1.01166,0
1776813170719785068,2.01617,0.0214844,0.244523,0.0214844,1.3994,1.45929,10,1319,1.01166,0
1776813170724773153,2.01617,0.0214844,0.244523,0.0214844,1.48628,1.46151,10,1319,1.01166,0
1776813170729787146,2.01617,0.0136719,0.244523,0.0136719,1.48628,1.46151,10,1319,1.01166,0
1776813170734774954,2.01643,0.0136719,0.244784,0.0136719,1.39982,1.45831,10,1319,1.01166,0
1776813170739774354,2.01643,0.00976562,0.244784,0.00976562,1.39982,1.45831,10,1319,1.01166,0
1776813170744772051,2.01643,0.00976562,0.244784,0.00976562,1.51334,1.45608,10,1319,1.01166,0
1776813170749783895,2.01643,0.00585938,0.244784,0.00585938,1.51334,1.45608,10,1319,1.01166,0
1776813170754780721,2.01664,0.00585938,0.24499,0.00585938,1.50862,1.45485,10,1319,1.01166,0
1776813170759790288,2.01664,0.00195312,0.24499,0.00195312,1.50862,1.45485,10,1319,1.01166,0
1776813170764797021,2.01669,0.00195312,0.245044,0.00195312,1.48884,1.45288,10,1319,1.01166,0
1776813170769782422,2.01669,0.00195312,0.245044,0.00195312,1.48884,1.45288,10,1319,1.01166,0
1776813170774776859,2.00816,0.00195312,0.236508,0.00195312,1.39978,1.45288,10,1319,1.01166,0
1776813170779801944,2.00816,0.00195312,0.236508,0.00195312,1.39978,1.45288,10,1319,1.01166,0
1776813170784771697,2.00816,0.00195312,0.236508,0.00195312,1.39975,1.41188,10,1319,1.01166,0
1776813170789781430,2.00816,-0.00390625,0.236508,-0.00390625,1.39975,1.41188,10,1319,1.01166,0
1776813170794772608,2.00816,-0.00390625,0.236508,-0.00390625,1.40187,1.40854,10,1319,1.01166,0
1776813170799775083,2.00816,-0.00195312,0.236508,-0.00195312,1.40187,1.40854,10,1319,1.01166,0
1776813170804784149,2.00816,-0.00195312,0.236508,-0.00195312,1.39744,1.40966,10,1319,1.01166,0
1776813170809786661,2.00816,0.00585938,0.236508,0.00585938,1.39744,1.40966,10,1319,1.01166,0
1776813170814781154,2.0081,0.00585938,0.236454,0.00585938,1.33895,1.41385,10,1319,1.01166,0
1776813170819789313,2.0081,0.015625,0.236454,0.015625,1.33895,1.41385,10,1319,1.01166,0
1776813170824793972,2.00816,0.015625,0.236508,0.015625,1.39518,1.41968,10,1319,1.01166,0
1776813170829765633,2.00816,0.0214844,0.236508,0.0214844,1.39518,1.41968,10,1318,1.01089,-0.153399
1776813170834776569,2.00857,0.0214844,0.236152,-0.131914,1.42383,1.42499,10,1318,1.01089,0
1776813170839770674,2.00857,0.0253906,0.236152,0.0253906,1.42383,1.42499,10,1318,1.01089,0
1776813170844777555,2.00857,0.0253906,0.236152,0.0253906,1.31607,1.42722,10,1318,1.01089,0
1776813170849776881,2.003,0.0253906,0.230581,0.0253906,1.31607,1.42722,10,1318,1.01089,0
1776813170854778559,2.003,0.0273438,0.230581,0.0273438,1.43714,1.40151,10,1317,1.01013,-0.153399
1776813170859877030,2.00346,0.0273438,0.230281,-0.126055,1.43714,1.40151,10,1317,1.01013,0
1776813170864800174,2.00346,0.0390625,0.230281,0.0390625,1.42276,1.41044,10,1317,1.01013,0
1776813170869786537,2.00398,0.0390625,0.230797,0.0390625,1.42276,1.41044,10,1316,1.00936,0
1776813170874789438,2.00398,0.0410156,0.23003,0.0410156,1.43184,1.41404,10,1316,1.00936,-0.153368
1776813170879757672,2.00418,0.0410156,0.230235,-0.112352,1.43184,1.41404,10,1316,1.00936,0
1776813170884764443,2.00418,0.0644531,0.230235,0.0644531,1.44352,1.42839,10,1314,1.00783,-0.306674
1776813170889771509,2.00496,0.0644531,0.229474,-0.242221,1.44352,1.42839,10,1313,1.00706,-0.15346
1776813170894783205,2.00496,0.078125,0.228707,-0.0753349,1.44067,1.4399,10,1312,1.00629,0
1776813170899808216,2.00516,0.078125,0.228145,0.078125,1.44067,1.4399,10,1312,1.00629,-0.153368
1776813170904785691,2.00516,0.113281,0.228145,-0.0400866,1.52739,1.46093,10,1311,1.00552,-0.153429
1776813170909772814,2.00671,0.113281,0.228928,-0.0401479,1.52739,1.46093,10,1310,1.00476,-0.153399
1776813170914785084,2.00671,0.121094,0.228161,-0.0323048,1.43691,1.47285,10,1309,1.00399,-0.153399
1776813170919774910,2.00671,0.121094,0.227394,-0.0323048,1.43691,1.47285,10,1308,1.00322,-0.153399
1776813170924789069,2.00326,0.121094,0.223171,-0.0323048,1.44171,1.4562,10,1307,1.00246,-0.153429
1776813170929766119,2.00326,0.158203,0.222404,0.00477393,1.44171,1.4562,10,1306,1.00169,-0.153399
1776813170934765408,2.00661,0.158203,0.224987,0.00480461,1.48291,1.49349,10,1304,1.00016,-0.153368
1776813170939780474,2.00661,0.169922,0.223453,0.016554,1.48291,1.49349,10,1303,0.999388,-0.153429
1776813170944811966,2.00769,0.169922,0.223773,0.0164927,1.50017,1.5054,10,1301,0.997855,-0.306736
1776813170949823255,2.00769,0.210938,0.222239,-0.0957982,1.50017,1.5054,10,1300,0.997088,-0.306356
1776813170954782193,2.00966,0.210938,0.223437,-0.0954187,1.53464,1.53823,10,1298,0.995554,-0.153644
1776813170959771853,2.00966,0.263672,0.221903,0.110028,1.53464,1.53823,10,1296,0.99402,-0.306674
1776813170964771716,2.01204,0.263672,0.222747,-0.0430025,1.49303,1.57971,10,1294,0.992486,-0.306858
1776813170969771080,2.01204,0.300781,0.221213,-0.00607714,1.49303,1.57971,10,1292,0.990952,-0.306736
1776813170974780146,2.01577,0.300781,0.223411,-0.00595441,1.41084,1.61878,10,1290,0.989418,-0.306858
1776813170979766658,2.01577,0.310547,0.221877,0.00368848,1.41084,1.61878,10,1288,0.987884,-0.306858
1776813170984780669,2.01794,0.310547,0.22252,0.00368848,1.64811,1.63478,10,1286,0.98635,-0.306797
1776813170989777032,2.01794,0.3125,0.220986,0.00570297,1.64811,1.63478,10,1285,0.985583,-0.306736
1776813170994773007,2.01794,0.3125,0.220219,0.00576434,1.61419,1.63589,10,1283,0.984049,-0.153368
1776813170999780573,2.02117,0.3125,0.221905,0.159132,1.61419,1.63589,10,1281,0.982515,-0.306797
1776813171004772252,2.02117,0.3125,0.221905,0.159132,1.61419,1.63589,10,1281,0.982515,-0.306797
1776813171009776152,2.02611,0.267578,0.223013,-0.0392803,1.5564,1.62571,10,1277,0.979447,-0.306858
1776813171014825107,2.02611,0.275391,0.222246,-0.0314678,1.59408,1.65379,10,1276,0.97868,-0.153429
1776813171019791249,2.02814,0.275391,0.223514,0.121961,1.59408,1.65379,10,1275,0.977913,-0.306736
1776813171024840667,2.02814,0.269531,0.222747,-0.0372044,1.59503,1.66017,10,1273,0.976379,-0.153417
1776813171029790884,2.03085,0.269531,0.223924,0.116114,1.59503,1.66017,10,1272,0.975612,-0.306797
1776813171034792432,2.03085,0.255859,0.223157,-0.0509377,1.64457,1.66531,10,1271,0.974845,-0.153368
1776813171039848775,2.03211,0.255859,0.223644,0.102492,1.64457,1.66531,10,1270,0.974078,-0.153368
1776813171044791419,2.03211,0.162109,0.222877,0.00874154,1.77501,1.61785,10,1270,0.974078,0
1776813171049811948,2.0352,0.162109,0.225965,0.162109,1.77501,1.61785,10,1270,0.974078,0
1776813171054804497,2.0352,0.117188,0.225965,0.117188,1.62747,1.60695,10,1269,0.973311,-0.153399
1776813171059776436,2.03561,0.117188,0.225611,-0.036211,1.62747,1.60695,10,1269,0.973311,0
1776813171064771133,2.03561,-0.0273438,0.225611,-0.0273438,1.48299,1.52653,10,1269,0.973311,0
1776813171069773385,2.03561,-0.0273438,0.225611,-0.0273438,1.48299,1.52653,10,1269,0.973311,0
1776813171074785804,2.02773,-0.0273438,0.217736,-0.0273438,1.5163,1.489,10,1269,0.973311,0
1776813171079759113,2.02773,-0.101562,0.217736,-0.101562,1.5163,1.489,10,1270,0.974078,0.153399
1776813171084789883,2.02669,-0.101562,0.217458,0.051836,1.49681,1.4417,10,1271,0.974845,0
1776813171089780413,2.02669,-0.121094,0.218225,-0.121094,1.49681,1.4417,10,1271,0.974845,0.153368
1776813171094790943,2.02544,-0.121094,0.216974,0.0322741,1.38536,1.4246,10,1272,0.975612,0.153399
1776813171099786899,2.02544,-0.0957031,0.217741,0.0576954,1.38536,1.4246,10,1272,0.975612,0
1776813171104777134,2.02445,-0.0957031,0.216753,-0.0957031,1.41191,1.43435,10,1272,0.975612,0
1776813171109772368,2.02445,-0.0527344,0.216753,-0.0527344,1.41191,1.43435,10,1272,0.975612,0
1776813171114786490,2.02372,-0.0527344,0.216027,-0.0527344,1.49827,1.45537,10,1272,0.975612,0
1776813171119772447,2.02372,0.00585938,0.216027,0.00585938,1.49827,1.45537,10,1272,0.975612,0
1776813171124772199,2.02352,0.00585938,0.215821,0.00585938,1.4786,1.48778,10,1272,0.975612,0
1776813171129751360,2.02352,0.0644531,0.215821,0.0644531,1.4786,1.48778,10,1272,0.975612,0
1776813171134770963,2.02398,0.0644531,0.216288,0.0644531,1.45126,1.52341,10,1272,0.975612,0
1776813171139770419,2.02398,0.0820312,0.216288,0.0820312,1.45126,1.52341,10,1272,0.975612,0
1776813171144818578,2.02398,0.0820312,0.216288,0.0820312,1.48477,1.53343,10,1272,0.975612,0
1776813171149790072,2.01926,0.0820312,0.211559,0.0820312,1.48477,1.53343,10,1272,0.975612,0
1776813171154790491,2.01926,0.0546875,0.211559,0.0546875,1.49567,1.49522,10,1272,0.975612,0
1776813171159774577,2.02019,0.0546875,0.212491,0.0546875,1.49567,1.49522,10,1272,0.975612,0
1776813171164767071,2.02019,0.015625,0.212491,0.015625,1.37709,1.47742,10,1272,0.975612,0
1776813171169776712,2.0205,0.015625,0.212808,0.015625,1.37709,1.47742,10,1272,0.975612,0
1776813171174816518,2.0205,-0.0117188,0.212808,-0.0117188,1.45266,1.46335,10,1272,0.975612,0
1776813171179758550,2.0205,-0.0117188,0.212808,-0.0117188,1.45266,1.46335,10,1272,0.975612,0
1776813171184763599,2.0205,-0.0351562,0.212808,-0.0351562,1.34595,1.44999,10,1272,0.975612,0
1776813171189772777,2.02024,-0.0351562,0.212547,-0.0351562,1.34595,1.44999,10,1272,0.975612,0
1776813171194773289,2.02024,-0.0292969,0.212547,-0.0292969,1.43179,1.45208,10,1272,0.975612,0
1776813171199872927,2.01998,-0.0292969,0.212287,-0.0292969,1.43179,1.45208,10,1272,0.975612,0
1776813171204795830,2.01998,-0.0195312,0.212287,-0.0195312,1.55256,1.4564,10,1272,0.975612,0
1776813171209779527,2.01952,-0.0195312,0.211822,-0.0195312,1.55256,1.4564,10,1272,0.975612,0
1776813171214775761,2.01952,-0.0117188,0.211822,-0.0117188,1.45608,1.45863,10,1272,0.975612,0
1776813171219780662,2.01578,-0.0117188,0.208086,-0.0117188,1.45608,1.45863,10,1272,0.975612,0
1776813171224773674,2.01578,0.015625,0.208086,0.015625,1.51998,1.45631,10,1272,0.975612,0
1776813171229754612,2.01584,0.015625,0.208142,0.015625,1.51998,1.45631,10,1272,0.975612,0
1776813171234762235,2.01584,0.03125,0.208142,0.03125,1.46374,1.46548,10,1272,0.975612,0
1776813171239770931,2.01599,0.03125,0.208294,0.03125,1.46374,1.46548,10,1272,0.975612,0
1776813171244774702,2.01599,0.0371094,0.208294,0.0371094,1.52824,1.46955,10,1272,0.975612,0
1776813171249774825,2.01651,0.0371094,0.208813,0.0371094,1.52824,1.46955,10,1272,0.975612,0
1776813171254799058,2.01651,0.0273438,0.208813,0.0273438,1.51704,1.46648,10,1272,0.975612,0
1776813171259794421,2.01657,0.0273438,0.208869,0.0273438,1.51704,1.46648,10,1272,0.975612,0
1776813171264777619,2.01657,-0.00585938,0.208869,-0.00585938,1.49601,1.44782,10,1272,0.975612,0
1776813171269773872,2.01677,-0.00585938,0.209075,-0.00585938,1.49601,1.44782,10,1272,0.975612,0
1776813171274781698,2.01677,-0.0175781,0.209075,-0.0175781,1.42074,1.44213,10,1272,0.975612,0
1776813171279745877,2.01677,-0.0175781,0.209075,-0.0175781,1.42074,1.44213,10,1272,0.975612,0
1776813171284768870,2.01677,-0.0175781,0.209075,-0.0175781,1.44306,1.44213,10,1272,0.975612,0
1776813171289774492,2.01677,-0.0175781,0.209075,-0.0175781,1.44306,1.44213,10,1272,0.975612,0
1776813171294825650,2.01382,-0.0175781,0.206121,-0.0175781,1.52909,1.42796,10,1272,0.975612,0
1776813171299801200,2.01382,-0.00195312,0.206121,-0.00195312,1.52909,1.42796,10,1272,0.975612,0
1776813171304790101,2.01356,-0.00195312,0.205862,-0.00195312,1.33461,1.43562,10,1272,0.975612,0
1776813171309775984,2.01356,-0.00195312,0.205862,-0.00195312,1.33461,1.43562,10,1272,0.975612,0
1776813171314784717,2.01356,-0.00195312,0.205862,-0.00195312,1.45277,1.43562,10,1272,0.975612,0
1776813171319778044,2.01356,0.0117188,0.205862,0.0117188,1.45277,1.43562,10,1272,0.975612,0
1776813171324785315,2.01356,0.0117188,0.205862,0.0117188,1.36689,1.44341,10,1272,0.975612,0
1776813171329771327,2.01356,0.0117188,0.205862,0.0117188,1.36689,1.44341,10,1272,0.975612,0
1776813171334769598,2.01367,0.0117188,0.205971,0.0117188,1.39926,1.44393,10,1272,0.975612,0
1776813171339780091,2.01367,0.0175781,0.205971,0.0175781,1.39926,1.44393,10,1272,0.975612,0
1776813171344771306,2.01387,0.0175781,0.206177,0.0175781,1.39928,1.44826,10,1272,0.975612,0
1776813171349778873,2.01387,0.0078125,0.206177,0.0078125,1.39928,1.44826,10,1272,0.975612,0
1776813171354776663,2.01408,0.0078125,0.206384,0.0078125,1.53884,1.44369,10,1272,0.975612,0
1776813171359802840,2.01408,-0.00195312,0.206384,-0.00195312,1.53884,1.44369,10,1272,0.975612,0
1776813171364788204,2.01408,-0.00195312,0.206384,-0.00195312,1.52801,1.43812,10,1272,0.975612,0
1776813171369788679,2.0053,-0.00195312,0.197599,-0.00195312,1.52801,1.43812,10,1272,0.975612,0
1776813171374811653,2.0053,-0.0195312,0.197599,-0.0195312,1.45284,1.38587,10,1272,0.975612,0
1776813171379822923,2.00504,-0.0195312,0.19734,-0.0195312,1.45284,1.38587,10,1272,0.975612,0
1776813171384778900,2.00504,-0.0195312,0.19734,-0.0195312,1.28077,1.38462,10,1272,0.975612,0
1776813171389781782,2.00504,-0.0195312,0.19734,-0.0195312,1.28077,1.38462,10,1272,0.975612,0
1776813171394771553,2.00504,-0.0136719,0.19734,-0.0136719,1.42044,1.38796,10,1272,0.975612,0
1776813171399777083,2.00478,-0.0136719,0.197084,-0.0136719,1.42044,1.38796,10,1272,0.975612,0
1776813171404772317,2.00478,-0.00195312,0.197084,-0.00195312,1.3665,1.39341,10,1272,0.975612,0
1776813171409836086,2.00478,-0.00195312,0.197083,-0.00195312,1.3665,1.39341,10,1272,0.975612,0
1776813171414788303,2.00478,0.0117188,0.197083,0.0117188,1.3878,1.4012,10,1272,0.975612,0
1776813171419797055,2.00478,0.0117188,0.197083,0.0117188,1.3878,1.4012,10,1272,0.975612,0
1776813171424780697,2.00478,0.0234375,0.197083,0.0234375,1.41283,1.40788,10,1272,0.975612,0
1776813171429756339,2.00504,0.0234375,0.197342,0.0234375,1.41283,1.40788,10,1272,0.975612,0
1776813171434764147,2.00504,0.0253906,0.197342,0.0253906,1.39974,1.41024,10,1272,0.975612,0
1776813171439772436,2.00504,0.0253906,0.197342,0.0253906,1.39974,1.41024,10,1272,0.975612,0
1776813171444770448,1.99994,0.0253906,0.192242,0.0253906,1.39982,1.38565,10,1272,0.975612,0
1776813171449772033,1.99994,0.0078125,0.192242,0.0078125,1.39982,1.38565,10,1272,0.975612,0
1776813171454927095,2.0002,0.0078125,0.192499,0.0078125,1.32262,1.37687,10,1272,0.975612,0
1776813171459823888,2.0002,-0.00390625,0.192499,-0.00390625,1.32262,1.37687,10,1272,0.975612,0
1776813171464781531,2.0002,-0.00390625,0.192499,-0.00390625,1.39644,1.37019,10,1272,0.975612,0
1776813171469860355,2.0002,-0.00976562,0.192499,-0.00976562,1.39644,1.37019,10,1272,0.975612,0
1776813171474828608,2.0002,-0.00976562,0.192499,-0.00976562,1.3358,1.36685,10,1272,0.975612,0
1776813171479763993,2.0002,-0.00585938,0.192499,-0.00585938,1.3358,1.36685,10,1272,0.975612,0
1776813171484767726,2.00014,-0.00585938,0.192446,-0.00585938,1.43184,1.36882,10,1272,0.975612,0
1776813171489774923,2.00014,0,0.192446,0,1.43184,1.36882,10,1272,0.975612,0
1776813171494821322,2.00014,0,0.192446,0,1.39037,1.37216,10,1272,0.975612,0
1776813171499802538,2.00014,0.00390625,0.192446,0.00390625,1.39037,1.37216,10,1272,0.975612,0
1776813171504786884,2.00014,0.00390625,0.192447,0.00390625,1.34939,1.37439,10,1272,0.975612,0
1776813171509782266,2.00014,0.00585938,0.192447,0.00585938,1.34939,1.37439,10,1272,0.975612,0
1776813171514780370,1.99675,0.00585938,0.189055,0.00585938,1.37149,1.37551,10,1272,0.975612,0
1776813171519772197,1.99675,0.00976562,0.189055,0.00976562,1.37149,1.37551,10,1272,0.975612,0
1776813171524773005,1.9968,0.00976562,0.189107,0.00976562,1.39962,1.3616,10,1272,0.975612,0
1776813171529759054,1.9968,0.0117188,0.189107,0.0117188,1.39962,1.3616,10,1272,0.975612,0
1776813171534780195,1.99701,0.0117188,0.189314,0.0117188,1.44536,1.36372,10,1272,0.975612,0
1776813171539772447,1.99701,0.0117188,0.189314,0.0117188,1.44536,1.36372,10,1272,0.975612,0
1776813171544796162,1.99701,0.0117188,0.189314,0.0117188,1.34985,1.36372,10,1272,0.975612,0
1776813171549773063,1.99701,-0.00195312,0.189314,-0.00195312,1.34985,1.36372,10,1272,0.975612,0
1776813171554770964,1.99706,-0.00195312,0.189366,-0.00195312,1.36245,1.35618,10,1272,0.975612,0
1776813171559771791,1.99706,-0.00195312,0.189366,-0.00195312,1.36245,1.35618,10,1272,0.975612,0
1776813171564772543,1.99706,-0.00195312,0.189366,-0.00195312,1.35867,1.35618,10,1272,0.975612,0
1776813171569766185,1.99706,-0.00585938,0.189366,-0.00585938,1.35867,1.35618,10,1272,0.975612,0
1776813171574768381,1.99706,-0.00585938,0.189365,-0.00585938,1.31275,1.35394,10,1272,0.975612,0
1776813171579751820,1.99706,-0.00585938,0.189365,-0.00585938,1.31275,1.35394,10,1272,0.975612,0
1776813171584803515,1.99706,-0.00585938,0.189365,-0.00585938,1.32672,1.35394,10,1272,0.975612,0
1776813171589800026,1.99465,-0.00585938,0.18695,-0.00585938,1.32672,1.35394,10,1272,0.975612,0
1776813171594773187,1.99465,-0.00195312,0.18695,-0.00195312,1.42229,1.3445,10,1272,0.975612,0
1776813171599782050,1.99459,-0.00195312,0.186895,-0.00195312,1.42229,1.3445,10,1272,0.975612,0
1776813171604772118,1.99459,-0.00390625,0.186895,-0.00390625,1.35868,1.34312,10,1272,0.975612,0
1776813171609777296,1.99459,-0.00390625,0.186895,-0.00390625,1.35868,1.34312,10,1272,0.975612,0
1776813171614776012,1.99459,0.00390625,0.186895,0.00390625,1.31256,1.34757,10,1272,0.975612,0
1776813171619782634,1.99459,0.00390625,0.186895,0.00390625,1.31256,1.34757,10,1272,0.975612,0
1776813171624772369,1.99459,0.0078125,0.186895,0.0078125,1.38184,1.3498,10,1272,0.975612,0
1776813171629752325,1.99459,0.0078125,0.186895,0.0078125,1.38184,1.3498,10,1272,0.975612,0
1776813171634765281,1.99459,0.00390625,0.186895,0.00390625,1.39026,1.34757,10,1272,0.975612,0
1776813171639783366,1.99464,0.00390625,0.186948,0.00390625,1.39026,1.34757,10,1272,0.975612,0
1776813171644788989,1.99464,0.00585938,0.186948,0.00585938,1.39028,1.34894,10,1272,0.975612,0
1776813171649782575,1.99464,0.00585938,0.186948,0.00585938,1.39028,1.34894,10,1272,0.975612,0
1776813171654776364,1.99464,-0.00390625,0.186948,-0.00390625,1.3582,1.34337,10,1272,0.975612,0
1776813171659784839,1.99295,-0.00390625,0.185255,-0.00390625,1.3582,1.34337,10,1272,0.975612,0
1776813171664783054,1.99295,-0.00390625,0.185255,-0.00390625,1.3582,1.34337,10,1272,0.975612,0
1776813171669787955,1.99295,0,0.185257,0,1.39739,1.33741,10,1272,0.975612,0
1776813171674774856,1.99295,-0.00390625,0.185257,-0.00390625,1.3107,1.33519,10,1272,0.975612,0
1776813171679752979,1.99295,-0.00390625,0.185257,-0.00390625,1.3107,1.33519,10,1272,0.975612,0
1776813171684763972,1.99295,0,0.185257,0,1.3185,1.33742,10,1272,0.975612,0
1776813171689769224,1.9929,0,0.185205,0,1.3185,1.33742,10,1272,0.975612,0
1776813171694781495,1.9929,0.00195312,0.185205,0.00195312,1.30345,1.33828,10,1272,0.975612,0
1776813171699794673,1.9929,0.00195312,0.185205,0.00195312,1.30345,1.33828,10,1272,0.975612,0
1776813171704838683,1.9929,-0.00390625,0.185205,-0.00390625,1.29508,1.33494,10,1272,0.975612,0
1776813171709796029,1.99295,-0.00390625,0.185257,-0.00390625,1.29508,1.33494,10,1272,0.975612,0
1776813171714779245,1.99295,0.00195312,0.185257,0.00195312,1.27887,1.33853,10,1272,0.975612,0
1776813171719772257,1.99295,0.00195312,0.185257,0.00195312,1.27887,1.33853,10,1272,0.975612,0
1776813171724777010,1.99295,0.00195312,0.185257,0.00195312,1.35029,1.33853,10,1272,0.975612,0
1776813171729750781,1.98767,0.00195312,0.179978,0.00195312,1.35029,1.33853,10,1272,0.975612,0
1776813171734781792,1.98767,0.00195312,0.179978,0.00195312,1.35029,1.33853,10,1272,0.975612,0
1776813171739767971,1.98767,-0.00195312,0.179978,-0.00195312,1.32665,1.31073,10,1272,0.975612,0
1776813171744775390,1.98767,-0.00195312,0.179978,-0.00195312,1.31866,1.31073,10,1272,0.975612,0
1776813171749781716,1.98762,-0.00195312,0.179927,-0.00195312,1.31866,1.31073,10,1272,0.975612,0
1776813171754791561,1.98762,-0.00195312,0.179927,-0.00195312,1.3113,1.31048,10,1272,0.975612,0
1776813171759779332,1.98763,-0.00195312,0.179929,-0.00195312,1.3113,1.31048,10,1272,0.975612,0
1776813171764784621,1.98763,0.00976562,0.179929,0.00976562,1.30374,1.31717,10,1272,0.975612,0
1776813171769797466,1.98768,0.00976562,0.17998,0.00976562,1.30374,1.31717,10,1272,0.975612,0
1776813171774782497,1.98768,0.00390625,0.17998,0.00390625,1.27302,1.31408,10,1272,0.975612,0
1776813171779754509,1.98783,0.00390625,0.180134,0.00390625,1.27302,1.31408,10,1272,0.975612,0
1776813171784762280,1.98783,0.00195312,0.180134,0.00195312,1.30432,1.31371,10,1272,0.975612,0
1776813171789778402,1.98783,0.00195312,0.180134,0.00195312,1.30432,1.31371,10,1272,0.975612,0
1776813171794771674,1.98783,0.00390625,0.180134,0.00390625,1.22437,1.31483,10,1272,0.975612,0
1776813171799776204,1.98471,0.00390625,0.177012,0.00390625,1.22437,1.31483,10,1272,0.975612,0
1776813171804783011,1.98471,0.00390625,0.177012,0.00390625,1.22437,1.31483,10,1272,0.975612,0
1776813171809795523,1.98471,0.00390625,0.177013,0.00390625,1.26237,1.29968,10,1272,0.975612,0
1776813171814775109,1.98471,0.00585938,0.177013,0.00585938,1.25545,1.3008,10,1272,0.975612,0
1776813171819801972,1.98476,0.00585938,0.177065,0.00585938,1.25545,1.3008,10,1272,0.975612,0
1776813171824790336,1.98476,-0.00195312,0.177065,-0.00195312,1.27337,1.2966,10,1272,0.975612,0
1776813171829765330,1.98476,-0.00195312,0.177067,-0.00195312,1.27337,1.2966,10,1272,0.975612,0
1776813171834775934,1.98476,0.00585938,0.177067,0.00585938,1.27999,1.30106,10,1272,0.975612,0
1776813171839772094,1.98477,0.00585938,0.177069,0.00585938,1.27999,1.30106,10,1272,0.975612,0
1776813171844770013,1.98477,0.00976562,0.177069,0.00976562,1.31097,1.30329,10,1272,0.975612,0
1776813171849777746,1.98498,0.00976562,0.177279,0.00976562,1.31097,1.30329,10,1272,0.975612,0
1776813171854774499,1.98498,0.0078125,0.177279,0.0078125,1.3668,1.3032,10,1271,0.974845,-0.15346
1776813171859779973,1.98498,0.0078125,0.176514,-0.145647,1.3668,1.3032,10,1271,0.974845,0
1776813171864788170,1.98498,0.00195312,0.176514,0.00195312,1.26752,1.29987,10,1271,0.974845,0
1776813171869782830,1.98283,0.00195312,0.174371,0.00195312,1.26752,1.29987,10,1271,0.974845,0
1776813171874772731,1.98283,0.00195312,0.174371,0.00195312,1.26752,1.29987,10,1271,0.974845,0
1776813171879774594,1.98284,0,0.174377,0,1.26752,1.28835,10,1271,0.974845,0
1776813171884764329,1.98284,-0.00390625,0.174377,-0.00390625,1.2987,1.28615,10,1271,0.974845,0
1776813171889778803,1.98285,-0.00390625,0.174382,-0.00390625,1.2987,1.28615,10,1271,0.974845,0
1776813171894903625,1.98285,0.00195312,0.174382,0.00195312,1.29886,1.28952,10,1271,0.974845,0
1776813171899828380,1.98285,0.00195312,0.174384,0.00195312,1.29886,1.28952,10,1271,0.974845,0
1776813171904903667,1.98285,0.00195312,0.174384,0.00195312,1.27356,1.28952,10,1271,0.974845,0
1776813171909813700,1.98286,0.00195312,0.174393,0.00195312,1.27356,1.28952,10,1271,0.974845,0
1776813171914791546,1.98286,0.0078125,0.174393,0.0078125,1.31925,1.29291,10,1271,0.974845,0
1776813171919778021,1.98291,0.0078125,0.174447,0.0078125,1.31925,1.29291,10,1271,0.974845,0
1776813171924783718,1.98291,0.00585938,0.174447,0.00585938,1.22922,1.29206,10,1271,0.974845,0
1776813171929749323,1.98312,0.00585938,0.17466,0.00585938,1.22922,1.29206,10,1271,0.974845,0
1776813171934767464,1.98312,0.0117188,0.17466,0.0117188,1.31979,1.29643,10,1271,0.974845,0
1776813171939771864,1.9817,0.0117188,0.173233,0.0117188,1.31979,1.29643,10,1270,0.974078,0
1776813171944768691,1.9817,0.015625,0.172466,0.015625,1.32191,1.29172,10,1270,0.974078,-0.153399
1776813171949775203,1.98191,0.015625,0.172683,-0.137774,1.32191,1.29172,10,1270,0.974078,0
1776813171954783510,1.98191,0.015625,0.172683,0.015625,1.28581,1.29278,10,1270,0.974078,0
1776813171959830631,1.98218,0.015625,0.172947,0.015625,1.28581,1.29278,10,1270,0.974078,0
1776813171964806811,1.98218,0.015625,0.172947,0.015625,1.31256,1.29406,10,1270,0.974078,0
1776813171969781305,1.98239,0.015625,0.17316,0.015625,1.31256,1.29406,10,1270,0.974078,0
1776813171974792464,1.98239,0.0214844,0.17316,0.0214844,1.28199,1.29844,10,1270,0.974078,0
1776813171979784235,1.98245,0.0214844,0.173217,0.0214844,1.28199,1.29844,10,1270,0.974078,0
1776813171984789562,1.98245,0.0214844,0.173217,0.0214844,1.28128,1.29871,10,1270,0.974078,0
1776813171989774648,1.98267,0.0214844,0.173437,0.0214844,1.28128,1.29871,10,1270,0.974078,0
1776813171994779530,1.98267,0.0175781,0.173437,0.0175781,1.25406,1.29756,10,1269,0.973311,-0.153399
1776813171999780116,1.98288,0.0175781,0.172884,-0.13582,1.25406,1.29756,10,1269,0.973311,0
1776813172004784442,1.98288,0.0117188,0.172884,0.0117188,1.25284,1.29526,10,1269,0.973311,0
1776813172009777918,1.98288,0.0117188,0.172884,0.0117188,1.25284,1.29526,10,1269,0.973311,0
1776813172014776911,1.97835,0.0117188,0.168351,0.0117188,1.37,1.27321,10,1269,0.973311,0
1776813172019788923,1.97835,0.0234375,0.168351,0.0234375,1.37,1.27321,10,1269,0.973311,0
1776813172024782620,1.97868,0.0234375,0.168681,0.0234375,1.20694,1.2815,10,1269,0.973311,0
1776813172029775984,1.97868,0.0234375,0.168681,0.0234375,1.20694,1.2815,10,1268,0.972544,-0.153399
1776813172034771311,1.97889,0.0234375,0.168126,-0.129961,1.32523,1.28253,10,1268,0.972544,0
1776813172039776119,1.97889,0.0429688,0.168126,0.0429688,1.32523,1.28253,10,1267,0.971777,-0.15346
1776813172044768558,1.97916,0.0429688,0.167627,-0.110491,1.26977,1.29496,10,1266,0.97101,0
1776813172049775403,1.97916,0.0917969,0.16686,0.0917969,1.26977,1.29496,10,1266,0.97101,-0.153399
1776813172054769489,1.98031,0.0917969,0.16801,-0.0616016,1.34829,1.32839,10,1265,0.970243,-0.153399
1776813172059786501,1.98031,0.115234,0.167243,-0.0381641,1.34829,1.32839,10,1264,0.969476,-0.153368
1776813172064773587,1.98083,0.115234,0.166994,-0.0381335,1.28351,1.34427,10,1263,0.968709,-0.153399
1776813172069769951,1.98083,0.171875,0.166227,0.0184765,1.28351,1.34427,10,1262,0.967942,-0.153429
1776813172074772704,1.98304,0.171875,0.167675,0.0184458,1.34475,1.38732,10,1261,0.967175,-0.153368
1776813172079765216,1.98304,0.179688,0.166908,0.0263197,1.34475,1.38732,10,1260,0.966408,-0.153368
1776813172084768376,1.98304,0.179688,0.166141,0.0263197,1.39516,1.39177,10,1258,0.964874,-0.153429
1776813172089765666,1.98157,0.179688,0.163131,0.0262583,1.39516,1.39177,10,1258,0.964874,-0.153429
1776813172094769900,1.98157,0.158203,0.163131,0.00477393,1.43244,1.37236,10,1256,0.96334,-0.153337
1776813172099782430,1.98491,0.158203,0.164946,0.00486594,1.43244,1.37236,10,1255,0.962573,-0.15346
1776813172104786202,1.98491,0.154297,0.164179,0.000836968,1.42522,1.3864,10,1254,0.961806,-0.153368
1776813172109781399,1.98574,0.154297,0.164239,0.000929043,1.42522,1.3864,10,1253,0.961039,-0.306858
1776813172114774115,1.98574,0.193359,0.163472,-0.113499,1.37227,1.41268,10,1251,0.959505,-0.153399
1776813172119769238,1.98817,0.193359,0.164362,0.0399609,1.37227,1.41268,10,1250,0.958738,-0.153337
1776813172124776435,1.98817,0.214844,0.163595,0.0615066,1.42623,1.43669,10,1248,0.957204,-0.306858
1776813172129751152,1.9895,0.214844,0.1634,-0.0920146,1.42623,1.43669,10,1247,0.956437,-0.306736
1776813172134767663,1.9895,0.277344,0.162633,-0.0293919,1.43037,1.4788,10,1245,0.954903,-0.153448
1776813172139778064,1.99295,0.277344,0.164549,0.123896,1.43037,1.4788,10,1243,0.953369,-0.306736
1776813172144777187,1.99295,0.322266,0.163015,0.01553,1.51566,1.52111,10,1241,0.951835,-0.306797
1776813172149771311,1.99584,0.322266,0.16437,0.0154686,1.51566,1.52111,10,1239,0.950301,-0.306858
1776813172154774693,1.99584,0.337891,0.162836,0.0310322,1.47789,1.54399,10,1237,0.948767,-0.306797
1776813172159775279,1.99584,0.337891,0.161302,0.0310936,1.47789,1.54399,10,1235,0.947233,-0.460104
1776813172164772199,1.9978,0.337891,0.161729,-0.122213,1.50831,1.55347,10,1233,0.945699,-0.306858
1776813172169771618,1.9978,0.337891,0.160195,0.0310322,1.50831,1.55347,10,1231,0.944165,-0.306797
1776813172174791944,2.00297,0.337891,0.163828,0.0310936,1.59514,1.5784,10,1229,0.942631,-0.153368
1776813172179759050,2.00297,0.322266,0.162294,0.168898,1.59514,1.5784,10,1227,0.941097,-0.306858
1776813172184766543,2.00494,0.322266,0.162728,0.0154072,1.66041,1.57898,10,1225,0.939563,-0.306736
1776813172189774425,2.00494,0.283203,0.161194,-0.0235325,1.66041,1.57898,10,1223,0.938029,-0.306858
1776813172194789529,2.00914,0.283203,0.163863,-0.0236553,1.39888,1.57694,10,1221,0.936495,-0.306797
1776813172199770616,2.00914,0.28125,0.162329,-0.025547,1.39888,1.57694,10,1220,0.935728,-0.306736
1776813172204791128,2.01059,0.28125,0.163013,-0.0254857,1.51484,1.5828,10,1218,0.934194,-0.153356
1776813172209774659,2.01059,0.255859,0.161479,0.102503,1.51484,1.5828,10,1217,0.933427,-0.15346
1776813172214826317,2.01475,0.255859,0.16487,0.102399,1.54341,1.5883,10,1216,0.93266,-0.306674
1776813172219777812,2.01475,0.228516,0.164103,-0.0781587,1.54341,1.5883,10,1215,0.931893,-0.153429
1776813172224849359,2.016,0.228516,0.164585,0.0750864,1.58246,1.5787,10,1214,0.931126,0
1776813172229771540,2.016,0.103516,0.163818,0.103516,1.58246,1.5787,10,1214,0.931126,-0.153399
1776813172234767404,2.016,0.103516,0.163818,-0.0498829,1.67212,1.50745,10,1214,0.931126,0
1776813172239811322,2.01772,0.103516,0.165542,0.103516,1.67212,1.50745,10,1214,0.931126,0
1776813172244797779,2.01772,-0.0292969,0.165542,-0.0292969,1.57264,1.44001,10,1214,0.931126,0
1776813172249817698,2.01821,-0.0292969,0.166026,-0.0292969,1.57264,1.44001,10,1214,0.931126,0
1776813172254800211,2.01821,-0.078125,0.166026,-0.078125,1.48231,1.4145,10,1214,0.931126,0
1776813172259776057,2.0177,-0.078125,0.165515,-0.078125,1.48231,1.4145,10,1214,0.931126,0
1776813172264775976,2.0177,-0.0996094,0.165515,-0.0996094,1.442,1.39981,10,1215,0.931893,0.153368
1776813172269788173,2.01678,-0.0996094,0.165365,0.0537585,1.442,1.39981,10,1215,0.931893,0
1776813172274777445,2.01678,-0.0917969,0.165365,-0.0917969,1.42904,1.39986,10,1216,0.93266,0.153337
1776813172279781734,2.01581,-0.0917969,0.16516,0.0615403,1.42904,1.39986,10,1216,0.93266,0
1776813172284770395,2.01581,-0.0683594,0.16516,-0.0683594,1.35306,1.40856,10,1216,0.93266,0
1776813172289782666,2.0151,-0.0683594,0.164449,-0.0683594,1.35306,1.40856,10,1216,0.93266,0
1776813172294780697,2.0151,-0.046875,0.164449,-0.046875,1.43003,1.41739,10,1216,0.93266,0
1776813172299797115,2.01484,-0.046875,0.164192,-0.046875,1.43003,1.41739,10,1216,0.93266,0
1776813172304803016,2.01484,0.0175781,0.164192,0.0175781,1.38808,1.4529,10,1216,0.93266,0
1776813172309792473,2.01484,0.0175781,0.164192,0.0175781,1.38808,1.4529,10,1216,0.93266,0
1776813172314774023,2.01221,0.0175781,0.161559,0.0175781,1.40977,1.44026,10,1216,0.93266,0
1776813172319788349,2.01221,0.0449219,0.161559,0.0449219,1.40977,1.44026,10,1216,0.93266,0
1776813172324781621,2.01263,0.0449219,0.161986,0.0449219,1.41209,1.4579,10,1216,0.93266,0
1776813172329839057,2.01263,0.0410156,0.161986,0.0410156,1.41209,1.4579,10,1216,0.93266,0
1776813172334783478,2.01322,0.0410156,0.162572,0.0410156,1.47714,1.45849,10,1216,0.93266,0
1776813172339783305,2.01322,0.0292969,0.162572,0.0292969,1.47714,1.45849,10,1216,0.93266,0
1776813172344889147,2.01364,0.0292969,0.162991,0.0292969,1.53141,1.45382,10,1216,0.93266,0
1776813172349803180,2.01364,0.00585938,0.162991,0.00585938,1.53141,1.45382,10,1216,0.93266,0
1776813172354800952,2.01391,0.00585938,0.163258,0.00585938,1.4134,1.44174,10,1216,0.93266,0
1776813172359792631,2.01391,-0.0195312,0.163258,-0.0195312,1.4134,1.44174,10,1216,0.93266,0
1776813172364781606,2.01371,-0.0195312,0.16306,-0.0195312,1.48546,1.42632,10,1216,0.93266,0
1776813172369777211,2.01371,-0.03125,0.16306,-0.03125,1.48546,1.42632,10,1216,0.93266,0
1776813172374783685,2.01345,-0.03125,0.1628,-0.03125,1.38912,1.41839,10,1216,0.93266,0
1776813172379753587,2.01345,-0.0332031,0.1628,-0.0332031,1.38912,1.41839,10,1216,0.93266,0
1776813172384768247,2.01345,-0.0332031,0.1628,-0.0332031,1.50045,1.41727,10,1216,0.93266,0
1776813172389773740,2.0124,-0.0332031,0.161756,-0.0332031,1.50045,1.41727,10,1216,0.93266,0
1776813172394831621,2.0124,-0.0273438,0.161756,-0.0273438,1.44541,1.4156,10,1216,0.93266,0
1776813172399787375,2.01199,-0.0273438,0.161342,-0.0273438,1.44541,1.4156,10,1216,0.93266,0
1776813172404802868,2.01199,0.00585938,0.161342,0.00585938,1.37267,1.43254,10,1216,0.93266,0
1776813172409849490,2.01188,0.00585938,0.161234,0.00585938,1.37267,1.43254,10,1216,0.93266,0
1776813172414809003,2.01188,0.015625,0.161234,0.015625,1.4683,1.43759,10,1216,0.93266,0
1776813172419779609,2.01194,0.015625,0.161288,0.015625,1.4683,1.43759,10,1216,0.93266,0
1776813172424784454,2.01194,0.0253906,0.161288,0.0253906,1.47721,1.44341,10,1216,0.93266,0
1776813172429755245,2.01219,0.0253906,0.161543,0.0253906,1.47721,1.44341,10,1216,0.93266,0
1776813172434766794,2.01219,0.0273438,0.161543,0.0273438,1.51571,1.44575,10,1216,0.93266,0
1776813172439770343,2.01239,0.0273438,0.161745,0.0273438,1.51571,1.44575,10,1216,0.93266,0
1776813172444778836,2.01239,0.00585938,0.161745,0.00585938,1.40556,1.43448,10,1216,0.93266,0
1776813172449771348,2.01265,0.00585938,0.162006,0.00585938,1.40556,1.43448,10,1216,0.93266,0
1776813172454774786,2.01265,0.00195312,0.162006,0.00195312,1.44636,1.4335,10,1216,0.93266,0
1776813172459774409,2.01265,0.00195312,0.162006,0.00195312,1.44636,1.4335,10,1216,0.93266,0
1776813172464786773,2.01265,0.00195312,0.162001,0.00195312,1.51756,1.43348,10,1216,0.93266,0
1776813172469835338,2.01265,-0.015625,0.162001,-0.015625,1.51756,1.43348,10,1216,0.93266,0
1776813172474836869,2.01239,-0.015625,0.161738,-0.015625,1.41366,1.42219,10,1216,0.93266,0
1776813172479768309,2.01239,-0.015625,0.161738,-0.015625,1.41366,1.42219,10,1216,0.93266,0
1776813172484767988,2.01212,-0.015625,0.161475,-0.015625,1.46345,1.42093,10,1216,0.93266,0
1776813172489805814,2.01212,-0.015625,0.161475,-0.015625,1.46345,1.42093,10,1216,0.93266,0
1776813172494824084,2.01197,-0.015625,0.161323,-0.015625,1.37647,1.4202,10,1216,0.93266,0
1776813172499839281,2.01197,0,0.161323,0,1.37647,1.4202,10,1216,0.93266,0
1776813172504788943,2.01192,0,0.16127,0,1.3819,1.42885,10,1216,0.93266,0
1776813172509790325,2.01192,0.0078125,0.16127,0.0078125,1.3819,1.42885,10,1216,0.93266,0
1776813172514779190,2.01191,0.0078125,0.161266,0.0078125,1.44541,1.43329,10,1216,0.93266,0
1776813172519784257,2.01191,0.0117188,0.161266,0.0117188,1.44541,1.43329,10,1216,0.93266,0
1776813172524782288,2.01212,0.0117188,0.161472,0.0117188,1.50044,1.4365,10,1216,0.93266,0
1776813172529791392,2.01212,0.0136719,0.161472,0.0136719,1.50044,1.4365,10,1216,0.93266,0
1776813172534771905,2.01212,0.0136719,0.161472,0.0136719,1.50886,1.43762,10,1216,0.93266,0
1776813172539781194,2.01217,0.0136719,0.161525,0.0136719,1.50886,1.43762,10,1216,0.93266,0
1776813172544782836,2.01217,-0.00585938,0.161525,-0.00585938,1.48553,1.42674,10,1216,0.93266,0
1776813172549784496,2.01217,-0.00585938,0.161522,-0.00585938,1.48553,1.42674,10,1216,0.93266,0
1776813172554784489,2.01217,-0.0078125,0.161522,-0.0078125,1.35031,1.42561,10,1216,0.93266,0
1776813172559774354,2.01217,-0.0078125,0.161522,-0.0078125,1.35031,1.42561,10,1216,0.93266,0
1776813172564774069,2.01217,-0.0175781,0.161522,-0.0175781,1.42171,1.42004,10,1216,0.93266,0
1776813172569789137,2.01196,-0.0175781,0.161313,-0.0175781,1.42171,1.42004,10,1216,0.93266,0
1776813172574778260,2.01196,-0.0078125,0.161313,-0.0078125,1.38185,1.42461,10,1216,0.93266,0
1776813172579763273,2.01191,-0.0078125,0.161259,-0.0078125,1.38185,1.42461,10,1216,0.93266,0
1776813172584761933,2.01191,0.00195312,0.161259,0.00195312,1.43698,1.42991,10,1216,0.93266,0
1776813172589775370,2.01185,0.00195312,0.161202,0.00195312,1.43698,1.42991,10,1216,0.93266,0
1776813172594786252,2.01185,0.0078125,0.161202,0.0078125,1.47721,1.43298,10,1216,0.93266,0
1776813172599778691,2.0119,0.0078125,0.161252,0.0078125,1.47721,1.43298,10,1216,0.93266,0
1776813172604783110,2.0119,0.0195312,0.161252,0.0195312,1.34178,1.4399,10,1216,0.93266,0
1776813172609784418,2.0119,0.0195312,0.161252,0.0195312,1.34178,1.4399,10,1216,0.93266,0
1776813172614783171,2.01211,0.0195312,0.161457,0.0195312,1.42211,1.44089,10,1216,0.93266,0
1776813172619773980,2.01211,0.015625,0.161457,0.015625,1.42211,1.44089,10,1216,0.93266,0
1776813172624798028,2.01236,0.015625,0.161713,0.015625,1.37562,1.43989,10,1216,0.93266,0
1776813172629800577,2.01236,0.0136719,0.161713,0.0136719,1.37562,1.43989,10,1216,0.93266,0
1776813172634790849,2.01241,0.0136719,0.161767,0.0136719,1.42145,1.43903,10,1216,0.93266,0
1776813172639784935,2.01241,-0.00195312,0.161767,-0.00195312,1.42145,1.43903,10,1216,0.93266,0
1776813172644779114,2.01241,-0.00195312,0.161763,-0.00195312,1.42205,1.43011,10,1216,0.93266,0
1776813172649803310,2.01241,-0.0136719,0.161763,-0.0136719,1.42205,1.43011,10,1216,0.93266,0
1776813172654779693,2.01241,-0.0136719,0.16176,-0.0136719,1.43078,1.42341,10,1216,0.93266,0
1776813172659782335,2.01241,-0.0078125,0.16176,-0.0078125,1.43078,1.42341,10,1216,0.93266,0
1776813172664788847,2.01235,-0.0078125,0.161707,-0.0078125,1.42199,1.4265,10,1216,0.93266,0
1776813172669777470,2.01235,-0.00390625,0.161707,-0.00390625,1.42199,1.4265,10,1216,0.93266,0
1776813172674782149,2.01219,-0.00390625,0.161547,-0.00390625,1.39645,1.42796,10,1216,0.93266,0
1776813172679769550,2.01219,-0.00195312,0.161547,-0.00195312,1.39645,1.42796,10,1216,0.93266,0
1776813172684763007,2.01219,-0.00195312,0.161547,-0.00195312,1.50027,1.42907,10,1216,0.93266,0
1776813172689773593,2.01362,-0.00195312,0.162977,-0.00195312,1.50027,1.42907,10,1216,0.93266,0
1776813172694798511,2.01362,0.0078125,0.162977,0.0078125,1.53215,1.4415,10,1216,0.93266,0
1776813172699798783,2.01377,0.0078125,0.163119,0.0078125,1.53215,1.4415,10,1216,0.93266,0
1776813172704779758,2.01377,0.015625,0.163119,0.015625,1.49208,1.44664,10,1216,0.93266,0
1776813172709779863,2.01382,0.015625,0.163169,0.015625,1.49208,1.44664,10,1216,0.93266,0
1776813172714781653,2.01382,0.00976562,0.163169,0.00976562,1.47709,1.44354,10,1216,0.93266,0
1776813172719844459,2.01402,0.00976562,0.163372,0.00976562,1.47709,1.44354,10,1216,0.93266,0
1776813172724806676,2.01402,0.00195312,0.163372,0.00195312,1.42882,1.44006,10,1216,0.93266,0
1776813172729765356,2.01407,0.00195312,0.163423,0.00195312,1.42882,1.44006,10,1216,0.93266,0
1776813172734760165,2.01407,-0.00390625,0.163423,-0.00390625,1.46161,1.43696,10,1216,0.93266,0
1776813172739772139,2.01407,-0.00390625,0.163422,-0.00390625,1.46161,1.43696,10,1216,0.93266,0
1776813172744782614,2.01407,-0.0078125,0.163422,-0.0078125,1.36693,1.43473,10,1216,0.93266,0
1776813172749771386,2.01402,-0.0078125,0.163372,-0.0078125,1.36693,1.43473,10,1216,0.93266,0
1776813172754777342,2.01402,-0.00976562,0.163372,-0.00976562,1.48607,1.43338,10,1216,0.93266,0
1776813172759776650,2.01402,-0.00976562,0.163372,-0.00976562,1.48607,1.43338,10,1216,0.93266,0
1776813172764781366,2.01525,-0.00976562,0.164605,-0.00976562,1.4453,1.4393,10,1216,0.93266,0
1776813172769788192,2.01525,0.00195312,0.164605,0.00195312,1.4453,1.4393,10,1216,0.93266,0
1776813172774871109,2.0152,0.00195312,0.164555,0.00195312,1.39916,1.44574,10,1216,0.93266,0
1776813172779817716,2.0152,0.0078125,0.164555,0.0078125,1.39916,1.44574,10,1216,0.93266,0
1776813172784776044,2.0152,0.0078125,0.164555,0.0078125,1.44541,1.44908,10,1216,0.93266,0
1776813172789848387,2.0152,0.00585938,0.164555,0.00585938,1.44541,1.44908,10,1216,0.93266,0
1776813172794793567,2.01526,0.00585938,0.164612,0.00585938,1.40514,1.44824,10,1216,0.93266,0
1776813172799783191,2.01526,0.0078125,0.164612,0.0078125,1.40514,1.44824,10,1216,0.93266,0
1776813172804779647,2.01526,0.0078125,0.164608,0.0078125,1.4454,1.44933,10,1216,0.93266,0
1776813172809790307,2.01526,0.00585938,0.164608,0.00585938,1.4454,1.44933,10,1216,0.93266,0
1776813172814782060,2.01546,0.00585938,0.164814,0.00585938,1.44541,1.44921,10,1216,0.93266,0
1776813172819785906,2.01546,0.0078125,0.164814,0.0078125,1.44541,1.44921,10,1216,0.93266,0
1776813172824789751,2.01546,0.0078125,0.164811,0.0078125,1.41365,1.45031,10,1216,0.93266,0
1776813172829774708,2.01546,-0.0078125,0.164811,-0.0078125,1.41365,1.45031,10,1216,0.93266,0
1776813172834768183,2.01546,-0.0078125,0.164811,-0.0078125,1.43977,1.4414,10,1216,0.93266,0
1776813172839779398,2.01664,-0.0078125,0.165989,-0.0078125,1.43977,1.4414,10,1216,0.93266,0
1776813172844777762,2.01664,-0.0117188,0.165989,-0.0117188,1.48593,1.44482,10,1216,0.93266,0
1776813172849780978,2.01648,-0.0117188,0.165834,-0.0117188,1.48593,1.44482,10,1216,0.93266,0
1776813172854779323,2.01648,-0.00585938,0.165834,-0.00585938,1.40517,1.44742,10,1216,0.93266,0
1776813172859778761,2.01643,-0.00585938,0.165784,-0.00585938,1.40517,1.44742,10,1216,0.93266,0
1776813172864779144,2.01643,-0.00195312,0.165784,-0.00195312,1.39053,1.4494,10,1216,0.93266,0
1776813172869782637,2.01643,-0.00195312,0.165784,-0.00195312,1.39053,1.4494,10,1216,0.93266,0
1776813172874780260,2.01643,0.00390625,0.165784,0.00390625,1.47721,1.45274,10,1216,0.93266,0
1776813172879778013,2.01643,0.00390625,0.165783,0.00390625,1.47721,1.45274,10,1216,0.93266,0
1776813172884762248,2.01643,0.0078125,0.165783,0.0078125,1.50901,1.45497,10,1216,0.93266,0
1776813172889782130,2.01643,0.0078125,0.165787,0.0078125,1.50901,1.45497,10,1216,0.93266,0
1776813172894774364,2.01643,0.00976562,0.165787,0.00976562,1.41815,1.4561,10,1216,0.93266,0
1776813172899794246,2.01649,0.00976562,0.165841,0.00976562,1.41815,1.4561,10,1216,0.93266,0
1776813172904796369,2.01649,0.00195312,0.165841,0.00195312,1.39051,1.4519,10,1216,0.93266,0
1776813172909796418,2.01649,0.00195312,0.165841,0.00195312,1.39051,1.4519,10,1216,0.93266,0
1776813172914786394,2.01767,0.00195312,0.167026,0.00195312,1.4536,1.45759,10,1216,0.93266,0
1776813172919785887,2.01767,-0.00390625,0.167026,-0.00390625,1.4536,1.45759,10,1216,0.93266,0
1776813172924779881,2.01767,-0.00390625,0.167023,-0.00390625,1.45413,1.45423,10,1216,0.93266,0
1776813172929850965,2.01767,-0.00390625,0.167023,-0.00390625,1.45413,1.45423,10,1216,0.93266,0
1776813172934790034,2.01767,-0.00390625,0.167023,-0.00390625,1.3856,1.45423,10,1216,0.93266,0
1776813172939783250,2.01767,-0.00390625,0.167023,-0.00390625,1.3856,1.45423,10,1216,0.93266,0
1776813172944786651,2.01746,-0.00390625,0.166814,-0.00390625,1.41356,1.45323,10,1216,0.93266,0
1776813172949776830,2.01746,-0.00390625,0.166814,-0.00390625,1.41356,1.45323,10,1216,0.93266,0
1776813172954777416,2.01746,-0.00390625,0.166814,-0.00390625,1.41321,1.45323,10,1216,0.93266,0
1776813172959774688,2.01746,-0.00195312,0.166814,-0.00195312,1.41321,1.45323,10,1216,0.93266,0
1776813172964779848,2.01746,-0.00195312,0.166814,-0.00195312,1.46825,1.45434,10,1216,0.93266,0
1776813172969818692,2.01746,0.00195312,0.166814,0.00195312,1.46825,1.45434,10,1216,0.93266,0
1776813172974786205,2.01746,0.00195312,0.166814,0.00195312,1.44527,1.45657,10,1216,0.93266,0
1776813172979761903,2.01746,0.00195312,0.166814,0.00195312,1.44527,1.45657,10,1216,0.93266,0
1776813172984777859,2.022,0.00195312,0.171353,0.00195312,1.43148,1.45657,10,1216,0.93266,0
1776813172989786574,2.022,-0.00390625,0.171353,-0.00390625,1.43148,1.45657,10,1216,0.93266,0
1776813172994794845,2.02206,-0.00390625,0.171408,-0.00390625,1.46858,1.47523,10,1216,0.93266,0
1776813172999781247,2.02206,-0.00195312,0.171408,-0.00195312,1.46858,1.47523,10,1216,0.93266,0
1776813173004780815,2.022,-0.00195312,0.171353,-0.00195312,1.45415,1.47608,10,1216,0.93266,0
1776813173009777938,2.022,0.00195312,0.171353,0.00195312,1.45415,1.47608,10,1216,0.93266,0
1776813173014783987,2.022,0.00195312,0.171353,0.00195312,1.47713,1.47831,10,1216,0.93266,0
1776813173019774797,2.022,-0.0078125,0.171353,-0.0078125,1.47713,1.47831,10,1216,0.93266,0
1776813173024776364,2.02185,-0.0078125,0.171202,-0.0078125,1.43696,1.47202,10,1216,0.93266,0
1776813173029754766,2.02185,-0.00195312,0.171202,-0.00195312,1.43696,1.47202,10,1216,0.93266,0
1776813173034762945,2.02185,-0.00195312,0.171202,-0.00195312,1.5956,1.47536,10,1216,0.93266,0
1776813173039782938,2.02185,-0.00390625,0.171202,-0.00390625,1.5956,1.47536,10,1216,0.93266,0
1776813173044779303,2.02185,-0.00390625,0.171203,-0.00390625,1.48629,1.47425,10,1216,0.93266,0
1776813173049799426,2.02185,0,0.171203,0,1.48629,1.47425,10,1216,0.93266,0
1776813173054778902,2.02475,0,0.174098,0,1.47711,1.47647,10,1216,0.93266,0
1776813173059776877,2.02475,0,0.174098,0,1.47711,1.47647,10,1216,0.93266,0
1776813173064773649,2.02474,0.0078125,0.174095,0.0078125,1.40895,1.49477,10,1216,0.93266,0
1776813173069780457,2.02474,0.0078125,0.174095,0.0078125,1.40895,1.49477,10,1216,0.93266,0
1776813173074774303,2.0248,0.0078125,0.17415,0.0078125,1.4224,1.49502,10,1216,0.93266,0
1776813173079758298,2.0248,0.00195312,0.17415,0.00195312,1.4224,1.49502,10,1216,0.93266,0
1776813173084761236,2.0248,0.00195312,0.17415,0.00195312,1.46806,1.49168,10,1216,0.93266,0
1776813173089774452,2.0248,-0.00195312,0.17415,-0.00195312,1.46806,1.49168,10,1216,0.93266,0
1776813173094784001,2.0248,-0.00195312,0.17415,-0.00195312,1.52706,1.48945,10,1216,0.93266,0
1776813173099800216,2.0248,-0.0078125,0.17415,-0.0078125,1.52706,1.48945,10,1216,0.93266,0
1776813173104802080,2.0248,-0.0078125,0.17415,-0.0078125,1.42231,1.48611,10,1216,0.93266,0
1776813173109789427,2.0248,-0.00976562,0.17415,-0.00976562,1.42231,1.48611,10,1216,0.93266,0
1776813173114773569,2.02474,-0.00976562,0.174095,-0.00976562,1.46308,1.48474,10,1216,0.93266,0
1776813173119775785,2.02474,-0.0078125,0.174095,-0.0078125,1.46308,1.48474,10,1216,0.93266,0
1776813173124776631,2.02474,-0.0078125,0.174095,-0.0078125,1.51418,1.48585,10,1216,0.93266,0
1776813173129760940,2.02697,-0.0078125,0.176325,-0.0078125,1.51418,1.48585,10,1216,0.93266,0
1776813173134770360,2.02697,0.00390625,0.176325,0.00390625,1.55028,1.50318,10,1216,0.93266,0
1776813173139773557,2.02697,0.00390625,0.176325,0.00390625,1.55028,1.50318,10,1216,0.93266,0
1776813173144785569,2.02697,-0.00195312,0.176325,-0.00195312,1.49027,1.49984,10,1216,0.93266,0
1776813173149787785,2.02697,-0.00195312,0.176325,-0.00195312,1.49027,1.49984,10,1216,0.93266,0
1776813173154784964,2.02697,0.00195312,0.176325,0.00195312,1.48631,1.50207,10,1216,0.93266,0
1776813173159793698,2.02697,0.00195312,0.176321,0.00195312,1.48631,1.50207,10,1216,0.93266,0
1776813173164780767,2.02697,-0.00390625,0.176321,-0.00390625,1.50898,1.49871,10,1216,0.93266,0
1776813173169783909,2.02697,-0.00390625,0.176321,-0.00390625,1.50898,1.49871,10,1216,0.93266,0
1776813173174777810,2.02697,-0.00195312,0.176321,-0.00195312,1.50888,1.49982,10,1216,0.93266,0
1776813173179754953,2.02697,-0.00195312,0.176321,-0.00195312,1.50888,1.49982,10,1216,0.93266,0
1776813173184762095,2.02697,-0.00390625,0.176321,-0.00390625,1.47677,1.49871,10,1216,0.93266,0
1776813173189771218,2.02697,-0.00390625,0.176318,-0.00390625,1.47677,1.49871,10,1216,0.93266,0
1776813173194780452,2.02697,0.00195312,0.176318,0.00195312,1.50904,1.50204,10,1216,0.93266,0
1776813173199773798,2.02697,0.00195312,0.176318,0.00195312,1.50904,1.50204,10,1216,0.93266,0
1776813173204778459,2.02873,0.00195312,0.178084,0.00195312,1.50882,1.51046,10,1216,0.93266,0
1776813173209779656,2.02873,-0.00195312,0.178084,-0.00195312,1.50882,1.51046,10,1216,0.93266,0
1776813173214800409,2.02868,-0.00195312,0.178028,-0.00195312,1.51833,1.50797,10,1216,0.93266,0
1776813173219934287,2.02868,-0.00585938,0.178028,-0.00585938,1.51833,1.50797,10,1216,0.93266,0
1776813173224808044,2.02868,-0.00585938,0.178028,-0.00585938,1.50886,1.50574,10,1216,0.93266,0
1776813173229759225,2.02868,0.00195312,0.178028,0.00195312,1.50886,1.50574,10,1216,0.93266,0
1776813173234780959,2.02868,0.00195312,0.178028,0.00195312,1.60445,1.5102,10,1216,0.93266,0
1776813173239864746,2.02868,0.00195312,0.178028,0.00195312,1.60445,1.5102,10,1216,0.93266,0
1776813173244786243,2.02868,0.00195312,0.178028,0.00195312,1.56973,1.5102,10,1216,0.93266,0
1776813173249778422,2.02868,0,0.178028,0,1.56973,1.5102,10,1216,0.93266,0
1776813173254775490,2.02868,0,0.178031,0,1.52822,1.5091,10,1216,0.93266,0
1776813173259780076,2.02868,0.00195312,0.178031,0.00195312,1.52822,1.5091,10,1216,0.93266,0
1776813173264783126,2.02868,0.00195312,0.178031,0.00195312,1.48445,1.51021,10,1216,0.93266,0
1776813173269792527,2.02868,0,0.178031,0,1.48445,1.51021,10,1216,0.93266,0
1776813173274784169,2.03611,0,0.185464,0,1.49943,1.5091,10,1216,0.93266,0
1776813173279759701,2.03611,0.00195312,0.185464,0.00195312,1.49943,1.5091,10,1216,0.93266,0
1776813173284772009,2.03611,0.00195312,0.185464,0.00195312,1.52821,1.54563,10,1216,0.93266,0
1776813173289776521,2.03611,0.00195312,0.185464,0.00195312,1.52821,1.54563,10,1216,0.93266,0
1776813173294782978,2.03611,0.00195312,0.185464,0.00195312,1.58241,1.54563,10,1216,0.93266,0
1776813173299787879,2.03611,0,0.185464,0,1.58241,1.54563,10,1216,0.93266,0
1776813173304800835,2.03611,0,0.185464,0,1.52593,1.54452,10,1216,0.93266,0
1776813173309784737,2.03611,-0.00585938,0.185464,-0.00585938,1.52593,1.54452,10,1216,0.93266,0
1776813173314782416,2.03611,-0.00585938,0.185464,-0.00585938,1.46398,1.54118,10,1216,0.93266,0
1776813173319797576,2.03611,-0.00976562,0.185464,-0.00976562,1.46398,1.54118,10,1216,0.93266,0
1776813173324790274,2.03606,-0.00976562,0.185408,-0.00976562,1.52822,1.53868,10,1216,0.93266,0
1776813173329764621,2.03606,-0.00390625,0.185408,-0.00390625,1.52822,1.53868,10,1216,0.93266,0
1776813173334762615,2.03585,-0.00390625,0.185205,-0.00390625,1.53873,1.54105,10,1216,0.93266,0
1776813173339777997,2.03585,-0.00195312,0.185205,-0.00195312,1.53873,1.54105,10,1216,0.93266,0
1776813173344780009,2.03987,-0.00195312,0.189221,-0.00195312,1.56034,1.54217,10,1216,0.93266,0
1776813173349781114,2.03987,0.00390625,0.189221,0.00390625,1.56034,1.54217,10,1216,0.93266,0
1776813173354772590,2.03987,0.00390625,0.18922,0.00390625,1.51744,1.5646,10,1216,0.93266,0
1776813173359792176,2.03987,0.00390625,0.18922,0.00390625,1.51744,1.5646,10,1216,0.93266,0
1776813173364768226,2.03987,0.00390625,0.18922,0.00390625,1.47484,1.5646,10,1216,0.93266,0
1776813173369776812,2.04007,0.00585938,0.189426,0.00585938,1.47484,1.5646,10,1216,0.93266,0
1776813173374799916,2.04007,0.00390625,0.189426,0.00390625,1.57096,1.56558,10,1216,0.93266,0
1776813173379784189,2.04007,0.00390625,0.189426,0.00390625,1.57096,1.56558,10,1216,0.93266,0
1776813173384771294,2.04007,-0.00195312,0.189426,-0.00195312,1.61416,1.56224,10,1216,0.93266,0
1776813173389796361,2.04007,-0.00195312,0.189426,-0.00195312,1.61416,1.56224,10,1216,0.93266,0
1776813173394777115,2.04007,-0.00195312,0.189426,-0.00195312,1.66808,1.56224,10,1216,0.93266,0
1776813173399774387,2.04007,-0.00195312,0.189426,-0.00195312,1.66808,1.56224,10,1216,0.93266,0
1776813173404772270,2.04007,-0.0078125,0.189426,-0.0078125,1.48489,1.5589,10,1216,0.93266,0
1776813173409776486,2.04007,-0.0078125,0.189426,-0.0078125,1.48489,1.5589,10,1216,0.93266,0
1776813173414793405,2.04284,-0.0078125,0.192194,-0.0078125,1.64617,1.57204,10,1216,0.93266,0
1776813173419829712,2.04284,-0.00585938,0.192194,-0.00585938,1.64617,1.57204,10,1216,0.93266,0
1776813173424792356,2.04284,-0.00585938,0.192194,-0.00585938,1.48511,1.57315,10,1216,0.93266,0
1776813173429762424,2.04284,-0.00976562,0.192194,-0.00976562,1.48511,1.57315,10,1216,0.93266,0
1776813173434778159,2.04263,-0.00976562,0.191985,-0.00976562,1.48477,1.56993,10,1216,0.93266,0
1776813173439775041,2.04263,-0.00976562,0.191985,-0.00976562,1.48477,1.56993,10,1216,0.93266,0
1776813173444780017,2.04258,-0.00976562,0.191928,-0.00976562,1.54978,1.56966,10,1216,0.93266,0
1776813173449774085,2.04258,-0.0078125,0.191928,-0.0078125,1.54978,1.56966,10,1216,0.93266,0
1776813173454855039,2.04258,-0.0078125,0.191928,-0.0078125,1.56686,1.57078,10,1216,0.93266,0
1776813173459791387,2.04258,-0.00195312,0.191928,-0.00195312,1.56686,1.57078,10,1216,0.93266,0
1776813173464783196,2.04252,-0.00195312,0.191871,-0.00195312,1.53417,1.57385,10,1216,0.93266,0
1776813173469780245,2.04252,-0.00195312,0.191871,-0.00195312,1.53417,1.57385,10,1216,0.93266,0
1776813173474822108,2.04237,-0.00195312,0.191722,-0.00195312,1.56172,1.57314,10,1216,0.93266,0
1776813173479771567,2.04237,0,0.191722,0,1.56172,1.57314,10,1216,0.93266,0
1776813173484774579,2.04482,0,0.194176,0,1.60686,1.57425,10,1216,0.93266,0
1776813173489789054,2.04482,0.00976562,0.194176,0.00976562,1.60686,1.57425,10,1216,0.93266,0
1776813173494803362,2.04482,0.00976562,0.194176,0.00976562,1.59423,1.59146,10,1216,0.93266,0
1776813173499837058,2.04482,0.00390625,0.194176,0.00390625,1.59423,1.59146,10,1216,0.93266,0
1776813173504802665,2.04488,0.00390625,0.194233,0.00390625,1.62691,1.58839,10,1216,0.93266,0
1776813173509785548,2.04488,0.00390625,0.194233,0.00390625,1.62691,1.58839,10,1216,0.93266,0
1776813173514776264,2.04488,0.00390625,0.194233,0.00390625,1.56172,1.58839,10,1216,0.93266,0
1776813173519779943,2.04488,0.00195312,0.194233,0.00195312,1.56172,1.58839,10,1216,0.93266,0
1776813173524778308,2.04488,0.00195312,0.194233,0.00195312,1.54161,1.58728,10,1216,0.93266,0
1776813173529755617,2.04488,-0.0136719,0.194233,-0.0136719,1.54161,1.58728,10,1216,0.93266,0
1776813173534803091,2.04488,-0.0136719,0.194233,-0.0136719,1.54144,1.57837,10,1216,0.93266,0
1776813173539815381,2.04488,-0.0078125,0.194233,-0.0078125,1.54144,1.57837,10,1216,0.93266,0
1776813173544790135,2.04482,-0.0078125,0.194176,-0.0078125,1.6007,1.58144,10,1216,0.93266,0
1776813173549784295,2.04482,-0.00195312,0.194176,-0.00195312,1.6007,1.58144,10,1216,0.93266,0
1776813173554775308,2.04681,-0.00195312,0.196163,-0.00195312,1.56779,1.58478,10,1216,0.93266,0
1776813173559783783,2.04681,0,0.196163,0,1.56779,1.58478,10,1216,0.93266,0
1776813173564775351,2.0466,0,0.195956,0,1.58809,1.59433,10,1216,0.93266,0
1776813173569778752,2.0466,0.00390625,0.195956,0.00390625,1.58809,1.59433,10,1216,0.93266,0
1776813173574775450,2.0466,0.00390625,0.195956,0.00390625,1.57389,1.59656,10,1216,0.93266,0
1776813173579764852,2.0466,0.00390625,0.195956,0.00390625,1.57389,1.59656,10,1216,0.93266,0
1776813173584766272,2.04666,0.00390625,0.196013,0.00390625,1.65264,1.59683,10,1216,0.93266,0
1776813173589783987,2.04666,-0.00390625,0.196013,-0.00390625,1.65264,1.59683,10,1216,0.93266,0
1776813173594778481,2.04666,-0.00390625,0.196014,-0.00390625,1.60573,1.59238,10,1216,0.93266,0
1776813173599793493,2.04666,-0.00195312,0.196014,-0.00195312,1.60573,1.59238,10,1216,0.93266,0
1776813173604778969,2.04666,-0.00195312,0.196013,-0.00195312,1.5493,1.59349,10,1216,0.93266,0
1776813173609787259,2.04666,-0.00195312,0.196013,-0.00195312,1.5493,1.59349,10,1216,0.93266,0
1776813173614777494,2.0466,-0.00195312,0.195956,-0.00195312,1.5872,1.59322,10,1216,0.93266,0
1776813173619792746,2.0466,-0.00390625,0.195956,-0.00390625,1.5872,1.59322,10,1216,0.93266,0
1776813173624779074,2.05395,-0.00390625,0.203305,-0.00390625,1.63859,1.5921,10,1216,0.93266,0
1776813173629762050,2.05395,0,0.203305,0,1.63859,1.5921,10,1216,0.93266,0
1776813173634765118,2.05395,0,0.203305,0,1.58192,1.6291,10,1216,0.93266,0
1776813173639774667,2.05395,0.00195312,0.203305,0.00195312,1.58192,1.6291,10,1216,0.93266,0
1776813173644776846,2.0539,0.00195312,0.203249,0.00195312,1.58214,1.62995,10,1216,0.93266,0
1776813173649780895,2.0539,0.00195312,0.203249,0.00195312,1.58214,1.62995,10,1216,0.93266,0
1776813173654791333,2.0539,0.00195312,0.203249,0.00195312,1.63348,1.62995,10,1216,0.93266,0
1776813173659782957,2.0539,-0.00195312,0.203249,-0.00195312,1.63348,1.62995,10,1216,0.93266,0
1776813173664838393,2.0539,-0.00195312,0.203249,-0.00195312,1.69134,1.62772,10,1216,0.93266,0
1776813173669816351,2.0539,-0.0078125,0.203249,-0.0078125,1.69134,1.62772,10,1216,0.93266,0
1776813173674824104,2.0539,-0.0078125,0.203249,-0.0078125,1.57874,1.62438,10,1216,0.93266,0
1776813173679816302,2.0539,-0.00585938,0.203249,-0.00585938,1.57874,1.62438,10,1216,0.93266,0
1776813173684807851,2.05369,-0.00585938,0.203043,-0.00585938,1.64455,1.62452,10,1216,0.93266,0
1776813173689781272,2.05369,-0.00585938,0.203043,-0.00585938,1.64455,1.62452,10,1217,0.933427,0.153399
1776813173694789284,2.05369,-0.00585938,0.20381,0.147539,1.6119,1.62452,10,1217,0.933427,0
1776813173699805148,2.058,-0.00585938,0.208123,-0.00585938,1.6119,1.62452,10,1217,0.933427,0
1776813173704818549,2.058,-0.0136719,0.208123,-0.0136719,1.5947,1.64043,10,1217,0.933427,0
1776813173709798858,2.05795,-0.0136719,0.208064,-0.0136719,1.5947,1.64043,10,1217,0.933427,0
1776813173714792704,2.05795,-0.00195312,0.208064,-0.00195312,1.6949,1.64683,10,1217,0.933427,0
1776813173719776643,2.05795,-0.00195312,0.208064,-0.00195312,1.6949,1.64683,10,1217,0.933427,0
1776813173724784562,2.05795,-0.00585938,0.208064,-0.00585938,1.66044,1.6446,10,1217,0.933427,0
1776813173729795278,2.05774,-0.00585938,0.207857,-0.00585938,1.66044,1.6446,10,1217,0.933427,0
1776813173734792013,2.05774,-0.0078125,0.207857,-0.0078125,1.61052,1.64252,10,1217,0.933427,0
1776813173739779637,2.05774,-0.0078125,0.207857,-0.0078125,1.61052,1.64252,10,1217,0.933427,0
1776813173744778816,2.05774,-0.015625,0.207857,-0.015625,1.59676,1.63806,10,1217,0.933427,0
1776813173749805605,2.05768,-0.015625,0.207799,-0.015625,1.59676,1.63806,10,1217,0.933427,0
1776813173754778970,2.05768,-0.015625,0.207799,-0.015625,1.64461,1.63779,10,1217,0.933427,0
1776813173759779279,2.05747,-0.015625,0.207592,-0.015625,1.64461,1.63779,10,1217,0.933427,0
1776813173764796476,2.05747,-0.015625,0.207592,-0.015625,1.62617,1.63681,10,1218,0.934194,0
1776813173769780026,2.06053,-0.015625,0.211414,0.137774,1.62617,1.63681,10,1218,0.934194,0.153399
1776813173774774465,2.06053,-0.00585938,0.211414,0.147539,1.59648,1.65678,10,1218,0.934194,0
1776813173779754848,2.06047,-0.00585938,0.211356,-0.00585938,1.59648,1.65678,10,1218,0.934194,0
1776813173784771989,2.06047,-0.00585938,0.211356,-0.00585938,1.68515,1.65651,10,1218,0.934194,0
1776813173789769872,2.06047,-0.00585938,0.211356,-0.00585938,1.68515,1.65651,10,1218,0.934194,0
1776813173794772681,2.06047,-0.00195312,0.211356,-0.00195312,1.65264,1.65873,10,1218,0.934194,0
1776813173799773804,2.06047,-0.00195312,0.211356,-0.00195312,1.65264,1.65873,10,1218,0.934194,0
1776813173804789353,2.06047,-0.00390625,0.211356,-0.00390625,1.55441,1.65762,10,1218,0.934194,0
1776813173809785051,2.06026,-0.00390625,0.211146,-0.00390625,1.55441,1.65762,10,1218,0.934194,0
1776813173814785897,2.06026,-0.00976562,0.211146,-0.00976562,1.6979,1.65329,10,1218,0.934194,0
1776813173819790631,2.06026,-0.00976562,0.211146,-0.00976562,1.6979,1.65329,10,1218,0.934194,0
1776813173824806180,2.06026,-0.00976562,0.211146,-0.00976562,1.67978,1.65329,10,1218,0.934194,0
1776813173829767749,2.0602,-0.00976562,0.211087,-0.00976562,1.67978,1.65329,10,1218,0.934194,0
1776813173834768262,2.0602,-0.0078125,0.211087,-0.0078125,1.59159,1.65413,10,1218,0.934194,0
1776813173839776663,2.06273,-0.0078125,0.213618,-0.0078125,1.59159,1.65413,10,1218,0.934194,0
1776813173844775490,2.06273,-0.00976562,0.213618,-0.00976562,1.63858,1.66493,10,1218,0.934194,0
1776813173849781984,2.06258,-0.00976562,0.213467,-0.00976562,1.63858,1.66493,10,1218,0.934194,0
1776813173854774218,2.06258,-0.00976562,0.213467,-0.00976562,1.64702,1.66423,10,1219,0.934961,0.153368
1776813173859779083,2.06252,-0.00976562,0.214176,0.143602,1.64702,1.66423,10,1219,0.934961,0
1776813173864780743,2.06252,-0.00585938,0.214176,-0.00585938,1.67875,1.66618,10,1219,0.934961,0
1776813173869789533,2.06246,-0.00585938,0.214117,-0.00585938,1.67875,1.66618,10,1219,0.934961,0
1776813173874791749,2.06246,-0.00390625,0.214117,-0.00390625,1.62262,1.66701,10,1219,0.934961,0
1776813173879762633,2.06232,-0.00390625,0.213971,-0.00390625,1.62262,1.66701,10,1219,0.934961,0
1776813173884762238,2.06232,-0.0078125,0.213971,-0.0078125,1.87616,1.6641,10,1219,0.934961,0
1776813173889778972,2.06226,-0.0078125,0.21391,-0.0078125,1.87616,1.6641,10,1219,0.934961,0
1776813173894774429,2.06226,-0.00390625,0.21391,-0.00390625,1.61459,1.66604,10,1219,0.934961,0
1776813173899802273,2.06226,-0.00390625,0.213912,-0.00390625,1.61459,1.66604,10,1219,0.934961,0
1776813173904800249,2.06226,-0.00390625,0.213912,-0.00390625,1.59536,1.66605,10,1219,0.934961,0
1776813173909793558,2.07173,-0.00390625,0.223381,-0.00390625,1.59536,1.66605,10,1219,0.934961,0
1776813173914788644,2.07173,0.00195312,0.223381,0.00195312,1.65905,1.71389,10,1219,0.934961,0
1776813173919804823,2.07173,0.00195312,0.223381,0.00195312,1.65905,1.71389,10,1219,0.934961,0
1776813173924783299,2.07173,0,0.223381,0,1.50485,1.71278,10,1219,0.934961,0
1776813173929777534,2.07173,0,0.223381,0,1.50485,1.71278,10,1219,0.934961,0
1776813173934766991,2.07173,0.00585938,0.223381,0.00585938,1.64597,1.71612,10,1219,0.934961,0
1776813173939773725,2.07173,0.00585938,0.223381,0.00585938,1.64597,1.71612,10,1219,0.934961,0
1776813173944773330,2.07173,0,0.223381,0,1.66869,1.71278,10,1219,0.934961,0
1776813173949779176,2.07173,0,0.223381,0,1.66869,1.71278,10,1219,0.934961,0
1776813173954774929,2.07173,-0.00195312,0.223381,-0.00195312,1.81479,1.71167,10,1219,0.934961,0
1776813173959775201,2.07173,-0.00195312,0.223381,-0.00195312,1.81479,1.71167,10,1219,0.934961,0
1776813173964776287,2.07173,-0.00195312,0.223381,-0.00195312,1.78902,1.71167,10,1219,0.934961,0
1776813173969850427,2.07173,-0.00195312,0.223381,-0.00195312,1.78902,1.71167,10,1219,0.934961,0
1776813173974788256,2.07173,-0.00390625,0.223381,-0.00390625,1.77387,1.71055,10,1219,0.934961,0
1776813173979921042,2.07646,-0.00390625,0.228114,-0.00390625,1.77387,1.71055,10,1219,0.934961,0
1776813173984831705,2.07646,-0.00585938,0.228114,-0.00585938,1.54921,1.73163,10,1219,0.934961,0
1776813173989795738,2.0764,-0.00585938,0.228054,-0.00585938,1.54921,1.73163,10,1219,0.934961,0
1776813173994790713,2.0764,-0.00390625,0.228054,-0.00390625,1.77611,1.73246,10,1219,0.934961,0
1776813173999778689,2.0764,-0.00390625,0.228054,-0.00390625,1.77611,1.73246,10,1219,0.934961,0
1776813174004780238,2.0764,-0.00585938,0.228054,-0.00585938,1.82329,1.73135,10,1219,0.934961,0
1776813174009778233,2.0764,-0.00585938,0.228054,-0.00585938,1.82329,1.73135,10,1219,0.934961,0
1776813174014783523,2.0764,-0.0078125,0.228054,-0.0078125,1.77649,1.73023,10,1219,0.934961,0
1776813174019776795,2.07619,-0.0078125,0.227847,-0.0078125,1.77649,1.73023,10,1219,0.934961,0
1776813174024778234,2.07619,-0.00390625,0.227847,-0.00390625,1.816,1.73149,10,1219,0.934961,0
1776813174029755951,2.07619,-0.00390625,0.227847,-0.00390625,1.816,1.73149,10,1219,0.934961,0
1776813174034790666,2.07619,0,0.227847,0,1.5622,1.73372,10,1219,0.934961,0
1776813174039792568,2.07613,0,0.227787,0,1.5622,1.73372,10,1219,0.934961,0
1776813174044782229,2.07613,-0.00390625,0.227787,-0.00390625,1.76213,1.73121,10,1219,0.934961,0
1776813174049777113,2.07954,-0.00390625,0.231194,-0.00390625,1.76213,1.73121,10,1219,0.934961,0
1776813174054786199,2.07954,-0.00390625,0.231194,-0.00390625,1.79447,1.74715,10,1219,0.934961,0
1776813174059779138,2.07954,-0.00390625,0.231194,-0.00390625,1.79447,1.74715,10,1219,0.934961,0
1776813174064779391,2.07954,0.00195312,0.231194,0.00195312,1.60892,1.75049,10,1220,0.935728,0.153417
1776813174069775441,2.07954,0.00195312,0.231961,0.15537,1.60892,1.75049,10,1220,0.935728,0
1776813174074775473,2.07954,0.00390625,0.231961,0.00390625,1.80146,1.75161,10,1220,0.935728,0
1776813174079753338,2.07954,0.00390625,0.231961,0.00390625,1.80146,1.75161,10,1220,0.935728,0
1776813174084780331,2.07954,0,0.231961,0,1.59205,1.74938,10,1220,0.935728,0
1776813174089775529,2.07954,0,0.231961,0,1.59205,1.74938,10,1220,0.935728,0
1776813174094793967,2.07954,0.00195312,0.231961,0.00195312,1.77742,1.75049,10,1220,0.935728,0
1776813174099835460,2.07954,0.00195312,0.231961,0.00195312,1.77742,1.75049,10,1220,0.935728,0
1776813174104802252,2.07954,0,0.231961,0,1.77742,1.74938,10,1220,0.935728,0
1776813174109867836,2.07954,0,0.231961,0,1.77742,1.74938,10,1220,0.935728,0
1776813174114824962,2.07954,-0.00390625,0.231961,-0.00390625,1.63119,1.74715,10,1220,0.935728,0
1776813174119787717,2.07954,-0.00390625,0.231961,-0.00390625,1.63119,1.74715,10,1220,0.935728,0
1776813174124773600,2.08215,-0.00390625,0.23457,-0.00390625,1.7216,1.75935,10,1220,0.935728,0
1776813174129828537,2.08215,-0.00195312,0.23457,-0.00195312,1.7216,1.75935,10,1220,0.935728,0
1776813174134779274,2.08215,-0.00195312,0.234572,-0.00195312,1.59855,1.76048,10,1220,0.935728,0
1776813174139787101,2.08215,-0.00195312,0.234572,-0.00195312,1.59855,1.76048,10,1220,0.935728,0
1776813174144779762,2.08215,-0.00195312,0.23457,-0.00195312,1.74588,1.76047,10,1220,0.935728,0
1776813174149778386,2.08215,-0.00195312,0.23457,-0.00195312,1.74588,1.76047,10,1220,0.935728,0
1776813174154775343,2.08209,-0.00195312,0.234509,-0.00195312,1.777,1.76018,10,1220,0.935728,0
1776813174159780652,2.08209,0.00195312,0.234509,0.00195312,1.777,1.76018,10,1220,0.935728,0
1776813174164774665,2.08209,0.00195312,0.234512,0.00195312,1.8083,1.76242,10,1220,0.935728,0
1776813174169776733,2.08209,0.00195312,0.234512,0.00195312,1.8083,1.76242,10,1220,0.935728,0
1776813174174775265,2.08209,0.00195312,0.234512,0.00195312,1.77709,1.76242,10,1220,0.935728,0
1776813174179762056,2.08209,0.00390625,0.234512,0.00390625,1.77709,1.76242,10,1220,0.935728,0
1776813174184764494,2.08209,0.00390625,0.234512,0.00390625,1.72727,1.76353,10,1220,0.935728,0
1776813174189767544,2.08209,0.00585938,0.234512,0.00585938,1.72727,1.76353,10,1220,0.935728,0
1776813174194772593,2.08209,0.00585938,0.234512,0.00585938,1.78922,1.76464,10,1220,0.935728,0
1776813174199781698,2.0845,0.00585938,0.236919,0.00585938,1.78922,1.76464,10,1220,0.935728,0
1776813174204773341,2.0845,-0.00390625,0.236919,-0.00390625,1.79519,1.77032,10,1220,0.935728,0
1776813174209781557,2.0845,-0.00390625,0.236919,-0.00390625,1.79519,1.77032,10,1220,0.935728,0
1776813174214773218,2.0845,-0.00585938,0.236919,-0.00585938,1.74563,1.76921,10,1220,0.935728,0
1776813174219773324,2.08444,-0.00585938,0.236857,-0.00585938,1.74563,1.76921,10,1220,0.935728,0
1776813174224773133,2.08444,-0.0136719,0.236857,-0.0136719,1.7646,1.76447,10,1220,0.935728,0
1776813174229764220,2.08423,-0.0136719,0.236651,-0.0136719,1.7646,1.76447,10,1220,0.935728,0
1776813174234799546,2.08423,-0.0195312,0.236651,-0.0195312,1.80961,1.76016,10,1220,0.935728,0
1776813174239798374,2.08423,-0.0195312,0.236651,-0.0195312,1.80961,1.76016,10,1221,0.936495,0.15346
1776813174244778943,2.08423,-0.0332031,0.237418,0.120257,1.80272,1.75237,10,1221,0.936495,0
1776813174249779919,2.08376,-0.0332031,0.236942,-0.0332031,1.80272,1.75237,10,1221,0.936495,0
1776813174254784376,2.08376,-0.0410156,0.236942,-0.0410156,1.74177,1.7457,10,1222,0.937262,0.153399
1776813174259774111,2.08363,-0.0410156,0.237587,0.112383,1.74177,1.7457,10,1222,0.937262,0
1776813174264784271,2.08363,-0.0742188,0.237587,-0.0742188,1.70811,1.7262,10,1223,0.938029,0.153399
1776813174269773970,2.08363,-0.0742188,0.238354,0.0791798,1.70811,1.7262,10,1224,0.938796,0
1776813174274777982,2.09095,-0.0742188,0.246441,-0.0742188,1.67184,1.76033,10,1224,0.938796,0.153337
1776813174279753663,2.09095,-0.107422,0.246441,0.0459153,1.67184,1.76033,10,1225,0.939563,0.15346
1776813174284770230,2.08961,-0.107422,0.245863,0.046038,1.73242,1.73514,10,1226,0.94033,0.153368
1776813174289789335,2.08961,-0.115234,0.24663,0.0381335,1.73242,1.73514,10,1227,0.941097,0
1776813174294780681,2.08886,-0.115234,0.24665,-0.115234,1.81591,1.72721,10,1227,0.941097,0.153399
1776813174299792231,2.08886,-0.105469,0.24665,0.0479298,1.81591,1.72721,10,1228,0.941864,0.153399
1776813174304809761,2.08731,-0.105469,0.245866,0.0479298,1.80809,1.72555,10,1228,0.941864,0
1776813174309776201,2.08731,-0.0878906,0.245866,-0.0878906,1.80809,1.72555,10,1229,0.942631,0.153368
1776813174314774621,2.0863,-0.0878906,0.24562,0.0654772,1.78349,1.73084,10,1229,0.942631,0
1776813174319774393,2.0863,-0.0664062,0.24562,-0.0664062,1.78349,1.73084,10,1230,0.943398,0
1776813174324773591,2.08549,-0.0664062,0.245582,-0.0664062,1.75399,1.73933,10,1230,0.943398,0.153368
1776813174329755123,2.08549,-0.0351562,0.245582,0.118212,1.75399,1.73933,10,1230,0.943398,0
1776813174334763117,2.08495,-0.0351562,0.245045,-0.0351562,1.73263,1.75464,10,1230,0.943398,0
1776813174339766982,2.08495,-0.0253906,0.245045,-0.0253906,1.73263,1.75464,10,1230,0.943398,0
1776813174344797864,2.08495,-0.0253906,0.245045,-0.0253906,1.72165,1.7602,10,1231,0.944165,0
1776813174349785358,2.08912,-0.0253906,0.249975,-0.0253906,1.72165,1.7602,10,1231,0.944165,0.153399
1776813174354779964,2.08912,-0.0175781,0.249975,0.13582,1.7772,1.78407,10,1231,0.944165,0
1776813174359792754,2.08891,-0.0175781,0.249768,-0.0175781,1.7772,1.78407,10,1231,0.944165,0
1776813174364782230,2.08891,-0.015625,0.249768,-0.015625,1.75896,1.78422,10,1231,0.944165,0
1776813174369769540,2.08864,-0.015625,0.249499,-0.015625,1.75896,1.78422,10,1231,0.944165,0
1776813174374783182,2.08858,-0.0253906,0.250204,-0.0253906,1.75354,1.7774,10,1232,0.944932,0
1776813174379755103,2.08858,-0.0390625,0.250204,-0.0390625,1.75354,1.7774,10,1232,0.944932,0.153399
1776813174384760782,2.08831,-0.0390625,0.249936,0.114336,1.82466,1.76807,10,1233,0.945699,0
1776813174389773072,2.08831,-0.0507812,0.250703,-0.0507812,1.82466,1.76807,10,1233,0.945699,0.153429
1776813174394771548,2.08804,-0.0507812,0.250433,0.102648,1.7628,1.76013,10,1234,0.946466,0
1776813174399767598,2.08804,-0.0957031,0.2512,-0.0957031,1.7628,1.76013,10,1234,0.946466,0.153399
1776813174404774629,2.08697,-0.0957031,0.250126,0.0576954,1.57048,1.72952,10,1235,0.947233,0.153399
1776813174409778271,2.08697,-0.105469,0.250893,0.0479298,1.57048,1.72952,10,1236,0.948,0.153429
1776813174414785154,2.08697,-0.105469,0.25166,0.0479604,1.72267,1.72395,10,1237,0.948767,0.153368
1776813174419796129,2.08959,-0.105469,0.255046,0.0478991,1.72267,1.72395,10,1238,0.949534,0.153399
1776813174424775550,2.08959,-0.158203,0.255813,-0.00480461,1.77008,1.7061,10,1239,0.950301,0.153399
1776813174429750656,2.08696,-0.158203,0.253955,-0.00480461,1.77008,1.7061,10,1240,0.951068,0.153429
1776813174434761076,2.08696,-0.179688,0.254722,-0.0262583,1.72932,1.68162,10,1242,0.952602,0.153399
1776813174439787606,2.08615,-0.179688,0.255448,-0.026289,1.72932,1.68162,10,1243,0.953369,0.153399
1776813174444773471,2.08615,-0.207031,0.256215,-0.0536327,1.62406,1.66226,10,1244,0.954136,0.306797
1776813174449782484,2.08326,-0.207031,0.254092,0.0997658,1.62406,1.66226,10,1245,0.954903,0.153368
1776813174454772941,2.08326,-0.212891,0.254859,-0.0595228,1.65039,1.64543,10,1247,0.956437,0.153429
1776813174459775806,2.08225,-0.212891,0.255381,-0.0594614,1.65039,1.64543,10,1248,0.957204,0.306662
1776813174464768671,2.08225,-0.21875,0.256148,0.0879124,1.66047,1.63737,10,1249,0.957971,0.15346
1776813174469793460,2.07996,-0.21875,0.254626,-0.0652901,1.66047,1.63737,10,1250,0.958738,0.153368
1776813174474797732,2.07996,-0.183594,0.255393,-0.0302259,1.59263,1.64671,10,1252,0.960272,0.153429
1776813174479803208,2.07702,-0.183594,0.253981,-0.0301646,1.59263,1.64671,10,1252,0.960272,0.153368
1776813174484808443,2.07702,-0.164062,0.253981,-0.0106947,1.48377,1.64406,10,1254,0.961806,0.153399
1776813174489781178,2.07702,-0.164062,0.255515,-0.010664,1.48377,1.64406,10,1255,0.962573,0.153368
1776813174494855985,2.07883,-0.164062,0.258091,-0.0106947,1.57157,1.65252,10,1256,0.96334,0.306858
1776813174499845461,2.07883,-0.197266,0.258858,0.109593,1.57157,1.65252,10,1257,0.964107,0.153368
1776813174504815753,2.07526,-0.197266,0.25606,-0.0438978,1.63356,1.61691,10,1259,0.965641,0.153429
1776813174509774563,2.07526,-0.244141,0.257594,-0.0907114,1.63356,1.61691,10,1261,0.967175,0.306858
1776813174514784742,2.07318,-0.244141,0.257051,0.0627178,1.59854,1.58045,10,1263,0.968709,0.306797
1776813174519774422,2.07318,-0.292969,0.258585,0.0138283,1.59854,1.58045,10,1265,0.970243,0.306736
1776813174524781323,2.07051,-0.292969,0.257449,0.0137669,1.61965,1.5401,10,1267,0.971777,0.306858
1776813174529761763,2.07051,-0.34375,0.258983,-0.0368916,1.61965,1.5401,10,1269,0.973311,0.306674
1776813174534776682,2.06738,-0.34375,0.25738,-0.0370756,1.62073,1.49642,10,1272,0.975612,0.460288
1776813174539770103,2.06738,-0.384766,0.259681,0.0755219,1.62073,1.49642,10,1274,0.977146,0.306797
1776813174544833521,2.06362,-0.384766,0.25746,-0.0779686,1.40976,1.45538,10,1277,0.979447,0.460276
1776813174549791424,2.06362,-0.417969,0.259761,0.0423069,1.40976,1.45538,10,1280,0.981748,0.460104
1776813174554779474,2.0597,-0.417969,0.258137,0.0421348,1.64596,1.41797,10,1283,0.984049,0.306797
1776813174559780709,2.0597,-0.433594,0.260438,-0.126797,1.64596,1.41797,10,1285,0.985583,0.460104
1776813174564911884,2.0597,-0.433594,0.261972,0.0265098,1.55005,1.40906,10,1287,0.987117,0.306858
1776813174569804956,2.06381,-0.433594,0.267621,-0.126735,1.55005,1.40906,10,1289,0.988651,0.460104
1776813174574788080,2.06381,-0.357422,0.269155,0.102682,1.17207,1.47186,10,1291,0.990185,0.306797
1776813174579759520,2.05768,-0.357422,0.264553,-0.0506248,1.17207,1.47186,10,1293,0.991719,0.153429
1776813174584776847,2.05768,-0.3125,0.266087,-0.159071,1.57735,1.46856,10,1295,0.993253,0.306858
1776813174589775656,2.05609,-0.3125,0.266032,-0.00564161,1.57735,1.46856,10,1295,0.993253,0.153337
1776813174594777002,2.05609,-0.1875,0.266032,-0.0341628,1.48273,1.5323,10,1297,0.994787,0.306858
1776813174599776570,2.05229,-0.1875,0.263769,0.119358,1.48273,1.5323,10,1298,0.995554,0.153368
1776813174604782194,2.05229,-0.175781,0.264536,-0.0224134,1.57456,1.52105,10,1299,0.996321,0.15346
1776813174609775355,2.0515,-0.175781,0.26451,-0.0223213,1.57456,1.52105,10,1300,0.997088,0.153399
1776813174614782701,2.0515,-0.166016,0.265277,-0.0126171,1.58822,1.52286,10,1301,0.997855,0.153368
1776813174619777140,2.04891,-0.166016,0.263461,-0.0126478,1.58822,1.52286,10,1302,0.998621,0.153387
1776813174624786171,2.04891,-0.162109,0.264227,-0.00872278,1.51977,1.51287,10,1303,0.999388,0.153399
1776813174629754721,2.04803,-0.162109,0.264111,-0.00871086,1.51977,1.51287,10,1303,0.999388,0
1776813174634765734,2.04803,-0.101562,0.264111,-0.101562,1.4924,1.5432,10,1304,1.00016,0.153368
1776813174639781690,2.04803,-0.101562,0.264878,0.0518053,1.4924,1.5432,10,1304,1.00016,0
1776813174644771555,2.05023,-0.101562,0.267073,-0.101562,1.53397,1.55359,10,1305,1.00092,0.153429
1776813174649778883,2.05023,-0.0410156,0.26784,0.112414,1.53397,1.55359,10,1305,1.00092,0
1776813174654772581,2.04923,-0.0410156,0.266839,-0.0410156,1.59646,1.58336,10,1305,1.00092,0
1776813174659781297,2.04923,-0.0273438,0.266839,-0.0273438,1.59646,1.58336,10,1305,1.00092,0
1776813174664772032,2.04896,-0.0273438,0.266577,-0.0273438,1.57803,1.58991,10,1305,1.00092,0
1776813174669775582,2.04896,-0.0175781,0.266577,-0.0175781,1.57803,1.58991,10,1305,1.00092,0
1776813174674772761,2.0487,-0.0175781,0.266313,-0.0175781,1.62722,1.59423,10,1305,1.00092,0
1776813174679758201,2.0487,0.00195312,0.266313,0.00195312,1.62722,1.59423,10,1305,1.00092,0
1776813174684762491,2.0487,0.00195312,0.266311,0.00195312,1.62868,1.60536,10,1305,1.00092,0
1776813174689771466,2.0487,0.0253906,0.266311,0.0253906,1.62868,1.60536,10,1305,1.00092,0
1776813174694779312,2.04875,0.0253906,0.266369,0.0253906,1.57801,1.61899,10,1305,1.00092,0
1776813174699779084,2.04875,0.0253906,0.266369,0.0253906,1.57801,1.61899,10,1305,1.00092,0
1776813174704796541,2.04902,0.0253906,0.266633,0.0253906,1.61091,1.62024,10,1305,1.00092,0
1776813174709778869,2.04902,0.0214844,0.266633,0.0214844,1.61091,1.62024,10,1305,1.00092,0
1776813174714773974,2.04902,0.0214844,0.266633,0.0214844,1.59426,1.61801,10,1305,1.00092,0
1776813174719769876,2.05222,0.0214844,0.269831,0.0214844,1.59426,1.61801,10,1305,1.00092,0
1776813174724771907,2.05222,0.00195312,0.269831,0.00195312,1.61068,1.62201,10,1305,1.00092,0
1776813174729755495,2.05227,0.00195312,0.269889,0.00195312,1.61068,1.62201,10,1305,1.00092,0
1776813174734760730,2.05227,-0.00390625,0.269889,-0.00390625,1.65951,1.61894,10,1305,1.00092,0
1776813174739804185,2.05227,-0.00390625,0.269889,-0.00390625,1.65951,1.61894,10,1305,1.00092,0
1776813174744781810,2.05227,-0.00390625,0.269889,-0.00390625,1.62707,1.61894,10,1305,1.00092,0
1776813174749781878,2.05227,-0.00390625,0.269888,-0.00390625,1.62707,1.61894,10,1305,1.00092,0
1776813174754776243,2.05227,0.00390625,0.269888,0.00390625,1.62718,1.62339,10,1305,1.00092,0
1776813174759779941,2.05227,0.00390625,0.269888,0.00390625,1.62718,1.62339,10,1305,1.00092,0
1776813174764772232,2.05227,0.0078125,0.269888,0.0078125,1.59469,1.62562,10,1305,1.00092,0
1776813174769786985,2.05227,0.0078125,0.269888,0.0078125,1.59469,1.62562,10,1305,1.00092,0
1776813174774776701,2.05227,0.00585938,0.269888,0.00585938,1.57776,1.6245,10,1305,1.00092,0
1776813174779754548,2.05248,0.00585938,0.270094,0.00585938,1.57776,1.6245,10,1305,1.00092,0
1776813174784761968,2.05248,0.0136719,0.270094,0.0136719,1.64309,1.62993,10,1305,1.00092,0
1776813174789769907,2.05248,0.0136719,0.270094,0.0136719,1.64309,1.62993,10,1305,1.00092,0
1776813174794779789,2.0548,0.0136719,0.272414,0.0136719,1.59654,1.64089,10,1305,1.00092,0
1776813174799772617,2.0548,0.0273438,0.272414,0.0273438,1.59654,1.64089,10,1305,1.00092,0
1776813174804780759,2.05506,0.0273438,0.272678,0.0273438,1.59992,1.64993,10,1305,1.00092,0
1776813174809773180,2.05506,0.0292969,0.272678,0.0292969,1.59992,1.64993,10,1305,1.00092,0
1776813174814797006,2.05533,0.0292969,0.272943,0.0292969,1.62954,1.65229,10,1304,1.00016,0
1776813174819775298,2.05533,0.0292969,0.272176,0.0292969,1.62954,1.65229,10,1304,1.00016,-0.153429
1776813174824785680,2.05559,0.0292969,0.272442,-0.124132,1.6191,1.65355,10,1304,1.00016,0
1776813174829757194,2.05559,0.0136719,0.272442,0.0136719,1.6191,1.65355,10,1304,1.00016,0
1776813174834769818,2.05574,0.0136719,0.27259,0.0136719,1.66628,1.64535,10,1304,1.00016,0
1776813174839766516,2.05574,0.00976562,0.27259,0.00976562,1.66628,1.64535,10,1304,1.00016,0
1776813174844771306,2.05586,0.00976562,0.272706,0.00976562,1.58176,1.64367,10,1304,1.00016,0
1776813174849790948,2.05586,0.0078125,0.272706,0.0078125,1.58176,1.64367,10,1304,1.00016,0
1776813174854770591,2.05586,0.0078125,0.272706,0.0078125,1.61988,1.64255,10,1304,1.00016,0
1776813174859774140,2.05586,0.00390625,0.272706,0.00390625,1.61988,1.64255,10,1304,1.00016,0
1776813174864770524,2.06039,0.00390625,0.277238,0.00390625,1.61993,1.64033,10,1304,1.00016,0
1776813174869773444,2.06039,0.00976562,0.277238,0.00976562,1.61993,1.64033,10,1304,1.00016,0
1776813174874795770,2.06045,0.00976562,0.277296,0.00976562,1.63951,1.66532,10,1304,1.00016,0
1776813174879753803,2.06045,0.0136719,0.277296,0.0136719,1.63951,1.66532,10,1303,0.999388,-0.153399
1776813174884766315,2.0606,0.0136719,0.276679,-0.139727,1.69205,1.66825,10,1303,0.999388,0
1776813174889767606,2.0606,0.0234375,0.276679,0.0234375,1.69205,1.66825,10,1303,0.999388,0
1776813174894773711,2.06066,0.0234375,0.276737,0.0234375,1.62693,1.67409,10,1303,0.999388,0
1776813174899799667,2.06066,0.0175781,0.276737,0.0175781,1.62693,1.67409,10,1303,0.999388,0
1776813174904784681,2.06098,0.0175781,0.27706,0.0175781,1.61487,1.67227,10,1303,0.999388,0
1776813174909780175,2.06098,0.0273438,0.27706,0.0273438,1.61487,1.67227,10,1302,0.998621,-0.153429
1776813174914791391,2.06113,0.0273438,0.276441,-0.126085,1.74314,1.67853,10,1302,0.998621,0
1776813174919771164,2.06113,0.0292969,0.276441,0.0292969,1.74314,1.67853,10,1302,0.998621,0
1776813174924779565,2.06145,0.0292969,0.276766,0.0292969,1.66808,1.68118,10,1302,0.998621,0
1776813174929749634,2.06145,0.0292969,0.276766,0.0292969,1.66808,1.68118,10,1302,0.998621,0
1776813174934761147,2.06145,0.0292969,0.276766,0.0292969,1.72333,1.68118,10,1301,0.997855,-0.153387
1776813174939777807,2.06192,0.0292969,0.276471,-0.12409,1.72333,1.68118,10,1301,0.997855,0
1776813174944770746,2.06192,0.0332031,0.276471,0.0332031,1.59546,1.68563,10,1301,0.997855,0
1776813174949774259,2.0624,0.0332031,0.276943,0.0332031,1.59546,1.68563,10,1300,0.997088,0
1776813174954772272,2.0624,0.0410156,0.276176,0.0410156,1.70218,1.6923,10,1300,0.997088,-0.153399
1776813174959780747,2.06293,0.0410156,0.276707,-0.112383,1.70218,1.6923,10,1300,0.997088,0
1776813174964772019,2.06293,0.0410156,0.276707,0.0410156,1.76413,1.69481,10,1299,0.996321,0
1776813174969781198,2.06319,0.0410156,0.276205,0.0410156,1.76413,1.69481,10,1299,0.996321,-0.153429
1776813174974843227,2.06319,0.0546875,0.276205,-0.0987417,1.79848,1.70384,10,1299,0.996321,0
1776813174979778520,2.06378,0.0546875,0.276795,0.0546875,1.79848,1.70384,10,1298,0.995554,-0.153429
1776813174984783125,2.06378,0.0566406,0.276028,-0.0967886,1.76754,1.70774,10,1298,0.995554,0
1776813174989909800,2.06399,0.0566406,0.276235,0.0566406,1.76754,1.70774,10,1297,0.994787,0
1776813174994793651,2.06399,0.0625,0.275468,0.0625,1.70808,1.71205,10,1297,0.994787,-0.153368
1776813174999774664,2.06499,0.0625,0.276472,-0.0908678,1.70808,1.71205,10,1296,0.99402,0
1776813175004776066,2.06499,0.0664062,0.275705,0.0664062,1.71106,1.719,10,1296,0.99402,-0.153399
1776813175009840391,2.06499,0.0664062,0.275705,-0.0869923,1.71106,1.719,10,1295,0.993253,-0.153399
1776813175014794591,2.06934,0.0664062,0.27928,-0.0869923,1.60347,1.73941,10,1294,0.992486,-0.153429
1776813175019780901,2.06934,0.117188,0.278513,-0.0362417,1.60347,1.73941,10,1293,0.991719,0
1776813175024785877,2.0712,0.117188,0.279612,0.117188,1.69096,1.77711,10,1293,0.991719,-0.153368
1776813175029753521,2.0712,0.128906,0.279612,-0.0244616,1.69096,1.77711,10,1292,0.990952,-0.153399
1776813175034777570,2.07168,0.128906,0.279319,-0.0244923,1.71143,1.78601,10,1291,0.990185,-0.153399
1776813175039783490,2.07168,0.09375,0.278552,-0.0596485,1.71143,1.78601,10,1291,0.990185,0
1776813175044776763,2.07408,0.09375,0.280954,0.09375,1.73027,1.77724,10,1290,0.989418,-0.153399
1776813175049775295,2.07408,0.0683594,0.280187,-0.0850391,1.73027,1.77724,10,1290,0.989418,0
1776813175054781937,2.07461,0.0683594,0.280721,0.0683594,1.67167,1.76527,10,1290,0.989418,0
1776813175059773858,2.07461,0.0253906,0.280721,0.0253906,1.67167,1.76527,10,1290,0.989418,0
1776813175064770834,2.07509,0.0253906,0.281195,0.0253906,1.88422,1.743,10,1290,0.989418,0
1776813175069771495,2.07509,-0.00976562,0.281195,-0.00976562,1.88422,1.743,10,1290,0.989418,0
1776813175074771786,2.07509,-0.00976562,0.281197,-0.00976562,1.73412,1.72296,10,1290,0.989418,0
1776813175079754041,2.07509,-0.03125,0.281197,-0.03125,1.73412,1.72296,10,1290,0.989418,0
1776813175084779571,2.07509,-0.03125,0.281195,-0.03125,1.80127,1.71072,10,1290,0.989418,0
1776813175089765752,2.07509,-0.0410156,0.281195,-0.0410156,1.80127,1.71072,10,1290,0.989418,0
1776813175094776246,2.07461,-0.0410156,0.280721,-0.0410156,1.75364,1.70292,10,1290,0.989418,0
1776813175099774055,2.07461,-0.03125,0.280721,-0.03125,1.75364,1.70292,10,1290,0.989418,0
1776813175104792679,2.07429,-0.03125,0.280395,-0.03125,1.67988,1.70696,10,1290,0.989418,0
1776813175109778859,2.07429,-0.00976562,0.280395,-0.00976562,1.67988,1.70696,10,1290,0.989418,0
1776813175114774965,2.07408,-0.00976562,0.280188,-0.00976562,1.8433,1.71824,10,1290,0.989418,0
1776813175119783515,2.07408,0.0253906,0.280188,0.0253906,1.8433,1.71824,10,1290,0.989418,0
1776813175124773250,2.07408,0.0253906,0.280188,0.0253906,1.76121,1.73828,10,1290,0.989418,0
1776813175129759783,2.07408,0.0292969,0.280188,0.0292969,1.76121,1.73828,10,1290,0.989418,0
1776813175134772703,2.07435,0.0292969,0.280455,0.0292969,1.71509,1.74176,10,1290,0.989418,0
1776813175139774549,2.07435,0.0332031,0.280455,0.0332031,1.71509,1.74176,10,1290,0.989418,0
1776813175144769914,2.07461,0.0332031,0.280722,0.0332031,1.6916,1.74524,10,1290,0.989418,0
1776813175149778705,2.07461,0.0214844,0.280722,0.0214844,1.6916,1.74524,10,1290,0.989418,0
1776813175154774718,2.07461,0.0214844,0.280722,0.0214844,1.735,1.73856,10,1290,0.989418,0
1776813175159776231,2.07515,0.0214844,0.281255,0.0214844,1.735,1.73856,10,1290,0.989418,0
1776813175164774540,2.07515,-0.00585938,0.281255,-0.00585938,1.71091,1.72546,10,1290,0.989418,0
1776813175169774609,2.07529,-0.00585938,0.281403,-0.00585938,1.71091,1.72546,10,1290,0.989418,0
1776813175174774363,2.07529,-0.0195312,0.281403,-0.0195312,1.78644,1.71836,10,1290,0.989418,0
1776813175179764080,2.07515,-0.0195312,0.281256,-0.0195312,1.78644,1.71836,10,1290,0.989418,0
1776813175184763001,2.07515,-0.0273438,0.281256,-0.0273438,1.74472,1.71322,10,1290,0.989418,0
1776813175189780717,2.07482,-0.0273438,0.280928,-0.0273438,1.74472,1.71322,10,1290,0.989418,0
1776813175194771156,2.07482,-0.0253906,0.280928,-0.0253906,1.72451,1.7128,10,1290,0.989418,0
1776813175199777225,2.07482,-0.0253906,0.280928,-0.0253906,1.72451,1.7128,10,1290,0.989418,0
1776813175204774534,2.07482,-0.00585938,0.280928,-0.00585938,1.75707,1.72393,10,1290,0.989418,0
1776813175209772195,2.07455,-0.00585938,0.28066,-0.00585938,1.75707,1.72393,10,1290,0.989418,0
1776813175214779893,2.07455,0,0.28066,0,1.70029,1.72602,10,1290,0.989418,0
1776813175219773036,2.07434,0,0.280453,0,1.70029,1.72602,10,1290,0.989418,0
1776813175224774383,2.07434,0.0195312,0.280453,0.0195312,1.72812,1.73618,10,1290,0.989418,0
1776813175229751193,2.07434,0.0195312,0.280453,0.0195312,1.72812,1.73618,10,1290,0.989418,0
1776813175234770298,2.07482,0.0195312,0.280927,0.0195312,1.70939,1.7384,10,1290,0.989418,0
1776813175239768237,2.07482,0.0175781,0.280927,0.0175781,1.70939,1.7384,10,1290,0.989418,0
1776813175244835248,2.07515,0.0175781,0.281255,0.0175781,1.80938,1.73882,10,1290,0.989418,0
1776813175249778578,2.07515,0.00976562,0.281255,0.00976562,1.80938,1.73882,10,1290,0.989418,0
1776813175254773684,2.07535,0.00976562,0.281462,0.00976562,1.7683,1.73534,10,1290,0.989418,0
1776813175259776067,2.07535,-0.00585938,0.281462,-0.00585938,1.7683,1.73534,10,1290,0.989418,0
1776813175264797783,2.07535,-0.00585938,0.281462,-0.00585938,1.74935,1.72643,10,1290,0.989418,0
1776813175269777760,2.07535,-0.0175781,0.281462,-0.0175781,1.74935,1.72643,10,1290,0.989418,0
1776813175274771458,2.07515,-0.0175781,0.281254,-0.0175781,1.79504,1.71878,10,1290,0.989418,0
1776813175279747620,2.07515,-0.0175781,0.281254,-0.0175781,1.79504,1.71878,10,1290,0.989418,0
1776813175284769429,2.07502,-0.0175781,0.281133,-0.0175781,1.68512,1.71821,10,1290,0.989418,0
1776813175289785182,2.07502,-0.0136719,0.281133,-0.0136719,1.68512,1.71821,10,1290,0.989418,0
1776813175294779455,2.07482,-0.0136719,0.280926,-0.0136719,1.79783,1.71947,10,1290,0.989418,0
1776813175299791690,2.07482,-0.00195312,0.280926,-0.00195312,1.79783,1.71947,10,1290,0.989418,0
1776813175304806869,2.08051,-0.00195312,0.286621,-0.00195312,1.74074,1.72615,10,1290,0.989418,0
1776813175309800086,2.08051,0.00976562,0.286621,0.00976562,1.74074,1.72615,10,1290,0.989418,0
1776813175314776896,2.08051,0.00976562,0.286622,0.00976562,1.64738,1.75949,10,1290,0.989418,0
1776813175319786390,2.08051,0.0136719,0.286622,0.0136719,1.64738,1.75949,10,1290,0.989418,0
1776813175324774515,2.08057,0.0136719,0.286681,0.0136719,1.75294,1.76199,10,1290,0.989418,0
1776813175329759862,2.08057,0.0117188,0.286681,0.0117188,1.75294,1.76199,10,1290,0.989418,0
1776813175334765597,2.08057,0.0117188,0.286681,0.0117188,1.78562,1.76088,10,1290,0.989418,0
1776813175339804849,2.08057,0.0078125,0.286681,0.0078125,1.78562,1.76088,10,1290,0.989418,0
1776813175344779623,2.08078,0.0078125,0.286888,0.0078125,1.76332,1.75962,10,1290,0.989418,0
1776813175349791561,2.08078,0.00390625,0.286888,0.00390625,1.76332,1.75962,10,1290,0.989418,0
1776813175354779630,2.08084,0.00390625,0.286949,0.00390625,1.76891,1.75768,10,1290,0.989418,0
1776813175359788051,2.08084,-0.00976562,0.286949,-0.00976562,1.76891,1.75768,10,1290,0.989418,0
1776813175364774972,2.08078,-0.00976562,0.286888,-0.00976562,1.72457,1.7496,10,1290,0.989418,0
1776813175369774707,2.08078,-0.0136719,0.286888,-0.0136719,1.72457,1.7496,10,1290,0.989418,0
1776813175374774813,2.08084,-0.0136719,0.286949,-0.0136719,1.81364,1.74738,10,1290,0.989418,0
1776813175379760974,2.08084,-0.0136719,0.286949,-0.0136719,1.81364,1.74738,10,1290,0.989418,0
1776813175384761543,2.08063,-0.0136719,0.286742,-0.0136719,1.76965,1.74669,10,1290,0.989418,0
1776813175389778537,2.08063,-0.00585938,0.286742,-0.00585938,1.76965,1.74669,10,1290,0.989418,0
1776813175394774161,2.08057,-0.00585938,0.286681,-0.00585938,1.74464,1.75086,10,1290,0.989418,0
1776813175399774563,2.08057,0.0078125,0.286681,0.0078125,1.74464,1.75086,10,1290,0.989418,0
1776813175404777132,2.08057,0.0078125,0.286681,0.0078125,1.72462,1.75866,10,1290,0.989418,0
1776813175409785533,2.08057,0.0078125,0.286681,0.0078125,1.72462,1.75866,10,1290,0.989418,0
1776813175414879599,2.08057,0.0078125,0.286681,0.0078125,1.63501,1.75866,10,1290,0.989418,0
1776813175419791559,2.08057,0.0117188,0.286681,0.0117188,1.63501,1.75866,10,1290,0.989418,0
1776813175424779406,2.08078,0.0117188,0.286888,0.0117188,1.69205,1.76185,10,1290,0.989418,0
1776813175429870287,2.08078,0.00976562,0.286888,0.00976562,1.69205,1.76185,10,1290,0.989418,0
1776813175434806728,2.08078,0.00976562,0.286888,0.00976562,1.68811,1.76074,10,1290,0.989418,0
1776813175439781612,2.08078,0.00390625,0.286888,0.00390625,1.68811,1.76074,10,1290,0.989418,0
1776813175444790347,2.08111,0.00390625,0.287217,0.00390625,1.84251,1.7574,10,1290,0.989418,0
1776813175449793194,2.08111,-0.0117188,0.287217,-0.0117188,1.84251,1.7574,10,1290,0.989418,0
1776813175454805243,2.08105,-0.0117188,0.287156,-0.0117188,1.7572,1.74974,10,1290,0.989418,0
1776813175459779294,2.08105,-0.0136719,0.287156,-0.0136719,1.7572,1.74974,10,1290,0.989418,0
1776813175464806103,2.08105,-0.0136719,0.287156,-0.0136719,1.82194,1.74863,10,1290,0.989418,0
1776813175469794838,2.08084,-0.0078125,0.28695,-0.0078125,1.82194,1.74863,10,1290,0.989418,0
1776813175474783667,2.08084,-0.0078125,0.28695,-0.0078125,1.75002,1.75101,10,1290,0.989418,0
1776813175479768606,2.08078,-0.0078125,0.286889,-0.0078125,1.75002,1.75101,10,1290,0.989418,0
1776813175484759194,2.08078,0.00390625,0.286889,0.00390625,1.74984,1.7574,10,1290,0.989418,0
1776813175489770577,2.08078,0.00390625,0.286889,0.00390625,1.74984,1.7574,10,1290,0.989418,0
1776813175494777145,2.08078,0.00390625,0.286889,0.00390625,1.71143,1.7574,10,1290,0.989418,0
1776813175499907580,2.08078,0.00390625,0.286889,0.00390625,1.71143,1.7574,10,1290,0.989418,0
1776813175504829244,2.08105,0.00390625,0.287157,0.00390625,1.70015,1.75865,10,1290,0.989418,0
1776813175509784573,2.08105,0.00976562,0.287157,0.00976562,1.70015,1.75865,10,1290,0.989418,0
1776813175514778512,2.08105,0.00976562,0.287157,0.00976562,1.7571,1.76199,10,1290,0.989418,0
1776813175519790470,2.08105,0.00585938,0.287157,0.00585938,1.7571,1.76199,10,1290,0.989418,0
1776813175524783779,2.08111,0.00585938,0.287218,0.00585938,1.75716,1.76005,10,1290,0.989418,0
1776813175529857179,2.08111,0.00390625,0.287218,0.00390625,1.75716,1.76005,10,1290,0.989418,0
1776813175534831859,2.08111,0.00390625,0.287218,0.00390625,1.78554,1.75894,10,1290,0.989418,0
1776813175539797114,2.08111,-0.00390625,0.287218,-0.00390625,1.78554,1.75894,10,1290,0.989418,0
1776813175544801646,2.08111,-0.00390625,0.287218,-0.00390625,1.71225,1.75448,10,1290,0.989418,0
1776813175549782752,2.08111,-0.0136719,0.287218,-0.0136719,1.71225,1.75448,10,1290,0.989418,0
1776813175554771673,2.08105,-0.0136719,0.287157,-0.0136719,1.78983,1.74863,10,1290,0.989418,0
1776813175559775019,2.08105,-0.00976562,0.287157,-0.00976562,1.78983,1.74863,10,1290,0.989418,0
1776813175564773606,2.08105,-0.00976562,0.287156,-0.00976562,1.76474,1.75086,10,1290,0.989418,0
1776813175569778286,2.08105,-0.00585938,0.287156,-0.00585938,1.76474,1.75086,10,1290,0.989418,0
1776813175574772948,2.08111,-0.00585938,0.287217,-0.00585938,1.69984,1.75308,10,1290,0.989418,0
1776813175579760257,2.08111,0.00585938,0.287217,0.00585938,1.69984,1.75308,10,1290,0.989418,0
1776813175584762474,2.08105,0.00585938,0.287157,0.00585938,1.68732,1.75977,10,1290,0.989418,0
1776813175589784264,2.08105,0.00390625,0.287157,0.00390625,1.68732,1.75977,10,1290,0.989418,0
1776813175594776407,2.08105,0.00390625,0.287156,0.00390625,1.72464,1.75865,10,1290,0.989418,0
1776813175599782642,2.08105,0.0078125,0.287156,0.0078125,1.72464,1.75865,10,1290,0.989418,0
1776813175604778341,2.08111,0.0078125,0.287217,0.0078125,1.70644,1.76116,10,1290,0.989418,0
1776813175609767354,2.08111,0.00585938,0.287217,0.00585938,1.70644,1.76116,10,1290,0.989418,0
1776813175614772960,2.08131,0.00585938,0.287424,0.00585938,1.80203,1.76101,10,1290,0.989418,0
1776813175619790824,2.08131,0.00585938,0.287424,0.00585938,1.80203,1.76101,10,1290,0.989418,0
1776813175624775060,2.08131,0.00585938,0.287424,0.00585938,1.70855,1.76101,10,1290,0.989418,0
1776813175629760685,2.08131,0.00390625,0.287424,0.00390625,1.70855,1.76101,10,1290,0.989418,0
1776813175634762586,2.08131,0.00390625,0.287424,0.00390625,1.73288,1.7599,10,1290,0.989418,0
1776813175639772840,2.08131,-0.00390625,0.287424,-0.00390625,1.73288,1.7599,10,1290,0.989418,0
1776813175644771872,2.08158,-0.00390625,0.287692,-0.00390625,1.77295,1.75545,10,1290,0.989418,0
1776813175649778570,2.08158,-0.00585938,0.287692,-0.00585938,1.77295,1.75545,10,1290,0.989418,0
1776813175654775138,2.08152,-0.00585938,0.28763,-0.00585938,1.7825,1.75529,10,1290,0.989418,0
1776813175659776263,2.08152,-0.00585938,0.28763,-0.00585938,1.7825,1.75529,10,1290,0.989418,0
1776813175664770239,2.08137,-0.00585938,0.287484,-0.00585938,1.80231,1.75461,10,1290,0.989418,0
1776813175669776270,2.08137,-0.00976562,0.287484,-0.00976562,1.80231,1.75461,10,1290,0.989418,0
1776813175674775302,2.08137,-0.00976562,0.287484,-0.00976562,1.70435,1.75239,10,1290,0.989418,0
1776813175679750760,2.08137,0.00195312,0.287484,0.00195312,1.70435,1.75239,10,1290,0.989418,0
1776813175684762995,2.08138,0.00195312,0.287485,0.00195312,1.78979,1.75907,10,1290,0.989418,0
1776813175689769453,2.08138,0.00585938,0.287485,0.00585938,1.78979,1.75907,10,1290,0.989418,0
1776813175694780817,2.08138,0.00585938,0.287485,0.00585938,1.78147,1.7613,10,1290,0.989418,0
1776813175699775441,2.08138,0.00976562,0.287485,0.00976562,1.78147,1.7613,10,1290,0.989418,0
1776813175704783547,2.08158,0.00976562,0.287692,0.00976562,1.85432,1.76449,10,1290,0.989418,0
1776813175709779801,2.08158,0.00585938,0.287692,0.00585938,1.85432,1.76449,10,1290,0.989418,0
1776813175714788851,2.08762,0.00585938,0.293733,0.00585938,1.76955,1.76226,10,1290,0.989418,0
1776813175719772772,2.08762,-0.00976562,0.293733,-0.00976562,1.76955,1.76226,10,1290,0.989418,0
1776813175724799914,2.08762,-0.00976562,0.293733,-0.00976562,1.74903,1.78156,10,1290,0.989418,0
1776813175729784705,2.08762,-0.015625,0.293733,-0.015625,1.74903,1.78156,10,1290,0.989418,0
1776813175734780070,2.08756,-0.015625,0.293671,-0.015625,1.84654,1.77793,10,1290,0.989418,0
1776813175739770824,2.08756,-0.00585938,0.293671,-0.00585938,1.84654,1.77793,10,1290,0.989418,0
1776813175744778318,2.08735,-0.00585938,0.293464,-0.00585938,1.71712,1.78253,10,1290,0.989418,0
1776813175749817478,2.08735,0,0.293464,0,1.71712,1.78253,10,1290,0.989418,0
1776813175754787122,2.08735,0,0.293464,0,1.80275,1.78587,10,1290,0.989418,0
1776813175759777617,2.08735,0.00195312,0.293464,0.00195312,1.80275,1.78587,10,1290,0.989418,0
1776813175764781445,2.08735,0.00195312,0.293464,0.00195312,1.79585,1.78698,10,1290,0.989418,0
1776813175769786032,2.08735,0.00585938,0.293464,0.00585938,1.79585,1.78698,10,1290,0.989418,0
1776813175774796359,2.08735,0.00585938,0.293464,0.00585938,1.74226,1.78921,10,1290,0.989418,0
1776813175779749763,2.08735,0.00195312,0.293464,0.00195312,1.74226,1.78921,10,1290,0.989418,0
1776813175784772386,2.08762,0.00195312,0.293733,0.00195312,1.74451,1.78698,10,1290,0.989418,0
1776813175789771011,2.08762,-0.00390625,0.293733,-0.00390625,1.74451,1.78698,10,1290,0.989418,0
1776813175794775394,2.08762,-0.00390625,0.293734,-0.00390625,1.72661,1.7849,10,1290,0.989418,0
1776813175799774037,2.08762,0,0.293734,0,1.72661,1.7849,10,1290,0.989418,0
1776813175804780401,2.08762,0,0.293734,0,1.7502,1.78713,10,1290,0.989418,0
1776813175809774507,2.08762,0.00585938,0.293734,0.00585938,1.7502,1.78713,10,1290,0.989418,0
1776813175814795760,2.08762,0.00585938,0.293734,0.00585938,1.70477,1.79047,10,1290,0.989418,0
1776813175819778385,2.08762,0.00585938,0.293734,0.00585938,1.70477,1.79047,10,1290,0.989418,0
1776813175824779695,2.08762,0.00585938,0.293733,0.00585938,1.84809,1.79046,10,1290,0.989418,0
1776813175829752412,2.08762,-0.00585938,0.293733,-0.00585938,1.84809,1.79046,10,1290,0.989418,0
1776813175834768517,2.08762,-0.00585938,0.293733,-0.00585938,1.78712,1.78378,10,1290,0.989418,0
1776813175839767716,2.08762,-0.00195312,0.293733,-0.00195312,1.78712,1.78378,10,1290,0.989418,0
1776813175844772210,2.08762,-0.00195312,0.293733,-0.00195312,1.75721,1.78601,10,1290,0.989418,0
1776813175849851758,2.08762,0.00195312,0.293733,0.00195312,1.75721,1.78601,10,1290,0.989418,0
1776813175854801365,2.08762,0.00195312,0.293733,0.00195312,1.78254,1.78824,10,1290,0.989418,0
1776813175859787823,2.08783,0.00195312,0.29394,0.00195312,1.78254,1.78824,10,1290,0.989418,0
1776813175864898499,2.08783,0.00195312,0.29394,0.00195312,1.77117,1.7892,10,1290,0.989418,0
1776813175869794812,2.08783,0.00195312,0.293939,0.00195312,1.77117,1.7892,10,1290,0.989418,0
1776813175874776640,2.08783,0.00195312,0.293939,0.00195312,1.78972,1.7892,10,1290,0.989418,0
1776813175879770598,2.08783,0.00195312,0.293938,0.00195312,1.78972,1.7892,10,1290,0.989418,0
1776813175884768630,2.08783,0.00195312,0.293938,0.00195312,1.848,1.78919,10,1290,0.989418,0
1776813175889769254,2.08783,0,0.293938,0,1.848,1.78919,10,1290,0.989418,0
1776813175894771212,2.08783,0,0.293938,0,1.78974,1.78808,10,1290,0.989418,0
1776813175899780410,2.08783,0.00390625,0.293938,0.00390625,1.78974,1.78808,10,1290,0.989418,0
1776813175904792867,2.08783,0.00390625,0.293937,0.00390625,1.76324,1.7903,10,1290,0.989418,0
1776813175909779584,2.08783,-0.00195312,0.293937,-0.00195312,1.76324,1.7903,10,1290,0.989418,0
1776813175914780004,2.08783,-0.00195312,0.293939,-0.00195312,1.78306,1.78697,10,1290,0.989418,0
1776813175919778258,2.08783,0.00195312,0.293939,0.00195312,1.78306,1.78697,10,1290,0.989418,0
1776813175924772290,2.08783,0.00195312,0.293939,0.00195312,1.70477,1.7892,10,1290,0.989418,0
1776813175929777433,2.08789,0.00195312,0.294,0.00195312,1.70477,1.7892,10,1290,0.989418,0
1776813175934772872,2.08789,-0.00976562,0.294,-0.00976562,1.84877,1.7828,10,1290,0.989418,0
1776813175939766607,2.08789,-0.00976562,0.294,-0.00976562,1.84877,1.7828,10,1290,0.989418,0
1776813175944766972,2.08789,-0.0078125,0.294,-0.0078125,1.83546,1.78392,10,1290,0.989418,0
1776813175949782633,2.08783,-0.0078125,0.293939,-0.0078125,1.83546,1.78392,10,1290,0.989418,0
1776813175954770295,2.08783,0.00585938,0.293939,0.00585938,1.69829,1.79142,10,1290,0.989418,0
1776813175959772789,2.08783,0.00585938,0.293938,0.00585938,1.69829,1.79142,10,1290,0.989418,0
1776813175964769488,2.08783,0.00195312,0.293938,0.00195312,1.6721,1.78919,10,1290,0.989418,0
1776813175969774334,2.08783,0.00195312,0.293938,0.00195312,1.6721,1.78919,10,1290,0.989418,0
1776813175974771903,2.08783,0.0078125,0.293938,0.0078125,1.797,1.79253,10,1290,0.989418,0
1776813175979754250,2.08789,0.0078125,0.294,0.0078125,1.797,1.79253,10,1290,0.989418,0
1776813175984765429,2.08789,0.00390625,0.294,0.00390625,1.75723,1.7906,10,1290,0.989418,0
1776813175989772368,2.08789,0.00390625,0.294,0.00390625,1.75723,1.7906,10,1290,0.989418,0
1776813175994776640,2.08789,-0.00390625,0.294,-0.00390625,1.77683,1.78614,10,1290,0.989418,0
1776813175999821337,2.0881,-0.00390625,0.294207,-0.00390625,1.77683,1.78614,10,1290,0.989418,0
1776813176004787573,2.0881,-0.00585938,0.294207,-0.00585938,1.82245,1.78599,10,1290,0.989418,0
1776813176009772328,2.0881,-0.00585938,0.294208,-0.00585938,1.82245,1.78599,10,1290,0.989418,0
1776813176014781563,2.0881,-0.00585938,0.294208,-0.00585938,1.75698,1.786,10,1290,0.989418,0
1776813176019776022,2.08795,-0.00585938,0.294063,-0.00585938,1.75698,1.786,10,1290,0.989418,0
1776813176024794294,2.08795,-0.00195312,0.294063,-0.00195312,1.7833,1.78755,10,1290,0.989418,0
1776813176029755771,2.08789,-0.00195312,0.294001,-0.00195312,1.7833,1.78755,10,1290,0.989418,0
1776813176034784987,2.08789,0.00195312,0.294001,0.00195312,1.79038,1.78949,10,1290,0.989418,0
1776813176039791241,2.08795,0.00195312,0.294062,0.00195312,1.79038,1.78949,10,1290,0.989418,0
1776813176044784811,2.08795,0.00390625,0.294062,0.00390625,1.82893,1.79089,10,1290,0.989418,0
1776813176049849544,2.0881,0.00390625,0.294208,0.00390625,1.82893,1.79089,10,1290,0.989418,0
1776813176054798059,2.0881,0.00390625,0.294208,0.00390625,1.74463,1.79157,10,1290,0.989418,0
1776813176059782703,2.0881,0.00390625,0.294208,0.00390625,1.74463,1.79157,10,1290,0.989418,0
1776813176064837233,2.0881,0,0.294208,0,1.78966,1.78934,10,1290,0.989418,0
1776813176069812710,2.08837,0,0.294476,0,1.78966,1.78934,10,1290,0.989418,0
1776813176074787150,2.08837,0.00195312,0.294476,0.00195312,1.77646,1.7917,10,1290,0.989418,0
1776813176079752202,2.08816,0.00195312,0.294269,0.00195312,1.77646,1.7917,10,1290,0.989418,0
1776813176084762104,2.08816,-0.00195312,0.294269,-0.00195312,1.8614,1.78851,10,1290,0.989418,0
1776813176089779691,2.08837,-0.00195312,0.294476,-0.00195312,1.8614,1.78851,10,1290,0.989418,0
1776813176094773982,2.08837,0.00390625,0.294476,0.00390625,1.77635,1.79282,10,1290,0.989418,0
1776813176099780570,2.08837,0.00390625,0.294476,0.00390625,1.77635,1.79282,10,1290,0.989418,0
1776813176104783102,2.08837,-0.00195312,0.294476,-0.00195312,1.83651,1.78948,10,1290,0.989418,0
1776813176109783393,2.08837,-0.00195312,0.294476,-0.00195312,1.83651,1.78948,10,1290,0.989418,0
1776813176114770999,2.08837,-0.00195312,0.294476,-0.00195312,1.76279,1.78948,10,1290,0.989418,0
1776813176119777346,2.08837,-0.00195312,0.294476,-0.00195312,1.76279,1.78948,10,1290,0.989418,0
1776813176124771434,2.08837,0.00195312,0.294476,0.00195312,1.76347,1.7917,10,1290,0.989418,0
1776813176129763503,2.08837,0.00195312,0.294476,0.00195312,1.76347,1.7917,10,1290,0.989418,0
1776813176134761239,2.08837,-0.00390625,0.294476,-0.00390625,1.81563,1.78836,10,1290,0.989418,0
1776813176139769826,2.08843,-0.00390625,0.294538,-0.00390625,1.81563,1.78836,10,1290,0.989418,0
1776813176144819152,2.08843,0.00195312,0.294538,0.00195312,1.7701,1.79199,10,1290,0.989418,0
1776813176149795370,2.08843,0.00195312,0.294538,0.00195312,1.7701,1.79199,10,1290,0.989418,0
1776813176154781921,2.08843,-0.00195312,0.294538,-0.00195312,1.76365,1.78976,10,1290,0.989418,0
1776813176159791305,2.08843,-0.00195312,0.294539,-0.00195312,1.76365,1.78976,10,1290,0.989418,0
1776813176164774782,2.08843,0.00390625,0.294539,0.00390625,1.81579,1.79311,10,1290,0.989418,0
1776813176169795313,2.08843,0.00390625,0.294539,0.00390625,1.81579,1.79311,10,1290,0.989418,0
1776813176174789679,2.08843,0.00390625,0.294539,0.00390625,1.84246,1.79311,10,1290,0.989418,0
1776813176179755786,2.08843,0.00390625,0.294539,0.00390625,1.84246,1.79311,10,1290,0.989418,0
1776813176184763854,2.08843,-0.00390625,0.294539,-0.00390625,1.79556,1.78865,10,1290,0.989418,0
1776813176189793163,2.08843,-0.00390625,0.294539,-0.00390625,1.79556,1.78865,10,1290,0.989418,0
1776813176194775048,2.08843,-0.00585938,0.294539,-0.00585938,1.71781,1.78754,10,1290,0.989418,0
1776813176199772098,2.08843,-0.00585938,0.294538,-0.00585938,1.71781,1.78754,10,1290,0.989418,0
1776813176204774686,2.08843,-0.00195312,0.294538,-0.00195312,1.77689,1.78976,10,1290,0.989418,0
1776813176209777199,2.08843,-0.00195312,0.294538,-0.00195312,1.77689,1.78976,10,1290,0.989418,0
1776813176214770213,2.08864,-0.00195312,0.294745,-0.00195312,1.79702,1.79073,10,1290,0.989418,0
1776813176219794466,2.08864,0.00195312,0.294745,0.00195312,1.79702,1.79073,10,1290,0.989418,0
1776813176224776813,2.08864,0.00195312,0.294745,0.00195312,1.95851,1.79296,10,1290,0.989418,0
1776813176229750754,2.08864,0,0.294745,0,1.95851,1.79296,10,1290,0.989418,0
1776813176234761637,2.08864,0,0.294745,0,1.78343,1.79184,10,1290,0.989418,0
1776813176239777631,2.08864,0.00585938,0.294745,0.00585938,1.78343,1.79184,10,1290,0.989418,0
1776813176244770793,2.0887,0.00585938,0.294807,0.00585938,1.80248,1.79547,10,1290,0.989418,0
1776813176249774510,2.0887,-0.00390625,0.294807,-0.00390625,1.80248,1.79547,10,1290,0.989418,0
1776813176254866428,2.0887,-0.00390625,0.294807,-0.00390625,1.79642,1.7899,10,1290,0.989418,0
1776813176259806184,2.0887,-0.00390625,0.294807,-0.00390625,1.79642,1.7899,10,1290,0.989418,0
1776813176264783402,2.08864,-0.00390625,0.294745,-0.00390625,1.83546,1.78962,10,1290,0.989418,0
1776813176269785434,2.08864,-0.00390625,0.294745,-0.00390625,1.83546,1.78962,10,1290,0.989418,0
1776813176274773837,2.08864,-0.00390625,0.294745,-0.00390625,1.69185,1.78962,10,1290,0.989418,0
1776813176279751758,2.08864,-0.0078125,0.294745,-0.0078125,1.69185,1.78962,10,1290,0.989418,0
1776813176284764290,2.08864,-0.0078125,0.294745,-0.0078125,1.7374,1.78739,10,1290,0.989418,0
1776813176289768859,2.0887,-0.0078125,0.294807,-0.0078125,1.7374,1.78739,10,1290,0.989418,0
1776813176294854721,2.0887,-0.00195312,0.294807,-0.00195312,1.77766,1.79102,10,1290,0.989418,0
1776813176299828569,2.08864,-0.00195312,0.294745,-0.00195312,1.77766,1.79102,10,1290,0.989418,0
1776813176304815046,2.08864,0.00195312,0.294745,0.00195312,1.75066,1.79296,10,1290,0.989418,0
1776813176309839910,2.08864,0.00195312,0.294746,0.00195312,1.75066,1.79296,10,1290,0.989418,0
1776813176314848423,2.08864,0.00390625,0.294746,0.00390625,1.76395,1.79407,10,1290,0.989418,0
1776813176319796568,2.08864,0.00390625,0.294744,0.00390625,1.76395,1.79407,10,1290,0.989418,0
1776813176324787934,2.08864,0.00390625,0.294744,0.00390625,1.7374,1.79407,10,1290,0.989418,0
1776813176329758374,2.0887,0.00390625,0.294806,0.00390625,1.7374,1.79407,10,1290,0.989418,0
1776813176334768276,2.0887,-0.00195312,0.294806,-0.00195312,1.84797,1.79101,10,1290,0.989418,0
1776813176339774586,2.0887,-0.00195312,0.294806,-0.00195312,1.84797,1.79101,10,1290,0.989418,0
1776813176344784580,2.0887,-0.00195312,0.294806,-0.00195312,1.7701,1.79101,10,1290,0.989418,0
1776813176349776927,2.08863,-0.00195312,0.294744,-0.00195312,1.7701,1.79101,10,1290,0.989418,0
1776813176354795866,2.08863,-0.0078125,0.294744,-0.0078125,1.79046,1.78738,10,1290,0.989418,0
1776813176359774751,2.08863,-0.0078125,0.294744,-0.0078125,1.79046,1.78738,10,1290,0.989418,0
1776813176364782560,2.0889,-0.0078125,0.295013,-0.0078125,1.7966,1.78864,10,1290,0.989418,0
1776813176369773407,2.0889,-0.00585938,0.295013,-0.00585938,1.7966,1.78864,10,1290,0.989418,0
1776813176374776309,2.0887,-0.00585938,0.294805,-0.00585938,1.82187,1.78878,10,1290,0.989418,0
1776813176379750138,2.0887,0.00195312,0.294805,0.00195312,1.82187,1.78878,10,1290,0.989418,0
1776813176384768114,2.0887,0.00195312,0.294805,0.00195312,1.80883,1.79324,10,1290,0.989418,0
1776813176389769202,2.0887,0.00390625,0.294805,0.00390625,1.80883,1.79324,10,1290,0.989418,0
1776813176394769104,2.0887,0.00390625,0.294807,0.00390625,1.78928,1.79436,10,1290,0.989418,0
1776813176399779173,2.0887,0.00976562,0.294807,0.00976562,1.78928,1.79436,10,1290,0.989418,0
1776813176404772816,2.0887,0.00976562,0.294807,0.00976562,1.6526,1.7977,10,1290,0.989418,0
1776813176409776015,2.0887,0.00976562,0.294807,0.00976562,1.6526,1.7977,10,1290,0.989418,0
1776813176414777269,2.0889,0.00976562,0.295012,0.00976562,1.86814,1.79865,10,1290,0.989418,0
1776813176419787245,2.0889,0.00195312,0.295012,0.00195312,1.86814,1.79865,10,1290,0.989418,0
1776813176424777814,2.0889,0.00195312,0.295013,0.00195312,1.75683,1.7942,10,1290,0.989418,0
1776813176429766069,2.0889,-0.00390625,0.295013,-0.00390625,1.75683,1.7942,10,1290,0.989418,0
1776813176434767304,2.0889,-0.00390625,0.295013,-0.00390625,1.69191,1.79086,10,1290,0.989418,0
1776813176439771484,2.08896,-0.00390625,0.295074,-0.00390625,1.69191,1.79086,10,1290,0.989418,0
1776813176444771238,2.08896,-0.00390625,0.295074,-0.00390625,1.86804,1.79115,10,1290,0.989418,0
1776813176449780455,2.08896,-0.00390625,0.295073,-0.00390625,1.86804,1.79115,10,1290,0.989418,0
1776813176454774006,2.08896,0,0.295073,0,1.96748,1.79337,10,1290,0.989418,0
1776813176459773353,2.08896,0,0.295073,0,1.96748,1.79337,10,1290,0.989418,0
1776813176464769959,2.08896,0.00195312,0.295073,0.00195312,1.82925,1.79448,10,1290,0.989418,0
1776813176469783620,2.08896,0.00195312,0.295073,0.00195312,1.82925,1.79448,10,1290,0.989418,0
1776813176474773467,2.08896,0.00195312,0.295073,0.00195312,1.78337,1.79448,10,1290,0.989418,0
1776813176479772536,2.08911,0.00195312,0.295218,0.00195312,1.78337,1.79448,10,1290,0.989418,0
1776813176484768531,2.08911,0.00390625,0.295218,0.00390625,1.71745,1.79627,10,1290,0.989418,0
1776813176489769322,2.08911,0.00390625,0.295218,0.00390625,1.71745,1.79627,10,1290,0.989418,0
1776813176494770410,2.08911,0.00195312,0.295218,0.00195312,1.7459,1.79516,10,1290,0.989418,0
1776813176499809755,2.08911,0.00195312,0.295219,0.00195312,1.7459,1.79516,10,1290,0.989418,0
1776813176504838323,2.08911,-0.00195312,0.295219,-0.00195312,1.77679,1.79294,10,1290,0.989418,0
1776813176509800042,2.08911,-0.00195312,0.295219,-0.00195312,1.77679,1.79294,10,1290,0.989418,0
1776813176514775056,2.08923,-0.00195312,0.295342,-0.00195312,1.84811,1.79351,10,1290,0.989418,0
1776813176519781866,2.08923,-0.00390625,0.295342,-0.00390625,1.84811,1.79351,10,1290,0.989418,0
1776813176524771731,2.08917,-0.00390625,0.295281,-0.00390625,1.7696,1.79211,10,1290,0.989418,0
1776813176529750708,2.08917,-0.00390625,0.295281,-0.00390625,1.7696,1.79211,10,1290,0.989418,0
1776813176534778425,2.08917,-0.00390625,0.295281,-0.00390625,1.84845,1.79211,10,1290,0.989418,0
1776813176539776216,2.08917,-0.00195312,0.295281,-0.00195312,1.84845,1.79211,10,1290,0.989418,0
1776813176544778322,2.08917,-0.00195312,0.295281,-0.00195312,1.79641,1.79323,10,1290,0.989418,0
1776813176549774706,2.08917,0,0.295281,0,1.79641,1.79323,10,1290,0.989418,0
1776813176554783386,2.08917,0,0.295281,0,1.81577,1.79434,10,1290,0.989418,0
1776813176559770011,2.08917,-0.00390625,0.295281,-0.00390625,1.81577,1.79434,10,1290,0.989418,0
1776813176564861928,2.08917,-0.00390625,0.295281,-0.00390625,1.81599,1.79211,10,1290,0.989418,0
1776813176569795518,2.08917,0.00195312,0.295281,0.00195312,1.81599,1.79211,10,1290,0.989418,0
1776813176574780032,2.08917,0.00195312,0.29528,0.00195312,1.84887,1.79545,10,1290,0.989418,0
1776813176579752472,2.08917,-0.00195312,0.29528,-0.00195312,1.84887,1.79545,10,1290,0.989418,0
1776813176584767874,2.08917,-0.00195312,0.29528,-0.00195312,1.73117,1.79322,10,1290,0.989418,0
1776813176589771517,2.08938,-0.00195312,0.295487,-0.00195312,1.73117,1.79322,10,1290,0.989418,0
1776813176594778864,2.08938,0.00195312,0.295487,0.00195312,1.80277,1.79641,10,1290,0.989418,0
1776813176599773396,2.08938,0.00195312,0.295487,0.00195312,1.80277,1.79641,10,1290,0.989418,0
1776813176604787705,2.08938,0.00390625,0.295487,0.00390625,1.78968,1.79753,10,1290,0.989418,0
1776813176609793644,2.08938,0.00390625,0.295487,0.00390625,1.78968,1.79753,10,1290,0.989418,0
1776813176614769881,2.08938,0,0.295487,0,1.84742,1.7953,10,1290,0.989418,0
1776813176619780079,2.08944,0,0.29555,0,1.84742,1.7953,10,1290,0.989418,0
1776813176624773982,2.08944,0.00195312,0.29555,0.00195312,1.86204,1.79671,10,1290,0.989418,0
1776813176629758607,2.08944,0.00195312,0.29555,0.00195312,1.86204,1.79671,10,1290,0.989418,0
1776813176634763879,2.08944,0,0.29555,0,1.77596,1.79559,10,1290,0.989418,0
1776813176639778670,2.08944,0,0.295551,0,1.77596,1.79559,10,1290,0.989418,0
1776813176644772850,2.08944,-0.00585938,0.295551,-0.00585938,1.7646,1.79226,10,1290,0.989418,0
1776813176649782826,2.08938,-0.00585938,0.295489,-0.00585938,1.7646,1.79226,10,1290,0.989418,0
1776813176654771544,2.08938,0,0.295489,0,1.7308,1.79531,10,1290,0.989418,0
1776813176659806278,2.08938,0,0.295489,0,1.7308,1.79531,10,1290,0.989418,0
1776813176664773330,2.08944,0,0.29555,0,1.73727,1.79559,10,1290,0.989418,0
1776813176669772066,2.08944,-0.00195312,0.29555,-0.00195312,1.73727,1.79559,10,1290,0.989418,0
1776813176674774764,2.0895,-0.00195312,0.295612,-0.00195312,1.75026,1.79477,10,1290,0.989418,0
1776813176679752593,2.0895,0.00390625,0.295612,0.00390625,1.75026,1.79477,10,1290,0.989418,0
1776813176684761532,2.0895,0.00390625,0.29561,0.00390625,1.79022,1.7981,10,1290,0.989418,0
1776813176689775453,2.0895,0.00585938,0.29561,0.00585938,1.79022,1.7981,10,1290,0.989418,0
1776813176694771633,2.0895,0.00585938,0.295611,0.00585938,1.82932,1.79922,10,1290,0.989418,0
1776813176699775035,2.0895,0,0.295611,0,1.82932,1.79922,10,1290,0.989418,0
1776813176704786530,2.08965,0,0.295756,0,1.87431,1.79655,10,1290,0.989418,0
1776813176709777747,2.08965,-0.00195312,0.295756,-0.00195312,1.87431,1.79655,10,1290,0.989418,0
1776813176714773001,2.08965,-0.00195312,0.295756,-0.00195312,1.82843,1.79544,10,1290,0.989418,0
1776813176719782996,2.08965,0.00390625,0.295756,0.00390625,1.82843,1.79544,10,1290,0.989418,0
1776813176724775843,2.08965,0.00390625,0.295756,0.00390625,1.81041,1.79878,10,1290,0.989418,0
1776813176729750857,2.08965,0.00195312,0.295756,0.00195312,1.81041,1.79878,10,1290,0.989418,0
1776813176734828053,2.08965,0.00195312,0.295756,0.00195312,1.7895,1.79767,10,1290,0.989418,0
1776813176739787790,2.08971,0.00195312,0.295818,0.00195312,1.7895,1.79767,10,1290,0.989418,0
1776813176744769341,2.08971,-0.00390625,0.295818,-0.00390625,1.84891,1.79461,10,1290,0.989418,0
1776813176749829297,2.08971,-0.00390625,0.295818,-0.00390625,1.84891,1.79461,10,1290,0.989418,0
1776813176754848421,2.08971,0.00195312,0.295818,0.00195312,1.78892,1.79795,10,1290,0.989418,0
1776813176759839861,2.08971,0.00195312,0.295818,0.00195312,1.78892,1.79795,10,1290,0.989418,0
1776813176764792376,2.08971,0.00585938,0.295818,0.00585938,1.90851,1.80018,10,1290,0.989418,0
1776813176769782334,2.08977,0.00585938,0.295879,0.00585938,1.90851,1.80018,10,1290,0.989418,0
1776813176774776996,2.08977,0,0.295879,0,1.70965,1.79712,10,1290,0.989418,0
1776813176779757010,2.08977,0,0.295879,0,1.70965,1.79712,10,1290,0.989418,0
1776813176784771004,2.08977,0.00390625,0.295879,0.00390625,1.83546,1.79935,10,1290,0.989418,0
1776813176789777184,2.08991,0.00390625,0.296024,0.00390625,1.83546,1.79935,10,1290,0.989418,0
1776813176794812993,2.08991,0.00390625,0.296024,0.00390625,1.90083,1.80003,10,1290,0.989418,0
1776813176799774859,2.08991,0.00390625,0.296023,0.00390625,1.90083,1.80003,10,1290,0.989418,0
1776813176804806575,2.08991,0.00195312,0.296023,0.00195312,1.83544,1.79891,10,1290,0.989418,0
1776813176809776071,2.08991,0.00195312,0.296023,0.00195312,1.83544,1.79891,10,1290,0.989418,0
1776813176814779455,2.09004,0.00195312,0.296146,0.00195312,1.86221,1.79948,10,1290,0.989418,0
1776813176819768599,2.09004,-0.00195312,0.296146,-0.00195312,1.86221,1.79948,10,1290,0.989418,0
1776813176824788611,2.09004,-0.00195312,0.296146,-0.00195312,1.74381,1.79726,10,1290,0.989418,0
1776813176829756681,2.09004,-0.00390625,0.296146,-0.00390625,1.74381,1.79726,10,1290,0.989418,0
1776813176834781731,2.09004,-0.00390625,0.296146,-0.00390625,1.78964,1.79614,10,1290,0.989418,0
1776813176839772708,2.09004,0.00195312,0.296146,0.00195312,1.78964,1.79614,10,1290,0.989418,0
1776813176844779758,2.09004,0.00195312,0.296146,0.00195312,1.83146,1.79948,10,1290,0.989418,0
1776813176849773716,2.09004,0.00390625,0.296146,0.00390625,1.83146,1.79948,10,1290,0.989418,0
1776813176854776563,2.09004,0.00390625,0.296146,0.00390625,1.82207,1.8006,10,1290,0.989418,0
1776813176859774484,2.09004,0.0078125,0.296146,0.0078125,1.82207,1.8006,10,1290,0.989418,0
1776813176864774071,2.09018,0.0078125,0.296292,0.0078125,1.76209,1.8035,10,1290,0.989418,0
1776813176869782047,2.09018,0.00390625,0.296292,0.00390625,1.76209,1.8035,10,1290,0.989418,0
1776813176874769265,2.09018,0.00390625,0.296292,0.00390625,1.75074,1.80127,10,1290,0.989418,0
1776813176879759075,2.09018,0.00976562,0.296292,0.00976562,1.75074,1.80127,10,1290,0.989418,0
1776813176884760959,2.09018,0.00976562,0.296292,0.00976562,1.76315,1.80461,10,1290,0.989418,0
1776813176889771342,2.09051,0.00976562,0.296621,0.00976562,1.76315,1.80461,10,1290,0.989418,0
1776813176894772911,2.09051,0.00585938,0.296621,0.00585938,1.87642,1.80392,10,1290,0.989418,0
1776813176899780702,2.09057,0.00585938,0.296683,0.00585938,1.87642,1.80392,10,1290,0.989418,0
1776813176904787530,2.09057,0,0.296683,0,1.73043,1.80087,10,1290,0.989418,0
1776813176909779470,2.09072,0,0.296828,0,1.73043,1.80087,10,1290,0.989418,0
1776813176914776428,2.09072,0.00585938,0.296828,0.00585938,1.71224,1.80489,10,1290,0.989418,0
1776813176919794015,2.09072,0.00585938,0.296828,0.00585938,1.71224,1.80489,10,1290,0.989418,0
1776813176924778436,2.09072,0.00195312,0.296828,0.00195312,1.76393,1.80266,10,1290,0.989418,0
1776813176929758395,2.09072,0.00195312,0.296828,0.00195312,1.76393,1.80266,10,1290,0.989418,0
1776813176934763408,2.09072,0.00976562,0.296828,0.00976562,1.86218,1.80711,10,1290,0.989418,0
1776813176939774273,2.09078,0.00976562,0.296891,0.00976562,1.86218,1.80711,10,1290,0.989418,0
1776813176944770342,2.09078,0.015625,0.296891,0.015625,1.82236,1.81075,10,1290,0.989418,0
1776813176949774855,2.09078,0.015625,0.296891,0.015625,1.82236,1.81075,10,1290,0.989418,0
1776813176954774091,2.09078,0.015625,0.296891,0.015625,1.91774,1.81075,10,1290,0.989418,0
1776813176959778123,2.09078,0.015625,0.296891,0.015625,1.91774,1.81075,10,1290,0.989418,0
1776813176964773044,2.09126,0.015625,0.297367,0.015625,1.7919,1.81296,10,1290,0.989418,0
1776813176969773261,2.09126,0.0195312,0.297367,0.0195312,1.7919,1.81296,10,1290,0.989418,0
1776813176974773015,2.09153,0.0195312,0.297636,0.0195312,1.80277,1.81644,10,1290,0.989418,0
1776813176979793602,2.09153,0.03125,0.297636,0.03125,1.80277,1.81644,10,1290,0.989418,0
1776813176984775949,2.09174,0.03125,0.297845,0.03125,1.81253,1.82409,10,1290,0.989418,0
1776813176989769167,2.09174,0.0273438,0.297845,0.0273438,1.81253,1.82409,10,1290,0.989418,0
1776813176994773384,2.0918,0.0273438,0.297908,0.0273438,1.95781,1.82216,10,1290,0.989418,0
1776813176999773749,2.0918,0.0390625,0.297908,0.0390625,1.95781,1.82216,10,1290,0.989418,0
1776813177004783485,2.09213,0.0390625,0.29824,0.0390625,1.71798,1.83038,10,1290,0.989418,0
1776813177009774628,2.09213,0.0566406,0.29824,0.0566406,1.71798,1.83038,10,1290,0.989418,0
1776813177014830974,2.09282,0.0566406,0.298926,0.0566406,1.71786,1.84359,10,1290,0.989418,0
1776813177019785063,2.09282,0.0605469,0.298926,0.0605469,1.71786,1.84359,10,1290,0.989418,0
1776813177024777466,2.09294,0.0605469,0.299049,0.0605469,1.8027,1.8464,10,1290,0.989418,0
1776813177029757906,2.09294,0.111328,0.299049,0.111328,1.8027,1.8464,10,1290,0.989418,0
1776813177034769512,2.09449,0.111328,0.300604,0.111328,1.78984,1.87534,10,1290,0.989418,0
1776813177039788414,2.09449,0.167969,0.300604,0.167969,1.78984,1.87534,10,1290,0.989418,0
1776813177044777799,2.09638,0.167969,0.30249,0.167969,1.9798,1.92362,10,1290,0.989418,0
1776813177049774035,2.09638,0.193359,0.30249,0.193359,1.9798,1.92362,10,1290,0.989418,0
1776813177054783141,2.0976,0.193359,0.303712,0.193359,1.87456,1.94377,10,1290,0.989418,0
1776813177059773192,2.0976,0.216797,0.303712,0.216797,1.87456,1.94377,10,1289,0.988651,-0.153399
1776813177064794668,2.0982,0.216797,0.303546,0.0633984,1.89915,1.95992,10,1289,0.988651,0
1776813177069772146,2.0982,0.304688,0.303546,0.304688,1.89915,1.95992,10,1289,0.988651,0
1776813177074768641,2.10267,0.304688,0.30801,0.304688,1.87723,2.03073,10,1289,0.988651,0
1776813177079825672,2.10267,0.341797,0.30801,0.341797,1.87723,2.03073,10,1289,0.988651,0
1776813177084784909,2.10354,0.341797,0.308885,0.341797,1.88362,2.05594,10,1289,0.988651,0
1776813177089779886,2.10354,0.455078,0.308885,0.455078,1.88362,2.05594,10,1289,0.988651,0
1776813177094781937,2.11025,0.455078,-0.312727,0.455078,2.07595,2.15154,10,1289,0.988651,0
1776813177099770377,2.11025,0.503906,-0.312727,0.503906,2.07595,2.15154,10,1288,0.987884,-0.153368
1776813177104781075,2.11208,0.503906,-0.311658,0.503906,2.21125,2.17937,10,1288,0.987884,0
1776813177109778848,2.11208,0.503906,-0.311658,0.503906,2.21125,2.17937,10,1288,0.987884,0
1776813177114811157,2.12351,0.673828,-0.300231,0.673828,2.2255,2.28471,10,1288,0.987884,0
1776813177119780672,2.12351,0.710938,-0.300231,0.710938,2.2255,2.28471,10,1288,0.987884,0
1776813177124773427,2.12809,0.710938,-0.295656,0.710938,2.23942,2.37953,10,1288,0.987884,0
1776813177129761201,2.12809,0.794922,-0.295656,0.794922,2.23942,2.37953,10,1288,0.987884,0
1776813177134763992,2.13568,0.794922,-0.28806,0.794922,2.27942,2.46221,10,1288,0.987884,0
1776813177139772135,2.13568,0.832031,-0.28806,0.832031,2.27942,2.46221,10,1288,0.987884,0
1776813177144777575,2.13849,0.832031,-0.28525,0.832031,2.31707,2.49621,10,1289,0.988651,0
1776813177149784218,2.13849,0.912109,-0.284483,0.912109,2.31707,2.49621,10,1290,0.989418,0.153368
1776813177154774899,2.15307,0.912109,-0.269136,1.06548,2.38968,2.60831,10,1291,0.990185,0.153429
1776813177159778135,2.15307,0.929688,-0.268369,1.08312,2.38968,2.60831,10,1293,0.991719,0.306797
1776813177164773074,2.15611,0.929688,-0.263798,1.23648,2.52444,2.63213,10,1295,0.993253,0.306736
1776813177169781903,2.15611,0.875,-0.262264,1.18174,2.52444,2.63213,10,1298,0.995554,0.460288
1776813177174772472,2.17149,0.875,-0.242283,1.3351,2.55398,2.60096,10,1302,0.998621,0.460104
1776813177179754968,2.17149,0.792969,-0.241516,1.25307,2.55398,2.60096,10,1306,1.00169,0.460184
1776813177184763148,2.17977,0.792969,-0.230166,1.25315,2.43818,2.66113,10,1310,1.00476,0.613594
1776813177189843159,2.17977,0.681641,-0.227098,1.29523,2.43818,2.66113,10,1315,1.00859,0.767146
1776813177194791638,2.18703,0.681641,-0.216004,1.44879,2.56194,2.63029,10,1321,1.01319,0.920207
1776813177199782504,2.18703,0.521484,-0.211402,1.44169,2.56194,2.63029,10,1327,1.0178,1.07357
1776813177204845923,2.19291,0.521484,-0.200919,1.59506,2.49508,2.56535,10,1334,1.02317,0.920759
1776813177209795105,2.19291,0.283203,-0.19555,1.20396,2.49508,2.56535,10,1343,1.03007,1.2267
1776813177214778879,2.19677,0.283203,-0.18479,1.5099,2.63786,2.44678,10,1351,1.0362,1.38084
1776813177219783467,2.19677,0.15625,-0.178654,1.53709,2.63786,2.44678,10,1361,1.04387,1.38086
1776813177224774666,2.19789,0.15625,-0.169865,1.53711,2.52794,2.37942,10,1371,1.05154,1.38031
1776813177229753903,2.19789,0.15625,-0.169865,1.53711,2.52794,2.37942,10,1371,1.05154,1.38031
1776813177234763083,2.19726,-0.193359,-0.149784,1.34001,2.39192,2.18014,10,1392,1.06765,1.53337
1776813177239770004,2.19726,-0.232422,-0.146716,1.30095,2.39192,2.18014,10,1402,1.07532,1.53429
1776813177244775814,2.19726,-0.232422,-0.139046,1.30187,2.31921,2.15507,10,1412,1.08299,1.68736
1776813177249777105,2.19586,-0.232422,-0.132775,1.45494,2.31921,2.15507,10,1420,1.08913,1.68772
1776813177254795396,2.19586,-0.349609,-0.126639,1.33811,2.17353,2.08202,10,1435,1.10063,1.84041
1776813177259772559,2.19292,-0.349609,-0.118073,1.4908,2.17353,2.08202,10,1444,1.10753,1.84041
1776813177264775350,2.19292,-0.529297,-0.11117,1.31112,2.00535,1.96645,10,1461,1.12057,1.99416
1776813177269814881,2.18593,-0.529297,-0.105122,1.46486,2.00535,1.96645,10,1470,1.12748,1.99498
1776813177274797099,2.18593,-0.587891,-0.0982192,1.40709,2.1358,1.90172,10,1486,1.13975,1.99338
1776813177279761318,2.18035,-0.587891,-0.091527,1.40549,2.1358,1.90172,10,1495,1.14665,1.84115
1776813177284764480,2.18035,-0.609375,-0.0846241,1.23178,1.90872,1.86441,10,1511,1.15892,1.84115
1776813177289789085,2.17437,-0.609375,-0.0783321,1.23178,1.90872,1.86441,10,1520,1.16583,1.99376
1776813177294778599,2.17437,-0.626953,-0.0714291,1.3668,1.98469,1.82746,10,1535,1.17733,1.84041
1776813177299779261,2.1682,-0.626953,-0.0660974,1.21346,1.98469,1.82746,10,1544,1.18423,1.84115
1776813177304781682,2.1682,-0.648438,-0.0591944,1.19271,1.92726,1.78735,10,1560,1.19651,1.84115
1776813177309787863,2.16183,-0.648438,-0.0532876,1.19271,1.92726,1.78735,10,1569,1.20341,1.99376
1776813177314785228,2.16183,-0.630859,-0.0463848,1.3629,1.60547,1.76857,10,1584,1.21491,1.84115
1776813177319775132,2.16183,-0.630859,-0.0348799,1.21029,1.60547,1.76857,10,1593,1.22182,1.84041
1776813177324769127,2.15541,-0.630859,-0.0343969,1.20955,1.84657,1.73946,10,1605,1.23102,1.84078
1776813177329749271,2.15541,-0.587891,-0.025193,1.25289,1.84657,1.73946,10,1618,1.24099,1.68772
1776813177334766951,2.14949,-0.587891,-0.0211469,1.09983,1.77867,1.73701,10,1630,1.25019,1.84039
1776813177339770965,2.14949,-0.533203,-0.011943,1.30719,1.77867,1.73701,10,1642,1.2594,1.53399
1776813177344779311,2.14111,-0.533203,-0.0111204,1.00078,1.84575,1.72998,10,1651,1.2663,1.68772
1776813177349773899,2.14111,-0.480469,-0.00421751,1.20725,1.84575,1.72998,10,1663,1.27551,1.53368
1776813177354788654,2.13453,-0.480469,-0.00159037,1.05321,1.75724,1.72997,10,1672,1.28241,1.68738
1776813177359775464,2.13453,-0.455078,0.00531244,1.23231,1.75724,1.72997,10,1682,1.29008,1.68736
1776813177364798903,2.13125,-0.455078,0.0097003,1.23228,1.69191,1.7294,10,1692,1.29775,1.68772
1776813177369775547,2.13125,-0.429688,0.0173702,1.25803,1.69191,1.7294,10,1704,1.30695,1.53399
1776813177374771098,2.12995,-0.429688,0.0252726,1.1043,1.87967,1.73791,10,1715,1.31539,1.68738
1776813177379754650,2.12995,-0.351562,0.0337095,1.33582,1.87967,1.73791,10,1727,1.32459,1.53368
1776813177384762830,2.12312,-0.351562,0.0360852,1.18212,1.59236,1.75109,10,1735,1.33073,1.53427
1776813177389777991,2.12312,-0.255859,0.0422212,1.27841,1.59236,1.75109,10,1747,1.33993,1.53368
1776813177394772135,2.12312,-0.255859,0.0514251,1.27782,1.62294,1.80564,10,1755,1.34607,1.53429
1776813177399776371,2.1193,-0.255859,0.0537387,1.27843,1.62294,1.80564,10,1762,1.35144,1.38059
1776813177404773533,2.1193,-0.210938,0.0591077,1.16965,1.80282,1.81365,10,1774,1.36064,1.53368
1776813177409780954,2.11814,-0.210938,0.0671562,1.32274,1.80282,1.81365,10,1780,1.36524,1.38086
1776813177414777727,2.11814,-0.138672,0.0717582,1.24219,1.71039,1.84952,10,1793,1.37521,1.53365
1776813177419781185,2.11515,-0.138672,0.078732,1.39498,1.71039,1.84952,10,1800,1.38058,1.53307
1776813177424771532,2.11481,-0.126953,0.0922005,1.25446,1.9744,1.84239,10,1815,1.39209,1.38142
1776813177429765602,2.11481,-0.126953,0.0922005,1.25446,1.9744,1.84239,10,1815,1.39209,1.38142
1776813177434760764,2.11303,-0.0878906,0.10576,1.4464,1.96391,1.8631,10,1836,1.40819,1.53429
1776813177439770148,2.11303,-0.0527344,0.109595,1.48156,1.96391,1.8631,10,1845,1.4151,1.53396
1776813177444772662,2.11221,-0.0527344,0.115677,1.48123,1.82331,1.87113,10,1854,1.422,1.68738
1776813177449780712,2.11221,-0.0429688,0.12258,1.64442,1.82331,1.87113,10,1864,1.42967,1.53399
1776813177454772300,2.11193,-0.0429688,0.129975,1.49102,2.0252,1.87543,10,1872,1.43581,1.53399
1776813177459777703,2.11193,-0.0195312,0.136111,1.51445,2.0252,1.87543,10,1882,1.44348,1.68738
1776813177464774254,2.11166,-0.0195312,0.151944,1.36106,1.90813,1.88879,10,1897,1.45498,1.38059
1776813177469780323,2.11166,-0.0195312,0.151944,1.36106,1.90813,1.88879,10,1897,1.45498,1.38059
1776813177474780651,2.11159,0.015625,0.167218,1.70233,1.65949,1.90756,10,1918,1.47109,1.68671
1776813177479751537,2.11159,0.0507812,0.171053,1.73749,1.65949,1.90756,10,1928,1.47876,1.68738
1776813177484766550,2.11193,0.0507812,0.179057,1.73817,1.96714,1.92884,10,1938,1.48643,1.68806
1776813177489771489,2.11193,0.0625,0.186727,1.75056,1.96714,1.92884,10,1949,1.49486,1.68671
1776813177494799799,2.1122,0.0625,0.195436,1.74921,1.87437,1.93678,10,1959,1.50253,1.84113
1776813177499815071,2.1122,0.0644531,0.203106,1.90558,1.87437,1.93678,10,1970,1.51097,1.84041
1776813177504789326,2.11247,0.0644531,0.211814,1.90487,1.90322,1.93914,10,1983,1.52094,1.84115
1776813177509776378,2.11247,0.0878906,0.221785,1.92904,1.90322,1.93914,10,1997,1.53168,1.84078
1776813177514785836,2.11383,0.0878906,0.233884,1.92867,1.97123,1.95878,10,2007,1.53935,1.99216
1776813177519818404,2.11383,0.0859375,0.241553,2.0781,1.97123,1.95878,10,2021,1.55009,1.84299
1776813177524789215,2.11404,0.0859375,0.2525,1.92893,1.87932,1.95863,10,2032,1.55852,1.84078
1776813177529765748,2.11404,0.0625,0.260937,1.90328,1.87932,1.95863,10,2046,1.56926,1.84078
1776813177534764743,2.1154,0.0625,0.281477,2.05628,2.07372,1.94527,10,2063,1.5823,1.99378
1776813177539767924,2.1154,0.0527344,0.286079,2.04652,2.07372,1.94527,10,2075,1.59151,1.99416
1776813177544779863,2.11616,0.0527344,0.296041,2.04689,1.87508,1.9495,10,2085,1.59917,1.99458
1776813177549802098,2.11616,0.0546875,0.303711,2.04927,1.87508,1.9495,10,2095,1.60684,1.68738
1776813177554784390,2.11644,0.0546875,0.311654,1.74207,2.05314,1.95188,10,2097,1.60838,1.07357
1776813177559777275,2.11644,0.09375,0.313188,1.16732,2.05314,1.95188,10,2097,1.60838,0
1776813177564774770,2.11678,0.09375,0.313528,0.09375,2.28528,1.97571,10,2093,1.60531,-0.306736
1776813177569771025,2.11678,2.08789,0.31046,1.78115,2.28528,1.97571,10,2091,1.60378,-0.460104
1776813177574798316,2.13444,2.08789,-0.301725,1.62779,2.53013,3.19353,10,2091,1.60378,-0.153429
1776813177579757905,2.13444,2.06836,-0.301725,1.91493,2.53013,3.19353,10,2094,1.60608,0.153399
1776813177584772085,2.15011,2.06836,-0.283762,2.22176,2.18699,3.25388,10,2099,1.60991,0.766993
1776813177589770950,2.15011,1.25391,-0.279927,2.0209,2.18699,3.25388,10,2108,1.61682,1.07379
1776813177594850647,2.16587,1.25391,-0.25726,2.3277,2.53616,2.86116,10,2114,1.62142,1.22716
1776813177599797773,2.16587,0.667969,-0.252658,1.89513,2.53616,2.86116,10,2123,1.62832,1.38086
1776813177604789232,2.16587,0.667969,-0.245755,2.04883,2.46669,2.52717,10,2134,1.63676,1.53399
1776813177609774524,2.17534,0.667969,-0.227852,2.20195,2.46669,2.52717,10,2144,1.64443,1.68671
1776813177614772353,2.17534,0.0761719,-0.220182,1.76288,2.73805,2.23258,10,2159,1.65593,1.68772
1776813177619783366,2.18084,0.0761719,-0.203177,1.76389,2.73805,2.23258,10,2168,1.66284,1.84076
1776813177624859137,2.18084,-0.308594,-0.196275,1.53216,2.46455,2.03803,10,2185,1.67587,1.99378
1776813177629816300,2.17971,-0.308594,-0.184358,1.68519,2.46455,2.03803,10,2194,1.68278,1.99498
1776813177634784204,2.17971,-0.53125,-0.177456,1.46373,2.47959,1.90606,10,2210,1.69505,1.99418
1776813177639944638,2.17525,-0.53125,-0.169644,1.46293,2.47959,1.90606,10,2220,1.70195,1.84041
1776813177644800323,2.17525,-0.46875,-0.161974,1.37166,2.08671,1.9216,10,2236,1.71499,1.99416
1776813177649779856,2.17018,-0.46875,-0.154771,1.52541,2.08671,1.9216,10,2245,1.72189,1.99378
1776813177654771907,2.17018,-0.398438,-0.147868,1.59534,1.64382,1.93882,10,2260,1.7334,1.84152
1776813177659775125,2.16569,-0.398438,-0.140861,1.44308,1.64382,1.93882,10,2270,1.74107,1.99418
1776813177664776342,2.16569,-0.458984,-0.133191,1.5352,1.82241,1.88398,10,2287,1.75411,1.99376
1776813177669779412,2.16161,-0.458984,-0.124228,1.53477,1.82241,1.88398,10,2296,1.76101,1.99378
1776813177674776462,2.16161,-0.558594,-0.117325,1.43519,1.67986,1.80875,10,2314,1.77482,2.14801
1776813177679759106,2.16161,-0.558594,-0.103519,1.58942,1.67986,1.80875,10,2324,1.78249,2.14715
1776813177684771398,2.15636,-0.558594,-0.101104,1.58856,1.93505,1.78492,10,2340,1.79476,2.14798
1776813177689772152,2.15636,-0.697266,-0.0888321,1.45072,1.93505,1.78492,10,2357,1.8078,2.30098
1776813177694780388,2.14699,-0.697266,-0.0851569,1.60371,1.75498,1.6633,10,2370,1.81777,2.30052
1776813177699776087,2.14699,-0.691406,-0.075186,1.60911,1.75498,1.6633,10,2386,1.83004,2.30098
1776813177704786286,2.13656,-0.691406,-0.0733474,1.60957,1.87732,1.61901,10,2399,1.84001,2.14756
1776813177709779263,2.13656,-0.677734,-0.0633765,1.46982,1.87732,1.61901,10,2414,1.85151,2.14844
1776813177714776462,2.13321,-0.677734,-0.0552233,1.4707,1.70755,1.61146,10,2426,1.86072,2.14672
1776813177719772105,2.13321,-0.644531,-0.0460194,1.50219,1.70755,1.61146,10,2442,1.87299,2.14801
1776813177724776156,2.12645,-0.644531,-0.0405075,1.50348,1.67655,1.59939,10,2454,1.88219,2.14713
1776813177729753059,2.12645,-0.542969,-0.0313036,1.60416,1.67655,1.59939,10,2470,1.89447,2.14758
1776813177734762814,2.12046,-0.542969,-0.025022,1.60461,1.53578,1.62973,10,2482,1.90367,2.14801
1776813177739769123,2.12046,-0.449219,-0.0158181,1.69879,1.53578,1.62973,10,2498,1.91594,1.99418
1776813177744770026,2.11556,-0.449219,-0.0084406,1.54496,1.79179,1.66062,10,2509,1.92438,2.14756
1776813177749772688,2.11556,-0.40625,-3.678e-06,1.74131,1.79179,1.66062,10,2524,1.93588,1.99418
1776813177754779683,2.11122,-0.40625,0.0155958,1.58753,1.53915,1.68511,10,2541,1.94892,1.99378
1776813177759771419,2.11122,-0.380859,0.0201978,1.61292,1.53915,1.68511,10,2552,1.95736,1.99458
1776813177764780766,2.10728,-0.380859,0.0246942,1.61372,1.64346,1.66133,10,2564,1.96656,1.99376
1776813177769774650,2.10728,-0.310547,0.0338981,1.68321,1.64346,1.66133,10,2575,1.975,1.84115
1776813177774832366,2.10214,-0.310547,0.0371947,1.5306,1.6909,1.6776,10,2586,1.98344,1.99458
1776813177779762030,2.10214,-0.277344,0.0456317,1.71724,1.6909,1.6776,10,2600,1.99418,1.84078
1776813177784766581,2.10052,-0.277344,0.0547509,1.56344,1.62337,1.68902,10,2610,2.00184,1.84076
1776813177789769872,2.10052,-0.158203,0.0624207,1.68256,1.62337,1.68902,10,2623,2.01182,1.84078
1776813177794771479,2.09843,-0.158203,0.0703007,1.68258,1.84582,1.74723,10,2633,2.01949,1.68705
1776813177799781252,2.09843,-0.0917969,0.0779706,1.59525,1.84582,1.74723,10,2645,2.02869,1.68738
1776813177804775636,2.09714,-0.0917969,0.0858835,1.59559,1.62998,1.77908,10,2655,2.03636,1.68772
1776813177809785186,2.09714,-0.0292969,0.0935534,1.65842,1.62998,1.77908,10,2667,2.04556,1.68705
1776813177814773052,2.0966,-0.0292969,0.102214,1.65775,1.83711,1.81218,10,2676,2.05247,1.68705
1776813177819786232,2.0966,-0.0078125,0.109116,1.67923,1.83711,1.81218,10,2688,2.06167,1.5346
1776813177824785228,2.09632,-0.0078125,0.125714,1.83219,1.86299,1.82443,10,2703,2.07317,1.84
1776813177829759076,2.09632,-0.0078125,0.125714,1.83219,1.86299,1.82443,10,2703,2.07317,1.84
1776813177834762775,2.09625,0.0078125,0.143287,1.69553,1.68446,1.83205,10,2726,2.09082,1.68772
1776813177839772251,2.09625,0.03125,0.147122,1.71897,1.68446,1.83205,10,2734,2.09695,1.84078
1776813177844771746,2.09631,0.03125,0.15332,1.87203,1.95902,1.84538,10,2744,2.10462,1.83931
1776813177849779667,2.09631,0.0898438,0.16099,1.92915,1.95902,1.84538,10,2757,2.11459,1.6884
1776813177854772718,2.09712,0.0898438,0.171769,1.77824,1.69693,1.88254,10,2767,2.12226,1.84152
1776813177859779417,2.09712,0.111328,0.179439,1.95285,1.69693,1.88254,10,2780,2.13223,1.68738
1776813177864773264,2.09766,0.111328,0.189951,1.79871,1.90922,1.89729,10,2790,2.1399,1.68705
1776813177869769945,2.09766,0.136719,0.197621,1.82377,1.90922,1.89729,10,2802,2.14911,1.68734
1776813177874772162,2.09969,0.136719,0.208856,1.82405,1.80773,1.9212,10,2813,2.15754,1.84041
1776813177879755769,2.09969,0.123047,0.217293,1.96346,1.80773,1.9212,10,2826,2.16751,1.84115
1776813177884763153,2.10029,0.123047,0.227864,1.9642,1.82247,1.91619,10,2837,2.17595,1.84078
1776813177889773482,2.10029,0.09375,0.236301,1.93453,1.82247,1.91619,10,2852,2.18746,1.99418
1776813177894769755,2.10179,0.09375,0.258505,2.24133,1.92301,1.89949,10,2870,2.20126,2.14758
1776813177899774342,2.10179,0.09375,0.258505,2.24133,1.92301,1.89949,10,2870,2.20126,2.14758
1776813177904787374,2.10219,0.0820312,0.280379,2.07701,1.82891,1.89975,10,2898,2.22274,1.99498
1776813177909789721,2.10219,0.0742188,0.284981,2.0692,1.82891,1.89975,10,2911,2.23271,2.14758
1776813177914777421,2.10342,0.0742188,0.296184,2.2218,1.92066,1.90285,10,2921,2.24038,2.14667
1776813177919773749,2.10342,0.0742188,0.303854,2.22089,1.92066,1.90285,10,2928,2.24575,1.5346
1776813177924767300,2.10376,0.0742188,0.30956,1.60882,1.73381,1.90441,10,2929,2.24651,0.613594
1776813177929799813,2.10376,1.70508,0.310327,2.31867,1.73381,1.90441,10,2926,2.24421,-0.153399
1776813177934789550,2.113,1.70508,-0.311049,1.55168,2.58766,2.87675,10,2923,2.24191,-0.613594
1776813177939771453,2.113,2.4707,-0.31335,1.85711,2.58766,2.87675,10,2922,2.24115,-0.306736
1776813177944782411,2.12326,2.4707,-0.30386,2.16397,2.62009,3.36041,10,2924,2.24268,0
1776813177949774351,2.12326,1.50195,-0.302326,1.50195,2.62009,3.36041,10,2929,2.24651,0.613471
1776813177954778216,2.15641,1.50195,-0.265342,2.11542,2.48528,2.95967,10,2937,2.25265,1.07357
1776813177959773082,2.15641,1.14648,-0.259206,2.22006,2.48528,2.95967,10,2945,2.25879,1.22768
1776813177964782818,2.15641,1.14648,-0.25307,2.37416,2.45587,2.75705,10,2957,2.26799,1.53368
1776813177969776480,2.16291,1.14648,-0.237361,2.68016,2.45587,2.75705,10,2969,2.27719,1.84041
1776813177974780494,2.16291,1.14648,-0.237361,2.68016,2.45587,2.75705,10,2969,2.27719,1.84041
1776813177979780507,2.16291,0.445312,-0.228157,2.28573,2.44737,2.38688,10,2996,2.2979,1.99418
1776813177984777058,2.17458,0.445312,-0.195784,2.43949,2.88307,2.43957,10,3008,2.30711,2.14801
1776813177989772572,2.17458,-0.205078,-0.18658,1.94293,2.88307,2.43957,10,3026,2.32091,2.45433
1776813177994776752,2.17748,-0.205078,-0.169869,2.24925,2.58647,2.08194,10,3043,2.33395,2.45389
1776813177999775137,2.17748,-0.398438,-0.156831,2.05545,2.58647,2.08194,10,3055,2.34316,2.14758
1776813178004782336,2.17601,-0.398438,-0.149096,1.74914,2.74021,1.9651,10,3071,2.35543,2.14801
1776813178009771943,2.17601,-0.572266,-0.136824,1.57574,2.74021,1.9651,10,3085,2.36617,2.30098
1776813178014776253,2.16829,-0.572266,-0.133806,1.72871,2.10865,1.83119,10,3102,2.3792,2.45389
1776813178019773527,2.16829,-0.587891,-0.120767,1.86599,2.10865,1.83119,10,3116,2.38994,2.30052
1776813178024784874,2.16546,-0.587891,-0.112863,1.71263,1.68484,1.80947,10,3132,2.40221,2.3019
1776813178029809368,2.16546,-0.5,-0.100592,1.8019,1.68484,1.80947,10,3147,2.41372,2.45433
1776813178034785606,2.15727,-0.5,-0.0972782,1.95433,1.7315,1.82246,10,3163,2.42599,2.30098
1776813178039776342,2.15727,-0.580078,-0.0850063,1.7209,1.7315,1.82246,10,3177,2.43673,2.45389
1776813178044793708,2.15727,-0.580078,-0.0742684,1.87381,1.53011,1.77681,10,3194,2.44977,2.30144
1776813178049780241,2.15443,-0.580078,-0.0640641,1.72136,1.53011,1.77681,10,3209,2.46127,2.30052
1776813178054859178,2.15443,-0.585938,-0.0525592,1.71458,1.90427,1.7606,10,3229,2.47661,2.45487
1776813178059800509,2.14581,-0.585938,-0.0458396,1.86893,1.90427,1.7606,10,3241,2.48582,2.45389
1776813178064855169,2.14581,-0.646484,-0.036636,1.8074,2.12468,1.68687,10,3257,2.49809,2.30093
1776813178069812370,2.13634,-0.646484,-0.0338388,1.65445,2.12468,1.68687,10,3267,2.50576,2.30144
1776813178074809847,2.13634,-0.626953,-0.0261689,1.67448,1.75488,1.65474,10,3286,2.52033,2.30052
1776813178079759215,2.13325,-0.626953,-0.0146836,1.67356,1.75488,1.65474,10,3296,2.528,2.14758
1776813178084767988,2.13325,-0.582031,-0.00701366,1.56555,1.71881,1.66621,10,3314,2.54181,2.14801
1776813178089771317,2.12403,-0.582031,-0.00243197,1.56598,1.71881,1.66621,10,3324,2.54948,2.29868
1776813178094771868,2.12403,-0.535156,0.00523797,1.76352,1.56482,1.6506,10,3342,2.56328,1.99578
1776813178099780345,2.1213,-0.535156,0.0163225,1.46062,1.56482,1.6506,10,3352,2.57095,2.30139
1776813178104782730,2.1213,-0.386719,0.0239922,1.91467,1.77788,1.7227,10,3370,2.58476,2.14672
1776813178109868352,2.11451,-0.386719,0.0310046,1.76,1.77788,1.7227,10,3381,2.59319,2.14801
1776813178114792776,2.11451,-0.378906,0.0394415,1.7691,1.65349,1.69585,10,3399,2.607,2.14758
1776813178119783179,2.1124,-0.378906,0.0588097,1.92207,1.65349,1.69585,10,3416,2.62004,2.30098
1776813178124775157,2.1124,-0.380859,0.0641786,1.92012,1.83943,1.68501,10,3430,2.63078,2.14758
1776813178129755320,2.1067,-0.380859,0.0692164,1.76672,1.83943,1.68501,10,3442,2.63998,2.30052
1776813178134768352,2.1067,-0.380859,0.0784203,1.91966,1.66042,1.65866,10,3457,2.65149,2.14801
1776813178139776810,2.10487,-0.380859,0.0880877,1.76715,1.66042,1.65866,10,3467,2.65916,2.30001
1776813178144784065,2.10487,-0.275391,0.0957576,2.02462,1.93417,1.71027,10,3486,2.67373,2.14801
1776813178149773468,2.09978,-0.275391,0.105246,1.87262,1.93417,1.71027,10,3497,2.68217,2.3019
1776813178154780612,2.09978,-0.21875,0.113683,2.08315,1.65338,1.71899,10,3515,2.69597,2.30006
1776813178159778496,2.09864,-0.21875,0.126346,2.08131,1.65338,1.71899,10,3526,2.70441,2.29914
1776813178164783751,2.09864,-0.0878906,0.134783,2.21125,1.81043,1.78827,10,3545,2.71898,2.14973
1776813178169782950,2.09633,-0.0878906,0.14705,2.06184,1.81043,1.78827,10,3555,2.72665,2.14758
1776813178174788724,2.09633,-0.078125,0.15472,2.06945,1.64383,1.78313,10,3573,2.74046,2.29955
1776813178179756109,2.09579,-0.078125,0.167987,2.22143,1.64383,1.78313,10,3583,2.74813,2.14887
1776813178184771493,2.09579,-0.0820312,0.175657,2.06684,1.88863,1.7784,10,3602,2.7627,2.29914
1776813178189772026,2.09444,-0.0820312,0.197312,2.06684,1.88863,1.7784,10,3619,2.77574,2.14887
1776813178194783151,2.09444,-0.0898438,0.201914,2.05902,1.7431,1.76765,10,3634,2.78724,2.30144
1776813178199774665,2.09363,-0.0898438,0.212607,2.21159,1.7431,1.76765,10,3645,2.79568,2.14758
1776813178204789845,2.09363,-0.0644531,0.221044,2.08313,1.9604,1.77835,10,3660,2.80718,2.30052
1776813178209776693,2.09315,-0.0644531,0.232073,2.23606,1.9604,1.77835,10,3673,2.81716,2.14844
1776813178214779263,2.09315,0.0214844,0.242044,2.16992,1.67842,1.82512,10,3688,2.82866,1.99373
1776813178219777110,2.09289,0.0214844,0.253288,2.01522,1.67842,1.82512,10,3698,2.83633,2.14801
1776813178224782273,2.09289,0.0546875,0.260958,2.2027,1.81727,1.84283,10,3716,2.85014,2.14715
1776813178229753658,2.0931,0.0546875,0.274976,2.20184,1.81727,1.84283,10,3727,2.85857,2.30098
1776813178234761468,2.0931,0.0917969,0.283413,2.39277,1.70357,1.86497,10,3747,2.87315,2.30098
1776813178239768445,2.09392,0.0917969,0.299566,2.39277,1.70357,1.86497,10,3758,2.88235,2.45487
1776813178244775200,2.09392,0.0859375,0.308003,2.5408,1.99388,1.86541,10,3768,2.89002,1.84041
1776813178249776177,2.095,0.0859375,-0.311567,1.92635,1.99388,1.86541,10,3769,2.89079,0.460288
1776813178254779246,2.095,0.541016,-0.3108,1.0013,2.19516,2.12982,10,3764,2.88695,-0.306674
1776813178259771502,2.09654,0.541016,0.312924,-0.225977,2.19516,2.12982,10,3761,2.88465,-0.766993
1776813178264772756,2.09654,2.55078,0.312924,1.78379,2.71545,3.28256,10,3760,2.88388,-0.306797
1776813178269772326,2.11274,2.55078,-0.299962,2.24398,2.71545,3.28256,10,3760,2.88388,0
1776813178274779488,2.11274,2.41406,-0.299962,2.41406,2.43198,3.27965,10,3767,2.88925,0.460104
1776813178279751151,2.14023,2.41406,-0.267098,2.87417,2.43198,3.27965,10,3774,2.89462,1.22694
1776813178284819182,2.14023,1.3125,-0.26173,2.53944,2.58759,2.77802,10,3785,2.90306,1.38059
1776813178289787086,2.15812,1.3125,-0.235406,2.69309,2.58759,2.77802,10,3792,2.90843,1.53455
1776813178294775489,2.15812,0.539062,-0.230037,2.07361,2.36093,2.41859,10,3806,2.91917,1.53337
1776813178299779596,2.17104,0.539062,-0.206375,2.07243,2.36093,2.41859,10,3814,2.9253,1.68806
1776813178304779777,2.17104,0.460938,-0.200239,2.149,2.49638,2.43253,10,3828,2.93604,1.68671
1776813178309783068,2.17367,0.460938,-0.186876,2.14765,2.49638,2.43253,10,3837,2.94294,1.84152
1776813178314777286,2.17367,0.111328,-0.179973,1.95285,2.37845,2.2451,10,3854,2.95598,1.99418
1776813178319772801,2.17885,0.111328,-0.16175,2.10551,2.37845,2.2451,10,3865,2.96442,2.14672
1776813178324774833,2.17885,-0.109375,-0.153313,2.03735,2.81382,2.14265,10,3882,2.97746,2.14844
1776813178329758700,2.17878,-0.109375,-0.131907,2.0382,2.81382,2.14265,10,3900,2.99126,2.14758
1776813178334764603,2.17878,-0.314453,-0.126538,1.83313,2.22898,2.02545,10,3912,3.00047,2.30093
1776813178339777765,2.17508,-0.314453,-0.121039,1.98648,2.22898,2.02545,10,3923,3.0089,2.30052
1776813178344772316,2.17508,-0.355469,-0.112602,1.94505,2.18254,1.98538,10,3941,3.02271,2.30144
1776813178349773830,2.17327,-0.355469,-0.100602,1.94597,2.18254,1.98538,10,3952,3.03115,2.14758
1776813178354774437,2.17327,-0.269531,-0.0921653,1.87805,1.88929,2.02623,10,3970,3.04495,2.29822
1776813178359787228,2.16853,-0.269531,-0.0830975,2.02869,1.88929,2.02623,10,3982,3.05416,2.30328
1776813178364796298,2.16853,-0.337891,-0.0738936,1.96539,2.04681,1.96587,10,4004,3.07103,2.45389
1776813178369772961,2.16668,-0.337891,-0.0588749,2.11599,2.04681,1.96587,10,4016,3.08023,2.76223
1776813178374788030,2.16668,-0.46875,-0.049671,2.29348,1.84641,1.8829,10,4039,3.09787,2.75676
1776813178379760397,2.16063,-0.46875,-0.0380774,2.28801,1.84641,1.8829,10,4052,3.10785,2.61091
1776813178384762966,2.16063,-0.529297,-0.0281065,2.08161,2.16366,1.82101,10,4073,3.12395,2.76228
1776813178389774202,2.15781,-0.529297,-0.0148247,2.23298,2.16366,1.82101,10,4086,3.13392,2.60413
1776813178394768624,2.15781,-0.658203,-0.00485377,1.94593,1.81385,1.73473,10,4108,3.1508,2.61143
1776813178399773583,2.15781,-0.658203,0.01202,1.95323,1.81385,1.73473,10,4120,3.16,2.60773
1776813178404772837,2.1378,-0.658203,0.00121754,1.94952,1.84387,1.64361,10,4139,3.17457,2.60725
1776813178409782036,2.1378,-0.632812,0.0157904,1.97444,1.84387,1.64361,10,4158,3.18915,2.60725
1776813178414802568,2.12805,-0.632812,0.020615,1.97444,1.67353,1.61343,10,4176,3.20295,2.6083
1776813178419773435,2.12805,-0.59375,0.0344209,2.01455,1.67353,1.61343,10,4190,3.21369,2.45487
1776813178424775949,2.12435,-0.59375,0.04146,1.86112,1.61205,1.61871,10,4206,3.22596,2.45438
1776813178429752946,2.12435,-0.435547,0.0537319,2.01883,1.61205,1.61871,10,4221,3.23747,2.30052
1776813178434773478,2.11672,-0.435547,0.0575992,1.86497,1.8386,1.67373,10,4238,3.25051,2.45384
1776813178439767900,2.11672,-0.412109,0.0706381,2.04173,1.8386,1.67373,10,4253,3.26201,2.45536
1776813178444774747,2.11474,-0.412109,0.0801698,2.04325,1.54429,1.67799,10,4271,3.27582,2.45339
1776813178449772224,2.11474,-0.443359,0.0939757,2.01004,1.54429,1.67799,10,4286,3.28732,2.45536
1776813178454781812,2.10828,-0.443359,0.0990211,2.012,1.8527,1.63034,10,4303,3.30036,2.60465
1776813178459773511,2.10828,-0.457031,0.11206,2.14762,1.8527,1.63034,10,4318,3.31186,2.45634
1776813178464776729,2.10611,-0.457031,0.121393,1.99931,1.47624,1.6125,10,4334,3.32414,2.3019
1776813178469783002,2.10611,-0.380859,0.133664,1.92104,1.47624,1.6125,10,4348,3.33487,2.30047
1776813178474781183,2.10611,-0.380859,0.144402,1.91961,1.63279,1.65591,10,4365,3.34791,2.30098
1776813178479751698,2.09939,-0.380859,0.150725,1.92012,1.63279,1.65591,10,4376,3.35635,2.45438
1776813178484768305,2.09939,-0.279297,0.159162,2.17508,1.65528,1.68268,10,4396,3.37169,2.45487
1776813178489854945,2.09615,-0.279297,0.171253,2.17557,1.65528,1.68268,10,4408,3.38089,2.45389
1776813178494786128,2.09615,-0.160156,0.180457,2.29373,1.65188,1.7355,10,4428,3.39623,2.45438
1776813178499826530,2.09303,-0.160156,0.192685,2.29422,1.65188,1.7355,10,4440,3.40544,2.30098
1776813178504791657,2.09303,-0.144531,0.201889,2.15645,1.80918,1.72994,10,4456,3.41771,2.45482
1776813178509894038,2.09223,-0.144531,0.213356,2.31029,1.80918,1.72994,10,4472,3.42998,2.60725
1776813178514809740,2.09223,-0.175781,0.225628,2.43147,1.72018,1.70838,10,4494,3.44685,2.6083
1776813178519785181,2.08994,-0.175781,0.24021,2.43252,1.72018,1.70838,10,4507,3.45683,2.76062
1776813178524800398,2.08994,-0.195312,0.250181,2.56531,1.79821,1.68658,10,4531,3.47523,2.76062
1776813178529757451,2.08907,-0.195312,0.267723,2.56531,1.79821,1.68658,10,4549,3.48904,2.91457
1776813178534818018,2.08907,-0.1875,0.281529,2.72707,1.59498,1.687,10,4568,3.50361,2.91569
1776813178539781423,2.08705,-0.1875,0.294077,2.72819,1.59498,1.687,10,4579,3.51205,2.60725
1776813178544781177,2.08705,-0.148438,0.302514,2.45882,1.76797,1.69983,10,4589,3.51972,1.68705
1776813178549791450,2.08705,-0.148438,0.310184,1.53861,1.76797,1.69983,10,4590,3.52049,0.46038
1776813178554789594,2.08537,-0.148438,0.309278,0.311942,2.24987,1.69202,10,4584,3.51588,-0.613471
1776813178559789423,2.08537,1.68555,0.304676,1.07208,2.24987,1.69202,10,4582,3.51435,-0.612736
1776813178564775012,2.09237,1.68555,0.310139,1.07281,2.67416,2.77,10,4582,3.51435,0
1776813178569790563,2.09237,2.29297,0.310139,2.29297,2.67416,2.77,10,4582,3.51435,0
1776813178574778355,2.13028,2.29297,-0.280268,2.29297,2.01311,3.29136,10,4588,3.51895,0.613471
1776813178579766777,2.13028,1.80078,-0.275666,2.41425,2.01311,3.29136,10,4596,3.52509,1.22719
1776813178584763921,2.13997,1.80078,-0.25984,3.02797,2.2004,3.05516,10,4606,3.53276,1.38059
1776813178589781990,2.13997,0.828125,-0.25217,2.20871,2.2004,3.05516,10,4617,3.54119,1.38059
1776813178594774930,2.15871,0.828125,-0.224996,2.20871,2.30244,2.58604,10,4630,3.55117,1.83931
1776813178599785722,2.15871,0.582031,-0.215025,2.42134,2.30244,2.58604,10,4643,3.56114,1.99618
1776813178604780940,2.16553,0.582031,-0.198232,2.57821,2.67264,2.47667,10,4658,3.57264,1.99338
1776813178609785898,2.16553,0.220703,-0.186726,2.21409,2.67264,2.47667,10,4672,3.58338,2.30185
1776813178614775709,2.16973,0.220703,-0.171797,2.52255,2.81984,2.28966,10,4689,3.59642,2.45438
1776813178619777019,2.16973,-0.207031,-0.158758,2.24734,2.81984,2.28966,10,4704,3.60792,2.45438
1776813178624777682,2.16973,-0.207031,-0.147253,2.24734,2.65217,2.04585,10,4721,3.62096,2.45339
1776813178629766603,2.16975,-0.207031,-0.134192,2.24636,2.65217,2.04585,10,4732,3.62863,2.30144
1776813178634774617,2.16975,-0.515625,-0.125755,1.78581,2.50656,1.87005,10,4751,3.64397,2.29868
1776813178639770798,2.16571,-0.515625,-0.115222,1.78305,2.50656,1.87005,10,4762,3.65241,2.30282
1776813178644772498,2.16571,-0.492188,-0.106785,1.81063,1.86855,1.86515,10,4783,3.66851,2.60877
1776813178649774938,2.15791,-0.492188,-0.0984773,2.11658,1.86855,1.86515,10,4795,3.67772,2.45438
1776813178654782877,2.15791,-0.498047,-0.0892734,1.95633,1.84071,1.82648,10,4815,3.69306,2.45438
1776813178659782540,2.15544,-0.498047,-0.0763988,1.95633,1.84071,1.82648,10,4827,3.70226,2.45339
1776813178664788609,2.15544,-0.476562,-0.0671949,1.97683,1.65768,1.82754,10,4848,3.71837,2.45487
1776813178669776216,2.14843,-0.476562,-0.0581021,1.9783,1.65768,1.82754,10,4860,3.72757,2.60725
1776813178674784397,2.14843,-0.548828,-0.0488981,2.05842,1.70446,1.75445,10,4882,3.74445,2.45536
1776813178679763189,2.14594,-0.548828,-0.0345124,1.90653,1.70446,1.75445,10,4895,3.75442,2.76057
1776813178684772907,2.14594,-0.642578,-0.0245418,2.118,1.79673,1.68968,10,4918,3.77206,2.91515
1776813178689775569,2.13709,-0.642578,-0.0157479,2.27258,1.79673,1.68968,10,4931,3.78203,2.60777
1776813178694776157,2.13709,-0.673828,-0.00577728,1.93395,1.81338,1.63148,10,4953,3.7989,2.76117
1776813178699781449,2.13709,-0.673828,0.0110965,2.08734,1.81338,1.63148,10,4965,3.80811,2.60725
1776813178704786611,2.13395,-0.673828,0.0171543,1.93342,1.78645,1.61708,10,4983,3.82191,2.6083
1776813178709804606,2.13395,-0.570312,0.0309602,2.03798,1.78645,1.61708,10,5003,3.83725,2.60773
1776813178714785473,2.12062,-0.570312,0.0329748,2.03741,1.59155,1.61491,10,5022,3.85183,2.76062
1776813178719785635,2.12062,-0.46875,0.0475474,2.29187,1.59155,1.61491,10,5039,3.86486,2.76173
1776813178724829592,2.11566,-0.46875,0.0556246,2.29298,1.67249,1.64994,10,5059,3.8802,2.76117
1776813178729815477,2.11566,-0.386719,0.0709644,2.37445,1.67249,1.64994,10,5075,3.89248,2.76062
1776813178734832620,2.11144,-0.386719,0.0790125,2.3739,1.51354,1.67721,10,5094,3.90705,2.6083
1776813178739773711,2.11144,-0.414062,0.0935851,2.19423,1.51354,1.67721,10,5110,3.91932,2.76057
1776813178744774651,2.10756,-0.414062,0.101979,2.34651,1.56783,1.64369,10,5129,3.93389,2.76117
1776813178749784238,2.10756,-0.451172,0.116551,2.31,1.56783,1.64369,10,5147,3.9477,2.76173
1776813178754793493,2.10322,-0.451172,0.126015,2.31055,1.80734,1.60243,10,5162,3.9592,2.76062
1776813178759806747,2.10322,-0.443359,0.13752,2.31726,1.80734,1.60243,10,5182,3.97454,2.76117
1776813178764775040,2.09853,-0.443359,0.148178,2.31781,1.47972,1.58517,10,5201,3.98912,2.76173
1776813178769791869,2.09853,-0.357422,0.16275,2.4043,1.47972,1.58517,10,5216,4.00062,2.45433
1776813178774774902,2.09449,-0.357422,0.180177,2.09646,1.73869,1.63415,10,5237,4.01673,2.45389
1776813178779753510,2.09449,-0.240234,0.186313,2.21365,1.73869,1.63415,10,5248,4.02517,2.45389
1776813178784765079,2.09152,-0.240234,0.191784,2.21365,1.56056,1.66834,10,5262,4.0359,2.60522
1776813178789829109,2.09152,-0.193359,0.202522,2.41186,1.56056,1.66834,10,5281,4.05048,2.61138
1776813178794803717,2.08942,-0.193359,0.214996,2.41802,1.68932,1.68529,10,5300,4.06505,2.60668
1776813178799804453,2.08942,-0.199219,0.229569,2.40747,1.68932,1.68529,10,5316,4.07732,2.60834
1776813178804777246,2.08754,-0.199219,0.239955,2.40913,1.79446,1.67316,10,5335,4.09189,2.76062
1776813178809786427,2.08754,-0.25,0.254528,2.51062,1.79446,1.67316,10,5351,4.10417,2.60825
1776813178814776774,2.08518,-0.25,0.264442,2.35825,1.51041,1.63321,10,5366,4.11567,2.76062
1776813178819787899,2.08518,-0.275391,0.275947,2.48523,1.51041,1.63321,10,5387,4.13178,2.60877
1776813178824799524,2.08256,-0.275391,0.289432,2.33338,1.51164,1.6065,10,5405,4.14558,2.76062
1776813178829764669,2.08256,-0.228516,0.303238,2.53211,1.51164,1.6065,10,5413,4.15172,2.14758
1776813178834761535,2.08,-0.228516,0.306819,1.91906,1.75077,1.62128,10,5414,4.15249,0.767194
1776813178839770753,2.08,1.23438,0.307586,2.00157,1.75077,1.62128,10,5409,4.14865,-0.460243
1776813178844798377,2.08,1.23438,0.303751,0.774132,2.37877,2.45513,10,5406,4.14635,-0.766638
1776813178849780688,2.08301,1.23438,0.304459,0.467737,2.37877,2.45513,10,5406,4.14635,-0.153446
1776813178854783276,2.08301,2.75,0.304459,2.59655,2.52277,3.33309,10,5406,4.14635,-0.153351
1776813178859777142,2.12185,2.75,-0.285018,2.59665,2.52277,3.33309,10,5411,4.15019,0.766179
1776813178864777842,2.12185,2.06836,-0.281182,2.83454,2.29395,3.12461,10,5423,4.15939,1.22891
1776813178869780763,2.1337,2.06836,-0.260133,3.29727,2.29395,3.12461,10,5431,4.16552,1.53399
1776813178874789851,2.1337,0.861328,-0.253997,2.39531,2.35331,2.49097,10,5445,4.17626,1.53399
1776813178879774366,2.15408,0.861328,-0.222879,2.39531,2.35331,2.49097,10,5455,4.18393,1.99383
1776813178884771250,2.15408,0.625,-0.215209,2.61883,2.36425,2.44923,10,5471,4.1962,2.14758
1776813178889775764,2.15768,0.625,-0.199335,2.77258,2.36425,2.44923,10,5480,4.20311,1.84078
1776813178894785778,2.15768,0.460938,-0.192433,2.30172,2.30892,2.37207,10,5497,4.21615,1.84069
1776813178899776681,2.16544,0.460938,-0.171633,2.30162,2.30892,2.37207,10,5507,4.22382,2.14801
1776813178904780047,2.16544,0.304688,-0.163963,2.4527,2.3876,2.31816,10,5528,4.23992,2.45438
1776813178909797913,2.16732,0.304688,-0.145977,2.75906,2.3876,2.31816,10,5543,4.25143,2.6073
1776813178914787835,2.16732,-0.205078,-0.134472,2.40222,2.60648,2.03609,10,5561,4.26523,2.45438
1776813178919862476,2.16732,-0.205078,-0.120666,2.2493,2.60648,2.03609,10,5574,4.2752,2.60825
1776813178924817843,2.16801,-0.205078,-0.110004,2.40317,2.62647,2.03922,10,5592,4.28901,2.6073
1776813178929761785,2.16801,-0.398438,-0.0961982,2.20886,2.62647,2.03922,10,5611,4.30282,2.60773
1776813178934807779,2.16343,-0.398438,-0.0862099,2.20929,2.08874,1.90827,10,5629,4.31739,2.60825
1776813178939827626,2.16343,-0.476562,-0.0724041,2.13169,2.08874,1.90827,10,5645,4.32966,2.60678
1776813178944839066,2.15916,-0.476562,-0.0643951,2.13022,1.73972,1.84442,10,5665,4.345,2.76117
1776813178949793711,2.15916,-0.462891,-0.0490553,2.29828,1.73972,1.84442,10,5681,4.35727,2.76228
1776813178954778337,2.15447,-0.462891,-0.0414783,2.29939,1.73256,1.8309,10,5700,4.37185,2.76117
1776813178959784203,2.15447,-0.449219,-0.0269057,2.31195,1.73256,1.8309,10,5717,4.38488,2.75997
1776813178964778698,2.15219,-0.449219,-0.0161497,2.31076,1.71029,1.82833,10,5736,4.39946,2.60834
1776813178969786175,2.15219,-0.544922,-0.00157658,2.06342,1.71029,1.82833,10,5756,4.4148,2.76117
1776813178974776968,2.14479,-0.544922,0.00637182,2.21625,1.64753,1.74012,10,5772,4.42707,2.76117
1776813178979782370,2.14479,-0.595703,0.0186437,2.16547,1.64753,1.74012,10,5789,4.44011,2.91161
1776813178984791940,2.1426,-0.595703,0.0294846,2.31591,1.95863,1.70115,10,5809,4.45545,2.76394
1776813178989788435,2.1426,-0.673828,0.0448244,2.09011,1.95863,1.70115,10,5826,4.46849,2.76062
1776813178994804949,2.13208,-0.673828,0.0588487,2.24186,1.99337,1.65662,10,5849,4.48613,2.91569
1776813178999783131,2.13208,-0.660156,0.0649846,2.25553,1.99337,1.65662,10,5864,4.49763,2.6073
1776813179004780645,2.12523,-0.660156,0.0696429,1.94714,1.57088,1.58489,10,5879,4.50914,2.60825
1776813179009785641,2.12523,-0.572266,0.081148,2.03598,1.57088,1.58489,10,5895,4.52141,2.6073
1776813179014778822,2.11923,-0.572266,0.0874213,2.03504,1.65914,1.6074,10,5914,4.53598,2.60773
1776813179019780707,2.11923,-0.533203,0.101994,2.07452,1.65914,1.6074,10,5931,4.54902,2.76062
1776813179024777055,2.11651,-0.533203,0.112309,2.22742,1.4778,1.61711,10,5951,4.56436,2.76173
1776813179029774792,2.11651,-0.501953,0.127649,2.25977,1.4778,1.61711,10,5972,4.58047,2.91452
1776813179034761473,2.10888,-0.501953,0.136131,2.41257,1.57417,1.59972,10,5988,4.59274,2.91404
1776813179039798301,2.10888,-0.525391,0.148403,2.38865,1.57417,1.59972,10,6005,4.60578,2.76173
1776813179044786557,2.10678,-0.525391,0.159333,2.23634,1.80222,1.57661,10,6022,4.61882,3.06858
1776813179049797071,2.10678,-0.523438,0.172372,2.54515,1.80222,1.57661,10,6044,4.63569,2.91394
1776813179054775549,2.09819,-0.523438,0.180658,2.3905,1.39544,1.53792,10,6066,4.65256,3.06797
1776813179059774805,2.09819,-0.478516,0.197532,2.58945,1.39544,1.53792,10,6085,4.66714,3.06797
1776813179064784245,2.09819,-0.478516,0.212105,2.58945,1.64719,1.56352,10,6105,4.68248,3.06797
1776813179069782518,2.09549,-0.478516,0.224747,2.58945,1.64719,1.56352,10,6119,4.69321,2.91511
1776813179074775200,2.09549,-0.328125,0.235485,2.58698,1.71335,1.63671,10,6143,4.71162,2.91404
1776813179079749956,2.08948,-0.328125,0.247885,2.58591,1.71335,1.63671,10,6157,4.72236,2.91394
1776813179084765025,2.08948,-0.283203,0.258622,2.63074,1.54223,1.63436,10,6182,4.74153,3.0692
1776813179089770206,2.08505,-0.283203,0.273365,2.78599,1.54223,1.63436,10,6197,4.75304,3.06736
1776813179094780258,2.08505,-0.285156,0.28487,2.7822,1.70555,1.61258,10,6221,4.77145,3.06858
1776813179099777476,2.08371,-0.285156,0.301937,2.78343,1.70555,1.61258,10,6230,4.77835,2.45389
1776813179104790897,2.08371,-0.15625,0.30884,2.29764,1.72349,1.6798,10,6233,4.78065,0.766945
1776813179109803893,2.07975,-0.15625,0.307186,0.610695,1.72349,1.6798,10,6232,4.77988,0
1776813179114791223,2.07975,0.703125,0.306419,0.703125,2.14534,2.15116,10,6228,4.77682,-0.613594
1776813179119775849,2.08109,0.703125,0.30469,0.0895309,2.14534,2.15116,10,6228,4.77682,-0.15332
1776813179124777715,2.08109,2.7793,0.30469,2.62598,2.55136,3.34084,10,6231,4.77912,0
1776813179129756841,2.11809,2.7793,-0.284331,2.7793,2.55136,3.34084,10,6236,4.78295,1.07396
1776813179134762522,2.11809,2.21875,-0.280496,3.29271,2.20213,3.19302,10,6248,4.79216,1.22694
1776813179139767537,2.11809,2.21875,-0.271292,3.44569,2.20213,3.19302,10,6257,4.79906,1.687
1776813179144795050,2.13031,2.21875,-0.252169,3.90575,2.3549,3.24918,10,6270,4.80903,1.68743
1776813179149775028,2.13031,0.681641,-0.242198,2.36907,2.3549,3.24918,10,6286,4.8213,2.14801
1776813179154777783,2.1547,0.681641,-0.205534,2.82965,2.19314,2.48435,10,6299,4.83127,2.30093
1776813179159785538,2.1547,0.449219,-0.195563,2.75015,2.19314,2.48435,10,6317,4.84508,2.30103
1776813179164802386,2.15671,0.449219,-0.179755,2.75024,2.67202,2.36096,10,6334,4.85812,2.45438
1776813179169776771,2.15671,-0.15625,-0.166716,2.29813,2.67202,2.36096,10,6351,4.87116,2.30093
1776813179174777749,2.16265,-0.15625,-0.147735,2.14468,2.74372,2.04278,10,6365,4.88189,2.45487
1776813179179755060,2.16265,-0.173828,-0.136998,2.28104,2.74372,2.04278,10,6380,4.8934,2.60668
1776813179184767315,2.16167,-0.173828,-0.126474,2.43286,2.82981,2.02832,10,6398,4.9072,2.45536
1776813179189766330,2.16167,-0.542969,-0.112668,1.91239,2.82981,2.02832,10,6413,4.91871,2.45339
1776813179194768474,2.15752,-0.542969,-0.105306,1.91043,2.24159,1.79913,10,6428,4.93021,2.60834
1776813179199781617,2.15752,-0.517578,-0.0938005,2.09077,2.24159,1.79913,10,6449,4.94632,2.76062
1776813179204776651,2.15185,-0.517578,-0.0833711,2.24304,1.7683,1.78781,10,6469,4.96166,2.91511
1776813179209781017,2.15185,-0.59375,-0.0680312,2.32136,1.7683,1.78781,10,6485,4.97393,2.76173
1776813179214784772,2.14639,-0.59375,-0.0504817,2.01346,1.62006,1.7444,10,6508,4.99157,2.60721
1776813179219783638,2.14639,-0.472656,-0.043579,2.13455,1.62006,1.7444,10,6524,5.00385,2.76173
1776813179224771153,2.14095,-0.472656,-0.0367397,2.28907,1.54674,1.76378,10,6541,5.01688,2.76007
1776813179229758020,2.14095,-0.544922,-0.0237002,2.21515,1.54674,1.76378,10,6559,5.03069,3.0692
1776813179234762275,2.13609,-0.544922,-0.0147609,2.52428,1.6712,1.70035,10,6576,5.04373,3.06552
1776813179239775937,2.13609,-0.583984,-0.00172226,2.48153,1.6712,1.70035,10,6599,5.06137,2.91627
1776813179244773378,2.13018,-0.583984,0.0100061,2.33229,1.75778,1.651,10,6620,5.07748,3.06797
1776813179249851538,2.13018,-0.658203,0.0261131,2.40977,1.75778,1.651,10,6637,5.09052,2.9152
1776813179254791702,2.124,-0.658203,0.0329758,2.257,1.99975,1.58034,10,6653,5.10279,2.91452
1776813179259780328,2.124,-0.619141,0.0452477,2.29538,1.99975,1.58034,10,6675,5.11966,2.91404
1776813179264783620,2.11764,-0.619141,0.0557643,2.2949,1.65764,1.57335,10,6697,5.13653,3.06797
1776813179269790264,2.11764,-0.603516,0.0726381,2.46445,1.65764,1.57335,10,6718,5.15264,2.91452
1776813179274778464,2.11145,-0.603516,0.0825516,2.31101,1.51325,1.55368,10,6734,5.16491,2.91511
1776813179279775257,2.11145,-0.529297,0.0948235,2.38581,1.51325,1.55368,10,6751,5.17795,2.90996
1776813179284768234,2.11145,-0.529297,0.107863,2.38067,1.50976,1.59599,10,6766,5.18946,2.61191
1776813179289835413,2.10561,-0.529297,0.113532,2.08261,1.50976,1.59599,10,6782,5.20173,2.6073
1776813179294815225,2.10561,-0.382812,0.125804,2.22449,1.61638,1.6525,10,6804,5.2186,2.76117
1776813179299806536,2.09885,-0.382812,0.135914,2.37836,1.61638,1.6525,10,6818,5.22934,2.76053
1776813179304780718,2.09885,-0.388672,0.146653,2.37185,1.70739,1.61781,10,6841,5.24698,2.76228
1776813179309786602,2.09756,-0.388672,0.163005,2.37361,1.70739,1.61781,10,6855,5.25772,2.91462
1776813179314781025,2.09756,-0.429688,0.173743,2.48493,1.59417,1.58845,10,6878,5.27536,2.91394
1776813179319784372,2.09067,-0.429688,0.184492,2.48425,1.59417,1.58845,10,6892,5.2861,2.76117
1776813179324775054,2.09067,-0.425781,0.19523,2.33539,1.53842,1.55862,10,6915,5.30374,2.76173
1776813179329754606,2.08932,-0.425781,0.211525,2.33594,1.53842,1.55862,10,6929,5.31448,2.91452
1776813179334765287,2.08932,-0.361328,0.222262,2.5532,1.62443,1.58909,10,6954,5.33365,2.91345
1776813179339768894,2.08253,-0.361328,0.234645,2.55213,1.62443,1.58909,10,6968,5.34439,3.06858
1776813179344777778,2.08253,-0.326172,0.245384,2.74241,1.47671,1.57745,10,6993,5.36356,2.91452
1776813179349774015,2.08153,-0.326172,0.263553,2.58835,1.47671,1.57745,10,7007,5.3743,3.06797
1776813179354855027,2.08153,-0.277344,0.274291,2.79063,1.47978,1.60058,10,7032,5.39348,3.06797
1776813179359784914,2.08153,-0.277344,0.293465,2.79063,1.47978,1.60058,10,7044,5.40268,2.76062
1776813179364783373,2.06621,-0.277344,0.287348,2.48328,1.70772,1.52876,10,7051,5.40805,1.68801
1776813179369859255,2.06621,0.220703,0.292717,1.90871,1.70772,1.52876,10,7046,5.40421,-0.15329
1776813179374802272,2.0634,0.220703,0.286078,0.0674136,1.97962,1.79946,10,7043,5.40191,-0.920759
1776813179379757566,2.0634,3.19922,0.283777,2.27846,1.97962,1.79946,10,7042,5.40115,-0.306797
1776813179384783894,2.08338,3.19922,0.302987,2.89242,2.59056,3.59087,10,7042,5.40115,0
1776813179389769483,2.08338,2.65039,0.302987,2.65039,2.59056,3.59087,10,7047,5.40498,0.153351
1776813179394769349,2.11352,2.65039,-0.291358,2.80374,1.89682,3.41797,10,7056,5.41188,1.38063
1776813179399770086,2.11352,0.947266,-0.284454,2.3279,1.89682,3.41797,10,7069,5.42185,1.84078
1776813179404785026,2.13064,0.947266,-0.257367,2.78805,2.46212,2.52593,10,7084,5.43336,1.99453
1776813179409801318,2.13064,0.904297,-0.245862,2.89883,2.46212,2.52593,10,7097,5.44333,1.99383
1776813179414834924,2.14046,0.904297,-0.226065,2.89813,2.17037,2.5464,10,7110,5.4533,2.30093
1776813179419783199,2.14046,0.490234,-0.216093,2.79116,2.17037,2.5464,10,7126,5.46557,2.14715
1776813179424776455,2.14259,0.490234,-0.201692,2.63738,2.0147,2.32011,10,7140,5.47631,2.14801
1776813179429765414,2.14259,0.613281,-0.190954,2.76129,2.0147,2.32011,10,7156,5.48858,1.99413
1776813179434772558,2.14259,0.613281,-0.178682,2.60741,2.70573,2.39025,10,7169,5.49855,2.30149
1776813179439780868,2.15035,0.613281,-0.16095,2.91477,2.70573,2.39025,10,7181,5.50776,2.45192
1776813179444771772,2.15035,0.107422,-0.151746,2.55935,2.72527,2.13727,10,7201,5.5231,2.45683
1776813179449777379,2.15324,0.107422,-0.133514,2.56425,2.72527,2.13727,10,7213,5.5323,2.45389
1776813179454774282,2.15324,-0.234375,-0.12431,2.21951,2.64461,1.9556,10,7236,5.54994,2.60773
1776813179459783296,2.15263,-0.234375,-0.107281,2.37335,2.64461,1.9556,10,7249,5.55991,2.76117
1776813179464775441,2.1516,-0.423828,-0.083768,2.33734,1.90746,1.84483,10,7276,5.58062,2.76117
1776813179469778640,2.1516,-0.529297,-0.0776321,2.23188,1.90746,1.84483,10,7291,5.59213,2.60825
1776813179474774081,2.14578,-0.529297,-0.071951,2.07895,1.75308,1.75351,10,7306,5.60363,2.60678
1776813179479791521,2.14578,-0.576172,-0.0604459,2.03061,1.75308,1.75351,10,7322,5.6159,2.76117
1776813179484785665,2.14434,-0.576172,-0.0496112,2.185,1.42426,1.72024,10,7338,5.62818,2.76228
1776813179489791976,2.14434,-0.445312,-0.0373393,2.31697,1.42426,1.72024,10,7358,5.64352,2.76053
1776813179494780250,2.13541,-0.445312,-0.0309292,2.31521,1.66009,1.75404,10,7374,5.65579,2.76173
1776813179499805449,2.13541,-0.455078,-0.0186573,2.30665,1.66009,1.75404,10,7390,5.66806,2.76062
1776813179504785945,2.13405,-0.455078,0.00682056,2.30554,1.89827,1.74847,10,7418,5.68953,2.76062
1776813179509799089,2.13405,-0.455078,0.00682056,2.30554,1.89827,1.74847,10,7418,5.68953,2.76062
1776813179514780678,2.12392,-0.603516,0.0250787,2.30994,1.75643,1.65761,10,7456,5.71868,2.91345
1776813179519779637,2.12392,-0.677734,0.0327481,2.23572,1.75643,1.65761,10,7474,5.73249,2.91511
1776813179524781818,2.1175,-0.677734,0.0401329,2.23737,1.70925,1.53932,10,7491,5.74552,3.06736
1776813179529755408,2.1175,-0.689453,0.0531715,2.3779,1.70925,1.53932,10,7509,5.75933,3.06858
1776813179534775532,2.11417,-0.689453,0.0636462,2.37913,1.7585,1.51727,10,7525,5.7716,2.91511
1776813179539834508,2.11417,-0.671875,0.0759181,2.24323,1.7585,1.51727,10,7543,5.78541,2.91462
1776813179544791672,2.11077,-0.671875,0.0863179,2.24274,1.41529,1.51157,10,7564,5.80152,3.06736
1776813179549778668,2.11077,-0.523438,0.102425,2.54392,1.41529,1.51157,10,7587,5.81916,3.06788
1776813179554784738,2.10047,-0.523438,0.109769,2.54444,1.51116,1.54851,10,7605,5.83296,3.06797
1776813179559775790,2.10047,-0.488281,0.123574,2.57969,1.51116,1.54851,10,7628,5.8506,3.22206
1776813179564776360,2.09911,-0.488281,0.139861,2.73378,1.71468,1.56226,10,7650,5.86748,3.06797
1776813179569776393,2.09911,-0.490234,0.156734,2.57774,1.71468,1.56226,10,7671,5.88358,2.91452
1776813179574786629,2.09911,-0.490234,0.172841,2.42429,1.50861,1.56115,10,7689,5.89739,3.06797
1776813179579761960,2.09059,-0.490234,0.178126,2.57774,1.50861,1.56115,10,7704,5.90889,3.06674
1776813179584762307,2.09059,-0.521484,0.189631,2.54526,1.43438,1.50372,10,7730,5.92884,3.22132
1776813179589774025,2.08399,-0.521484,0.202968,2.69984,1.43438,1.50372,10,7745,5.93957,3.0692
1776813179594776836,2.08399,-0.503906,0.214473,2.56529,1.56183,1.48294,10,7770,5.95952,3.06797
1776813179599782498,2.0788,-0.503906,0.228462,2.56406,1.56183,1.48294,10,7783,5.96949,2.91404
1776813179604777420,2.0788,-0.412109,0.238432,2.50193,1.48502,1.51103,10,7807,5.98789,2.91452
1776813179609778731,2.07411,-0.412109,0.252149,2.50241,1.48502,1.51103,10,7821,5.99863,2.91511
1776813179614776227,2.07411,-0.339844,0.262886,2.57526,1.39142,1.53025,10,7846,6.01781,3.06736
1776813179619793648,2.07043,-0.339844,0.27838,2.72751,1.39142,1.53025,10,7858,6.02701,2.91054
1776813179624775015,2.07043,-0.306641,0.287584,2.6039,1.65031,1.53191,10,7866,6.03315,1.53644
1776813179629760160,2.06708,-0.306641,0.290369,1.2298,1.65031,1.53191,10,7865,6.03238,0.15332
1776813179634761137,2.06708,1.34375,0.289602,1.49707,2.19109,2.45689,10,7861,6.02931,-0.613471
1776813179639770226,2.07026,1.34375,0.289716,0.730279,2.19109,2.45689,10,7860,6.02854,-0.30692
1776813179644770907,2.07026,3.19922,0.288949,2.8923,2.48714,3.52945,10,7860,6.02854,0
1776813179649778569,2.07026,3.19922,0.288949,3.19922,2.48714,3.52945,10,7865,6.03238,0.460427
1776813179654769843,2.09474,3.19922,-0.311056,3.65965,2.66846,3.64381,10,7876,6.04082,1.38026
1776813179659773432,2.09474,1.21289,-0.302619,2.59315,2.66846,3.64381,10,7889,6.05079,1.84078
1776813179664788575,2.13288,1.21289,-0.254509,3.05367,2.46453,2.68762,10,7901,6.05999,1.84078
1776813179669769053,2.13288,0.732422,-0.245305,2.5732,2.46453,2.68762,10,7917,6.07226,2.29817
1776813179674770290,2.14187,0.732422,-0.224038,3.03059,2.41407,2.45488,10,7930,6.08223,2.15059
1776813179679749028,2.14187,0.314453,-0.214067,2.46504,2.41407,2.45488,10,7947,6.09527,2.30057
1776813179684762634,2.14595,0.314453,-0.196953,2.61502,2.0595,2.23523,10,7960,6.10524,2.30139
1776813179689765889,2.14595,0.263672,-0.186982,2.56506,2.0595,2.23523,10,7978,6.11905,2.30103
1776813179694774126,2.14902,0.263672,-0.170101,2.5647,2.3794,2.22029,10,7992,6.12979,2.45438
1776813179699774214,2.14902,-0.00976562,-0.159364,2.44461,2.3794,2.22029,10,8012,6.14513,2.76108
1776813179704784932,2.14966,-0.00976562,-0.143384,2.75131,2.61152,2.06734,10,8027,6.15663,2.76007
1776813179709780095,2.14966,-0.398438,-0.131879,2.36163,2.61152,2.06734,10,8048,6.17274,2.60782
1776813179714808479,2.1476,-0.398438,-0.11784,2.20938,2.44473,1.83638,10,8063,6.18424,2.76228
1776813179719782568,2.1476,-0.558594,-0.106335,2.20368,2.44473,1.83638,10,8084,6.20035,2.76062
1776813179724783842,2.14244,-0.558594,-0.0823434,2.50999,2.13389,1.7451,10,8111,6.22106,3.06858
1776813179729753931,2.14244,-0.623047,-0.0746735,2.44554,2.13389,1.7451,10,8128,6.2341,3.06665
1776813179734763501,2.13336,-0.623047,-0.0707148,2.4436,1.55403,1.64334,10,8145,6.24714,3.06797
1776813179739770219,2.13336,-0.621094,-0.0576762,2.44688,1.55403,1.64334,10,8162,6.26018,2.91462
1776813179744793529,2.13044,-0.621094,-0.0475644,2.29353,1.58111,1.63104,10,8178,6.27245,2.76228
1776813179749778248,2.13044,-0.517578,-0.0352925,2.2447,1.58111,1.63104,10,8200,6.28932,2.91452
1776813179754781170,2.12469,-0.517578,-0.0241622,2.39695,1.66705,1.66369,10,8217,6.30236,3.06736
1776813179759774795,2.12469,-0.582031,-0.0111235,2.48533,1.66705,1.66369,10,8239,6.31923,2.91511
1776813179764867455,2.11917,-0.582031,0.000226161,2.33308,1.51254,1.60153,10,8256,6.33227,3.06797
1776813179769791139,2.11917,-0.646484,0.0132648,2.42149,1.51254,1.60153,10,8277,6.34838,2.91404
1776813179774779450,2.10999,-0.646484,0.0201971,2.26755,1.68818,1.52247,10,8293,6.36065,2.76117
1776813179779754076,2.10999,-0.660156,0.0324689,2.10102,1.68818,1.52247,10,8314,6.37676,2.91511
1776813179784766942,2.1066,-0.660156,0.0451809,2.25495,1.73882,1.49897,10,8329,6.38826,2.76062
1776813179789835362,2.1066,-0.548828,0.0566861,2.21179,1.73882,1.49897,10,8350,6.40437,2.60773
1776813179794879060,2.0972,-0.548828,0.0756642,2.36637,1.46159,1.56243,10,8374,6.42278,2.9152
1776813179799895055,2.0972,-0.503906,0.0818001,2.4113,1.46159,1.56243,10,8386,6.43198,2.76117
1776813179804809999,2.09457,-0.503906,0.0883719,2.25727,1.53245,1.53222,10,8401,6.44349,2.76007
1776813179809782773,2.09457,-0.337891,0.0998765,2.42218,1.53245,1.53222,10,8421,6.45883,2.60877
1776813179814783399,2.08837,-0.337891,0.109024,2.27088,1.63911,1.59802,10,8436,6.47033,2.6073
1776813179819807283,2.08661,-0.324219,0.131033,2.43686,1.63911,1.59802,10,8461,6.48951,2.76108
1776813179824775521,2.08661,-0.347656,0.137937,2.41342,1.32423,1.58422,10,8480,6.50408,2.76173
1776813179829770387,2.08317,-0.347656,0.149074,2.41407,1.32423,1.58422,10,8495,6.51558,2.91462
1776813179834760995,2.08317,-0.375,0.160579,2.53962,1.61472,1.55259,10,8516,6.53169,3.06797
1776813179839792415,2.0815,-0.375,0.175016,2.69297,1.61472,1.55259,10,8529,6.54166,3.06674
1776813179844779356,2.0815,-0.386719,0.184986,2.68002,1.71468,1.53811,10,8554,6.56084,2.91278
1776813179849782352,2.0774,-0.386719,0.200058,2.52606,1.71468,1.53811,10,8567,6.57081,2.76338
1776813179854780219,2.0774,-0.341797,0.210029,2.42159,1.42785,1.54453,10,8592,6.58998,3.06797
1776813179859780326,2.0774,-0.341797,0.229204,2.72617,1.42785,1.54453,10,8607,6.60149,3.06736
1776813179864776692,2.07371,-0.341797,0.237019,2.72556,1.59757,1.52724,10,8628,6.61759,2.91511
1776813179869788132,2.07371,-0.164062,0.253125,2.75104,1.59757,1.52724,10,8650,6.63447,3.06797
1776813179874776499,2.06876,-0.164062,0.265048,2.90391,1.57802,1.60532,10,8665,6.64597,2.91511
1776813179879774439,2.06876,-0.123047,0.276552,2.79206,1.57802,1.60532,10,8681,6.65824,2.30103
1776813179884772658,2.06801,-0.123047,0.288078,2.17798,1.4403,1.62519,10,8683,6.65978,1.22719
1776813179889773561,2.06801,1.88867,0.289612,3.11586,1.4403,1.62519,10,8678,6.65594,-0.460243
1776813179894776890,2.07516,1.88867,0.292928,1.42843,2.39242,2.80542,10,8673,6.65211,-0.766792
1776813179899776516,2.07516,3.0293,0.289093,2.26251,2.39242,2.80542,10,8672,6.65134,-0.460243
1776813179904785660,2.08824,3.0293,0.301402,2.56905,2.46325,3.51668,10,8674,6.65287,0.153446
1776813179909790896,2.08824,1.89258,0.302936,2.04602,2.46325,3.51668,10,8680,6.65748,0.460148
1776813179914786392,2.12753,1.89258,-0.281488,2.35273,2.57173,3.05051,10,8689,6.66438,1.38063
1776813179919775889,2.12753,1.25977,-0.274585,2.6404,2.57173,3.05051,10,8702,6.67435,1.68767
1776813179924785755,2.13601,1.25977,-0.256134,2.94744,2.29197,2.72867,10,8714,6.68355,1.99423
1776813179929764585,2.13601,0.576172,-0.24693,2.5704,2.29197,2.72867,10,8729,6.69506,2.14715
1776813179934763655,2.15004,0.576172,-0.212959,2.5707,2.42876,2.33902,10,8748,6.70963,1.99453
1776813179939769484,2.15004,0.443359,-0.206823,2.43789,2.42876,2.33902,10,8761,6.7196,2.30057
1776813179944771868,2.15569,0.443359,-0.1912,2.74392,2.34041,2.35302,10,8774,6.72957,2.30139
1776813179949772216,2.15569,0.259766,-0.181229,2.56116,2.34041,2.35302,10,8788,6.74031,2.30047
1776813179954785508,2.1573,0.259766,-0.168887,2.56024,2.44618,2.25565,10,8802,6.75105,2.30149
1776813179959777208,2.1573,-0.0996094,-0.158149,2.20188,2.44618,2.25565,10,8820,6.76486,2.60773
1776813179964773426,2.15812,-0.0996094,-0.143519,2.50812,2.71402,2.05455,10,8835,6.77636,2.45389
1776813179969774719,2.15812,-0.472656,-0.132014,1.98123,2.71402,2.05455,10,8854,6.79093,2.60782
1776813179974786659,2.15499,-0.472656,-0.120575,2.13517,2.18261,1.82769,10,8869,6.80244,2.45389
1776813179979762229,2.15499,-0.445312,-0.10907,2.00857,2.18261,1.82769,10,8888,6.81701,2.76163
1776813179984774892,2.15051,-0.445312,-0.0989767,2.31632,2.02089,1.82291,10,8903,6.82852,2.60782
1776813179989771462,2.15051,-0.429688,-0.0874716,2.17813,2.02089,1.82291,10,8922,6.84309,2.75841
1776813179994773254,2.14612,-0.429688,-0.0772816,2.32873,1.53824,1.81186,10,8937,6.85459,2.45733
1776813179999771454,2.14612,-0.457031,-0.0657765,2.00029,1.53824,1.81186,10,8956,6.86917,2.60721
1776813180004779320,2.14148,-0.457031,-0.0443474,2.15027,1.68608,1.79628,10,8980,6.88757,2.6073
1776813180009771224,2.14148,-0.453125,-0.0374447,2.15418,1.68608,1.79628,10,8996,6.89985,2.91278
1776813180014778072,2.13708,-0.453125,-0.0295731,2.45965,1.76434,1.75719,10,9013,6.91288,2.91452
1776813180019774457,2.13708,-0.611328,-0.0165344,2.3032,1.76434,1.75719,10,9031,6.92669,2.91695
1776813180024769195,2.12898,-0.611328,-0.0108257,2.30562,1.66673,1.62993,10,9048,6.93973,2.91511
1776813180029755191,2.12898,-0.652344,0.00221387,2.26276,1.66673,1.62993,10,9069,6.95584,2.91462
1776813180034767039,2.1259,-0.652344,0.0152458,2.26228,1.8787,1.59244,10,9090,6.97194,2.91394
1776813180039769035,2.1259,-0.689453,0.0313524,2.22449,1.8787,1.59244,10,9109,6.98652,3.06736
1776813180044881139,2.1156,-0.689453,0.0356263,2.3779,1.7616,1.52388,10,9130,7.00262,3.06858
1776813180050250197,2.1156,-0.638672,0.0517329,2.42991,1.7616,1.52388,10,9149,7.0172,3.22132
1776813180054971980,2.1122,-0.638672,0.0629052,2.58265,1.42353,1.53713,10,9170,7.0333,2.91462
1776813180059851592,2.1122,-0.435547,0.0790118,2.47907,1.42353,1.53713,10,9186,7.04557,2.91452
1776813180064790516,2.1043,-0.435547,0.0833778,2.47898,1.60442,1.61635,10,9206,7.06091,2.76117
1776813180069783179,2.1043,-0.396484,0.0987176,2.36469,1.60442,1.61635,10,9223,7.07395,2.76117
1776813180074774750,2.1043,-0.396484,0.111756,2.36469,1.54736,1.63862,10,9243,7.08929,2.91452
1776813180079781894,2.10199,-0.396484,0.124785,2.51804,1.54736,1.63862,10,9257,7.10003,2.9152
1776813180084765984,2.10199,-0.474609,0.135523,2.44059,1.46271,1.58338,10,9282,7.1192,2.91394
1776813180089775720,2.09365,-0.474609,0.146364,2.43933,1.46271,1.58338,10,9296,7.12994,3.06797
1776813180094789383,2.09365,-0.498047,0.157101,2.56992,1.50729,1.53131,10,9319,7.14758,2.91345
1776813180099767176,2.09123,-0.498047,0.172316,2.41541,1.50729,1.53131,10,9332,7.15755,2.76218
1776813180104769969,2.09123,-0.423828,0.182287,2.33835,1.50724,1.56233,10,9356,7.17596,2.76173
1776813180109784335,2.08416,-0.423828,0.193627,2.3379,1.50724,1.56233,10,9370,7.1867,2.91345
1776813180114773980,2.08416,-0.380859,0.204365,2.53259,1.48141,1.55387,10,9394,7.20511,2.91569
1776813180119771254,2.08214,-0.380859,0.220752,2.53483,1.48141,1.55387,10,9408,7.21585,2.91345
1776813180124772417,2.08214,-0.306641,0.23149,2.60681,1.5107,1.58674,10,9432,7.23425,2.91569
1776813180129752525,2.07872,-0.306641,0.246484,2.60905,1.5107,1.58674,10,9445,7.24422,2.76007
1776813180134892035,2.07872,-0.242188,0.256455,2.51788,1.58139,1.60751,10,9467,7.2611,2.76228
1776813180140039360,2.07612,-0.242188,0.270723,2.52009,1.58139,1.60751,10,9481,7.27184,2.76007
1776813180144831456,2.07612,-0.21875,0.281461,2.54132,1.42102,1.60868,10,9496,7.28334,2.45536
1776813180149743788,2.07356,-0.21875,0.291176,0.548042,1.42102,1.60868,10,9495,7.28257,0.766792
1776813180154783413,2.07356,1.90625,0.289642,2.67304,2.10412,2.80795,10,9490,7.27874,-0.46024
1776813180159780539,2.07944,1.90625,0.291687,1.44601,2.10412,2.80795,10,9488,7.2772,-0.76704
1776813180164791609,2.07944,3.10156,0.290153,2.33452,2.66491,3.51681,10,9487,7.27644,-0.306736
1776813180169780476,2.10775,3.10156,-0.31062,2.79483,2.66491,3.51681,10,9488,7.2772,0
1776813180174784991,2.12125,2.56641,-0.29022,3.4868,2.9863,3.34346,10,9500,7.28641,0.920391
1776813180179767617,2.12125,1.03125,-0.287152,1.95164,2.9863,3.34346,10,9513,7.29638,1.68676
1776813180184775669,2.14019,1.03125,-0.258248,2.71801,2.61982,2.6175,10,9525,7.30558,1.99453
1776813180189776998,2.14019,1.14453,-0.249044,3.13906,2.61982,2.6175,10,9538,7.31555,2.30103
1776813180194782846,2.14514,1.14453,-0.234117,3.44556,2.35463,2.70469,10,9554,7.32783,2.14577
1776813180199798027,2.14514,0.453125,-0.221845,2.59889,2.35463,2.70469,10,9569,7.33933,2.30287
1776813180204806894,2.15541,0.453125,-0.200073,2.75599,2.16696,2.3573,10,9586,7.35237,2.45438
1776813180209786835,2.15541,0.417969,-0.187034,2.87234,2.16696,2.3573,10,9600,7.36311,2.45487
1776813180214797942,2.15541,0.417969,-0.176297,2.87284,2.44947,2.33726,10,9616,7.37538,2.30047
1776813180219861529,2.15736,0.417969,-0.162074,2.71844,2.44947,2.33726,10,9629,7.38535,2.45438
1776813180224788361,2.15736,-0.0546875,-0.152104,2.39969,2.58495,2.0767,10,9652,7.40299,2.76117
1776813180229753655,2.16006,-0.0546875,-0.131765,2.70649,2.58495,2.0767,10,9667,7.4145,3.06613
1776813180234824908,2.16006,-0.576172,-0.120261,2.48996,2.7477,1.79169,10,9689,7.43137,2.76338
1776813180239821830,2.15581,-0.576172,-0.107632,2.18721,2.7477,1.79169,10,9702,7.44134,2.60721
1776813180244793143,2.15581,-0.554688,-0.0976613,2.05252,2.1231,1.78467,10,9725,7.45898,2.76117
1776813180249777973,2.15298,-0.554688,-0.0828517,2.20649,2.1231,1.78467,10,9738,7.46895,2.76062
1776813180254787209,2.15298,-0.525391,-0.072881,2.23523,1.55787,1.78851,10,9761,7.48659,2.76173
1776813180259776465,2.14543,-0.525391,-0.0627878,2.23634,1.55787,1.78851,10,9774,7.49656,2.76117
1776813180264781962,2.14543,-0.5,-0.0528171,2.26117,1.52601,1.76863,10,9798,7.51497,2.76117
1776813180269770477,2.14275,-0.5,-0.0370896,2.26117,1.52601,1.76863,10,9811,7.52494,2.91394
1776813180274777602,2.14275,-0.478516,-0.027119,2.43543,1.77371,1.76865,10,9833,7.54182,2.76228
1776813180279754414,2.1363,-0.478516,-0.0166986,2.28376,1.77371,1.76865,10,9846,7.55179,2.76117
1776813180284834260,2.1363,-0.550781,-0.00672798,2.21039,1.6236,1.69797,10,9870,7.5702,2.76007
1776813180289789184,2.13328,-0.550781,0.0194012,2.36491,1.6236,1.69797,10,9894,7.5886,2.91569
1776813180294792772,2.13328,-0.695312,0.0270717,2.22038,1.73028,1.60178,10,9914,7.60394,3.06736
1776813180299795009,2.12378,-0.695312,0.0329077,2.37204,1.73028,1.60178,10,9928,7.61468,3.06429
1776813180304832245,2.12378,-0.689453,0.0436456,2.37484,1.84632,1.56151,10,9947,7.62925,2.76449
1776813180309815927,2.11669,-0.689453,0.0511295,2.07504,1.84632,1.56151,10,9960,7.63922,2.76173
1776813180314782869,2.11669,-0.59375,0.0611007,2.16798,1.65688,1.58343,10,9982,7.6561,2.76062
1776813180319784217,2.11051,-0.59375,0.0717999,2.16687,1.65688,1.58343,10,9995,7.66607,2.60825
1776813180324773714,2.11051,-0.53125,0.0817706,2.077,1.41442,1.59056,10,10019,7.68448,2.91462
1776813180329754044,2.10754,-0.53125,0.0972058,2.38337,1.41442,1.59056,10,10033,7.69521,2.91394
1776813180334769540,2.10754,-0.447266,0.107944,2.46668,1.65156,1.62469,10,10058,7.71439,2.91462
1776813180339780703,2.10058,-0.447266,0.120156,2.46735,1.65156,1.62469,10,10072,7.72513,3.06797
1776813180344767422,2.10058,-0.484375,0.130894,2.5836,1.47799,1.57128,10,10097,7.7443,3.06665
1776813180349775455,2.09815,-0.484375,0.147638,2.58227,1.47799,1.57128,10,10112,7.75581,3.06491
1776813180354769507,2.09815,-0.566406,0.159143,2.4985,1.4835,1.51324,10,10139,7.77652,3.22658
1776813180359782725,2.08002,-0.566406,0.173997,2.65363,1.4835,1.51324,10,10164,7.79569,3.22003
1776813180364780869,2.08002,-0.517578,0.1809,2.70246,1.45424,1.45661,10,10182,7.8095,3.22271
1776813180369773403,2.07453,-0.517578,0.189211,2.70513,1.45424,1.45661,10,10197,7.821,3.22003
1776813180374777214,2.07453,-0.416016,0.200716,2.80402,1.50707,1.48878,10,10223,7.84094,3.0692
1776813180379758266,2.06984,-0.416016,0.215972,2.65318,1.50707,1.48878,10,10237,7.85168,3.22132
1776813180384763522,2.06984,-0.375,0.226709,2.84632,1.29484,1.49018,10,10263,7.87162,3.06797
1776813180389780999,2.06771,-0.375,0.244521,2.69297,1.29484,1.49018,10,10277,7.88236,3.06674
1776813180394771422,2.06771,-0.318359,0.255258,2.74838,1.55107,1.51245,10,10303,7.9023,3.06858
1776813180399772696,2.06284,-0.318359,0.270328,2.75022,1.55107,1.51245,10,10315,7.91151,2.91511
1776813180404771118,2.06284,-0.294922,0.279532,2.62019,1.55492,1.5029,10,10329,7.92224,2.45389
1776813180409776818,2.0611,-0.294922,0.28853,2.15896,1.55492,1.5029,10,10330,7.92301,0.460335
1776813180414779129,2.0611,1.93945,0.289297,2.39979,1.8688,2.7683,10,10321,7.91611,-0.920207
1776813180419780606,2.06576,1.93945,0.287051,1.01925,1.8688,2.7683,10,10321,7.91611,-0.460335
1776813180424770770,2.06576,3.10742,0.287051,2.64709,2.32586,3.45596,10,10321,7.91611,0
1776813180429750341,2.07964,3.10742,0.302466,3.26087,2.32586,3.45596,10,10328,7.92148,0.153446
1776813180434762559,2.07964,2.39844,0.306302,2.55188,2.88271,3.11694,10,10334,7.92608,1.53399
1776813180439768037,2.10856,2.39844,-0.288494,3.93242,2.88271,3.11694,10,10343,7.93298,1.22743
1776813180444778125,2.10856,0.763672,-0.281591,1.99111,2.54731,2.31962,10,10363,7.94832,2.30093
1776813180449771399,2.12826,0.763672,-0.246552,3.0646,2.54731,2.31962,10,10373,7.95599,2.14801
1776813180454776507,2.12826,0.365234,-0.238882,2.51324,2.53691,2.18326,10,10395,7.97287,2.76062
1776813180459772892,2.13128,0.365234,-0.218984,3.12586,2.53691,2.18326,10,10407,7.98207,2.45487
1776813180464780203,2.13128,0.0195312,-0.20978,2.4744,1.88135,2.00008,10,10427,7.99741,2.45339
1776813180469773811,2.13317,0.0195312,-0.192555,2.47293,1.88135,2.00008,10,10438,8.00585,2.30195
1776813180474778177,2.13317,-0.0078125,-0.184118,2.29413,2.25981,1.99313,10,10457,8.02042,2.30037
1776813180479750897,2.13317,-0.0078125,-0.169542,2.29256,2.25981,1.99313,10,10469,8.02962,2.45438
1776813180484761281,2.13317,-0.335938,-0.160338,2.11844,2.48161,1.80612,10,10490,8.04573,2.45438
1776813180489769759,2.13131,-0.335938,-0.146096,2.11844,2.48161,1.80612,10,10501,8.05417,2.45438
1776813180494778885,2.13131,-0.464844,-0.13766,1.98953,2.01303,1.7241,10,10523,8.07104,2.60792
1776813180499846304,2.13131,-0.464844,-0.120786,2.14307,2.01303,1.7241,10,10536,8.08101,2.60825
1776813180504790006,2.12897,-0.464844,-0.113152,2.1434,1.86017,1.71338,10,10555,8.09558,2.76108
1776813180509789132,2.12897,-0.419922,-0.098579,2.34116,1.86017,1.71338,10,10574,8.11016,2.60721
1776813180514797851,2.12118,-0.419922,-0.0917922,2.18728,1.56113,1.70321,10,10592,8.12396,2.75906
1776813180519781070,2.12118,-0.392578,-0.0779858,2.36648,1.56113,1.70321,10,10608,8.13623,2.45634
1776813180524791788,2.11881,-0.392578,-0.0680857,2.06376,1.61263,1.70788,10,10627,8.15081,2.60773
1776813180529757100,2.11881,-0.337891,-0.0535126,2.26984,1.61263,1.70788,10,10644,8.16385,2.76163
1776813180534802891,2.11523,-0.337891,-0.0440531,2.42374,1.594,1.72255,10,10665,8.17995,2.91404
1776813180539789481,2.11523,-0.408203,-0.0279465,2.50583,1.594,1.72255,10,10683,8.19376,3.06736
1776813180544771737,2.10961,-0.408203,-0.0197678,2.65915,1.63136,1.6565,10,10704,8.20987,2.9152
1776813180549783640,2.10961,-0.443359,-0.00366024,2.47184,1.63136,1.6565,10,10722,8.22367,3.06797
1776813180554783359,2.10751,-0.443359,0.0080461,2.62461,1.94762,1.62675,10,10741,8.23824,2.91462
1776813180559832316,2.10751,-0.472656,0.0226192,2.44196,1.94762,1.62675,10,10759,8.25205,2.76108
1776813180564787666,2.10049,-0.472656,0.0294046,2.28842,1.53478,1.57753,10,10779,8.26739,2.91462
1776813180569782237,2.10049,-0.46875,0.0447444,2.44587,1.53478,1.57753,10,10796,8.28043,2.76108
1776813180574804380,2.10049,-0.46875,0.0577831,2.29233,1.66304,1.57975,10,10815,8.295,2.9152
1776813180579761971,2.09791,-0.46875,0.0697841,2.44645,1.66304,1.57975,10,10829,8.30574,2.76108
1776813180584774429,2.09791,-0.353516,0.0805225,2.40756,1.5286,1.6335,10,10850,8.32185,2.60792
1776813180589789444,2.08986,-0.353516,0.0885734,2.2544,1.5286,1.6335,10,10863,8.33182,2.60721
1776813180594777126,2.08986,-0.304688,0.0985441,2.30252,1.46395,1.62387,10,10885,8.34869,2.60825
1776813180599786696,2.08799,-0.304688,0.113546,2.30356,1.46395,1.62387,10,10898,8.35866,2.76053
1776813180604772674,2.08799,-0.306641,0.123518,2.45389,1.84981,1.61403,10,10921,8.3763,2.76072
1776813180609779226,2.08383,-0.306641,0.137002,2.45408,1.84981,1.61403,10,10935,8.38704,2.91462
1776813180614771574,2.08383,-0.339844,0.147741,2.57478,1.47068,1.57572,10,10958,8.40468,2.76218
1776813180619780274,2.08196,-0.339844,0.163509,2.42234,1.47068,1.57572,10,10971,8.41465,2.91462
1776813180624775252,2.08196,-0.345703,0.17348,2.56892,1.61862,1.56363,10,10994,8.43229,2.60721
1776813180629751841,2.07679,-0.345703,0.185948,2.2615,1.61862,1.56363,10,11006,8.4415,2.76163
1776813180634762708,2.07679,-0.310547,0.195152,2.45108,1.73842,1.55948,10,11029,8.45914,2.76127
1776813180639771537,2.07491,-0.310547,0.210916,2.45072,1.73842,1.55948,10,11043,8.46988,2.75997
1776813180644774385,2.07491,-0.21875,0.221655,2.54122,1.46484,1.60302,10,11068,8.48905,2.9152
1776813180649887507,2.07491,-0.21875,0.240829,2.69645,1.46484,1.60302,10,11081,8.49902,2.91404
1776813180654797192,2.07102,-0.21875,0.246908,2.69529,1.56987,1.58477,10,11101,8.51436,2.9156
1776813180659773207,2.07102,-0.216797,0.262248,2.6988,1.56987,1.58477,10,11123,8.53123,2.91404
1776813180664843479,2.06773,-0.216797,0.275835,2.69724,1.66564,1.57044,10,11138,8.54274,2.60773
1776813180669790329,2.06773,-0.228516,0.28734,2.37921,1.66564,1.57044,10,11138,8.54274,1.38073
1776813180674777918,2.06666,-0.228516,0.286269,1.15221,1.80844,1.55873,10,11129,8.53584,-1.07362
1776813180679752916,2.06666,2.92773,0.279366,1.85411,1.80844,1.55873,10,11128,8.53507,-0.767252
1776813180684764486,2.08075,2.92773,0.29269,2.16048,2.61076,3.42385,10,11127,8.5343,-0.153511
1776813180689776352,2.08075,3.30078,0.291923,3.14727,2.61076,3.42385,10,11127,8.5343,0
1776813180694788848,2.09609,3.30078,0.307262,3.30078,1.90632,3.70798,10,11138,8.54274,0.920302
1776813180699783733,2.09609,1.24609,-0.312619,2.1664,1.90632,3.70798,10,11144,8.54734,0.767252
1776813180704778415,2.13169,1.24609,-0.272416,2.01335,2.38178,2.7011,10,11160,8.55961,1.99373
1776813180709799447,2.13169,1.13086,-0.260144,3.12459,2.38178,2.7011,10,11172,8.56882,2.30103
1776813180714775667,2.13752,1.13086,-0.245116,3.43188,2.20582,2.66208,10,11188,8.58109,2.1481
1776813180719781256,2.13752,0.523438,-0.232845,2.67154,2.20582,2.66208,10,11203,8.59259,2.29991
1776813180724770308,2.13752,0.523438,-0.22134,2.82335,2.24238,2.31585,10,11221,8.6064,2.60825
1776813180729782600,2.14211,0.523438,-0.202945,3.13169,2.24238,2.31585,10,11233,8.6156,2.60844
1776813180734783374,2.14211,0.0566406,-0.193741,2.66508,2.73304,2.07074,10,11252,8.63018,2.30037
1776813180739784259,2.14797,0.0566406,-0.173306,2.35702,2.73304,2.07074,10,11264,8.63938,2.45438
1776813180744803162,2.14797,-0.0996094,-0.164102,2.35477,2.86389,2.00841,10,11287,8.65702,2.60792
1776813180749776863,2.14789,-0.0996094,-0.146534,2.50831,2.86389,2.00841,10,11300,8.66699,2.76053
1776813180754770860,2.14789,-0.298828,-0.136564,2.4617,2.39358,1.89452,10,11321,8.6831,2.60825
1776813180759779356,2.14699,-0.298828,-0.121359,2.30942,2.39358,1.89452,10,11334,8.69307,2.60825
1776813180764770241,2.14699,-0.455078,-0.111387,2.15317,1.91123,1.80135,10,11357,8.71071,2.76016
1776813180769773367,2.14037,-0.455078,-0.10037,2.30509,1.91123,1.80135,10,11369,8.71991,2.60877
1776813180774771789,2.14037,-0.505859,-0.0911663,2.10291,1.78219,1.74219,10,11391,8.73679,2.75906
1776813180779750898,2.13594,-0.505859,-0.078717,2.2532,1.78219,1.74219,10,11404,8.74676,2.60929
1776813180784760393,2.13594,-0.449219,-0.0687464,2.16007,1.4173,1.75425,10,11427,8.7644,2.76163
1776813180789767297,2.13089,-0.449219,-0.0561598,2.31241,1.4173,1.75425,10,11440,8.77437,2.76072
1776813180794778237,2.13089,-0.441406,-0.0461891,2.31931,1.53835,1.73555,10,11464,8.79278,2.91443
1776813180799772808,2.13089,-0.441406,-0.0277813,2.47302,1.53835,1.73555,10,11477,8.80275,2.76127
1776813180804780211,2.12646,-0.441406,-0.0222366,2.31986,1.80167,1.71524,10,11496,8.81732,2.76108
1776813180809831724,2.12646,-0.548828,-0.00766353,2.21225,1.80167,1.71524,10,11516,8.83266,2.60844
1776813180814790852,2.1215,-0.548828,0.00271341,2.05961,1.87071,1.6312,10,11536,8.848,2.91443
1776813180819779089,2.1215,-0.613281,0.0180533,2.30115,1.87071,1.6312,10,11554,8.86181,2.91462
1776813180824790437,2.11246,-0.613281,0.0228183,2.30134,1.70831,1.55279,10,11575,8.87791,2.91462
1776813180829757657,2.11246,-0.630859,0.0389249,2.28376,1.70831,1.55279,10,11593,8.89172,2.91326
1776813180834770097,2.1063,-0.630859,0.04657,2.2824,1.73598,1.51429,10,11612,8.90629,2.9152
1776813180839765353,2.1063,-0.566406,0.0611431,2.3488,1.73598,1.51429,10,11629,8.91933,2.91462
1776813180844860679,2.10022,-0.566406,0.068105,2.34821,1.37624,1.52287,10,11650,8.93544,2.91501
1776813180849789085,2.10022,-0.511719,0.0842116,2.40329,1.37624,1.52287,10,11669,8.95001,2.91404
1776813180854783378,2.09477,-0.511719,0.0933344,2.40232,1.39263,1.52873,10,11691,8.96688,3.06797
1776813180859780115,2.09477,-0.431641,0.110208,2.63633,1.39263,1.52873,10,11710,8.98146,3.22197
1776813180864789019,2.09022,-0.431641,0.120227,2.79032,1.39967,1.55318,10,11733,8.9991,3.22087
1776813180869770830,2.09022,-0.457031,0.137867,2.76384,1.39967,1.55318,10,11751,9.0129,3.2181
1776813180874775364,2.09022,-0.457031,0.151674,2.76107,1.44428,1.53871,10,11772,9.02901,2.91676
1776813180879754398,2.08557,-0.457031,0.163131,2.45973,1.44428,1.53871,10,11787,9.04052,3.2228
1776813180884773023,2.08557,-0.421875,0.174636,2.80093,1.56442,1.53707,10,11814,9.06046,3.06736
1776813180889768982,2.07871,-0.421875,0.18849,2.64548,1.56442,1.53707,10,11828,9.07196,3.22132
1776813180894776571,2.07871,-0.369141,0.199228,2.85218,1.48569,1.53511,10,11853,9.09114,3.06797
1776813180899767753,2.07483,-0.369141,0.214513,2.69883,1.48569,1.53511,10,11867,9.10111,2.91443
1776813180904773767,2.07483,-0.263672,0.225251,2.65076,1.51298,1.57702,10,11890,9.11952,2.76182
1776813180909777727,2.07168,-0.263672,0.239742,2.49815,1.51298,1.57702,10,11903,9.12949,2.76053
1776813180914795445,2.07168,-0.189453,0.249713,2.57107,1.41372,1.60455,10,11928,9.14866,2.91404
1776813180919780275,2.06938,-0.189453,0.266592,2.72458,1.41372,1.60455,10,11939,9.1571,2.76182
1776813180924772771,2.06938,-0.130859,0.275029,2.63096,1.42888,1.62717,10,11946,9.16247,1.53389
1776813180929750509,2.06772,-0.130859,0.278733,1.40303,1.42888,1.62717,10,11944,9.16093,0
1776813180934771171,2.06772,2.16602,0.2772,2.16602,2.24836,2.92857,10,11938,9.15633,-0.768636
1776813180939769612,2.07631,2.16602,0.281192,1.39738,2.24836,2.92857,10,11938,9.15633,-0.307015
1776813180944774368,2.07631,3.04492,0.281192,2.73791,2.56654,3.46987,10,11938,9.15633,0
1776813180949784512,2.07631,3.04492,0.281192,3.04492,2.56654,3.46987,10,11945,9.1617,0.460243
1776813180954795767,2.10577,3.04492,-0.312294,3.50517,2.90176,3.60705,10,11954,9.1686,1.53389
1776813180959776227,2.10577,1.55859,-0.305392,3.09248,2.90176,3.60705,10,11969,9.18011,1.68676
1776813180964774871,2.1295,1.55859,-0.270157,3.24535,2.46398,2.86919,10,11982,9.19008,2.1481
1776813180969786441,2.1295,0.597656,-0.260187,2.74576,2.46398,2.86919,10,11999,9.20312,2.30083
1776813180974783290,2.14423,0.597656,-0.232423,2.89849,2.42019,2.3888,10,12016,9.21616,2.45438
1776813180979749102,2.14423,0.216797,-0.219384,2.67117,2.42019,2.3888,10,12032,9.22843,2.60792
1776813180984759876,2.14619,0.216797,-0.205145,2.82471,2.37039,2.18068,10,12051,9.243,2.60825
1776813180989775501,2.14619,-0.0878906,-0.190573,2.52036,2.37039,2.18068,10,12066,9.25451,2.60668
1776813180994769794,2.14808,-0.0878906,-0.177181,2.51879,2.35538,2.0156,10,12084,9.26831,2.60825
1776813180999775068,2.14808,-0.177734,-0.163375,2.43051,2.35538,2.0156,10,12101,9.28135,2.60825
1776813181004800101,2.14745,-0.177734,-0.150966,2.43051,2.60466,1.96152,10,12120,9.29592,2.76127
1776813181009800875,2.14745,-0.53125,-0.136394,2.23002,2.60466,1.96152,10,12136,9.3082,2.76108
1776813181014775113,2.14241,-0.53125,-0.129159,2.22983,2.22343,1.73705,10,12151,9.3197,2.60792
1776813181019776406,2.14241,-0.658203,-0.117653,1.94971,2.22343,1.73705,10,12169,9.33351,2.9121
1776813181024776903,2.13986,-0.658203,-0.0902934,2.25817,1.9073,1.66469,10,12199,9.35652,2.91637
1776813181029793714,2.13986,-0.658203,-0.0902934,2.25817,1.9073,1.66469,10,12199,9.35652,2.91637
1776813181034790914,2.12801,-0.597656,-0.0714631,2.62431,1.40478,1.68754,10,12239,9.3872,3.22197
1776813181039775226,2.12801,-0.527344,-0.0645604,2.69462,1.40478,1.68754,10,12255,9.39947,2.9152
1776813181044790296,2.12474,-0.527344,-0.0555634,2.38786,1.51277,1.65833,10,12271,9.41174,2.76053
1776813181049776331,2.12474,-0.394531,-0.0432916,2.36599,1.51277,1.65833,10,12289,9.42554,2.91287
1776813181054783549,2.12044,-0.394531,-0.0337815,2.51834,1.73364,1.71427,10,12310,9.44165,2.91579
1776813181059777120,2.12044,-0.519531,-0.0176749,2.39625,1.73364,1.71427,10,12329,9.45622,3.0692
1776813181064833170,2.11601,-0.519531,-0.00753067,2.54967,1.75344,1.62262,10,12351,9.4731,3.21875
1776813181069797742,2.11601,-0.615234,0.00934361,2.60351,1.75344,1.62262,10,12368,9.48614,2.91637
1776813181074783721,2.11017,-0.615234,0.0165353,2.30114,1.64428,1.54108,10,12388,9.50148,2.91501
1776813181079829827,2.11017,-0.599609,0.0318751,2.3154,1.64428,1.54108,10,12405,9.51452,2.76127
1776813181084795881,2.10413,-0.599609,0.0388808,2.16166,1.68453,1.52207,10,12424,9.52909,2.91443
1776813181089767804,2.10413,-0.560547,0.053453,2.35388,1.68453,1.52207,10,12441,9.54213,2.75686
1776813181094783967,2.10413,-0.560547,0.0664916,2.19631,1.54728,1.54433,10,12461,9.55747,2.7655
1776813181099774834,2.09809,-0.560547,0.0757918,2.20496,1.54728,1.54433,10,12474,9.56744,2.76072
1776813181104853365,2.09809,-0.384766,0.0857615,2.37595,1.46439,1.61652,10,12497,9.58508,2.76163
1776813181109814122,2.09123,-0.384766,0.0965409,2.37686,1.46439,1.61652,10,12509,9.59428,2.60668
1776813181114782342,2.09123,-0.361328,0.105745,2.24536,1.59123,1.59797,10,12531,9.61116,2.76182
1776813181119782672,2.08942,-0.361328,0.120805,2.40049,1.59123,1.59797,10,12544,9.62113,2.60773
1776813181124775095,2.08942,-0.378906,0.130775,2.22882,1.5998,1.5795,10,12568,9.63953,2.91404
1776813181129756759,2.08419,-0.378906,0.143957,2.53513,1.5998,1.5795,10,12582,9.65027,2.91579
1776813181134772403,2.08419,-0.410156,0.154695,2.50563,1.45224,1.53731,10,12607,9.66945,2.91326
1776813181139777622,2.08217,-0.410156,0.171851,2.50311,1.45224,1.53731,10,12621,9.68019,3.06797
1776813181144797803,2.08217,-0.376953,0.182588,2.69102,1.73379,1.54681,10,12645,9.69859,2.91579
1776813181149800967,2.07614,-0.376953,0.194961,2.53883,1.73379,1.54681,10,12659,9.70933,2.91404
1776813181154782205,2.07614,-0.345703,0.205699,2.56833,1.5292,1.53639,10,12684,9.72851,2.91501
1776813181159773405,2.07432,-0.345703,0.223058,2.56931,1.5292,1.53639,10,12699,9.74001,3.22087
1776813181164776235,2.07432,-0.265625,0.234563,2.95524,1.47494,1.57353,10,12727,9.76149,3.22132
1776813181169784343,2.07432,-0.265625,0.256039,2.9557,1.47494,1.57353,10,12741,9.77222,3.22197
1776813181174798820,2.06957,-0.265625,0.262025,2.95634,1.48104,1.55124,10,12757,9.7845,2.60668
1776813181179770910,2.06957,0.0722656,0.274297,2.67895,1.48104,1.55124,10,12758,9.78526,0.920671
1776813181184763222,2.06682,0.0722656,0.272311,0.992936,1.85104,1.7309,10,12751,9.77989,-0.613717
1776813181189778385,2.06682,1.11914,0.266943,0.505424,1.85104,1.7309,10,12749,9.77836,-0.766982
1776813181194772234,2.06981,1.11914,0.268402,0.352158,2.53954,2.34169,10,12749,9.77836,-0.153351
1776813181199776508,2.06981,2.77148,0.268402,2.61813,2.53954,2.34169,10,12751,9.77989,0
1776813181204785023,2.10837,2.77148,0.308494,2.77148,2.06692,3.46319,10,12759,9.78603,0.767098
1776813181209773446,2.10837,2.20898,-0.313688,2.97608,2.06692,3.46319,10,12768,9.79293,1.38073
1776813181214780313,2.11805,2.20898,-0.297104,3.58971,1.777,3.18726,10,12777,9.79984,1.53328
1776813181219776032,2.11805,1.14648,-0.290201,2.67976,1.777,3.18726,10,12790,9.80981,1.68777
1776813181224781306,2.14138,1.14648,-0.2569,2.83425,2.14139,2.68864,10,12804,9.82055,1.99373
1776813181229754674,2.14138,0.845703,-0.246162,2.83944,2.14139,2.68864,10,12817,9.83052,1.99453
1776813181234769207,2.14598,0.845703,-0.231594,2.84023,2.52116,2.53816,10,12830,9.84049,2.30103
1776813181239772630,2.14598,0.638672,-0.221623,2.9397,2.52116,2.53816,10,12848,9.85429,2.30103
1776813181244774274,2.14598,0.638672,-0.207817,2.9397,2.76887,2.42016,10,12866,9.8681,2.60825
1776813181249769586,2.15633,0.638672,-0.183659,3.24692,2.76887,2.42016,10,12878,9.8773,2.45339
1776813181254779860,2.15633,-0.128906,-0.174455,2.32449,2.97519,2.02973,10,12900,9.89418,2.76218
1776813181259768968,2.15896,-0.128906,-0.154948,2.63328,2.97519,2.02973,10,12912,9.90338,2.60687
1776813181264822500,2.15896,-0.517578,-0.145744,2.0893,2.69108,1.82013,10,12935,9.92102,2.60825
1776813181269814219,2.1555,-0.517578,-0.131562,2.09067,2.69108,1.82013,10,12947,9.93022,2.60825
1776813181274778476,2.1555,-0.585938,-0.122358,2.02231,2.19346,1.76547,10,12969,9.9471,2.76108
1776813181279760974,2.14993,-0.585938,-0.111059,2.17514,2.19346,1.76547,10,12982,9.95707,2.76016
1776813181284768322,2.14993,-0.519531,-0.101089,2.24063,1.70168,1.77798,10,13005,9.97471,2.76163
1776813181289776318,2.14441,-0.519531,-0.0889704,2.2421,1.70168,1.77798,10,13018,9.98468,2.60792
1776813181294786814,2.14441,-0.509766,-0.0789997,2.09815,1.4025,1.75838,10,13039,10.0008,2.60825
1776813181299784163,2.13916,-0.509766,-0.0681364,2.09848,1.4025,1.75838,10,13052,10.0108,2.60721
1776813181304837602,2.13916,-0.462891,-0.0581648,2.14432,1.53371,1.76117,10,13075,10.0284,2.76108
1776813181309855747,2.13422,-0.462891,-0.0454657,2.29819,1.53371,1.76117,10,13089,10.0391,2.9152
1776813181314828985,2.13422,-0.546875,-0.0347273,2.36833,1.77285,1.6907,10,13114,10.0583,2.91462
1776813181319846722,2.13422,-0.546875,-0.0155527,2.36774,1.77285,1.6907,10,13128,10.069,3.06736
1776813181324799775,2.12902,-0.546875,-0.0100176,2.52048,2.0128,1.66685,10,13149,10.0852,3.06858
1776813181329794754,2.12902,-0.728516,0.00608898,2.34007,2.0128,1.66685,10,13172,10.1028,3.06797
1776813181334766862,2.11955,-0.728516,0.0142639,2.33945,1.70926,1.51981,10,13194,10.1197,3.06736
1776813181339774970,2.11955,-0.751953,0.0311372,2.3154,1.70926,1.51981,10,13213,10.1342,3.06797
1776813181344773096,2.11228,-0.751953,0.0384414,2.31602,1.66135,1.47293,10,13236,10.1519,3.22197
1776813181349782611,2.11228,-0.650391,0.0560825,2.57157,1.66135,1.47293,10,13255,10.1665,3.22132
1776813181354780293,2.10524,-0.650391,0.0636079,2.57093,1.66421,1.49824,10,13272,10.1795,3.06736
1776813181359787160,2.10524,-0.511719,0.0766466,2.55564,1.66421,1.49824,10,13294,10.1964,3.06858
1776813181364794693,2.09941,-0.511719,0.087692,2.55687,1.36649,1.55027,10,13315,10.2125,2.91462
1776813181369780024,2.09941,-0.433594,0.1038,2.48103,1.36649,1.55027,10,13338,10.2301,3.06797
1776813181374774576,2.09481,-0.433594,0.116842,2.63438,1.4892,1.57344,10,13356,10.2439,3.06736
1776813181379782554,2.09481,-0.529297,0.130648,2.53806,1.4892,1.57344,10,13379,10.2616,3.22068
1776813181384766903,2.08986,-0.529297,0.143338,2.69138,1.78261,1.49585,10,13397,10.2754,3.22197
1776813181389801213,2.08986,-0.585938,0.157144,2.63603,1.78261,1.49585,10,13415,10.2892,3.06797
1776813181394873022,2.08427,-0.585938,0.17763,2.32926,1.39944,1.46356,10,13440,10.3084,2.9152
1776813181399800318,2.08427,-0.509766,0.184533,2.40544,1.39944,1.46356,10,13457,10.3214,2.91385
1776813181404804555,2.07688,-0.509766,0.190188,2.40408,1.53795,1.44638,10,13475,10.3344,3.06736
1776813181409781775,2.07688,-0.457031,0.203994,2.61033,1.53795,1.44638,10,13493,10.349,2.9152
1776813181414788401,2.07353,-0.457031,0.214441,2.45817,1.51028,1.46071,10,13509,10.3613,3.06858
1776813181419774750,2.07353,-0.408203,0.226713,2.66038,1.51028,1.46071,10,13527,10.3751,2.91113
1776813181424778265,2.07219,-0.408203,0.239177,2.50292,1.39152,1.48225,10,13547,10.3904,2.76329
1776813181429789872,2.07219,-0.308594,0.254517,2.45469,1.39152,1.48225,10,13566,10.405,2.76237
1776813181434785276,2.0662,-0.308594,0.263102,2.45378,1.36515,1.51091,10,13576,10.4127,2.14705
1776813181439772329,2.0662,-0.283203,0.270772,1.86385,1.36515,1.51091,10,13579,10.415,1.07362
1776813181444777437,2.06534,-0.283203,0.272215,0.790419,1.84704,1.52134,10,13574,10.4111,-0.460427
1776813181449775952,2.06534,2.14258,0.26838,1.68215,1.84704,1.52134,10,13572,10.4096,-0.460243
1776813181454785985,2.07317,2.14258,0.274682,1.68233,2.3111,2.94084,10,13571,10.4088,-0.30664
1776813181459777742,2.07317,3.25586,0.273915,2.94922,2.3111,2.94084,10,13571,10.4088,0
1776813181464778442,2.08139,3.25586,0.288261,4.02265,2.29272,3.57541,10,13583,10.418,0.766792
1776813181469789068,2.08139,3.25586,0.288261,4.02265,2.29272,3.57541,10,13583,10.418,0.766792
1776813181474784898,2.13028,1.14453,-0.276592,2.67811,2.50604,2.41039,10,13603,10.4334,1.53358
1776813181479750396,2.13028,0.828125,-0.272757,2.36171,2.50604,2.41039,10,13615,10.4426,1.84115
1776813181484771577,2.14031,0.828125,-0.253521,2.66928,2.32635,2.50229,10,13627,10.4518,1.99432
1776813181489771518,2.14031,0.580078,-0.244318,2.5744,2.32635,2.50229,10,13641,10.4625,2.29716
1776813181494778163,2.14526,0.580078,-0.228628,2.87724,1.77067,2.3835,10,13656,10.474,2.15069
1776813181499826324,2.14526,0.558594,-0.217123,2.70928,1.77067,2.3835,10,13668,10.4832,2.14705
1776813181504860894,2.14804,0.558594,-0.205135,2.70565,2.16754,2.38393,10,13680,10.4924,1.99432
1776813181509800781,2.14804,0.255859,-0.195931,2.25018,2.16754,2.38393,10,13698,10.5062,2.30176
1776813181514781686,2.15422,0.255859,-0.175947,2.55761,2.69071,2.23948,10,13713,10.5177,2.60616
1776813181519793423,2.15422,0.125,-0.164442,2.73116,2.69071,2.23948,10,13733,10.5331,2.60896
1776813181524929582,2.15479,0.125,-0.148537,2.73396,2.67905,2.16746,10,13752,10.5477,2.76163
1776813181529857470,2.15479,-0.310547,-0.133965,2.45108,2.67905,2.16746,10,13772,10.563,2.76072
1776813181534810561,2.15479,-0.310547,-0.118624,2.45017,2.32482,1.9192,10,13788,10.5753,2.76163
1776813181539786336,2.15297,-0.310547,-0.108169,2.45108,2.32482,1.9192,10,13802,10.586,2.91462
1776813181544749723,2.15297,-0.464844,-0.0974312,2.44978,1.80836,1.82299,10,13826,10.6044,2.76053
1776813181549789848,2.14692,-0.464844,-0.0850801,2.29568,1.80836,1.82299,10,13840,10.6151,3.06736
1776813181554795974,2.14692,-0.546875,-0.0743427,2.52048,1.68521,1.74867,10,13865,10.6343,3.06613
1776813181559797174,2.14535,-0.546875,-0.0567341,2.51926,1.68521,1.74867,10,13879,10.6451,2.91695
1776813181564787467,2.14535,-0.517578,-0.0459966,2.39937,1.64431,1.75823,10,13905,10.665,2.9152
1776813181569844999,2.13615,-0.517578,-0.0352535,2.39762,1.64431,1.75823,10,13918,10.675,2.91443
1776813181574793034,2.13615,-0.550781,-0.0252828,2.36365,1.55932,1.6973,10,13941,10.6926,2.91404
1776813181579781569,2.1345,-0.550781,-0.00929545,2.36326,1.55932,1.6973,10,13955,10.7034,2.9152
1776813181584764992,2.1345,-0.65625,0.00144293,2.25895,1.77776,1.62961,10,13980,10.7225,2.91443
1776813181589785710,2.12434,-0.65625,0.010458,2.25818,1.77776,1.62961,10,13994,10.7333,3.06797
1776813181594773466,2.12434,-0.695312,0.0211964,2.37266,1.99417,1.56075,10,14018,10.7517,2.91404
1776813181599774537,2.12257,-0.695312,0.0378361,2.21872,1.99417,1.56075,10,14032,10.7624,2.9152
1776813181604776756,2.12257,-0.693359,0.0485735,2.22184,1.63063,1.55373,10,14055,10.7801,2.91326
1776813181609790344,2.12257,-0.693359,0.0662146,2.2199,1.63063,1.55373,10,14068,10.79,2.76182
1776813181614775045,2.11018,-0.693359,0.063797,2.06846,1.6164,1.49662,10,14088,10.8054,2.75777
1776813181619779468,2.11018,-0.515625,0.0791378,2.24214,1.6164,1.49662,10,14108,10.8207,2.76514
1776813181624776353,2.10106,-0.515625,0.0853539,2.24952,1.47409,1.55569,10,14125,10.8337,2.76108
1776813181629755184,2.10106,-0.488281,0.0983925,2.2728,1.47409,1.55569,10,14142,10.8468,2.91404
1776813181634764625,2.09971,-0.488281,0.110082,2.42576,1.31133,1.56502,10,14163,10.8629,2.9152
1776813181639771177,2.09971,-0.443359,0.126188,2.47184,1.31133,1.56502,10,14183,10.8782,2.91385
1776813181644786006,2.09205,-0.443359,0.13387,2.47049,1.63105,1.55503,10,14200,10.8913,2.91462
1776813181649781837,2.09205,-0.466797,0.14691,2.44782,1.63105,1.55503,10,14223,10.9089,3.06552
1776813181654785574,2.09091,-0.466797,0.16341,2.59872,1.48101,1.53637,10,14246,10.9265,3.22455
1776813181659779626,2.09091,-0.478516,0.181051,2.74603,1.48101,1.53637,10,14271,10.9457,3.22132
1776813181664790660,2.08271,-0.478516,0.192024,2.74281,1.32954,1.49144,10,14289,10.9595,3.37351
1776813181669779434,2.08271,-0.341797,0.205832,3.03172,1.32954,1.49144,10,14312,10.9772,3.06858
1776813181674782949,2.07747,-0.341797,0.218227,2.72679,1.57376,1.54485,10,14329,10.9902,3.06858
1776813181679755817,2.07747,-0.318359,0.231267,2.75022,1.57376,1.54485,10,14348,11.0048,3.21553
1776813181684764962,2.07512,-0.318359,0.257303,2.75514,1.67494,1.55821,10,14374,11.0247,3.0735
1776813181689773162,2.07512,-0.232422,0.263439,2.84108,1.67494,1.55821,10,14385,11.0332,2.91462
1776813181694780918,2.07136,-0.232422,0.268112,2.6822,1.52815,1.57858,10,14387,11.0347,1.22719
1776813181699776525,2.07136,0.28125,0.269647,1.50844,1.52815,1.57858,10,14384,11.0324,0
1776813181704772282,2.07154,0.28125,0.267524,0.28125,2.32765,1.87221,10,14380,11.0293,-0.767443
1776813181709794444,2.07154,1.58008,0.264456,0.812636,2.32765,1.87221,10,14380,11.0293,-0.153351
1776813181714780293,2.07392,1.58008,0.266839,1.42673,2.56257,2.62372,10,14380,11.0293,0
1776813181719789975,2.07392,2.50586,0.266839,2.50586,2.56257,2.62372,10,14387,11.0347,0.460427
1776813181724784249,2.12089,2.50586,-0.309146,2.96629,1.95327,3.36955,10,14395,11.0408,1.37999
1776813181729756469,2.12089,1.85156,-0.30301,3.23155,1.95327,3.36955,10,14405,11.0485,1.53439
1776813181734767373,2.12608,1.85156,-0.290147,3.38595,1.87725,3.02047,10,14417,11.0577,1.68758
1776813181739773554,2.12608,1.00781,-0.280943,2.69539,1.87725,3.02047,10,14432,11.0692,1.99393
1776813181744785143,2.14776,1.00781,-0.247761,3.00174,2.34967,2.63868,10,14443,11.0776,1.84041
1776813181749767992,2.14776,0.658203,-0.239324,2.49862,2.34967,2.63868,10,14456,11.0876,2.14791
1776813181754772007,2.14975,0.658203,-0.214326,3.11209,2.32278,2.4394,10,14480,11.106,2.45389
1776813181759771689,2.14975,0.658203,-0.214326,3.11209,2.32278,2.4394,10,14480,11.106,2.45389
1776813181764776408,2.16079,0.0644531,-0.179508,2.36963,2.37347,2.11002,10,14512,11.1306,2.30517
1776813181769812015,2.16079,-0.0644531,-0.173372,2.24072,2.37347,2.11002,10,14526,11.1413,2.45339
1776813181774793827,2.16087,-0.0644531,-0.162553,2.38894,2.84166,2.08705,10,14541,11.1528,2.45438
1776813181779790268,2.16087,-0.273438,-0.151047,2.18094,2.84166,2.08705,10,14556,11.1643,2.60877
1776813181784768339,2.16004,-0.273438,-0.140369,2.33533,2.58992,1.96419,10,14570,11.175,2.6046
1776813181789777484,2.16004,-0.480469,-0.129632,2.12413,2.58992,1.96419,10,14585,11.1866,2.30333
1776813181794770388,2.15823,-0.480469,-0.119936,1.82286,2.05575,1.83797,10,14604,11.2011,2.60721
1776813181799772200,2.15823,-0.541016,-0.105364,2.06619,2.05575,1.83797,10,14625,11.2172,2.9152
1776813181804772752,2.1494,-0.541016,-0.0980918,2.37419,1.57266,1.76331,10,14641,11.2295,2.91443
1776813181809812080,2.1494,-0.558594,-0.0858199,2.35583,1.57266,1.76331,10,14663,11.2464,2.9152
1776813181814782078,2.14823,-0.558594,-0.0701148,2.35661,1.58694,1.74798,10,14679,11.2587,2.91462
1776813181819781019,2.14823,-0.570312,-0.057843,2.34431,1.58694,1.74798,10,14700,11.2748,2.76108
1776813181824825848,2.13924,-0.570312,-0.0384567,2.34431,1.79481,1.7413,10,14725,11.2939,2.91462
1776813181829779272,2.13924,-0.527344,-0.031553,2.38728,1.79481,1.7413,10,14743,11.3077,2.91404
1776813181834773065,2.13389,-0.527344,-0.023093,2.38669,1.69697,1.70032,10,14761,11.3215,3.22068
1776813181839775154,2.13389,-0.636719,-0.00928662,2.58396,1.69697,1.70032,10,14780,11.3361,3.06858
1776813181844791761,2.12791,-0.636719,-0.000695926,2.43187,1.73011,1.61056,10,14798,11.3499,3.22132
1776813181849784443,2.12791,-0.669922,0.0131114,2.5514,1.73011,1.61056,10,14817,11.3645,3.06797
1776813181854783996,2.12154,-0.669922,0.0213073,2.39805,1.97841,1.56233,10,14838,11.3806,3.06858
1776813181859805010,2.12154,-0.714844,0.0374148,2.35374,1.97841,1.56233,10,14861,11.3982,3.06674
1776813181864784896,2.11452,-0.714844,0.0480435,2.3519,1.6179,1.50442,10,14878,11.4113,3.0692
1776813181869775782,2.11452,-0.689453,0.0610831,2.37974,1.6179,1.50442,10,14900,11.4282,3.06797
1776813181874779612,2.10755,-0.689453,0.0709784,2.37852,1.32731,1.48666,10,14917,11.4412,2.91443
1776813181879761628,2.10755,-0.572266,0.0840171,2.34216,1.32731,1.48666,10,14938,11.4573,3.06368
1776813181884777272,2.1011,-0.572266,0.0936816,2.49142,1.40622,1.52361,10,14954,11.4696,2.61105
1776813181889774732,2.1011,-0.466797,0.105953,2.14425,1.40622,1.52361,10,14974,11.4849,2.91326
1776813181894774210,2.09602,-0.466797,0.128486,2.29558,1.40009,1.58373,10,14999,11.5041,2.76237
1776813181899770540,2.09602,-0.488281,0.13539,2.27409,1.40009,1.58373,10,15016,11.5171,2.91462
1776813181904776740,2.08885,-0.488281,0.141257,2.42634,1.4773,1.51453,10,15033,11.5302,3.06655
1776813181909885567,2.08885,-0.521484,0.154295,2.54507,1.4773,1.51453,10,15051,11.544,2.91579
1776813181914806362,2.0867,-0.521484,0.165944,2.3943,1.65427,1.48555,10,15068,11.557,2.9152
1776813181919785674,2.0867,-0.501953,0.178984,2.41325,1.65427,1.48555,10,15089,11.5731,2.91404
1776813181924783153,2.08145,-0.501953,0.189844,2.41208,1.50658,1.47219,10,15106,11.5862,2.91443
1776813181929758928,2.08145,-0.433594,0.202883,2.48083,1.50658,1.47219,10,15128,11.603,3.06736
1776813181934914123,2.07676,-0.433594,0.215068,2.63376,1.36928,1.48922,10,15145,11.6161,2.9152
1776813181939787383,2.07676,-0.333984,0.228108,2.58122,1.36928,1.48922,10,15168,11.6337,3.2181
1776813181944772547,2.07287,-0.333984,0.241861,2.88412,1.53889,1.52779,10,15186,11.6475,3.07043
1776813181949771396,2.07287,-0.265625,0.255667,2.8048,1.53889,1.52779,10,15203,11.6606,2.76182
1776813181954770689,2.07,-0.265625,0.265828,2.4962,1.65336,1.55325,10,15208,11.6644,1.5342
1776813181959872200,2.07,0.0449219,0.269663,1.57912,1.65336,1.55325,10,15203,11.6606,-0.15332
1776813181964799107,2.0684,0.0449219,0.262697,-0.722023,1.93062,1.73026,10,15200,11.6583,-0.766945
1776813181969788122,2.0684,2.85547,0.261929,2.08852,1.93062,1.73026,10,15200,11.6583,-0.153542
1776813181974774231,2.08229,2.85547,0.275815,2.70193,2.38827,3.38983,10,15200,11.6583,0
1776813181979797060,2.08229,2.04883,0.275815,2.04883,2.38827,3.38983,10,15207,11.6636,0.460151
1776813181984777113,2.12368,2.04883,-0.30574,2.50898,1.92828,3.12188,10,15216,11.6705,1.38054
1776813181989782572,2.12368,0.955078,-0.298837,2.33562,1.92828,3.12188,10,15229,11.6805,1.68777
1776813181994786883,2.13167,0.955078,-0.280872,2.64285,2.33156,2.53513,10,15241,11.6897,2.14705
1776813181999784825,2.13167,0.519531,-0.271669,2.66659,2.33156,2.53513,10,15257,11.702,1.99432
1776813182004779322,2.14397,0.519531,-0.247101,2.51386,2.28626,2.34309,10,15271,11.7127,2.30083
1776813182009775263,2.14397,0.322266,-0.236363,2.6231,2.28626,2.34309,10,15287,11.725,2.30149
1776813182014777760,2.14619,0.322266,-0.221874,2.62375,2.19137,2.24076,10,15299,11.7342,2.14767
1776813182019780165,2.14619,0.371094,-0.21267,2.51877,2.19137,2.24076,10,15316,11.7472,2.14663
1776813182024773051,2.15286,0.371094,-0.192962,2.51772,2.67732,2.29895,10,15329,11.7572,2.45487
1776813182029754011,2.15286,0.0976562,-0.182991,2.55252,2.67732,2.29895,10,15347,11.771,2.30057
1776813182034764545,2.15422,0.0976562,-0.157855,2.55252,2.43374,2.14309,10,15368,11.7871,2.45487
1776813182039768838,2.15422,-0.0976562,-0.151719,2.35721,2.43374,2.14309,10,15383,11.7978,2.45438
1776813182044787779,2.15419,-0.0976562,-0.140236,2.35672,2.57951,2.03783,10,15398,11.8101,2.60721
1776813182049780591,2.15419,-0.353516,-0.128732,2.25369,2.57951,2.03783,10,15415,11.8232,2.76218
1776813182054779551,2.15219,-0.353516,-0.11769,2.40867,1.87386,1.88291,10,15431,11.8354,2.76016
1776813182059782696,2.15219,-0.517578,-0.105419,2.24259,1.87386,1.88291,10,15451,11.8508,2.76163
1776813182064778878,2.14582,-0.517578,-0.0964531,2.24405,1.99316,1.76038,10,15466,11.8623,2.75851
1776813182069774246,2.14582,-0.527344,-0.0849489,2.23117,1.99316,1.76038,10,15485,11.8768,2.45733
1776813182074822963,2.14286,-0.527344,-0.0733389,1.92998,1.52035,1.7413,10,15500,11.8884,2.76108
1776813182079815442,2.14286,-0.480469,-0.0618338,2.28061,1.52035,1.7413,10,15520,11.9037,2.76072
1776813182084784959,2.13611,-0.480469,-0.0532364,2.28025,1.75228,1.73721,10,15536,11.916,2.76163
1776813182089776900,2.13611,-0.507812,-0.0409645,2.25382,1.75228,1.73721,10,15558,11.9328,2.91404
1776813182094780934,2.13379,-0.507812,-0.0264153,2.40622,1.93222,1.71099,10,15574,11.9451,2.91326
1776813182099779580,2.13379,-0.667969,-0.0141434,2.24529,1.93222,1.71099,10,15595,11.9612,2.76293
1776813182104797132,2.12483,-0.667969,0.00450855,2.09311,1.78717,1.6197,10,15619,11.9796,2.76108
1776813182109800332,2.12483,-0.708984,0.0114112,2.05209,1.78717,1.6197,10,15636,11.9927,2.91462
1776813182114789737,2.11739,-0.708984,0.0170131,2.20564,1.6446,1.521,10,15653,12.0057,2.91462
1776813182119776882,2.11739,-0.648438,0.0300527,2.26618,1.6446,1.521,10,15672,12.0195,3.06736
1776813182124774509,2.1112,-0.648438,0.0384346,2.41892,1.54844,1.52695,10,15689,12.0333,3.06736
1776813182129791728,2.10808,-0.585938,0.0613905,2.32966,1.39173,1.54814,10,15717,12.0548,2.9156
1776813182134772966,2.10808,-0.523438,0.0698267,2.39216,1.39173,1.54814,10,15734,12.0678,2.91462
1776813182139796222,2.10213,-0.523438,0.0769172,2.39118,1.39173,1.54814,10,15749,12.0793,3.06674
1776813182144770368,2.10213,-0.503906,0.0884214,2.56284,1.62725,1.56735,10,15771,12.0962,3.06613
1776813182149781364,2.0997,-0.503906,0.102861,2.56222,1.62725,1.56735,10,15786,12.1077,3.07043
1776813182154776010,2.0997,-0.539062,0.114365,2.53136,1.4833,1.53602,10,15812,12.1277,3.22068
1776813182159785173,2.09489,-0.539062,0.129505,2.68161,1.4833,1.53602,10,15827,12.1392,3.22197
1776813182164790929,2.09489,-0.525391,0.14101,2.69657,1.45827,1.5215,10,15853,12.1591,3.06797
1776813182169790463,2.08964,-0.525391,0.166432,2.54258,1.4156,1.49704,10,15878,12.1783,3.06797
1776813182174776127,2.08964,-0.492188,0.174868,2.57578,1.4156,1.49704,10,15897,12.1928,3.06858
1776813182179755810,2.08128,-0.492188,0.181083,2.5764,1.4156,1.49704,10,15912,12.2044,3.06736
1776813182184764140,2.08128,-0.470703,0.192588,2.59665,1.65727,1.48921,10,15933,12.2205,3.22132
1776813182189781248,2.07886,-0.470703,0.206279,2.75062,1.65727,1.48921,10,15948,12.232,3.06429
1776813182194774578,2.07886,-0.423828,0.217784,2.64047,1.63216,1.50463,10,15972,12.2504,2.91754
1776813182199778112,2.0747,-0.423828,0.232031,2.49371,1.63216,1.50463,10,15990,12.2642,2.9152
1776813182204775683,2.0747,-0.310547,0.245837,2.60466,1.39978,1.54972,10,16010,12.2795,2.76163
1776813182209787606,2.07109,-0.310547,0.257565,2.45108,1.39978,1.54972,10,16024,12.2903,3.06797
1776813182214779214,2.07109,-0.292969,0.268303,2.775,1.56667,1.5428,10,16039,12.3018,2.45438
1776813182219784952,2.06661,-0.292969,0.275322,2.16141,1.56667,1.5428,10,16040,12.3025,0.766792
1776813182224781079,2.06661,0.265625,0.276089,1.03242,2.07674,1.84013,10,16035,12.2987,-0.306763
1776813182229751151,2.06661,0.265625,0.272255,-0.041138,2.07674,1.84013,10,16033,12.2972,-0.613471
1776813182234762666,2.06661,3.08594,0.270721,2.47247,2.40188,3.44771,10,16033,12.2972,-0.153351
1776813182239806680,2.09863,3.08594,0.303507,3.08594,2.29153,3.59729,10,16037,12.3002,0
1776813182244778696,2.09863,1.83594,0.305809,1.83594,2.29153,3.59729,10,16046,12.3071,0.919928
1776813182249784934,2.12627,1.83594,-0.287963,2.75587,2.29153,3.59729,10,16054,12.3133,1.38109
1776813182254773839,2.12627,1.01758,-0.281827,2.39867,2.65625,2.54597,10,16067,12.3232,1.84078
1776813182259773391,2.13734,1.01758,-0.260785,2.85836,2.65625,2.54597,10,16080,12.3332,1.99393
1776813182264810646,2.13734,0.796875,-0.250816,2.7908,2.4676,2.47091,10,16095,12.3447,2.14791
1776813182269789162,2.14183,0.796875,-0.234824,2.94479,2.4676,2.47091,10,16106,12.3531,2.30057
1776813182274813288,2.14183,0.433594,-0.226387,2.73416,1.98373,2.28433,10,16124,12.367,2.14791
1776813182279760806,2.14908,0.433594,-0.205331,2.58151,1.98373,2.28433,10,16134,12.3746,2.14767
1776813182284775709,2.14908,0.3125,-0.197661,2.46017,2.22891,2.24836,10,16152,12.3884,2.14663
1776813182289802946,2.15096,0.3125,-0.18197,2.45913,2.22891,2.24836,10,16164,12.3976,2.30149
1776813182294776333,2.15096,-0.00390625,-0.172765,2.29758,2.61603,2.07659,10,16186,12.4145,2.60773
1776813182299772108,2.1531,-0.00390625,-0.153754,2.60382,2.61603,2.07659,10,16199,12.4245,2.76182
1776813182304780197,2.1531,-0.234375,-0.143784,2.52745,2.53226,1.95494,10,16220,12.4406,2.60773
1776813182309790879,2.15263,-0.234375,-0.118946,2.21951,2.26108,1.95279,10,16241,12.4567,2.45389
1776813182314787358,2.15263,-0.449219,-0.112044,2.00467,2.26108,1.95279,10,16254,12.4667,2.76163
1776813182319778355,2.14677,-0.449219,-0.107927,2.31241,2.26108,1.95279,10,16272,12.4805,2.76127
1776813182324882293,2.14677,-0.515625,-0.0941202,2.24564,1.86256,1.76584,10,16293,12.4966,2.91385
1776813182329781164,2.1443,-0.515625,-0.0804826,2.39822,1.86256,1.76584,10,16307,12.5073,3.06674
1776813182334773309,2.1443,-0.457031,-0.0697443,2.60971,1.78383,1.78798,10,16331,12.5257,2.91637
1776813182339774380,2.13634,-0.457031,-0.0592968,2.45934,1.78383,1.78798,10,16345,12.5365,2.91404
1776813182344776340,2.13634,-0.394531,-0.0485584,2.51951,1.45198,1.78725,10,16369,12.5549,2.91443
1776813182349774096,2.13437,-0.394531,-0.0321285,2.5199,1.45198,1.78725,10,16383,12.5656,2.91171
1776813182354779778,2.13437,-0.597656,-0.0213911,2.31405,1.71228,1.66241,10,16408,12.5848,2.91754
1776813182359776165,2.12698,-0.597656,-0.0096008,2.31988,1.71228,1.66241,10,16423,12.5963,3.21939
1776813182364863177,2.12698,-0.662109,0.00190337,2.55728,1.86979,1.59182,10,16449,12.6162,3.06613
1776813182369797361,2.12377,-0.662109,0.0186384,2.40402,1.86979,1.59182,10,16463,12.627,2.91754
1776813182374800618,2.12377,-0.708984,0.0293759,2.20855,1.90675,1.55036,10,16487,12.6454,2.91501
1776813182379854872,2.1169,-0.708984,0.0508812,2.20564,1.50443,1.51873,10,16510,12.663,2.91462
1776813182384825000,2.1169,-0.601562,0.0585526,2.31306,1.50443,1.51873,10,16526,12.6753,2.76072
1776813182389782276,2.10665,-0.601562,0.0605677,2.15915,1.50443,1.51873,10,16540,12.686,2.76163
1776813182394775088,2.10665,-0.529297,0.0713051,2.23233,1.68314,1.57378,10,16560,12.7014,2.91462
1776813182399783751,2.10379,-0.529297,0.0837925,2.38532,1.68314,1.57378,10,16574,12.7121,2.91385
1776813182404788267,2.10379,-0.441406,0.0945309,2.47244,1.48868,1.61067,10,16597,12.7297,2.76182
1776813182409804708,2.09913,-0.441406,0.107512,2.32041,1.48868,1.61067,10,16611,12.7405,2.76163
1776813182414774150,2.09913,-0.439453,0.118251,2.32218,1.41169,1.59018,10,16635,12.7589,2.91404
1776813182419780462,2.09482,-0.439453,0.132344,2.47458,1.41169,1.59018,10,16649,12.7696,2.9152
1776813182424854327,2.09482,-0.53125,0.143082,2.38395,1.41873,1.51781,10,16674,12.7888,3.06674
1776813182429788937,2.0899,-0.53125,0.157336,2.53549,1.41873,1.51781,10,16690,12.8011,3.22197
1776813182434778119,2.0899,-0.542969,0.169608,2.679,1.54129,1.48824,10,16716,12.821,3.06736
1776813182439793357,2.0845,-0.542969,0.184149,2.52439,1.54129,1.48824,10,16731,12.8325,3.22197
1776813182444772873,2.0845,-0.457031,0.195654,2.76493,1.39362,1.51203,10,16756,12.8517,3.06797
1776813182449774537,2.0771,-0.457031,0.21894,2.61033,1.67569,1.47747,10,16782,12.8716,3.06736
1776813182454776385,2.0771,-0.439453,0.227376,2.6279,1.67569,1.47747,10,16797,12.8831,3.22197
1776813182459800585,2.07476,-0.439453,0.236535,2.78251,1.67569,1.47747,10,16817,12.8985,3.22197
1776813182464777842,2.07476,-0.322266,0.251875,2.8997,1.47276,1.5433,10,16840,12.9161,3.37351
1776813182469776247,2.069,-0.322266,0.26376,3.05125,1.47276,1.5433,10,16852,12.9253,2.9152
1776813182474776521,2.069,-0.294922,0.272965,2.62028,1.31863,1.53189,10,16865,12.9353,2.30083
1776813182479791388,2.06746,-0.294922,0.281394,2.00591,1.31863,1.53189,10,16865,12.9353,0.460151
1776813182484780589,2.06746,2.08789,0.281394,2.54804,2.15807,2.88285,10,16860,12.9315,-0.613717
1776813182489788623,2.07417,2.08789,0.284268,1.47417,2.15807,2.88285,10,16858,12.9299,-0.613717
1776813182494790953,2.07417,3.07812,0.282734,2.46441,2.46268,3.47877,10,16859,12.9307,0
1776813182499805617,2.08832,3.07812,0.29765,3.07812,2.46268,3.47877,10,16863,12.9338,0.613594
1776813182504809688,2.08832,1.49219,0.300718,2.10578,2.94502,2.64092,10,16877,12.9445,1.07405
1776813182509799314,2.12325,1.49219,-0.281934,2.56624,2.94502,2.64092,10,16885,12.9506,1.99373
1776813182514798460,2.12325,0.966797,-0.275798,2.96053,2.59299,2.50314,10,16904,12.9652,2.14748
1776813182519779309,2.13014,0.966797,-0.245892,3.26828,2.02145,2.53481,10,16924,12.9805,2.30149
1776813182524785047,2.13014,0.257812,-0.23899,2.5593,2.02145,2.53481,10,16936,12.9897,2.45438
1776813182529760304,2.14,0.257812,-0.219928,2.71219,2.02145,2.53481,10,16951,13.0013,2.60721
1776813182534789504,2.14,0.275391,-0.208423,2.8826,2.01096,2.18583,10,16967,13.0135,2.14767
1776813182539775186,2.14144,0.275391,-0.194711,2.42307,2.01096,2.18583,10,16978,13.022,2.45438
1776813182544775665,2.14144,-0.00976562,-0.186273,2.44461,2.45001,2.02987,10,16998,13.0373,2.30103
1776813182549786624,2.14417,-0.00976562,-0.168209,2.29126,2.45001,2.02987,10,17010,13.0465,2.45419
1776813182554788418,2.14417,-0.078125,-0.159005,2.37606,2.33917,2.00333,10,17031,13.0626,2.60844
1776813182559773545,2.14402,-0.078125,-0.14305,2.53031,2.33917,2.00333,10,17044,13.0726,2.60773
1776813182564775967,2.14402,-0.546875,-0.133079,2.06085,2.38238,1.73545,10,17066,13.0895,2.60721
1776813182569782798,2.13902,-0.546875,-0.1212,2.06033,2.38238,1.73545,10,17079,13.0994,2.76127
1776813182574826182,2.13902,-0.484375,-0.11123,2.27689,1.90896,1.74827,10,17101,13.1163,2.76163
1776813182579765922,2.13607,-0.484375,-0.0973062,2.27726,1.90896,1.74827,10,17114,13.1263,2.60773
1776813182584771474,2.13607,-0.498047,-0.0873365,2.10968,1.7249,1.72699,10,17136,13.1431,2.60721
1776813182589783100,2.13607,-0.498047,-0.0704622,2.10916,1.7249,1.72699,10,17148,13.1524,2.60792
1776813182594780098,2.12888,-0.498047,-0.0684442,2.10987,1.50221,1.69407,10,17167,13.1669,2.76053
1776813182599786891,2.12888,-0.402344,-0.0538701,2.35818,1.50221,1.69407,10,17188,13.183,2.76237
1776813182604794832,2.12255,-0.402344,-0.0440969,2.36003,1.56007,1.71953,10,17209,13.1991,2.91385
1776813182609788996,2.12255,-0.449219,-0.0279893,2.46463,1.56007,1.71953,10,17226,13.2122,2.91462
1776813182614775086,2.12016,-0.449219,-0.0173444,2.4654,1.63585,1.6818,10,17247,13.2283,2.91462
1776813182619796897,2.12016,-0.625,-0.00123875,2.28962,1.63585,1.6818,10,17264,13.2413,2.91443
1776813182624783691,2.11197,-0.625,0.00360784,2.28943,1.77553,1.54382,10,17286,13.2582,3.06491
1776813182629828242,2.11197,-0.679688,0.0204822,2.38522,1.77553,1.54382,10,17305,13.2728,3.07104
1776813182634778333,2.10876,-0.679688,0.0318528,2.39135,1.50248,1.49785,10,17326,13.2889,3.06858
1776813182639795996,2.10876,-0.580078,0.0479594,2.48851,1.50248,1.49785,10,17345,13.3034,3.06797
1776813182644781475,2.09908,-0.580078,0.0528451,2.48789,1.52051,1.50975,10,17366,13.3196,3.06736
1776813182649780139,2.09908,-0.515625,0.0689517,2.55173,1.52051,1.50975,10,17383,13.3326,2.91404
1776813182654776617,2.09638,-0.515625,0.0792991,2.39841,1.49727,1.53399,10,17402,13.3472,2.76163
1776813182659783836,2.09638,-0.359375,0.0938722,2.40226,1.49727,1.53399,10,17419,13.3602,2.76127
1776813182664796351,2.09638,-0.359375,0.106911,2.40189,1.45287,1.62306,10,17440,13.3763,2.9152
1776813182669775849,2.09006,-0.359375,0.116692,2.55583,1.45287,1.62306,10,17454,13.3871,2.91443
1776813182674774772,2.09006,-0.375,0.12743,2.53943,1.71398,1.58472,10,17478,13.4055,3.06368
1776813182679751807,2.08642,-0.375,0.142199,2.68868,1.71398,1.58472,10,17492,13.4162,2.91871
1776813182684768525,2.08642,-0.431641,0.152936,2.48706,1.41959,1.53547,10,17516,13.4346,2.91462
1776813182689768411,2.08065,-0.431641,0.16557,2.48298,1.41959,1.53547,10,17530,13.4453,2.76053
1776813182694774001,2.08065,-0.417969,0.176309,2.34256,1.5422,1.51631,10,17550,13.4607,2.91462
1776813182699772072,2.07809,-0.417969,0.189092,2.49665,1.5422,1.51631,10,17568,13.4745,2.91385
1776813182704779532,2.07809,-0.337891,0.202898,2.57596,1.73922,1.54999,10,17592,13.4929,3.0692
1776813182709793954,2.07468,-0.337891,0.217895,2.73131,1.73922,1.54999,10,17606,13.5036,2.91404
1776813182714804969,2.07468,-0.212891,0.228631,2.70115,1.48077,1.60527,10,17629,13.5213,2.76072
1776813182719774856,2.07055,-0.212891,0.242141,2.54783,1.48077,1.60527,10,17643,13.532,2.76163
1776813182724792538,2.07055,-0.179688,0.252879,2.58194,1.56669,1.60482,10,17665,13.5489,2.76163
1776813182729752999,2.06934,-0.179688,0.268546,2.58194,1.56669,1.60482,10,17676,13.5573,2.6074
1776813182734770199,2.06934,0.126953,0.276984,2.73435,1.73283,1.77394,10,17680,13.5604,1.22719
1776813182739768326,2.06934,0.126953,0.280051,1.35414,1.73283,1.77394,10,17675,13.5566,-0.460243
1776813182744772934,2.0678,0.126953,0.274678,-0.33329,2.35792,1.76672,10,17670,13.5527,-0.920671
1776813182749771542,2.0678,2.93555,0.270844,2.01488,2.35792,1.76672,10,17669,13.552,-0.306702
1776813182754774854,2.0807,2.93555,0.282973,2.62885,2.69036,3.42806,10,17671,13.5535,0
1776813182759772036,2.0807,2.77148,0.284507,2.77148,2.69036,3.42806,10,17676,13.5573,0.613717
1776813182764778125,2.11499,2.77148,-0.305681,3.3852,2.04133,3.4938,10,17689,13.5673,1.38026
1776813182769773567,2.11499,1.24805,-0.29571,2.62831,2.04133,3.4938,10,17701,13.5765,1.84115
1776813182774770434,2.14104,1.24805,-0.26046,3.0892,2.21065,2.74498,10,17715,13.5872,1.99373
1776813182779760172,2.14104,0.78125,-0.249723,2.77498,2.21065,2.74498,10,17727,13.5964,2.14767
1776813182784761873,2.15349,0.78125,-0.22807,2.92892,2.2757,2.53561,10,17743,13.6087,1.99453
1776813182789849145,2.15349,0.650391,-0.215798,2.64492,2.2757,2.53561,10,17757,13.6194,2.45438
1776813182794785607,2.15944,0.650391,-0.199105,3.10477,2.39046,2.48806,10,17775,13.6333,2.45438
1776813182799785993,2.15944,0.246094,-0.1853,2.70047,2.39046,2.48806,10,17789,13.644,2.30103
1776813182804859895,2.16514,0.246094,-0.168866,2.54712,2.71319,2.2834,10,17807,13.6578,2.60773
1776813182809833189,2.16514,-0.0234375,-0.15506,2.58429,2.71319,2.2834,10,17823,13.6701,2.45389
1776813182814782336,2.16514,-0.0234375,-0.142789,2.43045,2.93286,2.12977,10,17843,13.6854,2.91229
1776813182819788296,2.16563,-0.0234375,-0.126961,2.88885,2.93286,2.12977,10,17857,13.6961,2.91735
1776813182824834513,2.16563,-0.404297,-0.116223,2.51305,2.48717,1.91489,10,17881,13.7146,2.91404
1776813182829770883,2.16387,-0.404297,-0.0995689,2.50974,2.48717,1.91489,10,17894,13.7245,2.76163
1776813182834777287,2.16387,-0.533203,-0.0895973,2.22843,2.2324,1.83347,10,17918,13.7429,2.76016
1776813182839773358,2.15566,-0.533203,-0.0794073,2.22696,2.2324,1.83347,10,17932,13.7537,3.0692
1776813182844771263,2.15566,-0.523438,-0.0686709,2.54576,1.65181,1.80178,10,17957,13.7728,2.91404
1776813182849804666,2.15292,-0.523438,-0.0522324,2.3906,1.65181,1.80178,10,17971,13.7836,3.06736
1776813182854795682,2.15292,-0.623047,-0.041494,2.44431,1.73423,1.73258,10,17996,13.8028,2.91501
1776813182859776994,2.1438,-0.623047,-0.0314394,2.29196,1.73423,1.73258,10,18010,13.8135,3.06736
1776813182864770047,2.1438,-0.585938,-0.020702,2.48142,1.5399,1.7122,10,18035,13.8327,2.9152
1776813182869784618,2.14077,-0.585938,-0.00455151,2.32926,1.5399,1.7122,10,18049,13.8434,3.06858
1776813182874779744,2.14077,-0.734375,0.00618588,2.33421,1.50777,1.61379,10,18075,13.8634,3.06368
1776813182879747280,2.13084,-0.734375,0.0161928,2.32931,1.50777,1.61379,10,18090,13.8749,3.07104
1776813182884766924,2.13084,-0.769531,0.027697,2.30151,1.8952,1.54828,10,18116,13.8948,3.22132
1776813182889769217,2.13084,-0.769531,0.0476392,2.45179,1.8952,1.54828,10,18130,13.9055,3.0692
1776813182894782677,2.12729,-0.769531,0.0548271,2.29967,1.88822,1.532,10,18151,13.9216,2.91345
1776813182899772470,2.12729,-0.769531,0.0709337,2.14392,1.88822,1.532,10,18171,13.937,2.76218
1776813182904776227,2.11137,-0.769531,0.070352,1.99265,1.35021,1.45868,10,18192,13.9531,2.91404
1776813182909789093,2.11137,-0.65625,0.0864595,2.25779,1.35021,1.45868,10,18210,13.9669,3.06797
1776813182914788053,2.10433,-0.65625,0.0932258,2.41172,1.53788,1.49069,10,18232,13.9838,3.06307
1776813182919770199,2.10433,-0.552734,0.110099,2.51033,1.53788,1.49069,10,18251,13.9983,2.9191
1776813182924793103,2.09824,-0.552734,0.118583,2.36636,1.55419,1.52146,10,18269,14.0121,3.22151
1776813182929758749,2.09824,-0.582031,0.132389,2.63948,1.55419,1.52146,10,18293,14.0306,3.22132
1776813182934769042,2.09263,-0.582031,0.145187,2.63929,1.35546,1.47868,10,18317,14.049,3.37467
1776813182939847036,2.09263,-0.638672,0.163593,2.736,1.35546,1.47868,10,18338,14.0651,3.52821
1776813182944791961,2.08657,-0.638672,0.173645,2.88954,1.51957,1.41818,10,18358,14.0804,3.52821
1776813182949779107,2.08657,-0.607422,0.188985,2.92079,1.51957,1.41818,10,18383,14.0996,3.374
1776813182954782178,2.08011,-0.607422,0.2017,2.76658,1.59262,1.40582,10,18406,14.1172,3.37554
1776813182959772471,2.08011,-0.519531,0.219341,2.85601,1.59262,1.40582,10,18425,14.1318,3.22132
1776813182964778579,2.08011,-0.519531,0.233913,2.70179,1.44601,1.45592,10,18448,14.1494,3.22197
1776813182969778373,2.07461,-0.519531,0.246046,2.70243,1.44601,1.45592,10,18463,14.1609,3.21939
1776813182974785036,2.07461,-0.427734,0.257552,2.79166,1.34191,1.48246,10,18489,14.1809,3.21875
1776813182979751979,2.0699,-0.427734,0.27279,2.79101,1.34191,1.48246,10,18501,14.1901,2.76514
1776813182984766123,2.0699,-0.3125,0.281994,2.45264,1.52536,1.52609,10,18514,14.2001,2.60408
1776813182989777472,2.06416,-0.3125,0.286221,2.29158,1.52536,1.52609,10,18513,14.1993,0.153504
1776813182994766469,2.06416,0.46875,0.285454,0.622254,2.11915,1.94441,10,18505,14.1932,-1.07386
1776813182999773059,2.06444,0.46875,0.279598,-0.605111,2.11915,1.94441,10,18505,14.1932,-0.306954
1776813183004771371,2.06444,3.05469,0.279598,2.74773,2.5104,3.41971,10,18505,14.1932,-0.15332
1776813183009780238,2.09886,3.05469,0.314021,2.90137,2.5104,3.41971,10,18509,14.1962,0.766792
1776813183014772995,2.09886,2.47266,-0.311229,3.23945,2.08439,3.24882,10,18519,14.2039,1.38109
1776813183019776603,2.11202,2.47266,-0.290403,3.85375,2.08439,3.24882,10,18530,14.2123,1.38026
1776813183024774175,2.11202,1.05469,-0.281967,2.43495,2.31972,2.50149,10,18545,14.2238,1.84078
1776813183029760321,2.13465,1.05469,-0.247825,2.89547,2.31972,2.50149,10,18553,14.23,1.53408
1776813183034764096,2.13465,0.814453,-0.241689,2.34853,2.33554,2.46863,10,18568,14.2415,2.14748
1776813183039777037,2.13465,0.814453,-0.230184,2.96194,2.33554,2.46863,10,18583,14.253,2.45438
1776813183044774109,2.13934,0.814453,-0.21399,3.26883,1.97638,2.49009,10,18600,14.266,2.45438
1776813183049790494,2.13934,0.224609,-0.20095,2.67899,1.97638,2.49009,10,18618,14.2798,2.45438
1776813183054772918,2.14896,0.224609,-0.177525,2.67899,2.2932,2.19775,10,18635,14.2929,2.30103
1776813183059775175,2.14896,-0.0136719,-0.164486,2.28735,2.2932,2.19775,10,18649,14.3036,2.30149
1776813183064774376,2.14985,-0.0136719,-0.152866,2.28781,2.82271,2.06594,10,18667,14.3174,2.45389
1776813183069781188,2.14985,-0.353516,-0.13906,2.10037,2.82271,2.06594,10,18682,14.3289,2.60773
1776813183074770834,2.14837,-0.353516,-0.129034,2.25421,2.60175,1.8655,10,18701,14.3435,2.60773
1776813183079790645,2.14837,-0.5,-0.114461,2.10773,2.60175,1.8655,10,18718,14.3565,2.76127
1776813183084774680,2.14372,-0.5,-0.106066,2.26127,2.04308,1.76084,10,18739,14.3726,3.06858
1776813183089777733,2.14372,-0.550781,-0.0899585,2.5178,2.04308,1.76084,10,18758,14.3872,2.91326
1776813183094800322,2.13845,-0.550781,-0.0806612,2.36248,1.61967,1.70781,10,18778,14.4025,2.91579
1776813183099781264,2.13845,-0.574219,-0.0653213,2.34157,1.61967,1.70781,10,18795,14.4156,2.91345
1776813183104770318,2.13262,-0.574219,-0.0581153,2.33924,1.53041,1.66776,10,18810,14.4271,2.76163
1776813183109801981,2.13262,-0.552734,-0.0466102,2.2089,1.53041,1.66776,10,18828,14.4409,2.90996
1776813183114783201,2.13017,-0.552734,-0.0183738,2.51892,1.72954,1.68,10,18859,14.4647,3.07166
1776813183119774310,2.13017,-0.492188,-0.0114711,2.57947,1.72954,1.68,10,18878,14.4792,3.0692
1776813183124775214,2.12197,-0.492188,-0.00510727,2.57701,1.4207,1.66562,10,18896,14.4931,3.22197
1776813183129751416,2.12197,-0.527344,0.00869907,2.69462,1.4207,1.66562,10,18915,14.5076,3.22132
1776813183134762580,2.11985,-0.527344,0.021156,2.69398,1.60412,1.63584,10,18936,14.5237,3.06736
1776813183139767633,2.11985,-0.617188,0.0372635,2.45017,1.60412,1.63584,10,18955,14.5383,3.06797
1776813183144799814,2.11108,-0.617188,0.0430695,2.45078,1.847,1.5442,10,18978,14.5559,3.22197
1776813183149785367,2.11108,-0.625,0.0607096,2.59697,1.847,1.5442,10,18996,14.5697,3.06797
1776813183154782643,2.10796,-0.625,0.0713898,2.44297,1.75812,1.5253,10,19018,14.5866,3.22132
1776813183159779770,2.10796,-0.607422,0.0882641,2.6139,1.75812,1.5253,10,19035,14.5997,2.91404
1776813183164777008,2.09839,-0.607422,0.0917317,2.30661,1.4177,1.49097,10,19052,14.6127,2.9152
1776813183169772339,2.09839,-0.527344,0.104771,2.38786,1.4177,1.49097,10,19072,14.628,2.76108
1776813183174779614,2.09589,-0.527344,0.117615,2.23373,1.59594,1.52502,10,19092,14.6434,2.76127
1776813183179753167,2.09589,-0.417969,0.132954,2.3433,1.59594,1.52502,10,19110,14.6572,3.06307
1776813183184762313,2.09589,-0.417969,0.146761,2.6451,1.42614,1.58736,10,19131,14.6733,2.91851
1776813183189766773,2.08846,-0.417969,0.155437,2.50055,1.42614,1.58736,10,19145,14.684,3.06797
1776813183194776288,2.08846,-0.482422,0.166175,2.58555,1.43883,1.51604,10,19170,14.7032,3.06552
1776813183199771860,2.08168,-0.482422,0.178574,2.5831,1.43883,1.51604,10,19184,14.7139,2.76403
1776813183204778783,2.08168,-0.466797,0.189312,2.29724,1.39942,1.49333,10,19208,14.7324,2.91326
1776813183209770058,2.07677,-0.466797,0.202807,2.44647,1.39942,1.49333,10,19222,14.7431,3.06736
1776813183214767482,2.07677,-0.4375,0.213545,2.62986,1.6544,1.48705,10,19248,14.763,2.91637
1776813183219844013,2.07463,-0.4375,0.231342,2.47887,1.6544,1.48705,10,19263,14.7745,3.22068
1776813183224802290,2.07463,-0.357422,0.242847,2.86326,1.41978,1.52264,10,19288,14.7937,3.06797
1776813183229753659,2.07058,-0.357422,0.257978,2.71055,1.41978,1.52264,10,19303,14.8052,3.06797
1776813183234779582,2.07058,-0.314453,0.269483,2.75352,1.56489,1.52817,10,19325,14.8221,2.91462
1776813183239826966,2.06564,-0.314453,0.281415,2.60017,1.56489,1.52817,10,19331,14.8267,2.14748
1776813183244833186,2.06564,-0.226562,0.286017,1.92092,1.84446,1.55505,10,19323,14.8206,-0.306702
1776813183249788314,2.06436,-0.226562,0.278604,-0.533264,1.84446,1.55505,10,19319,14.8175,-1.22694
1776813183254789737,2.06436,3.32812,0.275536,2.10118,2.47748,3.57522,10,19317,14.816,-0.306954
1776813183259789161,2.06436,3.32812,0.274002,3.02117,2.47748,3.57522,10,19317,14.816,-0.153351
1776813183264777807,2.08542,3.32812,0.295054,3.17477,2.23508,3.67386,10,19323,14.8206,0.306954
1776813183269787248,2.08542,1.70312,0.299657,2.01008,2.23508,3.67386,10,19330,14.8259,1.53328
1776813183274775375,2.12711,1.70312,-0.281599,3.2364,2.70295,2.9406,10,19345,14.8374,1.22743
1776813183279759040,2.12711,1.09961,-0.270094,2.32704,2.70295,2.9406,10,19358,14.8474,2.30149
1776813183284764778,2.13943,1.09961,-0.247809,3.4011,2.30615,2.653,10,19376,14.8612,2.30057
1776813183289778775,2.13943,0.517578,-0.234001,2.81814,2.30615,2.653,10,19387,14.8696,2.14748
1776813183294792790,2.14748,0.517578,-0.21751,2.66506,2.21844,2.35799,10,19406,14.8842,2.45438
1776813183299802769,2.14748,0.486328,-0.202938,2.9407,2.21844,2.35799,10,19422,14.8965,2.60773
1776813183304788359,2.15266,0.486328,-0.185484,3.09406,2.36359,2.36376,10,19439,14.9095,2.45389
1776813183309800374,2.15266,0.109375,-0.172445,2.56326,2.36359,2.36376,10,19454,14.921,2.45438
1776813183314787576,2.15547,0.109375,-0.158131,2.56375,2.73972,2.16166,10,19469,14.9325,2.60564
1776813183319788555,2.15547,-0.0898438,-0.146626,2.5158,2.73972,2.16166,10,19490,14.9486,2.76403
1776813183324774738,2.15548,-0.0898438,-0.130514,2.67419,2.80716,2.04812,10,19509,14.9632,2.76053
1776813183329751625,2.15548,-0.421875,-0.115941,2.33865,2.80716,2.04812,10,19525,14.9755,2.76237
1776813183334833897,2.15262,-0.421875,-0.0942556,2.3392,2.2958,1.85887,10,19549,14.9939,2.76108
1776813183339790877,2.15262,-0.525391,-0.0881196,2.23569,2.2958,1.85887,10,19565,15.0062,2.76016
1776813183344784375,2.14597,-0.525391,-0.0824977,2.23477,1.80985,1.75661,10,19581,15.0184,2.76108
1776813183349776465,2.14597,-0.623047,-0.0702258,2.13803,1.80985,1.75661,10,19599,15.0322,2.76182
1776813183354784425,2.14244,-0.623047,-0.0599528,2.13877,1.70947,1.68483,10,19619,15.0476,2.91501
1776813183359776293,2.14244,-0.529297,-0.044613,2.38571,1.70947,1.68483,10,19636,15.0606,2.91345
1776813183364770439,2.1365,-0.529297,-0.0375129,2.38416,1.70737,1.71114,10,19657,15.0767,2.91579
1776813183369798806,2.1365,-0.564453,-0.0214063,2.35133,1.70737,1.71114,10,19674,15.0898,2.91385
1776813183374793951,2.13104,-0.564453,-0.0138246,2.34939,1.49132,1.66611,10,19690,15.102,2.76182
1776813183379757950,2.13104,-0.621094,-0.00155268,2.14073,1.49132,1.66611,10,19710,15.1174,2.76108
1776813183384774280,2.12505,-0.621094,0.00779906,2.13998,1.75737,1.60634,10,19732,15.1343,2.91462
1776813183389772759,2.12505,-0.660156,0.0246734,2.25446,1.75737,1.60634,10,19750,15.1481,3.06797
1776813183394797978,2.11888,-0.660156,0.0323028,2.40781,1.70877,1.55567,10,19767,15.1611,3.06797
1776813183399776013,2.11888,-0.636719,0.0453424,2.43125,1.70877,1.55567,10,19790,15.1787,3.06736
1776813183404779399,2.11888,-0.636719,0.0629825,2.43064,1.65133,1.56902,10,19810,15.1941,2.9152
1776813183409780711,2.11224,-0.636719,0.0716886,2.27848,1.65133,1.56902,10,19824,15.2048,2.91326
1776813183414791097,2.11224,-0.542969,0.0824269,2.37029,1.39595,1.59187,10,19849,15.224,3.0692
1776813183419779669,2.10306,-0.542969,0.0924138,2.52623,1.39595,1.59187,10,19864,15.2355,3.06674
1776813183424777925,2.10306,-0.523438,0.103919,2.54331,1.56613,1.5605,10,19891,15.2562,3.22261
1776813183429750516,2.10058,-0.523438,0.122148,2.69917,1.56613,1.5605,10,19907,15.2685,3.37486
1776813183434767087,2.10058,-0.425781,0.13442,2.94908,1.41354,1.60467,10,19933,15.2884,3.22132
1776813183439770640,2.09378,-0.425781,0.147569,2.79554,1.41354,1.60467,10,19949,15.3007,3.06674
1776813183444779118,2.09378,-0.447266,0.15984,2.61948,1.45436,1.56087,10,19975,15.3206,3.22261
1776813183449774857,2.09162,-0.447266,0.177619,2.77534,1.45436,1.56087,10,19992,15.3337,3.37351
1776813183454852833,2.09162,-0.490234,0.190658,2.88328,1.57244,1.52631,10,20020,15.3551,3.37467
1776813183459800943,2.08452,-0.490234,0.205037,2.88444,1.57244,1.52631,10,20035,15.3667,3.37554
1776813183464780774,2.08452,-0.431641,0.216542,2.9439,1.73934,1.52663,10,20061,15.3866,3.06797
1776813183469786364,2.07982,-0.431641,0.231781,2.63633,1.73934,1.52663,10,20074,15.3966,3.06778
1776813183474777954,2.07982,-0.40625,0.257859,2.50895,1.42601,1.51913,10,20103,15.4188,2.9152
1776813183479767674,2.07773,-0.40625,0.261899,2.50895,1.42601,1.51913,10,20117,15.4295,2.91404
1776813183484770060,2.07773,-0.298828,0.272636,2.61521,1.56,1.57056,10,20136,15.4441,2.91462
1776813183489779002,2.07266,-0.298828,0.282144,2.61579,1.56,1.57056,10,20139,15.4464,1.84078
1776813183494773611,2.07266,1.72461,0.284445,3.56539,1.99235,2.70018,10,20135,15.4434,0.15332
1776813183499826551,2.0751,1.72461,0.283817,1.87793,1.99235,2.70018,10,20132,15.4411,-0.920671
1776813183504785790,2.0751,3.08008,0.281516,2.15941,2.47062,3.48424,10,20132,15.4411,-0.15332
1776813183509780454,2.09123,3.08008,0.297646,2.92676,2.47062,3.48424,10,20132,15.4411,0
1776813183514799599,2.09123,3.17383,0.297646,3.17383,3.22228,3.61301,10,20144,15.4503,0.613717
1776813183519780930,2.10617,3.17383,-0.306532,3.78754,3.22228,3.61301,10,20152,15.4564,1.99174
1776813183524781520,2.10617,0.867188,-0.300396,2.85893,2.85894,2.36757,10,20168,15.4687,1.68912
1776813183529752593,2.13834,0.867188,-0.255954,2.55631,2.85894,2.36757,10,20179,15.4771,2.30057
1776813183534768238,2.13834,0.853516,-0.247516,3.15408,2.24011,2.50775,10,20198,15.4917,2.30176
1776813183539771661,2.14097,0.853516,-0.230312,3.15527,2.24011,2.50775,10,20209,15.5001,2.14725
1776813183544772547,2.14097,0.193359,-0.221875,2.3406,1.78468,2.14349,10,20231,15.517,2.60773
1776813183549775711,2.14097,0.193359,-0.205001,2.80109,1.78468,2.14349,10,20243,15.5262,2.60721
1776813183554774412,2.14891,0.193359,-0.187858,2.80057,1.99255,2.17968,10,20260,15.5392,2.45536
1776813183559770798,2.14891,0.109375,-0.17482,2.56473,1.99255,2.17968,10,20278,15.553,2.45438
1776813183564772333,2.15178,0.109375,-0.158141,2.56375,2.31368,2.14488,10,20293,15.5645,2.45389
1776813183569783089,2.15178,-0.0175781,-0.146636,2.43631,2.31368,2.14488,10,20309,15.5768,2.60773
1776813183574791179,2.15211,-0.0175781,-0.134041,2.59015,2.64828,2.07399,10,20327,15.5906,2.76182
1776813183579752214,2.15211,-0.4375,-0.120235,2.32432,2.64828,2.07399,10,20347,15.606,2.60773
1776813183584822246,2.14999,-0.4375,-0.107012,2.17023,2.24756,1.82501,10,20368,15.6221,2.91404
1776813183589784615,2.14999,-0.578125,-0.0909041,2.33591,2.24756,1.82501,10,20386,15.6359,3.06613
1776813183594771317,2.14472,-0.578125,-0.0823678,2.48801,1.95405,1.72085,10,20405,15.6504,3.07043
1776813183599770222,2.14472,-0.65625,-0.0677947,2.41418,1.95405,1.72085,10,20428,15.6673,3.22068
1776813183604778552,2.13872,-0.65625,-0.0561589,2.56443,1.508,1.64891,10,20445,15.6811,3.06797
1776813183609773383,2.13872,-0.652344,-0.0431193,2.41563,1.508,1.64891,10,20466,15.6972,2.9152
1776813183614780917,2.13673,-0.652344,-0.0289982,2.26286,1.60332,1.64206,10,20487,15.7133,2.91443
1776813183619772822,2.13673,-0.443359,-0.0128916,2.47107,1.60332,1.64206,10,20506,15.7279,3.06797
1776813183624782393,2.1279,-0.443359,0.00666063,2.77796,1.82646,1.76118,10,20533,15.7486,3.22132
1776813183629751391,2.1279,-0.615234,0.0135633,2.60609,1.82646,1.76118,10,20551,15.7624,3.06797
1776813183634764592,2.121,-0.615234,0.0204689,2.45274,1.61464,1.59106,10,20569,15.7762,3.22151
1776813183639769700,2.121,-0.660156,0.0342743,2.56136,1.61464,1.59106,10,20587,15.79,2.91443
1776813183644781105,2.1165,-0.660156,0.0435774,2.25427,1.72659,1.54471,10,20603,15.8023,2.91462
1776813183649833434,2.1165,-0.677734,0.0558492,2.23689,1.72659,1.54471,10,20621,15.8161,3.06797
1776813183654789118,2.11452,-0.677734,0.0676786,2.39024,1.65851,1.52557,10,20642,15.8322,2.91404
1776813183659777782,2.11452,-0.638672,0.0837843,2.27536,1.65851,1.52557,10,20665,15.8499,3.06797
1776813183664908294,2.10297,-0.638672,0.0898687,2.4293,1.57072,1.4944,10,20681,15.8621,2.91443
1776813183669799258,2.10297,-0.558594,0.102141,2.35583,1.57072,1.4944,10,20698,15.8752,2.9152
1776813183674796773,2.10114,-0.558594,0.113355,2.35661,1.50013,1.53158,10,20717,15.8897,2.60721
1776813183679759791,2.10114,-0.408203,0.127928,2.199,1.50013,1.53158,10,20737,15.9051,2.76127
1776813183684772843,2.093,-0.408203,0.135123,2.35307,1.32866,1.57947,10,20754,15.9181,2.91501
1776813183689774118,2.093,-0.408203,0.148162,2.50681,1.32866,1.57947,10,20773,15.9327,3.06797
1776813183694779152,2.093,-0.408203,0.162735,2.65977,1.40215,1.57947,10,20794,15.9488,3.06674
1776813183699783335,2.09186,-0.408203,0.177709,2.65854,1.40215,1.57947,10,20814,15.9641,3.2228
1776813183704789924,2.09186,-0.496094,0.193049,2.72671,1.3478,1.5241,10,20840,15.9841,3.06717
1776813183709774293,2.08414,-0.496094,0.205267,2.57107,1.3478,1.5241,10,20855,15.9956,3.22216
1776813183714800734,2.08414,-0.476562,0.216772,2.74559,1.54152,1.49924,10,20882,16.0163,3.22132
1776813183719777213,2.07656,-0.476562,0.229894,2.74476,1.54152,1.49924,10,20899,16.0286,3.37419
1776813183724788025,2.07527,-0.464844,0.259293,2.90964,1.67977,1.47045,10,20933,16.0554,3.37448
1776813183729752394,2.07527,-0.351562,0.267731,3.02292,1.67977,1.47045,10,20951,16.0692,3.52892
1776813183734765372,2.06878,-0.351562,0.27504,3.17736,1.39087,1.49854,10,20963,16.0784,2.91132
1776813183739776166,2.06878,-0.1875,0.284243,2.72382,1.39087,1.49854,10,20964,16.0792,1.22842
1776813183744772978,2.06696,-0.1875,0.283198,1.04092,1.92248,1.58354,10,20959,16.0754,-0.460526
1776813183749779179,2.06696,0.644531,0.279362,0.184005,1.92248,1.58354,10,20956,16.0731,-0.766601
1776813183754781139,2.06762,0.644531,0.277718,-0.12207,2.46619,2.06088,10,20956,16.0731,0
1776813183759784692,2.06762,2.98633,0.277718,2.98633,2.46619,2.06088,10,20957,16.0738,0
1776813183764775300,2.10587,2.98633,-0.305449,3.90625,2.06421,3.3957,10,20968,16.0823,0.919921
1776813183769775946,2.10587,1.7168,-0.303149,2.63672,2.06421,3.3957,10,20977,16.0892,1.22719
1776813183774775517,2.12831,1.7168,-0.273805,2.94398,1.85414,2.95389,10,20987,16.0968,1.53458
1776813183779776052,2.12831,1.0918,-0.266136,2.62638,1.85414,2.95389,10,20999,16.106,1.84096
1776813183784762920,2.13699,1.0918,-0.248252,2.93276,2.1894,2.6374,10,21011,16.1152,2.14682
1776813183789776861,2.13699,0.990234,-0.23905,3.13705,2.1894,2.6374,10,21024,16.1252,2.1481
1776813183794771618,2.14236,0.990234,-0.223711,3.13834,2.35026,2.60403,10,21040,16.1375,2.14772
1776813183799770764,2.14236,0.644531,-0.211439,2.79225,2.35026,2.60403,10,21058,16.1513,2.45389
1776813183804771409,2.15483,0.644531,-0.185161,3.09842,2.27066,2.46377,10,21073,16.1628,2.60773
1776813183809774443,2.15483,0.566406,-0.173656,3.17413,2.27066,2.46377,10,21088,16.1743,2.45487
1776813183814768626,2.15631,0.566406,-0.160672,3.02127,2.64687,2.42595,10,21106,16.1881,2.60668
1776813183819779586,2.15631,-0.132812,-0.146866,2.47387,2.64687,2.42595,10,21126,16.2034,2.60915
1776813183824778565,2.15828,-0.132812,-0.129548,2.47634,2.9673,2.03637,10,21142,16.2157,2.76053
1776813183829752248,2.15828,-0.365234,-0.104237,2.54978,2.46188,1.90389,10,21169,16.2364,2.91501
1776813183834850094,2.15773,-0.365234,-0.0971275,2.54978,2.46188,1.90389,10,21182,16.2464,2.75997
1776813183839805019,2.15773,-0.625,-0.0871559,2.13497,2.46188,1.90389,10,21200,16.2602,2.76256
1776813183844783665,2.1465,-0.625,-0.0845752,2.13756,2.07181,1.70225,10,21216,16.2725,2.91443
1776813183849783107,2.1465,-0.697266,-0.0723033,2.21716,2.07181,1.70225,10,21237,16.2886,2.91443
1776813183854788141,2.14154,-0.697266,-0.0611568,2.21716,1.48531,1.63844,10,21253,16.3008,2.76146
1776813183859799842,2.14154,-0.730469,-0.0488849,2.03099,1.48531,1.63844,10,21275,16.3177,3.06288
1776813183864786432,2.13436,-0.730469,-0.0253816,2.18805,1.51191,1.61951,10,21302,16.3384,2.91851
1776813183869783948,2.13436,-0.667969,-0.0184789,2.25055,1.51191,1.61951,10,21320,16.3522,3.22216
1776813183874774409,2.12736,-0.667969,-0.0116792,2.55419,1.49443,1.5902,10,21338,16.366,3.06778
1776813183879760629,2.12736,-0.679688,0.00212616,2.38809,1.49443,1.5902,10,21357,16.3806,3.22087
1776813183884770311,2.12243,-0.679688,0.0117754,2.54118,1.91596,1.5609,10,21374,16.3937,3.06816
1776813183889772364,2.12243,-0.728516,0.0248141,2.33965,1.91596,1.5609,10,21399,16.4128,3.37178
1776813183894778046,2.11361,-0.728516,0.0351605,2.64327,1.64538,1.4924,10,21419,16.4282,3.37824
1776813183899778007,2.11361,-0.796875,0.0505013,2.58137,1.64538,1.4924,10,21445,16.4481,3.52821
1776813183904802781,2.10574,-0.796875,0.0625796,2.73134,1.53667,1.41708,10,21464,16.4627,3.37351
1776813183909794390,2.10574,-0.724609,0.0771536,2.6489,1.53667,1.41708,10,21487,16.4803,3.22113
1776813183914798813,2.0983,-0.724609,0.0873494,2.49652,1.67762,1.42377,10,21505,16.4941,3.06939
1776813183919783885,2.0983,-0.597656,0.101157,2.47173,1.67762,1.42377,10,21529,16.5125,3.21984
1776813183924786993,2.09187,-0.597656,0.113131,2.62219,1.36801,1.46622,10,21546,16.5256,3.22216
1776813183929770546,2.09187,-0.505859,0.12617,2.7163,1.36801,1.46622,10,21570,16.544,3.06717
1776813183934759081,2.08789,-0.505859,0.153637,2.7163,1.2798,1.51855,10,21596,16.5639,3.22216
1776813183939773134,2.08789,-0.542969,0.16054,2.67919,1.2798,1.51855,10,21613,16.577,2.91501
1776813183944776131,2.07998,-0.542969,0.165669,2.37204,1.39091,1.44193,10,21630,16.59,3.06448
1776813183949786128,2.07998,-0.548828,0.178708,2.51566,1.39091,1.44193,10,21648,16.6038,2.91735
1776813183954783329,2.07736,-0.548828,0.189891,2.36852,1.6848,1.42632,10,21666,16.6176,3.22022
1776813183959782382,2.07207,-0.523438,0.212989,2.54496,1.30601,1.41605,10,21696,16.6406,3.06839
1776813183964776454,2.07207,-0.488281,0.221425,2.58011,1.30601,1.41605,10,21711,16.6521,3.06877
1776813183969842282,2.06953,-0.488281,0.230385,2.58049,1.30601,1.41605,10,21725,16.6629,3.06839
1776813183974838224,2.06953,-0.425781,0.241124,2.64261,1.41439,1.45976,10,21749,16.6813,2.91443
1776813183979786316,2.06464,-0.425781,0.254638,2.48865,1.41439,1.45976,10,21763,16.692,2.91481
1776813183984780684,2.06464,-0.345703,0.265377,2.56911,1.4072,1.48241,10,21786,16.7097,3.06778
1776813183989784070,2.06095,-0.345703,0.279327,2.72208,1.4072,1.48241,10,21794,16.7158,2.14725
1776813183994781363,2.06095,-0.126953,0.285463,2.02029,1.51309,1.58973,10,21794,16.7158,0.920486
1776813183999788138,2.06095,-0.126953,0.285463,0.793533,1.51309,1.58973,10,21789,16.7127,-0.920486
1776813184004799173,2.03112,-0.126953,0.251807,-1.04744,2.30488,1.4484,10,21787,16.7104,-0.613526
1776813184009778041,2.03112,3.46484,0.250273,2.85132,2.30488,1.4484,10,21786,16.7097,-0.153702
1776813184014775872,2.05444,3.46484,0.272822,3.31114,2.51895,3.60637,10,21786,16.7097,0
1776813184019779944,2.05444,1.78906,0.272822,1.78906,2.51895,3.60637,10,21796,16.7166,0.767136
1776813184024776368,2.0953,1.78906,-0.306964,2.5562,1.76138,2.84264,10,21804,16.7235,1.38054
1776813184029807013,2.0953,1.20508,-0.300828,2.58562,1.76138,2.84264,10,21813,16.7304,1.53328
1776813184034785048,2.1031,1.20508,-0.28613,2.73835,2.19437,2.54595,10,21825,16.7396,1.6883
1776813184039779694,2.1031,0.755859,-0.276927,2.44416,2.19437,2.54595,10,21839,16.7503,1.99115
1776813184044773562,2.11976,0.755859,-0.249526,2.74701,2.19329,2.36686,10,21851,16.7595,1.84355
1776813184049781245,2.1238,0.845703,-0.226315,2.99338,1.92355,2.43664,10,21872,16.7756,2.14767
1776813184054776984,2.1238,0.591797,-0.220179,2.73947,1.92355,2.43664,10,21885,16.7856,2.29835
1776813184059792092,2.13208,0.591797,-0.201928,2.89014,1.92355,2.43664,10,21896,16.794,2.14939
1776813184064777127,2.13208,0.322266,-0.193492,2.47166,2.15864,2.17628,10,21913,16.8071,2.30103
1776813184069779477,2.13208,0.322266,-0.180454,2.62329,2.15864,2.17628,10,21924,16.8155,2.30149
1776813184074782252,2.11948,0.322266,-0.184617,2.62375,2.79559,2.1184,10,21943,16.8301,2.76108
1776813184079866099,2.11948,0.0800781,-0.170043,2.84116,2.79559,2.1184,10,21964,16.8462,2.76108
1776813184084832560,2.12297,0.0800781,-0.150447,2.84116,2.75883,1.99642,10,21978,16.8569,2.60668
1776813184089788597,2.12297,-0.244141,-0.139709,2.36254,2.75883,1.99642,10,21997,16.8715,2.60863
1776813184094789465,2.12154,-0.244141,-0.12656,2.36449,2.15493,1.80506,10,22013,16.8838,2.60825
1776813184099836090,2.12154,-0.294922,-0.114288,2.31333,2.15493,1.80506,10,22034,16.8999,2.91326
1776813184104855847,2.11899,-0.294922,-0.100739,2.61834,1.8017,1.76435,10,22051,16.9129,2.91501
1776813184109792384,2.11899,-0.427734,-0.0877002,2.48728,1.8017,1.76435,10,22072,16.929,2.91481
1776813184114800881,2.11521,-0.427734,-0.0753701,2.48708,1.73134,1.67123,10,22088,16.9413,2.76108
1776813184119785824,2.11521,-0.308594,-0.0630982,2.45248,1.73134,1.67123,10,22108,16.9566,2.76163
1776813184124788710,2.11137,-0.308594,-0.0515931,2.45304,1.42277,1.72145,10,22123,16.9681,2.75997
1776813184129758209,2.11137,-0.306641,-0.040088,2.45333,1.42277,1.72145,10,22143,16.9835,2.60915
1776813184134775984,2.10831,-0.306641,-0.0278113,2.30251,1.58924,1.7084,10,22159,16.9957,2.75997
1776813184139781537,2.10831,-0.332031,-0.0155404,2.42794,1.58924,1.7084,10,22180,17.0118,2.9156
1776813184144774498,2.09582,-0.332031,0.00111457,2.58181,1.91084,1.69392,10,22206,17.0318,2.91385
1776813184149799402,2.09582,-0.496094,0.00801726,2.41775,1.91084,1.69392,10,22222,17.0441,2.91539
1776813184154772623,2.08923,-0.496094,0.0137012,2.4193,2.01443,1.51184,10,22239,17.0571,2.91443
1776813184159779472,2.08923,-0.513672,0.0267417,2.40076,2.01443,1.51184,10,22255,17.0694,2.76053
1776813184164768766,2.08686,-0.513672,0.0366427,2.24685,1.65895,1.49078,10,22271,17.0816,2.76146
1776813184169774060,2.08686,-0.482422,0.0489146,2.27904,1.65895,1.49078,10,22291,17.097,2.76108
1776813184174775558,2.08173,-0.482422,0.0591209,2.27866,1.57174,1.48462,10,22307,17.1093,2.91443
1776813184179754538,2.08173,-0.361328,0.0713927,2.5531,1.57174,1.48462,10,22329,17.1261,2.76053
1776813184184762109,2.07761,-0.361328,0.0841491,2.3992,1.3776,1.53439,10,22345,17.1384,2.91598
1776813184189769403,2.07761,-0.267578,0.096421,2.6484,1.3776,1.53439,10,22367,17.1553,2.91326
1776813184194777548,2.07471,-0.267578,0.110394,2.64569,1.33471,1.57425,10,22383,17.1675,2.91501
1776813184199772528,2.07471,-0.322266,0.122666,2.59275,1.33471,1.57425,10,22405,17.1844,2.91481
1776813184204771470,2.07159,-0.322266,0.136418,2.59254,1.32353,1.52844,10,22424,17.199,3.22113
1776813184209789134,2.07159,-0.369141,0.15099,2.85199,1.32353,1.52844,10,22449,17.2182,3.37486
1776813184214772484,2.07159,-0.369141,0.170167,3.00572,1.52894,1.50172,10,22469,17.2335,3.52751
1776813184219776074,2.06182,-0.369141,0.175742,3.15837,1.52894,1.50172,10,22489,17.2488,3.37486
1776813184224768072,2.06182,-0.337891,0.191081,3.03697,1.34045,1.47363,10,22516,17.2696,3.22177
1776813184229749978,2.05589,-0.337891,0.205855,2.88388,1.34045,1.47363,10,22531,17.2811,3.37486
1776813184234762697,2.05589,-0.261719,0.21736,3.11314,1.5634,1.48907,10,22552,17.2972,2.91443
1776813184239766602,2.05168,-0.261719,0.229256,2.65271,1.5634,1.48907,10,22554,17.2987,1.3812
1776813184244770581,2.05168,0.130859,0.230792,1.51206,1.90702,1.69294,10,22549,17.2949,-0.153732
1776813184249774819,2.0515,0.130859,0.226781,-0.0228729,1.90702,1.69294,10,22547,17.2933,-0.919737
1776813184254781335,2.0515,3.27344,0.225247,2.3537,2.31226,3.48338,10,22546,17.2926,-0.153382
1776813184259773630,2.06765,3.27344,0.240622,3.12006,2.31226,3.48338,10,22546,17.2926,0
1776813184264777016,2.06765,2.76758,0.240622,2.76758,2.26875,3.27113,10,22556,17.3002,0.613649
1776813184269773588,2.09871,2.76758,0.279351,3.38123,2.26875,3.27113,10,22564,17.3064,1.53358
1776813184274782511,2.09871,1.03516,0.285487,2.56874,2.61567,2.42872,10,22579,17.3179,1.68796
1776813184279751973,2.11793,1.03516,-0.312099,2.72312,2.61567,2.42872,10,22589,17.3255,2.14686
1776813184284763729,2.11793,1.04883,-0.292157,3.19607,2.2763,2.52544,10,22611,17.3424,2.14725
1776813184289769431,2.11768,1.04883,-0.287805,3.19607,2.2763,2.52544,10,22622,17.3509,2.30149
1776813184294783613,2.11768,0.523438,-0.27937,2.82492,1.81967,2.22481,10,22640,17.3647,2.60721
1776813184299793740,2.12495,0.523438,-0.258302,3.13064,1.81967,2.22481,10,22654,17.3754,2.60877
1776813184304795960,2.12495,0.359375,-0.247563,2.96815,2.17763,2.16471,10,22678,17.3938,2.91481
1776813184309782680,2.13007,0.359375,-0.224034,3.27419,2.17763,2.16471,10,22691,17.4038,2.91385
1776813184314794900,2.13007,-0.306641,-0.214065,2.60721,2.34585,1.80859,10,22711,17.4191,2.45389
1776813184319778639,2.12972,-0.306641,-0.199069,2.14724,2.34585,1.80859,10,22723,17.4283,2.45536
1776813184324781062,2.12972,-0.0996094,-0.189866,2.35575,2.54131,1.92502,10,22745,17.4452,2.60773
1776813184329755820,2.12782,-0.0996094,-0.174893,2.50812,2.54131,1.92502,10,22756,17.4536,2.45389
1776813184334782483,2.12782,-0.316406,-0.166455,2.13748,2.06867,1.79271,10,22776,17.469,2.45438
1776813184339832461,2.12536,-0.316406,-0.153577,2.13797,2.06867,1.79271,10,22788,17.4782,2.45487
1776813184344782812,2.12536,-0.300781,-0.144372,2.15409,1.94705,1.79033,10,22811,17.4958,2.75997
1776813184349782940,2.12202,-0.300781,-0.130073,2.45919,1.94705,1.79033,10,22824,17.5058,2.76218
1776813184354785270,2.12202,-0.380859,-0.120101,2.38132,1.47786,1.72932,10,22848,17.5242,2.76091
1776813184359792416,2.11129,-0.380859,-0.101684,2.53415,1.6448,1.67987,10,22872,17.5426,2.91501
1776813184364771674,2.11129,-0.392578,-0.0940142,2.52243,1.6448,1.67987,10,22885,17.5526,2.91326
1776813184369770912,2.10502,-0.392578,-0.0903178,2.52069,1.6448,1.67987,10,22904,17.5671,2.91539
1776813184374771299,2.10502,-0.478516,-0.0757456,2.43688,1.35283,1.59518,10,22925,17.5833,3.06839
1776813184379776426,2.10138,-0.478516,-0.0632716,2.58988,1.35283,1.59518,10,22940,17.5948,3.06693
1776813184384768128,2.09894,-0.505859,-0.0373335,2.56315,1.5953,1.56277,10,22971,17.6185,3.06901
1776813184389768551,2.09894,-0.513672,-0.0304308,2.55534,1.5953,1.56277,10,22985,17.6293,3.22087
1776813184394773178,2.09646,-0.513672,-0.0221777,2.7072,1.72327,1.53545,10,23007,17.6461,3.06839
1776813184399794397,2.09646,-0.484375,-0.00530342,2.58402,1.72327,1.53545,10,23025,17.66,3.06693
1776813184404775544,2.09132,-0.484375,0.0033674,2.58256,1.75402,1.52826,10,23042,17.673,3.06839
1776813184409775060,2.09132,-0.453125,0.016406,2.61527,1.75402,1.52826,10,23065,17.6906,3.06816
1776813184414807390,2.08381,-0.453125,0.0265302,2.61504,1.33405,1.51103,10,23085,17.706,2.91385
1776813184419780870,2.08381,-0.410156,0.0418691,2.50369,1.33405,1.51103,10,23103,17.7198,3.06901
1776813184424773516,2.08381,-0.410156,0.0556764,2.65885,1.52731,1.53552,10,23123,17.7351,2.76091
1776813184429778477,2.07651,-0.410156,0.0637178,2.35075,1.52731,1.53552,10,23137,17.7459,2.91501
1776813184434765271,2.07651,-0.333984,0.0744562,2.58103,1.42199,1.54482,10,23160,17.7635,2.91326
1776813184439772009,2.07095,-0.333984,0.0865431,2.57928,1.42199,1.54482,10,23174,17.7742,2.91423
1776813184444770489,2.07095,-0.363281,0.0972795,2.55095,1.36149,1.50208,10,23199,17.7934,2.9156
1776813184449779430,2.0661,-0.363281,0.111604,2.55231,1.36149,1.50208,10,23213,17.8041,3.06387
1776813184454772151,2.0661,-0.392578,0.122342,2.67129,1.66285,1.4626,10,23239,17.8241,3.0727
1776813184459775185,2.06422,-0.392578,0.140401,2.68012,1.66285,1.4626,10,23254,17.8356,3.06655
1776813184464773831,2.06422,-0.337891,0.151906,2.72866,1.67404,1.48491,10,23279,17.8548,3.06939
1776813184469783884,2.05857,-0.337891,0.165429,2.7315,1.67404,1.48491,10,23293,17.8655,2.91443
1776813184474771345,2.05857,-0.291016,0.176167,2.62341,1.31333,1.48501,10,23318,17.8847,3.06755
1776813184479800231,2.05682,-0.291016,0.193593,2.77653,1.31333,1.48501,10,23326,17.8908,2.45438
1776813184484771896,2.05682,0.375,0.199729,2.82938,1.48086,1.85639,10,23326,17.8908,0.766908
1776813184489771968,2.05455,0.375,0.197459,1.14191,1.48086,1.85639,10,23322,17.8878,-0.766601
1776813184494854611,2.05455,1.90234,0.194392,1.13574,2.40689,2.71626,10,23321,17.887,-0.30664
1776813184499854386,2.05696,1.90234,0.196033,1.90234,2.78945,2.72762,10,23322,17.8878,0
1776813184504859995,2.05696,2.58789,0.196799,2.58789,2.78945,2.72762,10,23328,17.8924,0.30664
1776813184509797661,2.10018,2.58789,0.244624,2.89453,2.78945,2.72762,10,23339,17.9008,1.5345
1776813184514820751,2.10018,0.683594,0.253062,2.2181,2.87476,2.23518,10,23352,17.9108,1.83877
1776813184519931208,2.11638,0.683594,0.279235,2.52236,2.87476,2.23518,10,23362,17.9184,1.99594
1776813184524890799,2.12062,0.802734,0.303409,3.1033,1.95702,2.37802,10,23386,17.9368,2.30057
1776813184529791245,2.12062,0.277344,0.309545,2.57791,1.95702,2.37802,10,23401,17.9483,2.45241
1776813184534782465,2.12718,0.277344,-0.300709,2.72976,1.73034,2.1282,10,23414,17.9583,2.45683
1776813184539764612,2.12718,0.396484,-0.290738,2.85332,1.73034,2.1282,10,23428,17.9691,2.45487
1776813184544783923,2.13017,0.396484,-0.277003,2.85135,1.88156,2.20986,10,23444,17.9813,2.14725
1776813184549778718,2.13017,0.433594,-0.264731,2.58084,1.88156,2.20986,10,23459,17.9928,2.45095
1776813184554784585,2.13214,0.433594,-0.251261,2.88454,1.97438,2.24002,10,23476,18.0059,2.45831
1776813184559779305,2.13214,0.136719,-0.238223,2.59503,1.97438,2.24002,10,23493,18.0189,2.60773
1776813184564801932,2.13214,0.136719,-0.225184,2.74445,2.38893,2.0708,10,23512,18.0335,2.76108
1776813184569781838,2.13566,0.136719,-0.207093,2.8978,2.38893,2.0708,10,23524,18.0427,2.60721
1776813184574782465,2.13566,-0.298828,-0.197888,2.30838,2.63621,1.83865,10,23546,18.0596,2.60773
1776813184579775037,2.13397,-0.298828,-0.182698,2.3089,2.63621,1.83865,10,23560,18.0703,2.76163
1776813184584780090,2.1321,-0.408203,-0.157725,2.65996,1.98797,1.76861,10,23590,18.0933,3.06816
1776813184589812346,2.1321,-0.650391,-0.150822,2.41777,1.98797,1.76861,10,23608,18.1071,3.06717
1776813184594786974,2.12628,-0.650391,-0.14284,2.41678,1.58628,1.59527,10,23625,18.1201,3.06877
1776813184599785194,2.12628,-0.554688,-0.129802,2.51409,1.58628,1.59527,10,23643,18.134,2.91443
1776813184604797117,2.12049,-0.554688,-0.121783,2.35974,1.47289,1.62322,10,23663,18.1493,2.91423
1776813184609776245,2.12049,-0.578125,-0.106442,2.3361,1.47289,1.62322,10,23679,18.1616,2.76163
1776813184614823019,2.11762,-0.578125,-0.097039,2.18351,1.32363,1.59664,10,23699,18.1769,2.91385
1776813184619777463,2.11762,-0.480469,-0.0817001,2.43338,1.32363,1.59664,10,23717,18.1907,2.76108
1776813184624762220,2.10957,-0.480469,-0.0759456,2.28061,1.6895,1.61514,10,23738,18.2068,3.06816
1776813184629721516,2.10957,-0.535156,-0.0598399,2.533,1.6895,1.61514,10,23756,18.2206,3.06778
1776813184634719254,2.10957,-0.535156,-0.0460346,2.53262,1.56982,1.58397,10,23777,18.2367,2.91481
1776813184639725455,2.10031,-0.535156,-0.039191,2.37965,1.56982,1.58397,10,23791,18.2475,3.06839
1776813184644727879,2.10031,-0.679688,-0.0284526,2.38871,1.64884,1.45868,10,23816,18.2666,2.91443
1776813184649727895,2.0913,-0.679688,-0.0182884,2.23474,1.64884,1.45868,10,23832,18.2789,3.21958
1776813184654727023,2.0913,-0.669922,-0.00601648,2.54966,1.45286,1.42237,10,23858,18.2989,3.06877
1776813184659755686,2.08133,-0.669922,0.00396275,2.39885,1.45286,1.42237,10,23873,18.3104,3.22242
1776813184664734388,2.08133,-0.607422,0.0154679,2.615,1.37335,1.41153,10,23900,18.3311,3.22087
1776813184669773440,2.0777,-0.607422,0.0325425,2.61345,1.37335,1.41153,10,23914,18.3418,3.06839
1776813184674776789,2.0777,-0.505859,0.0432808,2.56253,1.3222,1.45243,10,23941,18.3625,3.22151
1776813184679764899,2.06954,-0.505859,0.0558331,2.71565,1.3222,1.45243,10,23957,18.3748,3.22113
1776813184684766415,2.06954,-0.535156,0.068105,2.68597,1.20008,1.39749,10,23985,18.3963,3.37419
1776813184689776708,2.06671,-0.535156,0.0867512,2.83903,1.20008,1.39749,10,24002,18.4085,3.52892
1776813184694774947,2.06671,-0.535156,0.0997899,2.99376,1.53189,1.3842,10,24029,18.43,3.37419
1776813184699791240,2.05884,-0.535156,0.112626,2.83903,1.53189,1.3842,10,24045,18.4423,3.22177
1776813184704774368,2.05884,-0.527344,0.124898,2.69443,1.28307,1.35159,10,24072,18.463,3.37216
1776813184709775033,2.05884,-0.527344,0.145608,2.84482,1.28307,1.35159,10,24087,18.4745,3.22409
1776813184714798789,2.05152,-0.527344,0.149793,2.69675,1.32633,1.31703,10,24110,18.4921,3.37313
1776813184719782491,2.05152,-0.439453,0.167434,2.93368,1.32633,1.31703,10,24135,18.5113,3.22151
1776813184724771841,2.04271,-0.439453,0.177797,2.78206,1.32581,1.32538,10,24152,18.5244,3.06901
1776813184729746728,2.04271,-0.175781,0.190835,2.89323,1.32581,1.32538,10,24155,18.5267,1.68762
1776813184734762818,2.03899,-0.175781,0.189412,1.51184,1.74284,1.45798,10,24153,18.5251,0
1776813184739770297,2.03899,0.800781,0.187879,0.800781,1.74284,1.45798,10,24150,18.5228,-0.613908
1776813184744770887,2.04043,0.800781,0.187024,0.186874,2.22789,2.0215,10,24150,18.5228,-0.153351
1776813184749770236,2.04043,2.78711,0.187024,2.63376,2.22789,2.0215,10,24150,18.5228,0
1776813184754775197,2.07817,2.78711,0.224761,2.78711,2.1742,3.33162,10,24158,18.529,0.613785
1776813184759772806,2.07817,2.3457,0.230897,2.95949,2.1742,3.33162,10,24166,18.5351,1.22694
1776813184764781081,2.09055,2.3457,0.249408,3.57265,1.70118,3.1378,10,24178,18.5443,1.38082
1776813184769776875,2.09055,1.17578,0.258613,2.5566,1.70118,3.1378,10,24189,18.5527,1.84059
1776813184774775225,2.11385,1.17578,0.290355,3.01637,2.20241,2.57898,10,24203,18.5635,1.84097
1776813184779752168,2.11385,0.898438,0.301093,2.73941,2.20241,2.57898,10,24215,18.5727,1.99434
1776813184784769572,2.11385,0.898438,0.310296,2.89278,2.32007,2.4209,10,24233,18.5865,2.45389
1776813184789769440,2.11618,0.898438,-0.301884,3.35232,2.32007,2.4209,10,24246,18.5964,2.45438
1776813184794773364,2.11618,0.207031,-0.291913,2.66141,2.22452,2.03755,10,24269,18.6141,2.91481
1776813184799773509,2.12848,0.207031,-0.261975,3.12184,2.22452,2.03755,10,24282,18.6241,2.76108
1776813184804771655,2.12848,-0.207031,-0.252003,2.55405,2.60712,1.8581,10,24303,18.6402,2.60773
1776813184809775542,2.12852,-0.207031,-0.235857,2.4007,2.60712,1.8581,10,24314,18.6486,2.45241
1776813184814795780,2.12852,-0.242188,-0.227419,2.21023,2.73729,1.83824,10,24336,18.6655,2.45634
1776813184819782574,2.12559,-0.242188,-0.213475,2.21415,2.73729,1.83824,10,24350,18.6762,2.76163
1776813184824802127,2.12559,-0.417969,-0.202736,2.34366,2.06796,1.7246,10,24372,18.6931,2.76053
1776813184829758681,2.12328,-0.417969,-0.188176,2.34256,2.06796,1.7246,10,24386,18.7038,2.76146
1776813184834805696,2.12328,-0.423828,-0.177439,2.33763,1.88635,1.71063,10,24409,18.7215,2.76163
1776813184839789176,2.11686,-0.423828,-0.166216,2.3378,1.88635,1.71063,10,24423,18.7322,2.91443
1776813184844828783,2.11686,-0.439453,-0.155478,2.47498,1.62836,1.67218,10,24447,18.7506,2.91481
1776813184849787801,2.11436,-0.439453,-0.139571,2.47536,1.62836,1.67218,10,24462,18.7621,3.06778
1776813184854771873,2.11436,-0.470703,-0.128066,2.59708,1.31445,1.64283,10,24487,18.7813,3.06755
1776813184859793592,2.11436,-0.470703,-0.108891,2.59684,1.31445,1.64283,10,24502,18.7928,3.06717
1776813184864772183,2.10551,-0.470703,-0.106242,2.59646,1.32924,1.6019,10,24525,18.8104,3.22151
1776813184869776903,2.10551,-0.550781,-0.0886006,2.67073,1.32924,1.6019,10,24547,18.8273,3.06839
1776813184874782975,2.09852,-0.550781,-0.0787091,2.51761,1.6075,1.52389,10,24568,18.8434,3.06877
1776813184879780806,2.09852,-0.527344,-0.0626016,2.54143,1.6075,1.52389,10,24586,18.8572,2.91385
1776813184884765174,2.09532,-0.527344,-0.0519986,2.3865,1.62665,1.52238,10,24608,18.8741,3.06839
1776813184889766968,2.09532,-0.558594,-0.0351243,2.5098,1.62665,1.52238,10,24627,18.8887,3.22151
1776813184894769836,2.08775,-0.558594,-0.0281205,2.66292,1.73097,1.46933,10,24648,18.9048,3.06816
1776813184899782926,2.08775,-0.570312,-0.0120129,2.49785,1.73097,1.46933,10,24666,18.9186,3.06471
1776813184904773424,2.0841,-0.570312,-0.00186585,2.4944,1.45825,1.44559,10,24686,18.9339,2.76329
1776813184909771459,2.0841,-0.474609,0.013475,2.28868,1.45825,1.44559,10,24703,18.947,2.76163
1776813184914798196,2.07639,-0.474609,0.0188079,2.28702,1.39409,1.4641,10,24723,18.9623,2.91423
1776813184919788083,2.07639,-0.416016,0.0341468,2.49821,1.39409,1.4641,10,24740,18.9753,2.91268
1776813184924773711,2.0735,-0.416016,0.0442996,2.49667,1.3036,1.48398,10,24761,18.9914,2.91656
1776813184929760283,2.0735,-0.404297,0.0604072,2.51226,1.3036,1.48398,10,24780,19.006,3.06778
1776813184934867388,2.0735,-0.404297,0.0749793,2.66348,1.30869,1.49066,10,24800,19.0214,3.06778
1776813184939791518,2.06132,-0.404297,0.0781322,2.66348,1.30869,1.49066,10,24815,19.0329,2.91539
1776813184944786238,2.06132,-0.476562,0.0896373,2.43883,1.34421,1.39219,10,24840,19.052,3.06717
1776813184949781792,2.0545,-0.476562,0.102001,2.5906,1.34421,1.39219,10,24855,19.0635,3.06816
1776813184954771993,2.0545,-0.408203,0.113506,2.65996,1.47627,1.39903,10,24882,19.0843,3.22177
1776813184959775065,2.0498,-0.408203,0.129512,2.81357,1.47627,1.39903,10,24897,19.0958,3.22151
1776813184964775729,2.0498,-0.332031,0.141017,2.88948,1.31146,1.42022,10,24923,19.1157,3.06717
1776813184969880927,2.046,-0.332031,0.157154,2.73513,1.31146,1.42022,10,24935,19.1249,2.91539
1776813184974793872,2.046,-0.212891,0.166357,2.7025,1.55629,1.47011,10,24948,19.1349,2.30011
1776813184979759186,2.04303,-0.212891,0.173364,2.08721,1.55629,1.47011,10,24948,19.1349,0.460145
1776813184984767350,2.04303,1.72656,0.173364,2.18671,2.19527,2.56155,10,24945,19.1326,-0.306702
1776813184989777681,2.04921,1.72656,0.177242,1.41986,2.19527,2.56155,10,24944,19.1318,-0.30664
1776813184994775586,2.04921,2.82422,0.176475,2.51758,2.42456,3.21649,10,24945,19.1326,0
1776813184999772824,2.075,2.82422,0.203027,2.82422,2.42456,3.21649,10,24950,19.1364,0.460145
1776813185004781193,2.075,1.70508,0.206861,2.16522,2.66726,2.70001,10,24963,19.1464,1.22719
1776813185009774783,2.075,1.70508,0.216833,2.93227,2.66726,2.70001,10,24972,19.1533,2.1481
1776813185014774615,2.09316,1.70508,0.241895,3.85318,2.47618,2.78479,10,24988,19.1656,2.14729
1776813185019774298,2.09316,0.666016,0.254167,2.81331,2.47618,2.78479,10,25007,19.1801,2.45438
1776813185024770000,2.10926,0.666016,0.284843,3.12039,2.07845,2.2672,10,25026,19.1947,2.45339
1776813185029814626,2.10926,0.289062,0.299415,2.74246,2.07845,2.2672,10,25042,19.207,2.76256
1776813185034790958,2.11355,0.289062,-0.31234,3.05163,2.40195,2.07216,10,25062,19.2223,2.75997
1776813185039777253,2.11355,0.00390625,-0.297001,2.76388,2.40195,2.07216,10,25079,19.2354,2.91501
1776813185044782843,2.11505,0.00390625,-0.282463,2.91892,2.02849,1.91654,10,25099,19.2507,2.91539
1776813185049775786,2.11505,-0.349609,-0.267122,2.56578,2.02849,1.91654,10,25115,19.263,2.60721
1776813185054769229,2.11293,-0.349609,-0.256973,2.2576,2.1911,1.70523,10,25135,19.2783,2.76163
1776813185059769875,2.11293,-0.400391,-0.241635,2.36124,2.1911,1.70523,10,25153,19.2921,2.91443
1776813185064794317,2.10943,-0.400391,-0.231325,2.51404,2.30541,1.66014,10,25172,19.3067,2.91423
1776813185069773482,2.10943,-0.5625,-0.216751,2.35173,2.30541,1.66014,10,25187,19.3182,2.60825
1776813185074768869,2.10679,-0.5625,-0.207886,2.04575,1.76092,1.55553,10,25205,19.332,2.45339
1776813185079751016,2.10679,-0.388672,-0.194081,2.06472,1.76092,1.55553,10,25221,19.3443,2.60773
1776813185084763773,2.10679,-0.388672,-0.181809,2.21906,1.54092,1.65461,10,25241,19.3596,2.91501
1776813185089769011,2.09582,-0.388672,-0.177437,2.52634,1.54092,1.65461,10,25255,19.3696,2.76108
1776813185094780453,2.09582,-0.392578,-0.166699,2.3685,1.38061,1.60152,10,25277,19.3872,2.76146
1776813185099843468,2.08973,-0.392578,-0.155916,2.36888,1.38061,1.60152,10,25291,19.398,2.76108
1776813185104782764,2.08973,-0.429688,-0.145178,2.33139,1.62517,1.55203,10,25314,19.4156,2.76163
1776813185109771948,2.08558,-0.429688,-0.131695,2.33194,1.62517,1.55203,10,25327,19.4256,2.91268
1776813185114832240,2.08558,-0.53125,-0.121723,2.38143,1.67917,1.47476,10,25350,19.4432,2.76256
1776813185119799906,2.0803,-0.53125,-0.109352,2.23131,1.67917,1.47476,10,25365,19.4547,2.91385
1776813185124775812,2.0803,-0.603516,-0.0978472,2.31033,1.64646,1.40895,10,25390,19.4739,2.91501
1776813185129766273,2.07449,-0.603516,-0.084492,2.3115,1.64646,1.40895,10,25404,19.4846,3.06816
1776813185134761827,2.07449,-0.5625,-0.0737536,2.50566,1.38455,1.40509,10,25428,19.503,2.91443
1776813185139771917,2.06864,-0.5625,-0.061188,2.35193,1.38455,1.40509,10,25442,19.5138,2.91443
1776813185144771915,2.06864,-0.455078,-0.0504515,2.45935,1.38536,1.43891,10,25465,19.5314,2.91132
1776813185149780969,2.06375,-0.455078,-0.0377047,2.45624,1.38536,1.43891,10,25478,19.5414,2.76439
1776813185154776578,2.06375,-0.318359,-0.0277331,2.44604,1.36808,1.49383,10,25503,19.5606,2.91443
1776813185159773150,2.06375,-0.318359,-0.00855849,2.59607,1.36808,1.49383,10,25517,19.5713,2.91423
1776813185164769482,2.05809,-0.318359,-0.00347541,2.59587,1.43839,1.46718,10,25538,19.5874,2.91501
1776813185169778017,2.05809,-0.240234,0.0126303,2.67478,1.43839,1.46718,10,25559,19.6035,3.06816
1776813185174772144,2.05538,-0.240234,0.0260275,2.82793,1.63288,1.49892,10,25579,19.6188,2.76108
1776813185179749773,2.05538,-0.263672,0.0413664,2.49741,1.63288,1.49892,10,25597,19.6327,2.91385
1776813185184761048,2.05171,-0.263672,0.0515001,2.65017,1.2808,1.46821,10,25618,19.6488,3.0651
1776813185189781823,2.05171,-0.298828,0.0676077,2.76627,1.2808,1.46821,10,25636,19.6626,2.91851
1776813185194772618,2.04902,-0.298828,0.0787199,2.61969,1.53969,1.43543,10,25657,19.6787,3.06816
1776813185199771023,2.04902,-0.236328,0.0948274,2.83183,1.53969,1.43543,10,25675,19.6925,2.91385
1776813185204772929,2.0464,-0.236328,0.10601,2.67752,1.65646,1.45864,10,25694,19.7071,2.91443
1776813185209775316,2.0464,-0.136719,0.120582,2.77771,1.65646,1.45864,10,25711,19.7201,2.76108
1776813185214771980,2.04462,-0.136719,0.131851,2.62436,1.34577,1.50701,10,25731,19.7354,2.76201
1776813185219780386,2.04462,-0.0449219,0.14719,2.71709,1.34577,1.50701,10,25747,19.7477,2.76053
1776813185224772310,2.04403,-0.0449219,0.158867,2.7156,1.62102,1.55652,10,25761,19.7584,2.60825
1776813185229748716,2.04403,0.169922,0.169605,2.77817,1.62102,1.55652,10,25763,19.76,1.22694
1776813185234762880,2.04403,0.169922,0.171139,1.39686,1.98984,1.67898,10,25756,19.7546,-0.460145
1776813185239775396,2.03866,0.169922,0.160404,-0.290223,1.98984,1.67898,10,25754,19.7531,-0.920302
1776813185244784728,2.03866,2.66211,0.15887,1.74181,2.50841,3.07405,10,25753,19.7523,-0.153351
1776813185249770837,2.0517,2.66211,0.171135,2.50876,2.50841,3.07405,10,25753,19.7523,0
1776813185254773891,2.0517,2.42773,0.171135,2.42773,2.24894,3.00224,10,25762,19.7592,0.613526
1776813185259771500,2.09402,2.42773,0.220367,3.04126,2.24894,3.00224,10,25770,19.7653,1.37888
1776813185264783664,2.09402,1.39258,0.226503,2.77146,2.3765,2.6107,10,25784,19.7761,1.68999
1776813185269769903,2.10355,1.39258,0.246761,3.08257,2.3765,2.6107,10,25793,19.783,1.84022
1776813185274773809,2.10355,0.880859,0.253666,2.72108,2.30882,2.36322,10,25810,19.796,1.99432
1776813185279751344,2.12328,0.880859,0.286438,2.87518,2.30882,2.36322,10,25821,19.8045,2.30103
1776813185284761435,2.12328,0.660156,0.294874,2.96118,2.0444,2.3285,10,25842,19.8206,2.45339
1776813185289790487,2.12744,0.660156,-0.313179,3.11355,2.0444,2.3285,10,25856,19.8313,2.60825
1776813185294788060,2.12744,0.0859375,-0.302441,2.69419,2.19413,2.0203,10,25880,19.8497,2.91443
1776813185299787798,2.13454,0.0859375,-0.276936,3.00037,2.19413,2.0203,10,25893,19.8597,2.9156
1776813185304772464,2.13454,-0.246094,-0.253925,2.36097,2.40695,1.86358,10,25917,19.8781,2.60707
1776813185309775628,2.13094,-0.246094,-0.252157,2.36097,2.40695,1.86358,10,25928,19.8865,2.30156
1776813185314796829,2.13094,-0.193359,-0.243721,2.10821,2.33651,1.87715,10,25947,19.9011,2.60707
1776813185319791901,2.12697,-0.193359,-0.233116,2.41371,2.33651,1.87715,10,25959,19.9103,2.60825
1776813185324782955,2.12697,-0.291016,-0.223913,2.31723,2.04054,1.80328,10,25980,19.9264,2.45487
1776813185329752214,2.12539,-0.291016,-0.209381,2.16385,2.04054,1.80328,10,25993,19.9364,2.76053
1776813185334763952,2.12539,-0.232422,-0.199411,2.5281,1.73215,1.82943,10,26017,19.9548,2.76163
1776813185339779950,2.1197,-0.232422,-0.186695,2.52921,1.73215,1.82943,10,26031,19.9655,3.06326
1776813185344773503,2.1197,-0.298828,-0.175957,2.76443,1.70555,1.76541,10,26056,19.9847,2.9191
1776813185349780390,2.1184,-0.298828,-0.158081,2.62027,1.70555,1.76541,10,26070,19.9954,3.06288
1776813185354823813,2.1184,-0.419922,-0.147343,2.64296,1.80249,1.6904,10,26095,20.0146,2.91948
1776813185359790441,2.11298,-0.419922,-0.133587,2.49956,1.80249,1.6904,10,26109,20.0254,2.91443
1776813185364841215,2.11298,-0.445312,-0.122848,2.46912,1.55177,1.65094,10,26136,20.0461,3.06816
1776813185369829399,2.11089,-0.445312,-0.104237,2.62285,1.55177,1.65094,10,26150,20.0568,3.21984
1776813185374820397,2.11089,-0.648438,-0.0934982,2.5714,1.66614,1.52548,10,26176,20.0767,3.06877
1776813185379850265,2.11089,-0.648438,-0.0735568,2.42034,1.66614,1.52548,10,26190,20.0875,3.06778
1776813185384776191,2.09996,-0.648438,-0.0737476,2.41934,1.79355,1.47488,10,26210,20.1028,2.91501
1776813185389773597,2.09996,-0.634766,-0.0584087,2.28025,1.79355,1.47488,10,26231,20.1189,2.91364
1776813185394774706,2.09071,-0.634766,-0.0515441,2.27888,1.43218,1.43971,10,26251,20.1343,2.76218
1776813185399777167,2.09071,-0.578125,-0.0362052,2.18406,1.43218,1.43971,10,26269,20.1481,2.91385
1776813185404774498,2.08769,-0.578125,-0.0254192,2.33572,1.4537,1.45792,10,26290,20.1642,2.91481
1776813185409784940,2.08769,-0.464844,-0.00931351,2.44997,1.4537,1.45792,10,26307,20.1772,2.91443
1776813185414789012,2.07947,-0.464844,-0.00450127,2.44958,1.5556,1.48407,10,26327,20.1926,2.91501
1776813185419841138,2.07947,-0.451172,0.0108395,2.46384,1.5556,1.48407,10,26348,20.2087,2.76146
1776813185424791212,2.07514,-0.451172,0.0226231,2.31029,1.22698,1.47163,10,26365,20.2217,3.06778
1776813185429763137,2.07514,-0.484375,0.0356637,2.5834,1.22698,1.47163,10,26384,20.2363,2.91423
1776813185434769801,2.07063,-0.484375,0.0457211,2.42985,1.31489,1.43153,10,26402,20.2501,3.22113
1776813185439768892,2.07063,-0.480469,0.0595265,2.74066,1.31489,1.43153,10,26425,20.2677,3.22216
1776813185444767446,2.06885,-0.480469,0.0753918,2.74169,1.58897,1.42542,10,26447,20.2846,3.21984
1776813185449772018,2.06885,-0.431641,0.0922661,2.7882,1.58897,1.42542,10,26466,20.2992,3.06939
1776813185454770942,2.06885,-0.431641,0.106838,2.63775,1.46233,1.45326,10,26487,20.3153,2.91443
1776813185459793402,2.06001,-0.431641,0.1141,2.48279,1.46233,1.45326,10,26502,20.3268,3.22087
1776813185464777974,2.06001,-0.339844,0.125605,2.88102,1.33419,1.46396,10,26531,20.349,3.22113
1776813185469771028,2.05391,-0.339844,0.14175,2.88129,1.33419,1.46396,10,26545,20.3598,3.37554
1776813185474772008,2.05391,-0.263672,0.152489,3.11187,1.48332,1.47861,10,26559,20.3705,2.60668
1776813185479782783,2.05074,-0.263672,0.160053,2.34301,1.48332,1.47861,10,26559,20.3705,0.460618
1776813185484795540,2.05074,1.4668,0.160053,1.92742,2.22169,2.44997,10,26554,20.3667,-0.613785
1776813185489775891,2.0552,1.4668,0.160677,0.853012,2.22169,2.44997,10,26554,20.3667,-0.153351
1776813185494773389,2.0552,2.75977,0.160677,2.60641,2.45237,3.20804,10,26556,20.3682,0
1776813185499837088,2.07939,2.75977,0.186401,2.75977,2.45237,3.20804,10,26562,20.3728,0.920486
1776813185504831587,2.07939,1.63867,0.191004,2.55916,2.54267,2.6827,10,26574,20.382,1.38054
1776813185509778809,2.10193,1.63867,0.222744,3.01921,2.54267,2.6827,10,26586,20.3912,1.99354
1776813185514803380,2.10193,0.871094,0.231949,2.86464,2.51629,2.35014,10,26605,20.4058,2.30149
1776813185519784767,2.11265,0.871094,0.257242,3.17258,2.51629,2.35014,10,26615,20.4135,2.30103
1776813185524815487,2.11265,0.298828,0.264914,2.59985,2.10453,2.07355,10,26637,20.4303,2.14767
1776813185529766171,2.11265,0.298828,0.281786,2.4465,2.10453,2.07355,10,26651,20.4411,2.91501
1776813185534791761,2.11483,0.298828,0.294704,3.21384,2.01812,2.08361,10,26670,20.4556,2.76053
1776813185539778315,2.11483,0.0800781,0.309277,2.8406,2.01812,2.08361,10,26691,20.4717,2.91481
1776813185544786628,2.11803,0.0800781,-0.299728,2.99489,1.68613,1.97371,10,26709,20.4855,2.76163
1776813185549794940,2.11803,-0.117188,-0.285923,2.64444,1.68613,1.97371,10,26723,20.4963,2.45438
1776813185554852862,2.11749,-0.117188,-0.275722,2.33719,2.04804,1.85879,10,26740,20.5093,2.30103
1776813185559806288,2.11749,-0.197266,-0.262684,2.10376,2.04804,1.85879,10,26759,20.5239,2.45438
1776813185564786583,2.1141,-0.197266,-0.251506,2.25711,2.27662,1.79749,10,26775,20.5362,2.60668
1776813185569782766,2.1141,-0.335938,-0.239235,2.27075,2.27662,1.79749,10,26791,20.5484,2.76108
1776813185574786338,2.11313,-0.335938,-0.227937,2.42514,1.9597,1.71395,10,26807,20.5607,2.76218
1776813185579763819,2.11313,-0.515625,-0.215666,2.24656,1.9597,1.71395,10,26827,20.5761,2.76036
1776813185584763687,2.10636,-0.515625,-0.207084,2.24473,1.82329,1.58028,10,26847,20.5914,2.76163
1776813185589774481,2.10636,-0.478516,-0.191745,2.28311,1.82329,1.58028,10,26863,20.6037,2.76163
1776813185594790127,2.10377,-0.478516,-0.182069,2.28311,1.45173,1.58941,10,26882,20.6182,2.76053
1776813185599788458,2.10377,-0.583984,-0.167495,2.17654,1.45173,1.58941,10,26901,20.6328,2.60773
1776813185604841232,2.10377,-0.583984,-0.152923,2.02374,1.50673,1.5293,10,26918,20.6458,2.76201
1776813185609787806,2.09308,-0.583984,-0.150579,2.17803,1.50673,1.5293,10,26932,20.6566,2.91326
1776813185614815007,2.09308,-0.472656,-0.139841,2.44061,1.61022,1.5431,10,26955,20.6742,2.9156
1776813185619809560,2.0853,-0.472656,-0.129976,2.44294,1.61022,1.5431,10,26969,20.685,2.76036
1776813185624777856,2.0853,-0.507812,-0.119239,2.25254,1.59314,1.48683,10,26993,20.7034,2.91501
1776813185629791446,2.07947,-0.507812,-0.106657,2.4072,1.59314,1.48683,10,27007,20.7141,2.91443
1776813185634776056,2.07947,-0.5625,-0.0959183,2.35193,1.67193,1.42844,10,27035,20.7356,3.22216
1776813185639796460,2.07396,-0.5625,-0.0799538,2.65966,1.67193,1.42844,10,27050,20.7463,3.22151
1776813185644774885,2.07396,-0.576172,-0.0684506,2.64534,1.6513,1.39484,10,27076,20.767,3.22113
1776813185649784920,2.0714,-0.576172,-0.0510728,2.64496,1.6513,1.39484,10,27091,20.7785,3.22022
1776813185654775603,2.0714,-0.494141,-0.0395695,2.72608,1.241,1.42956,10,27116,20.7977,3.06839
1776813185659788860,2.06411,-0.494141,-0.0276849,2.57425,1.241,1.42956,10,27129,20.8077,2.76108
1776813185664781636,2.06411,-0.419922,-0.0177151,2.34116,1.41691,1.43761,10,27154,20.8269,2.91539
1776813185669782986,2.06271,-0.419922,6.70608e-05,2.49547,1.41691,1.43761,10,27168,20.8376,3.06717
1776813185674775225,2.06271,-0.349609,0.0108054,2.71756,1.46089,1.47113,10,27193,20.8568,2.91539
1776813185679764724,2.06271,-0.349609,0.02998,2.56578,1.46089,1.47113,10,27207,20.8675,3.06778
1776813185684762499,2.05538,-0.349609,0.0333903,2.71817,1.3394,1.43658,10,27228,20.8836,3.06755
1776813185689789700,2.05538,-0.388672,0.049496,2.67888,1.3394,1.43658,10,27249,20.8997,2.76163
1776813185694778680,2.05164,-0.388672,0.0618556,2.37296,1.53668,1.3966,10,27270,20.9158,2.91443
1776813185699795955,2.05164,-0.316406,0.0779632,2.59802,1.53668,1.3966,10,27291,20.9319,2.91481
1776813185704781528,2.04449,-0.316406,0.086922,2.5984,1.57158,1.40396,10,27308,20.945,3.06717
1776813185709791155,2.04449,-0.287109,0.0999606,2.78006,1.57158,1.40396,10,27325,20.958,2.91443
1776813185714806116,2.04273,-0.287109,0.111237,2.62732,1.26779,1.41229,10,27342,20.9711,2.91539
1776813185719782615,2.04273,-0.238281,0.124277,2.67711,1.26779,1.41229,10,27362,20.9864,2.91443
1776813185724775557,2.04063,-0.238281,0.137518,2.67615,1.58295,1.43016,10,27372,20.9941,2.14767
1776813185729794555,2.04063,-0.0273438,0.145188,2.12033,1.58295,1.43016,10,27372,20.9941,0.613403
1776813185734774350,2.03844,-0.0273438,0.140702,-0.180695,1.96984,1.5504,10,27368,20.991,-0.153351
1776813185739773385,2.03844,3.04102,0.139935,2.88766,1.96984,1.5504,10,27368,20.991,-0.460052
1776813185744775290,2.05984,3.04102,0.161335,2.58096,2.2164,3.39027,10,27368,20.991,0
1776813185749777251,2.05984,2.73828,0.161335,2.73828,2.2164,3.39027,10,27369,20.9918,0
1776813185754786823,2.07945,2.73828,0.181713,2.73828,1.78833,3.3098,10,27378,20.9987,1.07362
1776813185759786469,2.07945,2.18555,0.188616,3.25917,1.78833,3.3098,10,27386,21.0048,0.613403
1776813185764788282,2.08674,2.18555,0.202038,2.79895,2.43547,3.02877,10,27399,21.0148,2.30149
1776813185769774762,2.08674,0.974609,0.21201,3.2761,2.43547,3.02877,10,27414,21.0263,1.84022
1776813185774772019,2.10953,0.974609,0.2463,2.81483,2.21626,2.44434,10,27423,21.0332,2.14767
1776813185779752573,2.10953,0.613281,0.253205,2.76096,2.21626,2.44434,10,27440,21.0462,2.14767
1776813185784773034,2.11203,0.613281,0.268748,2.76096,2.33085,2.24995,10,27460,21.0616,2.91501
1776813185789858622,2.11203,0.1875,0.284087,3.10251,2.33085,2.24995,10,27482,21.0784,2.91481
1776813185794802196,2.11933,0.1875,0.30826,3.10231,2.2367,2.04092,10,27498,21.0907,2.91385
1776813185799773787,2.11933,-0.148438,-0.307786,2.76541,2.2367,2.04092,10,27514,21.103,2.76053
1776813185804791303,2.11924,-0.148438,-0.281038,2.46033,2.47757,1.84943,10,27542,21.1244,2.60877
1776813185809780246,2.11924,-0.148438,-0.281038,2.46033,2.47757,1.84943,10,27542,21.1244,2.60877
1776813185814897333,2.11212,-0.527344,-0.257476,2.53982,2.43367,1.63302,10,27582,21.1551,3.06717
1776813185819796890,2.11212,-0.677734,-0.250574,2.38943,2.43367,1.63302,10,27599,21.1682,2.91539
1776813185824805461,2.10557,-0.677734,-0.244079,2.23766,1.85074,1.48422,10,27616,21.1812,3.06778
1776813185829756387,2.10557,-0.595703,-0.231038,2.47208,1.85074,1.48422,10,27634,21.195,2.91443
1776813185834770255,2.10123,-0.595703,-0.221574,2.31873,1.50741,1.51085,10,27651,21.2081,3.06326
1776813185839781790,2.10123,-0.607422,-0.208536,2.45584,1.50741,1.51085,10,27670,21.2226,3.07208
1776813185844773066,2.09962,-0.607422,-0.195577,2.46466,1.22044,1.49669,10,27692,21.2395,3.06816
1776813185849774823,2.09962,-0.632812,-0.178703,2.43535,1.22044,1.49669,10,27714,21.2564,3.06778
1776813185854779506,2.08861,-0.632812,-0.172838,2.43497,1.37796,1.43102,10,27731,21.2694,2.91481
1776813185859836039,2.08861,-0.636719,-0.159799,2.27809,1.37796,1.43102,10,27751,21.2847,2.91443
1776813185864827815,2.08687,-0.636719,-0.146202,2.27771,1.54224,1.42067,10,27771,21.3001,2.76163
1776813185869796092,2.08687,-0.585938,-0.130863,2.17569,1.54224,1.42067,10,27788,21.3131,2.76146
1776813185874778720,2.07628,-0.585938,-0.116138,2.32791,1.46278,1.44962,10,27813,21.3323,2.91385
1776813185879751442,2.07628,-0.523438,-0.109233,2.39041,1.46278,1.44962,10,27829,21.3446,2.91501
1776813185884760865,2.06994,-0.523438,-0.103305,2.39157,1.41583,1.40603,10,27845,21.3568,2.76091
1776813185889767381,2.06994,-0.523438,-0.0910334,2.23747,1.41583,1.40603,10,27861,21.3691,2.76163
1776813185894771898,2.06771,-0.523438,-0.0809893,2.23819,1.44493,1.39557,10,27876,21.3806,2.76053
1776813185899775729,2.06771,-0.541016,-0.0694842,2.21951,1.44493,1.39557,10,27891,21.3921,2.45487
1776813185904765413,2.06525,-0.541016,-0.0604433,1.91385,1.3714,1.37395,10,27910,21.4067,2.60668
1776813185909771577,2.06525,-0.427734,-0.0458712,2.17895,1.3714,1.37395,10,27930,21.422,2.76108
1776813185914798037,2.05738,-0.427734,-0.0383982,2.33334,1.42116,1.40148,10,27946,21.4343,2.76256
1776813185919784832,2.05738,-0.361328,-0.0261263,2.40124,1.42116,1.40148,10,27963,21.4466,2.76053
1776813185924775349,2.05643,-0.361328,-0.0140356,2.3992,1.25167,1.43486,10,27982,21.4619,2.76053
1776813185929759810,2.05643,-0.287109,0.000538432,2.47342,1.25167,1.43486,10,28002,21.4773,2.76218
1776813185934760068,2.05103,-0.287109,0.0104719,2.47507,1.28546,1.45161,10,28018,21.4895,2.76108
1776813185939786491,2.05103,-0.279297,0.0227438,2.48178,1.28546,1.45161,10,28035,21.5026,2.76091
1776813185944771026,1.59079,-0.279297,0.219973,2.7891,1.38984,1.45607,10,28065,21.5256,3.06839
1776813185949772043,1.59079,-0.279297,0.219973,2.7891,1.38984,1.45607,10,28065,21.5256,3.06839
1776813185954772096,1.5861,-0.191406,0.245964,2.8776,1.41935,-0.88006,10,28104,21.5555,3.06901
1776813185959779261,1.5861,-0.152344,0.2521,2.91666,1.41935,-0.88006,10,28121,21.5685,2.91385
1776813185964773370,1.58494,-0.152344,0.263974,2.7615,1.41875,-0.890948,10,28136,21.58,2.76146
1776813185969781831,1.58494,-0.015625,0.275479,2.74583,1.41875,-0.890948,10,28150,21.5908,2.45389
1776813185974778607,1.58429,-0.015625,0.285569,2.43826,-0.31564,-0.816695,10,28164,21.6015,2.45536
1776813185979758587,1.58429,0.0761719,0.296305,2.53153,-0.31564,-0.816695,10,28176,21.6107,2.14686
1776813185984770048,1.5845,0.0761719,0.305723,2.22304,-0.529017,-0.763162,10,28175,21.61,0.767136
1776813185989767787,1.5845,1.15625,0.304957,1.92339,-0.529017,-0.763162,10,28157,21.5961,-1.84096
1776813185994773729,1.59279,1.15625,0.299439,-0.68471,-0.429954,-0.100583,10,28142,21.5846,-2.45339
1776813185999771375,1.59279,4.29688,0.287934,1.84348,-0.429954,-0.100583,10,28123,21.5701,-2.60863
1776813186004780262,1.62435,4.29688,0.30492,1.68824,-0.337076,1.86697,10,28110,21.5601,-2.45095
1776813186009817444,1.62435,4.89844,0.284979,2.44111,0.114755,2.20986,10,28092,21.5463,-2.45733
1776813186014775240,1.63517,4.89844,0.291966,2.44111,0.114755,2.20986,10,28083,21.5394,-1.5342
1776813186019772831,1.63517,3.9375,0.285063,2.4033,0.114755,2.20986,10,28069,21.5287,-1.84022
1776813186024784570,1.70715,3.9375,-0.282012,2.09728,1.55897,2.11761,10,28061,21.5225,-2.1481
1776813186029752903,1.70715,4.07031,-0.288148,1.92221,1.55897,2.11761,10,28053,21.5164,-1.22743
1776813186034768030,1.72682,4.07031,-0.274614,2.84288,1.73674,2.29941,10,28047,21.5118,-1.22694
1776813186039786528,1.72682,3.27539,-0.279216,2.04845,1.73674,2.29941,10,28045,21.5102,-0.306763
1776813186044786934,1.79311,3.27539,-0.214466,2.96863,1.94428,2.19796,10,28045,21.5102,-0.15332
1776813186049776914,1.79311,2.79883,-0.214466,2.64551,1.94428,2.19796,10,28047,21.5118,0.153351
1776813186054771876,1.82421,2.79883,-0.181829,2.95218,2.01269,2.08821,10,28050,21.5141,0.460052
1776813186059773115,1.82421,2.01562,-0.179529,2.47568,2.01269,2.08821,10,28052,21.5156,0.460342
1776813186064783928,1.84131,2.01562,-0.160892,2.47597,2.17585,1.72997,10,28054,21.5171,0.153412
1776813186069777908,1.84131,1.96289,-0.159358,2.1163,2.17585,1.72997,10,28058,21.5202,0.45996
1776813186074779387,1.87035,1.96289,-0.127258,2.42285,2.1469,1.84826,10,28061,21.5225,0.45996
1776813186079752887,1.87035,1.86328,-0.124956,2.32324,2.1469,1.84826,10,28064,21.5248,0.61403
1776813186084840938,1.88002,1.86328,-0.110677,2.32315,1.85898,1.79148,10,28069,21.5287,0.459869
1776813186089839417,1.88002,1.81445,-0.109142,2.27432,1.85898,1.79148,10,28074,21.5325,0.61403
1776813186094812806,1.90887,1.81445,-0.0764651,2.42848,1.71333,1.95786,10,28079,21.5363,0.766754
1776813186099776176,1.90887,1.59961,-0.0726294,2.36636,1.71333,1.95786,10,28084,21.5402,0.920302
1776813186104783470,1.91687,1.59961,-0.0607886,2.51991,1.67838,1.8754,10,28090,21.5448,0.920671
1776813186109774487,1.91687,1.20117,-0.0561861,2.12184,1.67838,1.8754,10,28099,21.5517,1.22694
1776813186114846428,1.93846,1.20117,-0.0276961,2.42811,1.79352,1.7555,10,28107,21.5578,1.38082
1776813186119802335,1.93846,1.14844,-0.0215601,2.52925,1.79352,1.7555,10,28116,21.5647,1.38026
1776813186124777038,1.94466,1.14844,-0.00846235,2.5287,1.59347,1.75604,10,28127,21.5731,1.53358
1776813186129760944,1.94466,0.929688,-2.42416e-05,2.46327,1.59347,1.75604,10,28138,21.5816,1.53458
1776813186134760498,1.95518,0.929688,0.0189348,2.46427,1.87534,1.68316,10,28148,21.5892,1.5342
1776813186139769811,1.95518,0.765625,0.0266043,2.29982,1.87534,1.68316,10,28160,21.5984,1.68724
1776813186144835196,1.96349,0.765625,0.0441213,2.45287,1.89053,1.6304,10,28170,21.6061,1.68762
1776813186149797103,1.96349,0.601562,0.0517908,2.28918,1.89053,1.6304,10,28183,21.6161,1.84059
1776813186154791268,1.9738,0.601562,0.080504,2.44179,1.57117,1.53689,10,28199,21.6284,1.84022
1776813186159783397,1.9738,0.599609,0.0843397,2.43983,1.57117,1.53689,10,28208,21.6353,1.84134
1776813186164776654,1.97681,0.599609,0.0942598,2.44095,1.70475,1.60084,10,28219,21.6437,1.99432
1776813186169793263,1.97681,0.525391,0.102696,2.51971,1.70475,1.60084,10,28233,21.6544,1.99195
1776813186174783558,1.98241,0.525391,0.119032,2.51734,1.34437,1.58578,10,28244,21.6629,1.84245
1776813186179761539,1.98241,0.466797,0.127469,2.30924,1.34437,1.58578,10,28259,21.6744,1.99394
1776813186184761297,1.98716,0.466797,0.143721,2.46074,1.4939,1.57542,10,28270,21.6828,1.99432
1776813186189771906,1.98716,0.330078,0.152159,2.3244,1.4939,1.57542,10,28286,21.6951,2.14725
1776813186194775848,1.99311,0.330078,0.170382,2.47732,1.63315,1.52634,10,28299,21.7051,2.29926
1776813186199781865,1.99476,0.261719,0.19274,2.5632,1.5225,1.49534,10,28322,21.7227,2.30149
1776813186204770753,1.99476,0.167969,0.199643,2.46945,1.5225,1.49534,10,28336,21.7334,2.30241
1776813186209775566,1.9969,0.167969,0.212523,2.47038,1.5225,1.49534,10,28348,21.7426,2.45438
1776813186214773731,1.9969,0.128906,0.221726,2.58328,1.57815,1.42999,10,28365,21.7557,2.45389
1776813186219847579,1.9969,0.128906,0.234765,2.58279,1.57815,1.42999,10,28376,21.7641,2.45536
1776813186224793079,1.99762,0.128906,0.243916,2.58426,1.60753,1.43344,10,28393,21.7772,2.30057
1776813186229751745,1.99762,0.0820312,0.256955,2.3826,1.60753,1.43344,10,28410,21.7902,2.30103
1776813186234765780,1.99937,0.0820312,0.271748,2.38306,1.32018,1.4152,10,28424,21.8009,2.45438
1776813186239771334,1.99937,0.103516,0.282487,2.55789,1.32018,1.4152,10,28442,21.8147,2.45487
1776813186244777165,1.99981,0.103516,0.296733,2.55838,1.56076,1.42957,10,28453,21.8232,2.30057
1776813186249887234,1.99981,0.376953,0.305169,2.67752,1.56076,1.42957,10,28462,21.8301,1.38054
1776813186254818327,2.00226,0.376953,-0.313802,1.75749,1.53671,1.59723,10,28469,21.8354,1.22743
1776813186259787253,2.00226,0.759766,-0.308433,1.9872,1.53671,1.59723,10,28480,21.8439,1.38054
1776813186264787381,2.00516,0.759766,-0.297088,2.1403,1.87883,1.82944,10,28488,21.85,1.38026
1776813186269777750,2.00516,0.941406,-0.290952,2.32167,1.87883,1.82944,10,28503,21.8615,1.53389
1776813186274800692,2.01456,0.941406,-0.270049,2.4753,1.7129,1.97815,10,28511,21.8677,2.29735
1776813186279790728,2.01456,0.09375,-0.263913,2.3911,1.7129,1.97815,10,28529,21.8815,1.68994
1776813186284770819,2.02171,0.09375,-0.242961,1.78369,1.62489,1.52922,10,28544,21.893,2.60759
1776813186289778003,2.02171,-0.00976562,-0.231458,2.59782,1.62489,1.52922,10,28564,21.9083,2.76163
1776813186294796741,2.02123,-0.00976562,-0.203559,2.90525,1.69738,1.47022,10,28591,21.929,2.91501
1776813186299800554,2.02123,-0.494141,-0.19589,2.42087,1.69738,1.47022,10,28610,21.9436,3.06755
1776813186304792182,2.01566,-0.494141,-0.186887,2.57341,1.2081,1.16514,10,28629,21.9582,3.37516
1776813186309781496,2.01566,-0.595703,-0.172315,2.77945,1.2081,1.16514,10,28649,21.9735,3.37419
1776813186314780346,2.01089,-0.595703,-0.16174,2.77848,1.33355,1.08437,10,28669,21.9888,3.37486
1776813186319824899,2.01089,-0.886719,-0.1464,2.48814,1.33355,1.08437,10,28697,22.0103,3.83262
1776813186324800898,2.00712,-0.886719,-0.128698,2.9459,1.19486,0.900352,10,28718,22.0264,3.68377
1776813186329772212,2.00712,-1.1543,-0.11259,2.52948,1.19486,0.900352,10,28742,22.0448,3.52892
1776813186334769970,1.99615,-1.1543,-0.105155,2.37462,1.03469,0.694911,10,28757,22.0563,2.91385
1776813186339776079,1.99615,-1.125,-0.09365,1.78885,1.03469,0.694911,10,28777,22.0717,2.60773
1776813186344774726,1.98521,-1.125,-0.0892479,1.48273,0.996482,0.658626,10,28793,22.084,2.76163
1776813186349784279,1.98521,-0.763672,-0.076976,1.99796,0.996482,0.658626,10,28811,22.0978,2.60759
1776813186354776741,1.97657,-0.763672,-0.0718109,1.84392,0.740628,0.822562,10,28824,22.1077,2.30064
1776813186359781461,1.97657,-0.681641,-0.0618412,1.619,0.740628,0.822562,10,28844,22.1231,2.60721
1776813186364846309,1.96896,-0.681641,-0.0433742,1.92751,0.795757,0.869319,10,28866,22.1399,2.60915
1776813186369806272,1.96896,-0.576172,-0.0372383,2.03298,0.795757,0.869319,10,28879,22.1499,2.45438
1776813186374779697,1.96118,-0.576172,-0.0350467,1.8782,0.650157,0.854244,10,28892,22.1599,2.29972
1776813186379757493,1.96118,-0.496094,-0.0250751,1.80363,0.650157,0.854244,10,28907,22.1714,2.45536
1776813186384767657,1.95612,-0.496094,-0.0186321,1.95926,0.772669,0.875057,10,28919,22.1806,2.30011
1776813186389783266,1.95612,-0.542969,-0.00942723,1.75714,0.772669,0.875057,10,28938,22.1952,2.45487
1776813186394770913,1.95336,-0.542969,0.00238691,1.9119,0.646606,0.834788,10,28952,22.2059,2.45389
1776813186399775597,1.95336,-0.398438,0.0131253,2.05545,0.646606,0.834788,10,28970,22.2197,2.45438
1776813186404800687,1.94616,-0.398438,0.0197362,2.05594,0.898924,0.881751,10,28984,22.2304,2.45487
1776813186409806222,1.94616,-0.355469,0.0304745,2.0994,0.898924,0.881751,10,29001,22.2435,2.30149
1776813186414775943,1.94428,-0.355469,0.0416268,1.94602,0.851372,0.896946,10,29016,22.255,2.30103
1776813186419785016,1.94428,-0.105469,0.0531319,2.19556,0.851372,0.896946,10,29028,22.2642,1.99393
1776813186424787310,1.94073,-0.105469,0.0587872,1.88846,1.11673,1.02193,10,29040,22.2734,2.14686
1776813186429757328,1.94073,-0.0292969,0.0679921,2.11757,1.11673,1.02193,10,29056,22.2857,2.14767
1776813186434765011,1.94073,-0.0292969,0.0802639,2.11838,0.970372,1.06535,10,29072,22.2979,2.1481
1776813186439767732,1.94051,-0.0292969,0.0923165,2.11881,0.970372,1.06535,10,29083,22.3064,2.30149
1776813186444778545,1.94051,0.0175781,0.100753,2.31906,1.18412,1.09098,10,29102,22.321,2.30018
1776813186449773080,1.94027,0.0175781,0.11509,2.31776,1.18412,1.09098,10,29114,22.3302,2.45438
1776813186454776801,1.94027,0.0527344,0.124293,2.50711,0.908112,1.10985,10,29133,22.3447,2.30149
1776813186459771836,1.94058,0.0527344,0.139171,2.35422,0.908112,1.10985,10,29144,22.3532,2.30057
1776813186464776946,1.94058,0.0898438,0.147609,2.39041,1.05393,1.13251,10,29163,22.3677,2.30103
1776813186469772796,1.94122,0.0898438,0.162825,2.39087,1.05393,1.13251,10,29173,22.3754,2.14767
1776813186474778924,1.94122,0.160156,0.170495,2.30783,1.04499,1.17577,10,29192,22.39,2.30103
1776813186479764849,1.94247,0.160156,0.186316,2.46118,1.04499,1.17577,10,29205,22.4,2.30018
1776813186484779161,1.94247,0.197266,0.196286,2.49745,1.25847,1.20308,10,29221,22.4122,2.1481
1776813186489772493,1.9443,0.197266,0.210389,2.34537,1.25847,1.20308,10,29232,22.4207,2.30149
1776813186494781510,1.9443,0.222656,0.218827,2.52414,1.22066,1.2266,10,29250,22.4345,2.30057
1776813186499812933,1.94654,0.222656,0.234874,2.52322,1.22066,1.2266,10,29261,22.4421,2.14725
1776813186504784655,1.94654,0.261719,0.24331,2.40896,1.27669,1.25992,10,29278,22.4559,2.14815
1776813186509773061,1.94881,0.261719,0.266286,2.40853,1.16669,1.27108,10,29295,22.469,2.14682
1776813186514780855,1.94881,0.316406,0.271653,2.46322,1.16669,1.27108,10,29308,22.479,2.14725
1776813186519807279,1.95317,0.316406,0.285985,2.46365,1.16669,1.27108,10,29319,22.4874,2.14853
1776813186524779852,1.95317,0.316406,0.294421,2.46494,1.1999,1.32371,10,29333,22.4981,2.14729
1776813186529758796,1.95499,0.316406,0.306979,2.4637,1.1999,1.32371,10,29339,22.5027,1.68762
1776813186534781367,1.95499,0.337891,0.311581,2.02551,1.27774,1.34489,10,29345,22.5073,0.766908
1776813186539774570,1.95792,0.337891,-0.309207,1.1048,1.27774,1.34489,10,29349,22.5104,0.920302
1776813186544772772,1.95792,1.01758,-0.30614,1.93788,1.79115,1.74669,10,29356,22.5158,0.613785
1776813186549784751,1.96396,1.01758,-0.294728,1.63136,1.79115,1.74669,10,29361,22.5196,1.07346
1776813186554774620,1.96396,1.36914,-0.290892,2.4426,1.61491,1.9767,10,29369,22.5257,0.920486
1776813186559776156,1.98432,1.36914,-0.264398,2.28963,1.61491,1.9767,10,29377,22.5319,1.38082
1776813186564772654,1.98432,0.773438,-0.258262,2.15425,1.65104,1.73642,10,29392,22.5434,1.68762
1776813186569813355,1.98966,0.773438,-0.241418,2.46106,1.65104,1.73642,10,29401,22.5503,1.84022
1776813186574779836,1.98966,0.222656,-0.234513,2.06288,1.6441,1.44838,10,29417,22.5626,1.99432
1776813186579754705,1.99495,0.222656,-0.209277,2.217,1.40559,1.47401,10,29435,22.5764,1.99434
1776813186584766518,1.99495,0.0195312,-0.203141,2.01387,1.40559,1.47401,10,29447,22.5856,2.30057
1776813186589790164,1.99537,0.0195312,-0.19352,2.3201,1.40559,1.47401,10,29463,22.5978,2.60721
1776813186594775811,1.99537,-0.132812,-0.181249,2.47439,1.11707,1.27341,10,29482,22.6124,2.60877
1776813186599774531,1.99364,-0.132812,-0.168403,2.47596,1.11707,1.27341,10,29495,22.6224,2.76146
1776813186604772141,1.99364,-0.505859,-0.158433,2.2556,1.28186,1.05242,10,29520,22.6416,2.91443
1776813186609856322,1.99219,-0.505859,-0.14071,2.40857,1.28186,1.05242,10,29532,22.6508,2.91443
1776813186614831006,1.99219,-0.666016,-0.131505,2.24841,1.24102,0.954101,10,29552,22.6661,2.30103
1776813186619779580,1.98241,-0.666016,-0.125949,1.63501,1.24102,0.954101,10,29564,22.6753,2.45389
1776813186624785727,1.98241,-0.558594,-0.116744,1.89529,1.28215,0.967878,10,29587,22.6929,2.76108
1776813186629751893,1.97924,-0.558594,-0.102271,2.20248,1.28215,0.967878,10,29598,22.7014,2.60759
1776813186634766206,1.97924,-0.59375,-0.0938347,2.01384,1.05895,0.932432,10,29619,22.7175,2.3011
1776813186639781500,1.96937,-0.59375,-0.0875996,1.70735,1.05895,0.932432,10,29631,22.7267,2.60773
1776813186644856921,1.96937,-0.248047,-0.0783967,2.35968,0.968778,1.08136,10,29652,22.7428,2.60811
1776813186649815532,1.96715,-0.248047,-0.0560731,2.20633,0.988209,1.07051,10,29671,22.7574,2.45438
1776813186654801161,1.96715,-0.373047,-0.0499371,2.08133,0.988209,1.07051,10,29686,22.7689,2.30064
1776813186659775919,1.96147,-0.373047,-0.0441121,1.9276,0.988209,1.07051,10,29698,22.7781,2.45438
1776813186664786010,1.96147,-0.359375,-0.0349091,2.095,0.847093,0.979248,10,29715,22.7911,2.45438
1776813186669840321,1.95961,-0.359375,-0.0237301,2.095,0.847093,0.979248,10,29730,22.8026,2.45487
1776813186674830561,1.95961,-0.441406,-0.012225,2.01346,0.899669,0.923369,10,29747,22.8157,2.45389
1776813186679755876,1.954,-0.441406,-0.0047978,2.01248,0.899669,0.923369,10,29758,22.8241,2.30149
1776813186684759208,1.954,-0.427734,0.00364029,1.87375,0.927333,0.903613,10,29778,22.8394,2.45389
1776813186689796724,1.95176,-0.427734,0.0167419,2.02615,0.927333,0.903613,10,29788,22.8471,2.30103
1776813186694779037,1.95176,-0.341797,0.0244132,1.95923,0.920568,0.941598,10,29806,22.8609,2.1481
1776813186699800442,1.94581,-0.341797,0.0322715,1.80631,0.920568,0.941598,10,29816,22.8686,2.14725
1776813186704778775,1.94581,-0.275391,0.039941,1.87185,1.11165,0.95016,10,29833,22.8816,2.14429
1776813186709777588,1.94428,-0.275391,0.0514461,1.8689,1.11165,0.95016,10,29846,22.8908,1.99672
1776813186714775401,1.94428,-0.115234,0.0614177,1.88149,1.05678,1.03389,10,29860,22.9023,1.99434
1776813186719812084,1.94247,-0.115234,0.0780135,2.03115,0.936235,1.02494,10,29877,22.9154,2.14639
1776813186724787824,1.94247,-0.0566406,0.0833827,2.08975,0.936235,1.02494,10,29886,22.9223,1.99552
1776813186729768860,1.94149,-0.0566406,0.0893089,1.93888,0.936235,1.02494,10,29899,22.9322,1.99434
1776813186734771580,1.94149,-0.0292969,0.0992786,1.96504,1.02296,1.0691,10,29913,22.943,1.99393
1776813186739773690,1.94136,-0.0292969,0.109885,1.96463,1.02296,1.0691,10,29922,22.9499,1.99472
1776813186744778817,1.94136,0.00390625,0.116788,1.99863,0.998196,1.08738,10,29938,22.9622,1.84059
1776813186749790538,1.94126,0.00390625,0.128961,1.8445,0.998196,1.08738,10,29949,22.9706,1.99353
1776813186754791703,1.94126,0.078125,0.137397,2.07165,1.07863,1.1292,10,29962,22.9806,1.84133
1776813186759786572,1.94162,0.078125,0.147733,1.91945,1.07863,1.1292,10,29972,22.9882,1.99353
1776813186764777033,1.94162,0.167969,0.155402,2.16149,1.05265,1.1822,10,29989,23.0013,1.99474
1776813186769770643,1.94308,0.167969,0.1699,2.16271,1.05265,1.1822,10,29998,23.0082,1.99393
1776813186774773678,1.94308,0.210938,0.176805,2.20486,1.20688,1.2139,10,30014,23.0205,1.99432
1776813186779764992,1.94518,0.210938,0.191177,2.20526,1.20688,1.2139,10,30024,23.0281,1.99394
1776813186784763083,1.94518,0.257812,0.198846,2.25175,1.25464,1.25098,10,30041,23.0412,1.99393
1776813186789771229,1.94518,0.257812,0.211885,2.25174,1.25464,1.25098,10,30053,23.0504,1.99434
1776813186794771801,1.94747,0.257812,0.223371,2.25215,1.38491,1.26224,10,30067,23.0611,2.14725
1776813186799796947,1.94747,0.304688,0.234109,2.45193,1.38491,1.26224,10,30082,23.0726,1.99432
1776813186804782446,1.95266,0.304688,0.250808,2.29901,1.16707,1.31452,10,30095,23.0826,1.99474
1776813186809781370,1.95266,0.341797,0.26078,2.33654,1.16707,1.31452,10,30109,23.0933,2.30011
1776813186814773721,1.95584,0.341797,0.274694,2.6419,1.30655,1.35129,10,30125,23.1056,2.30195
1776813186819779478,1.95584,0.361328,0.286965,2.66327,1.30655,1.35129,10,30135,23.1133,2.14725
1776813186824786106,1.9576,0.361328,0.296403,2.50857,1.22149,1.37109,10,30143,23.1194,1.5342
1776813186829751772,1.9576,0.800781,0.302539,2.33498,1.22149,1.37109,10,30146,23.1217,0.613785
1776813186834786992,1.9649,0.800781,0.312141,1.41457,1.70281,1.65736,10,30153,23.1271,0.766448
1776813186839772602,1.9649,1.08398,-0.310809,1.85043,1.70281,1.65736,10,30159,23.1317,0.920671
1776813186844772285,1.96933,1.08398,-0.301779,2.00465,1.80887,1.84045,10,30167,23.1378,1.07405
1776813186849773376,1.96933,1.28906,-0.295643,2.36311,1.80887,1.84045,10,30176,23.1447,1.38026
1776813186854777856,1.98861,1.28906,-0.269465,2.66933,1.70823,2.05113,10,30187,23.1531,1.53389
1776813186859776410,1.98861,0.302734,-0.261029,1.83662,1.70823,2.05113,10,30199,23.1623,1.68796
1776813186864790982,1.98861,0.302734,-0.251826,1.99069,1.45209,1.48893,10,30215,23.1746,2.29972
1776813186869816387,1.99548,0.302734,-0.23268,2.60246,1.45209,1.48893,10,30225,23.1823,1.99512
1776813186874790960,1.99548,0.230469,-0.225009,2.22559,1.76007,1.48101,10,30245,23.1976,2.30103
1776813186879757626,1.99738,0.230469,-0.207768,2.53149,1.76007,1.48101,10,30258,23.2076,2.76053
1776813186884775957,1.99738,-0.0429688,-0.197796,2.71756,1.17441,1.33435,10,30280,23.2245,2.45438
1776813186889768511,1.99745,-0.0429688,-0.180857,2.41141,1.17441,1.33435,10,30293,23.2344,2.91501
1776813186894772750,1.99745,-0.238281,-0.170886,2.67673,1.4148,1.22334,10,30317,23.2528,2.76091
1776813186899773286,1.99694,-0.238281,-0.152991,2.52263,1.4148,1.22334,10,30329,23.2621,2.76108
1776813186904769192,1.99694,-0.740234,-0.143786,2.02084,1.24008,0.93475,10,30350,23.2782,2.60825
1776813186909772931,1.98871,-0.740234,-0.135905,1.86801,1.24008,0.93475,10,30362,23.2874,2.45143
1776813186914782466,1.98871,-0.671875,-0.1267,1.77956,1.14212,0.933913,10,30380,23.3012,2.30379
1776813186919797556,1.98443,-0.671875,-0.117173,1.63191,1.14212,0.933913,10,30390,23.3088,2.14767
1776813186924785462,1.98443,-0.478516,-0.109503,1.66916,1.25408,1.02337,10,30408,23.3226,2.14643
1776813186929756721,1.97717,-0.478516,-0.102963,1.66792,1.25408,1.02337,10,30418,23.3303,2.14853
1776813186934762071,1.97717,-0.464844,-0.0952917,1.68369,1.00088,0.995827,10,30435,23.3434,1.99432
1776813186939778680,1.97469,-0.464844,-0.0778338,1.5283,0.976332,0.983732,10,30451,23.3556,1.99314
1776813186944796122,1.97469,-0.455078,-0.0724646,1.53807,0.976332,0.983732,10,30461,23.3633,1.99472
1776813186949775343,1.97005,-0.455078,-0.0694281,1.53964,0.976332,0.983732,10,30474,23.3733,2.14725
1776813186954771416,1.97005,-0.371094,-0.0594584,1.77615,0.891851,1.01457,10,30488,23.384,1.99434
1776813186959779322,1.9679,-0.371094,-0.0508696,1.62325,0.891851,1.01457,10,30499,23.3924,2.30149
1776813186964773783,1.9679,-0.382812,-0.0424315,1.91867,0.935069,0.997378,10,30518,23.407,2.14725
1776813186969779707,1.96256,-0.382812,-0.0331999,1.76443,0.935069,0.997378,10,30528,23.4147,2.30057
1776813186974790890,1.96256,-0.361328,-0.0255304,1.93924,0.774739,0.983493,10,30545,23.4277,2.14815
1776813186979811092,1.96004,-0.361328,-0.0150133,1.78682,0.774739,0.983493,10,30558,23.4377,1.99353
1776813186984773906,1.96004,-0.291016,-0.0050417,1.70251,1.11329,1.01122,10,30572,23.4484,1.99432
1776813186989778404,1.95644,-0.291016,0.00209178,1.70331,1.11329,1.01122,10,30581,23.4553,1.99394
1776813186994798735,1.95644,-0.246094,0.00899448,1.74785,1.13859,1.01914,10,30598,23.4684,1.99472
1776813186999787327,1.9536,-0.246094,0.0191988,1.74863,1.13859,1.01914,10,30608,23.476,2.14767
1776813187004778641,1.9536,-0.113281,0.0268682,2.03439,1.00272,1.08092,10,30625,23.4891,1.99434
1776813187009785065,1.9536,-0.113281,0.0399069,1.88106,1.00272,1.08092,10,30635,23.4967,2.14767
1776813187014774879,2.04621,-0.113281,0.140186,2.03439,0.959661,1.5279,10,30649,23.5075,1.99393
1776813187019782562,2.04621,-0.0410156,0.150924,1.95291,0.959661,1.5279,10,30665,23.5198,2.14772
1776813187024782432,2.04531,-0.0410156,0.162298,2.10671,0.935511,1.56484,10,30679,23.5305,1.99393
1776813187029769671,2.04531,0.0214844,0.173036,2.01541,0.935511,1.56484,10,30692,23.5405,2.14725
1776813187034791540,2.04536,0.0214844,0.183059,2.16873,1.37063,1.6007,10,30707,23.552,2.14772
1776813187039776428,2.04536,-0.103516,0.194562,2.04421,1.37063,1.6007,10,30720,23.5619,2.1481
1776813187044778223,2.04469,-0.103516,0.203857,2.04459,1.52953,1.52624,10,30737,23.575,2.29965
1776813187049773333,2.04469,-0.207031,0.216895,2.09261,1.52953,1.52624,10,30751,23.5857,2.30195
1776813187054796109,2.0432,-0.207031,0.22615,2.09491,1.7443,1.4602,10,30764,23.5957,2.30103
1776813187059776460,2.0432,-0.263672,0.23612,2.03735,1.7443,1.4602,10,30782,23.6095,2.45487
1776813187064777736,2.04079,-0.263672,0.247514,2.1912,1.5652,1.41646,10,30799,23.6225,2.30103
1776813187069836270,2.04079,-0.253906,0.260553,2.04712,1.5652,1.41646,10,30812,23.6325,2.4535
1776813187074801566,2.03832,-0.253906,0.268049,2.1996,1.53944,1.41027,10,30828,23.6448,2.1481
1776813187079760140,2.03832,-0.236328,0.280321,1.91178,1.53944,1.41027,10,30841,23.6548,2.30103
1776813187084775435,2.03832,-0.236328,0.290292,2.0647,1.34055,1.42029,10,30857,23.667,2.14725
1776813187089775082,2.07253,-0.236328,-0.291546,1.91092,1.34055,1.42029,10,30868,23.6755,2.45438
1776813187094905335,2.07253,-0.244141,-0.28311,2.21024,1.44208,1.57736,10,30889,23.6916,2.45389
1776813187099798097,2.0692,-0.244141,-0.270323,2.20974,1.44208,1.57736,10,30901,23.7008,2.45487
1776813187104780744,2.0692,-0.257812,-0.26112,2.19705,1.34941,1.55399,10,30922,23.7169,2.45389
1776813187109780465,2.06791,-0.257812,-0.246304,2.19607,1.34941,1.55399,10,30934,23.7261,2.60825
1776813187114780594,2.06791,-0.291016,-0.237101,2.31723,1.46459,1.52899,10,30955,23.7422,2.45389
1776813187119792444,2.06364,-0.291016,-0.225264,2.16287,1.46459,1.52899,10,30965,23.7499,2.45536
1776813187124899180,2.06364,-0.296875,-0.217594,2.15848,1.73359,1.50557,10,30976,23.7583,1.53389
1776813187129823125,2.06215,-0.296875,-0.210646,1.23701,1.73359,1.50557,10,30981,23.7621,1.22694
1776813187134798810,2.06215,0.310547,-0.206812,1.53749,1.69906,1.84479,10,30994,23.7721,1.38054
1776813187139776273,2.06087,0.310547,-0.198124,1.69109,1.69906,1.84479,10,31001,23.7775,1.53389
1776813187144799585,2.06087,0.582031,-0.192755,2.11592,1.98618,1.99349,10,31016,23.789,1.68796
1776813187149778048,2.06308,0.582031,-0.179035,2.26999,1.98618,1.99349,10,31026,23.7966,1.84059
1776813187154779954,2.06308,-0.0664062,-0.171366,1.77419,1.73034,1.63431,10,31045,23.8112,2.30103
1776813187159776397,2.06308,-0.0664062,-0.156794,2.23462,1.73034,1.63431,10,31057,23.8204,2.30103
1776813187164775877,2.09222,-0.0664062,-0.118449,2.23462,1.55722,1.77071,10,31077,23.8358,2.91443
1776813187169777283,2.09222,-0.685547,-0.10311,2.22888,1.55722,1.77071,10,31097,23.8511,2.60668
1776813187174777671,2.08558,-0.685547,-0.0944179,1.92114,1.20887,1.38681,10,31118,23.8672,2.76201
1776813187179767559,2.08558,-0.871094,-0.0783123,1.89092,1.20887,1.38681,10,31138,23.8825,3.37448
1776813187184767761,2.078,-0.871094,-0.0705513,2.50339,1.36383,1.24563,10,31161,23.9002,3.22216
1776813187189777389,2.078,-0.994141,-0.0529102,2.22802,1.36383,1.24563,10,31180,23.9148,3.22087
1776813187194773999,2.0685,-0.994141,-0.0478366,2.22673,1.22087,1.13095,10,31200,23.9301,3.22113
1776813187199780387,2.0685,-1.16016,-0.0324977,2.06097,1.22087,1.13095,10,31216,23.9424,2.60825
1776813187204775145,2.05761,-1.16016,-0.0311092,1.44809,1.49173,0.985093,10,31237,23.9585,2.76091
1776813187209784625,2.05761,-1.11719,-0.0150016,1.64372,1.49173,0.985093,10,31254,23.9715,2.91443
1776813187214776901,2.04666,-1.11719,-0.0129188,1.79724,1.54538,0.957792,10,31273,23.9861,2.91501
1776813187219780567,2.04666,-1.2793,0.00165335,1.63571,1.54538,0.957792,10,31288,23.9976,2.45438
1776813187224774751,2.04082,-1.2793,0.00731817,1.17508,1.02526,0.837681,10,31307,24.0122,2.76053
1776813187229776583,2.04082,-0.871094,0.0218922,1.88943,1.02526,0.837681,10,31324,24.0252,2.76146
1776813187234760638,2.04082,-0.871094,0.0349309,1.89037,0.925013,1.07036,10,31340,24.0375,2.45487
1776813187239773377,2.039,-0.871094,0.0453869,1.58377,0.925013,1.07036,10,31352,24.0467,2.45389
1776813187244778320,2.039,-1.03516,0.0545899,1.41873,0.592657,0.968217,10,31370,24.0605,2.3011
1776813187249793170,2.02957,-1.03516,0.0589673,1.26595,0.592657,0.968217,10,31385,24.072,2.30057
1776813187254775002,2.02957,-0.777344,0.0704724,1.52322,1.0679,1.07028,10,31402,24.085,2.30149
1776813187259774964,2.01704,-0.777344,0.070974,1.52414,1.0679,1.07028,10,31412,24.0927,2.45389
1776813187264773129,2.01317,-0.710938,0.0870549,1.43717,0.861466,1.04818,10,31435,24.1103,2.1481
1776813187269780369,2.01317,-0.666016,0.0924241,1.48209,0.861466,1.04818,10,31447,24.1195,2.30057
1776813187274776016,2.0062,-0.666016,0.094648,1.63455,1.18582,1.02171,10,31459,24.1288,2.1481
1776813187279773570,2.0062,-0.650391,0.103853,1.49771,1.18582,1.02171,10,31472,24.1387,2.14686
1776813187284765550,2.00348,-0.650391,0.111105,1.49647,1.23326,1.01752,10,31487,24.1502,2.14767
1776813187289771327,2.00348,-0.578125,0.12261,1.56955,1.23326,1.01752,10,31502,24.1617,1.99472
1776813187294773696,1.99403,-0.578125,0.12467,1.4166,1.16401,1.01311,10,31514,24.1709,1.99394
1776813187299778787,1.99403,-0.546875,0.133873,1.44707,1.16401,1.01311,10,31526,24.1801,2.14725
1776813187304780378,1.99403,-0.546875,0.143078,1.60037,0.964037,1.03092,10,31537,24.1886,2.1481
1776813187309782821,2.02374,-0.546875,0.181219,1.60123,0.964037,1.03092,10,31550,24.1985,1.99314
1776813187314771005,2.02374,-0.324219,0.19119,1.66893,1.05707,1.30069,10,31566,24.2108,1.99353
1776813187319785411,2.01464,-0.324219,0.194364,1.66931,1.05707,1.30069,10,31575,24.2177,1.84133
1776813187324772503,2.01464,-0.253906,0.201267,1.58742,0.968146,1.2972,10,31591,24.23,1.99472
1776813187329750039,2.0132,-0.253906,0.212099,1.74082,0.968146,1.2972,10,31600,24.2369,1.84096
1776813187334778019,2.0132,-0.210938,0.219001,1.63002,1.28136,1.31478,10,31616,24.2492,1.99353
1776813187339768518,2.01098,-0.210938,0.229057,1.78259,1.28136,1.31478,10,31625,24.2561,1.84171
1776813187344769331,2.01098,-0.189453,0.23596,1.65226,1.33986,1.31637,10,31642,24.2691,1.99354
1776813187349772941,2.00785,-0.189453,0.245863,1.80409,1.33986,1.31637,10,31652,24.2768,1.99393
1776813187354787032,2.00785,-0.171875,0.253532,1.82205,1.47375,1.31132,10,31668,24.2891,1.99434
1776813187359770957,2.00692,-0.171875,0.264881,1.82247,1.47375,1.31132,10,31677,24.296,1.99432
1776813187364771567,2.00692,-0.0800781,0.271785,1.91425,1.33674,1.3592,10,31693,24.3082,1.99193
1776813187369816823,2.00492,-0.0800781,0.282053,1.91186,1.33674,1.3592,10,31702,24.3151,1.8428
1776813187374793841,2.00492,-0.0273438,0.288957,1.81546,1.27452,1.37962,10,31717,24.3266,1.84097
1776813187379803432,2.00492,-0.0273438,0.30046,1.81363,1.27452,1.37962,10,31725,24.3328,1.68724
1776813187384784468,2.02272,-0.0273438,-0.303928,1.6599,1.48315,1.46502,10,31737,24.342,1.68758
1776813187389805596,2.02272,0.0488281,-0.294724,1.73641,1.48315,1.46502,10,31751,24.3527,1.8406
1776813187394784670,2.02329,0.0488281,-0.283411,1.88943,1.39479,1.51118,10,31764,24.3627,1.84096
1776813187399776243,2.02329,0.0292969,-0.273441,1.87026,1.39479,1.51118,10,31776,24.3719,1.99432
1776813187404780371,2.0237,0.0292969,-0.263828,2.02362,1.37732,1.502,10,31790,24.3826,1.99393
1776813187409795665,2.0237,0.0253906,-0.253092,2.01932,1.37732,1.502,10,31801,24.3911,1.99394
1776813187414796701,2.02396,0.0253906,-0.244394,2.01933,1.26548,1.50102,10,31815,24.4018,1.84097
1776813187419802644,2.02396,0.0703125,-0.233656,1.91129,1.26548,1.50102,10,31826,24.4102,1.99434
1776813187424777662,2.02427,0.0703125,-0.224909,2.06465,1.63283,1.52811,10,31839,24.4202,1.8406
1776813187429759087,2.02427,0.0976562,-0.214937,1.93826,1.63283,1.52811,10,31850,24.4286,1.84096
1776813187434773289,2.02519,0.0976562,-0.205576,1.93862,1.36595,1.54811,10,31863,24.4386,1.68695
1776813187439769455,2.02519,0.136719,-0.195604,1.82367,1.36595,1.54811,10,31876,24.4486,1.84096
1776813187444772435,2.02644,0.136719,-0.184383,1.97768,1.56631,1.57636,10,31887,24.457,1.99472
1776813187449774822,2.02644,0.146484,-0.175945,2.14121,1.56631,1.57636,10,31900,24.467,1.99314
1776813187454776377,2.02644,0.146484,-0.165976,2.13963,1.56244,1.58192,10,31913,24.477,1.99432
1776813187459777764,2.04013,0.146484,-0.142315,2.14081,1.56244,1.58192,10,31927,24.4869,1.99434
1776813187464786726,2.04013,0.0722656,-0.131579,2.06661,1.56488,1.60482,10,31941,24.4984,2.14767
1776813187469773058,2.04171,0.0722656,-0.119263,2.21994,1.56488,1.60482,10,31950,24.5053,1.99432
1776813187474784890,2.04171,0.0585938,-0.11236,2.05292,1.65078,1.60452,10,31957,24.5107,1.38054
1776813187479754223,2.04212,0.0585938,-0.106581,1.43913,1.65078,1.60452,10,31960,24.513,0.613403
1776813187484762184,2.04212,0.84375,-0.104279,1.45715,1.77429,2.05401,10,31963,24.5153,0.307083
1776813187489772997,2.04668,0.84375,-0.0974198,1.15083,1.77429,2.05401,10,31966,24.5176,0.613526
1776813187494859364,2.04668,1.35938,-0.0951195,1.9729,2.1193,2.36953,10,31973,24.523,0.613662
1776813187499850122,2.05209,1.35938,-0.084343,1.97304,2.1193,2.36953,10,31978,24.5268,0.920105
1776813187504786289,2.05209,0.824219,-0.0805073,1.74432,2.11345,2.09008,10,31990,24.536,1.38092
1776813187509789788,2.07216,0.824219,-0.0512333,2.20514,2.11345,2.09008,10,31998,24.5422,1.68758
1776813187514850340,2.07216,0.482422,-0.0450974,2.17,2.09344,1.98978,10,32016,24.556,1.99076
1776813187519870616,2.07527,0.482422,-0.0281792,2.47318,2.09344,1.98978,10,32026,24.5636,1.99712
1776813187524790284,2.07527,-0.169922,-0.0205079,1.8272,1.48852,1.63254,10,32047,24.5797,2.45487
1776813187529752895,2.07527,-0.169922,-0.0044022,2.28495,1.48852,1.63254,10,32058,24.5882,2.45389
1776813187534766338,2.08668,-0.169922,0.0154495,2.28396,1.83591,1.68589,10,32074,24.6005,2.30149
1776813187539803484,2.08668,-0.353516,0.0277213,1.94797,1.83591,1.68589,10,32089,24.612,2.14725
1776813187544777539,2.08222,-0.353516,0.0347575,1.79373,1.39441,1.56038,10,32105,24.6242,2.14686
1776813187549777167,2.08222,-0.472656,0.0470294,1.67421,1.39441,1.56038,10,32120,24.6357,2.30149
1776813187554779869,2.07831,-0.472656,0.0546321,1.82883,1.95579,1.47422,10,32134,24.6465,2.60825
1776813187559777368,2.07831,-0.847656,0.0653705,1.76059,1.95579,1.47422,10,32152,24.6603,2.45389
1776813187564775071,2.0717,-0.847656,0.0725593,1.60623,1.72576,1.22947,10,32170,24.6741,2.45487
1776813187569777958,2.0717,-0.716797,0.0863666,1.73807,1.72576,1.22947,10,32185,24.6856,2.45339
1776813187574775346,2.06369,-0.716797,0.0898666,1.7366,1.45843,1.26646,10,32199,24.6963,2.60825
1776813187579755382,2.06369,-0.802734,0.100605,1.80551,1.45843,1.26646,10,32217,24.7101,2.45389
1776813187584764399,2.05586,-0.802734,0.106577,1.65115,1.16202,1.18055,10,32233,24.7224,2.30195
1776813187589770453,2.05586,-0.654297,0.118849,1.64765,1.16202,1.18055,10,32250,24.7354,2.30103
1776813187594774341,2.04843,-0.654297,0.124454,1.64673,1.22502,1.23002,10,32263,24.7454,2.30057
1776813187599773988,2.04843,-0.720703,0.134426,1.57986,1.22502,1.23002,10,32278,24.7569,2.45487
1776813187604785134,2.04843,-0.720703,0.145931,1.73416,1.08122,1.19217,10,32294,24.7692,2.30103
1776813187609779818,2.0684,-0.720703,0.178175,1.58032,1.08122,1.19217,10,32306,24.7784,2.45438
1776813187614772280,2.0684,-0.748047,0.187376,1.70633,1.35445,1.27077,10,32325,24.793,2.30103
1776813187619769427,2.05742,-0.748047,0.190973,1.55298,1.35445,1.27077,10,32335,24.8006,2.30057
1776813187624790666,2.05742,-0.769531,0.198643,1.53103,1.20126,1.20684,10,32354,24.8152,2.29926
1776813187629871532,2.05377,-0.769531,0.209568,1.52973,1.20126,1.20684,10,32364,24.8229,1.99552
1776813187634782867,2.05377,-0.667969,0.217239,1.32755,1.25445,1.24751,10,32381,24.8359,2.1481
1776813187639867585,2.04275,-0.667969,0.21925,1.48014,1.25445,1.24751,10,32390,24.8428,1.99354
1776813187644806993,2.04275,-0.589844,0.226152,1.4037,1.54295,1.23982,10,32407,24.8559,1.99472
1776813187649781697,2.03976,-0.589844,0.236204,1.40488,1.54295,1.23982,10,32417,24.8635,1.99432
1776813187654802102,2.03976,-0.470703,0.243874,1.52362,1.19945,1.29355,10,32433,24.8758,2.14643
1776813187659788916,2.03164,-0.470703,0.24803,1.67573,1.19945,1.29355,10,32443,24.8835,1.84134
1776813187664785896,2.03164,-0.4375,0.255699,1.40384,1.29879,1.27386,10,32459,24.8957,1.99354
1776813187669773581,2.02954,-0.4375,0.265869,1.55604,1.29879,1.27386,10,32471,24.9049,1.99512
1776813187674774635,2.02954,-0.417969,0.275074,1.57715,1.42442,1.27497,10,32484,24.9149,1.99393
1776813187679754875,2.02954,-0.417969,0.285044,1.57596,1.42442,1.27497,10,32493,24.9218,1.84096
1776813187684761151,2.04015,-0.417969,0.302561,1.42299,1.1098,1.32548,10,32506,24.9318,1.99432
1776813187689778631,2.04015,-0.355469,0.312529,1.63886,1.1098,1.32548,10,32521,24.9433,1.84059
1776813187694771019,2.03413,-0.355469,-0.310308,1.48512,1.27717,1.33246,10,32532,24.9517,1.99393
1776813187699774314,2.03413,-0.298828,-0.301872,1.6951,1.27717,1.33246,10,32543,24.9602,1.84096
1776813187704772183,2.03308,-0.298828,-0.294483,1.54213,1.28091,1.35975,10,32557,24.9709,1.99393
1776813187709780385,2.03308,-0.134766,-0.283747,1.85916,1.28091,1.35975,10,32571,24.9816,1.99155
1776813187714777162,2.02916,-0.134766,-0.276924,1.85679,1.3084,1.4346,10,32584,24.9916,1.84282
1776813187719800141,2.02916,-0.0957031,-0.266952,1.74711,1.3084,1.4346,10,32594,24.9993,1.83949
1776813187724781992,2.02864,-0.0957031,-0.259809,1.74378,1.34308,1.45435,10,32604,25.007,1.68931
1776813187729764343,2.02864,-0.015625,-0.25214,1.67369,1.34308,1.45435,10,32618,25.0177,1.83986
1776813187734765564,2.02795,-0.015625,-0.242088,1.82423,1.40855,1.49672,10,32628,25.0254,1.6883
1776813187739772118,2.02795,-0.015625,-0.234419,1.67267,1.40855,1.49672,10,32642,25.0361,1.84059
1776813187744772024,2.0279,-0.015625,-0.223734,1.82497,1.48081,1.49646,10,32655,25.0461,1.99432
1776813187749772838,2.0279,-0.0214844,-0.213762,1.97284,1.48081,1.49646,10,32667,25.0553,1.99354
1776813187754773411,2.03943,-0.0214844,-0.184585,1.97284,1.39945,1.49312,10,32684,25.0683,1.99432
1776813187759774928,2.03943,-0.0214844,-0.184585,1.97284,1.39945,1.49312,10,32684,25.0683,1.99432
1776813187764774408,2.03943,0.046875,-0.163877,2.04082,1.31167,1.58703,10,32711,25.089,1.99394
1776813187769787258,2.03943,0.0722656,-0.159275,2.06621,1.31167,1.58703,10,32722,25.0975,1.99432
1776813187774817663,2.0399,0.0722656,-0.150369,2.06659,1.39476,1.60372,10,32732,25.1051,1.84059
1776813187779755905,2.0399,0.103516,-0.1427,1.94411,1.39476,1.60372,10,32744,25.1143,1.99154
1776813187784760829,2.04016,0.103516,-0.133232,2.09505,1.65568,1.62278,10,32757,25.1243,1.84317
1776813187789788364,2.04016,0.166016,-0.123262,2.00919,1.65568,1.62278,10,32771,25.135,1.8406
1776813187794774011,2.04247,0.166016,-0.110218,2.00662,1.58512,1.66936,10,32782,25.1435,1.99432
1776813187799781991,2.04247,0.162109,-0.101782,2.15643,1.58512,1.66936,10,32795,25.1535,1.99434
1776813187804769268,2.04314,0.162109,-0.0911367,2.15645,1.65058,1.67033,10,32809,25.1642,1.99393
1776813187809781174,2.04314,0.115234,-0.0803984,2.10916,1.65058,1.67033,10,32825,25.1765,2.14729
1776813187814772136,2.04551,0.115234,-0.0657576,2.26253,1.60359,1.65485,10,32838,25.1864,2.14767
1776813187819775320,2.04551,0.0976562,-0.0557878,2.24533,1.60359,1.65485,10,32850,25.1956,2.14767
1776813187824781541,2.04551,0.0976562,-0.046583,2.24533,1.56059,1.64483,10,32863,25.2056,1.99432
1776813187829760744,2.05491,0.0976562,-0.0272158,2.09198,1.56059,1.64483,10,32867,25.2087,1.53389
1776813187834771224,2.05491,0.0898438,-0.0241468,1.62373,1.8082,1.68484,10,32870,25.211,0.460145
1776813187839780555,2.05645,0.0898438,-0.0203073,0.549988,1.8082,1.68484,10,32872,25.2125,0.30664
1776813187844769702,2.05645,1.51367,-0.0187719,1.82031,2.18997,2.50368,10,32875,25.2148,0.307083
1776813187849804274,2.06771,1.51367,-0.00521449,1.82076,2.18997,2.50368,10,32878,25.2171,0.460145
1776813187854782366,2.07244,1.62891,0.00642605,2.54921,2.17738,2.62238,10,32888,25.2248,0.920302
1776813187859772328,2.07244,1.02344,0.00949306,1.94374,2.17738,2.62238,10,32896,25.2309,1.07384
1776813187864777493,2.08932,1.02344,0.0325014,2.09727,2.2536,2.37838,10,32906,25.2386,1.5342
1776813187869774103,2.08932,0.568359,0.0401728,2.10256,2.2536,2.37838,10,32917,25.247,1.84022
1776813187874785676,2.0969,0.568359,0.0561888,2.40858,2.17851,2.15425,10,32929,25.2562,1.99273
1776813187879760120,2.0969,0.208984,0.0653936,2.20171,2.17851,2.15425,10,32946,25.2693,2.14939
1776813187884840097,2.09798,0.208984,0.0795118,2.35838,1.8507,1.95442,10,32963,25.2823,2.45487
1776813187889804838,2.09798,-0.4375,0.0925505,2.01737,1.8507,1.95442,10,32981,25.2961,2.45438
1776813187894787596,2.09798,-0.4375,0.106356,2.01688,2.01459,1.58592,10,32995,25.3068,2.45389
1776813187899777836,2.10469,-0.4375,0.123804,2.01639,2.01459,1.58592,10,33006,25.3153,2.30018
1776813187904781798,2.10469,-0.740234,0.13224,1.55995,1.97587,1.44448,10,33026,25.3306,2.30149
1776813187909777593,2.09749,-0.740234,0.140387,1.56125,1.97587,1.44448,10,33038,25.3398,2.60408
1776813187914786943,2.09749,-0.8125,0.149592,1.79158,1.72477,1.36993,10,33059,25.3559,2.61124
1776813187919789145,2.09513,-0.8125,0.163332,1.79874,1.72477,1.36993,10,33071,25.3651,2.45438
1776813187924866142,2.09513,-0.955078,0.172535,1.4993,1.68768,1.27767,10,33091,25.3805,2.45487
1776813187929771588,2.07891,-0.955078,0.171663,1.49979,1.68768,1.27767,10,33102,25.3889,2.45241
1776813187934801752,2.07891,-0.773438,0.1801,1.67898,1.37962,1.30559,10,33121,25.4035,2.14944
1776813187939868990,2.07635,-0.773438,0.19211,1.376,1.37962,1.30559,10,33131,25.4112,2.30057
1776813187944793157,2.07635,-0.564453,0.199782,1.73611,1.21991,1.41272,10,33150,25.4257,2.14725
1776813187949772546,2.06461,-0.564453,0.202608,1.58279,1.21991,1.41272,10,33162,25.4349,2.30149
1776813187954774822,2.06461,-0.585938,0.211811,1.71555,1.25781,1.34534,10,33182,25.4503,2.45389
1776813187959779302,2.06307,-0.585938,0.225619,1.86795,1.25781,1.34534,10,33194,25.4595,2.45487
1776813187964787338,2.06307,-0.722656,0.234822,1.73221,1.34259,1.2602,10,33216,25.4764,2.60825
1776813187969775300,2.06307,-0.722656,0.251696,1.88559,1.34259,1.2602,10,33227,25.4848,2.60773
1776813187974784946,2.07811,-0.722656,0.275166,1.88507,1.30363,1.33077,10,33245,25.4986,2.45389
1776813187979766260,2.07811,-0.775391,0.288973,1.67849,1.30363,1.33077,10,33262,25.5116,2.45487
1776813187984766389,2.0665,-0.775391,0.290405,1.67948,1.42713,1.24626,10,33274,25.5208,2.30011
1776813187989786294,2.0665,-0.671875,0.299608,1.62823,1.42713,1.24626,10,33291,25.5339,2.14815
1776813187994789348,2.05945,-0.671875,0.305599,1.47628,1.24877,1.27209,10,33306,25.5454,2.30103
1776813187999777718,2.05945,-0.521484,-0.311214,1.77954,1.24877,1.27209,10,33319,25.5554,2.14682
1776813188004772662,2.05367,-0.521484,-0.307025,1.62533,1.50407,1.33052,10,33331,25.5646,1.99472
1776813188009786197,2.05367,-0.396484,-0.297823,1.59824,1.50407,1.33052,10,33346,25.5761,2.14772
1776813188014774937,2.04897,-0.396484,-0.291021,1.75124,1.28127,1.37953,10,33357,25.5845,1.99393
1776813188019780807,2.04897,-0.357422,-0.282583,1.6365,1.28127,1.37953,10,33371,25.5952,1.99432
1776813188024775584,2.04537,-0.357422,-0.27544,1.6369,1.29925,1.38477,10,33382,25.6037,1.84096
1776813188029777083,2.04537,-0.341797,-0.267002,1.49916,1.29925,1.38477,10,33397,25.6152,1.99393
1776813188034763823,2.04185,-0.341797,-0.259023,1.65213,1.38322,1.37694,10,33408,25.6236,1.99394
1776813188039776655,2.04185,-0.345703,-0.250587,1.64824,1.38322,1.37694,10,33423,25.6351,1.99432
1776813188044781931,2.05402,-0.345703,-0.218469,1.64862,1.35188,1.37472,10,33440,25.6482,1.99432
1776813188049798837,2.05402,-0.244141,-0.213869,1.75018,1.35188,1.37472,10,33451,25.6566,1.99434
1776813188054799447,2.05037,-0.244141,-0.209079,1.7502,1.391,1.47302,10,33462,25.665,1.99393
1776813188059788077,2.05037,-0.197266,-0.200641,1.79666,1.391,1.47302,10,33473,25.6735,1.84059
1776813188064792168,2.04931,-0.197266,-0.193265,1.64333,1.40586,1.49472,10,33484,25.6819,1.84097
1776813188069788945,2.04931,-0.0605469,-0.184829,1.78043,1.40586,1.49472,10,33496,25.6911,1.68724
1776813188074783241,2.04783,-0.0605469,-0.177112,1.62669,1.49612,1.56561,10,33508,25.7003,1.68724
1776813188079764685,2.04783,0.0273438,-0.167909,1.71458,1.49612,1.56561,10,33518,25.708,1.84134
1776813188084765776,2.04782,0.0273438,-0.160244,1.86868,1.45412,1.61568,10,33528,25.7157,1.6869
1776813188089796589,2.04782,0.0566406,-0.152574,1.74354,1.45412,1.61568,10,33542,25.7264,1.68762
1776813188094782663,2.0485,0.0566406,-0.141155,1.74426,1.73982,1.63561,10,33552,25.7341,1.84059
1776813188099780143,2.0485,0.0371094,-0.133485,1.8777,1.73982,1.63561,10,33567,25.7456,1.99432
1776813188104787383,2.04898,0.0371094,-0.121507,2.03143,1.55722,1.62672,10,33578,25.754,1.99434
1776813188109781623,2.04898,0.0371094,-0.113071,2.03145,1.55722,1.62672,10,33593,25.7647,1.99393
1776813188114775252,2.04898,0.0371094,-0.101566,2.03103,1.58089,1.62672,10,33606,25.7755,1.84022
1776813188119796102,2.06017,0.0371094,-0.0804038,1.87733,1.58089,1.62672,10,33615,25.7824,1.99512
1776813188124777694,2.06017,0.148438,-0.0734992,2.14356,1.7887,1.74303,10,33631,25.7947,1.99393
1776813188129752953,2.06171,0.148438,-0.0596881,2.14236,1.7887,1.74303,10,33640,25.8016,1.84096
1776813188134763804,2.06171,0.181641,-0.0527854,2.0226,1.67811,1.76921,10,33655,25.8131,1.84097
1776813188139829041,2.06257,0.181641,-0.0404239,2.02261,1.67811,1.76921,10,33664,25.82,1.84059
1776813188144787746,2.06257,0.244141,-0.0335193,2.08473,1.8374,1.80888,10,33681,25.833,1.99432
1776813188149780060,2.06463,0.244141,-0.0184112,2.23846,1.8374,1.80888,10,33691,25.8407,2.14686
1776813188154849760,2.06463,0.222656,-0.0107418,2.36952,1.68313,1.80637,10,33710,25.8552,2.1481
1776813188159840037,2.06697,0.222656,0.00616309,2.37076,1.68313,1.80637,10,33720,25.8629,2.30011
1776813188164792131,2.06697,0.169922,0.0138344,2.47003,1.79735,1.78728,10,33739,25.8775,2.30195
1776813188169777056,2.06883,0.169922,0.030272,2.47187,1.79735,1.78728,10,33749,25.8852,2.14767
1776813188174775814,2.06883,0.128906,0.0379414,2.27658,1.61731,1.77267,10,33756,25.8905,1.38026
1776813188179756740,2.07023,0.128906,0.0447049,1.50917,1.61731,1.77267,10,33756,25.8905,0.306702
1776813188184763350,2.07023,1.10938,0.0447049,1.41608,2.39601,2.33808,10,33756,25.8905,0
1776813188189769738,2.07023,1.10938,0.0447049,1.10938,2.39601,2.33808,10,33757,25.8913,0
1776813188194772033,2.08428,1.10938,0.0595231,1.10938,2.40947,2.40387,10,33760,25.8936,0.460145
1776813188199774180,2.08428,1.71484,0.0618271,2.17499,2.40947,2.40387,10,33769,25.9005,0.920302
1776813188204786049,2.11369,1.71484,0.0981393,2.63515,2.4159,2.8855,10,33775,25.9051,1.07384
1776813188209784641,2.11369,1.0332,0.10274,2.10704,2.4159,2.8855,10,33787,25.9143,1.53236
1776813188214795584,2.12262,1.0332,0.120875,2.56556,1.87275,2.5381,10,33797,25.922,1.68931
1776813188219784139,2.13,0.476562,0.145892,2.31679,2.2142,2.25469,10,33818,25.9381,1.84022
1776813188224793360,2.13,0.105469,0.152028,1.94569,2.2142,2.25469,10,33833,25.9496,2.30195
1776813188229757490,2.13334,0.105469,0.166878,2.40741,2.2142,2.25469,10,33846,25.9596,2.60773
1776813188234763878,2.13334,-0.0371094,0.176848,2.57062,2.0409,1.97723,10,33863,25.9726,2.45389
1776813188239771932,2.13342,-0.0371094,0.189963,2.41678,2.0409,1.97723,10,33875,25.9818,2.60773
1776813188244796930,2.13342,-0.587891,0.199168,2.01984,2.17424,1.66363,10,33894,25.9964,2.30057
1776813188249781744,2.12805,-0.587891,0.208369,1.71267,2.17424,1.66363,10,33905,26.0048,2.30195
1776813188254777318,2.12805,-0.650391,0.229845,1.80399,2.10551,1.60339,10,33929,26.0232,2.45438
1776813188259778613,2.15014,-0.650391,0.257307,1.80399,2.10551,1.60339,10,33940,26.0317,2.45389
1776813188264780557,2.15014,-0.882812,0.265746,1.57107,2.01096,1.57187,10,33957,26.0447,2.30057
1776813188269790796,2.13767,-0.882812,0.266318,1.41775,2.01096,1.57187,10,33967,26.0524,2.30195
1776813188274804591,2.13767,-0.650391,0.273987,1.65156,1.52676,1.64749,10,33986,26.0669,2.30064
1776813188279775202,2.13326,-0.650391,0.284142,1.65025,1.52676,1.64749,10,33997,26.0754,2.30011
1776813188284775497,2.13326,-0.5625,0.29258,1.73761,1.414,1.67738,10,34016,26.0899,2.30149
1776813188289774978,2.12418,-0.5625,0.298075,1.73899,1.414,1.67738,10,34026,26.0976,2.30057
1776813188294776273,2.12418,-0.572266,0.305747,1.7283,1.51024,1.63017,10,34046,26.113,2.30149
1776813188299785846,2.12112,-0.572266,-0.310294,1.72922,1.51024,1.63017,10,34058,26.1222,2.45389
1776813188304776345,2.12112,-0.763672,-0.301091,1.69021,1.6819,1.50698,10,34080,26.139,2.60773
1776813188309780418,2.1145,-0.763672,-0.290832,1.84406,1.6819,1.50698,10,34093,26.149,2.60877
1776813188314776936,2.1145,-0.908203,-0.28086,1.70057,1.56643,1.39412,10,34115,26.1659,2.60721
1776813188319796509,2.1058,-0.908203,-0.272687,1.699,1.56643,1.39412,10,34127,26.1751,2.76163
1776813188324799026,2.1058,-0.951172,-0.263482,1.81046,1.57155,1.32942,10,34148,26.1912,2.60356
1776813188329774730,2.1058,-0.951172,-0.247377,1.65239,1.57155,1.32942,10,34160,26.2004,2.30379
1776813188334773747,2.11155,-0.951172,-0.232427,1.35262,1.44648,1.35599,10,34177,26.2134,2.60825
1776813188339783616,2.11155,-0.697266,-0.219388,1.91098,1.44648,1.35599,10,34196,26.228,2.45487
1776813188344778560,2.09549,-0.697266,-0.22087,1.7576,1.4236,1.42632,10,34210,26.2387,2.60773
1776813188349855093,2.09549,-0.640625,-0.210134,1.9671,1.4236,1.42632,10,34229,26.2533,2.45339
1776813188354800446,2.09204,-0.640625,-0.199018,1.81277,1.36097,1.44253,10,34243,26.2641,2.60863
1776813188359804834,2.09204,-0.533203,-0.188279,2.07543,1.36097,1.44253,10,34261,26.2779,2.45438
1776813188364779982,2.08358,-0.533203,-0.182929,1.92117,1.38249,1.46434,10,34275,26.2886,2.3011
1776813188369863645,2.08358,-0.548828,-0.172193,1.75228,1.38249,1.46434,10,34292,26.3016,2.45389
1776813188374818201,2.08083,-0.548828,-0.161905,1.90506,1.44621,1.44258,10,34305,26.3116,2.30149
1776813188379775868,2.08083,-0.566406,-0.151933,1.73508,1.44621,1.44258,10,34323,26.3254,2.45339
1776813188384772349,2.0727,-0.566406,-0.146261,1.88699,1.50613,1.39448,10,34337,26.3361,2.45438
1776813188389790681,2.0727,-0.542969,-0.135522,1.91141,1.50613,1.39448,10,34354,26.3492,2.30195
1776813188394830271,2.06975,-0.542969,-0.125428,1.75898,1.62592,1.39402,10,34367,26.3592,2.30011
1776813188399784753,2.06975,-0.392578,-0.115457,1.90753,1.62592,1.39402,10,34384,26.3722,2.30103
1776813188404781363,2.07322,-0.392578,-0.0905164,1.75553,1.34041,1.47974,10,34402,26.386,2.1481
1776813188409779159,2.07322,-0.392578,-0.0905164,1.75553,1.34041,1.47974,10,34402,26.386,2.1481
1776813188414778639,2.07002,-0.244141,-0.0730088,1.74978,1.51465,1.58061,10,34428,26.4059,1.99393
1776813188419775657,2.07002,-0.197266,-0.0684064,1.79666,1.51465,1.58061,10,34438,26.4136,2.14553
1776813188424779526,2.06916,-0.197266,-0.0615933,1.94826,1.45056,1.58829,10,34450,26.4228,1.99634
1776813188429768933,2.06916,-0.15625,-0.0523885,1.84009,1.45056,1.58829,10,34466,26.4351,2.14725
1776813188434788209,2.06756,-0.15625,-0.041713,1.991,1.59521,1.60417,10,34478,26.4443,2.14767
1776813188439776468,2.06756,-0.193359,-0.0325101,1.95432,1.59521,1.60417,10,34495,26.4573,2.30057
1776813188444775393,2.06495,-0.193359,-0.0220807,2.10721,1.56478,1.57074,10,34507,26.4665,2.30156
1776813188449779670,2.06495,-0.212891,-0.0128777,2.08867,1.56478,1.57074,10,34523,26.4788,2.14767
1776813188454785520,2.06394,-0.212891,-0.00161676,1.93478,1.61058,1.55485,10,34535,26.488,2.14725
1776813188459780371,2.06394,-0.144531,0.00758622,2.00271,1.61058,1.55485,10,34551,26.5003,2.1481
1776813188464780926,2.06112,-0.144531,0.0170352,2.00357,1.48788,1.58053,10,34564,26.5103,2.14686
1776813188469783184,2.06112,-0.107422,0.0270068,2.03944,1.48788,1.58053,10,34580,26.5225,2.30103
1776813188474778424,2.06821,-0.107422,0.0563361,2.04025,1.63342,1.60168,10,34600,26.5379,2.14767
1776813188479768127,2.06821,-0.0253906,0.0617053,2.12228,1.63342,1.60168,10,34613,26.5478,2.30103
1776813188484775867,2.06762,-0.0253906,0.0710857,2.27563,1.52339,1.679,10,34626,26.5578,2.30103
1776813188489804921,2.06762,0.00195312,0.0810573,2.30298,1.52339,1.679,10,34640,26.5685,2.30149
1776813188494783865,2.06756,0.00195312,0.0917365,2.30344,1.70397,1.69432,10,34652,26.5778,2.30018
1776813188499821474,2.06756,-0.00195312,0.100941,2.29823,1.70397,1.69432,10,34660,26.5839,1.68728
1776813188504792251,2.0674,-0.00195312,0.106923,1.68533,1.65129,1.69137,10,34660,26.5839,0.306702
1776813188509781788,2.0674,0.919922,0.106923,1.22662,1.65129,1.69137,10,34659,26.5831,0
1776813188514781472,2.07077,0.919922,0.109519,0.919922,2.25921,2.23263,10,34659,26.5831,-0.15332
1776813188519793749,2.07077,2.16016,0.109519,2.00684,2.25921,2.23263,10,34660,26.5839,0
1776813188524783248,2.08724,2.16016,0.126757,2.16016,2.27424,3.01662,10,34665,26.5877,0.460145
1776813188529779858,2.08724,1.08203,0.130593,1.54218,2.27424,3.01662,10,34671,26.5923,0.767289
1776813188534769987,2.11266,1.08203,0.160613,1.84932,1.95867,2.52003,10,34681,26.6,1.53389
1776813188539776560,2.11266,0.958984,0.168284,2.49287,1.95867,2.52003,10,34694,26.61,1.68623
1776813188544789577,2.11266,0.958984,0.178252,2.64521,2.36554,2.44989,10,34707,26.6199,1.68796
1776813188549781262,2.14288,0.958984,0.218449,2.64694,2.36554,2.44989,10,34718,26.6284,2.14853
1776813188554774891,2.14288,0.15625,0.226886,2.30478,2.04133,2.13106,10,34739,26.6445,2.45339
1776813188559785167,2.15243,0.15625,0.252543,2.60964,2.04133,2.13106,10,34750,26.6529,2.45536
1776813188564775704,2.15243,0.0214844,0.260979,2.47684,2.34957,2.09774,10,34770,26.6683,2.45203
1776813188569777351,2.15298,0.0214844,0.276866,2.47352,2.34957,2.09774,10,34781,26.6767,2.30287
1776813188574777035,2.15298,-0.277344,0.285302,2.02552,2.35065,1.92989,10,34801,26.692,2.45389
1776813188579754239,2.15136,-0.277344,0.299025,2.17654,2.35065,1.92989,10,34813,26.7012,2.45487
1776813188584764756,2.15136,-0.71875,0.30823,1.73612,2.29967,1.67095,10,34834,26.7173,2.45389
1776813188589774032,2.14633,-0.71875,-0.309018,1.73514,2.29967,1.67095,10,34846,26.7265,2.45438
1776813188594784346,2.14633,-0.59375,-0.299815,1.86063,1.8441,1.71926,10,34866,26.7419,2.45487
1776813188599786086,2.1363,-0.59375,-0.294505,1.86112,1.8441,1.71926,10,34879,26.7519,2.60668
1776813188604780492,2.1363,-0.589844,-0.284534,2.01684,1.59246,1.6757,10,34898,26.7664,2.45438
1776813188609774214,2.13348,-0.589844,-0.272779,1.86453,1.59246,1.6757,10,34909,26.7749,2.45241
1776813188614780638,2.13348,-0.583984,-0.26434,1.86843,1.41295,1.66614,10,34929,26.7902,2.30333
1776813188619782156,2.13732,-0.583984,-0.236722,1.71704,1.61758,1.68372,10,34948,26.8048,2.30103
1776813188624776692,2.13732,-0.693359,-0.230586,1.60767,1.61758,1.68372,10,34963,26.8163,2.45095
1776813188629753636,2.13093,-0.693359,-0.225469,1.75759,1.61758,1.68372,10,34976,26.8263,2.45831
1776813188634780801,2.13093,-0.789062,-0.215499,1.66925,1.47929,1.53758,10,34994,26.8401,2.60773
1776813188639769375,2.12329,-0.789062,-0.209331,1.81866,1.47929,1.53758,10,35007,26.85,2.60773
1776813188644781133,2.12329,-0.837891,-0.199359,1.76984,1.5369,1.47468,10,35028,26.8661,2.60721
1776813188649818816,2.11931,-0.837891,-0.18724,1.76932,1.5369,1.47468,10,35039,26.8746,2.45487
1776813188654812278,2.11931,-0.839844,-0.178803,1.61502,1.54846,1.45522,10,35060,26.8907,2.45389
1776813188659775908,2.11091,-0.839844,-0.17109,1.61404,1.54846,1.45522,10,35071,26.8991,2.45487
1776813188664784592,2.11091,-0.779297,-0.162654,1.67557,1.44365,1.45101,10,35093,26.916,2.60512
1776813188669777313,2.10308,-0.779297,-0.153615,1.82582,1.44365,1.45101,10,35105,26.9252,2.45634
1776813188674794460,2.10308,-0.708984,-0.144412,1.74736,1.56444,1.45484,10,35126,26.9413,2.60825
1776813188679830310,2.09593,-0.708984,-0.135448,1.89926,1.56444,1.45484,10,35137,26.9497,2.45438
1776813188684779903,2.09593,-0.617188,-0.127011,1.83719,1.40334,1.47401,10,35157,26.9651,2.45389
1776813188689791920,2.09825,-0.617188,-0.100148,1.83768,1.49323,1.48478,10,35177,26.9804,2.45487
1776813188694776568,2.09825,-0.564453,-0.0940122,1.89041,1.49323,1.48478,10,35188,26.9889,2.44997
1776813188699783159,2.09242,-0.564453,-0.0914049,1.88551,1.49323,1.48478,10,35205,27.0019,2.45782
1776813188704809120,2.09242,-0.566406,-0.0783663,1.89141,1.40983,1.48663,10,35223,27.0157,2.45438
1776813188709807805,2.08398,-0.566406,-0.0730047,1.88797,1.40983,1.48663,10,35236,27.0257,2.76201
1776813188714781490,2.08398,-0.554688,-0.063035,2.20732,1.41334,1.45395,10,35258,27.0425,2.60825
1776813188719790155,2.08129,-0.554688,-0.04885,2.05356,1.41334,1.45395,10,35270,27.0518,2.75997
1776813188724781062,2.08129,-0.419922,-0.0396452,2.34005,1.68802,1.5182,10,35291,27.0679,2.45487
1776813188729775932,2.07397,-0.419922,-0.0308618,2.03495,1.68802,1.5182,10,35302,27.0763,2.45487
1776813188734765042,2.07397,-0.375,-0.0224275,2.07987,1.36792,1.50953,10,35321,27.0909,2.30011
1776813188739779893,2.07189,-0.375,-0.00992869,1.92511,1.36792,1.50953,10,35333,27.1001,2.30149
1776813188744777484,2.07189,-0.259766,-0.000725729,2.04172,1.53858,1.56548,10,35352,27.1146,2.45438
1776813188749785576,2.06736,-0.259766,0.00931454,2.19461,1.53858,1.56548,10,35363,27.1231,2.30064
1776813188754781390,2.06736,-0.21875,0.0177507,2.08189,1.38598,1.56756,10,35383,27.1384,2.45438
1776813188759786389,2.073,-0.21875,0.0471754,2.08182,1.47464,1.59408,10,35402,27.153,2.30057
1776813188764796943,2.073,-0.173828,0.0533113,2.12674,1.47464,1.59408,10,35416,27.1637,2.30149
1776813188769788276,2.0698,-0.173828,0.0608473,2.12766,1.47464,1.59408,10,35427,27.1722,2.30103
1776813188774785367,2.0698,-0.166016,0.0692854,2.13501,1.43949,1.60912,10,35442,27.1837,2.14767
1776813188779838809,2.06885,-0.166016,0.0798349,1.98166,1.43949,1.60912,10,35453,27.1921,2.30103
1776813188784799606,2.06885,-0.103516,0.0882711,2.19751,1.64257,1.64026,10,35472,27.2067,2.30018
1776813188789786438,2.06656,-0.103516,0.100558,2.19667,1.64257,1.64026,10,35483,27.2151,2.30149
1776813188794835973,2.06656,-0.078125,0.108994,2.22336,1.53511,1.64399,10,35503,27.2305,2.45438
1776813188799841046,2.06603,-0.078125,0.123797,2.37625,1.53511,1.64399,10,35514,27.2389,2.30149
1776813188804809435,2.06603,-0.0371094,0.132236,2.26438,1.6441,1.66484,10,35533,27.2535,2.30057
1776813188809785398,2.06507,-0.0371094,0.145854,2.26346,1.6441,1.66484,10,35543,27.2611,2.30103
1776813188814791267,2.06507,-0.0234375,0.153523,2.27759,1.85093,1.66815,10,35552,27.268,1.38082
1776813188819793636,2.06501,-0.0234375,0.160363,1.35738,1.85093,1.66815,10,35552,27.268,0.613403
1776813188824803116,2.06501,1.62305,0.160363,2.23645,2.01944,2.60635,10,35550,27.2665,0
1776813188829766450,2.0783,1.62305,0.171351,1.16309,2.31705,2.6687,10,35549,27.2657,-0.45996
1776813188834777449,2.0783,2.43359,0.171351,1.97363,2.31705,2.6687,10,35551,27.2673,0
1776813188839782262,2.10148,2.43359,0.196063,2.43359,2.31705,2.6687,10,35555,27.2703,0.613662
1776813188844783002,2.10148,1.22656,0.199132,1.84022,2.81888,2.55067,10,35565,27.278,1.07367
1776813188849781353,2.11901,1.22656,0.224334,2.30023,2.81888,2.55067,10,35572,27.2834,1.22719
1776813188854776723,2.11901,0.826172,0.229703,2.05336,2.18159,2.40347,10,35587,27.2949,1.8406
1776813188859776944,2.12447,0.826172,0.246667,2.66678,2.18159,2.40347,10,35595,27.301,1.68792
1776813188864775554,2.12447,0.0859375,0.252803,1.77385,2.07695,2.00665,10,35612,27.3141,1.84097
1776813188869783016,2.13023,0.0859375,0.271604,1.92691,2.07695,2.00665,10,35623,27.3225,2.14725
1776813188874796515,2.13023,0.0410156,0.28004,2.18826,2.0501,2.00749,10,35641,27.3363,2.45056
1776813188879771570,2.13036,0.0410156,0.293979,2.49158,2.0501,2.00749,10,35651,27.344,2.15112
1776813188884763199,2.13036,-0.158203,0.30165,1.99291,2.21634,1.89456,10,35669,27.3578,2.14767
1776813188889771568,2.12947,-0.158203,-0.313752,1.98947,2.21634,1.89456,10,35679,27.3654,2.14725
1776813188894799937,2.12947,-0.283203,-0.306082,1.86404,2.13821,1.81923,10,35698,27.38,2.14729
1776813188899840064,2.14328,-0.283203,-0.268502,2.17117,2.19255,1.88237,10,35719,27.3961,2.45438
1776813188904794028,2.14328,-0.449219,-0.261601,2.00516,2.19255,1.88237,10,35731,27.4053,2.45438
1776813188909777749,2.13767,-0.449219,-0.258004,2.00516,2.19255,1.88237,10,35747,27.4176,2.60773
1776813188914779434,2.13767,-0.503906,-0.245732,2.10382,1.81585,1.73095,10,35765,27.4314,2.60863
1776813188919799117,2.13507,-0.503906,-0.234526,2.10472,1.81585,1.73095,10,35778,27.4414,2.60721
1776813188924794487,2.13507,-0.480469,-0.224557,2.12674,1.80278,1.73242,10,35799,27.4575,2.60825
1776813188929772098,2.12832,-0.480469,-0.215199,2.12778,1.80278,1.73242,10,35810,27.4659,2.45389
1776813188934766245,2.12832,-0.478516,-0.206763,1.97537,1.52577,1.7026,10,35831,27.482,2.45487
1776813188939776522,2.12564,-0.478516,-0.193333,1.97635,1.52577,1.7026,10,35844,27.492,2.60721
1776813188944771965,2.12564,-0.589844,-0.183362,2.01736,1.79138,1.62685,10,35866,27.5089,2.75777
1776813188949781853,2.11755,-0.589844,-0.174577,2.16792,1.79138,1.62685,10,35879,27.5188,2.76439
1776813188954772278,2.11755,-0.619141,-0.164605,2.14525,1.62528,1.57294,10,35901,27.5357,2.60773
1776813188959776518,2.11426,-0.619141,-0.151025,1.98859,1.62528,1.57294,10,35913,27.5449,2.60759
1776813188964773795,2.11426,-0.623047,-0.141822,1.98454,1.77284,1.55552,10,35933,27.5603,2.45487
1776813188969780627,2.11426,-0.623047,-0.126481,1.83182,1.77284,1.55552,10,35944,27.5687,2.3011
1776813188974771645,2.11399,-0.623047,-0.118315,1.67806,1.6447,1.55428,10,35960,27.581,2.44997
1776813188979762403,2.11399,-0.525391,-0.106044,1.92458,1.6447,1.55428,10,35978,27.5948,2.30471
1776813188984793864,2.10573,-0.525391,-0.100497,1.77932,1.61719,1.57176,10,35995,27.6078,2.30149
1776813188989787438,2.10573,-0.482422,-0.0874584,1.81906,1.61719,1.57176,10,36009,27.6186,2.45389
1776813188994773308,2.10311,-0.482422,-0.079335,1.97146,1.52933,1.58414,10,36026,27.6316,2.45438
1776813188999775732,2.10311,-0.382812,-0.0662963,2.07156,1.52933,1.58414,10,36039,27.6416,2.1481
1776813189004776028,2.09667,-0.382812,-0.0627658,1.76529,1.50536,1.61104,10,36054,27.6531,2.30057
1776813189009780842,2.09667,-0.382812,-0.0512607,1.91775,1.50536,1.61104,10,36067,27.663,2.14686
1776813189014773397,2.09463,-0.382812,-0.0433376,1.76405,1.76634,1.60152,10,36082,27.6745,2.1481
1776813189019776267,2.09463,-0.341797,-0.0318324,1.80631,1.76634,1.60152,10,36096,27.6853,2.14767
1776813189024771933,2.08928,-0.341797,-0.0264366,1.80588,1.43854,1.60004,10,36112,27.6976,2.30103
1776813189029784636,2.08928,-0.347656,-0.0141647,1.95337,1.43854,1.60004,10,36127,27.7091,2.30057
1776813189034768284,2.08752,-0.347656,-0.00442193,1.95291,1.77965,1.58848,10,36144,27.7221,2.45536
1776813189039788468,2.08752,-0.292969,0.00861671,2.16239,1.77965,1.58848,10,36158,27.7328,2.45389
1776813189044781449,2.08752,-0.292969,0.0193551,2.16092,1.44492,1.61965,10,36173,27.7443,2.30064
1776813189049789281,2.09087,-0.292969,0.0342038,2.00768,1.44492,1.61965,10,36184,27.7528,2.30103
1776813189054791447,2.09087,-0.185547,0.0426419,2.11548,1.7656,1.69647,10,36203,27.7674,2.1481
1776813189059785336,2.08609,-0.185547,0.0524361,1.96256,1.7656,1.69647,10,36213,27.775,2.30057
1776813189064772113,2.08609,-0.148438,0.0601056,2.15213,1.59606,1.69536,10,36233,27.7904,2.1481
1776813189069781594,2.08506,-0.148438,0.0744221,1.99967,1.59606,1.69536,10,36245,27.7996,2.45389
1776813189074771983,2.08506,-0.09375,0.0836251,2.36014,1.50649,1.72175,10,36266,27.8157,2.60825
1776813189079764760,2.08314,-0.09375,0.097812,2.5145,1.50649,1.72175,10,36279,27.8256,2.60721
1776813189084767389,2.08314,-0.0820312,0.107784,2.52517,1.50057,1.71946,10,36301,27.8425,2.60721
1776813189089777481,2.0826,-0.0820312,0.124114,2.52517,1.50057,1.71946,10,36313,27.8517,2.60877
1776813189094792776,2.0826,-0.128906,0.133319,2.47986,1.72087,1.69021,10,36334,27.8678,2.60773
1776813189099777813,2.08106,-0.128906,0.147878,2.47882,1.72087,1.69021,10,36347,27.8778,2.60721
1776813189104782830,2.08106,-0.126953,0.15785,2.48025,1.66964,1.6841,10,36369,27.8947,2.76163
1776813189109773052,2.08025,-0.126953,0.173923,2.63468,1.66964,1.6841,10,36382,27.9046,2.60811
1776813189114774941,2.08025,-0.103516,0.183893,2.50459,1.68215,1.69371,10,36401,27.9192,2.60668
1776813189119789810,2.08025,-0.103516,0.198467,2.50317,1.68215,1.69371,10,36408,27.9246,1.99434
1776813189124796865,2.08365,-0.103516,0.207231,1.89083,1.82339,1.70958,10,36408,27.9246,0.30664
1776813189129789216,2.08365,1.64844,0.207231,1.95508,2.42128,2.70819,10,36404,27.9215,-0.306763
1776813189134777068,2.08998,1.64844,0.210489,1.34167,2.42128,2.70819,10,36404,27.9215,-0.306763
1776813189139783363,2.08998,2.66016,0.210489,2.35339,2.42128,2.70819,10,36404,27.9215,0
1776813189144790974,2.11294,2.66016,0.233453,2.66016,2.50681,3.42086,10,36411,27.9269,0.460145
1776813189149843379,2.11294,1.4043,0.238822,1.86444,2.50681,3.42086,10,36420,27.9338,1.22694
1776813189154797546,2.13352,1.4043,0.266305,2.63124,2.44619,2.79965,10,36433,27.9438,1.53427
1776813189159783342,2.13352,1.02734,0.276277,2.56161,2.44619,2.79965,10,36444,27.9522,1.84059
1776813189164794508,2.13956,1.02734,0.290756,2.86794,2.37415,2.61243,10,36459,27.9637,1.99432
1776813189169776952,2.13956,0.208984,0.302261,2.20331,2.37415,2.61243,10,36473,27.9737,2.30103
1776813189174777711,2.14834,0.208984,-0.306546,2.51001,2.1678,2.18599,10,36488,27.9859,2.14772
1776813189179754452,2.14834,0.150391,-0.295042,2.29811,2.1678,2.18599,10,36502,27.9967,2.30011
1776813189184773043,2.14917,0.150391,-0.283467,2.4505,2.39818,2.1564,10,36518,28.009,2.14767
1776813189189770635,2.14917,-0.185547,-0.271195,1.96213,2.39818,2.1564,10,36532,28.0197,2.45438
1776813189194780505,2.14917,-0.185547,-0.260457,2.26883,2.50269,1.96491,10,36550,28.0335,2.45536
1776813189199908556,2.16667,-0.185547,-0.229157,2.26981,2.50269,1.96491,10,36562,28.0427,2.60773
1776813189204871852,2.16667,-0.185547,-0.229157,2.26981,2.50269,1.96491,10,36562,28.0427,2.60773
1776813189209805595,2.16667,-0.740234,-0.219952,1.86749,2.27171,1.72811,10,36593,28.0665,2.30103
1776813189214841963,2.15955,-0.644531,-0.191025,1.80935,1.44289,1.69587,10,36613,28.0818,2.45389
1776813189219845407,2.15272,-0.644531,-0.194783,1.80935,1.44289,1.69587,10,36628,28.0933,2.60773
1776813189224793538,2.15272,-0.667969,-0.183278,1.93976,1.7069,1.70608,10,36650,28.1102,2.45487
1776813189229771982,2.14616,-0.667969,-0.172963,1.7869,1.7069,1.70608,10,36659,28.1171,2.60721
1776813189234770723,2.14616,-0.527344,-0.166058,2.07986,1.52721,1.75638,10,36682,28.1347,2.45389
1776813189239782055,2.14025,-0.527344,-0.154332,1.92654,1.52721,1.75638,10,36691,28.1416,2.60825
1776813189244777795,2.14025,-0.587891,-0.147427,2.02036,1.68306,1.69489,10,36716,28.1608,2.60512
1776813189249791202,2.13469,-0.587891,-0.133814,2.01723,1.68306,1.69489,10,36725,28.1677,2.45634
1776813189254787034,2.13469,-0.652344,-0.126912,1.804,1.85001,1.63272,10,36752,28.1884,2.76108
1776813189259783515,2.12849,-0.652344,-0.112408,2.10873,1.85001,1.63272,10,36762,28.1961,2.91598
1776813189264773237,2.12849,-0.740234,-0.104737,2.17574,1.57054,1.55419,10,36790,28.2176,2.91385
1776813189269797440,2.12849,-0.740234,-0.08326,2.17361,1.57054,1.55419,10,36800,28.2252,2.91443
1776813189274778458,2.12901,-0.740234,-0.0750718,2.17419,1.56506,1.55658,10,36823,28.2429,2.91481
1776813189279763643,2.12901,-0.71875,-0.0574307,2.19606,1.56506,1.55658,10,36840,28.2559,2.76163
1776813189284767013,2.1217,-0.71875,-0.051703,2.04288,1.59032,1.53524,10,36861,28.272,2.60773
1776813189289797400,2.1217,-0.595703,-0.0355954,2.01202,1.59032,1.53524,10,36874,28.282,2.60773
1776813189294774511,2.11199,-0.595703,-0.0353303,2.01202,1.5596,1.56064,10,36896,28.2989,2.60773
1776813189299812213,2.11199,-0.564453,-0.018456,2.04327,1.5596,1.56064,10,36909,28.3088,2.76108
1776813189304778640,2.10901,-0.564453,-0.0114674,2.19662,1.65443,1.56466,10,36930,28.325,2.6055
1776813189309785565,2.10901,-0.423828,0.00463823,2.18167,1.65443,1.56466,10,36942,28.3342,2.45634
1776813189314777379,2.10173,-0.423828,0.00656465,2.03251,1.42384,1.61113,10,36962,28.3495,2.60825
1776813189319776231,2.10173,-0.429688,0.0219036,2.17856,1.42384,1.61113,10,36974,28.3587,2.30018
1776813189324808803,2.09746,-0.429688,0.0268417,1.8705,1.49607,1.58799,10,36994,28.374,2.45438
1776813189329772618,2.09746,-0.421875,0.0421806,2.0325,1.49607,1.58799,10,37006,28.3832,2.45438
1776813189334769544,2.0932,-0.421875,0.0471206,2.0325,1.53835,1.57262,10,37027,28.3994,2.60811
1776813189339778247,2.0932,-0.398438,0.0632263,2.20967,1.53835,1.57262,10,37039,28.4086,2.45487
1776813189344787153,2.0932,-0.398438,0.0724311,2.05643,1.62697,1.58598,10,37059,28.4239,2.45438
1776813189349779764,2.09404,-0.398438,0.0886112,2.05594,1.62697,1.58598,10,37068,28.4308,2.60773
1776813189354780078,2.09404,-0.322266,0.0955139,2.28546,1.66161,1.63331,10,37090,28.4477,2.30018
1776813189359780689,2.09054,-0.322266,0.108886,1.97792,1.66161,1.63331,10,37098,28.4538,2.30103
1776813189364784651,2.09054,-0.167969,0.115022,2.13306,1.6192,1.70495,10,37120,28.4707,2.14767
1776813189369796502,2.08683,-0.167969,0.128192,1.97971,1.6192,1.70495,10,37128,28.4768,2.45389
1776813189374797594,2.08683,-0.121094,0.134328,2.33279,1.89898,1.71441,10,37151,28.4945,2.30195
1776813189379775909,2.08608,-0.121094,0.151222,2.18085,1.89898,1.71441,10,37160,28.5014,2.60773
1776813189384777649,2.08608,-0.123047,0.158124,2.48468,1.59471,1.70981,10,37185,28.5205,2.45389
1776813189389778852,2.08452,-0.123047,0.175737,2.33084,1.59471,1.70981,10,37194,28.5274,2.60825
1776813189394780073,2.08452,-0.15625,0.18264,2.452,1.65259,1.6836,10,37219,28.5466,2.76053
1776813189399781443,2.08392,-0.15625,0.201215,2.60428,1.65259,1.6836,10,37229,28.5543,2.60825
1776813189404828996,2.08392,-0.216797,0.208885,2.39145,1.63313,1.64628,10,37253,28.5727,2.60811
1776813189409785127,2.08082,-0.216797,0.224189,2.39131,1.63313,1.64628,10,37259,28.5773,2.45339
1776813189414786478,2.08082,-0.160156,0.228792,2.29324,2.28434,1.66408,10,37264,28.5811,1.22743
1776813189419784144,2.08082,-0.160156,0.232627,1.06728,2.28434,1.66408,10,37261,28.5788,-0.153732
1776813189424774348,2.08374,-0.160156,0.233247,-0.313889,2.51059,1.67772,10,37257,28.5758,-0.613281
1776813189429770532,2.08374,-0.160156,0.233247,-0.313889,2.51059,1.67772,10,37257,28.5758,-0.613281
1776813189434762532,2.10753,2.82812,0.254737,2.82812,2.23038,3.38104,10,37259,28.5773,0
1776813189439777994,2.10753,1.88086,0.255504,1.88086,2.23038,3.38104,10,37266,28.5827,0.766908
1776813189444773586,2.1315,1.88086,0.284839,2.64777,2.32362,3.06203,10,37279,28.5926,1.2267
1776813189449780418,2.1315,1.25977,0.294809,2.48646,2.32362,3.06203,10,37288,28.5995,1.6883
1776813189454780492,2.13902,1.25977,0.309238,2.94806,2.33598,2.74245,10,37305,28.6126,1.99394
1776813189459790065,2.13902,0.505859,-0.30604,2.4998,2.33598,2.74245,10,37316,28.621,2.14767
1776813189464779694,2.15189,0.505859,-0.284744,2.65353,2.50154,2.37135,10,37335,28.6356,2.30103
1776813189469782638,2.15189,0.40625,-0.270172,2.70728,2.50154,2.37135,10,37346,28.644,2.30057
1776813189474783712,2.15412,0.40625,-0.259499,2.70682,2.61582,2.32473,10,37361,28.6555,2.30149
1776813189479808988,2.15412,-0.0214844,-0.247994,2.28,2.61582,2.32473,10,37378,28.6686,2.30064
1776813189484772063,2.15738,-0.0214844,-0.231693,2.27916,2.49563,2.09573,10,37401,28.6862,2.76146
1776813189489774784,2.15738,-0.234375,-0.214054,2.52708,2.49563,2.09573,10,37414,28.6962,2.91326
1776813189494774876,2.15738,-0.234375,-0.204083,2.67889,2.26938,1.97438,10,37435,28.7123,2.60877
1776813189499833911,2.16023,-0.234375,-0.185124,2.3744,2.26938,1.97438,10,37448,28.7223,2.60668
1776813189504822077,2.16023,-0.234375,-0.185124,2.3744,2.26938,1.97438,10,37448,28.7223,2.60668
1776813189509798503,2.14866,-0.6875,-0.162953,1.92023,1.58513,1.72903,10,37483,28.7491,2.60773
1776813189514780114,2.14866,-0.632812,-0.159884,1.97491,1.72617,1.70762,10,37503,28.7644,2.60616
1776813189519802280,2.14209,-0.632812,-0.151112,1.97335,1.72617,1.70762,10,37512,28.7713,2.60863
1776813189524783187,2.14209,-0.681641,-0.144209,1.92699,1.48364,1.64985,10,37538,28.7913,2.60877
1776813189529805389,2.13547,-0.681641,-0.130884,1.92713,1.48364,1.64985,10,37548,28.799,2.76053
1776813189534780649,2.13547,-0.667969,-0.123213,2.09256,1.70627,1.6274,10,37574,28.8189,2.76108
1776813189539777389,2.12878,-0.667969,-0.10997,2.09311,1.70627,1.6274,10,37584,28.8266,2.76108
1776813189544777388,2.12878,-0.792969,-0.102299,1.96811,1.82955,1.52546,10,37609,28.8457,2.76146
1776813189549785776,2.1214,-0.792969,-0.0905058,1.96849,1.82955,1.52546,10,37619,28.8534,2.60773
1776813189554779072,2.1214,-0.837891,-0.0828363,1.76984,1.47017,1.46595,10,37645,28.8734,2.60773
1776813189559801701,2.11306,-0.837891,-0.0712282,1.76984,1.47017,1.46595,10,37654,28.8803,2.91094
1776813189564784071,2.11306,-0.796875,-0.0643255,2.11406,1.61619,1.45092,10,37682,28.9017,2.76495
1776813189569778256,2.11306,-0.796875,-0.0428507,1.96807,1.61619,1.45092,10,37690,28.9079,2.76091
1776813189574787051,2.11327,-0.796875,-0.0365011,1.96403,1.48004,1.4519,10,37712,28.9247,2.60773
1776813189579770588,2.11327,-0.632812,-0.0196268,1.97491,1.48004,1.4519,10,37728,28.937,2.60773
1776813189584800401,2.10264,-0.632812,-0.0179865,1.97491,1.5256,1.49624,10,37745,28.9501,2.45438
1776813189589779661,2.10264,-0.582031,-0.00494782,1.87234,1.5256,1.49624,10,37761,28.9623,2.60773
1776813189594782067,2.09967,-0.582031,0.00434857,2.0257,1.61984,1.51138,10,37784,28.98,2.60825
1776813189599777067,2.09967,-0.464844,0.0219896,2.1434,1.61984,1.51138,10,37797,28.9899,2.76108
1776813189604779122,2.09181,-0.464844,0.0241049,2.29623,1.39741,1.54166,10,37821,29.0083,2.76146
1776813189609781084,2.09181,-0.488281,0.0425108,2.27318,1.39741,1.54166,10,37834,29.0183,2.91385
1776813189614787917,2.0871,-0.488281,0.0477713,2.42556,1.39612,1.50636,10,37853,29.0329,2.76108
1776813189619782879,2.0871,-0.482422,0.0623434,2.27866,1.39612,1.50636,10,37870,29.0459,2.91501
1776813189624772638,2.08212,-0.482422,0.0704039,2.43259,1.42287,1.48645,10,37889,29.0605,2.7598
1776813189629762268,2.08212,-0.458984,0.084976,2.30082,1.42287,1.48645,10,37906,29.0735,2.60877
1776813189634841024,2.07982,-0.458984,0.0957163,2.14979,1.44985,1.48907,10,37928,29.0904,2.9121
1776813189639800672,2.07982,-0.339844,0.112591,2.57226,1.44985,1.48907,10,37941,29.1004,2.60773
1776813189644779487,2.07982,-0.339844,0.12256,2.26788,1.66067,1.55698,10,37962,29.1165,2.60929
1776813189649831578,2.07874,-0.339844,0.137583,2.26945,1.66067,1.55698,10,37974,29.1257,2.45487
1776813189654931944,2.07874,-0.339844,0.137583,2.26945,1.66067,1.55698,10,37974,29.1257,2.45487
1776813189659794818,2.07485,-0.183594,0.163608,2.27078,1.66067,1.64097,10,38006,29.1502,2.45438
1776813189664772893,2.07485,-0.144531,0.167442,2.30984,1.39088,1.64503,10,38023,29.1633,2.30149
1776813189669782632,2.07325,-0.144531,0.178886,2.15695,1.39088,1.64503,10,38035,29.1717,2.60721
1776813189674780595,2.07325,-0.1875,0.188089,2.41971,1.47531,1.61305,10,38057,29.1886,2.60825
1776813189679768280,2.0715,-0.1875,0.203214,2.42075,1.47531,1.61305,10,38069,29.1986,2.7587
1776813189684770335,2.0715,-0.240234,0.212417,2.51847,1.49249,1.57479,10,38092,29.2162,2.60929
1776813189689803185,2.06921,-0.240234,0.227768,2.36906,1.49249,1.57479,10,38105,29.2262,2.76218
1776813189694787666,2.06921,-0.228516,0.237739,2.53367,1.63799,1.57072,10,38124,29.2407,2.60721
1776813189699783407,2.06692,-0.228516,0.250019,2.37869,1.63799,1.57072,10,38131,29.2461,1.84097
1776813189704780147,2.06692,0.0878906,0.255388,1.92886,1.86398,1.7403,10,38132,29.2469,0.766754
1776813189709834144,2.06564,0.0878906,0.254879,0.854645,1.86398,1.7403,10,38129,29.2446,-0.306763
1776813189714880920,2.06564,2.17773,0.252579,1.87097,2.25639,2.92551,10,38126,29.2423,-0.613662
1776813189719787663,2.06564,2.17773,0.250276,1.56407,2.25639,2.92551,10,38125,29.2415,-0.306702
1776813189724796347,2.08095,2.17773,0.264816,1.87103,2.62106,2.99727,10,38125,29.2415,0
1776813189729751200,2.08095,2.10742,0.264816,2.10742,2.62106,2.99727,10,38132,29.2469,0.460342
1776813189734773310,2.1215,2.10742,0.310734,2.56776,2.86961,3.14525,10,38140,29.253,1.38054
1776813189739771735,2.1215,1.44531,-0.311449,2.82585,2.86961,3.14525,10,38151,29.2614,1.5342
1776813189744779623,2.1279,1.44531,-0.296616,2.97951,2.46654,2.79725,10,38165,29.2722,1.99354
1776813189749784993,2.1279,0.396484,-0.285877,2.39003,2.46654,2.79725,10,38182,29.2852,2.1481
1776813189754790196,2.14216,0.396484,-0.258575,2.54459,2.1749,2.2647,10,38197,29.2967,2.14725
1776813189759771511,2.14216,0.232422,-0.24707,2.37967,2.1749,2.2647,10,38211,29.3075,2.30149
1776813189764774769,2.14362,0.232422,-0.234871,2.53391,2.50454,2.17785,10,38226,29.319,2.14725
1776813189769773269,2.14362,0.0410156,-0.223366,2.18826,2.70151,2.06874,10,38245,29.3335,2.30064
1776813189774781453,2.14616,0.0410156,-0.206257,2.34166,2.70151,2.06874,10,38258,29.3435,2.45487
1776813189779751694,2.14616,-0.109375,-0.196285,2.34549,2.70151,2.06874,10,38274,29.3558,2.60773
1776813189784766452,2.146,-0.109375,-0.184168,2.49835,2.47672,1.99389,10,38288,29.3665,2.60707
1776813189789769618,2.146,-0.507812,-0.173431,2.09925,2.47672,1.99389,10,38308,29.3819,2.60773
1776813189794778043,2.146,-0.507812,-0.158091,2.09991,2.27863,1.76678,10,38328,29.3972,2.76163
1776813189799772765,2.14306,-0.507812,-0.145693,2.25382,2.27863,1.76678,10,38342,29.4079,2.91443
1776813189804784301,2.14306,-0.496094,-0.134954,2.41833,1.78578,1.76005,10,38365,29.4256,2.76146
1776813189809782245,2.13549,-0.496094,-0.124887,2.26537,1.78578,1.76005,10,38378,29.4356,2.76163
1776813189814794226,2.13549,-0.509766,-0.114918,2.25186,1.74148,1.71764,10,38401,29.4532,2.76108
1776813189819781244,2.13376,-0.509766,-0.0990028,2.25131,1.74148,1.71764,10,38414,29.4632,2.76053
1776813189824790539,2.13376,-0.576172,-0.0890311,2.18435,1.47593,1.67189,10,38438,29.4816,2.76108
1776813189829769391,2.12514,-0.576172,-0.0792484,2.18491,1.47593,1.67189,10,38451,29.4915,2.91423
1776813189834761354,2.12514,-0.580078,-0.0692767,2.33415,1.69346,1.6301,10,38476,29.5107,2.91501
1776813189839772020,2.12222,-0.580078,-0.0530204,2.33493,1.69346,1.6301,10,38489,29.5207,2.91501
1776813189844771649,2.12222,-0.689453,-0.0430507,2.22556,1.85157,1.55434,10,38511,29.5376,2.76091
1776813189849782833,2.1126,-0.689453,-0.0357913,2.07145,1.85157,1.55434,10,38524,29.5475,2.60825
1776813189854774851,2.1126,-0.685547,-0.0258197,1.9227,1.54555,1.51226,10,38546,29.5644,2.60773
1776813189859782517,2.11036,-0.685547,-0.0111865,1.92218,1.54555,1.51226,10,38558,29.5736,2.76053
1776813189864779535,2.11036,-0.623047,-0.00198166,2.13748,1.70855,1.53754,10,38581,29.5913,2.60825
1776813189869777331,2.11036,-0.623047,0.0156594,1.9852,1.70855,1.53754,10,38593,29.6005,2.60721
1776813189874769793,2.10562,-0.623047,0.020115,1.98416,1.5616,1.51558,10,38611,29.6143,2.60825
1776813189879751830,2.10562,-0.492188,0.0339204,2.11606,1.5616,1.51558,10,38629,29.6281,2.45389
1776813189884762459,2.09731,-0.492188,0.0394192,1.9617,1.55473,1.55165,10,38646,29.6411,2.45438
1776813189889774569,2.09731,-0.4375,0.0524579,2.01688,1.55473,1.55165,10,38661,29.6526,2.45487
1776813189894768717,2.09286,-0.4375,0.0595189,2.01737,1.65194,1.56215,10,38675,29.6634,2.45438
1776813189899773568,2.09286,-0.414062,0.0702554,2.04031,1.65194,1.56215,10,38691,29.6756,2.60759
1776813189904767271,2.09138,-0.414062,0.0810433,2.19352,1.44969,1.5686,10,38710,29.6902,2.76163
1776813189909803529,2.09138,-0.40625,0.0956174,2.35538,1.44969,1.5686,10,38730,29.7055,2.76108
1776813189914788862,2.08663,-0.40625,0.106205,2.35483,1.59389,1.55092,10,38749,29.7201,2.60773
1776813189919813008,2.08663,-0.408203,0.120777,2.19952,1.58722,1.54981,10,38769,29.7355,2.76108
1776813189924798305,2.08029,-0.408203,0.129776,2.35287,1.58722,1.54981,10,38783,29.7462,2.60304
1776813189929758602,2.08029,-0.388672,0.140514,2.21437,1.58722,1.54981,10,38800,29.7592,2.61229
1776813189934786545,2.07895,-0.388672,0.152216,2.22362,1.60973,1.52507,10,38815,29.7707,2.76163
1776813189939783174,2.07895,-0.246094,0.163721,2.51554,1.60973,1.52507,10,38836,29.7868,2.91443
1776813189944775507,2.07691,-0.246094,0.190056,2.51388,1.76537,1.60634,10,38861,29.806,2.75997
1776813189949771358,2.07691,-0.164062,0.196961,2.59591,1.40802,1.64354,10,38878,29.8191,2.91481
1776813189954776598,2.0745,-0.164062,0.207596,2.75075,1.40802,1.64354,10,38892,29.8298,2.76163
1776813189959773394,2.0745,-0.160156,0.218334,2.60147,1.40802,1.64354,10,38910,29.8436,2.76163
1776813189964782486,2.07344,-0.160156,0.231075,2.60147,1.73162,1.62953,10,38927,29.8566,2.76108
1776813189969777781,2.07344,-0.144531,0.244114,2.61655,1.73162,1.62953,10,38944,29.8697,3.06755
1776813189974783318,2.07297,-0.144531,0.25668,2.92302,1.54045,1.63621,10,38963,29.8842,2.91385
1776813189979749837,2.07297,-0.160156,0.271252,2.75369,1.54045,1.63621,10,38973,29.8919,1.99472
1776813189984786261,2.0702,-0.160156,0.276159,1.83457,1.61769,1.61435,10,38972,29.8911,0.460052
1776813189989775631,2.0702,0.111328,0.275393,0.571381,1.61769,1.61435,10,38966,29.8865,-0.766754
1776813189994777815,2.07,0.111328,0.27059,-0.655426,2.43657,1.76815,10,38963,29.8842,-0.613785
1776813189999770167,2.07,3.33594,0.26829,2.72215,2.43657,1.76815,10,38962,29.8835,-0.306763
1776813190004775852,2.0991,3.33594,0.296616,3.02917,2.53672,3.74198,10,38963,29.8842,0
1776813190009774037,2.0991,2.76758,0.297382,2.76758,2.53672,3.74198,10,38970,29.8896,0.766601
1776813190014781943,2.11023,2.76758,-0.306762,3.99501,1.82904,3.41801,10,38985,29.9011,1.22743
1776813190019776480,2.11023,2.76758,-0.306762,3.99501,1.82904,3.41801,10,38985,29.9011,1.22743
1776813190024781591,2.14658,1.04492,-0.255073,2.73284,2.35688,2.48767,10,39006,29.9172,1.68792
1776813190029757462,2.14658,0.822266,-0.250473,2.51018,2.23121,2.52755,10,39018,29.9264,1.68526
1776813190034760499,2.15332,0.822266,-0.234533,2.50753,2.23121,2.52755,10,39028,29.9341,1.99674
1776813190039766368,2.15332,0.617188,-0.226864,2.61393,2.23121,2.52755,10,39039,29.9425,1.84024
1776813190044793349,2.15982,0.617188,-0.211921,2.45742,2.13669,2.47084,10,39051,29.9517,1.84059
1776813190049772942,2.15982,0.681641,-0.202717,2.52223,2.13669,2.47084,10,39063,29.9609,2.1451
1776813190054782182,2.16172,0.681641,-0.19161,2.82674,2.70415,2.5162,10,39078,29.9725,2.15112
1776813190059846143,2.16172,0.0410156,-0.180105,2.19213,2.70415,2.5162,10,39095,29.9855,2.14686
1776813190064783218,2.16778,0.0410156,-0.161009,2.18788,3.05918,2.17846,10,39109,29.9962,2.45389
1776813190069780774,2.16778,-0.179688,-0.15027,2.2742,3.05918,2.17846,10,39127,30.01,2.45487
1776813190074879918,2.16765,-0.179688,-0.1366,2.27518,2.67679,2.05204,10,39141,30.0208,2.30149
1776813190079785643,2.16765,-0.445312,-0.125862,1.85617,2.67679,2.05204,10,39160,30.0353,2.60773
1776813190084799698,2.16765,-0.445312,-0.11129,2.16241,2.10713,1.90063,10,39178,30.0492,2.60721
1776813190089785458,2.16393,-0.445312,-0.101198,2.16189,2.10713,1.90063,10,39191,30.0591,2.60773
1776813190094772680,2.16393,-0.636719,-0.0912282,1.97101,1.79434,1.77473,10,39214,30.0768,2.76201
1776813190099780254,2.15552,-0.636719,-0.0819947,2.12529,1.79434,1.77473,10,39228,30.0875,2.91443
1776813190104776957,2.15552,-0.59375,-0.0712563,2.32068,1.61982,1.76111,10,39251,30.1051,2.75997
1776813190109783438,2.14926,-0.59375,-0.0598828,2.16622,1.61982,1.76111,10,39265,30.1159,2.91539
1776813190114780660,2.14926,-0.599609,-0.0491463,2.31578,1.52655,1.72927,10,39289,30.1343,2.76108
1776813190119779142,2.14354,-0.599609,-0.036451,2.16147,1.52655,1.72927,10,39303,30.145,2.91443
1776813190124800418,2.14354,-0.6875,-0.0257127,2.22693,1.96205,1.65314,10,39328,30.1642,3.06877
1776813190129769530,2.13691,-0.6875,-0.0131699,2.38127,1.96205,1.65314,10,39343,30.1749,3.06778
1776813190134772085,2.13691,-0.724609,-0.0016648,2.34317,1.89584,1.6017,10,39368,30.1949,3.06816
1776813190139780807,2.12981,-0.724609,0.0104106,2.34355,1.89584,1.6017,10,39383,30.2064,3.06717
1776813190144767752,2.12981,-0.689453,0.0219158,2.37771,1.53876,1.58922,10,39406,30.224,2.91443
1776813190149785899,2.1227,-0.689453,0.0324481,2.22498,1.53876,1.58922,10,39420,30.2348,2.76201
1776813190154771881,2.1227,-0.634766,0.0431865,2.12725,1.60484,1.58775,10,39444,30.2532,2.91443
1776813190159813138,2.1227,-0.634766,0.0615943,2.27966,1.60484,1.58775,10,39457,30.2631,2.91385
1776813190164786250,2.12378,-0.634766,0.0726379,2.27908,1.48397,1.59269,10,39477,30.2785,2.91132
1776813190169788916,2.12378,-0.478516,0.0879787,2.4328,1.48397,1.59269,10,39498,30.2946,2.76495
1776813190174779083,2.11413,-0.478516,0.0944389,2.28643,1.61056,1.63732,10,39513,30.3061,2.76053
1776813190179751491,2.11413,-0.447266,0.105944,2.31326,1.61056,1.63732,10,39530,30.3191,2.76108
1776813190184762898,2.11305,-0.447266,0.117901,2.31381,1.76984,1.65015,10,39549,30.3337,2.76201
1776813190189774786,2.11305,-0.490234,0.132475,2.27178,1.76984,1.65015,10,39569,30.349,2.60773
1776813190194789396,2.10482,-0.490234,0.139578,2.11749,1.50022,1.58757,10,39585,30.3613,2.91385
1776813190199771175,2.10482,-0.503906,0.15185,2.40994,1.50022,1.58757,10,39607,30.3782,2.91501
1776813190204777933,2.10353,-0.503906,0.167443,2.41111,1.68358,1.57384,10,39627,30.3935,2.76091
1776813190209773544,2.10353,-0.449219,0.182782,2.31169,1.76415,1.60501,10,39649,30.4104,2.91443
1776813190214782562,2.09509,-0.449219,0.191216,2.46521,1.76415,1.60501,10,39663,30.4204,2.76108
1776813190219774081,2.09509,-0.357422,0.201954,2.40366,1.51307,1.61817,10,39685,30.438,2.76146
1776813190224769599,2.08984,-0.357422,0.21357,2.40404,1.51307,1.61817,10,39700,30.4495,2.91443
1776813190229747785,2.08984,-0.333984,0.225075,2.58044,1.51307,1.61817,10,39718,30.4633,2.91385
1776813190234857577,2.0907,-0.333984,0.252781,2.73479,1.48429,1.60706,10,39745,30.484,3.06877
1776813190239794116,2.0907,-0.333984,0.252781,2.73479,1.48429,1.60706,10,39745,30.484,3.06877
1776813190244783450,2.08606,-0.320312,0.27882,2.74785,1.83165,1.61887,10,39782,30.5124,3.06816
1776813190249777338,2.08606,-0.337891,0.284188,2.73027,1.83165,1.61887,10,39787,30.5162,2.30011
1776813190254771968,2.0837,-0.337891,0.285668,1.96221,1.54989,1.57622,10,39788,30.517,0.767061
1776813190259768486,2.0837,-0.173828,0.286435,0.593233,1.54989,1.57622,10,39783,30.5132,-0.460052
1776813190264773208,2.08297,-0.173828,0.28187,-0.633881,2.3619,1.66632,10,39783,30.5132,-0.30664
1776813190269771523,2.08297,3.13867,0.28187,2.83203,2.3619,1.66632,10,39783,30.5132,0
1776813190274775485,2.10859,3.13867,0.307494,3.13867,2.38873,3.67354,10,39786,30.5155,0
1776813190279751375,2.11518,2.80469,-0.305799,4.03149,1.73812,3.5136,10,39800,30.5262,1.22681
1776813190284771744,2.11518,1.26367,-0.301196,2.49048,1.73812,3.5136,10,39809,30.5331,1.53427
1776813190289769022,2.13763,1.26367,-0.271842,2.79794,1.73812,3.5136,10,39819,30.5408,1.6869
1776813190294771484,2.13763,0.787109,-0.264173,2.47401,2.15653,2.46669,10,39832,30.5508,1.84134
1776813190299803427,2.13763,0.787109,-0.254201,2.62845,2.15653,2.46669,10,39842,30.5584,2.14729
1776813190304795964,2.1485,0.787109,-0.235664,2.9344,2.36152,2.51627,10,39857,30.5699,1.99432
1776813190309768669,2.1485,0.505859,-0.224159,2.50018,2.36152,2.51627,10,39873,30.5822,2.1481
1776813190314770520,2.15783,0.505859,-0.20256,2.65396,2.29671,2.39835,10,39885,30.5914,2.14729
1776813190319780335,2.15783,0.15625,-0.193357,2.30354,2.29671,2.39835,10,39902,30.6045,2.14767
1776813190324798741,2.16486,0.15625,-0.173292,2.30392,2.59718,2.23091,10,39915,30.6144,2.45339
1776813190329757594,2.16486,0.09375,-0.16332,2.54714,2.59718,2.23091,10,39930,30.6259,2.45487
1776813190334768853,2.16551,0.09375,-0.151159,2.54862,2.76055,2.19825,10,39948,30.6397,2.45487
1776813190339792037,2.16551,-0.285156,-0.137353,2.16971,2.76055,2.19825,10,39968,30.6551,2.60721
1776813190344772315,2.16461,-0.285156,-0.122919,2.32205,2.56079,1.97819,10,39984,30.6673,2.91074
1776813190349781500,2.16461,-0.611328,-0.110647,2.29941,2.56079,1.97819,10,40005,30.6835,2.91443
1776813190354776518,2.16004,-0.611328,-0.0991034,2.3031,2.09244,1.77159,10,40022,30.6965,2.76495
1776813190359778518,2.16004,-0.691406,-0.0860647,2.07354,2.09244,1.77159,10,40041,30.7111,2.76053
1776813190364793554,2.15363,-0.691406,-0.0779108,2.06912,1.65046,1.69682,10,40057,30.7233,2.76201
1776813190369818534,2.15363,-0.638672,-0.0533671,1.96958,1.53002,1.72688,10,40082,30.7425,2.60825
1776813190374772387,2.14776,-0.638672,-0.0523333,1.96958,1.53002,1.72688,10,40096,30.7532,2.75997
1776813190379752332,2.14776,-0.560547,-0.0415968,2.19943,1.53002,1.72688,10,40113,30.7663,2.76218
1776813190384763054,2.14172,-0.560547,-0.0345892,2.20164,1.58538,1.7172,10,40129,30.7786,2.91443
1776813190389769035,2.14172,-0.591797,-0.0223173,2.32263,1.58538,1.7172,10,40151,30.7954,2.91423
1776813190394775164,2.13602,-0.591797,-0.0111441,2.32243,1.75806,1.67333,10,40166,30.8069,2.76053
1776813190399771016,2.13602,-0.695312,0.000361072,2.06521,1.75806,1.67333,10,40187,30.823,2.76163
1776813190404779460,2.12965,-0.695312,0.0100905,2.06632,1.64822,1.58512,10,40204,30.8361,2.91423
1776813190409835013,2.12965,-0.765625,0.0231291,2.1486,1.64822,1.58512,10,40226,30.853,2.91443
1776813190414816606,2.12223,-0.765625,0.0325895,2.1488,1.82368,1.51099,10,40243,30.866,3.06839
1776813190419780885,2.12223,-0.792969,0.0456282,2.27542,1.82368,1.51099,10,40266,30.8836,3.06877
1776813190424780144,2.11437,-0.792969,0.0554091,2.27581,1.60631,1.4592,10,40283,30.8967,3.06655
1776813190429748422,2.11437,-0.664062,0.0684477,2.40249,1.60631,1.4592,10,40305,30.9135,2.91481
1776813190434764792,2.10705,-0.664062,0.0780035,2.25075,1.28243,1.49886,10,40321,30.9258,2.91443
1776813190439769032,2.10705,-0.582031,0.0902754,2.3324,1.28243,1.49886,10,40344,30.9435,3.06939
1776813190444778661,2.1014,-0.582031,0.115298,2.48452,1.34352,1.54562,10,40370,30.9642,3.06655
1776813190449771180,2.1014,-0.558594,0.122201,2.50796,1.43981,1.53277,10,40390,30.9787,3.22216
1776813190454779827,2.09277,-0.558594,0.128909,2.66356,1.43981,1.53277,10,40406,30.991,3.06778
1776813190459780475,2.09277,-0.560547,0.141181,2.50723,1.43981,1.53277,10,40425,31.0056,3.06755
1776813190464777086,2.08747,-0.560547,0.150458,2.507,1.53522,1.46689,10,40442,31.0186,2.9156
1776813190469769586,2.08458,-0.550781,0.174416,2.51638,1.61587,1.459,10,40470,31.0401,3.06717
1776813190474776697,2.08458,-0.533203,0.182088,2.53396,1.61587,1.459,10,40484,31.0508,3.06816
1776813190479750642,2.08203,-0.533203,0.190266,2.53496,1.61587,1.459,10,40504,31.0662,3.06778
1776813190484771974,2.08203,-0.496094,0.205607,2.57169,1.45522,1.47822,10,40524,31.0815,3.06877
1776813190489841120,2.07695,-0.496094,0.215867,2.57268,1.45522,1.47822,10,40538,31.0923,2.91385
1776813190494785084,2.07695,-0.341797,0.226605,2.57205,1.40122,1.54242,10,40561,31.1099,2.76146
1776813190499811657,2.07069,-0.341797,0.237994,2.41966,1.40122,1.54242,10,40575,31.1206,2.76108
1776813190504910154,2.07069,-0.275391,0.248732,2.48569,1.5641,1.55096,10,40599,31.139,2.91443
1776813190509846415,2.07069,-0.275391,0.26714,2.63904,1.5641,1.55096,10,40612,31.149,2.91443
1776813190514785083,2.07042,-0.275391,0.276837,2.63904,1.59666,1.54968,10,40627,31.1605,2.60863
1776813190519783361,2.07042,-0.226562,0.288342,2.38207,1.59666,1.54968,10,40630,31.1628,1.07324
1776813190524810711,2.06676,-0.226562,0.286976,0.846679,1.70115,1.56029,10,40626,31.1598,-0.30664
1776813190529790286,2.06676,3.02148,0.283909,2.71484,1.70115,1.56029,10,40623,31.1575,-0.613649
1776813190534769916,2.08335,3.02148,0.298199,2.40784,2.50888,3.48941,10,40623,31.1575,-0.153351
1776813190539778508,2.08335,3.18164,0.298199,3.02829,2.50888,3.48941,10,40624,31.1582,0
1776813190544778063,2.10038,3.18164,-0.312316,3.18164,2.25308,3.66,10,40631,31.1636,0.613403
1776813190549791007,2.10038,1.10547,-0.306947,1.71887,2.25308,3.66,10,40642,31.172,1.53389
1776813190554799544,2.13215,1.10547,-0.266748,2.63936,2.56132,2.62302,10,40652,31.1797,1.53396
1776813190559789581,2.13215,1.03711,-0.259078,2.57107,2.56132,2.62302,10,40666,31.1904,1.84059
1776813190564777747,2.13804,1.03711,-0.242448,2.8777,2.35918,2.61102,10,40679,31.2004,2.14767
1776813190569833079,2.13804,0.398438,-0.232478,2.54611,2.35918,2.61102,10,40695,31.2127,2.30149
1776813190574789598,2.14829,0.398438,-0.209951,2.69992,2.09913,2.29377,10,40708,31.2226,2.14686
1776813190579800690,2.14829,0.441406,-0.199979,2.58827,2.09913,2.29377,10,40725,31.2357,2.30057
1776813190584782209,2.152,0.441406,-0.173265,2.74335,2.62466,2.31826,10,40746,31.2518,2.30195
1776813190589790968,2.152,0.0957031,-0.167129,2.39765,2.58036,2.13807,10,40762,31.2641,2.45438
1776813190594773672,2.15433,0.0957031,-0.15252,2.55008,2.58036,2.13807,10,40776,31.2748,2.76108
1776813190599780857,2.15433,-0.431641,-0.141782,2.32944,2.58036,2.13807,10,40793,31.2878,2.60668
1776813190604776931,2.15226,-0.431641,-0.130815,2.17504,2.70143,1.83869,10,40807,31.2986,2.60825
1776813190609801429,2.15226,-0.515625,-0.120078,2.09262,2.70143,1.83869,10,40826,31.3132,2.60759
1776813190614773597,2.14728,-0.515625,-0.110482,2.09196,2.12173,1.76816,10,40842,31.3254,2.76163
1776813190619777115,2.14728,-0.496094,-0.0982104,2.26554,2.12173,1.76816,10,40863,31.3415,2.76108
1776813190624770226,2.14473,-0.496094,-0.0846587,2.26498,1.78433,1.76766,10,40879,31.3538,2.91501
1776813190629749541,2.14473,-0.486328,-0.0723868,2.42868,1.78433,1.76766,10,40901,31.3707,2.91481
1776813190634763596,2.13741,-0.486328,-0.0628348,2.42848,1.42268,1.73978,10,40917,31.3829,2.75997
1776813190639768892,2.13741,-0.433594,-0.050563,2.32638,1.42268,1.73978,10,40937,31.3983,2.91501
1776813190644780373,2.13515,-0.433594,-0.0374843,2.48142,1.50221,1.7595,10,40954,31.4113,2.76201
1776813190649772021,2.13515,-0.505859,-0.0244437,2.25615,1.50221,1.7595,10,40975,31.4274,2.76053
1776813190654776150,2.13515,-0.505859,-0.00833808,2.25467,1.88336,1.71831,10,40995,31.4428,2.91501
1776813190659778354,2.12889,-0.505859,0.000744705,2.40915,1.88336,1.71831,10,41010,31.4543,3.06693
1776813190664841110,2.12889,-0.681641,0.0122498,2.38529,1.92529,1.58945,10,41034,31.4727,2.9156
1776813190669777038,2.11976,-0.681641,0.0215253,2.23395,1.92529,1.58945,10,41048,31.4834,2.91385
1776813190674777353,2.11976,-0.662109,0.0322636,2.25174,1.5874,1.55861,10,41070,31.5003,2.76091
1776813190679752927,2.1165,-0.662109,0.0458764,2.0988,1.5874,1.55861,10,41083,31.5103,2.76218
1776813190684763260,2.1165,-0.625,0.055848,2.13718,1.55888,1.56474,10,41105,31.5271,2.60773
1776813190689769278,2.11006,-0.625,0.0662793,1.98273,1.55888,1.56474,10,41118,31.5371,2.76108
1776813190694792518,2.11006,-0.5,0.0762509,2.26108,1.47629,1.60626,10,41141,31.5548,2.76108
1776813190699791777,2.10445,-0.5,0.0882825,2.26108,1.47629,1.60626,10,41154,31.5647,2.76091
1776813190704780499,2.10445,-0.388672,0.0982522,2.37224,1.47854,1.64376,10,41177,31.5824,2.76108
1776813190709779629,2.0979,-0.388672,0.109351,2.37241,1.47854,1.64376,10,41190,31.5923,2.76108
1776813190714779332,2.0979,-0.414062,0.119323,2.34702,1.75896,1.59894,10,41212,31.6092,2.60773
1776813190719771369,2.09588,-0.414062,0.134173,2.19366,1.75896,1.59894,10,41226,31.6199,2.76108
1776813190724799164,2.09588,-0.496094,0.14491,2.26498,1.49114,1.54279,10,41251,31.6391,3.06816
1776813190729788294,2.08984,-0.496094,0.16878,2.57169,1.54406,1.51467,10,41276,31.6583,3.06778
1776813190734773998,2.08984,-0.507812,0.177216,2.55997,1.54406,1.51467,10,41290,31.669,2.91539
1776813190739783016,2.08737,-0.507812,0.185481,2.40758,1.54406,1.51467,10,41309,31.6836,3.06717
1776813190744772053,2.08737,-0.416016,0.200055,2.65115,1.50221,1.54879,10,41329,31.6989,2.91539
1776813190749771738,2.08046,-0.416016,0.208487,2.49938,1.50221,1.54879,10,41343,31.7097,3.06349
1776813190754860198,2.07852,-0.371094,0.233394,2.54684,1.51097,1.54214,10,41373,31.7327,2.91793
1776813190759799588,2.07852,-0.279297,0.240296,2.63863,1.64313,1.5854,10,41393,31.748,3.06877
1776813190764778774,2.07522,-0.279297,0.252337,2.78948,1.64313,1.5854,10,41409,31.7603,3.06778
1776813190769777829,2.07522,-0.228516,0.264609,2.83926,1.64313,1.5854,10,41427,31.7741,3.22087
1776813190774770311,2.07374,-0.228516,0.276931,2.99235,1.54827,1.59195,10,41444,31.7871,2.76053
1776813190779760737,2.07374,0.0488281,0.289969,2.80935,1.54827,1.59195,10,41449,31.791,1.84134
1776813190784762070,2.07147,0.0488281,0.291537,1.89017,1.73577,1.7394,10,41447,31.7895,0.306763
1776813190789814179,2.07147,1.10547,0.286935,0.338487,2.42239,2.34169,10,41442,31.7856,-0.766982
1776813190794793827,2.0755,1.10547,0.2902,0.338487,2.42239,2.34169,10,41442,31.7856,-0.306702
1776813190799771994,2.0755,2.6582,0.2902,2.3515,2.42239,2.34169,10,41442,31.7856,0
1776813190804775420,2.11312,2.6582,-0.300502,2.6582,2.64995,3.42057,10,41448,31.7902,0.306763
1776813190809773216,2.11312,2.15234,-0.295899,2.45911,2.64995,3.42057,10,41457,31.7971,1.07362
1776813190814778938,2.12456,2.15234,-0.277551,3.22597,1.93139,3.18495,10,41468,31.8056,1.53389
1776813190819774808,2.12456,1.13086,-0.269114,2.66475,1.93139,3.18495,10,41479,31.814,1.84097
1776813190824775863,2.14606,1.13086,-0.239175,2.97183,2.24656,2.7011,10,41493,31.8247,1.84096
1776813190829749716,2.14606,0.826172,-0.228438,2.66713,2.24656,2.7011,10,41507,31.8355,2.14725
1776813190834773807,2.15097,0.826172,-0.212792,2.97342,2.501,2.54978,10,41524,31.8485,2.30057
1776813190839768918,2.15097,0.378906,-0.199754,2.67947,2.501,2.54978,10,41539,31.86,2.45536
1776813190844802417,2.16018,0.378906,-0.179042,2.83426,2.67654,2.33664,10,41556,31.8731,2.45438
1776813190849781362,2.16018,0.128906,-0.166003,2.58328,2.67654,2.33664,10,41571,31.8846,2.45438
1776813190854789769,2.16156,0.128906,-0.153115,2.58328,2.93828,2.20041,10,41588,31.8976,2.45438
1776813190859774454,2.16156,-0.394531,-0.140077,2.05984,2.93828,2.20041,10,41604,31.9099,2.45438
1776813190864772713,2.16156,-0.394531,-0.127805,2.05984,2.69869,1.90205,10,41623,31.9244,2.76108
1776813190869770861,2.15917,-0.394531,-0.115624,2.36655,2.69869,1.90205,10,41635,31.9336,2.60721
1776813190874774138,2.15917,-0.65625,-0.106419,1.95096,2.30954,1.74203,10,41657,31.9505,2.60721
1776813190879760583,2.15327,-0.65625,-0.0954407,1.95096,2.30954,1.74203,10,41669,31.9597,2.60825
1776813190884796730,2.15327,-0.462891,-0.0862378,2.14536,1.6819,1.82548,10,41691,31.9766,2.60825
1776813190889772378,2.1476,-0.462891,-0.0750416,2.14536,1.6819,1.82548,10,41703,31.9858,2.60707
1776813190894776489,2.1476,-0.482422,-0.0658387,2.12464,1.51891,1.78851,10,41725,32.0027,2.60825
1776813190899771933,2.14282,-0.482422,-0.0537404,2.12583,1.51891,1.78851,10,41741,32.0149,2.60787
1776813190904773878,2.14282,-0.378906,-0.0414685,2.22896,1.61707,1.82575,10,41761,32.0303,2.76129
1776813190909770896,2.13848,-0.378906,-0.030465,2.38238,1.61707,1.82575,10,41775,32.041,3.06717
1776813190914812172,2.13848,-0.539062,-0.0197266,2.5281,1.83878,1.71465,10,41801,32.061,3.06778
1776813190919925150,2.13398,-0.539062,-0.00429044,2.52872,1.83878,1.71465,10,41815,32.0717,2.91443
1776813190924826634,2.13398,-0.683594,0.00644793,2.23083,2.00616,1.61165,10,41840,32.0909,3.06839
1776813190929774284,2.128,-0.683594,0.0196392,2.3848,2.00616,1.61165,10,41854,32.1016,2.91577
1776813190934779913,2.128,-0.75,0.0303775,2.16577,1.65632,1.54638,10,41880,32.1216,3.06717
1776813190939853651,2.12074,-0.75,0.053796,2.31717,1.71292,1.51302,10,41905,32.1407,3.06717
1776813190944798115,2.12074,-0.605469,0.0622341,2.4617,1.71292,1.51302,10,41923,32.1545,3.06778
1776813190949814226,2.11041,-0.605469,0.0657073,2.46231,1.71292,1.51302,10,41937,32.1653,3.06854
1776813190954768671,2.11041,-0.472656,0.0764457,2.59589,1.436,1.62346,10,41957,32.1806,2.91443
1776813190959772190,2.10489,-0.472656,0.0862705,2.44177,1.436,1.62346,10,41970,32.1906,2.76218
1776813190964766338,2.10489,-0.429688,0.0962421,2.3325,1.32477,1.62244,10,41994,32.209,2.75997
1776813190969785170,2.10273,-0.429688,0.112491,2.33029,1.32477,1.62244,10,42008,32.219,2.91501
1776813190974776003,2.10273,-0.458984,0.123229,2.45603,1.56802,1.59573,10,42033,32.2389,2.91443
1776813190979758856,2.09661,-0.458984,0.136279,2.45544,1.56802,1.59573,10,42047,32.2496,3.06793
1776813190984765040,2.09661,-0.498047,0.147018,2.56988,1.55179,1.54505,10,42071,32.2681,3.06901
1776813190989776021,2.09405,-0.498047,0.162862,2.57096,1.55179,1.54505,10,42085,32.2788,2.91326
1776813190994773373,2.09405,-0.507812,0.1736,2.40545,1.43422,1.52758,10,42109,32.2972,2.76218
1776813190999782576,2.08638,-0.507812,0.184346,2.25437,1.43422,1.52758,10,42123,32.3079,2.91326
1776813191004769391,2.08638,-0.466797,0.195085,2.44647,1.52654,1.51526,10,42147,32.3263,2.91501
1776813191009777243,2.08377,-0.466797,0.221618,2.44898,1.55933,1.50307,10,42171,32.3448,2.91577
1776813191014770039,2.08377,-0.349609,0.229289,2.56617,1.55933,1.50307,10,42184,32.3547,2.91385
1776813191019781113,2.07778,-0.349609,0.233266,2.56424,1.55933,1.50307,10,42202,32.3685,2.91501
1776813191024774262,2.07778,-0.318359,0.247075,2.59665,1.54426,1.55968,10,42221,32.3831,2.75997
1776813191029751985,2.0759,-0.318359,0.259765,2.44161,1.54426,1.55968,10,42233,32.3923,2.60773
1776813191034762855,2.0759,-0.238281,0.268966,2.36945,1.43708,1.59651,10,42255,32.4092,2.76163
1776813191039768669,2.07201,-0.238281,0.281957,2.52335,1.43708,1.59651,10,42260,32.413,1.99432
1776813191044795243,2.07201,-0.111328,0.285791,1.883,1.68474,1.65066,10,42258,32.4115,0.306702
1776813191049768466,2.07102,-0.111328,0.283261,0.195374,1.68474,1.65066,10,42254,32.4084,-0.766908
1776813191054777003,2.07102,3.23242,0.280194,2.46551,2.44509,3.55192,10,42251,32.4061,-0.45996
1776813191059775466,2.09387,3.23242,0.300748,2.77246,2.44509,3.55192,10,42251,32.4061,-0.153382
1776813191064793576,2.09387,2.83984,0.300748,2.68646,2.53561,3.43493,10,42256,32.4099,0.306702
1776813191069785669,2.11065,2.83984,-0.306954,3.14655,2.53561,3.43493,10,42263,32.4153,0.919921
1776813191074784058,2.11065,1.14062,-0.301587,2.06055,2.55319,2.54417,10,42279,32.4276,1.84134
1776813191079755671,2.1388,1.14062,-0.254267,3.13495,2.42615,2.6735,10,42295,32.4399,1.99432
1776813191084768263,2.1388,0.767578,-0.2489,2.7619,2.42615,2.6735,10,42305,32.4475,1.99356
1776813191089768689,2.14941,0.767578,-0.230614,2.76114,2.42615,2.6735,10,42318,32.4575,1.99393
1776813191094773448,2.14941,0.560547,-0.220643,2.55447,2.04776,2.39127,10,42334,32.4698,2.30103
1776813191099777837,2.15326,0.560547,-0.204524,2.86157,2.04776,2.39127,10,42345,32.4782,2.30103
1776813191104782207,2.15326,0.433594,-0.196089,2.73462,2.38739,2.3364,10,42364,32.4928,2.30103
1776813191109773226,2.1584,0.433594,-0.176373,2.73462,2.38739,2.3364,10,42379,32.5043,2.30103
1776813191114771763,2.1584,0.0585938,-0.164868,2.35962,2.8312,2.14599,10,42396,32.5173,2.45389
1776813191119771911,2.16068,0.0585938,-0.149546,2.51248,2.8312,2.14599,10,42410,32.5281,2.60825
1776813191124802984,2.16068,-0.123047,-0.138812,2.4852,2.5495,2.0528,10,42433,32.5457,2.91501
1776813191129764949,2.16042,-0.123047,-0.121434,2.79196,2.5495,2.0528,10,42445,32.5549,2.76053
1776813191134769856,2.16042,-0.453125,-0.112229,2.3074,2.38607,1.86346,10,42467,32.5718,2.45438
1776813191139774782,2.15491,-0.453125,-0.100867,2.00125,2.38607,1.86346,10,42480,32.5818,2.76108
1776813191144790022,2.15491,-0.419922,-0.0908953,2.34116,1.85533,1.85738,10,42503,32.5994,2.76184
1776813191149815577,2.15235,-0.419922,-0.0658365,2.34171,1.7581,1.84579,10,42526,32.617,2.76163
1776813191154788189,2.15235,-0.501953,-0.0581652,2.25968,1.7581,1.84579,10,42539,32.627,2.76053
1776813191159780708,2.14588,-0.501953,-0.0546709,2.25857,1.7581,1.84579,10,42557,32.6408,2.91443
1776813191164778004,2.14588,-0.484375,-0.0408617,2.43005,1.57621,1.77957,10,42577,32.6562,2.91501
1776813191169779393,2.14046,-0.484375,-0.0309454,2.43064,1.57621,1.77957,10,42590,32.6661,2.76053
1776813191174831373,2.14046,-0.628906,-0.0209738,2.13162,1.73334,1.67246,10,42614,32.6845,2.76163
1776813191179774745,2.13545,-0.628906,-0.00757847,2.13272,1.73334,1.67246,10,42627,32.6945,2.91461
1776813191184774801,2.13545,-0.679688,0.00239317,2.23492,1.96428,1.6206,10,42652,32.7137,2.91443
1776813191189775505,2.13161,-0.679688,0.017734,2.23474,1.96428,1.6206,10,42666,32.7244,2.91501
1776813191194773986,2.13161,-0.744141,0.0284723,2.17087,1.76489,1.56631,10,42690,32.7428,2.91443
1776813191199784171,2.12149,-0.744141,0.036756,2.17029,1.76489,1.56631,10,42704,32.7536,2.91326
1776813191204784264,2.12149,-0.71875,0.0474943,2.19451,1.62291,1.53429,10,42726,32.7704,2.76163
1776813191209788023,2.11712,-0.71875,0.0599989,2.04288,1.62291,1.53429,10,42739,32.7804,2.76163
1776813191214775727,2.11712,-0.642578,0.0699705,2.11905,1.64709,1.55759,10,42761,32.7973,2.60797
1776813191219795023,2.11712,-0.642578,0.0868429,1.96539,1.64709,1.55759,10,42774,32.8072,2.76163
1776813191224791227,2.11037,-0.642578,0.0900606,2.11905,1.4244,1.52642,10,42795,32.8234,2.91385
1776813191229754691,2.11037,-0.480469,0.106166,2.43338,1.4244,1.52642,10,42817,32.8402,3.06533
1776813191234761247,2.10009,-0.480469,0.112764,2.58486,1.58082,1.57123,10,42838,32.8563,2.91676
1776813191239776913,2.10009,-0.5,0.128869,2.41676,1.58082,1.57123,10,42856,32.8701,3.06471
1776813191244768765,2.09711,-0.5,0.139696,2.56471,1.69324,1.54627,10,42878,32.887,2.91753
1776813191249770376,2.09711,-0.535156,0.156568,2.38237,1.69324,1.54627,10,42897,32.9016,3.06839
1776813191254770987,2.09204,-0.535156,0.16607,2.53324,1.37513,1.50264,10,42920,32.9192,3.37516
1776813191259776672,2.09204,-0.476562,0.18371,2.89859,1.37513,1.50264,10,42939,32.9338,3.22125
1776813191264825578,2.08462,-0.476562,0.190868,2.74469,1.57589,1.50148,10,42962,32.9514,3.22049
1776813191269783006,2.08462,-0.394531,0.208511,2.82595,1.57589,1.50148,10,42979,32.9645,3.0641
1776813191274794042,2.08025,-0.394531,0.217182,2.66957,1.70546,1.52783,10,43000,32.9806,2.91851
1776813191279758229,2.08025,-0.314453,0.233287,2.60406,1.70546,1.52783,10,43018,32.9944,3.06349
1776813191284764895,2.07678,-0.314453,0.243617,2.74904,1.50665,1.55722,10,43040,33.0113,3.07161
1776813191289761321,2.07678,-0.298828,0.26049,2.77279,1.50665,1.55722,10,43058,33.0251,2.91618
1776813191294777414,2.07678,-0.298828,0.274301,2.61735,1.42315,1.56613,10,43076,33.0389,2.91326
1776813191299779488,2.07524,-0.298828,0.286561,2.61444,1.42315,1.56613,10,43085,33.0458,2.60825
1776813191304923168,2.07524,0.400391,0.293462,3.00864,1.75934,1.95746,10,43084,33.045,0.460145
1776813191309866707,2.0712,0.400391,0.288659,0.860535,1.75934,1.95746,10,43079,33.0412,-0.613281
1776813191314828523,2.0712,1.75,0.284826,1.13672,2.3179,2.70781,10,43077,33.0396,-0.766908
1776813191319795469,2.07647,1.75,0.28856,0.983092,2.3179,2.70781,10,43077,33.0396,0
1776813191324791876,2.07647,2.40234,0.28856,2.40234,2.66911,3.10434,10,43083,33.0442,0.460237
1776813191329772081,2.11698,2.40234,-0.294649,2.86258,2.66911,3.10434,10,43090,33.0496,1.22681
1776813191334779840,2.11698,1.59961,-0.289278,2.82642,2.4166,2.83498,10,43104,33.0604,1.22732
1776813191339781044,2.1265,1.59961,-0.269022,2.82693,2.4166,2.83498,10,43118,33.0711,2.14767
1776813191344786229,2.1265,0.572266,-0.258284,2.71994,2.4213,2.29318,10,43130,33.0803,1.84097
1776813191349853004,2.14114,0.572266,-0.234434,2.41324,2.4213,2.29318,10,43142,33.0895,2.14691
1776813191354804988,2.14114,0.291016,-0.22523,2.43793,2.1846,2.19994,10,43161,33.1041,2.60773
1776813191359785896,2.14317,0.291016,-0.208628,2.89874,2.1846,2.19994,10,43175,33.1148,2.1481
1776813191364804451,2.14317,0.128906,-0.19789,2.27701,1.89321,2.11679,10,43191,33.1271,2.30103
1776813191369787377,2.14317,0.128906,-0.185618,2.42993,1.89321,2.11679,10,43202,33.1355,2.29735
1776813191374954853,2.1468,0.128906,-0.173556,2.42626,2.44502,2.13333,10,43219,33.1486,2.30425
1776813191379794303,2.1468,-0.210938,-0.160513,2.09331,2.44502,2.13333,10,43237,33.1624,2.45389
1776813191384780748,2.14655,-0.210938,-0.146952,2.24295,2.60202,1.93851,10,43253,33.1746,2.45536
1776813191389790729,2.14655,-0.421875,-0.13468,2.03348,2.60202,1.93851,10,43268,33.1861,2.45389
1776813191394777711,2.14494,-0.421875,-0.124789,2.03201,2.12914,1.81092,10,43287,33.2007,2.45438
1776813191399779545,2.14494,-0.441406,-0.110216,2.01297,2.12914,1.81092,10,43304,33.2138,2.76163
1776813191404778804,2.13836,-0.441406,-0.103758,2.32022,1.93372,1.76974,10,43323,33.2283,2.76053
1776813191409836524,2.13836,-0.5,-0.089186,2.26053,1.93372,1.76974,10,43340,33.2414,2.76163
1776813191414843432,2.13587,-0.5,-0.0786384,2.26163,1.56557,1.72496,10,43358,33.2552,2.60668
1776813191419827173,2.13587,-0.470703,-0.064833,2.13598,1.56557,1.72496,10,43374,33.2674,2.75963
1776813191424850857,2.12843,-0.470703,-0.0600036,2.28893,1.79583,1.70755,10,43394,33.2828,2.61086
1776813191429776267,2.12843,-0.501953,-0.0446647,2.10891,1.79583,1.70755,10,43412,33.2966,2.91443
1776813191434777971,2.1261,-0.501953,-0.0331862,2.41248,1.60474,1.67906,10,43429,33.3096,3.06717
1776813191439801378,2.1261,-0.621094,-0.0201438,2.44607,1.60474,1.67906,10,43452,33.3273,3.06717
1776813191444779064,2.1261,-0.621094,-0.00250463,2.44607,1.76937,1.61115,10,43474,33.3441,3.22254
1776813191449779897,2.1175,-0.621094,0.00576561,2.60144,1.76937,1.61115,10,43488,33.3549,3.06839
1776813191454778805,2.1175,-0.628906,0.016504,2.43949,1.81769,1.56712,10,43513,33.3741,2.91443
1776813191459798712,2.10783,-0.628906,0.0260102,2.28552,1.81769,1.56712,10,43527,33.3848,3.06778
1776813191464776620,2.10783,-0.609375,0.0367448,2.4584,1.66615,1.5336,10,43552,33.404,2.91443
1776813191469785157,2.10173,-0.609375,0.0498254,2.30505,1.66615,1.5336,10,43566,33.4147,2.91519
1776813191474776083,2.10173,-0.599609,0.0605637,2.31558,1.60244,1.51094,10,43585,33.4293,2.91385
1776813191479765065,2.09873,-0.599609,0.0721375,2.31424,1.60244,1.51094,10,43602,33.4423,2.76108
1776813191484766880,2.09873,-0.511719,0.0851762,2.24936,1.44712,1.54713,10,43624,33.4592,2.76163
1776813191489779990,2.09322,-0.511719,0.0965402,2.24991,1.44712,1.54713,10,43637,33.4692,2.60721
1776813191494791916,2.09322,-0.429688,0.106508,2.17752,1.3097,1.56828,10,43659,33.486,2.60825
1776813191499822267,2.08629,-0.429688,0.116457,2.17856,1.3097,1.56828,10,43672,33.496,2.76108
1776813191504814915,2.08629,-0.441406,0.126428,2.31967,1.41822,1.52932,10,43696,33.5144,2.91385
1776813191509828822,2.08419,-0.441406,0.142729,2.47244,1.41822,1.52932,10,43709,33.5244,2.76184
1776813191514799972,2.08419,-0.449219,0.1527,2.31262,1.58237,1.51505,10,43732,33.542,2.76108
1776813191519789731,2.08419,-0.449219,0.170339,2.31186,1.58237,1.51505,10,43745,33.552,2.76108
1776813191524787694,2.07758,-0.449219,0.173708,2.31186,1.36602,1.48417,10,43763,33.5658,2.60773
1776813191529757529,2.07758,-0.349609,0.187513,2.25812,1.36602,1.48417,10,43784,33.5819,2.76053
1776813191534765454,2.07157,-0.349609,0.197611,2.41092,1.61664,1.51278,10,43803,33.5965,2.60773
1776813191539771991,2.07157,-0.271484,0.212183,2.33624,1.61664,1.51278,10,43820,33.6095,2.9156
1776813191544786546,2.06843,-0.271484,0.222074,2.64411,1.41267,1.54254,10,43840,33.6249,2.76108
1776813191549791695,2.06843,-0.222656,0.237413,2.53842,1.41267,1.54254,10,43856,33.6371,2.91326
1776813191554782250,2.06588,-0.222656,0.247133,2.69061,1.45292,1.55838,10,43876,33.6525,2.60877
1776813191559774788,2.06588,-0.208984,0.262472,2.39979,1.45292,1.55838,10,43893,33.6655,2.91461
1776813191564780936,2.0638,-0.208984,0.273439,2.70562,1.6049,1.55642,10,43910,33.6785,2.60825
1776813191569775955,2.0638,-0.0273438,0.286478,2.5809,1.6049,1.55642,10,43912,33.6801,1.99393
1776813191574776918,2.06208,-0.0273438,0.286291,1.96658,1.73928,1.65185,10,43902,33.6724,-0.920868
1776813191579753863,2.06208,2.49609,0.278623,1.57523,1.73928,1.65185,10,43897,33.6686,-1.22705
1776813191584765066,2.07386,2.49609,0.286562,1.26904,2.56138,3.14554,10,43896,33.6678,-0.460631
1776813191589782918,2.07386,3.07227,0.285791,2.61163,2.56138,3.14554,10,43896,33.6678,0
1776813191594778288,2.07386,3.07227,0.285791,3.07227,2.11668,3.47396,10,43903,33.6732,0.307465
1776813191599777714,2.10391,3.07227,-0.307104,3.37973,2.11668,3.47396,10,43907,33.6762,1.07346
1776813191604785307,2.10391,1.50977,-0.304037,2.58322,2.44448,2.72336,10,43924,33.6893,1.53396
1776813191609777418,2.12717,1.50977,-0.267736,3.04373,2.44448,2.72336,10,43933,33.6962,1.99396
1776813191614784288,2.12717,0.777344,-0.260832,2.7713,2.30441,2.41316,10,43949,33.7085,1.99432
1776813191619774807,2.14434,0.777344,-0.23139,2.77167,2.30441,2.41316,10,43959,33.7161,1.99233
1776813191624776048,2.14434,0.59375,-0.223723,2.58608,2.27621,2.38709,10,43980,33.7322,2.30287
1776813191629753345,2.14772,0.59375,-0.204233,2.89662,2.27621,2.38709,10,43990,33.7399,2.45487
1776813191634773011,2.14772,0.269531,-0.196566,2.7244,2.53435,2.21769,10,44008,33.7537,2.14682
1776813191639768382,2.15532,0.269531,-0.175161,2.41635,2.53435,2.21769,10,44019,33.7621,2.30149
1776813191644775567,2.15532,0.197266,-0.166723,2.49875,2.54951,2.21106,10,44040,33.7783,2.45487
1776813191649773400,2.1564,0.197266,-0.149538,2.65213,2.54951,2.21106,10,44052,33.7875,2.45438
1776813191654788955,2.1564,-0.255859,-0.140333,2.19852,2.51454,1.95768,10,44072,33.8028,2.6046
1776813191659803159,2.15548,-0.255859,-0.12591,2.34874,2.51454,1.95768,10,44085,33.8128,2.45438
1776813191664791381,2.15548,-0.287109,-0.115938,2.16727,1.98989,1.9357,10,44107,33.8296,2.61034
1776813191669776826,2.15548,-0.287109,-0.099062,2.32323,1.98989,1.9357,10,44119,33.8388,2.60773
1776813191674777456,2.15426,-0.287109,-0.0910855,2.32062,1.90541,1.93013,10,44136,33.8519,2.45389
1776813191679817992,2.15426,-0.357422,-0.0780468,2.09646,1.90541,1.93013,10,44154,33.8657,2.45536
1776813191684770549,2.14784,-0.357422,-0.070654,2.09794,1.59208,1.86089,10,44168,33.8764,2.45389
1776813191689778401,2.14784,-0.322266,-0.0599156,2.13162,1.59208,1.86089,10,44187,33.891,2.60773
1776813191694778679,2.14445,-0.322266,-0.0487347,2.28546,1.89556,1.86548,10,44207,33.9063,2.60721
1776813191699786493,2.14445,-0.451172,-0.033392,2.15603,1.89556,1.86548,10,44223,33.9186,2.76218
1776813191704808585,2.14072,-0.451172,-0.0248509,2.31101,1.81149,1.77497,10,44238,33.9301,2.60668
1776813191709792104,2.14072,-0.568359,-0.0133458,2.03833,1.81149,1.77497,10,44258,33.9455,2.76218
1776813191714789938,2.13555,-0.568359,-0.00318341,2.19382,1.83806,1.68451,10,44275,33.9585,2.60721
1776813191719775438,2.13555,-0.609375,0.00985523,1.99783,1.83806,1.68451,10,44292,33.9715,2.60825
1776813191724791141,2.12969,-0.609375,0.0170421,1.99887,1.87561,1.63433,10,44307,33.983,2.76053
1776813191729760550,2.12969,-0.578125,0.0285472,2.1824,1.87561,1.63433,10,44328,33.9991,2.76239
1776813191734761883,2.12353,-0.578125,0.0384922,2.18427,1.5701,1.62384,10,44348,34.0145,2.76108
1776813191739772402,2.12353,-0.488281,0.0538311,2.2728,1.5701,1.62384,10,44364,34.0268,2.75997
1776813191744773698,2.12353,-0.488281,0.0661029,2.27169,1.62649,1.67505,10,44383,34.0413,2.76218
1776813191749781809,2.11827,-0.488281,0.0754108,2.2739,1.62649,1.67505,10,44396,34.0513,2.76108
1776813191754772087,2.11827,-0.455078,0.0853786,2.306,1.70571,1.66974,10,44419,34.0689,2.76108
1776813191759777254,2.11355,-0.455078,0.0983104,2.306,1.70571,1.66974,10,44433,34.0797,2.91268
1776813191764781050,2.11355,-0.476562,0.109049,2.43612,1.48037,1.63577,10,44460,34.1004,3.07038
1776813191769797864,2.1069,-0.476562,0.123098,2.59382,1.48037,1.63577,10,44475,34.1111,3.21598
1776813191774779365,2.1069,-0.490234,0.134603,2.72575,1.55114,1.59721,10,44496,34.128,3.07208
1776813191779840511,2.10448,-0.490234,0.148291,2.58185,1.55114,1.59721,10,44515,34.1426,3.06839
1776813191784782957,2.10448,-0.435547,0.162863,2.63285,1.53306,1.61718,10,44540,34.1618,3.06732
1776813191789799401,2.09739,-0.435547,0.174952,2.63177,1.53306,1.61718,10,44554,34.1725,3.06839
1776813191794848529,2.09739,-0.412109,0.18569,2.65628,1.45666,1.59767,10,44579,34.1917,2.91501
1776813191799832234,2.09531,-0.412109,0.202784,2.5029,1.45666,1.59767,10,44593,34.2024,3.06227
1776813191804811216,2.09531,-0.328125,0.213522,2.73414,1.49603,1.63587,10,44617,34.2208,2.76606
1776813191809785847,2.08956,-0.328125,0.226175,2.43793,1.49603,1.63587,10,44630,34.2308,2.91519
1776813191814782643,2.08956,-0.306641,0.236147,2.60855,1.58413,1.62135,10,44649,34.2454,2.76108
1776813191819784495,2.08956,-0.306641,0.250719,2.45444,1.58413,1.62135,10,44666,34.2584,2.75997
1776813191824798828,2.08797,-0.306641,0.262171,2.45333,1.65067,1.61394,10,44686,34.2737,2.76218
1776813191829839752,2.08797,-0.255859,0.27751,2.50632,1.65067,1.61394,10,44705,34.2883,2.91443
1776813191834795773,2.08268,-0.255859,0.286798,2.65857,1.67975,1.61822,10,44711,34.2929,1.84024
1776813191839789458,2.08268,0.234375,0.291399,2.07461,1.67975,1.61822,10,44709,34.2921,0.306824
1776813191844798347,2.08137,0.234375,0.288549,0.541199,2.07371,1.8915,10,44705,34.2883,-0.613158
1776813191849786643,2.08137,1.55273,0.285482,0.939576,2.07371,1.8915,10,44704,34.2875,-0.460052
1776813191854789514,2.08487,1.55273,0.288218,1.09268,2.66489,2.65932,10,44704,34.2875,0
1776813191859784625,2.08487,2.48242,0.288218,2.48242,2.66489,2.65932,10,44709,34.2914,0
1776813191864788273,2.12822,2.48242,-0.292917,2.48242,2.06736,3.38987,10,44718,34.2983,1.53351
1776813191869806013,2.12822,1.89453,-0.286016,3.42804,2.06736,3.38987,10,44729,34.3067,1.38092
1776813191874787088,2.13585,1.89453,-0.269949,3.27545,1.98564,3.08974,10,44742,34.3167,1.6872
1776813191879768719,2.13585,0.857422,-0.259977,2.54462,2.24516,2.49859,10,44758,34.329,1.84097
1776813191884775348,2.1555,0.857422,-0.228052,2.69839,2.24516,2.49859,10,44766,34.3351,2.14767
1776813191889767071,2.1555,0.564453,-0.221918,2.71213,2.24516,2.49859,10,44781,34.3466,1.99432
1776813191894776644,2.1555,0.564453,-0.210413,2.55878,2.48011,2.42118,10,44795,34.3573,2.14725
1776813191899768367,2.15803,0.564453,-0.197145,2.7117,2.48011,2.42118,10,44808,34.3673,2.14725
1776813191904782515,2.15803,0.564453,-0.197145,2.7117,2.48011,2.42118,10,44808,34.3673,2.14725
1776813191909781737,2.15803,0.0253906,-0.187174,2.17264,2.56025,2.12539,10,44839,34.3911,2.60773
1776813191914778404,2.1672,-0.205078,-0.141191,2.55511,2.46434,2.16691,10,44863,34.4095,2.76018
1776813191919779478,2.16646,-0.205078,-0.13656,2.55511,2.46434,2.16691,10,44875,34.4187,2.3021
1776813191924802792,2.16646,-0.576172,-0.127355,1.72593,2.1537,1.82069,10,44896,34.4348,2.60901
1776813191929830625,2.16211,-0.576172,-0.115598,2.03284,2.1537,1.82069,10,44906,34.4425,2.75997
1776813191934785830,2.16211,-0.626953,-0.107927,2.13302,1.60516,1.77206,10,44932,34.4624,2.60825
1776813191939775478,2.15925,-0.626953,-0.0908487,1.9813,1.60516,1.77206,10,44942,34.4701,2.91501
1776813191944793459,2.15925,-0.669922,-0.0831812,2.24509,1.63213,1.73458,10,44970,34.4916,3.06655
1776813191949776441,2.14979,-0.669922,-0.0711573,2.39663,1.63213,1.73458,10,44981,34.5,2.91326
1776813191954773942,2.14979,-0.623047,-0.0627192,2.29022,1.49882,1.71835,10,45009,34.5215,2.91618
1776813191959777738,2.14668,-0.623047,-0.044359,2.29313,1.49882,1.71835,10,45024,34.533,2.91577
1776813191964794941,2.14668,-0.623047,-0.044359,2.29313,1.49882,1.71835,10,45024,34.533,2.91577
1776813191969774460,2.14668,-0.574219,-0.00600986,2.49356,1.7356,1.73203,10,45063,34.5629,3.06778
1776813191974780868,2.13675,-0.574219,-0.0128687,2.49356,2.01793,1.68668,10,45088,34.5821,2.91501
1776813191979795645,2.13675,-0.671875,0.006304,2.24314,2.01793,1.68668,10,45103,34.5936,3.06717
1776813191984782460,2.1296,-0.671875,0.0106604,2.39529,1.72545,1.59828,10,45123,34.6089,3.22254
1776813191989786664,2.1296,-0.691406,0.0259993,2.53113,1.72545,1.59828,10,45141,34.6227,2.91443
1776813191994786905,2.12735,-0.691406,0.0375578,2.22302,1.69818,1.57681,10,45163,34.6396,2.76108
1776813191999771979,2.12735,-0.681641,0.0544302,2.07944,1.69818,1.57681,10,45176,34.6496,2.76053
1776813192004772776,2.11586,-0.681641,0.052912,2.07889,1.51211,1.52952,10,45195,34.6641,2.60825
1776813192009784406,2.11586,-0.599609,0.0674841,2.00864,1.51211,1.52952,10,45208,34.6741,2.75997
1776813192014785017,2.11362,-0.599609,0.0752127,2.16036,1.53907,1.56593,10,45231,34.6917,2.76163
1776813192019798591,2.11362,-0.443359,0.0928518,2.31827,1.53907,1.56593,10,45248,34.7048,2.76184
1776813192024771870,2.10506,-0.443359,0.0973303,2.31848,1.70777,1.61542,10,45267,34.7194,2.76163
1776813192029761149,2.10506,-0.410156,0.111902,2.35147,1.70777,1.61542,10,45283,34.7316,2.76108
1776813192034764538,2.10369,-0.410156,0.122809,2.35092,1.53945,1.62803,10,45305,34.7485,2.60721
1776813192039791723,2.10369,-0.410156,0.122809,2.35092,1.53945,1.62803,10,45305,34.7485,2.60721
1776813192044789131,2.10369,-0.515625,0.161928,2.39822,1.69477,1.56791,10,45339,34.7746,2.91385
1776813192049781076,2.09434,-0.515625,0.156412,2.39822,1.69477,1.56791,10,45357,34.7884,2.76053
1776813192054770965,2.09434,-0.457031,0.170218,2.30349,1.7523,1.5579,10,45381,34.8068,3.06916
1776813192059801409,2.08862,-0.457031,0.182898,2.61213,1.7523,1.5579,10,45391,34.8145,2.91385
1776813192064784873,2.08862,-0.412109,0.190569,2.50174,1.62519,1.55686,10,45418,34.8352,2.76108
1776813192069825446,2.08722,-0.412109,0.209883,2.34897,1.62519,1.55686,10,45432,34.8459,2.91501
1776813192074806484,2.08722,-0.361328,0.220621,2.55368,1.50937,1.57928,10,45457,34.8651,2.91385
1776813192079787226,2.0806,-0.361328,0.233175,2.55252,1.50937,1.57928,10,45468,34.8735,3.06778
1776813192084783171,2.0806,-0.341797,0.241614,2.72598,1.48371,1.55952,10,45498,34.8965,3.06977
1776813192089774338,2.07954,-0.341797,0.263556,2.72797,1.48371,1.55952,10,45514,34.9088,3.22113
1776813192094780487,2.07954,-0.263672,0.275828,2.95746,1.58922,1.59906,10,45536,34.9257,3.21984
1776813192099791709,2.07457,-0.263672,0.287737,2.95617,1.58922,1.59906,10,45542,34.9303,2.45438
1776813192104790858,2.07457,-0.283203,0.292338,2.17117,2.32142,1.5647,10,45541,34.9295,0.613649
1776813192109778618,2.07378,-0.283203,0.290777,0.330446,2.32142,1.5647,10,45537,34.9264,-0.460052
1776813192114794618,2.07378,2.5332,0.28771,2.07315,2.2968,3.16633,10,45536,34.9257,-0.613158
1776813192119775785,2.07378,2.5332,0.286944,1.92005,2.2968,3.16633,10,45536,34.9257,0
1776813192124778304,2.08416,2.5332,0.297323,2.5332,2.6211,3.21488,10,45541,34.9295,0.306702
1776813192129772212,2.08416,2.02148,0.301157,2.32819,2.6211,3.21488,10,45551,34.9372,1.07422
1776813192134777601,2.12464,2.02148,-0.279012,3.0957,2.41038,3.11069,10,45562,34.9456,1.5332
1776813192139773028,2.12464,0.902344,-0.270574,2.43555,2.41038,3.11069,10,45574,34.9548,1.68796
1776813192144773547,2.13694,0.902344,-0.249074,2.5903,2.2229,2.52917,10,45594,34.9702,2.30057
1776813192149777843,2.13694,0.414062,-0.233732,2.71463,2.2229,2.52917,10,45605,34.9786,2.45487
1776813192154800991,2.14419,0.414062,-0.218042,2.86893,2.32406,2.28398,10,45621,34.9909,2.30057
1776813192159781548,2.14419,0.333984,-0.20577,2.63455,2.32406,2.28398,10,45636,35.0024,2.30103
1776813192164786937,2.1476,0.333984,-0.190855,2.63501,2.64664,2.25388,10,45655,35.0169,2.30057
1776813192169776104,2.1476,0.0605469,-0.176282,2.36111,2.64664,2.25388,10,45667,35.0261,2.45487
1776813192174775031,2.14956,0.0605469,-0.165121,2.51541,2.45739,2.10693,10,45684,35.0392,2.45438
1776813192179763124,2.14956,-0.314453,-0.152082,2.13992,2.45739,2.10693,10,45700,35.0515,2.45487
1776813192184847048,2.1481,-0.314453,-0.141263,2.14041,2.21448,1.88657,10,45717,35.0645,2.60773
1776813192189798031,2.1481,-0.5625,-0.128225,2.04523,2.21448,1.88657,10,45734,35.0775,2.75777
1776813192194775088,2.1481,-0.5625,-0.115186,2.19527,1.62667,1.74518,10,45756,35.0944,2.61086
1776813192199772736,2.14298,-0.5625,-0.103433,2.04836,1.62667,1.74518,10,45766,35.1021,2.76053
1776813192204890844,2.14298,-0.529297,-0.0957656,2.23123,1.59042,1.74076,10,45790,35.1205,2.60773
1776813192209800033,2.13468,-0.529297,-0.0856566,2.07843,1.59042,1.74076,10,45799,35.1274,2.45438
1776813192214776849,2.13468,-0.568359,-0.0787558,1.88602,1.55345,1.68055,10,45820,35.1435,2.60773
1776813192219773923,2.13322,-0.568359,-0.0641112,2.03937,1.55345,1.68055,10,45833,35.1535,2.60773
1776813192224959621,2.13322,-0.460938,-0.0541434,2.14679,1.47348,1.73508,10,45859,35.1734,2.60721
1776813192229832663,2.12418,-0.460938,-0.0432334,2.14627,1.47348,1.73508,10,45869,35.1811,2.91094
1776813192234765943,2.12418,-0.5,-0.035562,2.41094,1.78288,1.67136,10,45897,35.2026,2.91851
1776813192239766129,2.12282,-0.5,-0.0154548,2.41851,1.78288,1.67136,10,45908,35.211,2.91519
1776813192244767129,2.12282,-0.667969,-0.00701664,2.24722,1.84405,1.56933,10,45935,35.2317,2.91501
1776813192249792425,2.11298,-0.667969,0.00385522,2.24704,1.84405,1.56933,10,45946,35.2401,2.91443
1776813192254795092,2.11298,-0.712891,0.0122895,2.20154,1.53743,1.49841,10,45975,35.2624,3.06717
1776813192259781852,2.11107,-0.712891,0.0326257,2.35428,1.53743,1.49841,10,45986,35.2708,3.06839
1776813192264776112,2.11107,-0.660156,0.0410638,2.40824,1.62489,1.51965,10,46015,35.2931,3.06854
1776813192269773816,2.11107,-0.660156,0.0633073,2.40839,1.62489,1.51965,10,46025,35.3007,2.91385
1776813192274785779,2.09612,-0.660156,0.0560212,2.25369,1.39592,1.45037,10,46047,35.3176,2.91501
1776813192279754966,2.09612,-0.429688,0.0728974,2.48532,1.39592,1.45037,10,46065,35.3306,2.75997
1776813192284772058,2.08813,-0.429688,0.0787148,2.33029,1.47305,1.54455,10,46083,35.3452,2.75777
1776813192289771540,2.08813,-0.373047,0.0925202,2.38472,1.47305,1.54455,10,46101,35.359,2.7655
1776813192294774207,2.08417,-0.373047,0.102362,2.39246,1.68199,1.55836,10,46125,35.3774,2.91403
1776813192299787800,2.08417,-0.429688,0.120772,2.48434,1.68199,1.55836,10,46140,35.3889,2.91501
1776813192304784356,2.08028,-0.429688,0.128386,2.48532,1.36636,1.50791,10,46160,35.4043,3.06288
1776813192309775264,2.08028,-0.447266,0.143729,2.61561,1.36636,1.50791,10,46177,35.4173,2.7655
1776813192314785060,2.07565,-0.447266,0.15214,2.31824,1.48087,1.47624,10,46195,35.4311,2.75997
1776813192319776191,2.07565,-0.386719,0.165946,2.37326,1.48087,1.47624,10,46212,35.4442,2.60929
1776813192324788505,2.07152,-0.386719,0.174849,2.22257,1.67521,1.49136,10,46230,35.458,2.60721
1776813192329762747,2.07152,-0.322266,0.188654,2.28494,1.67521,1.49136,10,46247,35.4702,2.76108
1776813192334781710,2.07072,-0.322266,0.200892,2.43881,1.50828,1.52434,10,46268,35.4871,2.60849
1776813192339777211,2.07072,-0.169922,0.216998,2.43857,1.50828,1.52434,10,46281,35.4971,2.75777
1776813192344777137,2.07072,-0.169922,0.226969,2.58785,1.47483,1.61118,10,46298,35.5101,2.45733
1776813192349854320,2.06618,-0.169922,0.235472,2.2874,1.47483,1.61118,10,46311,35.5201,2.60773
1776813192354801952,2.06618,-0.103516,0.245444,2.50421,1.59725,1.62771,10,46335,35.5385,2.45487
1776813192359782120,2.06486,-0.103516,0.262534,2.35135,1.59725,1.62771,10,46349,35.5492,2.75777
1776813192364804934,2.06486,-0.103516,0.262534,2.35135,1.59725,1.62771,10,46349,35.5492,2.75777
1776813192369776398,2.06359,-0.0957031,0.28887,1.89583,1.76447,1.62596,10,46371,35.5661,1.99154
1776813192374805435,2.06359,-0.0957031,0.28887,1.89583,1.76447,1.62596,10,46371,35.5661,1.99154
1776813192379755715,2.06661,1.19922,0.285754,0.278167,2.67952,2.35808,10,46362,35.5592,-0.921052
1776813192384767196,2.06661,2.70508,0.284987,1.78403,3.07604,3.23062,10,46360,35.5577,-0.613281
1776813192389771678,2.07627,2.70508,0.293116,2.0918,3.07604,3.23062,10,46360,35.5577,-0.153351
1776813192394779530,2.07627,2.26953,0.293116,2.11618,2.69139,3.0277,10,46365,35.5615,-0.153351
1776813192399774197,2.12134,2.26953,-0.286302,2.11618,2.69139,3.0277,10,46370,35.5653,1.22757
1776813192404773531,2.12134,1.41016,-0.282464,2.63773,2.29194,2.74707,10,46387,35.5784,1.68686
1776813192409779457,2.13087,1.41016,-0.259893,3.09702,2.29194,2.74707,10,46395,35.5845,1.84097
1776813192414781161,2.13087,0.84375,-0.253759,2.68472,2.24971,2.46799,10,46417,35.6014,2.30149
1776813192419775791,2.13087,0.84375,-0.236882,3.14524,2.24971,2.46799,10,46425,35.6075,2.30103
1776813192424781236,2.14182,0.84375,-0.219793,3.14478,1.93897,2.51811,10,46443,35.6213,2.30057
1776813192429752552,2.14182,0.371094,-0.205987,2.67166,1.93897,2.51811,10,46456,35.6313,2.1481
1776813192434763034,2.14944,0.371094,-0.188401,2.5192,2.52266,2.28341,10,46471,35.6428,1.99356
1776813192439819273,2.14944,0.199219,-0.176896,2.19278,2.52266,2.28341,10,46488,35.6558,2.45389
1776813192444827088,2.15089,0.199219,-0.162404,2.6531,2.6446,2.19205,10,46507,35.6704,2.76108
1776813192449795201,2.15089,-0.126953,-0.147832,2.63412,2.6446,2.19205,10,46525,35.6842,2.91577
1776813192454776331,2.15172,-0.126953,-0.133195,2.78882,2.2268,2.00991,10,46545,35.6996,2.91152
1776813192459785591,2.15172,-0.464844,-0.117852,2.44667,2.2268,2.00991,10,46562,35.7126,2.76384
1776813192464776962,2.14864,-0.464844,-0.107896,2.299,1.96178,1.8033,10,46581,35.7272,2.75997
1776813192469782388,2.14864,-0.529297,-0.0933239,2.23068,1.96178,1.8033,10,46599,35.741,2.76163
1776813192474779444,2.14352,-0.529297,-0.0846417,2.23233,1.50622,1.74321,10,46618,35.7556,2.91501
1776813192479760889,2.14352,-0.552734,-0.0700695,2.36228,1.50622,1.74321,10,46636,35.7694,2.91519
1776813192484770760,2.13813,-0.552734,-0.0616505,2.36246,1.41362,1.70525,10,46655,35.7839,2.76108
1776813192489781501,2.13813,-0.443359,-0.0470784,2.31772,1.41362,1.70525,10,46673,35.7977,2.76053
1776813192494774723,2.13813,-0.443359,-0.033273,2.31717,1.86855,1.76759,10,46695,35.8146,2.91094
1776813192499795408,2.13303,-0.443359,-0.0215008,2.46758,1.86855,1.76759,10,46704,35.8215,2.61138
1776813192504822537,2.13303,-0.507812,-0.0146,2.10357,1.72214,1.7075,10,46730,35.8415,2.75997
1776813192509811594,2.12427,-0.507812,-0.00341151,2.25216,1.72214,1.7075,10,46741,35.8499,2.76163
1776813192514777281,2.12427,-0.585938,0.00502659,2.17569,1.86592,1.6228,10,46767,35.8698,2.91443
1776813192519797132,2.12137,-0.585938,0.0220592,2.32849,1.86592,1.6228,10,46778,35.8783,2.76184
1776813192524786300,2.12137,-0.654297,0.0304973,2.10754,1.86361,1.57046,10,46805,35.899,2.91385
1776813192529763504,2.11501,-0.654297,0.044852,2.25955,1.86361,1.57046,10,46814,35.9059,2.76163
1776813192534775504,2.11501,-0.625,0.0517528,2.13663,1.47986,1.55788,10,46839,35.9251,2.60721
1776813192539773801,2.10861,-0.625,0.0645244,1.98221,1.47986,1.55788,10,46848,35.932,2.60877
1776813192544774653,2.10861,-0.498047,0.0714252,2.11072,1.58731,1.60067,10,46873,35.9511,2.75832
1776813192549790246,2.10298,-0.498047,0.084975,2.26027,1.58731,1.60067,10,46883,35.9588,2.60929
1776813192554782524,2.10298,-0.390625,0.0926426,2.21867,1.47501,1.63585,10,46909,35.9788,2.76218
1776813192559798358,2.0985,-0.390625,0.108104,2.37156,1.47501,1.63585,10,46920,35.9872,2.76053
1776813192564783840,2.0985,-0.361328,0.116542,2.3992,1.55032,1.63176,10,46946,36.0071,2.76108
1776813192569776285,2.0985,-0.361328,0.136481,2.39975,1.55032,1.63176,10,46956,36.0148,2.76184
1776813192574776471,2.09482,-0.361328,0.140479,2.40051,1.68454,1.61469,10,46980,36.0332,2.91443
1776813192579754398,2.09482,-0.439453,0.158885,2.47498,1.68454,1.61469,10,46999,36.0478,3.06839
1776813192584779045,2.0888,-0.439453,0.167434,2.62894,1.45948,1.54211,10,47021,36.0647,3.2192
1776813192589778509,2.0888,-0.431641,0.184306,2.78756,1.45948,1.54211,10,47041,36.08,3.06962
1776813192594776176,2.08434,-0.431641,0.195189,2.63798,1.39613,1.52578,10,47062,36.0961,3.22189
1776813192599776121,2.08434,-0.34375,0.211299,2.87814,1.39613,1.52578,10,47081,36.1107,3.06778
1776813192604783899,2.08051,-0.34375,0.222041,2.72403,1.70517,1.55798,10,47101,36.126,3.06349
1776813192609775103,2.08051,-0.283203,0.23738,2.78029,1.70517,1.55798,10,47120,36.1406,2.91793
1776813192614780122,2.07736,-0.283203,0.248801,2.63473,1.50901,1.57776,10,47141,36.1567,3.06793
1776813192619776437,2.07736,-0.228516,0.264907,2.83941,1.50901,1.57776,10,47160,36.1713,3.06839
1776813192624800530,2.07466,-0.228516,0.276782,2.83988,1.71872,1.59628,10,47175,36.1828,2.91443
1776813192629800215,2.07466,-0.199219,0.288287,2.71521,1.71872,1.59628,10,47179,36.1858,1.53458
1776813192634832622,2.07257,-0.199219,0.289263,1.33536,2.33228,1.60317,10,47177,36.1843,0.15332
1776813192639822567,2.07257,1.12695,0.28773,1.28027,2.33228,1.60317,10,47172,36.1805,-0.613526
1776813192644887417,2.07534,1.12695,0.285895,0.66623,2.33592,2.35909,10,47170,36.1789,-0.460723
1776813192649801032,2.07534,1.12695,0.285895,0.66623,2.33592,2.35909,10,47170,36.1789,-0.460723
1776813192654777959,2.10213,3.37695,-0.313329,3.5303,2.44632,3.65457,10,47176,36.1835,0.153351
1776813192659778329,2.10213,1.24609,-0.311791,1.39944,2.44632,3.65457,10,47184,36.1897,1.22757
1776813192664775589,2.13842,1.24609,-0.269372,2.47366,2.28927,2.73189,10,47196,36.1989,1.5332
1776813192669785589,2.13842,1.13477,-0.260167,2.66797,2.28927,2.73189,10,47206,36.2065,1.84097
1776813192674775979,2.14481,1.13477,-0.24611,2.97574,2.33392,2.6976,10,47221,36.2181,1.68796
1776813192679760665,2.14481,0.673828,-0.234605,2.36179,2.33392,2.6976,10,47234,36.228,2.14767
1776813192684774591,2.15414,0.673828,-0.215302,2.8215,2.2389,2.47733,10,47250,36.2403,2.30103
1776813192689776517,2.15414,0.490234,-0.203031,2.79126,2.2389,2.47733,10,47265,36.2518,2.30057
1776813192694825812,2.15959,0.490234,-0.18607,2.7908,2.53737,2.39745,10,47281,36.2641,2.45487
1776813192699792629,2.15959,-0.00390625,-0.173799,2.45096,2.53737,2.39745,10,47295,36.2748,2.29705
1776813192704772148,2.16321,-0.00390625,-0.159444,2.29314,2.90304,2.13218,10,47311,36.2871,2.15069
1776813192709784444,2.16321,0.046875,-0.147172,2.19756,2.90304,2.13218,10,47327,36.2994,2.60773
1776813192714776815,2.16321,0.046875,-0.1349,2.6546,2.22361,2.16112,10,47342,36.3109,2.45438
1776813192719799000,2.16326,0.046875,-0.123349,2.50125,2.22361,2.16112,10,47354,36.3201,2.30103
1776813192724790742,2.16326,-0.361328,-0.114144,1.9397,2.05186,1.92865,10,47378,36.3385,2.30103
1776813192729756928,2.15798,-0.361328,-0.10101,1.9397,2.05186,1.92865,10,47388,36.3461,2.76108
1776813192734761744,2.15798,-0.427734,-0.093339,2.33334,1.59726,1.8669,10,47415,36.3668,2.76053
1776813192739781132,2.15605,-0.427734,-0.074563,2.33279,1.59726,1.8669,10,47425,36.3745,2.91577
1776813192744772022,2.15605,-0.496094,-0.0668917,2.41968,1.82215,1.81917,10,47451,36.3945,2.76053
1776813192749774578,2.14826,-0.496094,-0.0547457,2.26443,1.82215,1.81917,10,47461,36.4021,2.76163
1776813192754777282,2.14826,-0.439453,-0.0470781,2.32218,1.89346,1.81601,10,47489,36.4236,2.76108
1776813192759800115,2.14596,-0.439453,-0.027894,2.32162,1.89346,1.81601,10,47499,36.4313,2.91385
1776813192764807578,2.14596,-0.548828,-0.0202226,2.36502,1.65379,1.74322,10,47529,36.4543,3.06778
1776813192769806412,2.14079,-0.548828,-0.00239275,2.51895,1.65379,1.74322,10,47540,36.4627,3.21675
1776813192774798468,2.14079,-0.587891,0.00604537,2.62886,1.84,1.69734,10,47569,36.485,3.07331
1776813192779755840,2.13529,-0.587891,0.0227881,2.48542,1.84,1.69734,10,47580,36.4934,3.06717
1776813192784766173,2.13529,-0.654297,0.0312262,2.41287,1.75867,1.63434,10,47608,36.5149,3.06778
1776813192789773470,2.13529,-0.654297,0.0526991,2.41348,1.75867,1.63434,10,47619,36.5233,2.91519
1776813192794777618,2.12914,-0.654297,0.0703268,2.41348,1.75867,1.60617,10,47648,36.5456,3.06778
1776813192799774063,2.11866,-0.654297,0.0667563,2.41348,1.75867,1.60617,10,47663,36.5571,3.06778
1776813192804781878,2.11866,-0.636719,0.0782614,2.43106,1.67857,1.56804,10,47684,36.5732,3.06778
1776813192809778990,2.11561,-0.636719,0.0913115,2.43106,1.67857,1.56804,10,47698,36.5839,2.91501
1776813192814777861,2.11561,-0.546875,0.10205,2.36814,1.50825,1.60517,10,47721,36.6015,2.91461
1776813192819773769,2.11033,-0.546875,0.114413,2.36773,1.50825,1.60517,10,47734,36.6115,2.76163
1776813192824796194,2.11033,-0.478516,0.124385,2.28311,1.54342,1.61978,10,47758,36.6299,2.75997
1776813192829751011,2.10528,-0.478516,0.13774,2.28146,1.54342,1.61978,10,47772,36.6407,2.91501
1776813192834763715,2.10528,-0.488281,0.148479,2.42673,1.57847,1.59082,10,47797,36.6598,3.06717
1776813192839766011,2.10035,-0.488281,0.162726,2.57888,1.57847,1.59082,10,47811,36.6706,2.91501
1776813192844770160,2.10035,-0.546875,0.173465,2.36814,1.52165,1.53461,10,47836,36.6898,3.06854
1776813192849772697,2.09533,-0.546875,0.187617,2.52167,1.52165,1.53461,10,47850,36.7005,3.0641
1776813192854765142,2.09533,-0.496094,0.198356,2.56801,1.48967,1.54023,10,47875,36.7197,2.91851
1776813192859770587,2.08746,-0.496094,0.220401,2.41775,1.30015,1.50361,10,47900,36.7388,2.91385
1776813192864787827,2.08746,-0.472656,0.228839,2.44119,1.30015,1.50361,10,47915,36.7503,3.06793
1776813192869816031,2.0849,-0.472656,0.237773,2.59527,1.30015,1.50361,10,47935,36.7657,3.22177
1776813192874828753,2.0849,-0.382812,0.253116,2.83896,1.69684,1.5562,10,47957,36.7826,3.22177
1776813192879765552,2.07885,-0.382812,0.263946,2.83896,1.69684,1.5562,10,47972,36.7941,3.22049
1776813192884772311,2.07677,-0.376953,0.28641,2.53824,1.73432,1.53129,10,47994,36.8109,2.91519
1776813192889768126,2.07677,-0.0839844,0.290244,2.83121,1.59956,1.68856,10,47995,36.8117,1.68652
1776813192894774330,2.07391,-0.0839844,0.288154,1.60254,1.59956,1.68856,10,47990,36.8079,-0.306763
1776813192899773497,2.07391,2.81641,0.28432,2.50964,1.59956,1.68856,10,47988,36.8063,-0.766754
1776813192904780646,2.08539,2.81641,0.294261,2.04965,2.46599,3.38206,10,47988,36.8063,0
1776813192909779535,2.08539,3.24219,0.294261,3.24219,2.46599,3.38206,10,47989,36.8071,0
1776813192914778147,2.10032,3.24219,0.309955,3.24219,2.39625,3.69421,10,48000,36.8155,0.766601
1776813192919778721,2.10032,0.845703,-0.309926,1.6123,2.39625,3.69421,10,48011,36.824,1.68728
1776813192924779129,2.10032,0.845703,-0.301491,2.53299,2.5609,2.32821,10,48025,36.8347,1.99512
1776813192929766741,2.1326,0.845703,-0.258473,2.84082,2.5609,2.32821,10,48036,36.8432,2.14725
1776813192934763945,2.1326,0.326172,-0.250035,2.47342,2.33485,2.1809,10,48057,36.8593,2.45438
1776813192939787241,2.14291,0.326172,-0.223614,2.78055,2.33485,2.1809,10,48068,36.8677,2.45438
1776813192944811815,2.14291,0.201172,-0.215176,2.65555,1.79343,2.15681,10,48087,36.8823,2.30072
1776813192949791982,2.14435,0.201172,-0.19917,2.50189,1.79343,2.15681,10,48097,36.8899,2.14767
1776813192954777576,2.14435,0.283203,-0.191498,2.43088,2.06888,2.21011,10,48115,36.9037,2.14725
1776813192959777650,2.14946,0.283203,-0.172581,2.43045,2.06888,2.21011,10,48126,36.9122,2.1481
1776813192964771743,2.14946,0.103516,-0.164147,2.25162,2.5457,2.13098,10,48146,36.9275,2.45438
1776813192969780836,2.15046,0.103516,-0.147805,2.55789,2.5457,2.13098,10,48158,36.9367,2.45389
1776813192974776318,2.15046,-0.136719,-0.138604,2.31717,2.42409,1.99859,10,48179,36.9528,2.45487
1776813192979750931,2.1504,-0.136719,-0.122552,2.31815,2.42409,1.99859,10,48191,36.962,2.60668
1776813192984762375,2.1504,-0.314453,-0.113351,2.29223,2.28928,1.89703,10,48214,36.9797,2.91501
1776813192989790319,2.14931,-0.314453,-0.0967948,2.60056,2.28928,1.89703,10,48227,36.9896,2.60773
1776813192994775838,2.14931,-0.550781,-0.0868232,2.05695,1.70574,1.75736,10,48248,37.0058,2.60773
1776813192999774931,2.14268,-0.550781,-0.0681465,2.05747,1.79255,1.72714,10,48270,37.0226,2.60825
1776813193004771395,2.14268,-0.464844,-0.0604789,2.1434,1.79255,1.72714,10,48282,37.0318,2.60773
1776813193009775618,2.1374,-0.464844,-0.0565536,2.14288,1.79255,1.72714,10,48296,37.0426,2.60849
1776813193014772286,2.1374,-0.4375,-0.0458152,2.17099,1.57946,1.76759,10,48319,37.0602,2.91443
1776813193019782286,2.13502,-0.4375,-0.0305602,2.47693,1.57946,1.76759,10,48332,37.0702,2.76053
1776813193024774787,2.13502,-0.46875,-0.0205886,2.29178,1.77674,1.73887,10,48355,37.0878,2.76108
1776813193029754862,2.13059,-0.46875,-0.00737451,2.29233,1.77674,1.73887,10,48368,37.0978,2.76163
1776813193034765752,2.13059,-0.613281,0.00259332,2.14835,2.03519,1.63619,10,48392,37.1162,2.75997
1776813193039767993,2.12274,-0.613281,0.0131562,2.14669,2.03519,1.63619,10,48406,37.1269,2.91501
1776813193044780253,2.12274,-0.642578,0.0238946,2.27243,1.70065,1.58346,10,48431,37.1461,3.0667
1776813193049770383,2.11941,-0.642578,0.0397408,2.42412,1.70065,1.58346,10,48446,37.1576,3.06962
1776813193054776347,2.11941,-0.689453,0.051246,2.38017,1.6991,1.54144,10,48471,37.1768,2.91501
1776813193059783496,2.10944,-0.689453,0.0604432,2.22556,1.6991,1.54144,10,48485,37.1875,3.06655
1776813193064843883,2.10944,-0.632812,0.0711816,2.43374,1.75137,1.52768,10,48510,37.2067,2.9156
1776813193069785478,2.10591,-0.632812,0.097564,2.43573,1.28104,1.51136,10,48535,37.2259,3.06854
1776813193074778498,2.10591,-0.554688,0.106002,2.51385,1.28104,1.51136,10,48549,37.2366,3.06717
1776813193079844052,2.10009,-0.554688,0.110919,2.51248,1.28104,1.51136,10,48569,37.252,3.06778
1776813193084792499,2.10009,-0.484375,0.126262,2.5834,1.66935,1.569,10,48591,37.2688,3.22049
1776813193089775648,2.09249,-0.484375,0.135539,2.73611,1.66935,1.569,10,48605,37.2796,3.06977
1776813193094781482,2.09249,-0.492188,0.146278,2.57758,1.54124,1.52926,10,48631,37.2995,3.06717
1776813193099774206,2.08783,-0.492188,0.161559,2.57498,1.54124,1.52926,10,48645,37.3102,3.06778
1776813193104767336,2.08783,-0.498047,0.172298,2.56973,1.45977,1.50421,10,48671,37.3302,3.21598
1776813193109771911,2.08521,-0.498047,0.189616,2.71794,1.45977,1.50421,10,48686,37.3417,3.07346
1776813193114796670,2.08521,-0.5,0.201122,2.57346,1.63531,1.49088,10,48712,37.3616,3.06778
1776813193119782208,2.08019,-0.5,0.216045,2.56778,1.63531,1.49088,10,48726,37.3724,3.06839
1776813193124785968,2.08019,-0.449219,0.226783,2.61917,1.73991,1.49636,10,48750,37.3908,3.06533
1776813193129756544,2.0753,-0.449219,0.240295,2.61611,1.73991,1.49636,10,48764,37.4015,2.76405
1776813193134779785,2.0753,-0.369141,0.251033,2.39491,1.4837,1.5191,10,48789,37.4207,2.91443
1776813193139777082,2.07142,-0.369141,0.277065,2.69864,1.4215,1.50091,10,48814,37.4399,3.06778
1776813193144779323,2.07142,-0.300781,0.285503,2.767,1.4215,1.50091,10,48825,37.4483,2.91443
1776813193149771917,2.06684,-0.300781,0.289363,2.61365,1.4215,1.50091,10,48831,37.4529,2.14767
1776813193154777232,2.06684,0.589844,0.293964,2.73752,1.48892,2.02604,10,48828,37.4506,0.30664
1776813193159774177,2.066,0.589844,0.290824,0.896484,1.48892,2.02604,10,48825,37.4483,-0.613403
1776813193164771012,2.066,2.19531,0.288524,1.58191,2.361,2.93721,10,48824,37.4475,-0.460145
1776813193169774975,2.07378,2.19531,0.295532,1.73517,2.361,2.93721,10,48824,37.4475,0
1776813193174771995,2.07378,2.98828,0.295532,2.98828,2.77411,3.42571,10,48831,37.4529,0.30664
1776813193179759311,2.10361,2.98828,-0.297585,3.29492,2.77411,3.42571,10,48839,37.459,1.38043
1776813193184760330,2.10361,0.896484,-0.291447,2.27692,2.63508,2.37243,10,48855,37.4713,1.84097
1776813193189772552,2.13161,0.896484,-0.251172,2.73746,2.63508,2.37243,10,48865,37.479,1.99472
1776813193194775442,2.13161,0.804688,-0.243504,2.79941,2.31958,2.44914,10,48885,37.4943,2.30057
1776813193199822848,2.13613,0.804688,-0.223652,3.10525,2.31958,2.44914,10,48897,37.5035,2.45438
1776813193204778314,2.13613,0.136719,-0.214444,2.59109,2.04288,2.08907,10,48918,37.5196,2.60721
1776813193209775315,2.13613,0.136719,-0.198338,2.74392,2.04288,2.08907,10,48928,37.5273,2.30195
1776813193214776019,2.11526,0.136719,-0.211533,2.43866,2.00613,1.99322,10,48945,37.5403,2.30057
1776813193219777112,2.11526,0.207031,-0.198494,2.5076,2.00613,1.99322,10,48963,37.5541,2.45438
1776813193224785094,2.11761,0.207031,-0.182343,2.66141,2.15258,2.04411,10,48981,37.568,2.60408
1776813193229756077,2.11761,0.0292969,-0.168538,2.63338,2.15258,2.04411,10,48997,37.5802,2.45831
1776813193234766467,2.11863,0.0292969,-0.155247,2.48761,2.42448,1.94751,10,49015,37.594,2.60721
1776813193239767412,2.11863,-0.365234,-0.141438,2.24197,2.42448,1.94751,10,49031,37.6063,2.60721
1776813193244771690,2.11576,-0.365234,-0.132042,2.24197,2.09181,1.70938,10,49051,37.6216,2.76163
1776813193249778969,2.11576,-0.421875,-0.1167,2.33976,2.09181,1.70938,10,49068,37.6347,2.91501
1776813193254780766,2.11385,-0.421875,-0.105561,2.49314,1.90764,1.66833,10,49089,37.6508,2.91326
1776813193259772563,2.11385,-0.5,-0.0894551,2.41326,1.90764,1.66833,10,49107,37.6646,2.91636
1776813193264775582,2.10701,-0.5,-0.0824932,2.41636,1.48014,1.59218,10,49126,37.6792,2.90977
1776813193269773249,2.10701,-0.455078,-0.0679211,2.45469,1.48014,1.59218,10,49143,37.6922,2.61191
1776813193274782417,2.10457,-0.455078,-0.0573277,2.15683,1.62222,1.60647,10,49163,37.7076,2.91326
1776813193279751789,2.10457,-0.410156,-0.041985,2.50311,1.62222,1.60647,10,49180,37.7206,2.76163
1776813193284785029,2.10457,-0.410156,-0.0289463,2.35147,1.51698,1.63208,10,49200,37.7359,2.91501
1776813193289769141,2.08496,-0.410156,-0.033215,2.50486,1.51698,1.63208,10,49214,37.7467,2.91385
1776813193294772068,2.08496,-0.517578,-0.0224804,2.39627,1.49634,1.47967,10,49238,37.7651,2.91461
1776813193299774476,2.0784,-0.517578,-0.0106281,2.39703,1.49634,1.47967,10,49251,37.775,2.76108
1776813193304774995,2.0784,-0.507812,-0.000656528,2.25327,1.81647,1.45461,10,49273,37.7919,2.76218
1776813193309777829,2.07325,-0.507812,0.0110584,2.25437,1.81647,1.45461,10,49286,37.8019,2.76053
1776813193314791200,2.07325,-0.501953,0.02103,2.25857,1.71409,1.43379,10,49309,37.8195,2.75667
1776813193319776312,2.07032,-0.501953,0.0357509,2.25471,1.71409,1.43379,10,49321,37.8287,2.61191
1776813193324788091,2.07032,-0.353516,0.044952,2.25839,1.47811,1.50468,10,49344,37.8464,2.76163
1776813193329755907,2.0642,-0.353516,0.0564685,2.40811,1.47811,1.50468,10,49357,37.8556,2.60721
1776813193334802888,2.0642,-0.292969,0.0664402,2.31424,1.32421,1.5104,10,49378,37.8725,2.76053
1776813193339788519,2.06219,-0.292969,0.0805393,2.46756,1.32421,1.5104,10,49391,37.8817,2.45487
1776813193344771409,2.06219,-0.238281,0.0905109,2.21659,1.34624,1.53214,10,49413,37.8993,2.60721
1776813193349778224,2.05873,-0.238281,0.103927,2.36892,1.34624,1.53214,10,49426,37.9093,2.76184
1776813193354778651,2.05873,-0.261719,0.113899,2.50012,1.50145,1.50248,10,49450,37.9277,2.91501
1776813193359785188,2.05873,-0.261719,0.132305,2.65329,1.50145,1.50248,10,49464,37.9384,3.06778
1776813193364792485,2.04873,-0.261719,0.133041,2.80606,1.62751,1.45523,10,49486,37.9553,2.91501
1776813193369781949,2.04873,-0.300781,0.149917,2.61423,1.62751,1.45523,10,49507,37.9714,2.91443
1776813193374793431,2.04482,-0.300781,0.162117,2.61365,1.34292,1.41445,10,49523,37.9837,2.91385
1776813193379766099,2.04482,-0.234375,0.174388,2.67947,1.34292,1.41445,10,49544,37.9998,2.91577
1776813193384765322,2.04066,-0.234375,0.186328,2.6814,1.56058,1.43253,10,49565,38.0159,2.91326
1776813193389813044,2.04066,-0.181641,0.202438,2.73162,1.56058,1.43253,10,49583,38.0297,3.0641
1776813193394831692,2.0394,-0.181641,0.214984,2.88246,1.67114,1.45662,10,49604,38.0458,2.91851
1776813193399796768,2.0394,-0.0195312,0.23109,2.89898,1.67114,1.45662,10,49618,38.0565,2.76108
1776813193404807157,2.03808,-0.0195312,0.240509,2.74155,1.45316,1.54275,10,49623,38.0604,1.84134
1776813193409770752,2.03808,0.126953,0.244342,1.96829,1.45316,1.54275,10,49618,38.0565,-0.15332
1776813193414798344,2.03835,0.126953,0.240772,-0.0263671,2.18765,1.6275,10,49611,38.0512,-1.07324
1776813193419775864,2.03835,3.45898,0.235401,2.38574,2.18765,1.6275,10,49609,38.0496,-0.614412
1776813193424770328,2.06465,3.45898,0.26017,2.84457,2.49426,3.65113,10,49608,38.0489,-0.153351
1776813193429761496,2.06465,3.12305,0.259403,2.9697,2.49426,3.65113,10,49610,38.0504,-0.15332
1776813193434756738,2.06465,3.12305,0.260936,2.96973,1.83918,3.45964,10,49618,38.0565,0.767364
1776813193439779793,2.07518,3.12305,0.277607,3.89041,1.83918,3.45964,10,49624,38.0611,1.22681
1776813193444766202,2.07518,1.49219,0.282207,2.71899,2.19681,2.5795,10,49637,38.0711,1.53458
1776813193449779387,2.11009,1.49219,-0.301228,3.02677,2.19681,2.5795,10,49645,38.0772,1.5332
1776813193454811572,2.11009,0.998047,-0.29509,2.53125,2.45171,2.46031,10,49660,38.0887,1.6883
1776813193459786148,2.13108,0.998047,-0.262604,2.68634,2.45171,2.46031,10,49670,38.0964,1.99432
1776813193464777427,2.13108,0.931641,-0.254933,2.92596,2.2455,2.51904,10,49688,38.1102,2.14682
1776813193469787242,2.13571,0.931641,-0.236492,3.07846,2.2455,2.51904,10,49699,38.1187,2.29873
1776813193474772391,2.13571,0.306641,-0.228054,2.60537,2.49874,2.18402,10,49717,38.1325,2.14906
1776813193479740412,2.14663,0.306641,-0.203331,2.4557,2.49874,2.18402,10,49727,38.1401,2.14767
1776813193484763300,2.14663,0.214844,-0.19566,2.36252,2.94926,2.18155,10,49747,38.1555,2.30149
1776813193489848428,2.14783,0.214844,-0.179123,2.51633,2.94926,2.18155,10,49758,38.1639,2.45438
1776813193494792671,2.14783,-0.224609,-0.170685,2.22977,2.44976,1.93651,10,49777,38.1785,2.14767
1776813193499778617,2.14857,-0.224609,-0.155365,1.92307,2.44976,1.93651,10,49787,38.1861,2.30103
1776813193504857004,2.14857,-0.193359,-0.147698,2.10767,2.02107,1.95773,10,49806,38.2007,2.30149
1776813193509795062,2.14857,-0.193359,-0.133125,2.10813,2.02107,1.95773,10,49818,38.2099,2.30103
1776813193514876690,2.13686,-0.193359,-0.135632,2.10767,1.86123,1.90428,10,49836,38.2237,2.60773
1776813193519795749,2.13686,-0.210938,-0.121826,2.39679,1.86123,1.90428,10,49855,38.2383,2.45438
1776813193524776324,2.13374,-0.210938,-0.110371,2.24344,1.56374,1.87998,10,49873,38.2521,2.60773
1776813193529755863,2.13374,-0.183594,-0.0965692,2.42413,1.56374,1.87998,10,49888,38.2636,2.60668
1776813193534768660,2.13187,-0.183594,-0.0869333,2.42309,1.85376,1.88699,10,49907,38.2782,2.60877
1776813193539774049,2.13187,-0.380859,-0.0723612,2.22791,1.85376,1.88699,10,49923,38.2905,2.60721
1776813193544783994,2.12895,-0.380859,-0.0630075,2.22635,1.94485,1.76117,10,49944,38.3066,2.90977
1776813193549781569,2.12895,-0.507812,-0.0469019,2.40196,1.94485,1.76117,10,49961,38.3196,2.7655
1776813193554776866,2.12441,-0.507812,-0.0384027,2.25769,1.83341,1.66796,10,49983,38.3365,3.06793
1776813193559776515,2.12441,-0.566406,-0.0215303,2.50152,1.83341,1.66796,10,50001,38.3503,3.06839
1776813193564783089,2.119,-0.566406,-0.0131342,2.50199,1.81845,1.60965,10,50022,38.3664,2.91385
1776813193569775239,2.119,-0.541016,0.00297149,2.37283,1.81845,1.60965,10,50038,38.3787,2.91501
1776813193574775147,2.11349,-0.541016,0.00973876,2.374,1.80268,1.59875,10,50059,38.3948,2.91443
1776813193579751574,2.11349,-0.494141,0.0258444,2.42029,1.80268,1.59875,10,50077,38.4086,2.91519
1776813193584766278,2.11349,-0.494141,0.0396498,2.42105,1.38539,1.62547,10,50098,38.4247,3.06778
1776813193589769483,2.10444,-0.494141,0.046707,2.57364,1.38539,1.62547,10,50113,38.4362,2.91501
1776813193594777168,2.10444,-0.349609,0.0582083,2.5654,1.41451,1.666,10,50138,38.4554,3.06778
1776813193599775280,2.0964,-0.349609,0.0693396,2.71817,1.41451,1.666,10,50152,38.4661,3.06717
1776813193604781336,2.0964,-0.369141,0.080078,2.69803,1.6106,1.61755,10,50178,38.486,3.06793
1776813193609771985,2.09465,-0.369141,0.0982703,2.69879,1.6106,1.61755,10,50193,38.4975,3.06778
1776813193614816744,2.09465,-0.523438,0.109772,2.54434,1.56225,1.52146,10,50220,38.5183,3.37516
1776813193619790005,2.08779,-0.523438,0.12363,2.85172,1.56225,1.52146,10,50235,38.5298,3.21932
1776813193624770432,2.08779,-0.546875,0.135135,2.67244,1.63116,1.47619,10,50261,38.5497,3.06962
1776813193629755119,2.08518,-0.546875,0.152462,2.52275,1.63116,1.47619,10,50275,38.5604,3.06839
1776813193634763230,2.08518,-0.4375,0.1632,2.63089,1.67212,1.52634,10,50300,38.5796,3.06533
1776813193639776082,2.07759,-0.4375,0.174782,2.62783,1.67212,1.52634,10,50314,38.5896,2.91694
1776813193644770917,2.07759,-0.380859,0.18552,2.53608,1.4632,1.52315,10,50339,38.6095,2.91501
1776813193649774825,2.07571,-0.380859,0.202816,2.53415,1.4632,1.52315,10,50353,38.6203,3.06839
1776813193654775529,2.07571,-0.287109,0.213554,2.78128,1.54731,1.56779,10,50375,38.6371,2.91385
1776813193659786678,2.07571,-0.287109,0.23043,2.62674,1.54731,1.56779,10,50379,38.6402,1.84097
1776813193664772697,2.06638,-0.287109,0.224163,1.55386,1.91222,1.52399,10,50378,38.6394,0.306702
1776813193669778531,2.06638,1.96484,0.223396,2.27155,1.91222,1.52399,10,50374,38.6364,-0.460145
1776813193674790476,2.07219,1.96484,0.226147,1.5047,2.2719,2.83492,10,50374,38.6364,-0.306579
1776813193679763255,2.07219,2.82031,0.226147,2.51373,2.2719,2.83492,10,50376,38.6379,0
1776813193684765423,2.09948,2.82031,0.254967,2.82031,2.2338,3.44985,10,50383,38.6433,0.766754
1776813193689775331,2.09948,1.57422,0.260334,2.34097,2.2338,3.44985,10,50393,38.6509,1.07346
1776813193694775794,2.12203,1.57422,0.290558,2.64767,2.45018,2.84377,10,50406,38.6609,1.84097
1776813193699781499,2.12203,1.13086,0.300529,2.97183,2.45018,2.84377,10,50418,38.6701,1.99472
1776813193704813906,2.13405,1.13086,-0.306568,3.12558,2.30038,2.64622,10,50433,38.6816,1.99393
1776813193709791815,2.13405,0.472656,-0.295063,2.46658,2.30038,2.64622,10,50448,38.6931,2.30103
1776813193714804889,2.14194,0.472656,-0.275665,2.77368,2.38321,2.30712,10,50469,38.7092,2.60773
1776813193719771835,2.14194,0.326172,-0.259556,2.9339,2.38321,2.30712,10,50487,38.723,3.06778
1776813193724770632,2.14628,0.326172,-0.241417,3.39395,2.30613,2.24339,10,50505,38.7369,3.06839
1776813193729767115,2.14628,-0.369141,-0.227611,2.69925,2.30613,2.24339,10,50523,38.7507,3.06717
1776813193734768152,2.14221,-0.369141,-0.203304,2.54605,2.34407,1.84706,10,50550,38.7714,2.91519
1776813193739772838,2.14221,-0.466797,-0.197166,2.44839,2.57201,1.77285,10,50567,38.7844,2.60721
1776813193744769209,2.13773,-0.466797,-0.18861,2.14041,2.57201,1.77285,10,50582,38.7959,2.76108
1776813193749783339,2.13773,-0.568359,-0.177105,2.19272,2.57201,1.77285,10,50601,38.8105,3.06901
1776813193754771563,2.13271,-0.568359,-0.167549,2.50065,2.12683,1.67152,10,50618,38.8235,3.06778
1776813193759772267,2.13271,-0.689453,-0.15451,2.37833,2.12683,1.67152,10,50636,38.8373,2.91385
1776813193764785416,2.1297,-0.689453,-0.143715,2.22439,1.62978,1.5887,10,50658,38.8542,3.06916
1776813193769779324,2.1297,-0.496094,-0.126842,2.57306,1.62978,1.5887,10,50679,38.8703,2.91385
1776813193774769436,2.12071,-0.496094,-0.11972,2.41775,1.48322,1.65762,10,50696,38.8833,2.91443
1776813193779749993,2.12071,-0.589844,-0.106682,2.32458,1.48322,1.65762,10,50718,38.9002,3.06717
1776813193784762067,2.11816,-0.589844,-0.0923576,2.47732,1.27339,1.59245,10,50739,38.9163,3.06793
1776813193789769290,2.11816,-0.570312,-0.0762519,2.49762,1.27339,1.59245,10,50758,38.9309,2.9156
1776813193794789198,2.10945,-0.570312,-0.0703925,2.34528,1.67866,1.56337,10,50775,38.9439,3.06839
1776813193799788310,2.10945,-0.673828,-0.0573539,2.39456,1.67866,1.56337,10,50797,38.9608,3.06778
1776813193804775996,2.10945,-0.673828,-0.0404777,2.39395,1.77265,1.50437,10,50817,38.9762,2.91443
1776813193809772738,2.09368,-0.673828,-0.0409125,2.2406,1.77265,1.50437,10,50831,38.9869,2.91519
1776813193814783516,2.09368,-0.673828,-0.0301742,2.24136,1.56661,1.43123,10,50856,39.0061,3.06778
1776813193819774109,2.0835,-0.673828,-0.0211753,2.39395,1.56661,1.43123,10,50870,39.0168,3.06288
1776813193824787165,2.0835,-0.611328,-0.0104407,2.45155,1.39362,1.41942,10,50894,39.0352,2.91735
1776813193829755000,2.07708,-0.611328,0.00154886,2.30602,1.39362,1.41942,10,50907,39.0452,2.76274
1776813193834768186,2.07708,-0.544922,0.0115205,2.21781,1.56708,1.42725,10,50930,39.0628,2.76053
1776813193839775372,2.07123,-0.544922,0.0233117,2.2156,1.56708,1.42725,10,50943,39.0728,2.76239
1776813193844788557,2.07123,-0.433594,0.0332833,2.3288,1.26722,1.4633,10,50967,39.0912,2.76108
1776813193849779706,2.06638,-0.433594,0.0468408,2.32748,1.26722,1.4633,10,50982,39.1027,2.91443
1776813193854774466,2.06638,-0.384766,0.0583459,2.52966,1.41791,1.46835,10,51008,39.1226,3.22049
1776813193859781467,2.06243,-0.384766,0.0743409,2.83572,1.41791,1.46835,10,51022,39.1334,3.06839
1776813193864772135,2.06243,-0.416016,0.0850793,2.65238,1.54414,1.43196,10,51048,39.1533,3.06854
1776813193869780191,2.05835,-0.416016,0.100933,2.65253,1.54414,1.43196,10,51063,39.1648,3.06717
1776813193874774414,2.05835,-0.457031,0.112438,2.61013,1.47565,1.38934,10,51090,39.1855,3.22113
1776813193879758711,2.05835,-0.457031,0.133148,2.7641,1.47565,1.38934,10,51105,39.197,3.37448
1776813193884767786,2.04856,-0.457031,0.134865,2.91745,1.24946,1.34309,10,51128,39.2147,3.22254
1776813193889773268,2.04856,-0.396484,0.152504,2.82605,1.24946,1.34309,10,51152,39.2331,3.37448
1776813193894770565,2.04426,-0.396484,0.166611,2.978,1.37459,1.3572,10,51170,39.2469,3.06778
1776813193899773103,2.04426,-0.242188,0.180416,2.82559,1.37459,1.3572,10,51191,39.263,3.06793
1776813193904837213,2.0393,-0.242188,0.19157,2.82574,1.28267,1.42165,10,51206,39.2745,2.91501
1776813193909836824,2.0393,-0.207031,0.203075,2.70798,1.28267,1.42165,10,51206,39.2745,1.07324
1776813193914793086,2.03825,-0.207031,0.202023,0.86621,1.69715,1.43669,10,51199,39.2691,-0.460145
1776813193919847659,2.03825,2.61914,0.196655,2.159,1.69715,1.43669,10,51198,39.2684,-0.919921
1776813193924800013,2.05081,2.61914,0.208447,1.69922,2.34963,3.10716,10,51197,39.2676,-0.15332
1776813193929874122,2.05081,3.1582,0.20768,3.00488,2.34963,3.10716,10,51198,39.2684,0
1776813193934811329,2.06179,3.1582,0.219429,3.1582,1.80817,3.46626,10,51209,39.2768,1.07303
1776813193939771794,2.06179,1.23633,0.227863,2.30935,1.80817,3.46626,10,51221,39.286,1.22782
1776813193944783220,2.10115,1.23633,0.276424,2.46414,2.4703,2.55472,10,51234,39.296,1.99356
1776813193949776036,2.10115,0.966797,0.286396,2.96036,2.4703,2.55472,10,51245,39.3044,2.14767
1776813193954776444,2.10115,0.966797,0.294834,3.11447,2.17972,2.40109,10,51261,39.3167,1.84134
1776813193959813721,2.1123,0.966797,-0.310062,2.80814,2.17972,2.40109,10,51273,39.3259,2.60721
1776813193964785186,2.1123,0.480469,-0.300861,3.08767,2.1046,2.17548,10,51295,39.3428,2.45487
1776813193969785650,2.11872,0.480469,-0.277561,2.93534,2.1046,2.17548,10,51307,39.352,2.60721
1776813193974781466,2.11872,-0.0742188,-0.26836,2.53299,2.4499,1.88893,10,51328,39.3681,2.60825
1776813193979758171,2.12284,-0.0742188,-0.248134,2.53403,2.4499,1.88893,10,51340,39.3773,2.45389
1776813193984782430,2.12284,-0.240234,-0.238933,2.21365,2.61563,1.81326,10,51361,39.3934,2.45438
1776813193989783838,2.12211,-0.240234,-0.223556,2.21414,2.61563,1.81326,10,51374,39.4034,2.76163
1776813193994784283,2.12211,-0.449219,-0.213585,2.31241,2.20534,1.69077,10,51396,39.4202,2.76108
1776813193999775062,2.11765,-0.449219,-0.201168,2.31186,2.20534,1.69077,10,51408,39.4294,2.45339
1776813194004767434,2.11765,-0.466797,-0.191963,1.9866,1.9354,1.66023,10,51429,39.4455,2.60877
1776813194009771064,2.11549,-0.466797,-0.178013,2.14197,1.9354,1.66023,10,51442,39.4555,2.60564
1776813194014798398,2.11549,-0.375,-0.168041,2.23064,1.49923,1.70261,10,51464,39.4724,2.60981
1776813194019774289,2.10878,-0.375,-0.157882,2.23481,1.49923,1.70261,10,51477,39.4824,2.76184
1776813194024771419,2.10878,-0.417969,-0.147911,2.34387,1.55867,1.64712,10,51500,39.5,2.60773
1776813194029752662,2.10878,-0.417969,-0.130272,2.18976,1.55867,1.64712,10,51512,39.5092,2.76108
1776813194034766422,2.10685,-0.417969,-0.122997,2.34311,1.36223,1.63819,10,51531,39.5238,2.60721
1776813194039773830,2.10685,-0.40625,-0.108425,2.20096,1.36223,1.63819,10,51552,39.5399,2.91035
1776813194044777331,2.10045,-0.40625,-0.098724,2.5041,1.6751,1.61519,10,51572,39.5552,2.7655
1776813194049773721,2.10045,-0.505859,-0.0833851,2.25964,1.9048,1.55841,10,51596,39.5736,2.91443
1776813194054777222,2.09381,-0.505859,-0.0716091,2.40857,1.9048,1.55841,10,51612,39.5859,3.06854
1776813194059774594,2.09381,-0.533203,-0.0593372,2.53534,1.9048,1.55841,10,51632,39.6012,3.37178
1776813194064779206,2.09179,-0.533203,-0.0460163,2.83858,1.68599,1.50261,10,51655,39.6189,3.22306
1776813194069776873,2.09179,-0.533203,-0.0283772,2.68986,1.6392,1.50261,10,51678,39.6365,3.06778
1776813194074783800,2.083,-0.533203,-0.0195271,2.53458,1.6392,1.50261,10,51693,39.648,2.91519
1776813194079756173,2.083,-0.537109,-0.00802193,2.37808,1.6392,1.50261,10,51711,39.6618,2.91501
1776813194084766118,2.08112,-0.537109,0.00389516,2.3779,1.3889,1.45059,10,51728,39.6749,3.06778
1776813194089829820,2.08112,-0.417969,0.0169414,2.64981,1.3889,1.45059,10,51750,39.6918,2.91385
1776813194094774286,2.0731,-0.417969,0.0257991,2.49588,1.35279,1.48099,10,51771,39.7079,2.91501
1776813194099784806,2.0731,-0.40625,0.0419048,2.50876,1.35279,1.48099,10,51788,39.7209,3.06486
1776813194104776418,2.0731,-0.40625,0.0549434,2.65861,1.49381,1.48767,10,51808,39.7362,2.76439
1776813194109783567,2.06426,-0.40625,0.0614399,2.35814,1.49381,1.48767,10,51821,39.7462,2.90977
1776813194114776976,2.06426,-0.375,0.0714115,2.53477,1.41983,1.46394,10,51844,39.7639,2.61138
1776813194119783606,2.05588,-0.375,0.0806774,2.23638,1.41983,1.46394,10,51858,39.7746,2.91501
1776813194124806662,2.05588,-0.365234,0.0914158,2.54978,1.32271,1.43003,10,51882,39.793,2.91326
1776813194129804534,2.05462,-0.365234,0.108555,2.54803,1.32271,1.43003,10,51896,39.8037,2.91501
1776813194134770925,2.05462,-0.302734,0.119294,2.61228,1.5367,1.45968,10,51919,39.8214,2.91112
1776813194139777129,2.04905,-0.302734,0.131367,2.60838,1.5367,1.45968,10,51932,39.8313,2.76495
1776813194144775797,2.04905,-0.275391,0.141339,2.48956,1.67772,1.44895,10,51956,39.8498,2.76163
1776813194149804927,2.04758,-0.275391,0.158272,2.48624,1.67772,1.44895,10,51969,39.8597,2.76053
1776813194154782762,2.04758,-0.195312,0.16824,2.56521,1.30854,1.48761,10,51991,39.8766,2.91326
1776813194159785522,2.04379,-0.195312,0.181328,2.71795,1.30854,1.48761,10,52001,39.8843,2.45487
1776813194164775098,2.04379,0.113281,0.188996,2.56815,1.52404,1.64555,10,52000,39.8835,0.766754
1776813194169784080,2.04258,0.113281,0.187016,0.880035,1.52404,1.64555,10,51996,39.8804,-0.766908
1776813194174772933,2.04258,2.55469,0.183949,1.78778,2.36876,3.0314,10,51992,39.8774,-0.613403
1776813194179763305,2.04258,2.55469,0.180882,1.94128,2.36876,3.0314,10,51992,39.8774,-0.153351
1776813194184763714,2.05535,2.55469,0.193661,2.40134,2.49302,3.09189,10,51996,39.8804,0.153351
1776813194189783233,2.05535,2.16406,0.196728,2.31741,2.49302,3.09189,10,52007,39.8889,1.22681
1776813194194773827,2.09797,2.16406,0.24778,3.39087,2.63138,3.06877,10,52019,39.8981,1.22782
1776813194199778457,2.09797,0.914062,0.256985,2.14188,2.25584,2.35627,10,52038,39.9126,2.30103
1776813194204774680,2.11006,0.914062,0.283646,3.21509,2.25584,2.35627,10,52048,39.9203,2.45389
1776813194209778978,2.11006,0.380859,0.291314,2.83474,2.25584,2.35627,10,52062,39.9311,2.1481
1776813194214835718,2.11671,0.380859,0.308709,2.52896,2.33448,2.13908,10,52078,39.9433,2.45438
1776813194219795109,2.11671,0.210938,-0.307338,2.66531,2.33448,2.13908,10,52096,39.9571,3.06594
1776813194224797629,2.11757,0.210938,-0.292678,3.27688,2.01493,2.04615,10,52116,39.9725,2.76218
1776813194229755242,2.11757,-0.0761719,-0.277335,2.68601,2.01493,2.04615,10,52135,39.987,2.76108
1776813194234766965,2.11972,-0.0761719,-0.260608,2.68491,2.1528,1.89243,10,52154,40.0016,2.60825
1776813194239774262,2.11972,-0.167969,-0.246036,2.44028,2.28829,1.8401,10,52177,40.0193,2.75997
1776813194244779782,2.11827,-0.167969,-0.229846,2.59201,2.28829,1.8401,10,52191,40.03,2.9156
1776813194249776283,2.11827,-0.458984,-0.219108,2.45661,2.09497,1.66755,10,52212,40.0461,2.75853
1776813194254782080,2.11827,-0.458984,-0.203002,2.29955,2.09497,1.66755,10,52226,40.0568,2.61086
1776813194259777211,2.11393,-0.458984,-0.196605,2.15188,2.09497,1.66755,10,52243,40.0699,2.76053
1776813194264787230,2.11393,-0.404297,-0.183566,2.35623,1.9973,1.67871,10,52264,40.086,2.91443
1776813194269786213,2.10845,-0.404297,-0.172935,2.51013,1.9973,1.67871,10,52278,40.0967,2.91385
1776813194274802102,2.10845,-0.507812,-0.162197,2.40603,1.4819,1.59439,10,52301,40.1144,2.76163
1776813194279754309,2.10335,-0.507812,-0.149658,2.25382,1.4819,1.59439,10,52313,40.1236,2.76108
1776813194284781790,2.10335,-0.361328,-0.140453,2.39975,1.58039,1.65428,10,52336,40.1412,2.76108
1776813194289773551,2.09891,-0.361328,-0.127258,2.39975,1.58039,1.65428,10,52349,40.1512,2.60901
1776813194294772996,2.09891,-0.431641,-0.117286,2.17737,1.72409,1.5936,10,52372,40.1688,2.76053
1776813194299781571,2.09487,-0.431641,-0.103683,2.32889,1.72409,1.5936,10,52385,40.1788,2.91385
1776813194304777628,2.09487,-0.480469,-0.0937112,2.43338,1.69063,1.54701,10,52409,40.1972,2.91501
1776813194309778777,2.09029,-0.480469,-0.0798868,2.43454,1.69063,1.54701,10,52423,40.2079,2.76163
1776813194314783426,2.09029,-0.515625,-0.0691484,2.24601,1.66335,1.50563,10,52445,40.2248,2.75997
1776813194319784390,2.08496,-0.515625,-0.0576013,2.24435,1.66335,1.50563,10,52458,40.2348,2.60773
1776813194324787262,2.08496,-0.517578,-0.0476297,2.09015,1.67975,1.47969,10,52479,40.2509,2.60825
1776813194329780818,2.08496,-0.517578,-0.031524,2.09067,1.67975,1.47969,10,52491,40.2601,2.60773
1776813194334764727,2.07962,-0.517578,-0.0276674,2.09015,1.37682,1.45472,10,52510,40.2747,2.60825
1776813194339774710,2.07962,-0.373047,-0.0130952,2.2352,1.37682,1.45472,10,52531,40.2908,2.91519
1776813194344777674,2.07263,-0.373047,-0.00397049,2.54214,1.53805,1.5044,10,52547,40.303,2.76108
1776813194349882338,2.07263,-0.345703,0.00830139,2.41537,1.53805,1.5044,10,52563,40.3153,2.76053
1776813194354793990,2.07161,-0.345703,0.0195471,2.41482,1.50002,1.51517,10,52582,40.3299,2.60825
1776813194359783788,2.07161,-0.320312,0.0341193,2.28794,1.50002,1.51517,10,52603,40.346,2.91326
1776813194364870619,2.06632,-0.320312,0.0449377,2.59295,1.33097,1.50478,10,52621,40.3598,2.91501
1776813194369830251,2.06632,-0.347656,0.0587431,2.56736,1.33097,1.50478,10,52639,40.3736,3.06839
1776813194374781199,2.06537,-0.347656,0.0716063,2.72074,1.41628,1.48477,10,52661,40.3905,3.06854
1776813194379760886,2.06537,-0.294922,0.0884787,2.77362,1.41628,1.48477,10,52684,40.4081,3.21791
1776813194384762405,2.05977,-0.294922,0.100522,2.92299,1.4802,1.48846,10,52701,40.4212,3.07085
1776813194389759462,2.05977,-0.230469,0.11356,2.84038,1.4802,1.48846,10,52722,40.4373,2.91035
1776813194394768148,2.05904,-0.230469,0.128934,2.67989,1.37275,1.52175,10,52743,40.4534,2.76571
1776813194399774112,2.05904,-0.142578,0.145039,2.62313,1.37275,1.52175,10,52761,40.4672,3.06655
1776813194404780020,2.0559,-0.142578,0.16874,2.77302,1.53512,1.57184,10,52787,40.4871,2.9156
1776813194409781799,2.0559,-0.107422,0.175641,2.80817,1.48368,1.57704,10,52803,40.4994,3.06717
1776813194414777244,2.0545,-0.107422,0.186516,2.95974,1.48368,1.57704,10,52811,40.5055,2.45487
1776813194419861280,2.0545,-0.0429688,0.192654,2.4119,1.48368,1.57704,10,52812,40.5063,1.074
1776813194424825208,2.05405,-0.0429688,0.192975,1.03104,1.67943,1.60508,10,52807,40.5025,-0.306702
1776813194429770007,2.05405,0.763672,0.189137,0.45697,1.67943,1.60508,10,52805,40.5009,-0.767671
1776813194434772323,2.05586,0.763672,0.189412,-0.0039987,2.5023,2.0734,10,52805,40.5009,0
1776813194439772398,2.05586,3.0293,0.189412,3.0293,2.5023,2.0734,10,52807,40.5025,0
1776813194444776084,2.09631,3.0293,0.2314,3.0293,2.10292,3.55427,10,52816,40.5094,1.07422
1776813194449775789,2.09631,2.42188,0.238305,3.49609,2.10292,3.55427,10,52823,40.5147,1.22681
1776813194454784216,2.10345,2.42188,0.250802,3.64868,1.84464,3.24114,10,52836,40.5247,1.68728
1776813194459776125,2.10345,1.01172,0.260773,2.699,1.84464,3.24114,10,52850,40.5354,1.84134
1776813194464780366,2.12907,1.01172,0.297135,2.85306,2.18592,2.55548,10,52862,40.5446,1.99276
1776813194469862087,2.12907,0.839844,-0.312007,2.98838,2.52283,2.45751,10,52884,40.5615,2.14853
1776813194474794868,2.13127,0.839844,-0.302901,2.98838,2.52283,2.45751,10,52896,40.5707,2.45438
1776813194479792776,2.13127,0.539062,-0.293696,2.99344,2.52283,2.45751,10,52913,40.5838,2.60773
1776813194484791370,2.14049,0.539062,-0.271438,3.14679,2.03975,2.33836,10,52927,40.5945,2.60721
1776813194489771224,2.14049,0.195312,-0.260699,2.80252,2.03975,2.33836,10,52944,40.6075,2.45438
1776813194494778132,2.14252,0.195312,-0.245635,2.64969,2.52151,2.15167,10,52961,40.6206,2.30103
1776813194499785725,2.14252,-0.380859,-0.232597,1.92017,2.70639,1.82325,10,52982,40.6367,2.45487
1776813194504833540,2.14058,-0.380859,-0.218433,2.07401,2.70639,1.82325,10,52995,40.6467,2.76053
1776813194509784135,2.14058,-0.654297,-0.208461,2.10623,2.70639,1.82325,10,53012,40.6597,2.60721
1776813194514794006,2.13821,-0.654297,-0.197791,1.95291,2.41867,1.6477,10,53029,40.6727,2.76184
1776813194519779582,2.13821,-0.753906,-0.184753,2.00793,2.41867,1.6477,10,53047,40.6865,3.06901
1776813194524786212,2.1348,-0.753906,-0.174361,2.3151,1.79246,1.57532,10,53068,40.7026,2.91326
1776813194529760122,2.1348,-0.753906,-0.158256,2.15936,1.79246,1.57532,10,53089,40.718,2.9156
1776813194534769715,2.12175,-0.753906,-0.155189,2.16169,1.36377,1.51546,10,53104,40.7303,2.76108
1776813194539778753,2.12175,-0.755859,-0.143684,2.00522,1.36377,1.51546,10,53121,40.7433,2.76053
1776813194544776143,2.12007,-0.755859,-0.116225,2.31268,1.35144,1.51434,10,53152,40.7671,3.06854
1776813194549771329,2.12007,-0.755859,-0.116225,2.31268,1.35144,1.51434,10,53152,40.7671,3.06854
1776813194554773293,2.10774,-0.585938,-0.0963355,2.78854,1.3633,1.60345,10,53194,40.7993,3.37448
1776813194559771869,2.10774,-0.589844,-0.088668,2.78464,1.54926,1.54433,10,53213,40.8139,3.22113
1776813194564779555,2.10187,-0.589844,-0.0799705,2.63129,1.54926,1.54433,10,53229,40.8261,3.06854
1776813194569775334,2.10187,-0.601562,-0.0676986,2.46698,1.54926,1.54433,10,53248,40.8407,3.06594
1776813194574777316,2.09918,-0.601562,-0.0558082,2.46438,1.65344,1.498,10,53266,40.8545,2.9156
1776813194579754929,2.09346,-0.613281,-0.0339194,2.60785,1.71112,1.46473,10,53295,40.8768,3.22113
1776813194584773929,2.09346,-0.601562,-0.0254813,2.61957,1.71112,1.46473,10,53308,40.8867,3.06854
1776813194589771579,2.08723,-0.601562,-0.0217429,2.46698,1.71112,1.46473,10,53323,40.8982,2.91443
1776813194594811764,2.08723,-0.525391,-0.0102378,2.38904,1.48991,1.48582,10,53346,40.9159,2.91094
1776813194599778840,2.0843,-0.525391,0.00447169,2.38555,1.48991,1.48582,10,53358,40.9251,2.61138
1776813194604786470,2.0843,-0.40625,0.0136727,2.20513,1.22367,1.54004,10,53381,40.9427,2.76108
1776813194609775620,2.0843,-0.40625,0.0313157,2.35483,1.22367,1.54004,10,53395,40.9535,2.76053
1776813194614775529,2.07947,-0.40625,0.0372247,2.35428,1.50612,1.51748,10,53415,40.9688,2.91035
1776813194619785159,2.07947,-0.412109,0.0525636,2.49824,1.50612,1.51748,10,53437,40.9857,2.91928
1776813194624784882,2.07202,-0.412109,0.0619897,2.50717,1.41388,1.47924,10,53454,40.9987,3.06533
1776813194629764421,2.07202,-0.453125,0.0750283,2.6122,1.41388,1.47924,10,53475,41.0148,2.91618
1776813194634764589,2.06985,-0.453125,0.0889634,2.46305,1.44061,1.44566,10,53491,41.0271,2.76163
1776813194639777441,2.06503,-0.472656,0.109456,2.28842,1.48455,1.4119,10,53518,41.0478,2.76108
1776813194644776128,2.06503,-0.417969,0.117124,2.34311,1.48455,1.4119,10,53532,41.0585,2.91443
1776813194649804165,2.06299,-0.417969,0.125821,2.49646,1.48455,1.4119,10,53547,41.07,2.91519
1776813194654772593,2.06299,-0.330078,0.137326,2.58511,1.31435,1.48356,10,53571,41.0884,3.06778
1776813194659770742,2.05918,-0.330078,0.151925,2.7377,1.31435,1.48356,10,53585,41.0992,3.06717
1776813194664772465,2.05918,-0.234375,0.162663,2.83279,1.3128,1.52015,10,53609,41.1176,2.76218
1776813194669798392,2.05625,-0.234375,0.178147,2.52781,1.3128,1.52015,10,53620,41.126,2.75942
1776813194674779745,2.05625,-0.123047,0.186585,2.63638,1.65937,1.56983,10,53624,41.1291,1.3812
1776813194679794468,2.05625,-0.123047,0.189652,1.25815,1.65937,1.56983,10,53620,41.126,-0.306824
1776813194684775081,2.05444,-0.123047,0.18477,-0.429871,2.34432,1.56125,10,53617,41.1237,-0.767517
1776813194689782545,2.05444,2.95898,0.182465,2.19147,2.34432,1.56125,10,53617,41.1237,0
1776813194694774620,2.07269,2.95898,0.200715,2.95898,2.41616,3.40391,10,53621,41.1268,0.154145
1776813194699803546,2.07269,1.60547,0.203786,1.75961,2.41616,3.40391,10,53629,41.1329,0.920105
1776813194704784992,2.10932,1.60547,0.246556,2.52557,1.68027,2.80298,10,53638,41.1398,1.53274
1776813194709775790,2.10932,0.964844,0.253461,2.49758,1.68027,2.80298,10,53652,41.1506,1.53474
1776813194714806549,2.11589,0.964844,0.27076,2.49958,2.28545,2.46813,10,53665,41.1605,2.1481
1776813194719833901,2.11589,0.806641,0.280728,2.95474,2.28545,2.46813,10,53684,41.1751,2.60668
1776813194724817995,2.12481,0.806641,0.304231,3.41333,2.1307,2.41904,10,53696,41.1843,1.99472
1776813194729827885,2.12481,0.455078,0.313432,2.4498,2.1307,2.41904,10,53716,41.1997,2.75832
1776813194734770666,2.13007,0.455078,-0.29428,3.2134,2.00384,2.24281,10,53731,41.2112,2.76218
1776813194739765408,2.13007,-0.111328,-0.282775,2.65085,2.00384,2.24281,10,53751,41.2265,2.45585
1776813194744774372,2.13407,-0.111328,-0.263438,2.34452,2.29064,1.93827,10,53766,41.238,2.76108
1776813194749764391,2.13407,-0.210938,-0.251933,2.55014,2.29064,1.93827,10,53786,41.2533,2.76163
1776813194754774485,2.13501,-0.210938,-0.22338,2.70367,2.57687,1.8815,10,53812,41.2733,2.91461
1776813194759779319,2.13501,-0.433594,-0.215709,2.48101,2.39306,1.7589,10,53830,41.2871,2.91443
1776813194764790098,2.13208,-0.433594,-0.20484,2.48083,2.39306,1.7589,10,53843,41.2971,2.76163
1776813194769768118,2.13208,-0.570312,-0.194873,2.19132,1.91117,1.66753,10,53863,41.3124,2.60773
1776813194774859560,2.12405,-0.570312,-0.187552,2.03741,1.91117,1.66753,10,53877,41.3231,2.60773
1776813194779766990,2.12405,-0.519531,-0.176814,2.0882,1.91117,1.66753,10,53894,41.3362,2.60721
1776813194784783917,2.11894,-0.519531,-0.168891,2.08767,1.48148,1.63611,10,53910,41.3485,2.91094
1776813194789771474,2.11894,-0.574219,-0.156619,2.33672,1.48148,1.63611,10,53930,41.3638,2.76439
1776813194794777456,2.11579,-0.574219,-0.144427,2.19018,1.418,1.59044,10,53946,41.3761,2.76163
1776813194799862566,2.11579,-0.519531,-0.132155,2.2421,1.418,1.59044,10,53967,41.3922,2.91286
1776813194804827623,2.10743,-0.519531,-0.124411,2.39333,1.70566,1.58298,10,53983,41.4044,2.76329
1776813194809780256,2.10743,-0.570312,-0.11214,2.19298,1.70566,1.58298,10,54003,41.4198,2.76053
1776813194814803571,2.10433,-0.570312,-0.0999058,2.19021,1.5794,1.53966,10,54019,41.4321,2.76108
1776813194819785073,2.10433,-0.642578,-0.087634,2.1185,1.5794,1.53966,10,54040,41.4482,2.76108
1776813194824796536,2.09912,-0.642578,-0.0636891,2.42336,1.47384,1.49847,10,54066,41.4681,3.06594
1776813194829774297,2.09912,-0.662109,-0.0567883,2.40383,1.70633,1.46322,10,54085,41.4827,2.91618
1776813194834766595,2.08891,-0.662109,-0.0524319,2.25407,1.70633,1.46322,10,54099,41.4934,3.06916
1776813194839782577,2.08891,-0.642578,-0.0416935,2.42658,1.70633,1.46322,10,54117,41.5072,2.91385
1776813194844771930,2.08602,-0.642578,-0.0307759,2.27127,1.39923,1.41338,10,54133,41.5195,2.76108
1776813194849779061,2.08602,-0.554688,-0.018504,2.20639,1.39923,1.41338,10,54154,41.5356,2.91501
1776813194854777543,2.08048,-0.554688,-0.00793348,2.36032,1.35074,1.43761,10,54171,41.5486,2.91035
1776813194859784544,2.08048,-0.441406,0.00510518,2.46895,1.35074,1.43761,10,54193,41.5655,2.91851
1776813194864776453,2.0756,-0.441406,0.0170948,2.47711,1.2939,1.47932,10,54211,41.5793,3.06793
1776813194869782269,2.0756,-0.419922,0.0309002,2.64801,1.2939,1.47932,10,54234,41.597,3.21856
1776813194874772715,2.07126,-0.419922,0.0442096,2.79863,1.27982,1.47125,10,54251,41.61,2.91618
1776813194879762105,2.07126,-0.449219,0.0572483,2.46696,1.27982,1.47125,10,54274,41.6276,3.06901
1776813194884765847,2.06658,-0.449219,0.0702068,2.61979,1.42683,1.43257,10,54291,41.6407,3.06793
1776813194889786403,2.06658,-0.449219,0.0832454,2.61871,1.42683,1.43257,10,54314,41.6583,3.22113
1776813194894771349,2.06319,-0.449219,0.111299,2.61795,1.59079,1.43257,10,54341,41.679,3.06717
1776813194899778201,2.06319,-0.396484,0.1182,2.67068,1.42921,1.44665,10,54359,41.6928,3.06901
1776813194904772665,2.05908,-0.396484,0.127893,2.67252,1.42921,1.44665,10,54374,41.7043,2.91519
1776813194909774148,2.05908,-0.230469,0.139398,2.68472,1.42921,1.44665,10,54391,41.7174,2.90919
1776813194914771797,2.05449,-0.230469,0.147851,2.67872,1.59974,1.50027,10,54406,41.7289,2.61191
1776813194919772076,2.05449,-0.191406,0.159356,2.4205,1.59974,1.50027,10,54427,41.745,2.91094
1776813194924772225,2.05355,-0.191406,0.174527,2.71953,1.41239,1.5181,10,54447,41.7603,2.76439
1776813194929774208,2.05355,-0.0839844,0.189866,2.68041,1.41239,1.5181,10,54455,41.7665,2.45389
1776813194934766450,2.05167,-0.0839844,0.194123,2.3699,1.58706,1.57046,10,54457,41.768,0.767061
1776813194939773673,2.05167,0.402344,0.195661,1.1694,1.58706,1.57046,10,54453,41.7649,0
1776813194944770508,2.05247,0.402344,0.193387,0.402344,2.17628,1.85144,10,54453,41.7649,-0.45996
1776813194949771453,2.05247,3.12695,0.193387,2.66699,2.17628,1.85144,10,54453,41.7649,0
1776813194954775676,2.08279,3.12695,0.223703,3.12695,2.37558,3.54693,10,54454,41.7657,0
1776813194959774325,2.08279,2.4668,0.224469,2.4668,2.37558,3.54693,10,54460,41.7703,0.614289
1776813194964850268,2.09742,2.4668,0.252141,3.84723,2.16451,3.17064,10,54476,41.7826,1.38043
1776813194969798475,2.09742,2.4668,0.252141,3.84723,2.16451,3.17064,10,54476,41.7826,1.38043
1776813194974813161,2.12164,0.980469,0.293233,2.66733,2.32162,2.39159,10,54498,41.7994,1.68686
1776813194979763756,2.12164,0.666016,0.297067,2.35287,2.3012,2.32429,10,54511,41.8094,1.84134
1776813194984764646,2.13032,0.666016,-0.312602,2.50736,2.3012,2.32429,10,54522,41.8179,1.99393
1776813194989768110,2.13032,0.564453,-0.304163,2.55838,2.3012,2.32429,10,54537,41.8294,2.1481
1776813194994775537,2.13599,0.564453,-0.28699,2.71256,2.15021,2.33224,10,54554,41.8424,2.60773
1776813194999772501,2.13599,0.300781,-0.273947,2.90851,2.15021,2.33224,10,54569,41.8539,2.45487
1776813195004773243,2.13854,0.300781,-0.259898,2.75565,2.43862,2.19361,10,54587,41.8677,2.6046
1776813195009772411,2.13854,-0.191406,-0.246089,2.4132,2.43862,2.19361,10,54602,41.8792,2.30379
1776813195014782597,2.13846,-0.191406,-0.234664,2.11238,2.4966,1.91271,10,54621,41.8938,2.60721
1776813195019772266,2.13846,-0.244141,-0.220088,2.36307,2.4966,1.91271,10,54637,41.9061,2.76053
1776813195024776360,2.13734,-0.244141,-0.208937,2.51639,2.52523,1.87752,10,54655,41.9199,2.60877
1776813195029752862,2.13734,-0.466797,-0.195132,2.14197,2.52523,1.87752,10,54672,41.9329,2.60721
1776813195034778677,2.13734,-0.466797,-0.182093,2.14041,1.76523,1.75061,10,54692,41.9482,2.91385
1776813195039771383,2.13417,-0.466797,-0.169924,2.44705,1.76523,1.75061,10,54707,41.9597,2.91501
1776813195044775088,2.13417,-0.457031,-0.158419,2.45798,1.55794,1.74167,10,54733,41.9797,3.06854
1776813195049776089,2.12939,-0.457031,-0.14326,2.61151,1.55794,1.74167,10,54751,41.9935,3.22113
1776813195054784479,2.12939,-0.570312,-0.129454,2.65082,1.45397,1.65517,10,54771,42.0088,2.91443
1776813195059778851,2.1238,-0.570312,-0.1197,2.34412,1.45397,1.65517,10,54786,42.0196,2.91443
1776813195064781686,2.1238,-0.517578,-0.108195,2.39685,1.5378,1.65959,10,54812,42.0403,3.06793
1776813195069775502,2.11861,-0.517578,-0.0934473,2.55035,1.5378,1.65959,10,54826,42.051,3.22242
1776813195074771559,2.11861,-0.65625,-0.0827127,2.56617,1.6008,1.55665,10,54853,42.0717,3.22113
1776813195079775616,2.1129,-0.65625,-0.0677133,2.56488,1.6008,1.55665,10,54867,42.0825,3.06717
1776813195084771043,2.1129,-0.716797,-0.0569749,2.35037,1.93489,1.4958,10,54892,42.1016,3.06916
1776813195089772637,2.10614,-0.716797,-0.0445543,2.35236,1.93489,1.4958,10,54906,42.1124,2.91385
1776813195094772343,2.10614,-0.714844,-0.0338159,2.199,1.55864,1.46569,10,54930,42.1308,2.91443
1776813195099769566,2.09874,-0.714844,-0.0228067,2.19958,1.55864,1.46569,10,54944,42.1415,2.91443
1776813195104777012,2.09874,-0.599609,-0.0120683,2.31482,1.54252,1.49707,10,54968,42.1599,2.91443
1776813195109772402,2.09116,-0.599609,0.00873322,2.31267,1.6033,1.46185,10,54991,42.1776,2.91228
1776813195114777422,2.09116,-0.548828,0.0164046,2.36345,1.6033,1.46185,10,55004,42.1875,2.76329
1776813195119773813,2.08826,-0.548828,0.0234618,2.21446,1.6033,1.46185,10,55021,42.2006,2.76163
1776813195124773240,2.08826,-0.460938,0.0365004,2.30069,1.49233,1.52734,10,55040,42.2152,2.75722
1776813195129828314,2.08062,-0.460938,0.0434431,2.29628,1.49233,1.52734,10,55054,42.2259,2.76439
1776813195134805334,2.08062,-0.455078,0.0541777,2.30932,1.5661,1.49505,10,55078,42.2443,2.76163
1776813195139781466,2.07833,-0.455078,0.0702986,2.30655,1.5661,1.49505,10,55092,42.255,3.06594
1776813195144787986,2.07833,-0.466797,0.081037,2.59914,1.66079,1.47766,10,55117,42.2742,2.91753
1776813195149776673,2.07178,-0.466797,0.093656,2.45073,1.66079,1.47766,10,55131,42.2849,3.06778
1776813195154800340,2.07178,-0.447266,0.104394,2.62051,1.30941,1.45808,10,55156,42.3041,2.91326
1776813195159796805,2.06945,-0.447266,0.12124,2.466,1.30941,1.45808,10,55170,42.3149,3.06901
1776813195164777696,2.06945,-0.359375,0.131978,2.70963,1.55603,1.49725,10,55197,42.3356,3.06717
1776813195169813085,2.0636,-0.359375,0.146841,2.70779,1.55603,1.49725,10,55211,42.3463,3.22254
1776813195174788791,2.0636,-0.322266,0.157579,2.90027,1.68483,1.49091,10,55238,42.367,3.22049
1776813195179796607,2.06342,-0.322266,0.189611,2.74613,1.44096,1.49006,10,55262,42.3854,3.06839
1776813195184771701,2.06342,-0.199219,0.196512,2.86917,1.44096,1.49006,10,55269,42.3908,2.76108
1776813195189786036,2.05901,-0.199219,0.197469,2.56186,1.44096,1.49006,10,55269,42.3908,0.920868
1776813195194778056,2.05901,0.306641,0.197469,1.22751,1.90733,1.82774,10,55264,42.387,-0.306579
1776813195199796890,2.05931,0.306641,0.193929,6.15716e-05,1.90733,1.82774,10,55262,42.3854,-0.767824
1776813195204920073,2.05931,2.97852,0.192396,2.21069,2.30622,3.35211,10,55262,42.3854,0
1776813195209809855,2.08945,2.97852,0.222539,2.97852,2.30622,3.35211,10,55266,42.3885,0.153412
1776813195214780376,2.08945,2.47656,0.225614,2.62997,2.23015,3.20728,10,55277,42.3969,1.07422
1776813195219775619,2.10451,2.47656,0.249105,3.55078,2.23015,3.20728,10,55285,42.4031,1.68728
1776813195224780083,2.10451,1.00781,0.255243,2.6951,2.56628,2.44004,10,55301,42.4153,1.84058
1776813195229804750,2.12588,1.00781,0.288881,2.84839,2.56628,2.44004,10,55312,42.4238,2.14767
1776813195234772142,2.12588,0.757812,0.297315,2.90549,2.23517,2.3961,10,55332,42.4391,2.30057
1776813195239778124,2.1303,0.757812,-0.311232,3.05838,2.23517,2.3961,10,55344,42.4483,2.45192
1776813195244825309,2.1303,0.396484,-0.302031,2.84841,2.13265,2.21046,10,55367,42.466,2.76384
1776813195249831422,2.13624,0.396484,-0.268477,3.15756,2.12688,2.23767,10,55389,42.4828,2.76108
1776813195254789795,2.13624,-0.173828,-0.261576,2.58725,2.12688,2.23767,10,55401,42.492,2.60721
1776813195259828295,2.13774,-0.173828,-0.250872,2.43338,2.12688,2.23767,10,55415,42.5028,2.45487
1776813195264799964,2.13774,-0.226562,-0.240134,2.2283,2.33815,1.88939,10,55432,42.5158,2.14767
1776813195269781003,2.13634,-0.226562,-0.228499,1.92111,2.33815,1.88939,10,55444,42.525,2.60721
1776813195274793411,2.13634,-0.152344,-0.219294,2.45486,2.73978,1.92528,10,55465,42.5411,2.60877
1776813195279765951,2.13497,-0.152344,-0.204562,2.45643,2.73978,1.92528,10,55477,42.5503,2.45389
1776813195284789137,2.13497,-0.417969,-0.195357,2.03592,2.10683,1.76759,10,55498,42.5664,2.6046
1776813195289772009,2.13014,-0.417969,-0.184077,2.18663,2.10683,1.76759,10,55511,42.5764,2.45782
1776813195294783343,2.13014,-0.447266,-0.174105,2.01055,1.65656,1.72877,10,55533,42.5933,2.76053
1776813195299796993,2.12779,-0.447266,-0.159582,2.31326,1.65656,1.72877,10,55546,42.6032,2.76239
1776813195304785809,2.12779,-0.589844,-0.149611,2.17255,1.49861,1.63673,10,55569,42.6209,2.60773
1776813195309789884,2.11998,-0.589844,-0.139784,2.01788,1.49861,1.63673,10,55581,42.6301,2.76053
1776813195314793756,2.11998,-0.501953,-0.130579,2.25857,1.64859,1.65091,10,55605,42.6485,2.76163
1776813195319779369,2.11681,-0.501953,-0.105368,2.40782,1.79428,1.63633,10,55628,42.6661,2.90977
1776813195324779389,2.11681,-0.480469,-0.0976966,2.4293,1.79428,1.63633,10,55645,42.6792,2.76495
1776813195329784650,2.11006,-0.480469,-0.0914062,2.28448,1.79428,1.63633,10,55659,42.6899,2.90977
1776813195334775244,2.11006,-0.496094,-0.0806678,2.41368,1.62302,1.60852,10,55679,42.7053,2.76606
1776813195339776449,2.10525,-0.496094,-0.070143,2.26996,1.62302,1.60852,10,55693,42.716,2.91461
1776813195344778821,2.10525,-0.515625,-0.0594047,2.39898,1.65008,1.57511,10,55718,42.7352,2.91501
1776813195349775044,2.10272,-0.515625,-0.0427573,2.39939,1.65008,1.57511,10,55733,42.7467,3.06778
1776813195354787453,2.10272,-0.576172,-0.0312522,2.49161,1.68013,1.52889,10,55758,42.7659,3.06778
1776813195359781177,2.09503,-0.576172,-0.0197661,2.49161,1.68013,1.52889,10,55772,42.7766,3.06793
1776813195364786678,2.09503,-0.548828,-0.00902776,2.5191,1.41102,1.50879,10,55796,42.795,2.91443
1776813195369794679,2.0919,-0.548828,0.00624248,2.3656,1.41102,1.50879,10,55809,42.805,2.76108
1776813195374787292,2.0919,-0.369141,0.0162141,2.39194,1.56293,1.59663,10,55833,42.8234,2.91501
1776813195379783905,2.0856,-0.369141,0.0283219,2.54587,1.56293,1.59663,10,55847,42.8341,2.91326
1776813195384764388,2.0856,-0.357422,0.0390603,2.55584,1.48985,1.57394,10,55872,42.8533,2.91501
1776813195389775593,2.0856,-0.357422,0.058233,2.55759,1.48985,1.57394,10,55886,42.864,3.06793
1776813195394792779,2.08355,-0.357422,0.0669191,2.71051,1.48188,1.56436,10,55906,42.8794,2.9156
1776813195399794114,2.08355,-0.472656,0.0822579,2.44294,1.48188,1.56436,10,55927,42.8955,2.91326
1776813195404779615,2.07546,-0.472656,0.0902803,2.44061,1.46241,1.46086,10,55948,42.9116,2.76218
1776813195409782321,2.07546,-0.447266,0.106386,2.31492,1.46241,1.46086,10,55966,42.9254,2.91385
1776813195414788599,2.07033,-0.447266,0.115061,2.46658,1.69757,1.45126,10,55987,42.9415,3.06778
1776813195419792786,2.07033,-0.416016,0.131166,2.65176,1.69757,1.45126,10,56005,42.9553,3.06854
1776813195424787584,2.06824,-0.416016,0.142889,2.65253,1.48576,1.4593,10,56026,42.9714,2.91443
1776813195429775123,2.06824,-0.332031,0.158998,2.5824,1.48576,1.4593,10,56043,42.9844,2.91501
1776813195434768995,2.06286,-0.332031,0.166654,2.58298,1.53285,1.48186,10,56063,42.9998,2.91385
1776813195439787940,2.06286,-0.306641,0.181993,2.60721,1.53285,1.48186,10,56076,43.0098,2.76163
1776813195444776997,2.06121,-0.306641,0.190309,2.45499,1.67249,1.48854,10,56082,43.0144,1.68728
1776813195449774591,2.06121,0.619141,0.19491,2.30643,1.67249,1.48854,10,56080,43.0128,0.306763
1776813195454777445,2.05956,0.619141,0.191728,0.925904,1.96119,2.00847,10,56078,43.0113,-0.45996
1776813195459803649,2.05956,2.11719,0.190195,1.65723,1.96119,2.00847,10,56078,43.0113,-0.15332
1776813195464775910,2.05956,2.11719,0.190195,1.96387,2.48085,2.86235,10,56080,43.0128,0
1776813195469782893,2.06613,2.11719,0.198301,2.11719,2.48085,2.86235,10,56087,43.0182,0.766601
1776813195474779561,2.06613,1.23047,0.203668,1.99707,1.93891,2.38786,10,56101,43.0289,1.68762
1776813195479804284,2.11357,1.23047,0.261846,2.91809,1.93891,2.38786,10,56110,43.0358,1.84134
1776813195484770916,2.11357,0.746094,0.268751,2.58743,2.11615,2.33275,10,56128,43.0496,1.99316
1776813195489874785,2.11941,0.746094,0.288393,2.73926,2.11615,2.33275,10,56144,43.0619,2.30103
1776813195494795455,2.11941,0.458984,0.300665,2.76001,1.87455,2.19602,10,56162,43.0757,2.60773
1776813195499822530,2.12576,0.458984,-0.307493,3.06671,1.87455,2.19602,10,56173,43.0842,2.45487
1776813195504856734,2.12576,0.201172,-0.299055,2.65604,1.90894,2.07829,10,56191,43.098,2.30103
1776813195509840032,2.12808,0.201172,-0.28293,2.5022,1.90894,2.07829,10,56205,43.1087,2.14725
1776813195514790850,2.12808,0.226562,-0.272192,2.37381,2.13786,2.1034,10,56222,43.1217,2.45487
1776813195519783092,2.13044,0.226562,-0.256796,2.68143,2.13786,2.1034,10,56235,43.1317,2.45389
1776813195524807963,2.13044,0.0253906,-0.246824,2.47928,2.50229,1.99955,10,56257,43.1486,2.76108
1776813195529770466,2.13153,0.0253906,-0.228861,2.78647,2.50229,1.99955,10,56270,43.1586,2.76053
1776813195534787430,2.13153,-0.378906,-0.218889,2.38162,2.24424,1.77411,10,56292,43.1754,2.60877
1776813195539771228,2.13153,-0.378906,-0.202017,2.22986,2.24424,1.77411,10,56305,43.1854,2.60849
1776813195544773063,2.1289,-0.378906,-0.194674,2.22958,2.13302,1.76205,10,56324,43.2,2.76053
1776813195549774657,2.1289,-0.650391,-0.180101,2.11014,2.13302,1.76205,10,56346,43.2168,2.91501
1776813195554781806,2.122,-0.650391,-0.17013,2.26462,1.54578,1.5756,10,56366,43.2322,2.91385
1776813195559798881,2.122,-0.65625,-0.154787,2.2576,1.54578,1.5756,10,56383,43.2452,2.91268
1776813195564774124,2.11881,-0.65625,-0.144938,2.25643,1.63266,1.55759,10,56404,43.2613,2.76329
1776813195569772459,2.11881,-0.523438,-0.128832,2.23985,1.63266,1.55759,10,56420,43.2736,2.91385
1776813195574813477,2.11025,-0.523438,-0.125124,2.39041,1.31075,1.59378,10,56439,43.2882,2.60849
1776813195579770814,2.11025,-0.519531,-0.110552,2.08896,1.31075,1.59378,10,56454,43.2997,2.60721
1776813195584793703,2.10783,-0.519531,-0.101461,2.08767,1.55665,1.58484,10,56474,43.315,2.76163
1776813195589786705,2.10783,-0.5625,-0.0861226,2.19913,1.55665,1.58484,10,56491,43.3281,2.76163
1776813195594795447,2.10054,-0.5625,-0.0803738,2.19913,1.76564,1.52657,10,56511,43.3434,2.91326
1776813195599788763,2.10054,-0.603516,-0.0650311,2.30975,1.76564,1.52657,10,56528,43.3564,2.76218
1776813195604771450,2.09768,-0.603516,-0.0548497,2.15867,1.82993,1.48993,10,56544,43.3687,2.91443
1776813195609783266,2.09768,-0.667969,-0.0425778,2.24646,1.82993,1.48993,10,56564,43.384,2.76053
1776813195614785212,2.09768,-0.667969,-0.0272389,2.09256,1.42233,1.45319,10,56583,43.3986,2.76053
1776813195619813027,2.08771,-0.667969,-0.022646,2.09256,1.42233,1.45319,10,56597,43.4094,2.76239
1776813195624777122,2.08771,-0.453125,-0.0119038,2.30927,1.38076,1.52924,10,56620,43.427,2.76163
1776813195629763624,2.07939,-0.453125,-0.00258831,2.30851,1.38076,1.52924,10,56634,43.4377,2.91385
1776813195634848845,2.07939,-0.408203,0.00815008,2.50564,1.40557,1.51599,10,56658,43.4561,2.91443
1776813195639822181,2.07732,-0.408203,0.0244884,2.50623,1.40557,1.51599,10,56672,43.4669,2.91443
1776813195644794072,2.07732,-0.416016,0.0352268,2.49841,1.43971,1.50184,10,56696,43.4853,2.91443
1776813195649778833,2.07143,-0.416016,0.0477543,2.49841,1.43971,1.50184,10,56710,43.496,2.91519
1776813195654779112,2.07143,-0.427734,0.0584926,2.48746,1.64953,1.4676,10,56736,43.516,3.06839
1776813195659789039,2.06935,-0.427734,0.0763454,2.64066,1.64953,1.4676,10,56751,43.5275,3.22049
1776813195664777689,2.06935,-0.425781,0.0878505,2.7947,1.33581,1.4589,10,56777,43.5474,3.06778
1776813195669841133,2.06268,-0.425781,0.101126,2.642,1.33581,1.4589,10,56792,43.5589,3.06916
1776813195674802265,2.06268,-0.376953,0.112631,2.6922,1.39359,1.4554,10,56816,43.5773,3.06717
1776813195679756879,2.06071,-0.376953,0.129065,2.69021,1.39359,1.4554,10,56830,43.5881,2.91443
1776813195684769714,2.06071,-0.287109,0.139799,2.62732,1.40289,1.49731,10,56854,43.6065,2.91501
1776813195689776993,2.06071,-0.287109,0.158209,2.6279,1.40289,1.49731,10,56869,43.618,3.06717
1776813195694788512,2.05563,-0.287109,0.164644,2.78006,1.4528,1.47339,10,56890,43.6341,2.91519
1776813195699789551,2.05563,-0.21875,0.18075,2.69644,1.4528,1.47339,10,56910,43.6494,3.06717
1776813195704790645,2.05215,-0.21875,0.192602,2.84842,1.50497,1.49588,10,56920,43.6571,2.14853
1776813195709777535,2.05215,0.210938,0.200273,2.35947,1.50497,1.49588,10,56919,43.6563,0.766601
1776813195714796055,2.0513,0.210938,0.19866,0.977538,1.98968,1.73681,10,56915,43.6533,-0.460052
1776813195719775298,2.0513,2.84961,0.195593,2.38956,1.98968,1.73681,10,56914,43.6525,-0.460052
1776813195724781873,2.06599,2.84961,0.209509,2.38956,2.23528,3.31009,10,56914,43.6525,0
1776813195729796837,2.06599,2.58203,0.209509,2.58203,2.23528,3.31009,10,56918,43.6556,0
1776813195734822597,2.09487,2.58203,0.241461,2.58203,1.9704,3.29261,10,56927,43.6625,1.07324
1776813195739786895,2.09487,1.10547,0.248362,2.17871,1.9704,3.29261,10,56936,43.6694,1.3812
1776813195744785193,2.11341,1.10547,0.273802,2.48667,2.48396,2.53684,10,56949,43.6793,1.68618
1776813195749783417,2.11341,0.916016,0.283773,2.6022,2.48396,2.53684,10,56961,43.6885,1.84171
1776813195754822269,2.12332,0.916016,0.302893,2.75773,2.20324,2.47452,10,56977,43.7008,2.14725
1776813195759796049,2.12332,0.451172,-0.313154,2.59842,2.20324,2.47452,10,56991,43.7115,2.30057
1776813195764779236,2.12332,0.451172,-0.302419,2.75174,2.05015,2.20956,10,57008,43.7246,2.45438
1776813195769781978,2.12937,0.451172,-0.283334,2.90555,2.05015,2.20956,10,57020,43.7338,2.30195
1776813195774773221,2.12937,0.28125,-0.27413,2.5832,2.34807,2.14048,10,57039,43.7484,2.45389
1776813195779753186,2.13378,0.28125,-0.255144,2.73514,2.34807,2.14048,10,57050,43.7568,2.45438
1776813195784764465,2.13378,-0.0820312,-0.246706,2.37234,2.50115,1.95364,10,57070,43.7721,2.30103
1776813195789779280,2.13388,-0.0820312,-0.231272,2.21899,2.50115,1.95364,10,57082,43.7813,2.45438
1776813195794771708,2.13388,-0.242188,-0.222067,2.21219,2.62198,1.86279,10,57104,43.7982,2.60773
1776813195799779265,2.13318,-0.242188,-0.205892,2.36554,2.62198,1.86279,10,57116,43.8074,2.60773
1776813195804779803,2.13318,-0.515625,-0.196687,2.0921,2.00508,1.70372,10,57138,43.8243,2.60721
1776813195809798248,2.12665,-0.515625,-0.186338,2.09158,2.00508,1.70372,10,57152,43.835,2.76108
1776813195814778232,2.12665,-0.457031,-0.175604,2.30405,1.68167,1.7072,10,57176,43.8534,2.91501
1776813195819782770,2.12419,-0.457031,-0.159658,2.45798,1.68167,1.7072,10,57189,43.8634,2.76108
1776813195824770698,2.12419,-0.53125,-0.149687,2.22983,1.57358,1.65357,10,57212,43.8811,2.76108
1776813195829764662,2.11611,-0.53125,-0.140123,2.22983,1.57358,1.65357,10,57225,43.891,2.76184
1776813195834763275,2.11611,-0.474609,-0.130152,2.28723,1.70808,1.64868,10,57250,43.9102,3.06349
1776813195839774498,2.11611,-0.474609,-0.110979,2.58888,1.70808,1.64868,10,57264,43.9209,2.91851
1776813195844770296,2.11367,-0.474609,-0.102686,2.44391,1.47693,1.6374,10,57286,43.9378,3.06839
1776813195849771742,2.11367,-0.587891,-0.0858095,2.4805,1.47693,1.6374,10,57308,43.9547,3.06778
1776813195854774540,2.10334,-0.587891,-0.0792634,2.47989,1.70373,1.52507,10,57324,43.967,2.91461
1776813195859793540,2.10334,-0.621094,-0.0669916,2.29351,1.70373,1.52507,10,57347,43.9846,2.91443
1776813195864786190,2.09703,-0.621094,-0.0556619,2.29333,1.97019,1.47687,10,57367,43.9999,3.06717
1776813195869781118,2.09703,-0.621094,-0.0403192,2.44607,1.97019,1.47687,10,57384,44.013,2.91501
1776813195874770564,2.091,-0.621094,-0.0333116,2.29392,1.46995,1.44882,10,57405,44.0291,2.91385
1776813195879750881,2.091,-0.541016,-0.0172059,2.37283,1.46995,1.44882,10,57422,44.0421,2.76163
1776813195884764474,2.08548,-0.541016,-0.00969098,2.22061,1.56778,1.46873,10,57440,44.0559,2.76184
1776813195889768605,2.08548,-0.386719,0.00411439,2.37512,1.56778,1.46873,10,57455,44.0674,2.60721
1776813195894779440,2.08088,-0.386719,0.0110304,2.22049,1.36942,1.53523,10,57470,44.0789,2.45438
1776813195899770719,2.08088,-0.3125,0.0225356,2.14188,1.36942,1.53523,10,57490,44.0943,2.76218
1776813195904773887,2.0773,-0.3125,0.0342925,2.44968,1.31002,1.56079,10,57510,44.1096,2.76053
1776813195909771666,2.0773,-0.386719,0.0496352,2.37381,1.31002,1.56079,10,57527,44.1227,2.76163
1776813195914781334,2.0773,-0.386719,0.0626738,2.37491,1.42027,1.51848,10,57547,44.138,2.91443
1776813195919779262,2.07657,-0.386719,0.0772803,2.52771,1.42027,1.51848,10,57560,44.148,2.76108
1776813195924771504,2.07657,-0.4375,0.0872519,2.32358,1.41162,1.48611,10,57583,44.1656,2.76053
1776813195929765172,2.07236,-0.4375,0.100683,2.32303,1.41162,1.48611,10,57596,44.1756,2.76053
1776813195934796950,2.07236,-0.335938,0.110655,2.42459,1.46664,1.52428,10,57619,44.1932,2.91519
1776813195939774934,2.06626,-0.335938,0.122195,2.57925,1.46664,1.52428,10,57633,44.204,2.76218
1776813195944771380,2.06626,-0.294922,0.132933,2.46726,1.41595,1.51901,10,57653,44.2193,2.91326
1776813195949768845,2.0649,-0.294922,0.14691,2.61834,1.41595,1.51901,10,57671,44.2331,2.9156
1776813195954773975,2.0649,-0.171875,0.160719,2.74372,1.56509,1.58274,10,57695,44.2515,2.91326
1776813195959771366,2.06191,-0.171875,0.176131,2.74139,1.56509,1.58274,10,57708,44.2615,2.91152
1776813195964773441,2.06191,-0.144531,0.186102,2.76699,1.53349,1.58424,10,57721,44.2715,2.14982
1776813195969777294,2.0612,-0.144531,0.195364,2.00529,1.53349,1.58424,10,57721,44.2715,0.767824
1776813195974777240,2.0612,1.22656,0.195364,1.99439,2.07886,2.36241,10,57718,44.2691,-0.15332
1776813195979752446,2.06379,1.22656,0.195654,1.07324,2.07886,2.36241,10,57718,44.2691,-0.307465
1776813195984800835,2.06379,2.42773,0.195654,2.12027,2.33625,3.05931,10,57718,44.2691,0
1776813195989843465,2.06379,2.42773,0.195654,2.42773,2.33625,3.05931,10,57721,44.2715,0
1776813195994788616,2.07103,2.42773,0.205199,2.42773,2.44186,3.09333,10,57731,44.2791,0.920868
1776813195999779914,2.07103,2.01758,0.212866,2.93845,2.59084,2.85954,10,57745,44.2899,1.5332
1776813196004777749,2.11225,2.01758,0.264818,3.55078,2.59084,2.85954,10,57755,44.2975,1.99472
1776813196009869174,2.11225,0.925781,0.27249,2.9205,2.39255,2.42907,10,57774,44.3121,2.14725
1776813196014800752,2.13017,0.925781,0.304987,3.07303,2.39255,2.42907,10,57786,44.3213,2.30103
1776813196019790420,2.13017,0.572266,-0.314126,2.87329,2.39255,2.42907,10,57803,44.3343,2.60825
1776813196024779256,2.13294,0.572266,-0.298322,3.18051,2.20384,2.32272,10,57822,44.3489,2.60773
1776813196029755962,2.13294,0.1875,-0.28375,2.79523,2.20222,2.1034,10,57842,44.3643,2.76053
1776813196034766186,2.13871,0.1875,-0.262636,2.94803,2.20222,2.1034,10,57854,44.3735,2.45487
1776813196039778261,2.13871,-0.0292969,-0.253431,2.42557,2.20222,2.1034,10,57870,44.3857,2.45487
1776813196044774208,2.13922,-0.0292969,-0.240648,2.42557,2.62017,2.00859,10,57889,44.4003,2.60773
1776813196049781191,2.13922,-0.363281,-0.226076,2.24445,2.51244,1.81822,10,57911,44.4172,2.76053
1776813196054793544,2.13613,-0.363281,-0.212297,2.39724,2.51244,1.81822,10,57924,44.4272,2.76184
1776813196059865099,2.13613,-0.566406,-0.202325,2.19543,2.51244,1.81822,10,57940,44.4394,2.60773
1776813196064803232,2.13613,-0.566406,-0.190053,2.04132,2.12868,1.6883,10,57957,44.4525,2.60773
1776813196069799345,2.13419,-0.566406,-0.178956,2.04132,2.12868,1.6883,10,57969,44.4617,2.45438
1776813196074786718,2.13419,-0.443359,-0.169752,2.01102,1.65623,1.74954,10,57991,44.4785,2.60773
1776813196079765128,2.12337,-0.443359,-0.163694,2.16437,1.65623,1.74954,10,58003,44.4877,2.60721
1776813196084771611,2.12337,-0.480469,-0.154489,2.12674,1.45385,1.67878,10,58025,44.5046,2.60773
1776813196089790871,2.12116,-0.480469,-0.139825,2.12726,1.45385,1.67878,10,58038,44.5146,2.60773
1776813196094783503,2.12116,-0.435547,-0.129854,2.17218,1.70193,1.69422,10,58061,44.5322,2.76163
1776813196099772949,2.11448,-0.435547,-0.118902,2.32608,1.70193,1.69422,10,58074,44.5422,2.91268
1776813196104799154,2.11448,-0.541016,-0.10893,2.37167,1.54614,1.60328,10,58097,44.5598,2.60981
1776813196109833988,2.11216,-0.541016,-0.0936026,2.0688,1.54614,1.60328,10,58110,44.5698,2.75997
1776813196114824823,2.11216,-0.662109,-0.083631,2.09786,1.6503,1.52358,10,58134,44.5882,2.9156
1776813196119777234,2.10648,-0.662109,-0.070909,2.25349,1.6503,1.52358,10,58148,44.599,2.91461
1776813196124775958,2.10648,-0.642578,-0.0601706,2.27203,1.76328,1.50844,10,58173,44.6181,2.91385
1776813196129768534,2.09631,-0.642578,-0.0511565,2.27127,1.76328,1.50844,10,58186,44.6281,2.9156
1776813196134773850,2.09631,-0.605469,-0.0411887,2.31013,1.46103,1.48246,10,58209,44.6457,2.76053
1776813196139770315,2.09631,-0.605469,-0.0235457,2.15506,1.46103,1.48246,10,58222,44.6557,2.76053
1776813196144800631,2.09343,-0.605469,-0.0164656,2.15506,1.57469,1.46903,10,58241,44.6703,2.76163
1776813196149819928,2.09343,-0.421875,-0.0018935,2.33976,1.57469,1.46903,10,58262,44.6864,2.76163
1776813196154784468,2.0834,-0.421875,0.00419094,2.33976,1.47589,1.52696,10,58278,44.6987,2.91461
1776813196159770804,2.0834,-0.396484,0.0164628,2.51812,1.47589,1.52696,10,58296,44.7125,2.91443
1776813196164799101,2.08208,-0.396484,0.0289483,2.51794,1.3828,1.53527,10,58318,44.7293,3.06778
1776813196169805361,2.08208,-0.421875,0.0458245,2.6459,1.3828,1.53527,10,58339,44.7455,2.91443
1776813196174785086,2.07545,-0.421875,0.0552964,2.49255,1.37162,1.48976,10,58360,44.7616,3.06655
1776813196179763792,2.07545,-0.429688,0.0714021,2.63687,1.37162,1.48976,10,58377,44.7746,2.76295
1776813196184769257,2.07114,-0.429688,0.0801301,2.33326,1.54658,1.46509,10,58394,44.7876,2.91443
1776813196189780129,2.07114,-0.388672,0.0931688,2.52576,1.54658,1.46509,10,58415,44.8037,2.91501
1776813196194775075,2.067,-0.388672,0.105139,2.52634,1.42003,1.46904,10,58435,44.8191,3.06778
1776813196199787521,2.067,-0.310547,0.120478,2.75723,1.43037,1.51357,10,58457,44.836,2.76108
1776813196204775412,2.06337,-0.310547,0.133723,2.45053,1.43037,1.51357,10,58470,44.8459,2.76053
1776813196209779765,2.06337,-0.191406,0.143694,2.56912,1.43037,1.51357,10,58487,44.859,2.60773
1776813196214777137,2.06388,-0.191406,0.168746,2.41708,1.34828,1.56441,10,58510,44.8766,2.60849
1776813196219785306,2.06388,-0.125,0.174883,2.48349,1.48228,1.60465,10,58527,44.8896,2.76053
1776813196224772808,2.06247,-0.125,0.186514,2.63553,1.48228,1.60465,10,58540,44.8996,2.76218
1776813196229753662,2.06247,-0.160156,0.196482,2.60203,1.48228,1.60465,10,58551,44.9081,2.45389
1776813196234766089,2.06112,-0.160156,0.20357,2.29373,1.42056,1.57163,10,58552,44.9088,0.919921
1776813196239779202,2.06112,0.03125,0.204337,0.951171,1.42056,1.57163,10,58549,44.9065,-0.153412
1776813196244832998,2.06085,0.03125,0.201766,-0.122162,2.15535,1.67946,10,58546,44.9042,-0.766601
1776813196249788186,2.06085,3.02539,0.199465,2.25879,2.15535,1.67946,10,58546,44.9042,0
1776813196254779318,2.08651,3.02539,0.225131,3.02539,2.35111,3.50642,10,58549,44.9065,0.153351
1776813196259794801,2.08651,2.16602,0.227431,2.31937,2.35111,3.50642,10,58556,44.9119,0.766754
1776813196264775766,2.11221,2.16602,0.25849,2.93277,1.99484,3.13582,10,58568,44.9211,1.38092
1776813196269811359,2.11221,1.16797,0.267695,2.54889,1.99484,3.13582,10,58579,44.9295,1.68686
1776813196274784695,2.12721,1.16797,0.291132,2.85483,2.3588,2.636,10,58589,44.9372,1.84024
1776813196279766198,2.12721,0.734375,0.2988,2.57461,2.3588,2.636,10,58604,44.9487,1.84097
1776813196284767514,2.12721,0.734375,0.310305,2.57535,2.24565,2.38885,10,58621,44.9617,2.14853
1776813196289772423,2.13676,0.734375,-0.295423,2.88291,2.24565,2.38885,10,58633,44.9709,2.60773
1776813196294778258,2.13676,0.287109,-0.286218,2.89484,2.3368,2.17768,10,58656,44.9886,2.60721
1776813196299761594,2.14456,0.287109,-0.260774,2.89432,2.3368,2.17768,10,58669,44.9986,2.76163
1776813196304772428,2.14456,-0.236328,-0.250806,2.5253,2.49446,1.91494,10,58690,45.0147,2.60773
1776813196309779208,2.14422,-0.236328,-0.23504,2.3714,2.49446,1.91494,10,58701,45.0231,2.45389
1776813196314819282,2.14422,-0.275391,-0.226606,2.17849,2.67178,1.89111,10,58723,45.04,2.60773
1776813196319781082,2.1431,-0.275391,-0.210843,2.33234,2.67178,1.89111,10,58735,45.0492,2.60825
1776813196324784787,2.1431,-0.613281,-0.201642,1.99497,2.06624,1.69343,10,58756,45.0653,2.45389
1776813196329768123,2.13735,-0.613281,-0.191285,1.8406,2.06624,1.69343,10,58770,45.076,2.76163
1776813196334767495,2.13735,-0.603516,-0.180547,2.15811,1.85035,1.67272,10,58795,45.0952,2.91443
1776813196339769330,2.13542,-0.603516,-0.163305,2.31091,1.85035,1.67272,10,58809,45.1059,3.06793
1776813196344782201,2.13542,-0.511719,-0.152566,2.55621,1.45185,1.71622,10,58832,45.1236,2.91501
1776813196349776796,2.12703,-0.511719,-0.143316,2.40329,1.45185,1.71622,10,58846,45.1343,2.75997
1776813196354779705,2.12703,-0.542969,-0.132577,2.21701,1.69985,1.65996,10,58870,45.1527,2.91443
1776813196359785151,2.12703,-0.542969,-0.114167,2.37146,1.69985,1.65996,10,58883,45.1627,2.76218
1776813196364811670,2.12517,-0.542969,-0.106057,2.21921,1.53187,1.6514,10,58904,45.1788,2.91443
1776813196369777136,2.12517,-0.626953,-0.0899517,2.28748,1.53187,1.6514,10,58927,45.1957,3.06793
1776813196374781416,2.1131,-0.626953,-0.0843785,2.44098,1.76292,1.54797,10,58943,45.2087,3.06778
1776813196379751233,2.1131,-0.712891,-0.0721066,2.35489,1.76292,1.54797,10,58965,45.2256,2.91501
1776813196384769345,2.10605,-0.712891,-0.0622876,2.20212,1.85819,1.46636,10,58984,45.2402,2.91443
1776813196389768255,2.10605,-0.689453,-0.0477154,2.22498,1.85819,1.46636,10,59000,45.2524,2.60773
1776813196394770479,2.09907,-0.689453,-0.0424206,1.91827,1.56553,1.44738,10,59016,45.2647,2.76053
1776813196399774536,2.09907,-0.566406,-0.0301487,2.19412,1.56553,1.44738,10,59036,45.28,2.60825
1776813196404775056,2.09294,-0.566406,-0.0209362,2.04184,1.55644,1.48906,10,59055,45.2946,2.76184
1776813196409796557,2.09294,-0.474609,-0.00636409,2.28723,1.63843,1.54138,10,59076,45.3107,2.76053
1776813196414801503,2.08795,-0.474609,0.00475195,2.28592,1.63843,1.54138,10,59090,45.3215,2.76163
1776813196419790487,2.08795,-0.412109,0.0154865,2.34952,1.63843,1.54138,10,59107,45.3345,2.60721
1776813196424777507,2.08362,-0.412109,0.0241993,2.1951,1.45862,1.53356,10,59122,45.346,2.76108
1776813196429762343,2.08362,-0.464844,0.0357044,2.29623,1.45862,1.53356,10,59143,45.3621,2.91385
1776813196434762919,2.08362,-0.464844,0.0518139,2.449,1.43262,1.5035,10,59165,45.379,2.91501
1776813196439771531,2.07918,-0.464844,0.0642422,2.45017,1.43262,1.5035,10,59179,45.3897,3.06916
1776813196444775589,2.07918,-0.490234,0.0749805,2.57892,1.62929,1.46826,10,59204,45.4089,2.91385
1776813196449782627,2.0742,-0.490234,0.089175,2.42361,1.62929,1.46826,10,59217,45.4189,2.91443
1776813196454770926,2.0742,-0.447266,0.0991466,2.46716,1.42276,1.46944,10,59241,45.4373,2.91501
1776813196459780094,2.06692,-0.447266,0.110278,2.46775,1.42276,1.46944,10,59255,45.4473,2.75997
1776813196464778466,2.06573,-0.410156,0.135932,2.50544,1.54972,1.45643,10,59285,45.471,2.9156
1776813196469786338,2.06573,-0.337891,0.142836,2.5777,1.60922,1.49203,10,59304,45.4856,3.22125
1776813196474774932,2.06124,-0.337891,0.152919,2.88336,1.60922,1.49203,10,59320,45.4979,3.2192
1776813196479756916,2.06124,-0.251953,0.16519,2.96725,1.54972,1.51988,10,59345,45.517,3.06962
1776813196484762659,2.05765,-0.251953,0.18077,2.81767,1.54972,1.51988,10,59359,45.5278,3.06717
1776813196489851250,2.05765,-0.246094,0.191508,2.82107,1.54972,1.51988,10,59375,45.5401,2.76295
1776813196494816179,2.05587,-0.246094,0.201999,2.51685,1.68412,1.49787,10,59377,45.5416,1.68686
1776813196499790867,2.05587,-0.150391,0.203532,1.53647,1.68412,1.49787,10,59375,45.5401,-0.15332
1776813196504802294,2.05534,-0.150391,0.199172,-0.763671,2.12724,1.55242,10,59372,45.5378,-0.613281
1776813196509788944,2.05534,2.77344,0.199172,2.16016,2.45067,3.21652,10,59372,45.5378,0
1776813196514778650,2.07489,2.77344,0.218718,2.77344,2.45067,3.21652,10,59376,45.5408,0
1776813196519847890,2.07489,1.37695,0.221785,1.37695,1.67749,2.51246,10,59386,45.5485,0.920289
1776813196524787431,2.10401,1.37695,0.258582,2.29724,1.67749,2.51246,10,59395,45.5554,1.38037
1776813196529862819,2.10401,1.01953,0.265483,2.3999,1.67749,2.51246,10,59407,45.5646,1.99472
1776813196534785138,2.11307,1.01953,0.283744,3.01425,2.40141,2.4863,10,59417,45.5723,1.84058
1776813196539774492,2.11307,0.916016,0.291415,2.75659,2.40141,2.4863,10,59432,45.5838,2.29919
1776813196544828603,2.11547,0.916016,0.305323,3.2152,1.9909,2.43839,10,59447,45.5953,1.84208
1776813196549800310,2.11547,0.408203,-0.31149,2.25028,1.9909,2.43839,10,59464,45.6083,2.45046
1776813196554784682,2.1259,0.408203,-0.288022,2.85866,2.03797,2.19694,10,59477,45.6183,2.30517
1776813196559776036,2.1259,0.248047,-0.278054,2.55322,2.03797,2.19694,10,59494,45.6313,2.30057
1776813196564811926,2.12672,0.248047,-0.264203,2.54861,2.29865,2.10939,10,59511,45.6444,2.45438
1776813196569788836,2.12672,-0.125,-0.251161,2.32938,2.29865,2.10939,10,59527,45.6566,2.30057
1776813196574801707,2.13096,-0.125,-0.223142,2.63663,2.49994,1.89675,10,59549,45.6735,2.76163
1776813196579754155,2.13096,-0.587891,-0.217771,2.17374,2.29764,1.65238,10,59565,45.6858,2.60721
1776813196584767045,2.12583,-0.587891,-0.210626,2.01932,2.29764,1.65238,10,59578,45.6958,2.60721
1776813196589774565,2.12583,-0.595703,-0.200654,2.0115,2.29764,1.65238,10,59595,45.7088,2.60877
1776813196594785641,2.12283,-0.595703,-0.190618,2.01307,2.03916,1.61061,10,59611,45.7211,2.76108
1776813196599778198,2.12283,-0.625,-0.178346,2.13608,2.03916,1.61061,10,59627,45.7333,2.76108
1776813196604784459,2.1196,-0.625,-0.169305,2.13608,1.34006,1.57904,10,59645,45.7471,2.60721
1776813196609776146,2.1196,-0.582031,-0.155496,2.02517,1.34006,1.57904,10,59664,45.7617,2.45487
1776813196614783611,2.10892,-0.582031,-0.151608,1.87284,1.42185,1.55424,10,59679,45.7732,2.60721
1776813196619779613,2.10892,-0.544922,-0.140103,2.06228,1.42185,1.55424,10,59695,45.7855,2.60877
1776813196624780466,2.10761,-0.544922,-0.129144,2.06385,1.53839,1.56933,10,59715,45.8008,2.91403
1776813196629774950,2.10761,-0.523438,-0.113805,2.39059,1.53839,1.56933,10,59735,45.8162,2.76163
1776813196634796655,2.09883,-0.523438,-0.10724,2.23819,1.39573,1.54091,10,59751,45.8284,2.76163
1776813196639780231,2.09883,-0.548828,-0.0949678,2.2128,1.39573,1.54091,10,59769,45.8422,2.76053
1776813196644782214,2.09883,-0.548828,-0.0811624,2.2117,1.70703,1.52644,10,59790,45.8584,3.06778
1776813196649776197,2.09753,-0.548828,-0.0663537,2.51895,1.70703,1.52644,10,59809,45.8729,3.06778
1776813196654775403,2.09753,-0.585938,-0.0517816,2.48184,1.80898,1.49925,10,59838,45.8952,3.21996
1776813196659782534,2.08233,-0.585938,-0.0447435,2.63402,1.80898,1.49925,10,59853,45.9067,2.91618
1776813196664781795,2.08233,-0.550781,-0.0332383,2.3654,1.388,1.44846,10,59872,45.9212,2.91501
1776813196669778019,2.07936,-0.550781,-0.021634,2.36423,1.388,1.44846,10,59885,45.9312,2.75997
1776813196674782039,2.07936,-0.455078,-0.0116624,2.3049,1.42046,1.48913,10,59907,45.9481,2.75887
1776813196679767079,2.07421,-0.455078,6.01308e-05,2.30379,1.42046,1.48913,10,59921,45.9588,2.61034
1776813196684762988,2.07421,-0.408203,0.0107985,2.20213,1.39133,1.49174,10,59944,45.9765,2.91577
1776813196689779767,2.06974,-0.408203,0.0239668,2.50757,1.39133,1.49174,10,59958,45.9872,2.91385
1776813196694776065,2.06974,-0.429688,0.0347052,2.48416,1.42383,1.45852,10,59982,46.0056,2.91443
1776813196699777771,2.06556,-0.429688,0.048934,2.48474,1.42383,1.45852,10,59995,46.0156,2.76053
1776813196704781994,2.06556,-0.423828,0.0589018,2.3367,1.64569,1.44221,10,60017,46.0325,2.60773
1776813196709787959,2.06118,-0.423828,0.0713988,2.1839,1.64569,1.44221,10,60029,46.0417,2.76218
1776813196714782665,2.06118,-0.359375,0.0806037,2.40281,1.2764,1.45834,10,60052,46.0593,2.60721
1776813196719781907,2.05731,-0.359375,0.103576,2.40226,1.57761,1.4401,10,60074,46.0762,2.76163
1776813196724780890,2.05731,-0.265625,0.111243,2.49601,1.57761,1.4401,10,60087,46.0862,2.75777
1776813196729784003,2.05427,-0.265625,0.118178,2.49214,1.57761,1.4401,10,60100,46.0961,2.61162
1776813196734763635,2.05427,-0.220703,0.12815,2.39092,1.42226,1.50479,10,60121,46.1122,2.60668
1776813196739777766,2.05173,-0.220703,0.141715,2.38598,1.42226,1.50479,10,60133,46.1214,2.60825
1776813196744779546,2.05173,-0.148438,0.15092,2.45981,1.30412,1.53399,10,60153,46.1368,2.45438
1776813196749840879,2.04993,-0.148438,0.164462,2.30594,1.30412,1.53399,10,60166,46.1467,2.60773
1776813196754784678,2.04993,-0.0957031,0.174434,2.51202,1.42955,1.55554,10,60188,46.1636,2.60825
1776813196759800698,2.04896,-0.0957031,0.190333,2.51255,1.42955,1.55554,10,60198,46.1713,2.45389
1776813196764783164,2.04896,-0.015625,0.198005,2.43826,1.47356,1.59658,10,60203,46.1751,1.5332
1776813196769780813,2.0484,-0.015625,0.201278,1.51758,1.47356,1.59658,10,60199,46.1721,-0.306702
1776813196774776389,2.0484,1.9375,0.198211,1.6308,2.32628,2.7072,10,60191,46.1659,-1.22681
1776813196779794483,2.05756,1.9375,0.201236,0.710693,2.32628,2.7072,10,60191,46.1659,-0.306824
1776813196784778985,2.05756,3.10156,0.201236,2.79474,2.4513,3.41402,10,60195,46.169,0.153351
1776813196789770710,2.05756,3.10156,0.204303,3.25491,2.4513,3.41402,10,60201,46.1736,0.920105
1776813196794794303,2.08462,3.10156,0.235965,4.02167,2.37143,3.541,10,60209,46.1797,1.07324
1776813196799779102,2.08462,1.03711,0.242103,2.11035,2.37143,3.541,10,60226,46.192,1.68796
1776813196804787474,2.1139,1.03711,0.284423,2.72507,2.37796,2.50017,10,60236,46.2004,2.30103
1776813196809779179,2.1139,0.585938,0.29209,2.88696,2.37796,2.50017,10,60249,46.2104,2.14596
1776813196814783311,2.12246,0.585938,0.310618,2.7319,2.27352,2.28241,10,60262,46.2204,1.53519
1776813196819783183,2.12246,0.398438,-0.307728,1.93363,2.27352,2.28241,10,60280,46.2342,2.45143
1776813196824786851,2.12697,0.398438,-0.289414,2.84987,2.21739,2.19627,10,60293,46.2442,2.45782
1776813196829770890,2.12697,0.0429688,-0.279442,2.50079,2.21739,2.19627,10,60311,46.258,2.30026
1776813196834783466,2.13076,0.0429688,-0.261849,2.34323,2.50081,2.01103,10,60326,46.2695,2.45438
1776813196839785801,2.13076,-0.078125,-0.250344,2.37625,2.50081,2.01103,10,60347,46.2856,2.76129
1776813196844799987,2.13069,-0.078125,-0.234299,2.68316,2.37531,1.94171,10,60362,46.2971,2.76108
1776813196849780230,2.13069,-0.443359,-0.222794,2.31772,2.37531,1.94171,10,60381,46.3116,2.76053
1776813196854784862,2.12626,-0.443359,-0.212655,2.31717,2.23638,1.71321,10,60397,46.3239,2.60773
1776813196859776808,2.12626,-0.474609,-0.200383,2.13312,2.23638,1.71321,10,60417,46.3393,2.76218
1776813196864777402,2.12838,-0.474609,-0.170651,2.28647,1.84907,1.69539,10,60442,46.3584,2.76108
1776813196869782571,2.12838,-0.501953,-0.16375,2.25912,1.47978,1.68952,10,60459,46.3715,2.75997
1776813196874834774,2.12048,-0.501953,-0.158608,2.25802,1.47978,1.68952,10,60472,46.3814,2.76218
1776813196879801222,2.12048,-0.458984,-0.148637,2.3032,1.47978,1.68952,10,60489,46.3945,2.75722
1776813196884774613,2.11841,-0.458984,-0.137673,2.29823,1.6524,1.66817,10,60504,46.406,2.6111
1776813196889772819,2.11841,-0.431641,-0.126168,2.17946,1.6524,1.66817,10,60523,46.4206,2.60773
1776813196894776117,2.1123,-0.431641,-0.117707,2.17609,1.76308,1.65557,10,60537,46.4313,2.45487
1776813196899802136,2.1123,-0.441406,-0.106969,2.01346,1.76308,1.65557,10,60557,46.4466,2.75942
1776813196904787027,2.10994,-0.441406,-0.093991,2.31802,1.61791,1.6391,10,60573,46.4589,2.60981
1776813196909799010,2.10994,-0.537109,-0.0817191,2.07271,1.61791,1.6391,10,60593,46.4743,2.9121
1776813196914774420,2.10275,-0.537109,-0.0735633,2.37499,1.68228,1.55128,10,60608,46.4858,2.60929
1776813196919907140,2.10275,-0.548828,-0.0620619,2.06046,1.68228,1.55128,10,60627,46.5003,2.76108
1776813196924793516,2.09973,-0.548828,-0.0505034,2.21225,1.87721,1.53059,10,60642,46.5118,2.45487
1776813196929771351,2.09973,-0.460938,-0.0389983,1.99393,1.87721,1.53059,10,60660,46.5256,2.45339
1776813196934782371,2.09511,-0.460938,-0.0198447,1.99344,1.38444,1.58069,10,60681,46.5417,2.45438
1776813196939800761,2.09511,-0.369141,-0.0137107,2.08524,1.36167,1.61156,10,60697,46.554,2.45487
1776813196944774190,2.09026,-0.369141,-0.00627963,2.08573,1.36167,1.61156,10,60710,46.564,2.60773
1776813196949861837,2.09026,-0.265625,0.00369198,2.3421,1.36167,1.61156,10,60726,46.5763,2.60721
1776813196954790619,2.0876,-0.265625,0.0132974,2.34158,1.36343,1.63561,10,60741,46.5878,2.76108
1776813196959777436,2.0862,-0.292969,0.0356782,2.3158,1.58079,1.61351,10,60767,46.6077,2.60877
1776813196964783104,2.0862,-0.341797,0.0433458,2.26697,1.58079,1.61351,10,60784,46.6207,2.60773
1776813196969775069,2.08268,-0.341797,0.0528596,2.26593,1.58079,1.61351,10,60797,46.6307,2.91403
1776813196974781867,2.08268,-0.353516,0.0628312,2.56051,1.61064,1.56255,10,60817,46.6461,2.76218
1776813196979794109,2.08094,-0.353516,0.0764344,2.40867,1.61064,1.56255,10,60831,46.6568,2.91385
1776813196984776648,2.08094,-0.271484,0.0871728,2.64236,1.62227,1.60119,10,60856,46.676,2.91501
1776813196989782354,2.07656,-0.271484,0.101966,2.64353,1.62227,1.60119,10,60869,46.6859,2.91326
1776813196994793985,2.07656,-0.234375,0.111938,2.67889,1.57098,1.60183,10,60892,46.7036,2.91443
1776813196999815930,2.07656,-0.234375,0.129577,2.68005,1.57098,1.60183,10,60905,46.7136,2.76108
1776813197004787285,2.0752,-0.234375,0.138191,2.5267,1.8232,1.59548,10,60925,46.7289,2.76184
1776813197009774084,2.0752,-0.140625,0.153529,2.62122,1.8232,1.59548,10,60946,46.745,2.76108
1776813197014771475,2.07218,-0.140625,0.16661,2.62045,1.54128,1.63473,10,60963,46.758,2.9156
1776813197019775273,2.07147,-0.150391,0.192756,2.91678,1.45586,1.62587,10,60991,46.7795,3.06717
1776813197024798237,2.07147,-0.181641,0.200424,2.88553,1.45586,1.62587,10,61003,46.7887,2.91443
1776813197029754852,2.06995,-0.181641,0.208103,2.73279,1.45586,1.62587,10,61015,46.7979,2.45438
1776813197034766650,2.06995,-0.162109,0.217307,2.29227,1.42202,1.61203,10,61016,46.7987,1.07443
1776813197039772263,2.06924,-0.162109,0.217365,0.912324,1.42202,1.61203,10,61012,46.7956,-0.306457
1776813197044776987,2.06924,2.9082,0.214294,2.60175,2.31176,3.35877,10,61009,46.7933,-0.768132
1776813197049788452,2.08649,2.9082,0.229244,2.14007,2.31176,3.35877,10,61009,46.7933,0
1776813197054783454,2.08649,3.05273,0.229244,3.05273,2.46375,3.5219,10,61011,46.7948,0
1776813197059772993,2.10148,3.05273,0.245773,3.05273,2.46375,3.5219,10,61018,46.8002,0.920868
1776813197064785143,2.10148,1.02344,0.251144,1.94431,2.85189,2.43493,10,61032,46.811,1.37988
1776813197069775405,2.13316,1.02344,0.29969,2.86367,2.38307,2.58091,10,61048,46.8232,1.84024
1776813197074780796,2.13316,0.603516,0.305827,2.44375,2.38307,2.58091,10,61058,46.8309,1.99552
1776813197079751669,2.14165,0.603516,-0.306328,2.59904,2.38307,2.58091,10,61070,46.8401,2.30103
1776813197084761578,2.14336,0.259766,-0.283146,2.71022,1.68905,2.18445,10,61094,46.8585,2.45046
1776813197089850966,2.14336,0.210938,-0.277008,2.66139,1.68905,2.18445,10,61104,46.8662,2.45438
1776813197094842895,2.14461,0.210938,-0.268086,2.66531,2.11985,2.17013,10,61119,46.8777,1.99676
1776813197099793547,2.14461,0.125,-0.256581,2.12176,2.11985,2.17013,10,61132,46.8877,2.30103
1776813197104793475,2.1473,0.125,-0.24392,2.42603,2.49001,2.1334,10,61148,46.8999,2.14682
1776813197109793180,2.1473,0.015625,-0.231648,2.16244,2.49001,2.1334,10,61162,46.9107,2.30149
1776813197114780794,2.14773,0.015625,-0.220486,2.31711,2.37966,2.07299,10,61179,46.9237,2.30149
1776813197119783666,2.14773,-0.466797,-0.207447,1.83469,2.37966,2.07299,10,61193,46.9344,2.45389
1776813197124776317,2.14431,-0.466797,-0.200123,1.98709,2.42011,1.78244,10,61212,46.949,2.45438
1776813197129771319,2.14431,-0.490234,-0.185551,1.96414,2.42011,1.78244,10,61229,46.9621,2.76108
1776813197134765969,2.14431,-0.490234,-0.172512,2.27084,1.85738,1.76908,10,61248,46.9766,2.76163
1776813197139790952,2.14199,-0.490234,-0.160267,2.2714,1.85738,1.76908,10,61261,46.9866,2.76108
1776813197144774770,2.14199,-0.505859,-0.150296,2.25522,1.53111,1.74957,10,61281,47.0019,2.60745
1776813197149783623,2.1313,-0.505859,-0.145646,2.10159,1.53111,1.74957,10,61294,47.0119,2.45361
1776813197154781107,2.1313,-0.410156,-0.135674,2.04346,1.40662,1.75523,10,61317,47.0295,2.60849
1776813197159792775,2.12893,-0.410156,-0.120408,2.19833,1.40662,1.75523,10,61331,47.0403,2.91501
1776813197164777130,2.12893,-0.521484,-0.109669,2.39353,1.5365,1.68089,10,61357,47.0602,3.06717
1776813197169781372,2.12204,-0.521484,-0.0966114,2.54568,1.5365,1.68089,10,61372,47.0717,3.22177
1776813197174772356,2.12204,-0.597656,-0.0851063,2.62412,1.74834,1.60585,10,61398,47.0917,3.22061
1776813197179751711,2.11938,-0.597656,-0.0678257,2.62295,1.74834,1.60585,10,61412,47.1024,3.06962
1776813197184773249,2.11938,-0.689453,-0.0570873,2.38017,1.74081,1.54128,10,61437,47.1216,2.91443
1776813197189770066,2.10974,-0.689453,-0.0475544,2.22498,1.74081,1.54128,10,61452,47.1331,3.06717
1776813197194774457,2.10974,-0.708984,-0.0360493,2.35818,1.574,1.48565,10,61476,47.1515,3.06839
1776813197199771959,2.10634,-0.708984,-0.0210346,2.35941,1.574,1.48565,10,61490,47.1622,2.91403
1776813197204780702,2.10634,-0.615234,-0.0102963,2.29879,1.64512,1.5234,10,61514,47.1806,2.9156
1776813197209776463,2.0995,-0.615234,0.0112339,2.14584,1.42881,1.49168,10,61536,47.1975,2.76108
1776813197214789002,2.0995,-0.458984,0.0181385,2.30209,1.42881,1.49168,10,61552,47.2098,2.76108
1776813197219792282,2.09108,-0.458984,0.0219875,2.30209,1.42881,1.49168,10,61566,47.2205,2.60773
1776813197224782247,2.09108,-0.431641,0.0327259,2.17609,1.65056,1.55717,10,61585,47.2351,2.76108
1776813197229757898,2.08678,-0.431641,0.0430027,2.32944,1.65056,1.55717,10,61599,47.2458,2.91385
1776813197234763882,2.08678,-0.460938,0.0537411,2.45291,1.63622,1.52045,10,61623,47.2642,2.91519
1776813197239770032,2.08447,-0.460938,0.0698353,2.45425,1.63622,1.52045,10,61637,47.275,2.91501
1776813197244791052,2.08447,-0.505859,0.0805736,2.40915,1.42627,1.48406,10,61660,47.2926,2.91326
1776813197249774036,2.0796,-0.505859,0.0933529,2.4074,1.42627,1.48406,10,61673,47.3026,2.75832
1776813197254804555,2.0796,-0.476562,0.103321,2.28176,1.6015,1.47803,10,61696,47.3202,2.61086
1776813197259785354,2.07467,-0.476562,0.116027,2.1343,1.6015,1.47803,10,61709,47.3302,2.76108
1776813197264786875,2.07467,-0.40625,0.125999,2.35483,1.68118,1.495,10,61733,47.3486,2.91501
1776813197269816135,2.07045,-0.40625,0.14019,2.50876,1.68118,1.495,10,61747,47.3594,2.75997
1776813197274823211,2.07045,-0.316406,0.150928,2.44357,1.47552,1.52645,10,61771,47.3778,2.91636
1776813197279771493,2.06666,-0.316406,0.17551,2.59744,1.55742,1.50862,10,61794,47.3954,2.91385
1776813197284769180,2.06666,-0.246094,0.183181,2.66775,1.55742,1.50862,10,61811,47.4084,2.76053
1776813197289775923,2.06246,-0.246094,0.19202,2.51443,1.55742,1.50862,10,61825,47.4192,2.9156
1776813197294773999,2.06246,-0.222656,0.202758,2.69294,1.43632,1.54229,10,61839,47.4299,2.76108
1776813197299831481,2.05993,-0.222656,0.210971,2.53842,1.43632,1.54229,10,61840,47.4307,1.22732
1776813197304798613,2.05993,0.328125,0.211738,1.55545,1.6733,1.84434,10,61834,47.4261,-0.153382
1776813197309777857,2.06028,0.328125,0.207485,0.174743,1.6733,1.84434,10,61834,47.4261,-0.767517
1776813197314774230,2.06028,2.83203,0.207485,2.06451,2.47631,3.27322,10,61834,47.4261,0
1776813197319789750,2.0886,2.83203,0.235797,2.83203,2.47631,3.27322,10,61837,47.4284,0.15332
1776813197324786511,2.0886,2.24023,0.238102,2.39355,2.04646,3.06859,10,61849,47.4376,1.074
1776813197329769958,2.10229,2.24023,0.261001,3.31424,2.04646,3.06859,10,61857,47.4437,1.68796
1776813197334767646,2.10229,0.792969,0.267139,2.48093,2.39717,2.30731,10,61874,47.4568,1.83984
1776813197339780036,2.1229,0.792969,0.300788,2.63281,2.39717,2.30731,10,61888,47.4675,2.45487
1776813197344847184,2.1229,0.574219,0.311527,3.02909,2.46432,2.27778,10,61908,47.4828,2.75777
1776813197349793262,2.12619,0.574219,-0.288963,2.87755,1.89407,2.29288,10,61929,47.4989,2.30333
1776813197354780765,2.12619,0.138672,-0.282066,2.442,1.89407,2.29288,10,61944,47.5105,2.45487
1776813197359804118,2.13015,0.138672,-0.266598,2.59354,1.89407,2.29288,10,61957,47.5204,2.60825
1776813197364816268,2.13015,-0.148438,-0.256626,2.45981,2.30418,1.89914,10,61976,47.535,2.60668
1776813197369856991,2.12994,-0.148438,-0.242264,2.45825,2.30418,1.89914,10,61989,47.545,2.91228
1776813197374805328,2.12994,-0.455078,-0.232292,2.4572,2.49255,1.72339,10,62013,47.5634,2.76108
1776813197379764850,2.12689,-0.455078,-0.216931,2.306,2.49255,1.72339,10,62026,47.5733,2.76495
1776813197384767592,2.12689,-0.554688,-0.206959,2.21026,2.03145,1.65264,10,62047,47.5895,2.76108
1776813197389774946,2.12418,-0.554688,-0.193562,2.20639,2.03145,1.65264,10,62059,47.5987,2.45438
1776813197394782003,2.12418,-0.490234,-0.184361,1.96414,1.61424,1.67693,10,62081,47.6148,2.60408
1776813197399778691,2.11595,-0.490234,-0.17572,2.11385,1.61424,1.67693,10,62093,47.6247,2.45782
1776813197404781230,2.11595,-0.423828,-0.166519,2.03399,1.46435,1.67686,10,62115,47.6416,2.76108
1776813197409816990,2.11338,-0.423828,-0.152214,2.33725,1.46435,1.67686,10,62128,47.6516,2.75722
1776813197414867824,2.11338,-0.460938,-0.142243,2.29628,1.63246,1.64385,10,62150,47.6685,2.61086
1776813197419802050,2.11338,-0.460938,-0.12537,2.14992,1.63246,1.64385,10,62162,47.6777,2.60825
1776813197424808367,2.10612,-0.460938,-0.123421,2.14731,1.62243,1.61031,10,62181,47.6922,2.60773
1776813197429778148,2.10612,-0.572266,-0.108849,2.03546,1.62243,1.61031,10,62200,47.7068,2.60668
1776813197434795649,2.09872,-0.572266,-0.101681,2.03442,1.71527,1.51254,10,62219,47.7214,2.60825
1776813197439778374,2.09872,-0.615234,-0.0871088,1.99301,1.71527,1.51254,10,62237,47.7352,2.91577
1776813197444777728,2.0952,-0.615234,-0.0768205,2.30054,1.73556,1.47171,10,62257,47.7505,2.76053
1776813197449770082,2.0952,-0.666016,-0.0614778,2.09451,1.73556,1.47171,10,62275,47.7643,2.91385
1776813197454778603,2.08518,-0.666016,-0.0576898,2.24783,1.56877,1.3961,10,62294,47.7789,2.9156
1776813197459781142,2.08518,-0.611328,-0.0431177,2.30427,1.56877,1.3961,10,62310,47.7912,2.76053
1776813197464779755,2.08202,-0.611328,-0.0340082,2.1492,1.41606,1.4125,10,62328,47.805,2.60825
1776813197469776628,2.08202,-0.388672,-0.0202028,2.21958,1.41606,1.4125,10,62344,47.8172,2.60773
1776813197474784611,2.07439,-0.388672,-0.0155565,2.21906,1.53956,1.50374,10,62363,47.8318,2.60668
1776813197479765669,2.07439,-0.328125,-0.000984353,2.27856,1.53956,1.50374,10,62380,47.8449,2.76184
1776813197484767023,2.07259,-0.328125,0.01025,2.43372,1.29932,1.52978,10,62400,47.8602,2.91501
1776813197489782747,2.07259,-0.259766,0.0255889,2.65525,1.29932,1.52978,10,62417,47.8732,2.76053
1776813197494781267,2.07259,-0.259766,0.0386275,2.50076,1.47738,1.56874,10,62437,47.8886,2.91501
1776813197499777029,2.06853,-0.259766,0.0499075,2.65525,1.47738,1.56874,10,62450,47.8986,2.76108
1776813197504901916,2.06853,-0.3125,0.0598792,2.44858,1.52079,1.51963,10,62474,47.917,2.91443
1776813197509805643,2.06438,-0.3125,0.0741385,2.60193,1.52079,1.51963,10,62488,47.9277,2.91501
1776813197514777665,2.06438,-0.287109,0.0848769,2.6279,1.52849,1.5146,10,62512,47.9461,2.91519
1776813197519795314,2.06152,-0.287109,0.100418,2.62808,1.52849,1.5146,10,62526,47.9568,2.75997
1776813197524793428,2.06152,-0.257812,0.11116,2.50216,1.53525,1.51782,10,62548,47.9737,2.9156
1776813197529773153,2.06001,-0.257812,0.12653,2.65778,1.53525,1.51782,10,62560,47.9829,2.60721
1776813197534773470,2.06001,-0.160156,0.135731,2.44705,1.50592,1.56639,10,62581,47.999,2.45438
1776813197539788730,2.05811,-0.160156,0.14994,2.29422,1.50592,1.56639,10,62593,48.0082,2.60773
1776813197544785603,2.05811,-0.03125,0.159141,2.57648,1.57892,1.63093,10,62615,48.0251,2.45487
1776813197549793957,2.05715,-0.03125,0.17506,2.42362,1.57892,1.63093,10,62628,48.0351,2.76053
1776813197554771237,2.05715,-0.0332031,0.185032,2.72732,1.68973,1.62529,10,62651,48.0527,2.76053
1776813197559773665,2.05715,-0.0332031,0.202667,2.72732,1.68973,1.62529,10,62662,48.0612,2.60773
1776813197564771741,2.05715,-0.0195312,0.211105,2.5882,1.44405,1.63306,10,62668,48.0658,1.53458
1776813197569782317,2.05715,-0.0195312,0.215706,1.51505,1.44405,1.63306,10,62668,48.0658,0.306702
1776813197574772709,2.05646,-0.0195312,0.215019,0.28717,2.18304,1.62982,10,62665,48.0635,-0.460052
1776813197579753359,2.05646,1.96289,0.212719,1.50284,2.18304,1.62982,10,62663,48.0619,-0.153351
1776813197584763880,2.06402,1.96289,0.218742,1.80954,2.60182,2.79542,10,62663,48.0619,-0.153351
1776813197589770770,2.06402,3.00781,0.218742,2.85446,2.60182,2.79542,10,62666,48.0642,0
1776813197594782772,2.09114,3.00781,0.248165,3.00781,2.03596,3.51797,10,62675,48.0711,1.07303
1776813197599785885,2.09114,1.20312,0.255066,2.27615,2.03596,3.51797,10,62683,48.0773,1.22806
1776813197604776332,2.12492,1.20312,0.294979,2.43119,1.95658,2.64553,10,62694,48.0857,1.37988
1776813197609772594,2.12492,1.04688,0.303417,2.42676,1.95658,2.64553,10,62704,48.0934,1.68796
1776813197614851019,2.13025,1.04688,-0.311905,2.73483,2.29323,2.58093,10,62717,48.1033,1.68728
1776813197619791208,2.13025,0.650391,-0.301933,2.33768,2.29323,2.58093,10,62729,48.1125,1.84058
1776813197624781933,2.14187,0.650391,-0.281113,2.49097,1.99319,2.40808,10,62744,48.124,2.14767
1776813197629832026,2.14187,0.671875,-0.269607,2.81955,1.99319,2.40808,10,62757,48.134,2.14725
1776813197634801603,2.1458,0.671875,-0.255699,2.81912,2.49508,2.43828,10,62774,48.1471,2.30057
1776813197639789457,2.1458,0.0683594,-0.24266,2.36892,2.49508,2.43828,10,62789,48.1586,2.45536
1776813197644798348,2.1458,0.0683594,-0.231155,2.52372,2.86924,2.09428,10,62807,48.1724,2.45389
1776813197649797665,2.15097,0.0683594,-0.212177,2.52224,2.86924,2.09428,10,62820,48.1823,2.60825
1776813197654802945,2.15097,-0.341797,-0.202209,2.26645,2.66541,1.88403,10,62841,48.1984,2.60721
1776813197659779614,2.14943,-0.341797,-0.187637,2.26541,2.66541,1.88403,10,62854,48.2084,2.60773
1776813197664782005,2.14943,-0.527344,-0.177666,2.08038,2.14751,1.77128,10,62878,48.2268,2.76053
1776813197669778859,2.14239,-0.527344,-0.166305,2.23318,2.14751,1.77128,10,62892,48.2376,2.9156
1776813197674778454,2.14239,-0.525391,-0.155567,2.3902,1.5386,1.74028,10,62917,48.2567,3.06732
1776813197679767364,2.13979,-0.525391,-0.139,2.54192,1.5386,1.74028,10,62931,48.2675,3.06778
1776813197684764477,2.13979,-0.515625,-0.128261,2.55215,1.65138,1.73396,10,62954,48.2851,2.76218
1776813197689780145,2.13092,-0.515625,-0.11948,2.24656,1.65138,1.73396,10,62968,48.2959,2.91385
1776813197694778407,2.13092,-0.460938,-0.108742,2.45291,1.48919,1.72456,10,62993,48.315,2.91501
1776813197699795982,2.1286,-0.460938,-0.0918921,2.45407,1.48919,1.72456,10,63008,48.3265,3.06854
1776813197704785411,2.1286,-0.640625,-0.080387,2.42792,1.65696,1.61149,10,63033,48.3457,3.06717
1776813197709796209,2.12064,-0.640625,-0.0691718,2.42654,1.65696,1.61149,10,63048,48.3572,3.06839
1776813197714777267,2.12064,-0.703125,-0.0576666,2.36527,1.78591,1.53929,10,63073,48.3764,3.06717
1776813197719775269,2.12064,-0.703125,-0.038494,2.36404,1.78591,1.53929,10,63087,48.3871,3.06425
1776813197724772068,2.11742,-0.703125,-0.0309714,2.36113,1.7996,1.52447,10,63107,48.4025,2.7655
1776813197729780069,2.11742,-0.728516,-0.0156325,2.03699,1.7996,1.52447,10,63128,48.4186,2.91443
1776813197734765257,2.10652,-0.728516,-0.0104216,2.18591,1.46546,1.45966,10,63148,48.4339,2.76108
1776813197739781296,2.10652,-0.578125,0.00491726,2.18295,1.46546,1.45966,10,63165,48.4469,2.91035
1776813197744775557,2.0966,-0.578125,0.00803387,2.33223,1.65551,1.49938,10,63184,48.4615,2.76495
1776813197749781892,2.0966,-0.521484,0.022606,2.24346,1.65551,1.49938,10,63200,48.4738,2.75997
1776813197754841115,2.09366,-0.521484,0.0319368,2.23849,1.41303,1.51799,10,63219,48.4884,2.60877
1776813197759785137,2.09366,-0.445312,0.0465089,2.16346,1.41303,1.51799,10,63235,48.5006,2.76129
1776813197764788380,2.08655,-0.445312,0.0516664,2.31598,1.43866,1.52828,10,63255,48.516,2.60825
1776813197769779827,2.08655,-0.460938,0.0670053,2.14731,1.43866,1.52828,10,63272,48.529,2.91385
1776813197774873048,2.08447,-0.460938,0.0779649,2.45291,1.39011,1.50966,10,63289,48.5421,2.91443
1776813197779771628,2.08447,-0.470703,0.0910035,2.44373,1.39011,1.50966,10,63311,48.5589,2.91385
1776813197784770611,2.07744,-0.470703,0.100853,2.44314,1.37494,1.47126,10,63331,48.5743,2.91501
1776813197789775206,2.07744,-0.457031,0.116192,2.45798,1.37494,1.47126,10,63348,48.5873,2.91443
1776813197794789189,2.07744,-0.457031,0.129231,2.4574,1.51743,1.47905,10,63369,48.6034,2.91519
1776813197799779913,2.07515,-0.457031,0.143047,2.45816,1.51743,1.47905,10,63384,48.6149,3.06778
1776813197804915633,2.07515,-0.337891,0.154553,2.72989,1.38146,1.53624,10,63409,48.6341,3.06839
1776813197809857767,2.06732,-0.337891,0.165894,2.7305,1.38146,1.53624,10,63424,48.6456,3.06717
1776813197814844918,2.06732,-0.275391,0.177399,2.79178,1.46015,1.5351,10,63450,48.6655,3.22189
1776813197819769570,2.0655,-0.275391,0.195522,2.9465,1.46015,1.5351,10,63464,48.6763,2.91385
1776813197824778461,2.0655,-0.173828,0.206261,2.74002,1.41839,1.58445,10,63479,48.6878,2.76163
1776813197829752631,2.06177,-0.173828,0.214035,2.5878,1.41839,1.58445,10,63481,48.6893,0.920289
1776813197834784002,2.06177,1.20312,0.215569,2.12341,2.04735,2.35175,10,63475,48.6847,-0.306702
1776813197839773560,2.06505,1.20312,0.214253,0.896423,2.04735,2.35175,10,63474,48.6839,-0.613403
1776813197844779543,2.06505,3.06641,0.213486,2.453,2.55144,3.42928,10,63474,48.6839,0
1776813197849775471,2.08976,3.06641,0.238186,3.06641,2.55144,3.42928,10,63477,48.6862,0
1776813197854779399,2.08976,2.01172,0.240486,2.01172,2.67254,2.94374,10,63487,48.6939,1.07367
1776813197859775383,2.11568,2.01172,0.274078,3.08539,2.67254,2.94374,10,63496,48.7008,1.53427
1776813197864777811,2.11568,1.04492,0.280979,2.57919,2.49996,2.5128,10,63512,48.7131,1.84097
1776813197869780165,2.11568,1.04492,0.293251,2.88589,2.49996,2.5128,10,63523,48.7215,2.14767
1776813197874796240,2.11758,1.04492,0.303593,3.1926,2.14607,2.52158,10,63538,48.733,2.30057
1776813197879757096,2.11758,0.388672,-0.313221,2.68924,2.14607,2.52158,10,63558,48.7484,2.30072
1776813197884762412,2.12669,0.388672,-0.288768,2.68939,2.13248,2.18944,10,63573,48.7599,2.76129
1776813197889767600,2.12669,0.373047,-0.277263,3.13434,2.13248,2.18944,10,63592,48.7745,2.60773
1776813197894772527,2.12833,0.373047,-0.261055,2.98077,2.04739,2.18804,10,63609,48.7875,2.60773
1776813197899774418,2.12833,-0.185547,-0.248016,2.42218,2.04739,2.18804,10,63622,48.7975,2.30149
1776813197904795623,2.12978,-0.185547,-0.236595,2.11594,2.45602,1.87629,10,63640,48.8113,2.14648
1776813197909771404,2.12978,-0.123047,-0.222789,2.02344,2.45602,1.87629,10,63656,48.8235,2.75743
1776813197914781739,2.12875,-0.123047,-0.211547,2.63438,2.69672,1.90719,10,63674,48.8373,2.61191
1776813197919772908,2.12875,-0.445312,-0.197742,2.16659,2.69672,1.90719,10,63689,48.8489,2.45438
1776813197924775614,2.12566,-0.445312,-0.189327,2.00906,1.89867,1.70932,10,63706,48.8619,2.45487
1776813197929777357,2.12566,-0.394531,-0.176288,2.06034,1.89867,1.70932,10,63721,48.8734,2.45389
1776813197934775840,2.12193,-0.394531,-0.16851,2.05935,1.68433,1.72113,10,63740,48.888,2.76108
1776813197939768898,2.12193,-0.507812,-0.153938,2.25327,1.68433,1.72113,10,63756,48.9002,2.60721
1776813197944770048,2.12193,-0.507812,-0.141666,2.09939,1.51645,1.65656,10,63775,48.9148,2.60825
1776813197949774828,2.11269,-0.507812,-0.136337,2.10044,1.51645,1.65656,10,63788,48.9248,2.76108
1776813197954772627,2.11269,-0.363281,-0.126365,2.3978,1.71209,1.69634,10,63811,48.9424,2.76108
1776813197959780499,2.1051,-0.363281,-0.116314,2.3978,1.71209,1.69634,10,63824,48.9524,2.76108
1776813197964776982,2.1051,-0.472656,-0.106342,2.28842,1.64724,1.5989,10,63847,48.97,2.76163
1776813197969774318,2.10101,-0.472656,-0.0927921,2.28897,1.64724,1.5989,10,63860,48.98,2.76108
1776813197974769987,2.10101,-0.523438,-0.0828205,2.23764,1.71172,1.551,10,63884,48.9984,2.76074
1776813197979761563,2.09605,-0.523438,-0.0693699,2.2373,1.71172,1.551,10,63898,49.0092,2.9156
1776813197984773139,2.09605,-0.568359,-0.0586315,2.34724,1.79371,1.5024,10,63923,49.0283,3.06717
1776813197989775437,2.09103,-0.568359,-0.0444752,2.49881,1.79371,1.5024,10,63937,49.0391,3.06839
1776813197994775143,2.09103,-0.507812,-0.0337368,2.56058,1.34196,1.51355,10,63961,49.0575,2.91385
1776813197999781089,2.08608,-0.507812,-0.0202862,2.40603,1.34196,1.51355,10,63975,49.0682,2.91519
1776813198004820091,2.08608,-0.425781,-0.00954781,2.48941,1.5335,1.53722,10,63998,49.0858,2.76108
1776813198009780335,2.08175,-0.425781,0.00376548,2.3353,1.5335,1.53722,10,64011,49.0958,2.76108
1776813198014777282,2.08175,-0.330078,0.0137371,2.431,1.672,1.57157,10,64035,49.1142,2.91501
1776813198019783081,2.08175,-0.330078,0.0321468,2.58493,1.672,1.57157,10,64048,49.1242,2.76108
1776813198024776509,2.07586,-0.330078,0.0362247,2.431,1.37037,1.544,10,64069,49.1403,2.91443
1776813198029763716,2.07586,-0.371094,0.0523304,2.54333,1.37037,1.544,10,64090,49.1564,2.75997
1776813198034779106,2.07071,-0.371094,0.06329,2.38888,1.4095,1.4965,10,64109,49.171,2.91577
1776813198039799386,2.07071,-0.386719,0.0778622,2.52906,1.4095,1.4965,10,64126,49.184,2.76108
1776813198044776019,2.06897,-0.386719,0.0891651,2.37436,1.54827,1.47942,10,64146,49.1994,2.76053
1776813198049782984,2.06897,-0.363281,0.104508,2.39724,1.54827,1.47942,10,64163,49.2124,2.91501
1776813198054773709,2.06298,-0.363281,0.111554,2.55173,1.37881,1.46462,10,64184,49.2285,2.91385
1776813198059778415,2.06298,-0.316406,0.127659,2.59744,1.37881,1.46462,10,64201,49.2416,2.91443
1776813198064792009,2.06139,-0.316406,0.139103,2.59802,1.65639,1.48383,10,64221,49.2569,2.91443
1776813198069787938,2.06139,-0.234375,0.154442,2.68005,1.65639,1.48383,10,64237,49.2692,2.76239
1776813198074787070,2.05757,-0.234375,0.162899,2.52802,1.51758,1.5126,10,64253,49.2814,2.75722
1776813198079770073,2.05757,-0.210938,0.175171,2.54628,1.51758,1.5126,10,64271,49.2952,2.7655
1776813198084764742,2.05679,-0.210938,0.188187,2.55456,1.39069,1.52224,10,64276,49.2991,1.68652
1776813198089773818,2.05679,0.375,0.192025,2.06152,1.39069,1.52224,10,64273,49.2968,0.307465
1776813198094797709,2.05679,0.375,0.189721,0.682465,2.08269,1.85622,10,64271,49.2952,-0.614166
1776813198099777897,2.05329,0.375,0.184693,-0.239166,2.08269,1.85622,10,64271,49.2952,-0.153351
1776813198104776992,2.05329,2.93555,0.184693,2.7822,2.48584,3.29922,10,64271,49.2952,0
1776813198109771828,2.08503,2.93555,0.216439,2.93555,2.48584,3.29922,10,64277,49.2998,0.460145
1776813198114779330,2.08503,2.46094,0.221043,2.92108,2.02806,3.17778,10,64290,49.3098,1.38037
1776813198119800091,2.09817,2.46094,0.244145,3.84131,2.02806,3.17778,10,64298,49.3159,1.6883
1776813198124782168,2.09817,0.976562,0.250283,2.66486,2.32307,2.39283,10,64314,49.3282,1.68618
1776813198129787078,2.11899,0.976562,0.283379,2.66275,2.32307,2.39283,10,64325,49.3367,2.14767
1776813198134780396,2.11899,0.826172,0.291817,2.97385,2.22072,2.40341,10,64344,49.3512,2.30103
1776813198139816101,2.12294,0.826172,0.310337,3.1272,2.22072,2.40341,10,64356,49.3604,2.45487
1776813198144848657,2.12294,0.476562,-0.308776,2.93143,2.19492,2.22231,10,64374,49.3742,2.1481
1776813198149797865,2.13035,0.476562,-0.287559,2.62467,2.19492,2.22231,10,64385,49.3827,2.30057
1776813198154784794,2.13035,0.330078,-0.279125,2.63064,2.28756,2.17283,10,64405,49.398,2.30149
1776813198159779278,2.13251,0.330078,-0.261627,2.63156,2.28756,2.17283,10,64417,49.4072,2.45389
1776813198164781466,2.13251,-0.0605469,-0.252425,2.39334,2.46475,1.96007,10,64440,49.4249,2.76108
1776813198169779413,2.13251,-0.0605469,-0.234783,2.70053,2.46475,1.96007,10,64453,49.4348,2.76108
1776813198174796526,2.13021,-0.0605469,-0.227107,2.70053,2.46715,1.94953,10,64472,49.4494,2.76108
1776813198179752029,2.13021,-0.498047,-0.212535,2.26303,2.46715,1.94953,10,64492,49.4647,2.76163
1776813198184773957,2.1254,-0.498047,-0.202014,2.26358,2.02151,1.67806,10,64512,49.4801,2.75832
1776813198189770163,2.1254,-0.498047,-0.186675,2.26027,2.02151,1.67806,10,64530,49.4939,2.76461
1776813198194773888,2.12304,-0.498047,-0.175227,2.26656,1.69512,1.66722,10,64550,49.5092,3.06778
1776813198199774631,2.12304,-0.650391,-0.159885,2.41739,1.69512,1.66722,10,64568,49.523,2.91326
1776813198204845816,2.11283,-0.650391,-0.156284,2.26287,1.32813,1.53337,10,64585,49.5361,2.9156
1776813198209790395,2.11283,-0.552734,-0.143245,2.36286,1.32813,1.53337,10,64602,49.5491,2.76108
1776813198214773694,2.11056,-0.552734,-0.13248,2.20834,1.68938,1.57853,10,64621,49.5637,2.91385
1776813198219769678,2.11056,-0.560547,-0.117908,2.3533,1.68938,1.57853,10,64641,49.579,2.60849
1776813198224767773,2.10159,-0.560547,-0.111537,2.04794,1.3971,1.53255,10,64660,49.5936,2.76163
1776813198229760627,2.10159,-0.548828,-0.0969652,2.2128,1.3971,1.53255,10,64677,49.6066,2.76053
1776813198234758278,2.09919,-0.548828,-0.0863222,2.2117,1.55498,1.52812,10,64693,49.6189,2.91385
1776813198239989717,2.09919,-0.640625,-0.0740503,2.27322,1.55498,1.52812,10,64715,49.6358,2.76108
1776813198244827688,2.09919,-0.640625,-0.0571741,2.12045,1.67336,1.47579,10,64734,49.6504,2.9156
1776813198249793303,2.08824,-0.640625,-0.0535539,2.27497,1.67336,1.47579,10,64747,49.6603,2.76108
1776813198254854599,2.08824,-0.603516,-0.0435823,2.15756,1.47815,1.44601,10,64769,49.6772,2.75667
1776813198259799844,2.07836,-0.603516,-0.03659,2.15315,1.47815,1.44601,10,64783,49.6879,2.76295
1776813198264773588,2.07836,-0.478516,-0.0258516,2.28443,1.29674,1.47111,10,64807,49.7063,2.76439
1776813198269788313,2.07308,-0.478516,-0.012729,2.28588,1.29674,1.47111,10,64821,49.7163,2.91443
1776813198274780223,2.07308,-0.441406,-0.00199066,2.47302,1.31371,1.46752,10,64845,49.7355,2.91385
1776813198279774022,2.07119,-0.441406,0.0145308,2.47244,1.31371,1.46752,10,64859,49.7462,2.91385
1776813198284770746,2.07119,-0.427734,0.0252692,2.48611,1.39482,1.46646,10,64883,49.7646,2.91501
1776813198289795618,2.06526,-0.427734,0.0377471,2.48728,1.39482,1.46646,10,64897,49.7754,2.91577
1776813198294773325,2.06526,-0.453125,0.0484854,2.46265,1.36569,1.42414,10,64922,49.7946,3.06778
1776813198299781624,2.06319,-0.453125,0.0655905,2.61465,1.36569,1.42414,10,64937,49.8061,3.06655
1776813198304768626,2.06319,-0.449219,0.0770957,2.61733,1.62058,1.41661,10,64963,49.826,3.21791
1776813198309798832,2.05639,-0.449219,0.0902335,2.76869,1.62058,1.41661,10,64977,49.8367,3.07284
1776813198314788334,2.05639,-0.341797,0.100972,2.73105,1.3645,1.44578,10,65002,49.8559,2.91443
1776813198319822762,2.05639,-0.341797,0.120148,2.57263,1.3645,1.44578,10,65015,49.8659,2.91443
1776813198324793228,2.05132,-0.341797,0.125046,2.57263,1.39338,1.42184,10,65036,49.882,2.91443
1776813198329771453,2.05132,-0.269531,0.14116,2.6449,1.39338,1.42184,10,65058,49.8989,2.91385
1776813198334775567,2.04825,-0.269531,0.154961,2.64431,1.67935,1.44851,10,65079,49.915,3.06793
1776813198339778662,2.04825,-0.1875,0.171067,2.88043,1.67935,1.44851,10,65093,49.9257,2.9156
1776813198344782442,2.04545,-0.1875,0.179001,2.7281,1.31911,1.48198,10,65100,49.9311,1.99393
1776813198349777000,2.04545,-0.175781,0.184373,1.81814,1.31911,1.48198,10,65099,49.9303,0.306763
1776813198354787983,2.04499,-0.175781,0.183144,0.130982,1.89988,1.48648,10,65095,49.9272,-0.460815
1776813198359783782,2.04499,2.80664,0.180073,2.34583,1.89988,1.48648,10,65094,49.9265,-0.30664
1776813198364786636,2.05936,2.80664,0.193677,2.5,2.36447,3.2544,10,65094,49.9265,-0.153351
1776813198369801379,2.05936,2.55664,0.193677,2.40329,1.84234,3.1119,10,65102,49.9326,0.153351
1776813198374808122,2.08767,2.55664,0.228127,2.70999,1.84234,3.1119,10,65109,49.938,1.22732
1776813198379766867,2.08767,1.09375,0.233494,2.32107,2.42675,2.41079,10,65122,49.9479,1.38071
1776813198384769147,2.10825,1.09375,0.264043,2.47446,2.42675,2.41079,10,65131,49.9549,1.68695
1776813198389775723,2.10825,0.939453,0.270947,2.6264,2.42675,2.41079,10,65143,49.9641,1.84097
1776813198394794447,2.10825,0.939453,0.280148,2.78043,2.23373,2.41838,10,65158,49.9756,2.1481
1776813198399769913,2.11434,0.939453,0.297742,3.08756,2.23373,2.41838,10,65169,49.984,2.1481
1776813198404769527,2.11434,0.490234,0.30618,2.63834,2.13585,2.19046,10,65188,49.9986,2.2998
1776813198409771122,2.1225,0.490234,-0.299399,2.79004,2.13585,2.19046,10,65200,50.007,2.30149
1776813198414787550,2.1225,0.03125,-0.290195,2.33274,2.26003,1.96646,10,65218,50.0216,2.45389
1776813198419784219,2.12585,0.03125,-0.273048,2.48514,2.26003,1.96646,10,65229,50.03,2.14767
1776813198424790962,2.12585,-0.0332031,-0.264609,2.11447,2.36371,1.94508,10,65249,50.0454,2.45438
1776813198429770261,2.12543,-0.0332031,-0.249683,2.42117,2.36371,1.94508,10,65261,50.0546,2.45438
1776813198434772430,2.12543,-0.421875,-0.240478,2.0325,2.31459,1.72164,10,65281,50.0699,2.30149
1776813198439773266,2.12364,-0.421875,-0.226932,1.87961,2.31459,1.72164,10,65292,50.0783,2.45389
1776813198444781064,2.12364,-0.4375,-0.218494,2.01639,1.81328,1.7045,10,65313,50.0944,2.45487
1776813198449778696,2.11958,-0.4375,-0.206451,2.01737,1.81328,1.7045,10,65327,50.1052,2.76053
1776813198454776754,2.11958,-0.439453,-0.195712,2.32107,1.74244,1.6847,10,65350,50.1228,2.76163
1776813198459784257,2.11567,-0.439453,-0.181983,2.32218,1.74244,1.6847,10,65363,50.1328,2.76053
1776813198464778833,2.11567,-0.478516,-0.172011,2.28201,1.35953,1.64441,10,65385,50.1497,2.60901
1776813198469784613,2.11567,-0.478516,-0.155139,2.1305,1.35953,1.64441,10,65397,50.1589,2.76053
1776813198474781875,1.34731,-0.478516,-0.285972,2.28201,1.67494,-2.48335,10,65417,50.1742,2.76163
1776813198479772989,1.34731,-0.384766,-0.270633,2.37686,1.67494,-2.48335,10,65438,50.1903,2.90977
1776813198484764269,1.34312,-0.384766,-0.258712,2.52501,1.4873,-2.45577,10,65456,50.2041,2.61191
1776813198489777771,1.34312,-0.466797,-0.244911,2.14511,-1.52588,-2.50253,10,65475,50.2187,2.45389
1776813198494776329,1.336,-0.466797,-0.23746,1.98709,-1.52588,-2.50253,10,65485,50.2264,2.30103
1776813198499781702,1.336,0.207031,-0.229793,2.50806,-1.74218,-2.16248,10,65498,50.2363,1.99472
1776813198504833832,1.3335,0.207031,-0.222316,2.20175,-1.74218,-2.16248,10,65506,50.2425,1.68652
1776813198509845779,1.3335,0.507812,-0.216178,2.19433,-1.74218,-2.16248,10,65512,50.2471,1.38064
1776813198514781431,1.33633,0.507812,-0.208747,1.88846,-2.07499,-1.98895,10,65515,50.2494,0.766908
1776813198519801526,1.33633,0.908203,-0.206447,1.67511,-2.07499,-1.98895,10,65517,50.2509,0.460145
1776813198524785288,1.33848,0.908203,-0.20277,1.36835,-2.16525,-1.74747,10,65516,50.2501,0
1776813198529779050,1.33848,2.20312,-0.203536,2.20312,-2.16525,-1.74747,10,65508,50.244,-0.613649
1776813198534781719,1.3649,2.20312,-0.183246,1.58948,-2.06914,-0.84668,10,65499,50.2371,-1.37988
1776813198539779277,1.3649,2.80859,-0.190151,1.42871,-2.06914,-0.84668,10,65486,50.2271,-1.99353
1776813198544779131,1.3649,2.80859,-0.200118,0.815068,-2.31878,-0.501563,10,65468,50.2133,-2.30149
1776813198549786245,1.37223,2.80859,-0.206603,0.507108,-2.31878,-0.501563,10,65451,50.2003,-2.76163
1776813198554796376,1.37223,5.32812,-0.219642,2.56649,-1.00284,0.979408,10,65422,50.178,-2.91501
1776813198559775305,1.47357,5.32812,-0.140533,2.41311,-1.00284,0.979408,10,65407,50.1665,-2.91461
1776813198564780715,1.47357,5.48828,-0.152038,2.57367,-0.271248,1.67972,10,65387,50.1512,-3.06839
1776813198569783569,1.51198,5.48828,-0.12897,2.41989,-0.271248,1.67972,10,65373,50.1405,-3.06778
1776813198574795386,1.5271,5.55469,-0.140701,2.64084,0.894367,1.94279,10,65342,50.1167,-2.91385
1776813198579752390,1.5271,5.86914,-0.148368,2.95529,1.79463,2.20982,10,65324,50.1029,-3.06717
1776813198584775836,1.61174,5.86914,-0.0775293,2.80197,1.79463,2.20982,10,65310,50.0921,-2.91636
1776813198589785171,1.61174,5.91211,-0.0882677,2.99575,1.79463,2.20982,10,65295,50.0806,-2.76053
1776813198594777396,1.65535,5.91211,-0.056167,3.15158,2.08536,2.95983,10,65284,50.0722,-2.30103
1776813198599773103,1.65535,5.75781,-0.0646051,3.45679,2.08536,2.95983,10,65274,50.0645,-1.6872
1776813198604781234,1.67052,5.75781,-0.0571016,4.07062,2.9916,2.95545,10,65259,50.053,-1.84024
1776813198609772626,1.67052,4.4707,-0.0686067,2.63047,2.9916,2.95545,10,65245,50.0423,-2.1481
1776813198614793054,1.76252,4.4707,0.00498263,2.47638,3.39076,2.2218,10,65231,50.0316,-1.99432
1776813198619779871,1.76252,4.00977,0.00191561,2.01544,2.97375,2.4554,10,65225,50.0269,-1.22705
1776813198624776003,1.80392,4.00977,0.0387122,2.78271,2.97375,2.4554,10,65221,50.0239,-1.074
1776813198629845596,1.80392,3.61719,0.0356452,2.54318,2.97375,2.4554,10,65219,50.0223,-0.613526
1776813198634837377,1.83428,3.61719,0.0644766,3.00366,2.19708,2.60669,10,65217,50.0208,-0.306702
1776813198639808565,1.8517,3.02148,0.080361,2.86813,1.7259,2.35658,10,65217,50.0208,-0.153351
1776813198644778050,1.8517,2.38086,0.080361,2.22751,1.7259,2.35658,10,65218,50.0216,0
1776813198649771182,1.8764,2.38086,0.105828,2.38086,1.7259,2.35658,10,65220,50.0231,0.306824
1776813198654844349,1.8764,2.42969,0.107361,2.73651,1.9972,2.14506,10,65226,50.0277,0.45996
1776813198659842185,1.88734,2.42969,0.122903,2.88965,1.9972,2.14506,10,65231,50.0316,1.07422
1776813198664789337,1.88734,1.60352,0.12674,2.67773,2.07147,1.72948,10,65242,50.04,1.07346
1776813198669866485,1.91723,1.60352,0.165059,2.67697,2.07147,1.72948,10,65250,50.0461,1.53427
1776813198674845525,1.91723,1.11914,0.171197,2.65341,2.02282,1.60329,10,65267,50.0592,1.84058
1776813198679782863,1.91723,1.11914,0.184235,2.95972,2.02282,1.60329,10,65278,50.0676,2.14767
1776813198684771107,1.93263,1.11914,0.208077,3.26682,1.61323,1.67987,10,65297,50.0822,2.45389
1776813198689784090,1.93263,0.345703,0.222649,2.79959,1.61323,1.67987,10,65315,50.096,2.76108
1776813198694797370,1.9406,0.345703,0.24442,3.10678,1.42683,1.27843,10,65327,50.1052,2.30149
1776813198699803983,1.9406,-0.160156,0.253625,2.14133,1.42683,1.27843,10,65339,50.1144,1.84024
1776813198704775376,1.9423,-0.160156,0.264535,1.68008,1.71306,0.998534,10,65350,50.1228,1.6883
1776813198709790618,1.9423,0.0722656,0.272973,1.76056,1.71306,0.998534,10,65363,50.1328,2.14682
1776813198714776991,1.94248,0.0722656,0.28312,2.21908,1.36485,1.13189,10,65379,50.1451,2.14734
1776813198719778605,1.94248,-0.322266,0.295392,1.82508,1.36485,1.13189,10,65395,50.1573,2.14767
1776813198724778644,1.94051,-0.322266,0.305695,1.82541,1.15787,0.897283,10,65407,50.1665,2.14767
1776813198729785424,1.94051,-0.148438,-0.313418,1.99924,1.15787,0.897283,10,65422,50.178,2.45438
1776813198734783871,1.94001,-0.148438,-0.302417,2.30594,1.05382,0.993874,10,65440,50.1919,2.45438
1776813198739806614,1.94001,-0.482422,-0.288611,1.97195,1.05382,0.993874,10,65459,50.2064,2.60825
1776813198744783858,1.93407,-0.482422,-0.279979,2.12583,0.825746,0.774106,10,65474,50.2179,2.60668
1776813198749779953,1.93407,-0.503906,-0.268474,2.10278,0.825746,0.774106,10,65489,50.2294,2.60825
1776813198754776752,1.93293,-0.503906,-0.245071,1.95047,0.86942,0.76186,10,65514,50.2486,2.45438
1776813198759791420,1.93293,-0.503906,-0.245071,1.95047,0.86942,0.76186,10,65514,50.2486,2.45438
1776813198764821736,1.92267,-0.542969,-0.230018,2.06476,0.626853,0.733948,10,65546,50.2732,2.60773
1776813198769783129,1.92267,-0.484375,-0.22465,2.12335,0.702776,0.716411,10,65561,50.2847,2.30103
1776813198774779669,1.91741,-0.484375,-0.218406,1.81665,0.702776,0.716411,10,65573,50.2931,2.45339
1776813198779766246,1.91741,-0.375,-0.209201,2.07839,0.702776,0.716411,10,65587,50.3046,2.30149
1776813198784767952,1.91557,-0.375,-0.200301,1.92649,0.858305,0.743383,10,65600,50.3146,2.30057
1776813198789777472,1.91557,-0.341797,-0.19033,1.95877,0.858305,0.743383,10,65614,50.3253,2.30149
1776813198794780641,1.91389,-0.341797,-0.181277,1.95969,0.768996,0.753902,10,65629,50.3368,2.14767
1776813198799778181,1.91389,-0.310547,-0.169772,1.83713,0.768996,0.753902,10,65645,50.3491,2.30103
1776813198804793627,1.90945,-0.310547,-0.161941,1.99048,0.993355,0.749529,10,65658,50.3591,2.1481
1776813198809778834,1.90945,-0.337891,-0.151969,1.81021,0.993355,0.749529,10,65674,50.3713,2.30103
1776813198814782669,1.90595,-0.337891,-0.143191,1.96313,0.717488,0.716441,10,65687,50.3813,2.14767
1776813198819777042,1.90595,-0.322266,-0.13322,1.82541,0.717488,0.716441,10,65704,50.3943,2.30026
1776813198824783026,1.9024,-0.322266,-0.114532,1.976,0.776022,0.725347,10,65723,50.4089,2.29827
1776813198829777769,1.9024,-0.207031,-0.109164,2.09124,0.590987,0.773208,10,65737,50.4196,2.15025
1776813198834773253,1.89811,-0.207031,-0.102714,1.94322,0.590987,0.773208,10,65747,50.4273,2.14725
1776813198839776496,1.89811,-0.148438,-0.0950423,1.99881,0.590987,0.773208,10,65760,50.4373,2.1481
1776813198844779814,1.89719,-0.148438,-0.0859938,1.99967,0.659603,0.780451,10,65772,50.4465,1.99393
1776813198849778649,1.89719,0.0214844,-0.0767928,2.01541,0.659603,0.780451,10,65784,50.4557,2.14767
1776813198854787540,1.89657,0.0214844,-0.0682097,2.16916,0.757622,0.874178,10,65798,50.4664,1.99356
1776813198859785247,1.89657,0.121094,-0.0574713,2.11465,0.757622,0.874178,10,65813,50.4779,1.99432
1776813198864778231,1.89699,0.121094,-0.0455389,2.11542,0.924464,0.933097,10,65825,50.4871,2.1481
1776813198869780418,1.89699,0.201172,-0.0363341,2.34928,0.924464,0.933097,10,65841,50.4994,2.14767
1776813198874778699,1.89807,0.201172,-0.0229865,2.34885,0.852654,0.98416,10,65854,50.5094,2.14767
1776813198879768220,1.89807,0.240234,-0.0130187,2.38791,0.852654,0.98416,10,65869,50.5209,2.14767
1776813198884766741,1.90021,0.240234,0.000626497,2.38791,0.945842,1.01716,10,65881,50.5301,2.14682
1776813198889807760,1.90021,0.228516,0.0205697,2.37586,0.9847,1.01048,10,65902,50.5462,2.14734
1776813198894785171,1.90262,0.228516,0.0283479,2.37586,0.9847,1.01048,10,65912,50.5539,2.14725
1776813198899776988,1.90262,0.232422,0.0360193,2.37967,0.9847,1.01048,10,65922,50.5615,1.99472
1776813198904781176,1.90475,0.232422,0.0458154,2.22714,0.925015,1.03547,10,65931,50.5684,1.53427
1776813198909779271,1.90475,0.326172,0.0527162,1.86044,0.925015,1.03547,10,65941,50.5761,1.37988
1776813198914785329,1.90732,0.326172,0.0629663,1.70605,1.19478,1.10181,10,65951,50.5838,1.6883
1776813198919778091,1.90732,0.251953,0.0706338,1.94025,1.19478,1.10181,10,65964,50.5938,1.68695
1776813198924780926,1.91123,0.251953,0.0845079,1.9389,1.1448,1.07903,10,65976,50.603,1.99432
1776813198929775151,1.91123,0.333984,0.0937127,2.32831,1.1448,1.07903,10,65992,50.6152,2.14777
1776813198934781672,1.91729,0.333984,0.11205,2.48176,1.08646,1.15607,10,66004,50.6244,2.14682
1776813198939774601,1.91729,-0.314453,0.121255,1.83236,1.08646,1.15607,10,66022,50.6382,2.1481
1776813198944774122,1.91578,-0.314453,0.13355,1.83365,0.808006,0.778936,10,66033,50.6467,2.30057
1776813198949780939,1.91578,-0.375,0.141984,1.92557,0.808006,0.778936,10,66051,50.6605,2.30149
1776813198954779478,1.913,-0.375,0.153008,1.92649,0.910715,0.730527,10,66067,50.6728,2.45438
1776813198959785980,1.913,-0.589844,0.16528,1.86453,0.910715,0.730527,10,66087,50.6881,2.9121
1776813198964789131,1.90737,-0.589844,0.186501,2.02049,0.606956,0.608066,10,66111,50.7065,2.61034
1776813198969789448,1.90737,-0.546875,0.193402,2.06346,0.674892,0.604421,10,66127,50.7188,2.76053
1776813198974774895,1.90113,-0.546875,0.199426,2.21365,0.674892,0.604421,10,66140,50.7287,2.60721
1776813198979791416,1.90113,-0.763672,0.209397,1.84353,0.674892,0.604421,10,66155,50.7402,2.45487
1776813198984788640,1.89077,-0.763672,0.210549,1.6912,0.431123,0.39747,10,66168,50.7502,2.45438
1776813198989781236,1.89077,-0.679688,0.220521,1.77469,0.431123,0.39747,10,66186,50.764,2.60825
1776813198994775849,1.88732,-0.679688,0.230874,1.92856,0.680377,0.427927,10,66197,50.7725,1.84024
1776813198999783370,1.88732,-0.480469,0.239312,1.35977,0.680377,0.427927,10,66214,50.7855,2.30149
1776813199004774058,1.87887,-0.480469,0.243905,1.82102,0.639543,0.498782,10,66224,50.7932,1.99432
1776813199009779153,1.87887,-0.4375,0.251573,1.55682,0.639543,0.498782,10,66238,50.8039,1.99472
1776813199014814507,1.87614,-0.4375,0.25958,1.55722,0.6251,0.509441,10,66248,50.8116,1.84021
1776813199019792418,1.87614,-0.214844,0.267251,1.62537,0.6251,0.509441,10,66262,50.8223,1.8406
1776813199024790791,1.87241,-0.214844,0.274255,1.62576,0.59425,0.617416,10,66273,50.8308,1.8406
1776813199029764591,1.87241,-0.226562,0.282689,1.61404,0.59425,0.617416,10,66286,50.8407,1.84171
1776813199034763445,1.8709,-0.226562,0.298825,1.45996,0.56913,0.610736,10,66302,50.853,1.68652
1776813199039798243,1.8709,-0.230469,0.303426,1.45605,0.546644,0.600852,10,66313,50.8614,1.99472
1776813199044776525,1.86721,-0.230469,0.308175,1.76425,0.546644,0.600852,10,66323,50.8691,1.84097
1776813199049778416,1.86721,-0.28125,-0.312476,1.55972,0.546644,0.600852,10,66335,50.8783,1.99353
1776813199054864361,1.86624,-0.28125,-0.304248,1.71228,0.505613,0.548204,10,66346,50.8867,1.84058
1776813199059839975,1.86624,-0.150391,-0.29581,1.69019,0.505613,0.548204,10,66359,50.8967,1.84134
1776813199064815479,1.86371,-0.150391,-0.288359,1.69095,0.446182,0.609945,10,66369,50.9044,1.83877
1776813199069807463,1.86371,-0.0488281,-0.280692,1.78994,0.446182,0.609945,10,66380,50.9128,1.53581
1776813199074801133,1.86333,-0.0488281,-0.272639,1.48698,0.578614,0.665883,10,66389,50.9197,1.5332
1776813199079764433,1.86333,0.203125,-0.265738,1.73633,0.578614,0.665883,10,66400,50.9282,1.53458
1776813199084774954,1.86439,0.203125,-0.256243,1.7377,0.795937,0.814876,10,66408,50.9343,1.5332
1776813199089944414,1.86439,0.240234,-0.250106,1.77344,0.795937,0.814876,10,66419,50.9427,1.38147
1776813199094827791,1.86549,0.240234,-0.240569,1.62171,0.765009,0.841635,10,66427,50.9489,1.53366
1776813199099779462,1.86549,0.257812,-0.234431,1.79147,0.765009,0.841635,10,66439,50.9581,1.53412
1776813199104780576,1.86889,0.257812,-0.214923,1.79208,0.881738,0.851654,10,66453,50.9688,1.53427
1776813199109777394,1.86889,0.255859,-0.211089,1.79013,0.881738,0.851654,10,66460,50.9742,1.68618
1776813199114796766,1.87036,0.255859,-0.204245,1.94204,0.82822,0.875337,10,66469,50.9811,1.53458
1776813199119778121,1.87036,0.279297,-0.197345,1.81388,0.82822,0.875337,10,66481,50.9903,1.53458
1776813199124772995,1.87382,0.279297,-0.18468,1.81388,0.856527,0.906256,10,66490,50.9972,1.68686
1776813199129752572,1.87382,0.3125,-0.177775,1.99936,0.856527,0.906256,10,66499,51.0041,1.53396
1776813199134790963,1.87557,0.3125,-0.169127,1.84646,0.797567,0.934042,10,66509,51.0118,1.53396
1776813199139830094,1.87557,0.40625,-0.161456,1.94021,0.797567,0.934042,10,66521,51.021,1.53382
1776813199144790376,1.88124,0.40625,-0.146582,1.94007,0.864926,1.01619,10,66531,51.0286,1.3812
1776813199149799563,1.88124,0.429688,-0.138915,1.81088,0.864926,1.01619,10,66539,51.0348,1.53228
1776813199154782733,1.88308,0.429688,-0.130938,1.96197,0.937384,1.03884,10,66547,51.0409,1.38175
1776813199159775736,1.88308,0.470703,-0.124804,1.85245,0.937384,1.03884,10,66558,51.0493,1.38092
1776813199164768813,1.88932,0.470703,-0.110122,1.85162,1.06689,1.09375,10,66569,51.0578,1.53382
1776813199169783501,1.88932,0.46875,-0.101683,2.00256,1.06689,1.09375,10,66578,51.0647,1.53427
1776813199174777170,1.88932,0.46875,-0.0947826,2.00302,1.20832,1.09264,10,66589,51.0731,1.5329
1776813199179762303,2.1651,0.46875,0.189435,2.00165,1.20832,1.09264,10,66599,51.0808,1.6883
1776813199184763880,2.1651,0.414062,0.197103,2.10236,0.926653,2.37897,10,66610,51.0892,1.53396
1776813199189786530,2.17162,0.414062,0.212053,1.94803,0.926653,2.37897,10,66618,51.0954,1.6872
1776813199194776441,2.17162,0.4375,0.21819,2.1247,1.06582,2.42176,10,66633,51.1069,1.68762
1776813199199781980,2.17596,0.4375,0.234044,2.12512,1.06582,2.42176,10,66644,51.1153,1.68695
1776813199204778613,2.17596,0.392578,0.242479,2.07953,1.99062,2.41575,10,66658,51.126,1.99472
1776813199209774634,2.1801,0.392578,0.257356,2.3873,1.99062,2.41575,10,66668,51.1337,1.99396
1776813199214775174,2.1801,0.185547,0.265027,2.17951,2.26279,2.31639,10,66687,51.1483,2.30103
1776813199219791324,2.18316,0.185547,0.282659,2.48657,2.26279,2.31639,10,66703,51.1606,2.4529
1776813199224834011,2.18316,-0.220703,0.294931,2.2322,2.58861,2.09858,10,66723,51.1759,2.76274
1776813199229841550,2.18324,-0.220703,0.31035,2.54203,2.58861,2.09858,10,66737,51.1866,2.91519
1776813199234805110,2.18324,-0.697266,-0.307231,2.21793,2.28962,1.8273,10,66760,51.2043,2.76108
1776813199239823482,2.17865,-0.697266,-0.29418,2.06381,2.28962,1.8273,10,66772,51.2135,2.60721
1776813199244809763,2.17865,-0.976562,-0.284976,1.63064,2.27666,1.64747,10,66795,51.2311,2.60825
1776813199249793656,2.17019,-0.976562,-0.265059,1.93728,1.69915,1.60931,10,66820,51.2503,2.91385
1776813199254774900,2.17019,-1.37695,-0.256621,1.53689,1.69915,1.60931,10,66835,51.2618,3.06778
1776813199259777884,2.15159,-1.37695,-0.263712,1.69083,1.69915,1.60931,10,66857,51.2787,3.37592
1776813199264769035,2.15159,-1.49023,-0.24684,1.88568,1.71039,1.23225,10,66882,51.2979,3.37381
1776813199269820055,2.14422,-1.49023,-0.235037,1.88357,1.71039,1.23225,10,66898,51.3101,3.68192
1776813199274783910,2.14422,-1.86133,-0.222762,1.82059,1.33798,0.987159,10,66930,51.3347,3.68047
1776813199279756321,2.11771,-1.86133,-0.224738,1.81915,1.33798,0.987159,10,66948,51.3485,3.8353
1776813199284776638,2.11771,-2.02344,-0.210932,1.81186,1.01915,0.773198,10,66983,51.3753,4.142
1776813199289772715,2.10817,-2.02344,-0.193629,2.11856,1.01915,0.773198,10,67005,51.3922,4.29449
1776813199294792606,2.10817,-2.36328,-0.176753,1.93121,0.746252,0.535443,10,67040,51.419,4.44959
1776813199299788998,2.07532,-2.36328,-0.182753,2.08631,0.746252,0.535443,10,67059,51.4336,4.14206
1776813199304793482,2.07532,-2.36133,-0.168181,1.78074,0.575954,0.383667,10,67092,51.4589,3.98865
1776813199309776208,2.06382,-2.36133,-0.154372,1.62732,0.575954,0.383667,10,67110,51.4727,3.833
1776813199314776377,2.06382,-2.28125,-0.140566,1.55175,0.461225,0.3753,10,67142,51.4973,3.83683
1776813199319773454,2.02852,-2.28125,-0.137511,1.55328,0.496052,0.208047,10,67172,51.5203,3.83453
1776813199324782105,2.02852,-2.23242,-0.128306,1.60211,0.496052,0.208047,10,67191,51.5349,3.52854
1776813199329753164,2.00567,-2.23242,-0.136591,1.29612,0.496052,0.208047,10,67206,51.5464,3.22113
1776813199334779573,2.00567,-1.6875,-0.125086,1.53363,0.417985,0.436924,10,67227,51.5625,3.06793
1776813199339774780,1.9857,-1.6875,-0.128947,1.38043,0.417985,0.436924,10,67242,51.574,3.06717
1776813199344797615,1.9857,-1.64453,-0.117442,1.42263,0.338028,0.364888,10,67267,51.5931,3.06839
1776813199349783100,1.97725,-1.64453,-0.106719,1.42386,0.338028,0.364888,10,67280,51.6031,2.91443
1776813199354801935,1.97725,-1.45508,-0.096747,1.45935,0.291632,0.431768,10,67302,51.62,2.60773
1776813199359778550,1.95404,-1.45508,-0.103083,1.15265,0.291632,0.431768,10,67315,51.63,2.76163
1776813199364783016,1.95404,-1.44336,-0.0931116,1.31827,0.443379,0.324912,10,67338,51.6476,2.76108
1776813199369770815,1.94655,-1.44336,-0.0829568,1.31772,0.443379,0.324912,10,67351,51.6576,2.76074
1776813199374778151,1.94655,-1.25,-0.0729852,1.51074,0.345586,0.398286,10,67373,51.6744,2.60825
1776813199379773450,1.92696,-1.25,-0.0757089,1.35825,0.345586,0.398286,10,67386,51.6844,2.76053
1776813199384767046,1.92696,-1.17969,-0.0657373,1.58084,0.394352,0.341393,10,67405,51.699,2.45438
1776813199389780770,1.92103,-1.17969,-0.0486589,1.12226,0.52186,0.311902,10,67424,51.7136,2.30195
1776813199394774569,1.92103,-0.910156,-0.042521,1.39179,0.52186,0.311902,10,67434,51.7212,2.30011
1776813199399787738,1.91077,-0.910156,-0.045115,1.38995,0.52186,0.311902,10,67448,51.732,2.14691
1776813199404811370,1.91077,-0.539062,-0.0343767,1.60785,0.522525,0.625854,10,67461,51.7419,2.14596
1776813199409816410,1.89958,-0.539062,-0.0355897,1.6069,0.522525,0.625854,10,67470,51.7488,1.84282
1776813199414799320,1.89706,-0.435547,-0.0212388,1.55878,0.439907,0.628812,10,67489,51.7634,1.99432
1776813199419802323,1.89706,-0.257812,-0.0166345,1.73651,0.795212,0.717458,10,67499,51.7711,1.84097
1776813199424776364,1.89337,-0.257812,-0.0126558,1.58316,0.795212,0.717458,10,67508,51.778,1.6872
1776813199429762089,1.89337,-0.105469,-0.00575117,1.58173,0.795212,0.717458,10,67518,51.7857,1.68695
1776813199434764036,1.8915,-0.105469,4.33604e-05,1.58148,0.515744,0.776288,10,67529,51.7941,1.53427
1776813199439773039,1.8915,0.0644531,0.00848147,1.59872,0.515744,0.776288,10,67538,51.801,1.53412
1776813199444776782,1.89143,0.0644531,0.0153136,1.59857,0.80159,0.872789,10,67546,51.8071,1.38064
1776813199449782044,1.89143,0.195312,0.0214476,1.57596,0.80159,0.872789,10,67556,51.8148,1.38043
1776813199454775677,1.89143,0.195312,0.029119,1.57575,0.898126,0.947379,10,67564,51.8209,1.38064
1776813199459779253,1.89276,0.195312,0.036592,1.57596,0.898126,0.947379,10,67570,51.8255,1.22681
1776813199464779478,1.89276,0.375,0.0411963,1.60181,0.871365,1.05654,10,67580,51.8332,1.2261
1776813199469793295,1.89716,0.375,0.0532622,1.6011,0.871365,1.05654,10,67586,51.8378,1.22853
1776813199474774225,1.89716,0.421875,0.0578665,1.6504,1.0994,1.10539,10,67595,51.8447,1.074
1776813199479881131,1.89919,0.421875,0.0667967,1.49588,1.0994,1.10539,10,67600,51.8485,1.22705
1776813199484787785,1.89919,0.539062,0.0706305,1.76611,1.11751,1.18239,10,67609,51.8555,1.07379
1776813199489783029,1.90587,0.539062,0.0842108,1.61285,1.11751,1.18239,10,67614,51.8593,1.07324
1776813199494895250,1.90587,0.587891,0.0880446,1.66113,0.972647,1.24369,10,67622,51.8654,0.921421
1776813199499943844,1.90904,0.587891,0.0973563,1.50931,0.972647,1.24369,10,67627,51.8693,1.07346
1776813199504923366,1.90904,0.695312,0.10119,1.76877,1.14263,1.32082,10,67636,51.8762,0.920105
1776813199509780651,1.9184,0.695312,0.117452,1.61542,1.14263,1.32082,10,67641,51.88,1.074
1776813199514770488,1.9184,0.720703,0.121286,1.79471,1.24111,1.38202,10,67650,51.8869,1.07324
1776813199519828562,1.9223,0.720703,0.132097,1.79394,1.24111,1.38202,10,67655,51.8907,1.07465
1776813199524825973,1.9223,0.730469,0.135931,1.80512,1.36942,1.40705,10,67663,51.8969,1.07303
1776813199529755607,1.93288,0.730469,0.156473,1.8049,1.16325,1.45954,10,67672,51.9038,1.07443
1776813199534781832,1.93288,0.734375,0.15954,1.80881,1.16325,1.45954,10,67677,51.9076,1.07367
1776813199539784519,1.93685,0.734375,0.167345,1.80805,1.16325,1.45954,10,67683,51.9122,0.919921
1776813199544789337,1.93685,0.769531,0.171949,1.68945,1.19578,1.50148,10,67690,51.9176,1.07422
1776813199549793062,1.94804,0.769531,0.188508,1.84375,1.19578,1.50148,10,67695,51.9214,1.07324
1776813199554782731,1.94804,0.78125,0.192342,1.85449,1.48806,1.56342,10,67704,51.9283,1.07422
1776813199559778457,1.95199,0.78125,0.203203,1.85547,1.48806,1.56342,10,67710,51.9329,1.07367
1776813199564774978,1.95199,0.726562,0.207803,1.80023,1.57727,1.55171,10,67721,51.9414,1.22757
1776813199569806869,1.96312,0.726562,0.227369,1.95413,1.57727,1.55171,10,67726,51.9452,1.22681
1776813199574787353,1.96312,0.703125,0.231203,1.92993,1.50942,1.59298,10,67738,51.9544,1.3812
1776813199579783449,1.9672,0.703125,0.244489,2.08432,1.50942,1.59298,10,67744,51.959,1.37961
1776813199584767563,1.9672,0.644531,0.24909,2.02414,1.36436,1.57954,10,67757,51.969,1.38147
1776813199589778325,1.97669,0.644531,0.268548,2.026,1.36436,1.57954,10,67764,51.9743,1.5332
1776813199594773772,1.97669,0.642578,0.27392,2.17578,1.61494,1.62473,10,67777,51.9843,1.53396
1776813199599808200,1.98031,0.642578,0.292879,2.17716,1.5946,1.64234,10,67788,51.9927,1.53458
1776813199604786129,1.98031,0.595703,0.295946,2.13028,1.5946,1.64234,10,67794,51.9973,1.38016
1776813199609772355,1.98915,0.595703,0.309381,1.97586,1.5946,1.64234,10,67799,52.0012,0.921052
1776813199614777024,1.98915,0.660156,0.313219,1.58121,1.50204,1.69527,10,67802,52.0035,0.766448
1776813199619806155,1.99295,0.660156,-0.308993,1.4266,1.50204,1.69527,10,67805,52.0058,0.460145
1776813199624779122,1.99295,1.20508,-0.306692,1.66522,2.08709,2.0243,10,67810,52.0096,0.613281
1776813199629778902,2.00558,1.20508,-0.290232,1.81836,2.08709,2.0243,10,67814,52.0127,0.767671
1776813199634766850,2.00558,1.12109,-0.287161,1.88876,1.88543,2.0374,10,67825,52.0211,1.07367
1776813199639779112,2.01185,1.12109,-0.272459,2.19476,1.88543,2.0374,10,67834,52.028,1.38092
1776813199644778985,2.01185,0.560547,-0.265555,1.94147,1.69907,1.74803,10,67846,52.0372,1.53351
1776813199649786024,2.02026,0.560547,-0.247938,2.09406,1.69907,1.74803,10,67855,52.0441,1.8406
1776813199654780157,2.02026,0.123047,-0.241041,1.96365,1.67783,1.53898,10,67870,52.0556,1.84134
1776813199659783993,2.02274,0.123047,-0.227049,1.96439,1.67783,1.53898,10,67884,52.0664,1.99316
1776813199664775755,2.02274,-0.277344,-0.216311,1.71582,1.35799,1.32265,10,67901,52.0794,2.30103
1776813199669780850,2.02274,-0.277344,-0.203272,2.02368,1.35799,1.32265,10,67913,52.0886,2.60773
1776813199674791649,2.02138,-0.277344,-0.195425,2.33038,1.35654,1.31615,10,67929,52.1009,2.30149
1776813199679767893,2.02138,-0.585938,-0.183153,1.71555,1.35654,1.31615,10,67945,52.1132,2.14767
1776813199684767192,2.01349,-0.585938,-0.178774,1.56174,1.36422,1.10242,10,67961,52.1254,2.14725
1776813199689776121,2.01349,-0.671875,-0.166502,1.47537,1.36422,1.10242,10,67976,52.1369,2.45438
1776813199694783068,2.00959,-0.671875,-0.1589,1.7825,1.70454,1.0347,10,67994,52.1507,2.45487
1776813199699781385,2.00959,-0.912109,-0.145094,1.54276,1.70454,1.0347,10,68010,52.163,2.76053
1776813199704776111,1.99736,-0.912109,-0.145048,1.84842,1.13911,0.838834,10,68027,52.1761,2.45487
1776813199709777298,1.99736,-0.761719,-0.13201,1.69315,1.13911,0.838834,10,68041,52.1868,2.45389
1776813199714779227,1.99322,-0.761719,-0.125418,1.69217,0.953186,0.904515,10,68058,52.1998,2.30103
1776813199719778508,1.99322,-0.675781,-0.112379,1.62524,0.953186,0.904515,10,68071,52.2098,2.30103
1776813199724783769,1.98097,-0.675781,-0.114657,1.62524,0.720041,0.894075,10,68085,52.2205,2.14767
1776813199729766384,1.98097,-0.638672,-0.103922,1.509,0.720041,0.894075,10,68098,52.2305,1.99393
1776813199734788275,1.97773,-0.638672,-0.097193,1.35525,0.805906,0.899456,10,68111,52.2405,2.30195
1776813199739831480,1.97773,-0.666016,-0.0872214,1.63593,0.805906,0.899456,10,68127,52.2528,2.14767
1776813199744832797,1.97773,-0.666016,-0.0749495,1.48166,0.838596,0.88387,10,68142,52.2643,2.14648
1776813199749787098,1.96836,-0.666016,-0.0728095,1.48047,0.838596,0.88387,10,68152,52.2719,2.1481
1776813199754790489,1.96836,-0.564453,-0.0651381,1.58365,0.838504,0.896072,10,68169,52.285,2.14682
1776813199759781900,1.95925,-0.564453,-0.0612128,1.58236,0.838504,0.896072,10,68178,52.2919,1.99432
1776813199764774329,1.95925,-0.501953,-0.054312,1.49237,1.07005,0.887078,10,68192,52.3026,1.84134
1776813199769879495,1.95614,-0.501953,-0.046675,1.33939,1.07005,0.887078,10,68200,52.3087,1.68686
1776813199774785353,1.95614,-0.335938,-0.0405372,1.35092,0.957916,0.966481,10,68214,52.3195,1.68762
1776813199779768819,1.95048,-0.335938,-0.0354636,1.35168,0.957916,0.966481,10,68222,52.3256,1.68762
1776813199784786451,1.95048,-0.294922,-0.0293258,1.3927,0.961166,0.962037,10,68236,52.3364,1.68618
1776813199789787768,1.94886,-0.294922,-0.0202125,1.39126,0.961166,0.962037,10,68244,52.3425,1.53489
1776813199794768642,1.94886,-0.205078,-0.0140784,1.32981,1.06337,1.00525,10,68258,52.3532,1.68796
1776813199799777959,1.94513,-0.205078,-0.00706701,1.48288,1.06337,1.00525,10,68265,52.3586,1.68686
1776813199804779314,1.94513,-0.162109,-0.00169591,1.52475,0.97239,1.01138,10,68279,52.3693,1.68728
1776813199809785946,1.94439,-0.162109,0.00830625,1.52518,0.97239,1.01138,10,68286,52.3747,1.53427
1776813199814813966,1.94439,-0.105469,0.0136735,1.4288,0.978794,1.04002,10,68299,52.3847,1.5332
1776813199819800525,1.94439,-0.105469,0.0236451,1.42773,0.978794,1.04002,10,68306,52.39,1.53489
1776813199824783732,1.94726,-0.105469,0.0318773,1.42942,0.89327,1.05415,10,68316,52.3977,1.53427
1776813199829759458,1.94726,0.0136719,0.0395486,1.54794,0.89327,1.05415,10,68326,52.4054,1.38016
1776813199834787589,1.94681,0.0136719,0.0467622,1.39383,1.05202,1.11982,10,68336,52.4131,1.38092
1776813199839786611,1.94681,0.09375,0.0544336,1.47467,1.05202,1.11982,10,68344,52.4192,1.22681
1776813199844777114,1.94745,0.09375,0.0612161,1.32056,1.28368,1.16865,10,68353,52.4261,1.38092
1776813199849779524,1.94745,0.171875,0.0681169,1.5528,1.28368,1.16865,10,68361,52.4322,1.37961
1776813199854776989,1.94893,0.171875,0.075731,1.55148,1.14618,1.22046,10,68370,52.4391,1.22806
1776813199859783733,1.94893,0.242188,0.0826318,1.47025,1.14618,1.22046,10,68379,52.446,1.38016
1776813199864776606,1.95113,0.242188,0.0917375,1.62234,1.19968,1.27137,10,68388,52.4529,1.38092
1776813199869781238,1.95113,0.279297,0.0986383,1.66022,1.19968,1.27137,10,68397,52.4598,1.37988
1776813199874782037,1.9538,0.279297,0.108209,1.65918,1.17557,1.30564,10,68407,52.4675,1.38092
1776813199879780151,1.9538,0.275391,0.115877,1.65631,1.17557,1.30564,10,68415,52.4736,1.38092
1776813199884771284,1.95659,0.275391,0.124815,1.65631,1.15328,1.31715,10,68423,52.4798,1.53382
1776813199889763361,1.95659,0.277344,0.130949,1.81116,1.15328,1.31715,10,68433,52.4875,1.38064
1776813199894768067,1.95659,0.277344,0.13862,1.65799,1.26601,1.31827,10,68443,52.4951,1.38016
1776813199899769163,1.96296,0.277344,0.152662,1.6575,1.26601,1.31827,10,68450,52.5005,1.38064
1776813199904795368,1.96296,0.318359,0.158029,1.699,1.31583,1.37288,10,68461,52.5089,1.38043
1776813199909853980,1.96607,0.318359,0.169569,1.69879,1.31583,1.37288,10,68468,52.5143,1.38064
1776813199914791300,1.96607,0.394531,0.174936,1.77518,1.26581,1.43149,10,68480,52.5235,1.53458
1776813199919776211,1.97147,0.394531,0.189546,1.92911,1.26581,1.43149,10,68487,52.5289,1.37988
1776813199924769936,1.97147,0.412109,0.194914,1.79199,1.35212,1.46792,10,68500,52.5388,1.53458
1776813199929832048,1.97339,0.412109,0.206808,1.94669,1.35212,1.46792,10,68508,52.545,1.68484
1776813199934851105,1.97339,0.417969,0.212946,2.10281,1.38179,1.48064,10,68522,52.5557,1.53611
1776813199939816072,1.97969,0.417969,0.229982,1.95408,1.38179,1.48064,10,68530,52.5619,1.68728
1776813199944777891,1.97969,0.40625,0.236116,2.09353,1.27214,1.50464,10,68544,52.5726,1.68753
1776813199949775486,1.9816,0.40625,0.248762,2.09378,1.27214,1.50464,10,68555,52.581,1.8406
1776813199954788007,1.9816,0.369141,0.2572,2.20975,1.41903,1.49275,10,68567,52.5902,1.68796
1776813199959780769,1.98724,0.369141,0.272039,2.0571,1.41903,1.49275,10,68575,52.5964,1.68728
1776813199964783346,1.98724,0.373047,0.278177,2.06033,1.59048,1.52236,10,68590,52.6079,1.84058
1776813199969776349,1.98724,0.373047,0.289682,2.21362,1.59048,1.52236,10,68598,52.614,1.8406
1776813199974788833,1.99183,0.373047,0.300409,2.21365,1.46858,1.54463,10,68611,52.624,1.68762
1776813199979760781,1.99183,0.363281,0.310381,2.0509,1.46858,1.54463,10,68623,52.6332,1.84021
1776813199984770209,1.99914,0.363281,-0.301428,2.20349,1.55912,1.57438,10,68628,52.637,1.38092
1776813199989779582,1.99914,0.603516,-0.297594,1.98444,1.55912,1.57438,10,68633,52.6409,0.613526
1776813199994796659,2.0033,0.603516,-0.289591,1.21704,1.85068,1.73142,10,68639,52.6455,0.767517
1776813199999780606,2.0033,0.974609,-0.284986,1.74213,1.85068,1.73142,10,68644,52.6493,0.920105
1776813200004793127,2.01142,0.974609,-0.273043,1.89471,1.84037,1.98197,10,68654,52.657,0.920105
1776813200009771594,2.01142,0.923828,-0.265371,1.84393,1.84037,1.98197,10,68663,52.6639,1.53366
1776813200014770597,2.02117,0.923828,-0.24872,2.45749,1.66765,1.99979,10,68674,52.6723,1.68762
1776813200019774378,2.02117,0.148438,-0.240282,1.83606,1.66765,1.99979,10,68686,52.6815,1.53412
1776813200024812713,2.02538,0.148438,-0.226866,1.68256,1.65936,1.57794,10,68699,52.6915,2.14424
1776813200029764755,2.02538,-0.205078,-0.216894,1.93917,1.65936,1.57794,10,68712,52.7014,1.68999
1776813200034799090,2.02551,-0.205078,-0.206793,1.48491,1.53884,1.37707,10,68729,52.7145,2.30103
1776813200039814297,2.02551,-0.441406,-0.193754,1.85962,1.53884,1.37707,10,68745,52.726,2.60773
1776813200044788634,2.02551,-0.441406,-0.181482,2.16632,1.61202,1.24237,10,68761,52.739,2.45438
1776813200049789618,2.02472,-0.441406,-0.17,2.01297,1.61202,1.24237,10,68771,52.7467,2.29873
1776813200054776529,2.02472,-0.599609,-0.162329,1.69912,1.25171,1.14843,10,68789,52.7605,2.14982
1776813200059787532,2.01914,-0.599609,-0.1541,1.55022,1.25171,1.14843,10,68800,52.7689,2.14734
1776813200064783887,2.01914,-0.658203,-0.145662,1.48914,1.5156,1.08834,10,68819,52.7835,2.30057
1776813200069781483,2.00894,-0.658203,-0.141291,1.64236,1.5156,1.08834,10,68829,52.7912,2.30103
1776813200074775616,2.00894,-0.871094,-0.133619,1.42993,1.25477,0.918036,10,68844,52.8027,2.1481
1776813200079762397,2.0052,-0.871094,-0.12586,1.27701,1.25477,0.918036,10,68857,52.8127,2.14596
1776813200084765807,2.0052,-0.71875,-0.115889,1.42721,1.28481,0.986863,10,68874,52.8257,1.99592
1776813200089784717,1.99243,-0.71875,-0.115625,1.27717,1.28481,0.986863,10,68885,52.8341,2.14725
1776813200094773998,1.99243,-0.716797,-0.107187,1.43045,0.821145,0.926291,10,68902,52.8472,2.1481
1776813200099784260,1.98893,-0.716797,-0.0976467,1.43131,0.821145,0.926291,10,68911,52.8541,1.99316
1776813200104782190,1.98893,-0.625,-0.0907421,1.36816,0.852227,0.961669,10,68929,52.8679,1.99393
1776813200109773026,1.97836,-0.625,-0.0874996,1.36893,0.852227,0.961669,10,68939,52.8748,2.14767
1776813200114771659,1.97836,-0.630859,-0.0798321,1.51682,0.635636,0.907017,10,68952,52.8855,1.99432
1776813200119785662,1.97836,-0.630859,-0.0698604,1.36346,0.635636,0.907017,10,68964,52.8947,1.99472
1776813200124775054,1.98262,-0.630859,-0.0564022,1.36386,0.877538,0.927713,10,68978,52.9055,1.99316
1776813200129759317,1.98262,-0.583984,-0.0456638,1.40918,0.877538,0.927713,10,68993,52.917,1.99512
1776813200134783782,1.97391,-0.583984,-0.0428638,1.41114,1.03803,0.912058,10,69006,52.9269,1.99393
1776813200139788785,1.97391,-0.46875,-0.0328922,1.52518,1.03803,0.912058,10,69019,52.9369,1.99432
1776813200144774048,1.9661,-0.46875,-0.0307369,1.52557,1.02688,0.939586,10,69030,52.9453,1.99472
1776813200149778736,1.9661,-0.447266,-0.0222988,1.54746,1.02688,0.939586,10,69042,52.9546,1.99316
1776813200154779591,1.96427,-0.447266,-0.0149288,1.5459,1.2259,0.942846,10,69055,52.9645,1.99472
1776813200159797945,1.96427,-0.347656,-0.00495718,1.64707,1.2259,0.942846,10,69069,52.9753,1.8406
1776813200164779671,1.95783,-0.347656,-0.000661833,1.49295,0.837953,0.968078,10,69081,52.9845,1.68762
1776813200169775934,1.95783,-0.296875,0.00854302,1.39075,0.837953,0.968078,10,69091,52.9921,1.68652
1776813200174785085,1.9562,-0.296875,0.0145931,1.38965,1.02356,0.989047,10,69102,53.0006,1.6883
1776813200179757163,1.9562,-0.130859,0.0230274,1.55744,1.11932,1.08368,10,69114,53.0098,1.53427
1776813200184780313,1.95295,-0.130859,0.0289784,1.40341,1.11932,1.08368,10,69123,53.0167,1.68652
1776813200189770854,1.95295,-0.0898438,0.035883,1.59668,1.11932,1.08368,10,69133,53.0243,1.53427
1776813200194779004,1.95295,-0.0898438,0.0435505,1.44443,0.913596,1.09108,10,69144,53.0328,1.68762
1776813200199772137,1.95777,-0.0898438,0.0568066,1.59778,0.913596,1.09108,10,69152,53.0389,1.53351
1776813200204776492,1.95777,-0.0078125,0.0629444,1.5257,1.02538,1.16149,10,69164,53.0481,1.68796
1776813200209797828,1.95676,-0.0078125,0.0711346,1.68015,1.02538,1.16149,10,69171,53.0535,1.38064
1776813200214782887,1.95676,0.0117188,0.0765057,1.39236,1.07603,1.16767,10,69183,53.0627,1.53382
1776813200219775742,1.95679,0.0117188,0.085741,1.54553,1.07603,1.16767,10,69190,53.0681,1.38092
1776813200224774671,1.95679,0.144531,0.0911121,1.52545,1.17572,1.24354,10,69201,53.0765,1.37961
1776813200229751712,1.95805,0.144531,0.100801,1.52414,1.17572,1.24354,10,69208,53.0819,1.3812
1776813200234767418,1.95805,0.205078,0.106169,1.58627,1.26979,1.2842,10,69218,53.0895,1.37933
1776813200239770125,1.95894,0.205078,0.114737,1.58441,1.26979,1.2842,10,69224,53.0941,1.22831
1776813200244789535,1.95894,0.291016,0.119337,1.51932,1.06682,1.33758,10,69234,53.1018,1.22656
1776813200249773650,1.96128,0.291016,0.129351,1.51758,1.06682,1.33758,10,69240,53.1064,1.22782
1776813200254848187,1.96128,0.330078,0.133951,1.55789,1.25609,1.37133,10,69251,53.1149,1.22656
1776813200259870523,1.96609,0.330078,0.1472,1.55664,1.25609,1.37133,10,69257,53.1195,1.38092
1776813200264812713,1.96609,0.341797,0.1518,1.72272,1.3395,1.40155,10,69269,53.1287,1.38071
1776813200269786328,1.96609,0.341797,0.161005,1.72251,1.3395,1.40155,10,69275,53.1333,1.38037
1776813200274827219,1.97173,0.341797,0.17124,1.72217,1.33681,1.42909,10,69285,53.1409,1.38092
1776813200279783427,1.97173,0.357422,0.178911,1.73834,1.33681,1.42909,10,69296,53.1494,1.38071
1776813200284773116,1.97862,0.357422,0.194239,1.73813,1.3584,1.47159,10,69306,53.157,1.38037
1776813200289785878,1.97862,0.396484,0.20191,1.77685,1.3584,1.47159,10,69314,53.1632,1.53351
1776813200294777363,1.98222,0.396484,0.211645,1.92999,1.35893,1.51136,10,69322,53.1693,1.38147
1776813200299773255,1.98222,0.449219,0.217779,1.83069,1.35893,1.51136,10,69332,53.177,1.37961
1776813200304777498,1.98646,0.449219,0.229696,1.82882,1.51111,1.56202,10,69342,53.1846,1.3812
1776813200309785020,1.98646,0.466797,0.237364,1.84799,1.51111,1.56202,10,69350,53.1908,1.3812
1776813200314780412,1.99097,0.466797,0.248007,1.84799,1.45962,1.59389,10,69358,53.1969,1.38016
1776813200319786600,1.99097,0.429688,0.254141,1.80984,1.45962,1.59389,10,69369,53.2054,1.38064
1776813200324795306,1.99529,0.429688,0.266901,1.81033,1.58849,1.59365,10,69380,53.2138,1.53351
1776813200329779514,1.99529,0.388672,0.275339,1.92218,1.53698,1.57028,10,69393,53.2238,1.68796
1776813200334856459,1.99933,0.388672,0.289347,2.07663,1.53698,1.57028,10,69402,53.2307,1.53396
1776813200339812686,1.99933,0.339844,0.296251,1.87381,1.53698,1.57028,10,69413,53.2391,1.84058
1776813200344780153,2.00638,0.339844,-0.308912,2.18082,1.4414,1.56196,10,69429,53.2514,1.84097
1776813200349869375,2.00638,0.328125,-0.304308,2.1691,1.67505,1.58926,10,69440,53.2598,1.68728
1776813200354790696,2.00982,0.328125,-0.292436,2.01541,1.67505,1.58926,10,69447,53.2652,1.83984
1776813200359774014,2.00982,0.349609,-0.287065,2.18945,1.67505,1.58926,10,69452,53.269,1.22806
1776813200364782813,2.01302,0.349609,-0.280031,1.57767,1.55046,1.63342,10,69456,53.2721,0.766601
1776813200369776150,2.01302,0.761719,-0.276964,1.52832,1.55046,1.63342,10,69463,53.2775,0.767517
1776813200374780264,2.01867,0.761719,-0.265936,1.52924,1.96257,1.89544,10,69469,53.2821,0.920105
1776813200379768656,2.01867,0.826172,-0.261335,1.74628,1.96257,1.89544,10,69475,53.2867,0.920289
1776813200384786233,2.02733,0.826172,-0.248079,1.74646,1.78297,1.97356,10,69483,53.2928,1.07422
1776813200389775718,2.02733,0.365234,-0.241945,1.43945,1.78297,1.97356,10,69495,53.302,1.5332
1776813200394772073,2.03426,0.365234,-0.225805,1.89844,1.79934,1.74389,10,69509,53.3127,1.68796
1776813200399774965,2.03426,0.154297,-0.215067,1.84226,1.79934,1.74389,10,69520,53.3212,2.14682
1776813200404787689,2.03621,0.154297,-0.204683,2.30111,1.46456,1.63294,10,69533,53.3311,1.84171
1776813200409775304,2.03621,-0.210938,-0.194711,1.63077,1.46456,1.63294,10,69553,53.3465,2.60773
1776813200414785955,2.03621,-0.210938,-0.179373,2.39679,1.60331,1.42475,10,69571,53.3603,2.60721
1776813200419774310,2.04669,-0.210938,-0.155084,2.39627,1.60331,1.42475,10,69584,53.3703,2.76108
1776813200424784443,2.04669,-0.583984,-0.145117,2.17709,1.36526,1.26187,10,69604,53.3856,2.45487
1776813200429758761,2.04052,-0.583984,-0.135942,1.87088,1.36526,1.26187,10,69615,53.394,2.45438
1776813200434787634,2.04052,-0.794922,-0.127508,1.65945,1.56678,1.11237,10,69635,53.4094,2.30057
1776813200439768878,2.03323,-0.794922,-0.119463,1.50564,1.56678,1.11237,10,69648,53.4193,2.60721
1776813200444771918,2.03323,-0.763672,-0.109491,1.84353,1.71493,1.09549,10,69669,53.4355,2.60877
1776813200449774755,2.02946,-0.763672,-0.0971505,1.8451,1.71493,1.09549,10,69680,53.4439,2.45438
1776813200454781295,2.02946,-0.978516,-0.0887163,1.47586,1.26579,0.955069,10,69699,53.4585,2.30103
1776813200459779372,2.0152,-0.978516,-0.0884073,1.32251,1.26579,0.955069,10,69710,53.4669,2.45438
1776813200464782190,2.0152,-0.84375,-0.0799692,1.61063,1.08135,0.963651,10,69729,53.4815,2.14725
1776813200469773841,2.01078,-0.84375,-0.0698144,1.3035,1.08135,0.963651,10,69739,53.4891,2.1481
1776813200474775881,2.01078,-0.720703,-0.0621431,1.4274,0.910961,1.01257,10,69756,53.5022,1.99276
1776813200479753922,1.99828,-0.720703,-0.0616014,1.27206,0.910961,1.01257,10,69767,53.5106,2.30149
1776813200484766536,1.99828,-0.759766,-0.0531633,1.54172,0.85335,0.930119,10,69785,53.5244,2.1481
1776813200489784742,1.99828,-0.759766,-0.0393579,1.38834,0.85335,0.930119,10,69796,53.5329,2.30011
1776813200494777338,1.99914,-0.759766,-0.0300691,1.54034,1.15553,0.934239,10,69812,53.5451,2.30149
1776813200499789637,1.99914,-0.789062,-0.0177972,1.51242,1.15553,0.934239,10,69828,53.5574,2.14767
1776813200504832342,1.98757,-0.789062,-0.0170953,1.35861,0.915801,0.861557,10,69840,53.5666,2.14767
1776813200509799902,1.98757,-0.753906,-0.00789045,1.39377,0.915801,0.861557,10,69854,53.5773,2.14767
1776813200514776647,1.97991,-0.753906,-0.00481198,1.39377,0.862416,0.844388,10,69868,53.5881,1.84021
1776813200519777779,1.97991,-0.648438,0.00592639,1.19177,0.862416,0.844388,10,69879,53.5965,1.84134
1776813200524775079,1.973,-0.648438,0.00745608,1.1929,0.932887,0.870842,10,69889,53.6042,1.84097
1776813200529822099,1.973,-0.525391,0.0151236,1.31558,0.932887,0.870842,10,69902,53.6142,1.84024
1776813200534787640,1.96725,-0.525391,0.0193465,1.31485,0.968363,0.912918,10,69915,53.6241,1.83947
1776813200539789717,1.96725,-0.394531,0.0293181,1.44494,0.968363,0.912918,10,69925,53.6318,1.68864
1776813200544790702,1.96277,-0.394531,0.0325034,1.2941,0.757707,0.965573,10,69935,53.6395,1.84134
1776813200549773668,1.96277,-0.291016,0.0401747,1.55033,0.757707,0.965573,10,69948,53.6494,1.68686
1776813200554773764,1.95925,-0.291016,0.0466292,1.39584,0.984866,1.00733,10,69960,53.6586,1.68728
1776813200559785156,1.95925,-0.238281,0.0558341,1.449,0.984866,1.00733,10,69970,53.6663,1.68796
1776813200564773622,1.96269,-0.238281,0.0738471,1.4479,0.917982,1.03739,10,69984,53.6771,1.68618
1776813200569773755,1.96269,-0.146484,0.0776808,1.5397,0.998643,1.10659,10,69994,53.6847,1.68796
1776813200574776073,1.96012,-0.146484,0.0827811,1.54148,0.998643,1.10659,10,70002,53.6909,1.53396
1776813200579762706,1.96012,-0.121094,0.0889151,1.41287,0.998643,1.10659,10,70012,53.6985,1.53412
1776813200584769135,1.95933,-0.121094,0.095793,1.41303,1.10957,1.10456,10,70020,53.7047,1.68728
1776813200589778267,1.95933,-0.0410156,0.101927,1.64627,1.10957,1.10456,10,70030,53.7123,1.53458
1776813200594775066,1.95863,-0.0410156,0.1089,1.49356,1.11009,1.14678,10,70041,53.7208,1.53351
1776813200599789902,1.95863,0.0722656,0.117338,1.60577,1.11009,1.14678,10,70053,53.73,1.68728
1776813200604778943,1.95866,0.0722656,0.12657,1.75955,1.16651,1.2115,10,70061,53.7361,1.53427
1776813200609776353,1.95866,0.115234,0.132708,1.64951,1.16651,1.2115,10,70071,53.7438,1.53351
1776813200614775245,1.9589,0.115234,0.14062,1.64874,1.25141,1.2372,10,70081,53.7515,1.53366
1776813200619781989,1.9589,0.203125,0.148291,1.73678,1.25141,1.2372,10,70092,53.7599,1.38099
1776813200624787085,1.96172,0.203125,0.159552,1.58411,1.16788,1.30113,10,70101,53.7668,1.53396
1776813200629761885,1.96172,0.199219,0.166453,1.73318,1.16788,1.30113,10,70110,53.7737,1.53427
1776813200634773980,1.96711,0.199219,0.187182,1.73273,1.2067,1.2989,10,70125,53.7852,1.53351
1776813200639767928,1.96711,0.199219,0.187182,1.73273,1.2067,1.2989,10,70125,53.7852,1.53351
1776813200644776597,1.97085,0.214844,0.205488,1.74942,1.42388,1.33417,10,70145,53.8005,1.53458
1776813200649774934,1.97085,0.248047,0.209322,1.78263,1.27785,1.37135,10,70154,53.8074,1.53351
1776813200654793418,1.9737,0.248047,0.21908,1.78156,1.27785,1.37135,10,70162,53.8136,1.38064
1776813200659778421,1.9737,0.287109,0.225214,1.66775,1.27785,1.37135,10,70171,53.8205,1.53351
1776813200664778406,1.97562,0.287109,0.234041,1.82062,1.22068,1.41691,10,70180,53.8274,1.53427
1776813200669773261,1.97562,0.324219,0.240942,1.85849,1.22068,1.41691,10,70189,53.8343,1.53458
1776813200674781579,1.97654,0.324219,0.248766,1.8588,1.48985,1.44254,10,70199,53.842,1.53351
1776813200679753453,1.97654,0.376953,0.256434,1.91046,1.48985,1.44254,10,70211,53.8512,1.53427
1776813200684784788,1.9825,0.376953,0.271601,1.91122,1.29591,1.5016,10,70220,53.8581,1.53351
1776813200689771829,1.9825,0.373047,0.278506,1.90656,1.29591,1.5016,10,70231,53.8665,1.53396
1776813200694781906,1.98352,0.373047,0.287958,1.90701,1.49143,1.50433,10,70242,53.8749,1.53427
1776813200699772724,1.98352,0.328125,0.296397,1.8624,1.49143,1.50433,10,70252,53.8826,1.68686
1776813200704784560,1.99358,0.328125,-0.307287,1.8627,1.45403,1.47872,10,70266,53.8933,1.53458
1776813200709787656,1.99358,0.328125,-0.307287,1.8627,1.45403,1.47872,10,70266,53.8933,1.53458
1776813200714787751,1.99358,0.302734,-0.303449,1.83731,1.40336,1.51303,10,70283,53.9064,1.6872
1776813200719775958,1.99765,0.302734,-0.286348,1.98993,1.40336,1.51303,10,70294,53.9148,1.68695
1776813200724773165,1.99765,0.3125,-0.277914,1.99945,1.45744,1.53824,10,70309,53.9263,1.84134
1776813200729777483,1.99914,0.3125,-0.264917,2.15384,1.45744,1.53824,10,70318,53.9332,1.84058
1776813200734781560,1.99914,0.341797,-0.258012,2.18237,1.53712,1.56215,10,70329,53.9417,1.68594
1776813200739771452,2.00474,0.341797,-0.243978,2.02773,1.53712,1.56215,10,70333,53.9447,1.07508
1776813200744772326,2.00474,0.371094,-0.240907,1.44617,1.76513,1.60585,10,70338,53.9486,0.613526
1776813200749772347,2.00567,0.371094,-0.236146,0.98462,1.76513,1.60585,10,70340,53.9501,0.613281
1776813200754777887,2.00567,1.05273,-0.234613,1.66602,1.87651,1.99885,10,70346,53.9547,0.613281
1776813200759888183,2.01665,1.05273,-0.219022,1.66602,1.87651,1.99885,10,70350,53.9578,0.767671
1776813200764802022,2.01665,1.19727,-0.215955,1.96494,1.70879,2.13402,10,70359,53.9647,0.920289
1776813200769773656,2.01953,1.19727,-0.206182,2.11755,1.70879,2.13402,10,70365,53.9693,1.22757
1776813200774818361,2.01953,0.474609,-0.201578,1.70218,1.79369,1.73588,10,70378,53.9792,1.37988
1776813200779866548,2.01953,0.474609,-0.19161,1.85449,1.79369,1.73588,10,70387,53.9862,1.68762
1776813200784785220,2.04798,0.474609,-0.156255,2.16223,1.73857,1.87135,10,70399,53.9954,1.83874
1776813200789775724,2.04798,0.474609,-0.156255,2.16223,1.73857,1.87135,10,70399,53.9954,1.83874
1776813200794947740,2.05125,-0.0234375,-0.120763,2.43094,1.47026,1.58747,10,70436,54.0237,2.45438
1776813200799805988,2.05125,-0.427734,-0.115396,2.02664,1.54587,1.37253,10,70451,54.0352,2.45389
1776813200804798177,2.04837,-0.427734,-0.106779,2.02615,1.54587,1.37253,10,70463,54.0444,2.30149
1776813200809787847,2.04837,-0.53125,-0.0975737,1.77024,1.54587,1.37253,10,70476,54.0544,2.30103
1776813200814807164,2.04482,-0.53125,-0.0911422,1.76978,1.49544,1.28308,10,70489,54.0644,2.14767
1776813200819799001,2.04482,-0.679688,-0.0811744,1.46799,1.49544,1.28308,10,70507,54.0782,2.30011
1776813200824771746,2.03834,-0.679688,-0.0738578,1.62042,1.73992,1.16767,10,70520,54.0882,2.45536
1776813200829762193,2.03834,-0.851562,-0.0638862,1.6038,1.73992,1.16767,10,70538,54.102,2.45192
1776813200834780659,2.0364,-0.851562,-0.0520186,1.60036,1.33487,1.06048,10,70551,54.1119,2.30287
1776813200839780903,2.0364,-0.728516,-0.042047,1.57435,1.33487,1.06048,10,70569,54.1257,2.45143
1776813200844779739,2.02207,-0.728516,-0.0425734,1.72292,1.12985,1.06225,10,70583,54.1365,2.30425
1776813200849809408,2.02207,-0.630859,-0.0210967,1.82303,1.16377,1.11792,10,70604,54.1526,2.45389
1776813200854780893,2.02945,-0.630859,-0.00834416,1.82303,1.16377,1.11792,10,70615,54.161,2.14767
1776813200859778471,2.02945,-0.666016,9.39751e-05,1.48166,1.01823,1.13316,10,70633,54.1748,2.2998
1776813200864779474,2.01648,-0.666016,0.000925579,1.63379,1.01823,1.13316,10,70645,54.184,2.30149
1776813200869791088,2.01648,-0.666016,0.0101304,1.63547,1.01823,1.13316,10,70660,54.1955,2.45438
1776813200874794442,2.01308,-0.666016,0.0182405,1.78836,1.12158,1.05482,10,70673,54.2055,2.29827
1776813200879767483,2.01308,-0.738281,0.0282121,1.55999,1.12158,1.05482,10,70690,54.2186,2.30425
1776813200884772597,2.00437,-0.738281,0.032538,1.56597,1.15425,0.97173,10,70703,54.2285,2.30103
1776813200889774063,2.00437,-0.771484,0.0425096,1.52954,1.15425,0.97173,10,70720,54.2416,2.30057
1776813200894778807,1.99667,-0.771484,0.0478425,1.52908,1.14196,0.915624,10,70733,54.2515,2.30103
1776813200899778921,1.99667,-0.666016,0.0578103,1.63501,1.14196,0.915624,10,70748,54.263,2.1481
1776813200904786498,1.98951,-0.666016,0.0621667,1.48209,0.991217,0.941132,10,70759,54.2715,1.99393
1776813200909778613,1.98951,-0.554688,0.0706048,1.43924,0.991217,0.941132,10,70773,54.2822,1.84058
1776813200914778708,1.98394,-0.554688,0.0757661,1.28589,0.803275,0.977544,10,70783,54.2899,1.84024
1776813200919783415,1.98394,-0.423828,0.0834375,1.41641,0.803275,0.977544,10,70796,54.2999,1.84134
1776813200924779511,1.9863,-0.423828,0.103434,1.41714,0.91492,1.05213,10,70812,54.3121,1.84097
1776813200929771514,1.9863,-0.337891,0.108035,1.50308,1.01741,1.11257,10,70823,54.3206,1.84021
1776813200934788683,1.98357,-0.337891,0.113753,1.50232,1.01741,1.11257,10,70832,54.3275,1.68762
1776813200939776557,1.98357,-0.242188,0.120657,1.44543,1.01741,1.11257,10,70843,54.3359,1.84097
1776813200944787523,1.97943,-0.242188,0.124945,1.59879,1.11269,1.13374,10,70853,54.3436,1.84097
1776813200949774897,1.97943,-0.234375,0.132617,1.6066,1.11269,1.13374,10,70864,54.352,1.68686
1776813200954780492,1.97828,-0.234375,0.139906,1.45248,1.12689,1.1326,10,70875,54.3604,1.68762
1776813200959783273,1.97828,-0.144531,0.148341,1.54309,1.12689,1.1326,10,70887,54.3696,1.68796
1776813200964776962,1.97542,-0.144531,0.154688,1.54343,1.13848,1.1699,10,70896,54.3766,1.53351
1776813200969773761,1.97542,-0.111328,0.161593,1.42218,1.13848,1.1699,10,70908,54.3858,1.68695
1776813200974777690,1.97492,-0.111328,0.170294,1.57562,1.1418,1.18639,10,70916,54.3919,1.53458
1776813200979777749,1.97492,0.0449219,0.176432,1.5795,1.1418,1.18639,10,70928,54.4011,1.53382
1776813200984773789,1.97424,0.0449219,0.18495,1.57874,1.35191,1.27211,10,70936,54.4072,1.53396
1776813200989780181,1.97424,0.0917969,0.191084,1.62576,1.35191,1.27211,10,70946,54.4149,1.53382
1776813200994778776,1.98013,0.0917969,0.213084,1.62576,1.25209,1.29883,10,70962,54.4272,1.53396
1776813200999791946,1.98013,0.189453,0.216921,1.72342,1.33697,1.3832,10,70972,54.4348,1.53427
1776813201004780042,1.98227,0.189453,0.226733,1.72372,1.33697,1.3832,10,70980,54.441,1.68686
1776813201009778860,1.98227,0.195312,0.232871,1.88217,1.33697,1.3832,10,70990,54.4486,1.53427
1776813201014776919,1.98319,0.195312,0.241458,1.72958,1.23574,1.40142,10,70999,54.4556,1.68796
1776813201019785996,1.98505,0.175781,0.257895,1.70868,1.36775,1.39933,10,71014,54.4671,1.5329
1776813201024774482,1.98505,0.177734,0.261729,1.71063,1.36775,1.39933,10,71022,54.4732,1.6883
1776813201029759652,1.98595,0.177734,0.268752,1.86603,1.36775,1.39933,10,71030,54.4793,1.53396
1776813201034857486,1.98595,0.207031,0.274889,1.741,1.62258,1.42146,10,71043,54.4893,1.6872
1776813201039805528,1.98777,0.207031,0.286685,1.89423,1.62258,1.42146,10,71052,54.4962,1.68728
1776813201044779088,1.98777,0.259766,0.293585,1.94705,1.34931,1.46037,10,71066,54.5069,1.68762
1776813201049780369,1.98996,0.259766,0.306513,1.94739,1.34931,1.46037,10,71074,54.5131,1.6872
1776813201054783520,1.98996,0.345703,0.312651,2.0329,1.33116,1.51996,10,71088,54.5238,1.8406
1776813201059785561,1.98996,0.345703,-0.304933,2.18631,1.33116,1.51996,10,71097,54.5307,1.68762
1776813201064829285,2.01278,0.345703,-0.275212,2.03333,1.52794,1.63002,10,71109,54.5399,1.84021
1776813201069790142,2.01278,0.402344,-0.266008,2.24255,1.52794,1.63002,10,71123,54.5507,1.68728
1776813201074752572,2.01834,0.402344,-0.249704,2.08963,1.50141,1.68899,10,71133,54.5583,1.84134
1776813201079711058,2.01834,0.357422,-0.242036,2.19876,1.50141,1.68899,10,71147,54.5691,1.99193
1776813201084726228,2.02404,0.357422,-0.225602,2.34936,1.70734,1.69065,10,71158,54.5775,1.84205
1776813201089731028,2.02404,0.322266,-0.217164,2.16432,1.70734,1.69065,10,71170,54.5867,1.99512
1776813201094728846,2.02574,0.322266,-0.206258,2.31739,1.59279,1.67874,10,71183,54.5967,1.84097
1776813201099724701,2.02574,0.322266,-0.19629,2.16324,1.59279,1.67874,10,71191,54.6028,1.68728
1776813201104727075,2.03014,0.322266,-0.185754,2.00955,1.61098,1.69974,10,71194,54.6051,0.766908
1776813201109726653,2.03014,0.650391,-0.183454,1.4173,1.61098,1.69974,10,71198,54.6082,0.460052
1776813201114780413,2.03272,0.650391,-0.177804,1.11044,2.02119,1.89907,10,71201,54.6105,0.45996
1776813201119776565,2.03272,1.39258,-0.175504,1.85254,2.02119,1.89907,10,71207,54.6151,0.767671
1776813201124800679,2.0436,1.39258,-0.16002,2.16025,1.93919,2.37384,10,71214,54.6205,0.919921
1776813201129752073,2.0436,1.16406,-0.154653,2.08398,1.93919,2.37384,10,71225,54.6289,1.22757
1776813201134777075,2.07053,1.16406,-0.111604,2.85126,1.85715,2.24359,10,71242,54.6419,1.6872
1776813201139774283,2.07053,0.431641,-0.106237,2.11884,1.87284,1.95322,10,71255,54.6519,2.14725
1776813201144781119,2.07715,0.431641,-0.0896503,2.57889,1.87284,1.95322,10,71266,54.6603,2.14767
1776813201149828454,2.07715,-0.123047,-0.081216,2.02463,1.87284,1.95322,10,71280,54.6711,2.1481
1776813201154806829,2.07825,-0.123047,-0.069379,2.02506,1.95981,1.67321,10,71294,54.6818,2.30103
1776813201159780055,2.07825,-0.419922,-0.0586368,1.8811,1.95981,1.67321,10,71313,54.6964,2.60773
1776813201164797725,2.07553,-0.419922,-0.0467884,2.18781,1.57185,1.49124,10,71328,54.7079,2.60721
1776813201169779544,2.07553,-0.650391,-0.0352832,1.95682,1.57185,1.49124,10,71346,54.7217,2.60564
1776813201174812750,2.07001,-0.650391,-0.0269977,1.95525,1.47757,1.33399,10,71359,54.7317,2.30241
1776813201179791161,2.07001,-0.75,-0.0170261,1.55241,1.47757,1.33399,10,71377,54.7455,2.30195
1776813201184769795,2.06284,-0.75,-0.0103962,1.55195,1.84702,1.24349,10,71391,54.7562,2.60721
1776813201189864406,2.06284,-0.988281,0.000342186,1.61892,1.84702,1.24349,10,71406,54.7677,2.14725
1776813201194795079,2.05499,-0.988281,0.00400048,1.15896,1.42795,1.07067,10,71419,54.7777,2.14853
1776813201199786860,2.05499,-0.875,0.0139721,1.27353,1.42795,1.07067,10,71436,54.7907,2.29705
1776813201204880250,2.05479,-0.875,0.0360211,1.27525,1.13999,1.13524,10,71455,54.8053,2.15025
1776813201209822403,2.05479,-0.791016,0.0413883,1.35924,0.956953,1.18219,10,71469,54.816,2.30149
1776813201214787908,2.04253,-0.791016,0.0398663,1.51047,0.956953,1.18219,10,71480,54.8245,2.14767
1776813201219785985,2.04253,-0.683594,0.0483044,1.46408,0.956953,1.18219,10,71494,54.8352,2.30103
1776813201224780452,2.03907,-0.683594,0.055579,1.61743,1.1453,1.16892,10,71507,54.8452,2.30057
1776813201229784844,2.03907,-0.714844,0.0655468,1.58572,1.1453,1.16892,10,71523,54.8575,2.1481
1776813201234767996,2.03248,-0.714844,0.0712307,1.43326,0.947875,1.11977,10,71535,54.8667,2.29919
1776813201239769055,2.03248,-0.689453,0.0804356,1.60973,0.947875,1.11977,10,71552,54.8797,2.14939
1776813201244772336,2.02529,-0.689453,0.0862835,1.45994,1.20952,1.09994,10,71565,54.8897,2.29827
1776813201249788154,2.02529,-0.689453,0.0962551,1.60881,1.20952,1.09994,10,71582,54.9027,2.30333
1776813201254783620,2.0185,-0.689453,0.102504,1.61388,1.08042,1.06744,10,71594,54.9119,2.29796
1776813201259786179,2.0185,-0.601562,0.111708,1.6964,1.08042,1.06744,10,71611,54.9249,2.15025
1776813201264778553,2.01212,-0.601562,0.118361,1.54869,1.24642,1.08691,10,71624,54.9349,2.30057
1776813201269840147,2.01212,-0.441406,0.128333,1.85916,1.24642,1.08691,10,71639,54.9464,2.14767
1776813201274781023,2.01232,-0.441406,0.148478,1.55292,1.0492,1.1782,10,71656,54.9595,1.99432
1776813201279753324,2.01232,-0.328125,0.153079,1.6662,1.13048,1.24374,10,71668,54.9687,1.99472
1776813201284764493,2.00853,-0.328125,0.158492,1.6666,1.13048,1.24374,10,71677,54.9756,1.83984
1776813201289810384,2.00853,-0.230469,0.165397,1.60937,1.13048,1.24374,10,71690,54.9855,1.99472
1776813201294791351,2.00561,-0.230469,0.17245,1.76425,1.36669,1.26716,10,71701,54.994,1.99432
1776813201299819205,2.00561,-0.216797,0.180884,1.77753,1.36669,1.26716,10,71715,55.0047,1.84024
1776813201304788414,2.00442,-0.216797,0.190429,1.62344,1.21261,1.26919,10,71729,55.0155,1.99512
1776813201309980003,2.00442,-0.216797,0.201167,1.77832,1.21261,1.26919,10,71741,55.0247,1.99276
1776813201314820290,2.00122,-0.216797,0.207179,1.77597,1.33383,1.25379,10,71754,55.0346,1.99432
1776813201319782443,2.00122,-0.208984,0.217151,1.78534,1.33383,1.25379,10,71765,55.0431,1.84097
1776813201324794705,2.00024,-0.208984,0.224604,1.63199,1.13737,1.25352,10,71777,55.0523,1.83987
1776813201329767931,2.00024,-0.0839844,0.233809,1.75588,1.13737,1.25352,10,71788,55.0607,1.68821
1776813201334777490,1.99808,-0.0839844,0.240088,1.60423,1.34551,1.31435,10,71799,55.0691,1.68762
1776813201339778142,1.99808,-0.0351562,0.248523,1.65247,1.34551,1.31435,10,71809,55.0768,1.53427
1776813201344785663,1.99808,-0.0351562,0.256194,1.49911,1.17887,1.34219,10,71820,55.0853,1.68618
1776813201349799259,2.00376,-0.0351562,0.270308,1.65103,1.17887,1.34219,10,71827,55.0906,1.53489
1776813201354792855,2.00376,0.103516,0.275676,1.6384,1.3953,1.44861,10,71841,55.1014,1.68762
1776813201359804043,2.0042,0.103516,0.286849,1.79114,1.3953,1.44861,10,71849,55.1075,1.6872
1776813201364779159,2.0042,0.150391,0.292987,1.83759,1.46683,1.47743,10,71863,55.1182,1.68762
1776813201369780977,2.00542,0.150391,0.304942,1.83801,1.46683,1.47743,10,71871,55.1244,1.53427
1776813201374776536,2.00542,0.128906,0.31108,1.66318,1.30351,1.47106,10,71885,55.1351,1.83984
1776813201379768836,2.00685,0.128906,-0.30507,1.96875,1.30351,1.47106,10,71893,55.1412,1.68762
1776813201384775950,2.00685,0.138672,-0.298936,1.82629,1.49666,1.48351,10,71907,55.152,1.68796
1776813201389771639,2.00807,0.138672,-0.286977,1.82663,1.49666,1.48351,10,71915,55.1581,1.53351
1776813201394783809,2.00807,0.1875,-0.280839,1.72101,1.41694,1.51721,10,71929,55.1689,1.68728
1776813201399777627,2.00972,0.1875,-0.268449,1.87478,1.41694,1.51721,10,71937,55.175,1.68796
1776813201404772149,2.00972,0.228516,-0.262315,1.91648,1.5016,1.54853,10,71951,55.1857,1.68652
1776813201409787041,2.01172,0.228516,-0.249577,1.91504,1.5016,1.54853,10,71959,55.1919,1.68796
1776813201414785933,2.01172,0.277344,-0.243443,1.9653,1.65594,1.58598,10,71974,55.2034,1.8406
1776813201419803325,2.03553,0.277344,-0.201215,2.11832,1.44615,1.69985,10,71989,55.2149,1.84097
1776813201424781551,2.03553,0.296875,-0.196614,2.13785,1.44615,1.69985,10,72001,55.2241,1.84021
1776813201429758259,2.04001,0.296875,-0.182935,2.13708,1.44615,1.69985,10,72010,55.231,1.99193
1776813201434763540,2.04001,0.234375,-0.17603,2.22631,1.68918,1.69665,10,72024,55.2417,1.84318
1776813201439778858,2.04276,0.234375,-0.162553,2.07756,1.68918,1.69665,10,72033,55.2486,1.99472
1776813201444771102,2.04276,0.179688,-0.155648,2.17441,1.50823,1.6785,10,72050,55.2617,1.99356
1776813201449784013,2.04483,0.179688,-0.140538,2.17325,1.50823,1.6785,10,72058,55.2678,1.99353
1776813201454775480,2.04483,0.15625,-0.1344,2.14978,1.84758,1.67496,10,72064,55.2724,1.22757
1776813201459777427,2.04563,0.15625,-0.128999,1.38382,1.84758,1.67496,10,72066,55.2739,0.460145
1776813201464776134,2.04563,1.25781,-0.127465,1.71796,1.98423,2.30665,10,72071,55.2778,0.613403
1776813201469782490,2.05454,1.25781,-0.11472,1.87122,1.98423,2.30665,10,72075,55.2808,0.460145
1776813201474778234,2.05454,1.44141,-0.111649,1.90155,2.07188,2.45345,10,72084,55.2877,0.920684
1776813201479758553,2.06161,1.44141,-0.09768,2.36209,2.07188,2.45345,10,72091,55.2931,1.53351
1776813201484767223,2.06161,0.292969,-0.0923089,1.82648,2.26238,1.8322,10,72107,55.3054,1.53458
1776813201489789707,2.09194,0.292969,-0.0405015,2.44064,2.05276,1.97422,10,72127,55.3207,2.14767
1776813201494769729,2.09194,-0.115234,-0.0343637,2.03244,2.05276,1.97422,10,72139,55.3299,2.45339
1776813201499778658,2.09381,-0.115234,-0.0232896,2.33816,2.05276,1.97422,10,72151,55.3391,2.45487
1776813201504816179,2.09381,-0.396484,-0.0140886,2.05838,1.60962,1.58994,10,72174,55.3568,2.76163
1776813201509794146,2.09101,-0.396484,0.00075443,2.36515,1.60962,1.58994,10,72187,55.3667,2.76053
1776813201514776595,2.09101,-0.548828,0.010726,2.2117,1.90101,1.49007,10,72208,55.3828,2.45487
1776813201519776839,2.08852,-0.548828,0.0243445,1.90604,1.90101,1.49007,10,72219,55.3913,2.6046
1776813201524780175,2.08852,-0.689453,0.0327826,1.91515,1.51824,1.39833,10,72240,55.4074,2.45733
1776813201529756068,2.07945,-0.689453,0.0398207,1.76787,1.51824,1.39833,10,72252,55.4166,2.45389
1776813201534787552,2.07945,-0.707031,0.0490256,1.74685,1.67692,1.34597,10,72274,55.4335,2.76163
1776813201539861461,2.07584,-0.707031,0.0622817,2.0546,1.67692,1.34597,10,72284,55.4411,2.30011
1776813201544792374,2.07584,-0.876953,0.069953,1.42315,1.37266,1.23219,10,72303,55.4557,2.30103
1776813201549787748,2.06258,-0.876953,0.0712615,1.42407,1.37266,1.23219,10,72314,55.4641,2.30195
1776813201554782640,2.06258,-0.771484,0.0796958,1.53046,1.3443,1.23002,10,72334,55.4795,2.30103
1776813201559775051,2.06913,-0.771484,0.11003,1.68289,1.18186,1.26085,10,72353,55.4941,2.45438
1776813201564776018,2.06913,-0.808594,0.116168,1.64578,1.18186,1.26085,10,72364,55.5025,2.30103
1776813201569775114,2.06126,-0.808594,0.116729,1.49243,1.18186,1.26085,10,72379,55.514,2.30057
1776813201574772247,2.06126,-0.720703,0.128234,1.57986,1.14139,1.25276,10,72396,55.527,2.45487
1776813201579755806,2.04982,-0.720703,0.129836,1.73416,1.14139,1.25276,10,72407,55.5355,2.45438
1776813201584765347,2.04982,-0.789062,0.138274,1.66531,1.22577,1.15981,10,72426,55.55,2.30103
1776813201589776609,2.04226,-0.789062,0.145282,1.51196,1.22577,1.15981,10,72437,55.5585,2.30011
1776813201594774575,2.04226,-0.818359,0.15372,1.48175,1.02548,1.10725,10,72456,55.5731,2.1481
1776813201599772042,2.03819,-0.818359,0.164222,1.32974,1.02548,1.10725,10,72467,55.5815,2.45214
1776813201604774341,2.03819,-0.796875,0.17266,1.65527,1.2631,1.10017,10,72487,55.5968,2.30241
1776813201609773493,2.02605,-0.796875,0.175864,1.50553,1.2631,1.10017,10,72498,55.6053,2.45339
1776813201614840957,2.02605,-0.722656,0.184302,1.73074,1.13513,1.08464,10,72517,55.6198,2.30195
1776813201619789629,2.02189,-0.722656,0.194713,1.57929,1.13513,1.08464,10,72528,55.6283,2.30149
1776813201624807632,2.02189,-0.632812,0.203151,1.66867,1.25877,1.11596,10,72546,55.6421,2.14767
1776813201629772507,2.02371,-0.632812,0.226447,1.514,1.16828,1.12467,10,72563,55.6551,2.14682
1776813201634772177,2.02371,-0.503906,0.231818,1.64291,1.16828,1.12467,10,72573,55.6628,2.1481
1776813201639851641,2.01551,-0.503906,0.231284,1.6442,1.16828,1.12467,10,72587,55.6735,2.14767
1776813201644840774,2.01551,-0.451172,0.242023,1.6965,1.11013,1.18895,10,72602,55.685,2.14725
1776813201649783742,2.01276,-0.451172,0.250773,1.69607,1.11013,1.18895,10,72612,55.6927,2.30103
1776813201654776283,2.01276,-0.380859,0.258445,1.92017,1.08629,1.2158,10,72630,55.7065,2.1452
1776813201659788027,2.00706,-0.380859,0.266555,1.76434,1.08629,1.2158,10,72641,55.715,2.15025
1776813201664775623,2.00706,-0.359375,0.274993,1.79088,1.46809,1.20067,10,72659,55.7288,2.14767
1776813201669776793,2.00494,-0.359375,0.286677,1.7883,1.46809,1.20067,10,72668,55.7357,2.14725
1776813201674775223,2.00494,-0.226562,0.293578,1.92068,1.16293,1.26616,10,72684,55.7479,1.99472
1776813201679754023,2.00055,-0.226562,0.301456,1.76816,1.16293,1.26616,10,72693,55.7548,1.8406
1776813201684768526,2.00055,-0.185547,0.30836,1.65506,1.33887,1.26836,10,72708,55.7663,1.84058
1776813201689774011,1.99952,-0.185547,-0.309476,1.65503,1.33887,1.26836,10,72717,55.7732,1.8406
1776813201694780606,1.99952,-0.0117188,-0.302575,1.82889,1.30004,1.3625,10,72732,55.7847,1.84134
1776813201699779832,1.99952,-0.0117188,-0.29107,1.82962,1.30004,1.3625,10,72741,55.7916,1.84097
1776813201704781447,2.03134,-0.0117188,-0.252347,1.82925,1.30909,1.51512,10,72754,55.8016,1.84021
1776813201709782635,2.03134,0.0898438,-0.242375,1.93005,1.30909,1.51512,10,72767,55.8116,1.8406
1776813201714779453,2.03161,0.0898438,-0.23214,1.93045,1.31898,1.57428,10,72779,55.8208,1.68762
1776813201719778457,2.03161,0.123047,-0.222935,1.81067,1.31898,1.57428,10,72790,55.8292,1.84021
1776813201724782053,2.03288,0.123047,-0.213227,1.96326,1.3675,1.59928,10,72803,55.8392,1.84134
1776813201729758131,2.03288,0.121094,-0.203255,1.96243,1.3675,1.59928,10,72813,55.8469,1.68762
1776813201734781004,2.03487,0.121094,-0.193604,1.80872,1.7435,1.60761,10,72826,55.8568,1.84024
1776813201739770360,2.03487,0.0976562,-0.183633,1.93789,1.7435,1.60761,10,72837,55.8653,1.68686
1776813201744783881,2.03539,0.0976562,-0.174668,1.78452,1.47679,1.59676,10,72850,55.8753,1.84134
1776813201749778440,2.03539,0.09375,-0.164696,1.93509,1.47679,1.59676,10,72861,55.8837,1.99393
1776813201754784351,2.03708,0.09375,-0.154568,2.08768,1.75748,1.60257,10,72875,55.8944,1.84134
1776813201759776633,2.03708,0.117188,-0.14383,1.95853,1.75748,1.60257,10,72887,55.9036,1.99396
1776813201764773655,2.03762,0.117188,-0.134091,2.11115,1.62471,1.61847,10,72901,55.9144,1.84097
1776813201769769491,2.03762,0.150391,-0.123353,1.99136,1.62471,1.61847,10,72912,55.9228,1.99432
1776813201774770847,2.03762,0.150391,-0.114918,2.14471,1.52706,1.6374,10,72926,55.9335,1.99393
1776813201779785646,2.06023,0.150391,-0.0815741,2.14432,1.52706,1.6374,10,72936,55.9412,2.14767
1776813201784773261,2.06023,0.140625,-0.0739028,2.2883,1.71033,1.73885,10,72953,55.9543,1.99356
1776813201789794504,2.06179,0.140625,-0.0593039,2.13419,1.71033,1.73885,10,72962,55.9612,1.99432
1776813201794823099,2.06179,0.0996094,-0.0523993,2.09393,1.52605,1.72282,10,72973,55.9696,1.68796
1776813201799804918,2.0636,0.0996094,-0.042153,1.78757,1.52605,1.72282,10,72975,55.9711,0.919737
1776813201804785830,2.0636,0.363281,-0.0406195,1.28302,1.99297,1.88165,10,72978,55.9734,0.460145
1776813201809786870,2.06489,0.363281,-0.0370223,0.823426,1.99297,1.88165,10,72981,55.9757,0.307526
1776813201814775670,2.06489,1.6543,-0.034722,1.96182,2.36048,2.62361,10,72987,55.9803,0.766601
1776813201819815394,2.08041,1.6543,-0.0145957,2.4209,2.36048,2.62361,10,72992,55.9842,0.766754
1776813201824820879,2.08041,1.5,-0.0107619,2.26675,2.05057,2.60847,10,73004,55.9934,1.22782
1776813201829782532,2.08986,1.5,0.00788435,2.72782,2.05057,2.60847,10,73014,56.001,1.68618
1776813201834778776,2.08986,0.359375,0.0155557,2.04556,2.21648,2.00238,10,73032,56.0148,2.14467
1776813201839785502,2.10125,0.359375,0.0407556,2.50405,2.21648,2.00238,10,73042,56.0225,2.15155
1776813201844777005,2.10125,-0.015625,0.0484231,2.13592,2.15579,1.84158,10,73064,56.0394,2.45389
1776813201849785731,2.10125,-0.015625,0.0652994,2.43826,2.15579,1.84158,10,73076,56.0486,2.60721
1776813201854777346,2.11546,-0.015625,0.0887178,2.59158,1.59431,1.90732,10,73095,56.0632,2.60877
1776813201859782386,2.11546,-0.490234,0.10329,2.11854,1.59431,1.90732,10,73113,56.077,2.60668
1776813201864784463,2.11223,-0.490234,0.11386,2.11645,1.78072,1.62187,10,73132,56.0915,2.60825
1776813201869776930,2.11223,-0.689453,0.128433,1.9188,1.78072,1.62187,10,73148,56.1038,2.60825
1776813201874774674,2.1038,-0.689453,0.132278,1.9188,2.23447,1.46933,10,73169,56.1199,2.91519
1776813201879756215,2.1038,-0.814453,0.148383,2.10074,2.23447,1.46933,10,73185,56.1322,2.91443
1776813201884764718,2.09918,-0.814453,0.156032,2.09998,1.84935,1.37665,10,73203,56.146,2.45339
1776813201889771388,2.09918,-0.919922,0.169837,1.53347,1.84935,1.37665,10,73218,56.1575,2.60877
1776813201894777688,2.08526,-0.919922,0.167423,1.68885,1.67909,1.25175,10,73237,56.1721,2.60721
1776813201899777450,2.08526,-0.875,0.181999,1.73221,1.67909,1.25175,10,73253,56.1843,2.60825
1776813201904785491,2.07982,-0.875,0.188827,1.73325,1.19896,1.25191,10,73267,56.1951,2.60721
1776813201909775217,2.07982,-0.792969,0.199561,1.81424,1.19896,1.25191,10,73285,56.2089,2.45487
1776813201914776257,2.06729,-0.792969,0.200843,1.6619,1.22812,1.23995,10,73303,56.2227,2.60773
1776813201919805130,2.06729,-0.755859,0.214649,1.85187,1.22812,1.23995,10,73318,56.2342,2.45389
1776813201924776856,2.07293,-0.755859,0.24176,1.69901,1.10809,1.26111,10,73338,56.2495,2.45487
1776813201929750139,2.07293,-0.789062,0.247131,1.6658,1.10809,1.26111,10,73349,56.258,2.30057
1776813201934786233,2.06106,-0.789062,0.243701,1.5115,1.22799,1.21289,10,73365,56.2702,2.45389
1776813201939772404,2.06106,-0.8125,0.255973,1.64139,1.22799,1.21289,10,73380,56.2818,2.30195
1776813201944775241,2.05716,-0.8125,0.263576,1.48945,1.29157,1.18112,10,73397,56.2948,2.45438
1776813201949773800,2.05716,-0.765625,0.276615,1.68875,1.29157,1.18112,10,73411,56.3055,2.30103
1776813201954784506,2.04534,-0.765625,0.275531,1.5354,1.30951,1.15194,10,73427,56.3178,2.30103
1776813201959771714,2.04534,-0.636719,0.287803,1.66431,1.30951,1.15194,10,73439,56.327,2.30057
1776813201964770717,2.0381,-0.636719,0.289764,1.66385,1.50978,1.19102,10,73454,56.3385,2.14734
1776813201969792146,2.0381,-0.503906,0.301269,1.64344,1.50978,1.19102,10,73466,56.3477,1.99432
1776813201974770983,2.03259,-0.503906,0.304969,1.49042,1.1575,1.24052,10,73481,56.3592,2.14767
1776813201979798319,2.03259,-0.375,-0.311844,1.77267,1.1575,1.24052,10,73493,56.3684,1.99353
1776813201984774546,2.02817,-0.375,-0.307064,1.61853,1.22065,1.29292,10,73508,56.3799,2.14639
1776813201989779845,2.02817,-0.275391,-0.295559,1.871,1.22065,1.29292,10,73521,56.3899,1.99592
1776813201994775090,2.02817,-0.275391,-0.285588,1.72053,1.3414,1.3497,10,73536,56.4014,2.14734
1776813201999778667,2.0326,-0.275391,-0.269657,1.87195,1.3414,1.3497,10,73546,56.4091,2.14725
1776813202004776504,2.0326,-0.294922,-0.261982,1.85232,1.16672,1.35967,10,73563,56.4221,2.1481
1776813202009803377,2.0282,-0.294922,-0.253342,1.85318,1.16672,1.35967,10,73573,56.4298,1.99432
1776813202014778956,2.0282,-0.253906,-0.245675,1.74042,1.39666,1.36208,10,73589,56.4421,1.99393
1776813202019776108,2.02546,-0.253906,-0.236142,1.74002,1.39666,1.36208,10,73599,56.4497,2.14725
1776813202024776741,2.02546,-0.146484,-0.228474,2.00076,1.30427,1.41023,10,73616,56.4628,1.99436
1776813202029793004,2.02351,-0.146484,-0.217385,1.84787,1.30427,1.41023,10,73625,56.4697,1.99353
1776813202034791248,2.02351,-0.0234375,-0.21048,1.97009,1.53029,1.47105,10,73642,56.4827,1.99472
1776813202039776401,2.02258,-0.0234375,-0.198365,1.97129,1.53029,1.47105,10,73651,56.4896,1.99472
1776813202044844310,2.02258,0.0820312,-0.191464,2.07675,1.4133,1.52674,10,73667,56.5019,1.99393
1776813202049834480,2.02298,0.0820312,-0.178795,2.07596,1.4133,1.52674,10,73677,56.5096,1.84021
1776813202054803930,2.02298,0.117188,-0.171124,1.9574,1.49712,1.54869,10,73693,56.5218,1.99472
1776813202059864561,2.02396,0.117188,-0.157875,2.11191,1.49712,1.54869,10,73702,56.5287,1.99393
1776813202064833455,2.02396,0.0683594,-0.150975,2.06228,1.39437,1.52552,10,73719,56.5418,1.99154
1776813202069800885,2.02396,0.0683594,-0.137936,2.0599,1.39437,1.52552,10,73728,56.5487,1.99512
1776813202074779427,2.04869,0.0683594,-0.106301,2.06348,1.57992,1.64318,10,73742,56.5594,1.99596
1776813202079781764,2.04869,0.0488281,-0.0955623,2.04478,1.57992,1.64318,10,73758,56.5717,1.99393
1776813202084786693,2.04917,0.0488281,-0.0828098,2.04275,1.44081,1.6343,10,73772,56.5824,2.1481
1776813202089770938,2.04917,0.0898438,-0.0720714,2.23795,1.44081,1.6343,10,73784,56.5916,1.99393
1776813202094776497,2.04942,0.0898438,-0.0626148,2.08377,1.69074,1.65889,10,73798,56.6024,2.14467
1776813202099775520,2.04942,0.195312,-0.0518764,2.33998,1.69074,1.65889,10,73811,56.6123,1.99752
1776813202104785208,2.05143,0.195312,-0.0399021,2.19283,1.58715,1.72849,10,73824,56.6223,1.99117
1776813202109776453,2.05143,0.216797,-0.0299305,2.20797,1.58715,1.72849,10,73836,56.6315,1.84282
1776813202114776457,2.05241,0.216797,-0.0197414,2.05961,1.66774,1.7454,10,73850,56.6422,1.99472
1776813202119777850,2.05241,0.230469,-0.00900303,2.22519,1.66774,1.7454,10,73863,56.6522,2.14725
1776813202124783279,2.05605,0.230469,0.00460779,2.37771,1.75679,1.77039,10,73874,56.6606,1.84097
1776813202129753654,2.05605,0.210938,0.0130459,2.05191,1.75679,1.77039,10,73878,56.6637,1.38016
1776813202134783268,2.05711,0.210938,0.017162,1.59109,1.84975,1.76422,10,73879,56.6645,0.460145
1776813202139788420,2.05711,1.28711,0.0179325,1.74725,1.84975,1.76422,10,73880,56.6652,0
1776813202144779387,2.05711,1.28711,0.0186955,1.28711,2.34638,2.37764,10,73882,56.6668,0.153351
1776813202149773817,2.08141,1.28711,0.0445324,1.44046,2.34638,2.37764,10,73884,56.6683,0.460908
1776813202154772802,2.08141,1.69336,0.0460697,2.15427,2.07798,2.72332,10,73891,56.6737,0.613403
1776813202159780176,2.10826,1.69336,0.0782887,2.30676,2.07798,2.72332,10,73897,56.6783,0.919921
1776813202164786809,2.10826,0.962891,0.0828892,1.88281,2.11874,2.43179,10,73910,56.6883,1.53458
1776813202169775980,2.12105,0.962891,0.105648,2.49747,2.11874,2.43179,10,73918,56.6944,1.5332
1776813202174776095,2.12105,0.541016,0.111786,2.07422,2.33714,2.25032,10,73933,56.7059,1.68762
1776813202179765080,2.12825,0.541016,0.130493,2.22864,2.33714,2.25032,10,73944,56.7143,2.1481
1776813202184772898,2.12825,0.392578,0.138927,2.54068,1.95963,2.19881,10,73962,56.7281,2.14767
1776813202189796827,2.13062,0.392578,0.155101,2.54025,1.95963,2.19881,10,73972,56.7358,2.14767
1776813202194779646,2.13062,-0.128906,0.162773,2.01877,2.03564,1.91242,10,73991,56.7504,2.30103
1776813202199795187,2.13228,-0.128906,0.179008,2.17212,2.03564,1.91242,10,74002,56.7581,2.14648
1776813202204782913,2.13228,-0.304688,0.187446,1.84179,2.51697,1.81985,10,74022,56.7742,2.30103
1776813202209779565,2.13128,-0.304688,0.201782,1.99634,2.51697,1.81985,10,74035,56.7841,2.76129
1776813202214784846,2.13128,-0.792969,0.211753,1.96832,1.98663,1.53694,10,74056,56.8002,2.60773
1776813202219785628,2.13128,-0.792969,0.227859,1.81476,1.98663,1.53694,10,74067,56.8087,2.45536
1776813202224775002,2.13446,-0.792969,0.239479,1.66239,1.91379,1.55152,10,74085,56.8225,2.45389
1776813202229754211,2.13446,-0.730469,0.253284,1.72342,1.91379,1.55152,10,74102,56.8355,2.45095
1776813202234765547,2.12674,-0.730469,0.258602,1.72048,1.47984,1.55173,10,74119,56.8486,2.30349
1776813202239796402,2.12674,-0.603516,0.27164,1.69997,1.47984,1.55173,10,74134,56.8601,2.45487
1776813202244778888,2.11701,-0.603516,0.273418,1.85135,1.57632,1.57934,10,74152,56.8739,2.45389
1776813202249778799,2.11701,-0.5625,0.287223,1.89139,1.57632,1.57934,10,74168,56.8861,2.60849
1776813202254771914,2.11138,-0.5625,0.293869,2.04599,1.41307,1.57677,10,74187,56.9007,2.75832
1776813202259780566,2.11138,-0.664062,0.308441,2.09426,1.41307,1.57677,10,74202,56.9122,2.61034
1776813202264774347,2.10553,-0.664062,0.314094,1.94627,1.6757,1.49181,10,74221,56.9268,2.6046
1776813202269775258,2.10553,-0.78125,-0.299652,1.82335,1.6757,1.49181,10,74237,56.9391,2.61138
1776813202274775855,2.09836,-0.78125,-0.294552,1.83013,1.4848,1.39177,10,74256,56.9536,2.60773
1776813202279756285,2.09836,-0.847656,-0.279976,1.76007,1.4848,1.39177,10,74272,56.9659,2.76108
1776813202284766159,2.09023,-0.847656,-0.275833,1.91342,1.59275,1.31612,10,74290,56.9797,2.60773
1776813202289770625,2.09023,-0.808594,-0.262028,1.79913,1.59275,1.31612,10,74305,56.9912,2.60773
1776813202294779962,2.09023,-0.808594,-0.250523,1.79913,1.39118,1.33838,10,74322,57.0043,2.45389
1776813202299771874,2.0902,-0.808594,-0.237518,1.64529,1.39118,1.33838,10,74333,57.0127,2.45438
1776813202304869504,2.0902,-0.640625,-0.229084,1.81375,1.33671,1.43397,10,74351,57.0265,2.14767
1776813202309781140,2.08287,-0.640625,-0.222599,1.50705,1.33671,1.43397,10,74361,57.0342,2.29781
1776813202314782014,2.08287,-0.470703,-0.214932,1.82711,1.48959,1.49665,10,74380,57.0487,2.15112
1776813202319771592,2.07473,-0.470703,-0.208508,1.68041,1.48959,1.49665,10,74391,57.0572,2.14682
1776813202324775596,2.07473,-0.435547,-0.20007,1.71127,1.4161,1.47858,10,74410,57.0718,2.45536
1776813202329751823,2.07251,-0.435547,-0.187706,2.01981,1.4161,1.47858,10,74422,57.081,2.30057
1776813202334779307,2.07251,-0.490234,-0.178501,1.81033,1.65503,1.43704,10,74442,57.0963,2.45361
1776813202339786107,2.0656,-0.490234,-0.170075,1.96338,1.65503,1.43704,10,74453,57.1047,2.30103
1776813202344844664,2.0656,-0.523438,-0.161636,1.77759,1.2676,1.38565,10,74472,57.1193,2.30149
1776813202349815706,2.06321,-0.523438,-0.149456,1.77805,1.2676,1.38565,10,74483,57.1277,2.30103
1776813202354809580,2.06321,-0.441406,-0.141018,1.85962,1.34057,1.42115,10,74501,57.1416,2.30011
1776813202359795270,2.05558,-0.441406,-0.134842,1.8587,1.34057,1.42115,10,74512,57.15,2.30149
1776813202364825717,2.05558,-0.369141,-0.126404,1.93235,1.3581,1.42638,10,74531,57.1646,2.29689
1776813202369795240,2.05558,-0.369141,-0.111832,1.92775,1.3581,1.42638,10,74542,57.173,2.15198
1776813202374775633,2.08029,-0.369141,-0.0786897,1.78284,1.39125,1.54247,10,74557,57.1845,2.30057
1776813202379758564,2.08029,-0.148438,-0.0671846,2.15213,1.39125,1.54247,10,74573,57.1968,2.14767
1776813202384764419,2.0763,-0.148438,-0.0589028,1.99924,1.38462,1.6496,10,74588,57.2083,2.30149
1776813202389778922,2.0763,-0.0976562,-0.0473977,2.20383,1.38462,1.6496,10,74602,57.219,2.14682
1776813202394777185,2.07468,-0.0976562,-0.0382768,2.04916,1.44192,1.67097,10,74615,57.229,2.29796
1776813202399791818,2.07468,-0.115234,-0.0283052,2.18273,1.44192,1.67097,10,74629,57.2397,2.30333
1776813202404777156,2.07421,-0.115234,-0.018036,2.18809,1.42082,1.65876,10,74647,57.2535,2.45438
1776813202409788956,2.07421,-0.148438,-0.0042306,2.30594,1.42082,1.65876,10,74666,57.2681,2.60825
1776813202414778941,2.07205,-0.148438,0.0081786,2.45981,1.47412,1.62968,10,74685,57.2827,2.60825
1776813202419774815,2.07205,-0.130859,0.0227507,2.47739,1.47412,1.62968,10,74700,57.2942,2.60849
1776813202424771671,2.07129,-0.130859,0.0334967,2.47763,1.522,1.63615,10,74718,57.308,2.60721
1776813202429754027,2.07129,-0.0898438,0.0473021,2.51736,1.69568,1.65953,10,74737,57.3226,2.45487
1776813202434763438,2.06945,-0.0898438,0.0600394,2.36502,1.69568,1.65953,10,74749,57.3318,2.45389
1776813202439770423,2.06945,-0.0585938,0.0692443,2.39529,1.69568,1.65953,10,74765,57.344,2.45389
1776813202444775612,2.08517,-0.0585938,0.105671,2.24213,1.59827,1.66871,10,74779,57.3548,2.30072
1776813202449774579,2.08517,-0.0585938,0.105671,2.24213,1.59827,1.66871,10,74779,57.3548,2.30072
1776813202454780656,2.08695,0.724609,0.110515,0.724609,1.82062,2.18871,10,74780,57.3555,0
1776813202459773123,2.08695,1.58398,0.110515,1.58398,1.82062,2.18871,10,74780,57.3555,0
1776813202464777849,2.09399,1.58398,0.117557,1.58398,2.28107,2.71965,10,74782,57.3571,0
1776813202469780686,2.09399,2.01367,0.119091,2.01367,2.28107,2.71965,10,74787,57.3609,0.613526
1776813202474854039,2.1147,2.01367,0.143638,2.6272,2.41206,3.0605,10,74795,57.367,1.07443
1776813202479769657,2.1147,1.55273,0.149773,2.62717,2.41206,3.0605,10,74807,57.3763,1.53351
1776813202484777012,2.12332,1.55273,0.167591,3.08624,2.41197,2.83744,10,74821,57.387,2.14725
1776813202489773775,2.12332,0.386719,0.178329,2.53396,2.41197,2.83744,10,74839,57.4008,2.30103
1776813202494781223,2.13703,0.386719,0.205849,2.68774,2.53134,2.2357,10,74856,57.4138,2.30057
1776813202499854817,2.13703,-0.113281,0.218887,2.18728,2.36036,1.9507,10,74878,57.4307,2.60877
1776813202504856580,2.13808,-0.113281,0.236809,2.49549,2.36036,1.9507,10,74893,57.4422,2.90977
1776813202509785771,2.13808,-0.701172,0.248314,2.2086,2.14382,1.62039,10,74917,57.4606,2.91986
1776813202514770220,2.13808,-0.701172,0.266724,2.21869,2.14382,1.62039,10,74931,57.4714,2.91443
1776813202519776483,2.13267,-0.701172,0.272049,2.21326,2.14382,1.62039,10,74948,57.4844,2.76108
1776813202524780487,2.13267,-0.845703,0.285091,1.91537,2.32171,1.51325,10,74969,57.5005,2.60408
1776813202529756324,2.12365,-0.845703,0.292175,1.75838,2.32171,1.51325,10,74983,57.5112,2.61086
1776813202534830789,2.12365,-0.945312,0.302914,1.66555,1.93348,1.41507,10,75003,57.5266,2.76108
1776813202539793590,2.11469,-0.945312,0.309296,1.81577,1.93348,1.41507,10,75016,57.5366,2.45487
1776813202544782816,2.11469,-0.820312,-0.309051,1.63455,1.35998,1.44508,10,75033,57.5496,2.45438
1776813202549780709,2.10553,-0.820312,-0.305172,1.63406,1.35998,1.44508,10,75045,57.5588,2.60773
1776813202554848062,2.10553,-0.607422,-0.295967,2.00031,1.23903,1.5241,10,75067,57.5757,2.60721
1776813202559784068,2.09907,-0.607422,-0.28556,1.99978,1.23903,1.5241,10,75079,57.5849,2.76108
1776813202564777498,2.09907,-0.542969,-0.276356,2.21811,1.25188,1.53086,10,75100,57.601,2.45487
1776813202569787261,2.09316,-0.542969,-0.266159,1.9119,1.25188,1.53086,10,75112,57.6102,2.45389
1776813202574772191,2.09316,-0.642578,-0.256954,1.81131,1.6277,1.44663,10,75134,57.6271,2.60825
1776813202579756436,2.08716,-0.642578,-0.246078,1.96567,1.6277,1.44663,10,75148,57.6378,2.76108
1776813202584767791,2.08716,-0.761719,-0.23534,1.99936,1.41897,1.35079,10,75172,57.6562,2.91112
1776813202589781665,2.08716,-0.761719,-0.216934,2.1494,1.41897,1.35079,10,75185,57.6662,2.91735
1776813202594775391,2.08032,-0.761719,-0.213806,2.15563,1.51057,1.31883,10,75205,57.6815,2.76163
1776813202599776839,2.08032,-0.693359,-0.198467,2.06827,1.51057,1.31883,10,75224,57.6961,2.76108
1776813202604782843,2.06913,-0.693359,-0.19508,2.06772,1.39089,1.30537,10,75238,57.7068,2.60408
1776813202609783791,2.06913,-0.628906,-0.184345,1.97518,1.39089,1.30537,10,75253,57.7183,2.30379
1776813202614771684,2.06685,-0.628906,-0.175117,1.67488,1.39727,1.3314,10,75270,57.7314,2.45487
1776813202619780762,2.06685,-0.453125,-0.162079,2.00174,1.39727,1.3314,10,75288,57.7452,2.45438
1776813202624773303,2.05775,-0.453125,-0.157368,2.00125,1.5928,1.38876,10,75305,57.7582,2.45487
1776813202629837341,2.05775,-0.423828,-0.144329,2.03104,1.5928,1.38876,10,75320,57.7697,2.45438
1776813202634799550,2.05568,-0.423828,-0.134899,2.03055,1.34727,1.39567,10,75337,57.7828,2.45438
1776813202639784332,2.05568,-0.333984,-0.12186,2.12039,1.34727,1.39567,10,75351,57.7935,2.30057
1776813202644790039,2.04988,-0.333984,-0.116924,1.96658,1.53254,1.41946,10,75363,57.8027,2.30149
1776813202649783099,2.04988,-0.318359,-0.107719,1.98313,1.53254,1.41946,10,75377,57.8134,2.30011
1776813202654799046,2.04888,-0.318359,-0.0979766,1.98175,1.25152,1.42366,10,75393,57.8257,2.29873
1776813202659782884,2.04888,-0.261719,-0.0857047,2.03701,1.25152,1.42366,10,75410,57.8387,2.14982
1776813202664785332,2.04888,-0.261719,-0.072666,1.88811,1.27988,1.45594,10,75426,57.851,2.30072
1776813202669770188,2.04398,-0.261719,-0.065296,2.039,1.27988,1.45594,10,75437,57.8595,2.45487
1776813202674782155,2.04398,-0.179688,-0.0568579,2.27518,1.3668,1.47948,10,75459,57.8763,2.29827
1776813202679750974,2.04074,-0.179688,-0.043228,2.11858,1.3668,1.47948,10,75470,57.8848,2.14982
1776813202684765589,2.04074,-0.134766,-0.0347899,2.01506,1.47937,1.4897,10,75485,57.8963,2.30149
1776813202689769407,2.04027,-0.134766,-0.023754,2.16672,1.47937,1.4897,10,75495,57.9039,2.14682
1776813202694780707,2.04027,-0.0253906,-0.0160864,2.12143,1.44816,1.54981,10,75512,57.917,2.1481
1776813202699775470,2.03897,-0.0253906,-0.00435243,2.12271,1.44816,1.54981,10,75523,57.9254,2.14725
1776813202704776085,2.03897,0.0078125,0.00408568,2.15506,1.59019,1.56254,10,75542,57.94,2.30149
1776813202709775607,2.03897,0.0078125,0.0186578,2.3093,1.59019,1.56254,10,75553,57.9484,2.30149
1776813202714778833,2.03897,0.0136719,0.0270959,2.31516,1.54164,1.56587,10,75574,57.9645,2.45389
1776813202719781929,2.0393,0.0136719,0.0435373,2.46756,1.54164,1.56587,10,75585,57.973,2.45389
1776813202724778174,2.0393,-0.00195312,0.0519754,2.45193,1.53904,1.55857,10,75606,57.9891,2.45487
1776813202729748993,2.0393,-0.00195312,0.068081,2.45291,1.53904,1.55857,10,75618,57.9983,2.45438
1776813202734777681,2.0393,-0.00195312,0.0772897,2.45242,1.67789,1.55857,10,75638,58.0136,2.45487
1776813202739786259,2.0393,-0.00195312,0.0926248,2.45291,1.67789,1.55857,10,75647,58.0205,2.45389
1776813202744781689,2.03925,-0.00195312,0.0994722,2.45193,1.59921,1.5583,10,75649,58.0221,0.919921
1776813202749772600,2.03925,0.929688,0.101006,1.84961,1.59921,1.5583,10,75647,58.0205,0
1776813202754775956,2.04284,0.929688,0.103069,0.929688,2.28314,2.10641,10,75643,58.0175,-0.613281
1776813202759772941,2.04284,2.6543,0.100002,2.04102,2.28314,2.10641,10,75643,58.0175,-0.306763
1776813202764775908,2.06332,2.6543,0.120487,2.34753,2.34907,3.18624,10,75646,58.0198,0
1776813202769812021,2.06332,2.01367,0.122788,2.01367,2.34907,3.18624,10,75652,58.0244,0.613281
1776813202774813155,2.08741,2.01367,0.151474,2.62695,1.72883,2.93394,10,75660,58.0305,1.22632
1776813202779788215,2.08741,1.31055,0.157612,2.53686,1.72883,2.93394,10,75672,58.0397,1.84245
1776813202784771700,2.09234,1.31055,0.171742,3.15299,2.22719,2.55612,10,75686,58.0504,1.99393
1776813202789779500,2.09234,0.541016,0.18248,2.53494,2.22719,2.55612,10,75704,58.0642,2.14725
1776813202794773912,2.10959,0.541016,0.213532,2.68826,2.31455,2.19746,10,75718,58.075,2.45487
1776813202799776026,2.10959,0.414062,0.22427,2.86893,2.31455,2.19746,10,75738,58.0903,2.60773
1776813202804775863,2.1109,0.414062,0.240925,3.02179,2.36783,2.13118,10,75757,58.1049,2.76108
1776813202809845087,2.1109,-0.203125,0.255497,2.55795,2.36783,2.13118,10,75771,58.1156,2.60512
1776813202814778871,2.11351,-0.203125,0.279583,2.10066,2.19748,1.77938,10,75792,58.1317,2.30379
1776813202819779689,2.11351,-0.5625,0.284954,1.74129,2.47806,1.58659,10,75809,58.1448,2.45438
1776813202824796785,2.10868,-0.5625,0.293156,1.89188,2.47806,1.58659,10,75823,58.1555,2.76053
1776813202829800826,2.10868,-0.71875,0.303894,2.04178,2.47806,1.58659,10,75839,58.1678,2.76108
1776813202834776590,2.10398,-0.71875,0.311466,2.04233,1.94277,1.45343,10,75853,58.1785,2.45438
1776813202839771723,2.10398,-0.736328,-0.306114,1.71805,1.94277,1.45343,10,75869,58.1908,2.60721
1776813202844776523,2.10209,-0.736328,-0.295734,1.87088,1.62074,1.43465,10,75886,58.2038,2.45536
1776813202849779879,2.10209,-0.5625,-0.282695,1.89286,1.62074,1.43465,10,75903,58.2169,2.45389
1776813202854774957,2.09094,-0.5625,-0.280803,1.89139,1.22535,1.48193,10,75917,58.2276,2.30103
1776813202859788849,2.09094,-0.572266,-0.270069,1.72876,1.22535,1.48193,10,75931,58.2383,2.45438
1776813202864870998,2.08951,-0.572266,-0.260757,1.88211,1.25687,1.46973,10,75949,58.2522,2.45389
1776813202869799282,2.08951,-0.482422,-0.246948,1.97146,1.25687,1.46973,10,75967,58.266,2.4529
1776813202874783805,2.08062,-0.482422,-0.242031,1.97048,1.37017,1.47946,10,75981,58.2767,2.45634
1776813202879762013,2.08062,-0.533203,-0.231296,1.92314,1.37017,1.47946,10,75995,58.2874,2.45389
1776813202884782553,2.07934,-0.533203,-0.209564,1.76782,1.41721,1.45051,10,76018,58.3051,2.30103
1776813202889777742,2.07934,-0.533203,-0.209564,1.76782,1.41721,1.45051,10,76018,58.3051,2.30103
1776813202894782931,2.06868,-0.517578,-0.195682,2.08963,1.70784,1.45344,10,76051,58.3304,2.60721
1776813202899852432,2.06868,-0.5,-0.189544,2.10721,1.43063,1.41349,10,76067,58.3427,2.45487
1776813202904798141,2.06353,-0.5,-0.182426,1.95487,1.43063,1.41349,10,76080,58.3526,2.60721
1776813202909776887,2.06353,-0.486328,-0.172454,2.12088,1.43063,1.41349,10,76095,58.3641,2.45438
1776813202914787964,2.06111,-0.486328,-0.163368,1.96805,1.6886,1.38565,10,76109,58.3749,2.45389
1776813202919872502,2.06111,-0.447266,-0.152633,2.00662,1.6886,1.38565,10,76123,58.3856,2.30103
1776813202924798434,2.05874,-0.447266,-0.14426,1.85376,1.25627,1.39677,10,76139,58.3979,2.45536
1776813202929757476,2.05874,-0.332031,-0.131992,2.12333,1.25627,1.39677,10,76156,58.4109,2.30011
1776813202934914456,2.052,-0.332031,-0.125698,1.96807,1.39679,1.43059,10,76171,58.4224,2.45438
1776813202939833889,2.052,-0.300781,-0.114193,2.15359,1.39679,1.43059,10,76190,58.437,2.45536
1776813202944783450,2.0512,-0.300781,-0.100418,2.15458,1.3254,1.44464,10,76207,58.45,2.60721
1776813202949777991,2.0512,-0.226562,-0.0873791,2.38064,1.3254,1.44464,10,76223,58.4623,2.45487
1776813202954796531,2.04665,-0.226562,-0.0689159,2.38116,1.50221,1.48694,10,76245,58.4792,2.60773
1776813202959785498,2.04665,-0.166016,-0.0627781,2.44171,1.44129,1.49993,10,76260,58.4907,2.60773
1776813202964774946,2.04481,-0.166016,-0.0531193,2.44171,1.44129,1.49993,10,76272,58.4999,2.30011
1776813202969784024,2.04481,-0.0976562,-0.0439106,2.20245,1.44129,1.49993,10,76287,58.5114,2.45438
1776813202974793305,2.04386,-0.0976562,-0.0333592,2.35672,1.64653,1.52565,10,76300,58.5214,2.45339
1776813202979757662,2.04386,-0.0683594,-0.0233875,2.38504,1.64653,1.52565,10,76315,58.5329,2.30241
1776813202984767406,2.04338,-0.0683594,-0.0123592,2.23405,1.6238,1.5401,10,76332,58.5459,2.45487
1776813202989777669,2.04338,-0.015625,0.000679415,2.43924,1.6238,1.5401,10,76349,58.5589,2.45339
1776813202994794302,2.04263,-0.015625,0.0129666,2.43777,1.37719,1.56659,10,76363,58.5697,2.30195
1776813202999799916,2.04263,0.00976562,0.0237049,2.31171,1.37719,1.56659,10,76377,58.5804,2.30057
1776813203004782791,2.04264,0.00976562,0.0344471,2.31033,1.55751,1.58108,10,76393,58.5927,2.45143
1776813203009788647,2.04264,0.0332031,0.046719,2.48464,1.55751,1.58108,10,76410,58.6057,2.14949
1776813203014777633,2.04335,0.0332031,0.0604748,2.18269,1.36639,1.59784,10,76423,58.6157,2.45389
1776813203019779526,2.04335,0.0292969,0.0704464,2.48318,1.36639,1.59784,10,76438,58.6272,2.30149
1776813203024773901,2.04336,0.0292969,0.0949978,2.63755,1.66704,1.59561,10,76461,58.6449,2.60825
1776813203029753609,2.04336,0.0292969,0.0949978,2.63755,1.66704,1.59561,10,76461,58.6449,2.60825
1776813203034764724,2.04451,0.191406,0.104588,0.958616,1.58211,1.68805,10,76466,58.6487,0.76721
1776813203039782024,2.04451,0.931641,0.104588,1.69885,2.15357,2.11545,10,76463,58.6464,0
1776813203044785324,2.04865,0.931641,0.106419,0.931641,2.15357,2.11545,10,76462,58.6456,-0.460723
1776813203049782310,2.04865,2.6875,0.105652,2.22678,2.15357,2.11545,10,76463,58.6464,-0.153382
1776813203054778814,2.0631,2.6875,0.120869,2.53412,2.52127,3.2041,10,76466,58.6487,0.306763
1776813203059784429,2.0631,2.64062,0.123173,2.94739,2.52127,3.2041,10,76473,58.6541,0.9205
1776813203064833024,2.07633,2.64062,0.141777,3.56112,2.01531,3.23953,10,76483,58.6617,1.2273
1776813203069797362,2.07633,1.26562,0.149449,2.49292,2.01531,3.23953,10,76496,58.6717,1.53427
1776813203074788885,2.09828,1.26562,0.181363,2.7999,2.40055,2.55812,10,76505,58.6786,1.8406
1776813203079780482,2.09828,0.488281,0.188267,2.32889,2.40055,2.55812,10,76519,58.6893,1.68686
1776813203084766820,2.1124,0.488281,0.213124,2.17514,2.26654,2.18039,10,76531,58.6985,2.1481
1776813203089769287,2.1124,0.349609,0.222329,2.49771,2.26654,2.18039,10,76548,58.7116,2.14767
1776813203094772865,2.11689,0.349609,0.250599,2.65063,2.38971,2.10135,10,76569,58.7277,2.30103
1776813203099777721,2.11689,0.0117188,0.25597,2.31274,2.35794,1.9295,10,76583,58.7384,2.45339
1776813203104773170,2.11851,0.0117188,0.268326,2.46511,2.35794,1.9295,10,76595,58.7476,2.30103
1776813203109781396,2.11851,-0.443359,0.277531,1.85767,2.35794,1.9295,10,76611,58.7599,2.45487
1776813203114774622,2.11554,-0.443359,0.286831,2.01151,2.4459,1.66387,10,76626,58.7714,2.60825
1776813203119781663,2.11554,-0.646484,0.298336,1.96176,2.4459,1.66387,10,76641,58.7829,2.60773
1776813203124773019,2.11272,-0.646484,0.307019,1.96124,2.16731,1.53508,10,76659,58.7967,2.45438
1776813203129752246,2.11272,-0.654297,-0.307494,1.80008,2.16731,1.53508,10,76679,58.8121,2.60773
1776813203134767194,2.10628,-0.654297,-0.298595,1.95343,1.5459,1.50085,10,76694,58.8236,2.76053
1776813203139799975,2.10628,-0.541016,-0.28709,2.21951,1.5459,1.50085,10,76715,58.8397,2.75832
1776813203144792702,2.10026,-0.541016,-0.277007,2.2173,1.30568,1.53749,10,76730,58.8512,2.76384
1776813203149774484,2.10026,-0.429688,-0.265502,2.33415,1.30568,1.53749,10,76750,58.8665,2.60773
1776813203154778932,2.09222,-0.429688,-0.258205,2.17804,1.36009,1.56359,10,76765,58.878,2.60773
1776813203159807695,2.09222,-0.408203,-0.234428,2.35419,1.60265,1.57584,10,76790,58.8972,2.76239
1776813203164784163,2.10212,-0.408203,-0.217624,2.35419,1.60265,1.57584,10,76803,58.9072,2.60773
1776813203169774463,2.10212,-0.5,-0.207652,2.10773,1.39296,1.5695,10,76825,58.924,2.76053
1776813203174777190,2.09512,-0.5,-0.197772,2.26053,1.39296,1.5695,10,76838,58.934,2.60825
1776813203179757694,2.09512,-0.494141,-0.187801,2.11411,1.39296,1.5695,10,76854,58.9463,2.76053
1776813203184773161,2.09268,-0.494141,-0.17797,2.26639,1.81724,1.52902,10,76869,58.9578,2.60721
1776813203189772109,2.09268,-0.494141,-0.166469,2.11307,1.81724,1.52902,10,76888,58.9724,2.60825
1776813203194776447,2.08524,-0.494141,-0.159332,2.11411,1.65315,1.49435,10,76901,58.9823,2.45487
1776813203199778136,2.08524,-0.478516,-0.149364,1.97635,1.65315,1.49435,10,76919,58.9961,2.30011
1776813203204805843,2.0826,-0.478516,-0.138198,1.82159,1.59434,1.49092,10,76933,59.0069,2.45438
1776813203209778440,2.0826,-0.363281,-0.127464,2.09109,1.59434,1.49092,10,76951,59.0207,2.45487
1776813203214776500,2.07636,-0.363281,-0.119888,2.09159,1.61607,1.52744,10,76965,59.0314,2.45389
1776813203219771486,2.07636,-0.308594,-0.109153,2.14529,1.61607,1.52744,10,76983,59.0452,2.45487
1776813203224772342,2.07468,-0.308594,-0.0970262,2.14627,1.38888,1.55075,10,76997,59.056,2.45487
1776813203229762031,2.07468,-0.333984,-0.0862916,2.12088,1.38888,1.55075,10,77015,59.0698,2.45438
1776813203234771850,2.07772,-0.333984,-0.0594781,1.96658,1.56077,1.53627,10,77035,59.0851,2.30057
1776813203239796279,2.07772,-0.296875,-0.054107,2.00369,1.42153,1.57163,10,77049,59.0958,2.45487
1776813203244773358,2.07432,-0.296875,-0.0467713,2.15799,1.42153,1.57163,10,77061,59.105,2.30103
1776813203249782214,2.07432,-0.222656,-0.0375703,2.07837,1.42153,1.57163,10,77076,59.1166,2.30103
1776813203254793310,2.07198,-0.222656,-0.0284036,2.07837,1.6913,1.58704,10,77090,59.1273,2.45389
1776813203259777222,2.07092,-0.199219,-0.00721673,2.25516,1.58768,1.59544,10,77113,59.1449,2.45438
1776813203264778152,2.07092,-0.132812,-0.00107889,2.32156,1.58768,1.59544,10,77125,59.1541,2.45438
1776813203269781619,2.0692,-0.132812,0.00640172,2.32156,1.58768,1.59544,10,77140,59.1656,2.45487
1776813203274778030,2.0692,-0.132812,0.0179068,2.32205,1.68418,1.62523,10,77157,59.1787,2.45339
1776813203279753332,2.06868,-0.132812,0.0304267,2.32058,1.68418,1.62523,10,77169,59.1879,2.45487
1776813203284763372,2.06868,-0.111328,0.0396315,2.34354,1.68193,1.63503,10,77191,59.2048,2.60825
1776813203289777598,2.06737,-0.111328,0.0551955,2.49692,1.68193,1.63503,10,77204,59.214,2.60721
1776813203294777102,2.06737,-0.128906,0.0651671,2.4783,1.69252,1.61887,10,77227,59.2324,2.76108
1776813203299776866,2.06737,-0.128906,0.0828101,2.63217,1.69252,1.61887,10,77241,59.2431,2.91385
1776813203304762685,2.07156,-0.128906,0.097737,2.78494,1.51256,1.63853,10,77261,59.2584,2.9156
1776813203309787392,2.07156,-0.105469,0.113076,2.81013,1.51256,1.63853,10,77279,59.2723,2.76053
1776813203314775471,2.06906,-0.105469,0.124375,2.65506,1.45616,1.64013,10,77288,59.2792,2.1481
1776813203319837361,2.06906,0.0703125,0.131276,2.21842,1.45616,1.64013,10,77288,59.2792,0.613281
1776813203324772442,2.06886,0.0703125,0.131081,0.683593,2.10833,1.73941,10,77286,59.2776,-0.153351
1776813203329863535,2.06886,1.95117,0.129548,1.79782,2.10833,1.73941,10,77285,59.2769,-0.306702
1776813203334809023,2.07939,1.95117,0.139306,1.64447,2.50458,2.86082,10,77287,59.2784,0.153351
1776813203339805638,2.07939,2.51367,0.140839,2.66702,2.50458,2.86082,10,77294,59.2838,0.460052
1776813203344797420,2.10212,2.51367,0.16895,2.97372,2.06592,3.28733,10,77303,59.2907,1.38092
1776813203349788017,2.10212,1.18359,0.175851,2.56451,2.06592,3.28733,10,77315,59.2999,1.53427
1776813203354874500,2.12078,1.18359,0.203713,2.71786,2.42367,2.61538,10,77328,59.3098,1.99396
1776813203359794933,2.12078,0.753906,0.213685,2.74787,2.42367,2.61538,10,77345,59.3229,2.14767
1776813203364802862,2.12997,0.753906,0.235905,2.90158,2.27063,2.41264,10,77360,59.3344,2.45438
1776813203369778460,2.12997,0.257812,0.24741,2.71219,2.27063,2.41264,10,77380,59.3497,2.76108
1776813203374804611,2.13855,0.257812,0.282841,2.8663,2.221,2.12986,10,77403,59.3674,2.60849
1776813203379783949,2.13855,-0.232422,0.288979,2.37607,2.59585,1.88975,10,77419,59.3796,2.60721
1776813203384796286,2.13967,-0.232422,0.302369,2.37478,2.59585,1.88975,10,77431,59.3888,2.76053
1776813203389848770,2.13967,-0.482422,0.31157,2.2781,2.59585,1.88975,10,77447,59.4011,2.45487
1776813203394802942,2.13579,-0.482422,-0.308356,1.97245,2.24082,1.73462,10,77465,59.4149,2.45487
1776813203399781817,2.13579,-0.677734,-0.294551,1.77713,2.24082,1.73462,10,77482,59.4279,2.75997
1776813203404803710,2.13042,-0.677734,-0.286883,2.08224,2.0317,1.59869,10,77497,59.4395,2.76218
1776813203409807436,2.13042,-0.787109,-0.275378,1.97507,2.0317,1.59869,10,77516,59.454,2.45438
1776813203414795163,2.1269,-0.787109,-0.264319,1.66727,1.69247,1.5202,10,77534,59.4678,2.60668
1776813203419811574,2.1269,-0.548828,-0.250514,2.05786,1.69247,1.5202,10,77549,59.4793,2.60512
1776813203424796134,2.11625,-0.548828,-0.24966,2.05629,1.52687,1.60702,10,77563,59.4901,2.45683
1776813203429769713,2.11625,-0.607422,-0.238925,1.84941,1.52687,1.60702,10,77581,59.5039,2.45487
1776813203434807086,2.11327,-0.607422,-0.228099,1.84745,1.30081,1.55986,10,77599,59.5169,2.45389
1776813203439795572,2.11327,-0.501953,-0.214294,1.95193,1.30081,1.55986,10,77615,59.53,2.60877
1776813203444777410,2.10495,-0.501953,-0.198066,2.25857,1.35063,1.61998,10,77639,59.5484,2.76053
1776813203449797524,2.10495,-0.544922,-0.191932,2.2156,1.35063,1.61998,10,77652,59.5583,2.76163
1776813203454770066,2.10233,-0.544922,-0.184585,2.21671,1.6597,1.54488,10,77671,59.5729,2.9121
1776813203459777626,2.10233,-0.720703,-0.170013,2.1914,1.6597,1.54488,10,77688,59.5859,2.60981
1776813203464770612,2.09249,-0.720703,-0.166816,1.88911,1.84098,1.39897,10,77704,59.5982,2.91403
1776813203469780189,2.09249,-0.714844,-0.154544,2.19918,1.84098,1.39897,10,77726,59.6151,2.91443
1776813203474774416,2.08892,-0.714844,-0.141238,2.19958,1.53522,1.38569,10,77747,59.6312,2.9156
1776813203479758402,2.08892,-0.619141,-0.125133,2.29645,1.53522,1.38569,10,77764,59.6442,2.91443
1776813203484769591,2.07895,-0.619141,-0.122054,2.29529,1.33807,1.39372,10,77783,59.6588,2.91443
1776813203489782724,2.07895,-0.560547,-0.107482,2.35388,1.33807,1.39372,10,77799,59.6711,2.60721
1776813203494767914,2.07606,-0.560547,-0.0981055,2.04666,1.34546,1.41358,10,77818,59.6857,2.76184
1776813203499790084,2.07606,-0.416016,-0.0835333,2.34583,1.34546,1.41358,10,77835,59.6987,2.60773
1776813203504815161,2.06872,-0.416016,-0.0778342,2.19171,1.42768,1.46153,10,77854,59.7133,2.76053
1776813203509797444,2.06872,-0.396484,-0.063262,2.36404,1.42768,1.46153,10,77871,59.7263,2.91501
1776813203514777874,2.06872,-0.396484,-0.0502196,2.51853,1.49247,1.47267,10,77890,59.7409,2.75832
1776813203519793526,2.07375,-0.396484,-0.0306197,2.36184,1.49247,1.47267,10,77903,59.7509,2.60981
1776813203524778179,2.07375,-0.429688,-0.020648,2.18013,1.2985,1.47734,10,77924,59.767,2.60877
1776813203529761702,2.06752,-0.429688,-0.0107718,2.17908,1.2985,1.47734,10,77936,59.7762,2.60668
1776813203534765336,2.06752,-0.373047,-0.00156693,2.23364,1.36859,1.48038,10,77957,59.7923,2.60825
1776813203539803820,2.06358,-0.373047,0.0105981,2.2352,1.36859,1.48038,10,77970,59.8022,2.45487
1776813203544786676,2.06358,-0.269531,0.0205698,2.18534,1.48138,1.52085,10,77991,59.8183,2.60512
1776813203549791588,2.06033,-0.269531,0.0334291,2.33559,1.48138,1.52085,10,78003,59.8276,2.61034
1776813203554773815,2.06033,-0.210938,0.0426302,2.3994,1.57741,1.53895,10,78025,59.8444,2.60668
1776813203559779133,2.05802,-0.210938,0.0571909,2.39575,1.57741,1.53895,10,78037,59.8536,2.60773
1776813203564773230,2.05802,-0.162109,0.0663957,2.44562,1.69006,1.55588,10,78057,59.869,2.30149
1776813203569773012,2.05622,-0.162109,0.0799379,2.13938,1.69006,1.55588,10,78068,59.8774,2.45438
1776813203574822644,2.05622,-0.103516,0.088376,2.35086,1.35712,1.58079,10,78089,59.8935,2.60356
1776813203579765613,2.05473,-0.103516,0.102998,2.50005,1.35712,1.58079,10,78102,59.9035,2.61138
1776813203584778043,2.05473,-0.140625,0.112969,2.47076,1.44022,1.55263,10,78124,59.9204,2.60825
1776813203589779213,2.05835,-0.140625,0.140359,2.31424,1.56664,1.56968,10,78135,59.9288,2.45487
1776813203594781773,2.05835,0.464844,0.141892,2.91971,1.56664,1.56968,10,78134,59.928,1.074
1776813203599791906,2.05784,0.464844,0.140618,1.53885,1.56664,1.56968,10,78132,59.9265,-0.306028
1776813203604782985,2.05784,1.61914,0.139085,1.31311,2.07228,2.57036,10,78131,59.9257,-0.307378
1776813203609777693,2.06315,1.61914,0.143632,1.31176,2.07228,2.57036,10,78131,59.9257,0
1776813203614783956,2.06315,2.12891,0.143632,2.12891,2.33456,2.88597,10,78135,59.9288,0
1776813203619772645,2.09838,2.12891,0.181924,2.12891,2.33456,2.88597,10,78141,59.9334,0.920105
1776813203624773872,2.09838,1.52148,0.186524,2.44159,2.4585,2.70442,10,78155,59.9441,1.53427
1776813203629784598,2.10793,1.52148,0.206815,3.05576,2.4585,2.70442,10,78164,59.951,1.68686
1776813203634767028,2.10793,0.478516,0.213719,2.16537,2.30997,2.15419,10,78182,59.9648,1.99472
1776813203639770903,2.12109,0.478516,0.240682,2.47324,2.30997,2.15419,10,78192,59.9725,2.30103
1776813203644795961,2.12109,0.226562,0.248349,2.52759,2.10882,2.07127,10,78213,59.9886,2.30103
1776813203649782244,2.12294,0.226562,0.266313,2.52759,2.10882,2.07127,10,78224,59.9971,2.4529
1776813203654788859,2.12294,-0.00585938,0.274747,2.44705,1.89396,1.94732,10,78245,60.0132,2.45438
1776813203659782641,2.12509,-0.00585938,0.302209,2.60135,2.36426,1.95721,10,78265,60.0285,2.60721
1776813203664782200,2.12509,-0.166016,0.308347,2.44119,2.36426,1.95721,10,78278,60.0385,2.4529
1776813203669773686,2.12417,-0.166016,-0.310923,2.28689,2.36426,1.95721,10,78296,60.0523,2.76329
1776813203674793116,2.12417,-0.455078,-0.297118,2.30821,2.18496,1.69691,10,78313,60.0653,2.76108
1776813203679778898,2.12131,-0.455078,-0.28694,2.306,2.18496,1.69691,10,78325,60.0745,2.45487
1776813203684763606,2.12131,-0.517578,-0.277735,1.93729,2.14874,1.64813,10,78347,60.0914,2.60877
1776813203689776628,2.11908,-0.517578,-0.263091,2.09119,2.14874,1.64813,10,78359,60.1006,2.60773
1776813203694770114,2.11908,-0.457031,-0.253886,2.1507,1.53779,1.67239,10,78381,60.1175,2.60773
1776813203699775692,2.11172,-0.457031,-0.244376,2.1507,1.53779,1.67239,10,78394,60.1274,2.76108
1776813203704775715,2.11172,-0.539062,-0.234404,2.22202,1.65115,1.59167,10,78415,60.1436,2.60797
1776813203709796811,2.10903,-0.539062,-0.220988,2.06891,1.65115,1.59167,10,78427,60.1528,2.4529
1776813203714779186,2.10903,-0.375,-0.211783,2.0779,1.3991,1.67277,10,78447,60.1681,2.45634
1776813203719775931,2.10209,-0.375,-0.203383,2.08134,1.3991,1.67277,10,78459,60.1773,2.45438
1776813203724773102,2.10209,-0.427734,-0.194178,2.02664,1.56272,1.61057,10,78481,60.1942,2.60721
1776813203729759773,2.09993,-0.427734,-0.170264,2.17791,1.77661,1.60054,10,78503,60.211,2.60564
1776813203734762184,2.09993,-0.548828,-0.162593,2.05681,1.77661,1.60054,10,78519,60.2233,2.76329
1776813203739793595,2.09249,-0.548828,-0.157759,2.21446,1.77661,1.60054,10,78532,60.2333,2.60721
1776813203744781469,2.09249,-0.5625,-0.147792,2.04471,1.75721,1.48916,10,78550,60.2471,2.60825
1776813203749775437,2.0898,-0.5625,-0.136668,2.04575,1.75721,1.48916,10,78565,60.2586,2.60825
1776813203754847790,2.0898,-0.5625,-0.125163,2.04575,1.72893,1.47666,10,78582,60.2716,2.4529
1776813203759802240,2.0841,-0.5625,-0.117831,1.8904,1.72893,1.47666,10,78593,60.2801,2.45536
1776813203764788245,2.0841,-0.464844,-0.109397,1.99051,1.36681,1.50571,10,78614,60.2962,2.29919
1776813203769777379,2.07906,-0.464844,-0.0983227,1.83434,1.36681,1.50571,10,78626,60.3054,2.60981
1776813203774778605,2.07906,-0.298828,-0.0891216,2.31099,1.46684,1.57681,10,78647,60.3215,2.45339
1776813203779825515,2.07361,-0.298828,-0.0784595,2.15457,1.46684,1.57681,10,78659,60.3307,2.60721
1776813203784817279,2.07361,-0.298828,-0.0692585,2.30838,1.50172,1.5513,10,78680,60.3468,2.60721
1776813203789787247,2.07201,-0.298828,-0.0547474,2.30838,1.50172,1.5513,10,78692,60.356,2.45634
1776813203794783862,2.07201,-0.40625,-0.0455463,2.05009,1.43721,1.48256,10,78715,60.3736,2.60825
1776813203799776866,2.06694,-0.40625,-0.0230053,2.35483,1.6499,1.45875,10,78738,60.3913,2.76108
1776813203804798333,2.06694,-0.384766,-0.0153377,2.37631,1.6499,1.45875,10,78751,60.4013,2.76053
1776813203809787226,2.06289,-0.384766,-0.00942115,2.37576,1.6499,1.45875,10,78769,60.4151,2.91385
1776813203814792008,2.06289,-0.337891,0.00438425,2.57596,1.41499,1.47864,10,78789,60.4304,2.91636
1776813203819793864,2.06084,-0.337891,0.0176747,2.57847,1.41499,1.47864,10,78802,60.4404,2.76053
1776813203824832866,2.06084,-0.234375,0.0276463,2.52615,1.52659,1.52799,10,78824,60.4573,2.76108
1776813203829767039,2.05806,-0.234375,0.0417416,2.5267,1.52659,1.52799,10,78840,60.4695,2.60825
1776813203834779839,2.05806,-0.125,0.0540135,2.48325,1.68076,1.57723,10,78858,60.4833,2.60773
1776813203839778232,2.05627,-0.125,0.0660336,2.48273,1.68076,1.57723,10,78871,60.4933,2.60668
1776813203844777718,2.05627,-0.103516,0.0760014,2.50317,1.46705,1.58104,10,78894,60.5109,2.76218
1776813203849777981,2.05522,-0.103516,0.0925877,2.65867,1.46705,1.58104,10,78907,60.5209,2.76053
1776813203854777689,2.05522,-0.121094,0.102559,2.63943,1.73922,1.56604,10,78930,60.5386,2.91443
1776813203859777545,2.05416,-0.121094,0.119138,2.79333,1.73922,1.56604,10,78944,60.5493,2.76108
1776813203864779882,2.05416,-0.171875,0.129876,2.5892,1.42021,1.5321,10,78962,60.5631,2.60745
1776813203869785312,2.05416,-0.171875,0.143682,2.43557,1.42021,1.5321,10,78966,60.5662,1.68753
1776813203874798075,2.0581,-0.171875,0.150697,1.51566,1.76548,1.55072,10,78966,60.5662,0.306763
1776813203879760766,2.0581,0.605469,0.150697,0.912232,1.76548,1.55072,10,78965,60.5654,0
1776813203884763566,2.05861,0.605469,0.150438,0.605469,2.22809,1.99621,10,78965,60.5654,-0.153382
1776813203889768792,2.05861,2.86523,0.150438,2.71185,2.22809,1.99621,10,78965,60.5654,0
1776813203894795351,2.07765,2.86523,0.169481,2.86523,2.28573,3.37374,10,78971,60.57,0.153412
1776813203899777337,2.07765,1.5625,0.174085,1.71591,2.28573,3.37374,10,78979,60.5761,1.074
1776813203904854764,2.11363,1.5625,0.216199,2.6365,1.99244,2.7984,10,78990,60.5846,1.53382
1776813203909798159,2.11363,0.882812,0.224637,2.41663,1.99244,2.7984,10,79002,60.5938,1.68695
1776813203914788608,2.12484,0.882812,0.24505,2.56976,2.35995,2.4626,10,79017,60.6053,1.99472
1776813203919792686,2.12484,0.353516,0.256555,2.34824,2.35995,2.4626,10,79032,60.6168,2.30149
1776813203924794153,2.13066,0.353516,0.273877,2.655,2.26469,2.18761,10,79050,60.6306,2.45438
1776813203929772380,2.13066,0.236328,0.287687,2.6907,2.26469,2.18761,10,79065,60.6421,2.45389
1776813203934768477,2.13349,0.236328,0.302011,2.69021,2.02053,2.13375,10,79082,60.6551,2.60773
1776813203939803887,2.13349,-0.271484,-0.313265,2.33624,2.02053,2.13375,10,79096,60.6659,2.29965
1776813203944784966,2.13349,-0.271484,-0.302531,2.02816,2.04492,1.8443,10,79112,60.6781,2.30287
1776813203949786007,2.13748,-0.271484,-0.286265,2.03138,2.04492,1.8443,10,79125,60.6881,2.45438
1776813203954775234,2.13748,-0.320312,-0.276293,2.13406,2.51254,1.83475,10,79148,60.7058,2.76108
1776813203959780589,2.1345,-0.320312,-0.261637,2.44077,2.51254,1.83475,10,79161,60.7157,2.91094
1776813203964774001,2.1345,-0.664062,-0.251666,2.24687,2.00347,1.62515,10,79182,60.7318,2.45339
1776813203969779579,2.12653,-0.664062,-0.243525,1.78933,2.00347,1.62515,10,79194,60.741,2.61191
1776813203974775806,2.12653,-0.611328,-0.234324,2.00058,1.84687,1.61868,10,79216,60.7579,2.60668
1776813203979783809,2.12273,-0.611328,-0.221247,1.99536,1.84687,1.61868,10,79229,60.7679,2.60773
1776813203984781962,2.12273,-0.662109,-0.211276,1.94562,1.35866,1.57229,10,79252,60.7855,2.91385
1776813203989782466,2.11404,-0.662109,-0.202322,2.25174,1.35866,1.57229,10,79266,60.7963,2.76218
1776813203994779470,2.11404,-0.583984,-0.191584,2.1782,1.42212,1.57679,10,79290,60.8147,2.91577
1776813203999784918,2.11029,-0.583984,-0.176928,2.33179,1.42212,1.57679,10,79308,60.8285,2.91443
1776813204004778386,2.11029,-0.539062,-0.163119,2.37537,1.62201,1.58508,10,79329,60.8446,2.91443
1776813204009782816,2.10552,-0.539062,-0.151789,2.37537,1.62201,1.58508,10,79342,60.8546,2.91385
1776813204014779894,2.10552,-0.597656,-0.141818,2.31619,1.53871,1.5296,10,79367,60.8737,2.91443
1776813204019785010,2.10552,-0.597656,-0.122645,2.31677,1.53871,1.5296,10,79380,60.8837,2.91501
1776813204024775811,2.09914,-0.597656,-0.119051,2.31736,1.76733,1.50002,10,79401,60.8998,3.06732
1776813204029778297,2.09914,-0.625,-0.102946,2.44232,1.76733,1.50002,10,79423,60.9167,2.91501
1776813204034773801,2.08715,-0.625,-0.098063,2.29001,1.6853,1.42865,10,79442,60.9313,2.91094
1776813204039795546,2.08715,-0.589844,-0.0834908,2.32109,1.6853,1.42865,10,79458,60.9435,2.61086
1776813204044774292,2.08117,-0.589844,-0.0771928,2.02102,1.50726,1.4208,10,79476,60.9573,2.76163
1776813204049782185,2.08117,-0.462891,-0.0633874,2.29874,1.50726,1.4208,10,79492,60.9696,2.45438
1776813204054773208,2.07587,-0.462891,-0.0564179,1.99149,1.4288,1.46834,10,79509,60.9826,2.60773
1776813204059803563,2.07587,-0.373047,-0.0433793,2.23468,1.4288,1.46834,10,79525,60.9949,2.45389
1776813204064777568,2.07173,-0.373047,-0.0352425,2.08084,1.37364,1.50018,10,79544,61.0095,2.60721
1776813204069789609,2.07173,-0.359375,-0.0206704,2.24783,1.37364,1.50018,10,79560,61.0218,2.75777
1776813204074772929,2.06817,-0.359375,-0.0119653,2.39839,1.45268,1.49123,10,79575,61.0333,2.61215
1776813204079789285,2.06817,-0.396484,-0.00046013,2.21566,1.45268,1.49123,10,79593,61.0471,2.60721
1776813204084772142,2.06436,-0.396484,0.00953435,2.21072,1.45311,1.45216,10,79611,61.0609,2.45536
1776813204089787572,2.06436,-0.341797,0.0233397,2.11356,1.45311,1.45216,10,79626,61.0724,2.60668
1776813204094806149,2.06069,-0.341797,0.0419211,2.11307,1.30491,1.48333,10,79649,61.09,2.45487
1776813204099781081,2.06069,-0.234375,0.0488257,2.22049,1.30491,1.48333,10,79660,61.0985,2.60825
1776813204104797714,2.0579,-0.234375,0.05446,2.37387,1.44746,1.51411,10,79679,61.113,2.75777
1776813204109804033,2.0579,-0.144531,0.069036,2.61324,1.44746,1.51411,10,79694,61.1245,2.61034
1776813204114776520,2.05589,-0.144531,0.0785346,2.46581,1.47741,1.55587,10,79709,61.136,2.45389
1776813204119774432,2.05589,-0.0839844,0.0900397,2.3699,1.47741,1.55587,10,79728,61.1506,2.60825
1776813204124782714,2.05479,-0.0839844,0.103517,2.52426,1.57206,1.5852,10,79747,61.1652,2.60773
1776813204129751830,2.05479,-0.078125,0.118089,2.5296,1.57206,1.5852,10,79763,61.1775,2.76163
1776813204134762464,2.05398,-0.078125,0.129545,2.68351,1.72194,1.58468,10,79780,61.1905,2.76108
1776813204139797282,2.05398,0.00390625,0.142583,2.76498,1.72194,1.58468,10,79787,61.1959,2.14767
1776813204144785342,2.05345,0.00390625,0.14742,2.15158,1.55395,1.62894,10,79784,61.1936,0.459869
1776813204149792254,2.05345,1.85938,0.14512,2.31924,1.55395,1.62894,10,79781,61.1913,-0.460145
1776813204154775370,2.0612,1.85938,0.150579,1.39923,2.36971,2.72315,10,79781,61.1913,-0.45996
1776813204159777152,2.0612,2.69531,0.150579,2.23535,2.36971,2.72315,10,79781,61.1913,0
1776813204164777323,2.0612,2.69531,0.150579,2.69531,2.27019,3.19964,10,79788,61.1966,0.459134
1776813204169768346,2.08708,2.69531,0.181825,3.15445,2.27019,3.19964,10,79795,61.202,1.07453
1776813204174781684,2.08708,0.970703,0.187196,2.04523,2.29668,2.33791,10,79811,61.2135,1.68931
1776813204179751726,2.11544,0.970703,0.227827,2.66001,2.29668,2.33791,10,79821,61.2219,1.84134
1776813204185007296,2.11544,0.96875,0.235494,2.81009,2.42022,2.46831,10,79839,61.2357,2.30011
1776813204189821344,2.12005,0.96875,0.253908,3.26886,2.42022,2.46831,10,79850,61.2442,2.14853
1776813204194786331,2.12005,0.326172,0.262346,2.47471,1.83722,2.12328,10,79871,61.2603,2.45389
1776813204199846000,2.12861,0.326172,0.287015,2.78006,1.83722,2.12328,10,79884,61.2703,2.60773
1776813204204850301,2.12861,0.310547,0.296987,2.91827,2.3703,2.15372,10,79906,61.2871,2.91501
1776813204209800399,2.13017,0.310547,-0.312906,3.22556,2.3703,2.15372,10,79918,61.2963,2.45389
1776813204214781682,2.13017,-0.195312,-0.303705,2.25857,2.235,1.8725,10,79938,61.3117,2.45095
1776813204219784316,2.12939,-0.195312,-0.289137,2.25563,2.235,1.8725,10,79951,61.3216,2.45782
1776813204224780043,2.12939,-0.169922,-0.279169,2.2879,2.35799,1.88341,10,79971,61.337,2.60825
1776813204229768140,2.12849,-0.169922,-0.264723,2.43833,2.35799,1.88341,10,79986,61.3485,2.45438
1776813204234769219,2.12849,-0.478516,-0.253218,1.97586,2.10119,1.70341,10,80002,61.3608,2.30057
1776813204239797778,2.12849,-0.478516,-0.240946,1.82205,2.10119,1.70341,10,80014,61.37,2.30103
1776813204244779246,2.12256,-0.478516,-0.237677,1.82251,1.75473,1.67616,10,80033,61.3845,2.76108
1776813204249790490,2.12256,-0.597656,-0.223105,2.16342,1.75473,1.67616,10,80053,61.3999,2.76108
1776813204254789328,2.11539,-0.597656,-0.214934,2.16342,1.56661,1.57521,10,80071,61.4137,2.60721
1776813204259786388,2.11539,-0.5,-0.201128,2.10721,1.56661,1.57521,10,80087,61.426,2.60877
1776813204264774708,2.10975,-0.5,-0.194502,2.10877,1.41803,1.60482,10,80105,61.4398,2.60668
1776813204269777731,2.10975,-0.566406,-0.180697,2.04028,1.41803,1.60482,10,80120,61.4513,2.60773
1776813204274777642,2.10482,-0.566406,-0.174116,2.04132,1.70666,1.54417,10,80139,61.4658,2.60721
1776813204279754296,2.10482,-0.560547,-0.159544,2.04666,1.70666,1.54417,10,80155,61.4781,2.60877
1776813204284765392,2.1022,-0.560547,-0.149893,2.04822,1.51276,1.53537,10,80174,61.4927,2.60773
1776813204289782359,2.1022,-0.595703,-0.135321,2.01202,1.51276,1.53537,10,80190,61.505,2.76053
1776813204294783901,2.09366,-0.595703,-0.131582,2.16482,1.53759,1.4757,10,80209,61.5195,2.76239
1776813204299778146,2.09366,-0.578125,-0.11701,2.18427,1.53759,1.4757,10,80226,61.5326,2.76108
1776813204304771058,2.0908,-0.578125,-0.106833,2.18295,1.64229,1.47241,10,80245,61.5471,2.60825
1776813204309787340,2.0908,-0.560547,-0.0922568,2.0477,1.64229,1.47241,10,80261,61.5594,2.76108
1776813204314782085,2.0908,-0.560547,-0.0799849,2.20053,1.3374,1.48243,10,80281,61.5748,2.76108
1776813204319774497,2.08202,-0.560547,-0.0734312,2.20053,1.3374,1.48243,10,80294,61.5847,2.76053
1776813204324780112,2.08202,-0.427734,-0.0634596,2.33279,1.57482,1.51716,10,80317,61.6024,2.91385
1776813204329798727,2.07474,-0.427734,-0.0530989,2.48611,1.57482,1.51716,10,80331,61.6131,2.76163
1776813204334774918,2.07474,-0.355469,-0.0423605,2.40616,1.38699,1.52429,10,80354,61.6307,2.76184
1776813204339785200,2.07102,-0.355469,-0.0284369,2.40637,1.38699,1.52429,10,80367,61.6407,2.91385
1776813204344780278,2.06929,-0.359375,-0.00562499,2.24887,1.47054,1.50463,10,80395,61.6622,2.60825
1776813204349782283,2.06929,-0.404297,0.0012796,2.20395,1.47054,1.50463,10,80408,61.6722,2.91443
1776813204354787787,2.06546,-0.404297,0.00741364,2.51013,1.64064,1.45287,10,80424,61.6844,2.91501
1776813204359792532,2.06546,-0.421875,0.0196855,2.49314,1.64064,1.45287,10,80441,61.6975,2.76053
1776813204364789314,2.06366,-0.421875,0.0309312,2.33865,1.34745,1.43442,10,80461,61.7128,2.90629
1776813204369775615,2.06366,-0.34375,0.0462701,2.56254,1.34745,1.43442,10,80481,61.7282,2.76939
1776813204374773509,2.05759,-0.34375,0.0555322,2.42564,1.56497,1.45032,10,80499,61.742,2.45438
1776813204379764421,2.05759,-0.300781,0.0693414,2.15359,1.56497,1.45032,10,80514,61.7535,2.75743
1776813204384760444,2.05759,-0.300781,0.0808466,2.45665,1.5955,1.47481,10,80533,61.768,2.61034
1776813204389770244,2.05598,-0.300781,0.0938089,2.30956,1.5955,1.47481,10,80546,61.778,2.60877
1776813204394772786,2.05598,-0.205078,0.103781,2.40369,1.30745,1.52178,10,80569,61.7957,2.76108
1776813204399779716,2.05213,-0.205078,0.117571,2.556,1.30745,1.52178,10,80582,61.8056,2.76163
1776813204404774554,2.05213,-0.183594,0.127538,2.57804,1.37162,1.51582,10,80602,61.821,2.76053
1776813204409787002,2.04932,-0.183594,0.14007,2.57693,1.37162,1.51582,10,80609,61.8263,2.14767
1776813204414778951,2.04932,-0.162109,0.145437,1.98557,1.54147,1.51477,10,80609,61.8263,0.613281
1776813204419926710,2.04851,-0.162109,0.144632,0.451171,1.54147,1.51477,10,80607,61.8248,-0.306824
1776813204424803570,2.04851,2.4375,0.143099,2.13068,2.27678,2.99274,10,80607,61.8248,-0.153351
1776813204429764576,2.06126,2.4375,0.155851,2.28415,2.27678,2.99274,10,80607,61.8248,0
1776813204434766969,2.06126,2.91406,0.155851,2.91406,2.18464,3.3246,10,80613,61.8294,0.153382
1776813204439792954,2.07394,2.91406,0.173132,3.06744,2.18464,3.3246,10,80621,61.8355,1.22782
1776813204444774367,2.07394,0.929688,0.17927,2.1575,2.53562,2.25309,10,80635,61.8463,1.68686
1776813204449780056,2.10524,0.929688,0.2213,2.61655,2.53562,2.25309,10,80644,61.8532,1.68762
1776813204454771876,2.10524,0.779297,0.228201,2.46692,2.34673,2.31316,10,80663,61.8677,2.14767
1776813204459772250,2.10524,0.779297,0.242773,2.92697,2.34673,2.31316,10,80675,61.8769,2.45389
1776813204464769736,2.10925,0.779297,0.255998,3.23318,1.70527,2.33175,10,80692,61.89,2.44606
1776813204469783611,2.10925,0.199219,0.269037,2.64528,1.70527,2.33175,10,80709,61.903,2.30841
1776813204474778300,2.11685,0.199219,0.289675,2.50763,2.02772,2.03618,10,80724,61.9145,2.30103
1776813204479787638,2.11685,0.0546875,0.30118,2.35571,2.02772,2.03618,10,80738,61.9253,2.14734
1776813204484770884,2.11825,0.0546875,0.31331,2.20203,2.48155,1.96022,10,80756,61.9391,2.45487
1776813204489782054,2.11825,-0.220703,-0.301203,2.23416,2.48155,1.96022,10,80772,61.9513,2.60745
1776813204494770652,2.11738,-0.220703,-0.289797,2.38674,2.34441,1.79926,10,80790,61.9652,2.60773
1776813204499777989,2.11738,-0.498047,-0.275991,2.10968,2.34441,1.79926,10,80807,61.9782,2.60825
1776813204504805344,2.11355,-0.498047,-0.266783,2.1102,2.11901,1.6235,10,80823,61.9905,2.91443
1776813204509780979,2.11355,-0.552734,-0.254511,2.36169,2.11901,1.6235,10,80845,62.0073,2.91501
1776813204514770929,2.10792,-0.552734,-0.243269,2.36228,1.56,1.56631,10,80865,62.0227,2.91385
1776813204519782766,2.10792,-0.587891,-0.22793,2.32596,1.56,1.56631,10,80881,62.035,2.76108
1776813204524771826,2.10209,-0.587891,-0.221483,2.17319,1.31572,1.51929,10,80895,62.0457,2.60825
1776813204529752498,2.10209,-0.482422,-0.210745,2.12583,1.31572,1.51929,10,80915,62.061,2.60721
1776813204534769391,2.10209,-0.482422,-0.195406,2.12478,1.32352,1.5794,10,80935,62.0764,2.76108
1776813204539799357,2.09675,-0.482422,-0.185404,2.27866,1.32352,1.5794,10,80948,62.0863,2.76239
1776813204544792714,2.09675,-0.488281,-0.175432,2.27411,1.4518,1.55129,10,80971,62.104,2.76053
1776813204549776330,2.08963,-0.488281,-0.164911,2.27224,1.4518,1.55129,10,80983,62.1132,2.76108
1776813204554815036,2.08963,-0.511719,-0.15571,2.24936,1.67159,1.50481,10,81004,62.1293,2.60668
1776813204559790579,2.08727,-0.511719,-0.141966,2.09497,1.67159,1.50481,10,81017,62.1393,2.45487
1776813204564805175,2.08727,-0.599609,-0.131998,1.85526,1.54523,1.44369,10,81039,62.1561,2.60825
1776813204569775218,2.07865,-0.599609,-0.123739,2.00864,1.54523,1.44369,10,81051,62.1653,2.75997
1776813204574786925,2.07865,-0.609375,-0.114538,2.1506,1.54607,1.39787,10,81073,62.1822,2.60825
1776813204579800281,2.07556,-0.609375,-0.100752,1.99887,1.54607,1.39787,10,81085,62.1914,2.60877
1776813204584802045,2.07556,-0.5,-0.091547,2.10877,1.59603,1.44575,10,81107,62.2083,2.60721
1776813204589789050,2.06729,-0.5,-0.0829449,2.10721,1.59603,1.44575,10,81119,62.2175,2.60721
1776813204594783313,2.06729,-0.443359,-0.07374,2.16385,1.21855,1.43923,10,81140,62.2336,2.45438
1776813204599772929,2.06497,-0.443359,-0.0599537,2.01102,1.21855,1.43923,10,81152,62.2428,2.45536
1776813204604776267,2.06497,-0.330078,-0.0507488,2.12528,1.33193,1.49289,10,81173,62.2589,2.60773
1776813204609790456,2.06497,-0.330078,-0.0346432,2.27765,1.33193,1.49289,10,81186,62.2689,2.60773
1776813204614837644,2.05944,-0.330078,-0.0302028,2.27765,1.24671,1.46685,10,81205,62.2835,2.76053
1776813204619788835,2.05944,-0.322266,-0.0156307,2.43826,1.24671,1.46685,10,81225,62.2988,2.60797
1776813204624823246,2.05464,-0.322266,-0.0050907,2.2857,1.60927,1.44865,10,81240,62.3103,2.76163
1776813204629818343,2.05464,-0.34375,0.00641444,2.41788,1.60927,1.44865,10,81260,62.3256,2.76053
1776813204634827995,2.05134,-0.34375,0.0184498,2.41678,1.60641,1.4208,10,81278,62.3394,2.60877
1776813204639797890,2.05134,-0.294922,0.032259,2.31385,1.60641,1.4208,10,81295,62.3525,2.76108
1776813204644790728,2.04817,-0.294922,0.0421315,2.46616,1.34579,1.43364,10,81311,62.3648,2.75997
1776813204649786214,2.04817,-0.208984,0.0544033,2.55099,1.34579,1.43364,10,81332,62.3809,2.76218
1776813204654776330,2.04567,-0.208984,0.0680142,2.5532,1.35257,1.4708,10,81351,62.3954,2.76108
1776813204659781056,2.04567,-0.111328,0.0825863,2.64975,1.35257,1.4708,10,81368,62.4085,2.76108
1776813204664780005,2.04419,-0.111328,0.0941334,2.64975,1.36724,1.51941,10,81383,62.42,2.75557
1776813204669790435,2.04419,-0.0449219,0.105639,2.71064,1.36724,1.51941,10,81403,62.4353,2.76627
1776813204674814661,2.04349,-0.0449219,0.120279,2.72134,1.56854,1.55395,10,81422,62.4499,2.76218
1776813204679792814,2.04349,-0.078125,0.134851,2.68406,1.56854,1.55395,10,81437,62.4614,2.60721
1776813204684800485,2.04349,-0.078125,0.146357,2.52908,1.70298,1.53502,10,81444,62.4668,2.1481
1776813204689773620,2.04299,-0.078125,0.151232,2.06998,1.70298,1.53502,10,81444,62.4668,0.460052
1776813204694771495,2.04299,1.40234,0.151232,1.8624,1.79692,2.37652,10,81439,62.4629,-0.30664
1776813204699781591,2.048,1.40234,0.152411,1.0957,1.79692,2.37652,10,81439,62.4629,-0.460052
1776813204704774337,2.048,2.48633,0.152411,2.02628,2.3661,3.01816,10,81439,62.4629,0
1776813204709786193,2.05754,2.48633,0.161943,2.48633,2.3661,3.01816,10,81443,62.466,0.30664
1776813204714774790,2.05754,1.82031,0.16501,2.12695,2.55616,2.68359,10,81457,62.4767,1.07367
1776813204719781072,2.09474,1.82031,0.21295,2.89398,2.55616,2.68359,10,81466,62.4836,1.84097
1776813204724779299,2.09474,1.05859,0.219854,2.89957,2.36273,2.42365,10,81485,62.4982,2.14682
1776813204729763452,2.10189,1.05859,0.241579,3.20541,2.36273,2.42365,10,81499,62.5089,2.30149
1776813204734761790,2.10189,0.179688,0.252317,2.48117,2.13023,1.95588,10,81519,62.5243,2.45487
1776813204739789886,2.11102,0.179688,0.276777,2.63455,2.13023,1.95588,10,81531,62.5335,2.30057
1776813204744783927,2.11102,0.0195312,0.285986,2.3201,1.89103,1.90682,10,81549,62.5473,2.45095
1776813204749777154,2.11204,0.0195312,0.300814,2.47048,1.89103,1.90682,10,81560,62.5557,2.15035
1776813204754791158,2.11204,-0.113281,0.309252,2.03707,1.98797,1.83586,10,81576,62.568,2.30057
1776813204759774774,2.11204,-0.113281,-0.306795,2.18728,1.98797,1.83586,10,81588,62.5772,2.45487
1776813204764779538,2.11138,-0.113281,-0.298246,2.34159,2.37026,1.83282,10,81607,62.5918,2.60773
1776813204769780524,2.11138,-0.480469,-0.283674,2.12726,2.37026,1.83282,10,81624,62.6048,2.45389
1776813204774773362,2.10672,-0.480469,-0.275297,1.97342,1.93667,1.60196,10,81638,62.6156,2.45438
1776813204779762774,2.10672,-0.5,-0.264558,1.95438,1.93667,1.60196,10,81652,62.6263,2.30103
1776813204784771778,2.10516,-0.5,-0.255388,1.80103,1.85921,1.58359,10,81669,62.6393,2.45438
1776813204789771801,2.10516,-0.417969,-0.242349,2.03641,1.85921,1.58359,10,81688,62.6539,2.45438
1776813204794775268,2.09711,-0.417969,-0.235826,2.03641,1.47717,1.59301,10,81707,62.6685,2.76108
1776813204799775217,2.09711,-0.447266,-0.221254,2.31381,1.47717,1.59301,10,81723,62.6808,2.60721
1776813204804785128,2.09574,-0.447266,-0.210352,2.15994,1.59293,1.56995,10,81738,62.6923,2.60877
1776813204809782911,2.09574,-0.388672,-0.198847,2.2201,1.59293,1.56995,10,81757,62.7068,2.76184
1776813204814808359,2.0886,-0.388672,-0.191412,2.37317,1.39334,1.57013,10,81772,62.7183,2.45389
1776813204819796363,2.0886,-0.423828,-0.179907,2.03006,1.39334,1.57013,10,81792,62.7337,2.76108
1776813204824790331,2.08733,-0.423828,-0.165838,2.33725,1.67965,1.54416,10,81811,62.7483,2.60825
1776813204829818686,2.08733,-0.556641,-0.151262,2.05161,1.67965,1.54416,10,81828,62.7613,2.75997
1776813204834782136,2.07931,-0.556641,-0.133974,2.20554,1.75202,1.46845,10,81852,62.7797,2.76218
1776813204839779826,2.07931,-0.501953,-0.12784,2.26023,1.59279,1.46217,10,81869,62.7927,2.91443
1776813204844802756,2.07212,-0.501953,-0.121992,2.41248,1.59279,1.46217,10,81882,62.8027,2.76053
1776813204849783205,2.07212,-0.449219,-0.11202,2.31131,1.59279,1.46217,10,81898,62.815,2.60825
1776813204854787524,2.06879,-0.449219,-0.103075,2.15903,1.54012,1.44293,10,81913,62.8265,2.45438
1776813204859776881,2.06879,-0.382812,-0.0915696,2.07156,1.54012,1.44293,10,81927,62.8372,2.45389
1776813204864780996,2.06753,-0.382812,-0.0820939,2.07107,1.33716,1.47485,10,81945,62.851,2.60148
1776813204869774186,2.06753,-0.236328,-0.0682885,2.36516,1.33716,1.47485,10,81963,62.8648,2.46077
1776813204874787153,2.06242,-0.236328,-0.0595949,2.22445,1.44986,1.5343,10,81977,62.8756,2.45389
1776813204879752677,2.06242,-0.199219,-0.0488565,2.25467,1.44986,1.5343,10,81993,62.8878,2.60825
1776813204884762163,2.06184,-0.199219,-0.0371644,2.40903,1.32925,1.55272,10,82010,62.9009,2.45389
1776813204889773759,2.06184,-0.203125,-0.0241258,2.25076,1.32925,1.55272,10,82027,62.9139,2.30057
1776813204894771171,2.05863,-0.203125,-0.0142953,2.09744,1.45308,1.53538,10,82041,62.9247,2.45438
1776813204899775935,2.05863,-0.203125,-0.00355695,2.25125,1.45308,1.53538,10,82055,62.9354,2.30149
1776813204904774495,2.05863,-0.203125,0.00718145,2.09836,1.45972,1.53538,10,82072,62.9484,2.45487
1776813204909777647,2.0581,-0.203125,0.0196937,2.25174,1.45972,1.53538,10,82088,62.9607,2.60773
1776813204914784244,2.0581,-0.150391,0.0319655,2.45734,1.48056,1.56295,10,82108,62.976,2.45339
1776813204919778415,2.05486,-0.150391,0.0440619,2.303,1.48056,1.56295,10,82120,62.9853,2.45487
1776813204924773438,2.05486,-0.0429688,0.0532668,2.4119,1.80169,1.60889,10,82139,62.9998,2.45487
1776813204929751332,2.05358,-0.0429688,0.0665572,2.4119,1.80169,1.60889,10,82150,63.0083,2.30057
1776813204934762133,2.05352,-0.0078125,0.0879806,2.29321,1.5366,1.62287,10,82174,63.0267,2.30103
1776813204939850505,2.05352,0.0644531,0.0933516,2.36548,1.66486,1.66381,10,82190,63.0389,2.45487
1776813204944832047,2.05386,0.0644531,0.105959,2.51932,1.66486,1.66381,10,82203,63.0489,2.45438
1776813204949786145,2.05386,0.0566406,0.115931,2.51102,1.66486,1.66381,10,82220,63.062,2.60773
1776813204954788242,2.05462,0.0566406,0.129725,2.66437,1.49622,1.66452,10,82233,63.0719,2.76108
1776813204959779117,2.05462,0.0175781,0.139696,2.77866,1.49622,1.66452,10,82241,63.0781,1.8406
1776813204964798362,2.05468,0.0175781,0.145891,1.85818,1.7647,1.64254,10,82241,63.0781,0.460052
1776813204969780959,2.05468,2.30664,0.145891,2.76669,2.4733,2.9473,10,82240,63.0773,0
1776813204974783704,2.05468,2.30664,0.145125,2.30664,2.4733,2.9473,10,82240,63.0773,-0.15332
1776813204979751691,2.06391,2.30664,0.154356,2.15332,2.4733,2.9473,10,82241,63.0781,0
1776813204984764492,2.06391,2.40039,0.155123,2.40039,2.48439,3.04427,10,82247,63.0827,0.30664
1776813204989770903,2.09526,2.40039,0.191073,2.70703,2.48439,3.04427,10,82254,63.088,1.22659
1776813204994793296,2.09526,1.93359,0.19644,3.16018,2.64534,2.9248,10,82270,63.1003,1.68855
1776813204999779486,2.10159,1.93359,0.215048,3.62214,2.64534,2.9248,10,82281,63.108,1.99353
1776813205004785731,2.10159,0.587891,0.223486,2.58142,2.55735,2.18717,10,82301,63.1241,2.30195
1776813205009775792,2.12172,0.587891,0.258951,2.88984,2.55735,2.18717,10,82315,63.1348,2.76108
1776813205014780444,2.12172,0.216797,0.26969,2.97787,2.34007,2.06861,10,82339,63.1532,2.76108
1776813205019773671,2.12279,0.216797,0.289164,2.97787,2.34007,2.06861,10,82352,63.1632,2.91519
1776813205024776861,2.12279,-0.199219,0.299135,2.71597,2.19818,1.83639,10,82375,63.1808,2.76108
1776813205029759552,2.12326,-0.199219,-0.311067,2.56186,2.19818,1.83639,10,82388,63.1908,2.76108
1776813205034805629,2.12326,-0.384766,-0.301095,2.37631,2.12504,1.73281,10,82410,63.2077,2.60721
1776813205039930556,2.12088,-0.384766,-0.286603,2.22244,2.12504,1.73281,10,82424,63.2184,2.76163
1776813205044850600,2.12088,-0.611328,-0.275865,2.1503,2.02296,1.59271,10,82447,63.2361,2.91326
1776813205049816310,2.12088,-0.611328,-0.258226,2.30194,2.02296,1.59271,10,82459,63.2453,2.76218
1776813205054805685,2.11617,-0.611328,-0.253725,2.15085,1.88005,1.57104,10,82477,63.2591,2.60773
1776813205059860392,2.11617,-0.583984,-0.239919,2.02374,1.88005,1.57104,10,82496,63.2736,2.60668
1776813205064802047,2.10387,-0.583984,-0.237657,2.0227,1.47993,1.52974,10,82511,63.2851,2.6046
1776813205069812551,2.10387,-0.482422,-0.226152,2.12218,1.47993,1.52974,10,82529,63.299,2.45831
1776813205074785390,2.09898,-0.482422,-0.217233,1.97589,1.55997,1.56497,10,82542,63.3089,2.30103
1776813205079790506,2.09898,-0.361328,-0.207262,1.9397,1.55997,1.56497,10,82560,63.3227,2.30011
1776813205084876637,2.09501,-0.361328,-0.197427,1.93878,1.44393,1.61555,10,82573,63.3327,2.45487
1776813205089816959,2.09501,-0.408203,-0.187456,2.04666,1.44393,1.61555,10,82593,63.348,2.60825
1776813205094768835,2.09147,-0.408203,-0.175653,2.20005,1.73655,1.57237,10,82608,63.3595,2.60773
1776813205099772914,2.09147,-0.550781,-0.164148,2.05695,1.73655,1.57237,10,82628,63.3749,2.75997
1776813205104766697,2.08668,-0.550781,-0.153604,2.20919,1.5504,1.46877,10,82642,63.3856,2.60953
1776813205109788960,2.08668,-0.609375,-0.142862,2.00016,1.5504,1.46877,10,82661,63.4002,2.60668
1776813205114780132,2.08051,-0.609375,-0.134458,1.99731,1.64485,1.40658,10,82675,63.4109,2.45487
1776813205119773266,2.08051,-0.544922,-0.12372,1.90995,1.64485,1.40658,10,82694,63.4255,2.45487
1776813205124770734,2.07503,-0.544922,-0.103891,2.06281,1.55003,1.44332,10,82715,63.4416,2.60773
1776813205129758980,2.07503,-0.304688,-0.0985197,2.30304,1.39626,1.55459,10,82731,63.4539,2.45438
1776813205134765281,2.06962,-0.304688,-0.0916533,2.14969,1.39626,1.55459,10,82743,63.4631,2.45389
1776813205139799451,2.06962,-0.251953,-0.0824522,2.20193,1.39626,1.55459,10,82759,63.4754,2.60773
1776813205144792197,2.0683,-0.251953,-0.0715079,2.35577,1.66261,1.55307,10,82773,63.4861,2.45389
1776813205149771147,2.0683,-0.228516,-0.0607695,2.22537,1.66261,1.55307,10,82788,63.4976,2.45438
1776813205154773170,2.0671,-0.228516,-0.0504622,2.22586,1.47748,1.5608,10,82806,63.5114,2.45487
1776813205159779230,2.0671,-0.28125,-0.0366568,2.17362,1.47748,1.5608,10,82826,63.526,2.60825
1776813205164774587,2.06283,-0.28125,-0.0255865,2.327,1.48043,1.51065,10,82841,63.5382,2.75502
1776813205169782165,2.06283,-0.337891,-0.0140814,2.41713,1.48043,1.51065,10,82862,63.5544,2.76606
1776813205174771818,2.05973,-0.337891,-0.00107328,2.42817,1.41649,1.46376,10,82878,63.5666,2.91443
1776813205179751898,2.05973,-0.298828,0.0111986,2.6156,1.41649,1.46376,10,82898,63.582,2.76218
1776813205184761976,2.0574,-0.298828,0.0242105,2.46335,1.52559,1.47504,10,82913,63.5935,2.60721
1776813205189770055,2.0574,-0.207031,0.0357156,2.40017,1.52559,1.47504,10,82932,63.608,2.60773
1776813205194780448,2.05485,-0.207031,0.0584703,2.4007,1.65939,1.52737,10,82954,63.6249,2.60773
1776813205199780694,2.05485,-0.0742188,0.0646043,2.53351,1.47848,1.59102,10,82970,63.6372,2.60721
1776813205204781328,2.05274,-0.0742188,0.0747743,2.53299,1.47848,1.59102,10,82983,63.6472,2.60721
1776813205209770944,2.05274,-0.0507812,0.0847459,2.55642,1.47848,1.59102,10,82999,63.6594,2.45585
1776813205214771967,2.05247,-0.0507812,0.0967394,2.40507,1.70987,1.59312,10,83013,63.6702,2.60773
1776813205219771380,2.05247,-0.03125,0.107478,2.57648,1.70987,1.59312,10,83029,63.6824,2.60797
1776813205224779014,2.05199,-0.03125,0.119273,2.57672,1.4182,1.602,10,83047,63.6963,2.60773
1776813205229750427,2.05199,-0.0664062,0.133078,2.54132,1.4182,1.602,10,83066,63.7108,2.60825
1776813205234759987,2.05145,-0.0664062,0.147116,2.54184,1.59301,1.57943,10,83076,63.7185,2.30103
1776813205239766362,2.05145,0.0429688,0.154784,2.34399,1.59301,1.57943,10,83076,63.7185,0.766754
1776813205244788903,2.05096,0.0429688,0.154292,0.809723,2.01207,1.63944,10,83074,63.717,0
1776813205249782778,2.05096,2.01172,0.152758,2.01172,2.01207,1.63944,10,83072,63.7154,-0.45996
1776813205254786542,2.06032,2.01172,0.16059,1.55176,2.50003,2.80584,10,83072,63.7154,-0.15332
1776813205259814009,2.06032,2.61133,0.16289,2.91809,2.22086,3.14762,10,83077,63.7193,0.306763
1776813205264780126,2.03527,2.61133,0.139369,2.91809,2.22086,3.14762,10,83082,63.7231,0.460052
1776813205269770890,2.03527,1.57422,0.143202,2.03427,2.22086,3.14762,10,83092,63.7308,1.3812
1776813205274773691,2.05766,1.57422,0.173266,2.95542,2.35353,2.54391,10,83101,63.7377,1.53351
1776813205279752696,2.05766,1.25391,0.180167,2.78741,2.35353,2.54391,10,83115,63.7484,1.68728
1776813205284770349,2.07069,1.25391,0.203936,2.94119,2.30856,2.42265,10,83126,63.7568,1.84097
1776813205289769094,2.07069,0.691406,0.212374,2.53238,2.30856,2.42265,10,83144,63.7706,2.14691
1776813205294771617,2.07984,0.691406,0.235331,2.83832,2.07209,2.1449,10,83159,63.7822,2.60721
1776813205299774215,2.07984,0.330078,0.246836,2.93728,2.07209,2.1449,10,83179,63.7975,2.60901
1776813205304792774,2.08548,0.330078,0.267809,2.93909,2.2382,1.96527,10,83193,63.8082,2.76163
1776813205309781354,2.08548,-0.289062,0.278548,2.47257,2.2382,1.96527,10,83211,63.822,2.45389
1776813205314770099,2.08548,-0.289062,0.292349,2.16482,2.36572,1.61234,10,83224,63.832,2.45487
1776813205319776715,2.08548,-0.306641,0.302321,2.14823,2.36572,1.61234,10,83243,63.8466,2.30057
1776813205324772683,2.0823,-0.306641,0.313716,1.99392,2.05346,1.58748,10,83258,63.8581,2.60773
1776813205329759447,2.0823,-0.427734,-0.303098,2.17999,2.05346,1.58748,10,83275,63.8711,2.60773
1776813205334771600,2.05241,-0.427734,-0.309976,1.87375,1.64583,1.51846,10,83295,63.8865,2.30149
1776813205339852954,2.05241,-0.261719,-0.304608,2.03977,1.41049,1.47263,10,83310,63.898,2.30011
1776813205344807312,2.04596,-0.261719,-0.299546,2.03839,1.41049,1.47263,10,83322,63.9072,2.4541
1776813205349776151,2.04596,-0.240234,-0.290342,2.21387,1.41049,1.47263,10,83338,63.9194,2.30103
1776813205354773230,2.0449,-0.240234,-0.279138,2.06079,1.38026,1.4493,10,83352,63.9302,2.60721
1776813205359781901,2.0449,-0.289062,-0.268399,2.31814,1.38026,1.4493,10,83371,63.9448,2.45536
1776813205364780591,2.04194,-0.289062,-0.256791,2.1663,1.13503,1.40742,10,83386,63.9563,2.60797
1776813205369780170,2.04194,-0.230469,-0.245286,2.3775,1.13503,1.40742,10,83406,63.9716,2.76108
1776813205374769749,2.03956,-0.230469,-0.232324,2.53061,1.37596,1.42953,10,83421,63.9831,2.60721
1776813205379753662,2.03956,-0.382812,-0.220819,2.22439,1.37596,1.42953,10,83440,63.9977,2.60877
1776813205384770425,2.0348,-0.382812,-0.211007,2.22596,1.28363,1.32005,10,83454,64.0084,2.60304
1776813205389774411,2.0348,-0.367188,-0.200265,2.23585,1.28363,1.32005,10,83472,64.0222,2.45558
1776813205394788378,2.03281,-0.367188,-0.18844,2.08839,1.51573,1.31951,10,83486,64.033,2.4576
1776813205399776328,2.03281,-0.197266,-0.177705,2.26033,1.51573,1.31951,10,83503,64.046,2.30057
1776813205404784332,2.03281,-0.197266,-0.164666,2.1033,1.42346,1.41637,10,83517,64.056,2.45361
1776813205409776208,2.0123,-0.197266,-0.17444,2.25635,1.42346,1.41637,10,83531,64.0675,2.30103
1776813205414784379,2.0123,-0.0800781,-0.163705,2.22095,1.25222,1.38502,10,83548,64.0805,2.30057
1776813205419784643,2.01085,-0.0800781,-0.152116,2.22049,1.25222,1.38502,10,83559,64.089,2.14586
1776813205424771556,2.01085,-0.0253906,-0.143678,2.12047,1.49543,1.40924,10,83577,64.1028,2.15035
1776813205429753746,2.01032,-0.0253906,-0.130403,2.12496,1.49543,1.40924,10,83588,64.1112,2.29735
1776813205434771121,2.01032,-0.0234375,-0.121965,2.27391,1.29137,1.40783,10,83608,64.1258,2.30379
1776813205439767403,2.01013,-0.0234375,-0.106813,2.28035,1.29137,1.40783,10,83619,64.135,2.30195
1776813205444775056,2.01013,-0.0566406,-0.0983745,2.24531,1.58732,1.38797,10,83639,64.1503,2.45269
1776813205449774857,2.00982,-0.0566406,-0.0833484,2.39605,1.58732,1.38797,10,83650,64.1587,2.3018
1776813205454781806,2.00982,-0.0507812,-0.0749103,2.25102,1.30944,1.38984,10,83668,64.1726,2.30057
1776813205459846308,2.00937,-0.0507812,-0.0615551,2.24978,1.30944,1.38984,10,83679,64.181,2.14844
1776813205464799241,2.00937,0.0664062,-0.053117,2.21484,1.29422,1.45445,10,83697,64.1948,2.14734
1776813205470399837,2.0094,0.0664062,-0.0392849,2.21375,1.29422,1.45445,10,83707,64.2025,2.30057
1776813205474938023,2.0094,0.166016,-0.0316173,2.46658,1.31581,1.51137,10,83724,64.2155,2.14887
1776813205479778070,2.0094,0.166016,-0.0185711,2.31488,1.31581,1.51137,10,83736,64.2247,2.30057
1776813205484825111,1.99941,0.166016,-0.0193569,2.46658,1.39615,1.46325,10,83753,64.2377,2.30011
1776813205489815023,1.99941,0.240234,-0.00631825,2.54034,1.39615,1.46325,10,83771,64.2515,2.45509
1776813205494804973,2.00279,0.240234,0.0108631,2.69532,1.46059,1.52187,10,83785,64.2623,2.45465
1776813205499779867,2.00279,0.193359,0.0216053,2.64801,1.46059,1.52187,10,83802,64.2753,2.45312
1776813205504815685,2.00594,0.193359,0.0377873,2.64648,1.615,1.5103,10,83805,64.2776,1.6883
1776813205509799357,2.00769,0.513672,0.0410755,0.667786,1.94453,1.70132,10,83802,64.2753,0.154114
1776813205514776474,2.00769,2.44531,0.039542,2.59943,1.94453,1.70132,10,83799,64.273,-0.460723
1776813205519792719,2.02363,2.44531,0.0531758,1.98459,1.94453,1.70132,10,83799,64.273,-0.460815
1776813205524781928,2.02363,2.5625,0.0531758,2.10168,2.36654,2.9456,10,83799,64.273,0
1776813205529763044,2.04782,2.5625,0.0773724,2.5625,2.36654,2.9456,10,83801,64.2746,0
1776813205534769475,2.04782,1.9707,0.0789059,1.9707,1.78729,2.7234,10,83811,64.2822,0.767671
1776813205539802034,2.05912,1.9707,0.0978726,2.73837,1.78729,2.7234,10,83819,64.2876,1.53382
1776813205544782558,2.05912,1.25195,0.104007,2.78577,2.18445,2.36708,10,83833,64.2991,1.68762
1776813205549783322,2.07361,1.25195,0.136138,3.09369,2.27028,2.43521,10,83850,64.3121,1.84174
1776813205554772419,2.07361,0.615234,0.142272,2.45697,2.27028,2.43521,10,83861,64.3206,1.9928
1776813205559775461,2.08272,0.615234,0.159827,2.60803,2.27028,2.43521,10,83878,64.3336,2.60773
1776813205564774799,2.08272,0.121094,0.172866,2.72882,2.0579,1.83328,10,83899,64.3497,2.76184
1776813205569786359,2.08929,0.121094,0.195536,2.88293,2.0579,1.83328,10,83912,64.3597,2.91443
1776813205574777253,2.08928,-0.113281,0.218539,2.49445,2.41429,1.73031,10,83936,64.3781,2.60773
1776813205579755573,2.08928,-0.242188,0.22391,2.36554,2.41429,1.73031,10,83946,64.3858,2.30103
1776813205584764633,2.08848,-0.242188,0.230777,2.05884,2.39482,1.65308,10,83964,64.3996,2.45514
1776813205589830080,2.08848,-0.476562,0.244586,1.97858,2.39482,1.65308,10,83979,64.4111,2.60773
1776813205594794901,2.08368,-0.476562,0.251296,2.13116,1.89443,1.4971,10,83995,64.4234,2.30103
1776813205599784073,2.08368,-0.453125,0.263564,1.8479,1.89443,1.4971,10,84010,64.4349,2.45361
1776813205604787966,2.08368,-0.453125,0.263564,1.8479,1.89443,1.4971,10,84010,64.4349,2.45361
1776813205609773509,2.08368,-0.453125,0.263564,1.8479,1.89443,1.4971,10,84010,64.4349,2.45361
1776813205614780217,2.08368,-0.453125,0.263564,1.8479,1.89443,1.4971,10,84010,64.4349,2.45361
1776813205619773703,2.08368,-0.453125,0.263564,1.8479,1.89443,1.4971,10,84010,64.4349,2.45361
1776813205624777819,2.08368,-0.453125,0.263564,1.8479,1.89443,1.4971,10,84010,64.4349,2.45361
1776813205629773379,2.08368,-0.453125,0.263564,1.8479,1.89443,1.4971,10,84010,64.4349,2.45361
